session,order_id,side,price,queued_time_ms,initial_queue_ahead,total_trade_queue_drained,total_cancel_queue_drained,first_fill_time_ms,first_queue_ahead_before_trade,first_queue_ahead_before_fill,filled_quantity,final_status
2026-04-15 05:00,ord-000001,buy,74336.67,1776229200224,0,0,0,,,,0,cancelled
2026-04-15 05:00,ord-000002,sell,74340.68,1776229200224,0,0,0,,,,0,cancelled
2026-04-15 05:00,ord-000003,buy,74327.15,1776229205224,0,0,0,,,,0,cancelled
2026-04-15 05:00,ord-000004,sell,74331.16,1776229205224,0,0,0,,,,0,cancelled
2026-04-15 05:00,ord-000005,buy,74416.32,1776229210224,0,0,0,,,,0,cancelled
2026-04-15 05:00,ord-000006,sell,74420.33,1776229210224,0,0,0,,,,0,cancelled
2026-04-15 05:00,ord-000007,buy,74373.94,1776229215224,0,0,0,,,,0,cancelled
2026-04-15 05:00,ord-000008,sell,74377.95,1776229215224,0,0,0,,,,0,cancelled
2026-04-15 05:00,ord-000009,buy,74353.68,1776229220224,0,0,0,,,,0,cancelled
2026-04-15 05:00,ord-000010,sell,74357.69,1776229220224,0,0,0,,,,0,cancelled
2026-04-15 05:00,ord-000011,buy,74330.72,1776229225224,0,0,0,,,,0,cancelled
2026-04-15 05:00,ord-000012,sell,74334.73,1776229225224,0,0,0,,,,0,cancelled
2026-04-15 05:00,ord-000013,buy,74370.20,1776229230224,0,0,0,,,,0,cancelled
2026-04-15 05:00,ord-000014,sell,74374.21,1776229230224,0,0,0,,,,0,cancelled
2026-04-15 05:00,ord-000015,buy,74373.53,1776229235224,0,0,0,,,,0,cancelled
2026-04-15 05:00,ord-000016,sell,74377.54,1776229235224,0,0,0,,,,0,cancelled
2026-04-15 05:00,ord-000017,buy,74381.17,1776229240224,0,0,0,,,,0,cancelled
2026-04-15 05:00,ord-000018,sell,74385.18,1776229240224,0.00007000,0,0,,,,0,cancelled
2026-04-15 05:00,ord-000019,buy,74371.93,1776229245224,0,0,0,,,,0,cancelled
2026-04-15 05:00,ord-000020,sell,74375.94,1776229245224,0,0,0,,,,0,cancelled
2026-04-15 05:00,ord-000021,buy,74361.92,1776229250224,0,0,0,,,,0,cancelled
2026-04-15 05:00,ord-000022,sell,74365.93,1776229250224,0,0,0,,,,0,cancelled
2026-04-15 05:00,ord-000023,buy,74362.96,1776229255224,0,0,0,,,,0,cancelled
2026-04-15 05:00,ord-000024,sell,74366.97,1776229255224,0,0,0,,,,0,cancelled
2026-04-15 05:00,ord-000025,buy,74369.33,1776229260224,0,0,0,,,,0,cancelled
2026-04-15 05:00,ord-000026,sell,74373.34,1776229260224,0.00360000,0,0,,,,0,cancelled
2026-04-15 05:00,ord-000027,buy,74361.02,1776229265225,0,0,0,,,,0,cancelled
2026-04-15 05:00,ord-000028,sell,74365.03,1776229265225,0,0,0,,,,0,cancelled
2026-04-15 05:00,ord-000029,buy,74384.58,1776229270324,0,0,0,,,,0,cancelled
2026-04-15 05:00,ord-000030,sell,74388.59,1776229270324,0,0,0,,,,0,cancelled
2026-04-15 05:00,ord-000031,buy,74384.57,1776229276024,0,0,0,,,,0,cancelled
2026-04-15 05:00,ord-000032,sell,74388.58,1776229276024,0,0,0,,,,0,cancelled
2026-04-15 05:00,ord-000033,buy,74379.46,1776229281024,0,0,0,,,,0,cancelled
2026-04-15 05:00,ord-000034,sell,74383.47,1776229281024,0,0,0,,,,0,cancelled
2026-04-15 05:00,ord-000035,buy,74387.99,1776229286024,0,0,0,,,,0,cancelled
2026-04-15 05:00,ord-000036,sell,74392.00,1776229286024,0,0,0,,,,0,cancelled
2026-04-15 05:00,ord-000037,buy,74391.46,1776229291024,0,0,0,,,,0,cancelled
2026-04-15 05:00,ord-000038,sell,74395.47,1776229291024,0,0,0,,,,0,cancelled
2026-04-15 05:00,ord-000039,buy,74391.23,1776229300024,0,0,0,,,,0,cancelled
2026-04-15 05:00,ord-000040,sell,74395.24,1776229300024,0,0,0,,,,0,cancelled
2026-04-15 05:00,ord-000041,buy,74386.19,1776229305024,0,0,0,,,,0,cancelled
2026-04-15 05:00,ord-000042,sell,74390.20,1776229305024,0,0,0,,,,0,cancelled
2026-04-15 05:00,ord-000043,buy,74393.23,1776229317924,0,0,0,,,,0,cancelled
2026-04-15 05:00,ord-000044,sell,74397.24,1776229317924,0,0,0,,,,0,cancelled
2026-04-15 05:00,ord-000045,buy,74411.25,1776229322924,0,0,0,,,,0,cancelled
2026-04-15 05:00,ord-000046,sell,74415.26,1776229322924,0,0,0,,,,0,cancelled
2026-04-15 05:00,ord-000047,buy,74420.56,1776229327924,0,0,0,,,,0,cancelled
2026-04-15 05:00,ord-000048,sell,74424.57,1776229327924,0,0,0,,,,0,cancelled
2026-04-15 05:00,ord-000049,buy,74422.59,1776229332924,0,0,0,,,,0,cancelled
2026-04-15 05:00,ord-000050,sell,74426.60,1776229332924,0,0,0,,,,0,cancelled
2026-04-15 05:00,ord-000051,buy,74415.14,1776229337925,0,0,0,,,,0,cancelled
2026-04-15 05:00,ord-000052,sell,74419.15,1776229337925,0,0,0,,,,0,cancelled
2026-04-15 05:00,ord-000053,buy,74411.25,1776229343024,0,0,0,,,,0,cancelled
2026-04-15 05:00,ord-000054,sell,74415.26,1776229343024,0,0,0,,,,0,cancelled
2026-04-15 05:00,ord-000055,buy,74402.97,1776229348024,0,0,0,,,,0,cancelled
2026-04-15 05:00,ord-000056,sell,74406.98,1776229348024,0,0,0,,,,0,cancelled
2026-04-15 05:00,ord-000057,buy,74407.30,1776229353024,0.00300000,0,0,,,,0,cancelled
2026-04-15 05:00,ord-000058,sell,74411.31,1776229353024,0,0,0,,,,0,cancelled
2026-04-15 05:00,ord-000059,buy,74405.88,1776229358024,0,0,0,,,,0,cancelled
2026-04-15 05:00,ord-000060,sell,74409.89,1776229358024,0,0,0,,,,0,cancelled
2026-04-15 05:00,ord-000061,buy,74404.78,1776229365426,0,0,0,,,,0,cancelled
2026-04-15 05:00,ord-000062,sell,74408.79,1776229365426,0,0,0,,,,0,cancelled
2026-04-15 05:00,ord-000063,buy,74397.44,1776229370525,0,0,0,,,,0,cancelled
2026-04-15 05:00,ord-000064,sell,74401.45,1776229370525,0,0,0,,,,0,cancelled
2026-04-15 05:00,ord-000065,buy,74398.10,1776229385324,0,0,0,,,,0,cancelled
2026-04-15 05:00,ord-000066,sell,74402.11,1776229385324,0,0,0,,,,0,cancelled
2026-04-15 05:00,ord-000067,buy,74402.97,1776229390324,0,0,0,,,,0,cancelled
2026-04-15 05:00,ord-000068,sell,74406.98,1776229390324,0,0,0,,,,0,cancelled
2026-04-15 05:00,ord-000069,buy,74413.68,1776229395324,0,0,0,,,,0,cancelled
2026-04-15 05:00,ord-000070,sell,74417.69,1776229395324,0,0,0,,,,0,cancelled
2026-04-15 05:00,ord-000071,buy,74406.69,1776229400324,0,0,0,,,,0,cancelled
2026-04-15 05:00,ord-000072,sell,74410.70,1776229400324,0,0,0,,,,0,cancelled
2026-04-15 05:00,ord-000073,buy,74411.54,1776229405724,0,0,0,,,,0,cancelled
2026-04-15 05:00,ord-000074,sell,74415.55,1776229405724,0,0,0,,,,0,cancelled
2026-04-15 05:00,ord-000075,buy,74431.98,1776229410724,0,0,0,,,,0,cancelled
2026-04-15 05:00,ord-000076,sell,74435.99,1776229410724,0,0,0,,,,0,cancelled
2026-04-15 05:00,ord-000077,buy,74416.09,1776229415725,0,0,0,,,,0,cancelled
2026-04-15 05:00,ord-000078,sell,74420.10,1776229415725,0,0,0,,,,0,cancelled
2026-04-15 05:00,ord-000079,buy,74411.88,1776229420824,0,0,0,,,,0,cancelled
2026-04-15 05:00,ord-000080,sell,74415.89,1776229420824,0.00021000,0,0,,,,0,cancelled
2026-04-15 05:00,ord-000081,buy,74407.50,1776229443324,0,0,0,,,,0,cancelled
2026-04-15 05:00,ord-000082,sell,74411.51,1776229443324,0,0,0,,,,0,cancelled
2026-04-15 05:00,ord-000083,buy,74400.01,1776229448324,0.00023000,0.00023000,0,1776229452310,0.00023000,0.00000000,0.00008000,cancelled
2026-04-15 05:00,ord-000084,sell,74404.02,1776229448324,0,0,0,,,,0,cancelled
2026-04-15 05:00,ord-000085,buy,74394.74,1776229453324,0,0,0,,,,0,cancelled
2026-04-15 05:00,ord-000086,sell,74398.75,1776229453324,0,0,0,,,,0,cancelled
2026-04-15 05:00,ord-000087,buy,74391.47,1776229465824,0,0,0,,,,0,cancelled
2026-04-15 05:00,ord-000088,sell,74395.48,1776229465824,0,0,0,,,,0,cancelled
2026-04-15 05:00,ord-000089,buy,74384.59,1776229471024,0,0,0,,,,0,cancelled
2026-04-15 05:00,ord-000090,sell,74388.60,1776229471024,0,0,0,,,,0,cancelled
2026-04-15 05:00,ord-000091,buy,74360.41,1776229476024,0,0,0,,,,0,cancelled
2026-04-15 05:00,ord-000092,sell,74364.42,1776229476024,0,0,0,,,,0,cancelled
2026-04-15 05:00,ord-000093,buy,74334.53,1776229481024,0,0,0,,,,0,cancelled
2026-04-15 05:00,ord-000094,sell,74338.54,1776229481024,0,0,0,,,,0,cancelled
2026-04-15 05:00,ord-000095,buy,74343.97,1776229486024,0,0,0,,,,0,cancelled
2026-04-15 05:00,ord-000096,sell,74347.98,1776229486024,0,0,0,,,,0,cancelled
2026-04-15 05:00,ord-000097,buy,74336.53,1776229500424,0.00007000,0.00007000,0,1776229532968,0.00007000,0.00000000,0.00028000,cancelled
2026-04-15 05:00,ord-000098,sell,74340.54,1776229500424,0,0,0,,,,0,cancelled
2026-04-15 05:00,ord-000099,buy,74324.75,1776229533024,0,0,0,,,,0,cancelled
2026-04-15 05:00,ord-000100,sell,74328.76,1776229533024,0,0,0,,,,0,cancelled
2026-04-15 05:00,ord-000101,buy,74314.21,1776229538024,0,0,0,,,,0,cancelled
2026-04-15 05:00,ord-000102,sell,74318.22,1776229538024,0,0,0,,,,0,cancelled
2026-04-15 05:00,ord-000103,buy,74308.16,1776229554724,0,0,0,,,,0,cancelled
2026-04-15 05:00,ord-000104,sell,74312.17,1776229554724,0,0,0,,,,0,cancelled
2026-04-15 05:00,ord-000105,buy,74305.84,1776229559724,0,0,0,,,,0,cancelled
2026-04-15 05:00,ord-000106,sell,74309.85,1776229559724,0,0,0,,,,0,cancelled
2026-04-15 05:00,ord-000107,buy,74280.29,1776229564724,0,0,0,,,,0,cancelled
2026-04-15 05:00,ord-000108,sell,74284.30,1776229564724,0,0,0,,,,0,cancelled
2026-04-15 05:00,ord-000109,buy,74270.35,1776229569724,0,0,0,,,,0,cancelled
2026-04-15 05:00,ord-000110,sell,74274.36,1776229569724,0,0,0,,,,0,cancelled
2026-04-15 05:00,ord-000111,buy,74255.29,1776229574724,0,0,0,,,,0,cancelled
2026-04-15 05:00,ord-000112,sell,74259.30,1776229574724,0,0,0,,,,0,cancelled
2026-04-15 05:00,ord-000113,buy,74255.99,1776229589624,0,0,0,,,,0,cancelled
2026-04-15 05:00,ord-000114,sell,74260.00,1776229589624,0,0,0,,,,0,cancelled
2026-04-15 05:00,ord-000115,buy,74248.92,1776229594624,0,0,0,,,,0,cancelled
2026-04-15 05:00,ord-000116,sell,74252.93,1776229594624,0,0,0,,,,0,cancelled
2026-04-15 05:00,ord-000117,buy,74248.00,1776229604124,0.00628000,0.00628000,0,1776229605982,0.00628000,0.00000000,0.00057000,cancelled
2026-04-15 05:00,ord-000118,sell,74252.01,1776229604124,0.00007000,0,0,,,,0,cancelled
2026-04-15 05:00,ord-000119,buy,74231.04,1776229609124,0,0,0,,,,0,cancelled
2026-04-15 05:00,ord-000120,sell,74235.05,1776229609124,0,0,0,,,,0,cancelled
2026-04-15 05:00,ord-000121,buy,74235.38,1776229614124,0,0,0,,,,0,cancelled
2026-04-15 05:00,ord-000122,sell,74239.39,1776229614124,0,0,0,,,,0,cancelled
2026-04-15 05:00,ord-000123,buy,74232.51,1776229622624,0,0,0,,,,0,cancelled
2026-04-15 05:00,ord-000124,sell,74236.52,1776229622624,0,0,0,,,,0,cancelled
2026-04-15 05:00,ord-000125,buy,74231.01,1776229627624,0,0,0,,,,0,cancelled
2026-04-15 05:00,ord-000126,sell,74235.02,1776229627624,0,0,0,,,,0,cancelled
2026-04-15 05:00,ord-000127,buy,74239.24,1776229632624,0,0,0,,,,0,cancelled
2026-04-15 05:00,ord-000128,sell,74243.25,1776229632624,0,0,0,,,,0,cancelled
2026-04-15 05:00,ord-000129,buy,74242.23,1776229637624,0,0,0,,,,0,cancelled
2026-04-15 05:00,ord-000130,sell,74246.24,1776229637624,0,0,0,,,,0,cancelled
2026-04-15 05:00,ord-000131,buy,74255.29,1776229642624,0,0,0,,,,0,cancelled
2026-04-15 05:00,ord-000132,sell,74259.30,1776229642624,0,0,0,,,,0,cancelled
2026-04-15 05:00,ord-000133,buy,74249.44,1776229653024,0,0,0,,,,0,cancelled
2026-04-15 05:00,ord-000134,sell,74253.45,1776229653024,0,0,0,,,,0,cancelled
2026-04-15 05:00,ord-000135,buy,74243.32,1776229663724,0,0,0,,,,0,cancelled
2026-04-15 05:00,ord-000136,sell,74247.33,1776229663724,0,0,0,,,,0,cancelled
2026-04-15 05:00,ord-000137,buy,74222.00,1776229668724,0.00320000,0.00320000,0,,,,0,cancelled
2026-04-15 05:00,ord-000138,sell,74226.01,1776229668724,0,0,0,,,,0,cancelled
2026-04-15 05:00,ord-000139,buy,74214.79,1776229677734,0,0,0,,,,0,cancelled
2026-04-15 05:00,ord-000140,sell,74218.80,1776229677734,0,0,0,,,,0,cancelled
2026-04-15 05:00,ord-000141,buy,74223.41,1776229682824,0,0,0,,,,0,cancelled
2026-04-15 05:00,ord-000142,sell,74227.42,1776229682824,0,0,0,,,,0,cancelled
2026-04-15 05:00,ord-000143,buy,74227.99,1776229687824,0,0,0,,,,0,cancelled
2026-04-15 05:00,ord-000144,sell,74232.00,1776229687824,0.00120000,0.00120000,0,,,,0,cancelled
2026-04-15 05:00,ord-000145,buy,74232.81,1776229698724,0,0,0,,,,0,cancelled
2026-04-15 05:00,ord-000146,sell,74236.82,1776229698724,0,0,0,,,,0,cancelled
2026-04-15 05:00,ord-000147,buy,74240.05,1776229703724,0,0,0,1776229713364,0,0,0.00100000,filled
2026-04-15 05:00,ord-000148,sell,74244.06,1776229703724,0,0,0,,,,0,cancelled
2026-04-15 05:00,ord-000149,buy,74231.27,1776229713424,0,0,0,,,,0,cancelled
2026-04-15 05:00,ord-000150,sell,74235.28,1776229713424,0,0,0,,,,0,cancelled
2026-04-15 05:00,ord-000151,buy,74235.98,1776229725824,0,0,0,,,,0,cancelled
2026-04-15 05:00,ord-000152,sell,74239.99,1776229725824,0,0,0,,,,0,cancelled
2026-04-15 05:00,ord-000153,buy,74237.99,1776229730826,0.12084000,0,0,,,,0,cancelled
2026-04-15 05:00,ord-000154,sell,74242.00,1776229730826,0.00120000,0.00120000,0,,,,0,cancelled
2026-04-15 05:00,ord-000155,buy,74247.46,1776229740424,0,0,0,,,,0,cancelled
2026-04-15 05:00,ord-000156,sell,74251.47,1776229740424,0,0,0,,,,0,cancelled
2026-04-15 05:00,ord-000157,buy,74237.99,1776229745424,0.00008000,0,0,,,,0,cancelled
2026-04-15 05:00,ord-000158,sell,74242.00,1776229745424,0,0,0,,,,0,cancelled
2026-04-15 05:00,ord-000159,buy,74245.47,1776229762324,0,0,0,,,,0,cancelled
2026-04-15 05:00,ord-000160,sell,74249.48,1776229762324,0,0,0,,,,0,cancelled
2026-04-15 05:00,ord-000161,buy,74241.60,1776229767324,0,0,0,,,,0,cancelled
2026-04-15 05:00,ord-000162,sell,74245.61,1776229767324,0,0,0,,,,0,cancelled
2026-04-15 05:00,ord-000163,buy,74237.99,1776229772324,0,0,0,,,,0,cancelled
2026-04-15 05:00,ord-000164,sell,74242.00,1776229772324,0,0,0,,,,0,cancelled
2026-04-15 05:00,ord-000165,buy,74226.72,1776229777324,0.00007000,0,0,,,,0,cancelled
2026-04-15 05:00,ord-000166,sell,74230.73,1776229777324,0,0,0,,,,0,cancelled
2026-04-15 05:00,ord-000167,buy,74228.25,1776229786224,0,0,0,,,,0,cancelled
2026-04-15 05:00,ord-000168,sell,74232.26,1776229786224,0,0,0,,,,0,cancelled
2026-04-15 05:00,ord-000169,buy,74234.97,1776229791224,0,0,0,,,,0,cancelled
2026-04-15 05:00,ord-000170,sell,74238.98,1776229791224,0,0,0,,,,0,cancelled
2026-04-15 05:00,ord-000171,buy,74230.48,1776229810225,0.00015000,0,0,,,,0,cancelled
2026-04-15 05:00,ord-000172,sell,74234.49,1776229810225,0,0,0,,,,0,cancelled
2026-04-15 05:00,ord-000173,buy,74227.14,1776229815424,0,0,0,,,,0,cancelled
2026-04-15 05:00,ord-000174,sell,74231.15,1776229815424,0,0,0,,,,0,cancelled
2026-04-15 05:00,ord-000175,buy,74234.97,1776229836224,0,0,0,,,,0,cancelled
2026-04-15 05:00,ord-000176,sell,74238.98,1776229836224,0.01948000,0,0,,,,0,cancelled
2026-04-15 05:00,ord-000177,buy,74243.42,1776229841224,0,0,0,,,,0,cancelled
2026-04-15 05:00,ord-000178,sell,74247.43,1776229841224,0,0,0,,,,0,cancelled
2026-04-15 05:00,ord-000179,buy,74245.46,1776229853824,0,0,0,,,,0,cancelled
2026-04-15 05:00,ord-000180,sell,74249.47,1776229853824,0.00125000,0.00125000,0,1776229853850,0.00125000,0.00000000,0.00023000,cancelled
2026-04-15 05:00,ord-000181,buy,74255.29,1776229858824,0,0,0,,,,0,cancelled
2026-04-15 05:00,ord-000182,sell,74259.30,1776229858824,0,0,0,,,,0,cancelled
2026-04-15 05:00,ord-000183,buy,74258.99,1776229873024,0,0,0,,,,0,cancelled
2026-04-15 05:00,ord-000184,sell,74263.00,1776229873024,0,0,0,,,,0,cancelled
2026-04-15 05:00,ord-000185,buy,74256.89,1776229878024,0,0,0,,,,0,cancelled
2026-04-15 05:00,ord-000186,sell,74260.90,1776229878024,0,0,0,,,,0,cancelled
2026-04-15 05:00,ord-000187,buy,74261.95,1776229883024,0,0,0,,,,0,cancelled
2026-04-15 05:00,ord-000188,sell,74265.96,1776229883024,0,0,0,,,,0,cancelled
2026-04-15 05:00,ord-000189,buy,74265.79,1776229888024,0,0,0,,,,0,cancelled
2026-04-15 05:00,ord-000190,sell,74269.80,1776229888024,0,0,0,,,,0,cancelled
2026-04-15 05:00,ord-000191,buy,74253.65,1776229893924,0,0,0,,,,0,cancelled
2026-04-15 05:00,ord-000192,sell,74257.66,1776229893924,0,0,0,,,,0,cancelled
2026-04-15 05:00,ord-000193,buy,74258.35,1776229898924,0,0,0,,,,0,cancelled
2026-04-15 05:00,ord-000194,sell,74262.36,1776229898924,0,0,0,,,,0,cancelled
2026-04-15 05:00,ord-000195,buy,74266.20,1776229903925,0,0,0,,,,0,cancelled
2026-04-15 05:00,ord-000196,sell,74270.21,1776229903925,0,0,0,,,,0,cancelled
2026-04-15 05:00,ord-000197,buy,74249.87,1776229909024,0,0,0,,,,0,cancelled
2026-04-15 05:00,ord-000198,sell,74253.88,1776229909024,0,0,0,,,,0,cancelled
2026-04-15 05:00,ord-000199,buy,74248.00,1776229916524,0.00120000,0.00120000,0,,,,0,cancelled
2026-04-15 05:00,ord-000200,sell,74252.01,1776229916524,0,0,0,,,,0,cancelled
2026-04-15 05:00,ord-000201,buy,74242.34,1776229921524,0,0,0,,,,0,cancelled
2026-04-15 05:00,ord-000202,sell,74246.35,1776229921524,0,0,0,,,,0,cancelled
2026-04-15 05:00,ord-000203,buy,74237.58,1776229930624,0.00008000,0,0,,,,0,cancelled
2026-04-15 05:00,ord-000204,sell,74241.59,1776229930624,0,0,0,,,,0,cancelled
2026-04-15 05:00,ord-000205,buy,74228.01,1776229935624,0,0,0,,,,0,cancelled
2026-04-15 05:00,ord-000206,sell,74232.02,1776229935624,0,0,0,,,,0,cancelled
2026-04-15 05:00,ord-000207,buy,74216.21,1776229940624,0,0,0,,,,0,cancelled
2026-04-15 05:00,ord-000208,sell,74220.22,1776229940624,0,0,0,,,,0,cancelled
2026-04-15 05:00,ord-000209,buy,74205.55,1776229947724,0,0,0,,,,0,cancelled
2026-04-15 05:00,ord-000210,sell,74209.56,1776229947724,0,0,0,,,,0,cancelled
2026-04-15 05:00,ord-000211,buy,74203.39,1776229952724,0,0,0,,,,0,cancelled
2026-04-15 05:00,ord-000212,sell,74207.40,1776229952724,0,0,0,,,,0,cancelled
2026-04-15 05:00,ord-000213,buy,74195.27,1776229961124,0,0,0,,,,0,cancelled
2026-04-15 05:00,ord-000214,sell,74199.28,1776229961124,0,0,0,,,,0,cancelled
2026-04-15 05:00,ord-000215,buy,74199.39,1776229978924,0,0,0,,,,0,cancelled
2026-04-15 05:00,ord-000216,sell,74203.40,1776229978924,0,0,0,,,,0,cancelled
2026-04-15 05:00,ord-000217,buy,74203.39,1776229983924,0,0,0,,,,0,cancelled
2026-04-15 05:00,ord-000218,sell,74207.40,1776229983924,0,0,0,,,,0,cancelled
2026-04-15 05:00,ord-000219,buy,74205.70,1776229988924,0,0,0,,,,0,cancelled
2026-04-15 05:00,ord-000220,sell,74209.71,1776229988924,0,0,0,,,,0,cancelled
2026-04-15 05:00,ord-000221,buy,74230.29,1776229994831,0,0,0,,,,0,cancelled
2026-04-15 05:00,ord-000222,sell,74234.30,1776229994831,0,0,0,,,,0,cancelled
2026-04-15 05:00,ord-000223,buy,74237.97,1776229999924,0,0,0,,,,0,cancelled
2026-04-15 05:00,ord-000224,sell,74241.98,1776229999924,0,0,0,,,,0,cancelled
2026-04-15 05:00,ord-000225,buy,74246.61,1776230004924,0,0,0,,,,0,cancelled
2026-04-15 05:00,ord-000226,sell,74250.62,1776230004924,0,0,0,,,,0,cancelled
2026-04-15 05:00,ord-000227,buy,74234.52,1776230009924,0,0,0,,,,0,cancelled
2026-04-15 05:00,ord-000228,sell,74238.53,1776230009924,0,0,0,,,,0,cancelled
2026-04-15 05:00,ord-000229,buy,74252.38,1776230014924,0,0,0,,,,0,cancelled
2026-04-15 05:00,ord-000230,sell,74256.39,1776230014924,0,0,0,,,,0,cancelled
2026-04-15 05:00,ord-000231,buy,74251.59,1776230034224,0,0,0,,,,0,cancelled
2026-04-15 05:00,ord-000232,sell,74255.60,1776230034224,0,0,0,,,,0,cancelled
2026-04-15 05:00,ord-000233,buy,74248.56,1776230039224,0,0,0,,,,0,cancelled
2026-04-15 05:00,ord-000234,sell,74252.57,1776230039224,0,0,0,,,,0,cancelled
2026-04-15 05:00,ord-000235,buy,74209.06,1776230095674,0,0,0,,,,0,cancelled
2026-04-15 05:00,ord-000236,sell,74213.07,1776230095674,0,0,0,,,,0,cancelled
2026-04-15 05:00,ord-000237,buy,74205.35,1776230100724,0,0,0,,,,0,cancelled
2026-04-15 05:00,ord-000238,sell,74209.36,1776230100724,0,0,0,,,,0,cancelled
2026-04-15 05:00,ord-000239,buy,74213.84,1776230105724,0,0,0,,,,0,cancelled
2026-04-15 05:00,ord-000240,sell,74217.85,1776230105724,0,0,0,,,,0,cancelled
2026-04-15 05:00,ord-000241,buy,74202.00,1776230110724,0.00120000,0.00120000,0,,,,0,cancelled
2026-04-15 05:00,ord-000242,sell,74206.01,1776230110724,0,0,0,,,,0,cancelled
2026-04-15 05:00,ord-000243,buy,74197.95,1776230123824,0,0,0,,,,0,cancelled
2026-04-15 05:00,ord-000244,sell,74201.96,1776230123824,0,0,0,,,,0,cancelled
2026-04-15 05:00,ord-000245,buy,74207.99,1776230128825,0,0,0,,,,0,cancelled
2026-04-15 05:00,ord-000246,sell,74212.00,1776230128825,0.00120000,0.00120000,0,,,,0,cancelled
2026-04-15 05:00,ord-000247,buy,74214.08,1776230133924,0,0,0,,,,0,cancelled
2026-04-15 05:00,ord-000248,sell,74218.09,1776230133924,0.00026000,0.00026000,0,,,,0,cancelled
2026-04-15 05:00,ord-000249,buy,74217.99,1776230142424,0,0,0,,,,0,cancelled
2026-04-15 05:00,ord-000250,sell,74222.00,1776230142424,0.00120000,0.00120000,0,1776230144286,0.00035000,0.00000000,0.001,filled
2026-04-15 05:00,ord-000251,buy,74222.84,1776230144324,0,0,0,,,,0,cancelled
2026-04-15 05:00,ord-000252,sell,74226.85,1776230144324,0,0,0,,,,0,cancelled
2026-04-15 05:00,ord-000253,buy,74231.99,1776230167724,0,0,0,,,,0,cancelled
2026-04-15 05:00,ord-000254,sell,74236.00,1776230167724,0.00120000,0,0,,,,0,cancelled
2026-04-15 05:00,ord-000255,buy,74229.41,1776230173624,0,0,0,,,,0,cancelled
2026-04-15 05:00,ord-000256,sell,74233.42,1776230173624,0,0,0,,,,0,cancelled
2026-04-15 05:00,ord-000257,buy,74222.85,1776230178624,0,0,0,,,,0,cancelled
2026-04-15 05:00,ord-000258,sell,74226.86,1776230178624,0,0,0,,,,0,cancelled
2026-04-15 05:00,ord-000259,buy,74222.84,1776230184524,0,0,0,,,,0,cancelled
2026-04-15 05:00,ord-000260,sell,74226.85,1776230184524,0,0,0,,,,0,cancelled
2026-04-15 05:00,ord-000261,buy,74216.90,1776230189524,0,0,0,,,,0,cancelled
2026-04-15 05:00,ord-000262,sell,74220.91,1776230189524,0,0,0,,,,0,cancelled
2026-04-15 05:00,ord-000263,buy,74214.00,1776230194524,0.00427000,0,0,,,,0,cancelled
2026-04-15 05:00,ord-000264,sell,74218.01,1776230194524,0.12810000,0.00035000,0,,,,0,cancelled
2026-04-15 05:00,ord-000265,buy,74219.85,1776230205424,0,0,0,,,,0,cancelled
2026-04-15 05:00,ord-000266,sell,74223.86,1776230205424,0,0,0,,,,0,cancelled
2026-04-15 05:00,ord-000267,buy,74227.97,1776230215424,0,0,0,,,,0,cancelled
2026-04-15 05:00,ord-000268,sell,74231.98,1776230215424,0,0,0,,,,0,cancelled
2026-04-15 05:00,ord-000269,buy,74228.85,1776230228624,0,0,0,,,,0,cancelled
2026-04-15 05:00,ord-000270,sell,74232.86,1776230228624,0,0,0,,,,0,cancelled
2026-04-15 05:00,ord-000271,buy,74231.79,1776230233624,0,0,0,,,,0,cancelled
2026-04-15 05:00,ord-000272,sell,74235.80,1776230233624,0,0,0,,,,0,cancelled
2026-04-15 05:00,ord-000273,buy,74231.78,1776230247024,0,0,0,,,,0,cancelled
2026-04-15 05:00,ord-000274,sell,74235.79,1776230247024,0,0,0,,,,0,cancelled
2026-04-15 05:00,ord-000275,buy,74227.97,1776230252024,0,0,0,,,,0,cancelled
2026-04-15 05:00,ord-000276,sell,74231.98,1776230252024,0,0,0,,,,0,cancelled
2026-04-15 05:00,ord-000277,buy,74215.91,1776230257024,0,0,0,,,,0,cancelled
2026-04-15 05:00,ord-000278,sell,74219.92,1776230257024,0,0,0,,,,0,cancelled
2026-04-15 05:00,ord-000279,buy,74215.90,1776230305424,0,0,0,,,,0,cancelled
2026-04-15 05:00,ord-000280,sell,74219.91,1776230305424,0,0,0,,,,0,cancelled
2026-04-15 05:00,ord-000281,buy,74215.89,1776230313324,0,0,0,,,,0,cancelled
2026-04-15 05:00,ord-000282,sell,74219.90,1776230313324,0,0,0,,,,0,cancelled
2026-04-15 05:00,ord-000283,buy,74208.48,1776230318324,0,0,0,,,,0,cancelled
2026-04-15 05:00,ord-000284,sell,74212.49,1776230318324,0,0,0,,,,0,cancelled
2026-04-15 05:00,ord-000285,buy,74214.37,1776230323324,0,0,0,,,,0,cancelled
2026-04-15 05:00,ord-000286,sell,74218.38,1776230323324,0,0,0,,,,0,cancelled
2026-04-15 05:00,ord-000287,buy,74216.99,1776230332624,0,0,0,,,,0,cancelled
2026-04-15 05:00,ord-000288,sell,74221.00,1776230332624,0,0,0,,,,0,cancelled
2026-04-15 05:00,ord-000289,buy,74221.29,1776230341624,0,0,0,,,,0,cancelled
2026-04-15 05:00,ord-000290,sell,74225.30,1776230341624,0,0,0,,,,0,cancelled
2026-04-15 05:00,ord-000291,buy,74231.63,1776230346624,0,0,0,,,,0,cancelled
2026-04-15 05:00,ord-000292,sell,74235.64,1776230346624,0,0,0,,,,0,cancelled
2026-04-15 05:00,ord-000293,buy,74226.00,1776230414324,0.00080000,0.00080000,0,,,,0,cancelled
2026-04-15 05:00,ord-000294,sell,74230.01,1776230414324,0,0,0,,,,0,cancelled
2026-04-15 05:00,ord-000295,buy,74214.00,1776230419324,0.00120000,0.00120000,0,,,,0,cancelled
2026-04-15 05:00,ord-000296,sell,74218.01,1776230419324,0.08341000,0,0,,,,0,cancelled
2026-04-15 05:00,ord-000297,buy,74206.93,1776230424724,0,0,0,,,,0,cancelled
2026-04-15 05:00,ord-000298,sell,74210.94,1776230424724,0,0,0,,,,0,cancelled
2026-04-15 05:00,ord-000299,buy,74211.79,1776230432424,0,0,0,,,,0,cancelled
2026-04-15 05:00,ord-000300,sell,74215.80,1776230432424,0,0,0,,,,0,cancelled
2026-04-15 05:00,ord-000301,buy,74210.56,1776230448424,0,0,0,,,,0,cancelled
2026-04-15 05:00,ord-000302,sell,74214.57,1776230448424,0,0,0,,,,0,cancelled
2026-04-15 05:00,ord-000303,buy,74208.32,1776230453424,0,0,0,,,,0,cancelled
2026-04-15 05:00,ord-000304,sell,74212.33,1776230453424,0,0,0,,,,0,cancelled
2026-04-15 05:00,ord-000305,buy,74206.00,1776230461026,0.00120000,0.00120000,0,,,,0,cancelled
2026-04-15 05:00,ord-000306,sell,74210.01,1776230461026,0,0,0,,,,0,cancelled
2026-04-15 05:00,ord-000307,buy,74198.69,1776230466124,0,0,0,,,,0,cancelled
2026-04-15 05:00,ord-000308,sell,74202.70,1776230466124,0,0,0,,,,0,cancelled
2026-04-15 05:00,ord-000309,buy,74203.13,1776230471124,0,0,0,,,,0,cancelled
2026-04-15 05:00,ord-000310,sell,74207.14,1776230471124,0,0,0,,,,0,cancelled
2026-04-15 05:00,ord-000311,buy,74208.32,1776230476624,0,0,0,,,,0,cancelled
2026-04-15 05:00,ord-000312,sell,74212.33,1776230476624,0,0,0,,,,0,cancelled
2026-04-15 05:00,ord-000313,buy,74203.13,1776230482524,0,0,0,,,,0,cancelled
2026-04-15 05:00,ord-000314,sell,74207.14,1776230482524,0,0,0,,,,0,cancelled
2026-04-15 05:00,ord-000315,buy,74198.69,1776230487525,0,0,0,,,,0,cancelled
2026-04-15 05:00,ord-000316,sell,74202.70,1776230487525,0,0,0,,,,0,cancelled
2026-04-15 05:00,ord-000317,buy,74188.83,1776230492624,0,0,0,,,,0,cancelled
2026-04-15 05:00,ord-000318,sell,74192.84,1776230492624,0,0,0,,,,0,cancelled
2026-04-15 05:00,ord-000319,buy,74170.02,1776230497624,0.00015000,0,0,,,,0,cancelled
2026-04-15 05:00,ord-000320,sell,74174.03,1776230497624,0,0,0,,,,0,cancelled
2026-04-15 05:00,ord-000321,buy,74174.43,1776230504424,0,0,0,,,,0,cancelled
2026-04-15 05:00,ord-000322,sell,74178.44,1776230504424,0,0,0,,,,0,cancelled
2026-04-15 05:00,ord-000323,buy,74169.42,1776230509424,0,0,0,,,,0,cancelled
2026-04-15 05:00,ord-000324,sell,74173.43,1776230509424,0,0,0,,,,0,cancelled
2026-04-15 05:00,ord-000325,buy,74175.83,1776230520424,0,0,0,,,,0,cancelled
2026-04-15 05:00,ord-000326,sell,74179.84,1776230520424,0,0,0,,,,0,cancelled
2026-04-15 05:00,ord-000327,buy,74169.42,1776230525424,0,0,0,,,,0,cancelled
2026-04-15 05:00,ord-000328,sell,74173.43,1776230525424,0,0,0,,,,0,cancelled
2026-04-15 05:00,ord-000329,buy,74166.74,1776230541826,0,0,0,,,,0,cancelled
2026-04-15 05:00,ord-000330,sell,74170.75,1776230541826,0,0,0,,,,0,cancelled
2026-04-15 05:00,ord-000331,buy,74148.00,1776230546924,0.00120000,0.00120000,0,,,,0,cancelled
2026-04-15 05:00,ord-000332,sell,74152.01,1776230546924,0,0,0,,,,0,cancelled
2026-04-15 05:00,ord-000333,buy,74122.37,1776230551924,0,0,0,,,,0,cancelled
2026-04-15 05:00,ord-000334,sell,74126.38,1776230551924,0.00011000,0.00011000,0,,,,0,cancelled
2026-04-15 05:00,ord-000335,buy,74124.58,1776230556924,0,0,0,,,,0,cancelled
2026-04-15 05:00,ord-000336,sell,74128.59,1776230556924,0,0,0,,,,0,cancelled
2026-04-15 05:00,ord-000337,buy,74127.99,1776230561924,0,0,0,,,,0,cancelled
2026-04-15 05:00,ord-000338,sell,74132.00,1776230561924,0.00120000,0,0,,,,0,cancelled
2026-04-15 05:00,ord-000339,buy,74123.26,1776230581625,0,0,0,,,,0,cancelled
2026-04-15 05:00,ord-000340,sell,74127.27,1776230581625,0,0,0,,,,0,cancelled
2026-04-15 05:00,ord-000341,buy,74114.55,1776230586724,0,0,0,,,,0,cancelled
2026-04-15 05:00,ord-000342,sell,74118.56,1776230586724,0,0,0,,,,0,cancelled
2026-04-15 05:00,ord-000343,buy,74115.27,1776230591724,0,0,0,,,,0,cancelled
2026-04-15 05:00,ord-000344,sell,74119.28,1776230591724,0,0,0,,,,0,cancelled
2026-04-15 05:00,ord-000345,buy,74116.72,1776230596724,0,0,0,,,,0,cancelled
2026-04-15 05:00,ord-000346,sell,74120.73,1776230596724,0,0,0,,,,0,cancelled
2026-04-15 05:00,ord-000347,buy,74116.71,1776230614724,0,0,0,,,,0,cancelled
2026-04-15 05:00,ord-000348,sell,74120.72,1776230614724,0,0,0,,,,0,cancelled
2026-04-15 05:00,ord-000349,buy,74112.04,1776230636524,0,0,0,,,,0,cancelled
2026-04-15 05:00,ord-000350,sell,74116.05,1776230636524,0,0,0,,,,0,cancelled
2026-04-15 05:00,ord-000351,buy,74116.71,1776230653824,0,0,0,,,,0,cancelled
2026-04-15 05:00,ord-000352,sell,74120.72,1776230653824,0,0,0,,,,0,cancelled
2026-04-15 05:00,ord-000353,buy,74121.70,1776230658824,0,0,0,,,,0,cancelled
2026-04-15 05:00,ord-000354,sell,74125.71,1776230658824,0,0,0,,,,0,cancelled
2026-04-15 05:00,ord-000355,buy,74129.11,1776230663824,0,0,0,,,,0,cancelled
2026-04-15 05:00,ord-000356,sell,74133.12,1776230663824,0,0,0,,,,0,cancelled
2026-04-15 05:00,ord-000357,buy,74130.67,1776230668824,0,0,0,,,,0,cancelled
2026-04-15 05:00,ord-000358,sell,74134.68,1776230668824,0.00007000,0,0,,,,0,cancelled
2026-04-15 05:00,ord-000359,buy,74127.98,1776230673824,0,0,0,,,,0,cancelled
2026-04-15 05:00,ord-000360,sell,74131.99,1776230673824,0,0,0,,,,0,cancelled
2026-04-15 05:00,ord-000361,buy,74127.97,1776230679124,0,0,0,,,,0,cancelled
2026-04-15 05:00,ord-000362,sell,74131.98,1776230679124,0,0,0,,,,0,cancelled
2026-04-15 05:00,ord-000363,buy,74116.71,1776230684125,0,0,0,,,,0,cancelled
2026-04-15 05:00,ord-000364,sell,74120.72,1776230684125,0,0,0,,,,0,cancelled
2026-04-15 05:00,ord-000365,buy,74124.12,1776230689224,0,0,0,,,,0,cancelled
2026-04-15 05:00,ord-000366,sell,74128.13,1776230689224,0,0,0,,,,0,cancelled
2026-04-15 05:00,ord-000367,buy,74112.34,1776230694224,0,0,0,,,,0,cancelled
2026-04-15 05:00,ord-000368,sell,74116.35,1776230694224,0,0,0,,,,0,cancelled
2026-04-15 05:00,ord-000369,buy,74120.49,1776230706724,0,0,0,,,,0,cancelled
2026-04-15 05:00,ord-000370,sell,74124.50,1776230706724,0,0,0,,,,0,cancelled
2026-04-15 05:00,ord-000371,buy,74124.86,1776230718724,0,0,0,,,,0,cancelled
2026-04-15 05:00,ord-000372,sell,74128.87,1776230718724,0,0,0,,,,0,cancelled
2026-04-15 05:00,ord-000373,buy,74112.34,1776230723725,0,0,0,,,,0,cancelled
2026-04-15 05:00,ord-000374,sell,74116.35,1776230723725,0,0,0,,,,0,cancelled
2026-04-15 05:00,ord-000375,buy,74103.71,1776230732424,0,0,0,,,,0,cancelled
2026-04-15 05:00,ord-000376,sell,74107.72,1776230732424,0,0,0,,,,0,cancelled
2026-04-15 05:00,ord-000377,buy,74104.96,1776230738324,0,0,0,,,,0,cancelled
2026-04-15 05:00,ord-000378,sell,74108.97,1776230738324,0,0,0,,,,0,cancelled
2026-04-15 05:00,ord-000379,buy,74113.99,1776230743324,0.05885000,0,0,,,,0,cancelled
2026-04-15 05:00,ord-000380,sell,74118.00,1776230743324,0.00120000,0.00120000,0,,,,0,cancelled
2026-04-15 05:00,ord-000381,buy,74128.81,1776230748324,0,0,0,,,,0,cancelled
2026-04-15 05:00,ord-000382,sell,74132.82,1776230748324,0,0,0,,,,0,cancelled
2026-04-15 05:00,ord-000383,buy,74120.01,1776230753324,0.00007000,0,0,,,,0,cancelled
2026-04-15 05:00,ord-000384,sell,74124.02,1776230753324,0,0,0,,,,0,cancelled
2026-04-15 05:00,ord-000385,buy,74124.86,1776230758324,0,0,0,,,,0,cancelled
2026-04-15 05:00,ord-000386,sell,74128.87,1776230758324,0,0,0,,,,0,cancelled
2026-04-15 05:00,ord-000387,buy,74116.34,1776230771724,0,0,0,,,,0,cancelled
2026-04-15 05:00,ord-000388,sell,74120.35,1776230771724,0,0,0,,,,0,cancelled
2026-04-15 05:00,ord-000389,buy,74100.82,1776230776929,0,0,0,,,,0,cancelled
2026-04-15 05:00,ord-000390,sell,74104.83,1776230776929,0,0,0,,,,0,cancelled
2026-04-15 05:00,ord-000391,buy,74088.01,1776230782024,0,0,0,,,,0,cancelled
2026-04-15 05:00,ord-000392,sell,74092.02,1776230782024,0,0,0,,,,0,cancelled
2026-04-15 05:00,ord-000393,buy,74095.14,1776230787024,0,0,0,,,,0,cancelled
2026-04-15 05:00,ord-000394,sell,74099.15,1776230787024,0,0,0,,,,0,cancelled
2026-04-15 05:00,ord-000395,buy,74089.34,1776230792824,0,0,0,,,,0,cancelled
2026-04-15 05:00,ord-000396,sell,74093.35,1776230792824,0,0,0,,,,0,cancelled
2026-04-15 05:00,ord-000397,buy,74088.00,1776230799324,0.00120000,0.00120000,0,1776230800225,0.00120000,0.00000000,0.00098000,cancelled
2026-04-15 05:00,ord-000398,sell,74092.01,1776230799324,0,0,0,,,,0,cancelled
2026-04-15 05:00,ord-000399,buy,74068.16,1776230804324,0,0,0,,,,0,cancelled
2026-04-15 05:00,ord-000400,sell,74072.17,1776230804324,0,0,0,,,,0,cancelled
2026-04-15 05:00,ord-000401,buy,74075.99,1776230809324,0,0,0,,,,0,cancelled
2026-04-15 05:00,ord-000402,sell,74080.00,1776230809324,0.00120000,0,0,,,,0,cancelled
2026-04-15 05:00,ord-000403,buy,74064.77,1776230819357,0,0,0,,,,0,cancelled
2026-04-15 05:00,ord-000404,sell,74068.78,1776230819357,0,0,0,,,,0,cancelled
2026-04-15 05:00,ord-000405,buy,74065.76,1776230824424,0,0,0,,,,0,cancelled
2026-04-15 05:00,ord-000406,sell,74069.77,1776230824424,0,0,0,,,,0,cancelled
2026-04-15 05:00,ord-000407,buy,74075.99,1776230829424,0,0,0,,,,0,cancelled
2026-04-15 05:00,ord-000408,sell,74080.00,1776230829424,0.00120000,0,0,,,,0,cancelled
2026-04-15 05:00,ord-000409,buy,74066.77,1776230834424,0,0,0,,,,0,cancelled
2026-04-15 05:00,ord-000410,sell,74070.78,1776230834424,0.00300000,0,0,,,,0,cancelled
2026-04-15 05:00,ord-000411,buy,74048.01,1776230839425,0,0,0,,,,0,cancelled
2026-04-15 05:00,ord-000412,sell,74052.02,1776230839425,0,0,0,,,,0,cancelled
2026-04-15 05:00,ord-000413,buy,74054.26,1776230844524,0,0,0,,,,0,cancelled
2026-04-15 05:00,ord-000414,sell,74058.27,1776230844524,0,0,0,,,,0,cancelled
2026-04-15 05:00,ord-000415,buy,74039.53,1776230849524,0,0,0,,,,0,cancelled
2026-04-15 05:00,ord-000416,sell,74043.54,1776230849524,0,0,0,,,,0,cancelled
2026-04-15 05:00,ord-000417,buy,74010.87,1776230854524,0,0,0,,,,0,cancelled
2026-04-15 05:00,ord-000418,sell,74014.88,1776230854524,0,0,0,,,,0,cancelled
2026-04-15 05:00,ord-000419,buy,74010.86,1776230859524,0,0,0,,,,0,cancelled
2026-04-15 05:00,ord-000420,sell,74014.87,1776230859524,0,0,0,,,,0,cancelled
2026-04-15 05:00,ord-000421,buy,74010.21,1776230864524,0,0,0,,,,0,cancelled
2026-04-15 05:00,ord-000422,sell,74014.22,1776230864524,0,0,0,,,,0,cancelled
2026-04-15 05:00,ord-000423,buy,74011.34,1776230872524,0,0,0,,,,0,cancelled
2026-04-15 05:00,ord-000424,sell,74015.35,1776230872524,0,0,0,,,,0,cancelled
2026-04-15 05:00,ord-000425,buy,74019.40,1776230877524,0,0,0,,,,0,cancelled
2026-04-15 05:00,ord-000426,sell,74023.41,1776230877524,0,0,0,,,,0,cancelled
2026-04-15 05:00,ord-000427,buy,74026.22,1776230882524,0,0,0,,,,0,cancelled
2026-04-15 05:00,ord-000428,sell,74030.23,1776230882524,0,0,0,,,,0,cancelled
2026-04-15 05:00,ord-000429,buy,74022.92,1776230887524,0,0,0,,,,0,cancelled
2026-04-15 05:00,ord-000430,sell,74026.93,1776230887524,0,0,0,,,,0,cancelled
2026-04-15 05:00,ord-000431,buy,74022.91,1776230892624,0,0,0,,,,0,cancelled
2026-04-15 05:00,ord-000432,sell,74026.92,1776230892624,0,0,0,,,,0,cancelled
2026-04-15 05:00,ord-000433,buy,74021.64,1776230901924,0,0,0,,,,0,cancelled
2026-04-15 05:00,ord-000434,sell,74025.65,1776230901924,0,0,0,,,,0,cancelled
2026-04-15 05:00,ord-000435,buy,73998.00,1776230906924,0.00120000,0,0,,,,0,cancelled
2026-04-15 05:00,ord-000436,sell,74002.01,1776230906924,0,0,0,,,,0,cancelled
2026-04-15 05:00,ord-000437,buy,74009.21,1776230911924,0,0,0,,,,0,cancelled
2026-04-15 05:00,ord-000438,sell,74013.22,1776230911924,0,0,0,,,,0,cancelled
2026-04-15 05:00,ord-000439,buy,74009.20,1776230916924,0,0,0,,,,0,cancelled
2026-04-15 05:00,ord-000440,sell,74013.21,1776230916924,0,0,0,,,,0,cancelled
2026-04-15 05:00,ord-000441,buy,74015.02,1776230921924,0,0,0,,,,0,cancelled
2026-04-15 05:00,ord-000442,sell,74019.03,1776230921924,0,0,0,,,,0,cancelled
2026-04-15 05:00,ord-000443,buy,74022.43,1776230926924,0,0,0,,,,0,cancelled
2026-04-15 05:00,ord-000444,sell,74026.44,1776230926924,0,0,0,,,,0,cancelled
2026-04-15 05:00,ord-000445,buy,74009.11,1776230931924,0,0,0,,,,0,cancelled
2026-04-15 05:00,ord-000446,sell,74013.12,1776230931924,0.00300000,0,0,,,,0,cancelled
2026-04-15 05:00,ord-000447,buy,74009.12,1776230936924,0,0,0,,,,0,cancelled
2026-04-15 05:00,ord-000448,sell,74013.13,1776230936924,0,0,0,,,,0,cancelled
2026-04-15 05:00,ord-000449,buy,73998.00,1776230941924,0.00120000,0,0,,,,0,cancelled
2026-04-15 05:00,ord-000450,sell,74002.01,1776230941924,0,0,0,,,,0,cancelled
2026-04-15 05:00,ord-000451,buy,74003.46,1776230946924,0,0,0,,,,0,cancelled
2026-04-15 05:00,ord-000452,sell,74007.47,1776230946924,0,0,0,,,,0,cancelled
2026-04-15 05:00,ord-000453,buy,74008.60,1776230959624,0,0,0,,,,0,cancelled
2026-04-15 05:00,ord-000454,sell,74012.61,1776230959624,0,0,0,,,,0,cancelled
2026-04-15 05:00,ord-000455,buy,74011.82,1776230964624,0,0,0,,,,0,cancelled
2026-04-15 05:00,ord-000456,sell,74015.83,1776230964624,0,0,0,,,,0,cancelled
2026-04-15 05:00,ord-000457,buy,74003.70,1776231002024,0.00007000,0.00007000,0,,,,0,cancelled
2026-04-15 05:00,ord-000458,sell,74007.71,1776231002024,0,0,0,,,,0,cancelled
2026-04-15 05:00,ord-000459,buy,73998.00,1776231007024,0.00120000,0,0,,,,0,cancelled
2026-04-15 05:00,ord-000460,sell,74002.01,1776231007024,0,0,0,,,,0,cancelled
2026-04-15 05:00,ord-000461,buy,74005.95,1776231025824,0,0,0,,,,0,cancelled
2026-04-15 05:00,ord-000462,sell,74009.96,1776231025824,0,0,0,,,,0,cancelled
2026-04-15 05:00,ord-000463,buy,74007.97,1776231032424,0,0,0,,,,0,cancelled
2026-04-15 05:00,ord-000464,sell,74011.98,1776231032424,0,0,0,,,,0,cancelled
2026-04-15 05:00,ord-000465,buy,74017.39,1776231037424,0,0,0,,,,0,cancelled
2026-04-15 05:00,ord-000466,sell,74021.40,1776231037424,0.00007000,0.00007000,0,,,,0,cancelled
2026-04-15 05:00,ord-000467,buy,74031.66,1776231042424,0,0,0,,,,0,cancelled
2026-04-15 05:00,ord-000468,sell,74035.67,1776231042424,0.00007000,0,0,,,,0,cancelled
2026-04-15 05:00,ord-000469,buy,74026.13,1776231047424,0,0,0,,,,0,cancelled
2026-04-15 05:00,ord-000470,sell,74030.14,1776231047424,0,0,0,,,,0,cancelled
2026-04-15 05:00,ord-000471,buy,74028.25,1776231066424,0,0,0,,,,0,cancelled
2026-04-15 05:00,ord-000472,sell,74032.26,1776231066424,0,0,0,,,,0,cancelled
2026-04-15 05:00,ord-000473,buy,74032.49,1776231071424,0,0,0,,,,0,cancelled
2026-04-15 05:00,ord-000474,sell,74036.50,1776231071424,0,0,0,,,,0,cancelled
2026-04-15 05:00,ord-000475,buy,74026.51,1776231087424,0,0,0,,,,0,cancelled
2026-04-15 05:00,ord-000476,sell,74030.52,1776231087424,0,0,0,,,,0,cancelled
2026-04-15 05:00,ord-000477,buy,74026.50,1776231092425,0,0,0,,,,0,cancelled
2026-04-15 05:00,ord-000478,sell,74030.51,1776231092425,0,0,0,,,,0,cancelled
2026-04-15 05:00,ord-000479,buy,74016.39,1776231112524,0,0,0,,,,0,cancelled
2026-04-15 05:00,ord-000480,sell,74020.40,1776231112524,0,0,0,,,,0,cancelled
2026-04-15 05:00,ord-000481,buy,74003.00,1776231117524,0,0,0,,,,0,cancelled
2026-04-15 05:00,ord-000482,sell,74007.01,1776231117524,0,0,0,,,,0,cancelled
2026-04-15 05:00,ord-000483,buy,73998.00,1776231122524,0.00120000,0,0,,,,0,cancelled
2026-04-15 05:00,ord-000484,sell,74002.01,1776231122524,0.01168000,0,0,,,,0,cancelled
2026-04-15 05:00,ord-000485,buy,74014.45,1776231127524,0,0,0,,,,0,cancelled
2026-04-15 05:00,ord-000486,sell,74018.46,1776231127524,0,0,0,,,,0,cancelled
2026-04-15 05:00,ord-000487,buy,74026.44,1776231132524,0,0,0,,,,0,cancelled
2026-04-15 05:00,ord-000488,sell,74030.45,1776231132524,0,0,0,,,,0,cancelled
2026-04-15 05:00,ord-000489,buy,74000.61,1776231137524,0,0,0,,,,0,cancelled
2026-04-15 05:00,ord-000490,sell,74004.62,1776231137524,0,0,0,,,,0,cancelled
2026-04-15 05:00,ord-000491,buy,73998.00,1776231142524,0.00120000,0,0,,,,0,cancelled
2026-04-15 05:00,ord-000492,sell,74002.01,1776231142524,0,0,0,,,,0,cancelled
2026-04-15 05:00,ord-000493,buy,73997.99,1776231148524,0,0,0,,,,0,cancelled
2026-04-15 05:00,ord-000494,sell,74002.00,1776231148524,0,0,0,,,,0,cancelled
2026-04-15 05:00,ord-000495,buy,73975.48,1776231153524,0,0,0,,,,0,cancelled
2026-04-15 05:00,ord-000496,sell,73979.49,1776231153524,0,0,0,,,,0,cancelled
2026-04-15 05:00,ord-000497,buy,73964.99,1776231158524,0,0,0,,,,0,cancelled
2026-04-15 05:00,ord-000498,sell,73969.00,1776231158524,0,0,0,,,,0,cancelled
2026-04-15 05:00,ord-000499,buy,73959.68,1776231163524,0,0,0,,,,0,cancelled
2026-04-15 05:00,ord-000500,sell,73963.69,1776231163524,0,0,0,,,,0,cancelled
2026-04-15 05:00,ord-000501,buy,73954.59,1776231168524,0,0,0,,,,0,cancelled
2026-04-15 05:00,ord-000502,sell,73958.60,1776231168524,0,0,0,,,,0,cancelled
2026-04-15 05:00,ord-000503,buy,73961.95,1776231173524,0,0,0,,,,0,cancelled
2026-04-15 05:00,ord-000504,sell,73965.96,1776231173524,0,0,0,,,,0,cancelled
2026-04-15 05:00,ord-000505,buy,73960.99,1776231178524,0,0,0,,,,0,cancelled
2026-04-15 05:00,ord-000506,sell,73965.00,1776231178524,0,0,0,,,,0,cancelled
2026-04-15 05:00,ord-000507,buy,73964.99,1776231183524,0,0,0,,,,0,cancelled
2026-04-15 05:00,ord-000508,sell,73969.00,1776231183524,0,0,0,,,,0,cancelled
2026-04-15 05:00,ord-000509,buy,73981.98,1776231188524,0,0,0,,,,0,cancelled
2026-04-15 05:00,ord-000510,sell,73985.99,1776231188524,0.19379000,0,0,,,,0,cancelled
2026-04-15 05:00,ord-000511,buy,73977.69,1776231203824,0,0,0,,,,0,cancelled
2026-04-15 05:00,ord-000512,sell,73981.70,1776231203824,0,0,0,,,,0,cancelled
2026-04-15 05:00,ord-000513,buy,73987.05,1776231208824,0.00300000,0,0,,,,0,cancelled
2026-04-15 05:00,ord-000514,sell,73991.06,1776231208824,0,0,0,,,,0,cancelled
2026-04-15 05:00,ord-000515,buy,73973.92,1776231222324,0,0,0,,,,0,cancelled
2026-04-15 05:00,ord-000516,sell,73977.93,1776231222324,0,0,0,,,,0,cancelled
2026-04-15 05:00,ord-000517,buy,73979.13,1776231227324,0,0,0,,,,0,cancelled
2026-04-15 05:00,ord-000518,sell,73983.14,1776231227324,0,0,0,,,,0,cancelled
2026-04-15 05:00,ord-000519,buy,73978.67,1776231236524,0,0,0,,,,0,cancelled
2026-04-15 05:00,ord-000520,sell,73982.68,1776231236524,0,0,0,,,,0,cancelled
2026-04-15 05:00,ord-000521,buy,73969.05,1776231241524,0,0,0,,,,0,cancelled
2026-04-15 05:00,ord-000522,sell,73973.06,1776231241524,0,0,0,,,,0,cancelled
2026-04-15 05:00,ord-000523,buy,73964.01,1776231247924,0,0,0,,,,0,cancelled
2026-04-15 05:00,ord-000524,sell,73968.02,1776231247924,0,0,0,,,,0,cancelled
2026-04-15 05:00,ord-000525,buy,73963.00,1776231252924,0,0,0,,,,0,cancelled
2026-04-15 05:00,ord-000526,sell,73967.01,1776231252924,0,0,0,,,,0,cancelled
2026-04-15 05:00,ord-000527,buy,73969.05,1776231257924,0,0,0,,,,0,cancelled
2026-04-15 05:00,ord-000528,sell,73973.06,1776231257924,0,0,0,,,,0,cancelled
2026-04-15 05:00,ord-000529,buy,73973.11,1776231262924,0,0,0,,,,0,cancelled
2026-04-15 05:00,ord-000530,sell,73977.12,1776231262924,0,0,0,,,,0,cancelled
2026-04-15 05:00,ord-000531,buy,73969.84,1776231267924,0,0,0,,,,0,cancelled
2026-04-15 05:00,ord-000532,sell,73973.85,1776231267924,0,0,0,,,,0,cancelled
2026-04-15 05:00,ord-000533,buy,73973.10,1776231275324,0,0,0,,,,0,cancelled
2026-04-15 05:00,ord-000534,sell,73977.11,1776231275324,0,0,0,,,,0,cancelled
2026-04-15 05:00,ord-000535,buy,73975.99,1776231282224,0.50206000,0,0,,,,0,cancelled
2026-04-15 05:00,ord-000536,sell,73980.00,1776231282224,0.00120000,0.00120000,0,,,,0,cancelled
2026-04-15 05:00,ord-000537,buy,73980.93,1776231287224,0,0,0,,,,0,cancelled
2026-04-15 05:00,ord-000538,sell,73984.94,1776231287224,0,0,0,,,,0,cancelled
2026-04-15 05:00,ord-000539,buy,74005.41,1776231296245,0,0,0,,,,0,cancelled
2026-04-15 05:00,ord-000540,sell,74009.42,1776231296245,0,0,0,,,,0,cancelled
2026-04-15 05:00,ord-000541,buy,74005.79,1776231301324,0,0,0,,,,0,cancelled
2026-04-15 05:00,ord-000542,sell,74009.80,1776231301324,0,0,0,,,,0,cancelled
2026-04-15 05:00,ord-000543,buy,73997.74,1776231306324,0,0,0,,,,0,cancelled
2026-04-15 05:00,ord-000544,sell,74001.75,1776231306324,0,0,0,,,,0,cancelled
2026-04-15 05:00,ord-000545,buy,73993.62,1776231314324,0,0,0,,,,0,cancelled
2026-04-15 05:00,ord-000546,sell,73997.63,1776231314324,0,0,0,,,,0,cancelled
2026-04-15 05:00,ord-000547,buy,73979.24,1776231319324,0,0,0,,,,0,cancelled
2026-04-15 05:00,ord-000548,sell,73983.25,1776231319324,0,0,0,,,,0,cancelled
2026-04-15 05:00,ord-000549,buy,73984.66,1776231327024,0,0,0,,,,0,cancelled
2026-04-15 05:00,ord-000550,sell,73988.67,1776231327024,0,0,0,,,,0,cancelled
2026-04-15 05:00,ord-000551,buy,73988.07,1776231332025,0,0,0,,,,0,cancelled
2026-04-15 05:00,ord-000552,sell,73992.08,1776231332025,0,0,0,,,,0,cancelled
2026-04-15 05:00,ord-000553,buy,73993.86,1776231338324,0,0,0,,,,0,cancelled
2026-04-15 05:00,ord-000554,sell,73997.87,1776231338324,0,0,0,,,,0,cancelled
2026-04-15 05:00,ord-000555,buy,74003.52,1776231343324,0,0,0,,,,0,cancelled
2026-04-15 05:00,ord-000556,sell,74007.53,1776231343324,0,0,0,,,,0,cancelled
2026-04-15 05:00,ord-000557,buy,74003.50,1776231348324,0,0,0,,,,0,cancelled
2026-04-15 05:00,ord-000558,sell,74007.51,1776231348324,0,0,0,,,,0,cancelled
2026-04-15 05:00,ord-000559,buy,74012.53,1776231367824,0,0,0,,,,0,cancelled
2026-04-15 05:00,ord-000560,sell,74016.54,1776231367824,0,0,0,,,,0,cancelled
2026-04-15 05:00,ord-000561,buy,74017.99,1776231375324,0,0,0,,,,0,cancelled
2026-04-15 05:00,ord-000562,sell,74022.00,1776231375324,0.00120000,0,0,,,,0,cancelled
2026-04-15 05:00,ord-000563,buy,74012.53,1776231397024,0,0,0,,,,0,cancelled
2026-04-15 05:00,ord-000564,sell,74016.54,1776231397024,0,0,0,,,,0,cancelled
2026-04-15 05:00,ord-000565,buy,74006.49,1776231402024,0,0,0,,,,0,cancelled
2026-04-15 05:00,ord-000566,sell,74010.50,1776231402024,0,0,0,,,,0,cancelled
2026-04-15 05:00,ord-000567,buy,74006.40,1776231423324,0,0,0,,,,0,cancelled
2026-04-15 05:00,ord-000568,sell,74010.41,1776231423324,0,0,0,,,,0,cancelled
2026-04-15 05:00,ord-000569,buy,73991.07,1776231428324,0,0,0,,,,0,cancelled
2026-04-15 05:00,ord-000570,sell,73995.08,1776231428324,0,0,0,,,,0,cancelled
2026-04-15 05:00,ord-000571,buy,73982.00,1776231433324,0.00120000,0.00120000,0,1776231436588,0.00120000,0.00000000,0.001,filled
2026-04-15 05:00,ord-000572,sell,73986.01,1776231433324,0,0,0,,,,0,cancelled
2026-04-15 05:00,ord-000573,buy,73979.57,1776231436624,0,0,0,,,,0,cancelled
2026-04-15 05:00,ord-000574,sell,73983.58,1776231436624,0,0,0,,,,0,cancelled
2026-04-15 05:00,ord-000575,buy,73953.42,1776231441624,0,0,0,,,,0,cancelled
2026-04-15 05:00,ord-000576,sell,73957.43,1776231441624,0,0,0,,,,0,cancelled
2026-04-15 05:00,ord-000577,buy,73938.92,1776231446624,0,0,0,,,,0,cancelled
2026-04-15 05:00,ord-000578,sell,73942.93,1776231446624,0,0,0,,,,0,cancelled
2026-04-15 05:00,ord-000579,buy,73927.55,1776231451624,0,0,0,,,,0,cancelled
2026-04-15 05:00,ord-000580,sell,73931.56,1776231451624,0,0,0,,,,0,cancelled
2026-04-15 05:00,ord-000581,buy,73916.31,1776231462024,0,0,0,,,,0,cancelled
2026-04-15 05:00,ord-000582,sell,73920.32,1776231462024,0,0,0,,,,0,cancelled
2026-04-15 05:00,ord-000583,buy,73921.85,1776231467024,0,0,0,,,,0,cancelled
2026-04-15 05:00,ord-000584,sell,73925.86,1776231467024,0,0,0,,,,0,cancelled
2026-04-15 05:00,ord-000585,buy,73909.67,1776231502624,0,0,0,,,,0,cancelled
2026-04-15 05:00,ord-000586,sell,73913.68,1776231502624,0,0,0,,,,0,cancelled
2026-04-15 05:00,ord-000587,buy,73901.02,1776231507624,0,0,0,,,,0,cancelled
2026-04-15 05:00,ord-000588,sell,73905.03,1776231507624,0,0,0,,,,0,cancelled
2026-04-15 05:00,ord-000589,buy,73898.84,1776231518624,0,0,0,,,,0,cancelled
2026-04-15 05:00,ord-000590,sell,73902.85,1776231518624,0,0,0,,,,0,cancelled
2026-04-15 05:00,ord-000591,buy,73898.00,1776231523624,0.00120000,0.00120000,0,1776231524218,0.00120000,0.00000000,0.00014000,cancelled
2026-04-15 05:00,ord-000592,sell,73902.01,1776231523624,0,0,0,,,,0,cancelled
2026-04-15 05:00,ord-000593,buy,73886.80,1776231528624,0,0,0,,,,0,cancelled
2026-04-15 05:00,ord-000594,sell,73890.81,1776231528624,0,0,0,,,,0,cancelled
2026-04-15 05:00,ord-000595,buy,73883.72,1776231537924,0,0,0,,,,0,cancelled
2026-04-15 05:00,ord-000596,sell,73887.73,1776231537924,0,0,0,1776231539332,0,0,0.00007000,cancelled
2026-04-15 05:00,ord-000597,buy,73901.02,1776231542924,0,0,0,,,,0,cancelled
2026-04-15 05:00,ord-000598,sell,73905.03,1776231542924,0,0,0,,,,0,cancelled
2026-04-15 05:00,ord-000599,buy,73921.43,1776231547924,0,0,0,,,,0,cancelled
2026-04-15 05:00,ord-000600,sell,73925.44,1776231547924,0,0,0,,,,0,cancelled
2026-04-15 05:00,ord-000601,buy,73909.58,1776231552924,0,0,0,,,,0,cancelled
2026-04-15 05:00,ord-000602,sell,73913.59,1776231552924,0,0,0,,,,0,cancelled
2026-04-15 05:00,ord-000603,buy,73892.65,1776231557924,0,0,0,,,,0,cancelled
2026-04-15 05:00,ord-000604,sell,73896.66,1776231557924,0,0,0,,,,0,cancelled
2026-04-15 05:00,ord-000605,buy,73887.64,1776231562924,0,0,0,,,,0,cancelled
2026-04-15 05:00,ord-000606,sell,73891.65,1776231562924,0,0,0,,,,0,cancelled
2026-04-15 05:00,ord-000607,buy,73896.94,1776231569124,0,0,0,,,,0,cancelled
2026-04-15 05:00,ord-000608,sell,73900.95,1776231569124,0,0,0,,,,0,cancelled
2026-04-15 05:00,ord-000609,buy,73909.99,1776231574124,0,0,0,,,,0,cancelled
2026-04-15 05:00,ord-000610,sell,73914.00,1776231574124,0.00135000,0,0,,,,0,cancelled
2026-04-15 05:00,ord-000611,buy,73896.29,1776231579124,0,0,0,,,,0,cancelled
2026-04-15 05:00,ord-000612,sell,73900.30,1776231579124,0,0,0,,,,0,cancelled
2026-04-15 05:00,ord-000613,buy,73903.47,1776231586124,0,0,0,,,,0,cancelled
2026-04-15 05:00,ord-000614,sell,73907.48,1776231586124,0,0,0,,,,0,cancelled
2026-04-15 05:00,ord-000615,buy,73896.30,1776231591124,0,0,0,,,,0,cancelled
2026-04-15 05:00,ord-000616,sell,73900.31,1776231591124,0,0,0,,,,0,cancelled
2026-04-15 05:00,ord-000617,buy,73892.65,1776231596124,0,0,0,,,,0,cancelled
2026-04-15 05:00,ord-000618,sell,73896.66,1776231596124,0,0,0,,,,0,cancelled
2026-04-15 05:00,ord-000619,buy,73886.00,1776231601124,0.00120000,0,0,,,,0,cancelled
2026-04-15 05:00,ord-000620,sell,73890.01,1776231601124,0,0,0,,,,0,cancelled
2026-04-15 05:00,ord-000621,buy,73886.01,1776231606124,0,0,0,,,,0,cancelled
2026-04-15 05:00,ord-000622,sell,73890.02,1776231606124,0,0,0,,,,0,cancelled
2026-04-15 05:00,ord-000623,buy,73879.42,1776231611124,0,0,0,,,,0,cancelled
2026-04-15 05:00,ord-000624,sell,73883.43,1776231611124,0.00023000,0,0,,,,0,cancelled
2026-04-15 05:00,ord-000625,buy,73891.33,1776231616124,0,0,0,,,,0,cancelled
2026-04-15 05:00,ord-000626,sell,73895.34,1776231616124,0,0,0,,,,0,cancelled
2026-04-15 05:00,ord-000627,buy,73893.35,1776231644724,0,0,0,1776231649484,0,0,0.00015000,cancelled
2026-04-15 05:00,ord-000628,sell,73897.36,1776231644724,0,0,0,,,,0,cancelled
2026-04-15 05:00,ord-000629,buy,73862.00,1776231649724,0.00120000,0,0,,,,0,cancelled
2026-04-15 05:00,ord-000630,sell,73866.01,1776231649724,0,0,0,,,,0,cancelled
2026-04-15 05:00,ord-000631,buy,73879.73,1776231654724,0,0,0,,,,0,cancelled
2026-04-15 05:00,ord-000632,sell,73883.74,1776231654724,0,0,0,,,,0,cancelled
2026-04-15 05:00,ord-000633,buy,73884.87,1776231659724,0,0,0,,,,0,cancelled
2026-04-15 05:00,ord-000634,sell,73888.88,1776231659724,0,0,0,,,,0,cancelled
2026-04-15 05:00,ord-000635,buy,73877.54,1776231664724,0,0,0,,,,0,cancelled
2026-04-15 05:00,ord-000636,sell,73881.55,1776231664724,0,0,0,,,,0,cancelled
2026-04-15 05:00,ord-000637,buy,73890.77,1776231669724,0,0,0,,,,0,cancelled
2026-04-15 05:00,ord-000638,sell,73894.78,1776231669724,0,0,0,,,,0,cancelled
2026-04-15 05:00,ord-000639,buy,73907.99,1776231674724,0,0,0,,,,0,cancelled
2026-04-15 05:00,ord-000640,sell,73912.00,1776231674724,0.00120000,0,0,,,,0,cancelled
2026-04-15 05:00,ord-000641,buy,73909.98,1776231679724,0,0,0,,,,0,cancelled
2026-04-15 05:00,ord-000642,sell,73913.99,1776231679724,0,0,0,,,,0,cancelled
2026-04-15 05:00,ord-000643,buy,73927.62,1776231684724,0,0,0,,,,0,cancelled
2026-04-15 05:00,ord-000644,sell,73931.63,1776231684724,0,0,0,,,,0,cancelled
2026-04-15 05:00,ord-000645,buy,73936.07,1776231689724,0,0,0,,,,0,cancelled
2026-04-15 05:00,ord-000646,sell,73940.08,1776231689724,0,0,0,,,,0,cancelled
2026-04-15 05:00,ord-000647,buy,73946.40,1776231694724,0,0,0,,,,0,cancelled
2026-04-15 05:00,ord-000648,sell,73950.41,1776231694724,0,0,0,,,,0,cancelled
2026-04-15 05:00,ord-000649,buy,73956.04,1776231699724,0,0,0,,,,0,cancelled
2026-04-15 05:00,ord-000650,sell,73960.05,1776231699724,0,0,0,,,,0,cancelled
2026-04-15 05:00,ord-000651,buy,73946.00,1776231704724,0.00120000,0.00120000,0,1776231704767,0.00120000,0.00000000,0.001,filled
2026-04-15 05:00,ord-000652,sell,73950.01,1776231704724,0,0,0,,,,0,cancelled
2026-04-15 05:00,ord-000653,buy,73940.70,1776231704824,0,0,0,,,,0,cancelled
2026-04-15 05:00,ord-000654,sell,73944.71,1776231704824,0,0,0,,,,0,cancelled
2026-04-15 05:00,ord-000655,buy,73943.82,1776231743224,0,0,0,,,,0,cancelled
2026-04-15 05:00,ord-000656,sell,73947.83,1776231743224,0,0,0,,,,0,cancelled
2026-04-15 05:00,ord-000657,buy,73955.66,1776231748224,0,0,0,,,,0,cancelled
2026-04-15 05:00,ord-000658,sell,73959.67,1776231748224,0,0,0,,,,0,cancelled
2026-04-15 05:00,ord-000659,buy,73950.50,1776231753224,0,0,0,,,,0,cancelled
2026-04-15 05:00,ord-000660,sell,73954.51,1776231753224,0,0,0,,,,0,cancelled
2026-04-15 05:00,ord-000661,buy,73950.00,1776231758924,0.00080000,0.00080000,0,,,,0,cancelled
2026-04-15 05:00,ord-000662,sell,73954.01,1776231758924,0,0,0,,,,0,cancelled
2026-04-15 05:00,ord-000663,buy,73940.70,1776231763924,0,0,0,,,,0,cancelled
2026-04-15 05:00,ord-000664,sell,73944.71,1776231763924,0,0,0,,,,0,cancelled
2026-04-15 05:00,ord-000665,buy,73951.99,1776231768924,0.00160000,0,0,,,,0,cancelled
2026-04-15 05:00,ord-000666,sell,73956.00,1776231768924,0.00120000,0.00120000,0,,,,0,cancelled
2026-04-15 05:00,ord-000667,buy,73962.45,1776231773924,0,0,0,,,,0,cancelled
2026-04-15 05:00,ord-000668,sell,73966.46,1776231773924,0,0,0,,,,0,cancelled
2026-04-15 05:00,ord-000669,buy,73969.80,1776231778925,0,0,0,,,,0,cancelled
2026-04-15 05:00,ord-000670,sell,73973.81,1776231778925,0,0,0,,,,0,cancelled
2026-04-15 05:00,ord-000671,buy,73968.02,1776231784124,0,0,0,,,,0,cancelled
2026-04-15 05:00,ord-000672,sell,73972.03,1776231784124,0,0,0,,,,0,cancelled
2026-04-15 05:00,ord-000673,buy,73964.83,1776231794524,0,0,0,,,,0,cancelled
2026-04-15 05:00,ord-000674,sell,73968.84,1776231794524,0,0,0,,,,0,cancelled
2026-04-15 05:00,ord-000675,buy,73963.26,1776231816624,0,0,0,,,,0,cancelled
2026-04-15 05:00,ord-000676,sell,73967.27,1776231816624,0,0,0,,,,0,cancelled
2026-04-15 05:00,ord-000677,buy,73962.45,1776231821624,0,0,0,,,,0,cancelled
2026-04-15 05:00,ord-000678,sell,73966.46,1776231821624,0.05035000,0,0,,,,0,cancelled
2026-04-15 05:00,ord-000679,buy,73957.40,1776231826624,0,0,0,,,,0,cancelled
2026-04-15 05:00,ord-000680,sell,73961.41,1776231826624,0,0,0,,,,0,cancelled
2026-04-15 05:00,ord-000681,buy,73952.00,1776231848024,0.00120000,0,0,,,,0,cancelled
2026-04-15 05:00,ord-000682,sell,73956.01,1776231848024,4.35964000,0,0,,,,0,cancelled
2026-04-15 05:00,ord-000683,buy,73951.47,1776231854924,0,0,0,,,,0,cancelled
2026-04-15 05:00,ord-000684,sell,73955.48,1776231854924,0,0,0,,,,0,cancelled
2026-04-15 05:00,ord-000685,buy,73940.70,1776231859925,0,0,0,,,,0,cancelled
2026-04-15 05:00,ord-000686,sell,73944.71,1776231859925,0,0,0,,,,0,cancelled
2026-04-15 05:00,ord-000687,buy,73938.29,1776231866024,0,0,0,,,,0,cancelled
2026-04-15 05:00,ord-000688,sell,73942.30,1776231866024,0,0,0,,,,0,cancelled
2026-04-15 05:00,ord-000689,buy,73943.82,1776231874524,0,0,0,,,,0,cancelled
2026-04-15 05:00,ord-000690,sell,73947.83,1776231874524,0,0,0,,,,0,cancelled
2026-04-15 05:00,ord-000691,buy,73946.82,1776231886424,0,0,0,,,,0,cancelled
2026-04-15 05:00,ord-000692,sell,73950.83,1776231886424,0,0,0,,,,0,cancelled
2026-04-15 05:00,ord-000693,buy,73953.10,1776231900724,0,0,0,,,,0,cancelled
2026-04-15 05:00,ord-000694,sell,73957.11,1776231900724,0,0,0,,,,0,cancelled
2026-04-15 05:00,ord-000695,buy,73952.14,1776231911724,0,0,0,,,,0,cancelled
2026-04-15 05:00,ord-000696,sell,73956.15,1776231911724,0.01596000,0,0,,,,0,cancelled
2026-04-15 05:00,ord-000697,buy,73932.15,1776231916724,0,0,0,,,,0,cancelled
2026-04-15 05:00,ord-000698,sell,73936.16,1776231916724,0,0,0,,,,0,cancelled
2026-04-15 05:00,ord-000699,buy,73930.90,1776231921724,0,0,0,,,,0,cancelled
2026-04-15 05:00,ord-000700,sell,73934.91,1776231921724,0,0,0,,,,0,cancelled
2026-04-15 05:00,ord-000701,buy,73932.15,1776231929224,0,0,0,,,,0,cancelled
2026-04-15 05:00,ord-000702,sell,73936.16,1776231929224,0,0,0,,,,0,cancelled
2026-04-15 05:00,ord-000703,buy,73938.28,1776231934224,0,0,0,,,,0,cancelled
2026-04-15 05:00,ord-000704,sell,73942.29,1776231934224,0,0,0,,,,0,cancelled
2026-04-15 05:00,ord-000705,buy,73946.30,1776231939224,0,0,0,,,,0,cancelled
2026-04-15 05:00,ord-000706,sell,73950.31,1776231939224,0,0,0,,,,0,cancelled
2026-04-15 05:00,ord-000707,buy,73942.50,1776231947324,0,0,0,,,,0,cancelled
2026-04-15 05:00,ord-000708,sell,73946.51,1776231947324,0,0,0,,,,0,cancelled
2026-04-15 05:00,ord-000709,buy,73923.82,1776231955040,0,0,0,,,,0,cancelled
2026-04-15 05:00,ord-000710,sell,73927.83,1776231955040,0,0,0,,,,0,cancelled
2026-04-15 05:00,ord-000711,buy,73910.62,1776231960124,0.00009000,0,0,,,,0,cancelled
2026-04-15 05:00,ord-000712,sell,73914.63,1776231960124,0,0,0,,,,0,cancelled
2026-04-15 05:00,ord-000713,buy,73912.78,1776231978024,0,0,0,,,,0,cancelled
2026-04-15 05:00,ord-000714,sell,73916.79,1776231978024,0,0,0,,,,0,cancelled
2026-04-15 05:00,ord-000715,buy,73920.86,1776231983024,0,0,0,,,,0,cancelled
2026-04-15 05:00,ord-000716,sell,73924.87,1776231983024,0,0,0,1776231984507,0,0,0.00007000,cancelled
2026-04-15 05:00,ord-000717,buy,73928.57,1776231988024,0,0,0,,,,0,cancelled
2026-04-15 05:00,ord-000718,sell,73932.58,1776231988024,0,0,0,,,,0,cancelled
2026-04-15 05:00,ord-000719,buy,73932.56,1776231993024,0,0,0,,,,0,cancelled
2026-04-15 05:00,ord-000720,sell,73936.57,1776231993024,0,0,0,,,,0,cancelled
2026-04-15 05:00,ord-000721,buy,73921.44,1776231998024,0,0,0,,,,0,cancelled
2026-04-15 05:00,ord-000722,sell,73925.45,1776231998024,0,0,0,,,,0,cancelled
2026-04-15 05:00,ord-000723,buy,73939.13,1776232003024,0,0,0,,,,0,cancelled
2026-04-15 05:00,ord-000724,sell,73943.14,1776232003024,0,0,0,,,,0,cancelled
2026-04-15 05:00,ord-000725,buy,73939.98,1776232015924,0.00007000,0,0,,,,0,cancelled
2026-04-15 05:00,ord-000726,sell,73943.99,1776232015924,0,0,0,,,,0,cancelled
2026-04-15 05:00,ord-000727,buy,73953.86,1776232020924,0,0,0,,,,0,cancelled
2026-04-15 05:00,ord-000728,sell,73957.87,1776232020924,0,0,0,,,,0,cancelled
2026-04-15 05:00,ord-000729,buy,73962.45,1776232025924,0,0,0,,,,0,cancelled
2026-04-15 05:00,ord-000730,sell,73966.46,1776232025924,0,0,0,,,,0,cancelled
2026-04-15 05:00,ord-000731,buy,73964.77,1776232030924,0,0,0,,,,0,cancelled
2026-04-15 05:00,ord-000732,sell,73968.78,1776232030924,0,0,0,,,,0,cancelled
2026-04-15 05:00,ord-000733,buy,73969.79,1776232035924,0,0,0,,,,0,cancelled
2026-04-15 05:00,ord-000734,sell,73973.80,1776232035924,0,0,0,,,,0,cancelled
2026-04-15 05:00,ord-000735,buy,73978.71,1776232040924,0,0,0,,,,0,cancelled
2026-04-15 05:00,ord-000736,sell,73982.72,1776232040924,0,0,0,,,,0,cancelled
2026-04-15 05:00,ord-000737,buy,73975.31,1776232045924,0,0,0,,,,0,cancelled
2026-04-15 05:00,ord-000738,sell,73979.32,1776232045924,0,0,0,,,,0,cancelled
2026-04-15 05:00,ord-000739,buy,73969.13,1776232070224,0,0,0,,,,0,cancelled
2026-04-15 05:00,ord-000740,sell,73973.14,1776232070224,0,0,0,,,,0,cancelled
2026-04-15 05:00,ord-000741,buy,73963.91,1776232078124,0,0,0,,,,0,cancelled
2026-04-15 05:00,ord-000742,sell,73967.92,1776232078124,0,0,0,,,,0,cancelled
2026-04-15 05:00,ord-000743,buy,73960.00,1776232083124,0.00120000,0,0,,,,0,cancelled
2026-04-15 05:00,ord-000744,sell,73964.01,1776232083124,0,0,0,,,,0,cancelled
2026-04-15 05:00,ord-000745,buy,73963.91,1776232091424,0,0,0,,,,0,cancelled
2026-04-15 05:00,ord-000746,sell,73967.92,1776232091424,0,0,0,,,,0,cancelled
2026-04-15 05:00,ord-000747,buy,73969.80,1776232096424,0,0,0,,,,0,cancelled
2026-04-15 05:00,ord-000748,sell,73973.81,1776232096424,0,0,0,,,,0,cancelled
2026-04-15 05:00,ord-000749,buy,73954.56,1776232116824,0,0,0,,,,0,cancelled
2026-04-15 05:00,ord-000750,sell,73958.57,1776232116824,0,0,0,,,,0,cancelled
2026-04-15 05:00,ord-000751,buy,73959.20,1776232121824,0,0,0,,,,0,cancelled
2026-04-15 05:00,ord-000752,sell,73963.21,1776232121824,0,0,0,,,,0,cancelled
2026-04-15 05:00,ord-000753,buy,73948.00,1776232126824,0.00120000,0.00120000,0,,,,0,cancelled
2026-04-15 05:00,ord-000754,sell,73952.01,1776232126824,0,0,0,,,,0,cancelled
2026-04-15 05:00,ord-000755,buy,73934.50,1776232131824,0,0,0,,,,0,cancelled
2026-04-15 05:00,ord-000756,sell,73938.51,1776232131824,0,0,0,,,,0,cancelled
2026-04-15 05:00,ord-000757,buy,73932.49,1776232139624,0,0,0,,,,0,cancelled
2026-04-15 05:00,ord-000758,sell,73936.50,1776232139624,0.05000000,0,0,,,,0,cancelled
2026-04-15 05:00,ord-000759,buy,73922.68,1776232144624,0,0,0,,,,0,cancelled
2026-04-15 05:00,ord-000760,sell,73926.69,1776232144624,0,0,0,,,,0,cancelled
2026-04-15 05:00,ord-000761,buy,73914.88,1776232152524,0,0,0,,,,0,cancelled
2026-04-15 05:00,ord-000762,sell,73918.89,1776232152524,0,0,0,,,,0,cancelled
2026-04-15 05:00,ord-000763,buy,73922.39,1776232164924,0,0,0,,,,0,cancelled
2026-04-15 05:00,ord-000764,sell,73926.40,1776232164924,0,0,0,,,,0,cancelled
2026-04-15 05:00,ord-000765,buy,73934.99,1776232169924,0,0,0,,,,0,cancelled
2026-04-15 05:00,ord-000766,sell,73939.00,1776232169924,0,0,0,,,,0,cancelled
2026-04-15 05:00,ord-000767,buy,73937.61,1776232174924,0,0,0,,,,0,cancelled
2026-04-15 05:00,ord-000768,sell,73941.62,1776232174924,0,0,0,,,,0,cancelled
2026-04-15 05:00,ord-000769,buy,73934.99,1776232181024,0,0,0,,,,0,cancelled
2026-04-15 05:00,ord-000770,sell,73939.00,1776232181024,0,0,0,,,,0,cancelled
2026-04-15 05:00,ord-000771,buy,73929.82,1776232186024,0,0,0,,,,0,cancelled
2026-04-15 05:00,ord-000772,sell,73933.83,1776232186024,0,0,0,,,,0,cancelled
2026-04-15 05:00,ord-000773,buy,73930.89,1776232193624,0,0,0,,,,0,cancelled
2026-04-15 05:00,ord-000774,sell,73934.90,1776232193624,0,0,0,,,,0,cancelled
2026-04-15 05:00,ord-000775,buy,73929.82,1776232198624,0,0,0,,,,0,cancelled
2026-04-15 05:00,ord-000776,sell,73933.83,1776232198624,0,0,0,,,,0,cancelled
2026-04-15 05:00,ord-000777,buy,73938.17,1776232203624,0,0,0,,,,0,cancelled
2026-04-15 05:00,ord-000778,sell,73942.18,1776232203624,0,0,0,,,,0,cancelled
2026-04-15 05:00,ord-000779,buy,73935.13,1776232209224,0,0,0,,,,0,cancelled
2026-04-15 05:00,ord-000780,sell,73939.14,1776232209224,0,0,0,,,,0,cancelled
2026-04-15 05:00,ord-000781,buy,73929.84,1776232214224,0,0,0,,,,0,cancelled
2026-04-15 05:00,ord-000782,sell,73933.85,1776232214224,0,0,0,,,,0,cancelled
2026-04-15 05:00,ord-000783,buy,73928.00,1776232222624,0.00120000,0.00120000,0,1776232222976,0.00087000,0.00000000,0.001,filled
2026-04-15 05:00,ord-000784,sell,73932.01,1776232222624,0,0,0,,,,0,cancelled
2026-04-15 05:00,ord-000785,buy,73920.49,1776232223024,0,0,0,,,,0,cancelled
2026-04-15 05:00,ord-000786,sell,73924.50,1776232223024,0,0,0,,,,0,cancelled
2026-04-15 05:00,ord-000787,buy,73920.28,1776232237624,0,0,0,,,,0,cancelled
2026-04-15 05:00,ord-000788,sell,73924.29,1776232237624,0,0,0,,,,0,cancelled
2026-04-15 05:00,ord-000789,buy,73916.48,1776232242624,0,0,0,,,,0,cancelled
2026-04-15 05:00,ord-000790,sell,73920.49,1776232242624,0,0,0,,,,0,cancelled
2026-04-15 05:00,ord-000791,buy,73908.90,1776232247624,0,0,0,,,,0,cancelled
2026-04-15 05:00,ord-000792,sell,73912.91,1776232247624,0,0,0,,,,0,cancelled
2026-04-15 05:00,ord-000793,buy,73905.73,1776232252624,0,0,0,,,,0,cancelled
2026-04-15 05:00,ord-000794,sell,73909.74,1776232252624,0,0,0,,,,0,cancelled
2026-04-15 05:00,ord-000795,buy,73906.69,1776232275425,0,0,0,,,,0,cancelled
2026-04-15 05:00,ord-000796,sell,73910.70,1776232275425,0,0,0,,,,0,cancelled
2026-04-15 05:00,ord-000797,buy,73934.52,1776232280524,0,0,0,,,,0,cancelled
2026-04-15 05:00,ord-000798,sell,73938.53,1776232280524,0,0,0,,,,0,cancelled
2026-04-15 05:00,ord-000799,buy,73941.00,1776232285524,0,0,0,,,,0,cancelled
2026-04-15 05:00,ord-000800,sell,73945.01,1776232285524,0,0,0,,,,0,cancelled
2026-04-15 05:00,ord-000801,buy,73964.88,1776232290524,0,0,0,,,,0,cancelled
2026-04-15 05:00,ord-000802,sell,73968.89,1776232290524,0,0,0,,,,0,cancelled
2026-04-15 05:00,ord-000803,buy,73970.95,1776232296525,0,0,0,,,,0,cancelled
2026-04-15 05:00,ord-000804,sell,73974.96,1776232296525,0.00008000,0.00008000,0,,,,0,cancelled
2026-04-15 05:00,ord-000805,buy,73991.65,1776232301624,0,0,0,,,,0,cancelled
2026-04-15 05:00,ord-000806,sell,73995.66,1776232301624,0,0,0,,,,0,cancelled
2026-04-15 05:00,ord-000807,buy,73988.37,1776232306724,0,0,0,,,,0,cancelled
2026-04-15 05:00,ord-000808,sell,73992.38,1776232306724,0,0,0,,,,0,cancelled
2026-04-15 05:00,ord-000809,buy,73984.39,1776232311724,0,0,0,,,,0,cancelled
2026-04-15 05:00,ord-000810,sell,73988.40,1776232311724,0,0,0,,,,0,cancelled
2026-04-15 05:00,ord-000811,buy,73980.97,1776232323825,0,0,0,,,,0,cancelled
2026-04-15 05:00,ord-000812,sell,73984.98,1776232323825,0,0,0,,,,0,cancelled
2026-04-15 05:00,ord-000813,buy,73997.99,1776232328924,0,0,0,,,,0,cancelled
2026-04-15 05:00,ord-000814,sell,74002.00,1776232328924,0.00120000,0,0,,,,0,cancelled
2026-04-15 05:00,ord-000815,buy,73988.00,1776232333924,0.00120000,0.00120000,0,,,,0,cancelled
2026-04-15 05:00,ord-000816,sell,73992.01,1776232333924,0,0,0,,,,0,cancelled
2026-04-15 05:00,ord-000817,buy,73982.00,1776232338924,0.00120000,0,0,,,,0,cancelled
2026-04-15 05:00,ord-000818,sell,73986.01,1776232338924,0,0,0,,,,0,cancelled
2026-04-15 05:00,ord-000819,buy,73986.14,1776232355924,0,0,0,,,,0,cancelled
2026-04-15 05:00,ord-000820,sell,73990.15,1776232355924,0,0,0,,,,0,cancelled
2026-04-15 05:00,ord-000821,buy,73996.57,1776232360924,0,0,0,,,,0,cancelled
2026-04-15 05:00,ord-000822,sell,74000.58,1776232360924,0,0,0,,,,0,cancelled
2026-04-15 05:00,ord-000823,buy,73997.99,1776232365924,0,0,0,,,,0,cancelled
2026-04-15 05:00,ord-000824,sell,74002.00,1776232365924,0.00120000,0.00120000,0,,,,0,cancelled
2026-04-15 05:00,ord-000825,buy,74006.38,1776232370924,0,0,0,,,,0,cancelled
2026-04-15 05:00,ord-000826,sell,74010.39,1776232370924,0,0,0,,,,0,cancelled
2026-04-15 05:00,ord-000827,buy,73997.98,1776232375924,0,0,0,,,,0,cancelled
2026-04-15 05:00,ord-000828,sell,74001.99,1776232375924,0,0,0,,,,0,cancelled
2026-04-15 05:00,ord-000829,buy,73997.99,1776232394724,0,0,0,,,,0,cancelled
2026-04-15 05:00,ord-000830,sell,74002.00,1776232394724,0,0,0,,,,0,cancelled
2026-04-15 05:00,ord-000831,buy,73996.57,1776232414624,0,0,0,,,,0,cancelled
2026-04-15 05:00,ord-000832,sell,74000.58,1776232414624,0,0,0,,,,0,cancelled
2026-04-15 05:00,ord-000833,buy,73992.75,1776232419625,0,0,0,,,,0,cancelled
2026-04-15 05:00,ord-000834,sell,73996.76,1776232419625,0,0,0,,,,0,cancelled
2026-04-15 05:00,ord-000835,buy,73982.00,1776232424724,0.00120000,0.00120000,0,,,,0,cancelled
2026-04-15 05:00,ord-000836,sell,73986.01,1776232424724,0,0,0,,,,0,cancelled
2026-04-15 05:00,ord-000837,buy,73978.26,1776232429724,0,0,0,,,,0,cancelled
2026-04-15 05:00,ord-000838,sell,73982.27,1776232429724,0,0,0,,,,0,cancelled
2026-04-15 05:00,ord-000839,buy,73968.41,1776232434725,0,0,0,,,,0,cancelled
2026-04-15 05:00,ord-000840,sell,73972.42,1776232434725,0,0,0,,,,0,cancelled
2026-04-15 05:00,ord-000841,buy,73976.19,1776232439824,0,0,0,,,,0,cancelled
2026-04-15 05:00,ord-000842,sell,73980.20,1776232439824,0,0,0,,,,0,cancelled
2026-04-15 05:00,ord-000843,buy,73976.71,1776232471124,0.01674000,0,0,,,,0,cancelled
2026-04-15 05:00,ord-000844,sell,73980.72,1776232471124,0,0,0,,,,0,cancelled
2026-04-15 05:00,ord-000845,buy,73979.43,1776232476124,0,0,0,,,,0,cancelled
2026-04-15 05:00,ord-000846,sell,73983.44,1776232476124,0,0,0,,,,0,cancelled
2026-04-15 05:00,ord-000847,buy,73982.00,1776232533024,0,0,0,,,,0,cancelled
2026-04-15 05:00,ord-000848,sell,73986.01,1776232533024,0,0,0,,,,0,cancelled
2026-04-15 05:00,ord-000849,buy,73990.33,1776232538024,0,0,0,,,,0,cancelled
2026-04-15 05:00,ord-000850,sell,73994.34,1776232538024,0,0,0,,,,0,cancelled
2026-04-15 05:00,ord-000851,buy,73991.07,1776232546824,0,0,0,,,,0,cancelled
2026-04-15 05:00,ord-000852,sell,73995.08,1776232546824,0,0,0,,,,0,cancelled
2026-04-15 05:00,ord-000853,buy,73997.99,1776232551824,0,0,0,,,,0,cancelled
2026-04-15 05:00,ord-000854,sell,74002.00,1776232551824,0.00120000,0,0,,,,0,cancelled
2026-04-15 05:00,ord-000855,buy,73993.73,1776232616924,0,0,0,,,,0,cancelled
2026-04-15 05:00,ord-000856,sell,73997.74,1776232616924,0,0,0,,,,0,cancelled
2026-04-15 05:00,ord-000857,buy,73991.46,1776232621924,0,0,0,,,,0,cancelled
2026-04-15 05:00,ord-000858,sell,73995.47,1776232621924,0,0,0,,,,0,cancelled
2026-04-15 05:00,ord-000859,buy,73994.21,1776232629424,0,0,0,,,,0,cancelled
2026-04-15 05:00,ord-000860,sell,73998.22,1776232629424,0,0,0,,,,0,cancelled
2026-04-15 05:00,ord-000861,buy,73996.36,1776232634424,0,0,0,,,,0,cancelled
2026-04-15 05:00,ord-000862,sell,74000.37,1776232634424,0,0,0,,,,0,cancelled
2026-04-15 05:00,ord-000863,buy,73997.99,1776232639425,0,0,0,,,,0,cancelled
2026-04-15 05:00,ord-000864,sell,74002.00,1776232639425,0.00120000,0,0,,,,0,cancelled
2026-04-15 05:00,ord-000865,buy,73999.10,1776232665524,0,0,0,,,,0,cancelled
2026-04-15 05:00,ord-000866,sell,74003.11,1776232665524,0,0,0,,,,0,cancelled
2026-04-15 05:00,ord-000867,buy,74006.25,1776232670524,0,0,0,,,,0,cancelled
2026-04-15 05:00,ord-000868,sell,74010.26,1776232670524,0,0,0,,,,0,cancelled
2026-04-15 05:00,ord-000869,buy,74002.47,1776232675824,0,0,0,,,,0,cancelled
2026-04-15 05:00,ord-000870,sell,74006.48,1776232675824,0,0,0,,,,0,cancelled
2026-04-15 05:00,ord-000871,buy,74003.84,1776232685025,0,0,0,,,,0,cancelled
2026-04-15 05:00,ord-000872,sell,74007.85,1776232685025,0,0,0,,,,0,cancelled
2026-04-15 05:00,ord-000873,buy,74017.99,1776232690124,0,0,0,,,,0,cancelled
2026-04-15 05:00,ord-000874,sell,74022.00,1776232690124,0.00120000,0.00120000,0,,,,0,cancelled
2026-04-15 05:00,ord-000875,buy,74028.53,1776232702024,0,0,0,,,,0,cancelled
2026-04-15 05:00,ord-000876,sell,74032.54,1776232702024,0,0,0,,,,0,cancelled
2026-04-15 05:00,ord-000877,buy,74035.62,1776232713724,0,0,0,,,,0,cancelled
2026-04-15 05:00,ord-000878,sell,74039.63,1776232713724,0,0,0,,,,0,cancelled
2026-04-15 05:00,ord-000879,buy,74028.54,1776232724424,0,0,0,,,,0,cancelled
2026-04-15 05:00,ord-000880,sell,74032.55,1776232724424,0,0,0,,,,0,cancelled
2026-04-15 05:00,ord-000881,buy,74035.62,1776232743324,0,0,0,1776232750914,0,0,0.00010000,cancelled
2026-04-15 05:00,ord-000882,sell,74039.63,1776232743324,0,0,0,,,,0,cancelled
2026-04-15 05:00,ord-000883,buy,74027.80,1776232751024,0,0,0,,,,0,cancelled
2026-04-15 05:00,ord-000884,sell,74031.81,1776232751024,0,0,0,,,,0,cancelled
2026-04-15 05:00,ord-000885,buy,74026.48,1776232769425,0,0,0,,,,0,cancelled
2026-04-15 05:00,ord-000886,sell,74030.49,1776232769425,0,0,0,,,,0,cancelled
2026-04-15 05:00,ord-000887,buy,74027.79,1776232774524,0,0,0,,,,0,cancelled
2026-04-15 05:00,ord-000888,sell,74031.80,1776232774524,0,0,0,,,,0,cancelled
2026-04-15 05:00,ord-000889,buy,74022.94,1776232790124,0,0,0,,,,0,cancelled
2026-04-15 05:00,ord-000890,sell,74026.95,1776232790124,0,0,0,,,,0,cancelled
2026-04-15 05:00,ord-000891,buy,74019.50,1776232795124,0.00007000,0,0,,,,0,expired
2026-04-15 05:00,ord-000892,sell,74023.51,1776232795124,0,0,0,,,,0,expired
2026-04-15 06:00,ord-000001,buy,74019.50,1776232800224,0.00007000,0,0,,,,0,cancelled
2026-04-15 06:00,ord-000002,sell,74023.51,1776232800224,0,0,0,,,,0,cancelled
2026-04-15 06:00,ord-000003,buy,74023.24,1776232805224,0,0,0,,,,0,cancelled
2026-04-15 06:00,ord-000004,sell,74027.25,1776232805224,0,0,0,,,,0,cancelled
2026-04-15 06:00,ord-000005,buy,74017.23,1776232842833,0,0,0,,,,0,cancelled
2026-04-15 06:00,ord-000006,sell,74021.24,1776232842833,0,0,0,,,,0,cancelled
2026-04-15 06:00,ord-000007,buy,74010.10,1776232847924,0.00007000,0,0,,,,0,cancelled
2026-04-15 06:00,ord-000008,sell,74014.11,1776232847924,0,0,0,,,,0,cancelled
2026-04-15 06:00,ord-000009,buy,74009.00,1776232852924,0,0,0,,,,0,cancelled
2026-04-15 06:00,ord-000010,sell,74013.01,1776232852924,0,0,0,,,,0,cancelled
2026-04-15 06:00,ord-000011,buy,74015.23,1776232857924,0,0,0,,,,0,cancelled
2026-04-15 06:00,ord-000012,sell,74019.24,1776232857924,0,0,0,,,,0,cancelled
2026-04-15 06:00,ord-000013,buy,74012.86,1776232862924,0,0,0,,,,0,cancelled
2026-04-15 06:00,ord-000014,sell,74016.87,1776232862924,0,0,0,,,,0,cancelled
2026-04-15 06:00,ord-000015,buy,74027.25,1776232867924,0,0,0,,,,0,cancelled
2026-04-15 06:00,ord-000016,sell,74031.26,1776232867924,0,0,0,,,,0,cancelled
2026-04-15 06:00,ord-000017,buy,74027.79,1776232872924,0,0,0,,,,0,cancelled
2026-04-15 06:00,ord-000018,sell,74031.80,1776232872924,0,0,0,,,,0,cancelled
2026-04-15 06:00,ord-000019,buy,74035.20,1776232877924,0,0,0,,,,0,cancelled
2026-04-15 06:00,ord-000020,sell,74039.21,1776232877924,0,0,0,,,,0,cancelled
2026-04-15 06:00,ord-000021,buy,74029.47,1776232888224,0,0,0,,,,0,cancelled
2026-04-15 06:00,ord-000022,sell,74033.48,1776232888224,0,0,0,,,,0,cancelled
2026-04-15 06:00,ord-000023,buy,74020.03,1776232893224,0,0,0,,,,0,cancelled
2026-04-15 06:00,ord-000024,sell,74024.04,1776232893224,0,0,0,,,,0,cancelled
2026-04-15 06:00,ord-000025,buy,74023.87,1776232906724,0,0,0,,,,0,cancelled
2026-04-15 06:00,ord-000026,sell,74027.88,1776232906724,0,0,0,,,,0,cancelled
2026-04-15 06:00,ord-000027,buy,74027.58,1776232911724,0,0,0,,,,0,cancelled
2026-04-15 06:00,ord-000028,sell,74031.59,1776232911724,0,0,0,,,,0,cancelled
2026-04-15 06:00,ord-000029,buy,74035.20,1776232930524,0,0,0,,,,0,cancelled
2026-04-15 06:00,ord-000030,sell,74039.21,1776232930524,0,0,0,,,,0,cancelled
2026-04-15 06:00,ord-000031,buy,74035.99,1776232938924,0.01596000,0,0,,,,0,cancelled
2026-04-15 06:00,ord-000032,sell,74040.00,1776232938924,0.00120000,0.00120000,0,,,,0,cancelled
2026-04-15 06:00,ord-000033,buy,74046.94,1776232943924,0,0,0,,,,0,cancelled
2026-04-15 06:00,ord-000034,sell,74050.95,1776232943924,0,0,0,,,,0,cancelled
2026-04-15 06:00,ord-000035,buy,74032.15,1776232948924,0,0,0,,,,0,cancelled
2026-04-15 06:00,ord-000036,sell,74036.16,1776232948924,0,0,0,,,,0,cancelled
2026-04-15 06:00,ord-000037,buy,74027.58,1776232953924,0,0,0,,,,0,cancelled
2026-04-15 06:00,ord-000038,sell,74031.59,1776232953924,0,0,0,,,,0,cancelled
2026-04-15 06:00,ord-000039,buy,74020.03,1776232958924,0,0,0,,,,0,cancelled
2026-04-15 06:00,ord-000040,sell,74024.04,1776232958924,0,0,0,,,,0,cancelled
2026-04-15 06:00,ord-000041,buy,74008.00,1776232963924,0.00120000,0.00120000,0,,,,0,cancelled
2026-04-15 06:00,ord-000042,sell,74012.01,1776232963924,0.00007000,0,0,,,,0,cancelled
2026-04-15 06:00,ord-000043,buy,74003.38,1776232970224,0,0,0,,,,0,cancelled
2026-04-15 06:00,ord-000044,sell,74007.39,1776232970224,0,0,0,,,,0,cancelled
2026-04-15 06:00,ord-000045,buy,74003.25,1776232975225,0,0,0,,,,0,cancelled
2026-04-15 06:00,ord-000046,sell,74007.26,1776232975225,0,0,0,,,,0,cancelled
2026-04-15 06:00,ord-000047,buy,73988.43,1776232980324,0,0,0,,,,0,cancelled
2026-04-15 06:00,ord-000048,sell,73992.44,1776232980324,0,0,0,,,,0,cancelled
2026-04-15 06:00,ord-000049,buy,73986.37,1776232985324,0,0,0,,,,0,cancelled
2026-04-15 06:00,ord-000050,sell,73990.38,1776232985324,0,0,0,,,,0,cancelled
2026-04-15 06:00,ord-000051,buy,74001.64,1776232990324,0,0,0,,,,0,cancelled
2026-04-15 06:00,ord-000052,sell,74005.65,1776232990324,0,0,0,,,,0,cancelled
2026-04-15 06:00,ord-000053,buy,73990.60,1776232995734,0,0,0,,,,0,cancelled
2026-04-15 06:00,ord-000054,sell,73994.61,1776232995734,0.00594000,0,0,,,,0,cancelled
2026-04-15 06:00,ord-000055,buy,73972.03,1776233000825,0,0,0,,,,0,cancelled
2026-04-15 06:00,ord-000056,sell,73976.04,1776233000825,0,0,0,,,,0,cancelled
2026-04-15 06:00,ord-000057,buy,73957.99,1776233005924,0,0,0,,,,0,cancelled
2026-04-15 06:00,ord-000058,sell,73962.00,1776233005924,0,0,0,,,,0,cancelled
2026-04-15 06:00,ord-000059,buy,73956.37,1776233010924,0,0,0,,,,0,cancelled
2026-04-15 06:00,ord-000060,sell,73960.38,1776233010924,0,0,0,,,,0,cancelled
2026-04-15 06:00,ord-000061,buy,73957.99,1776233017324,0,0,0,,,,0,cancelled
2026-04-15 06:00,ord-000062,sell,73962.00,1776233017324,0,0,0,,,,0,cancelled
2026-04-15 06:00,ord-000063,buy,73963.17,1776233022324,0,0,0,,,,0,cancelled
2026-04-15 06:00,ord-000064,sell,73967.18,1776233022324,0,0,0,,,,0,cancelled
2026-04-15 06:00,ord-000065,buy,73953.17,1776233027324,0,0,0,,,,0,cancelled
2026-04-15 06:00,ord-000066,sell,73957.18,1776233027324,0,0,0,,,,0,cancelled
2026-04-15 06:00,ord-000067,buy,73956.37,1776233032324,0,0,0,,,,0,cancelled
2026-04-15 06:00,ord-000068,sell,73960.38,1776233032324,0,0,0,,,,0,cancelled
2026-04-15 06:00,ord-000069,buy,73961.01,1776233037324,0,0,0,,,,0,cancelled
2026-04-15 06:00,ord-000070,sell,73965.02,1776233037324,0,0,0,,,,0,cancelled
2026-04-15 06:00,ord-000071,buy,73959.15,1776233042324,0,0,0,,,,0,cancelled
2026-04-15 06:00,ord-000072,sell,73963.16,1776233042324,0,0,0,,,,0,cancelled
2026-04-15 06:00,ord-000073,buy,73937.63,1776233051924,0,0,0,,,,0,cancelled
2026-04-15 06:00,ord-000074,sell,73941.64,1776233051924,0,0,0,,,,0,cancelled
2026-04-15 06:00,ord-000075,buy,73937.99,1776233056924,0,0,0,,,,0,cancelled
2026-04-15 06:00,ord-000076,sell,73942.00,1776233056924,0,0,0,,,,0,cancelled
2026-04-15 06:00,ord-000077,buy,73929.81,1776233061924,0,0,0,,,,0,cancelled
2026-04-15 06:00,ord-000078,sell,73933.82,1776233061924,0,0,0,,,,0,cancelled
2026-04-15 06:00,ord-000079,buy,73929.99,1776233068224,0,0,0,,,,0,cancelled
2026-04-15 06:00,ord-000080,sell,73934.00,1776233068224,0.00120000,0.00120000,0,,,,0,cancelled
2026-04-15 06:00,ord-000081,buy,73944.92,1776233073224,0,0,0,,,,0,cancelled
2026-04-15 06:00,ord-000082,sell,73948.93,1776233073224,0,0,0,,,,0,cancelled
2026-04-15 06:00,ord-000083,buy,73934.61,1776233078224,0,0,0,,,,0,cancelled
2026-04-15 06:00,ord-000084,sell,73938.62,1776233078224,0,0,0,,,,0,cancelled
2026-04-15 06:00,ord-000085,buy,73933.98,1776233083224,0,0,0,,,,0,cancelled
2026-04-15 06:00,ord-000086,sell,73937.99,1776233083224,0,0,0,,,,0,cancelled
2026-04-15 06:00,ord-000087,buy,73938.52,1776233101224,0,0,0,,,,0,cancelled
2026-04-15 06:00,ord-000088,sell,73942.53,1776233101224,0.00007000,0.00007000,0,,,,0,cancelled
2026-04-15 06:00,ord-000089,buy,73946.82,1776233114526,0,0,0,,,,0,cancelled
2026-04-15 06:00,ord-000090,sell,73950.83,1776233114526,0,0,0,,,,0,cancelled
2026-04-15 06:00,ord-000091,buy,73959.14,1776233119624,0,0,0,,,,0,cancelled
2026-04-15 06:00,ord-000092,sell,73963.15,1776233119624,0.00324000,0,0,,,,0,cancelled
2026-04-15 06:00,ord-000093,buy,73966.11,1776233126824,0,0,0,,,,0,cancelled
2026-04-15 06:00,ord-000094,sell,73970.12,1776233126824,0.00191000,0,0,,,,0,cancelled
2026-04-15 06:00,ord-000095,buy,73982.12,1776233131824,0,0,0,,,,0,cancelled
2026-04-15 06:00,ord-000096,sell,73986.13,1776233131824,0,0,0,,,,0,cancelled
2026-04-15 06:00,ord-000097,buy,73997.99,1776233136825,0,0,0,,,,0,cancelled
2026-04-15 06:00,ord-000098,sell,74002.00,1776233136825,0.01200000,0,0,,,,0,cancelled
2026-04-15 06:00,ord-000099,buy,73987.28,1776233141924,0,0,0,,,,0,cancelled
2026-04-15 06:00,ord-000100,sell,73991.29,1776233141924,0,0,0,,,,0,cancelled
2026-04-15 06:00,ord-000101,buy,73985.67,1776233146924,0,0,0,,,,0,cancelled
2026-04-15 06:00,ord-000102,sell,73989.68,1776233146924,0,0,0,,,,0,cancelled
2026-04-15 06:00,ord-000103,buy,73980.86,1776233162824,0,0,0,,,,0,cancelled
2026-04-15 06:00,ord-000104,sell,73984.87,1776233162824,0,0,0,,,,0,cancelled
2026-04-15 06:00,ord-000105,buy,73976.87,1776233167824,0,0,0,,,,0,cancelled
2026-04-15 06:00,ord-000106,sell,73980.88,1776233167824,0,0,0,,,,0,cancelled
2026-04-15 06:00,ord-000107,buy,73970.00,1776233172824,0.00120000,0.00120000,0,1776233173553,0.00120000,0.00000000,0.001,filled
2026-04-15 06:00,ord-000108,sell,73974.01,1776233172824,0,0,0,,,,0,cancelled
2026-04-15 06:00,ord-000109,buy,73968.00,1776233173624,0.00120000,0,0,,,,0,cancelled
2026-04-15 06:00,ord-000110,sell,73972.01,1776233173624,0.01230000,0,0,,,,0,cancelled
2026-04-15 06:00,ord-000111,buy,73967.99,1776233190724,0,0,0,,,,0,cancelled
2026-04-15 06:00,ord-000112,sell,73972.00,1776233190724,0,0,0,,,,0,cancelled
2026-04-15 06:00,ord-000113,buy,73966.00,1776233195724,0.00120000,0.00120000,0,,,,0,cancelled
2026-04-15 06:00,ord-000114,sell,73970.01,1776233195724,0.12819000,0,0,,,,0,cancelled
2026-04-15 06:00,ord-000115,buy,73961.35,1776233200724,0,0,0,,,,0,cancelled
2026-04-15 06:00,ord-000116,sell,73965.36,1776233200724,0,0,0,,,,0,cancelled
2026-04-15 06:00,ord-000117,buy,73952.96,1776233205725,0,0,0,,,,0,cancelled
2026-04-15 06:00,ord-000118,sell,73956.97,1776233205725,0,0,0,,,,0,cancelled
2026-04-15 06:00,ord-000119,buy,73957.99,1776233228024,0,0,0,,,,0,cancelled
2026-04-15 06:00,ord-000120,sell,73962.00,1776233228024,0.00080000,0.00080000,0,,,,0,cancelled
2026-04-15 06:00,ord-000121,buy,73989.93,1776233233024,0,0,0,,,,0,cancelled
2026-04-15 06:00,ord-000122,sell,73993.94,1776233233024,0,0,0,,,,0,cancelled
2026-04-15 06:00,ord-000123,buy,73997.99,1776233238024,0,0,0,,,,0,cancelled
2026-04-15 06:00,ord-000124,sell,74002.00,1776233238024,0.00120000,0,0,,,,0,cancelled
2026-04-15 06:00,ord-000125,buy,73997.98,1776233243024,0,0,0,,,,0,cancelled
2026-04-15 06:00,ord-000126,sell,74001.99,1776233243024,0,0,0,,,,0,cancelled
2026-04-15 06:00,ord-000127,buy,73997.97,1776233249124,0,0,0,,,,0,cancelled
2026-04-15 06:00,ord-000128,sell,74001.98,1776233249124,0,0,0,,,,0,cancelled
2026-04-15 06:00,ord-000129,buy,73992.01,1776233254124,0,0,0,,,,0,cancelled
2026-04-15 06:00,ord-000130,sell,73996.02,1776233254124,0,0,0,,,,0,cancelled
2026-04-15 06:00,ord-000131,buy,73984.00,1776233259124,0.00120000,0.00120000,0,1776233259725,0.00095000,0.00000000,0.001,filled
2026-04-15 06:00,ord-000132,sell,73988.01,1776233259124,0,0,0,,,,0,cancelled
2026-04-15 06:00,ord-000133,buy,73979.70,1776233259824,0,0,0,,,,0,cancelled
2026-04-15 06:00,ord-000134,sell,73983.71,1776233259824,0,0,0,,,,0,cancelled
2026-04-15 06:00,ord-000135,buy,73975.15,1776233264824,0,0,0,,,,0,cancelled
2026-04-15 06:00,ord-000136,sell,73979.16,1776233264824,0,0,0,,,,0,cancelled
2026-04-15 06:00,ord-000137,buy,73968.82,1776233269824,0,0,0,,,,0,cancelled
2026-04-15 06:00,ord-000138,sell,73972.83,1776233269824,0,0,0,,,,0,cancelled
2026-04-15 06:00,ord-000139,buy,73966.34,1776233278724,0,0,0,,,,0,cancelled
2026-04-15 06:00,ord-000140,sell,73970.35,1776233278724,0,0,0,,,,0,cancelled
2026-04-15 06:00,ord-000141,buy,73962.34,1776233283724,0,0,0,,,,0,cancelled
2026-04-15 06:00,ord-000142,sell,73966.35,1776233283724,0,0,0,,,,0,cancelled
2026-04-15 06:00,ord-000143,buy,73962.33,1776233288724,0,0,0,,,,0,cancelled
2026-04-15 06:00,ord-000144,sell,73966.34,1776233288724,0,0,0,,,,0,cancelled
2026-04-15 06:00,ord-000145,buy,73962.32,1776233293724,0,0,0,,,,0,cancelled
2026-04-15 06:00,ord-000146,sell,73966.33,1776233293724,0,0,0,,,,0,cancelled
2026-04-15 06:00,ord-000147,buy,73961.40,1776233301624,0,0,0,,,,0,cancelled
2026-04-15 06:00,ord-000148,sell,73965.41,1776233301624,0,0,0,,,,0,cancelled
2026-04-15 06:00,ord-000149,buy,73956.00,1776233306624,0.00120000,0,0,,,,0,cancelled
2026-04-15 06:00,ord-000150,sell,73960.01,1776233306624,0,0,0,,,,0,cancelled
2026-04-15 06:00,ord-000151,buy,73955.20,1776233311624,0,0,0,,,,0,cancelled
2026-04-15 06:00,ord-000152,sell,73959.21,1776233311624,0,0,0,,,,0,cancelled
2026-04-15 06:00,ord-000153,buy,73954.00,1776233316625,0.00120000,0,0,,,,0,cancelled
2026-04-15 06:00,ord-000154,sell,73958.01,1776233316625,0.61520000,0,0,,,,0,cancelled
2026-04-15 06:00,ord-000155,buy,73953.32,1776233321724,0,0,0,,,,0,cancelled
2026-04-15 06:00,ord-000156,sell,73957.33,1776233321724,0,0,0,,,,0,cancelled
2026-04-15 06:00,ord-000157,buy,73948.00,1776233326724,0.00128000,0.00128000,0,1776233327173,0.00128000,0.00000000,0.00063000,cancelled
2026-04-15 06:00,ord-000158,sell,73952.01,1776233326724,0.00007000,0,0,,,,0,cancelled
2026-04-15 06:00,ord-000159,buy,73938.81,1776233331724,0,0,0,,,,0,cancelled
2026-04-15 06:00,ord-000160,sell,73942.82,1776233331724,0,0,0,,,,0,cancelled
2026-04-15 06:00,ord-000161,buy,73937.55,1776233344424,0,0,0,,,,0,cancelled
2026-04-15 06:00,ord-000162,sell,73941.56,1776233344424,0,0,0,,,,0,cancelled
2026-04-15 06:00,ord-000163,buy,73937.54,1776233350824,0,0,0,,,,0,cancelled
2026-04-15 06:00,ord-000164,sell,73941.55,1776233350824,0,0,0,,,,0,cancelled
2026-04-15 06:00,ord-000165,buy,73934.86,1776233356924,0,0,0,,,,0,cancelled
2026-04-15 06:00,ord-000166,sell,73938.87,1776233356924,0,0,0,,,,0,cancelled
2026-04-15 06:00,ord-000167,buy,73934.54,1776233361924,0,0,0,,,,0,cancelled
2026-04-15 06:00,ord-000168,sell,73938.55,1776233361924,0,0,0,,,,0,cancelled
2026-04-15 06:00,ord-000169,buy,73925.04,1776233366924,0,0,0,,,,0,cancelled
2026-04-15 06:00,ord-000170,sell,73929.05,1776233366924,0,0,0,,,,0,cancelled
2026-04-15 06:00,ord-000171,buy,73934.86,1776233371924,0,0,0,,,,0,cancelled
2026-04-15 06:00,ord-000172,sell,73938.87,1776233371924,0,0,0,,,,0,cancelled
2026-04-15 06:00,ord-000173,buy,73937.54,1776233376924,0,0,0,,,,0,cancelled
2026-04-15 06:00,ord-000174,sell,73941.55,1776233376924,0,0,0,,,,0,cancelled
2026-04-15 06:00,ord-000175,buy,73939.99,1776233384824,0,0,0,,,,0,cancelled
2026-04-15 06:00,ord-000176,sell,73944.00,1776233384824,0.00120000,0.00120000,0,,,,0,cancelled
2026-04-15 06:00,ord-000177,buy,73945.99,1776233402224,0,0,0,,,,0,cancelled
2026-04-15 06:00,ord-000178,sell,73950.00,1776233402224,0.00120000,0.00120000,0,1776233407065,0.00120000,0.00000000,0.00093000,cancelled
2026-04-15 06:00,ord-000179,buy,73951.82,1776233407224,0,0,0,,,,0,cancelled
2026-04-15 06:00,ord-000180,sell,73955.83,1776233407224,0,0,0,,,,0,cancelled
2026-04-15 06:00,ord-000181,buy,73971.37,1776233412224,0,0,0,,,,0,cancelled
2026-04-15 06:00,ord-000182,sell,73975.38,1776233412224,0.00007000,0.00007000,0,,,,0,cancelled
2026-04-15 06:00,ord-000183,buy,73973.49,1776233421324,0,0,0,,,,0,cancelled
2026-04-15 06:00,ord-000184,sell,73977.50,1776233421324,0,0,0,,,,0,cancelled
2026-04-15 06:00,ord-000185,buy,73977.99,1776233426324,0,0,0,,,,0,cancelled
2026-04-15 06:00,ord-000186,sell,73982.00,1776233426324,0.00143000,0,0,,,,0,cancelled
2026-04-15 06:00,ord-000187,buy,73972.94,1776233485124,0,0,0,,,,0,cancelled
2026-04-15 06:00,ord-000188,sell,73976.95,1776233485124,0,0,0,,,,0,cancelled
2026-04-15 06:00,ord-000189,buy,73976.11,1776233491924,0,0,0,,,,0,cancelled
2026-04-15 06:00,ord-000190,sell,73980.12,1776233491924,0,0,0,,,,0,cancelled
2026-04-15 06:00,ord-000191,buy,73980.15,1776233515324,0,0,0,,,,0,cancelled
2026-04-15 06:00,ord-000192,sell,73984.16,1776233515324,0,0,0,,,,0,cancelled
2026-04-15 06:00,ord-000193,buy,73988.04,1776233520324,0,0,0,,,,0,cancelled
2026-04-15 06:00,ord-000194,sell,73992.05,1776233520324,0,0,0,,,,0,cancelled
2026-04-15 06:00,ord-000195,buy,73976.54,1776233525324,0,0,0,,,,0,cancelled
2026-04-15 06:00,ord-000196,sell,73980.55,1776233525324,0,0,0,,,,0,cancelled
2026-04-15 06:00,ord-000197,buy,73976.11,1776233543924,0,0,0,,,,0,cancelled
2026-04-15 06:00,ord-000198,sell,73980.12,1776233543924,0,0,0,,,,0,cancelled
2026-04-15 06:00,ord-000199,buy,73976.10,1776233568425,0,0,0,,,,0,cancelled
2026-04-15 06:00,ord-000200,sell,73980.11,1776233568425,0,0,0,,,,0,cancelled
2026-04-15 06:00,ord-000201,buy,73992.07,1776233585325,0,0,0,,,,0,cancelled
2026-04-15 06:00,ord-000202,sell,73996.08,1776233585325,0,0,0,,,,0,cancelled
2026-04-15 06:00,ord-000203,buy,73997.99,1776233590424,0,0,0,,,,0,cancelled
2026-04-15 06:00,ord-000204,sell,74002.00,1776233590424,0.00120000,0.00120000,0,,,,0,cancelled
2026-04-15 06:00,ord-000205,buy,74006.95,1776233616452,0,0,0,,,,0,cancelled
2026-04-15 06:00,ord-000206,sell,74010.96,1776233616452,0,0,0,,,,0,cancelled
2026-04-15 06:00,ord-000207,buy,74003.77,1776233621524,0,0,0,,,,0,cancelled
2026-04-15 06:00,ord-000208,sell,74007.78,1776233621524,0,0,0,,,,0,cancelled
2026-04-15 06:00,ord-000209,buy,74002.15,1776233645025,0,0,0,,,,0,cancelled
2026-04-15 06:00,ord-000210,sell,74006.16,1776233645025,0,0,0,,,,0,cancelled
2026-04-15 06:00,ord-000211,buy,73999.17,1776233650124,0,0,0,,,,0,cancelled
2026-04-15 06:00,ord-000212,sell,74003.18,1776233650124,0,0,0,,,,0,cancelled
2026-04-15 06:00,ord-000213,buy,73966.71,1776233655124,0,0,0,,,,0,cancelled
2026-04-15 06:00,ord-000214,sell,73970.72,1776233655124,0,0,0,,,,0,cancelled
2026-04-15 06:00,ord-000215,buy,73965.34,1776233677824,0,0,0,,,,0,cancelled
2026-04-15 06:00,ord-000216,sell,73969.35,1776233677824,0,0,0,,,,0,cancelled
2026-04-15 06:00,ord-000217,buy,73962.33,1776233682824,0,0,0,,,,0,cancelled
2026-04-15 06:00,ord-000218,sell,73966.34,1776233682824,0,0,0,,,,0,cancelled
2026-04-15 06:00,ord-000219,buy,73966.70,1776233688824,0.00300000,0,0,,,,0,cancelled
2026-04-15 06:00,ord-000220,sell,73970.71,1776233688824,0,0,0,,,,0,cancelled
2026-04-15 06:00,ord-000221,buy,73967.99,1776233693824,0,0,0,,,,0,cancelled
2026-04-15 06:00,ord-000222,sell,73972.00,1776233693824,0.00080000,0,0,,,,0,cancelled
2026-04-15 06:00,ord-000223,buy,73935.99,1776233698824,0,0,0,,,,0,cancelled
2026-04-15 06:00,ord-000224,sell,73940.00,1776233698824,0,0,0,,,,0,cancelled
2026-04-15 06:00,ord-000225,buy,73960.91,1776233703824,0,0,0,,,,0,cancelled
2026-04-15 06:00,ord-000226,sell,73964.92,1776233703824,0,0,0,,,,0,cancelled
2026-04-15 06:00,ord-000227,buy,73964.52,1776233708824,0,0,0,,,,0,cancelled
2026-04-15 06:00,ord-000228,sell,73968.53,1776233708824,0,0,0,,,,0,cancelled
2026-04-15 06:00,ord-000229,buy,73959.37,1776233713824,0,0,0,,,,0,cancelled
2026-04-15 06:00,ord-000230,sell,73963.38,1776233713824,0,0,0,,,,0,cancelled
2026-04-15 06:00,ord-000231,buy,73956.41,1776233718824,0,0,0,,,,0,cancelled
2026-04-15 06:00,ord-000232,sell,73960.42,1776233718824,0.00016000,0,0,,,,0,cancelled
2026-04-15 06:00,ord-000233,buy,73956.40,1776233743224,0,0,0,,,,0,cancelled
2026-04-15 06:00,ord-000234,sell,73960.41,1776233743224,0,0,0,,,,0,cancelled
2026-04-15 06:00,ord-000235,buy,73958.26,1776233757824,0,0,0,,,,0,cancelled
2026-04-15 06:00,ord-000236,sell,73962.27,1776233757824,0,0,0,,,,0,cancelled
2026-04-15 06:00,ord-000237,buy,73959.98,1776233762824,0,0,0,,,,0,cancelled
2026-04-15 06:00,ord-000238,sell,73963.99,1776233762824,0,0,0,1776233767674,0,0,0.00010000,cancelled
2026-04-15 06:00,ord-000239,buy,73965.18,1776233767824,0,0,0,,,,0,cancelled
2026-04-15 06:00,ord-000240,sell,73969.19,1776233767824,0,0,0,,,,0,cancelled
2026-04-15 06:00,ord-000241,buy,73958.27,1776233775424,0,0,0,,,,0,cancelled
2026-04-15 06:00,ord-000242,sell,73962.28,1776233775424,0,0,0,,,,0,cancelled
2026-04-15 06:00,ord-000243,buy,73950.10,1776233780424,0,0,0,,,,0,cancelled
2026-04-15 06:00,ord-000244,sell,73954.11,1776233780424,0,0,0,,,,0,cancelled
2026-04-15 06:00,ord-000245,buy,73952.96,1776233787124,0,0,0,,,,0,cancelled
2026-04-15 06:00,ord-000246,sell,73956.97,1776233787124,0,0,0,,,,0,cancelled
2026-04-15 06:00,ord-000247,buy,73959.99,1776233794524,0,0,0,,,,0,cancelled
2026-04-15 06:00,ord-000248,sell,73964.00,1776233794524,0.00120000,0.00120000,0,,,,0,cancelled
2026-04-15 06:00,ord-000249,buy,73964.69,1776233799724,0,0,0,,,,0,cancelled
2026-04-15 06:00,ord-000250,sell,73968.70,1776233799724,0,0,0,,,,0,cancelled
2026-04-15 06:00,ord-000251,buy,73965.99,1776233837124,0,0,0,,,,0,cancelled
2026-04-15 06:00,ord-000252,sell,73970.00,1776233837124,0.00120000,0,0,,,,0,cancelled
2026-04-15 06:00,ord-000253,buy,73967.26,1776233842124,0,0,0,,,,0,cancelled
2026-04-15 06:00,ord-000254,sell,73971.27,1776233842124,0,0,0,,,,0,cancelled
2026-04-15 06:00,ord-000255,buy,73975.13,1776233847124,0,0,0,,,,0,cancelled
2026-04-15 06:00,ord-000256,sell,73979.14,1776233847124,0,0,0,,,,0,cancelled
2026-04-15 06:00,ord-000257,buy,73982.02,1776233852124,0,0,0,,,,0,cancelled
2026-04-15 06:00,ord-000258,sell,73986.03,1776233852124,0,0,0,,,,0,cancelled
2026-04-15 06:00,ord-000259,buy,73977.71,1776233863724,0,0,0,,,,0,cancelled
2026-04-15 06:00,ord-000260,sell,73981.72,1776233863724,0,0,0,,,,0,cancelled
2026-04-15 06:00,ord-000261,buy,73969.15,1776233868724,0,0,0,,,,0,cancelled
2026-04-15 06:00,ord-000262,sell,73973.16,1776233868724,0.00020000,0,0,,,,0,cancelled
2026-04-15 06:00,ord-000263,buy,73960.87,1776233875824,0,0,0,,,,0,cancelled
2026-04-15 06:00,ord-000264,sell,73964.88,1776233875824,0,0,0,,,,0,cancelled
2026-04-15 06:00,ord-000265,buy,73963.59,1776233880824,0.00007000,0,0,,,,0,cancelled
2026-04-15 06:00,ord-000266,sell,73967.60,1776233880824,0,0,0,,,,0,cancelled
2026-04-15 06:00,ord-000267,buy,73967.47,1776233890124,0,0,0,,,,0,cancelled
2026-04-15 06:00,ord-000268,sell,73971.48,1776233890124,0,0,0,,,,0,cancelled
2026-04-15 06:00,ord-000269,buy,73974.41,1776233895124,0,0,0,,,,0,cancelled
2026-04-15 06:00,ord-000270,sell,73978.42,1776233895124,0,0,0,,,,0,cancelled
2026-04-15 06:00,ord-000271,buy,73978.40,1776233900124,0.00007000,0,0,,,,0,cancelled
2026-04-15 06:00,ord-000272,sell,73982.41,1776233900124,0,0,0,,,,0,cancelled
2026-04-15 06:00,ord-000273,buy,73985.80,1776233905124,0,0,0,,,,0,cancelled
2026-04-15 06:00,ord-000274,sell,73989.81,1776233905124,0,0,0,,,,0,cancelled
2026-04-15 06:00,ord-000275,buy,73990.82,1776233910924,0,0,0,,,,0,cancelled
2026-04-15 06:00,ord-000276,sell,73994.83,1776233910924,0,0,0,,,,0,cancelled
2026-04-15 06:00,ord-000277,buy,73992.00,1776233915924,0,0,0,,,,0,cancelled
2026-04-15 06:00,ord-000278,sell,73996.01,1776233915924,0,0,0,,,,0,cancelled
2026-04-15 06:00,ord-000279,buy,74003.77,1776233927324,0,0,0,,,,0,cancelled
2026-04-15 06:00,ord-000280,sell,74007.78,1776233927324,0,0,0,,,,0,cancelled
2026-04-15 06:00,ord-000281,buy,74016.08,1776233932325,0,0,0,,,,0,cancelled
2026-04-15 06:00,ord-000282,sell,74020.09,1776233932325,0,0,0,,,,0,cancelled
2026-04-15 06:00,ord-000283,buy,74011.47,1776233940824,0,0,0,,,,0,cancelled
2026-04-15 06:00,ord-000284,sell,74015.48,1776233940824,0,0,0,,,,0,cancelled
2026-04-15 06:00,ord-000285,buy,74011.17,1776233945824,0,0,0,,,,0,cancelled
2026-04-15 06:00,ord-000286,sell,74015.18,1776233945824,0,0,0,,,,0,cancelled
2026-04-15 06:00,ord-000287,buy,74003.78,1776233950824,0,0,0,,,,0,cancelled
2026-04-15 06:00,ord-000288,sell,74007.79,1776233950824,0,0,0,,,,0,cancelled
2026-04-15 06:00,ord-000289,buy,73998.16,1776233955824,0,0,0,,,,0,cancelled
2026-04-15 06:00,ord-000290,sell,74002.17,1776233955824,0,0,0,,,,0,cancelled
2026-04-15 06:00,ord-000291,buy,73994.73,1776233981324,0,0,0,,,,0,cancelled
2026-04-15 06:00,ord-000292,sell,73998.74,1776233981324,0,0,0,,,,0,cancelled
2026-04-15 06:00,ord-000293,buy,73995.89,1776233997524,0,0,0,,,,0,cancelled
2026-04-15 06:00,ord-000294,sell,73999.90,1776233997524,0,0,0,,,,0,cancelled
2026-04-15 06:00,ord-000295,buy,74005.09,1776234002524,0,0,0,,,,0,cancelled
2026-04-15 06:00,ord-000296,sell,74009.10,1776234002524,0,0,0,,,,0,cancelled
2026-04-15 06:00,ord-000297,buy,74017.00,1776234007524,0,0,0,,,,0,cancelled
2026-04-15 06:00,ord-000298,sell,74021.01,1776234007524,0,0,0,,,,0,cancelled
2026-04-15 06:00,ord-000299,buy,74017.99,1776234033524,0,0,0,,,,0,cancelled
2026-04-15 06:00,ord-000300,sell,74022.00,1776234033524,0.00120000,0,0,,,,0,cancelled
2026-04-15 06:00,ord-000301,buy,74019.53,1776234038524,0,0,0,,,,0,cancelled
2026-04-15 06:00,ord-000302,sell,74023.54,1776234038524,0,0,0,,,,0,cancelled
2026-04-15 06:00,ord-000303,buy,74016.21,1776234045026,0,0,0,,,,0,cancelled
2026-04-15 06:00,ord-000304,sell,74020.22,1776234045026,0,0,0,,,,0,cancelled
2026-04-15 06:00,ord-000305,buy,74008.73,1776234050124,0,0,0,,,,0,cancelled
2026-04-15 06:00,ord-000306,sell,74012.74,1776234050124,0,0,0,,,,0,cancelled
2026-04-15 06:00,ord-000307,buy,74000.00,1776234081343,0.13235000,0.13228000,0,,,,0,cancelled
2026-04-15 06:00,ord-000308,sell,74004.01,1776234081343,0.60930000,0,0,,,,0,cancelled
2026-04-15 06:00,ord-000309,buy,73982.70,1776234086424,0,0,0,,,,0,cancelled
2026-04-15 06:00,ord-000310,sell,73986.71,1776234086424,0,0,0,,,,0,cancelled
2026-04-15 06:00,ord-000311,buy,73983.98,1776234091424,0,0,0,,,,0,cancelled
2026-04-15 06:00,ord-000312,sell,73987.99,1776234091424,0,0,0,,,,0,cancelled
2026-04-15 06:00,ord-000313,buy,73979.31,1776234108024,0,0,0,,,,0,cancelled
2026-04-15 06:00,ord-000314,sell,73983.32,1776234108024,0,0,0,,,,0,cancelled
2026-04-15 06:00,ord-000315,buy,73980.64,1776234113025,0,0,0,,,,0,cancelled
2026-04-15 06:00,ord-000316,sell,73984.65,1776234113025,0,0,0,,,,0,cancelled
2026-04-15 06:00,ord-000317,buy,73975.26,1776234120124,0,0,0,,,,0,cancelled
2026-04-15 06:00,ord-000318,sell,73979.27,1776234120124,0,0,0,,,,0,cancelled
2026-04-15 06:00,ord-000319,buy,73960.00,1776234125124,0.00133000,0.00133000,0,1776234128388,0.00133000,0.00000000,0.001,filled
2026-04-15 06:00,ord-000320,sell,73964.01,1776234125124,0,0,0,,,,0,cancelled
2026-04-15 06:00,ord-000321,buy,73954.79,1776234128424,0,0,0,,,,0,cancelled
2026-04-15 06:00,ord-000322,sell,73958.80,1776234128424,0,0,0,,,,0,cancelled
2026-04-15 06:00,ord-000323,buy,73954.78,1776234136424,0,0,0,,,,0,cancelled
2026-04-15 06:00,ord-000324,sell,73958.79,1776234136424,0,0,0,,,,0,cancelled
2026-04-15 06:00,ord-000325,buy,73946.82,1776234141424,0,0,0,,,,0,cancelled
2026-04-15 06:00,ord-000326,sell,73950.83,1776234141424,0,0,0,,,,0,cancelled
2026-04-15 06:00,ord-000327,buy,73954.78,1776234146424,0,0,0,,,,0,cancelled
2026-04-15 06:00,ord-000328,sell,73958.79,1776234146424,0,0,0,,,,0,cancelled
2026-04-15 06:00,ord-000329,buy,73959.21,1776234160324,0,0,0,,,,0,cancelled
2026-04-15 06:00,ord-000330,sell,73963.22,1776234160324,0,0,0,,,,0,cancelled
2026-04-15 06:00,ord-000331,buy,73963.47,1776234165324,0,0,0,,,,0,cancelled
2026-04-15 06:00,ord-000332,sell,73967.48,1776234165324,0,0,0,,,,0,cancelled
2026-04-15 06:00,ord-000333,buy,73963.46,1776234186124,0,0,0,,,,0,cancelled
2026-04-15 06:00,ord-000334,sell,73967.47,1776234186124,0,0,0,,,,0,cancelled
2026-04-15 06:00,ord-000335,buy,73948.78,1776234191124,0,0,0,,,,0,cancelled
2026-04-15 06:00,ord-000336,sell,73952.79,1776234191124,0,0,0,,,,0,cancelled
2026-04-15 06:00,ord-000337,buy,73945.85,1776234196124,0,0,0,,,,0,cancelled
2026-04-15 06:00,ord-000338,sell,73949.86,1776234196124,0,0,0,,,,0,cancelled
2026-04-15 06:00,ord-000339,buy,73954.90,1776234201124,0,0,0,,,,0,cancelled
2026-04-15 06:00,ord-000340,sell,73958.91,1776234201124,0,0,0,,,,0,cancelled
2026-04-15 06:00,ord-000341,buy,73958.29,1776234243424,0,0,0,,,,0,cancelled
2026-04-15 06:00,ord-000342,sell,73962.30,1776234243424,0,0,0,,,,0,cancelled
2026-04-15 06:00,ord-000343,buy,73954.90,1776234256524,0,0,0,,,,0,cancelled
2026-04-15 06:00,ord-000344,sell,73958.91,1776234256524,0,0,0,,,,0,cancelled
2026-04-15 06:00,ord-000345,buy,73954.89,1776234261524,0,0,0,,,,0,cancelled
2026-04-15 06:00,ord-000346,sell,73958.90,1776234261524,0,0,0,,,,0,cancelled
2026-04-15 06:00,ord-000347,buy,73946.11,1776234330324,0,0,0,,,,0,cancelled
2026-04-15 06:00,ord-000348,sell,73950.12,1776234330324,0,0,0,,,,0,cancelled
2026-04-15 06:00,ord-000349,buy,73946.10,1776234362424,0,0,0,,,,0,cancelled
2026-04-15 06:00,ord-000350,sell,73950.11,1776234362424,0,0,0,,,,0,cancelled
2026-04-15 06:00,ord-000351,buy,73942.00,1776234367424,0.00120000,0.00120000,0,,,,0,cancelled
2026-04-15 06:00,ord-000352,sell,73946.01,1776234367424,0,0,0,,,,0,cancelled
2026-04-15 06:00,ord-000353,buy,73936.90,1776234389524,0.00020000,0,0,,,,0,cancelled
2026-04-15 06:00,ord-000354,sell,73940.91,1776234389524,0,0,0,,,,0,cancelled
2026-04-15 06:00,ord-000355,buy,73934.87,1776234398324,0,0,0,,,,0,cancelled
2026-04-15 06:00,ord-000356,sell,73938.88,1776234398324,0,0,0,,,,0,cancelled
2026-04-15 06:00,ord-000357,buy,73928.28,1776234403324,0,0,0,,,,0,cancelled
2026-04-15 06:00,ord-000358,sell,73932.29,1776234403324,0,0,0,,,,0,cancelled
2026-04-15 06:00,ord-000359,buy,73920.98,1776234414124,0,0,0,,,,0,cancelled
2026-04-15 06:00,ord-000360,sell,73924.99,1776234414124,0,0,0,,,,0,cancelled
2026-04-15 06:00,ord-000361,buy,73915.54,1776234419124,0,0,0,,,,0,cancelled
2026-04-15 06:00,ord-000362,sell,73919.55,1776234419124,0,0,0,,,,0,cancelled
2026-04-15 06:00,ord-000363,buy,73913.19,1776234424124,0,0,0,,,,0,cancelled
2026-04-15 06:00,ord-000364,sell,73917.20,1776234424124,0,0,0,,,,0,cancelled
2026-04-15 06:00,ord-000365,buy,73908.00,1776234429124,0.00120000,0,0,,,,0,cancelled
2026-04-15 06:00,ord-000366,sell,73912.01,1776234429124,0,0,0,,,,0,cancelled
2026-04-15 06:00,ord-000367,buy,73913.19,1776234434124,0,0,0,,,,0,cancelled
2026-04-15 06:00,ord-000368,sell,73917.20,1776234434124,0,0,0,,,,0,cancelled
2026-04-15 06:00,ord-000369,buy,73917.62,1776234442324,0,0,0,,,,0,cancelled
2026-04-15 06:00,ord-000370,sell,73921.63,1776234442324,0,0,0,,,,0,cancelled
2026-04-15 06:00,ord-000371,buy,73917.99,1776234456824,0,0,0,,,,0,cancelled
2026-04-15 06:00,ord-000372,sell,73922.00,1776234456824,0.00120000,0.00120000,0,,,,0,cancelled
2026-04-15 06:00,ord-000373,buy,73924.71,1776234461824,0,0,0,,,,0,cancelled
2026-04-15 06:00,ord-000374,sell,73928.72,1776234461824,0,0,0,,,,0,cancelled
2026-04-15 06:00,ord-000375,buy,73925.69,1776234467124,0,0,0,,,,0,cancelled
2026-04-15 06:00,ord-000376,sell,73929.70,1776234467124,0,0,0,,,,0,cancelled
2026-04-15 06:00,ord-000377,buy,73932.64,1776234472324,0,0,0,,,,0,cancelled
2026-04-15 06:00,ord-000378,sell,73936.65,1776234472324,0,0,0,,,,0,cancelled
2026-04-15 06:00,ord-000379,buy,73934.89,1776234524324,0,0,0,,,,0,cancelled
2026-04-15 06:00,ord-000380,sell,73938.90,1776234524324,0,0,0,,,,0,cancelled
2026-04-15 06:00,ord-000381,buy,73944.16,1776234529324,0,0,0,,,,0,cancelled
2026-04-15 06:00,ord-000382,sell,73948.17,1776234529324,0,0,0,,,,0,cancelled
2026-04-15 06:00,ord-000383,buy,73955.55,1776234534324,0,0,0,,,,0,cancelled
2026-04-15 06:00,ord-000384,sell,73959.56,1776234534324,0.04016000,0,0,,,,0,cancelled
2026-04-15 06:00,ord-000385,buy,73955.54,1776234541624,0,0,0,,,,0,cancelled
2026-04-15 06:00,ord-000386,sell,73959.55,1776234541624,0,0,0,,,,0,cancelled
2026-04-15 06:00,ord-000387,buy,73946.83,1776234546624,0,0,0,,,,0,cancelled
2026-04-15 06:00,ord-000388,sell,73950.84,1776234546624,0,0,0,,,,0,cancelled
2026-04-15 06:00,ord-000389,buy,73945.30,1776234551624,0,0,0,,,,0,cancelled
2026-04-15 06:00,ord-000390,sell,73949.31,1776234551624,0,0,0,,,,0,cancelled
2026-04-15 06:00,ord-000391,buy,73938.30,1776234556624,0,0,0,,,,0,cancelled
2026-04-15 06:00,ord-000392,sell,73942.31,1776234556624,0,0,0,,,,0,cancelled
2026-04-15 06:00,ord-000393,buy,73937.24,1776234561624,0,0,0,,,,0,cancelled
2026-04-15 06:00,ord-000394,sell,73941.25,1776234561624,0,0,0,,,,0,cancelled
2026-04-15 06:00,ord-000395,buy,73941.52,1776234566624,0,0,0,,,,0,cancelled
2026-04-15 06:00,ord-000396,sell,73945.53,1776234566624,0,0,0,,,,0,cancelled
2026-04-15 06:00,ord-000397,buy,73939.15,1776234571624,0,0,0,,,,0,cancelled
2026-04-15 06:00,ord-000398,sell,73943.16,1776234571624,0,0,0,,,,0,cancelled
2026-04-15 06:00,ord-000399,buy,73934.88,1776234576624,0,0,0,,,,0,cancelled
2026-04-15 06:00,ord-000400,sell,73938.89,1776234576624,0,0,0,,,,0,cancelled
2026-04-15 06:00,ord-000401,buy,73934.87,1776234595524,0,0,0,,,,0,cancelled
2026-04-15 06:00,ord-000402,sell,73938.88,1776234595524,0,0,0,,,,0,cancelled
2026-04-15 06:00,ord-000403,buy,73923.09,1776234600524,0,0,0,,,,0,cancelled
2026-04-15 06:00,ord-000404,sell,73927.10,1776234600524,0,0,0,,,,0,cancelled
2026-04-15 06:00,ord-000405,buy,73921.92,1776234605524,0,0,0,,,,0,cancelled
2026-04-15 06:00,ord-000406,sell,73925.93,1776234605524,0,0,0,,,,0,cancelled
2026-04-15 06:00,ord-000407,buy,73934.87,1776234610524,0.00007000,0,0,,,,0,cancelled
2026-04-15 06:00,ord-000408,sell,73938.88,1776234610524,0,0,0,,,,0,cancelled
2026-04-15 06:00,ord-000409,buy,73941.51,1776234619124,0,0,0,,,,0,cancelled
2026-04-15 06:00,ord-000410,sell,73945.52,1776234619124,0,0,0,,,,0,cancelled
2026-04-15 06:00,ord-000411,buy,73942.95,1776234652124,0,0,0,,,,0,cancelled
2026-04-15 06:00,ord-000412,sell,73946.96,1776234652124,0,0,0,,,,0,cancelled
2026-04-15 06:00,ord-000413,buy,73941.51,1776234666724,0,0,0,,,,0,cancelled
2026-04-15 06:00,ord-000414,sell,73945.52,1776234666724,0,0,0,,,,0,cancelled
2026-04-15 06:00,ord-000415,buy,73927.47,1776234671724,0,0,0,,,,0,cancelled
2026-04-15 06:00,ord-000416,sell,73931.48,1776234671724,0,0,0,,,,0,cancelled
2026-04-15 06:00,ord-000417,buy,73931.55,1776234683824,0,0,0,,,,0,cancelled
2026-04-15 06:00,ord-000418,sell,73935.56,1776234683824,0,0,0,,,,0,cancelled
2026-04-15 06:00,ord-000419,buy,73933.98,1776234718724,0,0,0,,,,0,cancelled
2026-04-15 06:00,ord-000420,sell,73937.99,1776234718724,0.00008000,0,0,,,,0,cancelled
2026-04-15 06:00,ord-000421,buy,73946.82,1776234723724,0,0,0,,,,0,cancelled
2026-04-15 06:00,ord-000422,sell,73950.83,1776234723724,0,0,0,,,,0,cancelled
2026-04-15 06:00,ord-000423,buy,73943.10,1776234734524,0,0,0,,,,0,cancelled
2026-04-15 06:00,ord-000424,sell,73947.11,1776234734524,0,0,0,,,,0,cancelled
2026-04-15 06:00,ord-000425,buy,73935.71,1776234739524,0,0,0,,,,0,cancelled
2026-04-15 06:00,ord-000426,sell,73939.72,1776234739524,0,0,0,,,,0,cancelled
2026-04-15 06:00,ord-000427,buy,73934.00,1776234746524,0.00136000,0.00120000,0,,,,0,cancelled
2026-04-15 06:00,ord-000428,sell,73938.01,1776234746524,0,0,0,,,,0,cancelled
2026-04-15 06:00,ord-000429,buy,73931.55,1776234752724,0,0,0,,,,0,cancelled
2026-04-15 06:00,ord-000430,sell,73935.56,1776234752724,0,0,0,,,,0,cancelled
2026-04-15 06:00,ord-000431,buy,73926.53,1776234760024,0,0,0,,,,0,cancelled
2026-04-15 06:00,ord-000432,sell,73930.54,1776234760024,0,0,0,,,,0,cancelled
2026-04-15 06:00,ord-000433,buy,73924.59,1776234769324,0,0,0,,,,0,cancelled
2026-04-15 06:00,ord-000434,sell,73928.60,1776234769324,0,0,0,,,,0,cancelled
2026-04-15 06:00,ord-000435,buy,73919.41,1776234774324,0,0,0,,,,0,cancelled
2026-04-15 06:00,ord-000436,sell,73923.42,1776234774324,0,0,0,,,,0,cancelled
2026-04-15 06:00,ord-000437,buy,73924.24,1776234780324,0,0,0,,,,0,cancelled
2026-04-15 06:00,ord-000438,sell,73928.25,1776234780324,0,0,0,,,,0,cancelled
2026-04-15 06:00,ord-000439,buy,73946.82,1776234785324,0,0,0,,,,0,cancelled
2026-04-15 06:00,ord-000440,sell,73950.83,1776234785324,0,0,0,,,,0,cancelled
2026-04-15 06:00,ord-000441,buy,73946.84,1776234794224,0,0,0,,,,0,cancelled
2026-04-15 06:00,ord-000442,sell,73950.85,1776234794224,0,0,0,,,,0,cancelled
2026-04-15 06:00,ord-000443,buy,73959.48,1776234800524,0,0,0,,,,0,cancelled
2026-04-15 06:00,ord-000444,sell,73963.49,1776234800524,0.00007000,0,0,,,,0,cancelled
2026-04-15 06:00,ord-000445,buy,73964.50,1776234808624,0,0,0,,,,0,cancelled
2026-04-15 06:00,ord-000446,sell,73968.51,1776234808624,0,0,0,,,,0,cancelled
2026-04-15 06:00,ord-000447,buy,73975.12,1776234813624,0,0,0,,,,0,cancelled
2026-04-15 06:00,ord-000448,sell,73979.13,1776234813624,0,0,0,,,,0,cancelled
2026-04-15 06:00,ord-000449,buy,73961.20,1776234818624,0,0,0,,,,0,cancelled
2026-04-15 06:00,ord-000450,sell,73965.21,1776234818624,0,0,0,,,,0,cancelled
2026-04-15 06:00,ord-000451,buy,73960.50,1776234845024,0,0,0,,,,0,cancelled
2026-04-15 06:00,ord-000452,sell,73964.51,1776234845024,0,0,0,,,,0,cancelled
2026-04-15 06:00,ord-000453,buy,73949.07,1776234850024,0,0,0,,,,0,cancelled
2026-04-15 06:00,ord-000454,sell,73953.08,1776234850024,0,0,0,,,,0,cancelled
2026-04-15 06:00,ord-000455,buy,73957.72,1776234855724,0,0,0,,,,0,cancelled
2026-04-15 06:00,ord-000456,sell,73961.73,1776234855724,0,0,0,,,,0,cancelled
2026-04-15 06:00,ord-000457,buy,73954.62,1776234867424,0,0,0,,,,0,cancelled
2026-04-15 06:00,ord-000458,sell,73958.63,1776234867424,0,0,0,,,,0,cancelled
2026-04-15 06:00,ord-000459,buy,73949.72,1776234872424,0,0,0,,,,0,cancelled
2026-04-15 06:00,ord-000460,sell,73953.73,1776234872424,0,0,0,,,,0,cancelled
2026-04-15 06:00,ord-000461,buy,73913.99,1776234895555,0,0,0,1776234897703,0,0,0.00051000,cancelled
2026-04-15 06:00,ord-000462,sell,73918.00,1776234895555,0,0,0,,,,0,cancelled
2026-04-15 06:00,ord-000463,buy,73909.16,1776234900624,0.05855000,0,0,,,,0,cancelled
2026-04-15 06:00,ord-000464,sell,73913.17,1776234900624,0,0,0,,,,0,cancelled
2026-04-15 06:00,ord-000465,buy,73913.04,1776234910924,0.00023000,0,0,,,,0,cancelled
2026-04-15 06:00,ord-000466,sell,73917.05,1776234910924,0,0,0,,,,0,cancelled
2026-04-15 06:00,ord-000467,buy,73923.82,1776234915924,0,0,0,,,,0,cancelled
2026-04-15 06:00,ord-000468,sell,73927.83,1776234915924,0.00827000,0,0,,,,0,cancelled
2026-04-15 06:00,ord-000469,buy,73925.99,1776234920924,0,0,0,,,,0,cancelled
2026-04-15 06:00,ord-000470,sell,73930.00,1776234920924,0.00120000,0,0,,,,0,cancelled
2026-04-15 06:00,ord-000471,buy,73926.00,1776234929624,0.00300000,0,0,,,,0,cancelled
2026-04-15 06:00,ord-000472,sell,73930.01,1776234929624,0,0,0,,,,0,cancelled
2026-04-15 06:00,ord-000473,buy,73913.59,1776234942724,0,0,0,,,,0,cancelled
2026-04-15 06:00,ord-000474,sell,73917.60,1776234942724,0,0,0,,,,0,cancelled
2026-04-15 06:00,ord-000475,buy,73916.22,1776234947724,0,0,0,,,,0,cancelled
2026-04-15 06:00,ord-000476,sell,73920.23,1776234947724,0,0,0,,,,0,cancelled
2026-04-15 06:00,ord-000477,buy,73913.60,1776234964824,0,0,0,,,,0,cancelled
2026-04-15 06:00,ord-000478,sell,73917.61,1776234964824,0,0,0,,,,0,cancelled
2026-04-15 06:00,ord-000479,buy,73908.00,1776234969825,0.00120000,0,0,,,,0,cancelled
2026-04-15 06:00,ord-000480,sell,73912.01,1776234969825,0,0,0,,,,0,cancelled
2026-04-15 06:00,ord-000481,buy,73907.99,1776234977024,0,0,0,,,,0,cancelled
2026-04-15 06:00,ord-000482,sell,73912.00,1776234977024,0,0,0,,,,0,cancelled
2026-04-15 06:00,ord-000483,buy,73906.54,1776234982024,0,0,0,,,,0,cancelled
2026-04-15 06:00,ord-000484,sell,73910.55,1776234982024,0,0,0,,,,0,cancelled
2026-04-15 06:00,ord-000485,buy,73902.00,1776235023624,0.00120000,0.00120000,0,,,,0,cancelled
2026-04-15 06:00,ord-000486,sell,73906.01,1776235023624,0,0,0,,,,0,cancelled
2026-04-15 06:00,ord-000487,buy,73904.99,1776235028624,0,0,0,,,,0,cancelled
2026-04-15 06:00,ord-000488,sell,73909.00,1776235028624,0.00609000,0.00609000,0,,,,0,cancelled
2026-04-15 06:00,ord-000489,buy,73942.61,1776235033624,0,0,0,,,,0,cancelled
2026-04-15 06:00,ord-000490,sell,73946.62,1776235033624,0,0,0,,,,0,cancelled
2026-04-15 06:00,ord-000491,buy,73940.07,1776235046824,0,0,0,,,,0,cancelled
2026-04-15 06:00,ord-000492,sell,73944.08,1776235046824,0,0,0,,,,0,cancelled
2026-04-15 06:00,ord-000493,buy,73922.70,1776235051824,0,0,0,,,,0,cancelled
2026-04-15 06:00,ord-000494,sell,73926.71,1776235051824,0,0,0,,,,0,cancelled
2026-04-15 06:00,ord-000495,buy,73918.00,1776235056824,0.00120000,0.00120000,0,,,,0,cancelled
2026-04-15 06:00,ord-000496,sell,73922.01,1776235056824,0,0,0,,,,0,cancelled
2026-04-15 06:00,ord-000497,buy,73919.22,1776235061824,0,0,0,,,,0,cancelled
2026-04-15 06:00,ord-000498,sell,73923.23,1776235061824,0,0,0,,,,0,cancelled
2026-04-15 06:00,ord-000499,buy,73916.74,1776235072324,0,0,0,,,,0,cancelled
2026-04-15 06:00,ord-000500,sell,73920.75,1776235072324,0,0,0,,,,0,cancelled
2026-04-15 06:00,ord-000501,buy,73914.86,1776235077325,0,0,0,,,,0,cancelled
2026-04-15 06:00,ord-000502,sell,73918.87,1776235077325,0,0,0,,,,0,cancelled
2026-04-15 06:00,ord-000503,buy,73919.21,1776235090824,0,0,0,,,,0,cancelled
2026-04-15 06:00,ord-000504,sell,73923.22,1776235090824,0,0,0,,,,0,cancelled
2026-04-15 06:00,ord-000505,buy,73927.13,1776235095824,0,0,0,,,,0,cancelled
2026-04-15 06:00,ord-000506,sell,73931.14,1776235095824,0,0,0,,,,0,cancelled
2026-04-15 06:00,ord-000507,buy,73929.79,1776235100825,0,0,0,,,,0,cancelled
2026-04-15 06:00,ord-000508,sell,73933.80,1776235100825,0,0,0,,,,0,cancelled
2026-04-15 06:00,ord-000509,buy,73946.81,1776235105924,0,0,0,,,,0,cancelled
2026-04-15 06:00,ord-000510,sell,73950.82,1776235105924,0,0,0,,,,0,cancelled
2026-04-15 06:00,ord-000511,buy,73944.99,1776235123424,0,0,0,,,,0,cancelled
2026-04-15 06:00,ord-000512,sell,73949.00,1776235123424,0,0,0,,,,0,cancelled
2026-04-15 06:00,ord-000513,buy,73944.21,1776235128424,0,0,0,,,,0,cancelled
2026-04-15 06:00,ord-000514,sell,73948.22,1776235128424,0,0,0,,,,0,cancelled
2026-04-15 06:00,ord-000515,buy,73946.82,1776235138424,0,0,0,,,,0,cancelled
2026-04-15 06:00,ord-000516,sell,73950.83,1776235138424,0,0,0,,,,0,cancelled
2026-04-15 06:00,ord-000517,buy,73952.93,1776235143424,0,0,0,,,,0,cancelled
2026-04-15 06:00,ord-000518,sell,73956.94,1776235143424,0,0,0,,,,0,cancelled
2026-04-15 06:00,ord-000519,buy,73967.29,1776235148424,0,0,0,,,,0,cancelled
2026-04-15 06:00,ord-000520,sell,73971.30,1776235148424,0,0,0,,,,0,cancelled
2026-04-15 06:00,ord-000521,buy,73975.13,1776235153425,0,0,0,,,,0,cancelled
2026-04-15 06:00,ord-000522,sell,73979.14,1776235153425,0,0,0,,,,0,cancelled
2026-04-15 06:00,ord-000523,buy,73979.36,1776235158524,0,0,0,,,,0,cancelled
2026-04-15 06:00,ord-000524,sell,73983.37,1776235158524,0,0,0,,,,0,cancelled
2026-04-15 06:00,ord-000525,buy,73991.52,1776235163524,0,0,0,,,,0,cancelled
2026-04-15 06:00,ord-000526,sell,73995.53,1776235163524,0,0,0,,,,0,cancelled
2026-04-15 06:00,ord-000527,buy,73990.18,1776235168524,0,0,0,,,,0,cancelled
2026-04-15 06:00,ord-000528,sell,73994.19,1776235168524,0,0,0,,,,0,cancelled
2026-04-15 06:00,ord-000529,buy,73986.20,1776235174924,0,0,0,,,,0,cancelled
2026-04-15 06:00,ord-000530,sell,73990.21,1776235174924,0,0,0,,,,0,cancelled
2026-04-15 06:00,ord-000531,buy,73986.19,1776235182124,0,0,0,,,,0,cancelled
2026-04-15 06:00,ord-000532,sell,73990.20,1776235182124,0,0,0,,,,0,cancelled
2026-04-15 06:00,ord-000533,buy,73973.49,1776235187124,0,0,0,,,,0,cancelled
2026-04-15 06:00,ord-000534,sell,73977.50,1776235187124,0,0,0,,,,0,cancelled
2026-04-15 06:00,ord-000535,buy,73966.19,1776235234124,0.00016000,0,0,,,,0,cancelled
2026-04-15 06:00,ord-000536,sell,73970.20,1776235234124,0,0,0,,,,0,cancelled
2026-04-15 06:00,ord-000537,buy,73962.70,1776235247224,0,0,0,,,,0,cancelled
2026-04-15 06:00,ord-000538,sell,73966.71,1776235247224,0,0,0,,,,0,cancelled
2026-04-15 06:00,ord-000539,buy,73955.30,1776235252224,0,0,0,,,,0,cancelled
2026-04-15 06:00,ord-000540,sell,73959.31,1776235252224,0,0,0,,,,0,cancelled
2026-04-15 06:00,ord-000541,buy,73960.56,1776235261124,0,0,0,,,,0,cancelled
2026-04-15 06:00,ord-000542,sell,73964.57,1776235261124,0.00023000,0,0,,,,0,cancelled
2026-04-15 06:00,ord-000543,buy,73967.99,1776235266124,0,0,0,,,,0,cancelled
2026-04-15 06:00,ord-000544,sell,73972.00,1776235266124,0.00120000,0.00120000,0,,,,0,cancelled
2026-04-15 06:00,ord-000545,buy,73973.47,1776235271124,0,0,0,,,,0,cancelled
2026-04-15 06:00,ord-000546,sell,73977.48,1776235271124,0,0,0,,,,0,cancelled
2026-04-15 06:00,ord-000547,buy,73980.43,1776235276125,0,0,0,,,,0,cancelled
2026-04-15 06:00,ord-000548,sell,73984.44,1776235276125,0,0,0,,,,0,cancelled
2026-04-15 06:00,ord-000549,buy,73986.21,1776235299624,0,0,0,,,,0,cancelled
2026-04-15 06:00,ord-000550,sell,73990.22,1776235299624,0,0,0,,,,0,cancelled
2026-04-15 06:00,ord-000551,buy,73987.98,1776235304624,0,0,0,,,,0,cancelled
2026-04-15 06:00,ord-000552,sell,73991.99,1776235304624,0,0,0,,,,0,cancelled
2026-04-15 06:00,ord-000553,buy,73979.75,1776235312424,0,0,0,,,,0,cancelled
2026-04-15 06:00,ord-000554,sell,73983.76,1776235312424,0,0,0,,,,0,cancelled
2026-04-15 06:00,ord-000555,buy,73983.13,1776235319824,0,0,0,,,,0,cancelled
2026-04-15 06:00,ord-000556,sell,73987.14,1776235319824,0,0,0,,,,0,cancelled
2026-04-15 06:00,ord-000557,buy,73987.99,1776235324824,0,0,0,,,,0,cancelled
2026-04-15 06:00,ord-000558,sell,73992.00,1776235324824,0.00127000,0.00120000,0,,,,0,cancelled
2026-04-15 06:00,ord-000559,buy,73994.60,1776235329825,0,0,0,,,,0,cancelled
2026-04-15 06:00,ord-000560,sell,73998.61,1776235329825,0,0,0,,,,0,cancelled
2026-04-15 06:00,ord-000561,buy,73992.15,1776235337324,0,0,0,,,,0,cancelled
2026-04-15 06:00,ord-000562,sell,73996.16,1776235337324,0,0,0,,,,0,cancelled
2026-04-15 06:00,ord-000563,buy,73983.16,1776235342324,0,0,0,,,,0,cancelled
2026-04-15 06:00,ord-000564,sell,73987.17,1776235342324,0,0,0,,,,0,cancelled
2026-04-15 06:00,ord-000565,buy,73992.59,1776235379024,0,0,0,,,,0,cancelled
2026-04-15 06:00,ord-000566,sell,73996.60,1776235379024,0.00023000,0.00023000,0,1776235379147,0.00023000,0.00000000,0.00008000,cancelled
2026-04-15 06:00,ord-000567,buy,73987.78,1776235384024,0,0,0,,,,0,cancelled
2026-04-15 06:00,ord-000568,sell,73991.79,1776235384024,0,0,0,,,,0,cancelled
2026-04-15 06:00,ord-000569,buy,73984.02,1776235389824,0,0,0,,,,0,cancelled
2026-04-15 06:00,ord-000570,sell,73988.03,1776235389824,0,0,0,,,,0,cancelled
2026-04-15 06:00,ord-000571,buy,73984.01,1776235403724,0,0,0,,,,0,cancelled
2026-04-15 06:00,ord-000572,sell,73988.02,1776235403724,0,0,0,,,,0,cancelled
2026-04-15 06:00,ord-000573,buy,73984.00,1776235408724,0.00120000,0.00120000,0,,,,0,cancelled
2026-04-15 06:00,ord-000574,sell,73988.01,1776235408724,0.04050000,0,0,,,,0,cancelled
2026-04-15 06:00,ord-000575,buy,73980.34,1776235413724,0,0,0,,,,0,cancelled
2026-04-15 06:00,ord-000576,sell,73984.35,1776235413724,0,0,0,,,,0,cancelled
2026-04-15 06:00,ord-000577,buy,73983.92,1776235423624,0,0,0,,,,0,cancelled
2026-04-15 06:00,ord-000578,sell,73987.93,1776235423624,0,0,0,,,,0,cancelled
2026-04-15 06:00,ord-000579,buy,73991.31,1776235482624,0,0,0,,,,0,cancelled
2026-04-15 06:00,ord-000580,sell,73995.32,1776235482624,0,0,0,,,,0,cancelled
2026-04-15 06:00,ord-000581,buy,73997.99,1776235487624,0.03175000,0,0,,,,0,cancelled
2026-04-15 06:00,ord-000582,sell,74002.00,1776235487624,0.00120000,0.00120000,0,,,,0,cancelled
2026-04-15 06:00,ord-000583,buy,73999.19,1776235501225,0,0,0,,,,0,cancelled
2026-04-15 06:00,ord-000584,sell,74003.20,1776235501225,0,0,0,,,,0,cancelled
2026-04-15 06:00,ord-000585,buy,74007.99,1776235506324,0,0,0,,,,0,cancelled
2026-04-15 06:00,ord-000586,sell,74012.00,1776235506324,0.00120000,0.00120000,0,,,,0,cancelled
2026-04-15 06:00,ord-000587,buy,74014.81,1776235512724,0,0,0,,,,0,cancelled
2026-04-15 06:00,ord-000588,sell,74018.82,1776235512724,0,0,0,,,,0,cancelled
2026-04-15 06:00,ord-000589,buy,74010.48,1776235523924,0,0,0,,,,0,cancelled
2026-04-15 06:00,ord-000590,sell,74014.49,1776235523924,0,0,0,,,,0,cancelled
2026-04-15 06:00,ord-000591,buy,74009.26,1776235551124,0,0,0,,,,0,cancelled
2026-04-15 06:00,ord-000592,sell,74013.27,1776235551124,0,0,0,,,,0,cancelled
2026-04-15 06:00,ord-000593,buy,74006.03,1776235556124,0,0,0,,,,0,cancelled
2026-04-15 06:00,ord-000594,sell,74010.04,1776235556124,0,0,0,,,,0,cancelled
2026-04-15 06:00,ord-000595,buy,74005.14,1776235561124,0,0,0,,,,0,cancelled
2026-04-15 06:00,ord-000596,sell,74009.15,1776235561124,0,0,0,,,,0,cancelled
2026-04-15 06:00,ord-000597,buy,74000.58,1776235582624,0,0,0,,,,0,cancelled
2026-04-15 06:00,ord-000598,sell,74004.59,1776235582624,0,0,0,,,,0,cancelled
2026-04-15 06:00,ord-000599,buy,73997.57,1776235587624,0,0,0,,,,0,cancelled
2026-04-15 06:00,ord-000600,sell,74001.58,1776235587624,0,0,0,,,,0,cancelled
2026-04-15 06:00,ord-000601,buy,73999.74,1776235595224,0,0,0,,,,0,cancelled
2026-04-15 06:00,ord-000602,sell,74003.75,1776235595224,0,0,0,,,,0,cancelled
2026-04-15 06:00,ord-000603,buy,73997.57,1776235606124,0,0,0,,,,0,cancelled
2026-04-15 06:00,ord-000604,sell,74001.58,1776235606124,0,0,0,,,,0,cancelled
2026-04-15 06:00,ord-000605,buy,73996.00,1776235621124,0.00190000,0.00120000,0,,,,0,cancelled
2026-04-15 06:00,ord-000606,sell,74000.01,1776235621124,0,0,0,,,,0,cancelled
2026-04-15 06:00,ord-000607,buy,73992.78,1776235635624,0,0,0,,,,0,cancelled
2026-04-15 06:00,ord-000608,sell,73996.79,1776235635624,0,0,0,,,,0,cancelled
2026-04-15 06:00,ord-000609,buy,73995.98,1776235657024,0,0,0,,,,0,cancelled
2026-04-15 06:00,ord-000610,sell,73999.99,1776235657024,0,0,0,,,,0,cancelled
2026-04-15 06:00,ord-000611,buy,74011.56,1776235662024,0,0,0,,,,0,cancelled
2026-04-15 06:00,ord-000612,sell,74015.57,1776235662024,0,0,0,,,,0,cancelled
2026-04-15 06:00,ord-000613,buy,74011.57,1776235671524,0,0,0,,,,0,cancelled
2026-04-15 06:00,ord-000614,sell,74015.58,1776235671524,0,0,0,,,,0,cancelled
2026-04-15 06:00,ord-000615,buy,74015.39,1776235676524,0,0,0,,,,0,cancelled
2026-04-15 06:00,ord-000616,sell,74019.40,1776235676524,0,0,0,,,,0,cancelled
2026-04-15 06:00,ord-000617,buy,74006.48,1776235681824,0,0,0,,,,0,cancelled
2026-04-15 06:00,ord-000618,sell,74010.49,1776235681824,0,0,0,,,,0,cancelled
2026-04-15 06:00,ord-000619,buy,73997.44,1776235686824,0,0,0,,,,0,cancelled
2026-04-15 06:00,ord-000620,sell,74001.45,1776235686824,0,0,0,,,,0,cancelled
2026-04-15 06:00,ord-000621,buy,73984.77,1776235703824,0,0,0,,,,0,cancelled
2026-04-15 06:00,ord-000622,sell,73988.78,1776235703824,0,0,0,,,,0,cancelled
2026-04-15 06:00,ord-000623,buy,73982.12,1776235708824,0,0,0,,,,0,cancelled
2026-04-15 06:00,ord-000624,sell,73986.13,1776235708824,0,0,0,,,,0,cancelled
2026-04-15 06:00,ord-000625,buy,73975.00,1776235713824,0,0,0,,,,0,cancelled
2026-04-15 06:00,ord-000626,sell,73979.01,1776235713824,0,0,0,,,,0,cancelled
2026-04-15 06:00,ord-000627,buy,73973.69,1776235718824,0,0,0,,,,0,cancelled
2026-04-15 06:00,ord-000628,sell,73977.70,1776235718824,0,0,0,,,,0,cancelled
2026-04-15 06:00,ord-000629,buy,73969.53,1776235723825,0,0,0,,,,0,cancelled
2026-04-15 06:00,ord-000630,sell,73973.54,1776235723825,0,0,0,,,,0,cancelled
2026-04-15 06:00,ord-000631,buy,73979.01,1776235732124,0,0,0,,,,0,cancelled
2026-04-15 06:00,ord-000632,sell,73983.02,1776235732124,0,0,0,,,,0,cancelled
2026-04-15 06:00,ord-000633,buy,73976.71,1776235737124,0,0,0,,,,0,cancelled
2026-04-15 06:00,ord-000634,sell,73980.72,1776235737124,0,0,0,,,,0,cancelled
2026-04-15 06:00,ord-000635,buy,73986.92,1776235742124,0,0,0,,,,0,cancelled
2026-04-15 06:00,ord-000636,sell,73990.93,1776235742124,0,0,0,,,,0,cancelled
2026-04-15 06:00,ord-000637,buy,73970.25,1776235747124,0,0,0,,,,0,cancelled
2026-04-15 06:00,ord-000638,sell,73974.26,1776235747124,0,0,0,,,,0,cancelled
2026-04-15 06:00,ord-000639,buy,73969.91,1776235769224,0,0,0,,,,0,cancelled
2026-04-15 06:00,ord-000640,sell,73973.92,1776235769224,0,0,0,,,,0,cancelled
2026-04-15 06:00,ord-000641,buy,73956.59,1776235774224,0,0,0,,,,0,cancelled
2026-04-15 06:00,ord-000642,sell,73960.60,1776235774224,0,0,0,,,,0,cancelled
2026-04-15 06:00,ord-000643,buy,73959.19,1776235793924,0,0,0,,,,0,cancelled
2026-04-15 06:00,ord-000644,sell,73963.20,1776235793924,0,0,0,,,,0,cancelled
2026-04-15 06:00,ord-000645,buy,73961.50,1776235801024,0,0,0,,,,0,cancelled
2026-04-15 06:00,ord-000646,sell,73965.51,1776235801024,0,0,0,,,,0,cancelled
2026-04-15 06:00,ord-000647,buy,73961.27,1776235806024,0,0,0,,,,0,cancelled
2026-04-15 06:00,ord-000648,sell,73965.28,1776235806024,0,0,0,,,,0,cancelled
2026-04-15 06:00,ord-000649,buy,73960.84,1776235844224,0,0,0,,,,0,cancelled
2026-04-15 06:00,ord-000650,sell,73964.85,1776235844224,0.00300000,0,0,,,,0,cancelled
2026-04-15 06:00,ord-000651,buy,73953.90,1776235849224,0,0,0,,,,0,cancelled
2026-04-15 06:00,ord-000652,sell,73957.91,1776235849224,0,0,0,,,,0,cancelled
2026-04-15 06:00,ord-000653,buy,73950.81,1776235857726,0,0,0,,,,0,cancelled
2026-04-15 06:00,ord-000654,sell,73954.82,1776235857726,0,0,0,,,,0,cancelled
2026-04-15 06:00,ord-000655,buy,73946.17,1776235862824,0,0,0,,,,0,cancelled
2026-04-15 06:00,ord-000656,sell,73950.18,1776235862824,0,0,0,,,,0,cancelled
2026-04-15 06:00,ord-000657,buy,73933.79,1776235867824,0,0,0,,,,0,cancelled
2026-04-15 06:00,ord-000658,sell,73937.80,1776235867824,0,0,0,,,,0,cancelled
2026-04-15 06:00,ord-000659,buy,73930.77,1776235876224,0,0,0,,,,0,cancelled
2026-04-15 06:00,ord-000660,sell,73934.78,1776235876224,0,0,0,,,,0,cancelled
2026-04-15 06:00,ord-000661,buy,73930.00,1776235882225,0.00415000,0.00415000,0,,,,0,cancelled
2026-04-15 06:00,ord-000662,sell,73934.01,1776235882225,0.00016000,0,0,,,,0,cancelled
2026-04-15 06:00,ord-000663,buy,73924.05,1776235888224,0,0,0,,,,0,cancelled
2026-04-15 06:00,ord-000664,sell,73928.06,1776235888224,0,0,0,,,,0,cancelled
2026-04-15 06:00,ord-000665,buy,73914.02,1776235925724,0,0,0,,,,0,cancelled
2026-04-15 06:00,ord-000666,sell,73918.03,1776235925724,0,0,0,,,,0,cancelled
2026-04-15 06:00,ord-000667,buy,73908.67,1776235930724,0,0,0,,,,0,cancelled
2026-04-15 06:00,ord-000668,sell,73912.68,1776235930724,0,0,0,,,,0,cancelled
2026-04-15 06:00,ord-000669,buy,73919.27,1776235935724,0,0,0,,,,0,cancelled
2026-04-15 06:00,ord-000670,sell,73923.28,1776235935724,0,0,0,,,,0,cancelled
2026-04-15 06:00,ord-000671,buy,73914.68,1776235964724,0,0,0,,,,0,cancelled
2026-04-15 06:00,ord-000672,sell,73918.69,1776235964724,0,0,0,,,,0,cancelled
2026-04-15 06:00,ord-000673,buy,73910.01,1776235969724,0.00027000,0,0,,,,0,cancelled
2026-04-15 06:00,ord-000674,sell,73914.02,1776235969724,0,0,0,,,,0,cancelled
2026-04-15 06:00,ord-000675,buy,73908.59,1776235980924,0,0,0,,,,0,cancelled
2026-04-15 06:00,ord-000676,sell,73912.60,1776235980924,0,0,0,,,,0,cancelled
2026-04-15 06:00,ord-000677,buy,73900.85,1776235985924,0,0,0,,,,0,cancelled
2026-04-15 06:00,ord-000678,sell,73904.86,1776235985924,0,0,0,,,,0,cancelled
2026-04-15 06:00,ord-000679,buy,73902.54,1776236000224,0,0,0,,,,0,cancelled
2026-04-15 06:00,ord-000680,sell,73906.55,1776236000224,0,0,0,,,,0,cancelled
2026-04-15 06:00,ord-000681,buy,73909.30,1776236022024,0,0,0,,,,0,cancelled
2026-04-15 06:00,ord-000682,sell,73913.31,1776236022024,0,0,0,,,,0,cancelled
2026-04-15 06:00,ord-000683,buy,73900.86,1776236071724,0,0,0,,,,0,cancelled
2026-04-15 06:00,ord-000684,sell,73904.87,1776236071724,0,0,0,,,,0,cancelled
2026-04-15 06:00,ord-000685,buy,73898.01,1776236076924,0,0,0,,,,0,cancelled
2026-04-15 06:00,ord-000686,sell,73902.02,1776236076924,0,0,0,,,,0,cancelled
2026-04-15 06:00,ord-000687,buy,73900.86,1776236100924,0,0,0,,,,0,cancelled
2026-04-15 06:00,ord-000688,sell,73904.87,1776236100924,0,0,0,,,,0,cancelled
2026-04-15 06:00,ord-000689,buy,73898.00,1776236105924,0.00120000,0.00120000,0,,,,0,cancelled
2026-04-15 06:00,ord-000690,sell,73902.01,1776236105924,0,0,0,,,,0,cancelled
2026-04-15 06:00,ord-000691,buy,73895.40,1776236113124,0.00031000,0.00008000,0,,,,0,cancelled
2026-04-15 06:00,ord-000692,sell,73899.41,1776236113124,0,0,0,,,,0,cancelled
2026-04-15 06:00,ord-000693,buy,73882.31,1776236118124,0,0,0,,,,0,cancelled
2026-04-15 06:00,ord-000694,sell,73886.32,1776236118124,0,0,0,,,,0,cancelled
2026-04-15 06:00,ord-000695,buy,73869.54,1776236123124,0,0,0,,,,0,cancelled
2026-04-15 06:00,ord-000696,sell,73873.55,1776236123124,0,0,0,,,,0,cancelled
2026-04-15 06:00,ord-000697,buy,73861.10,1776236128124,0.00011000,0,0,,,,0,cancelled
2026-04-15 06:00,ord-000698,sell,73865.11,1776236128124,0,0,0,,,,0,cancelled
2026-04-15 06:00,ord-000699,buy,73865.99,1776236141724,0,0,0,,,,0,cancelled
2026-04-15 06:00,ord-000700,sell,73870.00,1776236141724,0.00080000,0.00080000,0,,,,0,cancelled
2026-04-15 06:00,ord-000701,buy,73871.51,1776236146724,0,0,0,,,,0,cancelled
2026-04-15 06:00,ord-000702,sell,73875.52,1776236146724,0,0,0,,,,0,cancelled
2026-04-15 06:00,ord-000703,buy,73876.24,1776236152424,0,0,0,,,,0,cancelled
2026-04-15 06:00,ord-000704,sell,73880.25,1776236152424,0,0,0,,,,0,cancelled
2026-04-15 06:00,ord-000705,buy,73877.14,1776236157424,0,0,0,,,,0,cancelled
2026-04-15 06:00,ord-000706,sell,73881.15,1776236157424,0,0,0,,,,0,cancelled
2026-04-15 06:00,ord-000707,buy,73876.24,1776236166024,0,0,0,,,,0,cancelled
2026-04-15 06:00,ord-000708,sell,73880.25,1776236166024,0,0,0,,,,0,cancelled
2026-04-15 06:00,ord-000709,buy,73881.15,1776236171024,0,0,0,,,,0,cancelled
2026-04-15 06:00,ord-000710,sell,73885.16,1776236171024,0,0,0,,,,0,cancelled
2026-04-15 06:00,ord-000711,buy,73878.66,1776236182524,0,0,0,,,,0,cancelled
2026-04-15 06:00,ord-000712,sell,73882.67,1776236182524,0,0,0,,,,0,cancelled
2026-04-15 06:00,ord-000713,buy,73878.65,1776236187524,0,0,0,,,,0,cancelled
2026-04-15 06:00,ord-000714,sell,73882.66,1776236187524,0,0,0,,,,0,cancelled
2026-04-15 06:00,ord-000715,buy,73869.71,1776236193424,0,0,0,,,,0,cancelled
2026-04-15 06:00,ord-000716,sell,73873.72,1776236193424,0,0,0,,,,0,cancelled
2026-04-15 06:00,ord-000717,buy,73874.22,1776236198424,0,0,0,,,,0,cancelled
2026-04-15 06:00,ord-000718,sell,73878.23,1776236198424,0,0,0,,,,0,cancelled
2026-04-15 06:00,ord-000719,buy,73870.36,1776236204224,0,0,0,,,,0,cancelled
2026-04-15 06:00,ord-000720,sell,73874.37,1776236204224,0,0,0,,,,0,cancelled
2026-04-15 06:00,ord-000721,buy,73861.46,1776236209224,0,0,0,,,,0,cancelled
2026-04-15 06:00,ord-000722,sell,73865.47,1776236209224,0,0,0,,,,0,cancelled
2026-04-15 06:00,ord-000723,buy,73861.49,1776236251724,0,0,0,,,,0,cancelled
2026-04-15 06:00,ord-000724,sell,73865.50,1776236251724,0,0,0,,,,0,cancelled
2026-04-15 06:00,ord-000725,buy,73866.78,1776236265124,0,0,0,,,,0,cancelled
2026-04-15 06:00,ord-000726,sell,73870.79,1776236265124,0,0,0,,,,0,cancelled
2026-04-15 06:00,ord-000727,buy,73875.38,1776236270124,0,0,0,,,,0,cancelled
2026-04-15 06:00,ord-000728,sell,73879.39,1776236270124,0,0,0,,,,0,cancelled
2026-04-15 06:00,ord-000729,buy,73865.90,1776236276400,0,0,0,,,,0,cancelled
2026-04-15 06:00,ord-000730,sell,73869.91,1776236276400,0,0,0,,,,0,cancelled
2026-04-15 06:00,ord-000731,buy,73862.18,1776236281424,0,0,0,,,,0,cancelled
2026-04-15 06:00,ord-000732,sell,73866.19,1776236281424,0,0,0,,,,0,cancelled
2026-04-15 06:00,ord-000733,buy,73877.69,1776236286424,0,0,0,,,,0,cancelled
2026-04-15 06:00,ord-000734,sell,73881.70,1776236286424,0,0,0,,,,0,cancelled
2026-04-15 06:00,ord-000735,buy,73876.92,1776236293224,0,0,0,,,,0,cancelled
2026-04-15 06:00,ord-000736,sell,73880.93,1776236293224,0,0,0,,,,0,cancelled
2026-04-15 06:00,ord-000737,buy,73873.19,1776236298224,0,0,0,,,,0,cancelled
2026-04-15 06:00,ord-000738,sell,73877.20,1776236298224,0,0,0,,,,0,cancelled
2026-04-15 06:00,ord-000739,buy,73867.70,1776236303224,0,0,0,,,,0,cancelled
2026-04-15 06:00,ord-000740,sell,73871.71,1776236303224,0,0,0,,,,0,cancelled
2026-04-15 06:00,ord-000741,buy,73866.00,1776236324824,0.00120000,0,0,,,,0,cancelled
2026-04-15 06:00,ord-000742,sell,73870.01,1776236324824,0,0,0,1776236327993,0,0,0.00036000,cancelled
2026-04-15 06:00,ord-000743,buy,73871.52,1776236329824,0,0,0,,,,0,cancelled
2026-04-15 06:00,ord-000744,sell,73875.53,1776236329824,0,0,0,,,,0,cancelled
2026-04-15 06:00,ord-000745,buy,73877.69,1776236334825,0,0,0,,,,0,cancelled
2026-04-15 06:00,ord-000746,sell,73881.70,1776236334825,0,0,0,,,,0,cancelled
2026-04-15 06:00,ord-000747,buy,73881.07,1776236341224,0,0,0,,,,0,cancelled
2026-04-15 06:00,ord-000748,sell,73885.08,1776236341224,0,0,0,,,,0,cancelled
2026-04-15 06:00,ord-000749,buy,73884.16,1776236346224,0,0,0,,,,0,cancelled
2026-04-15 06:00,ord-000750,sell,73888.17,1776236346224,0,0,0,,,,0,cancelled
2026-04-15 06:00,ord-000751,buy,73902.33,1776236351224,0,0,0,,,,0,cancelled
2026-04-15 06:00,ord-000752,sell,73906.34,1776236351224,0,0,0,,,,0,cancelled
2026-04-15 06:00,ord-000753,buy,73900.51,1776236367724,0,0,0,,,,0,cancelled
2026-04-15 06:00,ord-000754,sell,73904.52,1776236367724,0,0,0,,,,0,cancelled
2026-04-15 06:00,ord-000755,buy,73899.05,1776236376424,0,0,0,,,,0,cancelled
2026-04-15 06:00,ord-000756,sell,73903.06,1776236376424,0,0,0,,,,0,cancelled
2026-04-15 06:00,ord-000757,buy,73895.69,1776236381424,0,0,0,,,,0,cancelled
2026-04-15 06:00,ord-000758,sell,73899.70,1776236381424,0,0,0,,,,0,cancelled
2026-04-15 06:00,ord-000759,buy,73892.90,1776236397524,0,0,0,,,,0,expired
2026-04-15 06:00,ord-000760,sell,73896.91,1776236397524,0,0,0,,,,0,expired
2026-04-15 07:00,ord-000001,buy,73889.61,1776236400224,0,0,0,,,,0,cancelled
2026-04-15 07:00,ord-000002,sell,73893.62,1776236400224,0,0,0,,,,0,cancelled
2026-04-15 07:00,ord-000003,buy,73908.57,1776236405224,0,0,0,,,,0,cancelled
2026-04-15 07:00,ord-000004,sell,73912.58,1776236405224,0,0,0,,,,0,cancelled
2026-04-15 07:00,ord-000005,buy,73899.90,1776236410224,0,0,0,,,,0,cancelled
2026-04-15 07:00,ord-000006,sell,73903.91,1776236410224,0,0,0,,,,0,cancelled
2026-04-15 07:00,ord-000007,buy,73903.64,1776236415824,0,0,0,,,,0,cancelled
2026-04-15 07:00,ord-000008,sell,73907.65,1776236415824,0,0,0,,,,0,cancelled
2026-04-15 07:00,ord-000009,buy,73911.03,1776236420824,0,0,0,,,,0,cancelled
2026-04-15 07:00,ord-000010,sell,73915.04,1776236420824,0,0,0,,,,0,cancelled
2026-04-15 07:00,ord-000011,buy,73913.99,1776236425824,0,0,0,,,,0,cancelled
2026-04-15 07:00,ord-000012,sell,73918.00,1776236425824,0.00120000,0.00120000,0,,,,0,cancelled
2026-04-15 07:00,ord-000013,buy,73917.99,1776236431624,0,0,0,,,,0,cancelled
2026-04-15 07:00,ord-000014,sell,73922.00,1776236431624,0.00120000,0,0,,,,0,cancelled
2026-04-15 07:00,ord-000015,buy,73919.49,1776236436624,0,0,0,,,,0,cancelled
2026-04-15 07:00,ord-000016,sell,73923.50,1776236436624,0,0,0,,,,0,cancelled
2026-04-15 07:00,ord-000017,buy,73921.99,1776236445324,0,0,0,,,,0,cancelled
2026-04-15 07:00,ord-000018,sell,73926.00,1776236445324,0.00120000,0.00120000,0,,,,0,cancelled
2026-04-15 07:00,ord-000019,buy,73925.69,1776236450324,0,0,0,,,,0,cancelled
2026-04-15 07:00,ord-000020,sell,73929.70,1776236450324,0,0,0,,,,0,cancelled
2026-04-15 07:00,ord-000021,buy,73920.42,1776236455324,0,0,0,,,,0,cancelled
2026-04-15 07:00,ord-000022,sell,73924.43,1776236455324,0,0,0,,,,0,cancelled
2026-04-15 07:00,ord-000023,buy,73913.99,1776236460324,0,0,0,,,,0,cancelled
2026-04-15 07:00,ord-000024,sell,73918.00,1776236460324,0,0,0,,,,0,cancelled
2026-04-15 07:00,ord-000025,buy,73903.64,1776236465324,0,0,0,,,,0,cancelled
2026-04-15 07:00,ord-000026,sell,73907.65,1776236465324,0,0,0,,,,0,cancelled
2026-04-15 07:00,ord-000027,buy,73899.89,1776236470324,0,0,0,,,,0,cancelled
2026-04-15 07:00,ord-000028,sell,73903.90,1776236470324,0,0,0,,,,0,cancelled
2026-04-15 07:00,ord-000029,buy,73898.00,1776236475324,0.00120000,0,0,,,,0,cancelled
2026-04-15 07:00,ord-000030,sell,73902.01,1776236475324,0,0,0,,,,0,cancelled
2026-04-15 07:00,ord-000031,buy,73898.44,1776236481724,0,0,0,,,,0,cancelled
2026-04-15 07:00,ord-000032,sell,73902.45,1776236481724,0,0,0,,,,0,cancelled
2026-04-15 07:00,ord-000033,buy,73893.86,1776236486724,0,0,0,,,,0,cancelled
2026-04-15 07:00,ord-000034,sell,73897.87,1776236486724,0,0,0,,,,0,cancelled
2026-04-15 07:00,ord-000035,buy,73892.91,1776236491724,0,0,0,,,,0,cancelled
2026-04-15 07:00,ord-000036,sell,73896.92,1776236491724,0,0,0,,,,0,cancelled
2026-04-15 07:00,ord-000037,buy,73890.20,1776236500824,0,0,0,,,,0,cancelled
2026-04-15 07:00,ord-000038,sell,73894.21,1776236500824,0,0,0,,,,0,cancelled
2026-04-15 07:00,ord-000039,buy,73886.42,1776236507324,0,0,0,,,,0,cancelled
2026-04-15 07:00,ord-000040,sell,73890.43,1776236507324,0,0,0,,,,0,cancelled
2026-04-15 07:00,ord-000041,buy,73877.84,1776236512324,0,0,0,,,,0,cancelled
2026-04-15 07:00,ord-000042,sell,73881.85,1776236512324,0,0,0,,,,0,cancelled
2026-04-15 07:00,ord-000043,buy,73872.24,1776236524224,0,0,0,,,,0,cancelled
2026-04-15 07:00,ord-000044,sell,73876.25,1776236524224,0,0,0,,,,0,cancelled
2026-04-15 07:00,ord-000045,buy,73884.01,1776236529224,0,0,0,,,,0,cancelled
2026-04-15 07:00,ord-000046,sell,73888.02,1776236529224,0,0,0,,,,0,cancelled
2026-04-15 07:00,ord-000047,buy,73887.98,1776236536724,0,0,0,,,,0,cancelled
2026-04-15 07:00,ord-000048,sell,73891.99,1776236536724,0,0,0,,,,0,cancelled
2026-04-15 07:00,ord-000049,buy,73890.62,1776236541724,0,0,0,,,,0,cancelled
2026-04-15 07:00,ord-000050,sell,73894.63,1776236541724,0,0,0,,,,0,cancelled
2026-04-15 07:00,ord-000051,buy,73898.73,1776236546724,0,0,0,,,,0,cancelled
2026-04-15 07:00,ord-000052,sell,73902.74,1776236546724,0,0,0,,,,0,cancelled
2026-04-15 07:00,ord-000053,buy,73908.57,1776236551724,0,0,0,,,,0,cancelled
2026-04-15 07:00,ord-000054,sell,73912.58,1776236551724,0,0,0,,,,0,cancelled
2026-04-15 07:00,ord-000055,buy,73912.78,1776236556724,0,0,0,,,,0,cancelled
2026-04-15 07:00,ord-000056,sell,73916.79,1776236556724,0,0,0,,,,0,cancelled
2026-04-15 07:00,ord-000057,buy,73908.57,1776236561724,0,0,0,,,,0,cancelled
2026-04-15 07:00,ord-000058,sell,73912.58,1776236561724,0,0,0,,,,0,cancelled
2026-04-15 07:00,ord-000059,buy,73910.94,1776236577224,0,0,0,,,,0,cancelled
2026-04-15 07:00,ord-000060,sell,73914.95,1776236577224,0,0,0,,,,0,cancelled
2026-04-15 07:00,ord-000061,buy,73912.78,1776236582224,0,0,0,,,,0,cancelled
2026-04-15 07:00,ord-000062,sell,73916.79,1776236582224,0,0,0,,,,0,cancelled
2026-04-15 07:00,ord-000063,buy,73913.99,1776236611024,0,0,0,,,,0,cancelled
2026-04-15 07:00,ord-000064,sell,73918.00,1776236611024,0.00120000,0.00120000,0,,,,0,cancelled
2026-04-15 07:00,ord-000065,buy,73919.14,1776236616024,0.00896000,0,0,,,,0,cancelled
2026-04-15 07:00,ord-000066,sell,73923.15,1776236616024,0,0,0,,,,0,cancelled
2026-04-15 07:00,ord-000067,buy,73919.99,1776236644224,0,0,0,,,,0,cancelled
2026-04-15 07:00,ord-000068,sell,73924.00,1776236644224,0,0,0,,,,0,cancelled
2026-04-15 07:00,ord-000069,buy,73942.59,1776236649224,0,0,0,,,,0,cancelled
2026-04-15 07:00,ord-000070,sell,73946.60,1776236649224,0,0,0,,,,0,cancelled
2026-04-15 07:00,ord-000071,buy,73938.23,1776236662124,0,0,0,,,,0,cancelled
2026-04-15 07:00,ord-000072,sell,73942.24,1776236662124,0,0,0,,,,0,cancelled
2026-04-15 07:00,ord-000073,buy,73934.17,1776236667124,0,0,0,,,,0,cancelled
2026-04-15 07:00,ord-000074,sell,73938.18,1776236667124,0,0,0,,,,0,cancelled
2026-04-15 07:00,ord-000075,buy,73925.48,1776236672124,0,0,0,,,,0,cancelled
2026-04-15 07:00,ord-000076,sell,73929.49,1776236672124,0,0,0,,,,0,cancelled
2026-04-15 07:00,ord-000077,buy,73930.11,1776236685224,0,0,0,,,,0,cancelled
2026-04-15 07:00,ord-000078,sell,73934.12,1776236685224,0,0,0,,,,0,cancelled
2026-04-15 07:00,ord-000079,buy,73931.99,1776236691124,0,0,0,,,,0,cancelled
2026-04-15 07:00,ord-000080,sell,73936.00,1776236691124,0.00120000,0,0,,,,0,cancelled
2026-04-15 07:00,ord-000081,buy,73879.99,1776236696124,0,0,0,,,,0,cancelled
2026-04-15 07:00,ord-000082,sell,73884.00,1776236696124,0,0,0,,,,0,cancelled
2026-04-15 07:00,ord-000083,buy,73895.70,1776236701124,0,0,0,1776236704445,0,0,0.001,filled
2026-04-15 07:00,ord-000084,sell,73899.71,1776236701124,0,0,0,,,,0,cancelled
2026-04-15 07:00,ord-000085,buy,73881.20,1776236704524,0,0,0,,,,0,cancelled
2026-04-15 07:00,ord-000086,sell,73885.21,1776236704524,0,0,0,,,,0,cancelled
2026-04-15 07:00,ord-000087,buy,73872.60,1776236709524,0,0,0,,,,0,cancelled
2026-04-15 07:00,ord-000088,sell,73876.61,1776236709524,0,0,0,,,,0,cancelled
2026-04-15 07:00,ord-000089,buy,73888.73,1776236714524,0,0,0,,,,0,cancelled
2026-04-15 07:00,ord-000090,sell,73892.74,1776236714524,0,0,0,,,,0,cancelled
2026-04-15 07:00,ord-000091,buy,73874.45,1776236719524,0,0,0,,,,0,cancelled
2026-04-15 07:00,ord-000092,sell,73878.46,1776236719524,0,0,0,,,,0,cancelled
2026-04-15 07:00,ord-000093,buy,73873.63,1776236726824,0,0,0,,,,0,cancelled
2026-04-15 07:00,ord-000094,sell,73877.64,1776236726824,0,0,0,,,,0,cancelled
2026-04-15 07:00,ord-000095,buy,73868.07,1776236731824,0,0,0,,,,0,cancelled
2026-04-15 07:00,ord-000096,sell,73872.08,1776236731824,0,0,0,,,,0,cancelled
2026-04-15 07:00,ord-000097,buy,73848.28,1776236736824,0,0,0,,,,0,cancelled
2026-04-15 07:00,ord-000098,sell,73852.29,1776236736824,0,0,0,,,,0,cancelled
2026-04-15 07:00,ord-000099,buy,73848.99,1776236741826,0.01016000,0,0,,,,0,cancelled
2026-04-15 07:00,ord-000100,sell,73853.00,1776236741826,0,0,0,,,,0,cancelled
2026-04-15 07:00,ord-000101,buy,73848.00,1776236747124,0.00120000,0,0,,,,0,cancelled
2026-04-15 07:00,ord-000102,sell,73852.01,1776236747124,0,0,0,,,,0,cancelled
2026-04-15 07:00,ord-000103,buy,73859.01,1776236752124,0,0,0,,,,0,cancelled
2026-04-15 07:00,ord-000104,sell,73863.02,1776236752124,0,0,0,,,,0,cancelled
2026-04-15 07:00,ord-000105,buy,73855.60,1776236757124,0,0,0,,,,0,cancelled
2026-04-15 07:00,ord-000106,sell,73859.61,1776236757124,0,0,0,,,,0,cancelled
2026-04-15 07:00,ord-000107,buy,73845.01,1776236762124,0,0,0,,,,0,cancelled
2026-04-15 07:00,ord-000108,sell,73849.02,1776236762124,0,0,0,,,,0,cancelled
2026-04-15 07:00,ord-000109,buy,73845.00,1776236767124,0.00007000,0,0,,,,0,cancelled
2026-04-15 07:00,ord-000110,sell,73849.01,1776236767124,0,0,0,,,,0,cancelled
2026-04-15 07:00,ord-000111,buy,73841.20,1776236773924,0,0,0,,,,0,cancelled
2026-04-15 07:00,ord-000112,sell,73845.21,1776236773924,0,0,0,,,,0,cancelled
2026-04-15 07:00,ord-000113,buy,73838.26,1776236778924,0,0,0,,,,0,cancelled
2026-04-15 07:00,ord-000114,sell,73842.27,1776236778924,0,0,0,,,,0,cancelled
2026-04-15 07:00,ord-000115,buy,73840.53,1776236783924,0.00007000,0,0,,,,0,cancelled
2026-04-15 07:00,ord-000116,sell,73844.54,1776236783924,0,0,0,,,,0,cancelled
2026-04-15 07:00,ord-000117,buy,73844.99,1776236788924,0,0,0,,,,0,cancelled
2026-04-15 07:00,ord-000118,sell,73849.00,1776236788924,0,0,0,,,,0,cancelled
2026-04-15 07:00,ord-000119,buy,73831.38,1776236793924,0,0,0,,,,0,cancelled
2026-04-15 07:00,ord-000120,sell,73835.39,1776236793924,0,0,0,,,,0,cancelled
2026-04-15 07:00,ord-000121,buy,73842.74,1776236798924,0,0,0,,,,0,cancelled
2026-04-15 07:00,ord-000122,sell,73846.75,1776236798924,0,0,0,,,,0,cancelled
2026-04-15 07:00,ord-000123,buy,73850.92,1776236803925,0,0,0,,,,0,cancelled
2026-04-15 07:00,ord-000124,sell,73854.93,1776236803925,0,0,0,,,,0,cancelled
2026-04-15 07:00,ord-000125,buy,73844.62,1776236809024,0,0,0,,,,0,cancelled
2026-04-15 07:00,ord-000126,sell,73848.63,1776236809024,0,0,0,,,,0,cancelled
2026-04-15 07:00,ord-000127,buy,73842.74,1776236814024,0,0,0,,,,0,cancelled
2026-04-15 07:00,ord-000128,sell,73846.75,1776236814024,0,0,0,,,,0,cancelled
2026-04-15 07:00,ord-000129,buy,73827.60,1776236819024,0,0,0,,,,0,cancelled
2026-04-15 07:00,ord-000130,sell,73831.61,1776236819024,0,0,0,,,,0,cancelled
2026-04-15 07:00,ord-000131,buy,73837.87,1776236824024,0,0,0,,,,0,cancelled
2026-04-15 07:00,ord-000132,sell,73841.88,1776236824024,0,0,0,,,,0,cancelled
2026-04-15 07:00,ord-000133,buy,73824.09,1776236829024,0,0,0,,,,0,cancelled
2026-04-15 07:00,ord-000134,sell,73828.10,1776236829024,0,0,0,,,,0,cancelled
2026-04-15 07:00,ord-000135,buy,73827.49,1776236834024,0,0,0,,,,0,cancelled
2026-04-15 07:00,ord-000136,sell,73831.50,1776236834024,0,0,0,,,,0,cancelled
2026-04-15 07:00,ord-000137,buy,73824.10,1776236839024,0,0,0,,,,0,cancelled
2026-04-15 07:00,ord-000138,sell,73828.11,1776236839024,0,0,0,,,,0,cancelled
2026-04-15 07:00,ord-000139,buy,73825.90,1776236844024,0,0,0,,,,0,cancelled
2026-04-15 07:00,ord-000140,sell,73829.91,1776236844024,0,0,0,,,,0,cancelled
2026-04-15 07:00,ord-000141,buy,73820.31,1776236849024,0,0,0,,,,0,cancelled
2026-04-15 07:00,ord-000142,sell,73824.32,1776236849024,0,0,0,,,,0,cancelled
2026-04-15 07:00,ord-000143,buy,73836.48,1776236854024,0,0,0,,,,0,cancelled
2026-04-15 07:00,ord-000144,sell,73840.49,1776236854024,0,0,0,,,,0,cancelled
2026-04-15 07:00,ord-000145,buy,73832.15,1776236859024,0,0,0,,,,0,cancelled
2026-04-15 07:00,ord-000146,sell,73836.16,1776236859024,0,0,0,,,,0,cancelled
2026-04-15 07:00,ord-000147,buy,73838.85,1776236864324,0,0,0,,,,0,cancelled
2026-04-15 07:00,ord-000148,sell,73842.86,1776236864324,0,0,0,,,,0,cancelled
2026-04-15 07:00,ord-000149,buy,73833.00,1776236869324,0,0,0,,,,0,cancelled
2026-04-15 07:00,ord-000150,sell,73837.01,1776236869324,0,0,0,,,,0,cancelled
2026-04-15 07:00,ord-000151,buy,73839.55,1776236874324,0,0,0,,,,0,cancelled
2026-04-15 07:00,ord-000152,sell,73843.56,1776236874324,0,0,0,,,,0,cancelled
2026-04-15 07:00,ord-000153,buy,73837.06,1776236879324,0,0,0,,,,0,cancelled
2026-04-15 07:00,ord-000154,sell,73841.07,1776236879324,0,0,0,,,,0,cancelled
2026-04-15 07:00,ord-000155,buy,73850.62,1776236884324,0,0,0,,,,0,cancelled
2026-04-15 07:00,ord-000156,sell,73854.63,1776236884324,0,0,0,,,,0,cancelled
2026-04-15 07:00,ord-000157,buy,73855.29,1776236889324,0,0,0,,,,0,cancelled
2026-04-15 07:00,ord-000158,sell,73859.30,1776236889324,0,0,0,,,,0,cancelled
2026-04-15 07:00,ord-000159,buy,73846.80,1776236901324,0,0,0,,,,0,cancelled
2026-04-15 07:00,ord-000160,sell,73850.81,1776236901324,0,0,0,,,,0,cancelled
2026-04-15 07:00,ord-000161,buy,73837.14,1776236917624,0,0,0,,,,0,cancelled
2026-04-15 07:00,ord-000162,sell,73841.15,1776236917624,0,0,0,,,,0,cancelled
2026-04-15 07:00,ord-000163,buy,73836.59,1776236925924,0,0,0,,,,0,cancelled
2026-04-15 07:00,ord-000164,sell,73840.60,1776236925924,0,0,0,,,,0,cancelled
2026-04-15 07:00,ord-000165,buy,73833.00,1776236930924,0,0,0,,,,0,cancelled
2026-04-15 07:00,ord-000166,sell,73837.01,1776236930924,0,0,0,,,,0,cancelled
2026-04-15 07:00,ord-000167,buy,73839.47,1776236936824,0,0,0,,,,0,cancelled
2026-04-15 07:00,ord-000168,sell,73843.48,1776236936824,0,0,0,,,,0,cancelled
2026-04-15 07:00,ord-000169,buy,73833.00,1776236941824,0,0,0,,,,0,cancelled
2026-04-15 07:00,ord-000170,sell,73837.01,1776236941824,0,0,0,,,,0,cancelled
2026-04-15 07:00,ord-000171,buy,73844.51,1776236946824,0,0,0,,,,0,cancelled
2026-04-15 07:00,ord-000172,sell,73848.52,1776236946824,0,0,0,,,,0,cancelled
2026-04-15 07:00,ord-000173,buy,73845.91,1776236951924,0,0,0,,,,0,cancelled
2026-04-15 07:00,ord-000174,sell,73849.92,1776236951924,0,0,0,,,,0,cancelled
2026-04-15 07:00,ord-000175,buy,73855.92,1776236956924,0.00007000,0,0,,,,0,cancelled
2026-04-15 07:00,ord-000176,sell,73859.93,1776236956924,0,0,0,,,,0,cancelled
2026-04-15 07:00,ord-000177,buy,73861.09,1776236962224,0,0,0,,,,0,cancelled
2026-04-15 07:00,ord-000178,sell,73865.10,1776236962224,0,0,0,,,,0,cancelled
2026-04-15 07:00,ord-000179,buy,73869.11,1776236967224,0,0,0,,,,0,cancelled
2026-04-15 07:00,ord-000180,sell,73873.12,1776236967224,0,0,0,,,,0,cancelled
2026-04-15 07:00,ord-000181,buy,73866.68,1776236975324,0,0,0,,,,0,cancelled
2026-04-15 07:00,ord-000182,sell,73870.69,1776236975324,0.17500000,0,0,,,,0,cancelled
2026-04-15 07:00,ord-000183,buy,73855.92,1776236980324,0.00007000,0,0,,,,0,cancelled
2026-04-15 07:00,ord-000184,sell,73859.93,1776236980324,0,0,0,,,,0,cancelled
2026-04-15 07:00,ord-000185,buy,73854.46,1776236986224,0,0,0,,,,0,cancelled
2026-04-15 07:00,ord-000186,sell,73858.47,1776236986224,0,0,0,,,,0,cancelled
2026-04-15 07:00,ord-000187,buy,73846.70,1776236991224,0,0,0,,,,0,cancelled
2026-04-15 07:00,ord-000188,sell,73850.71,1776236991224,0,0,0,,,,0,cancelled
2026-04-15 07:00,ord-000189,buy,73842.73,1776236996224,0,0,0,,,,0,cancelled
2026-04-15 07:00,ord-000190,sell,73846.74,1776236996224,0,0,0,,,,0,cancelled
2026-04-15 07:00,ord-000191,buy,73851.06,1776237001224,0,0,0,,,,0,cancelled
2026-04-15 07:00,ord-000192,sell,73855.07,1776237001224,0,0,0,,,,0,cancelled
2026-04-15 07:00,ord-000193,buy,73852.09,1776237006224,0,0,0,,,,0,cancelled
2026-04-15 07:00,ord-000194,sell,73856.10,1776237006224,0,0,0,,,,0,cancelled
2026-04-15 07:00,ord-000195,buy,73853.01,1776237011224,0,0,0,,,,0,cancelled
2026-04-15 07:00,ord-000196,sell,73857.02,1776237011224,0,0,0,,,,0,cancelled
2026-04-15 07:00,ord-000197,buy,73854.00,1776237016224,1.01702000,0,0,,,,0,cancelled
2026-04-15 07:00,ord-000198,sell,73858.01,1776237016224,0,0,0,,,,0,cancelled
2026-04-15 07:00,ord-000199,buy,73853.95,1776237032524,0,0,0,,,,0,cancelled
2026-04-15 07:00,ord-000200,sell,73857.96,1776237032524,0,0,0,,,,0,cancelled
2026-04-15 07:00,ord-000201,buy,73853.00,1776237037524,0,0,0,,,,0,cancelled
2026-04-15 07:00,ord-000202,sell,73857.01,1776237037524,0,0,0,,,,0,cancelled
2026-04-15 07:00,ord-000203,buy,73853.93,1776237044724,0,0,0,,,,0,cancelled
2026-04-15 07:00,ord-000204,sell,73857.94,1776237044724,0.00168000,0.00168000,0,,,,0,cancelled
2026-04-15 07:00,ord-000205,buy,73869.99,1776237049724,0,0,0,,,,0,cancelled
2026-04-15 07:00,ord-000206,sell,73874.00,1776237049724,0.00120000,0.00120000,0,,,,0,cancelled
2026-04-15 07:00,ord-000207,buy,73881.98,1776237054724,0.00026000,0,0,,,,0,cancelled
2026-04-15 07:00,ord-000208,sell,73885.99,1776237054724,0,0,0,,,,0,cancelled
2026-04-15 07:00,ord-000209,buy,73888.56,1776237063824,0,0,0,,,,0,cancelled
2026-04-15 07:00,ord-000210,sell,73892.57,1776237063824,0,0,0,,,,0,cancelled
2026-04-15 07:00,ord-000211,buy,73875.10,1776237073024,0,0,0,,,,0,cancelled
2026-04-15 07:00,ord-000212,sell,73879.11,1776237073024,0,0,0,,,,0,cancelled
2026-04-15 07:00,ord-000213,buy,73897.78,1776237078024,0,0,0,,,,0,cancelled
2026-04-15 07:00,ord-000214,sell,73901.79,1776237078024,0,0,0,,,,0,cancelled
2026-04-15 07:00,ord-000215,buy,73929.99,1776237083024,0,0,0,,,,0,cancelled
2026-04-15 07:00,ord-000216,sell,73934.00,1776237083024,0.00120000,0.00120000,0,,,,0,cancelled
2026-04-15 07:00,ord-000217,buy,73938.04,1776237088025,0,0,0,,,,0,cancelled
2026-04-15 07:00,ord-000218,sell,73942.05,1776237088025,0,0,0,,,,0,cancelled
2026-04-15 07:00,ord-000219,buy,73943.89,1776237093124,0,0,0,,,,0,cancelled
2026-04-15 07:00,ord-000220,sell,73947.90,1776237093124,0,0,0,,,,0,cancelled
2026-04-15 07:00,ord-000221,buy,73944.94,1776237098224,0,0,0,,,,0,cancelled
2026-04-15 07:00,ord-000222,sell,73948.95,1776237098224,0,0,0,,,,0,cancelled
2026-04-15 07:00,ord-000223,buy,73967.96,1776237103224,0,0,0,,,,0,cancelled
2026-04-15 07:00,ord-000224,sell,73971.97,1776237103224,0,0,0,,,,0,cancelled
2026-04-15 07:00,ord-000225,buy,73975.90,1776237108224,0,0,0,,,,0,cancelled
2026-04-15 07:00,ord-000226,sell,73979.91,1776237108224,0,0,0,,,,0,cancelled
2026-04-15 07:00,ord-000227,buy,73989.55,1776237113224,0,0,0,,,,0,cancelled
2026-04-15 07:00,ord-000228,sell,73993.56,1776237113224,0,0,0,,,,0,cancelled
2026-04-15 07:00,ord-000229,buy,73992.32,1776237118224,0,0,0,,,,0,cancelled
2026-04-15 07:00,ord-000230,sell,73996.33,1776237118224,0.00023000,0.00023000,0,1776237118316,0.00023000,0.00000000,0.00008000,cancelled
2026-04-15 07:00,ord-000231,buy,73997.99,1776237123224,0,0,0,,,,0,cancelled
2026-04-15 07:00,ord-000232,sell,74002.00,1776237123224,0.00120000,0,0,,,,0,cancelled
2026-04-15 07:00,ord-000233,buy,73979.00,1776237128224,0.97467000,0.97467000,0,1776237130729,0.97467000,0.00000000,0.001,filled
2026-04-15 07:00,ord-000234,sell,73983.01,1776237128224,0,0,0,,,,0,cancelled
2026-04-15 07:00,ord-000235,buy,73972.92,1776237130824,0,0,0,,,,0,cancelled
2026-04-15 07:00,ord-000236,sell,73976.93,1776237130824,0,0,0,,,,0,cancelled
2026-04-15 07:00,ord-000237,buy,73956.00,1776237135824,0.00120000,0,0,,,,0,cancelled
2026-04-15 07:00,ord-000238,sell,73960.01,1776237135824,0,0,0,,,,0,cancelled
2026-04-15 07:00,ord-000239,buy,73968.13,1776237140824,0,0,0,,,,0,cancelled
2026-04-15 07:00,ord-000240,sell,73972.14,1776237140824,0,0,0,,,,0,cancelled
2026-04-15 07:00,ord-000241,buy,73981.89,1776237145825,0,0,0,,,,0,cancelled
2026-04-15 07:00,ord-000242,sell,73985.90,1776237145825,0,0,0,,,,0,cancelled
2026-04-15 07:00,ord-000243,buy,73985.69,1776237150924,0,0,0,,,,0,cancelled
2026-04-15 07:00,ord-000244,sell,73989.70,1776237150924,0,0,0,,,,0,cancelled
2026-04-15 07:00,ord-000245,buy,73993.25,1776237156033,0,0,0,,,,0,cancelled
2026-04-15 07:00,ord-000246,sell,73997.26,1776237156033,0,0,0,,,,0,cancelled
2026-04-15 07:00,ord-000247,buy,73997.33,1776237161124,0,0,0,,,,0,cancelled
2026-04-15 07:00,ord-000248,sell,74001.34,1776237161124,0,0,0,,,,0,cancelled
2026-04-15 07:00,ord-000249,buy,73998.15,1776237166124,0,0,0,,,,0,cancelled
2026-04-15 07:00,ord-000250,sell,74002.16,1776237166124,0,0,0,,,,0,cancelled
2026-04-15 07:00,ord-000251,buy,74004.82,1776237171124,0,0,0,,,,0,cancelled
2026-04-15 07:00,ord-000252,sell,74008.83,1776237171124,0,0,0,,,,0,cancelled
2026-04-15 07:00,ord-000253,buy,74008.17,1776237176124,0,0,0,,,,0,cancelled
2026-04-15 07:00,ord-000254,sell,74012.18,1776237176124,0,0,0,,,,0,cancelled
2026-04-15 07:00,ord-000255,buy,74014.66,1776237181324,0,0,0,,,,0,cancelled
2026-04-15 07:00,ord-000256,sell,74018.67,1776237181324,0,0,0,,,,0,cancelled
2026-04-15 07:00,ord-000257,buy,74003.63,1776237186324,0,0,0,,,,0,cancelled
2026-04-15 07:00,ord-000258,sell,74007.64,1776237186324,0,0,0,,,,0,cancelled
2026-04-15 07:00,ord-000259,buy,73991.92,1776237191324,0,0,0,,,,0,cancelled
2026-04-15 07:00,ord-000260,sell,73995.93,1776237191324,0,0,0,,,,0,cancelled
2026-04-15 07:00,ord-000261,buy,73990.00,1776237197424,0.00120000,0.00120000,0,,,,0,cancelled
2026-04-15 07:00,ord-000262,sell,73994.01,1776237197424,0,0,0,,,,0,cancelled
2026-04-15 07:00,ord-000263,buy,73975.15,1776237202424,0,0,0,,,,0,cancelled
2026-04-15 07:00,ord-000264,sell,73979.16,1776237202424,0,0,0,,,,0,cancelled
2026-04-15 07:00,ord-000265,buy,73973.97,1776237207424,0,0,0,,,,0,cancelled
2026-04-15 07:00,ord-000266,sell,73977.98,1776237207424,0,0,0,,,,0,cancelled
2026-04-15 07:00,ord-000267,buy,73981.26,1776237212424,0,0,0,,,,0,cancelled
2026-04-15 07:00,ord-000268,sell,73985.27,1776237212424,0,0,0,,,,0,cancelled
2026-04-15 07:00,ord-000269,buy,73976.40,1776237223124,0,0,0,,,,0,cancelled
2026-04-15 07:00,ord-000270,sell,73980.41,1776237223124,0,0,0,,,,0,cancelled
2026-04-15 07:00,ord-000271,buy,73961.81,1776237228124,0,0,0,,,,0,cancelled
2026-04-15 07:00,ord-000272,sell,73965.82,1776237228124,0,0,0,,,,0,cancelled
2026-04-15 07:00,ord-000273,buy,73938.50,1776237233124,0.00324000,0,0,,,,0,cancelled
2026-04-15 07:00,ord-000274,sell,73942.51,1776237233124,0.00007000,0.00007000,0,,,,0,cancelled
2026-04-15 07:00,ord-000275,buy,73941.05,1776237239124,0,0,0,,,,0,cancelled
2026-04-15 07:00,ord-000276,sell,73945.06,1776237239124,0,0,0,,,,0,cancelled
2026-04-15 07:00,ord-000277,buy,73946.82,1776237244124,0,0,0,,,,0,cancelled
2026-04-15 07:00,ord-000278,sell,73950.83,1776237244124,0,0,0,,,,0,cancelled
2026-04-15 07:00,ord-000279,buy,73932.33,1776237249124,0,0,0,,,,0,cancelled
2026-04-15 07:00,ord-000280,sell,73936.34,1776237249124,0,0,0,,,,0,cancelled
2026-04-15 07:00,ord-000281,buy,73924.93,1776237254124,0,0,0,,,,0,cancelled
2026-04-15 07:00,ord-000282,sell,73928.94,1776237254124,0,0,0,,,,0,cancelled
2026-04-15 07:00,ord-000283,buy,73932.72,1776237259224,0,0,0,,,,0,cancelled
2026-04-15 07:00,ord-000284,sell,73936.73,1776237259224,0,0,0,,,,0,cancelled
2026-04-15 07:00,ord-000285,buy,73929.47,1776237264224,0,0,0,,,,0,cancelled
2026-04-15 07:00,ord-000286,sell,73933.48,1776237264224,0,0,0,,,,0,cancelled
2026-04-15 07:00,ord-000287,buy,73927.94,1776237269224,0,0,0,,,,0,cancelled
2026-04-15 07:00,ord-000288,sell,73931.95,1776237269224,0,0,0,,,,0,cancelled
2026-04-15 07:00,ord-000289,buy,73924.26,1776237274224,0,0,0,,,,0,cancelled
2026-04-15 07:00,ord-000290,sell,73928.27,1776237274224,0,0,0,,,,0,cancelled
2026-04-15 07:00,ord-000291,buy,73924.24,1776237288224,0,0,0,,,,0,cancelled
2026-04-15 07:00,ord-000292,sell,73928.25,1776237288224,0.25145000,0,0,,,,0,cancelled
2026-04-15 07:00,ord-000293,buy,73923.66,1776237293224,0,0,0,,,,0,cancelled
2026-04-15 07:00,ord-000294,sell,73927.67,1776237293224,0,0,0,,,,0,cancelled
2026-04-15 07:00,ord-000295,buy,73913.00,1776237298224,0,0,0,,,,0,cancelled
2026-04-15 07:00,ord-000296,sell,73917.01,1776237298224,0,0,0,,,,0,cancelled
2026-04-15 07:00,ord-000297,buy,73906.38,1776237303224,0,0,0,,,,0,cancelled
2026-04-15 07:00,ord-000298,sell,73910.39,1776237303224,0,0,0,,,,0,cancelled
2026-04-15 07:00,ord-000299,buy,73905.60,1776237309824,0,0,0,,,,0,cancelled
2026-04-15 07:00,ord-000300,sell,73909.61,1776237309824,0,0,0,,,,0,cancelled
2026-04-15 07:00,ord-000301,buy,73897.18,1776237314824,0,0,0,,,,0,cancelled
2026-04-15 07:00,ord-000302,sell,73901.19,1776237314824,0,0,0,,,,0,cancelled
2026-04-15 07:00,ord-000303,buy,73896.89,1776237329924,0,0,0,,,,0,cancelled
2026-04-15 07:00,ord-000304,sell,73900.90,1776237329924,0,0,0,,,,0,cancelled
2026-04-15 07:00,ord-000305,buy,73891.96,1776237334924,0,0,0,,,,0,cancelled
2026-04-15 07:00,ord-000306,sell,73895.97,1776237334924,0,0,0,,,,0,cancelled
2026-04-15 07:00,ord-000307,buy,73887.49,1776237341124,0,0,0,,,,0,cancelled
2026-04-15 07:00,ord-000308,sell,73891.50,1776237341124,0,0,0,,,,0,cancelled
2026-04-15 07:00,ord-000309,buy,73885.72,1776237348024,0,0,0,,,,0,cancelled
2026-04-15 07:00,ord-000310,sell,73889.73,1776237348024,0,0,0,,,,0,cancelled
2026-04-15 07:00,ord-000311,buy,73883.78,1776237353024,0,0,0,1776237361757,0,0,0.001,filled
2026-04-15 07:00,ord-000312,sell,73887.79,1776237353024,0,0,0,,,,0,cancelled
2026-04-15 07:00,ord-000313,buy,73879.07,1776237361824,0,0,0,,,,0,cancelled
2026-04-15 07:00,ord-000314,sell,73883.08,1776237361824,0,0,0,,,,0,cancelled
2026-04-15 07:00,ord-000315,buy,73872.00,1776237366824,0.00120000,0,0,,,,0,cancelled
2026-04-15 07:00,ord-000316,sell,73876.01,1776237366824,0.00022000,0.00022000,0,1776237368887,0.00022000,0.00000000,0.00027000,cancelled
2026-04-15 07:00,ord-000317,buy,73876.23,1776237371824,0,0,0,,,,0,cancelled
2026-04-15 07:00,ord-000318,sell,73880.24,1776237371824,0,0,0,,,,0,cancelled
2026-04-15 07:00,ord-000319,buy,73876.99,1776237381124,0,0,0,,,,0,cancelled
2026-04-15 07:00,ord-000320,sell,73881.00,1776237381124,0,0,0,,,,0,cancelled
2026-04-15 07:00,ord-000321,buy,73880.67,1776237386124,0,0,0,,,,0,cancelled
2026-04-15 07:00,ord-000322,sell,73884.68,1776237386124,0,0,0,,,,0,cancelled
2026-04-15 07:00,ord-000323,buy,73880.25,1776237391224,0,0,0,,,,0,cancelled
2026-04-15 07:00,ord-000324,sell,73884.26,1776237391224,0,0,0,,,,0,cancelled
2026-04-15 07:00,ord-000325,buy,73876.25,1776237396224,0,0,0,,,,0,cancelled
2026-04-15 07:00,ord-000326,sell,73880.26,1776237396224,0,0,0,,,,0,cancelled
2026-04-15 07:00,ord-000327,buy,73876.94,1776237401224,0,0,0,,,,0,cancelled
2026-04-15 07:00,ord-000328,sell,73880.95,1776237401224,0,0,0,,,,0,cancelled
2026-04-15 07:00,ord-000329,buy,73864.25,1776237406224,0,0,0,,,,0,cancelled
2026-04-15 07:00,ord-000330,sell,73868.26,1776237406224,0,0,0,,,,0,cancelled
2026-04-15 07:00,ord-000331,buy,73864.26,1776237411224,0,0,0,,,,0,cancelled
2026-04-15 07:00,ord-000332,sell,73868.27,1776237411224,0,0,0,,,,0,cancelled
2026-04-15 07:00,ord-000333,buy,73846.00,1776237416224,0.40861000,0.40861000,0,1776237421140,0.03895000,0.00000000,0.001,filled
2026-04-15 07:00,ord-000334,sell,73850.01,1776237416224,0.35378000,0,0,,,,0,cancelled
2026-04-15 07:00,ord-000335,buy,73842.53,1776237421224,0,0,0,,,,0,cancelled
2026-04-15 07:00,ord-000336,sell,73846.54,1776237421224,0,0,0,,,,0,cancelled
2026-04-15 07:00,ord-000337,buy,73844.00,1776237428624,0.00120000,0,0,,,,0,cancelled
2026-04-15 07:00,ord-000338,sell,73848.01,1776237428624,0.02278000,0,0,,,,0,cancelled
2026-04-15 07:00,ord-000339,buy,73843.95,1776237438924,0,0,0,,,,0,cancelled
2026-04-15 07:00,ord-000340,sell,73847.96,1776237438924,0,0,0,,,,0,cancelled
2026-04-15 07:00,ord-000341,buy,73830.12,1776237443924,0,0,0,,,,0,cancelled
2026-04-15 07:00,ord-000342,sell,73834.13,1776237443924,0,0,0,,,,0,cancelled
2026-04-15 07:00,ord-000343,buy,73687.94,1776237448924,0,0,0,,,,0,cancelled
2026-04-15 07:00,ord-000344,sell,73691.95,1776237448924,0,0,0,,,,0,cancelled
2026-04-15 07:00,ord-000345,buy,73675.80,1776237453924,0,0,0,,,,0,cancelled
2026-04-15 07:00,ord-000346,sell,73679.81,1776237453924,0,0,0,,,,0,cancelled
2026-04-15 07:00,ord-000347,buy,73644.16,1776237458930,0,0,0,,,,0,cancelled
2026-04-15 07:00,ord-000348,sell,73648.17,1776237458930,0,0,0,,,,0,cancelled
2026-04-15 07:00,ord-000349,buy,73650.04,1776237464024,0,0,0,,,,0,cancelled
2026-04-15 07:00,ord-000350,sell,73654.05,1776237464024,0,0,0,,,,0,cancelled
2026-04-15 07:00,ord-000351,buy,73663.33,1776237469024,0,0,0,,,,0,cancelled
2026-04-15 07:00,ord-000352,sell,73667.34,1776237469024,0,0,0,,,,0,cancelled
2026-04-15 07:00,ord-000353,buy,73651.22,1776237474024,0,0,0,,,,0,cancelled
2026-04-15 07:00,ord-000354,sell,73655.23,1776237474024,0,0,0,,,,0,cancelled
2026-04-15 07:00,ord-000355,buy,73641.89,1776237479024,0,0,0,,,,0,cancelled
2026-04-15 07:00,ord-000356,sell,73645.90,1776237479024,0,0,0,,,,0,cancelled
2026-04-15 07:00,ord-000357,buy,73629.68,1776237484024,0,0,0,,,,0,cancelled
2026-04-15 07:00,ord-000358,sell,73633.69,1776237484024,0,0,0,,,,0,cancelled
2026-04-15 07:00,ord-000359,buy,73625.16,1776237489024,0.00031000,0,0,,,,0,cancelled
2026-04-15 07:00,ord-000360,sell,73629.17,1776237489024,0,0,0,,,,0,cancelled
2026-04-15 07:00,ord-000361,buy,73632.32,1776237494024,0,0,0,,,,0,cancelled
2026-04-15 07:00,ord-000362,sell,73636.33,1776237494024,0,0,0,,,,0,cancelled
2026-04-15 07:00,ord-000363,buy,73634.24,1776237499024,0,0,0,,,,0,cancelled
2026-04-15 07:00,ord-000364,sell,73638.25,1776237499024,0,0,0,,,,0,cancelled
2026-04-15 07:00,ord-000365,buy,73646.56,1776237504024,0,0,0,,,,0,cancelled
2026-04-15 07:00,ord-000366,sell,73650.57,1776237504024,0,0,0,,,,0,cancelled
2026-04-15 07:00,ord-000367,buy,73684.01,1776237509024,0,0,0,,,,0,cancelled
2026-04-15 07:00,ord-000368,sell,73688.02,1776237509024,0.00009000,0,0,,,,0,cancelled
2026-04-15 07:00,ord-000369,buy,73669.40,1776237514024,0,0,0,,,,0,cancelled
2026-04-15 07:00,ord-000370,sell,73673.41,1776237514024,0,0,0,,,,0,cancelled
2026-04-15 07:00,ord-000371,buy,73670.48,1776237519024,0,0,0,,,,0,cancelled
2026-04-15 07:00,ord-000372,sell,73674.49,1776237519024,0,0,0,,,,0,cancelled
2026-04-15 07:00,ord-000373,buy,73669.44,1776237524024,0,0,0,,,,0,cancelled
2026-04-15 07:00,ord-000374,sell,73673.45,1776237524024,0,0,0,,,,0,cancelled
2026-04-15 07:00,ord-000375,buy,73658.78,1776237529024,0,0,0,,,,0,cancelled
2026-04-15 07:00,ord-000376,sell,73662.79,1776237529024,0,0,0,,,,0,cancelled
2026-04-15 07:00,ord-000377,buy,73649.69,1776237534024,0,0,0,,,,0,cancelled
2026-04-15 07:00,ord-000378,sell,73653.70,1776237534024,0,0,0,,,,0,cancelled
2026-04-15 07:00,ord-000379,buy,73625.83,1776237539024,0,0,0,,,,0,cancelled
2026-04-15 07:00,ord-000380,sell,73629.84,1776237539024,0,0,0,,,,0,cancelled
2026-04-15 07:00,ord-000381,buy,73638.75,1776237544024,0,0,0,,,,0,cancelled
2026-04-15 07:00,ord-000382,sell,73642.76,1776237544024,0,0,0,,,,0,cancelled
2026-04-15 07:00,ord-000383,buy,73654.23,1776237549024,0,0,0,,,,0,cancelled
2026-04-15 07:00,ord-000384,sell,73658.24,1776237549024,0,0,0,,,,0,cancelled
2026-04-15 07:00,ord-000385,buy,73644.00,1776237554024,0,0,0,,,,0,cancelled
2026-04-15 07:00,ord-000386,sell,73648.01,1776237554024,0,0,0,,,,0,cancelled
2026-04-15 07:00,ord-000387,buy,73637.25,1776237559024,0,0,0,,,,0,cancelled
2026-04-15 07:00,ord-000388,sell,73641.26,1776237559024,0,0,0,,,,0,cancelled
2026-04-15 07:00,ord-000389,buy,73650.33,1776237564024,0,0,0,,,,0,cancelled
2026-04-15 07:00,ord-000390,sell,73654.34,1776237564024,0,0,0,,,,0,cancelled
2026-04-15 07:00,ord-000391,buy,73648.00,1776237569024,0,0,0,,,,0,cancelled
2026-04-15 07:00,ord-000392,sell,73652.01,1776237569024,0,0,0,,,,0,cancelled
2026-04-15 07:00,ord-000393,buy,73654.29,1776237574024,0,0,0,,,,0,cancelled
2026-04-15 07:00,ord-000394,sell,73658.30,1776237574024,0,0,0,,,,0,cancelled
2026-04-15 07:00,ord-000395,buy,73661.66,1776237579024,0,0,0,,,,0,cancelled
2026-04-15 07:00,ord-000396,sell,73665.67,1776237579024,0.00007000,0,0,,,,0,cancelled
2026-04-15 07:00,ord-000397,buy,73654.10,1776237584024,0,0,0,,,,0,cancelled
2026-04-15 07:00,ord-000398,sell,73658.11,1776237584024,0,0,0,,,,0,cancelled
2026-04-15 07:00,ord-000399,buy,73637.26,1776237589025,0,0,0,,,,0,cancelled
2026-04-15 07:00,ord-000400,sell,73641.27,1776237589025,0,0,0,,,,0,cancelled
2026-04-15 07:00,ord-000401,buy,73636.00,1776237600926,0.00120000,0.00120000,0,1776237600959,0.00120000,0.00000000,0.001,filled
2026-04-15 07:00,ord-000402,sell,73640.01,1776237600926,0,0,0,,,,0,cancelled
2026-04-15 07:00,ord-000403,buy,73629.89,1776237601024,0,0,0,,,,0,cancelled
2026-04-15 07:00,ord-000404,sell,73633.90,1776237601024,0,0,0,,,,0,cancelled
2026-04-15 07:00,ord-000405,buy,73627.99,1776237606024,0,0,0,,,,0,cancelled
2026-04-15 07:00,ord-000406,sell,73632.00,1776237606024,0.00007000,0,0,,,,0,cancelled
2026-04-15 07:00,ord-000407,buy,73619.87,1776237611024,0,0,0,,,,0,cancelled
2026-04-15 07:00,ord-000408,sell,73623.88,1776237611024,0,0,0,,,,0,cancelled
2026-04-15 07:00,ord-000409,buy,73624.36,1776237623524,0,0,0,,,,0,cancelled
2026-04-15 07:00,ord-000410,sell,73628.37,1776237623524,0,0,0,,,,0,cancelled
2026-04-15 07:00,ord-000411,buy,73637.99,1776237628524,0,0,0,,,,0,cancelled
2026-04-15 07:00,ord-000412,sell,73642.00,1776237628524,0.00120000,0.00120000,0,,,,0,cancelled
2026-04-15 07:00,ord-000413,buy,73657.27,1776237633524,0,0,0,,,,0,cancelled
2026-04-15 07:00,ord-000414,sell,73661.28,1776237633524,0,0,0,,,,0,cancelled
2026-04-15 07:00,ord-000415,buy,73660.81,1776237643224,0,0,0,,,,0,cancelled
2026-04-15 07:00,ord-000416,sell,73664.82,1776237643224,0,0,0,,,,0,cancelled
2026-04-15 07:00,ord-000417,buy,73672.76,1776237648224,0,0,0,,,,0,cancelled
2026-04-15 07:00,ord-000418,sell,73676.77,1776237648224,0,0,0,,,,0,cancelled
2026-04-15 07:00,ord-000419,buy,73674.97,1776237653224,0,0,0,,,,0,cancelled
2026-04-15 07:00,ord-000420,sell,73678.98,1776237653224,0,0,0,,,,0,cancelled
2026-04-15 07:00,ord-000421,buy,73673.12,1776237661224,0,0,0,,,,0,cancelled
2026-04-15 07:00,ord-000422,sell,73677.13,1776237661224,0,0,0,,,,0,cancelled
2026-04-15 07:00,ord-000423,buy,73671.82,1776237669824,0,0,0,,,,0,cancelled
2026-04-15 07:00,ord-000424,sell,73675.83,1776237669824,0,0,0,,,,0,cancelled
2026-04-15 07:00,ord-000425,buy,73664.00,1776237674824,0.00120000,0,0,,,,0,cancelled
2026-04-15 07:00,ord-000426,sell,73668.01,1776237674824,0,0,0,,,,0,cancelled
2026-04-15 07:00,ord-000427,buy,73670.97,1776237689124,0,0,0,,,,0,cancelled
2026-04-15 07:00,ord-000428,sell,73674.98,1776237689124,0,0,0,,,,0,cancelled
2026-04-15 07:00,ord-000429,buy,73679.55,1776237694124,0,0,0,,,,0,cancelled
2026-04-15 07:00,ord-000430,sell,73683.56,1776237694124,0,0,0,,,,0,cancelled
2026-04-15 07:00,ord-000431,buy,73685.19,1776237699124,0,0,0,,,,0,cancelled
2026-04-15 07:00,ord-000432,sell,73689.20,1776237699124,0,0,0,,,,0,cancelled
2026-04-15 07:00,ord-000433,buy,73677.68,1776237709024,0,0,0,,,,0,cancelled
2026-04-15 07:00,ord-000434,sell,73681.69,1776237709024,0,0,0,,,,0,cancelled
2026-04-15 07:00,ord-000435,buy,73671.90,1776237714524,0,0,0,,,,0,cancelled
2026-04-15 07:00,ord-000436,sell,73675.91,1776237714524,0,0,0,,,,0,cancelled
2026-04-15 07:00,ord-000437,buy,73660.81,1776237719524,0,0,0,,,,0,cancelled
2026-04-15 07:00,ord-000438,sell,73664.82,1776237719524,0,0,0,,,,0,cancelled
2026-04-15 07:00,ord-000439,buy,73620.86,1776237724524,0,0,0,,,,0,cancelled
2026-04-15 07:00,ord-000440,sell,73624.87,1776237724524,0,0,0,,,,0,cancelled
2026-04-15 07:00,ord-000441,buy,73615.37,1776237729524,0,0,0,,,,0,cancelled
2026-04-15 07:00,ord-000442,sell,73619.38,1776237729524,0,0,0,,,,0,cancelled
2026-04-15 07:00,ord-000443,buy,73616.61,1776237734524,0,0,0,,,,0,cancelled
2026-04-15 07:00,ord-000444,sell,73620.62,1776237734524,0.00007000,0.00007000,0,,,,0,cancelled
2026-04-15 07:00,ord-000445,buy,73623.83,1776237739524,0,0,0,,,,0,cancelled
2026-04-15 07:00,ord-000446,sell,73627.84,1776237739524,0,0,0,,,,0,cancelled
2026-04-15 07:00,ord-000447,buy,73619.25,1776237745524,0.00007000,0,0,,,,0,cancelled
2026-04-15 07:00,ord-000448,sell,73623.26,1776237745524,0,0,0,,,,0,cancelled
2026-04-15 07:00,ord-000449,buy,73627.84,1776237750524,0,0,0,,,,0,cancelled
2026-04-15 07:00,ord-000450,sell,73631.85,1776237750524,0.00300000,0,0,,,,0,cancelled
2026-04-15 07:00,ord-000451,buy,73636.10,1776237755524,0,0,0,,,,0,cancelled
2026-04-15 07:00,ord-000452,sell,73640.11,1776237755524,0,0,0,,,,0,cancelled
2026-04-15 07:00,ord-000453,buy,73637.88,1776237760525,0,0,0,,,,0,cancelled
2026-04-15 07:00,ord-000454,sell,73641.89,1776237760525,0,0,0,,,,0,cancelled
2026-04-15 07:00,ord-000455,buy,73633.22,1776237767224,0,0,0,,,,0,cancelled
2026-04-15 07:00,ord-000456,sell,73637.23,1776237767224,0,0,0,,,,0,cancelled
2026-04-15 07:00,ord-000457,buy,73649.59,1776237772224,0,0,0,,,,0,cancelled
2026-04-15 07:00,ord-000458,sell,73653.60,1776237772224,0,0,0,,,,0,cancelled
2026-04-15 07:00,ord-000459,buy,73655.48,1776237779524,0,0,0,,,,0,cancelled
2026-04-15 07:00,ord-000460,sell,73659.49,1776237779524,0,0,0,,,,0,cancelled
2026-04-15 07:00,ord-000461,buy,73650.48,1776237784524,0,0,0,,,,0,cancelled
2026-04-15 07:00,ord-000462,sell,73654.49,1776237784524,0,0,0,,,,0,cancelled
2026-04-15 07:00,ord-000463,buy,73653.27,1776237789524,0,0,0,,,,0,cancelled
2026-04-15 07:00,ord-000464,sell,73657.28,1776237789524,0,0,0,,,,0,cancelled
2026-04-15 07:00,ord-000465,buy,73677.64,1776237794524,0,0,0,,,,0,cancelled
2026-04-15 07:00,ord-000466,sell,73681.65,1776237794524,0,0,0,,,,0,cancelled
2026-04-15 07:00,ord-000467,buy,73678.90,1776237799524,0,0,0,,,,0,cancelled
2026-04-15 07:00,ord-000468,sell,73682.91,1776237799524,0,0,0,,,,0,cancelled
2026-04-15 07:00,ord-000469,buy,73690.72,1776237804524,0,0,0,,,,0,cancelled
2026-04-15 07:00,ord-000470,sell,73694.73,1776237804524,0,0,0,,,,0,cancelled
2026-04-15 07:00,ord-000471,buy,73697.62,1776237809524,0,0,0,,,,0,cancelled
2026-04-15 07:00,ord-000472,sell,73701.63,1776237809524,0,0,0,,,,0,cancelled
2026-04-15 07:00,ord-000473,buy,73700.78,1776237816324,0,0,0,,,,0,cancelled
2026-04-15 07:00,ord-000474,sell,73704.79,1776237816324,0,0,0,,,,0,cancelled
2026-04-15 07:00,ord-000475,buy,73703.96,1776237821324,0,0,0,,,,0,cancelled
2026-04-15 07:00,ord-000476,sell,73707.97,1776237821324,0,0,0,,,,0,cancelled
2026-04-15 07:00,ord-000477,buy,73698.93,1776237826324,0,0,0,,,,0,cancelled
2026-04-15 07:00,ord-000478,sell,73702.94,1776237826324,0,0,0,,,,0,cancelled
2026-04-15 07:00,ord-000479,buy,73704.77,1776237834824,0,0,0,,,,0,cancelled
2026-04-15 07:00,ord-000480,sell,73708.78,1776237834824,0,0,0,,,,0,cancelled
2026-04-15 07:00,ord-000481,buy,73706.60,1776237839824,0,0,0,,,,0,cancelled
2026-04-15 07:00,ord-000482,sell,73710.61,1776237839824,0,0,0,,,,0,cancelled
2026-04-15 07:00,ord-000483,buy,73712.46,1776237853424,0,0,0,,,,0,cancelled
2026-04-15 07:00,ord-000484,sell,73716.47,1776237853424,0,0,0,,,,0,cancelled
2026-04-15 07:00,ord-000485,buy,73698.93,1776237858424,0.00007000,0,0,,,,0,cancelled
2026-04-15 07:00,ord-000486,sell,73702.94,1776237858424,0,0,0,,,,0,cancelled
2026-04-15 07:00,ord-000487,buy,73701.98,1776237864924,0,0,0,,,,0,cancelled
2026-04-15 07:00,ord-000488,sell,73705.99,1776237864924,0,0,0,,,,0,cancelled
2026-04-15 07:00,ord-000489,buy,73707.24,1776237869924,0,0,0,,,,0,cancelled
2026-04-15 07:00,ord-000490,sell,73711.25,1776237869924,0,0,0,,,,0,cancelled
2026-04-15 07:00,ord-000491,buy,73699.86,1776237874924,0,0,0,,,,0,cancelled
2026-04-15 07:00,ord-000492,sell,73703.87,1776237874924,0,0,0,,,,0,cancelled
2026-04-15 07:00,ord-000493,buy,73698.00,1776237879924,0.00575000,0.00575000,0,1776237889367,0.00335000,0.00000000,0.001,filled
2026-04-15 07:00,ord-000494,sell,73702.01,1776237879924,0,0,0,,,,0,cancelled
2026-04-15 07:00,ord-000495,buy,73690.72,1776237889424,0,0,0,,,,0,cancelled
2026-04-15 07:00,ord-000496,sell,73694.73,1776237889424,0,0,0,,,,0,cancelled
2026-04-15 07:00,ord-000497,buy,73677.53,1776237894424,0,0,0,,,,0,cancelled
2026-04-15 07:00,ord-000498,sell,73681.54,1776237894424,0,0,0,,,,0,cancelled
2026-04-15 07:00,ord-000499,buy,73676.02,1776237901124,0,0,0,,,,0,cancelled
2026-04-15 07:00,ord-000500,sell,73680.03,1776237901124,0,0,0,,,,0,cancelled
2026-04-15 07:00,ord-000501,buy,73668.93,1776237906124,0,0,0,,,,0,cancelled
2026-04-15 07:00,ord-000502,sell,73672.94,1776237906124,0,0,0,,,,0,cancelled
2026-04-15 07:00,ord-000503,buy,73682.44,1776237911124,0,0,0,,,,0,cancelled
2026-04-15 07:00,ord-000504,sell,73686.45,1776237911124,0,0,0,,,,0,cancelled
2026-04-15 07:00,ord-000505,buy,73683.99,1776237917324,0,0,0,,,,0,cancelled
2026-04-15 07:00,ord-000506,sell,73688.00,1776237917324,0.00151000,0.00128000,0,,,,0,cancelled
2026-04-15 07:00,ord-000507,buy,73699.99,1776237922324,0.00007000,0,0,,,,0,cancelled
2026-04-15 07:00,ord-000508,sell,73704.00,1776237922324,0.00120000,0.00120000,0,,,,0,cancelled
2026-04-15 07:00,ord-000509,buy,73698.20,1776237927324,0,0,0,,,,0,cancelled
2026-04-15 07:00,ord-000510,sell,73702.21,1776237927324,0,0,0,,,,0,cancelled
2026-04-15 07:00,ord-000511,buy,73689.33,1776237932324,0,0,0,,,,0,cancelled
2026-04-15 07:00,ord-000512,sell,73693.34,1776237932324,0,0,0,,,,0,cancelled
2026-04-15 07:00,ord-000513,buy,73689.34,1776237950524,0.00007000,0,0,,,,0,cancelled
2026-04-15 07:00,ord-000514,sell,73693.35,1776237950524,0,0,0,,,,0,cancelled
2026-04-15 07:00,ord-000515,buy,73697.85,1776237955524,0,0,0,,,,0,cancelled
2026-04-15 07:00,ord-000516,sell,73701.86,1776237955524,0,0,0,,,,0,cancelled
2026-04-15 07:00,ord-000517,buy,73690.38,1776237960524,0,0,0,,,,0,cancelled
2026-04-15 07:00,ord-000518,sell,73694.39,1776237960524,0,0,0,,,,0,cancelled
2026-04-15 07:00,ord-000519,buy,73681.66,1776237965524,0.00341000,0.00341000,0,,,,0,cancelled
2026-04-15 07:00,ord-000520,sell,73685.67,1776237965524,0,0,0,,,,0,cancelled
2026-04-15 07:00,ord-000521,buy,73657.61,1776237970524,0,0,0,,,,0,cancelled
2026-04-15 07:00,ord-000522,sell,73661.62,1776237970524,0,0,0,,,,0,cancelled
2026-04-15 07:00,ord-000523,buy,73644.01,1776237975524,0,0,0,,,,0,cancelled
2026-04-15 07:00,ord-000524,sell,73648.02,1776237975524,0,0,0,,,,0,cancelled
2026-04-15 07:00,ord-000525,buy,73636.44,1776237980524,0,0,0,,,,0,cancelled
2026-04-15 07:00,ord-000526,sell,73640.45,1776237980524,0,0,0,,,,0,cancelled
2026-04-15 07:00,ord-000527,buy,73640.61,1776237989124,0,0,0,,,,0,cancelled
2026-04-15 07:00,ord-000528,sell,73644.62,1776237989124,0,0,0,,,,0,cancelled
2026-04-15 07:00,ord-000529,buy,73672.91,1776237994124,0,0,0,,,,0,cancelled
2026-04-15 07:00,ord-000530,sell,73676.92,1776237994124,0,0,0,,,,0,cancelled
2026-04-15 07:00,ord-000531,buy,73689.99,1776237999124,0.50313000,0,0,,,,0,cancelled
2026-04-15 07:00,ord-000532,sell,73694.00,1776237999124,0.00120000,0.00120000,0,,,,0,cancelled
2026-04-15 07:00,ord-000533,buy,73705.49,1776238004124,0,0,0,,,,0,cancelled
2026-04-15 07:00,ord-000534,sell,73709.50,1776238004124,0,0,0,,,,0,cancelled
2026-04-15 07:00,ord-000535,buy,73719.63,1776238009124,0,0,0,,,,0,cancelled
2026-04-15 07:00,ord-000536,sell,73723.64,1776238009124,0,0,0,,,,0,cancelled
2026-04-15 07:00,ord-000537,buy,73725.93,1776238017724,0,0,0,,,,0,cancelled
2026-04-15 07:00,ord-000538,sell,73729.94,1776238017724,0,0,0,,,,0,cancelled
2026-04-15 07:00,ord-000539,buy,73720.38,1776238027424,0,0,0,,,,0,cancelled
2026-04-15 07:00,ord-000540,sell,73724.39,1776238027424,0,0,0,,,,0,cancelled
2026-04-15 07:00,ord-000541,buy,73719.63,1776238032424,0,0,0,,,,0,cancelled
2026-04-15 07:00,ord-000542,sell,73723.64,1776238032424,0,0,0,,,,0,cancelled
2026-04-15 07:00,ord-000543,buy,73716.53,1776238039624,0,0,0,,,,0,cancelled
2026-04-15 07:00,ord-000544,sell,73720.54,1776238039624,0,0,0,,,,0,cancelled
2026-04-15 07:00,ord-000545,buy,73709.00,1776238044624,0,0,0,,,,0,cancelled
2026-04-15 07:00,ord-000546,sell,73713.01,1776238044624,0,0,0,,,,0,cancelled
2026-04-15 07:00,ord-000547,buy,73705.50,1776238049624,0,0,0,,,,0,cancelled
2026-04-15 07:00,ord-000548,sell,73709.51,1776238049624,0,0,0,,,,0,cancelled
2026-04-15 07:00,ord-000549,buy,73699.05,1776238058124,0,0,0,,,,0,cancelled
2026-04-15 07:00,ord-000550,sell,73703.06,1776238058124,0,0,0,,,,0,cancelled
2026-04-15 07:00,ord-000551,buy,73696.44,1776238063124,0,0,0,,,,0,cancelled
2026-04-15 07:00,ord-000552,sell,73700.45,1776238063124,0,0,0,,,,0,cancelled
2026-04-15 07:00,ord-000553,buy,73689.99,1776238068124,0,0,0,,,,0,cancelled
2026-04-15 07:00,ord-000554,sell,73694.00,1776238068124,0,0,0,,,,0,cancelled
2026-04-15 07:00,ord-000555,buy,73676.68,1776238073124,0,0,0,,,,0,cancelled
2026-04-15 07:00,ord-000556,sell,73680.69,1776238073124,0,0,0,,,,0,cancelled
2026-04-15 07:00,ord-000557,buy,73688.00,1776238087324,0,0,0,,,,0,cancelled
2026-04-15 07:00,ord-000558,sell,73692.01,1776238087324,0,0,0,,,,0,cancelled
2026-04-15 07:00,ord-000559,buy,73691.99,1776238092324,0,0,0,,,,0,cancelled
2026-04-15 07:00,ord-000560,sell,73696.00,1776238092324,0.00120000,0.00120000,0,,,,0,cancelled
2026-04-15 07:00,ord-000561,buy,73699.99,1776238097324,0.00014000,0,0,,,,0,cancelled
2026-04-15 07:00,ord-000562,sell,73704.00,1776238097324,0.00420000,0.00316000,0,,,,0,cancelled
2026-04-15 07:00,ord-000563,buy,73709.00,1776238102324,0,0,0,,,,0,cancelled
2026-04-15 07:00,ord-000564,sell,73713.01,1776238102324,0,0,0,,,,0,cancelled
2026-04-15 07:00,ord-000565,buy,73710.94,1776238107324,0,0,0,,,,0,cancelled
2026-04-15 07:00,ord-000566,sell,73714.95,1776238107324,0,0,0,,,,0,cancelled
2026-04-15 07:00,ord-000567,buy,73713.49,1776238112324,0,0,0,,,,0,cancelled
2026-04-15 07:00,ord-000568,sell,73717.50,1776238112324,0,0,0,,,,0,cancelled
2026-04-15 07:00,ord-000569,buy,73718.15,1776238134624,0,0,0,,,,0,cancelled
2026-04-15 07:00,ord-000570,sell,73722.16,1776238134624,0,0,0,,,,0,cancelled
2026-04-15 07:00,ord-000571,buy,73718.00,1776238159124,0,0,0,,,,0,cancelled
2026-04-15 07:00,ord-000572,sell,73722.01,1776238159124,0,0,0,,,,0,cancelled
2026-04-15 07:00,ord-000573,buy,73695.91,1776238164124,0,0,0,,,,0,cancelled
2026-04-15 07:00,ord-000574,sell,73699.92,1776238164124,0,0,0,1776238170641,0,0,0.001,filled
2026-04-15 07:00,ord-000575,buy,73705.00,1776238170724,0,0,0,,,,0,cancelled
2026-04-15 07:00,ord-000576,sell,73709.01,1776238170724,0,0,0,,,,0,cancelled
2026-04-15 07:00,ord-000577,buy,73709.33,1776238175724,0,0,0,,,,0,cancelled
2026-04-15 07:00,ord-000578,sell,73713.34,1776238175724,0,0,0,,,,0,cancelled
2026-04-15 07:00,ord-000579,buy,73704.17,1776238208624,0,0,0,,,,0,cancelled
2026-04-15 07:00,ord-000580,sell,73708.18,1776238208624,0,0,0,,,,0,cancelled
2026-04-15 07:00,ord-000581,buy,73702.61,1776238216824,0,0,0,,,,0,cancelled
2026-04-15 07:00,ord-000582,sell,73706.62,1776238216824,0,0,0,,,,0,cancelled
2026-04-15 07:00,ord-000583,buy,73683.10,1776238221824,0,0,0,,,,0,cancelled
2026-04-15 07:00,ord-000584,sell,73687.11,1776238221824,0,0,0,,,,0,cancelled
2026-04-15 07:00,ord-000585,buy,73692.74,1776238226924,0,0,0,,,,0,cancelled
2026-04-15 07:00,ord-000586,sell,73696.75,1776238226924,0,0,0,,,,0,cancelled
2026-04-15 07:00,ord-000587,buy,73695.22,1776238236424,0,0,0,,,,0,cancelled
2026-04-15 07:00,ord-000588,sell,73699.23,1776238236424,0,0,0,,,,0,cancelled
2026-04-15 07:00,ord-000589,buy,73690.11,1776238252224,0,0,0,,,,0,cancelled
2026-04-15 07:00,ord-000590,sell,73694.12,1776238252224,0,0,0,,,,0,cancelled
2026-04-15 07:00,ord-000591,buy,73711.24,1776238257224,0,0,0,,,,0,cancelled
2026-04-15 07:00,ord-000592,sell,73715.25,1776238257224,0,0,0,,,,0,cancelled
2026-04-15 07:00,ord-000593,buy,73705.93,1776238262624,0,0,0,,,,0,cancelled
2026-04-15 07:00,ord-000594,sell,73709.94,1776238262624,0,0,0,,,,0,cancelled
2026-04-15 07:00,ord-000595,buy,73692.75,1776238267624,0,0,0,,,,0,cancelled
2026-04-15 07:00,ord-000596,sell,73696.76,1776238267624,0,0,0,,,,0,cancelled
2026-04-15 07:00,ord-000597,buy,73690.88,1776238272724,0,0,0,,,,0,cancelled
2026-04-15 07:00,ord-000598,sell,73694.89,1776238272724,0,0,0,,,,0,cancelled
2026-04-15 07:00,ord-000599,buy,73693.05,1776238277724,0,0,0,,,,0,cancelled
2026-04-15 07:00,ord-000600,sell,73697.06,1776238277724,0,0,0,,,,0,cancelled
2026-04-15 07:00,ord-000601,buy,73708.38,1776238282724,0,0,0,,,,0,cancelled
2026-04-15 07:00,ord-000602,sell,73712.39,1776238282724,0,0,0,,,,0,cancelled
2026-04-15 07:00,ord-000603,buy,73705.75,1776238306524,0,0,0,,,,0,cancelled
2026-04-15 07:00,ord-000604,sell,73709.76,1776238306524,0,0,0,,,,0,cancelled
2026-04-15 07:00,ord-000605,buy,73702.95,1776238311524,0,0,0,,,,0,cancelled
2026-04-15 07:00,ord-000606,sell,73706.96,1776238311524,0,0,0,,,,0,cancelled
2026-04-15 07:00,ord-000607,buy,73694.38,1776238316524,0,0,0,,,,0,cancelled
2026-04-15 07:00,ord-000608,sell,73698.39,1776238316524,0,0,0,,,,0,cancelled
2026-04-15 07:00,ord-000609,buy,73688.00,1776238322924,0.00128000,0,0,,,,0,cancelled
2026-04-15 07:00,ord-000610,sell,73692.01,1776238322924,0,0,0,,,,0,cancelled
2026-04-15 07:00,ord-000611,buy,73701.35,1776238333224,0,0,0,,,,0,cancelled
2026-04-15 07:00,ord-000612,sell,73705.36,1776238333224,0,0,0,,,,0,cancelled
2026-04-15 07:00,ord-000613,buy,73701.34,1776238338224,0,0,0,,,,0,cancelled
2026-04-15 07:00,ord-000614,sell,73705.35,1776238338224,0,0,0,,,,0,cancelled
2026-04-15 07:00,ord-000615,buy,73698.79,1776238355324,0,0,0,,,,0,cancelled
2026-04-15 07:00,ord-000616,sell,73702.80,1776238355324,0.00007000,0,0,,,,0,cancelled
2026-04-15 07:00,ord-000617,buy,73693.94,1776238360324,0,0,0,,,,0,cancelled
2026-04-15 07:00,ord-000618,sell,73697.95,1776238360324,0,0,0,,,,0,cancelled
2026-04-15 07:00,ord-000619,buy,73693.04,1776238365324,0,0,0,,,,0,cancelled
2026-04-15 07:00,ord-000620,sell,73697.05,1776238365324,0,0,0,,,,0,cancelled
2026-04-15 07:00,ord-000621,buy,73693.03,1776238370324,0,0,0,,,,0,cancelled
2026-04-15 07:00,ord-000622,sell,73697.04,1776238370324,0,0,0,,,,0,cancelled
2026-04-15 07:00,ord-000623,buy,73678.00,1776238375324,0.00133000,0.00133000,0,,,,0,cancelled
2026-04-15 07:00,ord-000624,sell,73682.01,1776238375324,0.20280000,0,0,,,,0,cancelled
2026-04-15 07:00,ord-000625,buy,73672.47,1776238401824,0,0,0,,,,0,cancelled
2026-04-15 07:00,ord-000626,sell,73676.48,1776238401824,0,0,0,,,,0,cancelled
2026-04-15 07:00,ord-000627,buy,73656.00,1776238406824,0.00120000,0.00120000,0,,,,0,cancelled
2026-04-15 07:00,ord-000628,sell,73660.01,1776238406824,0,0,0,,,,0,cancelled
2026-04-15 07:00,ord-000629,buy,73650.74,1776238411824,0,0,0,,,,0,cancelled
2026-04-15 07:00,ord-000630,sell,73654.75,1776238411824,0,0,0,,,,0,cancelled
2026-04-15 07:00,ord-000631,buy,73648.90,1776238425026,0,0,0,,,,0,cancelled
2026-04-15 07:00,ord-000632,sell,73652.91,1776238425026,0,0,0,,,,0,cancelled
2026-04-15 07:00,ord-000633,buy,73652.56,1776238430124,0,0,0,,,,0,cancelled
2026-04-15 07:00,ord-000634,sell,73656.57,1776238430124,0,0,0,,,,0,cancelled
2026-04-15 07:00,ord-000635,buy,73620.03,1776238435124,0,0,0,,,,0,cancelled
2026-04-15 07:00,ord-000636,sell,73624.04,1776238435124,0,0,0,,,,0,cancelled
2026-04-15 07:00,ord-000637,buy,73606.00,1776238440126,0.00120000,0.00120000,0,,,,0,cancelled
2026-04-15 07:00,ord-000638,sell,73610.01,1776238440126,0.20257000,0,0,,,,0,cancelled
2026-04-15 07:00,ord-000639,buy,73595.95,1776238445224,0,0,0,,,,0,cancelled
2026-04-15 07:00,ord-000640,sell,73599.96,1776238445224,0,0,0,,,,0,cancelled
2026-04-15 07:00,ord-000641,buy,73578.28,1776238450224,0,0,0,,,,0,cancelled
2026-04-15 07:00,ord-000642,sell,73582.29,1776238450224,0,0,0,,,,0,cancelled
2026-04-15 07:00,ord-000643,buy,73626.45,1776238455224,0,0,0,1776238479815,0,0,0.00007000,cancelled
2026-04-15 07:00,ord-000644,sell,73630.46,1776238455224,0.00007000,0.00007000,0,1776238455757,0.00007000,0.00000000,0.00007000,cancelled
2026-04-15 07:00,ord-000645,buy,73620.00,1776238479924,0.00143000,0,0,,,,0,cancelled
2026-04-15 07:00,ord-000646,sell,73624.01,1776238479924,0,0,0,,,,0,cancelled
2026-04-15 07:00,ord-000647,buy,73618.06,1776238484924,0,0,0,,,,0,cancelled
2026-04-15 07:00,ord-000648,sell,73622.07,1776238484924,0,0,0,,,,0,cancelled
2026-04-15 07:00,ord-000649,buy,73616.72,1776238499424,0,0,0,,,,0,cancelled
2026-04-15 07:00,ord-000650,sell,73620.73,1776238499424,0,0,0,,,,0,cancelled
2026-04-15 07:00,ord-000651,buy,73618.06,1776238504524,0,0,0,,,,0,cancelled
2026-04-15 07:00,ord-000652,sell,73622.07,1776238504524,0,0,0,,,,0,cancelled
2026-04-15 07:00,ord-000653,buy,73648.79,1776238509524,0,0,0,,,,0,cancelled
2026-04-15 07:00,ord-000654,sell,73652.80,1776238509524,0,0,0,,,,0,cancelled
2026-04-15 07:00,ord-000655,buy,73657.59,1776238514524,0,0,0,,,,0,cancelled
2026-04-15 07:00,ord-000656,sell,73661.60,1776238514524,0,0,0,,,,0,cancelled
2026-04-15 07:00,ord-000657,buy,73666.06,1776238524024,0,0,0,,,,0,cancelled
2026-04-15 07:00,ord-000658,sell,73670.07,1776238524024,0,0,0,,,,0,cancelled
2026-04-15 07:00,ord-000659,buy,73676.00,1776238529024,0,0,0,,,,0,cancelled
2026-04-15 07:00,ord-000660,sell,73680.01,1776238529024,0.07263000,0,0,,,,0,cancelled
2026-04-15 07:00,ord-000661,buy,73676.86,1776238551224,0,0,0,,,,0,cancelled
2026-04-15 07:00,ord-000662,sell,73680.87,1776238551224,0,0,0,,,,0,cancelled
2026-04-15 07:00,ord-000663,buy,73678.00,1776238556224,0.02199000,0.02199000,0,1776238567735,0.02199000,0.00000000,0.001,filled
2026-04-15 07:00,ord-000664,sell,73682.01,1776238556224,0,0,0,,,,0,cancelled
2026-04-15 07:00,ord-000665,buy,73670.00,1776238567824,0.00120000,0.00120000,0,,,,0,cancelled
2026-04-15 07:00,ord-000666,sell,73674.01,1776238567824,0,0,0,,,,0,cancelled
2026-04-15 07:00,ord-000667,buy,73626.95,1776238572824,0,0,0,,,,0,cancelled
2026-04-15 07:00,ord-000668,sell,73630.96,1776238572824,0,0,0,,,,0,cancelled
2026-04-15 07:00,ord-000669,buy,73623.62,1776238577824,0,0,0,,,,0,cancelled
2026-04-15 07:00,ord-000670,sell,73627.63,1776238577824,0,0,0,,,,0,cancelled
2026-04-15 07:00,ord-000671,buy,73620.14,1776238582824,0,0,0,,,,0,cancelled
2026-04-15 07:00,ord-000672,sell,73624.15,1776238582824,0,0,0,,,,0,cancelled
2026-04-15 07:00,ord-000673,buy,73617.16,1776238599124,0.00007000,0.00007000,0,,,,0,cancelled
2026-04-15 07:00,ord-000674,sell,73621.17,1776238599124,0,0,0,,,,0,cancelled
2026-04-15 07:00,ord-000675,buy,73611.08,1776238604124,0,0,0,,,,0,cancelled
2026-04-15 07:00,ord-000676,sell,73615.09,1776238604124,0,0,0,,,,0,cancelled
2026-04-15 07:00,ord-000677,buy,73598.40,1776238609124,0,0,0,,,,0,cancelled
2026-04-15 07:00,ord-000678,sell,73602.41,1776238609124,0,0,0,,,,0,cancelled
2026-04-15 07:00,ord-000679,buy,73620.13,1776238614124,0,0,0,,,,0,cancelled
2026-04-15 07:00,ord-000680,sell,73624.14,1776238614124,0,0,0,,,,0,cancelled
2026-04-15 07:00,ord-000681,buy,73620.99,1776238621524,0,0,0,,,,0,cancelled
2026-04-15 07:00,ord-000682,sell,73625.00,1776238621524,0,0,0,,,,0,cancelled
2026-04-15 07:00,ord-000683,buy,73641.35,1776238626524,0,0,0,,,,0,cancelled
2026-04-15 07:00,ord-000684,sell,73645.36,1776238626524,0,0,0,,,,0,cancelled
2026-04-15 07:00,ord-000685,buy,73644.85,1776238631524,0,0,0,,,,0,cancelled
2026-04-15 07:00,ord-000686,sell,73648.86,1776238631524,0,0,0,,,,0,cancelled
2026-04-15 07:00,ord-000687,buy,73642.25,1776238636524,0,0,0,,,,0,cancelled
2026-04-15 07:00,ord-000688,sell,73646.26,1776238636524,0,0,0,,,,0,cancelled
2026-04-15 07:00,ord-000689,buy,73632.80,1776238641524,0,0,0,,,,0,cancelled
2026-04-15 07:00,ord-000690,sell,73636.81,1776238641524,0,0,0,,,,0,cancelled
2026-04-15 07:00,ord-000691,buy,73622.60,1776238646524,0,0,0,,,,0,cancelled
2026-04-15 07:00,ord-000692,sell,73626.61,1776238646524,0,0,0,,,,0,cancelled
2026-04-15 07:00,ord-000693,buy,73620.87,1776238651524,0,0,0,,,,0,cancelled
2026-04-15 07:00,ord-000694,sell,73624.88,1776238651524,0,0,0,,,,0,cancelled
2026-04-15 07:00,ord-000695,buy,73620.86,1776238667624,0,0,0,,,,0,cancelled
2026-04-15 07:00,ord-000696,sell,73624.87,1776238667624,0,0,0,,,,0,cancelled
2026-04-15 07:00,ord-000697,buy,73610.49,1776238672624,0,0,0,,,,0,cancelled
2026-04-15 07:00,ord-000698,sell,73614.50,1776238672624,0,0,0,,,,0,cancelled
2026-04-15 07:00,ord-000699,buy,73616.17,1776238684324,0,0,0,,,,0,cancelled
2026-04-15 07:00,ord-000700,sell,73620.18,1776238684324,0,0,0,,,,0,cancelled
2026-04-15 07:00,ord-000701,buy,73616.20,1776238689324,0,0,0,,,,0,cancelled
2026-04-15 07:00,ord-000702,sell,73620.21,1776238689324,0,0,0,,,,0,cancelled
2026-04-15 07:00,ord-000703,buy,73615.38,1776238694324,0,0,0,,,,0,cancelled
2026-04-15 07:00,ord-000704,sell,73619.39,1776238694324,0,0,0,,,,0,cancelled
2026-04-15 07:00,ord-000705,buy,73608.60,1776238703824,0,0,0,,,,0,cancelled
2026-04-15 07:00,ord-000706,sell,73612.61,1776238703824,0,0,0,,,,0,cancelled
2026-04-15 07:00,ord-000707,buy,73616.37,1776238722124,0,0,0,,,,0,cancelled
2026-04-15 07:00,ord-000708,sell,73620.38,1776238722124,0,0,0,,,,0,cancelled
2026-04-15 07:00,ord-000709,buy,73620.85,1776238727124,0,0,0,,,,0,cancelled
2026-04-15 07:00,ord-000710,sell,73624.86,1776238727124,0,0,0,,,,0,cancelled
2026-04-15 07:00,ord-000711,buy,73620.88,1776238735524,0,0,0,,,,0,cancelled
2026-04-15 07:00,ord-000712,sell,73624.89,1776238735524,0,0,0,,,,0,cancelled
2026-04-15 07:00,ord-000713,buy,73638.21,1776238740524,0,0,0,,,,0,cancelled
2026-04-15 07:00,ord-000714,sell,73642.22,1776238740524,0,0,0,,,,0,cancelled
2026-04-15 07:00,ord-000715,buy,73641.12,1776238745524,0,0,0,,,,0,cancelled
2026-04-15 07:00,ord-000716,sell,73645.13,1776238745524,0,0,0,,,,0,cancelled
2026-04-15 07:00,ord-000717,buy,73642.93,1776238751024,0,0,0,,,,0,cancelled
2026-04-15 07:00,ord-000718,sell,73646.94,1776238751024,0,0,0,,,,0,cancelled
2026-04-15 07:00,ord-000719,buy,73651.26,1776238756024,0,0,0,,,,0,cancelled
2026-04-15 07:00,ord-000720,sell,73655.27,1776238756024,0,0,0,,,,0,cancelled
2026-04-15 07:00,ord-000721,buy,73651.25,1776238762824,0,0,0,,,,0,cancelled
2026-04-15 07:00,ord-000722,sell,73655.26,1776238762824,0,0,0,,,,0,cancelled
2026-04-15 07:00,ord-000723,buy,73646.04,1776238767826,0,0,0,,,,0,cancelled
2026-04-15 07:00,ord-000724,sell,73650.05,1776238767826,0,0,0,,,,0,cancelled
2026-04-15 07:00,ord-000725,buy,73653.99,1776238773224,0,0,0,,,,0,cancelled
2026-04-15 07:00,ord-000726,sell,73658.00,1776238773224,0.00120000,0,0,,,,0,cancelled
2026-04-15 07:00,ord-000727,buy,73646.78,1776238778224,0,0,0,,,,0,cancelled
2026-04-15 07:00,ord-000728,sell,73650.79,1776238778224,0,0,0,,,,0,cancelled
2026-04-15 07:00,ord-000729,buy,73634.78,1776238783224,0,0,0,,,,0,cancelled
2026-04-15 07:00,ord-000730,sell,73638.79,1776238783224,0,0,0,,,,0,cancelled
2026-04-15 07:00,ord-000731,buy,73642.14,1776238793924,0,0,0,,,,0,cancelled
2026-04-15 07:00,ord-000732,sell,73646.15,1776238793924,0,0,0,,,,0,cancelled
2026-04-15 07:00,ord-000733,buy,73650.49,1776238800424,0,0,0,,,,0,cancelled
2026-04-15 07:00,ord-000734,sell,73654.50,1776238800424,0,0,0,,,,0,cancelled
2026-04-15 07:00,ord-000735,buy,73653.99,1776238805424,0,0,0,,,,0,cancelled
2026-04-15 07:00,ord-000736,sell,73658.00,1776238805424,0.00120000,0,0,,,,0,cancelled
2026-04-15 07:00,ord-000737,buy,73655.27,1776238810424,0,0,0,,,,0,cancelled
2026-04-15 07:00,ord-000738,sell,73659.28,1776238810424,0,0,0,,,,0,cancelled
2026-04-15 07:00,ord-000739,buy,73654.00,1776238817524,0,0,0,,,,0,cancelled
2026-04-15 07:00,ord-000740,sell,73658.01,1776238817524,0,0,0,,,,0,cancelled
2026-04-15 07:00,ord-000741,buy,73644.32,1776238822525,0,0,0,,,,0,cancelled
2026-04-15 07:00,ord-000742,sell,73648.33,1776238822525,0,0,0,,,,0,cancelled
2026-04-15 07:00,ord-000743,buy,73653.24,1776238827624,0.00007000,0,0,,,,0,cancelled
2026-04-15 07:00,ord-000744,sell,73657.25,1776238827624,0.03760000,0,0,,,,0,cancelled
2026-04-15 07:00,ord-000745,buy,73655.26,1776238832624,0,0,0,,,,0,cancelled
2026-04-15 07:00,ord-000746,sell,73659.27,1776238832624,0,0,0,,,,0,cancelled
2026-04-15 07:00,ord-000747,buy,73660.77,1776238841424,0,0,0,,,,0,cancelled
2026-04-15 07:00,ord-000748,sell,73664.78,1776238841424,0,0,0,,,,0,cancelled
2026-04-15 07:00,ord-000749,buy,73655.26,1776238846424,0,0,0,,,,0,cancelled
2026-04-15 07:00,ord-000750,sell,73659.27,1776238846424,0,0,0,,,,0,cancelled
2026-04-15 07:00,ord-000751,buy,73648.00,1776238851424,0.00120000,0.00120000,0,,,,0,cancelled
2026-04-15 07:00,ord-000752,sell,73652.01,1776238851424,0.40485000,0,0,,,,0,cancelled
2026-04-15 07:00,ord-000753,buy,73645.24,1776238857524,0,0,0,,,,0,cancelled
2026-04-15 07:00,ord-000754,sell,73649.25,1776238857524,0,0,0,,,,0,cancelled
2026-04-15 07:00,ord-000755,buy,73648.00,1776238862524,0,0,0,,,,0,cancelled
2026-04-15 07:00,ord-000756,sell,73652.01,1776238862524,0,0,0,1776238870877,0,0,0.00044000,cancelled
2026-04-15 07:00,ord-000757,buy,73651.99,1776238870924,0.22636000,0.00035000,0,,,,0,cancelled
2026-04-15 07:00,ord-000758,sell,73656.00,1776238870924,0.00252000,0,0,,,,0,cancelled
2026-04-15 07:00,ord-000759,buy,73632.00,1776238875924,0.00127000,0.00127000,0,1776238878110,0.00127000,0.00000000,0.001,filled
2026-04-15 07:00,ord-000760,sell,73636.01,1776238875924,0.02027000,0,0,,,,0,cancelled
2026-04-15 07:00,ord-000761,buy,73629.68,1776238878124,0,0,0,,,,0,cancelled
2026-04-15 07:00,ord-000762,sell,73633.69,1776238878124,0,0,0,,,,0,cancelled
2026-04-15 07:00,ord-000763,buy,73616.66,1776238883124,0,0,0,,,,0,cancelled
2026-04-15 07:00,ord-000764,sell,73620.67,1776238883124,0,0,0,,,,0,cancelled
2026-04-15 07:00,ord-000765,buy,73627.21,1776238896024,0,0,0,,,,0,cancelled
2026-04-15 07:00,ord-000766,sell,73631.22,1776238896024,0,0,0,,,,0,cancelled
2026-04-15 07:00,ord-000767,buy,73625.37,1776238901524,0,0,0,,,,0,cancelled
2026-04-15 07:00,ord-000768,sell,73629.38,1776238901524,0,0,0,,,,0,cancelled
2026-04-15 07:00,ord-000769,buy,73621.59,1776238906524,0,0,0,,,,0,cancelled
2026-04-15 07:00,ord-000770,sell,73625.60,1776238906524,0,0,0,,,,0,cancelled
2026-04-15 07:00,ord-000771,buy,73616.91,1776238911524,0,0,0,,,,0,cancelled
2026-04-15 07:00,ord-000772,sell,73620.92,1776238911524,0,0,0,,,,0,cancelled
2026-04-15 07:00,ord-000773,buy,73604.58,1776238920624,0,0,0,,,,0,cancelled
2026-04-15 07:00,ord-000774,sell,73608.59,1776238920624,0,0,0,,,,0,cancelled
2026-04-15 07:00,ord-000775,buy,73609.90,1776238925624,0,0,0,,,,0,cancelled
2026-04-15 07:00,ord-000776,sell,73613.91,1776238925624,0,0,0,,,,0,cancelled
2026-04-15 07:00,ord-000777,buy,73604.59,1776238930624,0,0,0,,,,0,cancelled
2026-04-15 07:00,ord-000778,sell,73608.60,1776238930624,0,0,0,,,,0,cancelled
2026-04-15 07:00,ord-000779,buy,73599.55,1776238935624,0,0,0,,,,0,cancelled
2026-04-15 07:00,ord-000780,sell,73603.56,1776238935624,0,0,0,,,,0,cancelled
2026-04-15 07:00,ord-000781,buy,73590.64,1776238943524,0,0,0,,,,0,cancelled
2026-04-15 07:00,ord-000782,sell,73594.65,1776238943524,0,0,0,,,,0,cancelled
2026-04-15 07:00,ord-000783,buy,73594.22,1776238948524,0,0,0,,,,0,cancelled
2026-04-15 07:00,ord-000784,sell,73598.23,1776238948524,0,0,0,,,,0,cancelled
2026-04-15 07:00,ord-000785,buy,73593.06,1776238967624,0.00007000,0,0,,,,0,cancelled
2026-04-15 07:00,ord-000786,sell,73597.07,1776238967624,0,0,0,,,,0,cancelled
2026-04-15 07:00,ord-000787,buy,73591.22,1776238972625,0,0,0,,,,0,cancelled
2026-04-15 07:00,ord-000788,sell,73595.23,1776238972625,0,0,0,,,,0,cancelled
2026-04-15 07:00,ord-000789,buy,73586.78,1776238983524,0,0,0,,,,0,cancelled
2026-04-15 07:00,ord-000790,sell,73590.79,1776238983524,0,0,0,,,,0,cancelled
2026-04-15 07:00,ord-000791,buy,73596.78,1776239030524,0,0,0,,,,0,cancelled
2026-04-15 07:00,ord-000792,sell,73600.79,1776239030524,0.00007000,0.00007000,0,1776239030629,0.00007000,0.00000000,0.00007000,cancelled
2026-04-15 07:00,ord-000793,buy,73615.80,1776239035524,0,0,0,,,,0,cancelled
2026-04-15 07:00,ord-000794,sell,73619.81,1776239035524,0,0,0,,,,0,cancelled
2026-04-15 07:00,ord-000795,buy,73609.56,1776239047624,0,0,0,,,,0,cancelled
2026-04-15 07:00,ord-000796,sell,73613.57,1776239047624,0,0,0,,,,0,cancelled
2026-04-15 07:00,ord-000797,buy,73591.14,1776239052624,0,0,0,,,,0,cancelled
2026-04-15 07:00,ord-000798,sell,73595.15,1776239052624,0,0,0,,,,0,cancelled
2026-04-15 07:00,ord-000799,buy,73586.78,1776239102024,0,0,0,,,,0,cancelled
2026-04-15 07:00,ord-000800,sell,73590.79,1776239102024,0,0,0,,,,0,cancelled
2026-04-15 07:00,ord-000801,buy,73563.01,1776239107024,0,0,0,,,,0,cancelled
2026-04-15 07:00,ord-000802,sell,73567.02,1776239107024,0.00007000,0,0,,,,0,cancelled
2026-04-15 07:00,ord-000803,buy,73585.58,1776239112024,0,0,0,,,,0,cancelled
2026-04-15 07:00,ord-000804,sell,73589.59,1776239112024,0,0,0,,,,0,cancelled
2026-04-15 07:00,ord-000805,buy,73590.97,1776239117024,0,0,0,,,,0,cancelled
2026-04-15 07:00,ord-000806,sell,73594.98,1776239117024,0,0,0,,,,0,cancelled
2026-04-15 07:00,ord-000807,buy,73534.59,1776239122024,0,0,0,,,,0,cancelled
2026-04-15 07:00,ord-000808,sell,73538.60,1776239122024,0,0,0,,,,0,cancelled
2026-04-15 07:00,ord-000809,buy,73526.53,1776239127024,0,0,0,,,,0,cancelled
2026-04-15 07:00,ord-000810,sell,73530.54,1776239127024,0,0,0,,,,0,cancelled
2026-04-15 07:00,ord-000811,buy,73537.59,1776239132024,0,0,0,,,,0,cancelled
2026-04-15 07:00,ord-000812,sell,73541.60,1776239132024,0,0,0,,,,0,cancelled
2026-04-15 07:00,ord-000813,buy,73559.36,1776239137024,0,0,0,,,,0,cancelled
2026-04-15 07:00,ord-000814,sell,73563.37,1776239137024,0,0,0,,,,0,cancelled
2026-04-15 07:00,ord-000815,buy,73569.03,1776239142024,0,0,0,,,,0,cancelled
2026-04-15 07:00,ord-000816,sell,73573.04,1776239142024,0,0,0,,,,0,cancelled
2026-04-15 07:00,ord-000817,buy,73566.69,1776239147024,0,0,0,,,,0,cancelled
2026-04-15 07:00,ord-000818,sell,73570.70,1776239147024,0,0,0,,,,0,cancelled
2026-04-15 07:00,ord-000819,buy,73564.40,1776239152424,0,0,0,,,,0,cancelled
2026-04-15 07:00,ord-000820,sell,73568.41,1776239152424,0,0,0,,,,0,cancelled
2026-04-15 07:00,ord-000821,buy,73550.39,1776239157424,0,0,0,,,,0,cancelled
2026-04-15 07:00,ord-000822,sell,73554.40,1776239157424,0,0,0,,,,0,cancelled
2026-04-15 07:00,ord-000823,buy,73570.99,1776239162424,0,0,0,,,,0,cancelled
2026-04-15 07:00,ord-000824,sell,73575.00,1776239162424,0,0,0,,,,0,cancelled
2026-04-15 07:00,ord-000825,buy,73597.99,1776239167424,0,0,0,,,,0,cancelled
2026-04-15 07:00,ord-000826,sell,73602.00,1776239167424,0.00120000,0,0,,,,0,cancelled
2026-04-15 07:00,ord-000827,buy,73590.96,1776239176824,0,0,0,,,,0,cancelled
2026-04-15 07:00,ord-000828,sell,73594.97,1776239176824,0,0,0,,,,0,cancelled
2026-04-15 07:00,ord-000829,buy,73597.99,1776239181824,0,0,0,,,,0,cancelled
2026-04-15 07:00,ord-000830,sell,73602.00,1776239181824,0.00245000,0.00245000,0,,,,0,cancelled
2026-04-15 07:00,ord-000831,buy,73620.24,1776239186824,0,0,0,,,,0,cancelled
2026-04-15 07:00,ord-000832,sell,73624.25,1776239186824,0,0,0,,,,0,cancelled
2026-04-15 07:00,ord-000833,buy,73620.84,1776239202924,0,0,0,,,,0,cancelled
2026-04-15 07:00,ord-000834,sell,73624.85,1776239202924,0,0,0,,,,0,cancelled
2026-04-15 07:00,ord-000835,buy,73629.02,1776239207924,0,0,0,,,,0,cancelled
2026-04-15 07:00,ord-000836,sell,73633.03,1776239207924,0,0,0,,,,0,cancelled
2026-04-15 07:00,ord-000837,buy,73639.62,1776239212924,0,0,0,,,,0,cancelled
2026-04-15 07:00,ord-000838,sell,73643.63,1776239212924,0,0,0,,,,0,cancelled
2026-04-15 07:00,ord-000839,buy,73630.27,1776239220324,0,0,0,,,,0,cancelled
2026-04-15 07:00,ord-000840,sell,73634.28,1776239220324,0,0,0,,,,0,cancelled
2026-04-15 07:00,ord-000841,buy,73620.53,1776239225324,0,0,0,,,,0,cancelled
2026-04-15 07:00,ord-000842,sell,73624.54,1776239225324,0,0,0,,,,0,cancelled
2026-04-15 07:00,ord-000843,buy,73600.81,1776239230324,0,0,0,,,,0,cancelled
2026-04-15 07:00,ord-000844,sell,73604.82,1776239230324,0,0,0,,,,0,cancelled
2026-04-15 07:00,ord-000845,buy,73600.82,1776239239824,0,0,0,,,,0,cancelled
2026-04-15 07:00,ord-000846,sell,73604.83,1776239239824,0,0,0,,,,0,cancelled
2026-04-15 07:00,ord-000847,buy,73605.29,1776239244824,0,0,0,,,,0,cancelled
2026-04-15 07:00,ord-000848,sell,73609.30,1776239244824,0,0,0,,,,0,cancelled
2026-04-15 07:00,ord-000849,buy,73627.91,1776239249824,0,0,0,,,,0,cancelled
2026-04-15 07:00,ord-000850,sell,73631.92,1776239249824,0,0,0,,,,0,cancelled
2026-04-15 07:00,ord-000851,buy,73622.93,1776239254824,0,0,0,,,,0,cancelled
2026-04-15 07:00,ord-000852,sell,73626.94,1776239254824,0,0,0,,,,0,cancelled
2026-04-15 07:00,ord-000853,buy,73617.23,1776239259824,0,0,0,,,,0,cancelled
2026-04-15 07:00,ord-000854,sell,73621.24,1776239259824,0,0,0,,,,0,cancelled
2026-04-15 07:00,ord-000855,buy,73611.94,1776239268824,0,0,0,,,,0,cancelled
2026-04-15 07:00,ord-000856,sell,73615.95,1776239268824,0,0,0,,,,0,cancelled
2026-04-15 07:00,ord-000857,buy,73605.62,1776239273824,0,0,0,,,,0,cancelled
2026-04-15 07:00,ord-000858,sell,73609.63,1776239273824,0,0,0,,,,0,cancelled
2026-04-15 07:00,ord-000859,buy,73601.17,1776239278824,0,0,0,,,,0,cancelled
2026-04-15 07:00,ord-000860,sell,73605.18,1776239278824,0,0,0,,,,0,cancelled
2026-04-15 07:00,ord-000861,buy,73589.34,1776239283824,0,0,0,,,,0,cancelled
2026-04-15 07:00,ord-000862,sell,73593.35,1776239283824,0,0,0,,,,0,cancelled
2026-04-15 07:00,ord-000863,buy,73596.00,1776239288825,0.00087000,0,0,,,,0,cancelled
2026-04-15 07:00,ord-000864,sell,73600.01,1776239288825,0,0,0,,,,0,cancelled
2026-04-15 07:00,ord-000865,buy,73603.72,1776239293924,0,0,0,,,,0,cancelled
2026-04-15 07:00,ord-000866,sell,73607.73,1776239293924,0,0,0,,,,0,cancelled
2026-04-15 07:00,ord-000867,buy,73615.99,1776239298924,0,0,0,,,,0,cancelled
2026-04-15 07:00,ord-000868,sell,73620.00,1776239298924,0.00120000,0,0,,,,0,cancelled
2026-04-15 07:00,ord-000869,buy,73615.84,1776239304624,0,0,0,,,,0,cancelled
2026-04-15 07:00,ord-000870,sell,73619.85,1776239304624,0,0,0,,,,0,cancelled
2026-04-15 07:00,ord-000871,buy,73611.15,1776239309624,0,0,0,1776239365661,0,0,0.00020000,cancelled
2026-04-15 07:00,ord-000872,sell,73615.16,1776239309624,0,0,0,,,,0,cancelled
2026-04-15 07:00,ord-000873,buy,73604.08,1776239365724,0,0,0,,,,0,cancelled
2026-04-15 07:00,ord-000874,sell,73608.09,1776239365724,0,0,0,,,,0,cancelled
2026-04-15 07:00,ord-000875,buy,73638.64,1776239370724,0,0,0,,,,0,cancelled
2026-04-15 07:00,ord-000876,sell,73642.65,1776239370724,0,0,0,,,,0,cancelled
2026-04-15 07:00,ord-000877,buy,73632.69,1776239375724,0,0,0,,,,0,cancelled
2026-04-15 07:00,ord-000878,sell,73636.70,1776239375724,0,0,0,,,,0,cancelled
2026-04-15 07:00,ord-000879,buy,73643.95,1776239380724,0,0,0,,,,0,cancelled
2026-04-15 07:00,ord-000880,sell,73647.96,1776239380724,0,0,0,,,,0,cancelled
2026-04-15 07:00,ord-000881,buy,73649.87,1776239385724,0,0,0,,,,0,cancelled
2026-04-15 07:00,ord-000882,sell,73653.88,1776239385724,0,0,0,,,,0,cancelled
2026-04-15 07:00,ord-000883,buy,73650.15,1776239390724,0,0,0,,,,0,cancelled
2026-04-15 07:00,ord-000884,sell,73654.16,1776239390724,0,0,0,,,,0,cancelled
2026-04-15 07:00,ord-000885,buy,73647.87,1776239398724,0,0,0,,,,0,cancelled
2026-04-15 07:00,ord-000886,sell,73651.88,1776239398724,0,0,0,,,,0,cancelled
2026-04-15 07:00,ord-000887,buy,73680.51,1776239403724,0,0,0,,,,0,cancelled
2026-04-15 07:00,ord-000888,sell,73684.52,1776239403724,0,0,0,,,,0,cancelled
2026-04-15 07:00,ord-000889,buy,73676.31,1776239417624,0,0,0,,,,0,cancelled
2026-04-15 07:00,ord-000890,sell,73680.32,1776239417624,0,0,0,,,,0,cancelled
2026-04-15 07:00,ord-000891,buy,73684.42,1776239422624,0,0,0,,,,0,cancelled
2026-04-15 07:00,ord-000892,sell,73688.43,1776239422624,0,0,0,,,,0,cancelled
2026-04-15 07:00,ord-000893,buy,73705.19,1776239427624,0,0,0,,,,0,cancelled
2026-04-15 07:00,ord-000894,sell,73709.20,1776239427624,0,0,0,,,,0,cancelled
2026-04-15 07:00,ord-000895,buy,73718.23,1776239432624,0,0,0,,,,0,cancelled
2026-04-15 07:00,ord-000896,sell,73722.24,1776239432624,0,0,0,,,,0,cancelled
2026-04-15 07:00,ord-000897,buy,73710.85,1776239437625,0,0,0,,,,0,cancelled
2026-04-15 07:00,ord-000898,sell,73714.86,1776239437625,0,0,0,,,,0,cancelled
2026-04-15 07:00,ord-000899,buy,73706.03,1776239442725,0.01612000,0,0,,,,0,cancelled
2026-04-15 07:00,ord-000900,sell,73710.04,1776239442725,0,0,0,,,,0,cancelled
2026-04-15 07:00,ord-000901,buy,73701.35,1776239447824,0,0,0,,,,0,cancelled
2026-04-15 07:00,ord-000902,sell,73705.36,1776239447824,0,0,0,,,,0,cancelled
2026-04-15 07:00,ord-000903,buy,73705.56,1776239457824,0,0,0,,,,0,cancelled
2026-04-15 07:00,ord-000904,sell,73709.57,1776239457824,0,0,0,,,,0,cancelled
2026-04-15 07:00,ord-000905,buy,73713.41,1776239462824,0,0,0,,,,0,cancelled
2026-04-15 07:00,ord-000906,sell,73717.42,1776239462824,0.00117000,0.00117000,0,,,,0,cancelled
2026-04-15 07:00,ord-000907,buy,73747.99,1776239467824,0,0,0,,,,0,cancelled
2026-04-15 07:00,ord-000908,sell,73752.00,1776239467824,0.00120000,0.00120000,0,,,,0,cancelled
2026-04-15 07:00,ord-000909,buy,73751.33,1776239472824,0,0,0,,,,0,cancelled
2026-04-15 07:00,ord-000910,sell,73755.34,1776239472824,0,0,0,,,,0,cancelled
2026-04-15 07:00,ord-000911,buy,73743.36,1776239477824,0,0,0,,,,0,cancelled
2026-04-15 07:00,ord-000912,sell,73747.37,1776239477824,0,0,0,,,,0,cancelled
2026-04-15 07:00,ord-000913,buy,73750.47,1776239482824,0,0,0,,,,0,cancelled
2026-04-15 07:00,ord-000914,sell,73754.48,1776239482824,0,0,0,,,,0,cancelled
2026-04-15 07:00,ord-000915,buy,73748.00,1776239491524,0.00040000,0.00040000,0,1776239494504,0.00040000,0.00000000,0.001,filled
2026-04-15 07:00,ord-000916,sell,73752.01,1776239491524,0,0,0,,,,0,cancelled
2026-04-15 07:00,ord-000917,buy,73743.36,1776239494524,0,0,0,,,,0,cancelled
2026-04-15 07:00,ord-000918,sell,73747.37,1776239494524,0,0,0,,,,0,cancelled
2026-04-15 07:00,ord-000919,buy,73738.00,1776239499524,0.00143000,0,0,,,,0,cancelled
2026-04-15 07:00,ord-000920,sell,73742.01,1776239499524,0,0,0,,,,0,cancelled
2026-04-15 07:00,ord-000921,buy,73750.46,1776239504524,0,0,0,,,,0,cancelled
2026-04-15 07:00,ord-000922,sell,73754.47,1776239504524,0,0,0,,,,0,cancelled
2026-04-15 07:00,ord-000923,buy,73760.62,1776239509524,0,0,0,,,,0,cancelled
2026-04-15 07:00,ord-000924,sell,73764.63,1776239509524,0,0,0,,,,0,cancelled
2026-04-15 07:00,ord-000925,buy,73762.10,1776239514724,0,0,0,,,,0,cancelled
2026-04-15 07:00,ord-000926,sell,73766.11,1776239514724,0,0,0,,,,0,cancelled
2026-04-15 07:00,ord-000927,buy,73767.56,1776239519724,0,0,0,,,,0,cancelled
2026-04-15 07:00,ord-000928,sell,73771.57,1776239519724,0,0,0,,,,0,cancelled
2026-04-15 07:00,ord-000929,buy,73774.88,1776239524724,0,0,0,,,,0,cancelled
2026-04-15 07:00,ord-000930,sell,73778.89,1776239524724,0,0,0,,,,0,cancelled
2026-04-15 07:00,ord-000931,buy,73768.90,1776239535527,0,0,0,,,,0,cancelled
2026-04-15 07:00,ord-000932,sell,73772.91,1776239535527,0,0,0,,,,0,cancelled
2026-04-15 07:00,ord-000933,buy,73773.22,1776239540624,0,0,0,,,,0,cancelled
2026-04-15 07:00,ord-000934,sell,73777.23,1776239540624,0,0,0,,,,0,cancelled
2026-04-15 07:00,ord-000935,buy,73767.90,1776239545624,0,0,0,,,,0,cancelled
2026-04-15 07:00,ord-000936,sell,73771.91,1776239545624,0,0,0,,,,0,cancelled
2026-04-15 07:00,ord-000937,buy,73775.12,1776239550624,0,0,0,,,,0,cancelled
2026-04-15 07:00,ord-000938,sell,73779.13,1776239550624,0,0,0,,,,0,cancelled
2026-04-15 07:00,ord-000939,buy,73760.63,1776239555624,0,0,0,1776239558473,0,0,0.00051000,cancelled
2026-04-15 07:00,ord-000940,sell,73764.64,1776239555624,0,0,0,,,,0,cancelled
2026-04-15 07:00,ord-000941,buy,73754.00,1776239560624,0.00120000,0,0,,,,0,cancelled
2026-04-15 07:00,ord-000942,sell,73758.01,1776239560624,0.23902000,0,0,,,,0,cancelled
2026-04-15 07:00,ord-000943,buy,73760.63,1776239565624,0,0,0,,,,0,cancelled
2026-04-15 07:00,ord-000944,sell,73764.64,1776239565624,0,0,0,,,,0,cancelled
2026-04-15 07:00,ord-000945,buy,73757.63,1776239570624,0,0,0,,,,0,cancelled
2026-04-15 07:00,ord-000946,sell,73761.64,1776239570624,0,0,0,,,,0,cancelled
2026-04-15 07:00,ord-000947,buy,73754.22,1776239575624,0,0,0,,,,0,cancelled
2026-04-15 07:00,ord-000948,sell,73758.23,1776239575624,0,0,0,,,,0,cancelled
2026-04-15 07:00,ord-000949,buy,73760.62,1776239580624,0,0,0,,,,0,cancelled
2026-04-15 07:00,ord-000950,sell,73764.63,1776239580624,0,0,0,,,,0,cancelled
2026-04-15 07:00,ord-000951,buy,73748.22,1776239585624,0,0,0,,,,0,cancelled
2026-04-15 07:00,ord-000952,sell,73752.23,1776239585624,0,0,0,,,,0,cancelled
2026-04-15 07:00,ord-000953,buy,73740.30,1776239590624,0,0,0,,,,0,cancelled
2026-04-15 07:00,ord-000954,sell,73744.31,1776239590624,0,0,0,,,,0,cancelled
2026-04-15 07:00,ord-000955,buy,73704.32,1776239595624,0,0,0,,,,0,cancelled
2026-04-15 07:00,ord-000956,sell,73708.33,1776239595624,0,0,0,,,,0,cancelled
2026-04-15 07:00,ord-000957,buy,73726.99,1776239600624,0,0,0,,,,0,cancelled
2026-04-15 07:00,ord-000958,sell,73731.00,1776239600624,0,0,0,,,,0,cancelled
2026-04-15 07:00,ord-000959,buy,73730.72,1776239605624,0,0,0,,,,0,cancelled
2026-04-15 07:00,ord-000960,sell,73734.73,1776239605624,0,0,0,,,,0,cancelled
2026-04-15 07:00,ord-000961,buy,73730.00,1776239613024,0.00120000,0.00120000,0,,,,0,cancelled
2026-04-15 07:00,ord-000962,sell,73734.01,1776239613024,0,0,0,,,,0,cancelled
2026-04-15 07:00,ord-000963,buy,73730.72,1776239618024,0,0,0,,,,0,cancelled
2026-04-15 07:00,ord-000964,sell,73734.73,1776239618024,0,0,0,,,,0,cancelled
2026-04-15 07:00,ord-000965,buy,73717.68,1776239623024,0,0,0,,,,0,cancelled
2026-04-15 07:00,ord-000966,sell,73721.69,1776239623024,0,0,0,,,,0,cancelled
2026-04-15 07:00,ord-000967,buy,73708.14,1776239628024,0.00552000,0.00552000,0,,,,0,cancelled
2026-04-15 07:00,ord-000968,sell,73712.15,1776239628024,0,0,0,,,,0,cancelled
2026-04-15 07:00,ord-000969,buy,73699.04,1776239633024,0,0,0,,,,0,cancelled
2026-04-15 07:00,ord-000970,sell,73703.05,1776239633024,0,0,0,,,,0,cancelled
2026-04-15 07:00,ord-000971,buy,73698.01,1776239638025,0.06647000,0,0,,,,0,cancelled
2026-04-15 07:00,ord-000972,sell,73702.02,1776239638025,0,0,0,,,,0,cancelled
2026-04-15 07:00,ord-000973,buy,73706.42,1776239643124,0,0,0,,,,0,cancelled
2026-04-15 07:00,ord-000974,sell,73710.43,1776239643124,0,0,0,,,,0,cancelled
2026-04-15 07:00,ord-000975,buy,73704.22,1776239648124,0,0,0,,,,0,cancelled
2026-04-15 07:00,ord-000976,sell,73708.23,1776239648124,0,0,0,,,,0,cancelled
2026-04-15 07:00,ord-000977,buy,73698.68,1776239655624,0,0,0,,,,0,cancelled
2026-04-15 07:00,ord-000978,sell,73702.69,1776239655624,0,0,0,,,,0,cancelled
2026-04-15 07:00,ord-000979,buy,73703.84,1776239660624,0,0,0,,,,0,cancelled
2026-04-15 07:00,ord-000980,sell,73707.85,1776239660624,0,0,0,,,,0,cancelled
2026-04-15 07:00,ord-000981,buy,73699.58,1776239665624,0,0,0,,,,0,cancelled
2026-04-15 07:00,ord-000982,sell,73703.59,1776239665624,0,0,0,,,,0,cancelled
2026-04-15 07:00,ord-000983,buy,73717.38,1776239670624,0,0,0,,,,0,cancelled
2026-04-15 07:00,ord-000984,sell,73721.39,1776239670624,0,0,0,,,,0,cancelled
2026-04-15 07:00,ord-000985,buy,73703.29,1776239675625,0,0,0,,,,0,cancelled
2026-04-15 07:00,ord-000986,sell,73707.30,1776239675625,0,0,0,,,,0,cancelled
2026-04-15 07:00,ord-000987,buy,73697.55,1776239680724,0,0,0,,,,0,cancelled
2026-04-15 07:00,ord-000988,sell,73701.56,1776239680724,0,0,0,,,,0,cancelled
2026-04-15 07:00,ord-000989,buy,73717.60,1776239685760,0,0,0,,,,0,cancelled
2026-04-15 07:00,ord-000990,sell,73721.61,1776239685760,0,0,0,,,,0,cancelled
2026-04-15 07:00,ord-000991,buy,73755.58,1776239690824,0,0,0,,,,0,cancelled
2026-04-15 07:00,ord-000992,sell,73759.59,1776239690824,0,0,0,,,,0,cancelled
2026-04-15 07:00,ord-000993,buy,73750.99,1776239696124,0,0,0,,,,0,cancelled
2026-04-15 07:00,ord-000994,sell,73755.00,1776239696124,0,0,0,,,,0,cancelled
2026-04-15 07:00,ord-000995,buy,73756.53,1776239701124,0,0,0,,,,0,cancelled
2026-04-15 07:00,ord-000996,sell,73760.54,1776239701124,0,0,0,,,,0,cancelled
2026-04-15 07:00,ord-000997,buy,73760.11,1776239706124,0,0,0,,,,0,cancelled
2026-04-15 07:00,ord-000998,sell,73764.12,1776239706124,0,0,0,,,,0,cancelled
2026-04-15 07:00,ord-000999,buy,73746.47,1776239711124,0,0,0,,,,0,cancelled
2026-04-15 07:00,ord-001000,sell,73750.48,1776239711124,0,0,0,,,,0,cancelled
2026-04-15 07:00,ord-001001,buy,73733.66,1776239716124,0,0,0,,,,0,cancelled
2026-04-15 07:00,ord-001002,sell,73737.67,1776239716124,0,0,0,,,,0,cancelled
2026-04-15 07:00,ord-001003,buy,73731.49,1776239721124,0,0,0,,,,0,cancelled
2026-04-15 07:00,ord-001004,sell,73735.50,1776239721124,0,0,0,,,,0,cancelled
2026-04-15 07:00,ord-001005,buy,73736.19,1776239726124,0,0,0,,,,0,cancelled
2026-04-15 07:00,ord-001006,sell,73740.20,1776239726124,0,0,0,,,,0,cancelled
2026-04-15 07:00,ord-001007,buy,73731.46,1776239731124,0,0,0,,,,0,cancelled
2026-04-15 07:00,ord-001008,sell,73735.47,1776239731124,0,0,0,,,,0,cancelled
2026-04-15 07:00,ord-001009,buy,73731.45,1776239736124,0,0,0,,,,0,cancelled
2026-04-15 07:00,ord-001010,sell,73735.46,1776239736124,0,0,0,,,,0,cancelled
2026-04-15 07:00,ord-001011,buy,73725.58,1776239741124,0,0,0,,,,0,cancelled
2026-04-15 07:00,ord-001012,sell,73729.59,1776239741124,0,0,0,,,,0,cancelled
2026-04-15 07:00,ord-001013,buy,73723.23,1776239746124,0,0,0,,,,0,cancelled
2026-04-15 07:00,ord-001014,sell,73727.24,1776239746124,0,0,0,,,,0,cancelled
2026-04-15 07:00,ord-001015,buy,73724.36,1776239751724,0,0,0,,,,0,cancelled
2026-04-15 07:00,ord-001016,sell,73728.37,1776239751724,0,0,0,,,,0,cancelled
2026-04-15 07:00,ord-001017,buy,73728.30,1776239756724,0,0,0,,,,0,cancelled
2026-04-15 07:00,ord-001018,sell,73732.31,1776239756724,0,0,0,,,,0,cancelled
2026-04-15 07:00,ord-001019,buy,73732.44,1776239774324,0,0,0,,,,0,cancelled
2026-04-15 07:00,ord-001020,sell,73736.45,1776239774324,0,0,0,,,,0,cancelled
2026-04-15 07:00,ord-001021,buy,73730.00,1776239779324,0.00133000,0.00133000,0,,,,0,cancelled
2026-04-15 07:00,ord-001022,sell,73734.01,1776239779324,0.04610000,0,0,,,,0,cancelled
2026-04-15 07:00,ord-001023,buy,73726.75,1776239784324,0,0,0,,,,0,cancelled
2026-04-15 07:00,ord-001024,sell,73730.76,1776239784324,0,0,0,,,,0,cancelled
2026-04-15 07:00,ord-001025,buy,73736.17,1776239789324,0,0,0,,,,0,cancelled
2026-04-15 07:00,ord-001026,sell,73740.18,1776239789324,0,0,0,,,,0,cancelled
2026-04-15 07:00,ord-001027,buy,73741.88,1776239809324,0,0,0,,,,0,cancelled
2026-04-15 07:00,ord-001028,sell,73745.89,1776239809324,0,0,0,,,,0,cancelled
2026-04-15 07:00,ord-001029,buy,73752.32,1776239814324,0,0,0,,,,0,cancelled
2026-04-15 07:00,ord-001030,sell,73756.33,1776239814324,0,0,0,,,,0,cancelled
2026-04-15 07:00,ord-001031,buy,73754.86,1776239819324,0,0,0,,,,0,cancelled
2026-04-15 07:00,ord-001032,sell,73758.87,1776239819324,0,0,0,,,,0,cancelled
2026-04-15 07:00,ord-001033,buy,73765.04,1776239824324,0,0,0,,,,0,cancelled
2026-04-15 07:00,ord-001034,sell,73769.05,1776239824324,0,0,0,,,,0,cancelled
2026-04-15 07:00,ord-001035,buy,73760.98,1776239831924,0,0,0,,,,0,cancelled
2026-04-15 07:00,ord-001036,sell,73764.99,1776239831924,0,0,0,,,,0,cancelled
2026-04-15 07:00,ord-001037,buy,73750.05,1776239836924,0,0,0,,,,0,cancelled
2026-04-15 07:00,ord-001038,sell,73754.06,1776239836924,0,0,0,,,,0,cancelled
2026-04-15 07:00,ord-001039,buy,73749.95,1776239841924,0,0,0,,,,0,cancelled
2026-04-15 07:00,ord-001040,sell,73753.96,1776239841924,0,0,0,,,,0,cancelled
2026-04-15 07:00,ord-001041,buy,73754.29,1776239846924,0,0,0,,,,0,cancelled
2026-04-15 07:00,ord-001042,sell,73758.30,1776239846924,0,0,0,,,,0,cancelled
2026-04-15 07:00,ord-001043,buy,73775.08,1776239851924,0,0,0,,,,0,cancelled
2026-04-15 07:00,ord-001044,sell,73779.09,1776239851924,0,0,0,,,,0,cancelled
2026-04-15 07:00,ord-001045,buy,73779.61,1776239859424,0,0,0,,,,0,cancelled
2026-04-15 07:00,ord-001046,sell,73783.62,1776239859424,0,0,0,,,,0,cancelled
2026-04-15 07:00,ord-001047,buy,73776.05,1776239867624,0,0,0,,,,0,cancelled
2026-04-15 07:00,ord-001048,sell,73780.06,1776239867624,0,0,0,,,,0,cancelled
2026-04-15 07:00,ord-001049,buy,73772.08,1776239872624,0,0,0,,,,0,cancelled
2026-04-15 07:00,ord-001050,sell,73776.09,1776239872624,0,0,0,,,,0,cancelled
2026-04-15 07:00,ord-001051,buy,73779.46,1776239877624,0,0,0,,,,0,cancelled
2026-04-15 07:00,ord-001052,sell,73783.47,1776239877624,0,0,0,,,,0,cancelled
2026-04-15 07:00,ord-001053,buy,73766.32,1776239882624,0,0,0,,,,0,cancelled
2026-04-15 07:00,ord-001054,sell,73770.33,1776239882624,0,0,0,,,,0,cancelled
2026-04-15 07:00,ord-001055,buy,73757.00,1776239887624,0,0,0,,,,0,cancelled
2026-04-15 07:00,ord-001056,sell,73761.01,1776239887624,0,0,0,,,,0,cancelled
2026-04-15 07:00,ord-001057,buy,73754.86,1776239896324,0,0,0,,,,0,cancelled
2026-04-15 07:00,ord-001058,sell,73758.87,1776239896324,0,0,0,,,,0,cancelled
2026-04-15 07:00,ord-001059,buy,73757.00,1776239901324,0,0,0,,,,0,cancelled
2026-04-15 07:00,ord-001060,sell,73761.01,1776239901324,0,0,0,,,,0,cancelled
2026-04-15 07:00,ord-001061,buy,73759.13,1776239906324,0.02016000,0,0,,,,0,cancelled
2026-04-15 07:00,ord-001062,sell,73763.14,1776239906324,0,0,0,,,,0,cancelled
2026-04-15 07:00,ord-001063,buy,73757.53,1776239911324,0,0,0,,,,0,cancelled
2026-04-15 07:00,ord-001064,sell,73761.54,1776239911324,0,0,0,,,,0,cancelled
2026-04-15 07:00,ord-001065,buy,73755.17,1776239929725,0,0,0,,,,0,cancelled
2026-04-15 07:00,ord-001066,sell,73759.18,1776239929725,0,0,0,,,,0,cancelled
2026-04-15 07:00,ord-001067,buy,73745.30,1776239934824,0,0,0,,,,0,cancelled
2026-04-15 07:00,ord-001068,sell,73749.31,1776239934824,0,0,0,,,,0,cancelled
2026-04-15 07:00,ord-001069,buy,73742.72,1776239939824,0,0,0,,,,0,cancelled
2026-04-15 07:00,ord-001070,sell,73746.73,1776239939824,0,0,0,,,,0,cancelled
2026-04-15 07:00,ord-001071,buy,73726.34,1776239944824,0,0,0,,,,0,cancelled
2026-04-15 07:00,ord-001072,sell,73730.35,1776239944824,0,0,0,,,,0,cancelled
2026-04-15 07:00,ord-001073,buy,73733.47,1776239963924,0,0,0,,,,0,cancelled
2026-04-15 07:00,ord-001074,sell,73737.48,1776239963924,0,0,0,,,,0,cancelled
2026-04-15 07:00,ord-001075,buy,73732.65,1776239969524,0,0,0,,,,0,cancelled
2026-04-15 07:00,ord-001076,sell,73736.66,1776239969524,0,0,0,,,,0,cancelled
2026-04-15 07:00,ord-001077,buy,73728.42,1776239974524,0,0,0,,,,0,expired
2026-04-15 07:00,ord-001078,sell,73732.43,1776239974524,0,0,0,,,,0,expired
2026-04-15 08:00,ord-000001,buy,73738.84,1776240000224,0,0,0,,,,0,cancelled
2026-04-15 08:00,ord-000002,sell,73742.85,1776240000224,0,0,0,,,,0,cancelled
2026-04-15 08:00,ord-000003,buy,73727.00,1776240005224,0,0,0,,,,0,cancelled
2026-04-15 08:00,ord-000004,sell,73731.01,1776240005224,0,0,0,,,,0,cancelled
2026-04-15 08:00,ord-000005,buy,73731.32,1776240010224,0,0,0,,,,0,cancelled
2026-04-15 08:00,ord-000006,sell,73735.33,1776240010224,0,0,0,,,,0,cancelled
2026-04-15 08:00,ord-000007,buy,73703.66,1776240015224,0,0,0,,,,0,cancelled
2026-04-15 08:00,ord-000008,sell,73707.67,1776240015224,0,0,0,,,,0,cancelled
2026-04-15 08:00,ord-000009,buy,73702.00,1776240021024,0.00120000,0,0,,,,0,cancelled
2026-04-15 08:00,ord-000010,sell,73706.01,1776240021024,0,0,0,,,,0,cancelled
2026-04-15 08:00,ord-000011,buy,73710.44,1776240026024,0,0,0,,,,0,cancelled
2026-04-15 08:00,ord-000012,sell,73714.45,1776240026024,0,0,0,,,,0,cancelled
2026-04-15 08:00,ord-000013,buy,73720.06,1776240031024,0,0,0,,,,0,cancelled
2026-04-15 08:00,ord-000014,sell,73724.07,1776240031024,0,0,0,,,,0,cancelled
2026-04-15 08:00,ord-000015,buy,73716.76,1776240036024,0,0,0,,,,0,cancelled
2026-04-15 08:00,ord-000016,sell,73720.77,1776240036024,0,0,0,,,,0,cancelled
2026-04-15 08:00,ord-000017,buy,73716.02,1776240041024,0,0,0,1776240050459,0,0,0.00031000,cancelled
2026-04-15 08:00,ord-000018,sell,73720.03,1776240041024,0,0,0,,,,0,cancelled
2026-04-15 08:00,ord-000019,buy,73710.31,1776240050524,0,0,0,,,,0,cancelled
2026-04-15 08:00,ord-000020,sell,73714.32,1776240050524,0,0,0,,,,0,cancelled
2026-04-15 08:00,ord-000021,buy,73684.98,1776240055524,0,0,0,,,,0,cancelled
2026-04-15 08:00,ord-000022,sell,73688.99,1776240055524,0,0,0,,,,0,cancelled
2026-04-15 08:00,ord-000023,buy,73677.40,1776240060524,0,0,0,,,,0,cancelled
2026-04-15 08:00,ord-000024,sell,73681.41,1776240060524,0,0,0,,,,0,cancelled
2026-04-15 08:00,ord-000025,buy,73688.76,1776240065524,0,0,0,,,,0,cancelled
2026-04-15 08:00,ord-000026,sell,73692.77,1776240065524,0,0,0,,,,0,cancelled
2026-04-15 08:00,ord-000027,buy,73673.96,1776240070524,0,0,0,,,,0,cancelled
2026-04-15 08:00,ord-000028,sell,73677.97,1776240070524,0,0,0,,,,0,cancelled
2026-04-15 08:00,ord-000029,buy,73685.12,1776240075524,0.00007000,0.00007000,0,,,,0,cancelled
2026-04-15 08:00,ord-000030,sell,73689.13,1776240075524,0,0,0,,,,0,cancelled
2026-04-15 08:00,ord-000031,buy,73682.29,1776240080524,0,0,0,,,,0,cancelled
2026-04-15 08:00,ord-000032,sell,73686.30,1776240080524,0,0,0,,,,0,cancelled
2026-04-15 08:00,ord-000033,buy,73689.36,1776240085524,0,0,0,,,,0,cancelled
2026-04-15 08:00,ord-000034,sell,73693.37,1776240085524,0,0,0,,,,0,cancelled
2026-04-15 08:00,ord-000035,buy,73709.71,1776240090524,0,0,0,,,,0,cancelled
2026-04-15 08:00,ord-000036,sell,73713.72,1776240090524,0,0,0,,,,0,cancelled
2026-04-15 08:00,ord-000037,buy,73700.01,1776240095524,0,0,0,,,,0,cancelled
2026-04-15 08:00,ord-000038,sell,73704.02,1776240095524,0,0,0,,,,0,cancelled
2026-04-15 08:00,ord-000039,buy,73701.24,1776240100524,0,0,0,,,,0,cancelled
2026-04-15 08:00,ord-000040,sell,73705.25,1776240100524,0,0,0,,,,0,cancelled
2026-04-15 08:00,ord-000041,buy,73707.14,1776240120724,0,0,0,,,,0,cancelled
2026-04-15 08:00,ord-000042,sell,73711.15,1776240120724,0,0,0,,,,0,cancelled
2026-04-15 08:00,ord-000043,buy,73709.70,1776240125724,0,0,0,,,,0,cancelled
2026-04-15 08:00,ord-000044,sell,73713.71,1776240125724,0,0,0,,,,0,cancelled
2026-04-15 08:00,ord-000045,buy,73719.44,1776240130724,0,0,0,,,,0,cancelled
2026-04-15 08:00,ord-000046,sell,73723.45,1776240130724,0,0,0,,,,0,cancelled
2026-04-15 08:00,ord-000047,buy,73727.67,1776240135724,0,0,0,,,,0,cancelled
2026-04-15 08:00,ord-000048,sell,73731.68,1776240135724,0,0,0,,,,0,cancelled
2026-04-15 08:00,ord-000049,buy,73720.51,1776240142824,0,0,0,,,,0,cancelled
2026-04-15 08:00,ord-000050,sell,73724.52,1776240142824,0,0,0,,,,0,cancelled
2026-04-15 08:00,ord-000051,buy,73719.43,1776240172124,0,0,0,,,,0,cancelled
2026-04-15 08:00,ord-000052,sell,73723.44,1776240172124,0,0,0,,,,0,cancelled
2026-04-15 08:00,ord-000053,buy,73708.18,1776240177124,0,0,0,,,,0,cancelled
2026-04-15 08:00,ord-000054,sell,73712.19,1776240177124,0,0,0,,,,0,cancelled
2026-04-15 08:00,ord-000055,buy,73713.10,1776240229324,0,0,0,,,,0,cancelled
2026-04-15 08:00,ord-000056,sell,73717.11,1776240229324,0,0,0,,,,0,cancelled
2026-04-15 08:00,ord-000057,buy,73719.33,1776240234324,0,0,0,,,,0,cancelled
2026-04-15 08:00,ord-000058,sell,73723.34,1776240234324,0,0,0,,,,0,cancelled
2026-04-15 08:00,ord-000059,buy,73726.64,1776240240124,0,0,0,,,,0,cancelled
2026-04-15 08:00,ord-000060,sell,73730.65,1776240240124,0,0,0,,,,0,cancelled
2026-04-15 08:00,ord-000061,buy,73735.05,1776240247626,0,0,0,,,,0,cancelled
2026-04-15 08:00,ord-000062,sell,73739.06,1776240247626,0,0,0,,,,0,cancelled
2026-04-15 08:00,ord-000063,buy,73753.50,1776240252724,0,0,0,,,,0,cancelled
2026-04-15 08:00,ord-000064,sell,73757.51,1776240252724,0,0,0,,,,0,cancelled
2026-04-15 08:00,ord-000065,buy,73754.40,1776240281124,0,0,0,,,,0,cancelled
2026-04-15 08:00,ord-000066,sell,73758.41,1776240281124,0,0,0,,,,0,cancelled
2026-04-15 08:00,ord-000067,buy,73759.15,1776240286124,0,0,0,,,,0,cancelled
2026-04-15 08:00,ord-000068,sell,73763.16,1776240286124,0,0,0,,,,0,cancelled
2026-04-15 08:00,ord-000069,buy,73770.52,1776240291124,0,0,0,,,,0,cancelled
2026-04-15 08:00,ord-000070,sell,73774.53,1776240291124,0,0,0,,,,0,cancelled
2026-04-15 08:00,ord-000071,buy,73769.30,1776240296124,0,0,0,,,,0,cancelled
2026-04-15 08:00,ord-000072,sell,73773.31,1776240296124,0,0,0,,,,0,cancelled
2026-04-15 08:00,ord-000073,buy,73770.17,1776240309624,0,0,0,,,,0,cancelled
2026-04-15 08:00,ord-000074,sell,73774.18,1776240309624,0,0,0,,,,0,cancelled
2026-04-15 08:00,ord-000075,buy,73781.11,1776240314624,0,0,0,,,,0,cancelled
2026-04-15 08:00,ord-000076,sell,73785.12,1776240314624,0,0,0,,,,0,cancelled
2026-04-15 08:00,ord-000077,buy,73782.64,1776240330124,0,0,0,,,,0,cancelled
2026-04-15 08:00,ord-000078,sell,73786.65,1776240330124,0,0,0,,,,0,cancelled
2026-04-15 08:00,ord-000079,buy,73794.81,1776240335124,0,0,0,,,,0,cancelled
2026-04-15 08:00,ord-000080,sell,73798.82,1776240335124,0,0,0,,,,0,cancelled
2026-04-15 08:00,ord-000081,buy,73797.97,1776240340124,0,0,0,,,,0,cancelled
2026-04-15 08:00,ord-000082,sell,73801.98,1776240340124,0,0,0,,,,0,cancelled
2026-04-15 08:00,ord-000083,buy,73792.85,1776240345124,0,0,0,,,,0,cancelled
2026-04-15 08:00,ord-000084,sell,73796.86,1776240345124,0,0,0,,,,0,cancelled
2026-04-15 08:00,ord-000085,buy,73784.99,1776240350124,0,0,0,,,,0,cancelled
2026-04-15 08:00,ord-000086,sell,73789.00,1776240350124,0,0,0,,,,0,cancelled
2026-04-15 08:00,ord-000087,buy,73786.24,1776240383024,0,0,0,,,,0,cancelled
2026-04-15 08:00,ord-000088,sell,73790.25,1776240383024,0,0,0,,,,0,cancelled
2026-04-15 08:00,ord-000089,buy,73797.99,1776240388024,0,0,0,,,,0,cancelled
2026-04-15 08:00,ord-000090,sell,73802.00,1776240388024,0.00120000,0.00120000,0,,,,0,cancelled
2026-04-15 08:00,ord-000091,buy,73800.02,1776240393024,1.23658000,0,0,,,,0,cancelled
2026-04-15 08:00,ord-000092,sell,73804.03,1776240393024,0,0,0,,,,0,cancelled
2026-04-15 08:00,ord-000093,buy,73812.73,1776240398024,0,0,0,,,,0,cancelled
2026-04-15 08:00,ord-000094,sell,73816.74,1776240398024,0.00007000,0,0,,,,0,cancelled
2026-04-15 08:00,ord-000095,buy,73814.62,1776240405324,0,0,0,,,,0,cancelled
2026-04-15 08:00,ord-000096,sell,73818.63,1776240405324,0,0,0,,,,0,cancelled
2026-04-15 08:00,ord-000097,buy,73819.91,1776240410324,0,0,0,,,,0,cancelled
2026-04-15 08:00,ord-000098,sell,73823.92,1776240410324,0,0,0,,,,0,cancelled
2026-04-15 08:00,ord-000099,buy,73809.25,1776240416624,0,0,0,,,,0,cancelled
2026-04-15 08:00,ord-000100,sell,73813.26,1776240416624,0,0,0,,,,0,cancelled
2026-04-15 08:00,ord-000101,buy,73812.33,1776240435624,0,0,0,,,,0,cancelled
2026-04-15 08:00,ord-000102,sell,73816.34,1776240435624,0,0,0,,,,0,cancelled
2026-04-15 08:00,ord-000103,buy,73828.23,1776240440624,0,0,0,,,,0,cancelled
2026-04-15 08:00,ord-000104,sell,73832.24,1776240440624,0,0,0,,,,0,cancelled
2026-04-15 08:00,ord-000105,buy,73820.39,1776240445624,0.00007000,0,0,,,,0,cancelled
2026-04-15 08:00,ord-000106,sell,73824.40,1776240445624,0,0,0,,,,0,cancelled
2026-04-15 08:00,ord-000107,buy,73826.13,1776240450624,0,0,0,,,,0,cancelled
2026-04-15 08:00,ord-000108,sell,73830.14,1776240450624,0,0,0,,,,0,cancelled
2026-04-15 08:00,ord-000109,buy,73831.19,1776240455624,0,0,0,,,,0,cancelled
2026-04-15 08:00,ord-000110,sell,73835.20,1776240455624,0,0,0,,,,0,cancelled
2026-04-15 08:00,ord-000111,buy,73828.80,1776240460624,0,0,0,,,,0,cancelled
2026-04-15 08:00,ord-000112,sell,73832.81,1776240460624,0,0,0,,,,0,cancelled
2026-04-15 08:00,ord-000113,buy,73828.75,1776240465624,0,0,0,,,,0,cancelled
2026-04-15 08:00,ord-000114,sell,73832.76,1776240465624,0,0,0,,,,0,cancelled
2026-04-15 08:00,ord-000115,buy,73814.68,1776240474024,0,0,0,,,,0,cancelled
2026-04-15 08:00,ord-000116,sell,73818.69,1776240474024,0,0,0,,,,0,cancelled
2026-04-15 08:00,ord-000117,buy,73809.96,1776240479124,0,0,0,,,,0,cancelled
2026-04-15 08:00,ord-000118,sell,73813.97,1776240479124,0,0,0,,,,0,cancelled
2026-04-15 08:00,ord-000119,buy,73801.81,1776240484124,0,0,0,,,,0,cancelled
2026-04-15 08:00,ord-000120,sell,73805.82,1776240484124,0,0,0,,,,0,cancelled
2026-04-15 08:00,ord-000121,buy,73798.00,1776240498524,0.00120000,0,0,,,,0,cancelled
2026-04-15 08:00,ord-000122,sell,73802.01,1776240498524,0,0,0,,,,0,cancelled
2026-04-15 08:00,ord-000123,buy,73797.03,1776240513924,0,0,0,,,,0,cancelled
2026-04-15 08:00,ord-000124,sell,73801.04,1776240513924,0,0,0,,,,0,cancelled
2026-04-15 08:00,ord-000125,buy,73795.80,1776240518925,0,0,0,,,,0,cancelled
2026-04-15 08:00,ord-000126,sell,73799.81,1776240518925,1.23120000,0,0,,,,0,cancelled
2026-04-15 08:00,ord-000127,buy,73786.24,1776240524024,0,0,0,,,,0,cancelled
2026-04-15 08:00,ord-000128,sell,73790.25,1776240524024,0,0,0,,,,0,cancelled
2026-04-15 08:00,ord-000129,buy,73784.00,1776240529024,0.00120000,0,0,,,,0,cancelled
2026-04-15 08:00,ord-000130,sell,73788.01,1776240529024,0,0,0,,,,0,cancelled
2026-04-15 08:00,ord-000131,buy,73782.22,1776240540624,0,0,0,,,,0,cancelled
2026-04-15 08:00,ord-000132,sell,73786.23,1776240540624,0,0,0,,,,0,cancelled
2026-04-15 08:00,ord-000133,buy,73768.00,1776240545624,0.00120000,0.00120000,0,,,,0,cancelled
2026-04-15 08:00,ord-000134,sell,73772.01,1776240545624,0,0,0,,,,0,cancelled
2026-04-15 08:00,ord-000135,buy,73753.10,1776240550624,0,0,0,,,,0,cancelled
2026-04-15 08:00,ord-000136,sell,73757.11,1776240550624,0,0,0,,,,0,cancelled
2026-04-15 08:00,ord-000137,buy,73765.81,1776240558024,0,0,0,,,,0,cancelled
2026-04-15 08:00,ord-000138,sell,73769.82,1776240558024,0,0,0,,,,0,cancelled
2026-04-15 08:00,ord-000139,buy,73773.99,1776240563024,0,0,0,,,,0,cancelled
2026-04-15 08:00,ord-000140,sell,73778.00,1776240563024,0.00120000,0,0,,,,0,cancelled
2026-04-15 08:00,ord-000141,buy,73764.96,1776240590624,0.00443000,0.00443000,0,1776240593285,0.00415000,0.00000000,0.001,filled
2026-04-15 08:00,ord-000142,sell,73768.97,1776240590624,0,0,0,,,,0,cancelled
2026-04-15 08:00,ord-000143,buy,73761.33,1776240593324,0,0,0,,,,0,cancelled
2026-04-15 08:00,ord-000144,sell,73765.34,1776240593324,0,0,0,,,,0,cancelled
2026-04-15 08:00,ord-000145,buy,73749.00,1776240598324,0.00008000,0.00008000,0,,,,0,cancelled
2026-04-15 08:00,ord-000146,sell,73753.01,1776240598324,0,0,0,,,,0,cancelled
2026-04-15 08:00,ord-000147,buy,73740.16,1776240603324,0,0,0,,,,0,cancelled
2026-04-15 08:00,ord-000148,sell,73744.17,1776240603324,0,0,0,,,,0,cancelled
2026-04-15 08:00,ord-000149,buy,73732.19,1776240608424,0,0,0,,,,0,cancelled
2026-04-15 08:00,ord-000150,sell,73736.20,1776240608424,0,0,0,,,,0,cancelled
2026-04-15 08:00,ord-000151,buy,73728.00,1776240613424,0.00120000,0,0,,,,0,cancelled
2026-04-15 08:00,ord-000152,sell,73732.01,1776240613424,0.23156000,0,0,,,,0,cancelled
2026-04-15 08:00,ord-000153,buy,73726.00,1776240619424,0.00120000,0.00120000,0,1776240621815,0.00093000,0.00000000,0.001,filled
2026-04-15 08:00,ord-000154,sell,73730.01,1776240619424,2.01746000,0,0,,,,0,cancelled
2026-04-15 08:00,ord-000155,buy,73712.22,1776240621924,0,0,0,,,,0,cancelled
2026-04-15 08:00,ord-000156,sell,73716.23,1776240621924,0,0,0,1776240630036,0,0,0.00010000,cancelled
2026-04-15 08:00,ord-000157,buy,73718.50,1776240630124,0.05000000,0,0,,,,0,cancelled
2026-04-15 08:00,ord-000158,sell,73722.51,1776240630124,0,0,0,,,,0,cancelled
2026-04-15 08:00,ord-000159,buy,73731.38,1776240635124,0,0,0,,,,0,cancelled
2026-04-15 08:00,ord-000160,sell,73735.39,1776240635124,0,0,0,,,,0,cancelled
2026-04-15 08:00,ord-000161,buy,73733.56,1776240652124,0,0,0,,,,0,cancelled
2026-04-15 08:00,ord-000162,sell,73737.57,1776240652124,0,0,0,,,,0,cancelled
2026-04-15 08:00,ord-000163,buy,73742.50,1776240657124,0,0,0,,,,0,cancelled
2026-04-15 08:00,ord-000164,sell,73746.51,1776240657124,0,0,0,,,,0,cancelled
2026-04-15 08:00,ord-000165,buy,73748.70,1776240671624,0,0,0,,,,0,cancelled
2026-04-15 08:00,ord-000166,sell,73752.71,1776240671624,0,0,0,,,,0,cancelled
2026-04-15 08:00,ord-000167,buy,73762.70,1776240676624,0,0,0,,,,0,cancelled
2026-04-15 08:00,ord-000168,sell,73766.71,1776240676624,0,0,0,,,,0,cancelled
2026-04-15 08:00,ord-000169,buy,73762.71,1776240708124,0,0,0,,,,0,cancelled
2026-04-15 08:00,ord-000170,sell,73766.72,1776240708124,0,0,0,,,,0,cancelled
2026-04-15 08:00,ord-000171,buy,73771.28,1776240729438,0,0,0,,,,0,cancelled
2026-04-15 08:00,ord-000172,sell,73775.29,1776240729438,0,0,0,,,,0,cancelled
2026-04-15 08:00,ord-000173,buy,73772.93,1776240734524,0,0,0,,,,0,cancelled
2026-04-15 08:00,ord-000174,sell,73776.94,1776240734524,0,0,0,,,,0,cancelled
2026-04-15 08:00,ord-000175,buy,73764.00,1776240739524,0.00120000,0,0,,,,0,cancelled
2026-04-15 08:00,ord-000176,sell,73768.01,1776240739524,0,0,0,,,,0,cancelled
2026-04-15 08:00,ord-000177,buy,73771.11,1776240750424,0,0,0,,,,0,cancelled
2026-04-15 08:00,ord-000178,sell,73775.12,1776240750424,0,0,0,,,,0,cancelled
2026-04-15 08:00,ord-000179,buy,73779.99,1776240755424,0,0,0,,,,0,cancelled
2026-04-15 08:00,ord-000180,sell,73784.00,1776240755424,0.00120000,0.00120000,0,,,,0,cancelled
2026-04-15 08:00,ord-000181,buy,73789.15,1776240782029,0,0,0,,,,0,cancelled
2026-04-15 08:00,ord-000182,sell,73793.16,1776240782029,0,0,0,,,,0,cancelled
2026-04-15 08:00,ord-000183,buy,73805.34,1776240787124,0,0,0,,,,0,cancelled
2026-04-15 08:00,ord-000184,sell,73809.35,1776240787124,0,0,0,,,,0,cancelled
2026-04-15 08:00,ord-000185,buy,73817.61,1776240804024,0,0,0,,,,0,cancelled
2026-04-15 08:00,ord-000186,sell,73821.62,1776240804024,0,0,0,,,,0,cancelled
2026-04-15 08:00,ord-000187,buy,73845.93,1776240809024,0,0,0,,,,0,cancelled
2026-04-15 08:00,ord-000188,sell,73849.94,1776240809024,0,0,0,,,,0,cancelled
2026-04-15 08:00,ord-000189,buy,73834.00,1776240814024,0.00120000,0,0,,,,0,cancelled
2026-04-15 08:00,ord-000190,sell,73838.01,1776240814024,0,0,0,,,,0,cancelled
2026-04-15 08:00,ord-000191,buy,73832.30,1776240819024,0,0,0,,,,0,cancelled
2026-04-15 08:00,ord-000192,sell,73836.31,1776240819024,0,0,0,,,,0,cancelled
2026-04-15 08:00,ord-000193,buy,73828.09,1776240824024,0,0,0,,,,0,cancelled
2026-04-15 08:00,ord-000194,sell,73832.10,1776240824024,0,0,0,,,,0,cancelled
2026-04-15 08:00,ord-000195,buy,73833.18,1776240858924,0,0,0,,,,0,cancelled
2026-04-15 08:00,ord-000196,sell,73837.19,1776240858924,0,0,0,,,,0,cancelled
2026-04-15 08:00,ord-000197,buy,73844.58,1776240863924,0,0,0,,,,0,cancelled
2026-04-15 08:00,ord-000198,sell,73848.59,1776240863924,0,0,0,,,,0,cancelled
2026-04-15 08:00,ord-000199,buy,73846.23,1776240882924,0,0,0,,,,0,cancelled
2026-04-15 08:00,ord-000200,sell,73850.24,1776240882924,0,0,0,,,,0,cancelled
2026-04-15 08:00,ord-000201,buy,73847.46,1776240887924,0,0,0,,,,0,cancelled
2026-04-15 08:00,ord-000202,sell,73851.47,1776240887924,0,0,0,,,,0,cancelled
2026-04-15 08:00,ord-000203,buy,73844.59,1776240896424,0,0,0,,,,0,cancelled
2026-04-15 08:00,ord-000204,sell,73848.60,1776240896424,0,0,0,,,,0,cancelled
2026-04-15 08:00,ord-000205,buy,73843.65,1776240932024,0,0,0,,,,0,cancelled
2026-04-15 08:00,ord-000206,sell,73847.66,1776240932024,0,0,0,,,,0,cancelled
2026-04-15 08:00,ord-000207,buy,73842.38,1776240937024,0,0,0,,,,0,cancelled
2026-04-15 08:00,ord-000208,sell,73846.39,1776240937024,0,0,0,,,,0,cancelled
2026-04-15 08:00,ord-000209,buy,73861.07,1776240942024,0,0,0,,,,0,cancelled
2026-04-15 08:00,ord-000210,sell,73865.08,1776240942024,0,0,0,,,,0,cancelled
2026-04-15 08:00,ord-000211,buy,73854.75,1776240950424,0.00007000,0,0,,,,0,cancelled
2026-04-15 08:00,ord-000212,sell,73858.76,1776240950424,0,0,0,,,,0,cancelled
2026-04-15 08:00,ord-000213,buy,73860.98,1776240996224,0,0,0,,,,0,cancelled
2026-04-15 08:00,ord-000214,sell,73864.99,1776240996224,0,0,0,,,,0,cancelled
2026-04-15 08:00,ord-000215,buy,73868.00,1776241015125,0,0,0,,,,0,cancelled
2026-04-15 08:00,ord-000216,sell,73872.01,1776241015125,0.00008000,0,0,,,,0,cancelled
2026-04-15 08:00,ord-000217,buy,73864.55,1776241027524,0,0,0,,,,0,cancelled
2026-04-15 08:00,ord-000218,sell,73868.56,1776241027524,0,0,0,,,,0,cancelled
2026-04-15 08:00,ord-000219,buy,73861.63,1776241032524,0,0,0,,,,0,cancelled
2026-04-15 08:00,ord-000220,sell,73865.64,1776241032524,0.00007000,0.00007000,0,,,,0,cancelled
2026-04-15 08:00,ord-000221,buy,73855.60,1776241038024,0,0,0,,,,0,cancelled
2026-04-15 08:00,ord-000222,sell,73859.61,1776241038024,0,0,0,,,,0,cancelled
2026-04-15 08:00,ord-000223,buy,73853.92,1776241043024,0,0,0,,,,0,cancelled
2026-04-15 08:00,ord-000224,sell,73857.93,1776241043024,0,0,0,,,,0,cancelled
2026-04-15 08:00,ord-000225,buy,73855.60,1776241059324,0,0,0,,,,0,cancelled
2026-04-15 08:00,ord-000226,sell,73859.61,1776241059324,0,0,0,,,,0,cancelled
2026-04-15 08:00,ord-000227,buy,73860.90,1776241064324,0,0,0,,,,0,cancelled
2026-04-15 08:00,ord-000228,sell,73864.91,1776241064324,0,0,0,,,,0,cancelled
2026-04-15 08:00,ord-000229,buy,73853.17,1776241074537,0,0,0,,,,0,cancelled
2026-04-15 08:00,ord-000230,sell,73857.18,1776241074537,0,0,0,,,,0,cancelled
2026-04-15 08:00,ord-000231,buy,73848.22,1776241079624,0,0,0,,,,0,cancelled
2026-04-15 08:00,ord-000232,sell,73852.23,1776241079624,0,0,0,,,,0,cancelled
2026-04-15 08:00,ord-000233,buy,73848.00,1776241086224,0.00120000,0,0,,,,0,cancelled
2026-04-15 08:00,ord-000234,sell,73852.01,1776241086224,0,0,0,,,,0,cancelled
2026-04-15 08:00,ord-000235,buy,73846.05,1776241097424,0,0,0,,,,0,cancelled
2026-04-15 08:00,ord-000236,sell,73850.06,1776241097424,0,0,0,,,,0,cancelled
2026-04-15 08:00,ord-000237,buy,73843.43,1776241102424,0,0,0,,,,0,cancelled
2026-04-15 08:00,ord-000238,sell,73847.44,1776241102424,0,0,0,,,,0,cancelled
2026-04-15 08:00,ord-000239,buy,73857.05,1776241113724,0,0,0,,,,0,cancelled
2026-04-15 08:00,ord-000240,sell,73861.06,1776241113724,0,0,0,,,,0,cancelled
2026-04-15 08:00,ord-000241,buy,73863.16,1776241118725,0,0,0,,,,0,cancelled
2026-04-15 08:00,ord-000242,sell,73867.17,1776241118725,0,0,0,,,,0,cancelled
2026-04-15 08:00,ord-000243,buy,73867.99,1776241128424,0,0,0,,,,0,cancelled
2026-04-15 08:00,ord-000244,sell,73872.00,1776241128424,0.00120000,0.00120000,0,,,,0,cancelled
2026-04-15 08:00,ord-000245,buy,73873.00,1776241133426,0,0,0,,,,0,cancelled
2026-04-15 08:00,ord-000246,sell,73877.01,1776241133426,0,0,0,,,,0,cancelled
2026-04-15 08:00,ord-000247,buy,73869.75,1776241139424,0,0,0,,,,0,cancelled
2026-04-15 08:00,ord-000248,sell,73873.76,1776241139424,0,0,0,,,,0,cancelled
2026-04-15 08:00,ord-000249,buy,73865.61,1776241144424,0,0,0,,,,0,cancelled
2026-04-15 08:00,ord-000250,sell,73869.62,1776241144424,0,0,0,,,,0,cancelled
2026-04-15 08:00,ord-000251,buy,73863.87,1776241149424,0,0,0,,,,0,cancelled
2026-04-15 08:00,ord-000252,sell,73867.88,1776241149424,0,0,0,,,,0,cancelled
2026-04-15 08:00,ord-000253,buy,73860.84,1776241154425,0,0,0,,,,0,cancelled
2026-04-15 08:00,ord-000254,sell,73864.85,1776241154425,0,0,0,,,,0,cancelled
2026-04-15 08:00,ord-000255,buy,73856.56,1776241159524,0,0,0,,,,0,cancelled
2026-04-15 08:00,ord-000256,sell,73860.57,1776241159524,0,0,0,,,,0,cancelled
2026-04-15 08:00,ord-000257,buy,73855.46,1776241164524,0,0,0,,,,0,cancelled
2026-04-15 08:00,ord-000258,sell,73859.47,1776241164524,0,0,0,,,,0,cancelled
2026-04-15 08:00,ord-000259,buy,73856.56,1776241193424,0,0,0,,,,0,cancelled
2026-04-15 08:00,ord-000260,sell,73860.57,1776241193424,0,0,0,,,,0,cancelled
2026-04-15 08:00,ord-000261,buy,73862.69,1776241198424,0,0,0,,,,0,cancelled
2026-04-15 08:00,ord-000262,sell,73866.70,1776241198424,0,0,0,,,,0,cancelled
2026-04-15 08:00,ord-000263,buy,73869.82,1776241251524,0,0,0,,,,0,cancelled
2026-04-15 08:00,ord-000264,sell,73873.83,1776241251524,0,0,0,,,,0,cancelled
2026-04-15 08:00,ord-000265,buy,73874.77,1776241256524,0,0,0,,,,0,cancelled
2026-04-15 08:00,ord-000266,sell,73878.78,1776241256524,0.00016000,0.00016000,0,,,,0,cancelled
2026-04-15 08:00,ord-000267,buy,73880.95,1776241275824,0,0,0,,,,0,cancelled
2026-04-15 08:00,ord-000268,sell,73884.96,1776241275824,0,0,0,,,,0,cancelled
2026-04-15 08:00,ord-000269,buy,73895.69,1776241280824,0,0,0,,,,0,cancelled
2026-04-15 08:00,ord-000270,sell,73899.70,1776241280824,0,0,0,,,,0,cancelled
2026-04-15 08:00,ord-000271,buy,73888.41,1776241285824,0,0,0,,,,0,cancelled
2026-04-15 08:00,ord-000272,sell,73892.42,1776241285824,0,0,0,,,,0,cancelled
2026-04-15 08:00,ord-000273,buy,73897.99,1776241290824,0.00007000,0,0,,,,0,cancelled
2026-04-15 08:00,ord-000274,sell,73902.00,1776241290824,0.00120000,0.00120000,0,,,,0,cancelled
2026-04-15 08:00,ord-000275,buy,73904.09,1776241301424,0,0,0,,,,0,cancelled
2026-04-15 08:00,ord-000276,sell,73908.10,1776241301424,0,0,0,1776241302988,0,0,0.00065000,cancelled
2026-04-15 08:00,ord-000277,buy,73907.03,1776241306424,0,0,0,,,,0,cancelled
2026-04-15 08:00,ord-000278,sell,73911.04,1776241306424,0,0,0,,,,0,cancelled
2026-04-15 08:00,ord-000279,buy,73907.04,1776241311424,0,0,0,,,,0,cancelled
2026-04-15 08:00,ord-000280,sell,73911.05,1776241311424,0,0,0,,,,0,cancelled
2026-04-15 08:00,ord-000281,buy,73915.84,1776241316424,0,0,0,,,,0,cancelled
2026-04-15 08:00,ord-000282,sell,73919.85,1776241316424,0,0,0,,,,0,cancelled
2026-04-15 08:00,ord-000283,buy,73922.92,1776241324124,0,0,0,,,,0,cancelled
2026-04-15 08:00,ord-000284,sell,73926.93,1776241324124,0,0,0,,,,0,cancelled
2026-04-15 08:00,ord-000285,buy,73916.00,1776241329524,0.00120000,0.00120000,0,,,,0,cancelled
2026-04-15 08:00,ord-000286,sell,73920.01,1776241329524,0,0,0,,,,0,cancelled
2026-04-15 08:00,ord-000287,buy,73913.32,1776241334524,0,0,0,,,,0,cancelled
2026-04-15 08:00,ord-000288,sell,73917.33,1776241334524,0,0,0,,,,0,cancelled
2026-04-15 08:00,ord-000289,buy,73915.77,1776241353924,0,0,0,,,,0,cancelled
2026-04-15 08:00,ord-000290,sell,73919.78,1776241353924,0,0,0,,,,0,cancelled
2026-04-15 08:00,ord-000291,buy,73927.17,1776241358925,0,0,0,,,,0,cancelled
2026-04-15 08:00,ord-000292,sell,73931.18,1776241358925,0,0,0,,,,0,cancelled
2026-04-15 08:00,ord-000293,buy,73916.20,1776241364024,0,0,0,,,,0,cancelled
2026-04-15 08:00,ord-000294,sell,73920.21,1776241364024,0,0,0,,,,0,cancelled
2026-04-15 08:00,ord-000295,buy,73923.73,1776241369324,0,0,0,,,,0,cancelled
2026-04-15 08:00,ord-000296,sell,73927.74,1776241369324,0,0,0,,,,0,cancelled
2026-04-15 08:00,ord-000297,buy,73932.20,1776241374324,0,0,0,,,,0,cancelled
2026-04-15 08:00,ord-000298,sell,73936.21,1776241374324,0,0,0,,,,0,cancelled
2026-04-15 08:00,ord-000299,buy,73922.16,1776241379324,0,0,0,,,,0,cancelled
2026-04-15 08:00,ord-000300,sell,73926.17,1776241379324,0,0,0,,,,0,cancelled
2026-04-15 08:00,ord-000301,buy,73913.22,1776241384324,0,0,0,,,,0,cancelled
2026-04-15 08:00,ord-000302,sell,73917.23,1776241384324,0,0,0,,,,0,cancelled
2026-04-15 08:00,ord-000303,buy,73913.23,1776241449624,0,0,0,,,,0,cancelled
2026-04-15 08:00,ord-000304,sell,73917.24,1776241449624,0,0,0,,,,0,cancelled
2026-04-15 08:00,ord-000305,buy,73923.73,1776241454624,0,0,0,,,,0,cancelled
2026-04-15 08:00,ord-000306,sell,73927.74,1776241454624,0,0,0,,,,0,cancelled
2026-04-15 08:00,ord-000307,buy,73916.39,1776241460624,0,0,0,,,,0,cancelled
2026-04-15 08:00,ord-000308,sell,73920.40,1776241460624,0,0,0,,,,0,cancelled
2026-04-15 08:00,ord-000309,buy,73921.11,1776241484524,0,0,0,,,,0,cancelled
2026-04-15 08:00,ord-000310,sell,73925.12,1776241484524,0,0,0,,,,0,cancelled
2026-04-15 08:00,ord-000311,buy,73928.58,1776241489524,0,0,0,,,,0,cancelled
2026-04-15 08:00,ord-000312,sell,73932.59,1776241489524,0,0,0,,,,0,cancelled
2026-04-15 08:00,ord-000313,buy,73931.99,1776241494524,0.00165000,0,0,,,,0,cancelled
2026-04-15 08:00,ord-000314,sell,73936.00,1776241494524,0.00120000,0.00120000,0,,,,0,cancelled
2026-04-15 08:00,ord-000315,buy,73940.74,1776241499524,0,0,0,,,,0,cancelled
2026-04-15 08:00,ord-000316,sell,73944.75,1776241499524,0,0,0,,,,0,cancelled
2026-04-15 08:00,ord-000317,buy,73943.96,1776241504524,0,0,0,,,,0,cancelled
2026-04-15 08:00,ord-000318,sell,73947.97,1776241504524,0,0,0,,,,0,cancelled
2026-04-15 08:00,ord-000319,buy,73945.26,1776241509524,0,0,0,,,,0,cancelled
2026-04-15 08:00,ord-000320,sell,73949.27,1776241509524,0,0,0,,,,0,cancelled
2026-04-15 08:00,ord-000321,buy,73951.09,1776241514524,0,0,0,,,,0,cancelled
2026-04-15 08:00,ord-000322,sell,73955.10,1776241514524,0,0,0,,,,0,cancelled
2026-04-15 08:00,ord-000323,buy,73942.52,1776241519524,0,0,0,,,,0,cancelled
2026-04-15 08:00,ord-000324,sell,73946.53,1776241519524,0,0,0,,,,0,cancelled
2026-04-15 08:00,ord-000325,buy,73946.82,1776241525024,0,0,0,,,,0,cancelled
2026-04-15 08:00,ord-000326,sell,73950.83,1776241525024,0,0,0,,,,0,cancelled
2026-04-15 08:00,ord-000327,buy,73952.93,1776241530024,0,0,0,,,,0,cancelled
2026-04-15 08:00,ord-000328,sell,73956.94,1776241530024,0,0,0,,,,0,cancelled
2026-04-15 08:00,ord-000329,buy,73961.52,1776241542324,0,0,0,,,,0,cancelled
2026-04-15 08:00,ord-000330,sell,73965.53,1776241542324,0,0,0,,,,0,cancelled
2026-04-15 08:00,ord-000331,buy,73968.87,1776241547324,0,0,0,,,,0,cancelled
2026-04-15 08:00,ord-000332,sell,73972.88,1776241547324,0,0,0,,,,0,cancelled
2026-04-15 08:00,ord-000333,buy,73969.08,1776241554824,0,0,0,,,,0,cancelled
2026-04-15 08:00,ord-000334,sell,73973.09,1776241554824,0,0,0,,,,0,cancelled
2026-04-15 08:00,ord-000335,buy,73972.00,1776241559824,0.00080000,0,0,,,,0,cancelled
2026-04-15 08:00,ord-000336,sell,73976.01,1776241559824,0,0,0,,,,0,cancelled
2026-04-15 08:00,ord-000337,buy,73970.32,1776241565624,0,0,0,,,,0,cancelled
2026-04-15 08:00,ord-000338,sell,73974.33,1776241565624,0,0,0,,,,0,cancelled
2026-04-15 08:00,ord-000339,buy,73968.87,1776241570624,0,0,0,,,,0,cancelled
2026-04-15 08:00,ord-000340,sell,73972.88,1776241570624,0,0,0,,,,0,cancelled
2026-04-15 08:00,ord-000341,buy,73964.31,1776241625024,0,0,0,,,,0,cancelled
2026-04-15 08:00,ord-000342,sell,73968.32,1776241625024,0,0,0,,,,0,cancelled
2026-04-15 08:00,ord-000343,buy,73961.52,1776241642924,0,0,0,,,,0,cancelled
2026-04-15 08:00,ord-000344,sell,73965.53,1776241642924,0,0,0,,,,0,cancelled
2026-04-15 08:00,ord-000345,buy,73959.21,1776241647924,0,0,0,,,,0,cancelled
2026-04-15 08:00,ord-000346,sell,73963.22,1776241647924,0,0,0,,,,0,cancelled
2026-04-15 08:00,ord-000347,buy,73956.00,1776241654924,0.00120000,0.00120000,0,,,,0,cancelled
2026-04-15 08:00,ord-000348,sell,73960.01,1776241654924,0,0,0,,,,0,cancelled
2026-04-15 08:00,ord-000349,buy,73952.96,1776241659924,0,0,0,,,,0,cancelled
2026-04-15 08:00,ord-000350,sell,73956.97,1776241659924,0,0,0,,,,0,cancelled
2026-04-15 08:00,ord-000351,buy,73955.99,1776241713724,0,0,0,,,,0,cancelled
2026-04-15 08:00,ord-000352,sell,73960.00,1776241713724,0.00040000,0.00040000,0,,,,0,cancelled
2026-04-15 08:00,ord-000353,buy,73970.47,1776241718724,0,0,0,,,,0,cancelled
2026-04-15 08:00,ord-000354,sell,73974.48,1776241718724,0,0,0,,,,0,cancelled
2026-04-15 08:00,ord-000355,buy,73978.97,1776241730224,0,0,0,,,,0,cancelled
2026-04-15 08:00,ord-000356,sell,73982.98,1776241730224,0,0,0,,,,0,cancelled
2026-04-15 08:00,ord-000357,buy,73980.70,1776241735224,0,0,0,,,,0,cancelled
2026-04-15 08:00,ord-000358,sell,73984.71,1776241735224,0,0,0,,,,0,cancelled
2026-04-15 08:00,ord-000359,buy,73982.53,1776241772424,0,0,0,,,,0,cancelled
2026-04-15 08:00,ord-000360,sell,73986.54,1776241772424,0,0,0,,,,0,cancelled
2026-04-15 08:00,ord-000361,buy,73990.23,1776241782724,0,0,0,,,,0,cancelled
2026-04-15 08:00,ord-000362,sell,73994.24,1776241782724,0,0,0,,,,0,cancelled
2026-04-15 08:00,ord-000363,buy,73988.50,1776241787724,0,0,0,,,,0,cancelled
2026-04-15 08:00,ord-000364,sell,73992.51,1776241787724,0,0,0,,,,0,cancelled
2026-04-15 08:00,ord-000365,buy,73986.41,1776241806324,0,0,0,,,,0,cancelled
2026-04-15 08:00,ord-000366,sell,73990.42,1776241806324,0.17516000,0,0,,,,0,cancelled
2026-04-15 08:00,ord-000367,buy,73972.69,1776241811324,0,0,0,,,,0,cancelled
2026-04-15 08:00,ord-000368,sell,73976.70,1776241811324,0,0,0,,,,0,cancelled
2026-04-15 08:00,ord-000369,buy,73975.10,1776241835525,0,0,0,,,,0,cancelled
2026-04-15 08:00,ord-000370,sell,73979.11,1776241835525,0,0,0,,,,0,cancelled
2026-04-15 08:00,ord-000371,buy,73987.27,1776241840624,0,0,0,,,,0,cancelled
2026-04-15 08:00,ord-000372,sell,73991.28,1776241840624,0,0,0,,,,0,cancelled
2026-04-15 08:00,ord-000373,buy,73986.41,1776241846824,0,0,0,,,,0,cancelled
2026-04-15 08:00,ord-000374,sell,73990.42,1776241846824,0,0,0,,,,0,cancelled
2026-04-15 08:00,ord-000375,buy,73981.99,1776241851824,0,0,0,,,,0,cancelled
2026-04-15 08:00,ord-000376,sell,73986.00,1776241851824,0.00007000,0,0,,,,0,cancelled
2026-04-15 08:00,ord-000377,buy,73980.23,1776241877724,0,0,0,,,,0,cancelled
2026-04-15 08:00,ord-000378,sell,73984.24,1776241877724,0,0,0,,,,0,cancelled
2026-04-15 08:00,ord-000379,buy,73972.00,1776241882724,0.00120000,0,0,,,,0,cancelled
2026-04-15 08:00,ord-000380,sell,73976.01,1776241882724,0,0,0,,,,0,cancelled
2026-04-15 08:00,ord-000381,buy,73970.47,1776241896424,0,0,0,,,,0,cancelled
2026-04-15 08:00,ord-000382,sell,73974.48,1776241896424,0,0,0,,,,0,cancelled
2026-04-15 08:00,ord-000383,buy,73973.02,1776241950624,0,0,0,,,,0,cancelled
2026-04-15 08:00,ord-000384,sell,73977.03,1776241950624,0,0,0,,,,0,cancelled
2026-04-15 08:00,ord-000385,buy,73978.53,1776241955624,0,0,0,,,,0,cancelled
2026-04-15 08:00,ord-000386,sell,73982.54,1776241955624,0,0,0,,,,0,cancelled
2026-04-15 08:00,ord-000387,buy,73987.51,1776241970324,0,0,0,,,,0,cancelled
2026-04-15 08:00,ord-000388,sell,73991.52,1776241970324,0,0,0,,,,0,cancelled
2026-04-15 08:00,ord-000389,buy,73991.60,1776241975324,0,0,0,,,,0,cancelled
2026-04-15 08:00,ord-000390,sell,73995.61,1776241975324,0,0,0,,,,0,cancelled
2026-04-15 08:00,ord-000391,buy,73996.88,1776241984024,0,0,0,,,,0,cancelled
2026-04-15 08:00,ord-000392,sell,74000.89,1776241984024,0,0,0,,,,0,cancelled
2026-04-15 08:00,ord-000393,buy,73997.33,1776242031324,0,0,0,,,,0,cancelled
2026-04-15 08:00,ord-000394,sell,74001.34,1776242031324,0,0,0,,,,0,cancelled
2026-04-15 08:00,ord-000395,buy,74047.99,1776242036324,0,0,0,,,,0,cancelled
2026-04-15 08:00,ord-000396,sell,74052.00,1776242036324,0.00580000,0.00580000,0,,,,0,cancelled
2026-04-15 08:00,ord-000397,buy,74056.21,1776242041324,0,0,0,1776242043860,0,0,0.00058000,cancelled
2026-04-15 08:00,ord-000398,sell,74060.22,1776242041324,0,0,0,,,,0,cancelled
2026-04-15 08:00,ord-000399,buy,74048.26,1776242046324,0,0,0,,,,0,cancelled
2026-04-15 08:00,ord-000400,sell,74052.27,1776242046324,0,0,0,,,,0,cancelled
2026-04-15 08:00,ord-000401,buy,74045.57,1776242051324,0,0,0,,,,0,cancelled
2026-04-15 08:00,ord-000402,sell,74049.58,1776242051324,0,0,0,,,,0,cancelled
2026-04-15 08:00,ord-000403,buy,74057.70,1776242056324,0,0,0,,,,0,cancelled
2026-04-15 08:00,ord-000404,sell,74061.71,1776242056324,0,0,0,,,,0,cancelled
2026-04-15 08:00,ord-000405,buy,74109.49,1776242061324,0,0,0,,,,0,cancelled
2026-04-15 08:00,ord-000406,sell,74113.50,1776242061324,0,0,0,,,,0,cancelled
2026-04-15 08:00,ord-000407,buy,74126.12,1776242066324,0,0,0,,,,0,cancelled
2026-04-15 08:00,ord-000408,sell,74130.13,1776242066324,0,0,0,,,,0,cancelled
2026-04-15 08:00,ord-000409,buy,74124.65,1776242071324,0,0,0,,,,0,cancelled
2026-04-15 08:00,ord-000410,sell,74128.66,1776242071324,0,0,0,,,,0,cancelled
2026-04-15 08:00,ord-000411,buy,74101.89,1776242076324,0,0,0,,,,0,cancelled
2026-04-15 08:00,ord-000412,sell,74105.90,1776242076324,0,0,0,,,,0,cancelled
2026-04-15 08:00,ord-000413,buy,74098.00,1776242081324,0.00120000,0,0,,,,0,cancelled
2026-04-15 08:00,ord-000414,sell,74102.01,1776242081324,0,0,0,,,,0,cancelled
2026-04-15 08:00,ord-000415,buy,74109.43,1776242087924,0,0,0,,,,0,cancelled
2026-04-15 08:00,ord-000416,sell,74113.44,1776242087924,0.00007000,0.00007000,0,,,,0,cancelled
2026-04-15 08:00,ord-000417,buy,74114.67,1776242092924,0,0,0,,,,0,cancelled
2026-04-15 08:00,ord-000418,sell,74118.68,1776242092924,0.00007000,0,0,,,,0,cancelled
2026-04-15 08:00,ord-000419,buy,74131.57,1776242097924,0,0,0,,,,0,cancelled
2026-04-15 08:00,ord-000420,sell,74135.58,1776242097924,0,0,0,,,,0,cancelled
2026-04-15 08:00,ord-000421,buy,74143.64,1776242105424,0,0,0,,,,0,cancelled
2026-04-15 08:00,ord-000422,sell,74147.65,1776242105424,0,0,0,,,,0,cancelled
2026-04-15 08:00,ord-000423,buy,74147.99,1776242110424,0,0,0,,,,0,cancelled
2026-04-15 08:00,ord-000424,sell,74152.00,1776242110424,0.00120000,0.00120000,0,,,,0,cancelled
2026-04-15 08:00,ord-000425,buy,74154.80,1776242115424,0,0,0,,,,0,cancelled
2026-04-15 08:00,ord-000426,sell,74158.81,1776242115424,0,0,0,,,,0,cancelled
2026-04-15 08:00,ord-000427,buy,74162.54,1776242120424,0,0,0,,,,0,cancelled
2026-04-15 08:00,ord-000428,sell,74166.55,1776242120424,0.20071000,0,0,,,,0,cancelled
2026-04-15 08:00,ord-000429,buy,74137.40,1776242125424,0,0,0,,,,0,cancelled
2026-04-15 08:00,ord-000430,sell,74141.41,1776242125424,0,0,0,,,,0,cancelled
2026-04-15 08:00,ord-000431,buy,74106.00,1776242130424,0.00120000,0,0,,,,0,cancelled
2026-04-15 08:00,ord-000432,sell,74110.01,1776242130424,0.00023000,0,0,,,,0,cancelled
2026-04-15 08:00,ord-000433,buy,74105.07,1776242135425,0,0,0,,,,0,cancelled
2026-04-15 08:00,ord-000434,sell,74109.08,1776242135425,0,0,0,,,,0,cancelled
2026-04-15 08:00,ord-000435,buy,74098.85,1776242140524,0,0,0,,,,0,cancelled
2026-04-15 08:00,ord-000436,sell,74102.86,1776242140524,0,0,0,,,,0,cancelled
2026-04-15 08:00,ord-000437,buy,74100.70,1776242147924,0,0,0,,,,0,cancelled
2026-04-15 08:00,ord-000438,sell,74104.71,1776242147924,0,0,0,,,,0,cancelled
2026-04-15 08:00,ord-000439,buy,74109.59,1776242152924,0,0,0,,,,0,cancelled
2026-04-15 08:00,ord-000440,sell,74113.60,1776242152924,0,0,0,,,,0,cancelled
2026-04-15 08:00,ord-000441,buy,74106.13,1776242161024,0.00023000,0,0,,,,0,cancelled
2026-04-15 08:00,ord-000442,sell,74110.14,1776242161024,0,0,0,,,,0,cancelled
2026-04-15 08:00,ord-000443,buy,74105.42,1776242171624,0,0,0,,,,0,cancelled
2026-04-15 08:00,ord-000444,sell,74109.43,1776242171624,0,0,0,,,,0,cancelled
2026-04-15 08:00,ord-000445,buy,74098.00,1776242176624,0.00120000,0,0,,,,0,cancelled
2026-04-15 08:00,ord-000446,sell,74102.01,1776242176624,0,0,0,,,,0,cancelled
2026-04-15 08:00,ord-000447,buy,74105.43,1776242193324,0,0,0,,,,0,cancelled
2026-04-15 08:00,ord-000448,sell,74109.44,1776242193324,0,0,0,,,,0,cancelled
2026-04-15 08:00,ord-000449,buy,74110.61,1776242198324,0,0,0,,,,0,cancelled
2026-04-15 08:00,ord-000450,sell,74114.62,1776242198324,0,0,0,,,,0,cancelled
2026-04-15 08:00,ord-000451,buy,74105.43,1776242203325,0,0,0,,,,0,cancelled
2026-04-15 08:00,ord-000452,sell,74109.44,1776242203325,0,0,0,,,,0,cancelled
2026-04-15 08:00,ord-000453,buy,74109.77,1776242221425,0,0,0,,,,0,cancelled
2026-04-15 08:00,ord-000454,sell,74113.78,1776242221425,0,0,0,,,,0,cancelled
2026-04-15 08:00,ord-000455,buy,74117.87,1776242226524,0,0,0,,,,0,cancelled
2026-04-15 08:00,ord-000456,sell,74121.88,1776242226524,0,0,0,,,,0,cancelled
2026-04-15 08:00,ord-000457,buy,74114.98,1776242244024,0,0,0,,,,0,cancelled
2026-04-15 08:00,ord-000458,sell,74118.99,1776242244024,0,0,0,,,,0,cancelled
2026-04-15 08:00,ord-000459,buy,74110.00,1776242249024,0.00120000,0,0,,,,0,cancelled
2026-04-15 08:00,ord-000460,sell,74114.01,1776242249024,0,0,0,,,,0,cancelled
2026-04-15 08:00,ord-000461,buy,74117.55,1776242274324,0,0,0,,,,0,cancelled
2026-04-15 08:00,ord-000462,sell,74121.56,1776242274324,0,0,0,,,,0,cancelled
2026-04-15 08:00,ord-000463,buy,74117.87,1776242296724,0,0,0,,,,0,cancelled
2026-04-15 08:00,ord-000464,sell,74121.88,1776242296724,0,0,0,,,,0,cancelled
2026-04-15 08:00,ord-000465,buy,74126.82,1776242301724,0,0,0,,,,0,cancelled
2026-04-15 08:00,ord-000466,sell,74130.83,1776242301724,0,0,0,,,,0,cancelled
2026-04-15 08:00,ord-000467,buy,74119.74,1776242306724,0,0,0,,,,0,cancelled
2026-04-15 08:00,ord-000468,sell,74123.75,1776242306724,0,0,0,,,,0,cancelled
2026-04-15 08:00,ord-000469,buy,74119.48,1776242311724,0,0,0,,,,0,cancelled
2026-04-15 08:00,ord-000470,sell,74123.49,1776242311724,0,0,0,,,,0,cancelled
2026-04-15 08:00,ord-000471,buy,74116.54,1776242316724,0.00896000,0,0,,,,0,cancelled
2026-04-15 08:00,ord-000472,sell,74120.55,1776242316724,0,0,0,,,,0,cancelled
2026-04-15 08:00,ord-000473,buy,74123.96,1776242321724,0,0,0,,,,0,cancelled
2026-04-15 08:00,ord-000474,sell,74127.97,1776242321724,0,0,0,,,,0,cancelled
2026-04-15 08:00,ord-000475,buy,74119.58,1776242326724,0,0,0,,,,0,cancelled
2026-04-15 08:00,ord-000476,sell,74123.59,1776242326724,0,0,0,,,,0,cancelled
2026-04-15 08:00,ord-000477,buy,74119.48,1776242335124,0,0,0,,,,0,cancelled
2026-04-15 08:00,ord-000478,sell,74123.49,1776242335124,0,0,0,,,,0,cancelled
2026-04-15 08:00,ord-000479,buy,74114.28,1776242340124,0,0,0,,,,0,cancelled
2026-04-15 08:00,ord-000480,sell,74118.29,1776242340124,0,0,0,,,,0,cancelled
2026-04-15 08:00,ord-000481,buy,74112.12,1776242345124,0,0,0,1776242379275,0,0,0.001,filled
2026-04-15 08:00,ord-000482,sell,74116.13,1776242345124,0,0,0,,,,0,cancelled
2026-04-15 08:00,ord-000483,buy,74107.71,1776242379324,0,0,0,,,,0,cancelled
2026-04-15 08:00,ord-000484,sell,74111.72,1776242379324,0,0,0,,,,0,cancelled
2026-04-15 08:00,ord-000485,buy,74104.00,1776242384324,0,0,0,,,,0,cancelled
2026-04-15 08:00,ord-000486,sell,74108.01,1776242384324,0,0,0,,,,0,cancelled
2026-04-15 08:00,ord-000487,buy,74102.88,1776242397924,0,0,0,,,,0,cancelled
2026-04-15 08:00,ord-000488,sell,74106.89,1776242397924,0,0,0,,,,0,cancelled
2026-04-15 08:00,ord-000489,buy,74098.00,1776242402924,0.00120000,0,0,,,,0,cancelled
2026-04-15 08:00,ord-000490,sell,74102.01,1776242402924,0,0,0,,,,0,cancelled
2026-04-15 08:00,ord-000491,buy,74097.27,1776242411224,0,0,0,,,,0,cancelled
2026-04-15 08:00,ord-000492,sell,74101.28,1776242411224,0,0,0,,,,0,cancelled
2026-04-15 08:00,ord-000493,buy,74096.96,1776242416224,0,0,0,,,,0,cancelled
2026-04-15 08:00,ord-000494,sell,74100.97,1776242416224,0,0,0,,,,0,cancelled
2026-04-15 08:00,ord-000495,buy,74094.48,1776242421224,0,0,0,,,,0,cancelled
2026-04-15 08:00,ord-000496,sell,74098.49,1776242421224,0,0,0,,,,0,cancelled
2026-04-15 08:00,ord-000497,buy,74092.82,1776242426224,0,0,0,,,,0,cancelled
2026-04-15 08:00,ord-000498,sell,74096.83,1776242426224,0,0,0,,,,0,cancelled
2026-04-15 08:00,ord-000499,buy,74110.60,1776242448338,0,0,0,,,,0,cancelled
2026-04-15 08:00,ord-000500,sell,74114.61,1776242448338,0,0,0,,,,0,cancelled
2026-04-15 08:00,ord-000501,buy,74116.87,1776242453425,0,0,0,,,,0,cancelled
2026-04-15 08:00,ord-000502,sell,74120.88,1776242453425,0,0,0,,,,0,cancelled
2026-04-15 08:00,ord-000503,buy,74109.88,1776242458524,0,0,0,,,,0,cancelled
2026-04-15 08:00,ord-000504,sell,74113.89,1776242458524,0,0,0,,,,0,cancelled
2026-04-15 08:00,ord-000505,buy,74100.98,1776242463524,0,0,0,,,,0,cancelled
2026-04-15 08:00,ord-000506,sell,74104.99,1776242463524,0,0,0,,,,0,cancelled
2026-04-15 08:00,ord-000507,buy,74094.79,1776242468524,0,0,0,,,,0,cancelled
2026-04-15 08:00,ord-000508,sell,74098.80,1776242468524,0,0,0,,,,0,cancelled
2026-04-15 08:00,ord-000509,buy,74086.95,1776242473524,0,0,0,,,,0,cancelled
2026-04-15 08:00,ord-000510,sell,74090.96,1776242473524,0,0,0,,,,0,cancelled
2026-04-15 08:00,ord-000511,buy,74091.16,1776242478524,0,0,0,,,,0,cancelled
2026-04-15 08:00,ord-000512,sell,74095.17,1776242478524,0,0,0,,,,0,cancelled
2026-04-15 08:00,ord-000513,buy,74101.53,1776242487824,0,0,0,,,,0,cancelled
2026-04-15 08:00,ord-000514,sell,74105.54,1776242487824,0,0,0,,,,0,cancelled
2026-04-15 08:00,ord-000515,buy,74106.14,1776242493724,0,0,0,,,,0,cancelled
2026-04-15 08:00,ord-000516,sell,74110.15,1776242493724,0,0,0,,,,0,cancelled
2026-04-15 08:00,ord-000517,buy,74111.98,1776242498724,0,0,0,,,,0,cancelled
2026-04-15 08:00,ord-000518,sell,74115.99,1776242498724,0,0,0,,,,0,cancelled
2026-04-15 08:00,ord-000519,buy,74113.99,1776242528024,0.69019000,0,0,,,,0,cancelled
2026-04-15 08:00,ord-000520,sell,74118.00,1776242528024,0.00120000,0.00120000,0,,,,0,cancelled
2026-04-15 08:00,ord-000521,buy,74126.59,1776242533024,0,0,0,,,,0,cancelled
2026-04-15 08:00,ord-000522,sell,74130.60,1776242533024,0,0,0,,,,0,cancelled
2026-04-15 08:00,ord-000523,buy,74126.58,1776242566624,0,0,0,,,,0,cancelled
2026-04-15 08:00,ord-000524,sell,74130.59,1776242566624,0,0,0,,,,0,cancelled
2026-04-15 08:00,ord-000525,buy,74123.25,1776242571625,0,0,0,,,,0,cancelled
2026-04-15 08:00,ord-000526,sell,74127.26,1776242571625,0,0,0,,,,0,cancelled
2026-04-15 08:00,ord-000527,buy,74121.50,1776242581824,0,0,0,,,,0,cancelled
2026-04-15 08:00,ord-000528,sell,74125.51,1776242581824,0,0,0,,,,0,cancelled
2026-04-15 08:00,ord-000529,buy,74118.52,1776242613824,0,0,0,,,,0,cancelled
2026-04-15 08:00,ord-000530,sell,74122.53,1776242613824,0,0,0,,,,0,cancelled
2026-04-15 08:00,ord-000531,buy,74114.00,1776242618824,0.00120000,0,0,,,,0,cancelled
2026-04-15 08:00,ord-000532,sell,74118.01,1776242618824,0,0,0,,,,0,cancelled
2026-04-15 08:00,ord-000533,buy,74113.98,1776242625124,0.00401000,0.00401000,0,1776242625356,0.00401000,0.00000000,0.001,filled
2026-04-15 08:00,ord-000534,sell,74117.99,1776242625124,0,0,0,,,,0,cancelled
2026-04-15 08:00,ord-000535,buy,74108.00,1776242625424,0.00120000,0.00120000,0,1776242629305,0.00112000,0.00000000,0.00100000,filled
2026-04-15 08:00,ord-000536,sell,74112.01,1776242625424,0.04036000,0,0,,,,0,cancelled
2026-04-15 08:00,ord-000537,buy,74106.00,1776242629324,0.00120000,0.00120000,0,,,,0,cancelled
2026-04-15 08:00,ord-000538,sell,74110.01,1776242629324,0.08795000,0,0,,,,0,cancelled
2026-04-15 08:00,ord-000539,buy,74103.76,1776242634324,0,0,0,,,,0,cancelled
2026-04-15 08:00,ord-000540,sell,74107.77,1776242634324,0,0,0,,,,0,cancelled
2026-04-15 08:00,ord-000541,buy,74100.00,1776242639324,0.00120000,0,0,,,,0,cancelled
2026-04-15 08:00,ord-000542,sell,74104.01,1776242639324,0,0,0,,,,0,cancelled
2026-04-15 08:00,ord-000543,buy,74098.83,1776242646324,0,0,0,,,,0,cancelled
2026-04-15 08:00,ord-000544,sell,74102.84,1776242646324,0,0,0,,,,0,cancelled
2026-04-15 08:00,ord-000545,buy,74098.00,1776242651324,0.00120000,0.00120000,0,,,,0,cancelled
2026-04-15 08:00,ord-000546,sell,74102.01,1776242651324,2.78603000,0,0,,,,0,cancelled
2026-04-15 08:00,ord-000547,buy,74092.96,1776242659424,0,0,0,,,,0,cancelled
2026-04-15 08:00,ord-000548,sell,74096.97,1776242659424,0,0,0,,,,0,cancelled
2026-04-15 08:00,ord-000549,buy,74092.59,1776242722424,0,0,0,,,,0,cancelled
2026-04-15 08:00,ord-000550,sell,74096.60,1776242722424,0,0,0,,,,0,cancelled
2026-04-15 08:00,ord-000551,buy,74076.79,1776242727424,0,0,0,,,,0,cancelled
2026-04-15 08:00,ord-000552,sell,74080.80,1776242727424,0,0,0,,,,0,cancelled
2026-04-15 08:00,ord-000553,buy,74069.14,1776242737424,0,0,0,,,,0,cancelled
2026-04-15 08:00,ord-000554,sell,74073.15,1776242737424,0,0,0,,,,0,cancelled
2026-04-15 08:00,ord-000555,buy,74057.78,1776242743724,0,0,0,,,,0,cancelled
2026-04-15 08:00,ord-000556,sell,74061.79,1776242743724,0,0,0,,,,0,cancelled
2026-04-15 08:00,ord-000557,buy,74055.85,1776242783724,0.00007000,0.00007000,0,1776242791465,0.00007000,0.00000000,0.00007000,cancelled
2026-04-15 08:00,ord-000558,sell,74059.86,1776242783724,0,0,0,,,,0,cancelled
2026-04-15 08:00,ord-000559,buy,74049.64,1776242791524,0,0,0,,,,0,cancelled
2026-04-15 08:00,ord-000560,sell,74053.65,1776242791524,0,0,0,,,,0,cancelled
2026-04-15 08:00,ord-000561,buy,74047.98,1776242797024,0,0,0,,,,0,cancelled
2026-04-15 08:00,ord-000562,sell,74051.99,1776242797024,0,0,0,,,,0,cancelled
2026-04-15 08:00,ord-000563,buy,74047.78,1776242802524,0,0,0,,,,0,cancelled
2026-04-15 08:00,ord-000564,sell,74051.79,1776242802524,0,0,0,,,,0,cancelled
2026-04-15 08:00,ord-000565,buy,74046.26,1776242807524,0,0,0,,,,0,cancelled
2026-04-15 08:00,ord-000566,sell,74050.27,1776242807524,0,0,0,,,,0,cancelled
2026-04-15 08:00,ord-000567,buy,74036.45,1776242812524,0,0,0,,,,0,cancelled
2026-04-15 08:00,ord-000568,sell,74040.46,1776242812524,0,0,0,,,,0,cancelled
2026-04-15 08:00,ord-000569,buy,74031.29,1776242817524,0,0,0,,,,0,cancelled
2026-04-15 08:00,ord-000570,sell,74035.30,1776242817524,0,0,0,,,,0,cancelled
2026-04-15 08:00,ord-000571,buy,74038.68,1776242860424,0,0,0,,,,0,cancelled
2026-04-15 08:00,ord-000572,sell,74042.69,1776242860424,0,0,0,,,,0,cancelled
2026-04-15 08:00,ord-000573,buy,74049.64,1776242865424,0,0,0,,,,0,cancelled
2026-04-15 08:00,ord-000574,sell,74053.65,1776242865424,0,0,0,,,,0,cancelled
2026-04-15 08:00,ord-000575,buy,74044.19,1776242872724,0.23810000,0,0,,,,0,cancelled
2026-04-15 08:00,ord-000576,sell,74048.20,1776242872724,0,0,0,,,,0,cancelled
2026-04-15 08:00,ord-000577,buy,74043.41,1776242885524,0,0,0,,,,0,cancelled
2026-04-15 08:00,ord-000578,sell,74047.42,1776242885524,0,0,0,,,,0,cancelled
2026-04-15 08:00,ord-000579,buy,74040.01,1776242890524,0,0,0,,,,0,cancelled
2026-04-15 08:00,ord-000580,sell,74044.02,1776242890524,0,0,0,,,,0,cancelled
2026-04-15 08:00,ord-000581,buy,74039.94,1776242895524,0,0,0,,,,0,cancelled
2026-04-15 08:00,ord-000582,sell,74043.95,1776242895524,0,0,0,,,,0,cancelled
2026-04-15 08:00,ord-000583,buy,74039.10,1776242913224,0.00007000,0.00007000,0,,,,0,cancelled
2026-04-15 08:00,ord-000584,sell,74043.11,1776242913224,0,0,0,,,,0,cancelled
2026-04-15 08:00,ord-000585,buy,74035.08,1776242918224,0,0,0,,,,0,cancelled
2026-04-15 08:00,ord-000586,sell,74039.09,1776242918224,0,0,0,,,,0,cancelled
2026-04-15 08:00,ord-000587,buy,74039.94,1776242965524,0,0,0,,,,0,cancelled
2026-04-15 08:00,ord-000588,sell,74043.95,1776242965524,0,0,0,,,,0,cancelled
2026-04-15 08:00,ord-000589,buy,74049.64,1776242970524,0,0,0,,,,0,cancelled
2026-04-15 08:00,ord-000590,sell,74053.65,1776242970524,0,0,0,,,,0,cancelled
2026-04-15 08:00,ord-000591,buy,74047.13,1776243064824,0,0,0,,,,0,cancelled
2026-04-15 08:00,ord-000592,sell,74051.14,1776243064824,0,0,0,,,,0,cancelled
2026-04-15 08:00,ord-000593,buy,74038.85,1776243069825,0,0,0,,,,0,cancelled
2026-04-15 08:00,ord-000594,sell,74042.86,1776243069825,0,0,0,,,,0,cancelled
2026-04-15 08:00,ord-000595,buy,74036.06,1776243082924,0,0,0,,,,0,cancelled
2026-04-15 08:00,ord-000596,sell,74040.07,1776243082924,0,0,0,,,,0,cancelled
2026-04-15 08:00,ord-000597,buy,74031.00,1776243088224,0,0,0,,,,0,cancelled
2026-04-15 08:00,ord-000598,sell,74035.01,1776243088224,0,0,0,,,,0,cancelled
2026-04-15 08:00,ord-000599,buy,74032.92,1776243093224,0,0,0,,,,0,cancelled
2026-04-15 08:00,ord-000600,sell,74036.93,1776243093224,0,0,0,,,,0,cancelled
2026-04-15 08:00,ord-000601,buy,74041.29,1776243123224,0,0,0,,,,0,cancelled
2026-04-15 08:00,ord-000602,sell,74045.30,1776243123224,0,0,0,,,,0,cancelled
2026-04-15 08:00,ord-000603,buy,74049.64,1776243128224,0,0,0,,,,0,cancelled
2026-04-15 08:00,ord-000604,sell,74053.65,1776243128224,0,0,0,,,,0,cancelled
2026-04-15 08:00,ord-000605,buy,74051.17,1776243146124,0,0,0,,,,0,cancelled
2026-04-15 08:00,ord-000606,sell,74055.18,1776243146124,0,0,0,,,,0,cancelled
2026-04-15 08:00,ord-000607,buy,74057.99,1776243151124,0.00007000,0,0,,,,0,cancelled
2026-04-15 08:00,ord-000608,sell,74062.00,1776243151124,0.00120000,0.00120000,0,,,,0,cancelled
2026-04-15 08:00,ord-000609,buy,74072.70,1776243172324,0,0,0,,,,0,cancelled
2026-04-15 08:00,ord-000610,sell,74076.71,1776243172324,0,0,0,,,,0,cancelled
2026-04-15 08:00,ord-000611,buy,74083.09,1776243180124,0,0,0,,,,0,cancelled
2026-04-15 08:00,ord-000612,sell,74087.10,1776243180124,0,0,0,,,,0,cancelled
2026-04-15 08:00,ord-000613,buy,74092.95,1776243191524,0,0,0,,,,0,cancelled
2026-04-15 08:00,ord-000614,sell,74096.96,1776243191524,0,0,0,,,,0,cancelled
2026-04-15 08:00,ord-000615,buy,74104.74,1776243196524,0,0,0,,,,0,cancelled
2026-04-15 08:00,ord-000616,sell,74108.75,1776243196524,0,0,0,,,,0,cancelled
2026-04-15 08:00,ord-000617,buy,74123.25,1776243201524,0,0,0,,,,0,cancelled
2026-04-15 08:00,ord-000618,sell,74127.26,1776243201524,0,0,0,,,,0,cancelled
2026-04-15 08:00,ord-000619,buy,74152.72,1776243206524,0,0,0,,,,0,cancelled
2026-04-15 08:00,ord-000620,sell,74156.73,1776243206524,0,0,0,,,,0,cancelled
2026-04-15 08:00,ord-000621,buy,74143.25,1776243211524,0,0,0,,,,0,cancelled
2026-04-15 08:00,ord-000622,sell,74147.26,1776243211524,0,0,0,,,,0,cancelled
2026-04-15 08:00,ord-000623,buy,74164.20,1776243216524,0,0,0,,,,0,cancelled
2026-04-15 08:00,ord-000624,sell,74168.21,1776243216524,0,0,0,,,,0,cancelled
2026-04-15 08:00,ord-000625,buy,74168.67,1776243221524,0,0,0,,,,0,cancelled
2026-04-15 08:00,ord-000626,sell,74172.68,1776243221524,0,0,0,,,,0,cancelled
2026-04-15 08:00,ord-000627,buy,74179.89,1776243226524,0,0,0,,,,0,cancelled
2026-04-15 08:00,ord-000628,sell,74183.90,1776243226524,0,0,0,,,,0,cancelled
2026-04-15 08:00,ord-000629,buy,74170.73,1776243231524,0,0,0,,,,0,cancelled
2026-04-15 08:00,ord-000630,sell,74174.74,1776243231524,0,0,0,,,,0,cancelled
2026-04-15 08:00,ord-000631,buy,74154.41,1776243236524,0,0,0,,,,0,cancelled
2026-04-15 08:00,ord-000632,sell,74158.42,1776243236524,0,0,0,,,,0,cancelled
2026-04-15 08:00,ord-000633,buy,74169.29,1776243241524,0,0,0,,,,0,cancelled
2026-04-15 08:00,ord-000634,sell,74173.30,1776243241524,0,0,0,,,,0,cancelled
2026-04-15 08:00,ord-000635,buy,74175.91,1776243246524,0,0,0,,,,0,cancelled
2026-04-15 08:00,ord-000636,sell,74179.92,1776243246524,0,0,0,,,,0,cancelled
2026-04-15 08:00,ord-000637,buy,74178.17,1776243251524,0,0,0,,,,0,cancelled
2026-04-15 08:00,ord-000638,sell,74182.18,1776243251524,0,0,0,,,,0,cancelled
2026-04-15 08:00,ord-000639,buy,74175.92,1776243256524,0,0,0,,,,0,cancelled
2026-04-15 08:00,ord-000640,sell,74179.93,1776243256524,0,0,0,,,,0,cancelled
2026-04-15 08:00,ord-000641,buy,74172.53,1776243261524,0,0,0,,,,0,cancelled
2026-04-15 08:00,ord-000642,sell,74176.54,1776243261524,0,0,0,,,,0,cancelled
2026-04-15 08:00,ord-000643,buy,74146.84,1776243266524,0,0,0,,,,0,cancelled
2026-04-15 08:00,ord-000644,sell,74150.85,1776243266524,0,0,0,,,,0,cancelled
2026-04-15 08:00,ord-000645,buy,74146.01,1776243277224,0,0,0,,,,0,cancelled
2026-04-15 08:00,ord-000646,sell,74150.02,1776243277224,0,0,0,,,,0,cancelled
2026-04-15 08:00,ord-000647,buy,74140.19,1776243282224,0,0,0,,,,0,cancelled
2026-04-15 08:00,ord-000648,sell,74144.20,1776243282224,0,0,0,,,,0,cancelled
2026-04-15 08:00,ord-000649,buy,74152.46,1776243287224,0,0,0,,,,0,cancelled
2026-04-15 08:00,ord-000650,sell,74156.47,1776243287224,0,0,0,,,,0,cancelled
2026-04-15 08:00,ord-000651,buy,74152.47,1776243294924,0,0,0,,,,0,cancelled
2026-04-15 08:00,ord-000652,sell,74156.48,1776243294924,0,0,0,,,,0,cancelled
2026-04-15 08:00,ord-000653,buy,74161.22,1776243299924,0,0,0,,,,0,cancelled
2026-04-15 08:00,ord-000654,sell,74165.23,1776243299924,0,0,0,,,,0,cancelled
2026-04-15 08:00,ord-000655,buy,74169.81,1776243304924,0,0,0,,,,0,cancelled
2026-04-15 08:00,ord-000656,sell,74173.82,1776243304924,0,0,0,,,,0,cancelled
2026-04-15 08:00,ord-000657,buy,74164.72,1776243315824,0,0,0,,,,0,cancelled
2026-04-15 08:00,ord-000658,sell,74168.73,1776243315824,0,0,0,,,,0,cancelled
2026-04-15 08:00,ord-000659,buy,74169.80,1776243358324,0,0,0,,,,0,cancelled
2026-04-15 08:00,ord-000660,sell,74173.81,1776243358324,0,0,0,,,,0,cancelled
2026-04-15 08:00,ord-000661,buy,74164.75,1776243368724,0,0,0,,,,0,cancelled
2026-04-15 08:00,ord-000662,sell,74168.76,1776243368724,0,0,0,,,,0,cancelled
2026-04-15 08:00,ord-000663,buy,74145.31,1776243387336,0,0,0,,,,0,cancelled
2026-04-15 08:00,ord-000664,sell,74149.32,1776243387336,0,0,0,,,,0,cancelled
2026-04-15 08:00,ord-000665,buy,74134.37,1776243392424,0,0,0,,,,0,cancelled
2026-04-15 08:00,ord-000666,sell,74138.38,1776243392424,0,0,0,,,,0,cancelled
2026-04-15 08:00,ord-000667,buy,74142.21,1776243397424,0,0,0,,,,0,cancelled
2026-04-15 08:00,ord-000668,sell,74146.22,1776243397424,0,0,0,,,,0,cancelled
2026-04-15 08:00,ord-000669,buy,74140.55,1776243402424,0,0,0,,,,0,cancelled
2026-04-15 08:00,ord-000670,sell,74144.56,1776243402424,0,0,0,,,,0,cancelled
2026-04-15 08:00,ord-000671,buy,74136.00,1776243407424,0.00120000,0,0,,,,0,cancelled
2026-04-15 08:00,ord-000672,sell,74140.01,1776243407424,0.00014000,0.00014000,0,,,,0,cancelled
2026-04-15 08:00,ord-000673,buy,74140.43,1776243412728,0,0,0,,,,0,cancelled
2026-04-15 08:00,ord-000674,sell,74144.44,1776243412728,0,0,0,,,,0,cancelled
2026-04-15 08:00,ord-000675,buy,74147.50,1776243417824,0,0,0,,,,0,cancelled
2026-04-15 08:00,ord-000676,sell,74151.51,1776243417824,0,0,0,,,,0,cancelled
2026-04-15 08:00,ord-000677,buy,74144.28,1776243422824,0,0,0,,,,0,cancelled
2026-04-15 08:00,ord-000678,sell,74148.29,1776243422824,0,0,0,,,,0,cancelled
2026-04-15 08:00,ord-000679,buy,74140.43,1776243457824,0,0,0,,,,0,cancelled
2026-04-15 08:00,ord-000680,sell,74144.44,1776243457824,0,0,0,,,,0,cancelled
2026-04-15 08:00,ord-000681,buy,74121.11,1776243462824,0,0,0,,,,0,cancelled
2026-04-15 08:00,ord-000682,sell,74125.12,1776243462824,0,0,0,,,,0,cancelled
2026-04-15 08:00,ord-000683,buy,74119.47,1776243484524,0,0,0,,,,0,cancelled
2026-04-15 08:00,ord-000684,sell,74123.48,1776243484524,0,0,0,,,,0,cancelled
2026-04-15 08:00,ord-000685,buy,74114.55,1776243489524,0,0,0,,,,0,cancelled
2026-04-15 08:00,ord-000686,sell,74118.56,1776243489524,0,0,0,,,,0,cancelled
2026-04-15 08:00,ord-000687,buy,74123.44,1776243497824,0,0,0,,,,0,cancelled
2026-04-15 08:00,ord-000688,sell,74127.45,1776243497824,0,0,0,,,,0,cancelled
2026-04-15 08:00,ord-000689,buy,74134.55,1776243507524,0,0,0,,,,0,cancelled
2026-04-15 08:00,ord-000690,sell,74138.56,1776243507524,0,0,0,,,,0,cancelled
2026-04-15 08:00,ord-000691,buy,74130.06,1776243531624,0,0,0,,,,0,cancelled
2026-04-15 08:00,ord-000692,sell,74134.07,1776243531624,0,0,0,,,,0,cancelled
2026-04-15 08:00,ord-000693,buy,74128.01,1776243537024,0,0,0,,,,0,cancelled
2026-04-15 08:00,ord-000694,sell,74132.02,1776243537024,0,0,0,,,,0,cancelled
2026-04-15 08:00,ord-000695,buy,74117.71,1776243542024,0,0,0,,,,0,cancelled
2026-04-15 08:00,ord-000696,sell,74121.72,1776243542024,0,0,0,,,,0,cancelled
2026-04-15 08:00,ord-000697,buy,74115.83,1776243558924,0,0,0,,,,0,cancelled
2026-04-15 08:00,ord-000698,sell,74119.84,1776243558924,0,0,0,,,,0,cancelled
2026-04-15 08:00,ord-000699,buy,74114.55,1776243563924,0,0,0,,,,0,cancelled
2026-04-15 08:00,ord-000700,sell,74118.56,1776243563924,0,0,0,,,,0,cancelled
2026-04-15 08:00,ord-000701,buy,74109.52,1776243568924,0,0,0,,,,0,cancelled
2026-04-15 08:00,ord-000702,sell,74113.53,1776243568924,0,0,0,,,,0,cancelled
2026-04-15 08:00,ord-000703,buy,74109.51,1776243578724,0,0,0,,,,0,cancelled
2026-04-15 08:00,ord-000704,sell,74113.52,1776243578724,0,0,0,,,,0,cancelled
2026-04-15 08:00,ord-000705,buy,74108.51,1776243585524,0,0,0,,,,0,expired
2026-04-15 08:00,ord-000706,sell,74112.52,1776243585524,0,0,0,,,,0,expired
2026-04-15 09:00,ord-000001,buy,74108.51,1776243600224,0,0,0,,,,0,cancelled
2026-04-15 09:00,ord-000002,sell,74112.52,1776243600224,0,0,0,,,,0,cancelled
2026-04-15 09:00,ord-000003,buy,74139.08,1776243605224,0,0,0,,,,0,cancelled
2026-04-15 09:00,ord-000004,sell,74143.09,1776243605224,0,0,0,,,,0,cancelled
2026-04-15 09:00,ord-000005,buy,74133.99,1776243610824,0,0,0,,,,0,cancelled
2026-04-15 09:00,ord-000006,sell,74138.00,1776243610824,0,0,0,,,,0,cancelled
2026-04-15 09:00,ord-000007,buy,74147.50,1776243619224,0,0,0,,,,0,cancelled
2026-04-15 09:00,ord-000008,sell,74151.51,1776243619224,0,0,0,,,,0,cancelled
2026-04-15 09:00,ord-000009,buy,74152.39,1776243624224,0,0,0,,,,0,cancelled
2026-04-15 09:00,ord-000010,sell,74156.40,1776243624224,0,0,0,,,,0,cancelled
2026-04-15 09:00,ord-000011,buy,74154.42,1776243634924,0,0,0,,,,0,cancelled
2026-04-15 09:00,ord-000012,sell,74158.43,1776243634924,0,0,0,,,,0,cancelled
2026-04-15 09:00,ord-000013,buy,74164.65,1776243657824,0,0,0,,,,0,cancelled
2026-04-15 09:00,ord-000014,sell,74168.66,1776243657824,0,0,0,,,,0,cancelled
2026-04-15 09:00,ord-000015,buy,74172.07,1776243662824,0,0,0,,,,0,cancelled
2026-04-15 09:00,ord-000016,sell,74176.08,1776243662824,0,0,0,,,,0,cancelled
2026-04-15 09:00,ord-000017,buy,74174.48,1776243667824,0,0,0,,,,0,cancelled
2026-04-15 09:00,ord-000018,sell,74178.49,1776243667824,0,0,0,,,,0,cancelled
2026-04-15 09:00,ord-000019,buy,74173.00,1776243677324,0,0,0,,,,0,cancelled
2026-04-15 09:00,ord-000020,sell,74177.01,1776243677324,0,0,0,,,,0,cancelled
2026-04-15 09:00,ord-000021,buy,74158.00,1776243682325,0.00120000,0,0,,,,0,cancelled
2026-04-15 09:00,ord-000022,sell,74162.01,1776243682325,0,0,0,,,,0,cancelled
2026-04-15 09:00,ord-000023,buy,74156.63,1776243688924,0,0,0,,,,0,cancelled
2026-04-15 09:00,ord-000024,sell,74160.64,1776243688924,0,0,0,,,,0,cancelled
2026-04-15 09:00,ord-000025,buy,74154.64,1776243693924,0,0,0,,,,0,cancelled
2026-04-15 09:00,ord-000026,sell,74158.65,1776243693924,0,0,0,,,,0,cancelled
2026-04-15 09:00,ord-000027,buy,74162.77,1776243701224,0,0,0,,,,0,cancelled
2026-04-15 09:00,ord-000028,sell,74166.78,1776243701224,0,0,0,,,,0,cancelled
2026-04-15 09:00,ord-000029,buy,74156.75,1776243706224,0,0,0,,,,0,cancelled
2026-04-15 09:00,ord-000030,sell,74160.76,1776243706224,0,0,0,,,,0,cancelled
2026-04-15 09:00,ord-000031,buy,74154.10,1776243720724,0,0,0,,,,0,cancelled
2026-04-15 09:00,ord-000032,sell,74158.11,1776243720724,0,0,0,,,,0,cancelled
2026-04-15 09:00,ord-000033,buy,74152.79,1776243728224,0,0,0,,,,0,cancelled
2026-04-15 09:00,ord-000034,sell,74156.80,1776243728224,0,0,0,,,,0,cancelled
2026-04-15 09:00,ord-000035,buy,74135.16,1776243733224,0,0,0,,,,0,cancelled
2026-04-15 09:00,ord-000036,sell,74139.17,1776243733224,0,0,0,,,,0,cancelled
2026-04-15 09:00,ord-000037,buy,74116.00,1776243738224,0.00120000,0.00120000,0,,,,0,cancelled
2026-04-15 09:00,ord-000038,sell,74120.01,1776243738224,0,0,0,,,,0,cancelled
2026-04-15 09:00,ord-000039,buy,74108.00,1776243743224,0.00120000,0.00120000,0,,,,0,cancelled
2026-04-15 09:00,ord-000040,sell,74112.01,1776243743224,0,0,0,,,,0,cancelled
2026-04-15 09:00,ord-000041,buy,74105.30,1776243748824,0,0,0,,,,0,cancelled
2026-04-15 09:00,ord-000042,sell,74109.31,1776243748824,0,0,0,,,,0,cancelled
2026-04-15 09:00,ord-000043,buy,74098.00,1776243753824,0.00120000,0.00120000,0,,,,0,cancelled
2026-04-15 09:00,ord-000044,sell,74102.01,1776243753824,0,0,0,,,,0,cancelled
2026-04-15 09:00,ord-000045,buy,74093.87,1776243758824,0,0,0,,,,0,cancelled
2026-04-15 09:00,ord-000046,sell,74097.88,1776243758824,0,0,0,,,,0,cancelled
2026-04-15 09:00,ord-000047,buy,74049.64,1776243763824,0,0,0,,,,0,cancelled
2026-04-15 09:00,ord-000048,sell,74053.65,1776243763824,0,0,0,,,,0,cancelled
2026-04-15 09:00,ord-000049,buy,74032.22,1776243768824,0,0,0,,,,0,cancelled
2026-04-15 09:00,ord-000050,sell,74036.23,1776243768824,0,0,0,,,,0,cancelled
2026-04-15 09:00,ord-000051,buy,74045.99,1776243773824,0,0,0,,,,0,cancelled
2026-04-15 09:00,ord-000052,sell,74050.00,1776243773824,0.00120000,0.00120000,0,,,,0,cancelled
2026-04-15 09:00,ord-000053,buy,74061.15,1776243778824,0,0,0,,,,0,cancelled
2026-04-15 09:00,ord-000054,sell,74065.16,1776243778824,0,0,0,,,,0,cancelled
2026-04-15 09:00,ord-000055,buy,74065.74,1776243783824,0,0,0,,,,0,cancelled
2026-04-15 09:00,ord-000056,sell,74069.75,1776243783824,0,0,0,,,,0,cancelled
2026-04-15 09:00,ord-000057,buy,74077.22,1776243788825,0,0,0,,,,0,cancelled
2026-04-15 09:00,ord-000058,sell,74081.23,1776243788825,0,0,0,,,,0,cancelled
2026-04-15 09:00,ord-000059,buy,74062.95,1776243793924,0,0,0,,,,0,cancelled
2026-04-15 09:00,ord-000060,sell,74066.96,1776243793924,0,0,0,,,,0,cancelled
2026-04-15 09:00,ord-000061,buy,74062.00,1776243809024,0.00120000,0.00120000,0,1776243809065,0.00120000,0.00000000,0.00028000,cancelled
2026-04-15 09:00,ord-000062,sell,74066.01,1776243809024,0,0,0,,,,0,cancelled
2026-04-15 09:00,ord-000063,buy,74058.60,1776243814024,0,0,0,,,,0,cancelled
2026-04-15 09:00,ord-000064,sell,74062.61,1776243814024,0,0,0,,,,0,cancelled
2026-04-15 09:00,ord-000065,buy,74053.61,1776243823124,0,0,0,,,,0,cancelled
2026-04-15 09:00,ord-000066,sell,74057.62,1776243823124,0,0,0,,,,0,cancelled
2026-04-15 09:00,ord-000067,buy,74042.13,1776243828124,0,0,0,,,,0,cancelled
2026-04-15 09:00,ord-000068,sell,74046.14,1776243828124,0,0,0,,,,0,cancelled
2026-04-15 09:00,ord-000069,buy,74051.30,1776243842124,0.05000000,0,0,,,,0,cancelled
2026-04-15 09:00,ord-000070,sell,74055.31,1776243842124,0,0,0,,,,0,cancelled
2026-04-15 09:00,ord-000071,buy,74055.36,1776243847124,0,0,0,,,,0,cancelled
2026-04-15 09:00,ord-000072,sell,74059.37,1776243847124,0,0,0,,,,0,cancelled
2026-04-15 09:00,ord-000073,buy,74050.20,1776243852124,0,0,0,,,,0,cancelled
2026-04-15 09:00,ord-000074,sell,74054.21,1776243852124,0,0,0,,,,0,cancelled
2026-04-15 09:00,ord-000075,buy,74060.98,1776243859024,0,0,0,,,,0,cancelled
2026-04-15 09:00,ord-000076,sell,74064.99,1776243859024,0,0,0,,,,0,cancelled
2026-04-15 09:00,ord-000077,buy,74061.88,1776243864024,0,0,0,,,,0,cancelled
2026-04-15 09:00,ord-000078,sell,74065.89,1776243864024,0,0,0,,,,0,cancelled
2026-04-15 09:00,ord-000079,buy,74056.24,1776243869024,0,0,0,,,,0,cancelled
2026-04-15 09:00,ord-000080,sell,74060.25,1776243869024,0,0,0,,,,0,cancelled
2026-04-15 09:00,ord-000081,buy,74050.34,1776243874024,0.00134000,0.00134000,0,,,,0,cancelled
2026-04-15 09:00,ord-000082,sell,74054.35,1776243874024,0,0,0,,,,0,cancelled
2026-04-15 09:00,ord-000083,buy,74064.76,1776243879025,0,0,0,,,,0,cancelled
2026-04-15 09:00,ord-000084,sell,74068.77,1776243879025,0,0,0,,,,0,cancelled
2026-04-15 09:00,ord-000085,buy,74062.80,1776243886024,0,0,0,,,,0,cancelled
2026-04-15 09:00,ord-000086,sell,74066.81,1776243886024,0,0,0,,,,0,cancelled
2026-04-15 09:00,ord-000087,buy,74051.06,1776243891024,0,0,0,,,,0,cancelled
2026-04-15 09:00,ord-000088,sell,74055.07,1776243891024,0,0,0,,,,0,cancelled
2026-04-15 09:00,ord-000089,buy,74048.30,1776243899524,0,0,0,,,,0,cancelled
2026-04-15 09:00,ord-000090,sell,74052.31,1776243899524,0,0,0,,,,0,cancelled
2026-04-15 09:00,ord-000091,buy,74040.64,1776243904524,0,0,0,,,,0,cancelled
2026-04-15 09:00,ord-000092,sell,74044.65,1776243904524,0,0,0,,,,0,cancelled
2026-04-15 09:00,ord-000093,buy,74033.55,1776243909524,0,0,0,,,,0,cancelled
2026-04-15 09:00,ord-000094,sell,74037.56,1776243909524,0,0,0,,,,0,cancelled
2026-04-15 09:00,ord-000095,buy,74028.00,1776243914524,0.00120000,0.00120000,0,1776243917534,0.00120000,0.00000000,0.001,filled
2026-04-15 09:00,ord-000096,sell,74032.01,1776243914524,0,0,0,,,,0,cancelled
2026-04-15 09:00,ord-000097,buy,74022.28,1776243917624,0,0,0,,,,0,cancelled
2026-04-15 09:00,ord-000098,sell,74026.29,1776243917624,0,0,0,,,,0,cancelled
2026-04-15 09:00,ord-000099,buy,74031.47,1776243931024,0,0,0,,,,0,cancelled
2026-04-15 09:00,ord-000100,sell,74035.48,1776243931024,0,0,0,,,,0,cancelled
2026-04-15 09:00,ord-000101,buy,74033.91,1776243936024,0,0,0,,,,0,cancelled
2026-04-15 09:00,ord-000102,sell,74037.92,1776243936024,0,0,0,,,,0,cancelled
2026-04-15 09:00,ord-000103,buy,74037.80,1776243963524,0,0,0,,,,0,cancelled
2026-04-15 09:00,ord-000104,sell,74041.81,1776243963524,0,0,0,,,,0,cancelled
2026-04-15 09:00,ord-000105,buy,74047.57,1776243968524,0,0,0,,,,0,cancelled
2026-04-15 09:00,ord-000106,sell,74051.58,1776243968524,0,0,0,,,,0,cancelled
2026-04-15 09:00,ord-000107,buy,74049.64,1776244005624,0,0,0,,,,0,cancelled
2026-04-15 09:00,ord-000108,sell,74053.65,1776244005624,0,0,0,,,,0,cancelled
2026-04-15 09:00,ord-000109,buy,74068.70,1776244010624,0,0,0,,,,0,cancelled
2026-04-15 09:00,ord-000110,sell,74072.71,1776244010624,0,0,0,,,,0,cancelled
2026-04-15 09:00,ord-000111,buy,74083.05,1776244021024,0,0,0,,,,0,cancelled
2026-04-15 09:00,ord-000112,sell,74087.06,1776244021024,0,0,0,,,,0,cancelled
2026-04-15 09:00,ord-000113,buy,74071.40,1776244026024,0,0,0,,,,0,cancelled
2026-04-15 09:00,ord-000114,sell,74075.41,1776244026024,0,0,0,,,,0,cancelled
2026-04-15 09:00,ord-000115,buy,74063.99,1776244035024,0,0,0,,,,0,cancelled
2026-04-15 09:00,ord-000116,sell,74068.00,1776244035024,0,0,0,,,,0,cancelled
2026-04-15 09:00,ord-000117,buy,74056.33,1776244040624,0,0,0,,,,0,cancelled
2026-04-15 09:00,ord-000118,sell,74060.34,1776244040624,0.00007000,0,0,,,,0,cancelled
2026-04-15 09:00,ord-000119,buy,74049.70,1776244045624,0,0,0,,,,0,cancelled
2026-04-15 09:00,ord-000120,sell,74053.71,1776244045624,0,0,0,,,,0,cancelled
2026-04-15 09:00,ord-000121,buy,74042.34,1776244051624,0,0,0,,,,0,cancelled
2026-04-15 09:00,ord-000122,sell,74046.35,1776244051624,0,0,0,,,,0,cancelled
2026-04-15 09:00,ord-000123,buy,74039.29,1776244068824,0,0,0,,,,0,cancelled
2026-04-15 09:00,ord-000124,sell,74043.30,1776244068824,0,0,0,,,,0,cancelled
2026-04-15 09:00,ord-000125,buy,74037.22,1776244073824,0,0,0,,,,0,cancelled
2026-04-15 09:00,ord-000126,sell,74041.23,1776244073824,0,0,0,,,,0,cancelled
2026-04-15 09:00,ord-000127,buy,74036.06,1776244082624,0,0,0,,,,0,cancelled
2026-04-15 09:00,ord-000128,sell,74040.07,1776244082624,0,0,0,,,,0,cancelled
2026-04-15 09:00,ord-000129,buy,74033.92,1776244087624,0,0,0,,,,0,cancelled
2026-04-15 09:00,ord-000130,sell,74037.93,1776244087624,0,0,0,,,,0,cancelled
2026-04-15 09:00,ord-000131,buy,74031.29,1776244092624,0,0,0,,,,0,cancelled
2026-04-15 09:00,ord-000132,sell,74035.30,1776244092624,0,0,0,,,,0,cancelled
2026-04-15 09:00,ord-000133,buy,74028.00,1776244097624,0.00120000,0,0,,,,0,cancelled
2026-04-15 09:00,ord-000134,sell,74032.01,1776244097624,0,0,0,,,,0,cancelled
2026-04-15 09:00,ord-000135,buy,74027.99,1776244102624,0,0,0,,,,0,cancelled
2026-04-15 09:00,ord-000136,sell,74032.00,1776244102624,0,0,0,,,,0,cancelled
2026-04-15 09:00,ord-000137,buy,74025.69,1776244146124,0,0,0,,,,0,cancelled
2026-04-15 09:00,ord-000138,sell,74029.70,1776244146124,0,0,0,,,,0,cancelled
2026-04-15 09:00,ord-000139,buy,74024.78,1776244151124,0,0,0,,,,0,cancelled
2026-04-15 09:00,ord-000140,sell,74028.79,1776244151124,0,0,0,,,,0,cancelled
2026-04-15 09:00,ord-000141,buy,74020.10,1776244156124,0,0,0,,,,0,cancelled
2026-04-15 09:00,ord-000142,sell,74024.11,1776244156124,0,0,0,,,,0,cancelled
2026-04-15 09:00,ord-000143,buy,74008.00,1776244161124,0.00120000,0,0,,,,0,cancelled
2026-04-15 09:00,ord-000144,sell,74012.01,1776244161124,0,0,0,,,,0,cancelled
2026-04-15 09:00,ord-000145,buy,74015.40,1776244171524,0,0,0,,,,0,cancelled
2026-04-15 09:00,ord-000146,sell,74019.41,1776244171524,0,0,0,,,,0,cancelled
2026-04-15 09:00,ord-000147,buy,74012.10,1776244197924,0,0,0,,,,0,cancelled
2026-04-15 09:00,ord-000148,sell,74016.11,1776244197924,0,0,0,,,,0,cancelled
2026-04-15 09:00,ord-000149,buy,74025.59,1776244202924,0,0,0,,,,0,cancelled
2026-04-15 09:00,ord-000150,sell,74029.60,1776244202924,0.00008000,0.00008000,0,,,,0,cancelled
2026-04-15 09:00,ord-000151,buy,74027.99,1776244228324,0,0,0,,,,0,cancelled
2026-04-15 09:00,ord-000152,sell,74032.00,1776244228324,0.00120000,0.00120000,0,,,,0,cancelled
2026-04-15 09:00,ord-000153,buy,74035.70,1776244233324,0,0,0,,,,0,cancelled
2026-04-15 09:00,ord-000154,sell,74039.71,1776244233324,0,0,0,,,,0,cancelled
2026-04-15 09:00,ord-000155,buy,74009.79,1776244238324,0,0,0,,,,0,cancelled
2026-04-15 09:00,ord-000156,sell,74013.80,1776244238324,0,0,0,,,,0,cancelled
2026-04-15 09:00,ord-000157,buy,74000.04,1776244243324,0,0,0,,,,0,cancelled
2026-04-15 09:00,ord-000158,sell,74004.05,1776244243324,0,0,0,,,,0,cancelled
2026-04-15 09:00,ord-000159,buy,74005.81,1776244248324,0,0,0,,,,0,cancelled
2026-04-15 09:00,ord-000160,sell,74009.82,1776244248324,0,0,0,,,,0,cancelled
2026-04-15 09:00,ord-000161,buy,74009.74,1776244253324,0,0,0,,,,0,cancelled
2026-04-15 09:00,ord-000162,sell,74013.75,1776244253324,0,0,0,,,,0,cancelled
2026-04-15 09:00,ord-000163,buy,74009.99,1776244258324,0,0,0,,,,0,cancelled
2026-04-15 09:00,ord-000164,sell,74014.00,1776244258324,0.00120000,0,0,,,,0,cancelled
2026-04-15 09:00,ord-000165,buy,74000.05,1776244263324,0,0,0,,,,0,cancelled
2026-04-15 09:00,ord-000166,sell,74004.06,1776244263324,0,0,0,,,,0,cancelled
2026-04-15 09:00,ord-000167,buy,73990.08,1776244268324,0.00008000,0,0,,,,0,cancelled
2026-04-15 09:00,ord-000168,sell,73994.09,1776244268324,0,0,0,,,,0,cancelled
2026-04-15 09:00,ord-000169,buy,73999.99,1776244273324,0,0,0,,,,0,cancelled
2026-04-15 09:00,ord-000170,sell,74004.00,1776244273324,0.00120000,0.00120000,0,,,,0,cancelled
2026-04-15 09:00,ord-000171,buy,74009.60,1776244278324,0,0,0,,,,0,cancelled
2026-04-15 09:00,ord-000172,sell,74013.61,1776244278324,0,0,0,,,,0,cancelled
2026-04-15 09:00,ord-000173,buy,74007.02,1776244284524,0,0,0,,,,0,cancelled
2026-04-15 09:00,ord-000174,sell,74011.03,1776244284524,0,0,0,,,,0,cancelled
2026-04-15 09:00,ord-000175,buy,73990.00,1776244289524,0.00170000,0.00170000,0,,,,0,cancelled
2026-04-15 09:00,ord-000176,sell,73994.01,1776244289524,0,0,0,,,,0,cancelled
2026-04-15 09:00,ord-000177,buy,73983.88,1776244301624,0,0,0,,,,0,cancelled
2026-04-15 09:00,ord-000178,sell,73987.89,1776244301624,0,0,0,,,,0,cancelled
2026-04-15 09:00,ord-000179,buy,73975.15,1776244306624,0,0,0,,,,0,cancelled
2026-04-15 09:00,ord-000180,sell,73979.16,1776244306624,0,0,0,,,,0,cancelled
2026-04-15 09:00,ord-000181,buy,73960.58,1776244311624,0,0,0,,,,0,cancelled
2026-04-15 09:00,ord-000182,sell,73964.59,1776244311624,0,0,0,,,,0,cancelled
2026-04-15 09:00,ord-000183,buy,73958.13,1776244316624,0,0,0,,,,0,cancelled
2026-04-15 09:00,ord-000184,sell,73962.14,1776244316624,0,0,0,,,,0,cancelled
2026-04-15 09:00,ord-000185,buy,73967.98,1776244321624,0,0,0,,,,0,cancelled
2026-04-15 09:00,ord-000186,sell,73971.99,1776244321624,0,0,0,,,,0,cancelled
2026-04-15 09:00,ord-000187,buy,73974.68,1776244326624,0,0,0,,,,0,cancelled
2026-04-15 09:00,ord-000188,sell,73978.69,1776244326624,0,0,0,,,,0,cancelled
2026-04-15 09:00,ord-000189,buy,73979.84,1776244331624,0,0,0,,,,0,cancelled
2026-04-15 09:00,ord-000190,sell,73983.85,1776244331624,0,0,0,,,,0,cancelled
2026-04-15 09:00,ord-000191,buy,73969.04,1776244336624,0.00028000,0,0,,,,0,cancelled
2026-04-15 09:00,ord-000192,sell,73973.05,1776244336624,0,0,0,,,,0,cancelled
2026-04-15 09:00,ord-000193,buy,73974.18,1776244343524,0,0,0,,,,0,cancelled
2026-04-15 09:00,ord-000194,sell,73978.19,1776244343524,0,0,0,,,,0,cancelled
2026-04-15 09:00,ord-000195,buy,73983.78,1776244355224,0,0,0,,,,0,cancelled
2026-04-15 09:00,ord-000196,sell,73987.79,1776244355224,0,0,0,,,,0,cancelled
2026-04-15 09:00,ord-000197,buy,73997.82,1776244370456,0,0,0,,,,0,cancelled
2026-04-15 09:00,ord-000198,sell,74001.83,1776244370456,0,0,0,,,,0,cancelled
2026-04-15 09:00,ord-000199,buy,74005.99,1776244375524,0,0,0,,,,0,cancelled
2026-04-15 09:00,ord-000200,sell,74010.00,1776244375524,0.00120000,0.00120000,0,,,,0,cancelled
2026-04-15 09:00,ord-000201,buy,74022.28,1776244380524,0,0,0,,,,0,cancelled
2026-04-15 09:00,ord-000202,sell,74026.29,1776244380524,0,0,0,,,,0,cancelled
2026-04-15 09:00,ord-000203,buy,74056.79,1776244385524,0,0,0,,,,0,cancelled
2026-04-15 09:00,ord-000204,sell,74060.80,1776244385524,0,0,0,,,,0,cancelled
2026-04-15 09:00,ord-000205,buy,74055.96,1776244390524,0,0,0,,,,0,cancelled
2026-04-15 09:00,ord-000206,sell,74059.97,1776244390524,0,0,0,,,,0,cancelled
2026-04-15 09:00,ord-000207,buy,74051.46,1776244395524,0,0,0,,,,0,cancelled
2026-04-15 09:00,ord-000208,sell,74055.47,1776244395524,0,0,0,,,,0,cancelled
2026-04-15 09:00,ord-000209,buy,74048.03,1776244404924,0,0,0,,,,0,cancelled
2026-04-15 09:00,ord-000210,sell,74052.04,1776244404924,0,0,0,,,,0,cancelled
2026-04-15 09:00,ord-000211,buy,74043.97,1776244409924,0,0,0,,,,0,cancelled
2026-04-15 09:00,ord-000212,sell,74047.98,1776244409924,0,0,0,,,,0,cancelled
2026-04-15 09:00,ord-000213,buy,74048.70,1776244419124,0,0,0,,,,0,cancelled
2026-04-15 09:00,ord-000214,sell,74052.71,1776244419124,0,0,0,,,,0,cancelled
2026-04-15 09:00,ord-000215,buy,74049.47,1776244424124,0,0,0,,,,0,cancelled
2026-04-15 09:00,ord-000216,sell,74053.48,1776244424124,0,0,0,,,,0,cancelled
2026-04-15 09:00,ord-000217,buy,74056.60,1776244429124,0,0,0,,,,0,cancelled
2026-04-15 09:00,ord-000218,sell,74060.61,1776244429124,0,0,0,,,,0,cancelled
2026-04-15 09:00,ord-000219,buy,74058.87,1776244438324,0,0,0,,,,0,cancelled
2026-04-15 09:00,ord-000220,sell,74062.88,1776244438324,0,0,0,,,,0,cancelled
2026-04-15 09:00,ord-000221,buy,74053.87,1776244443324,0,0,0,,,,0,cancelled
2026-04-15 09:00,ord-000222,sell,74057.88,1776244443324,0,0,0,,,,0,cancelled
2026-04-15 09:00,ord-000223,buy,74051.94,1776244448324,0,0,0,,,,0,cancelled
2026-04-15 09:00,ord-000224,sell,74055.95,1776244448324,0,0,0,,,,0,cancelled
2026-04-15 09:00,ord-000225,buy,74046.93,1776244453324,0,0,0,,,,0,cancelled
2026-04-15 09:00,ord-000226,sell,74050.94,1776244453324,0,0,0,,,,0,cancelled
2026-04-15 09:00,ord-000227,buy,74045.08,1776244459524,0,0,0,,,,0,cancelled
2026-04-15 09:00,ord-000228,sell,74049.09,1776244459524,0,0,0,,,,0,cancelled
2026-04-15 09:00,ord-000229,buy,74038.47,1776244464524,0,0,0,,,,0,cancelled
2026-04-15 09:00,ord-000230,sell,74042.48,1776244464524,0,0,0,,,,0,cancelled
2026-04-15 09:00,ord-000231,buy,74031.18,1776244472124,0,0,0,,,,0,cancelled
2026-04-15 09:00,ord-000232,sell,74035.19,1776244472124,0,0,0,,,,0,cancelled
2026-04-15 09:00,ord-000233,buy,74026.47,1776244478424,0,0,0,,,,0,cancelled
2026-04-15 09:00,ord-000234,sell,74030.48,1776244478424,0,0,0,,,,0,cancelled
2026-04-15 09:00,ord-000235,buy,74009.79,1776244483424,0,0,0,,,,0,cancelled
2026-04-15 09:00,ord-000236,sell,74013.80,1776244483424,0,0,0,,,,0,cancelled
2026-04-15 09:00,ord-000237,buy,74014.00,1776244488425,0,0,0,,,,0,cancelled
2026-04-15 09:00,ord-000238,sell,74018.01,1776244488425,0.00016000,0,0,,,,0,cancelled
2026-04-15 09:00,ord-000239,buy,74027.50,1776244493524,0,0,0,,,,0,cancelled
2026-04-15 09:00,ord-000240,sell,74031.51,1776244493524,0,0,0,,,,0,cancelled
2026-04-15 09:00,ord-000241,buy,74027.12,1776244504424,0,0,0,,,,0,cancelled
2026-04-15 09:00,ord-000242,sell,74031.13,1776244504424,0,0,0,,,,0,cancelled
2026-04-15 09:00,ord-000243,buy,74020.44,1776244509424,0,0,0,,,,0,cancelled
2026-04-15 09:00,ord-000244,sell,74024.45,1776244509424,0,0,0,,,,0,cancelled
2026-04-15 09:00,ord-000245,buy,74025.22,1776244515324,0,0,0,,,,0,cancelled
2026-04-15 09:00,ord-000246,sell,74029.23,1776244515324,0,0,0,,,,0,cancelled
2026-04-15 09:00,ord-000247,buy,74038.89,1776244520324,0,0,0,,,,0,cancelled
2026-04-15 09:00,ord-000248,sell,74042.90,1776244520324,0,0,0,,,,0,cancelled
2026-04-15 09:00,ord-000249,buy,74034.95,1776244542424,0,0,0,,,,0,cancelled
2026-04-15 09:00,ord-000250,sell,74038.96,1776244542424,0,0,0,,,,0,cancelled
2026-04-15 09:00,ord-000251,buy,74028.54,1776244547424,0,0,0,,,,0,cancelled
2026-04-15 09:00,ord-000252,sell,74032.55,1776244547424,0,0,0,,,,0,cancelled
2026-04-15 09:00,ord-000253,buy,74032.08,1776244567124,0,0,0,,,,0,cancelled
2026-04-15 09:00,ord-000254,sell,74036.09,1776244567124,0,0,0,,,,0,cancelled
2026-04-15 09:00,ord-000255,buy,74039.99,1776244572124,0,0,0,,,,0,cancelled
2026-04-15 09:00,ord-000256,sell,74044.00,1776244572124,0.00120000,0,0,,,,0,cancelled
2026-04-15 09:00,ord-000257,buy,74041.75,1776244585924,0.01012000,0,0,,,,0,cancelled
2026-04-15 09:00,ord-000258,sell,74045.76,1776244585924,0,0,0,,,,0,cancelled
2026-04-15 09:00,ord-000259,buy,74043.99,1776244590924,0.26071000,0,0,,,,0,cancelled
2026-04-15 09:00,ord-000260,sell,74048.00,1776244590924,0.00120000,0.00120000,0,,,,0,cancelled
2026-04-15 09:00,ord-000261,buy,74048.21,1776244596424,0,0,0,,,,0,cancelled
2026-04-15 09:00,ord-000262,sell,74052.22,1776244596424,0,0,0,,,,0,cancelled
2026-04-15 09:00,ord-000263,buy,74049.64,1776244601424,0,0,0,,,,0,cancelled
2026-04-15 09:00,ord-000264,sell,74053.65,1776244601424,0,0,0,,,,0,cancelled
2026-04-15 09:00,ord-000265,buy,74047.09,1776244614124,0,0,0,,,,0,cancelled
2026-04-15 09:00,ord-000266,sell,74051.10,1776244614124,0,0,0,,,,0,cancelled
2026-04-15 09:00,ord-000267,buy,74045.54,1776244619124,0,0,0,,,,0,cancelled
2026-04-15 09:00,ord-000268,sell,74049.55,1776244619124,0,0,0,,,,0,cancelled
2026-04-15 09:00,ord-000269,buy,74053.22,1776244624124,0,0,0,,,,0,cancelled
2026-04-15 09:00,ord-000270,sell,74057.23,1776244624124,0,0,0,,,,0,cancelled
2026-04-15 09:00,ord-000271,buy,74048.48,1776244630424,0.00016000,0,0,,,,0,cancelled
2026-04-15 09:00,ord-000272,sell,74052.49,1776244630424,0,0,0,,,,0,cancelled
2026-04-15 09:00,ord-000273,buy,74045.97,1776244637024,0,0,0,,,,0,cancelled
2026-04-15 09:00,ord-000274,sell,74049.98,1776244637024,0,0,0,,,,0,cancelled
2026-04-15 09:00,ord-000275,buy,74042.85,1776244647024,0,0,0,,,,0,cancelled
2026-04-15 09:00,ord-000276,sell,74046.86,1776244647024,0,0,0,,,,0,cancelled
2026-04-15 09:00,ord-000277,buy,74037.34,1776244652024,0,0,0,,,,0,cancelled
2026-04-15 09:00,ord-000278,sell,74041.35,1776244652024,0,0,0,,,,0,cancelled
2026-04-15 09:00,ord-000279,buy,74035.71,1776244661624,0,0,0,,,,0,cancelled
2026-04-15 09:00,ord-000280,sell,74039.72,1776244661624,0,0,0,,,,0,cancelled
2026-04-15 09:00,ord-000281,buy,74029.30,1776244666624,0,0,0,,,,0,cancelled
2026-04-15 09:00,ord-000282,sell,74033.31,1776244666624,0,0,0,,,,0,cancelled
2026-04-15 09:00,ord-000283,buy,74034.00,1776244671624,0,0,0,,,,0,cancelled
2026-04-15 09:00,ord-000284,sell,74038.01,1776244671624,0,0,0,,,,0,cancelled
2026-04-15 09:00,ord-000285,buy,74039.28,1776244676624,0,0,0,,,,0,cancelled
2026-04-15 09:00,ord-000286,sell,74043.29,1776244676624,0,0,0,,,,0,cancelled
2026-04-15 09:00,ord-000287,buy,74035.21,1776244684424,0,0,0,,,,0,cancelled
2026-04-15 09:00,ord-000288,sell,74039.22,1776244684424,0,0,0,,,,0,cancelled
2026-04-15 09:00,ord-000289,buy,74032.09,1776244689424,0,0,0,,,,0,cancelled
2026-04-15 09:00,ord-000290,sell,74036.10,1776244689424,0,0,0,,,,0,cancelled
2026-04-15 09:00,ord-000291,buy,74037.31,1776244702424,0,0,0,,,,0,cancelled
2026-04-15 09:00,ord-000292,sell,74041.32,1776244702424,0,0,0,,,,0,cancelled
2026-04-15 09:00,ord-000293,buy,74044.34,1776244707424,0,0,0,,,,0,cancelled
2026-04-15 09:00,ord-000294,sell,74048.35,1776244707424,0,0,0,,,,0,cancelled
2026-04-15 09:00,ord-000295,buy,74044.35,1776244712824,0,0,0,,,,0,cancelled
2026-04-15 09:00,ord-000296,sell,74048.36,1776244712824,0.00007000,0.00007000,0,,,,0,cancelled
2026-04-15 09:00,ord-000297,buy,74053.99,1776244717824,0,0,0,,,,0,cancelled
2026-04-15 09:00,ord-000298,sell,74058.00,1776244717824,0.00120000,0,0,,,,0,cancelled
2026-04-15 09:00,ord-000299,buy,74045.75,1776244722824,0,0,0,,,,0,cancelled
2026-04-15 09:00,ord-000300,sell,74049.76,1776244722824,0,0,0,,,,0,cancelled
2026-04-15 09:00,ord-000301,buy,74048.52,1776244737724,0,0,0,,,,0,cancelled
2026-04-15 09:00,ord-000302,sell,74052.53,1776244737724,0,0,0,,,,0,cancelled
2026-04-15 09:00,ord-000303,buy,74049.64,1776244744924,0,0,0,,,,0,cancelled
2026-04-15 09:00,ord-000304,sell,74053.65,1776244744924,0.00010000,0,0,,,,0,cancelled
2026-04-15 09:00,ord-000305,buy,74063.97,1776244749924,0,0,0,,,,0,cancelled
2026-04-15 09:00,ord-000306,sell,74067.98,1776244749924,0,0,0,,,,0,cancelled
2026-04-15 09:00,ord-000307,buy,74058.26,1776244759124,0,0,0,,,,0,cancelled
2026-04-15 09:00,ord-000308,sell,74062.27,1776244759124,0,0,0,,,,0,cancelled
2026-04-15 09:00,ord-000309,buy,74054.90,1776244769824,0,0,0,,,,0,cancelled
2026-04-15 09:00,ord-000310,sell,74058.91,1776244769824,0,0,0,,,,0,cancelled
2026-04-15 09:00,ord-000311,buy,74053.76,1776244774824,0,0,0,,,,0,cancelled
2026-04-15 09:00,ord-000312,sell,74057.77,1776244774824,0,0,0,,,,0,cancelled
2026-04-15 09:00,ord-000313,buy,74050.26,1776244779824,0.00016000,0,0,,,,0,cancelled
2026-04-15 09:00,ord-000314,sell,74054.27,1776244779824,0,0,0,,,,0,cancelled
2026-04-15 09:00,ord-000315,buy,74053.77,1776244784824,0,0,0,,,,0,cancelled
2026-04-15 09:00,ord-000316,sell,74057.78,1776244784824,0,0,0,,,,0,cancelled
2026-04-15 09:00,ord-000317,buy,74071.39,1776244789824,0,0,0,,,,0,cancelled
2026-04-15 09:00,ord-000318,sell,74075.40,1776244789824,0,0,0,,,,0,cancelled
2026-04-15 09:00,ord-000319,buy,74076.33,1776244794826,0,0,0,,,,0,cancelled
2026-04-15 09:00,ord-000320,sell,74080.34,1776244794826,0,0,0,,,,0,cancelled
2026-04-15 09:00,ord-000321,buy,74081.63,1776244799924,0,0,0,,,,0,cancelled
2026-04-15 09:00,ord-000322,sell,74085.64,1776244799924,0,0,0,,,,0,cancelled
2026-04-15 09:00,ord-000323,buy,74074.21,1776244804924,0,0,0,,,,0,cancelled
2026-04-15 09:00,ord-000324,sell,74078.22,1776244804924,0,0,0,,,,0,cancelled
2026-04-15 09:00,ord-000325,buy,74070.98,1776244811324,0,0,0,,,,0,cancelled
2026-04-15 09:00,ord-000326,sell,74074.99,1776244811324,0,0,0,,,,0,cancelled
2026-04-15 09:00,ord-000327,buy,74066.00,1776244816324,0.00120000,0.00114000,0,,,,0,cancelled
2026-04-15 09:00,ord-000328,sell,74070.01,1776244816324,0,0,0,,,,0,cancelled
2026-04-15 09:00,ord-000329,buy,74064.51,1776244838924,0,0,0,,,,0,cancelled
2026-04-15 09:00,ord-000330,sell,74068.52,1776244838924,0,0,0,,,,0,cancelled
2026-04-15 09:00,ord-000331,buy,74061.41,1776244843924,0,0,0,,,,0,cancelled
2026-04-15 09:00,ord-000332,sell,74065.42,1776244843924,0,0,0,,,,0,cancelled
2026-04-15 09:00,ord-000333,buy,74054.49,1776244848924,0,0,0,,,,0,cancelled
2026-04-15 09:00,ord-000334,sell,74058.50,1776244848924,0,0,0,,,,0,cancelled
2026-04-15 09:00,ord-000335,buy,74051.74,1776244853924,0,0,0,,,,0,cancelled
2026-04-15 09:00,ord-000336,sell,74055.75,1776244853924,0.51913000,0,0,,,,0,cancelled
2026-04-15 09:00,ord-000337,buy,74050.00,1776244858924,0.00120000,0,0,,,,0,cancelled
2026-04-15 09:00,ord-000338,sell,74054.01,1776244858924,0,0,0,,,,0,cancelled
2026-04-15 09:00,ord-000339,buy,74061.36,1776244863924,0,0,0,,,,0,cancelled
2026-04-15 09:00,ord-000340,sell,74065.37,1776244863924,0,0,0,,,,0,cancelled
2026-04-15 09:00,ord-000341,buy,74065.39,1776244874424,0,0,0,,,,0,cancelled
2026-04-15 09:00,ord-000342,sell,74069.40,1776244874424,0,0,0,,,,0,cancelled
2026-04-15 09:00,ord-000343,buy,74065.66,1776244879424,0,0,0,,,,0,cancelled
2026-04-15 09:00,ord-000344,sell,74069.67,1776244879424,0,0,0,,,,0,cancelled
2026-04-15 09:00,ord-000345,buy,74069.99,1776244886424,0,0,0,,,,0,cancelled
2026-04-15 09:00,ord-000346,sell,74074.00,1776244886424,0.00120000,0.00120000,0,,,,0,cancelled
2026-04-15 09:00,ord-000347,buy,74073.18,1776244891426,0,0,0,,,,0,cancelled
2026-04-15 09:00,ord-000348,sell,74077.19,1776244891426,0.00156000,0.00156000,0,,,,0,cancelled
2026-04-15 09:00,ord-000349,buy,74077.14,1776244897242,0,0,0,,,,0,cancelled
2026-04-15 09:00,ord-000350,sell,74081.15,1776244897242,0,0,0,,,,0,cancelled
2026-04-15 09:00,ord-000351,buy,74076.51,1776244923224,0,0,0,,,,0,cancelled
2026-04-15 09:00,ord-000352,sell,74080.52,1776244923224,0,0,0,,,,0,cancelled
2026-04-15 09:00,ord-000353,buy,74071.75,1776244928224,0,0,0,,,,0,cancelled
2026-04-15 09:00,ord-000354,sell,74075.76,1776244928224,0,0,0,,,,0,cancelled
2026-04-15 09:00,ord-000355,buy,74070.00,1776244933224,0.00120000,0.00120000,0,,,,0,cancelled
2026-04-15 09:00,ord-000356,sell,74074.01,1776244933224,0,0,0,,,,0,cancelled
2026-04-15 09:00,ord-000357,buy,74053.00,1776244938224,0,0,0,,,,0,cancelled
2026-04-15 09:00,ord-000358,sell,74057.01,1776244938224,0,0,0,,,,0,cancelled
2026-04-15 09:00,ord-000359,buy,74067.98,1776244943224,0,0,0,,,,0,cancelled
2026-04-15 09:00,ord-000360,sell,74071.99,1776244943224,0.00023000,0.00007000,0,,,,0,cancelled
2026-04-15 09:00,ord-000361,buy,74076.39,1776244949024,0,0,0,,,,0,cancelled
2026-04-15 09:00,ord-000362,sell,74080.40,1776244949024,0,0,0,,,,0,cancelled
2026-04-15 09:00,ord-000363,buy,74079.41,1776244954025,0,0,0,,,,0,cancelled
2026-04-15 09:00,ord-000364,sell,74083.42,1776244954025,0,0,0,,,,0,cancelled
2026-04-15 09:00,ord-000365,buy,74068.17,1776244959124,0,0,0,,,,0,cancelled
2026-04-15 09:00,ord-000366,sell,74072.18,1776244959124,0,0,0,,,,0,cancelled
2026-04-15 09:00,ord-000367,buy,74067.10,1776244972424,0.00235000,0.00235000,0,,,,0,cancelled
2026-04-15 09:00,ord-000368,sell,74071.11,1776244972424,0,0,0,,,,0,cancelled
2026-04-15 09:00,ord-000369,buy,74058.98,1776244977424,0,0,0,,,,0,cancelled
2026-04-15 09:00,ord-000370,sell,74062.99,1776244977424,0,0,0,,,,0,cancelled
2026-04-15 09:00,ord-000371,buy,74064.77,1776244984524,0,0,0,,,,0,cancelled
2026-04-15 09:00,ord-000372,sell,74068.78,1776244984524,0,0,0,,,,0,cancelled
2026-04-15 09:00,ord-000373,buy,74069.99,1776244989524,0.12913000,0.00028000,0,,,,0,cancelled
2026-04-15 09:00,ord-000374,sell,74074.00,1776244989524,0.00120000,0,0,,,,0,cancelled
2026-04-15 09:00,ord-000375,buy,74066.56,1776245001324,0,0,0,,,,0,cancelled
2026-04-15 09:00,ord-000376,sell,74070.57,1776245001324,0,0,0,,,,0,cancelled
2026-04-15 09:00,ord-000377,buy,74070.22,1776245019024,0,0,0,,,,0,cancelled
2026-04-15 09:00,ord-000378,sell,74074.23,1776245019024,0,0,0,,,,0,cancelled
2026-04-15 09:00,ord-000379,buy,74075.99,1776245024024,0,0,0,,,,0,cancelled
2026-04-15 09:00,ord-000380,sell,74080.00,1776245024024,0.00120000,0,0,,,,0,cancelled
2026-04-15 09:00,ord-000381,buy,74068.12,1776245040424,0,0,0,,,,0,cancelled
2026-04-15 09:00,ord-000382,sell,74072.13,1776245040424,0,0,0,,,,0,cancelled
2026-04-15 09:00,ord-000383,buy,74059.53,1776245045424,0,0,0,,,,0,cancelled
2026-04-15 09:00,ord-000384,sell,74063.54,1776245045424,0,0,0,,,,0,cancelled
2026-04-15 09:00,ord-000385,buy,74074.81,1776245050424,0,0,0,,,,0,cancelled
2026-04-15 09:00,ord-000386,sell,74078.82,1776245050424,0,0,0,,,,0,cancelled
2026-04-15 09:00,ord-000387,buy,74065.63,1776245066224,0,0,0,,,,0,cancelled
2026-04-15 09:00,ord-000388,sell,74069.64,1776245066224,0,0,0,,,,0,cancelled
2026-04-15 09:00,ord-000389,buy,74056.37,1776245072824,0,0,0,,,,0,cancelled
2026-04-15 09:00,ord-000390,sell,74060.38,1776245072824,0,0,0,,,,0,cancelled
2026-04-15 09:00,ord-000391,buy,74055.37,1776245086124,0,0,0,,,,0,cancelled
2026-04-15 09:00,ord-000392,sell,74059.38,1776245086124,0,0,0,,,,0,cancelled
2026-04-15 09:00,ord-000393,buy,74049.64,1776245091124,0,0,0,,,,0,cancelled
2026-04-15 09:00,ord-000394,sell,74053.65,1776245091124,0,0,0,,,,0,cancelled
2026-04-15 09:00,ord-000395,buy,74045.06,1776245103224,0,0,0,,,,0,cancelled
2026-04-15 09:00,ord-000396,sell,74049.07,1776245103224,0,0,0,,,,0,cancelled
2026-04-15 09:00,ord-000397,buy,74038.00,1776245108224,0.00120000,0.00120000,0,,,,0,cancelled
2026-04-15 09:00,ord-000398,sell,74042.01,1776245108224,0,0,0,,,,0,cancelled
2026-04-15 09:00,ord-000399,buy,74033.04,1776245113224,0,0,0,,,,0,cancelled
2026-04-15 09:00,ord-000400,sell,74037.05,1776245113224,0,0,0,,,,0,cancelled
2026-04-15 09:00,ord-000401,buy,74033.02,1776245118224,0,0,0,,,,0,cancelled
2026-04-15 09:00,ord-000402,sell,74037.03,1776245118224,0,0,0,,,,0,cancelled
2026-04-15 09:00,ord-000403,buy,74035.88,1776245123224,0,0,0,,,,0,cancelled
2026-04-15 09:00,ord-000404,sell,74039.89,1776245123224,0,0,0,,,,0,cancelled
2026-04-15 09:00,ord-000405,buy,74042.48,1776245134324,0,0,0,,,,0,cancelled
2026-04-15 09:00,ord-000406,sell,74046.49,1776245134324,0,0,0,,,,0,cancelled
2026-04-15 09:00,ord-000407,buy,74030.51,1776245139324,0,0,0,,,,0,cancelled
2026-04-15 09:00,ord-000408,sell,74034.52,1776245139324,0,0,0,,,,0,cancelled
2026-04-15 09:00,ord-000409,buy,74011.85,1776245144324,0,0,0,,,,0,cancelled
2026-04-15 09:00,ord-000410,sell,74015.86,1776245144324,0,0,0,,,,0,cancelled
2026-04-15 09:00,ord-000411,buy,74011.15,1776245149324,0,0,0,,,,0,cancelled
2026-04-15 09:00,ord-000412,sell,74015.16,1776245149324,0,0,0,,,,0,cancelled
2026-04-15 09:00,ord-000413,buy,73999.79,1776245154324,0,0,0,,,,0,cancelled
2026-04-15 09:00,ord-000414,sell,74003.80,1776245154324,0,0,0,,,,0,cancelled
2026-04-15 09:00,ord-000415,buy,74016.67,1776245159324,0,0,0,,,,0,cancelled
2026-04-15 09:00,ord-000416,sell,74020.68,1776245159324,0,0,0,,,,0,cancelled
2026-04-15 09:00,ord-000417,buy,74008.37,1776245164326,0,0,0,,,,0,cancelled
2026-04-15 09:00,ord-000418,sell,74012.38,1776245164326,0,0,0,,,,0,cancelled
2026-04-15 09:00,ord-000419,buy,74000.97,1776245169424,0,0,0,,,,0,cancelled
2026-04-15 09:00,ord-000420,sell,74004.98,1776245169424,0,0,0,,,,0,cancelled
2026-04-15 09:00,ord-000421,buy,73999.60,1776245182524,0,0,0,,,,0,cancelled
2026-04-15 09:00,ord-000422,sell,74003.61,1776245182524,0,0,0,,,,0,cancelled
2026-04-15 09:00,ord-000423,buy,73992.00,1776245187524,0.00120000,0.00120000,0,,,,0,cancelled
2026-04-15 09:00,ord-000424,sell,73996.01,1776245187524,0,0,0,,,,0,cancelled
2026-04-15 09:00,ord-000425,buy,73986.54,1776245192624,0,0,0,,,,0,cancelled
2026-04-15 09:00,ord-000426,sell,73990.55,1776245192624,0,0,0,,,,0,cancelled
2026-04-15 09:00,ord-000427,buy,73961.72,1776245197624,0,0,0,,,,0,cancelled
2026-04-15 09:00,ord-000428,sell,73965.73,1776245197624,0,0,0,,,,0,cancelled
2026-04-15 09:00,ord-000429,buy,73954.32,1776245202624,0,0,0,,,,0,cancelled
2026-04-15 09:00,ord-000430,sell,73958.33,1776245202624,0,0,0,,,,0,cancelled
2026-04-15 09:00,ord-000431,buy,73956.13,1776245207624,0,0,0,,,,0,cancelled
2026-04-15 09:00,ord-000432,sell,73960.14,1776245207624,0,0,0,,,,0,cancelled
2026-04-15 09:00,ord-000433,buy,73957.22,1776245212624,0,0,0,,,,0,cancelled
2026-04-15 09:00,ord-000434,sell,73961.23,1776245212624,0,0,0,,,,0,cancelled
2026-04-15 09:00,ord-000435,buy,73957.35,1776245217624,0,0,0,,,,0,cancelled
2026-04-15 09:00,ord-000436,sell,73961.36,1776245217624,0,0,0,,,,0,cancelled
2026-04-15 09:00,ord-000437,buy,73953.59,1776245222624,0,0,0,,,,0,cancelled
2026-04-15 09:00,ord-000438,sell,73957.60,1776245222624,0,0,0,,,,0,cancelled
2026-04-15 09:00,ord-000439,buy,73946.82,1776245227624,0,0,0,,,,0,cancelled
2026-04-15 09:00,ord-000440,sell,73950.83,1776245227624,0,0,0,,,,0,cancelled
2026-04-15 09:00,ord-000441,buy,73949.07,1776245232624,0,0,0,,,,0,cancelled
2026-04-15 09:00,ord-000442,sell,73953.08,1776245232624,0,0,0,,,,0,cancelled
2026-04-15 09:00,ord-000443,buy,73946.82,1776245237624,0,0,0,,,,0,cancelled
2026-04-15 09:00,ord-000444,sell,73950.83,1776245237624,0,0,0,,,,0,cancelled
2026-04-15 09:00,ord-000445,buy,73940.65,1776245256424,0,0,0,,,,0,cancelled
2026-04-15 09:00,ord-000446,sell,73944.66,1776245256424,0,0,0,,,,0,cancelled
2026-04-15 09:00,ord-000447,buy,73943.70,1776245261424,0,0,0,,,,0,cancelled
2026-04-15 09:00,ord-000448,sell,73947.71,1776245261424,0,0,0,,,,0,cancelled
2026-04-15 09:00,ord-000449,buy,73955.56,1776245266424,0,0,0,,,,0,cancelled
2026-04-15 09:00,ord-000450,sell,73959.57,1776245266424,0,0,0,,,,0,cancelled
2026-04-15 09:00,ord-000451,buy,73969.83,1776245271424,0,0,0,,,,0,cancelled
2026-04-15 09:00,ord-000452,sell,73973.84,1776245271424,0,0,0,,,,0,cancelled
2026-04-15 09:00,ord-000453,buy,73967.99,1776245286124,0,0,0,,,,0,cancelled
2026-04-15 09:00,ord-000454,sell,73972.00,1776245286124,0.00120000,0,0,,,,0,cancelled
2026-04-15 09:00,ord-000455,buy,73964.00,1776245291124,0.00087000,0,0,,,,0,cancelled
2026-04-15 09:00,ord-000456,sell,73968.01,1776245291124,0,0,0,,,,0,cancelled
2026-04-15 09:00,ord-000457,buy,73973.75,1776245298124,0,0,0,,,,0,cancelled
2026-04-15 09:00,ord-000458,sell,73977.76,1776245298124,1.54164000,0,0,,,,0,cancelled
2026-04-15 09:00,ord-000459,buy,73931.35,1776245303124,0.00007000,0.00007000,0,1776245304165,0.00007000,0.00000000,0.00007000,cancelled
2026-04-15 09:00,ord-000460,sell,73935.36,1776245303124,0,0,0,,,,0,cancelled
2026-04-15 09:00,ord-000461,buy,73928.97,1776245308124,0,0,0,,,,0,cancelled
2026-04-15 09:00,ord-000462,sell,73932.98,1776245308124,0,0,0,,,,0,cancelled
2026-04-15 09:00,ord-000463,buy,73933.34,1776245339224,0,0,0,,,,0,cancelled
2026-04-15 09:00,ord-000464,sell,73937.35,1776245339224,0,0,0,,,,0,cancelled
2026-04-15 09:00,ord-000465,buy,73941.53,1776245344224,0,0,0,,,,0,cancelled
2026-04-15 09:00,ord-000466,sell,73945.54,1776245344224,0,0,0,,,,0,cancelled
2026-04-15 09:00,ord-000467,buy,73946.82,1776245349224,0,0,0,,,,0,cancelled
2026-04-15 09:00,ord-000468,sell,73950.83,1776245349224,0,0,0,,,,0,cancelled
2026-04-15 09:00,ord-000469,buy,73940.00,1776245354224,0.00127000,0,0,,,,0,cancelled
2026-04-15 09:00,ord-000470,sell,73944.01,1776245354224,0,0,0,,,,0,cancelled
2026-04-15 09:00,ord-000471,buy,73952.59,1776245361724,0,0,0,,,,0,cancelled
2026-04-15 09:00,ord-000472,sell,73956.60,1776245361724,0,0,0,,,,0,cancelled
2026-04-15 09:00,ord-000473,buy,73955.34,1776245366724,0,0,0,,,,0,cancelled
2026-04-15 09:00,ord-000474,sell,73959.35,1776245366724,0,0,0,1776245421565,0,0,0.00014000,cancelled
2026-04-15 09:00,ord-000475,buy,73961.00,1776245421624,0,0,0,,,,0,cancelled
2026-04-15 09:00,ord-000476,sell,73965.01,1776245421624,0,0,0,,,,0,cancelled
2026-04-15 09:00,ord-000477,buy,73973.48,1776245426624,0,0,0,,,,0,cancelled
2026-04-15 09:00,ord-000478,sell,73977.49,1776245426624,0,0,0,,,,0,cancelled
2026-04-15 09:00,ord-000479,buy,73966.08,1776245439024,0,0,0,,,,0,cancelled
2026-04-15 09:00,ord-000480,sell,73970.09,1776245439024,0,0,0,,,,0,cancelled
2026-04-15 09:00,ord-000481,buy,73960.74,1776245444024,0,0,0,,,,0,cancelled
2026-04-15 09:00,ord-000482,sell,73964.75,1776245444024,0,0,0,,,,0,cancelled
2026-04-15 09:00,ord-000483,buy,73963.96,1776245455124,0,0,0,,,,0,cancelled
2026-04-15 09:00,ord-000484,sell,73967.97,1776245455124,0,0,0,,,,0,cancelled
2026-04-15 09:00,ord-000485,buy,73971.99,1776245463524,0,0,0,,,,0,cancelled
2026-04-15 09:00,ord-000486,sell,73976.00,1776245463524,0.00120000,0,0,,,,0,cancelled
2026-04-15 09:00,ord-000487,buy,73973.48,1776245488124,0,0,0,,,,0,cancelled
2026-04-15 09:00,ord-000488,sell,73977.49,1776245488124,0,0,0,,,,0,cancelled
2026-04-15 09:00,ord-000489,buy,73973.46,1776245498324,0,0,0,,,,0,cancelled
2026-04-15 09:00,ord-000490,sell,73977.47,1776245498324,0,0,0,,,,0,cancelled
2026-04-15 09:00,ord-000491,buy,73978.53,1776245530324,0,0,0,,,,0,cancelled
2026-04-15 09:00,ord-000492,sell,73982.54,1776245530324,0,0,0,,,,0,cancelled
2026-04-15 09:00,ord-000493,buy,73973.47,1776245541924,0,0,0,,,,0,cancelled
2026-04-15 09:00,ord-000494,sell,73977.48,1776245541924,0,0,0,,,,0,cancelled
2026-04-15 09:00,ord-000495,buy,73977.28,1776245581424,0,0,0,,,,0,cancelled
2026-04-15 09:00,ord-000496,sell,73981.29,1776245581424,0,0,0,,,,0,cancelled
2026-04-15 09:00,ord-000497,buy,73978.09,1776245586424,0,0,0,,,,0,cancelled
2026-04-15 09:00,ord-000498,sell,73982.10,1776245586424,0,0,0,,,,0,cancelled
2026-04-15 09:00,ord-000499,buy,73983.74,1776245591424,0,0,0,,,,0,cancelled
2026-04-15 09:00,ord-000500,sell,73987.75,1776245591424,0,0,0,,,,0,cancelled
2026-04-15 09:00,ord-000501,buy,73994.39,1776245599238,0,0,0,,,,0,cancelled
2026-04-15 09:00,ord-000502,sell,73998.40,1776245599238,0,0,0,,,,0,cancelled
2026-04-15 09:00,ord-000503,buy,73997.99,1776245622324,0,0,0,,,,0,cancelled
2026-04-15 09:00,ord-000504,sell,74002.00,1776245622324,0.00120000,0.00120000,0,,,,0,cancelled
2026-04-15 09:00,ord-000505,buy,74002.80,1776245627324,0,0,0,,,,0,cancelled
2026-04-15 09:00,ord-000506,sell,74006.81,1776245627324,0,0,0,,,,0,cancelled
2026-04-15 09:00,ord-000507,buy,74001.70,1776245641224,0,0,0,,,,0,cancelled
2026-04-15 09:00,ord-000508,sell,74005.71,1776245641224,0,0,0,,,,0,cancelled
2026-04-15 09:00,ord-000509,buy,73994.81,1776245646224,0,0,0,,,,0,cancelled
2026-04-15 09:00,ord-000510,sell,73998.82,1776245646224,0,0,0,,,,0,cancelled
2026-04-15 09:00,ord-000511,buy,73984.37,1776245651225,0,0,0,,,,0,cancelled
2026-04-15 09:00,ord-000512,sell,73988.38,1776245651225,0,0,0,,,,0,cancelled
2026-04-15 09:00,ord-000513,buy,73973.74,1776245656324,0,0,0,,,,0,cancelled
2026-04-15 09:00,ord-000514,sell,73977.75,1776245656324,0,0,0,,,,0,cancelled
2026-04-15 09:00,ord-000515,buy,73973.47,1776245668724,0,0,0,,,,0,cancelled
2026-04-15 09:00,ord-000516,sell,73977.48,1776245668724,0,0,0,,,,0,cancelled
2026-04-15 09:00,ord-000517,buy,73964.92,1776245673724,0,0,0,,,,0,cancelled
2026-04-15 09:00,ord-000518,sell,73968.93,1776245673724,0.03606000,0,0,,,,0,cancelled
2026-04-15 09:00,ord-000519,buy,73950.12,1776245678724,0,0,0,,,,0,cancelled
2026-04-15 09:00,ord-000520,sell,73954.13,1776245678724,0,0,0,,,,0,cancelled
2026-04-15 09:00,ord-000521,buy,73942.01,1776245683724,0.03338000,0.00007000,0,,,,0,cancelled
2026-04-15 09:00,ord-000522,sell,73946.02,1776245683724,0.00007000,0,0,,,,0,cancelled
2026-04-15 09:00,ord-000523,buy,73936.08,1776245691424,0,0,0,,,,0,cancelled
2026-04-15 09:00,ord-000524,sell,73940.09,1776245691424,0,0,0,,,,0,cancelled
2026-04-15 09:00,ord-000525,buy,73934.89,1776245696424,0,0,0,,,,0,cancelled
2026-04-15 09:00,ord-000526,sell,73938.90,1776245696424,0,0,0,,,,0,cancelled
2026-04-15 09:00,ord-000527,buy,73928.97,1776245701424,0,0,0,,,,0,cancelled
2026-04-15 09:00,ord-000528,sell,73932.98,1776245701424,0,0,0,,,,0,cancelled
2026-04-15 09:00,ord-000529,buy,73930.27,1776245726624,0,0,0,,,,0,cancelled
2026-04-15 09:00,ord-000530,sell,73934.28,1776245726624,0,0,0,,,,0,cancelled
2026-04-15 09:00,ord-000531,buy,73935.66,1776245744824,0,0,0,,,,0,cancelled
2026-04-15 09:00,ord-000532,sell,73939.67,1776245744824,0,0,0,,,,0,cancelled
2026-04-15 09:00,ord-000533,buy,73928.97,1776245761324,0,0,0,,,,0,cancelled
2026-04-15 09:00,ord-000534,sell,73932.98,1776245761324,0,0,0,,,,0,cancelled
2026-04-15 09:00,ord-000535,buy,73930.12,1776245769624,0,0,0,,,,0,cancelled
2026-04-15 09:00,ord-000536,sell,73934.13,1776245769624,0,0,0,,,,0,cancelled
2026-04-15 09:00,ord-000537,buy,73936.37,1776245774624,0,0,0,,,,0,cancelled
2026-04-15 09:00,ord-000538,sell,73940.38,1776245774624,0,0,0,,,,0,cancelled
2026-04-15 09:00,ord-000539,buy,73939.44,1776245781424,0,0,0,,,,0,cancelled
2026-04-15 09:00,ord-000540,sell,73943.45,1776245781424,0,0,0,,,,0,cancelled
2026-04-15 09:00,ord-000541,buy,73939.45,1776245808624,0,0,0,,,,0,cancelled
2026-04-15 09:00,ord-000542,sell,73943.46,1776245808624,0,0,0,,,,0,cancelled
2026-04-15 09:00,ord-000543,buy,73939.44,1776245827924,0,0,0,,,,0,cancelled
2026-04-15 09:00,ord-000544,sell,73943.45,1776245827924,0,0,0,,,,0,cancelled
2026-04-15 09:00,ord-000545,buy,73942.19,1776245842824,0,0,0,,,,0,cancelled
2026-04-15 09:00,ord-000546,sell,73946.20,1776245842824,0,0,0,,,,0,cancelled
2026-04-15 09:00,ord-000547,buy,73963.74,1776245847824,0,0,0,,,,0,cancelled
2026-04-15 09:00,ord-000548,sell,73967.75,1776245847824,0,0,0,,,,0,cancelled
2026-04-15 09:00,ord-000549,buy,73964.83,1776245852824,0,0,0,,,,0,cancelled
2026-04-15 09:00,ord-000550,sell,73968.84,1776245852824,0,0,0,,,,0,cancelled
2026-04-15 09:00,ord-000551,buy,73980.92,1776245857824,0,0,0,,,,0,cancelled
2026-04-15 09:00,ord-000552,sell,73984.93,1776245857824,0,0,0,,,,0,cancelled
2026-04-15 09:00,ord-000553,buy,73974.68,1776245869124,0,0,0,,,,0,cancelled
2026-04-15 09:00,ord-000554,sell,73978.69,1776245869124,0,0,0,,,,0,cancelled
2026-04-15 09:00,ord-000555,buy,73955.30,1776245874124,0,0,0,,,,0,cancelled
2026-04-15 09:00,ord-000556,sell,73959.31,1776245874124,0,0,0,,,,0,cancelled
2026-04-15 09:00,ord-000557,buy,73945.06,1776245879124,0,0,0,,,,0,cancelled
2026-04-15 09:00,ord-000558,sell,73949.07,1776245879124,0,0,0,,,,0,cancelled
2026-04-15 09:00,ord-000559,buy,73953.99,1776245884124,0,0,0,,,,0,cancelled
2026-04-15 09:00,ord-000560,sell,73958.00,1776245884124,0.00120000,0.00120000,0,,,,0,cancelled
2026-04-15 09:00,ord-000561,buy,73969.79,1776245889124,0,0,0,,,,0,cancelled
2026-04-15 09:00,ord-000562,sell,73973.80,1776245889124,0,0,0,,,,0,cancelled
2026-04-15 09:00,ord-000563,buy,73982.88,1776245894124,0,0,0,,,,0,cancelled
2026-04-15 09:00,ord-000564,sell,73986.89,1776245894124,0,0,0,,,,0,cancelled
2026-04-15 09:00,ord-000565,buy,73983.48,1776245899124,0,0,0,,,,0,cancelled
2026-04-15 09:00,ord-000566,sell,73987.49,1776245899124,0,0,0,,,,0,cancelled
2026-04-15 09:00,ord-000567,buy,73986.75,1776245904124,0,0,0,,,,0,cancelled
2026-04-15 09:00,ord-000568,sell,73990.76,1776245904124,0,0,0,,,,0,cancelled
2026-04-15 09:00,ord-000569,buy,73982.08,1776245922824,0,0,0,,,,0,cancelled
2026-04-15 09:00,ord-000570,sell,73986.09,1776245922824,0,0,0,,,,0,cancelled
2026-04-15 09:00,ord-000571,buy,73978.54,1776245927824,0,0,0,,,,0,cancelled
2026-04-15 09:00,ord-000572,sell,73982.55,1776245927824,0,0,0,,,,0,cancelled
2026-04-15 09:00,ord-000573,buy,73968.45,1776245932824,0,0,0,,,,0,cancelled
2026-04-15 09:00,ord-000574,sell,73972.46,1776245932824,0,0,0,,,,0,cancelled
2026-04-15 09:00,ord-000575,buy,73966.85,1776245975724,0,0,0,,,,0,cancelled
2026-04-15 09:00,ord-000576,sell,73970.86,1776245975724,0,0,0,,,,0,cancelled
2026-04-15 09:00,ord-000577,buy,73953.20,1776245980724,0,0,0,,,,0,cancelled
2026-04-15 09:00,ord-000578,sell,73957.21,1776245980724,0,0,0,,,,0,cancelled
2026-04-15 09:00,ord-000579,buy,73929.27,1776245985724,0,0,0,,,,0,cancelled
2026-04-15 09:00,ord-000580,sell,73933.28,1776245985724,0,0,0,,,,0,cancelled
2026-04-15 09:00,ord-000581,buy,73928.97,1776245994724,0,0,0,,,,0,cancelled
2026-04-15 09:00,ord-000582,sell,73932.98,1776245994724,0,0,0,,,,0,cancelled
2026-04-15 09:00,ord-000583,buy,73914.04,1776246003229,0,0,0,,,,0,cancelled
2026-04-15 09:00,ord-000584,sell,73918.05,1776246003229,0,0,0,,,,0,cancelled
2026-04-15 09:00,ord-000585,buy,73920.25,1776246008324,0,0,0,,,,0,cancelled
2026-04-15 09:00,ord-000586,sell,73924.26,1776246008324,0,0,0,,,,0,cancelled
2026-04-15 09:00,ord-000587,buy,73915.97,1776246013324,0,0,0,,,,0,cancelled
2026-04-15 09:00,ord-000588,sell,73919.98,1776246013324,0,0,0,,,,0,cancelled
2026-04-15 09:00,ord-000589,buy,73919.19,1776246018324,0,0,0,,,,0,cancelled
2026-04-15 09:00,ord-000590,sell,73923.20,1776246018324,0,0,0,,,,0,cancelled
2026-04-15 09:00,ord-000591,buy,73907.49,1776246023324,0,0,0,,,,0,cancelled
2026-04-15 09:00,ord-000592,sell,73911.50,1776246023324,0,0,0,,,,0,cancelled
2026-04-15 09:00,ord-000593,buy,73909.99,1776246029824,0,0,0,,,,0,cancelled
2026-04-15 09:00,ord-000594,sell,73914.00,1776246029824,0.00040000,0.00040000,0,,,,0,cancelled
2026-04-15 09:00,ord-000595,buy,73917.07,1776246046224,0,0,0,,,,0,cancelled
2026-04-15 09:00,ord-000596,sell,73921.08,1776246046224,0,0,0,,,,0,cancelled
2026-04-15 09:00,ord-000597,buy,73917.06,1776246051224,0,0,0,,,,0,cancelled
2026-04-15 09:00,ord-000598,sell,73921.07,1776246051224,0,0,0,,,,0,cancelled
2026-04-15 09:00,ord-000599,buy,73928.39,1776246060924,0,0,0,,,,0,cancelled
2026-04-15 09:00,ord-000600,sell,73932.40,1776246060924,0,0,0,,,,0,cancelled
2026-04-15 09:00,ord-000601,buy,73937.99,1776246065924,0,0,0,,,,0,cancelled
2026-04-15 09:00,ord-000602,sell,73942.00,1776246065924,0,0,0,,,,0,cancelled
2026-04-15 09:00,ord-000603,buy,73946.82,1776246111424,0,0,0,,,,0,cancelled
2026-04-15 09:00,ord-000604,sell,73950.83,1776246111424,0,0,0,,,,0,cancelled
2026-04-15 09:00,ord-000605,buy,73964.53,1776246116424,0,0,0,,,,0,cancelled
2026-04-15 09:00,ord-000606,sell,73968.54,1776246116424,0,0,0,,,,0,cancelled
2026-04-15 09:00,ord-000607,buy,73967.27,1776246167024,0,0,0,,,,0,cancelled
2026-04-15 09:00,ord-000608,sell,73971.28,1776246167024,0,0,0,,,,0,cancelled
2026-04-15 09:00,ord-000609,buy,73968.45,1776246172024,0.12084000,0,0,,,,0,cancelled
2026-04-15 09:00,ord-000610,sell,73972.46,1776246172024,0,0,0,,,,0,cancelled
2026-04-15 09:00,ord-000611,buy,73979.33,1776246177024,0,0,0,,,,0,cancelled
2026-04-15 09:00,ord-000612,sell,73983.34,1776246177024,0,0,0,,,,0,cancelled
2026-04-15 09:00,ord-000613,buy,73983.80,1776246182024,0,0,0,,,,0,cancelled
2026-04-15 09:00,ord-000614,sell,73987.81,1776246182024,0,0,0,,,,0,cancelled
2026-04-15 09:00,ord-000615,buy,73979.33,1776246187924,0,0,0,,,,0,cancelled
2026-04-15 09:00,ord-000616,sell,73983.34,1776246187924,0,0,0,,,,0,cancelled
2026-04-15 09:00,ord-000617,buy,73972.12,1776246192924,0,0,0,,,,0,cancelled
2026-04-15 09:00,ord-000618,sell,73976.13,1776246192924,0,0,0,,,,0,cancelled
2026-04-15 09:00,ord-000619,buy,73965.10,1776246197924,0,0,0,,,,0,cancelled
2026-04-15 09:00,ord-000620,sell,73969.11,1776246197924,0,0,0,,,,0,cancelled
2026-04-15 09:00,ord-000621,buy,73965.09,1776246213224,0,0,0,,,,0,cancelled
2026-04-15 09:00,ord-000622,sell,73969.10,1776246213224,0,0,0,,,,0,cancelled
2026-04-15 09:00,ord-000623,buy,73973.94,1776246236824,0,0,0,,,,0,cancelled
2026-04-15 09:00,ord-000624,sell,73977.95,1776246236824,0,0,0,,,,0,cancelled
2026-04-15 09:00,ord-000625,buy,73967.55,1776246241824,0,0,0,,,,0,cancelled
2026-04-15 09:00,ord-000626,sell,73971.56,1776246241824,0,0,0,,,,0,cancelled
2026-04-15 09:00,ord-000627,buy,73966.44,1776246246825,0,0,0,,,,0,cancelled
2026-04-15 09:00,ord-000628,sell,73970.45,1776246246825,0,0,0,,,,0,cancelled
2026-04-15 09:00,ord-000629,buy,73965.09,1776246251925,0,0,0,,,,0,cancelled
2026-04-15 09:00,ord-000630,sell,73969.10,1776246251925,0,0,0,,,,0,cancelled
2026-04-15 09:00,ord-000631,buy,73957.74,1776246257024,0,0,0,,,,0,cancelled
2026-04-15 09:00,ord-000632,sell,73961.75,1776246257024,0,0,0,1776246257498,0,0,0.00007000,cancelled
2026-04-15 09:00,ord-000633,buy,73964.00,1776246262024,0,0,0,,,,0,cancelled
2026-04-15 09:00,ord-000634,sell,73968.01,1776246262024,0.11769000,0,0,,,,0,cancelled
2026-04-15 09:00,ord-000635,buy,73963.59,1776246300524,0,0,0,,,,0,cancelled
2026-04-15 09:00,ord-000636,sell,73967.60,1776246300524,0,0,0,,,,0,cancelled
2026-04-15 09:00,ord-000637,buy,73953.00,1776246305524,0,0,0,,,,0,cancelled
2026-04-15 09:00,ord-000638,sell,73957.01,1776246305524,0,0,0,,,,0,cancelled
2026-04-15 09:00,ord-000639,buy,73954.07,1776246311024,0,0,0,,,,0,cancelled
2026-04-15 09:00,ord-000640,sell,73958.08,1776246311024,0,0,0,,,,0,cancelled
2026-04-15 09:00,ord-000641,buy,73958.42,1776246338324,0,0,0,,,,0,cancelled
2026-04-15 09:00,ord-000642,sell,73962.43,1776246338324,0,0,0,,,,0,cancelled
2026-04-15 09:00,ord-000643,buy,73961.76,1776246386824,0,0,0,,,,0,cancelled
2026-04-15 09:00,ord-000644,sell,73965.77,1776246386824,0,0,0,,,,0,cancelled
2026-04-15 09:00,ord-000645,buy,73977.69,1776246391824,0,0,0,,,,0,cancelled
2026-04-15 09:00,ord-000646,sell,73981.70,1776246391824,0,0,0,,,,0,cancelled
2026-04-15 09:00,ord-000647,buy,73966.65,1776246396824,0,0,0,,,,0,cancelled
2026-04-15 09:00,ord-000648,sell,73970.66,1776246396824,0,0,0,,,,0,cancelled
2026-04-15 09:00,ord-000649,buy,73962.01,1776246401824,0,0,0,,,,0,cancelled
2026-04-15 09:00,ord-000650,sell,73966.02,1776246401824,0,0,0,,,,0,cancelled
2026-04-15 09:00,ord-000651,buy,73960.00,1776246414424,0.00120000,0,0,,,,0,cancelled
2026-04-15 09:00,ord-000652,sell,73964.01,1776246414424,0.90045000,0.00015000,0,,,,0,cancelled
2026-04-15 09:00,ord-000653,buy,73962.01,1776246419424,0.00662000,0,0,,,,0,cancelled
2026-04-15 09:00,ord-000654,sell,73966.02,1776246419424,0,0,0,,,,0,cancelled
2026-04-15 09:00,ord-000655,buy,73964.95,1776246424424,0,0,0,,,,0,cancelled
2026-04-15 09:00,ord-000656,sell,73968.96,1776246424424,0,0,0,,,,0,cancelled
2026-04-15 09:00,ord-000657,buy,73960.10,1776246429424,0,0,0,,,,0,cancelled
2026-04-15 09:00,ord-000658,sell,73964.11,1776246429424,0,0,0,,,,0,cancelled
2026-04-15 09:00,ord-000659,buy,73958.42,1776246434424,0,0,0,,,,0,cancelled
2026-04-15 09:00,ord-000660,sell,73962.43,1776246434424,0.00008000,0,0,,,,0,cancelled
2026-04-15 09:00,ord-000661,buy,73937.72,1776246439424,0,0,0,,,,0,cancelled
2026-04-15 09:00,ord-000662,sell,73941.73,1776246439424,0,0,0,,,,0,cancelled
2026-04-15 09:00,ord-000663,buy,73931.20,1776246448324,0,0,0,,,,0,cancelled
2026-04-15 09:00,ord-000664,sell,73935.21,1776246448324,0,0,0,,,,0,cancelled
2026-04-15 09:00,ord-000665,buy,73932.99,1776246516024,0,0,0,,,,0,cancelled
2026-04-15 09:00,ord-000666,sell,73937.00,1776246516024,0,0,0,,,,0,cancelled
2026-04-15 09:00,ord-000667,buy,73946.82,1776246521024,0,0,0,,,,0,cancelled
2026-04-15 09:00,ord-000668,sell,73950.83,1776246521024,0,0,0,,,,0,cancelled
2026-04-15 09:00,ord-000669,buy,73942.42,1776246584924,0,0,0,,,,0,cancelled
2026-04-15 09:00,ord-000670,sell,73946.43,1776246584924,0,0,0,,,,0,cancelled
2026-04-15 09:00,ord-000671,buy,73942.34,1776246589924,0,0,0,,,,0,cancelled
2026-04-15 09:00,ord-000672,sell,73946.35,1776246589924,0,0,0,,,,0,cancelled
2026-04-15 09:00,ord-000673,buy,73946.82,1776246594924,0,0,0,,,,0,cancelled
2026-04-15 09:00,ord-000674,sell,73950.83,1776246594924,0,0,0,,,,0,cancelled
2026-04-15 09:00,ord-000675,buy,73953.99,1776246605624,0,0,0,,,,0,cancelled
2026-04-15 09:00,ord-000676,sell,73958.00,1776246605624,0.00120000,0.00120000,0,,,,0,cancelled
2026-04-15 09:00,ord-000677,buy,73958.01,1776246610624,0,0,0,,,,0,cancelled
2026-04-15 09:00,ord-000678,sell,73962.02,1776246610624,0,0,0,,,,0,cancelled
2026-04-15 09:00,ord-000679,buy,73961.30,1776246632924,0,0,0,,,,0,cancelled
2026-04-15 09:00,ord-000680,sell,73965.31,1776246632924,0.01656000,0,0,,,,0,cancelled
2026-04-15 09:00,ord-000681,buy,73969.67,1776246637924,0,0,0,,,,0,cancelled
2026-04-15 09:00,ord-000682,sell,73973.68,1776246637924,0,0,0,,,,0,cancelled
2026-04-15 09:00,ord-000683,buy,73966.06,1776246677624,0,0,0,,,,0,cancelled
2026-04-15 09:00,ord-000684,sell,73970.07,1776246677624,0,0,0,,,,0,cancelled
2026-04-15 09:00,ord-000685,buy,73961.42,1776246682626,0,0,0,,,,0,cancelled
2026-04-15 09:00,ord-000686,sell,73965.43,1776246682626,0,0,0,,,,0,cancelled
2026-04-15 09:00,ord-000687,buy,73959.57,1776246691124,0,0,0,,,,0,cancelled
2026-04-15 09:00,ord-000688,sell,73963.58,1776246691124,0,0,0,,,,0,cancelled
2026-04-15 09:00,ord-000689,buy,73960.23,1776246706724,0,0,0,,,,0,cancelled
2026-04-15 09:00,ord-000690,sell,73964.24,1776246706724,0,0,0,,,,0,cancelled
2026-04-15 09:00,ord-000691,buy,73967.15,1776246711724,0,0,0,,,,0,cancelled
2026-04-15 09:00,ord-000692,sell,73971.16,1776246711724,0,0,0,,,,0,cancelled
2026-04-15 09:00,ord-000693,buy,73968.57,1776246727324,0,0,0,,,,0,cancelled
2026-04-15 09:00,ord-000694,sell,73972.58,1776246727324,0,0,0,,,,0,cancelled
2026-04-15 09:00,ord-000695,buy,73969.32,1776246732324,0,0,0,,,,0,cancelled
2026-04-15 09:00,ord-000696,sell,73973.33,1776246732324,0,0,0,,,,0,cancelled
2026-04-15 09:00,ord-000697,buy,73967.15,1776246737324,0.00010000,0,0,,,,0,cancelled
2026-04-15 09:00,ord-000698,sell,73971.16,1776246737324,0,0,0,,,,0,cancelled
2026-04-15 09:00,ord-000699,buy,73958.01,1776246753224,0,0,0,,,,0,cancelled
2026-04-15 09:00,ord-000700,sell,73962.02,1776246753224,0.00008000,0,0,,,,0,cancelled
2026-04-15 09:00,ord-000701,buy,73948.62,1776246777624,0,0,0,,,,0,cancelled
2026-04-15 09:00,ord-000702,sell,73952.63,1776246777624,0,0,0,,,,0,cancelled
2026-04-15 09:00,ord-000703,buy,73937.59,1776246782624,0,0,0,,,,0,cancelled
2026-04-15 09:00,ord-000704,sell,73941.60,1776246782624,0,0,0,,,,0,cancelled
2026-04-15 09:00,ord-000705,buy,73923.03,1776246787624,0,0,0,,,,0,cancelled
2026-04-15 09:00,ord-000706,sell,73927.04,1776246787624,0,0,0,,,,0,cancelled
2026-04-15 09:00,ord-000707,buy,73924.53,1776246797124,0.20212000,0,0,,,,0,cancelled
2026-04-15 09:00,ord-000708,sell,73928.54,1776246797124,0,0,0,,,,0,cancelled
2026-04-15 09:00,ord-000709,buy,73933.99,1776246802124,0.03094000,0,0,,,,0,cancelled
2026-04-15 09:00,ord-000710,sell,73938.00,1776246802124,0.00120000,0.00120000,0,,,,0,cancelled
2026-04-15 09:00,ord-000711,buy,73937.23,1776246807124,0,0,0,,,,0,cancelled
2026-04-15 09:00,ord-000712,sell,73941.24,1776246807124,0,0,0,,,,0,cancelled
2026-04-15 09:00,ord-000713,buy,73943.25,1776246838024,0,0,0,,,,0,cancelled
2026-04-15 09:00,ord-000714,sell,73947.26,1776246838024,0.00238000,0.00238000,0,,,,0,cancelled
2026-04-15 09:00,ord-000715,buy,73946.82,1776246860124,0,0,0,,,,0,cancelled
2026-04-15 09:00,ord-000716,sell,73950.83,1776246860124,0,0,0,,,,0,cancelled
2026-04-15 09:00,ord-000717,buy,73952.93,1776246865124,0,0,0,,,,0,cancelled
2026-04-15 09:00,ord-000718,sell,73956.94,1776246865124,0,0,0,,,,0,cancelled
2026-04-15 09:00,ord-000719,buy,73957.15,1776246872324,0,0,0,,,,0,cancelled
2026-04-15 09:00,ord-000720,sell,73961.16,1776246872324,0,0,0,,,,0,cancelled
2026-04-15 09:00,ord-000721,buy,73963.29,1776246877324,0,0,0,,,,0,cancelled
2026-04-15 09:00,ord-000722,sell,73967.30,1776246877324,0,0,0,,,,0,cancelled
2026-04-15 09:00,ord-000723,buy,73965.99,1776246891424,0.07999000,0,0,,,,0,cancelled
2026-04-15 09:00,ord-000724,sell,73970.00,1776246891424,0.00120000,0,0,,,,0,cancelled
2026-04-15 09:00,ord-000725,buy,73967.31,1776246896424,0,0,0,,,,0,cancelled
2026-04-15 09:00,ord-000726,sell,73971.32,1776246896424,0,0,0,1776246940940,0,0,0.00007000,cancelled
2026-04-15 09:00,ord-000727,buy,73969.66,1776246941024,0,0,0,,,,0,cancelled
2026-04-15 09:00,ord-000728,sell,73973.67,1776246941024,0,0,0,,,,0,cancelled
2026-04-15 09:00,ord-000729,buy,73975.13,1776246946025,0,0,0,,,,0,cancelled
2026-04-15 09:00,ord-000730,sell,73979.14,1776246946025,0,0,0,,,,0,cancelled
2026-04-15 09:00,ord-000731,buy,73971.53,1776246962624,0,0,0,,,,0,cancelled
2026-04-15 09:00,ord-000732,sell,73975.54,1776246962624,0,0,0,,,,0,cancelled
2026-04-15 09:00,ord-000733,buy,73971.46,1776246972224,0,0,0,,,,0,cancelled
2026-04-15 09:00,ord-000734,sell,73975.47,1776246972224,0,0,0,,,,0,cancelled
2026-04-15 09:00,ord-000735,buy,73963.51,1776246977224,0,0,0,,,,0,cancelled
2026-04-15 09:00,ord-000736,sell,73967.52,1776246977224,0,0,0,,,,0,cancelled
2026-04-15 09:00,ord-000737,buy,73965.40,1776246999224,0,0,0,,,,0,cancelled
2026-04-15 09:00,ord-000738,sell,73969.41,1776246999224,0,0,0,,,,0,cancelled
2026-04-15 09:00,ord-000739,buy,73975.13,1776247004224,0,0,0,,,,0,cancelled
2026-04-15 09:00,ord-000740,sell,73979.14,1776247004224,0,0,0,,,,0,cancelled
2026-04-15 09:00,ord-000741,buy,73975.69,1776247016324,0,0,0,,,,0,cancelled
2026-04-15 09:00,ord-000742,sell,73979.70,1776247016324,0.00080000,0.00080000,0,,,,0,cancelled
2026-04-15 09:00,ord-000743,buy,73981.83,1776247041324,0,0,0,,,,0,cancelled
2026-04-15 09:00,ord-000744,sell,73985.84,1776247041324,0.00007000,0,0,,,,0,cancelled
2026-04-15 09:00,ord-000745,buy,73984.70,1776247063424,0,0,0,,,,0,cancelled
2026-04-15 09:00,ord-000746,sell,73988.71,1776247063424,0,0,0,,,,0,cancelled
2026-04-15 09:00,ord-000747,buy,73990.93,1776247068424,0,0,0,,,,0,cancelled
2026-04-15 09:00,ord-000748,sell,73994.94,1776247068424,0,0,0,,,,0,cancelled
2026-04-15 09:00,ord-000749,buy,73990.94,1776247084724,0,0,0,,,,0,cancelled
2026-04-15 09:00,ord-000750,sell,73994.95,1776247084724,0,0,0,,,,0,cancelled
2026-04-15 09:00,ord-000751,buy,73991.87,1776247089724,0,0,0,,,,0,cancelled
2026-04-15 09:00,ord-000752,sell,73995.88,1776247089724,0,0,0,,,,0,cancelled
2026-04-15 09:00,ord-000753,buy,73997.99,1776247099124,0,0,0,,,,0,cancelled
2026-04-15 09:00,ord-000754,sell,74002.00,1776247099124,0.00120000,0.00120000,0,1776247099239,0.00120000,0.00000000,0.001,filled
2026-04-15 09:00,ord-000755,buy,74000.52,1776247099324,0,0,0,,,,0,cancelled
2026-04-15 09:00,ord-000756,sell,74004.53,1776247099324,0,0,0,,,,0,cancelled
2026-04-15 09:00,ord-000757,buy,74005.61,1776247104324,0,0,0,,,,0,cancelled
2026-04-15 09:00,ord-000758,sell,74009.62,1776247104324,0,0,0,,,,0,cancelled
2026-04-15 09:00,ord-000759,buy,74022.27,1776247109741,0,0,0,,,,0,cancelled
2026-04-15 09:00,ord-000760,sell,74026.28,1776247109741,0,0,0,,,,0,cancelled
2026-04-15 09:00,ord-000761,buy,74021.03,1776247119524,0,0,0,,,,0,cancelled
2026-04-15 09:00,ord-000762,sell,74025.04,1776247119524,0,0,0,,,,0,cancelled
2026-04-15 09:00,ord-000763,buy,74016.92,1776247181224,0,0,0,,,,0,cancelled
2026-04-15 09:00,ord-000764,sell,74020.93,1776247181224,0,0,0,,,,0,cancelled
2026-04-15 09:00,ord-000765,buy,74013.11,1776247196824,0,0,0,1776247197952,0,0,0.00010000,expired
2026-04-15 09:00,ord-000766,sell,74017.12,1776247196824,0,0,0,,,,0,expired
