session,order_id,side,price,queued_time_ms,initial_queue_ahead,total_trade_queue_drained,total_cancel_queue_drained,first_fill_time_ms,first_queue_ahead_before_trade,first_queue_ahead_before_fill,filled_quantity,final_status
2026-04-14 02:00,ord-000001,buy,74384.02,1776132000324,0,0,0,,,,0,cancelled
2026-04-14 02:00,ord-000002,sell,74388.03,1776132000324,0,0,0,,,,0,cancelled
2026-04-14 02:00,ord-000003,buy,74396.28,1776132005324,0,0,0,,,,0,cancelled
2026-04-14 02:00,ord-000004,sell,74400.29,1776132005324,0,0,0,,,,0,cancelled
2026-04-14 02:00,ord-000005,buy,74395.21,1776132012924,0.00007000,0,0.00007000,,,,0,cancelled
2026-04-14 02:00,ord-000006,sell,74399.22,1776132012924,0,0,0,,,,0,cancelled
2026-04-14 02:00,ord-000007,buy,74370.49,1776132017924,0,0,0,,,,0,cancelled
2026-04-14 02:00,ord-000008,sell,74374.50,1776132017924,0,0,0,,,,0,cancelled
2026-04-14 02:00,ord-000009,buy,74371.76,1776132022924,0,0,0,,,,0,cancelled
2026-04-14 02:00,ord-000010,sell,74375.77,1776132022924,0,0,0,,,,0,cancelled
2026-04-14 02:00,ord-000011,buy,74367.15,1776132027924,0,0,0,,,,0,cancelled
2026-04-14 02:00,ord-000012,sell,74371.16,1776132027924,0,0,0,,,,0,cancelled
2026-04-14 02:00,ord-000013,buy,74381.67,1776132032924,0,0,0,,,,0,cancelled
2026-04-14 02:00,ord-000014,sell,74385.68,1776132032924,0,0,0,,,,0,cancelled
2026-04-14 02:00,ord-000015,buy,74381.08,1776132047724,0,0,0,,,,0,cancelled
2026-04-14 02:00,ord-000016,sell,74385.09,1776132047724,0,0,0,,,,0,cancelled
2026-04-14 02:00,ord-000017,buy,74388.83,1776132052724,0,0,0,,,,0,cancelled
2026-04-14 02:00,ord-000018,sell,74392.84,1776132052724,0,0,0,,,,0,cancelled
2026-04-14 02:00,ord-000019,buy,74372.37,1776132057724,0,0,0,,,,0,cancelled
2026-04-14 02:00,ord-000020,sell,74376.38,1776132057724,0,0,0,,,,0,cancelled
2026-04-14 02:00,ord-000021,buy,74359.45,1776132062724,0,0,0,,,,0,cancelled
2026-04-14 02:00,ord-000022,sell,74363.46,1776132062724,0,0,0,,,,0,cancelled
2026-04-14 02:00,ord-000023,buy,74362.63,1776132067724,0,0,0,,,,0,cancelled
2026-04-14 02:00,ord-000024,sell,74366.64,1776132067724,0,0,0,,,,0,cancelled
2026-04-14 02:00,ord-000025,buy,74367.27,1776132079724,0,0,0,,,,0,cancelled
2026-04-14 02:00,ord-000026,sell,74371.28,1776132079724,0,0,0,,,,0,cancelled
2026-04-14 02:00,ord-000027,buy,74366.00,1776132092724,0.00120000,0,0,,,,0,cancelled
2026-04-14 02:00,ord-000028,sell,74370.01,1776132092724,0,0,0,,,,0,cancelled
2026-04-14 02:00,ord-000029,buy,74370.91,1776132100328,0,0,0,,,,0,cancelled
2026-04-14 02:00,ord-000030,sell,74374.92,1776132100328,0,0,0,,,,0,cancelled
2026-04-14 02:00,ord-000031,buy,74388.99,1776132105424,0,0,0,,,,0,cancelled
2026-04-14 02:00,ord-000032,sell,74393.00,1776132105424,0,0,0,,,,0,cancelled
2026-04-14 02:00,ord-000033,buy,74377.81,1776132110424,0,0,0,,,,0,cancelled
2026-04-14 02:00,ord-000034,sell,74381.82,1776132110424,0,0,0,,,,0,cancelled
2026-04-14 02:00,ord-000035,buy,74368.64,1776132115424,0.00061000,0,0.0006081508721363613775282015604,,,,0,cancelled
2026-04-14 02:00,ord-000036,sell,74372.65,1776132115424,0,0,0,,,,0,cancelled
2026-04-14 02:00,ord-000037,buy,74371.05,1776132120424,0,0,0,,,,0,cancelled
2026-04-14 02:00,ord-000038,sell,74375.06,1776132120424,0,0,0,,,,0,cancelled
2026-04-14 02:00,ord-000039,buy,74357.99,1776132134324,0,0,0,,,,0,cancelled
2026-04-14 02:00,ord-000040,sell,74362.00,1776132134324,0,0,0,,,,0,cancelled
2026-04-14 02:00,ord-000041,buy,74369.04,1776132149924,0,0,0,,,,0,cancelled
2026-04-14 02:00,ord-000042,sell,74373.05,1776132149924,0,0,0,1776132151715,0,0,0.00007000,cancelled
2026-04-14 02:00,ord-000043,buy,74379.38,1776132154924,0,0,0,,,,0,cancelled
2026-04-14 02:00,ord-000044,sell,74383.39,1776132154924,0,0,0,,,,0,cancelled
2026-04-14 02:00,ord-000045,buy,74387.79,1776132161924,0,0,0,,,,0,cancelled
2026-04-14 02:00,ord-000046,sell,74391.80,1776132161924,0,0,0,,,,0,cancelled
2026-04-14 02:00,ord-000047,buy,74382.07,1776132166924,0,0,0,,,,0,cancelled
2026-04-14 02:00,ord-000048,sell,74386.08,1776132166924,0,0,0,,,,0,cancelled
2026-04-14 02:00,ord-000049,buy,74387.81,1776132171924,0,0,0,,,,0,cancelled
2026-04-14 02:00,ord-000050,sell,74391.82,1776132171924,0,0,0,,,,0,cancelled
2026-04-14 02:00,ord-000051,buy,74415.83,1776132176924,0,0,0,,,,0,cancelled
2026-04-14 02:00,ord-000052,sell,74419.84,1776132176924,0,0,0,,,,0,cancelled
2026-04-14 02:00,ord-000053,buy,74422.17,1776132182524,0,0,0,,,,0,cancelled
2026-04-14 02:00,ord-000054,sell,74426.18,1776132182524,0,0,0,,,,0,cancelled
2026-04-14 02:00,ord-000055,buy,74417.83,1776132187525,0.00820000,0,0.006180719754977029096477794793,,,,0,cancelled
2026-04-14 02:00,ord-000056,sell,74421.84,1776132187525,0,0,0,,,,0,cancelled
2026-04-14 02:00,ord-000057,buy,74417.22,1776132198124,0,0,0,,,,0,cancelled
2026-04-14 02:00,ord-000058,sell,74421.23,1776132198124,0,0,0,,,,0,cancelled
2026-04-14 02:00,ord-000059,buy,74395.46,1776132203124,0,0,0,,,,0,cancelled
2026-04-14 02:00,ord-000060,sell,74399.47,1776132203124,0,0,0,,,,0,cancelled
2026-04-14 02:00,ord-000061,buy,74382.57,1776132208124,0,0,0,,,,0,cancelled
2026-04-14 02:00,ord-000062,sell,74386.58,1776132208124,0,0,0,,,,0,cancelled
2026-04-14 02:00,ord-000063,buy,74379.66,1776132213124,0,0,0,,,,0,cancelled
2026-04-14 02:00,ord-000064,sell,74383.67,1776132213124,0,0,0,,,,0,cancelled
2026-04-14 02:00,ord-000065,buy,74390.12,1776132218124,0,0,0,,,,0,cancelled
2026-04-14 02:00,ord-000066,sell,74394.13,1776132218124,0,0,0,,,,0,cancelled
2026-04-14 02:00,ord-000067,buy,74389.05,1776132225024,0,0,0,,,,0,cancelled
2026-04-14 02:00,ord-000068,sell,74393.06,1776132225024,0,0,0,,,,0,cancelled
2026-04-14 02:00,ord-000069,buy,74384.00,1776132230024,0.00120000,0.00120000,0,1776132232001,0.00120000,0.00000000,0.001,filled
2026-04-14 02:00,ord-000070,sell,74388.01,1776132230024,0.01800000,0,0.01800000000000000000000000000,,,,0,cancelled
2026-04-14 02:00,ord-000071,buy,74380.66,1776132232024,0,0,0,,,,0,cancelled
2026-04-14 02:00,ord-000072,sell,74384.67,1776132232024,0,0,0,,,,0,cancelled
2026-04-14 02:00,ord-000073,buy,74376.32,1776132237024,0,0,0,,,,0,cancelled
2026-04-14 02:00,ord-000074,sell,74380.33,1776132237024,0,0,0,,,,0,cancelled
2026-04-14 02:00,ord-000075,buy,74376.27,1776132245124,0,0,0,,,,0,cancelled
2026-04-14 02:00,ord-000076,sell,74380.28,1776132245124,0,0,0,,,,0,cancelled
2026-04-14 02:00,ord-000077,buy,74357.99,1776132250124,0,0,0,,,,0,cancelled
2026-04-14 02:00,ord-000078,sell,74362.00,1776132250124,0,0,0,,,,0,cancelled
2026-04-14 02:00,ord-000079,buy,74364.50,1776132263924,0,0,0,,,,0,cancelled
2026-04-14 02:00,ord-000080,sell,74368.51,1776132263924,0,0,0,,,,0,cancelled
2026-04-14 02:00,ord-000081,buy,74389.53,1776132268924,0,0,0,,,,0,cancelled
2026-04-14 02:00,ord-000082,sell,74393.54,1776132268924,0,0,0,,,,0,cancelled
2026-04-14 02:00,ord-000083,buy,74389.54,1776132273924,0,0,0,,,,0,cancelled
2026-04-14 02:00,ord-000084,sell,74393.55,1776132273924,0,0,0,,,,0,cancelled
2026-04-14 02:00,ord-000085,buy,74385.10,1776132278924,0,0,0,,,,0,cancelled
2026-04-14 02:00,ord-000086,sell,74389.11,1776132278924,0,0,0,,,,0,cancelled
2026-04-14 02:00,ord-000087,buy,74369.63,1776132283924,0,0,0,,,,0,cancelled
2026-04-14 02:00,ord-000088,sell,74373.64,1776132283924,0,0,0,,,,0,cancelled
2026-04-14 02:00,ord-000089,buy,74379.16,1776132290024,0,0,0,,,,0,cancelled
2026-04-14 02:00,ord-000090,sell,74383.17,1776132290024,0,0,0,,,,0,cancelled
2026-04-14 02:00,ord-000091,buy,74384.28,1776132295024,0,0,0,,,,0,cancelled
2026-04-14 02:00,ord-000092,sell,74388.29,1776132295024,0,0,0,,,,0,cancelled
2026-04-14 02:00,ord-000093,buy,74381.08,1776132300024,0,0,0,,,,0,cancelled
2026-04-14 02:00,ord-000094,sell,74385.09,1776132300024,0,0,0,,,,0,cancelled
2026-04-14 02:00,ord-000095,buy,74395.47,1776132305024,0,0,0,,,,0,cancelled
2026-04-14 02:00,ord-000096,sell,74399.48,1776132305024,0,0,0,,,,0,cancelled
2026-04-14 02:00,ord-000097,buy,74418.39,1776132310024,0,0,0,,,,0,cancelled
2026-04-14 02:00,ord-000098,sell,74422.40,1776132310024,0,0,0,,,,0,cancelled
2026-04-14 02:00,ord-000099,buy,74430.19,1776132315024,0,0,0,,,,0,cancelled
2026-04-14 02:00,ord-000100,sell,74434.20,1776132315024,0,0,0,,,,0,cancelled
2026-04-14 02:00,ord-000101,buy,74428.55,1776132320724,0,0,0,,,,0,cancelled
2026-04-14 02:00,ord-000102,sell,74432.56,1776132320724,0,0,0,,,,0,cancelled
2026-04-14 02:00,ord-000103,buy,74424.36,1776132325724,0,0,0,,,,0,cancelled
2026-04-14 02:00,ord-000104,sell,74428.37,1776132325724,0,0,0,,,,0,cancelled
2026-04-14 02:00,ord-000105,buy,74428.08,1776132331624,0,0,0,,,,0,cancelled
2026-04-14 02:00,ord-000106,sell,74432.09,1776132331624,0,0,0,,,,0,cancelled
2026-04-14 02:00,ord-000107,buy,74448.48,1776132336624,0.14803000,0,0.1480300000000000000000000000,,,,0,cancelled
2026-04-14 02:00,ord-000108,sell,74452.49,1776132336624,0,0,0,,,,0,cancelled
2026-04-14 02:00,ord-000109,buy,74446.54,1776132341624,0,0,0,,,,0,cancelled
2026-04-14 02:00,ord-000110,sell,74450.55,1776132341624,0,0,0,,,,0,cancelled
2026-04-14 02:00,ord-000111,buy,74424.88,1776132346624,0,0,0,,,,0,cancelled
2026-04-14 02:00,ord-000112,sell,74428.89,1776132346624,0,0,0,,,,0,cancelled
2026-04-14 02:00,ord-000113,buy,74418.16,1776132351624,0.00476000,0,0,,,,0,cancelled
2026-04-14 02:00,ord-000114,sell,74422.17,1776132351624,0,0,0,,,,0,cancelled
2026-04-14 02:00,ord-000115,buy,74427.32,1776132364824,0,0,0,,,,0,cancelled
2026-04-14 02:00,ord-000116,sell,74431.33,1776132364824,0,0,0,,,,0,cancelled
2026-04-14 02:00,ord-000117,buy,74422.77,1776132369924,0,0,0,,,,0,cancelled
2026-04-14 02:00,ord-000118,sell,74426.78,1776132369924,0,0,0,,,,0,cancelled
2026-04-14 02:00,ord-000119,buy,74432.38,1776132375224,0,0,0,,,,0,cancelled
2026-04-14 02:00,ord-000120,sell,74436.39,1776132375224,0,0,0,,,,0,cancelled
2026-04-14 02:00,ord-000121,buy,74437.48,1776132386524,0,0,0,,,,0,cancelled
2026-04-14 02:00,ord-000122,sell,74441.49,1776132386524,0,0,0,,,,0,cancelled
2026-04-14 02:00,ord-000123,buy,74447.94,1776132391524,0,0,0,,,,0,cancelled
2026-04-14 02:00,ord-000124,sell,74451.95,1776132391524,0,0,0,,,,0,cancelled
2026-04-14 02:00,ord-000125,buy,74442.75,1776132396524,0,0,0,,,,0,cancelled
2026-04-14 02:00,ord-000126,sell,74446.76,1776132396524,0,0,0,,,,0,cancelled
2026-04-14 02:00,ord-000127,buy,74439.36,1776132403824,0,0,0,,,,0,cancelled
2026-04-14 02:00,ord-000128,sell,74443.37,1776132403824,0,0,0,,,,0,cancelled
2026-04-14 02:00,ord-000129,buy,74437.92,1776132416824,0,0,0,,,,0,cancelled
2026-04-14 02:00,ord-000130,sell,74441.93,1776132416824,0,0,0,,,,0,cancelled
2026-04-14 02:00,ord-000131,buy,74434.00,1776132435124,0.00120000,0.00120000,0,,,,0,cancelled
2026-04-14 02:00,ord-000132,sell,74438.01,1776132435124,0,0,0,,,,0,cancelled
2026-04-14 02:00,ord-000133,buy,74420.00,1776132440124,0.00120000,0.00120000,0,,,,0,cancelled
2026-04-14 02:00,ord-000134,sell,74424.01,1776132440124,0,0,0,,,,0,cancelled
2026-04-14 02:00,ord-000135,buy,74412.86,1776132449724,0,0,0,,,,0,cancelled
2026-04-14 02:00,ord-000136,sell,74416.87,1776132449724,0,0,0,,,,0,cancelled
2026-04-14 02:00,ord-000137,buy,74419.41,1776132464624,0,0,0,,,,0,cancelled
2026-04-14 02:00,ord-000138,sell,74423.42,1776132464624,0,0,0,,,,0,cancelled
2026-04-14 02:00,ord-000139,buy,74427.99,1776132469624,0,0,0,,,,0,cancelled
2026-04-14 02:00,ord-000140,sell,74432.00,1776132469624,0.00120000,0,0,,,,0,cancelled
2026-04-14 02:00,ord-000141,buy,74427.10,1776132483224,0,0,0,,,,0,cancelled
2026-04-14 02:00,ord-000142,sell,74431.11,1776132483224,0,0,0,,,,0,cancelled
2026-04-14 02:00,ord-000143,buy,74426.13,1776132488225,0,0,0,,,,0,cancelled
2026-04-14 02:00,ord-000144,sell,74430.14,1776132488225,0,0,0,,,,0,cancelled
2026-04-14 02:00,ord-000145,buy,74427.98,1776132497424,0,0,0,,,,0,cancelled
2026-04-14 02:00,ord-000146,sell,74431.99,1776132497424,0,0,0,,,,0,cancelled
2026-04-14 02:00,ord-000147,buy,74427.99,1776132502424,0,0,0,,,,0,cancelled
2026-04-14 02:00,ord-000148,sell,74432.00,1776132502424,0.00120000,0.00120000,0,,,,0,cancelled
2026-04-14 02:00,ord-000149,buy,74436.48,1776132507425,0,0,0,,,,0,cancelled
2026-04-14 02:00,ord-000150,sell,74440.49,1776132507425,0,0,0,,,,0,cancelled
2026-04-14 02:00,ord-000151,buy,74437.92,1776132515624,0,0,0,,,,0,cancelled
2026-04-14 02:00,ord-000152,sell,74441.93,1776132515624,0,0,0,,,,0,cancelled
2026-04-14 02:00,ord-000153,buy,74436.48,1776132521824,0,0,0,,,,0,cancelled
2026-04-14 02:00,ord-000154,sell,74440.49,1776132521824,0,0,0,,,,0,cancelled
2026-04-14 02:00,ord-000155,buy,74437.11,1776132530824,0,0,0,,,,0,cancelled
2026-04-14 02:00,ord-000156,sell,74441.12,1776132530824,0,0,0,,,,0,cancelled
2026-04-14 02:00,ord-000157,buy,74449.82,1776132535825,0,0,0,,,,0,cancelled
2026-04-14 02:00,ord-000158,sell,74453.83,1776132535825,0,0,0,,,,0,cancelled
2026-04-14 02:00,ord-000159,buy,74458.96,1776132540924,0,0,0,,,,0,cancelled
2026-04-14 02:00,ord-000160,sell,74462.97,1776132540924,0,0,0,,,,0,cancelled
2026-04-14 02:00,ord-000161,buy,74457.10,1776132545924,0.00891000,0,0.008910000000000000000000000000,,,,0,cancelled
2026-04-14 02:00,ord-000162,sell,74461.11,1776132545924,0,0,0,,,,0,cancelled
2026-04-14 02:00,ord-000163,buy,74474.37,1776132550924,0,0,0,,,,0,cancelled
2026-04-14 02:00,ord-000164,sell,74478.38,1776132550924,0,0,0,,,,0,cancelled
2026-04-14 02:00,ord-000165,buy,74472.51,1776132555924,0,0,0,,,,0,cancelled
2026-04-14 02:00,ord-000166,sell,74476.52,1776132555924,0,0,0,,,,0,cancelled
2026-04-14 02:00,ord-000167,buy,74463.63,1776132560924,0,0,0,1776132561893,0,0,0.00007000,cancelled
2026-04-14 02:00,ord-000168,sell,74467.64,1776132560924,0,0,0,,,,0,cancelled
2026-04-14 02:00,ord-000169,buy,74458.00,1776132565924,0.00120000,0,0,,,,0,cancelled
2026-04-14 02:00,ord-000170,sell,74462.01,1776132565924,0,0,0,,,,0,cancelled
2026-04-14 02:00,ord-000171,buy,74470.20,1776132570925,0,0,0,,,,0,cancelled
2026-04-14 02:00,ord-000172,sell,74474.21,1776132570925,0,0,0,,,,0,cancelled
2026-04-14 02:00,ord-000173,buy,74466.19,1776132576024,0,0,0,,,,0,cancelled
2026-04-14 02:00,ord-000174,sell,74470.20,1776132576024,0,0,0,,,,0,cancelled
2026-04-14 02:00,ord-000175,buy,74463.29,1776132581024,0,0,0,,,,0,cancelled
2026-04-14 02:00,ord-000176,sell,74467.30,1776132581024,0,0,0,,,,0,cancelled
2026-04-14 02:00,ord-000177,buy,74452.71,1776132586026,0,0,0,,,,0,cancelled
2026-04-14 02:00,ord-000178,sell,74456.72,1776132586026,0,0,0,,,,0,cancelled
2026-04-14 02:00,ord-000179,buy,74448.25,1776132602424,0,0,0,,,,0,cancelled
2026-04-14 02:00,ord-000180,sell,74452.26,1776132602424,0,0,0,,,,0,cancelled
2026-04-14 02:00,ord-000181,buy,74443.39,1776132607424,0,0,0,,,,0,cancelled
2026-04-14 02:00,ord-000182,sell,74447.40,1776132607424,0,0,0,,,,0,cancelled
2026-04-14 02:00,ord-000183,buy,74441.54,1776132614624,0,0,0,,,,0,cancelled
2026-04-14 02:00,ord-000184,sell,74445.55,1776132614624,0,0,0,,,,0,cancelled
2026-04-14 02:00,ord-000185,buy,74438.00,1776132619625,0.00120000,0,0,,,,0,cancelled
2026-04-14 02:00,ord-000186,sell,74442.01,1776132619625,0.00574000,0,0.005740000000000000000000000000,,,,0,cancelled
2026-04-14 02:00,ord-000187,buy,74441.10,1776132625824,0,0,0,,,,0,cancelled
2026-04-14 02:00,ord-000188,sell,74445.11,1776132625824,0,0,0,,,,0,cancelled
2026-04-14 02:00,ord-000189,buy,74440.20,1776132632224,0,0,0,,,,0,cancelled
2026-04-14 02:00,ord-000190,sell,74444.21,1776132632224,0,0,0,,,,0,cancelled
2026-04-14 02:00,ord-000191,buy,74439.18,1776132637224,0,0,0,,,,0,cancelled
2026-04-14 02:00,ord-000192,sell,74443.19,1776132637224,0,0,0,,,,0,cancelled
2026-04-14 02:00,ord-000193,buy,74437.04,1776132642224,0,0,0,,,,0,cancelled
2026-04-14 02:00,ord-000194,sell,74441.05,1776132642224,0,0,0,,,,0,cancelled
2026-04-14 02:00,ord-000195,buy,74442.44,1776132648654,0,0,0,,,,0,cancelled
2026-04-14 02:00,ord-000196,sell,74446.45,1776132648654,0,0,0,,,,0,cancelled
2026-04-14 02:00,ord-000197,buy,74470.20,1776132653724,0,0,0,,,,0,cancelled
2026-04-14 02:00,ord-000198,sell,74474.21,1776132653724,0,0,0,,,,0,cancelled
2026-04-14 02:00,ord-000199,buy,74469.85,1776132663624,0,0,0,,,,0,cancelled
2026-04-14 02:00,ord-000200,sell,74473.86,1776132663624,0,0,0,,,,0,cancelled
2026-04-14 02:00,ord-000201,buy,74467.80,1776132668624,0,0,0,,,,0,cancelled
2026-04-14 02:00,ord-000202,sell,74471.81,1776132668624,0,0,0,,,,0,cancelled
2026-04-14 02:00,ord-000203,buy,74470.20,1776132673624,0,0,0,,,,0,cancelled
2026-04-14 02:00,ord-000204,sell,74474.21,1776132673624,0,0,0,,,,0,cancelled
2026-04-14 02:00,ord-000205,buy,74472.50,1776132678624,0,0,0,,,,0,cancelled
2026-04-14 02:00,ord-000206,sell,74476.51,1776132678624,0,0,0,,,,0,cancelled
2026-04-14 02:00,ord-000207,buy,74474.37,1776132683624,0,0,0,,,,0,cancelled
2026-04-14 02:00,ord-000208,sell,74478.38,1776132683624,0,0,0,,,,0,cancelled
2026-04-14 02:00,ord-000209,buy,74458.36,1776132688624,0.00007000,0.00007000,0,,,,0,cancelled
2026-04-14 02:00,ord-000210,sell,74462.37,1776132688624,0,0,0,,,,0,cancelled
2026-04-14 02:00,ord-000211,buy,74456.00,1776132693624,0.00120000,0.00120000,0,1776132697808,0.00120000,0.00000000,0.00008000,cancelled
2026-04-14 02:00,ord-000212,sell,74460.01,1776132693624,0,0,0,,,,0,cancelled
2026-04-14 02:00,ord-000213,buy,74452.00,1776132698624,0.00120000,0.00120000,0,,,,0,cancelled
2026-04-14 02:00,ord-000214,sell,74456.01,1776132698624,0,0,0,,,,0,cancelled
2026-04-14 02:00,ord-000215,buy,74448.00,1776132703624,0.00120000,0,0.000075000000,,,,0,cancelled
2026-04-14 02:00,ord-000216,sell,74452.01,1776132703624,0,0,0,,,,0,cancelled
2026-04-14 02:00,ord-000217,buy,74450.41,1776132720931,0,0,0,,,,0,cancelled
2026-04-14 02:00,ord-000218,sell,74454.42,1776132720931,0,0,0,,,,0,cancelled
2026-04-14 02:00,ord-000219,buy,74468.72,1776132726024,0,0,0,,,,0,cancelled
2026-04-14 02:00,ord-000220,sell,74472.73,1776132726024,0,0,0,,,,0,cancelled
2026-04-14 02:00,ord-000221,buy,74459.33,1776132731024,0,0,0,,,,0,cancelled
2026-04-14 02:00,ord-000222,sell,74463.34,1776132731024,0,0,0,,,,0,cancelled
2026-04-14 02:00,ord-000223,buy,74463.52,1776132736024,0,0,0,,,,0,cancelled
2026-04-14 02:00,ord-000224,sell,74467.53,1776132736024,0,0,0,,,,0,cancelled
2026-04-14 02:00,ord-000225,buy,74485.99,1776132741024,0,0,0,,,,0,cancelled
2026-04-14 02:00,ord-000226,sell,74490.00,1776132741024,0.17704000,0,0.1347893986375381724218933521,,,,0,cancelled
2026-04-14 02:00,ord-000227,buy,74480.85,1776132746024,0.00007000,0,0,,,,0,cancelled
2026-04-14 02:00,ord-000228,sell,74484.86,1776132746024,0,0,0,,,,0,cancelled
2026-04-14 02:00,ord-000229,buy,74479.36,1776132752924,0,0,0,,,,0,cancelled
2026-04-14 02:00,ord-000230,sell,74483.37,1776132752924,0,0,0,,,,0,cancelled
2026-04-14 02:00,ord-000231,buy,74474.47,1776132757925,0,0,0,,,,0,cancelled
2026-04-14 02:00,ord-000232,sell,74478.48,1776132757925,0,0,0,,,,0,cancelled
2026-04-14 02:00,ord-000233,buy,74468.00,1776132763024,0.00120000,0.00120000,0,,,,0,cancelled
2026-04-14 02:00,ord-000234,sell,74472.01,1776132763024,0,0,0,,,,0,cancelled
2026-04-14 02:00,ord-000235,buy,74456.01,1776132768024,0.05016000,0.05016000,0,,,,0,cancelled
2026-04-14 02:00,ord-000236,sell,74460.02,1776132768024,0,0,0,,,,0,cancelled
2026-04-14 02:00,ord-000237,buy,74433.65,1776132773024,0,0,0,,,,0,cancelled
2026-04-14 02:00,ord-000238,sell,74437.66,1776132773024,0,0,0,,,,0,cancelled
2026-04-14 02:00,ord-000239,buy,74426.50,1776132778024,0,0,0,,,,0,cancelled
2026-04-14 02:00,ord-000240,sell,74430.51,1776132778024,0,0,0,,,,0,cancelled
2026-04-14 02:00,ord-000241,buy,74415.77,1776132783024,0,0,0,,,,0,cancelled
2026-04-14 02:00,ord-000242,sell,74419.78,1776132783024,0,0,0,,,,0,cancelled
2026-04-14 02:00,ord-000243,buy,74415.78,1776132788024,0,0,0,,,,0,cancelled
2026-04-14 02:00,ord-000244,sell,74419.79,1776132788024,0,0,0,,,,0,cancelled
2026-04-14 02:00,ord-000245,buy,74448.00,1776132793024,0,0,0,,,,0,cancelled
2026-04-14 02:00,ord-000246,sell,74452.01,1776132793024,0,0,0,,,,0,cancelled
2026-04-14 02:00,ord-000247,buy,74447.74,1776132817624,0,0,0,,,,0,cancelled
2026-04-14 02:00,ord-000248,sell,74451.75,1776132817624,0,0,0,,,,0,cancelled
2026-04-14 02:00,ord-000249,buy,74443.07,1776132822624,0,0,0,,,,0,cancelled
2026-04-14 02:00,ord-000250,sell,74447.08,1776132822624,0,0,0,,,,0,cancelled
2026-04-14 02:00,ord-000251,buy,74441.14,1776132828124,0,0,0,,,,0,cancelled
2026-04-14 02:00,ord-000252,sell,74445.15,1776132828124,0,0,0,,,,0,cancelled
2026-04-14 02:00,ord-000253,buy,74435.89,1776132833124,0.00476000,0,0,,,,0,cancelled
2026-04-14 02:00,ord-000254,sell,74439.90,1776132833124,0,0,0,,,,0,cancelled
2026-04-14 02:00,ord-000255,buy,74437.99,1776132846424,0,0,0,,,,0,cancelled
2026-04-14 02:00,ord-000256,sell,74442.00,1776132846424,0.00040000,0.00040000,0,,,,0,cancelled
2026-04-14 02:00,ord-000257,buy,74447.66,1776132851424,0,0,0,,,,0,cancelled
2026-04-14 02:00,ord-000258,sell,74451.67,1776132851424,0,0,0,,,,0,cancelled
2026-04-14 02:00,ord-000259,buy,74453.72,1776132863424,0,0,0,,,,0,cancelled
2026-04-14 02:00,ord-000260,sell,74457.73,1776132863424,0.00007000,0,0.00007000,,,,0,cancelled
2026-04-14 02:00,ord-000261,buy,74459.90,1776132868425,0,0,0,,,,0,cancelled
2026-04-14 02:00,ord-000262,sell,74463.91,1776132868425,0,0,0,,,,0,cancelled
2026-04-14 02:00,ord-000263,buy,74468.60,1776132873524,0,0,0,,,,0,cancelled
2026-04-14 02:00,ord-000264,sell,74472.61,1776132873524,0,0,0,,,,0,cancelled
2026-04-14 02:00,ord-000265,buy,74474.47,1776132878524,0,0,0,,,,0,cancelled
2026-04-14 02:00,ord-000266,sell,74478.48,1776132878524,0,0,0,,,,0,cancelled
2026-04-14 02:00,ord-000267,buy,74484.44,1776132883524,0,0,0,,,,0,cancelled
2026-04-14 02:00,ord-000268,sell,74488.45,1776132883524,0,0,0,,,,0,cancelled
2026-04-14 02:00,ord-000269,buy,74482.16,1776132888525,0,0,0,,,,0,cancelled
2026-04-14 02:00,ord-000270,sell,74486.17,1776132888525,0,0,0,,,,0,cancelled
2026-04-14 02:00,ord-000271,buy,74485.40,1776132899724,0,0,0,,,,0,cancelled
2026-04-14 02:00,ord-000272,sell,74489.41,1776132899724,0,0,0,,,,0,cancelled
2026-04-14 02:00,ord-000273,buy,74480.46,1776132904724,0,0,0,,,,0,cancelled
2026-04-14 02:00,ord-000274,sell,74484.47,1776132904724,0,0,0,,,,0,cancelled
2026-04-14 02:00,ord-000275,buy,74488.57,1776132909724,0,0,0,,,,0,cancelled
2026-04-14 02:00,ord-000276,sell,74492.58,1776132909724,0,0,0,,,,0,cancelled
2026-04-14 02:00,ord-000277,buy,74482.17,1776132914724,0,0,0,,,,0,cancelled
2026-04-14 02:00,ord-000278,sell,74486.18,1776132914724,0,0,0,,,,0,cancelled
2026-04-14 02:00,ord-000279,buy,74476.66,1776132920724,0,0,0,,,,0,cancelled
2026-04-14 02:00,ord-000280,sell,74480.67,1776132920724,0,0,0,,,,0,cancelled
2026-04-14 02:00,ord-000281,buy,74419.66,1776132925724,0,0,0,,,,0,cancelled
2026-04-14 02:00,ord-000282,sell,74423.67,1776132925724,0,0,0,,,,0,cancelled
2026-04-14 02:00,ord-000283,buy,74409.01,1776132930724,0,0,0,,,,0,cancelled
2026-04-14 02:00,ord-000284,sell,74413.02,1776132930724,0,0,0,,,,0,cancelled
2026-04-14 02:00,ord-000285,buy,74414.20,1776132951824,0,0,0,,,,0,cancelled
2026-04-14 02:00,ord-000286,sell,74418.21,1776132951824,0,0,0,,,,0,cancelled
2026-04-14 02:00,ord-000287,buy,74425.19,1776132956824,0,0,0,,,,0,cancelled
2026-04-14 02:00,ord-000288,sell,74429.20,1776132956824,0,0,0,,,,0,cancelled
2026-04-14 02:00,ord-000289,buy,74456.54,1776132961824,0,0,0,,,,0,cancelled
2026-04-14 02:00,ord-000290,sell,74460.55,1776132961824,0,0,0,,,,0,cancelled
2026-04-14 02:00,ord-000291,buy,74459.99,1776132976924,0.30793000,0,0.0002661041325885003549273171,,,,0,cancelled
2026-04-14 02:00,ord-000292,sell,74464.00,1776132976924,0.00120000,0.00120000,0,,,,0,cancelled
2026-04-14 02:00,ord-000293,buy,74467.91,1776132981924,0,0,0,,,,0,cancelled
2026-04-14 02:00,ord-000294,sell,74471.92,1776132981924,0,0,0,,,,0,cancelled
2026-04-14 02:00,ord-000295,buy,74480.92,1776132986924,0,0,0,,,,0,cancelled
2026-04-14 02:00,ord-000296,sell,74484.93,1776132986924,0,0,0,,,,0,cancelled
2026-04-14 02:00,ord-000297,buy,74478.05,1776133002324,0,0,0,,,,0,cancelled
2026-04-14 02:00,ord-000298,sell,74482.06,1776133002324,0,0,0,,,,0,cancelled
2026-04-14 02:00,ord-000299,buy,74473.21,1776133008424,0,0,0,,,,0,cancelled
2026-04-14 02:00,ord-000300,sell,74477.22,1776133008424,0,0,0,,,,0,cancelled
2026-04-14 02:00,ord-000301,buy,74492.58,1776133013424,0,0,0,,,,0,cancelled
2026-04-14 02:00,ord-000302,sell,74496.59,1776133013424,0,0,0,,,,0,cancelled
2026-04-14 02:00,ord-000303,buy,74492.59,1776133019824,0,0,0,,,,0,cancelled
2026-04-14 02:00,ord-000304,sell,74496.60,1776133019824,0,0,0,,,,0,cancelled
2026-04-14 02:00,ord-000305,buy,74497.99,1776133026224,0,0,0,,,,0,cancelled
2026-04-14 02:00,ord-000306,sell,74502.00,1776133026224,0.00120000,0.00120000,0,,,,0,cancelled
2026-04-14 02:00,ord-000307,buy,74500.77,1776133031224,0.00007000,0,0.00007000,,,,0,cancelled
2026-04-14 02:00,ord-000308,sell,74504.78,1776133031224,0,0,0,,,,0,cancelled
2026-04-14 02:00,ord-000309,buy,74484.75,1776133036224,0,0,0,,,,0,cancelled
2026-04-14 02:00,ord-000310,sell,74488.76,1776133036224,0,0,0,,,,0,cancelled
2026-04-14 02:00,ord-000311,buy,74500.40,1776133041224,0,0,0,,,,0,cancelled
2026-04-14 02:00,ord-000312,sell,74504.41,1776133041224,0,0,0,,,,0,cancelled
2026-04-14 02:00,ord-000313,buy,74509.60,1776133046224,0,0,0,,,,0,cancelled
2026-04-14 02:00,ord-000314,sell,74513.61,1776133046224,0,0,0,,,,0,cancelled
2026-04-14 02:00,ord-000315,buy,74552.14,1776133051224,0,0,0,,,,0,cancelled
2026-04-14 02:00,ord-000316,sell,74556.15,1776133051224,0,0,0,,,,0,cancelled
2026-04-14 02:00,ord-000317,buy,74538.88,1776133056224,0,0,0,,,,0,cancelled
2026-04-14 02:00,ord-000318,sell,74542.89,1776133056224,0,0,0,,,,0,cancelled
2026-04-14 02:00,ord-000319,buy,74533.70,1776133061224,0,0,0,,,,0,cancelled
2026-04-14 02:00,ord-000320,sell,74537.71,1776133061224,0,0,0,,,,0,cancelled
2026-04-14 02:00,ord-000321,buy,74531.58,1776133066224,0,0,0,,,,0,cancelled
2026-04-14 02:00,ord-000322,sell,74535.59,1776133066224,0,0,0,,,,0,cancelled
2026-04-14 02:00,ord-000323,buy,74526.02,1776133071224,0,0,0,,,,0,cancelled
2026-04-14 02:00,ord-000324,sell,74530.03,1776133071224,0,0,0,,,,0,cancelled
2026-04-14 02:00,ord-000325,buy,74518.10,1776133076224,0,0,0,,,,0,cancelled
2026-04-14 02:00,ord-000326,sell,74522.11,1776133076224,0.00686000,0,0.00686000,,,,0,cancelled
2026-04-14 02:00,ord-000327,buy,74509.59,1776133081224,0,0,0,,,,0,cancelled
2026-04-14 02:00,ord-000328,sell,74513.60,1776133081224,0,0,0,,,,0,cancelled
2026-04-14 02:00,ord-000329,buy,74524.23,1776133086224,0,0,0,1776133093315,0,0,0.001,filled
2026-04-14 02:00,ord-000330,sell,74528.24,1776133086224,0,0,0,,,,0,cancelled
2026-04-14 02:00,ord-000331,buy,74522.00,1776133093424,0.00120000,0,0.001199947359109489652537343929,,,,0,cancelled
2026-04-14 02:00,ord-000332,sell,74526.01,1776133093424,0,0,0,,,,0,cancelled
2026-04-14 02:00,ord-000333,buy,74528.83,1776133108724,0,0,0,,,,0,cancelled
2026-04-14 02:00,ord-000334,sell,74532.84,1776133108724,0,0,0,,,,0,cancelled
2026-04-14 02:00,ord-000335,buy,74538.25,1776133122027,0,0,0,1776133128831,0,0,0.00026000,cancelled
2026-04-14 02:00,ord-000336,sell,74542.26,1776133122027,0,0,0,,,,0,cancelled
2026-04-14 02:00,ord-000337,buy,74532.31,1776133128924,0,0,0,,,,0,cancelled
2026-04-14 02:00,ord-000338,sell,74536.32,1776133128924,0,0,0,,,,0,cancelled
2026-04-14 02:00,ord-000339,buy,74526.50,1776133133924,0,0,0,,,,0,cancelled
2026-04-14 02:00,ord-000340,sell,74530.51,1776133133924,0,0,0,,,,0,cancelled
2026-04-14 02:00,ord-000341,buy,74512.37,1776133139535,0,0,0,,,,0,cancelled
2026-04-14 02:00,ord-000342,sell,74516.38,1776133139535,0,0,0,,,,0,cancelled
2026-04-14 02:00,ord-000343,buy,74493.77,1776133144624,0,0,0,,,,0,cancelled
2026-04-14 02:00,ord-000344,sell,74497.78,1776133144624,0,0,0,,,,0,cancelled
2026-04-14 02:00,ord-000345,buy,74501.22,1776133149624,0,0,0,,,,0,cancelled
2026-04-14 02:00,ord-000346,sell,74505.23,1776133149624,0,0,0,,,,0,cancelled
2026-04-14 02:00,ord-000347,buy,74512.50,1776133159724,0,0,0,,,,0,cancelled
2026-04-14 02:00,ord-000348,sell,74516.51,1776133159724,0,0,0,,,,0,cancelled
2026-04-14 02:00,ord-000349,buy,74510.79,1776133174824,0,0,0,,,,0,cancelled
2026-04-14 02:00,ord-000350,sell,74514.80,1776133174824,0,0,0,,,,0,cancelled
2026-04-14 02:00,ord-000351,buy,74512.84,1776133179824,0,0,0,,,,0,cancelled
2026-04-14 02:00,ord-000352,sell,74516.85,1776133179824,0,0,0,,,,0,cancelled
2026-04-14 02:00,ord-000353,buy,74518.86,1776133184824,0,0,0,,,,0,cancelled
2026-04-14 02:00,ord-000354,sell,74522.87,1776133184824,0,0,0,,,,0,cancelled
2026-04-14 02:00,ord-000355,buy,74512.51,1776133189824,0,0,0,,,,0,cancelled
2026-04-14 02:00,ord-000356,sell,74516.52,1776133189824,0,0,0,,,,0,cancelled
2026-04-14 02:00,ord-000357,buy,74505.05,1776133194824,0,0,0,,,,0,cancelled
2026-04-14 02:00,ord-000358,sell,74509.06,1776133194824,0,0,0,,,,0,cancelled
2026-04-14 02:00,ord-000359,buy,74507.45,1776133199824,0,0,0,,,,0,cancelled
2026-04-14 02:00,ord-000360,sell,74511.46,1776133199824,0,0,0,,,,0,cancelled
2026-04-14 02:00,ord-000361,buy,74502.24,1776133204824,0,0,0,,,,0,cancelled
2026-04-14 02:00,ord-000362,sell,74506.25,1776133204824,0,0,0,,,,0,cancelled
2026-04-14 02:00,ord-000363,buy,74499.82,1776133209824,0,0,0,,,,0,cancelled
2026-04-14 02:00,ord-000364,sell,74503.83,1776133209824,0,0,0,,,,0,cancelled
2026-04-14 02:00,ord-000365,buy,74498.00,1776133217124,0.00120000,0,0,,,,0,cancelled
2026-04-14 02:00,ord-000366,sell,74502.01,1776133217124,0,0,0,,,,0,cancelled
2026-04-14 02:00,ord-000367,buy,74513.81,1776133222124,0,0,0,,,,0,cancelled
2026-04-14 02:00,ord-000368,sell,74517.82,1776133222124,0,0,0,,,,0,cancelled
2026-04-14 02:00,ord-000369,buy,74511.21,1776133234124,0,0,0,,,,0,cancelled
2026-04-14 02:00,ord-000370,sell,74515.22,1776133234124,0,0,0,,,,0,cancelled
2026-04-14 02:00,ord-000371,buy,74502.00,1776133239124,0.00120000,0,0.001192055172413793103448275862,,,,0,cancelled
2026-04-14 02:00,ord-000372,sell,74506.01,1776133239124,0,0,0,,,,0,cancelled
2026-04-14 02:00,ord-000373,buy,74532.31,1776133244124,0,0,0,,,,0,cancelled
2026-04-14 02:00,ord-000374,sell,74536.32,1776133244124,0,0,0,,,,0,cancelled
2026-04-14 02:00,ord-000375,buy,74533.99,1776133249124,0,0,0,,,,0,cancelled
2026-04-14 02:00,ord-000376,sell,74538.00,1776133249124,0.00120000,0.000007942198444652804588825768047,0.001192057801555347195411174232,1776133253528,0.000007942198444652804588825768047,0.000000000000000000000000000000000,0.001,filled
2026-04-14 02:00,ord-000377,buy,74537.95,1776133253624,0,0,0,,,,0,cancelled
2026-04-14 02:00,ord-000378,sell,74541.96,1776133253624,0,0,0,,,,0,cancelled
2026-04-14 02:00,ord-000379,buy,74545.79,1776133258624,0,0,0,,,,0,cancelled
2026-04-14 02:00,ord-000380,sell,74549.80,1776133258624,0,0,0,,,,0,cancelled
2026-04-14 02:00,ord-000381,buy,74538.25,1776133263624,0,0,0,,,,0,cancelled
2026-04-14 02:00,ord-000382,sell,74542.26,1776133263624,0,0,0,,,,0,cancelled
2026-04-14 02:00,ord-000383,buy,74530.84,1776133278230,0,0,0,,,,0,cancelled
2026-04-14 02:00,ord-000384,sell,74534.85,1776133278230,0,0,0,,,,0,cancelled
2026-04-14 02:00,ord-000385,buy,74516.00,1776133283324,0.00120000,0,0,,,,0,cancelled
2026-04-14 02:00,ord-000386,sell,74520.01,1776133283324,0.00007000,0.00007000,0,1776133284575,0.00007000,0.00000000,0.00007000,cancelled
2026-04-14 02:00,ord-000387,buy,74533.87,1776133288324,0,0,0,,,,0,cancelled
2026-04-14 02:00,ord-000388,sell,74537.88,1776133288324,0,0,0,,,,0,cancelled
2026-04-14 02:00,ord-000389,buy,74526.41,1776133303124,0,0,0,,,,0,cancelled
2026-04-14 02:00,ord-000390,sell,74530.42,1776133303124,0,0,0,,,,0,cancelled
2026-04-14 02:00,ord-000391,buy,74518.47,1776133308124,0,0,0,,,,0,cancelled
2026-04-14 02:00,ord-000392,sell,74522.48,1776133308124,0,0,0,,,,0,cancelled
2026-04-14 02:00,ord-000393,buy,74501.86,1776133313124,0,0,0,,,,0,cancelled
2026-04-14 02:00,ord-000394,sell,74505.87,1776133313124,0,0,0,,,,0,cancelled
2026-04-14 02:00,ord-000395,buy,74508.71,1776133318124,0,0,0,,,,0,cancelled
2026-04-14 02:00,ord-000396,sell,74512.72,1776133318124,0,0,0,,,,0,cancelled
2026-04-14 02:00,ord-000397,buy,74515.93,1776133323124,0,0,0,,,,0,cancelled
2026-04-14 02:00,ord-000398,sell,74519.94,1776133323124,0,0,0,,,,0,cancelled
2026-04-14 02:00,ord-000399,buy,74508.47,1776133328124,0,0,0,,,,0,cancelled
2026-04-14 02:00,ord-000400,sell,74512.48,1776133328124,0,0,0,,,,0,cancelled
2026-04-14 02:00,ord-000401,buy,74501.01,1776133334824,0,0,0,,,,0,cancelled
2026-04-14 02:00,ord-000402,sell,74505.02,1776133334824,0,0,0,,,,0,cancelled
2026-04-14 02:00,ord-000403,buy,74499.83,1776133359124,0,0,0,,,,0,cancelled
2026-04-14 02:00,ord-000404,sell,74503.84,1776133359124,0,0,0,,,,0,cancelled
2026-04-14 02:00,ord-000405,buy,74501.01,1776133364524,0,0,0,,,,0,cancelled
2026-04-14 02:00,ord-000406,sell,74505.02,1776133364524,0,0,0,,,,0,cancelled
2026-04-14 02:00,ord-000407,buy,74504.75,1776133378824,0,0,0,,,,0,cancelled
2026-04-14 02:00,ord-000408,sell,74508.76,1776133378824,0,0,0,,,,0,cancelled
2026-04-14 02:00,ord-000409,buy,74501.01,1776133389724,0,0,0,,,,0,cancelled
2026-04-14 02:00,ord-000410,sell,74505.02,1776133389724,0,0,0,,,,0,cancelled
2026-04-14 02:00,ord-000411,buy,74486.68,1776133394724,0.00007000,0,0.00006996939986261162805220758134,,,,0,cancelled
2026-04-14 02:00,ord-000412,sell,74490.69,1776133394724,0,0,0,,,,0,cancelled
2026-04-14 02:00,ord-000413,buy,74487.30,1776133406124,0,0,0,,,,0,cancelled
2026-04-14 02:00,ord-000414,sell,74491.31,1776133406124,0,0,0,,,,0,cancelled
2026-04-14 02:00,ord-000415,buy,74490.66,1776133411124,0,0,0,,,,0,cancelled
2026-04-14 02:00,ord-000416,sell,74494.67,1776133411124,0,0,0,,,,0,cancelled
2026-04-14 02:00,ord-000417,buy,74494.22,1776133416124,0,0,0,,,,0,cancelled
2026-04-14 02:00,ord-000418,sell,74498.23,1776133416124,0,0,0,,,,0,cancelled
2026-04-14 02:00,ord-000419,buy,74495.43,1776133434124,0,0,0,,,,0,cancelled
2026-04-14 02:00,ord-000420,sell,74499.44,1776133434124,0,0,0,,,,0,cancelled
2026-04-14 02:00,ord-000421,buy,74503.97,1776133439124,0,0,0,,,,0,cancelled
2026-04-14 02:00,ord-000422,sell,74507.98,1776133439124,0,0,0,,,,0,cancelled
2026-04-14 02:00,ord-000423,buy,74496.48,1776133446224,0,0,0,,,,0,cancelled
2026-04-14 02:00,ord-000424,sell,74500.49,1776133446224,0,0,0,,,,0,cancelled
2026-04-14 02:00,ord-000425,buy,74478.00,1776133451224,0.00120000,0.00120000,0,,,,0,cancelled
2026-04-14 02:00,ord-000426,sell,74482.01,1776133451224,0,0,0,,,,0,cancelled
2026-04-14 02:00,ord-000427,buy,74463.29,1776133456224,0,0,0,,,,0,cancelled
2026-04-14 02:00,ord-000428,sell,74467.30,1776133456224,0,0,0,,,,0,cancelled
2026-04-14 02:00,ord-000429,buy,74467.49,1776133498924,0,0,0,,,,0,cancelled
2026-04-14 02:00,ord-000430,sell,74471.50,1776133498924,0,0,0,,,,0,cancelled
2026-04-14 02:00,ord-000431,buy,74464.61,1776133503924,0,0,0,,,,0,cancelled
2026-04-14 02:00,ord-000432,sell,74468.62,1776133503924,0,0,0,,,,0,cancelled
2026-04-14 02:00,ord-000433,buy,74479.13,1776133508924,0,0,0,,,,0,cancelled
2026-04-14 02:00,ord-000434,sell,74483.14,1776133508924,0,0,0,,,,0,cancelled
2026-04-14 02:00,ord-000435,buy,74479.12,1776133523324,0,0,0,,,,0,cancelled
2026-04-14 02:00,ord-000436,sell,74483.13,1776133523324,0,0,0,,,,0,cancelled
2026-04-14 02:00,ord-000437,buy,74474.00,1776133528324,0.00215000,0,0.001350000000000000000000000000,,,,0,cancelled
2026-04-14 02:00,ord-000438,sell,74478.01,1776133528324,0,0,0,,,,0,cancelled
2026-04-14 02:00,ord-000439,buy,74472.77,1776133546224,0,0,0,,,,0,cancelled
2026-04-14 02:00,ord-000440,sell,74476.78,1776133546224,0,0,0,,,,0,cancelled
2026-04-14 02:00,ord-000441,buy,74475.39,1776133637124,0,0,0,,,,0,cancelled
2026-04-14 02:00,ord-000442,sell,74479.40,1776133637124,0,0,0,,,,0,cancelled
2026-04-14 02:00,ord-000443,buy,74484.43,1776133642124,0,0,0,,,,0,cancelled
2026-04-14 02:00,ord-000444,sell,74488.44,1776133642124,0,0,0,,,,0,cancelled
2026-04-14 02:00,ord-000445,buy,74475.39,1776133647124,0,0,0,,,,0,cancelled
2026-04-14 02:00,ord-000446,sell,74479.40,1776133647124,0,0,0,,,,0,cancelled
2026-04-14 02:00,ord-000447,buy,74472.77,1776133690624,0,0,0,,,,0,cancelled
2026-04-14 02:00,ord-000448,sell,74476.78,1776133690624,0,0,0,,,,0,cancelled
2026-04-14 02:00,ord-000449,buy,74448.00,1776133695624,0.00120000,0,0,,,,0,cancelled
2026-04-14 02:00,ord-000450,sell,74452.01,1776133695624,0,0,0,,,,0,cancelled
2026-04-14 02:00,ord-000451,buy,74447.74,1776133705624,0,0,0,,,,0,cancelled
2026-04-14 02:00,ord-000452,sell,74451.75,1776133705624,0,0,0,,,,0,cancelled
2026-04-14 02:00,ord-000453,buy,74440.84,1776133710624,0.00007000,0,0.00007000,,,,0,cancelled
2026-04-14 02:00,ord-000454,sell,74444.85,1776133710624,0.01593000,0,0.01461425024878227622688943592,,,,0,cancelled
2026-04-14 02:00,ord-000455,buy,74436.33,1776133715627,0,0,0,,,,0,cancelled
2026-04-14 02:00,ord-000456,sell,74440.34,1776133715627,0,0,0,,,,0,cancelled
2026-04-14 02:00,ord-000457,buy,74428.56,1776133720724,0,0,0,,,,0,cancelled
2026-04-14 02:00,ord-000458,sell,74432.57,1776133720724,0,0,0,,,,0,cancelled
2026-04-14 02:00,ord-000459,buy,74430.89,1776133725724,0,0,0,,,,0,cancelled
2026-04-14 02:00,ord-000460,sell,74434.90,1776133725724,0,0,0,,,,0,cancelled
2026-04-14 02:00,ord-000461,buy,74425.20,1776133738024,0,0,0,,,,0,cancelled
2026-04-14 02:00,ord-000462,sell,74429.21,1776133738024,0,0,0,,,,0,cancelled
2026-04-14 02:00,ord-000463,buy,74430.65,1776133743024,0,0,0,,,,0,cancelled
2026-04-14 02:00,ord-000464,sell,74434.66,1776133743024,0,0,0,,,,0,cancelled
2026-04-14 02:00,ord-000465,buy,74440.09,1776133748024,0.00014000,0.00014000,0,1776133754991,0.00014000,0.00000000,0.00014000,cancelled
2026-04-14 02:00,ord-000466,sell,74444.10,1776133748024,0,0,0,,,,0,cancelled
2026-04-14 02:00,ord-000467,buy,74435.89,1776133755024,0,0,0,,,,0,cancelled
2026-04-14 02:00,ord-000468,sell,74439.90,1776133755024,0,0,0,,,,0,cancelled
2026-04-14 02:00,ord-000469,buy,74410.00,1776133760024,0.00120000,0,0.0005302325581395348837209302326,,,,0,cancelled
2026-04-14 02:00,ord-000470,sell,74414.01,1776133760024,0,0,0,,,,0,cancelled
2026-04-14 02:00,ord-000471,buy,74412.77,1776133778024,0,0,0,,,,0,cancelled
2026-04-14 02:00,ord-000472,sell,74416.78,1776133778024,0,0,0,,,,0,cancelled
2026-04-14 02:00,ord-000473,buy,74410.01,1776133789124,0,0,0,,,,0,cancelled
2026-04-14 02:00,ord-000474,sell,74414.02,1776133789124,0,0,0,,,,0,cancelled
2026-04-14 02:00,ord-000475,buy,74404.27,1776133794124,0,0,0,,,,0,cancelled
2026-04-14 02:00,ord-000476,sell,74408.28,1776133794124,0,0,0,,,,0,cancelled
2026-04-14 02:00,ord-000477,buy,74393.52,1776133799124,0,0,0,,,,0,cancelled
2026-04-14 02:00,ord-000478,sell,74397.53,1776133799124,0,0,0,,,,0,cancelled
2026-04-14 02:00,ord-000479,buy,74388.00,1776133804124,0.00120000,0.00120000,0,,,,0,cancelled
2026-04-14 02:00,ord-000480,sell,74392.01,1776133804124,0,0,0,,,,0,cancelled
2026-04-14 02:00,ord-000481,buy,74382.61,1776133812624,0,0,0,,,,0,cancelled
2026-04-14 02:00,ord-000482,sell,74386.62,1776133812624,0,0,0,,,,0,cancelled
2026-04-14 02:00,ord-000483,buy,74374.00,1776133817624,0.00120000,0.00120000,0,1776133819353,0.00120000,0.00000000,0.001,filled
2026-04-14 02:00,ord-000484,sell,74378.01,1776133817624,0,0,0,,,,0,cancelled
2026-04-14 02:00,ord-000485,buy,74372.00,1776133819424,0.00120000,0.00120000,0,,,,0,cancelled
2026-04-14 02:00,ord-000486,sell,74376.01,1776133819424,0.07556000,0,0.04886000000000000000000000000,,,,0,cancelled
2026-04-14 02:00,ord-000487,buy,74366.00,1776133824424,0.00120000,0,0.000133333333333333333333333333,,,,0,cancelled
2026-04-14 02:00,ord-000488,sell,74370.01,1776133824424,0,0,0,,,,0,cancelled
2026-04-14 02:00,ord-000489,buy,74370.46,1776133830224,0,0,0,,,,0,cancelled
2026-04-14 02:00,ord-000490,sell,74374.47,1776133830224,0,0,0,,,,0,cancelled
2026-04-14 02:00,ord-000491,buy,74373.99,1776133841624,0.13182000,0,0.08694000000000000000000000000,,,,0,cancelled
2026-04-14 02:00,ord-000492,sell,74378.00,1776133841624,0.00120000,0,0,,,,0,cancelled
2026-04-14 02:00,ord-000493,buy,74375.39,1776133846624,0,0,0,,,,0,cancelled
2026-04-14 02:00,ord-000494,sell,74379.40,1776133846624,0,0,0,,,,0,cancelled
2026-04-14 02:00,ord-000495,buy,74368.26,1776133854824,0,0,0,,,,0,cancelled
2026-04-14 02:00,ord-000496,sell,74372.27,1776133854824,0,0,0,,,,0,cancelled
2026-04-14 02:00,ord-000497,buy,74362.20,1776133870524,0,0,0,,,,0,cancelled
2026-04-14 02:00,ord-000498,sell,74366.21,1776133870524,0,0,0,,,,0,cancelled
2026-04-14 02:00,ord-000499,buy,74366.00,1776133875524,0,0,0,,,,0,cancelled
2026-04-14 02:00,ord-000500,sell,74370.01,1776133875524,0,0,0,,,,0,cancelled
2026-04-14 02:00,ord-000501,buy,74368.25,1776133903724,0,0,0,,,,0,cancelled
2026-04-14 02:00,ord-000502,sell,74372.26,1776133903724,0,0,0,,,,0,cancelled
2026-04-14 02:00,ord-000503,buy,74374.93,1776133908724,0,0,0,,,,0,cancelled
2026-04-14 02:00,ord-000504,sell,74378.94,1776133908724,0.00007000,0,0,,,,0,cancelled
2026-04-14 02:00,ord-000505,buy,74370.00,1776133913724,0.00080000,0.00080000,0,,,,0,cancelled
2026-04-14 02:00,ord-000506,sell,74374.01,1776133913724,0,0,0,,,,0,cancelled
2026-04-14 02:00,ord-000507,buy,74367.33,1776133934724,0,0,0,1776133971601,0,0,0.00007000,cancelled
2026-04-14 02:00,ord-000508,sell,74371.34,1776133934724,0,0,0,,,,0,cancelled
2026-04-14 02:00,ord-000509,buy,74364.07,1776133971624,0,0,0,,,,0,cancelled
2026-04-14 02:00,ord-000510,sell,74368.08,1776133971624,0,0,0,,,,0,cancelled
2026-04-14 02:00,ord-000511,buy,74357.99,1776133976624,0,0,0,,,,0,cancelled
2026-04-14 02:00,ord-000512,sell,74362.00,1776133976624,0,0,0,,,,0,cancelled
2026-04-14 02:00,ord-000513,buy,74348.00,1776133981624,0.00120000,0.00120000,0,1776133994465,0.00120000,0.00000000,0.00069000,cancelled
2026-04-14 02:00,ord-000514,sell,74352.01,1776133981624,0,0,0,,,,0,cancelled
2026-04-14 02:00,ord-000515,buy,74343.37,1776133994524,0,0,0,,,,0,cancelled
2026-04-14 02:00,ord-000516,sell,74347.38,1776133994524,0,0,0,,,,0,cancelled
2026-04-14 02:00,ord-000517,buy,74328.00,1776133999524,0.00120000,0.00120000,0,,,,0,cancelled
2026-04-14 02:00,ord-000518,sell,74332.01,1776133999524,0,0,0,,,,0,cancelled
2026-04-14 02:00,ord-000519,buy,74324.00,1776134005424,0.00120000,0.00120000,0,,,,0,cancelled
2026-04-14 02:00,ord-000520,sell,74328.01,1776134005424,0,0,0,,,,0,cancelled
2026-04-14 02:00,ord-000521,buy,74318.65,1776134010424,0,0,0,,,,0,cancelled
2026-04-14 02:00,ord-000522,sell,74322.66,1776134010424,0,0,0,,,,0,cancelled
2026-04-14 02:00,ord-000523,buy,74311.39,1776134026427,0,0,0,,,,0,cancelled
2026-04-14 02:00,ord-000524,sell,74315.40,1776134026427,0,0,0,,,,0,cancelled
2026-04-14 02:00,ord-000525,buy,74298.00,1776134031524,0.00128000,0.00128000,0,,,,0,cancelled
2026-04-14 02:00,ord-000526,sell,74302.01,1776134031524,0,0,0,,,,0,cancelled
2026-04-14 02:00,ord-000527,buy,74287.19,1776134036524,0,0,0,,,,0,cancelled
2026-04-14 02:00,ord-000528,sell,74291.20,1776134036524,0,0,0,,,,0,cancelled
2026-04-14 02:00,ord-000529,buy,74292.57,1776134041524,0,0,0,,,,0,cancelled
2026-04-14 02:00,ord-000530,sell,74296.58,1776134041524,0,0,0,,,,0,cancelled
2026-04-14 02:00,ord-000531,buy,74293.99,1776134048724,0,0,0,,,,0,cancelled
2026-04-14 02:00,ord-000532,sell,74298.00,1776134048724,0.00127000,0.001268152094004334470092679768,0.0000018479059956655299073202315,1776134050565,0.0008681520940043344700926797685,0.0000000000000000000000000000000,0.001,filled
2026-04-14 02:00,ord-000533,buy,74301.52,1776134050624,0,0,0,,,,0,cancelled
2026-04-14 02:00,ord-000534,sell,74305.53,1776134050624,0.00805000,0,0.008050000000000000000000000000,,,,0,cancelled
2026-04-14 02:00,ord-000535,buy,74304.57,1776134064524,0,0,0,,,,0,cancelled
2026-04-14 02:00,ord-000536,sell,74308.58,1776134064524,0,0,0,,,,0,cancelled
2026-04-14 02:00,ord-000537,buy,74318.64,1776134079524,0,0,0,,,,0,cancelled
2026-04-14 02:00,ord-000538,sell,74322.65,1776134079524,0,0,0,,,,0,cancelled
2026-04-14 02:00,ord-000539,buy,74311.32,1776134101624,0,0,0,,,,0,cancelled
2026-04-14 02:00,ord-000540,sell,74315.33,1776134101624,0,0,0,,,,0,cancelled
2026-04-14 02:00,ord-000541,buy,74298.86,1776134106624,0,0,0,,,,0,cancelled
2026-04-14 02:00,ord-000542,sell,74302.87,1776134106624,0,0,0,,,,0,cancelled
2026-04-14 02:00,ord-000543,buy,74292.58,1776134118524,0,0,0,,,,0,cancelled
2026-04-14 02:00,ord-000544,sell,74296.59,1776134118524,0,0,0,,,,0,cancelled
2026-04-14 02:00,ord-000545,buy,74292.39,1776134123524,0,0,0,,,,0,cancelled
2026-04-14 02:00,ord-000546,sell,74296.40,1776134123524,0,0,0,,,,0,cancelled
2026-04-14 02:00,ord-000547,buy,74294.61,1776134133324,0,0,0,,,,0,cancelled
2026-04-14 02:00,ord-000548,sell,74298.62,1776134133324,0,0,0,,,,0,cancelled
2026-04-14 02:00,ord-000549,buy,74301.99,1776134149524,0,0,0,,,,0,cancelled
2026-04-14 02:00,ord-000550,sell,74306.00,1776134149524,0,0,0,,,,0,cancelled
2026-04-14 02:00,ord-000551,buy,74294.61,1776134154524,0,0,0,,,,0,cancelled
2026-04-14 02:00,ord-000552,sell,74298.62,1776134154524,0,0,0,,,,0,cancelled
2026-04-14 02:00,ord-000553,buy,74283.95,1776134197724,0,0,0,,,,0,cancelled
2026-04-14 02:00,ord-000554,sell,74287.96,1776134197724,0,0,0,,,,0,cancelled
2026-04-14 02:00,ord-000555,buy,74294.61,1776134202724,0,0,0,,,,0,cancelled
2026-04-14 02:00,ord-000556,sell,74298.62,1776134202724,0,0,0,,,,0,cancelled
2026-04-14 02:00,ord-000557,buy,74286.13,1776134217224,0,0,0,,,,0,cancelled
2026-04-14 02:00,ord-000558,sell,74290.14,1776134217224,0,0,0,,,,0,cancelled
2026-04-14 02:00,ord-000559,buy,74294.61,1776134222224,0,0,0,,,,0,cancelled
2026-04-14 02:00,ord-000560,sell,74298.62,1776134222224,0,0,0,,,,0,cancelled
2026-04-14 02:00,ord-000561,buy,74297.99,1776134227224,0.00014000,0,0,,,,0,cancelled
2026-04-14 02:00,ord-000562,sell,74302.00,1776134227224,0.00120000,0.00120000,0,,,,0,cancelled
2026-04-14 02:00,ord-000563,buy,74301.61,1776134234524,0,0,0,,,,0,cancelled
2026-04-14 02:00,ord-000564,sell,74305.62,1776134234524,0,0,0,,,,0,cancelled
2026-04-14 02:00,ord-000565,buy,74303.99,1776134239524,0,0,0,,,,0,cancelled
2026-04-14 02:00,ord-000566,sell,74308.00,1776134239524,0.00120000,0.00120000,0,,,,0,cancelled
2026-04-14 02:00,ord-000567,buy,74306.44,1776134245124,0,0,0,,,,0,cancelled
2026-04-14 02:00,ord-000568,sell,74310.45,1776134245124,0,0,0,,,,0,cancelled
2026-04-14 02:00,ord-000569,buy,74307.39,1776134250124,0,0,0,,,,0,cancelled
2026-04-14 02:00,ord-000570,sell,74311.40,1776134250124,0,0,0,,,,0,cancelled
2026-04-14 02:00,ord-000571,buy,74318.64,1776134255124,0,0,0,,,,0,cancelled
2026-04-14 02:00,ord-000572,sell,74322.65,1776134255124,0,0,0,,,,0,cancelled
2026-04-14 02:00,ord-000573,buy,74327.99,1776134271824,0,0,0,,,,0,cancelled
2026-04-14 02:00,ord-000574,sell,74332.00,1776134271824,0.00120000,0.00120000,0,,,,0,cancelled
2026-04-14 02:00,ord-000575,buy,74331.38,1776134276824,0.01360000,0,0.01360000000000000000000000000,,,,0,cancelled
2026-04-14 02:00,ord-000576,sell,74335.39,1776134276824,0,0,0,,,,0,cancelled
2026-04-14 02:00,ord-000577,buy,74362.64,1776134281824,0,0,0,,,,0,cancelled
2026-04-14 02:00,ord-000578,sell,74366.65,1776134281824,0.00007000,0.00007000,0,,,,0,cancelled
2026-04-14 02:00,ord-000579,buy,74377.52,1776134286824,0,0,0,,,,0,cancelled
2026-04-14 02:00,ord-000580,sell,74381.53,1776134286824,0,0,0,,,,0,cancelled
2026-04-14 02:00,ord-000581,buy,74364.07,1776134291824,0,0,0,,,,0,cancelled
2026-04-14 02:00,ord-000582,sell,74368.08,1776134291824,0,0,0,,,,0,cancelled
2026-04-14 02:00,ord-000583,buy,74331.38,1776134296824,0,0,0,,,,0,cancelled
2026-04-14 02:00,ord-000584,sell,74335.39,1776134296824,0,0,0,,,,0,cancelled
2026-04-14 02:00,ord-000585,buy,74321.18,1776134301824,0,0,0,,,,0,cancelled
2026-04-14 02:00,ord-000586,sell,74325.19,1776134301824,0,0,0,,,,0,cancelled
2026-04-14 02:00,ord-000587,buy,74329.99,1776134309224,0,0,0,,,,0,cancelled
2026-04-14 02:00,ord-000588,sell,74334.00,1776134309224,0.00120000,0.00120000,0,,,,0,cancelled
2026-04-14 02:00,ord-000589,buy,74335.29,1776134314224,0,0,0,,,,0,cancelled
2026-04-14 02:00,ord-000590,sell,74339.30,1776134314224,0,0,0,,,,0,cancelled
2026-04-14 02:00,ord-000591,buy,74331.38,1776134322024,0,0,0,,,,0,cancelled
2026-04-14 02:00,ord-000592,sell,74335.39,1776134322024,0,0,0,,,,0,cancelled
2026-04-14 02:00,ord-000593,buy,74344.80,1776134327024,0,0,0,,,,0,cancelled
2026-04-14 02:00,ord-000594,sell,74348.81,1776134327024,0,0,0,,,,0,cancelled
2026-04-14 02:00,ord-000595,buy,74350.16,1776134335524,0,0,0,,,,0,cancelled
2026-04-14 02:00,ord-000596,sell,74354.17,1776134335524,0,0,0,,,,0,cancelled
2026-04-14 02:00,ord-000597,buy,74355.92,1776134340524,0,0,0,,,,0,cancelled
2026-04-14 02:00,ord-000598,sell,74359.93,1776134340524,0,0,0,,,,0,cancelled
2026-04-14 02:00,ord-000599,buy,74348.00,1776134345524,0.00120000,0,0,,,,0,cancelled
2026-04-14 02:00,ord-000600,sell,74352.01,1776134345524,0,0,0,,,,0,cancelled
2026-04-14 02:00,ord-000601,buy,74350.93,1776134350524,0,0,0,,,,0,cancelled
2026-04-14 02:00,ord-000602,sell,74354.94,1776134350524,0,0,0,,,,0,cancelled
2026-04-14 02:00,ord-000603,buy,74374.28,1776134355524,0.00023000,0,0.0002300000000000000000000000000,,,,0,cancelled
2026-04-14 02:00,ord-000604,sell,74378.29,1776134355524,0,0,0,,,,0,cancelled
2026-04-14 02:00,ord-000605,buy,74388.00,1776134360524,0,0,0,,,,0,cancelled
2026-04-14 02:00,ord-000606,sell,74392.01,1776134360524,0,0,0,1776134363252,0,0,0.00028000,cancelled
2026-04-14 02:00,ord-000607,buy,74391.70,1776134365524,0,0,0,,,,0,cancelled
2026-04-14 02:00,ord-000608,sell,74395.71,1776134365524,0,0,0,,,,0,cancelled
2026-04-14 02:00,ord-000609,buy,74402.88,1776134370524,0,0,0,,,,0,cancelled
2026-04-14 02:00,ord-000610,sell,74406.89,1776134370524,0,0,0,,,,0,cancelled
2026-04-14 02:00,ord-000611,buy,74398.02,1776134375524,0,0,0,,,,0,cancelled
2026-04-14 02:00,ord-000612,sell,74402.03,1776134375524,0,0,0,,,,0,cancelled
2026-04-14 02:00,ord-000613,buy,74406.58,1776134380524,0,0,0,,,,0,cancelled
2026-04-14 02:00,ord-000614,sell,74410.59,1776134380524,0,0,0,,,,0,cancelled
2026-04-14 02:00,ord-000615,buy,74401.72,1776134401124,0,0,0,,,,0,cancelled
2026-04-14 02:00,ord-000616,sell,74405.73,1776134401124,0,0,0,,,,0,cancelled
2026-04-14 02:00,ord-000617,buy,74409.17,1776134409324,0,0,0,,,,0,cancelled
2026-04-14 02:00,ord-000618,sell,74413.18,1776134409324,0,0,0,,,,0,cancelled
2026-04-14 02:00,ord-000619,buy,74433.63,1776134414324,0,0,0,,,,0,cancelled
2026-04-14 02:00,ord-000620,sell,74437.64,1776134414324,0,0,0,,,,0,cancelled
2026-04-14 02:00,ord-000621,buy,74439.75,1776134419324,0,0,0,,,,0,cancelled
2026-04-14 02:00,ord-000622,sell,74443.76,1776134419324,0,0,0,,,,0,cancelled
2026-04-14 02:00,ord-000623,buy,74449.74,1776134426824,0.00007000,0,0,,,,0,cancelled
2026-04-14 02:00,ord-000624,sell,74453.75,1776134426824,0,0,0,,,,0,cancelled
2026-04-14 02:00,ord-000625,buy,74451.51,1776134431824,0,0,0,,,,0,cancelled
2026-04-14 02:00,ord-000626,sell,74455.52,1776134431824,0,0,0,,,,0,cancelled
2026-04-14 02:00,ord-000627,buy,74445.46,1776134443225,0,0,0,,,,0,cancelled
2026-04-14 02:00,ord-000628,sell,74449.47,1776134443225,0,0,0,,,,0,cancelled
2026-04-14 02:00,ord-000629,buy,74442.29,1776134454724,0,0,0,,,,0,cancelled
2026-04-14 02:00,ord-000630,sell,74446.30,1776134454724,0,0,0,,,,0,cancelled
2026-04-14 02:00,ord-000631,buy,74436.04,1776134459724,0,0,0,,,,0,cancelled
2026-04-14 02:00,ord-000632,sell,74440.05,1776134459724,0,0,0,,,,0,cancelled
2026-04-14 02:00,ord-000633,buy,74451.76,1776134464724,0,0,0,,,,0,cancelled
2026-04-14 02:00,ord-000634,sell,74455.77,1776134464724,0,0,0,,,,0,cancelled
2026-04-14 02:00,ord-000635,buy,74446.54,1776134477524,0,0,0,,,,0,cancelled
2026-04-14 02:00,ord-000636,sell,74450.55,1776134477524,0,0,0,,,,0,cancelled
2026-04-14 02:00,ord-000637,buy,74443.59,1776134482524,0,0,0,,,,0,cancelled
2026-04-14 02:00,ord-000638,sell,74447.60,1776134482524,0,0,0,,,,0,cancelled
2026-04-14 02:00,ord-000639,buy,74442.28,1776134487524,0,0,0,,,,0,cancelled
2026-04-14 02:00,ord-000640,sell,74446.29,1776134487524,0,0,0,,,,0,cancelled
2026-04-14 02:00,ord-000641,buy,74435.00,1776134492524,0,0,0,,,,0,cancelled
2026-04-14 02:00,ord-000642,sell,74439.01,1776134492524,0,0,0,,,,0,cancelled
2026-04-14 02:00,ord-000643,buy,74441.98,1776134501824,0,0,0,,,,0,cancelled
2026-04-14 02:00,ord-000644,sell,74445.99,1776134501824,0,0,0,,,,0,cancelled
2026-04-14 02:00,ord-000645,buy,74446.50,1776134506825,0,0,0,,,,0,cancelled
2026-04-14 02:00,ord-000646,sell,74450.51,1776134506825,0,0,0,,,,0,cancelled
2026-04-14 02:00,ord-000647,buy,74435.04,1776134511924,0,0,0,,,,0,cancelled
2026-04-14 02:00,ord-000648,sell,74439.05,1776134511924,0,0,0,,,,0,cancelled
2026-04-14 02:00,ord-000649,buy,74435.00,1776134526925,0,0,0,,,,0,cancelled
2026-04-14 02:00,ord-000650,sell,74439.01,1776134526925,0,0,0,,,,0,cancelled
2026-04-14 02:00,ord-000651,buy,74421.04,1776134532024,0,0,0,,,,0,cancelled
2026-04-14 02:00,ord-000652,sell,74425.05,1776134532024,0,0,0,,,,0,cancelled
2026-04-14 02:00,ord-000653,buy,74419.44,1776134539124,0,0,0,,,,0,cancelled
2026-04-14 02:00,ord-000654,sell,74423.45,1776134539124,0,0,0,,,,0,cancelled
2026-04-14 02:00,ord-000655,buy,74413.05,1776134544124,0,0,0,,,,0,cancelled
2026-04-14 02:00,ord-000656,sell,74417.06,1776134544124,0,0,0,,,,0,cancelled
2026-04-14 02:00,ord-000657,buy,74418.56,1776134617924,0,0,0,,,,0,cancelled
2026-04-14 02:00,ord-000658,sell,74422.57,1776134617924,0,0,0,,,,0,cancelled
2026-04-14 02:00,ord-000659,buy,74419.44,1776134622925,0,0,0,,,,0,cancelled
2026-04-14 02:00,ord-000660,sell,74423.45,1776134622925,0,0,0,,,,0,cancelled
2026-04-14 02:00,ord-000661,buy,74415.60,1776134638124,0.00023000,0,0.00023000,,,,0,cancelled
2026-04-14 02:00,ord-000662,sell,74419.61,1776134638124,0,0,0,,,,0,cancelled
2026-04-14 02:00,ord-000663,buy,74421.04,1776134643124,0,0,0,,,,0,cancelled
2026-04-14 02:00,ord-000664,sell,74425.05,1776134643124,0,0,0,,,,0,cancelled
2026-04-14 02:00,ord-000665,buy,74424.70,1776134663924,0,0,0,,,,0,cancelled
2026-04-14 02:00,ord-000666,sell,74428.71,1776134663924,0,0,0,,,,0,cancelled
2026-04-14 02:00,ord-000667,buy,74426.10,1776134668924,0,0,0,,,,0,cancelled
2026-04-14 02:00,ord-000668,sell,74430.11,1776134668924,0,0,0,,,,0,cancelled
2026-04-14 02:00,ord-000669,buy,74427.98,1776134698724,0,0,0,,,,0,cancelled
2026-04-14 02:00,ord-000670,sell,74431.99,1776134698724,0,0,0,,,,0,cancelled
2026-04-14 02:00,ord-000671,buy,74422.00,1776134734724,0.00080000,0,0,,,,0,cancelled
2026-04-14 02:00,ord-000672,sell,74426.01,1776134734724,0,0,0,,,,0,cancelled
2026-04-14 02:00,ord-000673,buy,74413.05,1776134739724,0,0,0,,,,0,cancelled
2026-04-14 02:00,ord-000674,sell,74417.06,1776134739724,0,0,0,,,,0,cancelled
2026-04-14 02:00,ord-000675,buy,74409.16,1776134761624,0,0,0,,,,0,cancelled
2026-04-14 02:00,ord-000676,sell,74413.17,1776134761624,0,0,0,,,,0,cancelled
2026-04-14 02:00,ord-000677,buy,74394.64,1776134766624,0,0,0,,,,0,cancelled
2026-04-14 02:00,ord-000678,sell,74398.65,1776134766624,0,0,0,,,,0,cancelled
2026-04-14 02:00,ord-000679,buy,74393.31,1776134771625,0,0,0,,,,0,cancelled
2026-04-14 02:00,ord-000680,sell,74397.32,1776134771625,0,0,0,,,,0,cancelled
2026-04-14 02:00,ord-000681,buy,74391.72,1776134776724,0,0,0,,,,0,cancelled
2026-04-14 02:00,ord-000682,sell,74395.73,1776134776724,0,0,0,,,,0,cancelled
2026-04-14 02:00,ord-000683,buy,74386.31,1776134806224,0,0,0,,,,0,cancelled
2026-04-14 02:00,ord-000684,sell,74390.32,1776134806224,0,0,0,,,,0,cancelled
2026-04-14 02:00,ord-000685,buy,74386.32,1776134820424,0.00898000,0,0.000237880794701986754966887416,,,,0,cancelled
2026-04-14 02:00,ord-000686,sell,74390.33,1776134820424,0,0,0,,,,0,cancelled
2026-04-14 02:00,ord-000687,buy,74397.99,1776134825424,0,0,0,,,,0,cancelled
2026-04-14 02:00,ord-000688,sell,74402.00,1776134825424,0.00120000,0.0004005833967582669002865177096,0.0007994166032417330997134822904,1776134858743,0.0002205833967582669002865177096,0.0000000000000000000000000000000,0.0007994166032417330997134822904,cancelled
2026-04-14 02:00,ord-000689,buy,74406.01,1776134858824,0,0,0,,,,0,cancelled
2026-04-14 02:00,ord-000690,sell,74410.02,1776134858824,0,0,0,,,,0,cancelled
2026-04-14 02:00,ord-000691,buy,74426.04,1776134863824,0,0,0,,,,0,cancelled
2026-04-14 02:00,ord-000692,sell,74430.05,1776134863824,0,0,0,,,,0,cancelled
2026-04-14 02:00,ord-000693,buy,74422.00,1776134870824,0.00080000,0,0,,,,0,cancelled
2026-04-14 02:00,ord-000694,sell,74426.01,1776134870824,0,0,0,,,,0,cancelled
2026-04-14 02:00,ord-000695,buy,74426.03,1776134889324,0,0,0,,,,0,cancelled
2026-04-14 02:00,ord-000696,sell,74430.04,1776134889324,0,0,0,,,,0,cancelled
2026-04-14 02:00,ord-000697,buy,74427.98,1776134894624,0,0,0,,,,0,cancelled
2026-04-14 02:00,ord-000698,sell,74431.99,1776134894624,0,0,0,,,,0,cancelled
2026-04-14 02:00,ord-000699,buy,74423.00,1776134921924,0,0,0,,,,0,cancelled
2026-04-14 02:00,ord-000700,sell,74427.01,1776134921924,0,0,0,,,,0,cancelled
2026-04-14 02:00,ord-000701,buy,74422.01,1776134926924,0,0,0,,,,0,cancelled
2026-04-14 02:00,ord-000702,sell,74426.02,1776134926924,0,0,0,,,,0,cancelled
2026-04-14 02:00,ord-000703,buy,74422.00,1776134942924,0.00080000,0.00080000,0,,,,0,cancelled
2026-04-14 02:00,ord-000704,sell,74426.01,1776134942924,0,0,0,,,,0,cancelled
2026-04-14 02:00,ord-000705,buy,74409.35,1776134947924,0,0,0,,,,0,cancelled
2026-04-14 02:00,ord-000706,sell,74413.36,1776134947924,0,0,0,,,,0,cancelled
2026-04-14 02:00,ord-000707,buy,74408.48,1776134952924,0,0,0,,,,0,cancelled
2026-04-14 02:00,ord-000708,sell,74412.49,1776134952924,0,0,0,,,,0,cancelled
2026-04-14 02:00,ord-000709,buy,74393.59,1776134959764,0,0,0,,,,0,cancelled
2026-04-14 02:00,ord-000710,sell,74397.60,1776134959764,0,0,0,,,,0,cancelled
2026-04-14 02:00,ord-000711,buy,74401.48,1776134964824,0,0,0,,,,0,cancelled
2026-04-14 02:00,ord-000712,sell,74405.49,1776134964824,0,0,0,,,,0,cancelled
2026-04-14 02:00,ord-000713,buy,74408.46,1776134988430,0,0,0,,,,0,cancelled
2026-04-14 02:00,ord-000714,sell,74412.47,1776134988430,0,0,0,,,,0,cancelled
2026-04-14 02:00,ord-000715,buy,74422.00,1776134993524,0,0,0,,,,0,cancelled
2026-04-14 02:00,ord-000716,sell,74426.01,1776134993524,0,0,0,,,,0,cancelled
2026-04-14 02:00,ord-000717,buy,74437.00,1776134998524,0,0,0,,,,0,cancelled
2026-04-14 02:00,ord-000718,sell,74441.01,1776134998524,0,0,0,,,,0,cancelled
2026-04-14 02:00,ord-000719,buy,74422.15,1776135003524,0,0,0,,,,0,cancelled
2026-04-14 02:00,ord-000720,sell,74426.16,1776135003524,0,0,0,,,,0,cancelled
2026-04-14 02:00,ord-000721,buy,74418.06,1776135008524,0,0,0,,,,0,cancelled
2026-04-14 02:00,ord-000722,sell,74422.07,1776135008524,0,0,0,,,,0,cancelled
2026-04-14 02:00,ord-000723,buy,74410.98,1776135013524,0,0,0,,,,0,cancelled
2026-04-14 02:00,ord-000724,sell,74414.99,1776135013524,0,0,0,,,,0,cancelled
2026-04-14 02:00,ord-000725,buy,74405.59,1776135019224,0,0,0,,,,0,cancelled
2026-04-14 02:00,ord-000726,sell,74409.60,1776135019224,0,0,0,,,,0,cancelled
2026-04-14 02:00,ord-000727,buy,74403.29,1776135024224,0,0,0,,,,0,cancelled
2026-04-14 02:00,ord-000728,sell,74407.30,1776135024224,0,0,0,,,,0,cancelled
2026-04-14 02:00,ord-000729,buy,74409.42,1776135029224,0,0,0,,,,0,cancelled
2026-04-14 02:00,ord-000730,sell,74413.43,1776135029224,0,0,0,,,,0,cancelled
2026-04-14 02:00,ord-000731,buy,74404.00,1776135034224,0.00080000,0.00080000,0,,,,0,cancelled
2026-04-14 02:00,ord-000732,sell,74408.01,1776135034224,0,0,0,,,,0,cancelled
2026-04-14 02:00,ord-000733,buy,74389.11,1776135039224,0,0,0,,,,0,cancelled
2026-04-14 02:00,ord-000734,sell,74393.12,1776135039224,0,0,0,,,,0,cancelled
2026-04-14 02:00,ord-000735,buy,74381.17,1776135044224,0,0,0,,,,0,cancelled
2026-04-14 02:00,ord-000736,sell,74385.18,1776135044224,0,0,0,,,,0,cancelled
2026-04-14 02:00,ord-000737,buy,74381.16,1776135049224,0,0,0,,,,0,cancelled
2026-04-14 02:00,ord-000738,sell,74385.17,1776135049224,0,0,0,,,,0,cancelled
2026-04-14 02:00,ord-000739,buy,74367.08,1776135054224,0,0,0,,,,0,cancelled
2026-04-14 02:00,ord-000740,sell,74371.09,1776135054224,0,0,0,,,,0,cancelled
2026-04-14 02:00,ord-000741,buy,74363.03,1776135059424,0,0,0,,,,0,cancelled
2026-04-14 02:00,ord-000742,sell,74367.04,1776135059424,0,0,0,,,,0,cancelled
2026-04-14 02:00,ord-000743,buy,74380.01,1776135064424,0,0,0,,,,0,cancelled
2026-04-14 02:00,ord-000744,sell,74384.02,1776135064424,0,0,0,,,,0,cancelled
2026-04-14 02:00,ord-000745,buy,74381.16,1776135074124,0,0,0,,,,0,cancelled
2026-04-14 02:00,ord-000746,sell,74385.17,1776135074124,0,0,0,,,,0,cancelled
2026-04-14 02:00,ord-000747,buy,74384.00,1776135079124,0.00120000,0.00120000,0,,,,0,cancelled
2026-04-14 02:00,ord-000748,sell,74388.01,1776135079124,0,0,0,,,,0,cancelled
2026-04-14 02:00,ord-000749,buy,74379.77,1776135084124,0,0,0,,,,0,cancelled
2026-04-14 02:00,ord-000750,sell,74383.78,1776135084124,0,0,0,,,,0,cancelled
2026-04-14 02:00,ord-000751,buy,74367.27,1776135089124,0,0,0,,,,0,cancelled
2026-04-14 02:00,ord-000752,sell,74371.28,1776135089124,0,0,0,,,,0,cancelled
2026-04-14 02:00,ord-000753,buy,74369.16,1776135115924,0,0,0,,,,0,cancelled
2026-04-14 02:00,ord-000754,sell,74373.17,1776135115924,0,0,0,,,,0,cancelled
2026-04-14 02:00,ord-000755,buy,74367.29,1776135120924,0,0,0,,,,0,cancelled
2026-04-14 02:00,ord-000756,sell,74371.30,1776135120924,0,0,0,,,,0,cancelled
2026-04-14 02:00,ord-000757,buy,74374.71,1776135125924,0,0,0,,,,0,cancelled
2026-04-14 02:00,ord-000758,sell,74378.72,1776135125924,0,0,0,,,,0,cancelled
2026-04-14 02:00,ord-000759,buy,74384.40,1776135130924,0,0,0,,,,0,cancelled
2026-04-14 02:00,ord-000760,sell,74388.41,1776135130924,0,0,0,,,,0,cancelled
2026-04-14 02:00,ord-000761,buy,74384.94,1776135180124,0,0,0,,,,0,cancelled
2026-04-14 02:00,ord-000762,sell,74388.95,1776135180124,0,0,0,,,,0,cancelled
2026-04-14 02:00,ord-000763,buy,74381.08,1776135185124,0,0,0,,,,0,cancelled
2026-04-14 02:00,ord-000764,sell,74385.09,1776135185124,0,0,0,,,,0,cancelled
2026-04-14 02:00,ord-000765,buy,74366.66,1776135190124,0,0,0,,,,0,cancelled
2026-04-14 02:00,ord-000766,sell,74370.67,1776135190124,0,0,0,,,,0,cancelled
2026-04-14 02:00,ord-000767,buy,74369.16,1776135199424,0,0,0,,,,0,cancelled
2026-04-14 02:00,ord-000768,sell,74373.17,1776135199424,0,0,0,,,,0,cancelled
2026-04-14 02:00,ord-000769,buy,74373.96,1776135204424,0,0,0,,,,0,cancelled
2026-04-14 02:00,ord-000770,sell,74377.97,1776135204424,0,0,0,,,,0,cancelled
2026-04-14 02:00,ord-000771,buy,74373.29,1776135227625,0,0,0,,,,0,cancelled
2026-04-14 02:00,ord-000772,sell,74377.30,1776135227625,0,0,0,,,,0,cancelled
2026-04-14 02:00,ord-000773,buy,74372.49,1776135232726,0,0,0,,,,0,cancelled
2026-04-14 02:00,ord-000774,sell,74376.50,1776135232726,0,0,0,,,,0,cancelled
2026-04-14 02:00,ord-000775,buy,74366.87,1776135244024,0,0,0,,,,0,cancelled
2026-04-14 02:00,ord-000776,sell,74370.88,1776135244024,0,0,0,,,,0,cancelled
2026-04-14 02:00,ord-000777,buy,74364.59,1776135249024,0,0,0,,,,0,cancelled
2026-04-14 02:00,ord-000778,sell,74368.60,1776135249024,0,0,0,,,,0,cancelled
2026-04-14 02:00,ord-000779,buy,74361.98,1776135254025,0,0,0,,,,0,cancelled
2026-04-14 02:00,ord-000780,sell,74365.99,1776135254025,0,0,0,,,,0,cancelled
2026-04-14 02:00,ord-000781,buy,74352.16,1776135260129,0,0,0,,,,0,cancelled
2026-04-14 02:00,ord-000782,sell,74356.17,1776135260129,0,0,0,,,,0,cancelled
2026-04-14 02:00,ord-000783,buy,74334.00,1776135265225,0.00120000,0.00120000,0,,,,0,cancelled
2026-04-14 02:00,ord-000784,sell,74338.01,1776135265225,0,0,0,,,,0,cancelled
2026-04-14 02:00,ord-000785,buy,74322.20,1776135270324,0,0,0,,,,0,cancelled
2026-04-14 02:00,ord-000786,sell,74326.21,1776135270324,0,0,0,,,,0,cancelled
2026-04-14 02:00,ord-000787,buy,74312.34,1776135275324,0,0,0,,,,0,cancelled
2026-04-14 02:00,ord-000788,sell,74316.35,1776135275324,0,0,0,,,,0,cancelled
2026-04-14 02:00,ord-000789,buy,74311.33,1776135281024,0,0,0,,,,0,cancelled
2026-04-14 02:00,ord-000790,sell,74315.34,1776135281024,0,0,0,,,,0,cancelled
2026-04-14 02:00,ord-000791,buy,74316.74,1776135286024,0,0,0,,,,0,cancelled
2026-04-14 02:00,ord-000792,sell,74320.75,1776135286024,0,0,0,,,,0,cancelled
2026-04-14 02:00,ord-000793,buy,74325.99,1776135291024,0,0,0,,,,0,cancelled
2026-04-14 02:00,ord-000794,sell,74330.00,1776135291024,0.00356000,0,0.000070000000000000000000000000,,,,0,cancelled
2026-04-14 02:00,ord-000795,buy,74320.85,1776135300524,0,0,0,,,,0,cancelled
2026-04-14 02:00,ord-000796,sell,74324.86,1776135300524,0,0,0,,,,0,cancelled
2026-04-14 02:00,ord-000797,buy,74316.70,1776135306524,0,0,0,,,,0,cancelled
2026-04-14 02:00,ord-000798,sell,74320.71,1776135306524,0,0,0,,,,0,cancelled
2026-04-14 02:00,ord-000799,buy,74312.41,1776135311524,0,0,0,,,,0,cancelled
2026-04-14 02:00,ord-000800,sell,74316.42,1776135311524,0,0,0,,,,0,cancelled
2026-04-14 02:00,ord-000801,buy,74314.71,1776135328024,0,0,0,,,,0,cancelled
2026-04-14 02:00,ord-000802,sell,74318.72,1776135328024,0,0,0,,,,0,cancelled
2026-04-14 02:00,ord-000803,buy,74319.99,1776135333024,0,0,0,,,,0,cancelled
2026-04-14 02:00,ord-000804,sell,74324.00,1776135333024,0.00120000,0,0,,,,0,cancelled
2026-04-14 02:00,ord-000805,buy,74320.85,1776135338024,0,0,0,,,,0,cancelled
2026-04-14 02:00,ord-000806,sell,74324.86,1776135338024,0,0,0,,,,0,cancelled
2026-04-14 02:00,ord-000807,buy,74325.42,1776135362024,0,0,0,,,,0,cancelled
2026-04-14 02:00,ord-000808,sell,74329.43,1776135362024,0,0,0,,,,0,cancelled
2026-04-14 02:00,ord-000809,buy,74327.23,1776135385824,0,0,0,,,,0,cancelled
2026-04-14 02:00,ord-000810,sell,74331.24,1776135385824,0,0,0,,,,0,cancelled
2026-04-14 02:00,ord-000811,buy,74329.55,1776135390824,0,0,0,,,,0,cancelled
2026-04-14 02:00,ord-000812,sell,74333.56,1776135390824,0,0,0,,,,0,cancelled
2026-04-14 02:00,ord-000813,buy,74338.87,1776135408924,0,0,0,,,,0,cancelled
2026-04-14 02:00,ord-000814,sell,74342.88,1776135408924,0,0,0,,,,0,cancelled
2026-04-14 02:00,ord-000815,buy,74346.48,1776135413924,0,0,0,,,,0,cancelled
2026-04-14 02:00,ord-000816,sell,74350.49,1776135413924,0,0,0,,,,0,cancelled
2026-04-14 02:00,ord-000817,buy,74351.99,1776135418924,0,0,0,,,,0,cancelled
2026-04-14 02:00,ord-000818,sell,74356.00,1776135418924,0.00120000,0.00120000,0,,,,0,cancelled
2026-04-14 02:00,ord-000819,buy,74361.98,1776135423924,0,0,0,,,,0,cancelled
2026-04-14 02:00,ord-000820,sell,74365.99,1776135423924,0,0,0,,,,0,cancelled
2026-04-14 02:00,ord-000821,buy,74353.18,1776135435224,0,0,0,,,,0,cancelled
2026-04-14 02:00,ord-000822,sell,74357.19,1776135435224,0,0,0,,,,0,cancelled
2026-04-14 02:00,ord-000823,buy,74347.27,1776135440224,0,0,0,,,,0,cancelled
2026-04-14 02:00,ord-000824,sell,74351.28,1776135440224,0,0,0,,,,0,cancelled
2026-04-14 02:00,ord-000825,buy,74346.49,1776135455725,0,0,0,,,,0,cancelled
2026-04-14 02:00,ord-000826,sell,74350.50,1776135455725,0,0,0,,,,0,cancelled
2026-04-14 02:00,ord-000827,buy,74344.28,1776135462624,0,0,0,,,,0,cancelled
2026-04-14 02:00,ord-000828,sell,74348.29,1776135462624,0,0,0,,,,0,cancelled
2026-04-14 02:00,ord-000829,buy,74347.24,1776135467624,0,0,0,,,,0,cancelled
2026-04-14 02:00,ord-000830,sell,74351.25,1776135467624,0,0,0,,,,0,cancelled
2026-04-14 02:00,ord-000831,buy,74361.98,1776135472624,0,0,0,,,,0,cancelled
2026-04-14 02:00,ord-000832,sell,74365.99,1776135472624,0,0,0,,,,0,cancelled
2026-04-14 02:00,ord-000833,buy,74354.90,1776135477624,0,0,0,,,,0,cancelled
2026-04-14 02:00,ord-000834,sell,74358.91,1776135477624,0,0,0,,,,0,cancelled
2026-04-14 02:00,ord-000835,buy,74353.90,1776135495524,0,0,0,,,,0,cancelled
2026-04-14 02:00,ord-000836,sell,74357.91,1776135495524,0,0,0,,,,0,cancelled
2026-04-14 02:00,ord-000837,buy,74352.40,1776135500524,0,0,0,,,,0,cancelled
2026-04-14 02:00,ord-000838,sell,74356.41,1776135500524,0,0,0,,,,0,cancelled
2026-04-14 02:00,ord-000839,buy,74349.47,1776135521624,0.00016000,0,0.00016000,,,,0,cancelled
2026-04-14 02:00,ord-000840,sell,74353.48,1776135521624,0,0,0,,,,0,cancelled
2026-04-14 02:00,ord-000841,buy,74344.26,1776135526624,0,0,0,,,,0,cancelled
2026-04-14 02:00,ord-000842,sell,74348.27,1776135526624,0,0,0,,,,0,cancelled
2026-04-14 02:00,ord-000843,buy,74333.97,1776135535325,0.00008000,0,0,,,,0,cancelled
2026-04-14 02:00,ord-000844,sell,74337.98,1776135535325,0,0,0,,,,0,cancelled
2026-04-14 02:00,ord-000845,buy,74336.12,1776135542024,0,0,0,,,,0,cancelled
2026-04-14 02:00,ord-000846,sell,74340.13,1776135542024,0,0,0,,,,0,cancelled
2026-04-14 02:00,ord-000847,buy,74324.38,1776135547024,0,0,0,,,,0,cancelled
2026-04-14 02:00,ord-000848,sell,74328.39,1776135547024,0,0,0,,,,0,cancelled
2026-04-14 02:00,ord-000849,buy,74331.71,1776135557824,0,0,0,,,,0,cancelled
2026-04-14 02:00,ord-000850,sell,74335.72,1776135557824,0,0,0,,,,0,cancelled
2026-04-14 02:00,ord-000851,buy,74333.62,1776135562824,0,0,0,,,,0,cancelled
2026-04-14 02:00,ord-000852,sell,74337.63,1776135562824,0,0,0,,,,0,cancelled
2026-04-14 02:00,ord-000853,buy,74336.25,1776135567824,0,0,0,,,,0,cancelled
2026-04-14 02:00,ord-000854,sell,74340.26,1776135567824,0,0,0,,,,0,cancelled
2026-04-14 02:00,ord-000855,buy,74332.76,1776135588024,0,0,0,,,,0,cancelled
2026-04-14 02:00,ord-000856,sell,74336.77,1776135588024,0,0,0,,,,0,cancelled
2026-04-14 02:00,ord-000857,buy,74328.98,1776135593024,0,0,0,,,,0,expired
2026-04-14 02:00,ord-000858,sell,74332.99,1776135593024,0,0,0,,,,0,expired
2026-04-14 03:00,ord-000001,buy,74328.98,1776135600124,0,0,0,,,,0,cancelled
2026-04-14 03:00,ord-000002,sell,74332.99,1776135600124,0,0,0,,,,0,cancelled
2026-04-14 03:00,ord-000003,buy,74312.00,1776135605124,0.00120000,0,0,,,,0,cancelled
2026-04-14 03:00,ord-000004,sell,74316.01,1776135605124,0.00007000,0.00007000,0,1776135605158,0.00007000,0.00000000,0.00007000,cancelled
2026-04-14 03:00,ord-000005,buy,74319.44,1776135610124,0,0,0,,,,0,cancelled
2026-04-14 03:00,ord-000006,sell,74323.45,1776135610124,0,0,0,,,,0,cancelled
2026-04-14 03:00,ord-000007,buy,74318.63,1776135615324,0,0,0,,,,0,cancelled
2026-04-14 03:00,ord-000008,sell,74322.64,1776135615324,0,0,0,,,,0,cancelled
2026-04-14 03:00,ord-000009,buy,74313.59,1776135620324,0,0,0,,,,0,cancelled
2026-04-14 03:00,ord-000010,sell,74317.60,1776135620324,0,0,0,,,,0,cancelled
2026-04-14 03:00,ord-000011,buy,74306.67,1776135625324,0,0,0,,,,0,cancelled
2026-04-14 03:00,ord-000012,sell,74310.68,1776135625324,0,0,0,,,,0,cancelled
2026-04-14 03:00,ord-000013,buy,74305.33,1776135633024,0,0,0,,,,0,cancelled
2026-04-14 03:00,ord-000014,sell,74309.34,1776135633024,0,0,0,,,,0,cancelled
2026-04-14 03:00,ord-000015,buy,74302.35,1776135638024,0,0,0,,,,0,cancelled
2026-04-14 03:00,ord-000016,sell,74306.36,1776135638024,0,0,0,,,,0,cancelled
2026-04-14 03:00,ord-000017,buy,74294.86,1776135643025,0,0,0,,,,0,cancelled
2026-04-14 03:00,ord-000018,sell,74298.87,1776135643025,0,0,0,,,,0,cancelled
2026-04-14 03:00,ord-000019,buy,74304.87,1776135648124,0,0,0,,,,0,cancelled
2026-04-14 03:00,ord-000020,sell,74308.88,1776135648124,0,0,0,,,,0,cancelled
2026-04-14 03:00,ord-000021,buy,74306.67,1776135669224,0,0,0,,,,0,cancelled
2026-04-14 03:00,ord-000022,sell,74310.68,1776135669224,0,0,0,,,,0,cancelled
2026-04-14 03:00,ord-000023,buy,74317.83,1776135674224,0,0,0,,,,0,cancelled
2026-04-14 03:00,ord-000024,sell,74321.84,1776135674224,0,0,0,,,,0,cancelled
2026-04-14 03:00,ord-000025,buy,74318.61,1776135686024,0,0,0,,,,0,cancelled
2026-04-14 03:00,ord-000026,sell,74322.62,1776135686024,0,0,0,,,,0,cancelled
2026-04-14 03:00,ord-000027,buy,74314.77,1776135711524,0,0,0,,,,0,cancelled
2026-04-14 03:00,ord-000028,sell,74318.78,1776135711524,0,0,0,,,,0,cancelled
2026-04-14 03:00,ord-000029,buy,74303.72,1776135716524,0.00351000,0.00351000,0,,,,0,cancelled
2026-04-14 03:00,ord-000030,sell,74307.73,1776135716524,0,0,0,,,,0,cancelled
2026-04-14 03:00,ord-000031,buy,74297.99,1776135721524,0,0,0,,,,0,cancelled
2026-04-14 03:00,ord-000032,sell,74302.00,1776135721524,0,0,0,,,,0,cancelled
2026-04-14 03:00,ord-000033,buy,74291.19,1776135737924,0,0,0,,,,0,cancelled
2026-04-14 03:00,ord-000034,sell,74295.20,1776135737924,0,0,0,,,,0,cancelled
2026-04-14 03:00,ord-000035,buy,74294.25,1776135745424,0,0,0,,,,0,cancelled
2026-04-14 03:00,ord-000036,sell,74298.26,1776135745424,0,0,0,,,,0,cancelled
2026-04-14 03:00,ord-000037,buy,74314.76,1776135750424,0,0,0,,,,0,cancelled
2026-04-14 03:00,ord-000038,sell,74318.77,1776135750424,0,0,0,,,,0,cancelled
2026-04-14 03:00,ord-000039,buy,74318.99,1776135755424,0,0,0,,,,0,cancelled
2026-04-14 03:00,ord-000040,sell,74323.00,1776135755424,0,0,0,,,,0,cancelled
2026-04-14 03:00,ord-000041,buy,74314.76,1776135766024,0,0,0,,,,0,cancelled
2026-04-14 03:00,ord-000042,sell,74318.77,1776135766024,0.48424000,0,0.4842400000000000000000000000,,,,0,cancelled
2026-04-14 03:00,ord-000043,buy,74307.93,1776135771024,0,0,0,,,,0,cancelled
2026-04-14 03:00,ord-000044,sell,74311.94,1776135771024,0,0,0,,,,0,cancelled
2026-04-14 03:00,ord-000045,buy,74309.67,1776135793524,0,0,0,,,,0,cancelled
2026-04-14 03:00,ord-000046,sell,74313.68,1776135793524,0,0,0,,,,0,cancelled
2026-04-14 03:00,ord-000047,buy,74314.75,1776135805524,0,0,0,,,,0,cancelled
2026-04-14 03:00,ord-000048,sell,74318.76,1776135805524,0.00007000,0,0,,,,0,cancelled
2026-04-14 03:00,ord-000049,buy,74307.32,1776135812124,0,0,0,,,,0,cancelled
2026-04-14 03:00,ord-000050,sell,74311.33,1776135812124,0,0,0,,,,0,cancelled
2026-04-14 03:00,ord-000051,buy,74298.87,1776135824531,0,0,0,,,,0,cancelled
2026-04-14 03:00,ord-000052,sell,74302.88,1776135824531,0,0,0,,,,0,cancelled
2026-04-14 03:00,ord-000053,buy,74294.69,1776135829624,0,0,0,,,,0,cancelled
2026-04-14 03:00,ord-000054,sell,74298.70,1776135829624,0,0,0,,,,0,cancelled
2026-04-14 03:00,ord-000055,buy,74298.92,1776135834924,0,0,0,,,,0,cancelled
2026-04-14 03:00,ord-000056,sell,74302.93,1776135834924,0,0,0,,,,0,cancelled
2026-04-14 03:00,ord-000057,buy,74301.35,1776135840924,0,0,0,,,,0,cancelled
2026-04-14 03:00,ord-000058,sell,74305.36,1776135840924,0,0,0,,,,0,cancelled
2026-04-14 03:00,ord-000059,buy,74304.67,1776135845924,0,0,0,,,,0,cancelled
2026-04-14 03:00,ord-000060,sell,74308.68,1776135845924,0,0,0,,,,0,cancelled
2026-04-14 03:00,ord-000061,buy,74307.92,1776135855424,0,0,0,,,,0,cancelled
2026-04-14 03:00,ord-000062,sell,74311.93,1776135855424,0,0,0,,,,0,cancelled
2026-04-14 03:00,ord-000063,buy,74313.88,1776135873624,0,0,0,,,,0,cancelled
2026-04-14 03:00,ord-000064,sell,74317.89,1776135873624,0,0,0,,,,0,cancelled
2026-04-14 03:00,ord-000065,buy,74322.34,1776135878624,0,0,0,,,,0,cancelled
2026-04-14 03:00,ord-000066,sell,74326.35,1776135878624,0,0,0,,,,0,cancelled
2026-04-14 03:00,ord-000067,buy,74319.26,1776135895724,0,0,0,,,,0,cancelled
2026-04-14 03:00,ord-000068,sell,74323.27,1776135895724,0,0,0,,,,0,cancelled
2026-04-14 03:00,ord-000069,buy,74319.21,1776135901124,0,0,0,,,,0,cancelled
2026-04-14 03:00,ord-000070,sell,74323.22,1776135901124,0,0,0,,,,0,cancelled
2026-04-14 03:00,ord-000071,buy,74323.83,1776135908124,0,0,0,,,,0,cancelled
2026-04-14 03:00,ord-000072,sell,74327.84,1776135908124,0,0,0,,,,0,cancelled
2026-04-14 03:00,ord-000073,buy,74333.54,1776135913124,0,0,0,,,,0,cancelled
2026-04-14 03:00,ord-000074,sell,74337.55,1776135913124,0,0,0,,,,0,cancelled
2026-04-14 03:00,ord-000075,buy,74337.14,1776135918124,0,0,0,,,,0,cancelled
2026-04-14 03:00,ord-000076,sell,74341.15,1776135918124,0,0,0,,,,0,cancelled
2026-04-14 03:00,ord-000077,buy,74337.13,1776135928524,0,0,0,,,,0,cancelled
2026-04-14 03:00,ord-000078,sell,74341.14,1776135928524,0,0,0,,,,0,cancelled
2026-04-14 03:00,ord-000079,buy,74333.56,1776135935524,0,0,0,,,,0,cancelled
2026-04-14 03:00,ord-000080,sell,74337.57,1776135935524,0,0,0,,,,0,cancelled
2026-04-14 03:00,ord-000081,buy,74331.88,1776135940524,0,0,0,,,,0,cancelled
2026-04-14 03:00,ord-000082,sell,74335.89,1776135940524,0,0,0,,,,0,cancelled
2026-04-14 03:00,ord-000083,buy,74331.87,1776135956024,0,0,0,,,,0,cancelled
2026-04-14 03:00,ord-000084,sell,74335.88,1776135956024,0,0,0,,,,0,cancelled
2026-04-14 03:00,ord-000085,buy,74347.46,1776135978842,0,0,0,,,,0,cancelled
2026-04-14 03:00,ord-000086,sell,74351.47,1776135978842,0.00008000,0,0.00008000,,,,0,cancelled
2026-04-14 03:00,ord-000087,buy,74361.98,1776135983924,0,0,0,,,,0,cancelled
2026-04-14 03:00,ord-000088,sell,74365.99,1776135983924,0,0,0,,,,0,cancelled
2026-04-14 03:00,ord-000089,buy,74361.97,1776136000224,0,0,0,,,,0,cancelled
2026-04-14 03:00,ord-000090,sell,74365.98,1776136000224,0,0,0,,,,0,cancelled
2026-04-14 03:00,ord-000091,buy,74359.73,1776136009124,0,0,0,,,,0,cancelled
2026-04-14 03:00,ord-000092,sell,74363.74,1776136009124,0,0,0,,,,0,cancelled
2026-04-14 03:00,ord-000093,buy,74361.97,1776136014124,0,0,0,,,,0,cancelled
2026-04-14 03:00,ord-000094,sell,74365.98,1776136014124,0,0,0,,,,0,cancelled
2026-04-14 03:00,ord-000095,buy,74373.99,1776136019124,0,0,0,,,,0,cancelled
2026-04-14 03:00,ord-000096,sell,74378.00,1776136019124,0.00150000,0.00150000,0,1776136019560,0.00142000,0.00000000,0.001,filled
2026-04-14 03:00,ord-000097,buy,74376.86,1776136019624,0,0,0,,,,0,cancelled
2026-04-14 03:00,ord-000098,sell,74380.87,1776136019624,0,0,0,,,,0,cancelled
2026-04-14 03:00,ord-000099,buy,74387.35,1776136024626,0,0,0,,,,0,cancelled
2026-04-14 03:00,ord-000100,sell,74391.36,1776136024626,0,0,0,,,,0,cancelled
2026-04-14 03:00,ord-000101,buy,74397.43,1776136029724,0,0,0,,,,0,cancelled
2026-04-14 03:00,ord-000102,sell,74401.44,1776136029724,0,0,0,,,,0,cancelled
2026-04-14 03:00,ord-000103,buy,74377.68,1776136034724,0,0,0,,,,0,cancelled
2026-04-14 03:00,ord-000104,sell,74381.69,1776136034724,0,0,0,,,,0,cancelled
2026-04-14 03:00,ord-000105,buy,74376.87,1776136044324,0,0,0,,,,0,cancelled
2026-04-14 03:00,ord-000106,sell,74380.88,1776136044324,0,0,0,,,,0,cancelled
2026-04-14 03:00,ord-000107,buy,74367.13,1776136055624,0,0,0,,,,0,cancelled
2026-04-14 03:00,ord-000108,sell,74371.14,1776136055624,0,0,0,,,,0,cancelled
2026-04-14 03:00,ord-000109,buy,74362.00,1776136060624,0.00120000,0.00120000,0,,,,0,cancelled
2026-04-14 03:00,ord-000110,sell,74366.01,1776136060624,0,0,0,,,,0,cancelled
2026-04-14 03:00,ord-000111,buy,74353.67,1776136065624,0,0,0,,,,0,cancelled
2026-04-14 03:00,ord-000112,sell,74357.68,1776136065624,0.00007000,0,0.00007000,,,,0,cancelled
2026-04-14 03:00,ord-000113,buy,74350.50,1776136114324,0,0,0,,,,0,cancelled
2026-04-14 03:00,ord-000114,sell,74354.51,1776136114324,0,0,0,,,,0,cancelled
2026-04-14 03:00,ord-000115,buy,74346.38,1776136119324,0,0,0,,,,0,cancelled
2026-04-14 03:00,ord-000116,sell,74350.39,1776136119324,0,0,0,,,,0,cancelled
2026-04-14 03:00,ord-000117,buy,74344.54,1776136124324,0,0,0,,,,0,cancelled
2026-04-14 03:00,ord-000118,sell,74348.55,1776136124324,0,0,0,,,,0,cancelled
2026-04-14 03:00,ord-000119,buy,74348.61,1776136139224,0,0,0,,,,0,cancelled
2026-04-14 03:00,ord-000120,sell,74352.62,1776136139224,0,0,0,,,,0,cancelled
2026-04-14 03:00,ord-000121,buy,74359.20,1776136144224,0,0,0,,,,0,cancelled
2026-04-14 03:00,ord-000122,sell,74363.21,1776136144224,0,0,0,,,,0,cancelled
2026-04-14 03:00,ord-000123,buy,74375.99,1776136149225,0,0,0,,,,0,cancelled
2026-04-14 03:00,ord-000124,sell,74380.00,1776136149225,0.00120000,0,0,,,,0,cancelled
2026-04-14 03:00,ord-000125,buy,74376.87,1776136170024,0,0,0,,,,0,cancelled
2026-04-14 03:00,ord-000126,sell,74380.88,1776136170024,0,0,0,,,,0,cancelled
2026-04-14 03:00,ord-000127,buy,74378.65,1776136179824,0,0,0,,,,0,cancelled
2026-04-14 03:00,ord-000128,sell,74382.66,1776136179824,0,0,0,,,,0,cancelled
2026-04-14 03:00,ord-000129,buy,74388.98,1776136184824,0,0,0,,,,0,cancelled
2026-04-14 03:00,ord-000130,sell,74392.99,1776136184824,0,0,0,,,,0,cancelled
2026-04-14 03:00,ord-000131,buy,74392.32,1776136189924,0,0,0,,,,0,cancelled
2026-04-14 03:00,ord-000132,sell,74396.33,1776136189924,0,0,0,,,,0,cancelled
2026-04-14 03:00,ord-000133,buy,74405.69,1776136194924,0,0,0,,,,0,cancelled
2026-04-14 03:00,ord-000134,sell,74409.70,1776136194924,0,0,0,,,,0,cancelled
2026-04-14 03:00,ord-000135,buy,74409.99,1776136199924,0,0,0,,,,0,cancelled
2026-04-14 03:00,ord-000136,sell,74414.00,1776136199924,0.00120000,0,0,,,,0,cancelled
2026-04-14 03:00,ord-000137,buy,74381.94,1776136204924,0,0,0,,,,0,cancelled
2026-04-14 03:00,ord-000138,sell,74385.95,1776136204924,0,0,0,,,,0,cancelled
2026-04-14 03:00,ord-000139,buy,74385.39,1776136209924,0,0,0,,,,0,cancelled
2026-04-14 03:00,ord-000140,sell,74389.40,1776136209924,0,0,0,,,,0,cancelled
2026-04-14 03:00,ord-000141,buy,74389.03,1776136230524,0,0,0,,,,0,cancelled
2026-04-14 03:00,ord-000142,sell,74393.04,1776136230524,0,0,0,,,,0,cancelled
2026-04-14 03:00,ord-000143,buy,74384.33,1776136244924,0,0,0,,,,0,cancelled
2026-04-14 03:00,ord-000144,sell,74388.34,1776136244924,0,0,0,,,,0,cancelled
2026-04-14 03:00,ord-000145,buy,74394.79,1776136249924,0,0,0,,,,0,cancelled
2026-04-14 03:00,ord-000146,sell,74398.80,1776136249924,0,0,0,,,,0,cancelled
2026-04-14 03:00,ord-000147,buy,74392.49,1776136265224,0,0,0,,,,0,cancelled
2026-04-14 03:00,ord-000148,sell,74396.50,1776136265224,0,0,0,,,,0,cancelled
2026-04-14 03:00,ord-000149,buy,74391.16,1776136270224,0,0,0,,,,0,cancelled
2026-04-14 03:00,ord-000150,sell,74395.17,1776136270224,0,0,0,,,,0,cancelled
2026-04-14 03:00,ord-000151,buy,74389.02,1776136275224,0,0,0,,,,0,cancelled
2026-04-14 03:00,ord-000152,sell,74393.03,1776136275224,0,0,0,,,,0,cancelled
2026-04-14 03:00,ord-000153,buy,74387.43,1776136288924,0,0,0,,,,0,cancelled
2026-04-14 03:00,ord-000154,sell,74391.44,1776136288924,0,0,0,,,,0,cancelled
2026-04-14 03:00,ord-000155,buy,74386.00,1776136293924,0.00120000,0,0,,,,0,cancelled
2026-04-14 03:00,ord-000156,sell,74390.01,1776136293924,0,0,0,,,,0,cancelled
2026-04-14 03:00,ord-000157,buy,74389.02,1776136305924,0,0,0,,,,0,cancelled
2026-04-14 03:00,ord-000158,sell,74393.03,1776136305924,0,0,0,,,,0,cancelled
2026-04-14 03:00,ord-000159,buy,74393.79,1776136310924,0,0,0,,,,0,cancelled
2026-04-14 03:00,ord-000160,sell,74397.80,1776136310924,0,0,0,,,,0,cancelled
2026-04-14 03:00,ord-000161,buy,74402.85,1776136351324,0,0,0,,,,0,cancelled
2026-04-14 03:00,ord-000162,sell,74406.86,1776136351324,0,0,0,,,,0,cancelled
2026-04-14 03:00,ord-000163,buy,74400.82,1776136391824,0,0,0,,,,0,cancelled
2026-04-14 03:00,ord-000164,sell,74404.83,1776136391824,0,0,0,,,,0,cancelled
2026-04-14 03:00,ord-000165,buy,74396.27,1776136410224,0,0,0,,,,0,cancelled
2026-04-14 03:00,ord-000166,sell,74400.28,1776136410224,0,0,0,,,,0,cancelled
2026-04-14 03:00,ord-000167,buy,74388.00,1776136415225,0.00120000,0,0,,,,0,cancelled
2026-04-14 03:00,ord-000168,sell,74392.01,1776136415225,0,0,0,,,,0,cancelled
2026-04-14 03:00,ord-000169,buy,74391.19,1776136421524,0,0,0,,,,0,cancelled
2026-04-14 03:00,ord-000170,sell,74395.20,1776136421524,0,0,0,,,,0,cancelled
2026-04-14 03:00,ord-000171,buy,74402.84,1776136426524,0,0,0,,,,0,cancelled
2026-04-14 03:00,ord-000172,sell,74406.85,1776136426524,0,0,0,,,,0,cancelled
2026-04-14 03:00,ord-000173,buy,74395.51,1776136431524,0,0,0,,,,0,cancelled
2026-04-14 03:00,ord-000174,sell,74399.52,1776136431524,0,0,0,,,,0,cancelled
2026-04-14 03:00,ord-000175,buy,74389.69,1776136436524,0,0,0,,,,0,cancelled
2026-04-14 03:00,ord-000176,sell,74393.70,1776136436524,0,0,0,,,,0,cancelled
2026-04-14 03:00,ord-000177,buy,74384.45,1776136441524,0,0,0,,,,0,cancelled
2026-04-14 03:00,ord-000178,sell,74388.46,1776136441524,0,0,0,,,,0,cancelled
2026-04-14 03:00,ord-000179,buy,74381.84,1776136446524,0,0,0,,,,0,cancelled
2026-04-14 03:00,ord-000180,sell,74385.85,1776136446524,0.00007000,0,0.00007000,,,,0,cancelled
2026-04-14 03:00,ord-000181,buy,74383.00,1776136467424,0,0,0,,,,0,cancelled
2026-04-14 03:00,ord-000182,sell,74387.01,1776136467424,0,0,0,,,,0,cancelled
2026-04-14 03:00,ord-000183,buy,74378.57,1776136472424,0,0,0,,,,0,cancelled
2026-04-14 03:00,ord-000184,sell,74382.58,1776136472424,0,0,0,,,,0,cancelled
2026-04-14 03:00,ord-000185,buy,74357.85,1776136478727,0,0,0,,,,0,cancelled
2026-04-14 03:00,ord-000186,sell,74361.86,1776136478727,0,0,0,,,,0,cancelled
2026-04-14 03:00,ord-000187,buy,74369.83,1776136483825,0,0,0,,,,0,cancelled
2026-04-14 03:00,ord-000188,sell,74373.84,1776136483825,0,0,0,,,,0,cancelled
2026-04-14 03:00,ord-000189,buy,74352.15,1776136488924,0,0,0,,,,0,cancelled
2026-04-14 03:00,ord-000190,sell,74356.16,1776136488924,0,0,0,,,,0,cancelled
2026-04-14 03:00,ord-000191,buy,74324.39,1776136493924,0,0,0,,,,0,cancelled
2026-04-14 03:00,ord-000192,sell,74328.40,1776136493924,0,0,0,,,,0,cancelled
2026-04-14 03:00,ord-000193,buy,74337.00,1776136498924,0.00009000,0,0,,,,0,cancelled
2026-04-14 03:00,ord-000194,sell,74341.01,1776136498924,0,0,0,,,,0,cancelled
2026-04-14 03:00,ord-000195,buy,74348.54,1776136503924,0,0,0,,,,0,cancelled
2026-04-14 03:00,ord-000196,sell,74352.55,1776136503924,0,0,0,,,,0,cancelled
2026-04-14 03:00,ord-000197,buy,74349.99,1776136519824,0,0,0,,,,0,cancelled
2026-04-14 03:00,ord-000198,sell,74354.00,1776136519824,0.00120000,0.00120000,0,1776136520604,0.00005000,0.00000000,0.00100000,filled
2026-04-14 03:00,ord-000199,buy,74353.99,1776136520624,0.56962000,0,0.4391900000000000000000000000,,,,0,cancelled
2026-04-14 03:00,ord-000200,sell,74358.00,1776136520624,0.00120000,0.00120000,0,,,,0,cancelled
2026-04-14 03:00,ord-000201,buy,74356.72,1776136525624,0,0,0,,,,0,cancelled
2026-04-14 03:00,ord-000202,sell,74360.73,1776136525624,0,0,0,,,,0,cancelled
2026-04-14 03:00,ord-000203,buy,74353.83,1776136534224,0,0,0,,,,0,cancelled
2026-04-14 03:00,ord-000204,sell,74357.84,1776136534224,0,0,0,,,,0,cancelled
2026-04-14 03:00,ord-000205,buy,74352.16,1776136558624,0,0,0,,,,0,cancelled
2026-04-14 03:00,ord-000206,sell,74356.17,1776136558624,0,0,0,,,,0,cancelled
2026-04-14 03:00,ord-000207,buy,74340.08,1776136563624,0,0,0,,,,0,cancelled
2026-04-14 03:00,ord-000208,sell,74344.09,1776136563624,0,0,0,,,,0,cancelled
2026-04-14 03:00,ord-000209,buy,74339.90,1776136588724,0.00015000,0.00007000,0.00008000000000000000000000000000,,,,0,cancelled
2026-04-14 03:00,ord-000210,sell,74343.91,1776136588724,0,0,0,,,,0,cancelled
2026-04-14 03:00,ord-000211,buy,74335.30,1776136593724,0,0,0,,,,0,cancelled
2026-04-14 03:00,ord-000212,sell,74339.31,1776136593724,0,0,0,,,,0,cancelled
2026-04-14 03:00,ord-000213,buy,74328.73,1776136621024,0,0,0,,,,0,cancelled
2026-04-14 03:00,ord-000214,sell,74332.74,1776136621024,0,0,0,,,,0,cancelled
2026-04-14 03:00,ord-000215,buy,74310.04,1776136626024,0,0,0,,,,0,cancelled
2026-04-14 03:00,ord-000216,sell,74314.05,1776136626024,0,0,0,,,,0,cancelled
2026-04-14 03:00,ord-000217,buy,74304.54,1776136631024,0,0,0,,,,0,cancelled
2026-04-14 03:00,ord-000218,sell,74308.55,1776136631024,0,0,0,,,,0,cancelled
2026-04-14 03:00,ord-000219,buy,74302.46,1776136642624,0,0,0,,,,0,cancelled
2026-04-14 03:00,ord-000220,sell,74306.47,1776136642624,0,0,0,,,,0,cancelled
2026-04-14 03:00,ord-000221,buy,74298.88,1776136652124,0,0,0,,,,0,cancelled
2026-04-14 03:00,ord-000222,sell,74302.89,1776136652124,0,0,0,,,,0,cancelled
2026-04-14 03:00,ord-000223,buy,74295.52,1776136691125,0,0,0,,,,0,cancelled
2026-04-14 03:00,ord-000224,sell,74299.53,1776136691125,0,0,0,,,,0,cancelled
2026-04-14 03:00,ord-000225,buy,74291.81,1776136696224,0,0,0,,,,0,cancelled
2026-04-14 03:00,ord-000226,sell,74295.82,1776136696224,0,0,0,,,,0,cancelled
2026-04-14 03:00,ord-000227,buy,74295.51,1776136704124,0,0,0,,,,0,cancelled
2026-04-14 03:00,ord-000228,sell,74299.52,1776136704124,0,0,0,,,,0,cancelled
2026-04-14 03:00,ord-000229,buy,74299.76,1776136709124,0,0,0,,,,0,cancelled
2026-04-14 03:00,ord-000230,sell,74303.77,1776136709124,0,0,0,,,,0,cancelled
2026-04-14 03:00,ord-000231,buy,74304.98,1776136714724,0,0,0,,,,0,cancelled
2026-04-14 03:00,ord-000232,sell,74308.99,1776136714724,0.11828000,0.00006990543735224586288416075622,0.1182100945626477541371158392,1776136716401,0.00006990543735224586288416075622,0.00000000000000000000000000000000,0.00007009456264775413711583924378,cancelled
2026-04-14 03:00,ord-000233,buy,74310.33,1776136719724,0,0,0,,,,0,cancelled
2026-04-14 03:00,ord-000234,sell,74314.34,1776136719724,0,0,0,,,,0,cancelled
2026-04-14 03:00,ord-000235,buy,74299.77,1776136724724,0,0,0,,,,0,cancelled
2026-04-14 03:00,ord-000236,sell,74303.78,1776136724724,0,0,0,,,,0,cancelled
2026-04-14 03:00,ord-000237,buy,74284.86,1776136729724,0,0,0,,,,0,cancelled
2026-04-14 03:00,ord-000238,sell,74288.87,1776136729724,0,0,0,,,,0,cancelled
2026-04-14 03:00,ord-000239,buy,74284.87,1776136746425,0.00007000,0,0,,,,0,cancelled
2026-04-14 03:00,ord-000240,sell,74288.88,1776136746425,0,0,0,,,,0,cancelled
2026-04-14 03:00,ord-000241,buy,74296.93,1776136751524,0,0,0,,,,0,cancelled
2026-04-14 03:00,ord-000242,sell,74300.94,1776136751524,0,0,0,,,,0,cancelled
2026-04-14 03:00,ord-000243,buy,74299.77,1776136756524,0,0,0,,,,0,cancelled
2026-04-14 03:00,ord-000244,sell,74303.78,1776136756524,0,0,0,,,,0,cancelled
2026-04-14 03:00,ord-000245,buy,74305.55,1776136761525,0,0,0,,,,0,cancelled
2026-04-14 03:00,ord-000246,sell,74309.56,1776136761525,0,0,0,,,,0,cancelled
2026-04-14 03:00,ord-000247,buy,74311.30,1776136773224,0,0,0,,,,0,cancelled
2026-04-14 03:00,ord-000248,sell,74315.31,1776136773224,0,0,0,,,,0,cancelled
2026-04-14 03:00,ord-000249,buy,74317.41,1776136778224,0,0,0,,,,0,cancelled
2026-04-14 03:00,ord-000250,sell,74321.42,1776136778224,0,0,0,,,,0,cancelled
2026-04-14 03:00,ord-000251,buy,74319.11,1776136786124,0,0,0,,,,0,cancelled
2026-04-14 03:00,ord-000252,sell,74323.12,1776136786124,0,0,0,,,,0,cancelled
2026-04-14 03:00,ord-000253,buy,74326.11,1776136791124,0,0,0,,,,0,cancelled
2026-04-14 03:00,ord-000254,sell,74330.12,1776136791124,0,0,0,,,,0,cancelled
2026-04-14 03:00,ord-000255,buy,74362.56,1776136796124,0,0,0,,,,0,cancelled
2026-04-14 03:00,ord-000256,sell,74366.57,1776136796124,0,0,0,,,,0,cancelled
2026-04-14 03:00,ord-000257,buy,74359.24,1776136810924,0,0,0,,,,0,cancelled
2026-04-14 03:00,ord-000258,sell,74363.25,1776136810924,0,0,0,,,,0,cancelled
2026-04-14 03:00,ord-000259,buy,74353.67,1776136815925,0,0,0,,,,0,cancelled
2026-04-14 03:00,ord-000260,sell,74357.68,1776136815925,0.00007000,0,0.00007000,,,,0,cancelled
2026-04-14 03:00,ord-000261,buy,74346.72,1776136821024,0,0,0,,,,0,cancelled
2026-04-14 03:00,ord-000262,sell,74350.73,1776136821024,0,0,0,,,,0,cancelled
2026-04-14 03:00,ord-000263,buy,74333.63,1776136826025,0,0,0,,,,0,cancelled
2026-04-14 03:00,ord-000264,sell,74337.64,1776136826025,0,0,0,,,,0,cancelled
2026-04-14 03:00,ord-000265,buy,74332.01,1776136837024,0,0,0,,,,0,cancelled
2026-04-14 03:00,ord-000266,sell,74336.02,1776136837024,0,0,0,,,,0,cancelled
2026-04-14 03:00,ord-000267,buy,74329.41,1776136842024,0,0,0,,,,0,cancelled
2026-04-14 03:00,ord-000268,sell,74333.42,1776136842024,0,0,0,,,,0,cancelled
2026-04-14 03:00,ord-000269,buy,74327.31,1776136853424,0,0,0,,,,0,cancelled
2026-04-14 03:00,ord-000270,sell,74331.32,1776136853424,0,0,0,,,,0,cancelled
2026-04-14 03:00,ord-000271,buy,74331.93,1776136860624,0,0,0,,,,0,cancelled
2026-04-14 03:00,ord-000272,sell,74335.94,1776136860624,0,0,0,,,,0,cancelled
2026-04-14 03:00,ord-000273,buy,74337.89,1776136893824,0,0,0,,,,0,cancelled
2026-04-14 03:00,ord-000274,sell,74341.90,1776136893824,0,0,0,,,,0,cancelled
2026-04-14 03:00,ord-000275,buy,74331.93,1776136936524,0,0,0,,,,0,cancelled
2026-04-14 03:00,ord-000276,sell,74335.94,1776136936524,0,0,0,,,,0,cancelled
2026-04-14 03:00,ord-000277,buy,74324.57,1776136962024,0,0,0,,,,0,cancelled
2026-04-14 03:00,ord-000278,sell,74328.58,1776136962024,0,0,0,,,,0,cancelled
2026-04-14 03:00,ord-000279,buy,74318.40,1776136967024,0,0,0,,,,0,cancelled
2026-04-14 03:00,ord-000280,sell,74322.41,1776136967024,0,0,0,,,,0,cancelled
2026-04-14 03:00,ord-000281,buy,74311.33,1776136972025,0,0,0,,,,0,cancelled
2026-04-14 03:00,ord-000282,sell,74315.34,1776136972025,0,0,0,,,,0,cancelled
2026-04-14 03:00,ord-000283,buy,74310.00,1776136977624,0.00120000,0,0,,,,0,cancelled
2026-04-14 03:00,ord-000284,sell,74314.01,1776136977624,0,0,0,,,,0,cancelled
2026-04-14 03:00,ord-000285,buy,74309.09,1776136984224,0,0,0,,,,0,cancelled
2026-04-14 03:00,ord-000286,sell,74313.10,1776136984224,0,0,0,,,,0,cancelled
2026-04-14 03:00,ord-000287,buy,74307.51,1776136989224,0,0,0,,,,0,cancelled
2026-04-14 03:00,ord-000288,sell,74311.52,1776136989224,0,0,0,,,,0,cancelled
2026-04-14 03:00,ord-000289,buy,74284.86,1776136994224,0,0,0,,,,0,cancelled
2026-04-14 03:00,ord-000290,sell,74288.87,1776136994224,0,0,0,,,,0,cancelled
2026-04-14 03:00,ord-000291,buy,74291.50,1776137050724,0,0,0,,,,0,cancelled
2026-04-14 03:00,ord-000292,sell,74295.51,1776137050724,0,0,0,,,,0,cancelled
2026-04-14 03:00,ord-000293,buy,74301.01,1776137066624,0,0,0,,,,0,cancelled
2026-04-14 03:00,ord-000294,sell,74305.02,1776137066624,0,0,0,,,,0,cancelled
2026-04-14 03:00,ord-000295,buy,74291.50,1776137071624,0,0,0,,,,0,cancelled
2026-04-14 03:00,ord-000296,sell,74295.51,1776137071624,0,0,0,,,,0,cancelled
2026-04-14 03:00,ord-000297,buy,74285.16,1776137076624,0,0,0,,,,0,cancelled
2026-04-14 03:00,ord-000298,sell,74289.17,1776137076624,0,0,0,,,,0,cancelled
2026-04-14 03:00,ord-000299,buy,74269.99,1776137086124,0,0,0,,,,0,cancelled
2026-04-14 03:00,ord-000300,sell,74274.00,1776137086124,0,0,0,,,,0,cancelled
2026-04-14 03:00,ord-000301,buy,74268.94,1776137091124,0,0,0,,,,0,cancelled
2026-04-14 03:00,ord-000302,sell,74272.95,1776137091124,0,0,0,,,,0,cancelled
2026-04-14 03:00,ord-000303,buy,74285.27,1776137096124,0,0,0,,,,0,cancelled
2026-04-14 03:00,ord-000304,sell,74289.28,1776137096124,0,0,0,,,,0,cancelled
2026-04-14 03:00,ord-000305,buy,74274.54,1776137106724,0,0,0,,,,0,cancelled
2026-04-14 03:00,ord-000306,sell,74278.55,1776137106724,0,0,0,,,,0,cancelled
2026-04-14 03:00,ord-000307,buy,74271.45,1776137111724,0,0,0,,,,0,cancelled
2026-04-14 03:00,ord-000308,sell,74275.46,1776137111724,0,0,0,,,,0,cancelled
2026-04-14 03:00,ord-000309,buy,74273.63,1776137119424,0,0,0,,,,0,cancelled
2026-04-14 03:00,ord-000310,sell,74277.64,1776137119424,0.00023000,0,0.00023000,,,,0,cancelled
2026-04-14 03:00,ord-000311,buy,74280.60,1776137124424,0,0,0,,,,0,cancelled
2026-04-14 03:00,ord-000312,sell,74284.61,1776137124424,0,0,0,,,,0,cancelled
2026-04-14 03:00,ord-000313,buy,74283.76,1776137154524,0,0,0,,,,0,cancelled
2026-04-14 03:00,ord-000314,sell,74287.77,1776137154524,0,0,0,,,,0,cancelled
2026-04-14 03:00,ord-000315,buy,74283.98,1776137159525,0,0,0,,,,0,cancelled
2026-04-14 03:00,ord-000316,sell,74287.99,1776137159525,0,0,0,,,,0,cancelled
2026-04-14 03:00,ord-000317,buy,74285.27,1776137166624,0,0,0,,,,0,cancelled
2026-04-14 03:00,ord-000318,sell,74289.28,1776137166624,0.00177000,0,0.00177000,,,,0,cancelled
2026-04-14 03:00,ord-000319,buy,74289.99,1776137171626,0,0,0,,,,0,cancelled
2026-04-14 03:00,ord-000320,sell,74294.00,1776137171626,0.00120000,0.00120000,0,,,,0,cancelled
2026-04-14 03:00,ord-000321,buy,74294.44,1776137193224,0,0,0,,,,0,cancelled
2026-04-14 03:00,ord-000322,sell,74298.45,1776137193224,0,0,0,,,,0,cancelled
2026-04-14 03:00,ord-000323,buy,74297.64,1776137204524,0,0,0,,,,0,cancelled
2026-04-14 03:00,ord-000324,sell,74301.65,1776137204524,0.00470000,0,0,,,,0,cancelled
2026-04-14 03:00,ord-000325,buy,74290.87,1776137209624,0,0,0,,,,0,cancelled
2026-04-14 03:00,ord-000326,sell,74294.88,1776137209624,0,0,0,,,,0,cancelled
2026-04-14 03:00,ord-000327,buy,74286.82,1776137214624,0,0,0,,,,0,cancelled
2026-04-14 03:00,ord-000328,sell,74290.83,1776137214624,0,0,0,,,,0,cancelled
2026-04-14 03:00,ord-000329,buy,74282.05,1776137219624,0,0,0,,,,0,cancelled
2026-04-14 03:00,ord-000330,sell,74286.06,1776137219624,0,0,0,,,,0,cancelled
2026-04-14 03:00,ord-000331,buy,74271.96,1776137224624,0.01016000,0,0.01016000000000000000000000000,,,,0,cancelled
2026-04-14 03:00,ord-000332,sell,74275.97,1776137224624,0,0,0,,,,0,cancelled
2026-04-14 03:00,ord-000333,buy,74261.59,1776137249324,0,0,0,,,,0,cancelled
2026-04-14 03:00,ord-000334,sell,74265.60,1776137249324,0,0,0,,,,0,cancelled
2026-04-14 03:00,ord-000335,buy,74256.20,1776137260128,0,0,0,,,,0,cancelled
2026-04-14 03:00,ord-000336,sell,74260.21,1776137260128,0,0,0,,,,0,cancelled
2026-04-14 03:00,ord-000337,buy,74256.71,1776137265225,0,0,0,,,,0,cancelled
2026-04-14 03:00,ord-000338,sell,74260.72,1776137265225,0,0,0,,,,0,cancelled
2026-04-14 03:00,ord-000339,buy,74250.95,1776137282730,0,0,0,,,,0,cancelled
2026-04-14 03:00,ord-000340,sell,74254.96,1776137282730,0,0,0,,,,0,cancelled
2026-04-14 03:00,ord-000341,buy,74250.35,1776137287824,0,0,0,,,,0,cancelled
2026-04-14 03:00,ord-000342,sell,74254.36,1776137287824,0,0,0,,,,0,cancelled
2026-04-14 03:00,ord-000343,buy,74256.71,1776137292824,0,0,0,,,,0,cancelled
2026-04-14 03:00,ord-000344,sell,74260.72,1776137292824,0,0,0,,,,0,cancelled
2026-04-14 03:00,ord-000345,buy,74250.74,1776137314639,0,0,0,,,,0,cancelled
2026-04-14 03:00,ord-000346,sell,74254.75,1776137314639,0,0,0,,,,0,cancelled
2026-04-14 03:00,ord-000347,buy,74259.29,1776137339524,0,0,0,,,,0,cancelled
2026-04-14 03:00,ord-000348,sell,74263.30,1776137339524,0,0,0,,,,0,cancelled
2026-04-14 03:00,ord-000349,buy,74288.00,1776137396548,0,0,0,,,,0,cancelled
2026-04-14 03:00,ord-000350,sell,74292.01,1776137396548,0,0,0,,,,0,cancelled
2026-04-14 03:00,ord-000351,buy,74289.99,1776137401624,0,0,0,,,,0,cancelled
2026-04-14 03:00,ord-000352,sell,74294.00,1776137401624,0.00120000,0,0,,,,0,cancelled
2026-04-14 03:00,ord-000353,buy,74280.21,1776137406624,0,0,0,,,,0,cancelled
2026-04-14 03:00,ord-000354,sell,74284.22,1776137406624,0,0,0,,,,0,cancelled
2026-04-14 03:00,ord-000355,buy,74276.85,1776137411624,0,0,0,,,,0,cancelled
2026-04-14 03:00,ord-000356,sell,74280.86,1776137411624,0,0,0,,,,0,cancelled
2026-04-14 03:00,ord-000357,buy,74294.40,1776137416625,0,0,0,,,,0,cancelled
2026-04-14 03:00,ord-000358,sell,74298.41,1776137416625,0,0,0,,,,0,cancelled
2026-04-14 03:00,ord-000359,buy,74279.65,1776137421724,0,0,0,,,,0,cancelled
2026-04-14 03:00,ord-000360,sell,74283.66,1776137421724,0,0,0,,,,0,cancelled
2026-04-14 03:00,ord-000361,buy,74283.62,1776137445224,0,0,0,,,,0,cancelled
2026-04-14 03:00,ord-000362,sell,74287.63,1776137445224,0,0,0,,,,0,cancelled
2026-04-14 03:00,ord-000363,buy,74285.01,1776137455324,0,0,0,,,,0,cancelled
2026-04-14 03:00,ord-000364,sell,74289.02,1776137455324,0,0,0,,,,0,cancelled
2026-04-14 03:00,ord-000365,buy,74289.40,1776137460324,0,0,0,,,,0,cancelled
2026-04-14 03:00,ord-000366,sell,74293.41,1776137460324,0,0,0,,,,0,cancelled
2026-04-14 03:00,ord-000367,buy,74311.31,1776137465324,0,0,0,,,,0,cancelled
2026-04-14 03:00,ord-000368,sell,74315.32,1776137465324,0,0,0,,,,0,cancelled
2026-04-14 03:00,ord-000369,buy,74323.61,1776137470324,0,0,0,,,,0,cancelled
2026-04-14 03:00,ord-000370,sell,74327.62,1776137470324,0,0,0,,,,0,cancelled
2026-04-14 03:00,ord-000371,buy,74321.99,1776137491024,0,0,0,,,,0,cancelled
2026-04-14 03:00,ord-000372,sell,74326.00,1776137491024,0,0,0,,,,0,cancelled
2026-04-14 03:00,ord-000373,buy,74323.64,1776137496024,0,0,0,,,,0,cancelled
2026-04-14 03:00,ord-000374,sell,74327.65,1776137496024,0,0,0,,,,0,cancelled
2026-04-14 03:00,ord-000375,buy,74332.07,1776137501024,0,0,0,,,,0,cancelled
2026-04-14 03:00,ord-000376,sell,74336.08,1776137501024,0,0,0,,,,0,cancelled
2026-04-14 03:00,ord-000377,buy,74350.60,1776137506024,0,0,0,,,,0,cancelled
2026-04-14 03:00,ord-000378,sell,74354.61,1776137506024,0,0,0,,,,0,cancelled
2026-04-14 03:00,ord-000379,buy,74360.56,1776137522424,0,0,0,,,,0,cancelled
2026-04-14 03:00,ord-000380,sell,74364.57,1776137522424,0.00350000,0.00350000,0,,,,0,cancelled
2026-04-14 03:00,ord-000381,buy,74377.99,1776137527424,0,0,0,,,,0,cancelled
2026-04-14 03:00,ord-000382,sell,74382.00,1776137527424,0.00120000,0,0,,,,0,cancelled
2026-04-14 03:00,ord-000383,buy,74376.98,1776137549824,0,0,0,,,,0,cancelled
2026-04-14 03:00,ord-000384,sell,74380.99,1776137549824,0,0,0,,,,0,cancelled
2026-04-14 03:00,ord-000385,buy,74370.11,1776137554824,0,0,0,,,,0,cancelled
2026-04-14 03:00,ord-000386,sell,74374.12,1776137554824,0,0,0,,,,0,cancelled
2026-04-14 03:00,ord-000387,buy,74378.35,1776137563930,0,0,0,,,,0,cancelled
2026-04-14 03:00,ord-000388,sell,74382.36,1776137563930,0,0,0,,,,0,cancelled
2026-04-14 03:00,ord-000389,buy,74373.36,1776137600924,0,0,0,,,,0,cancelled
2026-04-14 03:00,ord-000390,sell,74377.37,1776137600924,0,0,0,,,,0,cancelled
2026-04-14 03:00,ord-000391,buy,74378.35,1776137609924,0,0,0,,,,0,cancelled
2026-04-14 03:00,ord-000392,sell,74382.36,1776137609924,0,0,0,,,,0,cancelled
2026-04-14 03:00,ord-000393,buy,74381.84,1776137614924,0,0,0,,,,0,cancelled
2026-04-14 03:00,ord-000394,sell,74385.85,1776137614924,0,0,0,,,,0,cancelled
2026-04-14 03:00,ord-000395,buy,74401.91,1776137619924,0,0,0,,,,0,cancelled
2026-04-14 03:00,ord-000396,sell,74405.92,1776137619924,0,0,0,,,,0,cancelled
2026-04-14 03:00,ord-000397,buy,74394.64,1776137631624,0,0,0,,,,0,cancelled
2026-04-14 03:00,ord-000398,sell,74398.65,1776137631624,0,0,0,,,,0,cancelled
2026-04-14 03:00,ord-000399,buy,74390.72,1776137636625,0,0,0,,,,0,cancelled
2026-04-14 03:00,ord-000400,sell,74394.73,1776137636625,0,0,0,,,,0,cancelled
2026-04-14 03:00,ord-000401,buy,74389.72,1776137644024,0,0,0,,,,0,cancelled
2026-04-14 03:00,ord-000402,sell,74393.73,1776137644024,0,0,0,,,,0,cancelled
2026-04-14 03:00,ord-000403,buy,74379.97,1776137649024,0,0,0,,,,0,cancelled
2026-04-14 03:00,ord-000404,sell,74383.98,1776137649024,0,0,0,,,,0,cancelled
2026-04-14 03:00,ord-000405,buy,74378.35,1776137669324,0,0,0,,,,0,cancelled
2026-04-14 03:00,ord-000406,sell,74382.36,1776137669324,0,0,0,,,,0,cancelled
2026-04-14 03:00,ord-000407,buy,74355.94,1776137674324,0,0,0,,,,0,cancelled
2026-04-14 03:00,ord-000408,sell,74359.95,1776137674324,0,0,0,,,,0,cancelled
2026-04-14 03:00,ord-000409,buy,74353.67,1776137692424,0,0,0,,,,0,cancelled
2026-04-14 03:00,ord-000410,sell,74357.68,1776137692424,0,0,0,,,,0,cancelled
2026-04-14 03:00,ord-000411,buy,74348.62,1776137707524,0,0,0,,,,0,cancelled
2026-04-14 03:00,ord-000412,sell,74352.63,1776137707524,0,0,0,,,,0,cancelled
2026-04-14 03:00,ord-000413,buy,74337.65,1776137712524,0,0,0,,,,0,cancelled
2026-04-14 03:00,ord-000414,sell,74341.66,1776137712524,0,0,0,,,,0,cancelled
2026-04-14 03:00,ord-000415,buy,74335.92,1776137732024,0,0,0,,,,0,cancelled
2026-04-14 03:00,ord-000416,sell,74339.93,1776137732024,0,0,0,,,,0,cancelled
2026-04-14 03:00,ord-000417,buy,74334.68,1776137737024,0,0,0,,,,0,cancelled
2026-04-14 03:00,ord-000418,sell,74338.69,1776137737024,0,0,0,,,,0,cancelled
2026-04-14 03:00,ord-000419,buy,74329.19,1776137773124,0,0,0,,,,0,cancelled
2026-04-14 03:00,ord-000420,sell,74333.20,1776137773124,0,0,0,,,,0,cancelled
2026-04-14 03:00,ord-000421,buy,74320.74,1776137778124,0,0,0,,,,0,cancelled
2026-04-14 03:00,ord-000422,sell,74324.75,1776137778124,0,0,0,,,,0,cancelled
2026-04-14 03:00,ord-000423,buy,74316.64,1776137786724,0,0,0,,,,0,cancelled
2026-04-14 03:00,ord-000424,sell,74320.65,1776137786724,0,0,0,,,,0,cancelled
2026-04-14 03:00,ord-000425,buy,74316.54,1776137815324,0,0,0,,,,0,cancelled
2026-04-14 03:00,ord-000426,sell,74320.55,1776137815324,0,0,0,,,,0,cancelled
2026-04-14 03:00,ord-000427,buy,74323.63,1776137823426,0,0,0,,,,0,cancelled
2026-04-14 03:00,ord-000428,sell,74327.64,1776137823426,0,0,0,,,,0,cancelled
2026-04-14 03:00,ord-000429,buy,74330.91,1776137828524,0,0,0,,,,0,cancelled
2026-04-14 03:00,ord-000430,sell,74334.92,1776137828524,0,0,0,,,,0,cancelled
2026-04-14 03:00,ord-000431,buy,74344.25,1776137851932,0,0,0,,,,0,cancelled
2026-04-14 03:00,ord-000432,sell,74348.26,1776137851932,0,0,0,,,,0,cancelled
2026-04-14 03:00,ord-000433,buy,74346.23,1776137857024,0,0,0,,,,0,cancelled
2026-04-14 03:00,ord-000434,sell,74350.24,1776137857024,0,0,0,,,,0,cancelled
2026-04-14 03:00,ord-000435,buy,74355.69,1776137862024,0,0,0,,,,0,cancelled
2026-04-14 03:00,ord-000436,sell,74359.70,1776137862024,0,0,0,,,,0,cancelled
2026-04-14 03:00,ord-000437,buy,74355.94,1776137881524,0,0,0,,,,0,cancelled
2026-04-14 03:00,ord-000438,sell,74359.95,1776137881524,0,0,0,,,,0,cancelled
2026-04-14 03:00,ord-000439,buy,74362.28,1776137886525,0,0,0,,,,0,cancelled
2026-04-14 03:00,ord-000440,sell,74366.29,1776137886525,0,0,0,,,,0,cancelled
2026-04-14 03:00,ord-000441,buy,74367.35,1776137891525,0,0,0,,,,0,cancelled
2026-04-14 03:00,ord-000442,sell,74371.36,1776137891525,0,0,0,,,,0,cancelled
2026-04-14 03:00,ord-000443,buy,74365.71,1776137916524,0,0,0,,,,0,cancelled
2026-04-14 03:00,ord-000444,sell,74369.72,1776137916524,0,0,0,,,,0,cancelled
2026-04-14 03:00,ord-000445,buy,74359.88,1776137921524,0,0,0,,,,0,cancelled
2026-04-14 03:00,ord-000446,sell,74363.89,1776137921524,0,0,0,,,,0,cancelled
2026-04-14 03:00,ord-000447,buy,74367.35,1776137927524,0,0,0,,,,0,cancelled
2026-04-14 03:00,ord-000448,sell,74371.36,1776137927524,0,0,0,,,,0,cancelled
2026-04-14 03:00,ord-000449,buy,74372.58,1776137972024,0,0,0,,,,0,cancelled
2026-04-14 03:00,ord-000450,sell,74376.59,1776137972024,0,0,0,,,,0,cancelled
2026-04-14 03:00,ord-000451,buy,74376.68,1776137977024,0,0,0,,,,0,cancelled
2026-04-14 03:00,ord-000452,sell,74380.69,1776137977024,0,0,0,,,,0,cancelled
2026-04-14 03:00,ord-000453,buy,74385.21,1776137982024,0,0,0,,,,0,cancelled
2026-04-14 03:00,ord-000454,sell,74389.22,1776137982024,0,0,0,,,,0,cancelled
2026-04-14 03:00,ord-000455,buy,74385.99,1776137987024,0,0,0,,,,0,cancelled
2026-04-14 03:00,ord-000456,sell,74390.00,1776137987024,0.00120000,0,0,,,,0,cancelled
2026-04-14 03:00,ord-000457,buy,74383.09,1776138005524,0.00023000,0,0.0002300000000000000000000000000,,,,0,cancelled
2026-04-14 03:00,ord-000458,sell,74387.10,1776138005524,0,0,0,,,,0,cancelled
2026-04-14 03:00,ord-000459,buy,74387.99,1776138069224,0,0,0,,,,0,cancelled
2026-04-14 03:00,ord-000460,sell,74392.00,1776138069224,0.00120000,0.00120000,0,,,,0,cancelled
2026-04-14 03:00,ord-000461,buy,74400.55,1776138074224,0,0,0,,,,0,cancelled
2026-04-14 03:00,ord-000462,sell,74404.56,1776138074224,0,0,0,,,,0,cancelled
2026-04-14 03:00,ord-000463,buy,74395.16,1776138079224,0,0,0,,,,0,cancelled
2026-04-14 03:00,ord-000464,sell,74399.17,1776138079224,0,0,0,,,,0,cancelled
2026-04-14 03:00,ord-000465,buy,74470.33,1776138084224,0,0,0,,,,0,cancelled
2026-04-14 03:00,ord-000466,sell,74474.34,1776138084224,0,0,0,,,,0,cancelled
2026-04-14 03:00,ord-000467,buy,74446.97,1776138089224,0,0,0,,,,0,cancelled
2026-04-14 03:00,ord-000468,sell,74450.98,1776138089224,0,0,0,,,,0,cancelled
2026-04-14 03:00,ord-000469,buy,74453.79,1776138099624,0,0,0,,,,0,cancelled
2026-04-14 03:00,ord-000470,sell,74457.80,1776138099624,0,0,0,,,,0,cancelled
2026-04-14 03:00,ord-000471,buy,74451.28,1776138104624,0.00355000,0,0,,,,0,cancelled
2026-04-14 03:00,ord-000472,sell,74455.29,1776138104624,0,0,0,,,,0,cancelled
2026-04-14 03:00,ord-000473,buy,74458.06,1776138113525,0,0,0,,,,0,cancelled
2026-04-14 03:00,ord-000474,sell,74462.07,1776138113525,0,0,0,,,,0,cancelled
2026-04-14 03:00,ord-000475,buy,74451.28,1776138118624,0.00355000,0.00355000,0,1776138121166,0.00355000,0.00000000,0.00049000,cancelled
2026-04-14 03:00,ord-000476,sell,74455.29,1776138118624,0,0,0,,,,0,cancelled
2026-04-14 03:00,ord-000477,buy,74446.98,1776138123624,0,0,0,,,,0,cancelled
2026-04-14 03:00,ord-000478,sell,74450.99,1776138123624,0,0,0,,,,0,cancelled
2026-04-14 03:00,ord-000479,buy,74446.97,1776138128624,0,0,0,,,,0,cancelled
2026-04-14 03:00,ord-000480,sell,74450.98,1776138128624,0,0,0,,,,0,cancelled
2026-04-14 03:00,ord-000481,buy,74443.16,1776138137924,0,0,0,,,,0,cancelled
2026-04-14 03:00,ord-000482,sell,74447.17,1776138137924,0,0,0,,,,0,cancelled
2026-04-14 03:00,ord-000483,buy,74434.89,1776138142924,0,0,0,,,,0,cancelled
2026-04-14 03:00,ord-000484,sell,74438.90,1776138142924,0,0,0,,,,0,cancelled
2026-04-14 03:00,ord-000485,buy,74438.20,1776138147924,0,0,0,,,,0,cancelled
2026-04-14 03:00,ord-000486,sell,74442.21,1776138147924,0,0,0,,,,0,cancelled
2026-04-14 03:00,ord-000487,buy,74441.48,1776138170624,0,0,0,,,,0,cancelled
2026-04-14 03:00,ord-000488,sell,74445.49,1776138170624,0,0,0,,,,0,cancelled
2026-04-14 03:00,ord-000489,buy,74446.35,1776138175625,0,0,0,,,,0,cancelled
2026-04-14 03:00,ord-000490,sell,74450.36,1776138175625,0,0,0,,,,0,cancelled
2026-04-14 03:00,ord-000491,buy,74461.60,1776138180724,0,0,0,,,,0,cancelled
2026-04-14 03:00,ord-000492,sell,74465.61,1776138180724,0,0,0,,,,0,cancelled
2026-04-14 03:00,ord-000493,buy,74457.91,1776138185724,0,0,0,,,,0,cancelled
2026-04-14 03:00,ord-000494,sell,74461.92,1776138185724,0,0,0,,,,0,cancelled
2026-04-14 03:00,ord-000495,buy,74464.13,1776138214424,0,0,0,,,,0,cancelled
2026-04-14 03:00,ord-000496,sell,74468.14,1776138214424,0,0,0,1776138218071,0,0,0.00007000,cancelled
2026-04-14 03:00,ord-000497,buy,74467.93,1776138219424,0,0,0,,,,0,cancelled
2026-04-14 03:00,ord-000498,sell,74471.94,1776138219424,0,0,0,,,,0,cancelled
2026-04-14 03:00,ord-000499,buy,74479.70,1776138224424,0,0,0,,,,0,cancelled
2026-04-14 03:00,ord-000500,sell,74483.71,1776138224424,0,0,0,,,,0,cancelled
2026-04-14 03:00,ord-000501,buy,74475.42,1776138246024,0,0,0,,,,0,cancelled
2026-04-14 03:00,ord-000502,sell,74479.43,1776138246024,0,0,0,,,,0,cancelled
2026-04-14 03:00,ord-000503,buy,74471.78,1776138251025,0,0,0,,,,0,cancelled
2026-04-14 03:00,ord-000504,sell,74475.79,1776138251025,0,0,0,,,,0,cancelled
2026-04-14 03:00,ord-000505,buy,74468.70,1776138256524,0,0,0,,,,0,cancelled
2026-04-14 03:00,ord-000506,sell,74472.71,1776138256524,0,0,0,,,,0,cancelled
2026-04-14 03:00,ord-000507,buy,74479.71,1776138284624,0,0,0,,,,0,cancelled
2026-04-14 03:00,ord-000508,sell,74483.72,1776138284624,0.00014000,0,0.00014000,,,,0,cancelled
2026-04-14 03:00,ord-000509,buy,74491.85,1776138289624,0,0,0,,,,0,cancelled
2026-04-14 03:00,ord-000510,sell,74495.86,1776138289624,0.00038000,0.00038000,0,,,,0,cancelled
2026-04-14 03:00,ord-000511,buy,74470.89,1776138294624,0,0,0,,,,0,cancelled
2026-04-14 03:00,ord-000512,sell,74474.90,1776138294624,0,0,0,,,,0,cancelled
2026-04-14 03:00,ord-000513,buy,74463.58,1776138307824,0,0,0,,,,0,cancelled
2026-04-14 03:00,ord-000514,sell,74467.59,1776138307824,0,0,0,,,,0,cancelled
2026-04-14 03:00,ord-000515,buy,74463.29,1776138312824,0,0,0,,,,0,cancelled
2026-04-14 03:00,ord-000516,sell,74467.30,1776138312824,0,0,0,,,,0,cancelled
2026-04-14 03:00,ord-000517,buy,74439.22,1776138319340,0,0,0,,,,0,cancelled
2026-04-14 03:00,ord-000518,sell,74443.23,1776138319340,0,0,0,,,,0,cancelled
2026-04-14 03:00,ord-000519,buy,74431.71,1776138324424,0,0,0,,,,0,cancelled
2026-04-14 03:00,ord-000520,sell,74435.72,1776138324424,0,0,0,,,,0,cancelled
2026-04-14 03:00,ord-000521,buy,74434.99,1776138329424,0,0,0,,,,0,cancelled
2026-04-14 03:00,ord-000522,sell,74439.00,1776138329424,0,0,0,,,,0,cancelled
2026-04-14 03:00,ord-000523,buy,74434.40,1776138334424,0,0,0,,,,0,cancelled
2026-04-14 03:00,ord-000524,sell,74438.41,1776138334424,0,0,0,,,,0,cancelled
2026-04-14 03:00,ord-000525,buy,74424.21,1776138378424,0,0,0,,,,0,cancelled
2026-04-14 03:00,ord-000526,sell,74428.22,1776138378424,0,0,0,,,,0,cancelled
2026-04-14 03:00,ord-000527,buy,74424.38,1776138400224,0,0,0,,,,0,cancelled
2026-04-14 03:00,ord-000528,sell,74428.39,1776138400224,0,0,0,,,,0,cancelled
2026-04-14 03:00,ord-000529,buy,74425.36,1776138405224,0,0,0,,,,0,cancelled
2026-04-14 03:00,ord-000530,sell,74429.37,1776138405224,0,0,0,,,,0,cancelled
2026-04-14 03:00,ord-000531,buy,74432.56,1776138410224,0,0,0,,,,0,cancelled
2026-04-14 03:00,ord-000532,sell,74436.57,1776138410224,0,0,0,,,,0,cancelled
2026-04-14 03:00,ord-000533,buy,74436.32,1776138447427,0,0,0,,,,0,cancelled
2026-04-14 03:00,ord-000534,sell,74440.33,1776138447427,0,0,0,,,,0,cancelled
2026-04-14 03:00,ord-000535,buy,74447.46,1776138452524,0,0,0,,,,0,cancelled
2026-04-14 03:00,ord-000536,sell,74451.47,1776138452524,0,0,0,,,,0,cancelled
2026-04-14 03:00,ord-000537,buy,74447.99,1776138465724,0,0,0,,,,0,cancelled
2026-04-14 03:00,ord-000538,sell,74452.00,1776138465724,0.00127000,0.00068000,0,,,,0,cancelled
2026-04-14 03:00,ord-000539,buy,74449.99,1776138499024,6.60051000,0,6.277480000000000000000000000,,,,0,cancelled
2026-04-14 03:00,ord-000540,sell,74454.00,1776138499024,0.00120000,0,0,,,,0,cancelled
2026-04-14 03:00,ord-000541,buy,74451.67,1776138504024,0,0,0,,,,0,cancelled
2026-04-14 03:00,ord-000542,sell,74455.68,1776138504024,0,0,0,,,,0,cancelled
2026-04-14 03:00,ord-000543,buy,74448.07,1776138524624,0,0,0,,,,0,cancelled
2026-04-14 03:00,ord-000544,sell,74452.08,1776138524624,0,0,0,,,,0,cancelled
2026-04-14 03:00,ord-000545,buy,74438.26,1776138529624,0,0,0,,,,0,cancelled
2026-04-14 03:00,ord-000546,sell,74442.27,1776138529624,0,0,0,,,,0,cancelled
2026-04-14 03:00,ord-000547,buy,74435.89,1776138558924,0,0,0,,,,0,cancelled
2026-04-14 03:00,ord-000548,sell,74439.90,1776138558924,0,0,0,,,,0,cancelled
2026-04-14 03:00,ord-000549,buy,74437.73,1776138601024,0,0,0,,,,0,cancelled
2026-04-14 03:00,ord-000550,sell,74441.74,1776138601024,0,0,0,,,,0,cancelled
2026-04-14 03:00,ord-000551,buy,74442.99,1776138606024,0,0,0,,,,0,cancelled
2026-04-14 03:00,ord-000552,sell,74447.00,1776138606024,0,0,0,,,,0,cancelled
2026-04-14 03:00,ord-000553,buy,74443.07,1776138623724,0,0,0,,,,0,cancelled
2026-04-14 03:00,ord-000554,sell,74447.08,1776138623724,0,0,0,,,,0,cancelled
2026-04-14 03:00,ord-000555,buy,74451.67,1776138628724,0,0,0,,,,0,cancelled
2026-04-14 03:00,ord-000556,sell,74455.68,1776138628724,0,0,0,,,,0,cancelled
2026-04-14 03:00,ord-000557,buy,74454.19,1776138652524,0,0,0,,,,0,cancelled
2026-04-14 03:00,ord-000558,sell,74458.20,1776138652524,0,0,0,,,,0,cancelled
2026-04-14 03:00,ord-000559,buy,74452.99,1776138665724,0,0,0,,,,0,cancelled
2026-04-14 03:00,ord-000560,sell,74457.00,1776138665724,0,0,0,,,,0,cancelled
2026-04-14 03:00,ord-000561,buy,74446.00,1776138670725,0.00120000,0.0005198555956678700361010830327,0.0006801444043321299638989169673,1776138697871,0.0005198555956678700361010830327,0.0000000000000000000000000000000,0.0006801444043321299638989169673,cancelled
2026-04-14 03:00,ord-000562,sell,74450.01,1776138670725,0,0,0,,,,0,cancelled
2026-04-14 03:00,ord-000563,buy,74443.24,1776138697926,0,0,0,,,,0,cancelled
2026-04-14 03:00,ord-000564,sell,74447.25,1776138697926,0,0,0,,,,0,cancelled
2026-04-14 03:00,ord-000565,buy,74430.16,1776138703024,0,0,0,,,,0,cancelled
2026-04-14 03:00,ord-000566,sell,74434.17,1776138703024,0,0,0,,,,0,cancelled
2026-04-14 03:00,ord-000567,buy,74429.61,1776138711324,0,0,0,,,,0,cancelled
2026-04-14 03:00,ord-000568,sell,74433.62,1776138711324,0,0,0,,,,0,cancelled
2026-04-14 03:00,ord-000569,buy,74427.34,1776138734524,0,0,0,,,,0,cancelled
2026-04-14 03:00,ord-000570,sell,74431.35,1776138734524,0,0,0,,,,0,cancelled
2026-04-14 03:00,ord-000571,buy,74415.27,1776138739524,0,0,0,,,,0,cancelled
2026-04-14 03:00,ord-000572,sell,74419.28,1776138739524,0,0,0,,,,0,cancelled
2026-04-14 03:00,ord-000573,buy,74400.58,1776138744524,0,0,0,,,,0,cancelled
2026-04-14 03:00,ord-000574,sell,74404.59,1776138744524,0,0,0,,,,0,cancelled
2026-04-14 03:00,ord-000575,buy,74395.97,1776138749524,0,0,0,,,,0,cancelled
2026-04-14 03:00,ord-000576,sell,74399.98,1776138749524,0,0,0,,,,0,cancelled
2026-04-14 03:00,ord-000577,buy,74407.79,1776138754524,0,0,0,,,,0,cancelled
2026-04-14 03:00,ord-000578,sell,74411.80,1776138754524,0.00007000,0.00007000,0,,,,0,cancelled
2026-04-14 03:00,ord-000579,buy,74413.58,1776138759524,0,0,0,,,,0,cancelled
2026-04-14 03:00,ord-000580,sell,74417.59,1776138759524,0,0,0,,,,0,cancelled
2026-04-14 03:00,ord-000581,buy,74420.99,1776138764524,0,0,0,,,,0,cancelled
2026-04-14 03:00,ord-000582,sell,74425.00,1776138764524,0,0,0,,,,0,cancelled
2026-04-14 03:00,ord-000583,buy,74428.61,1776138769524,0,0,0,,,,0,cancelled
2026-04-14 03:00,ord-000584,sell,74432.62,1776138769524,0,0,0,,,,0,cancelled
2026-04-14 03:00,ord-000585,buy,74429.60,1776138816124,0.00007000,0.00007000,0,1776138821482,0.00007000,0.00000000,0.001,filled
2026-04-14 03:00,ord-000586,sell,74433.61,1776138816124,0,0,0,,,,0,cancelled
2026-04-14 03:00,ord-000587,buy,74424.00,1776138821524,0.00080000,0,0,,,,0,cancelled
2026-04-14 03:00,ord-000588,sell,74428.01,1776138821524,0,0,0,,,,0,cancelled
2026-04-14 03:00,ord-000589,buy,74422.25,1776138826524,0,0,0,,,,0,cancelled
2026-04-14 03:00,ord-000590,sell,74426.26,1776138826524,0,0,0,,,,0,cancelled
2026-04-14 03:00,ord-000591,buy,74420.91,1776138831525,0,0,0,,,,0,cancelled
2026-04-14 03:00,ord-000592,sell,74424.92,1776138831525,0,0,0,,,,0,cancelled
2026-04-14 03:00,ord-000593,buy,74423.26,1776138861324,0,0,0,,,,0,cancelled
2026-04-14 03:00,ord-000594,sell,74427.27,1776138861324,0,0,0,,,,0,cancelled
2026-04-14 03:00,ord-000595,buy,74427.99,1776138866324,0,0,0,,,,0,cancelled
2026-04-14 03:00,ord-000596,sell,74432.00,1776138866324,0.00120000,0,0,,,,0,cancelled
2026-04-14 03:00,ord-000597,buy,74429.61,1776138882324,0,0,0,,,,0,cancelled
2026-04-14 03:00,ord-000598,sell,74433.62,1776138882324,0,0,0,,,,0,cancelled
2026-04-14 03:00,ord-000599,buy,74429.69,1776138892124,0,0,0,,,,0,cancelled
2026-04-14 03:00,ord-000600,sell,74433.70,1776138892124,0,0,0,,,,0,cancelled
2026-04-14 03:00,ord-000601,buy,74435.80,1776138897124,0,0,0,,,,0,cancelled
2026-04-14 03:00,ord-000602,sell,74439.81,1776138897124,0,0,0,,,,0,cancelled
2026-04-14 03:00,ord-000603,buy,74445.97,1776138903924,0,0,0,,,,0,cancelled
2026-04-14 03:00,ord-000604,sell,74449.98,1776138903924,0,0,0,,,,0,cancelled
2026-04-14 03:00,ord-000605,buy,74483.98,1776138908924,0,0,0,,,,0,cancelled
2026-04-14 03:00,ord-000606,sell,74487.99,1776138908924,0,0,0,,,,0,cancelled
2026-04-14 03:00,ord-000607,buy,74465.66,1776138913924,0,0,0,,,,0,cancelled
2026-04-14 03:00,ord-000608,sell,74469.67,1776138913924,0,0,0,,,,0,cancelled
2026-04-14 03:00,ord-000609,buy,74464.75,1776138919324,0,0,0,,,,0,cancelled
2026-04-14 03:00,ord-000610,sell,74468.76,1776138919324,0,0,0,,,,0,cancelled
2026-04-14 03:00,ord-000611,buy,74458.53,1776138924324,0,0,0,,,,0,cancelled
2026-04-14 03:00,ord-000612,sell,74462.54,1776138924324,0,0,0,,,,0,cancelled
2026-04-14 03:00,ord-000613,buy,74467.58,1776138929324,0,0,0,,,,0,cancelled
2026-04-14 03:00,ord-000614,sell,74471.59,1776138929324,0,0,0,,,,0,cancelled
2026-04-14 03:00,ord-000615,buy,74463.29,1776138940524,0,0,0,,,,0,cancelled
2026-04-14 03:00,ord-000616,sell,74467.30,1776138940524,0,0,0,,,,0,cancelled
2026-04-14 03:00,ord-000617,buy,74438.52,1776138945524,0,0,0,,,,0,cancelled
2026-04-14 03:00,ord-000618,sell,74442.53,1776138945524,0,0,0,,,,0,cancelled
2026-04-14 03:00,ord-000619,buy,74444.56,1776138952424,0,0,0,,,,0,cancelled
2026-04-14 03:00,ord-000620,sell,74448.57,1776138952424,0,0,0,,,,0,cancelled
2026-04-14 03:00,ord-000621,buy,74442.38,1776138971524,0,0,0,,,,0,cancelled
2026-04-14 03:00,ord-000622,sell,74446.39,1776138971524,0,0,0,,,,0,cancelled
2026-04-14 03:00,ord-000623,buy,74435.80,1776138977443,0,0,0,,,,0,cancelled
2026-04-14 03:00,ord-000624,sell,74439.81,1776138977443,0,0,0,,,,0,cancelled
2026-04-14 03:00,ord-000625,buy,74432.30,1776138982524,0,0,0,,,,0,cancelled
2026-04-14 03:00,ord-000626,sell,74436.31,1776138982524,0,0,0,,,,0,cancelled
2026-04-14 03:00,ord-000627,buy,74420.91,1776139006324,0,0,0,1776139010707,0,0,0.00031000,cancelled
2026-04-14 03:00,ord-000628,sell,74424.92,1776139006324,0,0,0,,,,0,cancelled
2026-04-14 03:00,ord-000629,buy,74414.71,1776139011324,0,0,0,,,,0,cancelled
2026-04-14 03:00,ord-000630,sell,74418.72,1776139011324,0,0,0,,,,0,cancelled
2026-04-14 03:00,ord-000631,buy,74413.79,1776139016324,0,0,0,,,,0,cancelled
2026-04-14 03:00,ord-000632,sell,74417.80,1776139016324,0,0,0,,,,0,cancelled
2026-04-14 03:00,ord-000633,buy,74435.82,1776139027235,0,0,0,,,,0,cancelled
2026-04-14 03:00,ord-000634,sell,74439.83,1776139027235,0,0,0,,,,0,cancelled
2026-04-14 03:00,ord-000635,buy,74426.00,1776139032324,0.03066000,0,0.00031916503587736464448793216,,,,0,cancelled
2026-04-14 03:00,ord-000636,sell,74430.01,1776139032324,0,0,0,,,,0,cancelled
2026-04-14 03:00,ord-000637,buy,74430.99,1776139054124,0,0,0,,,,0,cancelled
2026-04-14 03:00,ord-000638,sell,74435.00,1776139054124,0,0,0,,,,0,cancelled
2026-04-14 03:00,ord-000639,buy,74439.48,1776139059124,0,0,0,,,,0,cancelled
2026-04-14 03:00,ord-000640,sell,74443.49,1776139059124,0,0,0,,,,0,cancelled
2026-04-14 03:00,ord-000641,buy,74441.99,1776139067224,0,0,0,,,,0,cancelled
2026-04-14 03:00,ord-000642,sell,74446.00,1776139067224,0.00120000,0,0,,,,0,cancelled
2026-04-14 03:00,ord-000643,buy,74441.14,1776139113524,0,0,0,,,,0,cancelled
2026-04-14 03:00,ord-000644,sell,74445.15,1776139113524,0,0,0,,,,0,cancelled
2026-04-14 03:00,ord-000645,buy,74426.00,1776139118524,0.00120000,0,0,,,,0,cancelled
2026-04-14 03:00,ord-000646,sell,74430.01,1776139118524,0,0,0,,,,0,cancelled
2026-04-14 03:00,ord-000647,buy,74429.84,1776139128824,0,0,0,,,,0,cancelled
2026-04-14 03:00,ord-000648,sell,74433.85,1776139128824,0,0,0,,,,0,cancelled
2026-04-14 03:00,ord-000649,buy,74436.48,1776139133824,0,0,0,,,,0,cancelled
2026-04-14 03:00,ord-000650,sell,74440.49,1776139133824,0,0,0,,,,0,cancelled
2026-04-14 03:00,ord-000651,buy,74447.99,1776139154224,0,0,0,,,,0,cancelled
2026-04-14 03:00,ord-000652,sell,74452.00,1776139154224,0.00120000,0,0,,,,0,cancelled
2026-04-14 03:00,ord-000653,buy,74446.77,1776139184525,0,0,0,,,,0,cancelled
2026-04-14 03:00,ord-000654,sell,74450.78,1776139184525,0.00008000,0,0.00008000,,,,0,cancelled
2026-04-14 03:00,ord-000655,buy,74442.43,1776139189624,0,0,0,,,,0,expired
2026-04-14 03:00,ord-000656,sell,74446.44,1776139189624,0,0,0,,,,0,expired
2026-04-14 04:00,ord-000001,buy,74442.43,1776139200124,0,0,0,,,,0,cancelled
2026-04-14 04:00,ord-000002,sell,74446.44,1776139200124,0,0,0,,,,0,cancelled
2026-04-14 04:00,ord-000003,buy,74438.01,1776139217024,0,0,0,,,,0,cancelled
2026-04-14 04:00,ord-000004,sell,74442.02,1776139217024,0,0,0,,,,0,cancelled
2026-04-14 04:00,ord-000005,buy,74424.00,1776139222024,0.00120000,0,0,,,,0,cancelled
2026-04-14 04:00,ord-000006,sell,74428.01,1776139222024,0.21377000,0,0.0061044234913793103448275862,,,,0,cancelled
2026-04-14 04:00,ord-000007,buy,74423.08,1776139227024,0,0,0,,,,0,cancelled
2026-04-14 04:00,ord-000008,sell,74427.09,1776139227024,0,0,0,,,,0,cancelled
2026-04-14 04:00,ord-000009,buy,74421.85,1776139232024,0,0,0,,,,0,cancelled
2026-04-14 04:00,ord-000010,sell,74425.86,1776139232024,0,0,0,,,,0,cancelled
2026-04-14 04:00,ord-000011,buy,74416.13,1776139237024,0,0,0,,,,0,cancelled
2026-04-14 04:00,ord-000012,sell,74420.14,1776139237024,0,0,0,,,,0,cancelled
2026-04-14 04:00,ord-000013,buy,74410.25,1776139284524,0,0,0,,,,0,cancelled
2026-04-14 04:00,ord-000014,sell,74414.26,1776139284524,0,0,0,,,,0,cancelled
2026-04-14 04:00,ord-000015,buy,74383.04,1776139289524,0,0,0,,,,0,cancelled
2026-04-14 04:00,ord-000016,sell,74387.05,1776139289524,0,0,0,,,,0,cancelled
2026-04-14 04:00,ord-000017,buy,74383.03,1776139304624,0,0,0,,,,0,cancelled
2026-04-14 04:00,ord-000018,sell,74387.04,1776139304624,0,0,0,,,,0,cancelled
2026-04-14 04:00,ord-000019,buy,74387.42,1776139309624,0.00020000,0,0,,,,0,cancelled
2026-04-14 04:00,ord-000020,sell,74391.43,1776139309624,0,0,0,,,,0,cancelled
2026-04-14 04:00,ord-000021,buy,74393.58,1776139314624,0,0,0,,,,0,cancelled
2026-04-14 04:00,ord-000022,sell,74397.59,1776139314624,0,0,0,,,,0,cancelled
2026-04-14 04:00,ord-000023,buy,74390.53,1776139331132,0,0,0,,,,0,cancelled
2026-04-14 04:00,ord-000024,sell,74394.54,1776139331132,0,0,0,,,,0,cancelled
2026-04-14 04:00,ord-000025,buy,74388.35,1776139336224,0,0,0,,,,0,cancelled
2026-04-14 04:00,ord-000026,sell,74392.36,1776139336224,0,0,0,,,,0,cancelled
2026-04-14 04:00,ord-000027,buy,74383.59,1776139341224,0.00392000,0,0,,,,0,cancelled
2026-04-14 04:00,ord-000028,sell,74387.60,1776139341224,0,0,0,,,,0,cancelled
2026-04-14 04:00,ord-000029,buy,74385.64,1776139357924,0,0,0,,,,0,cancelled
2026-04-14 04:00,ord-000030,sell,74389.65,1776139357924,0,0,0,,,,0,cancelled
2026-04-14 04:00,ord-000031,buy,74388.34,1776139362924,0,0,0,,,,0,cancelled
2026-04-14 04:00,ord-000032,sell,74392.35,1776139362924,0,0,0,,,,0,cancelled
2026-04-14 04:00,ord-000033,buy,74392.00,1776139374224,0,0,0,,,,0,cancelled
2026-04-14 04:00,ord-000034,sell,74396.01,1776139374224,0,0,0,,,,0,cancelled
2026-04-14 04:00,ord-000035,buy,74390.24,1776139402124,0,0,0,,,,0,cancelled
2026-04-14 04:00,ord-000036,sell,74394.25,1776139402124,0,0,0,,,,0,cancelled
2026-04-14 04:00,ord-000037,buy,74392.99,1776139420424,0,0,0,,,,0,cancelled
2026-04-14 04:00,ord-000038,sell,74397.00,1776139420424,0,0,0,,,,0,cancelled
2026-04-14 04:00,ord-000039,buy,74401.99,1776139425425,0.00007000,0,0,,,,0,cancelled
2026-04-14 04:00,ord-000040,sell,74406.00,1776139425425,0.00120000,0.00120000,0,,,,0,cancelled
2026-04-14 04:00,ord-000041,buy,74405.88,1776139431124,0,0,0,,,,0,cancelled
2026-04-14 04:00,ord-000042,sell,74409.89,1776139431124,0,0,0,,,,0,cancelled
2026-04-14 04:00,ord-000043,buy,74409.43,1776139436124,0,0,0,,,,0,cancelled
2026-04-14 04:00,ord-000044,sell,74413.44,1776139436124,0,0,0,,,,0,cancelled
2026-04-14 04:00,ord-000045,buy,74416.13,1776139449724,0,0,0,,,,0,cancelled
2026-04-14 04:00,ord-000046,sell,74420.14,1776139449724,0,0,0,,,,0,cancelled
2026-04-14 04:00,ord-000047,buy,74428.67,1776139454724,0,0,0,,,,0,cancelled
2026-04-14 04:00,ord-000048,sell,74432.68,1776139454724,0,0,0,,,,0,cancelled
2026-04-14 04:00,ord-000049,buy,74430.82,1776139459724,0,0,0,,,,0,cancelled
2026-04-14 04:00,ord-000050,sell,74434.83,1776139459724,0,0,0,,,,0,cancelled
2026-04-14 04:00,ord-000051,buy,74431.99,1776139464725,0,0,0,,,,0,cancelled
2026-04-14 04:00,ord-000052,sell,74436.00,1776139464725,0.00120000,0.00120000,0,,,,0,cancelled
2026-04-14 04:00,ord-000053,buy,74446.65,1776139469824,0,0,0,,,,0,cancelled
2026-04-14 04:00,ord-000054,sell,74450.66,1776139469824,0,0,0,,,,0,cancelled
2026-04-14 04:00,ord-000055,buy,74440.20,1776139474824,0,0,0,,,,0,cancelled
2026-04-14 04:00,ord-000056,sell,74444.21,1776139474824,0,0,0,,,,0,cancelled
2026-04-14 04:00,ord-000057,buy,74436.73,1776139486124,0,0,0,,,,0,cancelled
2026-04-14 04:00,ord-000058,sell,74440.74,1776139486124,0,0,0,,,,0,cancelled
2026-04-14 04:00,ord-000059,buy,74432.57,1776139491124,0,0,0,,,,0,cancelled
2026-04-14 04:00,ord-000060,sell,74436.58,1776139491124,0,0,0,,,,0,cancelled
2026-04-14 04:00,ord-000061,buy,74428.27,1776139496124,0,0,0,,,,0,cancelled
2026-04-14 04:00,ord-000062,sell,74432.28,1776139496124,0,0,0,,,,0,cancelled
2026-04-14 04:00,ord-000063,buy,74426.40,1776139501124,0,0,0,,,,0,cancelled
2026-04-14 04:00,ord-000064,sell,74430.41,1776139501124,0,0,0,,,,0,cancelled
2026-04-14 04:00,ord-000065,buy,74436.73,1776139506124,0,0,0,,,,0,cancelled
2026-04-14 04:00,ord-000066,sell,74440.74,1776139506124,0,0,0,,,,0,cancelled
2026-04-14 04:00,ord-000067,buy,74442.49,1776139511124,0,0,0,,,,0,cancelled
2026-04-14 04:00,ord-000068,sell,74446.50,1776139511124,0,0,0,,,,0,cancelled
2026-04-14 04:00,ord-000069,buy,74441.54,1776139533824,0,0,0,,,,0,cancelled
2026-04-14 04:00,ord-000070,sell,74445.55,1776139533824,0,0,0,,,,0,cancelled
2026-04-14 04:00,ord-000071,buy,74436.83,1776139551824,0,0,0,,,,0,cancelled
2026-04-14 04:00,ord-000072,sell,74440.84,1776139551824,0,0,0,,,,0,cancelled
2026-04-14 04:00,ord-000073,buy,74435.89,1776139556828,0,0,0,,,,0,cancelled
2026-04-14 04:00,ord-000074,sell,74439.90,1776139556828,0,0,0,,,,0,cancelled
2026-04-14 04:00,ord-000075,buy,74442.48,1776139561924,0,0,0,,,,0,cancelled
2026-04-14 04:00,ord-000076,sell,74446.49,1776139561924,0,0,0,,,,0,cancelled
2026-04-14 04:00,ord-000077,buy,74438.56,1776139566925,0,0,0,,,,0,cancelled
2026-04-14 04:00,ord-000078,sell,74442.57,1776139566925,0,0,0,,,,0,cancelled
2026-04-14 04:00,ord-000079,buy,74435.89,1776139572024,0,0,0,,,,0,cancelled
2026-04-14 04:00,ord-000080,sell,74439.90,1776139572024,0,0,0,,,,0,cancelled
2026-04-14 04:00,ord-000081,buy,74438.56,1776139582624,0,0,0,,,,0,cancelled
2026-04-14 04:00,ord-000082,sell,74442.57,1776139582624,0,0,0,,,,0,cancelled
2026-04-14 04:00,ord-000083,buy,74446.36,1776139587624,0,0,0,,,,0,cancelled
2026-04-14 04:00,ord-000084,sell,74450.37,1776139587624,0,0,0,,,,0,cancelled
2026-04-14 04:00,ord-000085,buy,74447.99,1776139592625,0,0,0,,,,0,cancelled
2026-04-14 04:00,ord-000086,sell,74452.00,1776139592625,0.00120000,0.00120000,0,,,,0,cancelled
2026-04-14 04:00,ord-000087,buy,74454.37,1776139597724,0,0,0,,,,0,cancelled
2026-04-14 04:00,ord-000088,sell,74458.38,1776139597724,0,0,0,,,,0,cancelled
2026-04-14 04:00,ord-000089,buy,74455.17,1776139602724,0,0,0,,,,0,cancelled
2026-04-14 04:00,ord-000090,sell,74459.18,1776139602724,0,0,0,,,,0,cancelled
2026-04-14 04:00,ord-000091,buy,74457.13,1776139607725,0,0,0,,,,0,cancelled
2026-04-14 04:00,ord-000092,sell,74461.14,1776139607725,0.11439000,0,0.0000800000000000000000000000,,,,0,cancelled
2026-04-14 04:00,ord-000093,buy,74454.82,1776139612824,0,0,0,,,,0,cancelled
2026-04-14 04:00,ord-000094,sell,74458.83,1776139612824,0,0,0,,,,0,cancelled
2026-04-14 04:00,ord-000095,buy,74450.79,1776139617824,0,0,0,,,,0,cancelled
2026-04-14 04:00,ord-000096,sell,74454.80,1776139617824,0,0,0,,,,0,cancelled
2026-04-14 04:00,ord-000097,buy,74442.65,1776139622824,0,0,0,,,,0,cancelled
2026-04-14 04:00,ord-000098,sell,74446.66,1776139622824,0,0,0,,,,0,cancelled
2026-04-14 04:00,ord-000099,buy,74438.98,1776139627824,0,0,0,,,,0,cancelled
2026-04-14 04:00,ord-000100,sell,74442.99,1776139627824,0,0,0,,,,0,cancelled
2026-04-14 04:00,ord-000101,buy,74435.89,1776139633324,0,0,0,,,,0,cancelled
2026-04-14 04:00,ord-000102,sell,74439.90,1776139633324,0.13678000,0,0.0001998830922110185591115008,,,,0,cancelled
2026-04-14 04:00,ord-000103,buy,74435.22,1776139641324,0,0,0,,,,0,cancelled
2026-04-14 04:00,ord-000104,sell,74439.23,1776139641324,0,0,0,,,,0,cancelled
2026-04-14 04:00,ord-000105,buy,74436.15,1776139649324,0,0,0,,,,0,cancelled
2026-04-14 04:00,ord-000106,sell,74440.16,1776139649324,0,0,0,,,,0,cancelled
2026-04-14 04:00,ord-000107,buy,74440.96,1776139678224,0.00300000,0,0.00300000,,,,0,cancelled
2026-04-14 04:00,ord-000108,sell,74444.97,1776139678224,0,0,0,,,,0,cancelled
2026-04-14 04:00,ord-000109,buy,74482.47,1776139683224,0,0,0,,,,0,cancelled
2026-04-14 04:00,ord-000110,sell,74486.48,1776139683224,0,0,0,,,,0,cancelled
2026-04-14 04:00,ord-000111,buy,74485.99,1776139690124,0,0,0,,,,0,cancelled
2026-04-14 04:00,ord-000112,sell,74490.00,1776139690124,0.00143000,0.00143000,0,1776139690186,0.00143000,0.00000000,0.00008000,cancelled
2026-04-14 04:00,ord-000113,buy,74490.71,1776139695125,0,0,0,,,,0,cancelled
2026-04-14 04:00,ord-000114,sell,74494.72,1776139695125,0,0,0,,,,0,cancelled
2026-04-14 04:00,ord-000115,buy,74487.46,1776139700224,0,0,0,,,,0,cancelled
2026-04-14 04:00,ord-000116,sell,74491.47,1776139700224,0,0,0,,,,0,cancelled
2026-04-14 04:00,ord-000117,buy,74476.54,1776139705224,0,0,0,,,,0,cancelled
2026-04-14 04:00,ord-000118,sell,74480.55,1776139705224,0,0,0,,,,0,cancelled
2026-04-14 04:00,ord-000119,buy,74472.52,1776139715024,0,0,0,,,,0,cancelled
2026-04-14 04:00,ord-000120,sell,74476.53,1776139715024,0,0,0,,,,0,cancelled
2026-04-14 04:00,ord-000121,buy,74470.07,1776139720124,0,0,0,,,,0,cancelled
2026-04-14 04:00,ord-000122,sell,74474.08,1776139720124,0,0,0,,,,0,cancelled
2026-04-14 04:00,ord-000123,buy,74468.94,1776139726024,0,0,0,,,,0,cancelled
2026-04-14 04:00,ord-000124,sell,74472.95,1776139726024,0,0,0,,,,0,cancelled
2026-04-14 04:00,ord-000125,buy,74464.31,1776139731024,0,0,0,,,,0,cancelled
2026-04-14 04:00,ord-000126,sell,74468.32,1776139731024,0,0,0,,,,0,cancelled
2026-04-14 04:00,ord-000127,buy,74457.16,1776139745124,0.00007000,0,0.00007000,,,,0,cancelled
2026-04-14 04:00,ord-000128,sell,74461.17,1776139745124,0,0,0,,,,0,cancelled
2026-04-14 04:00,ord-000129,buy,74454.43,1776139762124,0,0,0,,,,0,cancelled
2026-04-14 04:00,ord-000130,sell,74458.44,1776139762124,0,0,0,,,,0,cancelled
2026-04-14 04:00,ord-000131,buy,74449.64,1776139767124,0,0,0,,,,0,cancelled
2026-04-14 04:00,ord-000132,sell,74453.65,1776139767124,0,0,0,,,,0,cancelled
2026-04-14 04:00,ord-000133,buy,74449.63,1776139778024,0,0,0,,,,0,cancelled
2026-04-14 04:00,ord-000134,sell,74453.64,1776139778024,0,0,0,,,,0,cancelled
2026-04-14 04:00,ord-000135,buy,74446.52,1776139783024,0,0,0,,,,0,cancelled
2026-04-14 04:00,ord-000136,sell,74450.53,1776139783024,0,0,0,,,,0,cancelled
2026-04-14 04:00,ord-000137,buy,74456.82,1776139793626,0.00007000,0,0.00006989616444161898707353252808,,,,0,cancelled
2026-04-14 04:00,ord-000138,sell,74460.83,1776139793626,0,0,0,,,,0,cancelled
2026-04-14 04:00,ord-000139,buy,74456.00,1776139804824,0,0,0,,,,0,cancelled
2026-04-14 04:00,ord-000140,sell,74460.01,1776139804824,0,0,0,,,,0,cancelled
2026-04-14 04:00,ord-000141,buy,74450.67,1776139809824,0,0,0,,,,0,cancelled
2026-04-14 04:00,ord-000142,sell,74454.68,1776139809824,0,0,0,,,,0,cancelled
2026-04-14 04:00,ord-000143,buy,74446.51,1776139814824,0,0,0,,,,0,cancelled
2026-04-14 04:00,ord-000144,sell,74450.52,1776139814824,0,0,0,,,,0,cancelled
2026-04-14 04:00,ord-000145,buy,74430.54,1776139836330,0,0,0,,,,0,cancelled
2026-04-14 04:00,ord-000146,sell,74434.55,1776139836330,0,0,0,,,,0,cancelled
2026-04-14 04:00,ord-000147,buy,74428.00,1776139841424,0,0,0,,,,0,cancelled
2026-04-14 04:00,ord-000148,sell,74432.01,1776139841424,0,0,0,,,,0,cancelled
2026-04-14 04:00,ord-000149,buy,74431.79,1776139885724,0,0,0,,,,0,cancelled
2026-04-14 04:00,ord-000150,sell,74435.80,1776139885724,0,0,0,,,,0,cancelled
2026-04-14 04:00,ord-000151,buy,74438.22,1776139890725,0,0,0,,,,0,cancelled
2026-04-14 04:00,ord-000152,sell,74442.23,1776139890725,0,0,0,,,,0,cancelled
2026-04-14 04:00,ord-000153,buy,74431.52,1776139902724,0,0,0,,,,0,cancelled
2026-04-14 04:00,ord-000154,sell,74435.53,1776139902724,0,0,0,,,,0,cancelled
2026-04-14 04:00,ord-000155,buy,74428.01,1776139907724,0,0,0,,,,0,cancelled
2026-04-14 04:00,ord-000156,sell,74432.02,1776139907724,0,0,0,,,,0,cancelled
2026-04-14 04:00,ord-000157,buy,74424.16,1776139921524,0,0,0,,,,0,cancelled
2026-04-14 04:00,ord-000158,sell,74428.17,1776139921524,0,0,0,,,,0,cancelled
2026-04-14 04:00,ord-000159,buy,74418.60,1776139926524,0,0,0,,,,0,cancelled
2026-04-14 04:00,ord-000160,sell,74422.61,1776139926524,0,0,0,,,,0,cancelled
2026-04-14 04:00,ord-000161,buy,74418.00,1776139931524,0.00120000,0.0009729729729729729729729729730,0.0002270270270270270270270270270,1776139936369,0.0009729729729729729729729729730,0.0000000000000000000000000000000,0.0002270270270270270270270270270,cancelled
2026-04-14 04:00,ord-000162,sell,74422.01,1776139931524,0,0,0,,,,0,cancelled
2026-04-14 04:00,ord-000163,buy,74412.10,1776139936524,0,0,0,,,,0,cancelled
2026-04-14 04:00,ord-000164,sell,74416.11,1776139936524,0,0,0,,,,0,cancelled
2026-04-14 04:00,ord-000165,buy,74408.00,1776139941524,0.00129000,0,0,,,,0,cancelled
2026-04-14 04:00,ord-000166,sell,74412.01,1776139941524,0,0,0,,,,0,cancelled
2026-04-14 04:00,ord-000167,buy,74406.21,1776139980824,0.00020000,0,0.0000666666666666666666666666667,,,,0,cancelled
2026-04-14 04:00,ord-000168,sell,74410.22,1776139980824,0.00291000,0,0.00291000,,,,0,cancelled
2026-04-14 04:00,ord-000169,buy,74409.54,1776140036624,0,0,0,,,,0,cancelled
2026-04-14 04:00,ord-000170,sell,74413.55,1776140036624,0,0,0,,,,0,cancelled
2026-04-14 04:00,ord-000171,buy,74424.36,1776140041624,0,0,0,,,,0,cancelled
2026-04-14 04:00,ord-000172,sell,74428.37,1776140041624,0,0,0,,,,0,cancelled
2026-04-14 04:00,ord-000173,buy,74436.26,1776140046624,0,0,0,,,,0,cancelled
2026-04-14 04:00,ord-000174,sell,74440.27,1776140046624,0,0,0,,,,0,cancelled
2026-04-14 04:00,ord-000175,buy,74443.17,1776140054924,0,0,0,,,,0,cancelled
2026-04-14 04:00,ord-000176,sell,74447.18,1776140054924,0,0,0,,,,0,cancelled
2026-04-14 04:00,ord-000177,buy,74447.99,1776140067424,0,0,0,,,,0,cancelled
2026-04-14 04:00,ord-000178,sell,74452.00,1776140067424,0.00120000,0.00120000,0,,,,0,cancelled
2026-04-14 04:00,ord-000179,buy,74452.23,1776140072424,0,0,0,,,,0,cancelled
2026-04-14 04:00,ord-000180,sell,74456.24,1776140072424,0,0,0,,,,0,cancelled
2026-04-14 04:00,ord-000181,buy,74455.56,1776140088424,0,0,0,,,,0,cancelled
2026-04-14 04:00,ord-000182,sell,74459.57,1776140088424,0,0,0,,,,0,cancelled
2026-04-14 04:00,ord-000183,buy,74464.56,1776140097624,0,0,0,,,,0,cancelled
2026-04-14 04:00,ord-000184,sell,74468.57,1776140097624,0,0,0,,,,0,cancelled
2026-04-14 04:00,ord-000185,buy,74455.56,1776140102624,0,0,0,,,,0,cancelled
2026-04-14 04:00,ord-000186,sell,74459.57,1776140102624,0,0,0,,,,0,cancelled
2026-04-14 04:00,ord-000187,buy,74446.20,1776140107624,0.00007000,0,0,,,,0,cancelled
2026-04-14 04:00,ord-000188,sell,74450.21,1776140107624,0,0,0,,,,0,cancelled
2026-04-14 04:00,ord-000189,buy,74453.65,1776140112624,0,0,0,,,,0,cancelled
2026-04-14 04:00,ord-000190,sell,74457.66,1776140112624,0,0,0,,,,0,cancelled
2026-04-14 04:00,ord-000191,buy,74451.93,1776140118224,0,0,0,,,,0,cancelled
2026-04-14 04:00,ord-000192,sell,74455.94,1776140118224,0,0,0,,,,0,cancelled
2026-04-14 04:00,ord-000193,buy,74446.11,1776140123224,0,0,0,,,,0,cancelled
2026-04-14 04:00,ord-000194,sell,74450.12,1776140123224,0,0,0,,,,0,cancelled
2026-04-14 04:00,ord-000195,buy,74453.54,1776140149824,0,0,0,,,,0,cancelled
2026-04-14 04:00,ord-000196,sell,74457.55,1776140149824,0,0,0,,,,0,cancelled
2026-04-14 04:00,ord-000197,buy,74449.63,1776140161224,0,0,0,,,,0,cancelled
2026-04-14 04:00,ord-000198,sell,74453.64,1776140161224,0,0,0,,,,0,cancelled
2026-04-14 04:00,ord-000199,buy,74453.54,1776140166224,0,0,0,,,,0,cancelled
2026-04-14 04:00,ord-000200,sell,74457.55,1776140166224,0,0,0,,,,0,cancelled
2026-04-14 04:00,ord-000201,buy,74456.87,1776140173724,0,0,0,,,,0,cancelled
2026-04-14 04:00,ord-000202,sell,74460.88,1776140173724,0,0,0,,,,0,cancelled
2026-04-14 04:00,ord-000203,buy,74455.61,1776140189024,0,0,0,,,,0,cancelled
2026-04-14 04:00,ord-000204,sell,74459.62,1776140189024,0,0,0,,,,0,cancelled
2026-04-14 04:00,ord-000205,buy,74449.64,1776140194024,0,0,0,,,,0,cancelled
2026-04-14 04:00,ord-000206,sell,74453.65,1776140194024,0,0,0,,,,0,cancelled
2026-04-14 04:00,ord-000207,buy,74446.00,1776140199024,0.00120000,0,0,,,,0,cancelled
2026-04-14 04:00,ord-000208,sell,74450.01,1776140199024,0,0,0,,,,0,cancelled
2026-04-14 04:00,ord-000209,buy,74449.64,1776140207824,0,0,0,,,,0,cancelled
2026-04-14 04:00,ord-000210,sell,74453.65,1776140207824,0,0,0,,,,0,cancelled
2026-04-14 04:00,ord-000211,buy,74452.89,1776140212824,0,0,0,,,,0,cancelled
2026-04-14 04:00,ord-000212,sell,74456.90,1776140212824,0,0,0,,,,0,cancelled
2026-04-14 04:00,ord-000213,buy,74449.84,1776140233824,0,0,0,,,,0,cancelled
2026-04-14 04:00,ord-000214,sell,74453.85,1776140233824,0,0,0,,,,0,cancelled
2026-04-14 04:00,ord-000215,buy,74446.00,1776140238824,0.09562000,0,0.09442000000000000000000000000,,,,0,cancelled
2026-04-14 04:00,ord-000216,sell,74450.01,1776140238824,0,0,0,,,,0,cancelled
2026-04-14 04:00,ord-000217,buy,74444.65,1776140249124,0,0,0,,,,0,cancelled
2026-04-14 04:00,ord-000218,sell,74448.66,1776140249124,0,0,0,,,,0,cancelled
2026-04-14 04:00,ord-000219,buy,74435.96,1776140254124,0,0,0,,,,0,cancelled
2026-04-14 04:00,ord-000220,sell,74439.97,1776140254124,0,0,0,,,,0,cancelled
2026-04-14 04:00,ord-000221,buy,74439.68,1776140259124,0,0,0,,,,0,cancelled
2026-04-14 04:00,ord-000222,sell,74443.69,1776140259124,0,0,0,,,,0,cancelled
2026-04-14 04:00,ord-000223,buy,74440.86,1776140291024,0,0,0,,,,0,cancelled
2026-04-14 04:00,ord-000224,sell,74444.87,1776140291024,0,0,0,,,,0,cancelled
2026-04-14 04:00,ord-000225,buy,74452.88,1776140296024,0,0,0,,,,0,cancelled
2026-04-14 04:00,ord-000226,sell,74456.89,1776140296024,0,0,0,,,,0,cancelled
2026-04-14 04:00,ord-000227,buy,74449.84,1776140307824,0,0,0,,,,0,cancelled
2026-04-14 04:00,ord-000228,sell,74453.85,1776140307824,0,0,0,,,,0,cancelled
2026-04-14 04:00,ord-000229,buy,74446.54,1776140342224,0,0,0,,,,0,cancelled
2026-04-14 04:00,ord-000230,sell,74450.55,1776140342224,0,0,0,,,,0,cancelled
2026-04-14 04:00,ord-000231,buy,74438.50,1776140347224,0,0,0,,,,0,cancelled
2026-04-14 04:00,ord-000232,sell,74442.51,1776140347224,0,0,0,,,,0,cancelled
2026-04-14 04:00,ord-000233,buy,74435.89,1776140352224,0,0,0,,,,0,cancelled
2026-04-14 04:00,ord-000234,sell,74439.90,1776140352224,0,0,0,,,,0,cancelled
2026-04-14 04:00,ord-000235,buy,74447.03,1776140357224,0,0,0,,,,0,cancelled
2026-04-14 04:00,ord-000236,sell,74451.04,1776140357224,0,0,0,,,,0,cancelled
2026-04-14 04:00,ord-000237,buy,74452.87,1776140362224,0,0,0,,,,0,cancelled
2026-04-14 04:00,ord-000238,sell,74456.88,1776140362224,0,0,0,,,,0,cancelled
2026-04-14 04:00,ord-000239,buy,74452.88,1776140367224,0,0,0,,,,0,cancelled
2026-04-14 04:00,ord-000240,sell,74456.89,1776140367224,0,0,0,,,,0,cancelled
2026-04-14 04:00,ord-000241,buy,74450.30,1776140381324,0,0,0,,,,0,cancelled
2026-04-14 04:00,ord-000242,sell,74454.31,1776140381324,0,0,0,,,,0,cancelled
2026-04-14 04:00,ord-000243,buy,74443.57,1776140386324,0,0,0,,,,0,cancelled
2026-04-14 04:00,ord-000244,sell,74447.58,1776140386324,0,0,0,,,,0,cancelled
2026-04-14 04:00,ord-000245,buy,74441.22,1776140391324,0,0,0,,,,0,cancelled
2026-04-14 04:00,ord-000246,sell,74445.23,1776140391324,0,0,0,,,,0,cancelled
2026-04-14 04:00,ord-000247,buy,74480.82,1776140396324,0,0,0,,,,0,cancelled
2026-04-14 04:00,ord-000248,sell,74484.83,1776140396324,0,0,0,,,,0,cancelled
2026-04-14 04:00,ord-000249,buy,74467.68,1776140401324,0,0,0,,,,0,cancelled
2026-04-14 04:00,ord-000250,sell,74471.69,1776140401324,0,0,0,,,,0,cancelled
2026-04-14 04:00,ord-000251,buy,74451.03,1776140406324,0,0,0,,,,0,cancelled
2026-04-14 04:00,ord-000252,sell,74455.04,1776140406324,0,0,0,,,,0,cancelled
2026-04-14 04:00,ord-000253,buy,74444.87,1776140411324,0,0,0,,,,0,cancelled
2026-04-14 04:00,ord-000254,sell,74448.88,1776140411324,0,0,0,,,,0,cancelled
2026-04-14 04:00,ord-000255,buy,74472.39,1776140416324,0,0,0,,,,0,cancelled
2026-04-14 04:00,ord-000256,sell,74476.40,1776140416324,0,0,0,,,,0,cancelled
2026-04-14 04:00,ord-000257,buy,74464.94,1776140432624,0,0,0,,,,0,cancelled
2026-04-14 04:00,ord-000258,sell,74468.95,1776140432624,0,0,0,,,,0,cancelled
2026-04-14 04:00,ord-000259,buy,74463.29,1776140437624,0,0,0,,,,0,cancelled
2026-04-14 04:00,ord-000260,sell,74467.30,1776140437624,0,0,0,,,,0,cancelled
2026-04-14 04:00,ord-000261,buy,74460.51,1776140442624,0,0,0,,,,0,cancelled
2026-04-14 04:00,ord-000262,sell,74464.52,1776140442624,0,0,0,,,,0,cancelled
2026-04-14 04:00,ord-000263,buy,74460.00,1776140462427,0.00120000,0.00120000,0,,,,0,cancelled
2026-04-14 04:00,ord-000264,sell,74464.01,1776140462427,0,0,0,,,,0,cancelled
2026-04-14 04:00,ord-000265,buy,74453.57,1776140467524,0,0,0,,,,0,cancelled
2026-04-14 04:00,ord-000266,sell,74457.58,1776140467524,0,0,0,,,,0,cancelled
2026-04-14 04:00,ord-000267,buy,74466.39,1776140472524,0,0,0,,,,0,cancelled
2026-04-14 04:00,ord-000268,sell,74470.40,1776140472524,0,0,0,,,,0,cancelled
2026-04-14 04:00,ord-000269,buy,74483.50,1776140477524,0,0,0,,,,0,cancelled
2026-04-14 04:00,ord-000270,sell,74487.51,1776140477524,0,0,0,,,,0,cancelled
2026-04-14 04:00,ord-000271,buy,74484.46,1776140482524,0,0,0,,,,0,cancelled
2026-04-14 04:00,ord-000272,sell,74488.47,1776140482524,0,0,0,,,,0,cancelled
2026-04-14 04:00,ord-000273,buy,74491.10,1776140490624,0,0,0,,,,0,cancelled
2026-04-14 04:00,ord-000274,sell,74495.11,1776140490624,0,0,0,,,,0,cancelled
2026-04-14 04:00,ord-000275,buy,74494.19,1776140495624,0,0,0,,,,0,cancelled
2026-04-14 04:00,ord-000276,sell,74498.20,1776140495624,0,0,0,,,,0,cancelled
2026-04-14 04:00,ord-000277,buy,74490.44,1776140500624,0,0,0,,,,0,cancelled
2026-04-14 04:00,ord-000278,sell,74494.45,1776140500624,0,0,0,,,,0,cancelled
2026-04-14 04:00,ord-000279,buy,74486.48,1776140505624,0,0,0,,,,0,cancelled
2026-04-14 04:00,ord-000280,sell,74490.49,1776140505624,0,0,0,,,,0,cancelled
2026-04-14 04:00,ord-000281,buy,74481.80,1776140510624,0,0,0,,,,0,cancelled
2026-04-14 04:00,ord-000282,sell,74485.81,1776140510624,0,0,0,,,,0,cancelled
2026-04-14 04:00,ord-000283,buy,74485.19,1776140529524,0,0,0,,,,0,cancelled
2026-04-14 04:00,ord-000284,sell,74489.20,1776140529524,0,0,0,,,,0,cancelled
2026-04-14 04:00,ord-000285,buy,74496.09,1776140534524,0,0,0,,,,0,cancelled
2026-04-14 04:00,ord-000286,sell,74500.10,1776140534524,0,0,0,,,,0,cancelled
2026-04-14 04:00,ord-000287,buy,74492.50,1776140566724,0,0,0,,,,0,cancelled
2026-04-14 04:00,ord-000288,sell,74496.51,1776140566724,0,0,0,,,,0,cancelled
2026-04-14 04:00,ord-000289,buy,74488.90,1776140571724,0.00007000,0,0.00003733333333333333333333333333,,,,0,cancelled
2026-04-14 04:00,ord-000290,sell,74492.91,1776140571724,0,0,0,,,,0,cancelled
2026-04-14 04:00,ord-000291,buy,74492.49,1776140582324,0,0,0,,,,0,cancelled
2026-04-14 04:00,ord-000292,sell,74496.50,1776140582324,0,0,0,,,,0,cancelled
2026-04-14 04:00,ord-000293,buy,74491.36,1776140597624,0,0,0,,,,0,cancelled
2026-04-14 04:00,ord-000294,sell,74495.37,1776140597624,0,0,0,,,,0,cancelled
2026-04-14 04:00,ord-000295,buy,74484.35,1776140602624,0,0,0,,,,0,cancelled
2026-04-14 04:00,ord-000296,sell,74488.36,1776140602624,0,0,0,,,,0,cancelled
2026-04-14 04:00,ord-000297,buy,74481.80,1776140607624,0,0,0,,,,0,cancelled
2026-04-14 04:00,ord-000298,sell,74485.81,1776140607624,0,0,0,,,,0,cancelled
2026-04-14 04:00,ord-000299,buy,74478.62,1776140612624,0,0,0,,,,0,cancelled
2026-04-14 04:00,ord-000300,sell,74482.63,1776140612624,0,0,0,,,,0,cancelled
2026-04-14 04:00,ord-000301,buy,74464.58,1776140617624,0,0,0,,,,0,cancelled
2026-04-14 04:00,ord-000302,sell,74468.59,1776140617624,0,0,0,,,,0,cancelled
2026-04-14 04:00,ord-000303,buy,74462.00,1776140628324,0.00120000,0.00120000,0,,,,0,cancelled
2026-04-14 04:00,ord-000304,sell,74466.01,1776140628324,0,0,0,,,,0,cancelled
2026-04-14 04:00,ord-000305,buy,74455.56,1776140633324,0,0,0,,,,0,cancelled
2026-04-14 04:00,ord-000306,sell,74459.57,1776140633324,0,0,0,,,,0,cancelled
2026-04-14 04:00,ord-000307,buy,74446.09,1776140657124,0.05012000,0,0,,,,0,cancelled
2026-04-14 04:00,ord-000308,sell,74450.10,1776140657124,0,0,0,,,,0,cancelled
2026-04-14 04:00,ord-000309,buy,74451.27,1776140667925,0,0,0,,,,0,cancelled
2026-04-14 04:00,ord-000310,sell,74455.28,1776140667925,0,0,0,,,,0,cancelled
2026-04-14 04:00,ord-000311,buy,74446.21,1776140701724,0,0,0,,,,0,cancelled
2026-04-14 04:00,ord-000312,sell,74450.22,1776140701724,0,0,0,,,,0,cancelled
2026-04-14 04:00,ord-000313,buy,74448.35,1776140706724,0,0,0,,,,0,cancelled
2026-04-14 04:00,ord-000314,sell,74452.36,1776140706724,0,0,0,,,,0,cancelled
2026-04-14 04:00,ord-000315,buy,74447.55,1776140721524,0,0,0,,,,0,cancelled
2026-04-14 04:00,ord-000316,sell,74451.56,1776140721524,0,0,0,,,,0,cancelled
2026-04-14 04:00,ord-000317,buy,74441.60,1776140726524,0,0,0,,,,0,cancelled
2026-04-14 04:00,ord-000318,sell,74445.61,1776140726524,0,0,0,,,,0,cancelled
2026-04-14 04:00,ord-000319,buy,74440.05,1776140733926,0,0,0,,,,0,cancelled
2026-04-14 04:00,ord-000320,sell,74444.06,1776140733926,0,0,0,,,,0,cancelled
2026-04-14 04:00,ord-000321,buy,74434.69,1776140739024,0,0,0,,,,0,cancelled
2026-04-14 04:00,ord-000322,sell,74438.70,1776140739024,0,0,0,,,,0,cancelled
2026-04-14 04:00,ord-000323,buy,74442.14,1776140745224,0,0,0,,,,0,cancelled
2026-04-14 04:00,ord-000324,sell,74446.15,1776140745224,0,0,0,,,,0,cancelled
2026-04-14 04:00,ord-000325,buy,74455.56,1776140750224,0,0,0,,,,0,cancelled
2026-04-14 04:00,ord-000326,sell,74459.57,1776140750224,0,0,0,,,,0,cancelled
2026-04-14 04:00,ord-000327,buy,74462.99,1776140755224,0,0,0,,,,0,cancelled
2026-04-14 04:00,ord-000328,sell,74467.00,1776140755224,0,0,0,,,,0,cancelled
2026-04-14 04:00,ord-000329,buy,74465.61,1776140763224,0,0,0,,,,0,cancelled
2026-04-14 04:00,ord-000330,sell,74469.62,1776140763224,0,0,0,1776140764806,0,0,0.001,filled
2026-04-14 04:00,ord-000331,buy,74469.99,1776140764824,0,0,0,,,,0,cancelled
2026-04-14 04:00,ord-000332,sell,74474.00,1776140764824,0.00120000,0.00120000,0,1776140765143,0.00120000,0.00000000,0.00028000,cancelled
2026-04-14 04:00,ord-000333,buy,74481.76,1776140769824,0,0,0,,,,0,cancelled
2026-04-14 04:00,ord-000334,sell,74485.77,1776140769824,0,0,0,,,,0,cancelled
2026-04-14 04:00,ord-000335,buy,74483.98,1776140774825,0,0,0,,,,0,cancelled
2026-04-14 04:00,ord-000336,sell,74487.99,1776140774825,0,0,0,,,,0,cancelled
2026-04-14 04:00,ord-000337,buy,74491.99,1776140779924,0,0,0,,,,0,cancelled
2026-04-14 04:00,ord-000338,sell,74496.00,1776140779924,0.00120000,0.00120000,0,,,,0,cancelled
2026-04-14 04:00,ord-000339,buy,74496.92,1776140784924,0,0,0,,,,0,cancelled
2026-04-14 04:00,ord-000340,sell,74500.93,1776140784924,0.00022000,0,0,,,,0,cancelled
2026-04-14 04:00,ord-000341,buy,74493.20,1776140793624,0,0,0,,,,0,cancelled
2026-04-14 04:00,ord-000342,sell,74497.21,1776140793624,0,0,0,,,,0,cancelled
2026-04-14 04:00,ord-000343,buy,74478.82,1776140798625,0,0,0,,,,0,cancelled
2026-04-14 04:00,ord-000344,sell,74482.83,1776140798625,0,0,0,,,,0,cancelled
2026-04-14 04:00,ord-000345,buy,74474.81,1776140837224,0,0,0,,,,0,cancelled
2026-04-14 04:00,ord-000346,sell,74478.82,1776140837224,0,0,0,,,,0,cancelled
2026-04-14 04:00,ord-000347,buy,74472.62,1776140842224,0,0,0,,,,0,cancelled
2026-04-14 04:00,ord-000348,sell,74476.63,1776140842224,0.00007000,0.00007000,0,1776140852383,0.00007000,0.00000000,0.00028000,cancelled
2026-04-14 04:00,ord-000349,buy,74478.82,1776140852424,0,0,0,,,,0,cancelled
2026-04-14 04:00,ord-000350,sell,74482.83,1776140852424,0,0,0,,,,0,cancelled
2026-04-14 04:00,ord-000351,buy,74476.96,1776140877824,0,0,0,,,,0,cancelled
2026-04-14 04:00,ord-000352,sell,74480.97,1776140877824,0,0,0,,,,0,cancelled
2026-04-14 04:00,ord-000353,buy,74463.92,1776140882824,0,0,0,,,,0,cancelled
2026-04-14 04:00,ord-000354,sell,74467.93,1776140882824,0,0,0,,,,0,cancelled
2026-04-14 04:00,ord-000355,buy,74470.72,1776140897824,0,0,0,1776140902618,0,0,0.00007000,cancelled
2026-04-14 04:00,ord-000356,sell,74474.73,1776140897824,0,0,0,,,,0,cancelled
2026-04-14 04:00,ord-000357,buy,74463.92,1776140902824,0,0,0,,,,0,cancelled
2026-04-14 04:00,ord-000358,sell,74467.93,1776140902824,0,0,0,,,,0,cancelled
2026-04-14 04:00,ord-000359,buy,74479.60,1776140907824,0,0,0,,,,0,cancelled
2026-04-14 04:00,ord-000360,sell,74483.61,1776140907824,0,0,0,,,,0,cancelled
2026-04-14 04:00,ord-000361,buy,74479.37,1776140914224,0.00363000,0.002985718336832025927153537363,0.000644281663167974072846462637,1776140916579,0.002985718336832025927153537363,0.000000000000000000000000000000,0.001,filled
2026-04-14 04:00,ord-000362,sell,74483.38,1776140914224,0,0,0,,,,0,cancelled
2026-04-14 04:00,ord-000363,buy,74477.37,1776140916624,0,0,0,,,,0,cancelled
2026-04-14 04:00,ord-000364,sell,74481.38,1776140916624,0.00007000,0,0,,,,0,cancelled
2026-04-14 04:00,ord-000365,buy,74476.42,1776140921624,0,0,0,,,,0,cancelled
2026-04-14 04:00,ord-000366,sell,74480.43,1776140921624,0,0,0,,,,0,cancelled
2026-04-14 04:00,ord-000367,buy,74476.36,1776140931324,0,0,0,,,,0,cancelled
2026-04-14 04:00,ord-000368,sell,74480.37,1776140931324,0,0,0,,,,0,cancelled
2026-04-14 04:00,ord-000369,buy,74473.90,1776140936324,0,0,0,,,,0,cancelled
2026-04-14 04:00,ord-000370,sell,74477.91,1776140936324,0,0,0,,,,0,cancelled
2026-04-14 04:00,ord-000371,buy,74473.15,1776140941324,0,0,0,,,,0,cancelled
2026-04-14 04:00,ord-000372,sell,74477.16,1776140941324,0,0,0,,,,0,cancelled
2026-04-14 04:00,ord-000373,buy,74478.80,1776140959431,0,0,0,,,,0,cancelled
2026-04-14 04:00,ord-000374,sell,74482.81,1776140959431,0,0,0,,,,0,cancelled
2026-04-14 04:00,ord-000375,buy,74479.59,1776140964524,0,0,0,,,,0,cancelled
2026-04-14 04:00,ord-000376,sell,74483.60,1776140964524,0,0,0,,,,0,cancelled
2026-04-14 04:00,ord-000377,buy,74486.02,1776140974224,0,0,0,,,,0,cancelled
2026-04-14 04:00,ord-000378,sell,74490.03,1776140974224,0,0,0,,,,0,cancelled
2026-04-14 04:00,ord-000379,buy,74491.99,1776140979224,0.00572000,0.00016000,0.005404475524475524475524475524,,,,0,cancelled
2026-04-14 04:00,ord-000380,sell,74496.00,1776140979224,0.00120000,0,0,,,,0,cancelled
2026-04-14 04:00,ord-000381,buy,74486.01,1776141001224,0,0,0,,,,0,cancelled
2026-04-14 04:00,ord-000382,sell,74490.02,1776141001224,0,0,0,,,,0,cancelled
2026-04-14 04:00,ord-000383,buy,74492.16,1776141006224,0,0,0,,,,0,cancelled
2026-04-14 04:00,ord-000384,sell,74496.17,1776141006224,0,0,0,,,,0,cancelled
2026-04-14 04:00,ord-000385,buy,74497.99,1776141011224,0.37896000,0,0.3788900000000000000000000000,,,,0,cancelled
2026-04-14 04:00,ord-000386,sell,74502.00,1776141011224,0.00120000,0.00120000,0,,,,0,cancelled
2026-04-14 04:00,ord-000387,buy,74502.51,1776141016225,0,0,0,,,,0,cancelled
2026-04-14 04:00,ord-000388,sell,74506.52,1776141016225,0,0,0,,,,0,cancelled
2026-04-14 04:00,ord-000389,buy,74480.32,1776141036735,0,0,0,,,,0,cancelled
2026-04-14 04:00,ord-000390,sell,74484.33,1776141036735,0,0,0,,,,0,cancelled
2026-04-14 04:00,ord-000391,buy,74477.70,1776141041824,0,0,0,,,,0,cancelled
2026-04-14 04:00,ord-000392,sell,74481.71,1776141041824,0,0,0,,,,0,cancelled
2026-04-14 04:00,ord-000393,buy,74466.41,1776141067624,0,0,0,,,,0,cancelled
2026-04-14 04:00,ord-000394,sell,74470.42,1776141067624,0,0,0,,,,0,cancelled
2026-04-14 04:00,ord-000395,buy,74446.16,1776141072624,0,0,0,,,,0,cancelled
2026-04-14 04:00,ord-000396,sell,74450.17,1776141072624,0,0,0,,,,0,cancelled
2026-04-14 04:00,ord-000397,buy,74445.05,1776141077624,0,0,0,,,,0,cancelled
2026-04-14 04:00,ord-000398,sell,74449.06,1776141077624,0,0,0,,,,0,cancelled
2026-04-14 04:00,ord-000399,buy,74436.12,1776141082624,0,0,0,,,,0,cancelled
2026-04-14 04:00,ord-000400,sell,74440.13,1776141082624,0,0,0,,,,0,cancelled
2026-04-14 04:00,ord-000401,buy,74433.35,1776141087624,0,0,0,,,,0,cancelled
2026-04-14 04:00,ord-000402,sell,74437.36,1776141087624,0,0,0,,,,0,cancelled
2026-04-14 04:00,ord-000403,buy,74427.39,1776141092625,0,0,0,,,,0,cancelled
2026-04-14 04:00,ord-000404,sell,74431.40,1776141092625,0,0,0,,,,0,cancelled
2026-04-14 04:00,ord-000405,buy,74431.66,1776141097724,0,0,0,,,,0,cancelled
2026-04-14 04:00,ord-000406,sell,74435.67,1776141097724,0,0,0,,,,0,cancelled
2026-04-14 04:00,ord-000407,buy,74435.98,1776141102724,0,0,0,,,,0,cancelled
2026-04-14 04:00,ord-000408,sell,74439.99,1776141102724,0,0,0,,,,0,cancelled
2026-04-14 04:00,ord-000409,buy,74440.95,1776141107724,0,0,0,,,,0,cancelled
2026-04-14 04:00,ord-000410,sell,74444.96,1776141107724,0,0,0,,,,0,cancelled
2026-04-14 04:00,ord-000411,buy,74446.15,1776141112724,0,0,0,,,,0,cancelled
2026-04-14 04:00,ord-000412,sell,74450.16,1776141112724,0,0,0,,,,0,cancelled
2026-04-14 04:00,ord-000413,buy,74450.32,1776141138524,0,0,0,,,,0,cancelled
2026-04-14 04:00,ord-000414,sell,74454.33,1776141138524,0.00014000,0.00014000,0,,,,0,cancelled
2026-04-14 04:00,ord-000415,buy,74465.13,1776141143524,0,0,0,,,,0,cancelled
2026-04-14 04:00,ord-000416,sell,74469.14,1776141143524,0,0,0,,,,0,cancelled
2026-04-14 04:00,ord-000417,buy,74461.90,1776141200924,0,0,0,,,,0,cancelled
2026-04-14 04:00,ord-000418,sell,74465.91,1776141200924,0,0,0,,,,0,cancelled
2026-04-14 04:00,ord-000419,buy,74457.08,1776141205924,0,0,0,,,,0,cancelled
2026-04-14 04:00,ord-000420,sell,74461.09,1776141205924,0,0,0,,,,0,cancelled
2026-04-14 04:00,ord-000421,buy,74458.77,1776141230624,0,0,0,,,,0,cancelled
2026-04-14 04:00,ord-000422,sell,74462.78,1776141230624,0,0,0,,,,0,cancelled
2026-04-14 04:00,ord-000423,buy,74450.70,1776141241624,0,0,0,,,,0,cancelled
2026-04-14 04:00,ord-000424,sell,74454.71,1776141241624,0,0,0,,,,0,cancelled
2026-04-14 04:00,ord-000425,buy,74447.30,1776141266724,0,0,0,,,,0,cancelled
2026-04-14 04:00,ord-000426,sell,74451.31,1776141266724,0,0,0,,,,0,cancelled
2026-04-14 04:00,ord-000427,buy,74433.05,1776141271724,0,0,0,,,,0,cancelled
2026-04-14 04:00,ord-000428,sell,74437.06,1776141271724,0,0,0,,,,0,cancelled
2026-04-14 04:00,ord-000429,buy,74430.86,1776141276724,0,0,0,,,,0,cancelled
2026-04-14 04:00,ord-000430,sell,74434.87,1776141276724,0,0,0,,,,0,cancelled
2026-04-14 04:00,ord-000431,buy,74417.22,1776141281724,0,0,0,,,,0,cancelled
2026-04-14 04:00,ord-000432,sell,74421.23,1776141281724,0,0,0,,,,0,cancelled
2026-04-14 04:00,ord-000433,buy,74415.36,1776141300224,0,0,0,,,,0,cancelled
2026-04-14 04:00,ord-000434,sell,74419.37,1776141300224,0,0,0,,,,0,cancelled
2026-04-14 04:00,ord-000435,buy,74417.22,1776141309624,0,0,0,,,,0,cancelled
2026-04-14 04:00,ord-000436,sell,74421.23,1776141309624,0,0,0,,,,0,cancelled
2026-04-14 04:00,ord-000437,buy,74420.34,1776141314624,0,0,0,,,,0,cancelled
2026-04-14 04:00,ord-000438,sell,74424.35,1776141314624,0,0,0,,,,0,cancelled
2026-04-14 04:00,ord-000439,buy,74409.86,1776141346925,0,0,0,,,,0,cancelled
2026-04-14 04:00,ord-000440,sell,74413.87,1776141346925,0,0,0,,,,0,cancelled
2026-04-14 04:00,ord-000441,buy,74408.48,1776141355024,0,0,0,,,,0,cancelled
2026-04-14 04:00,ord-000442,sell,74412.49,1776141355024,0,0,0,,,,0,cancelled
2026-04-14 04:00,ord-000443,buy,74403.12,1776141360025,0,0,0,,,,0,cancelled
2026-04-14 04:00,ord-000444,sell,74407.13,1776141360025,0,0,0,,,,0,cancelled
2026-04-14 04:00,ord-000445,buy,74406.81,1776141365124,0,0,0,,,,0,cancelled
2026-04-14 04:00,ord-000446,sell,74410.82,1776141365124,0,0,0,,,,0,cancelled
2026-04-14 04:00,ord-000447,buy,74403.37,1776141370124,0.00016000,0,0.00016000,,,,0,cancelled
2026-04-14 04:00,ord-000448,sell,74407.38,1776141370124,0,0,0,,,,0,cancelled
2026-04-14 04:00,ord-000449,buy,74396.06,1776141377124,0,0,0,,,,0,cancelled
2026-04-14 04:00,ord-000450,sell,74400.07,1776141377124,0,0,0,,,,0,cancelled
2026-04-14 04:00,ord-000451,buy,74392.45,1776141391524,0,0,0,,,,0,cancelled
2026-04-14 04:00,ord-000452,sell,74396.46,1776141391524,0,0,0,,,,0,cancelled
2026-04-14 04:00,ord-000453,buy,74397.39,1776141398224,0,0,0,,,,0,cancelled
2026-04-14 04:00,ord-000454,sell,74401.40,1776141398224,0,0,0,,,,0,cancelled
2026-04-14 04:00,ord-000455,buy,74397.99,1776141420924,0,0,0,,,,0,cancelled
2026-04-14 04:00,ord-000456,sell,74402.00,1776141420924,0.00080000,0,0,,,,0,cancelled
2026-04-14 04:00,ord-000457,buy,74409.85,1776141425924,0,0,0,,,,0,cancelled
2026-04-14 04:00,ord-000458,sell,74413.86,1776141425924,0,0,0,,,,0,cancelled
2026-04-14 04:00,ord-000459,buy,74401.49,1776141434724,0,0,0,,,,0,cancelled
2026-04-14 04:00,ord-000460,sell,74405.50,1776141434724,0,0,0,,,,0,cancelled
2026-04-14 04:00,ord-000461,buy,74404.61,1776141440724,0,0,0,,,,0,cancelled
2026-04-14 04:00,ord-000462,sell,74408.62,1776141440724,0,0,0,,,,0,cancelled
2026-04-14 04:00,ord-000463,buy,74409.84,1776141445724,0,0,0,,,,0,cancelled
2026-04-14 04:00,ord-000464,sell,74413.85,1776141445724,0,0,0,,,,0,cancelled
2026-04-14 04:00,ord-000465,buy,74411.54,1776141450724,0,0,0,,,,0,cancelled
2026-04-14 04:00,ord-000466,sell,74415.55,1776141450724,0,0,0,,,,0,cancelled
2026-04-14 04:00,ord-000467,buy,74411.55,1776141456524,0,0,0,,,,0,cancelled
2026-04-14 04:00,ord-000468,sell,74415.56,1776141456524,0,0,0,,,,0,cancelled
2026-04-14 04:00,ord-000469,buy,74420.29,1776141461524,0,0,0,,,,0,cancelled
2026-04-14 04:00,ord-000470,sell,74424.30,1776141461524,0,0,0,,,,0,cancelled
2026-04-14 04:00,ord-000471,buy,74416.27,1776141469124,0.00007000,0.00007000,0,,,,0,cancelled
2026-04-14 04:00,ord-000472,sell,74420.28,1776141469124,0,0,0,,,,0,cancelled
2026-04-14 04:00,ord-000473,buy,74411.53,1776141474124,0.00041000,0.00041000,0,,,,0,cancelled
2026-04-14 04:00,ord-000474,sell,74415.54,1776141474124,0,0,0,,,,0,cancelled
2026-04-14 04:00,ord-000475,buy,74404.43,1776141479124,0,0,0,,,,0,cancelled
2026-04-14 04:00,ord-000476,sell,74408.44,1776141479124,0,0,0,,,,0,cancelled
2026-04-14 04:00,ord-000477,buy,74402.20,1776141489224,0,0,0,,,,0,cancelled
2026-04-14 04:00,ord-000478,sell,74406.21,1776141489224,0,0,0,,,,0,cancelled
2026-04-14 04:00,ord-000479,buy,74409.99,1776141495224,0.23681000,0,0.2367400206855791962174940899,,,,0,cancelled
2026-04-14 04:00,ord-000480,sell,74414.00,1776141495224,0.00120000,0.00120000,0,,,,0,cancelled
2026-04-14 04:00,ord-000481,buy,74413.16,1776141500224,0,0,0,,,,0,cancelled
2026-04-14 04:00,ord-000482,sell,74417.17,1776141500224,0,0,0,,,,0,cancelled
2026-04-14 04:00,ord-000483,buy,74413.15,1776141511224,0,0,0,,,,0,cancelled
2026-04-14 04:00,ord-000484,sell,74417.16,1776141511224,0,0,0,,,,0,cancelled
2026-04-14 04:00,ord-000485,buy,74412.39,1776141533424,0,0,0,,,,0,cancelled
2026-04-14 04:00,ord-000486,sell,74416.40,1776141533424,0,0,0,,,,0,cancelled
2026-04-14 04:00,ord-000487,buy,74408.76,1776141538424,0,0,0,,,,0,cancelled
2026-04-14 04:00,ord-000488,sell,74412.77,1776141538424,0,0,0,,,,0,cancelled
2026-04-14 04:00,ord-000489,buy,74408.48,1776141543424,0,0,0,,,,0,cancelled
2026-04-14 04:00,ord-000490,sell,74412.49,1776141543424,0,0,0,,,,0,cancelled
2026-04-14 04:00,ord-000491,buy,74407.54,1776141580524,0,0,0,,,,0,cancelled
2026-04-14 04:00,ord-000492,sell,74411.55,1776141580524,0,0,0,,,,0,cancelled
2026-04-14 04:00,ord-000493,buy,74404.01,1776141585524,0,0,0,,,,0,cancelled
2026-04-14 04:00,ord-000494,sell,74408.02,1776141585524,0,0,0,,,,0,cancelled
2026-04-14 04:00,ord-000495,buy,74430.76,1776141595837,0,0,0,,,,0,cancelled
2026-04-14 04:00,ord-000496,sell,74434.77,1776141595837,0,0,0,,,,0,cancelled
2026-04-14 04:00,ord-000497,buy,74443.76,1776141600924,0,0,0,,,,0,cancelled
2026-04-14 04:00,ord-000498,sell,74447.77,1776141600924,0,0,0,,,,0,cancelled
2026-04-14 04:00,ord-000499,buy,74423.86,1776141605924,0,0,0,,,,0,cancelled
2026-04-14 04:00,ord-000500,sell,74427.87,1776141605924,0.00300000,0.00007938398706713179613715647077,0.002920616012932868203862843529,1776141607615,0.00007938398706713179613715647077,0.00000000000000000000000000000000,0.001,filled
2026-04-14 04:00,ord-000501,buy,74425.87,1776141607724,0,0,0,,,,0,cancelled
2026-04-14 04:00,ord-000502,sell,74429.88,1776141607724,0,0,0,,,,0,cancelled
2026-04-14 04:00,ord-000503,buy,74419.41,1776141617324,0.00016000,0,0.00016000,,,,0,cancelled
2026-04-14 04:00,ord-000504,sell,74423.42,1776141617324,0,0,0,,,,0,cancelled
2026-04-14 04:00,ord-000505,buy,74417.10,1776141633124,0,0,0,,,,0,cancelled
2026-04-14 04:00,ord-000506,sell,74421.11,1776141633124,0,0,0,,,,0,cancelled
2026-04-14 04:00,ord-000507,buy,74414.77,1776141640624,0,0,0,,,,0,cancelled
2026-04-14 04:00,ord-000508,sell,74418.78,1776141640624,0,0,0,,,,0,cancelled
2026-04-14 04:00,ord-000509,buy,74410.99,1776141662124,0,0,0,,,,0,cancelled
2026-04-14 04:00,ord-000510,sell,74415.00,1776141662124,0,0,0,,,,0,cancelled
2026-04-14 04:00,ord-000511,buy,74404.29,1776141667124,0,0,0,,,,0,cancelled
2026-04-14 04:00,ord-000512,sell,74408.30,1776141667124,0,0,0,,,,0,cancelled
2026-04-14 04:00,ord-000513,buy,74401.99,1776141672124,0,0,0,,,,0,cancelled
2026-04-14 04:00,ord-000514,sell,74406.00,1776141672124,0,0,0,,,,0,cancelled
2026-04-14 04:00,ord-000515,buy,74398.82,1776141684424,0,0,0,,,,0,cancelled
2026-04-14 04:00,ord-000516,sell,74402.83,1776141684424,0,0,0,,,,0,cancelled
2026-04-14 04:00,ord-000517,buy,74396.10,1776141689424,0,0,0,,,,0,cancelled
2026-04-14 04:00,ord-000518,sell,74400.11,1776141689424,0,0,0,,,,0,cancelled
2026-04-14 04:00,ord-000519,buy,74401.97,1776141702024,0,0,0,,,,0,cancelled
2026-04-14 04:00,ord-000520,sell,74405.98,1776141702024,0,0,0,,,,0,cancelled
2026-04-14 04:00,ord-000521,buy,74407.05,1776141715424,0,0,0,,,,0,cancelled
2026-04-14 04:00,ord-000522,sell,74411.06,1776141715424,0,0,0,,,,0,cancelled
2026-04-14 04:00,ord-000523,buy,74401.97,1776141727424,0,0,0,,,,0,cancelled
2026-04-14 04:00,ord-000524,sell,74405.98,1776141727424,0,0,0,,,,0,cancelled
2026-04-14 04:00,ord-000525,buy,74399.93,1776141740624,0,0,0,,,,0,cancelled
2026-04-14 04:00,ord-000526,sell,74403.94,1776141740624,0,0,0,,,,0,cancelled
2026-04-14 04:00,ord-000527,buy,74398.37,1776141745624,0,0,0,,,,0,cancelled
2026-04-14 04:00,ord-000528,sell,74402.38,1776141745624,0,0,0,,,,0,cancelled
2026-04-14 04:00,ord-000529,buy,74390.14,1776141750624,0,0,0,,,,0,cancelled
2026-04-14 04:00,ord-000530,sell,74394.15,1776141750624,0,0,0,,,,0,cancelled
2026-04-14 04:00,ord-000531,buy,74388.33,1776141779024,0,0,0,,,,0,cancelled
2026-04-14 04:00,ord-000532,sell,74392.34,1776141779024,0,0,0,,,,0,cancelled
2026-04-14 04:00,ord-000533,buy,74386.82,1776141784024,0,0,0,,,,0,cancelled
2026-04-14 04:00,ord-000534,sell,74390.83,1776141784024,0,0,0,,,,0,cancelled
2026-04-14 04:00,ord-000535,buy,74376.94,1776141789024,0,0,0,,,,0,cancelled
2026-04-14 04:00,ord-000536,sell,74380.95,1776141789024,0.00016000,0,0.00016000,,,,0,cancelled
2026-04-14 04:00,ord-000537,buy,74376.93,1776141808324,0,0,0,,,,0,cancelled
2026-04-14 04:00,ord-000538,sell,74380.94,1776141808324,0,0,0,,,,0,cancelled
2026-04-14 04:00,ord-000539,buy,74376.76,1776141813324,0,0,0,,,,0,cancelled
2026-04-14 04:00,ord-000540,sell,74380.77,1776141813324,0,0,0,,,,0,cancelled
2026-04-14 04:00,ord-000541,buy,74374.19,1776141818324,0,0,0,,,,0,cancelled
2026-04-14 04:00,ord-000542,sell,74378.20,1776141818324,0,0,0,,,,0,cancelled
2026-04-14 04:00,ord-000543,buy,74363.00,1776141823324,0,0,0,,,,0,cancelled
2026-04-14 04:00,ord-000544,sell,74367.01,1776141823324,0,0,0,,,,0,cancelled
2026-04-14 04:00,ord-000545,buy,74361.98,1776141831124,0,0,0,,,,0,cancelled
2026-04-14 04:00,ord-000546,sell,74365.99,1776141831124,0,0,0,,,,0,cancelled
2026-04-14 04:00,ord-000547,buy,74358.74,1776141836124,0,0,0,,,,0,cancelled
2026-04-14 04:00,ord-000548,sell,74362.75,1776141836124,0,0,0,,,,0,cancelled
2026-04-14 04:00,ord-000549,buy,74370.12,1776141841124,0,0,0,,,,0,cancelled
2026-04-14 04:00,ord-000550,sell,74374.13,1776141841124,0,0,0,,,,0,cancelled
2026-04-14 04:00,ord-000551,buy,74371.08,1776141850624,0,0,0,,,,0,cancelled
2026-04-14 04:00,ord-000552,sell,74375.09,1776141850624,0,0,0,,,,0,cancelled
2026-04-14 04:00,ord-000553,buy,74376.93,1776141855624,0,0,0,,,,0,cancelled
2026-04-14 04:00,ord-000554,sell,74380.94,1776141855624,0,0,0,,,,0,cancelled
2026-04-14 04:00,ord-000555,buy,74376.19,1776141860624,0.00007000,0,0.00007000,,,,0,cancelled
2026-04-14 04:00,ord-000556,sell,74380.20,1776141860624,0,0,0,,,,0,cancelled
2026-04-14 04:00,ord-000557,buy,74376.93,1776141900024,0,0,0,,,,0,cancelled
2026-04-14 04:00,ord-000558,sell,74380.94,1776141900024,0,0,0,,,,0,cancelled
2026-04-14 04:00,ord-000559,buy,74376.19,1776141909525,0,0,0,,,,0,cancelled
2026-04-14 04:00,ord-000560,sell,74380.20,1776141909525,0,0,0,,,,0,cancelled
2026-04-14 04:00,ord-000561,buy,74375.07,1776141917024,0,0,0,,,,0,cancelled
2026-04-14 04:00,ord-000562,sell,74379.08,1776141917024,0,0,0,,,,0,cancelled
2026-04-14 04:00,ord-000563,buy,74361.77,1776141922024,0,0,0,,,,0,cancelled
2026-04-14 04:00,ord-000564,sell,74365.78,1776141922024,0,0,0,,,,0,cancelled
2026-04-14 04:00,ord-000565,buy,74356.00,1776141927024,0.00120000,0.00120000,0,,,,0,cancelled
2026-04-14 04:00,ord-000566,sell,74360.01,1776141927024,0,0,0,,,,0,cancelled
2026-04-14 04:00,ord-000567,buy,74355.99,1776141932024,0,0,0,,,,0,cancelled
2026-04-14 04:00,ord-000568,sell,74360.00,1776141932024,0.00040000,0.00040000,0,1776141948931,0.00040000,0.00000000,0.00080000,cancelled
2026-04-14 04:00,ord-000569,buy,74367.62,1776141949024,0,0,0,,,,0,cancelled
2026-04-14 04:00,ord-000570,sell,74371.63,1776141949024,0,0,0,,,,0,cancelled
2026-04-14 04:00,ord-000571,buy,74373.98,1776141954024,0,0,0,,,,0,cancelled
2026-04-14 04:00,ord-000572,sell,74377.99,1776141954024,0.00007000,0,0,,,,0,cancelled
2026-04-14 04:00,ord-000573,buy,74374.11,1776141967924,0,0,0,,,,0,cancelled
2026-04-14 04:00,ord-000574,sell,74378.12,1776141967924,0,0,0,,,,0,cancelled
2026-04-14 04:00,ord-000575,buy,74375.68,1776141980424,0,0,0,,,,0,cancelled
2026-04-14 04:00,ord-000576,sell,74379.69,1776141980424,0,0,0,,,,0,cancelled
2026-04-14 04:00,ord-000577,buy,74376.93,1776141985425,0,0,0,,,,0,cancelled
2026-04-14 04:00,ord-000578,sell,74380.94,1776141985425,0,0,0,,,,0,cancelled
2026-04-14 04:00,ord-000579,buy,74387.55,1776141990524,0,0,0,,,,0,cancelled
2026-04-14 04:00,ord-000580,sell,74391.56,1776141990524,0,0,0,,,,0,cancelled
2026-04-14 04:00,ord-000581,buy,74387.99,1776142027524,0,0,0,,,,0,cancelled
2026-04-14 04:00,ord-000582,sell,74392.00,1776142027524,0.00120000,0.00120000,0,1776142031960,0.00120000,0.00000000,0.001,filled
2026-04-14 04:00,ord-000583,buy,74390.48,1776142032024,0,0,0,,,,0,cancelled
2026-04-14 04:00,ord-000584,sell,74394.49,1776142032024,0,0,0,,,,0,cancelled
2026-04-14 04:00,ord-000585,buy,74397.99,1776142041854,0,0,0,,,,0,cancelled
2026-04-14 04:00,ord-000586,sell,74402.00,1776142041854,0.00120000,0.00120000,0,,,,0,cancelled
2026-04-14 04:00,ord-000587,buy,74413.93,1776142046924,0,0,0,,,,0,cancelled
2026-04-14 04:00,ord-000588,sell,74417.94,1776142046924,0,0,0,,,,0,cancelled
2026-04-14 04:00,ord-000589,buy,74418.59,1776142059924,0,0,0,,,,0,cancelled
2026-04-14 04:00,ord-000590,sell,74422.60,1776142059924,0,0,0,,,,0,cancelled
2026-04-14 04:00,ord-000591,buy,74434.78,1776142081024,0,0,0,1776142092539,0,0,0.00023000,cancelled
2026-04-14 04:00,ord-000592,sell,74438.79,1776142081024,0,0,0,,,,0,cancelled
2026-04-14 04:00,ord-000593,buy,74426.92,1776142092624,0,0,0,,,,0,cancelled
2026-04-14 04:00,ord-000594,sell,74430.93,1776142092624,0,0,0,,,,0,cancelled
2026-04-14 04:00,ord-000595,buy,74413.93,1776142097624,0,0,0,,,,0,cancelled
2026-04-14 04:00,ord-000596,sell,74417.94,1776142097624,0,0,0,,,,0,cancelled
2026-04-14 04:00,ord-000597,buy,74409.31,1776142102624,0,0,0,,,,0,cancelled
2026-04-14 04:00,ord-000598,sell,74413.32,1776142102624,0,0,0,,,,0,cancelled
2026-04-14 04:00,ord-000599,buy,74406.00,1776142121624,0.00120000,0.00120000,0,,,,0,cancelled
2026-04-14 04:00,ord-000600,sell,74410.01,1776142121624,0.17523000,0,0.1752299757461763104489432262,,,,0,cancelled
2026-04-14 04:00,ord-000601,buy,74397.99,1776142126624,0,0,0,,,,0,cancelled
2026-04-14 04:00,ord-000602,sell,74402.00,1776142126624,0,0,0,,,,0,cancelled
2026-04-14 04:00,ord-000603,buy,74393.01,1776142145625,0,0,0,,,,0,cancelled
2026-04-14 04:00,ord-000604,sell,74397.02,1776142145625,0,0,0,,,,0,cancelled
2026-04-14 04:00,ord-000605,buy,74396.43,1776142186524,0,0,0,,,,0,cancelled
2026-04-14 04:00,ord-000606,sell,74400.44,1776142186524,0,0,0,,,,0,cancelled
2026-04-14 04:00,ord-000607,buy,74402.97,1776142191524,0,0,0,,,,0,cancelled
2026-04-14 04:00,ord-000608,sell,74406.98,1776142191524,0,0,0,,,,0,cancelled
2026-04-14 04:00,ord-000609,buy,74409.30,1776142196524,0,0,0,,,,0,cancelled
2026-04-14 04:00,ord-000610,sell,74413.31,1776142196524,0,0,0,,,,0,cancelled
2026-04-14 04:00,ord-000611,buy,74402.97,1776142229324,0,0,0,,,,0,cancelled
2026-04-14 04:00,ord-000612,sell,74406.98,1776142229324,0,0,0,,,,0,cancelled
2026-04-14 04:00,ord-000613,buy,74398.44,1776142234324,0.00023000,0,0,,,,0,cancelled
2026-04-14 04:00,ord-000614,sell,74402.45,1776142234324,0,0,0,,,,0,cancelled
2026-04-14 04:00,ord-000615,buy,74397.98,1776142239324,0,0,0,,,,0,cancelled
2026-04-14 04:00,ord-000616,sell,74401.99,1776142239324,0,0,0,,,,0,cancelled
2026-04-14 04:00,ord-000617,buy,74390.99,1776142252324,0,0,0,,,,0,cancelled
2026-04-14 04:00,ord-000618,sell,74395.00,1776142252324,0,0,0,,,,0,cancelled
2026-04-14 04:00,ord-000619,buy,74387.84,1776142283824,0,0,0,,,,0,cancelled
2026-04-14 04:00,ord-000620,sell,74391.85,1776142283824,0,0,0,,,,0,cancelled
2026-04-14 04:00,ord-000621,buy,74386.89,1776142288824,0,0,0,,,,0,cancelled
2026-04-14 04:00,ord-000622,sell,74390.90,1776142288824,0,0,0,,,,0,cancelled
2026-04-14 04:00,ord-000623,buy,74381.08,1776142310630,0,0,0,,,,0,cancelled
2026-04-14 04:00,ord-000624,sell,74385.09,1776142310630,0,0,0,,,,0,cancelled
2026-04-14 04:00,ord-000625,buy,74379.83,1776142315724,0,0,0,,,,0,cancelled
2026-04-14 04:00,ord-000626,sell,74383.84,1776142315724,0,0,0,,,,0,cancelled
2026-04-14 04:00,ord-000627,buy,74386.89,1776142349624,0,0,0,,,,0,cancelled
2026-04-14 04:00,ord-000628,sell,74390.90,1776142349624,0,0,0,,,,0,cancelled
2026-04-14 04:00,ord-000629,buy,74393.61,1776142354625,0,0,0,,,,0,cancelled
2026-04-14 04:00,ord-000630,sell,74397.62,1776142354625,0,0,0,,,,0,cancelled
2026-04-14 04:00,ord-000631,buy,74397.98,1776142386224,0,0,0,,,,0,cancelled
2026-04-14 04:00,ord-000632,sell,74401.99,1776142386224,0,0,0,,,,0,cancelled
2026-04-14 04:00,ord-000633,buy,74401.65,1776142391224,0,0,0,,,,0,cancelled
2026-04-14 04:00,ord-000634,sell,74405.66,1776142391224,0,0,0,,,,0,cancelled
2026-04-14 04:00,ord-000635,buy,74409.22,1776142396224,0,0,0,,,,0,cancelled
2026-04-14 04:00,ord-000636,sell,74413.23,1776142396224,0,0,0,,,,0,cancelled
2026-04-14 04:00,ord-000637,buy,74397.94,1776142401224,0,0,0,,,,0,cancelled
2026-04-14 04:00,ord-000638,sell,74401.95,1776142401224,0,0,0,,,,0,cancelled
2026-04-14 04:00,ord-000639,buy,74393.61,1776142410824,0,0,0,,,,0,cancelled
2026-04-14 04:00,ord-000640,sell,74397.62,1776142410824,0,0,0,,,,0,cancelled
2026-04-14 04:00,ord-000641,buy,74388.00,1776142415824,0.00120000,0.00120000,0,,,,0,cancelled
2026-04-14 04:00,ord-000642,sell,74392.01,1776142415824,0.00007000,0,0.00007000,,,,0,cancelled
2026-04-14 04:00,ord-000643,buy,74384.31,1776142493724,0,0,0,,,,0,cancelled
2026-04-14 04:00,ord-000644,sell,74388.32,1776142493724,0,0,0,,,,0,cancelled
2026-04-14 04:00,ord-000645,buy,74379.77,1776142500524,0,0,0,,,,0,cancelled
2026-04-14 04:00,ord-000646,sell,74383.78,1776142500524,0,0,0,,,,0,cancelled
2026-04-14 04:00,ord-000647,buy,74384.99,1776142505524,0,0,0,,,,0,cancelled
2026-04-14 04:00,ord-000648,sell,74389.00,1776142505524,0,0,0,,,,0,cancelled
2026-04-14 04:00,ord-000649,buy,74394.84,1776142510524,0,0,0,,,,0,cancelled
2026-04-14 04:00,ord-000650,sell,74398.85,1776142510524,0,0,0,,,,0,cancelled
2026-04-14 04:00,ord-000651,buy,74392.40,1776142544624,0.00023000,0.00023000,0,1776142544633,0.00023000,0.00000000,0.00092000,cancelled
2026-04-14 04:00,ord-000652,sell,74396.41,1776142544624,0,0,0,,,,0,cancelled
2026-04-14 04:00,ord-000653,buy,74386.00,1776142549625,0.00120000,0,0,,,,0,cancelled
2026-04-14 04:00,ord-000654,sell,74390.01,1776142549625,0.00007000,0,0,,,,0,cancelled
2026-04-14 04:00,ord-000655,buy,74387.38,1776142563224,0,0,0,,,,0,cancelled
2026-04-14 04:00,ord-000656,sell,74391.39,1776142563224,0,0,0,,,,0,cancelled
2026-04-14 04:00,ord-000657,buy,74397.93,1776142568224,0,0,0,,,,0,cancelled
2026-04-14 04:00,ord-000658,sell,74401.94,1776142568224,0,0,0,,,,0,cancelled
2026-04-14 04:00,ord-000659,buy,74397.23,1776142579324,0,0,0,,,,0,cancelled
2026-04-14 04:00,ord-000660,sell,74401.24,1776142579324,0,0,0,,,,0,cancelled
2026-04-14 04:00,ord-000661,buy,74392.00,1776142584324,0.00080000,0.00080000,0,1776142597677,0.00080000,0.00000000,0.001,filled
2026-04-14 04:00,ord-000662,sell,74396.01,1776142584324,0,0,0,,,,0,cancelled
2026-04-14 04:00,ord-000663,buy,74387.21,1776142597724,0,0,0,,,,0,cancelled
2026-04-14 04:00,ord-000664,sell,74391.22,1776142597724,0,0,0,,,,0,cancelled
2026-04-14 04:00,ord-000665,buy,74382.90,1776142602725,0.00007000,0,0.00007000,,,,0,cancelled
2026-04-14 04:00,ord-000666,sell,74386.91,1776142602725,0,0,0,,,,0,cancelled
2026-04-14 04:00,ord-000667,buy,74365.31,1776142637840,0,0,0,,,,0,cancelled
2026-04-14 04:00,ord-000668,sell,74369.32,1776142637840,0,0,0,,,,0,cancelled
2026-04-14 04:00,ord-000669,buy,74368.23,1776142642924,0,0,0,,,,0,cancelled
2026-04-14 04:00,ord-000670,sell,74372.24,1776142642924,0,0,0,,,,0,cancelled
2026-04-14 04:00,ord-000671,buy,74368.24,1776142662124,0,0,0,,,,0,cancelled
2026-04-14 04:00,ord-000672,sell,74372.25,1776142662124,0,0,0,,,,0,cancelled
2026-04-14 04:00,ord-000673,buy,74381.12,1776142667124,0,0,0,,,,0,cancelled
2026-04-14 04:00,ord-000674,sell,74385.13,1776142667124,0,0,0,,,,0,cancelled
2026-04-14 04:00,ord-000675,buy,74373.40,1776142693924,0,0,0,,,,0,cancelled
2026-04-14 04:00,ord-000676,sell,74377.41,1776142693924,0,0,0,,,,0,cancelled
2026-04-14 04:00,ord-000677,buy,74368.76,1776142698924,0,0,0,,,,0,cancelled
2026-04-14 04:00,ord-000678,sell,74372.77,1776142698924,0,0,0,,,,0,cancelled
2026-04-14 04:00,ord-000679,buy,74368.75,1776142744124,0,0,0,,,,0,cancelled
2026-04-14 04:00,ord-000680,sell,74372.76,1776142744124,0,0,0,,,,0,cancelled
2026-04-14 04:00,ord-000681,buy,74365.38,1776142749124,0,0,0,,,,0,cancelled
2026-04-14 04:00,ord-000682,sell,74369.39,1776142749124,0,0,0,,,,0,cancelled
2026-04-14 04:00,ord-000683,buy,74370.65,1776142759324,0,0,0,,,,0,cancelled
2026-04-14 04:00,ord-000684,sell,74374.66,1776142759324,0,0,0,,,,0,cancelled
2026-04-14 04:00,ord-000685,buy,74375.92,1776142764325,0,0,0,,,,0,cancelled
2026-04-14 04:00,ord-000686,sell,74379.93,1776142764325,0,0,0,,,,0,cancelled
2026-04-14 04:00,ord-000687,buy,74370.86,1776142780624,0,0,0,,,,0,cancelled
2026-04-14 04:00,ord-000688,sell,74374.87,1776142780624,0,0,0,,,,0,cancelled
2026-04-14 04:00,ord-000689,buy,74372.80,1776142792324,0,0,0,,,,0,cancelled
2026-04-14 04:00,ord-000690,sell,74376.81,1776142792324,0,0,0,,,,0,cancelled
2026-04-14 04:00,ord-000691,buy,74385.85,1776142797324,0,0,0,,,,0,expired
2026-04-14 04:00,ord-000692,sell,74389.86,1776142797324,0,0,0,,,,0,expired
2026-04-14 05:00,ord-000001,buy,74385.85,1776142800224,0,0,0,,,,0,cancelled
2026-04-14 05:00,ord-000002,sell,74389.86,1776142800224,0,0,0,,,,0,cancelled
2026-04-14 05:00,ord-000003,buy,74378.41,1776142831524,0,0,0,,,,0,cancelled
2026-04-14 05:00,ord-000004,sell,74382.42,1776142831524,0,0,0,,,,0,cancelled
2026-04-14 05:00,ord-000005,buy,74370.00,1776142836524,0.00120000,0.00120000,0,,,,0,cancelled
2026-04-14 05:00,ord-000006,sell,74374.01,1776142836524,0,0,0,,,,0,cancelled
2026-04-14 05:00,ord-000007,buy,74367.58,1776142841524,0,0,0,,,,0,cancelled
2026-04-14 05:00,ord-000008,sell,74371.59,1776142841524,0,0,0,,,,0,cancelled
2026-04-14 05:00,ord-000009,buy,74363.13,1776142846524,0,0,0,,,,0,cancelled
2026-04-14 05:00,ord-000010,sell,74367.14,1776142846524,0,0,0,,,,0,cancelled
2026-04-14 05:00,ord-000011,buy,74357.09,1776142851524,0,0,0,,,,0,cancelled
2026-04-14 05:00,ord-000012,sell,74361.10,1776142851524,0,0,0,,,,0,cancelled
2026-04-14 05:00,ord-000013,buy,74353.67,1776142872524,0,0,0,,,,0,cancelled
2026-04-14 05:00,ord-000014,sell,74357.68,1776142872524,0,0,0,,,,0,cancelled
2026-04-14 05:00,ord-000015,buy,74353.66,1776142880424,0,0,0,,,,0,cancelled
2026-04-14 05:00,ord-000016,sell,74357.67,1776142880424,0,0,0,,,,0,cancelled
2026-04-14 05:00,ord-000017,buy,74349.66,1776142885424,0,0,0,,,,0,cancelled
2026-04-14 05:00,ord-000018,sell,74353.67,1776142885424,0,0,0,,,,0,cancelled
2026-04-14 05:00,ord-000019,buy,74346.63,1776142890424,0,0,0,,,,0,cancelled
2026-04-14 05:00,ord-000020,sell,74350.64,1776142890424,0,0,0,,,,0,cancelled
2026-04-14 05:00,ord-000021,buy,74343.00,1776142899024,0,0,0,,,,0,cancelled
2026-04-14 05:00,ord-000022,sell,74347.01,1776142899024,0,0,0,,,,0,cancelled
2026-04-14 05:00,ord-000023,buy,74337.21,1776142904024,0,0,0,,,,0,cancelled
2026-04-14 05:00,ord-000024,sell,74341.22,1776142904024,0,0,0,,,,0,cancelled
2026-04-14 05:00,ord-000025,buy,74337.20,1776142909024,0.00008000,0.00008000,0,,,,0,cancelled
2026-04-14 05:00,ord-000026,sell,74341.21,1776142909024,0,0,0,,,,0,cancelled
2026-04-14 05:00,ord-000027,buy,74334.82,1776142914024,0.00016000,0,0.0001451795841209829867674858223,,,,0,cancelled
2026-04-14 05:00,ord-000028,sell,74338.83,1776142914024,0,0,0,,,,0,cancelled
2026-04-14 05:00,ord-000029,buy,74333.39,1776142919024,0,0,0,,,,0,cancelled
2026-04-14 05:00,ord-000030,sell,74337.40,1776142919024,0,0,0,,,,0,cancelled
2026-04-14 05:00,ord-000031,buy,74337.99,1776142926829,0,0,0,,,,0,cancelled
2026-04-14 05:00,ord-000032,sell,74342.00,1776142926829,0.00080000,0.00080000,0,,,,0,cancelled
2026-04-14 05:00,ord-000033,buy,74351.58,1776142931924,0,0,0,,,,0,cancelled
2026-04-14 05:00,ord-000034,sell,74355.59,1776142931924,0,0,0,,,,0,cancelled
2026-04-14 05:00,ord-000035,buy,74348.80,1776142936925,0,0,0,,,,0,cancelled
2026-04-14 05:00,ord-000036,sell,74352.81,1776142936925,0,0,0,,,,0,cancelled
2026-04-14 05:00,ord-000037,buy,74346.63,1776142942024,0,0,0,,,,0,cancelled
2026-04-14 05:00,ord-000038,sell,74350.64,1776142942024,0,0,0,,,,0,cancelled
2026-04-14 05:00,ord-000039,buy,74345.11,1776142952625,0,0,0,,,,0,cancelled
2026-04-14 05:00,ord-000040,sell,74349.12,1776142952625,0,0,0,,,,0,cancelled
2026-04-14 05:00,ord-000041,buy,74338.10,1776142957724,0,0,0,,,,0,cancelled
2026-04-14 05:00,ord-000042,sell,74342.11,1776142957724,0,0,0,,,,0,cancelled
2026-04-14 05:00,ord-000043,buy,74338.09,1776142967224,0,0,0,,,,0,cancelled
2026-04-14 05:00,ord-000044,sell,74342.10,1776142967224,0,0,0,,,,0,cancelled
2026-04-14 05:00,ord-000045,buy,74334.92,1776142975924,0,0,0,,,,0,cancelled
2026-04-14 05:00,ord-000046,sell,74338.93,1776142975924,0,0,0,,,,0,cancelled
2026-04-14 05:00,ord-000047,buy,74334.91,1776142980924,0,0,0,,,,0,cancelled
2026-04-14 05:00,ord-000048,sell,74338.92,1776142980924,0,0,0,,,,0,cancelled
2026-04-14 05:00,ord-000049,buy,74334.90,1776142985924,0,0,0,1776142988195,0,0,0.001,filled
2026-04-14 05:00,ord-000050,sell,74338.91,1776142985924,0,0,0,,,,0,cancelled
2026-04-14 05:00,ord-000051,buy,74328.68,1776142988225,0,0,0,,,,0,cancelled
2026-04-14 05:00,ord-000052,sell,74332.69,1776142988225,0,0,0,,,,0,cancelled
2026-04-14 05:00,ord-000053,buy,74337.98,1776142993324,0,0,0,,,,0,cancelled
2026-04-14 05:00,ord-000054,sell,74341.99,1776142993324,0,0,0,,,,0,cancelled
2026-04-14 05:00,ord-000055,buy,74338.08,1776142998324,0,0,0,,,,0,cancelled
2026-04-14 05:00,ord-000056,sell,74342.09,1776142998324,0,0,0,,,,0,cancelled
2026-04-14 05:00,ord-000057,buy,74346.25,1776143003324,0,0,0,,,,0,cancelled
2026-04-14 05:00,ord-000058,sell,74350.26,1776143003324,0,0,0,,,,0,cancelled
2026-04-14 05:00,ord-000059,buy,74346.58,1776143015724,0,0,0,,,,0,cancelled
2026-04-14 05:00,ord-000060,sell,74350.59,1776143015724,0,0,0,,,,0,cancelled
2026-04-14 05:00,ord-000061,buy,74346.99,1776143020724,0,0,0,,,,0,cancelled
2026-04-14 05:00,ord-000062,sell,74351.00,1776143020724,1.99017000,0,0,,,,0,cancelled
2026-04-14 05:00,ord-000063,buy,74348.80,1776143028524,0,0,0,,,,0,cancelled
2026-04-14 05:00,ord-000064,sell,74352.81,1776143028524,0,0,0,,,,0,cancelled
2026-04-14 05:00,ord-000065,buy,74346.05,1776143034624,0,0,0,,,,0,cancelled
2026-04-14 05:00,ord-000066,sell,74350.06,1776143034624,0,0,0,,,,0,cancelled
2026-04-14 05:00,ord-000067,buy,74344.89,1776143039624,0,0,0,,,,0,cancelled
2026-04-14 05:00,ord-000068,sell,74348.90,1776143039624,0,0,0,,,,0,cancelled
2026-04-14 05:00,ord-000069,buy,74344.88,1776143044624,0,0,0,,,,0,cancelled
2026-04-14 05:00,ord-000070,sell,74348.89,1776143044624,0,0,0,,,,0,cancelled
2026-04-14 05:00,ord-000071,buy,74344.10,1776143049624,0,0,0,,,,0,cancelled
2026-04-14 05:00,ord-000072,sell,74348.11,1776143049624,0,0,0,,,,0,cancelled
2026-04-14 05:00,ord-000073,buy,74344.08,1776143054624,0,0,0,,,,0,cancelled
2026-04-14 05:00,ord-000074,sell,74348.09,1776143054624,0,0,0,,,,0,cancelled
2026-04-14 05:00,ord-000075,buy,74337.65,1776143059624,0,0,0,,,,0,cancelled
2026-04-14 05:00,ord-000076,sell,74341.66,1776143059624,0,0,0,,,,0,cancelled
2026-04-14 05:00,ord-000077,buy,74337.41,1776143077424,0,0,0,,,,0,cancelled
2026-04-14 05:00,ord-000078,sell,74341.42,1776143077424,0,0,0,,,,0,cancelled
2026-04-14 05:00,ord-000079,buy,74337.40,1776143090324,0,0,0,,,,0,cancelled
2026-04-14 05:00,ord-000080,sell,74341.41,1776143090324,0,0,0,,,,0,cancelled
2026-04-14 05:00,ord-000081,buy,74328.02,1776143095324,0,0,0,,,,0,cancelled
2026-04-14 05:00,ord-000082,sell,74332.03,1776143095324,0,0,0,,,,0,cancelled
2026-04-14 05:00,ord-000083,buy,74328.00,1776143103824,0.00120000,0.00120000,0,,,,0,cancelled
2026-04-14 05:00,ord-000084,sell,74332.01,1776143103824,0,0,0,,,,0,cancelled
2026-04-14 05:00,ord-000085,buy,74324.49,1776143108824,0,0,0,,,,0,cancelled
2026-04-14 05:00,ord-000086,sell,74328.50,1776143108824,0,0,0,,,,0,cancelled
2026-04-14 05:00,ord-000087,buy,74318.00,1776143113824,0.01377000,0,0,,,,0,cancelled
2026-04-14 05:00,ord-000088,sell,74322.01,1776143113824,0,0,0,,,,0,cancelled
2026-04-14 05:00,ord-000089,buy,74317.99,1776143122124,0,0,0,,,,0,cancelled
2026-04-14 05:00,ord-000090,sell,74322.00,1776143122124,0,0,0,,,,0,cancelled
2026-04-14 05:00,ord-000091,buy,74307.99,1776143127124,0,0,0,,,,0,cancelled
2026-04-14 05:00,ord-000092,sell,74312.00,1776143127124,0.00007000,0.00007000,0,1776143132315,0.00007000,0.00000000,0.001,filled
2026-04-14 05:00,ord-000093,buy,74317.00,1776143132424,0,0,0,,,,0,cancelled
2026-04-14 05:00,ord-000094,sell,74321.01,1776143132424,0,0,0,,,,0,cancelled
2026-04-14 05:00,ord-000095,buy,74317.99,1776143173824,0,0,0,,,,0,cancelled
2026-04-14 05:00,ord-000096,sell,74322.00,1776143173824,0.00120000,0.00120000,0,,,,0,cancelled
2026-04-14 05:00,ord-000097,buy,74320.63,1776143184024,0,0,0,,,,0,cancelled
2026-04-14 05:00,ord-000098,sell,74324.64,1776143184024,0,0,0,,,,0,cancelled
2026-04-14 05:00,ord-000099,buy,74327.99,1776143189024,0,0,0,,,,0,cancelled
2026-04-14 05:00,ord-000100,sell,74332.00,1776143189024,0.00120000,0.00120000,0,,,,0,cancelled
2026-04-14 05:00,ord-000101,buy,74333.36,1776143198424,0,0,0,,,,0,cancelled
2026-04-14 05:00,ord-000102,sell,74337.37,1776143198424,0,0,0,,,,0,cancelled
2026-04-14 05:00,ord-000103,buy,74335.15,1776143218824,0,0,0,,,,0,cancelled
2026-04-14 05:00,ord-000104,sell,74339.16,1776143218824,0,0,0,,,,0,cancelled
2026-04-14 05:00,ord-000105,buy,74343.97,1776143226824,0,0,0,,,,0,cancelled
2026-04-14 05:00,ord-000106,sell,74347.98,1776143226824,0,0,0,,,,0,cancelled
2026-04-14 05:00,ord-000107,buy,74345.29,1776143233824,0,0,0,,,,0,cancelled
2026-04-14 05:00,ord-000108,sell,74349.30,1776143233824,0,0,0,,,,0,cancelled
2026-04-14 05:00,ord-000109,buy,74347.79,1776143238824,0,0,0,,,,0,cancelled
2026-04-14 05:00,ord-000110,sell,74351.80,1776143238824,0,0,0,,,,0,cancelled
2026-04-14 05:00,ord-000111,buy,74348.99,1776143254524,0,0,0,,,,0,cancelled
2026-04-14 05:00,ord-000112,sell,74353.00,1776143254524,0,0,0,,,,0,cancelled
2026-04-14 05:00,ord-000113,buy,74357.08,1776143261224,0,0,0,,,,0,cancelled
2026-04-14 05:00,ord-000114,sell,74361.09,1776143261224,0,0,0,,,,0,cancelled
2026-04-14 05:00,ord-000115,buy,74348.87,1776143280424,0,0,0,,,,0,cancelled
2026-04-14 05:00,ord-000116,sell,74352.88,1776143280424,0,0,0,,,,0,cancelled
2026-04-14 05:00,ord-000117,buy,74342.72,1776143285424,0,0,0,,,,0,cancelled
2026-04-14 05:00,ord-000118,sell,74346.73,1776143285424,0,0,0,,,,0,cancelled
2026-04-14 05:00,ord-000119,buy,74345.23,1776143292124,0,0,0,,,,0,cancelled
2026-04-14 05:00,ord-000120,sell,74349.24,1776143292124,0,0,0,,,,0,cancelled
2026-04-14 05:00,ord-000121,buy,74342.72,1776143317024,0,0,0,,,,0,cancelled
2026-04-14 05:00,ord-000122,sell,74346.73,1776143317024,0,0,0,,,,0,cancelled
2026-04-14 05:00,ord-000123,buy,74335.25,1776143322024,0,0,0,,,,0,cancelled
2026-04-14 05:00,ord-000124,sell,74339.26,1776143322024,0,0,0,,,,0,cancelled
2026-04-14 05:00,ord-000125,buy,74333.30,1776143327024,0,0,0,,,,0,cancelled
2026-04-14 05:00,ord-000126,sell,74337.31,1776143327024,0.00014000,0,0,,,,0,cancelled
2026-04-14 05:00,ord-000127,buy,74333.23,1776143332424,0,0,0,,,,0,cancelled
2026-04-14 05:00,ord-000128,sell,74337.24,1776143332424,0,0,0,,,,0,cancelled
2026-04-14 05:00,ord-000129,buy,74331.87,1776143399924,0,0,0,,,,0,cancelled
2026-04-14 05:00,ord-000130,sell,74335.88,1776143399924,0,0,0,,,,0,cancelled
2026-04-14 05:00,ord-000131,buy,74329.75,1776143404924,0,0,0,,,,0,cancelled
2026-04-14 05:00,ord-000132,sell,74333.76,1776143404924,0,0,0,,,,0,cancelled
2026-04-14 05:00,ord-000133,buy,74333.65,1776143419024,0,0,0,,,,0,cancelled
2026-04-14 05:00,ord-000134,sell,74337.66,1776143419024,0,0,0,,,,0,cancelled
2026-04-14 05:00,ord-000135,buy,74341.39,1776143424024,0,0,0,,,,0,cancelled
2026-04-14 05:00,ord-000136,sell,74345.40,1776143424024,0,0,0,,,,0,cancelled
2026-04-14 05:00,ord-000137,buy,74346.12,1776143429024,0,0,0,,,,0,cancelled
2026-04-14 05:00,ord-000138,sell,74350.13,1776143429024,0,0,0,,,,0,cancelled
2026-04-14 05:00,ord-000139,buy,74350.16,1776143460624,0,0,0,,,,0,cancelled
2026-04-14 05:00,ord-000140,sell,74354.17,1776143460624,0,0,0,,,,0,cancelled
2026-04-14 05:00,ord-000141,buy,74357.09,1776143465624,0,0,0,,,,0,cancelled
2026-04-14 05:00,ord-000142,sell,74361.10,1776143465624,0,0,0,,,,0,cancelled
2026-04-14 05:00,ord-000143,buy,74355.24,1776143515824,0,0,0,,,,0,cancelled
2026-04-14 05:00,ord-000144,sell,74359.25,1776143515824,0,0,0,,,,0,cancelled
2026-04-14 05:00,ord-000145,buy,74355.23,1776143541124,0,0,0,,,,0,cancelled
2026-04-14 05:00,ord-000146,sell,74359.24,1776143541124,0,0,0,,,,0,cancelled
2026-04-14 05:00,ord-000147,buy,74351.65,1776143546125,0.02487000,0,0,,,,0,cancelled
2026-04-14 05:00,ord-000148,sell,74355.66,1776143546125,0,0,0,,,,0,cancelled
2026-04-14 05:00,ord-000149,buy,74350.00,1776143552824,0.00135000,0,0.000093103448275862068965517241,,,,0,cancelled
2026-04-14 05:00,ord-000150,sell,74354.01,1776143552824,0,0,0,,,,0,cancelled
2026-04-14 05:00,ord-000151,buy,74348.41,1776143557824,0,0,0,,,,0,cancelled
2026-04-14 05:00,ord-000152,sell,74352.42,1776143557824,0,0,0,,,,0,cancelled
2026-04-14 05:00,ord-000153,buy,74351.96,1776143609024,0,0,0,,,,0,cancelled
2026-04-14 05:00,ord-000154,sell,74355.97,1776143609024,0,0,0,,,,0,cancelled
2026-04-14 05:00,ord-000155,buy,74357.09,1776143619724,0,0,0,,,,0,cancelled
2026-04-14 05:00,ord-000156,sell,74361.10,1776143619724,0.00300000,0,0.00300000,,,,0,cancelled
2026-04-14 05:00,ord-000157,buy,74322.99,1776143695953,0,0,0,,,,0,cancelled
2026-04-14 05:00,ord-000158,sell,74327.00,1776143695953,0,0,0,,,,0,cancelled
2026-04-14 05:00,ord-000159,buy,74310.95,1776143705233,0,0,0,,,,0,cancelled
2026-04-14 05:00,ord-000160,sell,74314.96,1776143705233,0,0,0,,,,0,cancelled
2026-04-14 05:00,ord-000161,buy,74333.47,1776143710324,0,0,0,1776143713786,0,0,0.00044000,cancelled
2026-04-14 05:00,ord-000162,sell,74337.48,1776143710324,0,0,0,,,,0,cancelled
2026-04-14 05:00,ord-000163,buy,74352.16,1776143715324,0,0,0,,,,0,cancelled
2026-04-14 05:00,ord-000164,sell,74356.17,1776143715324,0,0,0,,,,0,cancelled
2026-04-14 05:00,ord-000165,buy,74349.42,1776143725424,0,0,0,,,,0,cancelled
2026-04-14 05:00,ord-000166,sell,74353.43,1776143725424,0,0,0,,,,0,cancelled
2026-04-14 05:00,ord-000167,buy,74346.59,1776143745524,0,0,0,,,,0,cancelled
2026-04-14 05:00,ord-000168,sell,74350.60,1776143745524,0,0,0,,,,0,cancelled
2026-04-14 05:00,ord-000169,buy,74343.56,1776143753624,0,0,0,,,,0,cancelled
2026-04-14 05:00,ord-000170,sell,74347.57,1776143753624,0,0,0,,,,0,cancelled
2026-04-14 05:00,ord-000171,buy,74338.21,1776143758624,0,0,0,,,,0,cancelled
2026-04-14 05:00,ord-000172,sell,74342.22,1776143758624,0,0,0,,,,0,cancelled
2026-04-14 05:00,ord-000173,buy,74347.46,1776143834824,0,0,0,,,,0,cancelled
2026-04-14 05:00,ord-000174,sell,74351.47,1776143834824,0,0,0,,,,0,cancelled
2026-04-14 05:00,ord-000175,buy,74353.09,1776143839824,0,0,0,,,,0,cancelled
2026-04-14 05:00,ord-000176,sell,74357.10,1776143839824,0,0,0,,,,0,cancelled
2026-04-14 05:00,ord-000177,buy,74363.53,1776143849125,0.30000000,0,0.3000000000000000000000000000,,,,0,cancelled
2026-04-14 05:00,ord-000178,sell,74367.54,1776143849125,0,0,0,,,,0,cancelled
2026-04-14 05:00,ord-000179,buy,74377.98,1776143854224,0,0,0,,,,0,cancelled
2026-04-14 05:00,ord-000180,sell,74381.99,1776143854224,0,0,0,,,,0,cancelled
2026-04-14 05:00,ord-000181,buy,74377.99,1776143859224,0,0,0,,,,0,cancelled
2026-04-14 05:00,ord-000182,sell,74382.00,1776143859224,0.00120000,0.00120000,0,,,,0,cancelled
2026-04-14 05:00,ord-000183,buy,74384.10,1776143864224,0,0,0,,,,0,cancelled
2026-04-14 05:00,ord-000184,sell,74388.11,1776143864224,0,0,0,,,,0,cancelled
2026-04-14 05:00,ord-000185,buy,74382.24,1776143873224,0,0,0,,,,0,cancelled
2026-04-14 05:00,ord-000186,sell,74386.25,1776143873224,0,0,0,,,,0,cancelled
2026-04-14 05:00,ord-000187,buy,74368.97,1776143878224,0,0,0,1776143878775,0,0,0.00058000,cancelled
2026-04-14 05:00,ord-000188,sell,74372.98,1776143878224,0,0,0,,,,0,cancelled
2026-04-14 05:00,ord-000189,buy,74355.99,1776143883224,0,0,0,,,,0,cancelled
2026-04-14 05:00,ord-000190,sell,74360.00,1776143883224,0.00016000,0,0.00016000,,,,0,cancelled
2026-04-14 05:00,ord-000191,buy,74342.78,1776143888224,0,0,0,,,,0,cancelled
2026-04-14 05:00,ord-000192,sell,74346.79,1776143888224,0,0,0,,,,0,cancelled
2026-04-14 05:00,ord-000193,buy,74340.00,1776143916924,0.00891000,0.00891000,0,,,,0,cancelled
2026-04-14 05:00,ord-000194,sell,74344.01,1776143916924,0.13953000,0,0.1395300000000000000000000000,,,,0,cancelled
2026-04-14 05:00,ord-000195,buy,74331.15,1776143921924,0,0,0,,,,0,cancelled
2026-04-14 05:00,ord-000196,sell,74335.16,1776143921924,0,0,0,,,,0,cancelled
2026-04-14 05:00,ord-000197,buy,74334.45,1776143928824,0,0,0,,,,0,cancelled
2026-04-14 05:00,ord-000198,sell,74338.46,1776143928824,0,0,0,,,,0,cancelled
2026-04-14 05:00,ord-000199,buy,74339.07,1776143933824,0,0,0,,,,0,cancelled
2026-04-14 05:00,ord-000200,sell,74343.08,1776143933824,0,0,0,,,,0,cancelled
2026-04-14 05:00,ord-000201,buy,74347.62,1776143943924,0,0,0,,,,0,cancelled
2026-04-14 05:00,ord-000202,sell,74351.63,1776143943924,0,0,0,,,,0,cancelled
2026-04-14 05:00,ord-000203,buy,74352.10,1776143948924,0,0,0,,,,0,cancelled
2026-04-14 05:00,ord-000204,sell,74356.11,1776143948924,0,0,0,,,,0,cancelled
2026-04-14 05:00,ord-000205,buy,74354.73,1776143966824,0,0,0,1776143972665,0,0,0.00007000,cancelled
2026-04-14 05:00,ord-000206,sell,74358.74,1776143966824,0,0,0,,,,0,cancelled
2026-04-14 05:00,ord-000207,buy,74352.10,1776143972724,0,0,0,,,,0,cancelled
2026-04-14 05:00,ord-000208,sell,74356.11,1776143972724,0,0,0,,,,0,cancelled
2026-04-14 05:00,ord-000209,buy,74356.49,1776144005524,0,0,0,,,,0,cancelled
2026-04-14 05:00,ord-000210,sell,74360.50,1776144005524,0,0,0,,,,0,cancelled
2026-04-14 05:00,ord-000211,buy,74375.98,1776144010524,0,0,0,,,,0,cancelled
2026-04-14 05:00,ord-000212,sell,74379.99,1776144010524,0.05870000,0.00007531196247068021892103205669,0.05862468803752931978107896794,1776144023695,0.00007531196247068021892103205669,0.00000000000000000000000000000000,0.001,filled
2026-04-14 05:00,ord-000213,buy,74379.77,1776144023724,0,0,0,,,,0,cancelled
2026-04-14 05:00,ord-000214,sell,74383.78,1776144023724,0,0,0,,,,0,cancelled
2026-04-14 05:00,ord-000215,buy,74388.55,1776144028724,0,0,0,,,,0,cancelled
2026-04-14 05:00,ord-000216,sell,74392.56,1776144028724,0,0,0,,,,0,cancelled
2026-04-14 05:00,ord-000217,buy,74390.86,1776144049424,0,0,0,,,,0,cancelled
2026-04-14 05:00,ord-000218,sell,74394.87,1776144049424,0,0,0,,,,0,cancelled
2026-04-14 05:00,ord-000219,buy,74392.43,1776144054424,0,0,0,,,,0,cancelled
2026-04-14 05:00,ord-000220,sell,74396.44,1776144054424,0.00496000,0.00496000,0,,,,0,cancelled
2026-04-14 05:00,ord-000221,buy,74397.99,1776144061724,0.00016000,0,0.00016000,,,,0,cancelled
2026-04-14 05:00,ord-000222,sell,74402.00,1776144061724,0.00120000,0.00120000,0,,,,0,cancelled
2026-04-14 05:00,ord-000223,buy,74412.48,1776144066725,0,0,0,,,,0,cancelled
2026-04-14 05:00,ord-000224,sell,74416.49,1776144066725,0,0,0,,,,0,cancelled
2026-04-14 05:00,ord-000225,buy,74432.40,1776144071824,0,0,0,,,,0,cancelled
2026-04-14 05:00,ord-000226,sell,74436.41,1776144071824,0,0,0,,,,0,cancelled
2026-04-14 05:00,ord-000227,buy,74418.64,1776144076824,0,0,0,,,,0,cancelled
2026-04-14 05:00,ord-000228,sell,74422.65,1776144076824,0,0,0,,,,0,cancelled
2026-04-14 05:00,ord-000229,buy,74410.81,1776144081824,0,0,0,,,,0,cancelled
2026-04-14 05:00,ord-000230,sell,74414.82,1776144081824,0,0,0,,,,0,cancelled
2026-04-14 05:00,ord-000231,buy,74400.00,1776144086824,0.00120000,0,0,,,,0,cancelled
2026-04-14 05:00,ord-000232,sell,74404.01,1776144086824,0.00007000,0.00007000,0,1776144091187,0.00007000,0.00000000,0.00007000,cancelled
2026-04-14 05:00,ord-000233,buy,74407.32,1776144091824,0,0,0,,,,0,cancelled
2026-04-14 05:00,ord-000234,sell,74411.33,1776144091824,0,0,0,,,,0,cancelled
2026-04-14 05:00,ord-000235,buy,74403.73,1776144096824,0,0,0,,,,0,cancelled
2026-04-14 05:00,ord-000236,sell,74407.74,1776144096824,0,0,0,,,,0,cancelled
2026-04-14 05:00,ord-000237,buy,74408.54,1776144105324,0,0,0,,,,0,cancelled
2026-04-14 05:00,ord-000238,sell,74412.55,1776144105324,0,0,0,,,,0,cancelled
2026-04-14 05:00,ord-000239,buy,74410.26,1776144110324,0,0,0,,,,0,cancelled
2026-04-14 05:00,ord-000240,sell,74414.27,1776144110324,0,0,0,,,,0,cancelled
2026-04-14 05:00,ord-000241,buy,74388.83,1776144115324,0.00007000,0.00007000,0,,,,0,cancelled
2026-04-14 05:00,ord-000242,sell,74392.84,1776144115324,0,0,0,,,,0,cancelled
2026-04-14 05:00,ord-000243,buy,74386.17,1776144120324,0,0,0,,,,0,cancelled
2026-04-14 05:00,ord-000244,sell,74390.18,1776144120324,0,0,0,,,,0,cancelled
2026-04-14 05:00,ord-000245,buy,74376.42,1776144125324,0,0,0,,,,0,cancelled
2026-04-14 05:00,ord-000246,sell,74380.43,1776144125324,0,0,0,,,,0,cancelled
2026-04-14 05:00,ord-000247,buy,74375.96,1776144135524,0,0,0,,,,0,cancelled
2026-04-14 05:00,ord-000248,sell,74379.97,1776144135524,0,0,0,,,,0,cancelled
2026-04-14 05:00,ord-000249,buy,74360.97,1776144141924,0,0,0,,,,0,cancelled
2026-04-14 05:00,ord-000250,sell,74364.98,1776144141924,0,0,0,,,,0,cancelled
2026-04-14 05:00,ord-000251,buy,74359.53,1776144146924,0,0,0,,,,0,cancelled
2026-04-14 05:00,ord-000252,sell,74363.54,1776144146924,0.00014000,0.000070000,0.000070000,1776144151187,0.000070000,0.000000000,0.000070000,cancelled
2026-04-14 05:00,ord-000253,buy,74367.60,1776144151924,0,0,0,,,,0,cancelled
2026-04-14 05:00,ord-000254,sell,74371.61,1776144151924,0,0,0,,,,0,cancelled
2026-04-14 05:00,ord-000255,buy,74360.17,1776144172524,0,0,0,,,,0,cancelled
2026-04-14 05:00,ord-000256,sell,74364.18,1776144172524,0,0,0,,,,0,cancelled
2026-04-14 05:00,ord-000257,buy,74359.24,1776144177524,0,0,0,,,,0,cancelled
2026-04-14 05:00,ord-000258,sell,74363.25,1776144177524,0,0,0,,,,0,cancelled
2026-04-14 05:00,ord-000259,buy,74367.87,1776144192024,0,0,0,,,,0,cancelled
2026-04-14 05:00,ord-000260,sell,74371.88,1776144192024,0,0,0,,,,0,cancelled
2026-04-14 05:00,ord-000261,buy,74366.75,1776144197724,0,0,0,,,,0,cancelled
2026-04-14 05:00,ord-000262,sell,74370.76,1776144197724,0,0,0,,,,0,cancelled
2026-04-14 05:00,ord-000263,buy,74343.68,1776144202724,0,0,0,,,,0,cancelled
2026-04-14 05:00,ord-000264,sell,74347.69,1776144202724,0,0,0,,,,0,cancelled
2026-04-14 05:00,ord-000265,buy,74342.92,1776144209524,0,0,0,,,,0,cancelled
2026-04-14 05:00,ord-000266,sell,74346.93,1776144209524,0,0,0,,,,0,cancelled
2026-04-14 05:00,ord-000267,buy,74335.09,1776144214524,0,0,0,,,,0,cancelled
2026-04-14 05:00,ord-000268,sell,74339.10,1776144214524,0,0,0,,,,0,cancelled
2026-04-14 05:00,ord-000269,buy,74336.52,1776144226224,0,0,0,,,,0,cancelled
2026-04-14 05:00,ord-000270,sell,74340.53,1776144226224,0,0,0,,,,0,cancelled
2026-04-14 05:00,ord-000271,buy,74339.22,1776144231224,0,0,0,,,,0,cancelled
2026-04-14 05:00,ord-000272,sell,74343.23,1776144231224,0,0,0,,,,0,cancelled
2026-04-14 05:00,ord-000273,buy,74341.03,1776144273124,0,0,0,,,,0,cancelled
2026-04-14 05:00,ord-000274,sell,74345.04,1776144273124,0,0,0,,,,0,cancelled
2026-04-14 05:00,ord-000275,buy,74349.82,1776144278124,0,0,0,,,,0,cancelled
2026-04-14 05:00,ord-000276,sell,74353.83,1776144278124,0,0,0,,,,0,cancelled
2026-04-14 05:00,ord-000277,buy,74343.86,1776144311224,0,0,0,,,,0,cancelled
2026-04-14 05:00,ord-000278,sell,74347.87,1776144311224,0,0,0,,,,0,cancelled
2026-04-14 05:00,ord-000279,buy,74332.71,1776144316224,0,0,0,,,,0,cancelled
2026-04-14 05:00,ord-000280,sell,74336.72,1776144316224,0,0,0,,,,0,cancelled
2026-04-14 05:00,ord-000281,buy,74326.66,1776144321224,0,0,0,,,,0,cancelled
2026-04-14 05:00,ord-000282,sell,74330.67,1776144321224,0,0,0,,,,0,cancelled
2026-04-14 05:00,ord-000283,buy,74320.94,1776144326224,0,0,0,,,,0,cancelled
2026-04-14 05:00,ord-000284,sell,74324.95,1776144326224,0,0,0,,,,0,cancelled
2026-04-14 05:00,ord-000285,buy,74319.51,1776144331224,0,0,0,,,,0,cancelled
2026-04-14 05:00,ord-000286,sell,74323.52,1776144331224,0,0,0,,,,0,cancelled
2026-04-14 05:00,ord-000287,buy,74323.82,1776144350224,0,0,0,,,,0,cancelled
2026-04-14 05:00,ord-000288,sell,74327.83,1776144350224,0,0,0,,,,0,cancelled
2026-04-14 05:00,ord-000289,buy,74326.66,1776144355224,0,0,0,,,,0,cancelled
2026-04-14 05:00,ord-000290,sell,74330.67,1776144355224,0,0,0,,,,0,cancelled
2026-04-14 05:00,ord-000291,buy,74319.66,1776144361924,0,0,0,,,,0,cancelled
2026-04-14 05:00,ord-000292,sell,74323.67,1776144361924,0,0,0,,,,0,cancelled
2026-04-14 05:00,ord-000293,buy,74322.63,1776144366924,0,0,0,,,,0,cancelled
2026-04-14 05:00,ord-000294,sell,74326.64,1776144366924,0,0,0,,,,0,cancelled
2026-04-14 05:00,ord-000295,buy,74315.66,1776144371924,0,0,0,,,,0,cancelled
2026-04-14 05:00,ord-000296,sell,74319.67,1776144371924,0,0,0,,,,0,cancelled
2026-04-14 05:00,ord-000297,buy,74318.00,1776144391524,0,0,0,,,,0,cancelled
2026-04-14 05:00,ord-000298,sell,74322.01,1776144391524,0,0,0,,,,0,cancelled
2026-04-14 05:00,ord-000299,buy,74321.96,1776144410724,0,0,0,,,,0,cancelled
2026-04-14 05:00,ord-000300,sell,74325.97,1776144410724,0,0,0,,,,0,cancelled
2026-04-14 05:00,ord-000301,buy,74326.57,1776144443724,0,0,0,1776144450353,0,0,0.001,filled
2026-04-14 05:00,ord-000302,sell,74330.58,1776144443724,0,0,0,,,,0,cancelled
2026-04-14 05:00,ord-000303,buy,74319.90,1776144450424,0,0,0,,,,0,cancelled
2026-04-14 05:00,ord-000304,sell,74323.91,1776144450424,0,0,0,,,,0,cancelled
2026-04-14 05:00,ord-000305,buy,74318.52,1776144456124,0,0,0,,,,0,cancelled
2026-04-14 05:00,ord-000306,sell,74322.53,1776144456124,0,0,0,,,,0,cancelled
2026-04-14 05:00,ord-000307,buy,74307.80,1776144461124,0,0,0,,,,0,cancelled
2026-04-14 05:00,ord-000308,sell,74311.81,1776144461124,0,0,0,,,,0,cancelled
2026-04-14 05:00,ord-000309,buy,74316.84,1776144466124,0,0,0,,,,0,cancelled
2026-04-14 05:00,ord-000310,sell,74320.85,1776144466124,0,0,0,,,,0,cancelled
2026-04-14 05:00,ord-000311,buy,74325.77,1776144491824,0,0,0,,,,0,cancelled
2026-04-14 05:00,ord-000312,sell,74329.78,1776144491824,0,0,0,,,,0,cancelled
2026-04-14 05:00,ord-000313,buy,74331.20,1776144514624,0,0,0,,,,0,cancelled
2026-04-14 05:00,ord-000314,sell,74335.21,1776144514624,0,0,0,,,,0,cancelled
2026-04-14 05:00,ord-000315,buy,74345.99,1776144519624,0,0,0,,,,0,cancelled
2026-04-14 05:00,ord-000316,sell,74350.00,1776144519624,0.00220000,0,0,,,,0,cancelled
2026-04-14 05:00,ord-000317,buy,74335.51,1776144541324,0,0,0,,,,0,cancelled
2026-04-14 05:00,ord-000318,sell,74339.52,1776144541324,0,0,0,,,,0,cancelled
2026-04-14 05:00,ord-000319,buy,74339.99,1776144546324,0,0,0,,,,0,cancelled
2026-04-14 05:00,ord-000320,sell,74344.00,1776144546324,0.00120000,0.00120000,0,,,,0,cancelled
2026-04-14 05:00,ord-000321,buy,74342.95,1776144552024,0,0,0,,,,0,cancelled
2026-04-14 05:00,ord-000322,sell,74346.96,1776144552024,0.00438000,0.00430000,0.000080000000000000000000000000,,,,0,cancelled
2026-04-14 05:00,ord-000323,buy,74353.51,1776144557024,0,0,0,,,,0,cancelled
2026-04-14 05:00,ord-000324,sell,74357.52,1776144557024,0,0,0,,,,0,cancelled
2026-04-14 05:00,ord-000325,buy,74337.78,1776144595724,0,0,0,,,,0,cancelled
2026-04-14 05:00,ord-000326,sell,74341.79,1776144595724,0,0,0,,,,0,cancelled
2026-04-14 05:00,ord-000327,buy,74336.76,1776144600724,0,0,0,,,,0,cancelled
2026-04-14 05:00,ord-000328,sell,74340.77,1776144600724,0,0,0,,,,0,cancelled
2026-04-14 05:00,ord-000329,buy,74331.11,1776144605724,0,0,0,,,,0,cancelled
2026-04-14 05:00,ord-000330,sell,74335.12,1776144605724,0,0,0,,,,0,cancelled
2026-04-14 05:00,ord-000331,buy,74335.39,1776144614224,0,0,0,,,,0,cancelled
2026-04-14 05:00,ord-000332,sell,74339.40,1776144614224,0,0,0,,,,0,cancelled
2026-04-14 05:00,ord-000333,buy,74336.85,1776144619224,0,0,0,,,,0,cancelled
2026-04-14 05:00,ord-000334,sell,74340.86,1776144619224,0,0,0,,,,0,cancelled
2026-04-14 05:00,ord-000335,buy,74337.99,1776144624224,0,0,0,,,,0,cancelled
2026-04-14 05:00,ord-000336,sell,74342.00,1776144624224,0.00120000,0,0,,,,0,cancelled
2026-04-14 05:00,ord-000337,buy,74333.60,1776144644024,0,0,0,,,,0,cancelled
2026-04-14 05:00,ord-000338,sell,74337.61,1776144644024,0,0,0,,,,0,cancelled
2026-04-14 05:00,ord-000339,buy,74332.66,1776144649024,0,0,0,,,,0,cancelled
2026-04-14 05:00,ord-000340,sell,74336.67,1776144649024,0.00007000,0,0.00007000,,,,0,cancelled
2026-04-14 05:00,ord-000341,buy,74342.04,1776144660624,0,0,0,,,,0,cancelled
2026-04-14 05:00,ord-000342,sell,74346.05,1776144660624,0,0,0,,,,0,cancelled
2026-04-14 05:00,ord-000343,buy,74348.28,1776144665624,0,0,0,,,,0,cancelled
2026-04-14 05:00,ord-000344,sell,74352.29,1776144665624,0,0,0,,,,0,cancelled
2026-04-14 05:00,ord-000345,buy,74356.55,1776144685424,0,0,0,,,,0,cancelled
2026-04-14 05:00,ord-000346,sell,74360.56,1776144685424,0.00056000,0,0,,,,0,cancelled
2026-04-14 05:00,ord-000347,buy,74354.07,1776144694524,0,0,0,,,,0,cancelled
2026-04-14 05:00,ord-000348,sell,74358.08,1776144694524,0,0,0,,,,0,cancelled
2026-04-14 05:00,ord-000349,buy,74350.90,1776144699524,0,0,0,,,,0,cancelled
2026-04-14 05:00,ord-000350,sell,74354.91,1776144699524,0,0,0,,,,0,cancelled
2026-04-14 05:00,ord-000351,buy,74349.30,1776144710224,0,0,0,,,,0,cancelled
2026-04-14 05:00,ord-000352,sell,74353.31,1776144710224,0,0,0,,,,0,cancelled
2026-04-14 05:00,ord-000353,buy,74336.36,1776144715224,0,0,0,,,,0,cancelled
2026-04-14 05:00,ord-000354,sell,74340.37,1776144715224,0,0,0,,,,0,cancelled
2026-04-14 05:00,ord-000355,buy,74329.57,1776144740724,0,0,0,,,,0,cancelled
2026-04-14 05:00,ord-000356,sell,74333.58,1776144740724,0,0,0,,,,0,cancelled
2026-04-14 05:00,ord-000357,buy,74335.57,1776144753924,0,0,0,,,,0,cancelled
2026-04-14 05:00,ord-000358,sell,74339.58,1776144753924,0,0,0,,,,0,cancelled
2026-04-14 05:00,ord-000359,buy,74343.75,1776144758924,0,0,0,,,,0,cancelled
2026-04-14 05:00,ord-000360,sell,74347.76,1776144758924,0,0,0,,,,0,cancelled
2026-04-14 05:00,ord-000361,buy,74341.01,1776144778324,0,0,0,,,,0,cancelled
2026-04-14 05:00,ord-000362,sell,74345.02,1776144778324,0,0,0,,,,0,cancelled
2026-04-14 05:00,ord-000363,buy,74336.53,1776144783324,0,0,0,,,,0,cancelled
2026-04-14 05:00,ord-000364,sell,74340.54,1776144783324,0,0,0,,,,0,cancelled
2026-04-14 05:00,ord-000365,buy,74332.27,1776144788324,0,0,0,,,,0,cancelled
2026-04-14 05:00,ord-000366,sell,74336.28,1776144788324,0,0,0,,,,0,cancelled
2026-04-14 05:00,ord-000367,buy,74329.51,1776144793324,0,0,0,,,,0,cancelled
2026-04-14 05:00,ord-000368,sell,74333.52,1776144793324,0,0,0,,,,0,cancelled
2026-04-14 05:00,ord-000369,buy,74328.26,1776144798324,0,0,0,,,,0,cancelled
2026-04-14 05:00,ord-000370,sell,74332.27,1776144798324,0,0,0,,,,0,cancelled
2026-04-14 05:00,ord-000371,buy,74319.80,1776144803324,0,0,0,,,,0,cancelled
2026-04-14 05:00,ord-000372,sell,74323.81,1776144803324,0,0,0,,,,0,cancelled
2026-04-14 05:00,ord-000373,buy,74319.81,1776144808324,0,0,0,,,,0,cancelled
2026-04-14 05:00,ord-000374,sell,74323.82,1776144808324,0.05037000,0,0.05020818564897634665076525540,,,,0,cancelled
2026-04-14 05:00,ord-000375,buy,74321.80,1776144813324,0.12345000,0,0.0005000000000000000000000000,,,,0,cancelled
2026-04-14 05:00,ord-000376,sell,74325.81,1776144813324,0,0,0,,,,0,cancelled
2026-04-14 05:00,ord-000377,buy,74334.82,1776144818324,0,0,0,,,,0,cancelled
2026-04-14 05:00,ord-000378,sell,74338.83,1776144818324,0,0,0,,,,0,cancelled
2026-04-14 05:00,ord-000379,buy,74333.44,1776144823324,0,0,0,,,,0,cancelled
2026-04-14 05:00,ord-000380,sell,74337.45,1776144823324,0,0,0,,,,0,cancelled
2026-04-14 05:00,ord-000381,buy,74326.27,1776144828324,0,0,0,,,,0,cancelled
2026-04-14 05:00,ord-000382,sell,74330.28,1776144828324,0,0,0,,,,0,cancelled
2026-04-14 05:00,ord-000383,buy,74324.28,1776144836724,0,0,0,,,,0,cancelled
2026-04-14 05:00,ord-000384,sell,74328.29,1776144836724,0,0,0,,,,0,cancelled
2026-04-14 05:00,ord-000385,buy,74319.82,1776144841724,0,0,0,,,,0,cancelled
2026-04-14 05:00,ord-000386,sell,74323.83,1776144841724,0,0,0,,,,0,cancelled
2026-04-14 05:00,ord-000387,buy,74319.81,1776144850224,0.00007000,0,0.00007000,,,,0,cancelled
2026-04-14 05:00,ord-000388,sell,74323.82,1776144850224,0,0,0,,,,0,cancelled
2026-04-14 05:00,ord-000389,buy,74318.66,1776144858124,0,0,0,,,,0,cancelled
2026-04-14 05:00,ord-000390,sell,74322.67,1776144858124,0,0,0,,,,0,cancelled
2026-04-14 05:00,ord-000391,buy,74310.20,1776144863124,0,0,0,,,,0,cancelled
2026-04-14 05:00,ord-000392,sell,74314.21,1776144863124,0,0,0,,,,0,cancelled
2026-04-14 05:00,ord-000393,buy,74308.00,1776144868125,0.00407000,0.00407000,0,1776144873665,0.00407000,0.00000000,0.00014000,cancelled
2026-04-14 05:00,ord-000394,sell,74312.01,1776144868125,0,0,0,,,,0,cancelled
2026-04-14 05:00,ord-000395,buy,74298.00,1776144873724,0.00120000,0,0,,,,0,cancelled
2026-04-14 05:00,ord-000396,sell,74302.01,1776144873724,0,0,0,,,,0,cancelled
2026-04-14 05:00,ord-000397,buy,74297.02,1776144928424,0,0,0,,,,0,cancelled
2026-04-14 05:00,ord-000398,sell,74301.03,1776144928424,0,0,0,,,,0,cancelled
2026-04-14 05:00,ord-000399,buy,74297.99,1776144958224,0,0,0,,,,0,cancelled
2026-04-14 05:00,ord-000400,sell,74302.00,1776144958224,0,0,0,,,,0,cancelled
2026-04-14 05:00,ord-000401,buy,74315.84,1776144963224,0,0,0,,,,0,cancelled
2026-04-14 05:00,ord-000402,sell,74319.85,1776144963224,0,0,0,,,,0,cancelled
2026-04-14 05:00,ord-000403,buy,74325.50,1776144979624,0,0,0,,,,0,cancelled
2026-04-14 05:00,ord-000404,sell,74329.51,1776144979624,0,0,0,1776144979662,0,0,0.00058000,cancelled
2026-04-14 05:00,ord-000405,buy,74335.32,1776144984624,0,0,0,,,,0,cancelled
2026-04-14 05:00,ord-000406,sell,74339.33,1776144984624,0,0,0,,,,0,cancelled
2026-04-14 05:00,ord-000407,buy,74341.76,1776144994224,0.00023000,0,0.0002300000000000000000000000000,,,,0,cancelled
2026-04-14 05:00,ord-000408,sell,74345.77,1776144994224,0,0,0,,,,0,cancelled
2026-04-14 05:00,ord-000409,buy,74357.62,1776144999224,0,0,0,,,,0,cancelled
2026-04-14 05:00,ord-000410,sell,74361.63,1776144999224,0,0,0,,,,0,cancelled
2026-04-14 05:00,ord-000411,buy,74354.28,1776145036524,0,0,0,,,,0,cancelled
2026-04-14 05:00,ord-000412,sell,74358.29,1776145036524,0,0,0,,,,0,cancelled
2026-04-14 05:00,ord-000413,buy,74344.03,1776145041524,0,0,0,,,,0,cancelled
2026-04-14 05:00,ord-000414,sell,74348.04,1776145041524,0.00007000,0,0,,,,0,cancelled
2026-04-14 05:00,ord-000415,buy,74330.59,1776145046624,0,0,0,,,,0,cancelled
2026-04-14 05:00,ord-000416,sell,74334.60,1776145046624,0,0,0,,,,0,cancelled
2026-04-14 05:00,ord-000417,buy,74328.78,1776145065324,0,0,0,,,,0,cancelled
2026-04-14 05:00,ord-000418,sell,74332.79,1776145065324,0,0,0,,,,0,cancelled
2026-04-14 05:00,ord-000419,buy,74327.58,1776145070324,0,0,0,,,,0,cancelled
2026-04-14 05:00,ord-000420,sell,74331.59,1776145070324,0,0,0,,,,0,cancelled
2026-04-14 05:00,ord-000421,buy,74323.15,1776145075324,0,0,0,,,,0,cancelled
2026-04-14 05:00,ord-000422,sell,74327.16,1776145075324,0,0,0,,,,0,cancelled
2026-04-14 05:00,ord-000423,buy,74327.57,1776145085624,0,0,0,,,,0,cancelled
2026-04-14 05:00,ord-000424,sell,74331.58,1776145085624,0.00007000,0,0,,,,0,cancelled
2026-04-14 05:00,ord-000425,buy,74322.26,1776145153324,0,0,0,,,,0,cancelled
2026-04-14 05:00,ord-000426,sell,74326.27,1776145153324,0,0,0,,,,0,cancelled
2026-04-14 05:00,ord-000427,buy,74339.08,1776145158324,0,0,0,,,,0,cancelled
2026-04-14 05:00,ord-000428,sell,74343.09,1776145158324,0,0,0,,,,0,cancelled
2026-04-14 05:00,ord-000429,buy,74327.51,1776145164724,0,0,0,,,,0,cancelled
2026-04-14 05:00,ord-000430,sell,74331.52,1776145164724,0,0,0,,,,0,cancelled
2026-04-14 05:00,ord-000431,buy,74330.44,1776145170124,0,0,0,,,,0,cancelled
2026-04-14 05:00,ord-000432,sell,74334.45,1776145170124,0,0,0,,,,0,cancelled
2026-04-14 05:00,ord-000433,buy,74334.99,1776145193124,0,0,0,,,,0,cancelled
2026-04-14 05:00,ord-000434,sell,74339.00,1776145193124,0,0,0,,,,0,cancelled
2026-04-14 05:00,ord-000435,buy,74287.99,1776145198124,0.00023000,0,0.0002300000000000000000000000000,,,,0,cancelled
2026-04-14 05:00,ord-000436,sell,74292.00,1776145198124,0,0,0,,,,0,cancelled
2026-04-14 05:00,ord-000437,buy,74306.40,1776145203124,0,0,0,,,,0,cancelled
2026-04-14 05:00,ord-000438,sell,74310.41,1776145203124,0,0,0,,,,0,cancelled
2026-04-14 05:00,ord-000439,buy,74318.40,1776145208124,0,0,0,,,,0,cancelled
2026-04-14 05:00,ord-000440,sell,74322.41,1776145208124,0,0,0,,,,0,cancelled
2026-04-14 05:00,ord-000441,buy,74314.00,1776145215124,0.00080000,0.00080000,0,,,,0,cancelled
2026-04-14 05:00,ord-000442,sell,74318.01,1776145215124,0,0,0,,,,0,cancelled
2026-04-14 05:00,ord-000443,buy,74306.40,1776145220124,0,0,0,,,,0,cancelled
2026-04-14 05:00,ord-000444,sell,74310.41,1776145220124,0,0,0,,,,0,cancelled
2026-04-14 05:00,ord-000445,buy,74306.00,1776145229524,0.00120000,0.00120000,0,,,,0,cancelled
2026-04-14 05:00,ord-000446,sell,74310.01,1776145229524,0,0,0,,,,0,cancelled
2026-04-14 05:00,ord-000447,buy,74298.86,1776145234524,0,0,0,,,,0,cancelled
2026-04-14 05:00,ord-000448,sell,74302.87,1776145234524,0,0,0,,,,0,cancelled
2026-04-14 05:00,ord-000449,buy,74293.92,1776145239524,0,0,0,,,,0,cancelled
2026-04-14 05:00,ord-000450,sell,74297.93,1776145239524,0,0,0,,,,0,cancelled
2026-04-14 05:00,ord-000451,buy,74286.17,1776145244524,0,0,0,,,,0,cancelled
2026-04-14 05:00,ord-000452,sell,74290.18,1776145244524,0,0,0,,,,0,cancelled
2026-04-14 05:00,ord-000453,buy,74293.17,1776145249524,0,0,0,,,,0,cancelled
2026-04-14 05:00,ord-000454,sell,74297.18,1776145249524,0,0,0,,,,0,cancelled
2026-04-14 05:00,ord-000455,buy,74295.19,1776145255224,0,0,0,,,,0,cancelled
2026-04-14 05:00,ord-000456,sell,74299.20,1776145255224,0,0,0,,,,0,cancelled
2026-04-14 05:00,ord-000457,buy,74290.06,1776145271024,0,0,0,,,,0,cancelled
2026-04-14 05:00,ord-000458,sell,74294.07,1776145271024,0,0,0,,,,0,cancelled
2026-04-14 05:00,ord-000459,buy,74292.99,1776145283824,0,0,0,,,,0,cancelled
2026-04-14 05:00,ord-000460,sell,74297.00,1776145283824,0,0,0,,,,0,cancelled
2026-04-14 05:00,ord-000461,buy,74269.10,1776145288824,0,0,0,,,,0,cancelled
2026-04-14 05:00,ord-000462,sell,74273.11,1776145288824,0,0,0,,,,0,cancelled
2026-04-14 05:00,ord-000463,buy,74277.43,1776145293824,0,0,0,,,,0,cancelled
2026-04-14 05:00,ord-000464,sell,74281.44,1776145293824,0,0,0,,,,0,cancelled
2026-04-14 05:00,ord-000465,buy,74279.96,1776145313524,0,0,0,,,,0,cancelled
2026-04-14 05:00,ord-000466,sell,74283.97,1776145313524,0,0,0,,,,0,cancelled
2026-04-14 05:00,ord-000467,buy,74279.97,1776145356024,0,0,0,,,,0,cancelled
2026-04-14 05:00,ord-000468,sell,74283.98,1776145356024,0,0,0,,,,0,cancelled
2026-04-14 05:00,ord-000469,buy,74291.01,1776145361024,0,0,0,,,,0,cancelled
2026-04-14 05:00,ord-000470,sell,74295.02,1776145361024,0,0,0,,,,0,cancelled
2026-04-14 05:00,ord-000471,buy,74287.30,1776145379024,0,0,0,,,,0,cancelled
2026-04-14 05:00,ord-000472,sell,74291.31,1776145379024,0.17970000,0,0.1796300000000000000000000000,,,,0,cancelled
2026-04-14 05:00,ord-000473,buy,74285.60,1776145384024,0,0,0,,,,0,cancelled
2026-04-14 05:00,ord-000474,sell,74289.61,1776145384024,0,0,0,,,,0,cancelled
2026-04-14 05:00,ord-000475,buy,74290.55,1776145389724,0,0,0,,,,0,cancelled
2026-04-14 05:00,ord-000476,sell,74294.56,1776145389724,0,0,0,,,,0,cancelled
2026-04-14 05:00,ord-000477,buy,74295.98,1776145401224,0,0,0,,,,0,cancelled
2026-04-14 05:00,ord-000478,sell,74299.99,1776145401224,0.00064000,0,0.0006383847337642351492767005233,,,,0,cancelled
2026-04-14 05:00,ord-000479,buy,74294.00,1776145426824,0,0,0,,,,0,cancelled
2026-04-14 05:00,ord-000480,sell,74298.01,1776145426824,0,0,0,,,,0,cancelled
2026-04-14 05:00,ord-000481,buy,74289.47,1776145431824,0,0,0,,,,0,cancelled
2026-04-14 05:00,ord-000482,sell,74293.48,1776145431824,0,0,0,,,,0,cancelled
2026-04-14 05:00,ord-000483,buy,74283.40,1776145436824,0.00023000,0,0.0002300000000000000000000000000,,,,0,cancelled
2026-04-14 05:00,ord-000484,sell,74287.41,1776145436824,0,0,0,,,,0,cancelled
2026-04-14 05:00,ord-000485,buy,74288.57,1776145454029,0,0,0,,,,0,cancelled
2026-04-14 05:00,ord-000486,sell,74292.58,1776145454029,0.00007000,0,0.00007000,,,,0,cancelled
2026-04-14 05:00,ord-000487,buy,74291.63,1776145459124,0,0,0,,,,0,cancelled
2026-04-14 05:00,ord-000488,sell,74295.64,1776145459124,0,0,0,,,,0,cancelled
2026-04-14 05:00,ord-000489,buy,74295.98,1776145464124,0,0,0,,,,0,cancelled
2026-04-14 05:00,ord-000490,sell,74299.99,1776145464124,0.03253000,0,0.03252194597912829957028852057,,,,0,cancelled
2026-04-14 05:00,ord-000491,buy,74289.72,1776145475026,0,0,0,,,,0,cancelled
2026-04-14 05:00,ord-000492,sell,74293.73,1776145475026,0,0,0,,,,0,cancelled
2026-04-14 05:00,ord-000493,buy,74288.73,1776145481024,0,0,0,,,,0,cancelled
2026-04-14 05:00,ord-000494,sell,74292.74,1776145481024,0,0,0,,,,0,cancelled
2026-04-14 05:00,ord-000495,buy,74284.64,1776145486024,0,0,0,,,,0,cancelled
2026-04-14 05:00,ord-000496,sell,74288.65,1776145486024,0,0,0,,,,0,cancelled
2026-04-14 05:00,ord-000497,buy,74288.73,1776145494124,0,0,0,,,,0,cancelled
2026-04-14 05:00,ord-000498,sell,74292.74,1776145494124,0,0,0,,,,0,cancelled
2026-04-14 05:00,ord-000499,buy,74284.73,1776145505824,0,0,0,,,,0,cancelled
2026-04-14 05:00,ord-000500,sell,74288.74,1776145505824,0,0,0,,,,0,cancelled
2026-04-14 05:00,ord-000501,buy,74277.45,1776145510824,0,0,0,,,,0,cancelled
2026-04-14 05:00,ord-000502,sell,74281.46,1776145510824,0,0,0,,,,0,cancelled
2026-04-14 05:00,ord-000503,buy,74273.87,1776145515824,0,0,0,,,,0,cancelled
2026-04-14 05:00,ord-000504,sell,74277.88,1776145515824,0,0,0,,,,0,cancelled
2026-04-14 05:00,ord-000505,buy,74273.57,1776145520824,0,0,0,,,,0,cancelled
2026-04-14 05:00,ord-000506,sell,74277.58,1776145520824,0,0,0,,,,0,cancelled
2026-04-14 05:00,ord-000507,buy,74272.07,1776145525824,0,0,0,,,,0,cancelled
2026-04-14 05:00,ord-000508,sell,74276.08,1776145525824,0,0,0,,,,0,cancelled
2026-04-14 05:00,ord-000509,buy,74273.54,1776145547724,0,0,0,,,,0,cancelled
2026-04-14 05:00,ord-000510,sell,74277.55,1776145547724,0,0,0,,,,0,cancelled
2026-04-14 05:00,ord-000511,buy,74287.95,1776145552724,0,0,0,,,,0,cancelled
2026-04-14 05:00,ord-000512,sell,74291.96,1776145552724,0,0,0,,,,0,cancelled
2026-04-14 05:00,ord-000513,buy,74289.44,1776145557724,0,0,0,,,,0,cancelled
2026-04-14 05:00,ord-000514,sell,74293.45,1776145557724,0,0,0,,,,0,cancelled
2026-04-14 05:00,ord-000515,buy,74294.54,1776145562724,0,0,0,,,,0,cancelled
2026-04-14 05:00,ord-000516,sell,74298.55,1776145562724,0,0,0,,,,0,cancelled
2026-04-14 05:00,ord-000517,buy,74287.30,1776145567724,0,0,0,,,,0,cancelled
2026-04-14 05:00,ord-000518,sell,74291.31,1776145567724,0,0,0,,,,0,cancelled
2026-04-14 05:00,ord-000519,buy,74283.13,1776145644224,0,0,0,,,,0,cancelled
2026-04-14 05:00,ord-000520,sell,74287.14,1776145644224,0,0,0,,,,0,cancelled
2026-04-14 05:00,ord-000521,buy,74278.00,1776145649224,0.00120000,0,0,,,,0,cancelled
2026-04-14 05:00,ord-000522,sell,74282.01,1776145649224,0,0,0,,,,0,cancelled
2026-04-14 05:00,ord-000523,buy,74280.67,1776145654224,0,0,0,,,,0,cancelled
2026-04-14 05:00,ord-000524,sell,74284.68,1776145654224,0,0,0,,,,0,cancelled
2026-04-14 05:00,ord-000525,buy,74276.40,1776145677024,0,0,0,,,,0,cancelled
2026-04-14 05:00,ord-000526,sell,74280.41,1776145677024,0,0,0,,,,0,cancelled
2026-04-14 05:00,ord-000527,buy,74278.44,1776145706724,0,0,0,,,,0,cancelled
2026-04-14 05:00,ord-000528,sell,74282.45,1776145706724,0,0,0,,,,0,cancelled
2026-04-14 05:00,ord-000529,buy,74287.03,1776145711724,0.00007000,0,0.00006576543209876543209876543210,,,,0,cancelled
2026-04-14 05:00,ord-000530,sell,74291.04,1776145711724,0,0,0,,,,0,cancelled
2026-04-14 05:00,ord-000531,buy,74294.49,1776145775324,0,0,0,,,,0,cancelled
2026-04-14 05:00,ord-000532,sell,74298.50,1776145775324,0,0,0,,,,0,cancelled
2026-04-14 05:00,ord-000533,buy,74288.96,1776145788726,0,0,0,,,,0,cancelled
2026-04-14 05:00,ord-000534,sell,74292.97,1776145788726,0,0,0,,,,0,cancelled
2026-04-14 05:00,ord-000535,buy,74276.40,1776145793824,0,0,0,,,,0,cancelled
2026-04-14 05:00,ord-000536,sell,74280.41,1776145793824,0,0,0,,,,0,cancelled
2026-04-14 05:00,ord-000537,buy,74268.00,1776145798824,0.00495000,0.00495000,0,1776145804414,0.00495000,0.00000000,0.00065000,cancelled
2026-04-14 05:00,ord-000538,sell,74272.01,1776145798824,0,0,0,,,,0,cancelled
2026-04-14 05:00,ord-000539,buy,74266.01,1776145804424,0,0,0,,,,0,cancelled
2026-04-14 05:00,ord-000540,sell,74270.02,1776145804424,0,0,0,,,,0,cancelled
2026-04-14 05:00,ord-000541,buy,74254.61,1776145809424,0,0,0,,,,0,cancelled
2026-04-14 05:00,ord-000542,sell,74258.62,1776145809424,0,0,0,,,,0,cancelled
2026-04-14 05:00,ord-000543,buy,74250.28,1776145860224,0,0,0,,,,0,cancelled
2026-04-14 05:00,ord-000544,sell,74254.29,1776145860224,0,0,0,,,,0,cancelled
2026-04-14 05:00,ord-000545,buy,74252.64,1776145903024,0,0,0,,,,0,cancelled
2026-04-14 05:00,ord-000546,sell,74256.65,1776145903024,0,0,0,,,,0,cancelled
2026-04-14 05:00,ord-000547,buy,74256.57,1776145912227,0,0,0,,,,0,cancelled
2026-04-14 05:00,ord-000548,sell,74260.58,1776145912227,0,0,0,,,,0,cancelled
2026-04-14 05:00,ord-000549,buy,74256.71,1776145917324,0,0,0,,,,0,cancelled
2026-04-14 05:00,ord-000550,sell,74260.72,1776145917324,0,0,0,,,,0,cancelled
2026-04-14 05:00,ord-000551,buy,74257.32,1776146007924,0,0,0,,,,0,cancelled
2026-04-14 05:00,ord-000552,sell,74261.33,1776146007924,0,0,0,,,,0,cancelled
2026-04-14 05:00,ord-000553,buy,74257.34,1776146012926,0,0,0,,,,0,cancelled
2026-04-14 05:00,ord-000554,sell,74261.35,1776146012926,0.00007000,0,0,,,,0,cancelled
2026-04-14 05:00,ord-000555,buy,74255.69,1776146040924,0,0,0,,,,0,cancelled
2026-04-14 05:00,ord-000556,sell,74259.70,1776146040924,0,0,0,,,,0,cancelled
2026-04-14 05:00,ord-000557,buy,74248.00,1776146045925,0.00120000,0.001107692307692307692307692308,0.000092307692307692307692307692,1776146072708,0.001107692307692307692307692308,0.000000000000000000000000000000,0.000092307692307692307692307692,cancelled
2026-04-14 05:00,ord-000558,sell,74252.01,1776146045925,0,0,0,,,,0,cancelled
2026-04-14 05:00,ord-000559,buy,74244.40,1776146072733,0.00007000,0,0.00007000,,,,0,cancelled
2026-04-14 05:00,ord-000560,sell,74248.41,1776146072733,0,0,0,,,,0,cancelled
2026-04-14 05:00,ord-000561,buy,74244.05,1776146077824,0,0,0,,,,0,cancelled
2026-04-14 05:00,ord-000562,sell,74248.06,1776146077824,0,0,0,,,,0,cancelled
2026-04-14 05:00,ord-000563,buy,74240.61,1776146082824,0,0,0,,,,0,cancelled
2026-04-14 05:00,ord-000564,sell,74244.62,1776146082824,0,0,0,,,,0,cancelled
2026-04-14 05:00,ord-000565,buy,74223.86,1776146087824,0,0,0,,,,0,cancelled
2026-04-14 05:00,ord-000566,sell,74227.87,1776146087824,0,0,0,,,,0,cancelled
2026-04-14 05:00,ord-000567,buy,74218.88,1776146092824,0,0,0,,,,0,cancelled
2026-04-14 05:00,ord-000568,sell,74222.89,1776146092824,0,0,0,,,,0,cancelled
2026-04-14 05:00,ord-000569,buy,74217.67,1776146111124,0,0,0,,,,0,cancelled
2026-04-14 05:00,ord-000570,sell,74221.68,1776146111124,0,0,0,,,,0,cancelled
2026-04-14 05:00,ord-000571,buy,74215.94,1776146116124,0,0,0,,,,0,cancelled
2026-04-14 05:00,ord-000572,sell,74219.95,1776146116124,0,0,0,,,,0,cancelled
2026-04-14 05:00,ord-000573,buy,74207.29,1776146121124,0,0,0,,,,0,cancelled
2026-04-14 05:00,ord-000574,sell,74211.30,1776146121124,0,0,0,,,,0,cancelled
2026-04-14 05:00,ord-000575,buy,74215.93,1776146133024,0,0,0,,,,0,cancelled
2026-04-14 05:00,ord-000576,sell,74219.94,1776146133024,0,0,0,,,,0,cancelled
2026-04-14 05:00,ord-000577,buy,74207.12,1776146176724,0,0,0,,,,0,cancelled
2026-04-14 05:00,ord-000578,sell,74211.13,1776146176724,0,0,0,,,,0,cancelled
2026-04-14 05:00,ord-000579,buy,74170.11,1776146181724,0,0,0,,,,0,cancelled
2026-04-14 05:00,ord-000580,sell,74174.12,1776146181724,0,0,0,,,,0,cancelled
2026-04-14 05:00,ord-000581,buy,74160.10,1776146186724,0,0,0,,,,0,cancelled
2026-04-14 05:00,ord-000582,sell,74164.11,1776146186724,0,0,0,,,,0,cancelled
2026-04-14 05:00,ord-000583,buy,74157.11,1776146201224,0,0,0,,,,0,cancelled
2026-04-14 05:00,ord-000584,sell,74161.12,1776146201224,0,0,0,,,,0,cancelled
2026-04-14 05:00,ord-000585,buy,74159.25,1776146206224,0,0,0,,,,0,cancelled
2026-04-14 05:00,ord-000586,sell,74163.26,1776146206224,0,0,0,,,,0,cancelled
2026-04-14 05:00,ord-000587,buy,74164.00,1776146211224,0,0,0,,,,0,cancelled
2026-04-14 05:00,ord-000588,sell,74168.01,1776146211224,0,0,0,,,,0,cancelled
2026-04-14 05:00,ord-000589,buy,74160.10,1776146216624,0.00020000,0,0,,,,0,cancelled
2026-04-14 05:00,ord-000590,sell,74164.11,1776146216624,0,0,0,,,,0,cancelled
2026-04-14 05:00,ord-000591,buy,74162.78,1776146225224,0,0,0,,,,0,cancelled
2026-04-14 05:00,ord-000592,sell,74166.79,1776146225224,0,0,0,,,,0,cancelled
2026-04-14 05:00,ord-000593,buy,74169.78,1776146230224,0,0,0,,,,0,cancelled
2026-04-14 05:00,ord-000594,sell,74173.79,1776146230224,0,0,0,,,,0,cancelled
2026-04-14 05:00,ord-000595,buy,74173.45,1776146235224,0,0,0,,,,0,cancelled
2026-04-14 05:00,ord-000596,sell,74177.46,1776146235224,0,0,0,,,,0,cancelled
2026-04-14 05:00,ord-000597,buy,74168.00,1776146240224,0.00120000,0,0,,,,0,cancelled
2026-04-14 05:00,ord-000598,sell,74172.01,1776146240224,0,0,0,,,,0,cancelled
2026-04-14 05:00,ord-000599,buy,74176.82,1776146245224,0,0,0,,,,0,cancelled
2026-04-14 05:00,ord-000600,sell,74180.83,1776146245224,0,0,0,,,,0,cancelled
2026-04-14 05:00,ord-000601,buy,74185.95,1776146261824,0,0,0,,,,0,cancelled
2026-04-14 05:00,ord-000602,sell,74189.96,1776146261824,0.00023000,0,0,,,,0,cancelled
2026-04-14 05:00,ord-000603,buy,74178.69,1776146271925,0,0,0,,,,0,cancelled
2026-04-14 05:00,ord-000604,sell,74182.70,1776146271925,0,0,0,,,,0,cancelled
2026-04-14 05:00,ord-000605,buy,74185.49,1776146277024,0,0,0,,,,0,cancelled
2026-04-14 05:00,ord-000606,sell,74189.50,1776146277024,0,0,0,,,,0,cancelled
2026-04-14 05:00,ord-000607,buy,74182.25,1776146282024,0,0,0,,,,0,cancelled
2026-04-14 05:00,ord-000608,sell,74186.26,1776146282024,0,0,0,,,,0,cancelled
2026-04-14 05:00,ord-000609,buy,74175.86,1776146287024,0,0,0,,,,0,cancelled
2026-04-14 05:00,ord-000610,sell,74179.87,1776146287024,0,0,0,,,,0,cancelled
2026-04-14 05:00,ord-000611,buy,74171.39,1776146294524,0,0,0,,,,0,cancelled
2026-04-14 05:00,ord-000612,sell,74175.40,1776146294524,0,0,0,,,,0,cancelled
2026-04-14 05:00,ord-000613,buy,74173.02,1776146299524,0,0,0,,,,0,cancelled
2026-04-14 05:00,ord-000614,sell,74177.03,1776146299524,0,0,0,,,,0,cancelled
2026-04-14 05:00,ord-000615,buy,74185.49,1776146304525,0,0,0,,,,0,cancelled
2026-04-14 05:00,ord-000616,sell,74189.50,1776146304525,0.00007000,0,0,,,,0,cancelled
2026-04-14 05:00,ord-000617,buy,74174.99,1776146315524,0,0,0,,,,0,cancelled
2026-04-14 05:00,ord-000618,sell,74179.00,1776146315524,0,0,0,,,,0,cancelled
2026-04-14 05:00,ord-000619,buy,74181.45,1776146320524,0,0,0,,,,0,cancelled
2026-04-14 05:00,ord-000620,sell,74185.46,1776146320524,0,0,0,,,,0,cancelled
2026-04-14 05:00,ord-000621,buy,74185.48,1776146331824,0,0,0,,,,0,cancelled
2026-04-14 05:00,ord-000622,sell,74189.49,1776146331824,0,0,0,,,,0,cancelled
2026-04-14 05:00,ord-000623,buy,74171.37,1776146337928,0,0,0,,,,0,cancelled
2026-04-14 05:00,ord-000624,sell,74175.38,1776146337928,0,0,0,,,,0,cancelled
2026-04-14 05:00,ord-000625,buy,74177.88,1776146343024,0,0,0,,,,0,cancelled
2026-04-14 05:00,ord-000626,sell,74181.89,1776146343024,0,0,0,,,,0,cancelled
2026-04-14 05:00,ord-000627,buy,74181.08,1776146348024,0,0,0,,,,0,cancelled
2026-04-14 05:00,ord-000628,sell,74185.09,1776146348024,0,0,0,,,,0,cancelled
2026-04-14 05:00,ord-000629,buy,74194.72,1776146353024,0,0,0,,,,0,cancelled
2026-04-14 05:00,ord-000630,sell,74198.73,1776146353024,0,0,0,,,,0,cancelled
2026-04-14 05:00,ord-000631,buy,74197.34,1776146359024,0,0,0,,,,0,cancelled
2026-04-14 05:00,ord-000632,sell,74201.35,1776146359024,0,0,0,,,,0,cancelled
2026-04-14 05:00,ord-000633,buy,74204.92,1776146364024,0,0,0,,,,0,expired
2026-04-14 05:00,ord-000634,sell,74208.93,1776146364024,0.01024000,0,0.01024000,,,,0,expired
2026-04-14 05:00,ord-000635,buy,74208.11,,,0,0,,,,0,expired
2026-04-14 05:00,ord-000636,sell,74212.12,,,0,0,,,,0,expired
2026-04-14 06:00,ord-000001,buy,74208.11,1776146400424,0,0,0,,,,0,cancelled
2026-04-14 06:00,ord-000002,sell,74212.12,1776146400424,0,0,0,,,,0,cancelled
2026-04-14 06:00,ord-000003,buy,74231.25,1776146405424,0,0,0,,,,0,cancelled
2026-04-14 06:00,ord-000004,sell,74235.26,1776146405424,0,0,0,,,,0,cancelled
2026-04-14 06:00,ord-000005,buy,74235.66,1776146410425,0,0,0,,,,0,cancelled
2026-04-14 06:00,ord-000006,sell,74239.67,1776146410425,0,0,0,,,,0,cancelled
2026-04-14 06:00,ord-000007,buy,74256.19,1776146415524,0,0,0,,,,0,cancelled
2026-04-14 06:00,ord-000008,sell,74260.20,1776146415524,0,0,0,,,,0,cancelled
2026-04-14 06:00,ord-000009,buy,74259.31,1776146420524,0,0,0,,,,0,cancelled
2026-04-14 06:00,ord-000010,sell,74263.32,1776146420524,0,0,0,,,,0,cancelled
2026-04-14 06:00,ord-000011,buy,74295.46,1776146425524,0,0,0,,,,0,cancelled
2026-04-14 06:00,ord-000012,sell,74299.47,1776146425524,0,0,0,,,,0,cancelled
2026-04-14 06:00,ord-000013,buy,74276.94,1776146430524,0.00045000,0,0,,,,0,cancelled
2026-04-14 06:00,ord-000014,sell,74280.95,1776146430524,0,0,0,,,,0,cancelled
2026-04-14 06:00,ord-000015,buy,74280.31,1776146437224,0,0,0,,,,0,cancelled
2026-04-14 06:00,ord-000016,sell,74284.32,1776146437224,0,0,0,,,,0,cancelled
2026-04-14 06:00,ord-000017,buy,74285.53,1776146442224,0,0,0,,,,0,cancelled
2026-04-14 06:00,ord-000018,sell,74289.54,1776146442224,0,0,0,,,,0,cancelled
2026-04-14 06:00,ord-000019,buy,74292.33,1776146447224,0,0,0,,,,0,cancelled
2026-04-14 06:00,ord-000020,sell,74296.34,1776146447224,0,0,0,,,,0,cancelled
2026-04-14 06:00,ord-000021,buy,74291.24,1776146452924,0,0,0,,,,0,cancelled
2026-04-14 06:00,ord-000022,sell,74295.25,1776146452924,0,0,0,,,,0,cancelled
2026-04-14 06:00,ord-000023,buy,74288.26,1776146457924,0,0,0,,,,0,cancelled
2026-04-14 06:00,ord-000024,sell,74292.27,1776146457924,0,0,0,,,,0,cancelled
2026-04-14 06:00,ord-000025,buy,74293.40,1776146469924,0,0,0,,,,0,cancelled
2026-04-14 06:00,ord-000026,sell,74297.41,1776146469924,0,0,0,,,,0,cancelled
2026-04-14 06:00,ord-000027,buy,74305.84,1776146474924,0,0,0,,,,0,cancelled
2026-04-14 06:00,ord-000028,sell,74309.85,1776146474924,0,0,0,,,,0,cancelled
2026-04-14 06:00,ord-000029,buy,74307.96,1776146488324,0,0,0,,,,0,cancelled
2026-04-14 06:00,ord-000030,sell,74311.97,1776146488324,0,0,0,,,,0,cancelled
2026-04-14 06:00,ord-000031,buy,74304.54,1776146495826,0,0,0,,,,0,cancelled
2026-04-14 06:00,ord-000032,sell,74308.55,1776146495826,0,0,0,,,,0,cancelled
2026-04-14 06:00,ord-000033,buy,74304.00,1776146500924,0.00040000,0,0,,,,0,cancelled
2026-04-14 06:00,ord-000034,sell,74308.01,1776146500924,0,0,0,,,,0,cancelled
2026-04-14 06:00,ord-000035,buy,74307.98,1776146507824,0,0,0,,,,0,cancelled
2026-04-14 06:00,ord-000036,sell,74311.99,1776146507824,0,0,0,,,,0,cancelled
2026-04-14 06:00,ord-000037,buy,74307.99,1776146512824,0,0,0,,,,0,cancelled
2026-04-14 06:00,ord-000038,sell,74312.00,1776146512824,0.00120000,0,0,,,,0,cancelled
2026-04-14 06:00,ord-000039,buy,74302.00,1776146517824,0.00080000,0,0.0000888888888888888888888888889,,,,0,cancelled
2026-04-14 06:00,ord-000040,sell,74306.01,1776146517824,0,0,0,,,,0,cancelled
2026-04-14 06:00,ord-000041,buy,74300.81,1776146522824,0,0,0,,,,0,cancelled
2026-04-14 06:00,ord-000042,sell,74304.82,1776146522824,0,0,0,,,,0,cancelled
2026-04-14 06:00,ord-000043,buy,74297.13,1776146529524,0,0,0,,,,0,cancelled
2026-04-14 06:00,ord-000044,sell,74301.14,1776146529524,0,0,0,,,,0,cancelled
2026-04-14 06:00,ord-000045,buy,74293.37,1776146555624,0,0,0,,,,0,cancelled
2026-04-14 06:00,ord-000046,sell,74297.38,1776146555624,0,0,0,,,,0,cancelled
2026-04-14 06:00,ord-000047,buy,74288.27,1776146560624,0,0,0,,,,0,cancelled
2026-04-14 06:00,ord-000048,sell,74292.28,1776146560624,0,0,0,,,,0,cancelled
2026-04-14 06:00,ord-000049,buy,74285.40,1776146578324,0,0,0,,,,0,cancelled
2026-04-14 06:00,ord-000050,sell,74289.41,1776146578324,0,0,0,,,,0,cancelled
2026-04-14 06:00,ord-000051,buy,74285.38,1776146583324,0,0,0,,,,0,cancelled
2026-04-14 06:00,ord-000052,sell,74289.39,1776146583324,0,0,0,,,,0,cancelled
2026-04-14 06:00,ord-000053,buy,74287.99,1776146599524,0,0,0,,,,0,cancelled
2026-04-14 06:00,ord-000054,sell,74292.00,1776146599524,0.00120000,0.00120000,0,,,,0,cancelled
2026-04-14 06:00,ord-000055,buy,74294.54,1776146604524,0,0,0,,,,0,cancelled
2026-04-14 06:00,ord-000056,sell,74298.55,1776146604524,0,0,0,,,,0,cancelled
2026-04-14 06:00,ord-000057,buy,74296.53,1776146610924,0,0,0,,,,0,cancelled
2026-04-14 06:00,ord-000058,sell,74300.54,1776146610924,0,0,0,,,,0,cancelled
2026-04-14 06:00,ord-000059,buy,74300.16,1776146615924,0,0,0,,,,0,cancelled
2026-04-14 06:00,ord-000060,sell,74304.17,1776146615924,0,0,0,,,,0,cancelled
2026-04-14 06:00,ord-000061,buy,74295.96,1776146620924,0,0,0,,,,0,cancelled
2026-04-14 06:00,ord-000062,sell,74299.97,1776146620924,0,0,0,,,,0,cancelled
2026-04-14 06:00,ord-000063,buy,74290.56,1776146646324,0.00430000,0,0.00430000,,,,0,cancelled
2026-04-14 06:00,ord-000064,sell,74294.57,1776146646324,0,0,0,,,,0,cancelled
2026-04-14 06:00,ord-000065,buy,74283.83,1776146651324,0,0,0,,,,0,cancelled
2026-04-14 06:00,ord-000066,sell,74287.84,1776146651324,0,0,0,,,,0,cancelled
2026-04-14 06:00,ord-000067,buy,74278.80,1776146656324,0,0,0,,,,0,cancelled
2026-04-14 06:00,ord-000068,sell,74282.81,1776146656324,0.00007000,0,0.00007000,,,,0,cancelled
2026-04-14 06:00,ord-000069,buy,74271.46,1776146661324,0,0,0,,,,0,cancelled
2026-04-14 06:00,ord-000070,sell,74275.47,1776146661324,0,0,0,,,,0,cancelled
2026-04-14 06:00,ord-000071,buy,74270.00,1776146668325,0.00120000,0,0,,,,0,cancelled
2026-04-14 06:00,ord-000072,sell,74274.01,1776146668325,0.00007000,0,0,,,,0,cancelled
2026-04-14 06:00,ord-000073,buy,74269.99,1776146677124,0,0,0,,,,0,cancelled
2026-04-14 06:00,ord-000074,sell,74274.00,1776146677124,0,0,0,,,,0,cancelled
2026-04-14 06:00,ord-000075,buy,74265.72,1776146682124,0,0,0,,,,0,cancelled
2026-04-14 06:00,ord-000076,sell,74269.73,1776146682124,0,0,0,,,,0,cancelled
2026-04-14 06:00,ord-000077,buy,74261.52,1776146687124,0,0,0,,,,0,cancelled
2026-04-14 06:00,ord-000078,sell,74265.53,1776146687124,0,0,0,,,,0,cancelled
2026-04-14 06:00,ord-000079,buy,74265.60,1776146699024,0,0,0,,,,0,cancelled
2026-04-14 06:00,ord-000080,sell,74269.61,1776146699024,0,0,0,,,,0,cancelled
2026-04-14 06:00,ord-000081,buy,74278.88,1776146704024,0,0,0,,,,0,cancelled
2026-04-14 06:00,ord-000082,sell,74282.89,1776146704024,0,0,0,,,,0,cancelled
2026-04-14 06:00,ord-000083,buy,74282.08,1776146724924,0,0,0,,,,0,cancelled
2026-04-14 06:00,ord-000084,sell,74286.09,1776146724924,0,0,0,,,,0,cancelled
2026-04-14 06:00,ord-000085,buy,74289.50,1776146729924,0,0,0,,,,0,cancelled
2026-04-14 06:00,ord-000086,sell,74293.51,1776146729924,0,0,0,,,,0,cancelled
2026-04-14 06:00,ord-000087,buy,74285.31,1776146736924,0,0,0,,,,0,cancelled
2026-04-14 06:00,ord-000088,sell,74289.32,1776146736924,0,0,0,,,,0,cancelled
2026-04-14 06:00,ord-000089,buy,74279.26,1776146745124,0,0,0,,,,0,cancelled
2026-04-14 06:00,ord-000090,sell,74283.27,1776146745124,0,0,0,,,,0,cancelled
2026-04-14 06:00,ord-000091,buy,74285.30,1776146759224,0,0,0,,,,0,cancelled
2026-04-14 06:00,ord-000092,sell,74289.31,1776146759224,0,0,0,,,,0,cancelled
2026-04-14 06:00,ord-000093,buy,74285.99,1776146770024,0,0,0,,,,0,cancelled
2026-04-14 06:00,ord-000094,sell,74290.00,1776146770024,0.00120000,0,0,,,,0,cancelled
2026-04-14 06:00,ord-000095,buy,74295.52,1776146775024,0,0,0,,,,0,cancelled
2026-04-14 06:00,ord-000096,sell,74299.53,1776146775024,0,0,0,,,,0,cancelled
2026-04-14 06:00,ord-000097,buy,74301.39,1776146780024,0,0,0,,,,0,cancelled
2026-04-14 06:00,ord-000098,sell,74305.40,1776146780024,0,0,0,1776146817759,0,0,0.00024000,cancelled
2026-04-14 06:00,ord-000099,buy,74305.99,1776146817824,0,0,0,,,,0,cancelled
2026-04-14 06:00,ord-000100,sell,74310.00,1776146817824,2.00128000,0.11173000,0.695237491887135289437613234,,,,0,cancelled
2026-04-14 06:00,ord-000101,buy,74307.99,1776146822824,0.03146000,0,0.00624000000000000000000000000,,,,0,cancelled
2026-04-14 06:00,ord-000102,sell,74312.00,1776146822824,0.00120000,0.00120000,0,,,,0,cancelled
2026-04-14 06:00,ord-000103,buy,74319.49,1776146827824,0,0,0,,,,0,cancelled
2026-04-14 06:00,ord-000104,sell,74323.50,1776146827824,0,0,0,,,,0,cancelled
2026-04-14 06:00,ord-000105,buy,74317.63,1776146882024,0,0,0,,,,0,cancelled
2026-04-14 06:00,ord-000106,sell,74321.64,1776146882024,0,0,0,,,,0,cancelled
2026-04-14 06:00,ord-000107,buy,74313.52,1776146887024,0,0,0,,,,0,cancelled
2026-04-14 06:00,ord-000108,sell,74317.53,1776146887024,0,0,0,,,,0,cancelled
2026-04-14 06:00,ord-000109,buy,74311.32,1776146918824,0,0,0,,,,0,cancelled
2026-04-14 06:00,ord-000110,sell,74315.33,1776146918824,0,0,0,,,,0,cancelled
2026-04-14 06:00,ord-000111,buy,74310.10,1776146923824,0,0,0,,,,0,cancelled
2026-04-14 06:00,ord-000112,sell,74314.11,1776146923824,0,0,0,,,,0,cancelled
2026-04-14 06:00,ord-000113,buy,74307.98,1776146928824,0,0,0,,,,0,cancelled
2026-04-14 06:00,ord-000114,sell,74311.99,1776146928824,0.00688000,0,0.006880000000000000000000000000,,,,0,cancelled
2026-04-14 06:00,ord-000115,buy,74301.73,1776146933824,0,0,0,,,,0,cancelled
2026-04-14 06:00,ord-000116,sell,74305.74,1776146933824,0,0,0,,,,0,cancelled
2026-04-14 06:00,ord-000117,buy,74310.10,1776146967624,0,0,0,,,,0,cancelled
2026-04-14 06:00,ord-000118,sell,74314.11,1776146967624,0,0,0,,,,0,cancelled
2026-04-14 06:00,ord-000119,buy,74317.33,1776146972624,0,0,0,,,,0,cancelled
2026-04-14 06:00,ord-000120,sell,74321.34,1776146972624,0,0,0,,,,0,cancelled
2026-04-14 06:00,ord-000121,buy,74300.48,1776146982926,0,0,0,,,,0,cancelled
2026-04-14 06:00,ord-000122,sell,74304.49,1776146982926,0,0,0,,,,0,cancelled
2026-04-14 06:00,ord-000123,buy,74329.71,1776146988024,0,0,0,,,,0,cancelled
2026-04-14 06:00,ord-000124,sell,74333.72,1776146988024,0,0,0,,,,0,cancelled
2026-04-14 06:00,ord-000125,buy,74345.29,1776147018934,0,0,0,,,,0,cancelled
2026-04-14 06:00,ord-000126,sell,74349.30,1776147018934,0,0,0,,,,0,cancelled
2026-04-14 06:00,ord-000127,buy,74340.56,1776147024024,0,0,0,,,,0,cancelled
2026-04-14 06:00,ord-000128,sell,74344.57,1776147024024,0,0,0,,,,0,cancelled
2026-04-14 06:00,ord-000129,buy,74336.67,1776147041524,0,0,0,,,,0,cancelled
2026-04-14 06:00,ord-000130,sell,74340.68,1776147041524,0,0,0,,,,0,cancelled
2026-04-14 06:00,ord-000131,buy,74335.31,1776147046524,0,0,0,,,,0,cancelled
2026-04-14 06:00,ord-000132,sell,74339.32,1776147046524,0,0,0,,,,0,cancelled
2026-04-14 06:00,ord-000133,buy,74333.00,1776147055324,0,0,0,,,,0,cancelled
2026-04-14 06:00,ord-000134,sell,74337.01,1776147055324,0,0,0,,,,0,cancelled
2026-04-14 06:00,ord-000135,buy,74327.90,1776147060324,0,0,0,,,,0,cancelled
2026-04-14 06:00,ord-000136,sell,74331.91,1776147060324,0,0,0,,,,0,cancelled
2026-04-14 06:00,ord-000137,buy,74324.32,1776147071124,0,0,0,,,,0,cancelled
2026-04-14 06:00,ord-000138,sell,74328.33,1776147071124,0,0,0,,,,0,cancelled
2026-04-14 06:00,ord-000139,buy,74316.53,1776147076124,0,0,0,,,,0,cancelled
2026-04-14 06:00,ord-000140,sell,74320.54,1776147076124,0,0,0,,,,0,cancelled
2026-04-14 06:00,ord-000141,buy,74323.55,1776147082724,0,0,0,,,,0,cancelled
2026-04-14 06:00,ord-000142,sell,74327.56,1776147082724,0,0,0,,,,0,cancelled
2026-04-14 06:00,ord-000143,buy,74322.73,1776147106124,0,0,0,,,,0,cancelled
2026-04-14 06:00,ord-000144,sell,74326.74,1776147106124,0,0,0,,,,0,cancelled
2026-04-14 06:00,ord-000145,buy,74319.54,1776147124024,0,0,0,,,,0,cancelled
2026-04-14 06:00,ord-000146,sell,74323.55,1776147124024,0,0,0,,,,0,cancelled
2026-04-14 06:00,ord-000147,buy,74314.30,1776147130524,0,0,0,,,,0,cancelled
2026-04-14 06:00,ord-000148,sell,74318.31,1776147130524,0,0,0,,,,0,cancelled
2026-04-14 06:00,ord-000149,buy,74314.29,1776147170724,0,0,0,,,,0,cancelled
2026-04-14 06:00,ord-000150,sell,74318.30,1776147170724,0,0,0,,,,0,cancelled
2026-04-14 06:00,ord-000151,buy,74312.22,1776147182124,0,0,0,,,,0,cancelled
2026-04-14 06:00,ord-000152,sell,74316.23,1776147182124,0,0,0,,,,0,cancelled
2026-04-14 06:00,ord-000153,buy,74310.30,1776147187124,0,0,0,,,,0,cancelled
2026-04-14 06:00,ord-000154,sell,74314.31,1776147187124,0,0,0,,,,0,cancelled
2026-04-14 06:00,ord-000155,buy,74335.99,1776147192124,0,0,0,,,,0,cancelled
2026-04-14 06:00,ord-000156,sell,74340.00,1776147192124,0.00127000,0,0,,,,0,cancelled
2026-04-14 06:00,ord-000157,buy,74334.06,1776147207624,0,0,0,,,,0,cancelled
2026-04-14 06:00,ord-000158,sell,74338.07,1776147207624,0,0,0,,,,0,cancelled
2026-04-14 06:00,ord-000159,buy,74326.27,1776147212624,0,0,0,,,,0,cancelled
2026-04-14 06:00,ord-000160,sell,74330.28,1776147212624,0,0,0,,,,0,cancelled
2026-04-14 06:00,ord-000161,buy,74323.51,1776147313824,0,0,0,,,,0,cancelled
2026-04-14 06:00,ord-000162,sell,74327.52,1776147313824,0,0,0,,,,0,cancelled
2026-04-14 06:00,ord-000163,buy,74319.95,1776147318824,0,0,0,,,,0,cancelled
2026-04-14 06:00,ord-000164,sell,74323.96,1776147318824,0,0,0,,,,0,cancelled
2026-04-14 06:00,ord-000165,buy,74315.95,1776147329524,0,0,0,,,,0,cancelled
2026-04-14 06:00,ord-000166,sell,74319.96,1776147329524,0,0,0,,,,0,cancelled
2026-04-14 06:00,ord-000167,buy,74313.65,1776147335925,0,0,0,,,,0,cancelled
2026-04-14 06:00,ord-000168,sell,74317.66,1776147335925,0,0,0,,,,0,cancelled
2026-04-14 06:00,ord-000169,buy,74311.39,1776147341024,0,0,0,,,,0,cancelled
2026-04-14 06:00,ord-000170,sell,74315.40,1776147341024,0,0,0,,,,0,cancelled
2026-04-14 06:00,ord-000171,buy,74329.51,1776147346024,0,0,0,,,,0,cancelled
2026-04-14 06:00,ord-000172,sell,74333.52,1776147346024,0,0,0,,,,0,cancelled
2026-04-14 06:00,ord-000173,buy,74324.40,1776147406524,0,0,0,,,,0,cancelled
2026-04-14 06:00,ord-000174,sell,74328.41,1776147406524,0,0,0,,,,0,cancelled
2026-04-14 06:00,ord-000175,buy,74322.57,1776147418424,0,0,0,,,,0,cancelled
2026-04-14 06:00,ord-000176,sell,74326.58,1776147418424,0,0,0,,,,0,cancelled
2026-04-14 06:00,ord-000177,buy,74321.93,1776147423424,0,0,0,,,,0,cancelled
2026-04-14 06:00,ord-000178,sell,74325.94,1776147423424,0,0,0,,,,0,cancelled
2026-04-14 06:00,ord-000179,buy,74328.19,1776147457624,0,0,0,,,,0,cancelled
2026-04-14 06:00,ord-000180,sell,74332.20,1776147457624,0,0,0,,,,0,cancelled
2026-04-14 06:00,ord-000181,buy,74329.51,1776147462624,0,0,0,,,,0,cancelled
2026-04-14 06:00,ord-000182,sell,74333.52,1776147462624,0,0,0,,,,0,cancelled
2026-04-14 06:00,ord-000183,buy,74329.52,1776147492524,0,0,0,,,,0,cancelled
2026-04-14 06:00,ord-000184,sell,74333.53,1776147492524,0.00245000,0,0,,,,0,cancelled
2026-04-14 06:00,ord-000185,buy,74329.73,1776147497524,0,0,0,,,,0,cancelled
2026-04-14 06:00,ord-000186,sell,74333.74,1776147497524,0.00007000,0.00007000,0,,,,0,cancelled
2026-04-14 06:00,ord-000187,buy,74335.99,1776147502524,0,0,0,,,,0,cancelled
2026-04-14 06:00,ord-000188,sell,74340.00,1776147502524,0.00127000,0.00127000,0,,,,0,cancelled
2026-04-14 06:00,ord-000189,buy,74344.93,1776147512824,0,0,0,,,,0,cancelled
2026-04-14 06:00,ord-000190,sell,74348.94,1776147512824,0,0,0,,,,0,cancelled
2026-04-14 06:00,ord-000191,buy,74377.39,1776147517824,0,0,0,,,,0,cancelled
2026-04-14 06:00,ord-000192,sell,74381.40,1776147517824,0.00300000,0.00006840390879478827361563517920,0.002931596091205211726384364821,1776147520017,0.00006840390879478827361563517920,0.00000000000000000000000000000000,0.00000159609120521172638436482080,cancelled
2026-04-14 06:00,ord-000193,buy,74395.21,1776147522824,0,0,0,,,,0,cancelled
2026-04-14 06:00,ord-000194,sell,74399.22,1776147522824,0,0,0,,,,0,cancelled
2026-04-14 06:00,ord-000195,buy,74393.51,1776147531424,0,0,0,,,,0,cancelled
2026-04-14 06:00,ord-000196,sell,74397.52,1776147531424,0,0,0,,,,0,cancelled
2026-04-14 06:00,ord-000197,buy,74392.02,1776147536424,0,0,0,,,,0,cancelled
2026-04-14 06:00,ord-000198,sell,74396.03,1776147536424,0,0,0,,,,0,cancelled
2026-04-14 06:00,ord-000199,buy,74391.09,1776147541424,0,0,0,,,,0,cancelled
2026-04-14 06:00,ord-000200,sell,74395.10,1776147541424,0,0,0,,,,0,cancelled
2026-04-14 06:00,ord-000201,buy,74397.99,1776147546424,0,0,0,,,,0,cancelled
2026-04-14 06:00,ord-000202,sell,74402.00,1776147546424,0.00120000,0,0,,,,0,cancelled
2026-04-14 06:00,ord-000203,buy,74396.46,1776147559824,0,0,0,,,,0,cancelled
2026-04-14 06:00,ord-000204,sell,74400.47,1776147559824,0,0,0,,,,0,cancelled
2026-04-14 06:00,ord-000205,buy,74393.04,1776147564824,0,0,0,,,,0,cancelled
2026-04-14 06:00,ord-000206,sell,74397.05,1776147564824,0,0,0,,,,0,cancelled
2026-04-14 06:00,ord-000207,buy,74389.66,1776147569824,0,0,0,,,,0,cancelled
2026-04-14 06:00,ord-000208,sell,74393.67,1776147569824,0,0,0,,,,0,cancelled
2026-04-14 06:00,ord-000209,buy,74391.83,1776147598428,0,0,0,,,,0,cancelled
2026-04-14 06:00,ord-000210,sell,74395.84,1776147598428,0,0,0,,,,0,cancelled
2026-04-14 06:00,ord-000211,buy,74409.49,1776147603524,0,0,0,,,,0,cancelled
2026-04-14 06:00,ord-000212,sell,74413.50,1776147603524,0,0,0,,,,0,cancelled
2026-04-14 06:00,ord-000213,buy,74409.52,1776147719124,0,0,0,,,,0,cancelled
2026-04-14 06:00,ord-000214,sell,74413.53,1776147719124,0,0,0,,,,0,cancelled
2026-04-14 06:00,ord-000215,buy,74403.54,1776147757424,0,0,0,,,,0,cancelled
2026-04-14 06:00,ord-000216,sell,74407.55,1776147757424,0,0,0,,,,0,cancelled
2026-04-14 06:00,ord-000217,buy,74397.84,1776147762424,0,0,0,,,,0,cancelled
2026-04-14 06:00,ord-000218,sell,74401.85,1776147762424,0,0,0,,,,0,cancelled
2026-04-14 06:00,ord-000219,buy,74392.14,1776147767424,0,0,0,,,,0,cancelled
2026-04-14 06:00,ord-000220,sell,74396.15,1776147767424,0,0,0,,,,0,cancelled
2026-04-14 06:00,ord-000221,buy,74397.73,1776147776824,0,0,0,,,,0,cancelled
2026-04-14 06:00,ord-000222,sell,74401.74,1776147776824,0,0,0,,,,0,cancelled
2026-04-14 06:00,ord-000223,buy,74401.41,1776147806824,0,0,0,,,,0,cancelled
2026-04-14 06:00,ord-000224,sell,74405.42,1776147806824,0,0,0,,,,0,cancelled
2026-04-14 06:00,ord-000225,buy,74404.54,1776147811824,0,0,0,,,,0,cancelled
2026-04-14 06:00,ord-000226,sell,74408.55,1776147811824,0,0,0,,,,0,cancelled
2026-04-14 06:00,ord-000227,buy,74409.51,1776147816824,0,0,0,,,,0,cancelled
2026-04-14 06:00,ord-000228,sell,74413.52,1776147816824,0,0,0,,,,0,cancelled
2026-04-14 06:00,ord-000229,buy,74415.99,1776147827524,0,0,0,,,,0,cancelled
2026-04-14 06:00,ord-000230,sell,74420.00,1776147827524,0.00170000,0.00170000,0,,,,0,cancelled
2026-04-14 06:00,ord-000231,buy,74427.10,1776147836124,0,0,0,,,,0,cancelled
2026-04-14 06:00,ord-000232,sell,74431.11,1776147836124,0,0,0,,,,0,cancelled
2026-04-14 06:00,ord-000233,buy,74422.00,1776147841124,0.00120000,0,0,,,,0,cancelled
2026-04-14 06:00,ord-000234,sell,74426.01,1776147841124,0,0,0,,,,0,cancelled
2026-04-14 06:00,ord-000235,buy,74442.33,1776147873624,0,0,0,,,,0,cancelled
2026-04-14 06:00,ord-000236,sell,74446.34,1776147873624,0,0,0,,,,0,cancelled
2026-04-14 06:00,ord-000237,buy,74439.49,1776147884624,0,0,0,,,,0,cancelled
2026-04-14 06:00,ord-000238,sell,74443.50,1776147884624,0,0,0,,,,0,cancelled
2026-04-14 06:00,ord-000239,buy,74435.89,1776147889624,0,0,0,,,,0,cancelled
2026-04-14 06:00,ord-000240,sell,74439.90,1776147889624,0,0,0,,,,0,cancelled
2026-04-14 06:00,ord-000241,buy,74434.69,1776147894624,0,0,0,,,,0,cancelled
2026-04-14 06:00,ord-000242,sell,74438.70,1776147894624,0,0,0,,,,0,cancelled
2026-04-14 06:00,ord-000243,buy,74433.57,1776147953024,0,0,0,,,,0,cancelled
2026-04-14 06:00,ord-000244,sell,74437.58,1776147953024,0,0,0,,,,0,cancelled
2026-04-14 06:00,ord-000245,buy,74428.15,1776147958024,0,0,0,,,,0,cancelled
2026-04-14 06:00,ord-000246,sell,74432.16,1776147958024,0.00016000,0,0.00016000,,,,0,cancelled
2026-04-14 06:00,ord-000247,buy,74427.04,1776147966424,0,0,0,,,,0,cancelled
2026-04-14 06:00,ord-000248,sell,74431.05,1776147966424,0,0,0,,,,0,cancelled
2026-04-14 06:00,ord-000249,buy,74423.46,1776147971424,0,0,0,,,,0,cancelled
2026-04-14 06:00,ord-000250,sell,74427.47,1776147971424,0,0,0,,,,0,cancelled
2026-04-14 06:00,ord-000251,buy,74434.70,1776147976424,0,0,0,,,,0,cancelled
2026-04-14 06:00,ord-000252,sell,74438.71,1776147976424,0,0,0,,,,0,cancelled
2026-04-14 06:00,ord-000253,buy,74441.73,1776147989224,0,0,0,,,,0,cancelled
2026-04-14 06:00,ord-000254,sell,74445.74,1776147989224,0,0,0,,,,0,cancelled
2026-04-14 06:00,ord-000255,buy,74440.55,1776148015824,0,0,0,,,,0,cancelled
2026-04-14 06:00,ord-000256,sell,74444.56,1776148015824,0,0,0,,,,0,cancelled
2026-04-14 06:00,ord-000257,buy,74428.86,1776148020825,0.00021000,0.00021000,0,1776148024103,0.00021000,0.00000000,0.00014000,cancelled
2026-04-14 06:00,ord-000258,sell,74432.87,1776148020825,0,0,0,,,,0,cancelled
2026-04-14 06:00,ord-000259,buy,74423.75,1776148025924,0,0,0,,,,0,cancelled
2026-04-14 06:00,ord-000260,sell,74427.76,1776148025924,0,0,0,,,,0,cancelled
2026-04-14 06:00,ord-000261,buy,74419.15,1776148030924,0.00007000,0,0,,,,0,cancelled
2026-04-14 06:00,ord-000262,sell,74423.16,1776148030924,0,0,0,,,,0,cancelled
2026-04-14 06:00,ord-000263,buy,74417.68,1776148056724,0,0,0,,,,0,cancelled
2026-04-14 06:00,ord-000264,sell,74421.69,1776148056724,0,0,0,,,,0,cancelled
2026-04-14 06:00,ord-000265,buy,74415.05,1776148061724,0,0,0,,,,0,cancelled
2026-04-14 06:00,ord-000266,sell,74419.06,1776148061724,0,0,0,,,,0,cancelled
2026-04-14 06:00,ord-000267,buy,74421.52,1776148092024,0,0,0,,,,0,cancelled
2026-04-14 06:00,ord-000268,sell,74425.53,1776148092024,0,0,0,,,,0,cancelled
2026-04-14 06:00,ord-000269,buy,74419.66,1776148164924,0,0,0,,,,0,cancelled
2026-04-14 06:00,ord-000270,sell,74423.67,1776148164924,0,0,0,,,,0,cancelled
2026-04-14 06:00,ord-000271,buy,74410.36,1776148169924,0,0,0,,,,0,cancelled
2026-04-14 06:00,ord-000272,sell,74414.37,1776148169924,0,0,0,,,,0,cancelled
2026-04-14 06:00,ord-000273,buy,74399.87,1776148176825,0,0,0,,,,0,cancelled
2026-04-14 06:00,ord-000274,sell,74403.88,1776148176825,0,0,0,,,,0,cancelled
2026-04-14 06:00,ord-000275,buy,74388.67,1776148181924,0,0,0,,,,0,cancelled
2026-04-14 06:00,ord-000276,sell,74392.68,1776148181924,0,0,0,,,,0,cancelled
2026-04-14 06:00,ord-000277,buy,74384.88,1776148190824,0,0,0,,,,0,cancelled
2026-04-14 06:00,ord-000278,sell,74388.89,1776148190824,0,0,0,,,,0,cancelled
2026-04-14 06:00,ord-000279,buy,74379.78,1776148200224,0,0,0,,,,0,cancelled
2026-04-14 06:00,ord-000280,sell,74383.79,1776148200224,0,0,0,,,,0,cancelled
2026-04-14 06:00,ord-000281,buy,74354.79,1776148205224,0,0,0,,,,0,cancelled
2026-04-14 06:00,ord-000282,sell,74358.80,1776148205224,0,0,0,,,,0,cancelled
2026-04-14 06:00,ord-000283,buy,74361.42,1776148210724,0,0,0,,,,0,cancelled
2026-04-14 06:00,ord-000284,sell,74365.43,1776148210724,0,0,0,,,,0,cancelled
2026-04-14 06:00,ord-000285,buy,74364.79,1776148215724,0,0,0,,,,0,cancelled
2026-04-14 06:00,ord-000286,sell,74368.80,1776148215724,0.00007000,0,0.00007000,,,,0,cancelled
2026-04-14 06:00,ord-000287,buy,74368.60,1776148261224,0,0,0,,,,0,cancelled
2026-04-14 06:00,ord-000288,sell,74372.61,1776148261224,0,0,0,,,,0,cancelled
2026-04-14 06:00,ord-000289,buy,74383.67,1776148266224,0,0,0,,,,0,cancelled
2026-04-14 06:00,ord-000290,sell,74387.68,1776148266224,0,0,0,,,,0,cancelled
2026-04-14 06:00,ord-000291,buy,74397.39,1776148340524,0,0,0,,,,0,cancelled
2026-04-14 06:00,ord-000292,sell,74401.40,1776148340524,0.00016000,0,0.000160000000,,,,0,cancelled
2026-04-14 06:00,ord-000293,buy,74391.69,1776148345524,0,0,0,,,,0,cancelled
2026-04-14 06:00,ord-000294,sell,74395.70,1776148345524,0,0,0,,,,0,cancelled
2026-04-14 06:00,ord-000295,buy,74389.40,1776148355124,0,0,0,,,,0,cancelled
2026-04-14 06:00,ord-000296,sell,74393.41,1776148355124,0,0,0,,,,0,cancelled
2026-04-14 06:00,ord-000297,buy,74382.26,1776148360124,0,0,0,,,,0,cancelled
2026-04-14 06:00,ord-000298,sell,74386.27,1776148360124,0,0,0,,,,0,cancelled
2026-04-14 06:00,ord-000299,buy,74394.91,1776148365124,0,0,0,,,,0,cancelled
2026-04-14 06:00,ord-000300,sell,74398.92,1776148365124,0,0,0,,,,0,cancelled
2026-04-14 06:00,ord-000301,buy,74391.80,1776148387424,0,0,0,,,,0,cancelled
2026-04-14 06:00,ord-000302,sell,74395.81,1776148387424,0,0,0,,,,0,cancelled
2026-04-14 06:00,ord-000303,buy,74381.08,1776148392424,0,0,0,,,,0,cancelled
2026-04-14 06:00,ord-000304,sell,74385.09,1776148392424,0,0,0,,,,0,cancelled
2026-04-14 06:00,ord-000305,buy,74377.53,1776148397424,0,0,0,,,,0,cancelled
2026-04-14 06:00,ord-000306,sell,74381.54,1776148397424,0,0,0,,,,0,cancelled
2026-04-14 06:00,ord-000307,buy,74373.20,1776148404726,0,0,0,,,,0,cancelled
2026-04-14 06:00,ord-000308,sell,74377.21,1776148404726,0,0,0,,,,0,cancelled
2026-04-14 06:00,ord-000309,buy,74366.32,1776148409824,0,0,0,,,,0,cancelled
2026-04-14 06:00,ord-000310,sell,74370.33,1776148409824,0,0,0,,,,0,cancelled
2026-04-14 06:00,ord-000311,buy,74373.12,1776148414824,0,0,0,,,,0,cancelled
2026-04-14 06:00,ord-000312,sell,74377.13,1776148414824,0,0,0,,,,0,cancelled
2026-04-14 06:00,ord-000313,buy,74366.33,1776148474924,0,0,0,,,,0,cancelled
2026-04-14 06:00,ord-000314,sell,74370.34,1776148474924,0,0,0,,,,0,cancelled
2026-04-14 06:00,ord-000315,buy,74394.02,1776148495045,0,0,0,,,,0,cancelled
2026-04-14 06:00,ord-000316,sell,74398.03,1776148495045,0,0,0,,,,0,cancelled
2026-04-14 06:00,ord-000317,buy,74397.99,1776148500124,0,0,0,,,,0,cancelled
2026-04-14 06:00,ord-000318,sell,74402.00,1776148500124,0.00120000,0,0,,,,0,cancelled
2026-04-14 06:00,ord-000319,buy,74392.76,1776148505124,0,0,0,,,,0,cancelled
2026-04-14 06:00,ord-000320,sell,74396.77,1776148505124,0,0,0,,,,0,cancelled
2026-04-14 06:00,ord-000321,buy,74374.59,1776148510124,0,0,0,,,,0,cancelled
2026-04-14 06:00,ord-000322,sell,74378.60,1776148510124,0,0,0,,,,0,cancelled
2026-04-14 06:00,ord-000323,buy,74381.99,1776148515124,0,0,0,,,,0,cancelled
2026-04-14 06:00,ord-000324,sell,74386.00,1776148515124,0.00127000,0.00120000,0.00000385826771653543307086614173,,,,0,cancelled
2026-04-14 06:00,ord-000325,buy,74389.83,1776148520124,0,0,0,,,,0,cancelled
2026-04-14 06:00,ord-000326,sell,74393.84,1776148520124,0,0,0,,,,0,cancelled
2026-04-14 06:00,ord-000327,buy,74386.98,1776148527424,0,0,0,,,,0,cancelled
2026-04-14 06:00,ord-000328,sell,74390.99,1776148527424,0,0,0,,,,0,cancelled
2026-04-14 06:00,ord-000329,buy,74383.56,1776148532424,0,0,0,,,,0,cancelled
2026-04-14 06:00,ord-000330,sell,74387.57,1776148532424,0,0,0,,,,0,cancelled
2026-04-14 06:00,ord-000331,buy,74389.83,1776148537624,0,0,0,,,,0,cancelled
2026-04-14 06:00,ord-000332,sell,74393.84,1776148537624,0,0,0,,,,0,cancelled
2026-04-14 06:00,ord-000333,buy,74395.94,1776148561624,0,0,0,,,,0,cancelled
2026-04-14 06:00,ord-000334,sell,74399.95,1776148561624,0,0,0,,,,0,cancelled
2026-04-14 06:00,ord-000335,buy,74401.66,1776148570424,0,0,0,,,,0,cancelled
2026-04-14 06:00,ord-000336,sell,74405.67,1776148570424,0,0,0,,,,0,cancelled
2026-04-14 06:00,ord-000337,buy,74405.02,1776148575424,0.28304000,0,0.2830400000000000000000000000,,,,0,cancelled
2026-04-14 06:00,ord-000338,sell,74409.03,1776148575424,0,0,0,,,,0,cancelled
2026-04-14 06:00,ord-000339,buy,74402.44,1776148607024,0,0,0,,,,0,cancelled
2026-04-14 06:00,ord-000340,sell,74406.45,1776148607024,0,0,0,,,,0,cancelled
2026-04-14 06:00,ord-000341,buy,74407.51,1776148616924,0,0,0,,,,0,cancelled
2026-04-14 06:00,ord-000342,sell,74411.52,1776148616924,0,0,0,,,,0,cancelled
2026-04-14 06:00,ord-000343,buy,74438.15,1776148621924,0,0,0,,,,0,cancelled
2026-04-14 06:00,ord-000344,sell,74442.16,1776148621924,0,0,0,,,,0,cancelled
2026-04-14 06:00,ord-000345,buy,74441.65,1776148626924,0,0,0,,,,0,cancelled
2026-04-14 06:00,ord-000346,sell,74445.66,1776148626924,0,0,0,,,,0,cancelled
2026-04-14 06:00,ord-000347,buy,74436.56,1776148631924,0,0,0,,,,0,cancelled
2026-04-14 06:00,ord-000348,sell,74440.57,1776148631924,0,0,0,,,,0,cancelled
2026-04-14 06:00,ord-000349,buy,74441.99,1776148644424,0,0,0,,,,0,cancelled
2026-04-14 06:00,ord-000350,sell,74446.00,1776148644424,0.00080000,0,0,,,,0,cancelled
2026-04-14 06:00,ord-000351,buy,74447.09,1776148649424,0,0,0,,,,0,cancelled
2026-04-14 06:00,ord-000352,sell,74451.10,1776148649424,0,0,0,,,,0,cancelled
2026-04-14 06:00,ord-000353,buy,74444.74,1776148666924,0,0,0,,,,0,cancelled
2026-04-14 06:00,ord-000354,sell,74448.75,1776148666924,0,0,0,,,,0,cancelled
2026-04-14 06:00,ord-000355,buy,74439.72,1776148671924,0,0,0,,,,0,cancelled
2026-04-14 06:00,ord-000356,sell,74443.73,1776148671924,0,0,0,,,,0,cancelled
2026-04-14 06:00,ord-000357,buy,74436.08,1776148676924,0,0,0,,,,0,cancelled
2026-04-14 06:00,ord-000358,sell,74440.09,1776148676924,0,0,0,,,,0,cancelled
2026-04-14 06:00,ord-000359,buy,74432.03,1776148681924,0,0,0,,,,0,cancelled
2026-04-14 06:00,ord-000360,sell,74436.04,1776148681924,0,0,0,,,,0,cancelled
2026-04-14 06:00,ord-000361,buy,74424.61,1776148686924,0,0,0,,,,0,cancelled
2026-04-14 06:00,ord-000362,sell,74428.62,1776148686924,0,0,0,,,,0,cancelled
2026-04-14 06:00,ord-000363,buy,74431.75,1776148691924,0,0,0,,,,0,cancelled
2026-04-14 06:00,ord-000364,sell,74435.76,1776148691924,0,0,0,,,,0,cancelled
2026-04-14 06:00,ord-000365,buy,74428.30,1776148792824,0,0,0,,,,0,cancelled
2026-04-14 06:00,ord-000366,sell,74432.31,1776148792824,0,0,0,,,,0,cancelled
2026-04-14 06:00,ord-000367,buy,74424.59,1776148800324,0,0,0,,,,0,cancelled
2026-04-14 06:00,ord-000368,sell,74428.60,1776148800324,0,0,0,,,,0,cancelled
2026-04-14 06:00,ord-000369,buy,74411.40,1776148805324,0,0,0,,,,0,cancelled
2026-04-14 06:00,ord-000370,sell,74415.41,1776148805324,0,0,0,,,,0,cancelled
2026-04-14 06:00,ord-000371,buy,74406.50,1776148814324,0,0,0,,,,0,cancelled
2026-04-14 06:00,ord-000372,sell,74410.51,1776148814324,0,0,0,,,,0,cancelled
2026-04-14 06:00,ord-000373,buy,74413.42,1776148821224,0,0,0,,,,0,cancelled
2026-04-14 06:00,ord-000374,sell,74417.43,1776148821224,0.00008000,0.00008000,0,,,,0,cancelled
2026-04-14 06:00,ord-000375,buy,74417.99,1776148829424,0,0,0,,,,0,cancelled
2026-04-14 06:00,ord-000376,sell,74422.00,1776148829424,0.00120000,0.00120000,0,,,,0,cancelled
2026-04-14 06:00,ord-000377,buy,74421.99,1776148834424,0,0,0,,,,0,cancelled
2026-04-14 06:00,ord-000378,sell,74426.00,1776148834424,0.00120000,0,0,,,,0,cancelled
2026-04-14 06:00,ord-000379,buy,74420.70,1776148843024,0.00007000,0.00005917637917637917637917637918,0.00001082362082362082362082362082,1776148844017,0.00005917637917637917637917637918,0.00000000000000000000000000000000,0.001,filled
2026-04-14 06:00,ord-000380,sell,74424.71,1776148843024,0,0,0,,,,0,cancelled
2026-04-14 06:00,ord-000381,buy,74418.69,1776148844124,0,0,0,,,,0,cancelled
2026-04-14 06:00,ord-000382,sell,74422.70,1776148844124,0,0,0,,,,0,cancelled
2026-04-14 06:00,ord-000383,buy,74417.70,1776148849124,0,0,0,,,,0,cancelled
2026-04-14 06:00,ord-000384,sell,74421.71,1776148849124,0,0,0,,,,0,cancelled
2026-04-14 06:00,ord-000385,buy,74413.42,1776148854124,0,0,0,,,,0,cancelled
2026-04-14 06:00,ord-000386,sell,74417.43,1776148854124,0,0,0,,,,0,cancelled
2026-04-14 06:00,ord-000387,buy,74411.39,1776148859125,0,0,0,,,,0,cancelled
2026-04-14 06:00,ord-000388,sell,74415.40,1776148859125,0.01342000,0,0.01342000,,,,0,cancelled
2026-04-14 06:00,ord-000389,buy,74406.52,1776148864224,0,0,0,,,,0,cancelled
2026-04-14 06:00,ord-000390,sell,74410.53,1776148864224,0,0,0,,,,0,cancelled
2026-04-14 06:00,ord-000391,buy,74402.14,1776148878124,0,0,0,,,,0,cancelled
2026-04-14 06:00,ord-000392,sell,74406.15,1776148878124,0,0,0,,,,0,cancelled
2026-04-14 06:00,ord-000393,buy,74409.51,1776148890424,0,0,0,,,,0,cancelled
2026-04-14 06:00,ord-000394,sell,74413.52,1776148890424,0,0,0,,,,0,cancelled
2026-04-14 06:00,ord-000395,buy,74413.42,1776148895424,0,0,0,,,,0,cancelled
2026-04-14 06:00,ord-000396,sell,74417.43,1776148895424,0.00008000,0,0,,,,0,cancelled
2026-04-14 06:00,ord-000397,buy,74411.97,1776148915824,0,0,0,,,,0,cancelled
2026-04-14 06:00,ord-000398,sell,74415.98,1776148915824,0,0,0,,,,0,cancelled
2026-04-14 06:00,ord-000399,buy,74406.39,1776148920824,0,0,0,,,,0,cancelled
2026-04-14 06:00,ord-000400,sell,74410.40,1776148920824,0,0,0,,,,0,cancelled
2026-04-14 06:00,ord-000401,buy,74400.47,1776149046224,0,0,0,,,,0,cancelled
2026-04-14 06:00,ord-000402,sell,74404.48,1776149046224,0,0,0,,,,0,cancelled
2026-04-14 06:00,ord-000403,buy,74398.00,1776149051227,0.00120000,0,0,,,,0,cancelled
2026-04-14 06:00,ord-000404,sell,74402.01,1776149051227,0,0,0,,,,0,cancelled
2026-04-14 06:00,ord-000405,buy,74397.20,1776149070724,0,0,0,,,,0,cancelled
2026-04-14 06:00,ord-000406,sell,74401.21,1776149070724,0,0,0,,,,0,cancelled
2026-04-14 06:00,ord-000407,buy,74396.00,1776149075724,0.00120000,0.00120000,0,,,,0,cancelled
2026-04-14 06:00,ord-000408,sell,74400.01,1776149075724,1.09546000,0,0.090577023712482712510189315,,,,0,cancelled
2026-04-14 06:00,ord-000409,buy,74372.99,1776149096332,0,0,0,,,,0,cancelled
2026-04-14 06:00,ord-000410,sell,74377.00,1776149096332,0,0,0,,,,0,cancelled
2026-04-14 06:00,ord-000411,buy,74380.07,1776149109824,0,0,0,,,,0,cancelled
2026-04-14 06:00,ord-000412,sell,74384.08,1776149109824,0,0,0,,,,0,cancelled
2026-04-14 06:00,ord-000413,buy,74398.31,1776149114824,0,0,0,,,,0,cancelled
2026-04-14 06:00,ord-000414,sell,74402.32,1776149114824,0,0,0,,,,0,cancelled
2026-04-14 06:00,ord-000415,buy,74394.00,1776149119824,0.00080000,0,0,,,,0,cancelled
2026-04-14 06:00,ord-000416,sell,74398.01,1776149119824,0,0,0,,,,0,cancelled
2026-04-14 06:00,ord-000417,buy,74396.43,1776149189424,0,0,0,,,,0,cancelled
2026-04-14 06:00,ord-000418,sell,74400.44,1776149189424,0,0,0,,,,0,cancelled
2026-04-14 06:00,ord-000419,buy,74397.99,1776149194424,0,0,0,,,,0,cancelled
2026-04-14 06:00,ord-000420,sell,74402.00,1776149194424,0.00120000,0.001107692307692307692307692308,0.000092307692307692307692307692,1776149205339,0.001107692307692307692307692308,0.000000000000000000000000000000,0.000092307692307692307692307692,cancelled
2026-04-14 06:00,ord-000421,buy,74406.12,1776149205424,0,0,0,,,,0,cancelled
2026-04-14 06:00,ord-000422,sell,74410.13,1776149205424,0,0,0,,,,0,cancelled
2026-04-14 06:00,ord-000423,buy,74406.39,1776149210424,0,0,0,,,,0,cancelled
2026-04-14 06:00,ord-000424,sell,74410.40,1776149210424,0,0,0,,,,0,cancelled
2026-04-14 06:00,ord-000425,buy,74413.41,1776149215424,0,0,0,,,,0,cancelled
2026-04-14 06:00,ord-000426,sell,74417.42,1776149215424,0,0,0,,,,0,cancelled
2026-04-14 06:00,ord-000427,buy,74420.67,1776149220524,0,0,0,,,,0,cancelled
2026-04-14 06:00,ord-000428,sell,74424.68,1776149220524,0,0,0,,,,0,cancelled
2026-04-14 06:00,ord-000429,buy,74434.17,1776149225524,0,0,0,,,,0,cancelled
2026-04-14 06:00,ord-000430,sell,74438.18,1776149225524,0,0,0,,,,0,cancelled
2026-04-14 06:00,ord-000431,buy,74433.79,1776149235726,0,0,0,,,,0,cancelled
2026-04-14 06:00,ord-000432,sell,74437.80,1776149235726,0,0,0,,,,0,cancelled
2026-04-14 06:00,ord-000433,buy,74415.52,1776149240824,0,0,0,,,,0,cancelled
2026-04-14 06:00,ord-000434,sell,74419.53,1776149240824,0,0,0,,,,0,cancelled
2026-04-14 06:00,ord-000435,buy,74411.74,1776149252324,0,0,0,,,,0,cancelled
2026-04-14 06:00,ord-000436,sell,74415.75,1776149252324,0,0,0,,,,0,cancelled
2026-04-14 06:00,ord-000437,buy,74409.66,1776149264124,0,0,0,,,,0,cancelled
2026-04-14 06:00,ord-000438,sell,74413.67,1776149264124,0,0,0,,,,0,cancelled
2026-04-14 06:00,ord-000439,buy,74403.16,1776149269124,0,0,0,,,,0,cancelled
2026-04-14 06:00,ord-000440,sell,74407.17,1776149269124,0,0,0,,,,0,cancelled
2026-04-14 06:00,ord-000441,buy,74405.84,1776149282024,0,0,0,,,,0,cancelled
2026-04-14 06:00,ord-000442,sell,74409.85,1776149282024,0,0,0,,,,0,cancelled
2026-04-14 06:00,ord-000443,buy,74405.39,1776149315324,0,0,0,,,,0,cancelled
2026-04-14 06:00,ord-000444,sell,74409.40,1776149315324,0,0,0,,,,0,cancelled
2026-04-14 06:00,ord-000445,buy,74403.16,1776149320324,0,0,0,,,,0,cancelled
2026-04-14 06:00,ord-000446,sell,74407.17,1776149320324,0,0,0,,,,0,cancelled
2026-04-14 06:00,ord-000447,buy,74395.37,1776149325325,0,0,0,,,,0,cancelled
2026-04-14 06:00,ord-000448,sell,74399.38,1776149325325,0,0,0,,,,0,cancelled
2026-04-14 06:00,ord-000449,buy,74405.83,1776149362334,0,0,0,,,,0,cancelled
2026-04-14 06:00,ord-000450,sell,74409.84,1776149362334,0,0,0,,,,0,cancelled
2026-04-14 06:00,ord-000451,buy,74422.96,1776149367424,0,0,0,,,,0,cancelled
2026-04-14 06:00,ord-000452,sell,74426.97,1776149367424,0,0,0,,,,0,cancelled
2026-04-14 06:00,ord-000453,buy,74434.24,1776149372424,0,0,0,,,,0,cancelled
2026-04-14 06:00,ord-000454,sell,74438.25,1776149372424,0,0,0,,,,0,cancelled
2026-04-14 06:00,ord-000455,buy,74439.82,1776149378324,0,0,0,,,,0,cancelled
2026-04-14 06:00,ord-000456,sell,74443.83,1776149378324,0,0,0,,,,0,cancelled
2026-04-14 06:00,ord-000457,buy,74440.31,1776149385824,0,0,0,,,,0,cancelled
2026-04-14 06:00,ord-000458,sell,74444.32,1776149385824,0,0,0,,,,0,cancelled
2026-04-14 06:00,ord-000459,buy,74430.04,1776149390824,0,0,0,,,,0,cancelled
2026-04-14 06:00,ord-000460,sell,74434.05,1776149390824,0,0,0,1776149392815,0,0,0.001,filled
2026-04-14 06:00,ord-000461,buy,74433.51,1776149392924,0,0,0,,,,0,cancelled
2026-04-14 06:00,ord-000462,sell,74437.52,1776149392924,0,0,0,,,,0,cancelled
2026-04-14 06:00,ord-000463,buy,74429.13,1776149400824,0,0,0,,,,0,cancelled
2026-04-14 06:00,ord-000464,sell,74433.14,1776149400824,0,0,0,,,,0,cancelled
2026-04-14 06:00,ord-000465,buy,74423.87,1776149405824,0,0,0,,,,0,cancelled
2026-04-14 06:00,ord-000466,sell,74427.88,1776149405824,0,0,0,,,,0,cancelled
2026-04-14 06:00,ord-000467,buy,74428.90,1776149410824,0,0,0,,,,0,cancelled
2026-04-14 06:00,ord-000468,sell,74432.91,1776149410824,0,0,0,,,,0,cancelled
2026-04-14 06:00,ord-000469,buy,74431.41,1776149424524,0,0,0,,,,0,cancelled
2026-04-14 06:00,ord-000470,sell,74435.42,1776149424524,0,0,0,,,,0,cancelled
2026-04-14 06:00,ord-000471,buy,74439.30,1776149429524,0,0,0,,,,0,cancelled
2026-04-14 06:00,ord-000472,sell,74443.31,1776149429524,0,0,0,,,,0,cancelled
2026-04-14 06:00,ord-000473,buy,74439.77,1776149434524,0,0,0,,,,0,cancelled
2026-04-14 06:00,ord-000474,sell,74443.78,1776149434524,0,0,0,,,,0,cancelled
2026-04-14 06:00,ord-000475,buy,74439.78,1776149455424,0,0,0,,,,0,cancelled
2026-04-14 06:00,ord-000476,sell,74443.79,1776149455424,0,0,0,,,,0,cancelled
2026-04-14 06:00,ord-000477,buy,74444.19,1776149460424,0,0,0,,,,0,cancelled
2026-04-14 06:00,ord-000478,sell,74448.20,1776149460424,0,0,0,,,,0,cancelled
2026-04-14 06:00,ord-000479,buy,74449.33,1776149468928,0,0,0,,,,0,cancelled
2026-04-14 06:00,ord-000480,sell,74453.34,1776149468928,0,0,0,,,,0,cancelled
2026-04-14 06:00,ord-000481,buy,74456.78,1776149474824,0,0,0,,,,0,cancelled
2026-04-14 06:00,ord-000482,sell,74460.79,1776149474824,0,0,0,,,,0,cancelled
2026-04-14 06:00,ord-000483,buy,74469.39,1776149479824,0,0,0,,,,0,cancelled
2026-04-14 06:00,ord-000484,sell,74473.40,1776149479824,0,0,0,,,,0,cancelled
2026-04-14 06:00,ord-000485,buy,74460.46,1776149488924,0,0,0,,,,0,cancelled
2026-04-14 06:00,ord-000486,sell,74464.47,1776149488924,0,0,0,,,,0,cancelled
2026-04-14 06:00,ord-000487,buy,74453.18,1776149493924,0,0,0,,,,0,cancelled
2026-04-14 06:00,ord-000488,sell,74457.19,1776149493924,0,0,0,,,,0,cancelled
2026-04-14 06:00,ord-000489,buy,74453.19,1776149503524,0,0,0,,,,0,cancelled
2026-04-14 06:00,ord-000490,sell,74457.20,1776149503524,0,0,0,,,,0,cancelled
2026-04-14 06:00,ord-000491,buy,74462.68,1776149508524,0,0,0,,,,0,cancelled
2026-04-14 06:00,ord-000492,sell,74466.69,1776149508524,0,0,0,,,,0,cancelled
2026-04-14 06:00,ord-000493,buy,74469.39,1776149513524,0,0,0,,,,0,cancelled
2026-04-14 06:00,ord-000494,sell,74473.40,1776149513524,0,0,0,,,,0,cancelled
2026-04-14 06:00,ord-000495,buy,74464.06,1776149518524,0,0,0,,,,0,cancelled
2026-04-14 06:00,ord-000496,sell,74468.07,1776149518524,0,0,0,,,,0,cancelled
2026-04-14 06:00,ord-000497,buy,74456.67,1776149525524,0,0,0,,,,0,cancelled
2026-04-14 06:00,ord-000498,sell,74460.68,1776149525524,0,0,0,,,,0,cancelled
2026-04-14 06:00,ord-000499,buy,74458.30,1776149534824,0,0,0,,,,0,cancelled
2026-04-14 06:00,ord-000500,sell,74462.31,1776149534824,0,0,0,,,,0,cancelled
2026-04-14 06:00,ord-000501,buy,74461.59,1776149539825,0,0,0,,,,0,cancelled
2026-04-14 06:00,ord-000502,sell,74465.60,1776149539825,0,0,0,,,,0,cancelled
2026-04-14 06:00,ord-000503,buy,74454.44,1776149550724,0,0,0,,,,0,cancelled
2026-04-14 06:00,ord-000504,sell,74458.45,1776149550724,0,0,0,,,,0,cancelled
2026-04-14 06:00,ord-000505,buy,74453.20,1776149555724,0,0,0,,,,0,cancelled
2026-04-14 06:00,ord-000506,sell,74457.21,1776149555724,0,0,0,,,,0,cancelled
2026-04-14 06:00,ord-000507,buy,74453.19,1776149560724,0,0,0,,,,0,cancelled
2026-04-14 06:00,ord-000508,sell,74457.20,1776149560724,0,0,0,,,,0,cancelled
2026-04-14 06:00,ord-000509,buy,74454.44,1776149589124,0,0,0,,,,0,cancelled
2026-04-14 06:00,ord-000510,sell,74458.45,1776149589124,0,0,0,,,,0,cancelled
2026-04-14 06:00,ord-000511,buy,74462.89,1776149594124,0,0,0,,,,0,cancelled
2026-04-14 06:00,ord-000512,sell,74466.90,1776149594124,0,0,0,,,,0,cancelled
2026-04-14 06:00,ord-000513,buy,74464.06,1776149600924,0,0,0,,,,0,cancelled
2026-04-14 06:00,ord-000514,sell,74468.07,1776149600924,0,0,0,,,,0,cancelled
2026-04-14 06:00,ord-000515,buy,74469.39,1776149605924,0,0,0,,,,0,cancelled
2026-04-14 06:00,ord-000516,sell,74473.40,1776149605924,0,0,0,,,,0,cancelled
2026-04-14 06:00,ord-000517,buy,74469.99,1776149610924,0,0,0,,,,0,cancelled
2026-04-14 06:00,ord-000518,sell,74474.00,1776149610924,0.00120000,0.00120000,0,,,,0,cancelled
2026-04-14 06:00,ord-000519,buy,74473.03,1776149615924,0,0,0,,,,0,cancelled
2026-04-14 06:00,ord-000520,sell,74477.04,1776149615924,0,0,0,,,,0,cancelled
2026-04-14 06:00,ord-000521,buy,74476.67,1776149620924,0,0,0,,,,0,cancelled
2026-04-14 06:00,ord-000522,sell,74480.68,1776149620924,0,0,0,,,,0,cancelled
2026-04-14 06:00,ord-000523,buy,74484.13,1776149635924,0,0,0,,,,0,cancelled
2026-04-14 06:00,ord-000524,sell,74488.14,1776149635924,0,0,0,,,,0,cancelled
2026-04-14 06:00,ord-000525,buy,74489.11,1776149641524,0,0,0,,,,0,cancelled
2026-04-14 06:00,ord-000526,sell,74493.12,1776149641524,0,0,0,,,,0,cancelled
2026-04-14 06:00,ord-000527,buy,74484.14,1776149651424,0,0,0,,,,0,cancelled
2026-04-14 06:00,ord-000528,sell,74488.15,1776149651424,0,0,0,,,,0,cancelled
2026-04-14 06:00,ord-000529,buy,74484.15,1776149669324,0,0,0,,,,0,cancelled
2026-04-14 06:00,ord-000530,sell,74488.16,1776149669324,0,0,0,,,,0,cancelled
2026-04-14 06:00,ord-000531,buy,74489.10,1776149674324,0,0,0,,,,0,cancelled
2026-04-14 06:00,ord-000532,sell,74493.11,1776149674324,0,0,0,,,,0,cancelled
2026-04-14 06:00,ord-000533,buy,74489.21,1776149679324,0,0,0,,,,0,cancelled
2026-04-14 06:00,ord-000534,sell,74493.22,1776149679324,0,0,0,,,,0,cancelled
2026-04-14 06:00,ord-000535,buy,74496.99,1776149684324,0,0,0,,,,0,cancelled
2026-04-14 06:00,ord-000536,sell,74501.00,1776149684324,0,0,0,1776149704035,0,0,0.00013000,cancelled
2026-04-14 06:00,ord-000537,buy,74497.99,1776149704036,0,0,0,,,,0,cancelled
2026-04-14 06:00,ord-000538,sell,74502.00,1776149704036,0.00120000,0,0,,,,0,cancelled
2026-04-14 06:00,ord-000539,buy,74538.96,1776149709124,0,0,0,,,,0,cancelled
2026-04-14 06:00,ord-000540,sell,74542.97,1776149709124,0,0,0,,,,0,cancelled
2026-04-14 06:00,ord-000541,buy,74524.41,1776149714124,0.00911000,0,0.009110000000000000000000000000,,,,0,cancelled
2026-04-14 06:00,ord-000542,sell,74528.42,1776149714124,0,0,0,,,,0,cancelled
2026-04-14 06:00,ord-000543,buy,74547.98,1776149719124,0,0,0,,,,0,cancelled
2026-04-14 06:00,ord-000544,sell,74551.99,1776149719124,0.00135000,0,0.00135000,,,,0,cancelled
2026-04-14 06:00,ord-000545,buy,74542.84,1776149724124,0,0,0,,,,0,cancelled
2026-04-14 06:00,ord-000546,sell,74546.85,1776149724124,0,0,0,,,,0,cancelled
2026-04-14 06:00,ord-000547,buy,74534.26,1776149729124,0,0,0,,,,0,cancelled
2026-04-14 06:00,ord-000548,sell,74538.27,1776149729124,0,0,0,,,,0,cancelled
2026-04-14 06:00,ord-000549,buy,74523.36,1776149734124,0.00008000,0,0,,,,0,cancelled
2026-04-14 06:00,ord-000550,sell,74527.37,1776149734124,0,0,0,,,,0,cancelled
2026-04-14 06:00,ord-000551,buy,74528.32,1776149739124,0,0,0,,,,0,cancelled
2026-04-14 06:00,ord-000552,sell,74532.33,1776149739124,0,0,0,,,,0,cancelled
2026-04-14 06:00,ord-000553,buy,74543.18,1776149744124,0,0,0,,,,0,cancelled
2026-04-14 06:00,ord-000554,sell,74547.19,1776149744124,0.00125000,0,0,,,,0,cancelled
2026-04-14 06:00,ord-000555,buy,74542.87,1776149749124,0,0,0,,,,0,cancelled
2026-04-14 06:00,ord-000556,sell,74546.88,1776149749124,0,0,0,,,,0,cancelled
2026-04-14 06:00,ord-000557,buy,74533.27,1776149754124,0,0,0,,,,0,cancelled
2026-04-14 06:00,ord-000558,sell,74537.28,1776149754124,0,0,0,,,,0,cancelled
2026-04-14 06:00,ord-000559,buy,74535.75,1776149759124,0,0,0,,,,0,cancelled
2026-04-14 06:00,ord-000560,sell,74539.76,1776149759124,0,0,0,,,,0,cancelled
2026-04-14 06:00,ord-000561,buy,74540.79,1776149764124,0,0,0,,,,0,cancelled
2026-04-14 06:00,ord-000562,sell,74544.80,1776149764124,0,0,0,,,,0,cancelled
2026-04-14 06:00,ord-000563,buy,74539.04,1776149769124,0,0,0,,,,0,cancelled
2026-04-14 06:00,ord-000564,sell,74543.05,1776149769124,0,0,0,,,,0,cancelled
2026-04-14 06:00,ord-000565,buy,74538.44,1776149774124,0,0,0,,,,0,cancelled
2026-04-14 06:00,ord-000566,sell,74542.45,1776149774124,0,0,0,,,,0,cancelled
2026-04-14 06:00,ord-000567,buy,74539.49,1776149791924,0,0,0,,,,0,cancelled
2026-04-14 06:00,ord-000568,sell,74543.50,1776149791924,0,0,0,,,,0,cancelled
2026-04-14 06:00,ord-000569,buy,74542.87,1776149796924,0,0,0,,,,0,cancelled
2026-04-14 06:00,ord-000570,sell,74546.88,1776149796924,0,0,0,,,,0,cancelled
2026-04-14 06:00,ord-000571,buy,74535.72,1776149801924,0,0,0,,,,0,cancelled
2026-04-14 06:00,ord-000572,sell,74539.73,1776149801924,0,0,0,,,,0,cancelled
2026-04-14 06:00,ord-000573,buy,74533.20,1776149806924,0.09437000,0,0.09430000000000000000000000000,,,,0,cancelled
2026-04-14 06:00,ord-000574,sell,74537.21,1776149806924,0,0,0,,,,0,cancelled
2026-04-14 06:00,ord-000575,buy,74531.25,1776149811924,0,0,0,,,,0,cancelled
2026-04-14 06:00,ord-000576,sell,74535.26,1776149811924,0,0,0,,,,0,cancelled
2026-04-14 06:00,ord-000577,buy,74526.15,1776149821124,0,0,0,,,,0,cancelled
2026-04-14 06:00,ord-000578,sell,74530.16,1776149821124,0,0,0,,,,0,cancelled
2026-04-14 06:00,ord-000579,buy,74522.84,1776149826124,0,0,0,,,,0,cancelled
2026-04-14 06:00,ord-000580,sell,74526.85,1776149826124,0,0,0,,,,0,cancelled
2026-04-14 06:00,ord-000581,buy,74528.45,1776149832824,0,0,0,,,,0,cancelled
2026-04-14 06:00,ord-000582,sell,74532.46,1776149832824,0,0,0,,,,0,cancelled
2026-04-14 06:00,ord-000583,buy,74533.20,1776149837824,0.00135000,0,0.00135000,,,,0,cancelled
2026-04-14 06:00,ord-000584,sell,74537.21,1776149837824,0,0,0,,,,0,cancelled
2026-04-14 06:00,ord-000585,buy,74541.60,1776149844224,0,0,0,,,,0,cancelled
2026-04-14 06:00,ord-000586,sell,74545.61,1776149844224,0.00041000,0,0,,,,0,cancelled
2026-04-14 06:00,ord-000587,buy,74537.12,1776149849224,0,0,0,,,,0,cancelled
2026-04-14 06:00,ord-000588,sell,74541.13,1776149849224,0,0,0,,,,0,cancelled
2026-04-14 06:00,ord-000589,buy,74533.46,1776149856824,0,0,0,,,,0,cancelled
2026-04-14 06:00,ord-000590,sell,74537.47,1776149856824,0,0,0,,,,0,cancelled
2026-04-14 06:00,ord-000591,buy,74537.10,1776149911224,0,0,0,,,,0,cancelled
2026-04-14 06:00,ord-000592,sell,74541.11,1776149911224,0,0,0,,,,0,cancelled
2026-04-14 06:00,ord-000593,buy,74534.50,1776149936524,0,0,0,,,,0,cancelled
2026-04-14 06:00,ord-000594,sell,74538.51,1776149936524,0,0,0,,,,0,cancelled
2026-04-14 06:00,ord-000595,buy,74530.92,1776149967524,0,0,0,,,,0,cancelled
2026-04-14 06:00,ord-000596,sell,74534.93,1776149967524,0,0,0,,,,0,cancelled
2026-04-14 06:00,ord-000597,buy,74527.82,1776149972524,0,0,0,,,,0,cancelled
2026-04-14 06:00,ord-000598,sell,74531.83,1776149972524,0,0,0,,,,0,cancelled
2026-04-14 06:00,ord-000599,buy,74526.13,1776149988124,0,0,0,,,,0,cancelled
2026-04-14 06:00,ord-000600,sell,74530.14,1776149988124,0,0,0,,,,0,cancelled
2026-04-14 06:00,ord-000601,buy,74520.72,1776149993124,0,0,0,,,,0,expired
2026-04-14 06:00,ord-000602,sell,74524.73,1776149993124,0,0,0,,,,0,expired
