session,order_id,side,price,queued_time_ms,initial_queue_ahead,total_trade_queue_drained,total_cancel_queue_drained,first_fill_time_ms,first_queue_ahead_before_trade,first_queue_ahead_before_fill,filled_quantity,final_status
2026-04-15 12:00,ord-000001,buy,74199.77,1776254400224,0,0,0,,,,0,cancelled
2026-04-15 12:00,ord-000002,sell,74203.78,1776254400224,0,0,0,,,,0,cancelled
2026-04-15 12:00,ord-000003,buy,74193.25,1776254405224,0,0,0,,,,0,cancelled
2026-04-15 12:00,ord-000004,sell,74197.26,1776254405224,0.00314000,0,0,,,,0,cancelled
2026-04-15 12:00,ord-000005,buy,74161.81,1776254410224,0,0,0,,,,0,cancelled
2026-04-15 12:00,ord-000006,sell,74165.82,1776254410224,0,0,0,,,,0,cancelled
2026-04-15 12:00,ord-000007,buy,74163.13,1776254415224,0,0,0,,,,0,cancelled
2026-04-15 12:00,ord-000008,sell,74167.14,1776254415224,0,0,0,,,,0,cancelled
2026-04-15 12:00,ord-000009,buy,74165.81,1776254424724,0,0,0,,,,0,cancelled
2026-04-15 12:00,ord-000010,sell,74169.82,1776254424724,0,0,0,,,,0,cancelled
2026-04-15 12:00,ord-000011,buy,74168.76,1776254429724,0,0,0,1776254441866,0,0,0.00008000,cancelled
2026-04-15 12:00,ord-000012,sell,74172.77,1776254429724,0,0,0,,,,0,cancelled
2026-04-15 12:00,ord-000013,buy,74163.13,1776254441924,0,0,0,,,,0,cancelled
2026-04-15 12:00,ord-000014,sell,74167.14,1776254441924,0,0,0,,,,0,cancelled
2026-04-15 12:00,ord-000015,buy,74159.48,1776254446924,0,0,0,,,,0,cancelled
2026-04-15 12:00,ord-000016,sell,74163.49,1776254446924,0,0,0,,,,0,cancelled
2026-04-15 12:00,ord-000017,buy,74165.09,1776254451924,0,0,0,,,,0,cancelled
2026-04-15 12:00,ord-000018,sell,74169.10,1776254451924,0,0,0,,,,0,cancelled
2026-04-15 12:00,ord-000019,buy,74158.84,1776254456924,0,0,0,,,,0,cancelled
2026-04-15 12:00,ord-000020,sell,74162.85,1776254456924,0,0,0,,,,0,cancelled
2026-04-15 12:00,ord-000021,buy,74158.30,1776254461924,0,0,0,,,,0,cancelled
2026-04-15 12:00,ord-000022,sell,74162.31,1776254461924,0,0,0,,,,0,cancelled
2026-04-15 12:00,ord-000023,buy,74171.39,1776254466924,0,0,0,,,,0,cancelled
2026-04-15 12:00,ord-000024,sell,74175.40,1776254466924,0,0,0,,,,0,cancelled
2026-04-15 12:00,ord-000025,buy,74158.00,1776254471924,0.00120000,0,0,,,,0,cancelled
2026-04-15 12:00,ord-000026,sell,74162.01,1776254471924,0,0,0,,,,0,cancelled
2026-04-15 12:00,ord-000027,buy,74157.68,1776254476924,0,0,0,,,,0,cancelled
2026-04-15 12:00,ord-000028,sell,74161.69,1776254476924,0,0,0,,,,0,cancelled
2026-04-15 12:00,ord-000029,buy,74177.11,1776254481924,0,0,0,,,,0,cancelled
2026-04-15 12:00,ord-000030,sell,74181.12,1776254481924,0,0,0,,,,0,cancelled
2026-04-15 12:00,ord-000031,buy,74171.05,1776254486924,0,0,0,,,,0,cancelled
2026-04-15 12:00,ord-000032,sell,74175.06,1776254486924,0,0,0,,,,0,cancelled
2026-04-15 12:00,ord-000033,buy,74177.00,1776254491924,0,0,0,,,,0,cancelled
2026-04-15 12:00,ord-000034,sell,74181.01,1776254491924,0,0,0,,,,0,cancelled
2026-04-15 12:00,ord-000035,buy,74181.94,1776254499224,0,0,0,,,,0,cancelled
2026-04-15 12:00,ord-000036,sell,74185.95,1776254499224,0,0,0,,,,0,cancelled
2026-04-15 12:00,ord-000037,buy,74185.49,1776254504524,0,0,0,,,,0,cancelled
2026-04-15 12:00,ord-000038,sell,74189.50,1776254504524,0,0,0,,,,0,cancelled
2026-04-15 12:00,ord-000039,buy,74126.24,1776254509528,0,0,0,,,,0,cancelled
2026-04-15 12:00,ord-000040,sell,74130.25,1776254509528,0,0,0,,,,0,cancelled
2026-04-15 12:00,ord-000041,buy,74172.57,1776254514624,0,0,0,,,,0,cancelled
2026-04-15 12:00,ord-000042,sell,74176.58,1776254514624,0,0,0,,,,0,cancelled
2026-04-15 12:00,ord-000043,buy,74173.99,1776254519624,0,0,0,,,,0,cancelled
2026-04-15 12:00,ord-000044,sell,74178.00,1776254519624,0.01336000,0,0,,,,0,cancelled
2026-04-15 12:00,ord-000045,buy,74160.06,1776254524624,0,0,0,,,,0,cancelled
2026-04-15 12:00,ord-000046,sell,74164.07,1776254524624,0,0,0,,,,0,cancelled
2026-04-15 12:00,ord-000047,buy,74151.28,1776254529625,0,0,0,,,,0,cancelled
2026-04-15 12:00,ord-000048,sell,74155.29,1776254529625,0,0,0,,,,0,cancelled
2026-04-15 12:00,ord-000049,buy,74143.26,1776254534724,0,0,0,,,,0,cancelled
2026-04-15 12:00,ord-000050,sell,74147.27,1776254534724,0,0,0,,,,0,cancelled
2026-04-15 12:00,ord-000051,buy,74132.87,1776254539724,0,0,0,,,,0,cancelled
2026-04-15 12:00,ord-000052,sell,74136.88,1776254539724,0,0,0,,,,0,cancelled
2026-04-15 12:00,ord-000053,buy,74140.28,1776254552026,0,0,0,,,,0,cancelled
2026-04-15 12:00,ord-000054,sell,74144.29,1776254552026,0,0,0,,,,0,cancelled
2026-04-15 12:00,ord-000055,buy,74178.69,1776254557124,0,0,0,,,,0,cancelled
2026-04-15 12:00,ord-000056,sell,74182.70,1776254557124,0,0,0,,,,0,cancelled
2026-04-15 12:00,ord-000057,buy,74187.99,1776254562124,0,0,0,,,,0,cancelled
2026-04-15 12:00,ord-000058,sell,74192.00,1776254562124,0.00120000,0,0,,,,0,cancelled
2026-04-15 12:00,ord-000059,buy,74188.86,1776254568024,0,0,0,,,,0,cancelled
2026-04-15 12:00,ord-000060,sell,74192.87,1776254568024,0,0,0,,,,0,cancelled
2026-04-15 12:00,ord-000061,buy,74192.43,1776254573024,0,0,0,,,,0,cancelled
2026-04-15 12:00,ord-000062,sell,74196.44,1776254573024,0.10183000,0,0,,,,0,cancelled
2026-04-15 12:00,ord-000063,buy,74194.32,1776254578124,0,0,0,,,,0,cancelled
2026-04-15 12:00,ord-000064,sell,74198.33,1776254578124,0,0,0,,,,0,cancelled
2026-04-15 12:00,ord-000065,buy,74195.41,1776254583124,0,0,0,,,,0,cancelled
2026-04-15 12:00,ord-000066,sell,74199.42,1776254583124,0.00016000,0,0,,,,0,cancelled
2026-04-15 12:00,ord-000067,buy,74179.42,1776254588124,0,0,0,,,,0,cancelled
2026-04-15 12:00,ord-000068,sell,74183.43,1776254588124,0,0,0,,,,0,cancelled
2026-04-15 12:00,ord-000069,buy,74171.78,1776254593125,0,0,0,,,,0,cancelled
2026-04-15 12:00,ord-000070,sell,74175.79,1776254593125,0,0,0,,,,0,cancelled
2026-04-15 12:00,ord-000071,buy,74199.92,1776254598224,0,0,0,,,,0,cancelled
2026-04-15 12:00,ord-000072,sell,74203.93,1776254598224,0,0,0,,,,0,cancelled
2026-04-15 12:00,ord-000073,buy,74203.34,1776254603224,0,0,0,,,,0,cancelled
2026-04-15 12:00,ord-000074,sell,74207.35,1776254603224,0,0,0,,,,0,cancelled
2026-04-15 12:00,ord-000075,buy,74199.47,1776254608224,0,0,0,,,,0,cancelled
2026-04-15 12:00,ord-000076,sell,74203.48,1776254608224,0,0,0,,,,0,cancelled
2026-04-15 12:00,ord-000077,buy,74203.34,1776254619124,0,0,0,,,,0,cancelled
2026-04-15 12:00,ord-000078,sell,74207.35,1776254619124,0,0,0,,,,0,cancelled
2026-04-15 12:00,ord-000079,buy,74207.79,1776254624124,0,0,0,,,,0,cancelled
2026-04-15 12:00,ord-000080,sell,74211.80,1776254624124,0,0,0,,,,0,cancelled
2026-04-15 12:00,ord-000081,buy,74198.21,1776254629124,0,0,0,,,,0,cancelled
2026-04-15 12:00,ord-000082,sell,74202.22,1776254629124,0,0,0,,,,0,cancelled
2026-04-15 12:00,ord-000083,buy,74224.99,1776254634124,0,0,0,,,,0,cancelled
2026-04-15 12:00,ord-000084,sell,74229.00,1776254634124,0,0,0,,,,0,cancelled
2026-04-15 12:00,ord-000085,buy,74154.33,1776254639124,0,0,0,,,,0,cancelled
2026-04-15 12:00,ord-000086,sell,74158.34,1776254639124,0,0,0,,,,0,cancelled
2026-04-15 12:00,ord-000087,buy,74173.36,1776254644124,0,0,0,,,,0,cancelled
2026-04-15 12:00,ord-000088,sell,74177.37,1776254644124,0,0,0,,,,0,cancelled
2026-04-15 12:00,ord-000089,buy,74169.16,1776254649124,0,0,0,,,,0,cancelled
2026-04-15 12:00,ord-000090,sell,74173.17,1776254649124,0,0,0,,,,0,cancelled
2026-04-15 12:00,ord-000091,buy,74156.35,1776254654124,0,0,0,,,,0,cancelled
2026-04-15 12:00,ord-000092,sell,74160.36,1776254654124,0,0,0,,,,0,cancelled
2026-04-15 12:00,ord-000093,buy,74143.27,1776254659124,0,0,0,,,,0,cancelled
2026-04-15 12:00,ord-000094,sell,74147.28,1776254659124,0,0,0,,,,0,cancelled
2026-04-15 12:00,ord-000095,buy,74149.84,1776254664524,0,0,0,,,,0,cancelled
2026-04-15 12:00,ord-000096,sell,74153.85,1776254664524,0,0,0,,,,0,cancelled
2026-04-15 12:00,ord-000097,buy,74152.47,1776254669524,0,0,0,,,,0,cancelled
2026-04-15 12:00,ord-000098,sell,74156.48,1776254669524,0,0,0,,,,0,cancelled
2026-04-15 12:00,ord-000099,buy,74157.80,1776254675824,0,0,0,,,,0,cancelled
2026-04-15 12:00,ord-000100,sell,74161.81,1776254675824,0,0,0,,,,0,cancelled
2026-04-15 12:00,ord-000101,buy,74167.68,1776254680824,0,0,0,,,,0,cancelled
2026-04-15 12:00,ord-000102,sell,74171.69,1776254680824,0,0,0,,,,0,cancelled
2026-04-15 12:00,ord-000103,buy,74143.39,1776254685824,0,0,0,,,,0,cancelled
2026-04-15 12:00,ord-000104,sell,74147.40,1776254685824,0,0,0,,,,0,cancelled
2026-04-15 12:00,ord-000105,buy,74150.98,1776254690824,0,0,0,,,,0,cancelled
2026-04-15 12:00,ord-000106,sell,74154.99,1776254690824,0,0,0,,,,0,cancelled
2026-04-15 12:00,ord-000107,buy,74150.00,1776254697224,0,0,0,,,,0,cancelled
2026-04-15 12:00,ord-000108,sell,74154.01,1776254697224,0,0,0,,,,0,cancelled
2026-04-15 12:00,ord-000109,buy,74134.00,1776254702224,0.00120000,0.00120000,0,1776254705818,0.00120000,0.00000000,0.00100000,filled
2026-04-15 12:00,ord-000110,sell,74138.01,1776254702224,0,0,0,,,,0,cancelled
2026-04-15 12:00,ord-000111,buy,74130.69,1776254705924,0,0,0,,,,0,cancelled
2026-04-15 12:00,ord-000112,sell,74134.70,1776254705924,0,0,0,,,,0,cancelled
2026-04-15 12:00,ord-000113,buy,74112.90,1776254710924,0,0,0,,,,0,cancelled
2026-04-15 12:00,ord-000114,sell,74116.91,1776254710924,0,0,0,,,,0,cancelled
2026-04-15 12:00,ord-000115,buy,74101.69,1776254715924,0,0,0,,,,0,cancelled
2026-04-15 12:00,ord-000116,sell,74105.70,1776254715924,0,0,0,,,,0,cancelled
2026-04-15 12:00,ord-000117,buy,74111.43,1776254726124,0,0,0,,,,0,cancelled
2026-04-15 12:00,ord-000118,sell,74115.44,1776254726124,0,0,0,,,,0,cancelled
2026-04-15 12:00,ord-000119,buy,74104.39,1776254731124,0,0,0,,,,0,cancelled
2026-04-15 12:00,ord-000120,sell,74108.40,1776254731124,0,0,0,,,,0,cancelled
2026-04-15 12:00,ord-000121,buy,74098.89,1776254736124,0,0,0,,,,0,cancelled
2026-04-15 12:00,ord-000122,sell,74102.90,1776254736124,0,0,0,,,,0,cancelled
2026-04-15 12:00,ord-000123,buy,74086.22,1776254741124,0,0,0,1776254742656,0,0,0.00100000,filled
2026-04-15 12:00,ord-000124,sell,74090.23,1776254741124,0,0,0,,,,0,cancelled
2026-04-15 12:00,ord-000125,buy,74082.00,1776254742724,0.00120000,0.00120000,0,1776254742948,0.00097000,0.00000000,0.00100000,filled
2026-04-15 12:00,ord-000126,sell,74086.01,1776254742724,0,0,0,,,,0,cancelled
2026-04-15 12:00,ord-000127,buy,74079.99,1776254743024,0,0,0,,,,0,cancelled
2026-04-15 12:00,ord-000128,sell,74084.00,1776254743024,0.00023000,0,0,,,,0,cancelled
2026-04-15 12:00,ord-000129,buy,74049.64,1776254748024,0,0,0,,,,0,cancelled
2026-04-15 12:00,ord-000130,sell,74053.65,1776254748024,0,0,0,,,,0,cancelled
2026-04-15 12:00,ord-000131,buy,74058.17,1776254761824,0,0,0,,,,0,cancelled
2026-04-15 12:00,ord-000132,sell,74062.18,1776254761824,0,0,0,,,,0,cancelled
2026-04-15 12:00,ord-000133,buy,74074.00,1776254766824,0,0,0,,,,0,cancelled
2026-04-15 12:00,ord-000134,sell,74078.01,1776254766824,0,0,0,,,,0,cancelled
2026-04-15 12:00,ord-000135,buy,74058.17,1776254771824,0,0,0,,,,0,cancelled
2026-04-15 12:00,ord-000136,sell,74062.18,1776254771824,0,0,0,,,,0,cancelled
2026-04-15 12:00,ord-000137,buy,74052.42,1776254780524,0,0,0,,,,0,cancelled
2026-04-15 12:00,ord-000138,sell,74056.43,1776254780524,0,0,0,,,,0,cancelled
2026-04-15 12:00,ord-000139,buy,74050.34,1776254785524,0,0,0,,,,0,cancelled
2026-04-15 12:00,ord-000140,sell,74054.35,1776254785524,0,0,0,,,,0,cancelled
2026-04-15 12:00,ord-000141,buy,74054.71,1776254791424,0,0,0,,,,0,cancelled
2026-04-15 12:00,ord-000142,sell,74058.72,1776254791424,0,0,0,1776254793766,0,0,0.00007000,cancelled
2026-04-15 12:00,ord-000143,buy,74066.59,1776254796424,0,0,0,,,,0,cancelled
2026-04-15 12:00,ord-000144,sell,74070.60,1776254796424,0,0,0,,,,0,cancelled
2026-04-15 12:00,ord-000145,buy,74066.60,1776254805424,0,0,0,,,,0,cancelled
2026-04-15 12:00,ord-000146,sell,74070.61,1776254805424,0,0,0,,,,0,cancelled
2026-04-15 12:00,ord-000147,buy,74085.99,1776254810424,0,0,0,,,,0,cancelled
2026-04-15 12:00,ord-000148,sell,74090.00,1776254810424,0.00120000,0.00120000,0,,,,0,cancelled
2026-04-15 12:00,ord-000149,buy,74092.25,1776254815426,0,0,0,,,,0,cancelled
2026-04-15 12:00,ord-000150,sell,74096.26,1776254815426,0,0,0,,,,0,cancelled
2026-04-15 12:00,ord-000151,buy,74092.98,1776254821924,0.00022000,0,0,,,,0,cancelled
2026-04-15 12:00,ord-000152,sell,74096.99,1776254821924,0,0,0,,,,0,cancelled
2026-04-15 12:00,ord-000153,buy,74103.46,1776254826924,0,0,0,,,,0,cancelled
2026-04-15 12:00,ord-000154,sell,74107.47,1776254826924,0,0,0,,,,0,cancelled
2026-04-15 12:00,ord-000155,buy,74111.39,1776254831924,0,0,0,,,,0,cancelled
2026-04-15 12:00,ord-000156,sell,74115.40,1776254831924,0,0,0,,,,0,cancelled
2026-04-15 12:00,ord-000157,buy,74127.65,1776254845924,0,0,0,,,,0,cancelled
2026-04-15 12:00,ord-000158,sell,74131.66,1776254845924,0,0,0,,,,0,cancelled
2026-04-15 12:00,ord-000159,buy,74142.35,1776254850924,0,0,0,,,,0,cancelled
2026-04-15 12:00,ord-000160,sell,74146.36,1776254850924,0,0,0,,,,0,cancelled
2026-04-15 12:00,ord-000161,buy,74131.97,1776254855924,0,0,0,,,,0,cancelled
2026-04-15 12:00,ord-000162,sell,74135.98,1776254855924,0,0,0,,,,0,cancelled
2026-04-15 12:00,ord-000163,buy,74138.80,1776254860924,0,0,0,,,,0,cancelled
2026-04-15 12:00,ord-000164,sell,74142.81,1776254860924,0,0,0,,,,0,cancelled
2026-04-15 12:00,ord-000165,buy,74142.29,1776254865924,0,0,0,,,,0,cancelled
2026-04-15 12:00,ord-000166,sell,74146.30,1776254865924,0,0,0,,,,0,cancelled
2026-04-15 12:00,ord-000167,buy,74152.47,1776254870924,0,0,0,,,,0,cancelled
2026-04-15 12:00,ord-000168,sell,74156.48,1776254870924,0,0,0,,,,0,cancelled
2026-04-15 12:00,ord-000169,buy,74152.46,1776254875924,0,0,0,,,,0,cancelled
2026-04-15 12:00,ord-000170,sell,74156.47,1776254875924,0,0,0,,,,0,cancelled
2026-04-15 12:00,ord-000171,buy,74152.47,1776254880924,0,0,0,,,,0,cancelled
2026-04-15 12:00,ord-000172,sell,74156.48,1776254880924,0,0,0,,,,0,cancelled
2026-04-15 12:00,ord-000173,buy,74156.75,1776254885924,0,0,0,,,,0,cancelled
2026-04-15 12:00,ord-000174,sell,74160.76,1776254885924,0,0,0,,,,0,cancelled
2026-04-15 12:00,ord-000175,buy,74167.99,1776254890924,0,0,0,,,,0,cancelled
2026-04-15 12:00,ord-000176,sell,74172.00,1776254890924,0.00120000,0,0,,,,0,cancelled
2026-04-15 12:00,ord-000177,buy,74166.12,1776254902024,0,0,0,,,,0,cancelled
2026-04-15 12:00,ord-000178,sell,74170.13,1776254902024,0,0,0,,,,0,cancelled
2026-04-15 12:00,ord-000179,buy,74145.79,1776254907024,0,0,0,,,,0,cancelled
2026-04-15 12:00,ord-000180,sell,74149.80,1776254907024,0,0,0,,,,0,cancelled
2026-04-15 12:00,ord-000181,buy,74145.77,1776254912024,0,0,0,,,,0,cancelled
2026-04-15 12:00,ord-000182,sell,74149.78,1776254912024,0,0,0,,,,0,cancelled
2026-04-15 12:00,ord-000183,buy,74166.12,1776254917024,0,0,0,,,,0,cancelled
2026-04-15 12:00,ord-000184,sell,74170.13,1776254917024,0,0,0,,,,0,cancelled
2026-04-15 12:00,ord-000185,buy,74161.27,1776254922024,0,0,0,,,,0,cancelled
2026-04-15 12:00,ord-000186,sell,74165.28,1776254922024,0,0,0,,,,0,cancelled
2026-04-15 12:00,ord-000187,buy,74166.12,1776254927024,0,0,0,,,,0,cancelled
2026-04-15 12:00,ord-000188,sell,74170.13,1776254927024,0,0,0,,,,0,cancelled
2026-04-15 12:00,ord-000189,buy,74161.27,1776254934924,0,0,0,,,,0,cancelled
2026-04-15 12:00,ord-000190,sell,74165.28,1776254934924,0,0,0,,,,0,cancelled
2026-04-15 12:00,ord-000191,buy,74153.09,1776254939925,0,0,0,,,,0,cancelled
2026-04-15 12:00,ord-000192,sell,74157.10,1776254939925,0,0,0,,,,0,cancelled
2026-04-15 12:00,ord-000193,buy,74132.00,1776254945024,0.00127000,0.00127000,0,1776254948990,0.00127000,0.00000000,0.00058000,cancelled
2026-04-15 12:00,ord-000194,sell,74136.01,1776254945024,0,0,0,,,,0,cancelled
2026-04-15 12:00,ord-000195,buy,74126.00,1776254950024,0.00120000,0,0,,,,0,cancelled
2026-04-15 12:00,ord-000196,sell,74130.01,1776254950024,0,0,0,,,,0,cancelled
2026-04-15 12:00,ord-000197,buy,74129.76,1776254960824,0,0,0,,,,0,cancelled
2026-04-15 12:00,ord-000198,sell,74133.77,1776254960824,0,0,0,,,,0,cancelled
2026-04-15 12:00,ord-000199,buy,74135.72,1776254965825,0,0,0,,,,0,cancelled
2026-04-15 12:00,ord-000200,sell,74139.73,1776254965825,0,0,0,,,,0,cancelled
2026-04-15 12:00,ord-000201,buy,74142.64,1776254970924,0,0,0,,,,0,cancelled
2026-04-15 12:00,ord-000202,sell,74146.65,1776254970924,0,0,0,,,,0,cancelled
2026-04-15 12:00,ord-000203,buy,74141.88,1776254979424,0,0,0,,,,0,cancelled
2026-04-15 12:00,ord-000204,sell,74145.89,1776254979424,0,0,0,,,,0,cancelled
2026-04-15 12:00,ord-000205,buy,74132.21,1776254988724,0,0,0,,,,0,cancelled
2026-04-15 12:00,ord-000206,sell,74136.22,1776254988724,0,0,0,,,,0,cancelled
2026-04-15 12:00,ord-000207,buy,74126.06,1776254993724,0,0,0,,,,0,cancelled
2026-04-15 12:00,ord-000208,sell,74130.07,1776254993724,0,0,0,,,,0,cancelled
2026-04-15 12:00,ord-000209,buy,74132.21,1776254998724,0,0,0,,,,0,cancelled
2026-04-15 12:00,ord-000210,sell,74136.22,1776254998724,0,0,0,,,,0,cancelled
2026-04-15 12:00,ord-000211,buy,74152.47,1776255003724,0,0,0,,,,0,cancelled
2026-04-15 12:00,ord-000212,sell,74156.48,1776255003724,0,0,0,,,,0,cancelled
2026-04-15 12:00,ord-000213,buy,74166.12,1776255008724,0,0,0,,,,0,cancelled
2026-04-15 12:00,ord-000214,sell,74170.13,1776255008724,0,0,0,,,,0,cancelled
2026-04-15 12:00,ord-000215,buy,74167.99,1776255016824,0,0,0,,,,0,cancelled
2026-04-15 12:00,ord-000216,sell,74172.00,1776255016824,0.00120000,0,0,,,,0,cancelled
2026-04-15 12:00,ord-000217,buy,74169.40,1776255022524,0,0,0,,,,0,cancelled
2026-04-15 12:00,ord-000218,sell,74173.41,1776255022524,0.00471000,0.00471000,0,1776255024525,0.00471000,0.00000000,0.00035000,cancelled
2026-04-15 12:00,ord-000219,buy,74173.01,1776255027524,0,0,0,,,,0,cancelled
2026-04-15 12:00,ord-000220,sell,74177.02,1776255027524,0,0,0,,,,0,cancelled
2026-04-15 12:00,ord-000221,buy,74187.22,1776255032524,0,0,0,,,,0,cancelled
2026-04-15 12:00,ord-000222,sell,74191.23,1776255032524,0,0,0,,,,0,cancelled
2026-04-15 12:00,ord-000223,buy,74187.20,1776255037524,0,0,0,,,,0,cancelled
2026-04-15 12:00,ord-000224,sell,74191.21,1776255037524,0,0,0,,,,0,cancelled
2026-04-15 12:00,ord-000225,buy,74197.99,1776255042524,0,0,0,,,,0,cancelled
2026-04-15 12:00,ord-000226,sell,74202.00,1776255042524,0.00120000,0,0,,,,0,cancelled
2026-04-15 12:00,ord-000227,buy,74196.62,1776255047524,0,0,0,,,,0,cancelled
2026-04-15 12:00,ord-000228,sell,74200.63,1776255047524,0,0,0,,,,0,cancelled
2026-04-15 12:00,ord-000229,buy,74200.78,1776255052524,0,0,0,,,,0,cancelled
2026-04-15 12:00,ord-000230,sell,74204.79,1776255052524,0,0,0,,,,0,cancelled
2026-04-15 12:00,ord-000231,buy,74203.99,1776255057524,0,0,0,,,,0,cancelled
2026-04-15 12:00,ord-000232,sell,74208.00,1776255057524,0.00120000,0,0,,,,0,cancelled
2026-04-15 12:00,ord-000233,buy,74196.56,1776255080834,0,0,0,,,,0,cancelled
2026-04-15 12:00,ord-000234,sell,74200.57,1776255080834,0,0,0,,,,0,cancelled
2026-04-15 12:00,ord-000235,buy,74182.58,1776255085924,0,0,0,,,,0,cancelled
2026-04-15 12:00,ord-000236,sell,74186.59,1776255085924,0,0,0,,,,0,cancelled
2026-04-15 12:00,ord-000237,buy,74175.64,1776255090924,0,0,0,,,,0,cancelled
2026-04-15 12:00,ord-000238,sell,74179.65,1776255090924,0,0,0,,,,0,cancelled
2026-04-15 12:00,ord-000239,buy,74175.19,1776255095924,0,0,0,,,,0,cancelled
2026-04-15 12:00,ord-000240,sell,74179.20,1776255095924,0.04016000,0,0,,,,0,cancelled
2026-04-15 12:00,ord-000241,buy,74172.01,1776255109024,0,0,0,,,,0,cancelled
2026-04-15 12:00,ord-000242,sell,74176.02,1776255109024,0,0,0,,,,0,cancelled
2026-04-15 12:00,ord-000243,buy,74169.45,1776255114024,0,0,0,,,,0,cancelled
2026-04-15 12:00,ord-000244,sell,74173.46,1776255114024,0,0,0,,,,0,cancelled
2026-04-15 12:00,ord-000245,buy,74168.12,1776255123124,0,0,0,,,,0,cancelled
2026-04-15 12:00,ord-000246,sell,74172.13,1776255123124,0,0,0,,,,0,cancelled
2026-04-15 12:00,ord-000247,buy,74166.01,1776255128124,0,0,0,,,,0,cancelled
2026-04-15 12:00,ord-000248,sell,74170.02,1776255128124,0,0,0,,,,0,cancelled
2026-04-15 12:00,ord-000249,buy,74183.06,1776255133124,0,0,0,,,,0,cancelled
2026-04-15 12:00,ord-000250,sell,74187.07,1776255133124,0,0,0,,,,0,cancelled
2026-04-15 12:00,ord-000251,buy,74176.35,1776255141524,0,0,0,,,,0,cancelled
2026-04-15 12:00,ord-000252,sell,74180.36,1776255141524,0,0,0,,,,0,cancelled
2026-04-15 12:00,ord-000253,buy,74171.58,1776255146524,0,0,0,,,,0,cancelled
2026-04-15 12:00,ord-000254,sell,74175.59,1776255146524,0,0,0,,,,0,cancelled
2026-04-15 12:00,ord-000255,buy,74165.64,1776255153224,0,0,0,,,,0,cancelled
2026-04-15 12:00,ord-000256,sell,74169.65,1776255153224,0,0,0,,,,0,cancelled
2026-04-15 12:00,ord-000257,buy,74164.57,1776255158224,0,0,0,,,,0,cancelled
2026-04-15 12:00,ord-000258,sell,74168.58,1776255158224,0.00008000,0,0,,,,0,cancelled
2026-04-15 12:00,ord-000259,buy,74164.80,1776255172024,0,0,0,,,,0,cancelled
2026-04-15 12:00,ord-000260,sell,74168.81,1776255172024,0,0,0,,,,0,cancelled
2026-04-15 12:00,ord-000261,buy,74167.44,1776255183024,0,0,0,,,,0,cancelled
2026-04-15 12:00,ord-000262,sell,74171.45,1776255183024,0,0,0,,,,0,cancelled
2026-04-15 12:00,ord-000263,buy,74183.06,1776255188024,0,0,0,,,,0,cancelled
2026-04-15 12:00,ord-000264,sell,74187.07,1776255188024,0,0,0,,,,0,cancelled
2026-04-15 12:00,ord-000265,buy,74191.45,1776255193024,0,0,0,,,,0,cancelled
2026-04-15 12:00,ord-000266,sell,74195.46,1776255193024,0,0,0,,,,0,cancelled
2026-04-15 12:00,ord-000267,buy,74221.17,1776255198024,0,0,0,,,,0,cancelled
2026-04-15 12:00,ord-000268,sell,74225.18,1776255198024,0,0,0,,,,0,cancelled
2026-04-15 12:00,ord-000269,buy,74219.80,1776255203024,0,0,0,,,,0,cancelled
2026-04-15 12:00,ord-000270,sell,74223.81,1776255203024,0,0,0,,,,0,cancelled
2026-04-15 12:00,ord-000271,buy,74228.40,1776255208024,0,0,0,,,,0,cancelled
2026-04-15 12:00,ord-000272,sell,74232.41,1776255208024,0,0,0,,,,0,cancelled
2026-04-15 12:00,ord-000273,buy,74237.08,1776255213024,0,0,0,,,,0,cancelled
2026-04-15 12:00,ord-000274,sell,74241.09,1776255213024,0,0,0,,,,0,cancelled
2026-04-15 12:00,ord-000275,buy,74228.40,1776255218024,0,0,0,,,,0,cancelled
2026-04-15 12:00,ord-000276,sell,74232.41,1776255218024,0,0,0,,,,0,cancelled
2026-04-15 12:00,ord-000277,buy,74222.62,1776255223024,0,0,0,,,,0,cancelled
2026-04-15 12:00,ord-000278,sell,74226.63,1776255223024,0,0,0,,,,0,cancelled
2026-04-15 12:00,ord-000279,buy,74218.28,1776255228024,0,0,0,,,,0,cancelled
2026-04-15 12:00,ord-000280,sell,74222.29,1776255228024,0,0,0,,,,0,cancelled
2026-04-15 12:00,ord-000281,buy,74214.00,1776255233024,0.00120000,0.00120000,0,,,,0,cancelled
2026-04-15 12:00,ord-000282,sell,74218.01,1776255233024,0,0,0,,,,0,cancelled
2026-04-15 12:00,ord-000283,buy,74210.88,1776255245824,0,0,0,,,,0,cancelled
2026-04-15 12:00,ord-000284,sell,74214.89,1776255245824,0,0,0,,,,0,cancelled
2026-04-15 12:00,ord-000285,buy,74194.24,1776255250824,0,0,0,,,,0,cancelled
2026-04-15 12:00,ord-000286,sell,74198.25,1776255250824,0,0,0,,,,0,cancelled
2026-04-15 12:00,ord-000287,buy,74190.99,1776255257124,0,0,0,,,,0,cancelled
2026-04-15 12:00,ord-000288,sell,74195.00,1776255257124,0,0,0,,,,0,cancelled
2026-04-15 12:00,ord-000289,buy,74187.48,1776255264426,0,0,0,,,,0,cancelled
2026-04-15 12:00,ord-000290,sell,74191.49,1776255264426,0,0,0,,,,0,cancelled
2026-04-15 12:00,ord-000291,buy,74180.58,1776255269524,0,0,0,,,,0,cancelled
2026-04-15 12:00,ord-000292,sell,74184.59,1776255269524,0,0,0,,,,0,cancelled
2026-04-15 12:00,ord-000293,buy,74185.77,1776255280724,0,0,0,,,,0,cancelled
2026-04-15 12:00,ord-000294,sell,74189.78,1776255280724,0,0,0,,,,0,cancelled
2026-04-15 12:00,ord-000295,buy,74199.75,1776255285724,0,0,0,,,,0,cancelled
2026-04-15 12:00,ord-000296,sell,74203.76,1776255285724,0,0,0,,,,0,cancelled
2026-04-15 12:00,ord-000297,buy,74205.03,1776255300124,0,0,0,,,,0,cancelled
2026-04-15 12:00,ord-000298,sell,74209.04,1776255300124,0,0,0,,,,0,cancelled
2026-04-15 12:00,ord-000299,buy,74176.35,1776255305124,0,0,0,,,,0,cancelled
2026-04-15 12:00,ord-000300,sell,74180.36,1776255305124,0,0,0,,,,0,cancelled
2026-04-15 12:00,ord-000301,buy,74167.29,1776255310124,0,0,0,,,,0,cancelled
2026-04-15 12:00,ord-000302,sell,74171.30,1776255310124,0,0,0,,,,0,cancelled
2026-04-15 12:00,ord-000303,buy,74166.13,1776255315124,0,0,0,,,,0,cancelled
2026-04-15 12:00,ord-000304,sell,74170.14,1776255315124,0,0,0,,,,0,cancelled
2026-04-15 12:00,ord-000305,buy,74153.68,1776255320724,0,0,0,,,,0,cancelled
2026-04-15 12:00,ord-000306,sell,74157.69,1776255320724,0,0,0,,,,0,cancelled
2026-04-15 12:00,ord-000307,buy,74153.67,1776255325724,0,0,0,,,,0,cancelled
2026-04-15 12:00,ord-000308,sell,74157.68,1776255325724,0,0,0,,,,0,cancelled
2026-04-15 12:00,ord-000309,buy,74152.47,1776255332124,0,0,0,,,,0,cancelled
2026-04-15 12:00,ord-000310,sell,74156.48,1776255332124,0,0,0,,,,0,cancelled
2026-04-15 12:00,ord-000311,buy,74148.00,1776255338424,0.00120000,0.00120000,0,,,,0,cancelled
2026-04-15 12:00,ord-000312,sell,74152.01,1776255338424,0,0,0,,,,0,cancelled
2026-04-15 12:00,ord-000313,buy,74142.63,1776255346324,0,0,0,,,,0,cancelled
2026-04-15 12:00,ord-000314,sell,74146.64,1776255346324,0,0,0,,,,0,cancelled
2026-04-15 12:00,ord-000315,buy,74126.06,1776255351324,0,0,0,,,,0,cancelled
2026-04-15 12:00,ord-000316,sell,74130.07,1776255351324,0,0,0,,,,0,cancelled
2026-04-15 12:00,ord-000317,buy,74117.00,1776255356324,0,0,0,,,,0,cancelled
2026-04-15 12:00,ord-000318,sell,74121.01,1776255356324,0,0,0,,,,0,cancelled
2026-04-15 12:00,ord-000319,buy,74131.99,1776255361324,0,0,0,,,,0,cancelled
2026-04-15 12:00,ord-000320,sell,74136.00,1776255361324,0.00120000,0.00120000,0,,,,0,cancelled
2026-04-15 12:00,ord-000321,buy,74135.39,1776255366924,0,0,0,,,,0,cancelled
2026-04-15 12:00,ord-000322,sell,74139.40,1776255366924,0.00008000,0,0,,,,0,cancelled
2026-04-15 12:00,ord-000323,buy,74152.47,1776255371924,0,0,0,,,,0,cancelled
2026-04-15 12:00,ord-000324,sell,74156.48,1776255371924,0,0,0,,,,0,cancelled
2026-04-15 12:00,ord-000325,buy,74161.86,1776255376924,0,0,0,,,,0,cancelled
2026-04-15 12:00,ord-000326,sell,74165.87,1776255376924,0,0,0,,,,0,cancelled
2026-04-15 12:00,ord-000327,buy,74170.41,1776255381924,0,0,0,,,,0,cancelled
2026-04-15 12:00,ord-000328,sell,74174.42,1776255381924,0,0,0,,,,0,cancelled
2026-04-15 12:00,ord-000329,buy,74178.16,1776255386924,0,0,0,,,,0,cancelled
2026-04-15 12:00,ord-000330,sell,74182.17,1776255386924,0,0,0,,,,0,cancelled
2026-04-15 12:00,ord-000331,buy,74173.22,1776255398324,0,0,0,,,,0,cancelled
2026-04-15 12:00,ord-000332,sell,74177.23,1776255398324,0,0,0,,,,0,cancelled
2026-04-15 12:00,ord-000333,buy,74168.71,1776255403324,0,0,0,,,,0,cancelled
2026-04-15 12:00,ord-000334,sell,74172.72,1776255403324,0,0,0,,,,0,cancelled
2026-04-15 12:00,ord-000335,buy,74183.52,1776255408324,0,0,0,,,,0,cancelled
2026-04-15 12:00,ord-000336,sell,74187.53,1776255408324,0,0,0,,,,0,cancelled
2026-04-15 12:00,ord-000337,buy,74198.01,1776255413324,0,0,0,,,,0,cancelled
2026-04-15 12:00,ord-000338,sell,74202.02,1776255413324,0,0,0,,,,0,cancelled
2026-04-15 12:00,ord-000339,buy,74199.99,1776255418324,0,0,0,,,,0,cancelled
2026-04-15 12:00,ord-000340,sell,74204.00,1776255418324,0.00120000,0.00120000,0,,,,0,cancelled
2026-04-15 12:00,ord-000341,buy,74207.81,1776255423324,0,0,0,,,,0,cancelled
2026-04-15 12:00,ord-000342,sell,74211.82,1776255423324,0,0,0,,,,0,cancelled
2026-04-15 12:00,ord-000343,buy,74207.87,1776255437024,0.22114000,0,0,,,,0,cancelled
2026-04-15 12:00,ord-000344,sell,74211.88,1776255437024,0,0,0,,,,0,cancelled
2026-04-15 12:00,ord-000345,buy,74226.58,1776255442024,0,0,0,,,,0,cancelled
2026-04-15 12:00,ord-000346,sell,74230.59,1776255442024,0,0,0,,,,0,cancelled
2026-04-15 12:00,ord-000347,buy,74225.48,1776255451824,0,0,0,,,,0,cancelled
2026-04-15 12:00,ord-000348,sell,74229.49,1776255451824,0,0,0,,,,0,cancelled
2026-04-15 12:00,ord-000349,buy,74221.73,1776255456824,0,0,0,,,,0,cancelled
2026-04-15 12:00,ord-000350,sell,74225.74,1776255456824,0,0,0,,,,0,cancelled
2026-04-15 12:00,ord-000351,buy,74191.85,1776255461824,0,0,0,,,,0,cancelled
2026-04-15 12:00,ord-000352,sell,74195.86,1776255461824,0,0,0,,,,0,cancelled
2026-04-15 12:00,ord-000353,buy,74195.68,1776255472724,0,0,0,,,,0,cancelled
2026-04-15 12:00,ord-000354,sell,74199.69,1776255472724,0,0,0,,,,0,cancelled
2026-04-15 12:00,ord-000355,buy,74201.59,1776255477724,0,0,0,,,,0,cancelled
2026-04-15 12:00,ord-000356,sell,74205.60,1776255477724,0,0,0,,,,0,cancelled
2026-04-15 12:00,ord-000357,buy,74211.27,1776255482724,0,0,0,,,,0,cancelled
2026-04-15 12:00,ord-000358,sell,74215.28,1776255482724,0,0,0,,,,0,cancelled
2026-04-15 12:00,ord-000359,buy,74209.17,1776255491724,0,0,0,,,,0,cancelled
2026-04-15 12:00,ord-000360,sell,74213.18,1776255491724,0,0,0,,,,0,cancelled
2026-04-15 12:00,ord-000361,buy,74194.16,1776255496724,0,0,0,,,,0,cancelled
2026-04-15 12:00,ord-000362,sell,74198.17,1776255496724,0,0,0,,,,0,cancelled
2026-04-15 12:00,ord-000363,buy,74191.86,1776255501726,0,0,0,,,,0,cancelled
2026-04-15 12:00,ord-000364,sell,74195.87,1776255501726,0,0,0,,,,0,cancelled
2026-04-15 12:00,ord-000365,buy,74191.27,1776255508124,0,0,0,,,,0,cancelled
2026-04-15 12:00,ord-000366,sell,74195.28,1776255508124,0,0,0,,,,0,cancelled
2026-04-15 12:00,ord-000367,buy,74190.59,1776255513124,0,0,0,,,,0,cancelled
2026-04-15 12:00,ord-000368,sell,74194.60,1776255513124,0,0,0,,,,0,cancelled
2026-04-15 12:00,ord-000369,buy,74190.46,1776255518124,0,0,0,,,,0,cancelled
2026-04-15 12:00,ord-000370,sell,74194.47,1776255518124,0,0,0,,,,0,cancelled
2026-04-15 12:00,ord-000371,buy,74180.00,1776255523124,0.00120000,0,0,,,,0,cancelled
2026-04-15 12:00,ord-000372,sell,74184.01,1776255523124,0,0,0,,,,0,cancelled
2026-04-15 12:00,ord-000373,buy,74187.86,1776255528124,0,0,0,,,,0,cancelled
2026-04-15 12:00,ord-000374,sell,74191.87,1776255528124,0,0,0,,,,0,cancelled
2026-04-15 12:00,ord-000375,buy,74182.18,1776255535924,0,0,0,,,,0,cancelled
2026-04-15 12:00,ord-000376,sell,74186.19,1776255535924,0,0,0,,,,0,cancelled
2026-04-15 12:00,ord-000377,buy,74175.34,1776255540924,0,0,0,,,,0,cancelled
2026-04-15 12:00,ord-000378,sell,74179.35,1776255540924,0,0,0,,,,0,cancelled
2026-04-15 12:00,ord-000379,buy,74186.79,1776255545924,0.00007000,0,0,,,,0,cancelled
2026-04-15 12:00,ord-000380,sell,74190.80,1776255545924,0,0,0,,,,0,cancelled
2026-04-15 12:00,ord-000381,buy,74187.86,1776255564624,0,0,0,,,,0,cancelled
2026-04-15 12:00,ord-000382,sell,74191.87,1776255564624,0,0,0,,,,0,cancelled
2026-04-15 12:00,ord-000383,buy,74197.99,1776255569624,0,0,0,,,,0,cancelled
2026-04-15 12:00,ord-000384,sell,74202.00,1776255569624,0.00120000,0.00120000,0,,,,0,cancelled
2026-04-15 12:00,ord-000385,buy,74200.29,1776255577224,0,0,0,,,,0,cancelled
2026-04-15 12:00,ord-000386,sell,74204.30,1776255577224,0,0,0,,,,0,cancelled
2026-04-15 12:00,ord-000387,buy,74203.99,1776255582224,0.00007000,0,0,,,,0,cancelled
2026-04-15 12:00,ord-000388,sell,74208.00,1776255582224,0.00120000,0,0,,,,0,cancelled
2026-04-15 12:00,ord-000389,buy,74198.65,1776255601624,0,0,0,,,,0,cancelled
2026-04-15 12:00,ord-000390,sell,74202.66,1776255601624,0,0,0,,,,0,cancelled
2026-04-15 12:00,ord-000391,buy,74203.81,1776255632824,0,0,0,,,,0,cancelled
2026-04-15 12:00,ord-000392,sell,74207.82,1776255632824,0,0,0,,,,0,cancelled
2026-04-15 12:00,ord-000393,buy,74211.27,1776255637824,0,0,0,,,,0,cancelled
2026-04-15 12:00,ord-000394,sell,74215.28,1776255637824,0,0,0,,,,0,cancelled
2026-04-15 12:00,ord-000395,buy,74217.42,1776255642824,0,0,0,,,,0,cancelled
2026-04-15 12:00,ord-000396,sell,74221.43,1776255642824,0,0,0,,,,0,cancelled
2026-04-15 12:00,ord-000397,buy,74217.99,1776255648424,0,0,0,,,,0,cancelled
2026-04-15 12:00,ord-000398,sell,74222.00,1776255648424,0.00120000,0.00120000,0,,,,0,cancelled
2026-04-15 12:00,ord-000399,buy,74230.86,1776255653424,0,0,0,,,,0,cancelled
2026-04-15 12:00,ord-000400,sell,74234.87,1776255653424,0,0,0,,,,0,cancelled
2026-04-15 12:00,ord-000401,buy,74226.60,1776255658424,0,0,0,,,,0,cancelled
2026-04-15 12:00,ord-000402,sell,74230.61,1776255658424,0,0,0,,,,0,cancelled
2026-04-15 12:00,ord-000403,buy,74225.25,1776255663424,0,0,0,,,,0,cancelled
2026-04-15 12:00,ord-000404,sell,74229.26,1776255663424,0,0,0,,,,0,cancelled
2026-04-15 12:00,ord-000405,buy,74225.06,1776255675524,0,0,0,,,,0,cancelled
2026-04-15 12:00,ord-000406,sell,74229.07,1776255675524,0,0,0,,,,0,cancelled
2026-04-15 12:00,ord-000407,buy,74215.18,1776255680524,0,0,0,,,,0,cancelled
2026-04-15 12:00,ord-000408,sell,74219.19,1776255680524,0,0,0,,,,0,cancelled
2026-04-15 12:00,ord-000409,buy,74215.15,1776255685524,0,0,0,,,,0,cancelled
2026-04-15 12:00,ord-000410,sell,74219.16,1776255685524,0,0,0,,,,0,cancelled
2026-04-15 12:00,ord-000411,buy,74211.84,1776255690524,0,0,0,,,,0,cancelled
2026-04-15 12:00,ord-000412,sell,74215.85,1776255690524,0.00016000,0,0,,,,0,cancelled
2026-04-15 12:00,ord-000413,buy,74210.19,1776255695524,0,0,0,,,,0,cancelled
2026-04-15 12:00,ord-000414,sell,74214.20,1776255695524,0,0,0,,,,0,cancelled
2026-04-15 12:00,ord-000415,buy,74215.10,1776255700524,0,0,0,,,,0,cancelled
2026-04-15 12:00,ord-000416,sell,74219.11,1776255700524,0,0,0,,,,0,cancelled
2026-04-15 12:00,ord-000417,buy,74221.24,1776255705824,0,0,0,,,,0,cancelled
2026-04-15 12:00,ord-000418,sell,74225.25,1776255705824,0,0,0,,,,0,cancelled
2026-04-15 12:00,ord-000419,buy,74224.84,1776255711924,0,0,0,,,,0,cancelled
2026-04-15 12:00,ord-000420,sell,74228.85,1776255711924,0,0,0,,,,0,cancelled
2026-04-15 12:00,ord-000421,buy,74225.99,1776255716924,1.33190000,0,0,,,,0,cancelled
2026-04-15 12:00,ord-000422,sell,74230.00,1776255716924,0.00120000,0.00120000,0,,,,0,cancelled
2026-04-15 12:00,ord-000423,buy,74238.67,1776255721924,0,0,0,,,,0,cancelled
2026-04-15 12:00,ord-000424,sell,74242.68,1776255721924,0,0,0,,,,0,cancelled
2026-04-15 12:00,ord-000425,buy,74241.96,1776255726924,0,0,0,,,,0,cancelled
2026-04-15 12:00,ord-000426,sell,74245.97,1776255726924,0,0,0,,,,0,cancelled
2026-04-15 12:00,ord-000427,buy,74247.99,1776255755324,0,0,0,,,,0,cancelled
2026-04-15 12:00,ord-000428,sell,74252.00,1776255755324,0.00120000,0.00120000,0,,,,0,cancelled
2026-04-15 12:00,ord-000429,buy,74234.57,1776255760324,0,0,0,,,,0,cancelled
2026-04-15 12:00,ord-000430,sell,74238.58,1776255760324,0,0,0,,,,0,cancelled
2026-04-15 12:00,ord-000431,buy,74232.84,1776255765824,0,0,0,,,,0,cancelled
2026-04-15 12:00,ord-000432,sell,74236.85,1776255765824,0,0,0,,,,0,cancelled
2026-04-15 12:00,ord-000433,buy,74232.83,1776255771624,0,0,0,,,,0,cancelled
2026-04-15 12:00,ord-000434,sell,74236.84,1776255771624,0,0,0,,,,0,cancelled
2026-04-15 12:00,ord-000435,buy,74226.57,1776255776624,0,0,0,,,,0,cancelled
2026-04-15 12:00,ord-000436,sell,74230.58,1776255776624,0,0,0,,,,0,cancelled
2026-04-15 12:00,ord-000437,buy,74231.65,1776255782924,0,0,0,,,,0,cancelled
2026-04-15 12:00,ord-000438,sell,74235.66,1776255782924,0,0,0,,,,0,cancelled
2026-04-15 12:00,ord-000439,buy,74234.57,1776255787924,0,0,0,,,,0,cancelled
2026-04-15 12:00,ord-000440,sell,74238.58,1776255787924,0,0,0,,,,0,cancelled
2026-04-15 12:00,ord-000441,buy,74238.67,1776255797524,0,0,0,,,,0,cancelled
2026-04-15 12:00,ord-000442,sell,74242.68,1776255797524,0,0,0,,,,0,cancelled
2026-04-15 12:00,ord-000443,buy,74234.57,1776255812824,0,0,0,,,,0,cancelled
2026-04-15 12:00,ord-000444,sell,74238.58,1776255812824,0,0,0,,,,0,cancelled
2026-04-15 12:00,ord-000445,buy,74228.07,1776255821524,0,0,0,,,,0,cancelled
2026-04-15 12:00,ord-000446,sell,74232.08,1776255821524,0,0,0,,,,0,cancelled
2026-04-15 12:00,ord-000447,buy,74226.63,1776255826524,0,0,0,,,,0,cancelled
2026-04-15 12:00,ord-000448,sell,74230.64,1776255826524,0,0,0,,,,0,cancelled
2026-04-15 12:00,ord-000449,buy,74235.99,1776255831524,0,0,0,,,,0,cancelled
2026-04-15 12:00,ord-000450,sell,74240.00,1776255831524,0.00120000,0,0,,,,0,cancelled
2026-04-15 12:00,ord-000451,buy,74235.95,1776255840624,0,0,0,,,,0,cancelled
2026-04-15 12:00,ord-000452,sell,74239.96,1776255840624,0,0,0,,,,0,cancelled
2026-04-15 12:00,ord-000453,buy,74233.98,1776255845624,0,0,0,,,,0,cancelled
2026-04-15 12:00,ord-000454,sell,74237.99,1776255845624,0.00023000,0.00023000,0,1776255848207,0.00023000,0.00000000,0.00008000,cancelled
2026-04-15 12:00,ord-000455,buy,74235.99,1776255850624,0,0,0,,,,0,cancelled
2026-04-15 12:00,ord-000456,sell,74240.00,1776255850624,0.00120000,0,0,,,,0,cancelled
2026-04-15 12:00,ord-000457,buy,74234.10,1776255857224,0,0,0,,,,0,cancelled
2026-04-15 12:00,ord-000458,sell,74238.11,1776255857224,0,0,0,,,,0,cancelled
2026-04-15 12:00,ord-000459,buy,74231.00,1776255862224,0,0,0,,,,0,cancelled
2026-04-15 12:00,ord-000460,sell,74235.01,1776255862224,0,0,0,,,,0,cancelled
2026-04-15 12:00,ord-000461,buy,74238.67,1776255872124,0,0,0,,,,0,cancelled
2026-04-15 12:00,ord-000462,sell,74242.68,1776255872124,0,0,0,,,,0,cancelled
2026-04-15 12:00,ord-000463,buy,74250.23,1776255877324,0,0,0,,,,0,cancelled
2026-04-15 12:00,ord-000464,sell,74254.24,1776255877324,0,0,0,,,,0,cancelled
2026-04-15 12:00,ord-000465,buy,74221.99,1776255882324,0,0,0,,,,0,cancelled
2026-04-15 12:00,ord-000466,sell,74226.00,1776255882324,0,0,0,,,,0,cancelled
2026-04-15 12:00,ord-000467,buy,74215.01,1776255887324,0,0,0,,,,0,cancelled
2026-04-15 12:00,ord-000468,sell,74219.02,1776255887324,0,0,0,,,,0,cancelled
2026-04-15 12:00,ord-000469,buy,74219.99,1776255896124,0,0,0,,,,0,cancelled
2026-04-15 12:00,ord-000470,sell,74224.00,1776255896124,0.00837000,0.00837000,0,1776255896165,0.00837000,0.00000000,0.001,filled
2026-04-15 12:00,ord-000471,buy,74227.67,1776255896224,0,0,0,,,,0,cancelled
2026-04-15 12:00,ord-000472,sell,74231.68,1776255896224,0,0,0,,,,0,cancelled
2026-04-15 12:00,ord-000473,buy,74221.46,1776255901224,0,0,0,,,,0,cancelled
2026-04-15 12:00,ord-000474,sell,74225.47,1776255901224,0,0,0,,,,0,cancelled
2026-04-15 12:00,ord-000475,buy,74227.66,1776255907829,0,0,0,,,,0,cancelled
2026-04-15 12:00,ord-000476,sell,74231.67,1776255907829,0,0,0,,,,0,cancelled
2026-04-15 12:00,ord-000477,buy,74234.98,1776255912924,0,0,0,,,,0,cancelled
2026-04-15 12:00,ord-000478,sell,74238.99,1776255912924,0,0,0,,,,0,cancelled
2026-04-15 12:00,ord-000479,buy,74235.94,1776255918824,0,0,0,,,,0,cancelled
2026-04-15 12:00,ord-000480,sell,74239.95,1776255918824,0,0,0,,,,0,cancelled
2026-04-15 12:00,ord-000481,buy,74238.67,1776255924224,0,0,0,,,,0,cancelled
2026-04-15 12:00,ord-000482,sell,74242.68,1776255924224,0,0,0,,,,0,cancelled
2026-04-15 12:00,ord-000483,buy,74247.55,1776255929224,0,0,0,,,,0,cancelled
2026-04-15 12:00,ord-000484,sell,74251.56,1776255929224,0,0,0,,,,0,cancelled
2026-04-15 12:00,ord-000485,buy,74243.98,1776255937424,0,0,0,,,,0,cancelled
2026-04-15 12:00,ord-000486,sell,74247.99,1776255937424,0,0,0,,,,0,cancelled
2026-04-15 12:00,ord-000487,buy,74238.67,1776255942424,0,0,0,,,,0,cancelled
2026-04-15 12:00,ord-000488,sell,74242.68,1776255942424,0,0,0,,,,0,cancelled
2026-04-15 12:00,ord-000489,buy,74228.00,1776255947424,0.05148000,0.00120000,0,,,,0,cancelled
2026-04-15 12:00,ord-000490,sell,74232.01,1776255947424,0,0,0,,,,0,cancelled
2026-04-15 12:00,ord-000491,buy,74223.89,1776255960124,0,0,0,,,,0,cancelled
2026-04-15 12:00,ord-000492,sell,74227.90,1776255960124,0,0,0,,,,0,cancelled
2026-04-15 12:00,ord-000493,buy,74220.86,1776255972424,0,0,0,,,,0,cancelled
2026-04-15 12:00,ord-000494,sell,74224.87,1776255972424,0,0,0,,,,0,cancelled
2026-04-15 12:00,ord-000495,buy,74215.01,1776255977624,0,0,0,,,,0,cancelled
2026-04-15 12:00,ord-000496,sell,74219.02,1776255977624,0,0,0,,,,0,cancelled
2026-04-15 12:00,ord-000497,buy,74204.54,1776255996524,0,0,0,,,,0,cancelled
2026-04-15 12:00,ord-000498,sell,74208.55,1776255996524,0,0,0,,,,0,cancelled
2026-04-15 12:00,ord-000499,buy,74201.51,1776256001524,0,0,0,,,,0,cancelled
2026-04-15 12:00,ord-000500,sell,74205.52,1776256001524,0,0,0,,,,0,cancelled
2026-04-15 12:00,ord-000501,buy,74198.00,1776256007924,0.00120000,0.00120000,0,,,,0,cancelled
2026-04-15 12:00,ord-000502,sell,74202.01,1776256007924,0,0,0,,,,0,cancelled
2026-04-15 12:00,ord-000503,buy,74182.77,1776256012924,0,0,0,,,,0,cancelled
2026-04-15 12:00,ord-000504,sell,74186.78,1776256012924,0.00007000,0,0,,,,0,cancelled
2026-04-15 12:00,ord-000505,buy,74175.19,1776256017924,0,0,0,,,,0,cancelled
2026-04-15 12:00,ord-000506,sell,74179.20,1776256017924,0,0,0,,,,0,cancelled
2026-04-15 12:00,ord-000507,buy,74183.41,1776256040026,0,0,0,,,,0,cancelled
2026-04-15 12:00,ord-000508,sell,74187.42,1776256040026,0,0,0,,,,0,cancelled
2026-04-15 12:00,ord-000509,buy,74196.39,1776256045124,0,0,0,,,,0,cancelled
2026-04-15 12:00,ord-000510,sell,74200.40,1776256045124,0.00008000,0.00008000,0,,,,0,cancelled
2026-04-15 12:00,ord-000511,buy,74201.52,1776256055724,0,0,0,,,,0,cancelled
2026-04-15 12:00,ord-000512,sell,74205.53,1776256055724,0.00010000,0.00010000,0,,,,0,cancelled
2026-04-15 12:00,ord-000513,buy,74191.42,1776256060724,0,0,0,,,,0,cancelled
2026-04-15 12:00,ord-000514,sell,74195.43,1776256060724,0,0,0,,,,0,cancelled
2026-04-15 12:00,ord-000515,buy,74182.85,1776256065724,0,0,0,,,,0,cancelled
2026-04-15 12:00,ord-000516,sell,74186.86,1776256065724,0,0,0,,,,0,cancelled
2026-04-15 12:00,ord-000517,buy,74175.09,1776256070724,0,0,0,,,,0,cancelled
2026-04-15 12:00,ord-000518,sell,74179.10,1776256070724,0,0,0,,,,0,cancelled
2026-04-15 12:00,ord-000519,buy,74169.93,1776256142224,0,0,0,,,,0,cancelled
2026-04-15 12:00,ord-000520,sell,74173.94,1776256142224,0,0,0,,,,0,cancelled
2026-04-15 12:00,ord-000521,buy,74161.05,1776256147224,0,0,0,,,,0,cancelled
2026-04-15 12:00,ord-000522,sell,74165.06,1776256147224,0,0,0,,,,0,cancelled
2026-04-15 12:00,ord-000523,buy,74166.01,1776256152624,0,0,0,,,,0,cancelled
2026-04-15 12:00,ord-000524,sell,74170.02,1776256152624,0,0,0,,,,0,cancelled
2026-04-15 12:00,ord-000525,buy,74167.72,1776256163124,0,0,0,,,,0,cancelled
2026-04-15 12:00,ord-000526,sell,74171.73,1776256163124,0,0,0,,,,0,cancelled
2026-04-15 12:00,ord-000527,buy,74174.48,1776256177024,0,0,0,,,,0,cancelled
2026-04-15 12:00,ord-000528,sell,74178.49,1776256177024,0,0,0,,,,0,cancelled
2026-04-15 12:00,ord-000529,buy,74175.09,1776256182024,0,0,0,,,,0,cancelled
2026-04-15 12:00,ord-000530,sell,74179.10,1776256182024,0,0,0,,,,0,cancelled
2026-04-15 12:00,ord-000531,buy,74185.99,1776256202626,0,0,0,,,,0,cancelled
2026-04-15 12:00,ord-000532,sell,74190.00,1776256202626,0.00120000,0.00120000,0,1776256203095,0.00000000,0.00000000,0.001,filled
2026-04-15 12:00,ord-000533,buy,74190.79,1776256203124,0,0,0,,,,0,cancelled
2026-04-15 12:00,ord-000534,sell,74194.80,1776256203124,0,0,0,,,,0,cancelled
2026-04-15 12:00,ord-000535,buy,74194.59,1776256208124,0,0,0,,,,0,cancelled
2026-04-15 12:00,ord-000536,sell,74198.60,1776256208124,0,0,0,,,,0,cancelled
2026-04-15 12:00,ord-000537,buy,74193.99,1776256221924,0,0,0,,,,0,cancelled
2026-04-15 12:00,ord-000538,sell,74198.00,1776256221924,0.00120000,0,0,,,,0,cancelled
2026-04-15 12:00,ord-000539,buy,74185.11,1776256226924,0,0,0,,,,0,cancelled
2026-04-15 12:00,ord-000540,sell,74189.12,1776256226924,0,0,0,,,,0,cancelled
2026-04-15 12:00,ord-000541,buy,74194.59,1776256231924,0.04125000,0,0,,,,0,cancelled
2026-04-15 12:00,ord-000542,sell,74198.60,1776256231924,0,0,0,,,,0,cancelled
2026-04-15 12:00,ord-000543,buy,74198.38,1776256238124,0,0,0,,,,0,cancelled
2026-04-15 12:00,ord-000544,sell,74202.39,1776256238124,0,0,0,,,,0,cancelled
2026-04-15 12:00,ord-000545,buy,74210.75,1776256243124,0,0,0,,,,0,cancelled
2026-04-15 12:00,ord-000546,sell,74214.76,1776256243124,0,0,0,,,,0,cancelled
2026-04-15 12:00,ord-000547,buy,74204.53,1776256261124,0,0,0,,,,0,cancelled
2026-04-15 12:00,ord-000548,sell,74208.54,1776256261124,0,0,0,,,,0,cancelled
2026-04-15 12:00,ord-000549,buy,74202.32,1776256266124,0,0,0,,,,0,cancelled
2026-04-15 12:00,ord-000550,sell,74206.33,1776256266124,0,0,0,,,,0,cancelled
2026-04-15 12:00,ord-000551,buy,74202.31,1776256279524,0,0,0,,,,0,cancelled
2026-04-15 12:00,ord-000552,sell,74206.32,1776256279524,0,0,0,,,,0,cancelled
2026-04-15 12:00,ord-000553,buy,74185.11,1776256284524,0,0,0,,,,0,cancelled
2026-04-15 12:00,ord-000554,sell,74189.12,1776256284524,0,0,0,,,,0,cancelled
2026-04-15 12:00,ord-000555,buy,74182.68,1776256289524,0,0,0,,,,0,cancelled
2026-04-15 12:00,ord-000556,sell,74186.69,1776256289524,0,0,0,,,,0,cancelled
2026-04-15 12:00,ord-000557,buy,74183.93,1776256302324,0,0,0,,,,0,cancelled
2026-04-15 12:00,ord-000558,sell,74187.94,1776256302324,0,0,0,,,,0,cancelled
2026-04-15 12:00,ord-000559,buy,74185.11,1776256307624,0,0,0,,,,0,cancelled
2026-04-15 12:00,ord-000560,sell,74189.12,1776256307624,0,0,0,,,,0,cancelled
2026-04-15 12:00,ord-000561,buy,74183.93,1776256312624,0.00901000,0,0,,,,0,cancelled
2026-04-15 12:00,ord-000562,sell,74187.94,1776256312624,0,0,0,,,,0,cancelled
2026-04-15 12:00,ord-000563,buy,74183.92,1776256333224,0.00041000,0,0,,,,0,cancelled
2026-04-15 12:00,ord-000564,sell,74187.93,1776256333224,0,0,0,,,,0,cancelled
2026-04-15 12:00,ord-000565,buy,74192.97,1776256352024,0,0,0,,,,0,cancelled
2026-04-15 12:00,ord-000566,sell,74196.98,1776256352024,0,0,0,,,,0,cancelled
2026-04-15 12:00,ord-000567,buy,74193.70,1776256357024,0,0,0,,,,0,cancelled
2026-04-15 12:00,ord-000568,sell,74197.71,1776256357024,0.00232000,0.00232000,0,,,,0,cancelled
2026-04-15 12:00,ord-000569,buy,74196.99,1776256362824,0,0,0,,,,0,cancelled
2026-04-15 12:00,ord-000570,sell,74201.00,1776256362824,0,0,0,,,,0,cancelled
2026-04-15 12:00,ord-000571,buy,74209.81,1776256367824,0,0,0,,,,0,cancelled
2026-04-15 12:00,ord-000572,sell,74213.82,1776256367824,0,0,0,,,,0,cancelled
2026-04-15 12:00,ord-000573,buy,74210.75,1776256372825,0,0,0,,,,0,cancelled
2026-04-15 12:00,ord-000574,sell,74214.76,1776256372825,0,0,0,,,,0,cancelled
2026-04-15 12:00,ord-000575,buy,74217.31,1776256377924,0.00007000,0,0,,,,0,cancelled
2026-04-15 12:00,ord-000576,sell,74221.32,1776256377924,0,0,0,,,,0,cancelled
2026-04-15 12:00,ord-000577,buy,74217.30,1776256383924,0,0,0,,,,0,cancelled
2026-04-15 12:00,ord-000578,sell,74221.31,1776256383924,0,0,0,,,,0,cancelled
2026-04-15 12:00,ord-000579,buy,74212.49,1776256388924,0,0,0,,,,0,cancelled
2026-04-15 12:00,ord-000580,sell,74216.50,1776256388924,0,0,0,,,,0,cancelled
2026-04-15 12:00,ord-000581,buy,74211.80,1776256394524,0,0,0,,,,0,cancelled
2026-04-15 12:00,ord-000582,sell,74215.81,1776256394524,0,0,0,,,,0,cancelled
2026-04-15 12:00,ord-000583,buy,74217.31,1776256406524,0,0,0,,,,0,cancelled
2026-04-15 12:00,ord-000584,sell,74221.32,1776256406524,0,0,0,,,,0,cancelled
2026-04-15 12:00,ord-000585,buy,74226.38,1776256411524,0,0,0,,,,0,cancelled
2026-04-15 12:00,ord-000586,sell,74230.39,1776256411524,0,0,0,,,,0,cancelled
2026-04-15 12:00,ord-000587,buy,74235.09,1776256416524,0,0,0,,,,0,cancelled
2026-04-15 12:00,ord-000588,sell,74239.10,1776256416524,0,0,0,,,,0,cancelled
2026-04-15 12:00,ord-000589,buy,74222.37,1776256421524,0,0,0,,,,0,cancelled
2026-04-15 12:00,ord-000590,sell,74226.38,1776256421524,0,0,0,,,,0,cancelled
2026-04-15 12:00,ord-000591,buy,74227.99,1776256426524,0,0,0,,,,0,cancelled
2026-04-15 12:00,ord-000592,sell,74232.00,1776256426524,0.00120000,0,0,,,,0,cancelled
2026-04-15 12:00,ord-000593,buy,74229.13,1776256437524,0,0,0,,,,0,cancelled
2026-04-15 12:00,ord-000594,sell,74233.14,1776256437524,0,0,0,,,,0,cancelled
2026-04-15 12:00,ord-000595,buy,74222.00,1776256442524,0.00120000,0,0,,,,0,cancelled
2026-04-15 12:00,ord-000596,sell,74226.01,1776256442524,0,0,0,,,,0,cancelled
2026-04-15 12:00,ord-000597,buy,74226.28,1776256447524,0,0,0,,,,0,cancelled
2026-04-15 12:00,ord-000598,sell,74230.29,1776256447524,0,0,0,,,,0,cancelled
2026-04-15 12:00,ord-000599,buy,74222.05,1776256461524,0,0,0,,,,0,cancelled
2026-04-15 12:00,ord-000600,sell,74226.06,1776256461524,0,0,0,,,,0,cancelled
2026-04-15 12:00,ord-000601,buy,74229.28,1776256466524,0,0,0,,,,0,cancelled
2026-04-15 12:00,ord-000602,sell,74233.29,1776256466524,0,0,0,,,,0,cancelled
2026-04-15 12:00,ord-000603,buy,74229.20,1776256489624,0,0,0,,,,0,cancelled
2026-04-15 12:00,ord-000604,sell,74233.21,1776256489624,0,0,0,,,,0,cancelled
2026-04-15 12:00,ord-000605,buy,74226.28,1776256500824,0,0,0,,,,0,cancelled
2026-04-15 12:00,ord-000606,sell,74230.29,1776256500824,0,0,0,,,,0,cancelled
2026-04-15 12:00,ord-000607,buy,74222.01,1776256505824,0,0,0,,,,0,cancelled
2026-04-15 12:00,ord-000608,sell,74226.02,1776256505824,0,0,0,,,,0,cancelled
2026-04-15 12:00,ord-000609,buy,74220.45,1776256510824,0,0,0,,,,0,cancelled
2026-04-15 12:00,ord-000610,sell,74224.46,1776256510824,0,0,0,,,,0,cancelled
2026-04-15 12:00,ord-000611,buy,74226.28,1776256516924,0,0,0,,,,0,cancelled
2026-04-15 12:00,ord-000612,sell,74230.29,1776256516924,0,0,0,,,,0,cancelled
2026-04-15 12:00,ord-000613,buy,74229.28,1776256521924,0,0,0,,,,0,cancelled
2026-04-15 12:00,ord-000614,sell,74233.29,1776256521924,0,0,0,,,,0,cancelled
2026-04-15 12:00,ord-000615,buy,74239.34,1776256527824,0,0,0,,,,0,cancelled
2026-04-15 12:00,ord-000616,sell,74243.35,1776256527824,0,0,0,,,,0,cancelled
2026-04-15 12:00,ord-000617,buy,74255.29,1776256532824,0,0,0,,,,0,cancelled
2026-04-15 12:00,ord-000618,sell,74259.30,1776256532824,0.05834000,0,0,,,,0,cancelled
2026-04-15 12:00,ord-000619,buy,74255.28,1776256540824,0,0,0,,,,0,cancelled
2026-04-15 12:00,ord-000620,sell,74259.29,1776256540824,0,0,0,,,,0,cancelled
2026-04-15 12:00,ord-000621,buy,74248.24,1776256555125,0,0,0,,,,0,cancelled
2026-04-15 12:00,ord-000622,sell,74252.25,1776256555125,0,0,0,,,,0,cancelled
2026-04-15 12:00,ord-000623,buy,74253.00,1776256561524,0,0,0,,,,0,cancelled
2026-04-15 12:00,ord-000624,sell,74257.01,1776256561524,0,0,0,,,,0,cancelled
2026-04-15 12:00,ord-000625,buy,74255.30,1776256566524,0,0,0,,,,0,cancelled
2026-04-15 12:00,ord-000626,sell,74259.31,1776256566524,0,0,0,,,,0,cancelled
2026-04-15 12:00,ord-000627,buy,74281.37,1776256571524,0,0,0,,,,0,cancelled
2026-04-15 12:00,ord-000628,sell,74285.38,1776256571524,0,0,0,,,,0,cancelled
2026-04-15 12:00,ord-000629,buy,74285.39,1776256579924,0,0,0,,,,0,cancelled
2026-04-15 12:00,ord-000630,sell,74289.40,1776256579924,0,0,0,,,,0,cancelled
2026-04-15 12:00,ord-000631,buy,74292.07,1776256584924,0,0,0,,,,0,cancelled
2026-04-15 12:00,ord-000632,sell,74296.08,1776256584924,0,0,0,,,,0,cancelled
2026-04-15 12:00,ord-000633,buy,74283.99,1776256589924,0,0,0,,,,0,cancelled
2026-04-15 12:00,ord-000634,sell,74288.00,1776256589924,0.00040000,0.00040000,0,,,,0,cancelled
2026-04-15 12:00,ord-000635,buy,74309.60,1776256594924,0,0,0,,,,0,cancelled
2026-04-15 12:00,ord-000636,sell,74313.61,1776256594924,0,0,0,,,,0,cancelled
2026-04-15 12:00,ord-000637,buy,74305.67,1776256611624,0,0,0,,,,0,cancelled
2026-04-15 12:00,ord-000638,sell,74309.68,1776256611624,0,0,0,,,,0,cancelled
2026-04-15 12:00,ord-000639,buy,74299.99,1776256616624,0,0,0,,,,0,cancelled
2026-04-15 12:00,ord-000640,sell,74304.00,1776256616624,0,0,0,,,,0,cancelled
2026-04-15 12:00,ord-000641,buy,74301.55,1776256622027,0,0,0,,,,0,cancelled
2026-04-15 12:00,ord-000642,sell,74305.56,1776256622027,0,0,0,,,,0,cancelled
2026-04-15 12:00,ord-000643,buy,74305.25,1776256627124,0,0,0,,,,0,cancelled
2026-04-15 12:00,ord-000644,sell,74309.26,1776256627124,0,0,0,,,,0,cancelled
2026-04-15 12:00,ord-000645,buy,74323.23,1776256632124,0,0,0,,,,0,cancelled
2026-04-15 12:00,ord-000646,sell,74327.24,1776256632124,0,0,0,,,,0,cancelled
2026-04-15 12:00,ord-000647,buy,74344.81,1776256637124,0,0,0,,,,0,cancelled
2026-04-15 12:00,ord-000648,sell,74348.82,1776256637124,0,0,0,,,,0,cancelled
2026-04-15 12:00,ord-000649,buy,74323.16,1776256642125,0,0,0,,,,0,cancelled
2026-04-15 12:00,ord-000650,sell,74327.17,1776256642125,0,0,0,,,,0,cancelled
2026-04-15 12:00,ord-000651,buy,74348.00,1776256647224,0,0,0,,,,0,cancelled
2026-04-15 12:00,ord-000652,sell,74352.01,1776256647224,0,0,0,,,,0,cancelled
2026-04-15 12:00,ord-000653,buy,74357.16,1776256652224,0,0,0,,,,0,cancelled
2026-04-15 12:00,ord-000654,sell,74361.17,1776256652224,0,0,0,,,,0,cancelled
2026-04-15 12:00,ord-000655,buy,74348.61,1776256657224,0,0,0,,,,0,cancelled
2026-04-15 12:00,ord-000656,sell,74352.62,1776256657224,0,0,0,,,,0,cancelled
2026-04-15 12:00,ord-000657,buy,74353.89,1776256665624,0,0,0,,,,0,cancelled
2026-04-15 12:00,ord-000658,sell,74357.90,1776256665624,0,0,0,,,,0,cancelled
2026-04-15 12:00,ord-000659,buy,74349.26,1776256670624,0,0,0,,,,0,cancelled
2026-04-15 12:00,ord-000660,sell,74353.27,1776256670624,0,0,0,,,,0,cancelled
2026-04-15 12:00,ord-000661,buy,74353.81,1776256675624,0,0,0,,,,0,cancelled
2026-04-15 12:00,ord-000662,sell,74357.82,1776256675624,0,0,0,,,,0,cancelled
2026-04-15 12:00,ord-000663,buy,74350.60,1776256680624,0,0,0,,,,0,cancelled
2026-04-15 12:00,ord-000664,sell,74354.61,1776256680624,0,0,0,,,,0,cancelled
2026-04-15 12:00,ord-000665,buy,74369.03,1776256685624,0,0,0,,,,0,cancelled
2026-04-15 12:00,ord-000666,sell,74373.04,1776256685624,0,0,0,,,,0,cancelled
2026-04-15 12:00,ord-000667,buy,74376.30,1776256690624,0,0,0,,,,0,cancelled
2026-04-15 12:00,ord-000668,sell,74380.31,1776256690624,0.00796000,0.00796000,0,,,,0,cancelled
2026-04-15 12:00,ord-000669,buy,74380.45,1776256695624,0,0,0,,,,0,cancelled
2026-04-15 12:00,ord-000670,sell,74384.46,1776256695624,0,0,0,,,,0,cancelled
2026-04-15 12:00,ord-000671,buy,74391.75,1776256700624,0,0,0,,,,0,cancelled
2026-04-15 12:00,ord-000672,sell,74395.76,1776256700624,0,0,0,,,,0,cancelled
2026-04-15 12:00,ord-000673,buy,74386.60,1776256705624,0,0,0,,,,0,cancelled
2026-04-15 12:00,ord-000674,sell,74390.61,1776256705624,0,0,0,,,,0,cancelled
2026-04-15 12:00,ord-000675,buy,74384.31,1776256710624,0,0,0,,,,0,cancelled
2026-04-15 12:00,ord-000676,sell,74388.32,1776256710624,0,0,0,,,,0,cancelled
2026-04-15 12:00,ord-000677,buy,74382.60,1776256715624,0,0,0,,,,0,cancelled
2026-04-15 12:00,ord-000678,sell,74386.61,1776256715624,0,0,0,,,,0,cancelled
2026-04-15 12:00,ord-000679,buy,74389.99,1776256720624,0,0,0,,,,0,cancelled
2026-04-15 12:00,ord-000680,sell,74394.00,1776256720624,0.00120000,0,0,,,,0,cancelled
2026-04-15 12:00,ord-000681,buy,74391.75,1776256725624,0,0,0,,,,0,cancelled
2026-04-15 12:00,ord-000682,sell,74395.76,1776256725624,0,0,0,,,,0,cancelled
2026-04-15 12:00,ord-000683,buy,74386.18,1776256730624,0,0,0,,,,0,cancelled
2026-04-15 12:00,ord-000684,sell,74390.19,1776256730624,0,0,0,,,,0,cancelled
2026-04-15 12:00,ord-000685,buy,74382.61,1776256735624,0,0,0,,,,0,cancelled
2026-04-15 12:00,ord-000686,sell,74386.62,1776256735624,0,0,0,,,,0,cancelled
2026-04-15 12:00,ord-000687,buy,74378.63,1776256740624,0,0,0,,,,0,cancelled
2026-04-15 12:00,ord-000688,sell,74382.64,1776256740624,0,0,0,,,,0,cancelled
2026-04-15 12:00,ord-000689,buy,74388.86,1776256745824,0,0,0,,,,0,cancelled
2026-04-15 12:00,ord-000690,sell,74392.87,1776256745824,0,0,0,,,,0,cancelled
2026-04-15 12:00,ord-000691,buy,74387.78,1776256751324,0,0,0,,,,0,cancelled
2026-04-15 12:00,ord-000692,sell,74391.79,1776256751324,0,0,0,,,,0,cancelled
2026-04-15 12:00,ord-000693,buy,74387.03,1776256756324,0,0,0,,,,0,cancelled
2026-04-15 12:00,ord-000694,sell,74391.04,1776256756324,0,0,0,,,,0,cancelled
2026-04-15 12:00,ord-000695,buy,74387.55,1776256761324,0,0,0,,,,0,cancelled
2026-04-15 12:00,ord-000696,sell,74391.56,1776256761324,0,0,0,,,,0,cancelled
2026-04-15 12:00,ord-000697,buy,74391.75,1776256766324,0,0,0,,,,0,cancelled
2026-04-15 12:00,ord-000698,sell,74395.76,1776256766324,0,0,0,,,,0,cancelled
2026-04-15 12:00,ord-000699,buy,74404.72,1776256771324,0,0,0,,,,0,cancelled
2026-04-15 12:00,ord-000700,sell,74408.73,1776256771324,0,0,0,,,,0,cancelled
2026-04-15 12:00,ord-000701,buy,74401.99,1776256776324,0,0,0,,,,0,cancelled
2026-04-15 12:00,ord-000702,sell,74406.00,1776256776324,0.00120000,0.00120000,0,,,,0,cancelled
2026-04-15 12:00,ord-000703,buy,74412.17,1776256790624,0,0,0,,,,0,cancelled
2026-04-15 12:00,ord-000704,sell,74416.18,1776256790624,0,0,0,,,,0,cancelled
2026-04-15 12:00,ord-000705,buy,74422.33,1776256795624,0,0,0,,,,0,cancelled
2026-04-15 12:00,ord-000706,sell,74426.34,1776256795624,0,0,0,,,,0,cancelled
2026-04-15 12:00,ord-000707,buy,74450.75,1776256800624,0,0,0,,,,0,cancelled
2026-04-15 12:00,ord-000708,sell,74454.76,1776256800624,0,0,0,,,,0,cancelled
2026-04-15 12:00,ord-000709,buy,74431.30,1776256805624,0,0,0,,,,0,cancelled
2026-04-15 12:00,ord-000710,sell,74435.31,1776256805624,0,0,0,,,,0,cancelled
2026-04-15 12:00,ord-000711,buy,74422.42,1776256810624,0,0,0,,,,0,cancelled
2026-04-15 12:00,ord-000712,sell,74426.43,1776256810624,0,0,0,,,,0,cancelled
2026-04-15 12:00,ord-000713,buy,74396.48,1776256815624,0,0,0,,,,0,cancelled
2026-04-15 12:00,ord-000714,sell,74400.49,1776256815624,0,0,0,,,,0,cancelled
2026-04-15 12:00,ord-000715,buy,74390.51,1776256820624,0,0,0,,,,0,cancelled
2026-04-15 12:00,ord-000716,sell,74394.52,1776256820624,0,0,0,,,,0,cancelled
2026-04-15 12:00,ord-000717,buy,74372.72,1776256826236,0,0,0,,,,0,cancelled
2026-04-15 12:00,ord-000718,sell,74376.73,1776256826236,0,0,0,,,,0,cancelled
2026-04-15 12:00,ord-000719,buy,74353.45,1776256831324,0,0,0,,,,0,cancelled
2026-04-15 12:00,ord-000720,sell,74357.46,1776256831324,0,0,0,,,,0,cancelled
2026-04-15 12:00,ord-000721,buy,74351.56,1776256836324,0,0,0,,,,0,cancelled
2026-04-15 12:00,ord-000722,sell,74355.57,1776256836324,0,0,0,,,,0,cancelled
2026-04-15 12:00,ord-000723,buy,74354.27,1776256841324,0,0,0,,,,0,cancelled
2026-04-15 12:00,ord-000724,sell,74358.28,1776256841324,0,0,0,,,,0,cancelled
2026-04-15 12:00,ord-000725,buy,74355.99,1776256848124,0,0,0,,,,0,cancelled
2026-04-15 12:00,ord-000726,sell,74360.00,1776256848124,0.00080000,0,0,,,,0,cancelled
2026-04-15 12:00,ord-000727,buy,74353.47,1776256853124,0,0,0,,,,0,cancelled
2026-04-15 12:00,ord-000728,sell,74357.48,1776256853124,0,0,0,,,,0,cancelled
2026-04-15 12:00,ord-000729,buy,74362.78,1776256858124,0,0,0,,,,0,cancelled
2026-04-15 12:00,ord-000730,sell,74366.79,1776256858124,0,0,0,,,,0,cancelled
2026-04-15 12:00,ord-000731,buy,74360.00,1776256864624,0.00080000,0.00080000,0,,,,0,cancelled
2026-04-15 12:00,ord-000732,sell,74364.01,1776256864624,0,0,0,,,,0,cancelled
2026-04-15 12:00,ord-000733,buy,74353.47,1776256869624,0,0,0,,,,0,cancelled
2026-04-15 12:00,ord-000734,sell,74357.48,1776256869624,0,0,0,,,,0,cancelled
2026-04-15 12:00,ord-000735,buy,74336.45,1776256874624,0,0,0,,,,0,cancelled
2026-04-15 12:00,ord-000736,sell,74340.46,1776256874624,0,0,0,,,,0,cancelled
2026-04-15 12:00,ord-000737,buy,74327.25,1776256879624,0,0,0,,,,0,cancelled
2026-04-15 12:00,ord-000738,sell,74331.26,1776256879624,0,0,0,,,,0,cancelled
2026-04-15 12:00,ord-000739,buy,74318.90,1776256884624,0,0,0,,,,0,cancelled
2026-04-15 12:00,ord-000740,sell,74322.91,1776256884624,0,0,0,,,,0,cancelled
2026-04-15 12:00,ord-000741,buy,74317.42,1776256895524,0,0,0,,,,0,cancelled
2026-04-15 12:00,ord-000742,sell,74321.43,1776256895524,0,0,0,,,,0,cancelled
2026-04-15 12:00,ord-000743,buy,74316.09,1776256905124,0,0,0,,,,0,cancelled
2026-04-15 12:00,ord-000744,sell,74320.10,1776256905124,0,0,0,,,,0,cancelled
2026-04-15 12:00,ord-000745,buy,74327.84,1776256913226,0,0,0,,,,0,cancelled
2026-04-15 12:00,ord-000746,sell,74331.85,1776256913226,0,0,0,,,,0,cancelled
2026-04-15 12:00,ord-000747,buy,74342.00,1776256918324,0.00088000,0.00088000,0,1776256920391,0.00088000,0.00000000,0.001,filled
2026-04-15 12:00,ord-000748,sell,74346.01,1776256918324,0,0,0,,,,0,cancelled
2026-04-15 12:00,ord-000749,buy,74339.09,1776256920424,0,0,0,,,,0,cancelled
2026-04-15 12:00,ord-000750,sell,74343.10,1776256920424,0,0,0,,,,0,cancelled
2026-04-15 12:00,ord-000751,buy,74324.37,1776256925424,0,0,0,,,,0,cancelled
2026-04-15 12:00,ord-000752,sell,74328.38,1776256925424,0,0,0,,,,0,cancelled
2026-04-15 12:00,ord-000753,buy,74319.50,1776256948824,0,0,0,,,,0,cancelled
2026-04-15 12:00,ord-000754,sell,74323.51,1776256948824,0,0,0,,,,0,cancelled
2026-04-15 12:00,ord-000755,buy,74324.37,1776256953824,0,0,0,,,,0,cancelled
2026-04-15 12:00,ord-000756,sell,74328.38,1776256953824,0,0,0,,,,0,cancelled
2026-04-15 12:00,ord-000757,buy,74320.83,1776256958824,0,0,0,,,,0,cancelled
2026-04-15 12:00,ord-000758,sell,74324.84,1776256958824,0,0,0,,,,0,cancelled
2026-04-15 12:00,ord-000759,buy,74316.09,1776256963824,0,0,0,,,,0,cancelled
2026-04-15 12:00,ord-000760,sell,74320.10,1776256963824,0,0,0,,,,0,cancelled
2026-04-15 12:00,ord-000761,buy,74307.70,1776256968824,0,0,0,,,,0,cancelled
2026-04-15 12:00,ord-000762,sell,74311.71,1776256968824,0,0,0,,,,0,cancelled
2026-04-15 12:00,ord-000763,buy,74306.14,1776256980725,0,0,0,,,,0,cancelled
2026-04-15 12:00,ord-000764,sell,74310.15,1776256980725,0,0,0,,,,0,cancelled
2026-04-15 12:00,ord-000765,buy,74318.88,1776256985824,0,0,0,,,,0,cancelled
2026-04-15 12:00,ord-000766,sell,74322.89,1776256985824,0,0,0,,,,0,cancelled
2026-04-15 12:00,ord-000767,buy,74320.82,1776256996224,0,0,0,,,,0,cancelled
2026-04-15 12:00,ord-000768,sell,74324.83,1776256996224,0,0,0,,,,0,cancelled
2026-04-15 12:00,ord-000769,buy,74321.32,1776257031724,0,0,0,,,,0,cancelled
2026-04-15 12:00,ord-000770,sell,74325.33,1776257031724,0,0,0,,,,0,cancelled
2026-04-15 12:00,ord-000771,buy,74335.66,1776257036725,0,0,0,,,,0,cancelled
2026-04-15 12:00,ord-000772,sell,74339.67,1776257036725,0,0,0,,,,0,cancelled
2026-04-15 12:00,ord-000773,buy,74334.50,1776257070324,0,0,0,,,,0,cancelled
2026-04-15 12:00,ord-000774,sell,74338.51,1776257070324,0,0,0,,,,0,cancelled
2026-04-15 12:00,ord-000775,buy,74321.00,1776257075324,0,0,0,,,,0,cancelled
2026-04-15 12:00,ord-000776,sell,74325.01,1776257075324,0,0,0,,,,0,cancelled
2026-04-15 12:00,ord-000777,buy,74322.43,1776257082424,0,0,0,,,,0,cancelled
2026-04-15 12:00,ord-000778,sell,74326.44,1776257082424,0,0,0,,,,0,cancelled
2026-04-15 12:00,ord-000779,buy,74324.33,1776257087424,0,0,0,,,,0,cancelled
2026-04-15 12:00,ord-000780,sell,74328.34,1776257087424,0,0,0,,,,0,cancelled
2026-04-15 12:00,ord-000781,buy,74331.95,1776257092424,0,0,0,,,,0,cancelled
2026-04-15 12:00,ord-000782,sell,74335.96,1776257092424,0,0,0,,,,0,cancelled
2026-04-15 12:00,ord-000783,buy,74335.40,1776257123726,0,0,0,,,,0,cancelled
2026-04-15 12:00,ord-000784,sell,74339.41,1776257123726,0,0,0,,,,0,cancelled
2026-04-15 12:00,ord-000785,buy,74331.95,1776257128824,0,0,0,,,,0,cancelled
2026-04-15 12:00,ord-000786,sell,74335.96,1776257128824,0,0,0,,,,0,cancelled
2026-04-15 12:00,ord-000787,buy,74331.47,1776257141424,0,0,0,,,,0,cancelled
2026-04-15 12:00,ord-000788,sell,74335.48,1776257141424,0,0,0,,,,0,cancelled
2026-04-15 12:00,ord-000789,buy,74329.83,1776257149624,0,0,0,,,,0,cancelled
2026-04-15 12:00,ord-000790,sell,74333.84,1776257149624,0,0,0,,,,0,cancelled
2026-04-15 12:00,ord-000791,buy,74323.38,1776257154624,0,0,0,,,,0,cancelled
2026-04-15 12:00,ord-000792,sell,74327.39,1776257154624,0,0,0,,,,0,cancelled
2026-04-15 12:00,ord-000793,buy,74329.98,1776257159624,0,0,0,,,,0,cancelled
2026-04-15 12:00,ord-000794,sell,74333.99,1776257159624,0,0,0,,,,0,cancelled
2026-04-15 12:00,ord-000795,buy,74327.89,1776257170924,0,0,0,,,,0,cancelled
2026-04-15 12:00,ord-000796,sell,74331.90,1776257170924,0,0,0,,,,0,cancelled
2026-04-15 12:00,ord-000797,buy,74322.29,1776257175924,0,0,0,,,,0,cancelled
2026-04-15 12:00,ord-000798,sell,74326.30,1776257175924,0,0,0,,,,0,cancelled
2026-04-15 12:00,ord-000799,buy,74326.15,1776257188724,0,0,0,,,,0,cancelled
2026-04-15 12:00,ord-000800,sell,74330.16,1776257188724,0,0,0,,,,0,cancelled
2026-04-15 12:00,ord-000801,buy,74329.73,1776257193724,0,0,0,,,,0,cancelled
2026-04-15 12:00,ord-000802,sell,74333.74,1776257193724,0,0,0,,,,0,cancelled
2026-04-15 12:00,ord-000803,buy,74347.99,1776257198724,0,0,0,,,,0,cancelled
2026-04-15 12:00,ord-000804,sell,74352.00,1776257198724,0.00120000,0,0,,,,0,cancelled
2026-04-15 12:00,ord-000805,buy,74347.90,1776257205124,0,0,0,,,,0,cancelled
2026-04-15 12:00,ord-000806,sell,74351.91,1776257205124,0,0,0,,,,0,cancelled
2026-04-15 12:00,ord-000807,buy,74343.51,1776257210124,0,0,0,,,,0,cancelled
2026-04-15 12:00,ord-000808,sell,74347.52,1776257210124,0,0,0,,,,0,cancelled
2026-04-15 12:00,ord-000809,buy,74345.64,1776257215124,0,0,0,,,,0,cancelled
2026-04-15 12:00,ord-000810,sell,74349.65,1776257215124,0,0,0,,,,0,cancelled
2026-04-15 12:00,ord-000811,buy,74351.07,1776257220124,0,0,0,,,,0,cancelled
2026-04-15 12:00,ord-000812,sell,74355.08,1776257220124,0,0,0,,,,0,cancelled
2026-04-15 12:00,ord-000813,buy,74351.04,1776257225124,0,0,0,,,,0,cancelled
2026-04-15 12:00,ord-000814,sell,74355.05,1776257225124,0,0,0,,,,0,cancelled
2026-04-15 12:00,ord-000815,buy,74349.74,1776257231524,0,0,0,,,,0,cancelled
2026-04-15 12:00,ord-000816,sell,74353.75,1776257231524,0,0,0,,,,0,cancelled
2026-04-15 12:00,ord-000817,buy,74351.07,1776257236524,0,0,0,,,,0,cancelled
2026-04-15 12:00,ord-000818,sell,74355.08,1776257236524,0,0,0,,,,0,cancelled
2026-04-15 12:00,ord-000819,buy,74348.30,1776257255524,0,0,0,,,,0,cancelled
2026-04-15 12:00,ord-000820,sell,74352.31,1776257255524,0,0,0,,,,0,cancelled
2026-04-15 12:00,ord-000821,buy,74338.00,1776257260524,0.00120000,0.00120000,0,,,,0,cancelled
2026-04-15 12:00,ord-000822,sell,74342.01,1776257260524,0.00007000,0,0,,,,0,cancelled
2026-04-15 12:00,ord-000823,buy,74335.62,1776257274424,0,0,0,,,,0,cancelled
2026-04-15 12:00,ord-000824,sell,74339.63,1776257274424,0,0,0,,,,0,cancelled
2026-04-15 12:00,ord-000825,buy,74335.82,1776257279424,0,0,0,,,,0,cancelled
2026-04-15 12:00,ord-000826,sell,74339.83,1776257279424,0,0,0,,,,0,cancelled
2026-04-15 12:00,ord-000827,buy,74331.41,1776257287324,0,0,0,,,,0,cancelled
2026-04-15 12:00,ord-000828,sell,74335.42,1776257287324,0,0,0,,,,0,cancelled
2026-04-15 12:00,ord-000829,buy,74326.15,1776257292324,0,0,0,,,,0,cancelled
2026-04-15 12:00,ord-000830,sell,74330.16,1776257292324,0,0,0,,,,0,cancelled
2026-04-15 12:00,ord-000831,buy,74333.49,1776257314024,0,0,0,,,,0,cancelled
2026-04-15 12:00,ord-000832,sell,74337.50,1776257314024,0,0,0,,,,0,cancelled
2026-04-15 12:00,ord-000833,buy,74335.82,1776257319025,0,0,0,,,,0,cancelled
2026-04-15 12:00,ord-000834,sell,74339.83,1776257319025,0,0,0,,,,0,cancelled
2026-04-15 12:00,ord-000835,buy,74348.55,1776257324124,0,0,0,,,,0,cancelled
2026-04-15 12:00,ord-000836,sell,74352.56,1776257324124,0,0,0,,,,0,cancelled
2026-04-15 12:00,ord-000837,buy,74348.56,1776257343124,0,0,0,,,,0,cancelled
2026-04-15 12:00,ord-000838,sell,74352.57,1776257343124,0,0,0,,,,0,cancelled
2026-04-15 12:00,ord-000839,buy,74347.39,1776257348124,0,0,0,,,,0,cancelled
2026-04-15 12:00,ord-000840,sell,74351.40,1776257348124,0,0,0,,,,0,cancelled
2026-04-15 12:00,ord-000841,buy,74343.24,1776257353124,0,0,0,,,,0,cancelled
2026-04-15 12:00,ord-000842,sell,74347.25,1776257353124,0,0,0,,,,0,cancelled
2026-04-15 12:00,ord-000843,buy,74342.00,1776257358125,0.00120000,0,0,,,,0,cancelled
2026-04-15 12:00,ord-000844,sell,74346.01,1776257358125,0,0,0,,,,0,cancelled
2026-04-15 12:00,ord-000845,buy,74358.30,1776257363224,0,0,0,,,,0,cancelled
2026-04-15 12:00,ord-000846,sell,74362.31,1776257363224,0,0,0,,,,0,cancelled
2026-04-15 12:00,ord-000847,buy,74338.57,1776257368224,0,0,0,,,,0,cancelled
2026-04-15 12:00,ord-000848,sell,74342.58,1776257368224,0,0,0,,,,0,cancelled
2026-04-15 12:00,ord-000849,buy,74338.56,1776257380324,0,0,0,,,,0,cancelled
2026-04-15 12:00,ord-000850,sell,74342.57,1776257380324,0,0,0,,,,0,cancelled
2026-04-15 12:00,ord-000851,buy,74332.42,1776257385324,0,0,0,,,,0,cancelled
2026-04-15 12:00,ord-000852,sell,74336.43,1776257385324,0,0,0,,,,0,cancelled
2026-04-15 12:00,ord-000853,buy,74331.73,1776257390324,0,0,0,,,,0,cancelled
2026-04-15 12:00,ord-000854,sell,74335.74,1776257390324,0,0,0,,,,0,cancelled
2026-04-15 12:00,ord-000855,buy,74342.92,1776257395324,0,0,0,,,,0,cancelled
2026-04-15 12:00,ord-000856,sell,74346.93,1776257395324,0,0,0,,,,0,cancelled
2026-04-15 12:00,ord-000857,buy,74342.73,1776257402024,0.00008000,0,0,,,,0,cancelled
2026-04-15 12:00,ord-000858,sell,74346.74,1776257402024,0,0,0,,,,0,cancelled
2026-04-15 12:00,ord-000859,buy,74311.03,1776257407024,0,0,0,,,,0,cancelled
2026-04-15 12:00,ord-000860,sell,74315.04,1776257407024,0,0,0,,,,0,cancelled
2026-04-15 12:00,ord-000861,buy,74319.99,1776257414224,0.12904000,0,0,,,,0,cancelled
2026-04-15 12:00,ord-000862,sell,74324.00,1776257414224,0.00120000,0.00120000,0,,,,0,cancelled
2026-04-15 12:00,ord-000863,buy,74338.37,1776257420824,0,0,0,,,,0,cancelled
2026-04-15 12:00,ord-000864,sell,74342.38,1776257420824,0,0,0,,,,0,cancelled
2026-04-15 12:00,ord-000865,buy,74338.57,1776257435024,0,0,0,,,,0,cancelled
2026-04-15 12:00,ord-000866,sell,74342.58,1776257435024,0,0,0,,,,0,cancelled
2026-04-15 12:00,ord-000867,buy,74358.02,1776257440024,0.00020000,0,0,,,,0,cancelled
2026-04-15 12:00,ord-000868,sell,74362.03,1776257440024,0,0,0,,,,0,cancelled
2026-04-15 12:00,ord-000869,buy,74358.00,1776257449424,0,0,0,,,,0,cancelled
2026-04-15 12:00,ord-000870,sell,74362.01,1776257449424,0,0,0,,,,0,cancelled
2026-04-15 12:00,ord-000871,buy,74348.17,1776257454424,0,0,0,,,,0,cancelled
2026-04-15 12:00,ord-000872,sell,74352.18,1776257454424,0,0,0,,,,0,cancelled
2026-04-15 12:00,ord-000873,buy,74341.92,1776257459424,0,0,0,,,,0,cancelled
2026-04-15 12:00,ord-000874,sell,74345.93,1776257459424,0,0,0,,,,0,cancelled
2026-04-15 12:00,ord-000875,buy,74338.37,1776257465724,0,0,0,,,,0,cancelled
2026-04-15 12:00,ord-000876,sell,74342.38,1776257465724,0,0,0,,,,0,cancelled
2026-04-15 12:00,ord-000877,buy,74330.91,1776257470724,0,0,0,,,,0,cancelled
2026-04-15 12:00,ord-000878,sell,74334.92,1776257470724,0,0,0,,,,0,cancelled
2026-04-15 12:00,ord-000879,buy,74333.29,1776257475724,0,0,0,,,,0,cancelled
2026-04-15 12:00,ord-000880,sell,74337.30,1776257475724,0.00460000,0.00460000,0,,,,0,cancelled
2026-04-15 12:00,ord-000881,buy,74339.89,1776257480725,0,0,0,,,,0,cancelled
2026-04-15 12:00,ord-000882,sell,74343.90,1776257480725,0,0,0,,,,0,cancelled
2026-04-15 12:00,ord-000883,buy,74345.77,1776257485824,0,0,0,,,,0,cancelled
2026-04-15 12:00,ord-000884,sell,74349.78,1776257485824,0,0,0,,,,0,cancelled
2026-04-15 12:00,ord-000885,buy,74344.89,1776257492824,0,0,0,,,,0,cancelled
2026-04-15 12:00,ord-000886,sell,74348.90,1776257492824,0,0,0,,,,0,cancelled
2026-04-15 12:00,ord-000887,buy,74328.90,1776257497824,0.00007000,0.00007000,0,,,,0,cancelled
2026-04-15 12:00,ord-000888,sell,74332.91,1776257497824,0,0,0,,,,0,cancelled
2026-04-15 12:00,ord-000889,buy,74325.80,1776257502824,0,0,0,,,,0,cancelled
2026-04-15 12:00,ord-000890,sell,74329.81,1776257502824,0,0,0,,,,0,cancelled
2026-04-15 12:00,ord-000891,buy,74324.39,1776257507824,0.00345000,0,0,,,,0,cancelled
2026-04-15 12:00,ord-000892,sell,74328.40,1776257507824,0,0,0,,,,0,cancelled
2026-04-15 12:00,ord-000893,buy,74323.84,1776257533124,0,0,0,,,,0,cancelled
2026-04-15 12:00,ord-000894,sell,74327.85,1776257533124,0,0,0,,,,0,cancelled
2026-04-15 12:00,ord-000895,buy,74314.00,1776257538124,0.00120000,0.00120000,0,1776257538826,0.00120000,0.00000000,0.001,filled
2026-04-15 12:00,ord-000896,sell,74318.01,1776257538124,0.00076000,0,0,,,,0,cancelled
2026-04-15 12:00,ord-000897,buy,74305.25,1776257538924,0,0,0,,,,0,cancelled
2026-04-15 12:00,ord-000898,sell,74309.26,1776257538924,0,0,0,,,,0,cancelled
2026-04-15 12:00,ord-000899,buy,74298.04,1776257543924,0,0,0,,,,0,cancelled
2026-04-15 12:00,ord-000900,sell,74302.05,1776257543924,0,0,0,,,,0,cancelled
2026-04-15 12:00,ord-000901,buy,74310.18,1776257557124,0,0,0,,,,0,cancelled
2026-04-15 12:00,ord-000902,sell,74314.19,1776257557124,0,0,0,,,,0,cancelled
2026-04-15 12:00,ord-000903,buy,74313.99,1776257591424,0,0,0,,,,0,cancelled
2026-04-15 12:00,ord-000904,sell,74318.00,1776257591424,0.00161000,0.00161000,0,,,,0,cancelled
2026-04-15 12:00,ord-000905,buy,74316.77,1776257596424,0,0,0,,,,0,cancelled
2026-04-15 12:00,ord-000906,sell,74320.78,1776257596424,0,0,0,,,,0,cancelled
2026-04-15 12:00,ord-000907,buy,74308.00,1776257601424,0.00120000,0.00120000,0,,,,0,cancelled
2026-04-15 12:00,ord-000908,sell,74312.01,1776257601424,0.40871000,0,0,,,,0,cancelled
2026-04-15 12:00,ord-000909,buy,74301.97,1776257606424,0,0,0,,,,0,cancelled
2026-04-15 12:00,ord-000910,sell,74305.98,1776257606424,0,0,0,,,,0,cancelled
2026-04-15 12:00,ord-000911,buy,74301.98,1776257616224,0,0,0,,,,0,cancelled
2026-04-15 12:00,ord-000912,sell,74305.99,1776257616224,0,0,0,,,,0,cancelled
2026-04-15 12:00,ord-000913,buy,74306.20,1776257621224,0,0,0,,,,0,cancelled
2026-04-15 12:00,ord-000914,sell,74310.21,1776257621224,0,0,0,,,,0,cancelled
2026-04-15 12:00,ord-000915,buy,74323.76,1776257626224,0,0,0,,,,0,cancelled
2026-04-15 12:00,ord-000916,sell,74327.77,1776257626224,0,0,0,,,,0,cancelled
2026-04-15 12:00,ord-000917,buy,74328.69,1776257654124,0,0,0,,,,0,cancelled
2026-04-15 12:00,ord-000918,sell,74332.70,1776257654124,0,0,0,,,,0,cancelled
2026-04-15 12:00,ord-000919,buy,74330.08,1776257659125,0,0,0,,,,0,cancelled
2026-04-15 12:00,ord-000920,sell,74334.09,1776257659125,0,0,0,,,,0,cancelled
2026-04-15 12:00,ord-000921,buy,74327.69,1776257673824,0,0,0,,,,0,cancelled
2026-04-15 12:00,ord-000922,sell,74331.70,1776257673824,0,0,0,,,,0,cancelled
2026-04-15 12:00,ord-000923,buy,74323.76,1776257678824,0,0,0,,,,0,cancelled
2026-04-15 12:00,ord-000924,sell,74327.77,1776257678824,0,0,0,,,,0,cancelled
2026-04-15 12:00,ord-000925,buy,74327.30,1776257683824,0,0,0,,,,0,cancelled
2026-04-15 12:00,ord-000926,sell,74331.31,1776257683824,0,0,0,,,,0,cancelled
2026-04-15 12:00,ord-000927,buy,74325.42,1776257703224,0,0,0,,,,0,cancelled
2026-04-15 12:00,ord-000928,sell,74329.43,1776257703224,0,0,0,,,,0,cancelled
2026-04-15 12:00,ord-000929,buy,74327.69,1776257708224,0,0,0,,,,0,cancelled
2026-04-15 12:00,ord-000930,sell,74331.70,1776257708224,0,0,0,,,,0,cancelled
2026-04-15 12:00,ord-000931,buy,74327.70,1776257800424,0,0,0,,,,0,cancelled
2026-04-15 12:00,ord-000932,sell,74331.71,1776257800424,0,0,0,,,,0,cancelled
2026-04-15 12:00,ord-000933,buy,74333.99,1776257829124,0,0,0,,,,0,cancelled
2026-04-15 12:00,ord-000934,sell,74338.00,1776257829124,0.00120000,0,0,,,,0,cancelled
2026-04-15 12:00,ord-000935,buy,74332.48,1776257834124,0,0,0,,,,0,cancelled
2026-04-15 12:00,ord-000936,sell,74336.49,1776257834124,0,0,0,,,,0,cancelled
2026-04-15 12:00,ord-000937,buy,74329.91,1776257842824,0.02591000,0,0,,,,0,cancelled
2026-04-15 12:00,ord-000938,sell,74333.92,1776257842824,0,0,0,,,,0,cancelled
2026-04-15 12:00,ord-000939,buy,74307.21,1776257847824,0,0,0,,,,0,cancelled
2026-04-15 12:00,ord-000940,sell,74311.22,1776257847824,0,0,0,,,,0,cancelled
2026-04-15 12:00,ord-000941,buy,74311.37,1776257855024,0,0,0,,,,0,cancelled
2026-04-15 12:00,ord-000942,sell,74315.38,1776257855024,0,0,0,,,,0,cancelled
2026-04-15 12:00,ord-000943,buy,74302.99,1776257881430,0,0,0,,,,0,cancelled
2026-04-15 12:00,ord-000944,sell,74307.00,1776257881430,0.00316000,0,0,,,,0,cancelled
2026-04-15 12:00,ord-000945,buy,74298.00,1776257886524,0.00120000,0.00120000,0,1776257890646,0.00120000,0.00000000,0.00014000,cancelled
2026-04-15 12:00,ord-000946,sell,74302.01,1776257886524,0,0,0,,,,0,cancelled
2026-04-15 12:00,ord-000947,buy,74284.90,1776257891524,0,0,0,,,,0,cancelled
2026-04-15 12:00,ord-000948,sell,74288.91,1776257891524,0,0,0,,,,0,cancelled
2026-04-15 12:00,ord-000949,buy,74291.57,1776257896524,0,0,0,,,,0,cancelled
2026-04-15 12:00,ord-000950,sell,74295.58,1776257896524,0,0,0,,,,0,cancelled
2026-04-15 12:00,ord-000951,buy,74289.76,1776257901524,0,0,0,,,,0,cancelled
2026-04-15 12:00,ord-000952,sell,74293.77,1776257901524,0,0,0,,,,0,cancelled
2026-04-15 12:00,ord-000953,buy,74291.56,1776257920624,0,0,0,,,,0,cancelled
2026-04-15 12:00,ord-000954,sell,74295.57,1776257920624,0,0,0,,,,0,cancelled
2026-04-15 12:00,ord-000955,buy,74291.57,1776257925625,0,0,0,,,,0,cancelled
2026-04-15 12:00,ord-000956,sell,74295.58,1776257925625,0,0,0,,,,0,cancelled
2026-04-15 12:00,ord-000957,buy,74293.61,1776257940424,0,0,0,,,,0,cancelled
2026-04-15 12:00,ord-000958,sell,74297.62,1776257940424,0,0,0,,,,0,cancelled
2026-04-15 12:00,ord-000959,buy,74292.74,1776257973524,0,0,0,,,,0,cancelled
2026-04-15 12:00,ord-000960,sell,74296.75,1776257973524,0,0,0,,,,0,cancelled
2026-04-15 12:00,ord-000961,buy,74287.22,1776257978524,0,0,0,,,,0,cancelled
2026-04-15 12:00,ord-000962,sell,74291.23,1776257978524,0,0,0,,,,0,cancelled
2026-04-15 12:00,ord-000963,buy,74287.03,1776257986424,0,0,0,,,,0,cancelled
2026-04-15 12:00,ord-000964,sell,74291.04,1776257986424,0,0,0,,,,0,cancelled
2026-04-15 12:00,ord-000965,buy,74278.79,1776257991424,0,0,0,,,,0,cancelled
2026-04-15 12:00,ord-000966,sell,74282.80,1776257991424,0,0,0,,,,0,cancelled
2026-04-15 12:00,ord-000967,buy,74274.58,1776257996424,0,0,0,,,,0,expired
2026-04-15 12:00,ord-000968,sell,74278.59,1776257996424,0,0,0,,,,0,expired
2026-04-15 13:00,ord-000001,buy,74268.35,1776258001224,0,0,0,,,,0,cancelled
2026-04-15 13:00,ord-000002,sell,74272.36,1776258001224,0,0,0,,,,0,cancelled
2026-04-15 13:00,ord-000003,buy,74258.00,1776258006224,0.00120000,0,0,,,,0,cancelled
2026-04-15 13:00,ord-000004,sell,74262.01,1776258006224,0.69386000,0.00041000,0,,,,0,cancelled
2026-04-15 13:00,ord-000005,buy,74265.99,1776258011224,0,0,0,,,,0,cancelled
2026-04-15 13:00,ord-000006,sell,74270.00,1776258011224,0.00120000,0.00120000,0,,,,0,cancelled
2026-04-15 13:00,ord-000007,buy,74258.01,1776258016224,0,0,0,,,,0,cancelled
2026-04-15 13:00,ord-000008,sell,74262.02,1776258016224,0,0,0,,,,0,cancelled
2026-04-15 13:00,ord-000009,buy,74255.29,1776258021224,0,0,0,,,,0,cancelled
2026-04-15 13:00,ord-000010,sell,74259.30,1776258021224,0,0,0,,,,0,cancelled
2026-04-15 13:00,ord-000011,buy,74250.35,1776258026224,0,0,0,,,,0,cancelled
2026-04-15 13:00,ord-000012,sell,74254.36,1776258026224,0,0,0,,,,0,cancelled
2026-04-15 13:00,ord-000013,buy,74265.10,1776258031224,0,0,0,,,,0,cancelled
2026-04-15 13:00,ord-000014,sell,74269.11,1776258031224,0,0,0,,,,0,cancelled
2026-04-15 13:00,ord-000015,buy,74267.97,1776258070124,0,0,0,,,,0,cancelled
2026-04-15 13:00,ord-000016,sell,74271.98,1776258070124,0,0,0,,,,0,cancelled
2026-04-15 13:00,ord-000017,buy,74265.10,1776258081124,0,0,0,,,,0,cancelled
2026-04-15 13:00,ord-000018,sell,74269.11,1776258081124,0,0,0,,,,0,cancelled
2026-04-15 13:00,ord-000019,buy,74264.12,1776258086124,0,0,0,,,,0,cancelled
2026-04-15 13:00,ord-000020,sell,74268.13,1776258086124,0,0,0,,,,0,cancelled
2026-04-15 13:00,ord-000021,buy,74255.97,1776258091124,0,0,0,,,,0,cancelled
2026-04-15 13:00,ord-000022,sell,74259.98,1776258091124,0,0,0,,,,0,cancelled
2026-04-15 13:00,ord-000023,buy,74252.02,1776258096124,0,0,0,,,,0,cancelled
2026-04-15 13:00,ord-000024,sell,74256.03,1776258096124,0,0,0,,,,0,cancelled
2026-04-15 13:00,ord-000025,buy,74248.00,1776258101124,0.00120000,0.00120000,0,,,,0,cancelled
2026-04-15 13:00,ord-000026,sell,74252.01,1776258101124,0.00007000,0,0,,,,0,cancelled
2026-04-15 13:00,ord-000027,buy,74233.98,1776258106124,0,0,0,,,,0,cancelled
2026-04-15 13:00,ord-000028,sell,74237.99,1776258106124,0,0,0,,,,0,cancelled
2026-04-15 13:00,ord-000029,buy,74223.80,1776258111124,0,0,0,,,,0,cancelled
2026-04-15 13:00,ord-000030,sell,74227.81,1776258111124,0,0,0,,,,0,cancelled
2026-04-15 13:00,ord-000031,buy,74228.26,1776258116124,0.00738000,0,0,,,,0,cancelled
2026-04-15 13:00,ord-000032,sell,74232.27,1776258116124,0,0,0,,,,0,cancelled
2026-04-15 13:00,ord-000033,buy,74227.85,1776258121624,0,0,0,,,,0,cancelled
2026-04-15 13:00,ord-000034,sell,74231.86,1776258121624,0,0,0,,,,0,cancelled
2026-04-15 13:00,ord-000035,buy,74214.64,1776258126624,0,0,0,,,,0,cancelled
2026-04-15 13:00,ord-000036,sell,74218.65,1776258126624,0,0,0,,,,0,cancelled
2026-04-15 13:00,ord-000037,buy,74225.06,1776258131624,0,0,0,,,,0,cancelled
2026-04-15 13:00,ord-000038,sell,74229.07,1776258131624,0.00462000,0,0,,,,0,cancelled
2026-04-15 13:00,ord-000039,buy,74220.24,1776258136624,0,0,0,,,,0,cancelled
2026-04-15 13:00,ord-000040,sell,74224.25,1776258136624,0,0,0,,,,0,cancelled
2026-04-15 13:00,ord-000041,buy,74214.64,1776258141624,0,0,0,,,,0,cancelled
2026-04-15 13:00,ord-000042,sell,74218.65,1776258141624,0,0,0,,,,0,cancelled
2026-04-15 13:00,ord-000043,buy,74217.64,1776258146624,0,0,0,,,,0,cancelled
2026-04-15 13:00,ord-000044,sell,74221.65,1776258146624,0,0,0,,,,0,cancelled
2026-04-15 13:00,ord-000045,buy,74201.70,1776258151624,0,0,0,,,,0,cancelled
2026-04-15 13:00,ord-000046,sell,74205.71,1776258151624,0,0,0,,,,0,cancelled
2026-04-15 13:00,ord-000047,buy,74189.95,1776258157224,0,0,0,,,,0,cancelled
2026-04-15 13:00,ord-000048,sell,74193.96,1776258157224,0,0,0,,,,0,cancelled
2026-04-15 13:00,ord-000049,buy,74190.70,1776258162224,0,0,0,,,,0,cancelled
2026-04-15 13:00,ord-000050,sell,74194.71,1776258162224,0,0,0,,,,0,cancelled
2026-04-15 13:00,ord-000051,buy,74180.79,1776258167224,0,0,0,,,,0,cancelled
2026-04-15 13:00,ord-000052,sell,74184.80,1776258167224,0,0,0,,,,0,cancelled
2026-04-15 13:00,ord-000053,buy,74186.28,1776258172424,0,0,0,,,,0,cancelled
2026-04-15 13:00,ord-000054,sell,74190.29,1776258172424,0,0,0,,,,0,cancelled
2026-04-15 13:00,ord-000055,buy,74188.19,1776258177424,0,0,0,,,,0,cancelled
2026-04-15 13:00,ord-000056,sell,74192.20,1776258177424,0,0,0,,,,0,cancelled
2026-04-15 13:00,ord-000057,buy,74189.95,1776258182424,0,0,0,,,,0,cancelled
2026-04-15 13:00,ord-000058,sell,74193.96,1776258182424,0,0,0,,,,0,cancelled
2026-04-15 13:00,ord-000059,buy,74196.40,1776258187424,0,0,0,,,,0,cancelled
2026-04-15 13:00,ord-000060,sell,74200.41,1776258187424,0,0,0,,,,0,cancelled
2026-04-15 13:00,ord-000061,buy,74203.96,1776258192424,0,0,0,,,,0,cancelled
2026-04-15 13:00,ord-000062,sell,74207.97,1776258192424,0,0,0,,,,0,cancelled
2026-04-15 13:00,ord-000063,buy,74212.99,1776258197424,0,0,0,,,,0,cancelled
2026-04-15 13:00,ord-000064,sell,74217.00,1776258197424,0,0,0,,,,0,cancelled
2026-04-15 13:00,ord-000065,buy,74219.69,1776258202424,0,0,0,,,,0,cancelled
2026-04-15 13:00,ord-000066,sell,74223.70,1776258202424,0,0,0,,,,0,cancelled
2026-04-15 13:00,ord-000067,buy,74219.70,1776258207424,0,0,0,,,,0,cancelled
2026-04-15 13:00,ord-000068,sell,74223.71,1776258207424,0,0,0,,,,0,cancelled
2026-04-15 13:00,ord-000069,buy,74227.80,1776258215924,0,0,0,,,,0,cancelled
2026-04-15 13:00,ord-000070,sell,74231.81,1776258215924,0,0,0,,,,0,cancelled
2026-04-15 13:00,ord-000071,buy,74233.67,1776258220924,0,0,0,,,,0,cancelled
2026-04-15 13:00,ord-000072,sell,74237.68,1776258220924,0,0,0,,,,0,cancelled
2026-04-15 13:00,ord-000073,buy,74231.45,1776258225924,0,0,0,,,,0,cancelled
2026-04-15 13:00,ord-000074,sell,74235.46,1776258225924,0,0,0,,,,0,cancelled
2026-04-15 13:00,ord-000075,buy,74222.14,1776258230924,0,0,0,,,,0,cancelled
2026-04-15 13:00,ord-000076,sell,74226.15,1776258230924,0,0,0,,,,0,cancelled
2026-04-15 13:00,ord-000077,buy,74216.94,1776258235924,0,0,0,,,,0,cancelled
2026-04-15 13:00,ord-000078,sell,74220.95,1776258235924,0,0,0,,,,0,cancelled
2026-04-15 13:00,ord-000079,buy,74223.99,1776258245324,0,0,0,,,,0,cancelled
2026-04-15 13:00,ord-000080,sell,74228.00,1776258245324,0.00120000,0.00120000,0,,,,0,cancelled
2026-04-15 13:00,ord-000081,buy,74230.68,1776258250324,0,0,0,,,,0,cancelled
2026-04-15 13:00,ord-000082,sell,74234.69,1776258250324,0,0,0,,,,0,cancelled
2026-04-15 13:00,ord-000083,buy,74215.66,1776258255324,0,0,0,,,,0,cancelled
2026-04-15 13:00,ord-000084,sell,74219.67,1776258255324,0,0,0,,,,0,cancelled
2026-04-15 13:00,ord-000085,buy,74220.38,1776258279924,0,0,0,,,,0,cancelled
2026-04-15 13:00,ord-000086,sell,74224.39,1776258279924,0,0,0,,,,0,cancelled
2026-04-15 13:00,ord-000087,buy,74217.55,1776258284924,0,0,0,,,,0,cancelled
2026-04-15 13:00,ord-000088,sell,74221.56,1776258284924,0,0,0,,,,0,cancelled
2026-04-15 13:00,ord-000089,buy,74215.10,1776258289924,0,0,0,,,,0,cancelled
2026-04-15 13:00,ord-000090,sell,74219.11,1776258289924,0,0,0,,,,0,cancelled
2026-04-15 13:00,ord-000091,buy,74217.21,1776258296224,0,0,0,,,,0,cancelled
2026-04-15 13:00,ord-000092,sell,74221.22,1776258296224,0,0,0,,,,0,cancelled
2026-04-15 13:00,ord-000093,buy,74230.68,1776258301224,0,0,0,,,,0,cancelled
2026-04-15 13:00,ord-000094,sell,74234.69,1776258301224,0,0,0,,,,0,cancelled
2026-04-15 13:00,ord-000095,buy,74219.96,1776258309124,0,0,0,,,,0,cancelled
2026-04-15 13:00,ord-000096,sell,74223.97,1776258309124,0,0,0,,,,0,cancelled
2026-04-15 13:00,ord-000097,buy,74218.51,1776258314124,0,0,0,,,,0,cancelled
2026-04-15 13:00,ord-000098,sell,74222.52,1776258314124,0,0,0,,,,0,cancelled
2026-04-15 13:00,ord-000099,buy,74216.00,1776258319124,0.00130000,0,0,,,,0,cancelled
2026-04-15 13:00,ord-000100,sell,74220.01,1776258319124,0.20203000,0,0,,,,0,cancelled
2026-04-15 13:00,ord-000101,buy,74214.88,1776258324124,0,0,0,,,,0,cancelled
2026-04-15 13:00,ord-000102,sell,74218.89,1776258324124,0,0,0,,,,0,cancelled
2026-04-15 13:00,ord-000103,buy,74219.52,1776258357224,0,0,0,,,,0,cancelled
2026-04-15 13:00,ord-000104,sell,74223.53,1776258357224,0,0,0,,,,0,cancelled
2026-04-15 13:00,ord-000105,buy,74223.39,1776258362224,0,0,0,,,,0,cancelled
2026-04-15 13:00,ord-000106,sell,74227.40,1776258362224,0,0,0,,,,0,cancelled
2026-04-15 13:00,ord-000107,buy,74233.16,1776258367224,0,0,0,,,,0,cancelled
2026-04-15 13:00,ord-000108,sell,74237.17,1776258367224,0,0,0,,,,0,cancelled
2026-04-15 13:00,ord-000109,buy,74238.84,1776258372224,0,0,0,,,,0,cancelled
2026-04-15 13:00,ord-000110,sell,74242.85,1776258372224,0,0,0,,,,0,cancelled
2026-04-15 13:00,ord-000111,buy,74249.66,1776258384624,0,0,0,,,,0,cancelled
2026-04-15 13:00,ord-000112,sell,74253.67,1776258384624,0,0,0,,,,0,cancelled
2026-04-15 13:00,ord-000113,buy,74254.43,1776258398924,0,0,0,,,,0,cancelled
2026-04-15 13:00,ord-000114,sell,74258.44,1776258398924,0,0,0,,,,0,cancelled
2026-04-15 13:00,ord-000115,buy,74261.99,1776258403924,0,0,0,,,,0,cancelled
2026-04-15 13:00,ord-000116,sell,74266.00,1776258403924,0.00120000,0.00120000,0,,,,0,cancelled
2026-04-15 13:00,ord-000117,buy,74264.25,1776258409924,0,0,0,,,,0,cancelled
2026-04-15 13:00,ord-000118,sell,74268.26,1776258409924,0,0,0,,,,0,cancelled
2026-04-15 13:00,ord-000119,buy,74265.99,1776258420824,0.00016000,0,0,,,,0,cancelled
2026-04-15 13:00,ord-000120,sell,74270.00,1776258420824,0.00120000,0.00120000,0,1776258421073,0.00120000,0.00000000,0.00077000,cancelled
2026-04-15 13:00,ord-000121,buy,74280.83,1776258425824,0,0,0,,,,0,cancelled
2026-04-15 13:00,ord-000122,sell,74284.84,1776258425824,0,0,0,,,,0,cancelled
2026-04-15 13:00,ord-000123,buy,74273.51,1776258444726,0,0,0,,,,0,cancelled
2026-04-15 13:00,ord-000124,sell,74277.52,1776258444726,0,0,0,,,,0,cancelled
2026-04-15 13:00,ord-000125,buy,74273.45,1776258458924,0,0,0,,,,0,cancelled
2026-04-15 13:00,ord-000126,sell,74277.46,1776258458924,0,0,0,,,,0,cancelled
2026-04-15 13:00,ord-000127,buy,74271.02,1776258463924,0,0,0,,,,0,cancelled
2026-04-15 13:00,ord-000128,sell,74275.03,1776258463924,0.00673000,0,0,,,,0,cancelled
2026-04-15 13:00,ord-000129,buy,74268.24,1776258468924,0,0,0,,,,0,cancelled
2026-04-15 13:00,ord-000130,sell,74272.25,1776258468924,0,0,0,,,,0,cancelled
2026-04-15 13:00,ord-000131,buy,74266.02,1776258473924,0,0,0,1776258477393,0,0,0.00031000,cancelled
2026-04-15 13:00,ord-000132,sell,74270.03,1776258473924,0,0,0,,,,0,cancelled
2026-04-15 13:00,ord-000133,buy,74256.72,1776258478924,0,0,0,,,,0,cancelled
2026-04-15 13:00,ord-000134,sell,74260.73,1776258478924,0,0,0,,,,0,cancelled
2026-04-15 13:00,ord-000135,buy,74244.55,1776258483924,0,0,0,,,,0,cancelled
2026-04-15 13:00,ord-000136,sell,74248.56,1776258483924,0,0,0,,,,0,cancelled
2026-04-15 13:00,ord-000137,buy,74248.94,1776258489524,0,0,0,,,,0,cancelled
2026-04-15 13:00,ord-000138,sell,74252.95,1776258489524,0,0,0,,,,0,cancelled
2026-04-15 13:00,ord-000139,buy,74255.29,1776258494524,0,0,0,,,,0,cancelled
2026-04-15 13:00,ord-000140,sell,74259.30,1776258494524,0,0,0,,,,0,cancelled
2026-04-15 13:00,ord-000141,buy,74271.03,1776258499524,0,0,0,,,,0,cancelled
2026-04-15 13:00,ord-000142,sell,74275.04,1776258499524,0,0,0,,,,0,cancelled
2026-04-15 13:00,ord-000143,buy,74282.34,1776258504524,0,0,0,,,,0,cancelled
2026-04-15 13:00,ord-000144,sell,74286.35,1776258504524,0,0,0,,,,0,cancelled
2026-04-15 13:00,ord-000145,buy,74284.76,1776258513524,0,0,0,,,,0,cancelled
2026-04-15 13:00,ord-000146,sell,74288.77,1776258513524,0,0,0,,,,0,cancelled
2026-04-15 13:00,ord-000147,buy,74295.10,1776258518524,0,0,0,,,,0,cancelled
2026-04-15 13:00,ord-000148,sell,74299.11,1776258518524,0,0,0,,,,0,cancelled
2026-04-15 13:00,ord-000149,buy,74307.37,1776258523524,0,0,0,,,,0,cancelled
2026-04-15 13:00,ord-000150,sell,74311.38,1776258523524,0,0,0,,,,0,cancelled
2026-04-15 13:00,ord-000151,buy,74308.82,1776258533524,0,0,0,,,,0,cancelled
2026-04-15 13:00,ord-000152,sell,74312.83,1776258533524,0,0,0,,,,0,cancelled
2026-04-15 13:00,ord-000153,buy,74319.96,1776258538524,0,0,0,,,,0,cancelled
2026-04-15 13:00,ord-000154,sell,74323.97,1776258538524,0,0,0,,,,0,cancelled
2026-04-15 13:00,ord-000155,buy,74327.99,1776258543524,0,0,0,,,,0,cancelled
2026-04-15 13:00,ord-000156,sell,74332.00,1776258543524,0.00120000,0,0,,,,0,cancelled
2026-04-15 13:00,ord-000157,buy,74325.22,1776258556524,0,0,0,,,,0,cancelled
2026-04-15 13:00,ord-000158,sell,74329.23,1776258556524,0,0,0,,,,0,cancelled
2026-04-15 13:00,ord-000159,buy,74359.24,1776258561524,0,0,0,,,,0,cancelled
2026-04-15 13:00,ord-000160,sell,74363.25,1776258561524,0,0,0,,,,0,cancelled
2026-04-15 13:00,ord-000161,buy,74356.48,1776258570924,0,0,0,,,,0,cancelled
2026-04-15 13:00,ord-000162,sell,74360.49,1776258570924,0,0,0,,,,0,cancelled
2026-04-15 13:00,ord-000163,buy,74352.11,1776258575924,0,0,0,,,,0,cancelled
2026-04-15 13:00,ord-000164,sell,74356.12,1776258575924,0,0,0,,,,0,cancelled
2026-04-15 13:00,ord-000165,buy,74351.60,1776258586424,0,0,0,,,,0,cancelled
2026-04-15 13:00,ord-000166,sell,74355.61,1776258586424,0,0,0,,,,0,cancelled
2026-04-15 13:00,ord-000167,buy,74336.60,1776258591424,0,0,0,,,,0,cancelled
2026-04-15 13:00,ord-000168,sell,74340.61,1776258591424,0,0,0,,,,0,cancelled
2026-04-15 13:00,ord-000169,buy,74334.71,1776258604824,0,0,0,,,,0,cancelled
2026-04-15 13:00,ord-000170,sell,74338.72,1776258604824,0,0,0,,,,0,cancelled
2026-04-15 13:00,ord-000171,buy,74331.93,1776258609824,0,0,0,1776258611965,0,0,0.00023000,cancelled
2026-04-15 13:00,ord-000172,sell,74335.94,1776258609824,0,0,0,,,,0,cancelled
2026-04-15 13:00,ord-000173,buy,74317.28,1776258614824,0,0,0,,,,0,cancelled
2026-04-15 13:00,ord-000174,sell,74321.29,1776258614824,0,0,0,,,,0,cancelled
2026-04-15 13:00,ord-000175,buy,74310.05,1776258619824,0,0,0,,,,0,cancelled
2026-04-15 13:00,ord-000176,sell,74314.06,1776258619824,0,0,0,,,,0,cancelled
2026-04-15 13:00,ord-000177,buy,74310.65,1776258624824,0,0,0,,,,0,cancelled
2026-04-15 13:00,ord-000178,sell,74314.66,1776258624824,0,0,0,,,,0,cancelled
2026-04-15 13:00,ord-000179,buy,74301.10,1776258629824,0,0,0,,,,0,cancelled
2026-04-15 13:00,ord-000180,sell,74305.11,1776258629824,0,0,0,,,,0,cancelled
2026-04-15 13:00,ord-000181,buy,74291.01,1776258634824,0,0,0,,,,0,cancelled
2026-04-15 13:00,ord-000182,sell,74295.02,1776258634824,0,0,0,,,,0,cancelled
2026-04-15 13:00,ord-000183,buy,74294.64,1776258644524,0,0,0,,,,0,cancelled
2026-04-15 13:00,ord-000184,sell,74298.65,1776258644524,0,0,0,,,,0,cancelled
2026-04-15 13:00,ord-000185,buy,74299.58,1776258649524,0,0,0,,,,0,cancelled
2026-04-15 13:00,ord-000186,sell,74303.59,1776258649524,0,0,0,,,,0,cancelled
2026-04-15 13:00,ord-000187,buy,74293.18,1776258654524,0,0,0,,,,0,cancelled
2026-04-15 13:00,ord-000188,sell,74297.19,1776258654524,0,0,0,,,,0,cancelled
2026-04-15 13:00,ord-000189,buy,74293.10,1776258659524,0,0,0,,,,0,cancelled
2026-04-15 13:00,ord-000190,sell,74297.11,1776258659524,0,0,0,,,,0,cancelled
2026-04-15 13:00,ord-000191,buy,74284.07,1776258664524,0,0,0,,,,0,cancelled
2026-04-15 13:00,ord-000192,sell,74288.08,1776258664524,0,0,0,,,,0,cancelled
2026-04-15 13:00,ord-000193,buy,74280.94,1776258675724,0,0,0,,,,0,cancelled
2026-04-15 13:00,ord-000194,sell,74284.95,1776258675724,0,0,0,,,,0,cancelled
2026-04-15 13:00,ord-000195,buy,74276.50,1776258680724,0,0,0,,,,0,cancelled
2026-04-15 13:00,ord-000196,sell,74280.51,1776258680724,0,0,0,,,,0,cancelled
2026-04-15 13:00,ord-000197,buy,74280.94,1776258691524,0,0,0,,,,0,cancelled
2026-04-15 13:00,ord-000198,sell,74284.95,1776258691524,0,0,0,,,,0,cancelled
2026-04-15 13:00,ord-000199,buy,74299.59,1776258696524,0,0,0,,,,0,cancelled
2026-04-15 13:00,ord-000200,sell,74303.60,1776258696524,0,0,0,,,,0,cancelled
2026-04-15 13:00,ord-000201,buy,74296.57,1776258743824,0,0,0,,,,0,cancelled
2026-04-15 13:00,ord-000202,sell,74300.58,1776258743824,0,0,0,,,,0,cancelled
2026-04-15 13:00,ord-000203,buy,74297.28,1776258763924,0,0,0,,,,0,cancelled
2026-04-15 13:00,ord-000204,sell,74301.29,1776258763924,0,0,0,,,,0,cancelled
2026-04-15 13:00,ord-000205,buy,74301.99,1776258768924,0,0,0,,,,0,cancelled
2026-04-15 13:00,ord-000206,sell,74306.00,1776258768924,0.00120000,0,0,,,,0,cancelled
2026-04-15 13:00,ord-000207,buy,74297.50,1776258776024,0,0,0,,,,0,cancelled
2026-04-15 13:00,ord-000208,sell,74301.51,1776258776024,0,0,0,,,,0,cancelled
2026-04-15 13:00,ord-000209,buy,74295.10,1776258781024,0,0,0,,,,0,cancelled
2026-04-15 13:00,ord-000210,sell,74299.11,1776258781024,0,0,0,,,,0,cancelled
2026-04-15 13:00,ord-000211,buy,74290.38,1776258798353,0,0,0,,,,0,cancelled
2026-04-15 13:00,ord-000212,sell,74294.39,1776258798353,0,0,0,,,,0,cancelled
2026-04-15 13:00,ord-000213,buy,74285.75,1776258803424,0,0,0,,,,0,cancelled
2026-04-15 13:00,ord-000214,sell,74289.76,1776258803424,0,0,0,,,,0,cancelled
2026-04-15 13:00,ord-000215,buy,74286.15,1776258824224,0,0,0,,,,0,cancelled
2026-04-15 13:00,ord-000216,sell,74290.16,1776258824224,0,0,0,,,,0,cancelled
2026-04-15 13:00,ord-000217,buy,74292.79,1776258829224,0,0,0,,,,0,cancelled
2026-04-15 13:00,ord-000218,sell,74296.80,1776258829224,0,0,0,,,,0,cancelled
2026-04-15 13:00,ord-000219,buy,74297.99,1776258839224,0,0,0,,,,0,cancelled
2026-04-15 13:00,ord-000220,sell,74302.00,1776258839224,0.00120000,0.00120000,0,,,,0,cancelled
2026-04-15 13:00,ord-000221,buy,74301.99,1776258844224,0,0,0,,,,0,cancelled
2026-04-15 13:00,ord-000222,sell,74306.00,1776258844224,0.00120000,0,0,,,,0,cancelled
2026-04-15 13:00,ord-000223,buy,74303.99,1776258849224,4.13569000,0,0,,,,0,cancelled
2026-04-15 13:00,ord-000224,sell,74308.00,1776258849224,0.00120000,0.00120000,0,,,,0,cancelled
2026-04-15 13:00,ord-000225,buy,74317.39,1776258854224,0,0,0,,,,0,cancelled
2026-04-15 13:00,ord-000226,sell,74321.40,1776258854224,0,0,0,,,,0,cancelled
2026-04-15 13:00,ord-000227,buy,74318.00,1776258882524,0,0,0,,,,0,cancelled
2026-04-15 13:00,ord-000228,sell,74322.01,1776258882524,0,0,0,,,,0,cancelled
2026-04-15 13:00,ord-000229,buy,74325.19,1776258887524,0,0,0,,,,0,cancelled
2026-04-15 13:00,ord-000230,sell,74329.20,1776258887524,0,0,0,,,,0,cancelled
2026-04-15 13:00,ord-000231,buy,74320.95,1776258892524,0,0,0,,,,0,cancelled
2026-04-15 13:00,ord-000232,sell,74324.96,1776258892524,0,0,0,,,,0,cancelled
2026-04-15 13:00,ord-000233,buy,74320.45,1776258898024,0,0,0,,,,0,cancelled
2026-04-15 13:00,ord-000234,sell,74324.46,1776258898024,0,0,0,,,,0,cancelled
2026-04-15 13:00,ord-000235,buy,74318.00,1776258903024,0.00161000,0.00161000,0,,,,0,cancelled
2026-04-15 13:00,ord-000236,sell,74322.01,1776258903024,0.02736000,0,0,,,,0,cancelled
2026-04-15 13:00,ord-000237,buy,74311.74,1776258915824,0,0,0,,,,0,cancelled
2026-04-15 13:00,ord-000238,sell,74315.75,1776258915824,0,0,0,,,,0,cancelled
2026-04-15 13:00,ord-000239,buy,74306.69,1776258920824,0,0,0,,,,0,cancelled
2026-04-15 13:00,ord-000240,sell,74310.70,1776258920824,0,0,0,,,,0,cancelled
2026-04-15 13:00,ord-000241,buy,74311.19,1776258925824,0,0,0,,,,0,cancelled
2026-04-15 13:00,ord-000242,sell,74315.20,1776258925824,0,0,0,,,,0,cancelled
2026-04-15 13:00,ord-000243,buy,74329.92,1776258930824,0,0,0,,,,0,cancelled
2026-04-15 13:00,ord-000244,sell,74333.93,1776258930824,0,0,0,,,,0,cancelled
2026-04-15 13:00,ord-000245,buy,74326.00,1776258935824,0.00040000,0.00040000,0,,,,0,cancelled
2026-04-15 13:00,ord-000246,sell,74330.01,1776258935824,0,0,0,,,,0,cancelled
2026-04-15 13:00,ord-000247,buy,74315.80,1776258940824,0,0,0,,,,0,cancelled
2026-04-15 13:00,ord-000248,sell,74319.81,1776258940824,0,0,0,,,,0,cancelled
2026-04-15 13:00,ord-000249,buy,74322.17,1776258945824,0,0,0,,,,0,cancelled
2026-04-15 13:00,ord-000250,sell,74326.18,1776258945824,0,0,0,,,,0,cancelled
2026-04-15 13:00,ord-000251,buy,74316.45,1776258950824,0.00020000,0,0,,,,0,cancelled
2026-04-15 13:00,ord-000252,sell,74320.46,1776258950824,0,0,0,,,,0,cancelled
2026-04-15 13:00,ord-000253,buy,74315.80,1776258963524,0,0,0,,,,0,cancelled
2026-04-15 13:00,ord-000254,sell,74319.81,1776258963524,0,0,0,,,,0,cancelled
2026-04-15 13:00,ord-000255,buy,74302.16,1776258968525,0,0,0,,,,0,cancelled
2026-04-15 13:00,ord-000256,sell,74306.17,1776258968525,0,0,0,,,,0,cancelled
2026-04-15 13:00,ord-000257,buy,74298.00,1776258973624,0.00120000,0,0,,,,0,cancelled
2026-04-15 13:00,ord-000258,sell,74302.01,1776258973624,0,0,0,,,,0,cancelled
2026-04-15 13:00,ord-000259,buy,74300.28,1776258981024,0,0,0,,,,0,cancelled
2026-04-15 13:00,ord-000260,sell,74304.29,1776258981024,0,0,0,,,,0,cancelled
2026-04-15 13:00,ord-000261,buy,74302.86,1776258986024,0,0,0,,,,0,cancelled
2026-04-15 13:00,ord-000262,sell,74306.87,1776258986024,0,0,0,,,,0,cancelled
2026-04-15 13:00,ord-000263,buy,74301.23,1776258991024,0,0,0,,,,0,cancelled
2026-04-15 13:00,ord-000264,sell,74305.24,1776258991024,0,0,0,,,,0,cancelled
2026-04-15 13:00,ord-000265,buy,74301.22,1776259033324,0,0,0,,,,0,cancelled
2026-04-15 13:00,ord-000266,sell,74305.23,1776259033324,0,0,0,,,,0,cancelled
2026-04-15 13:00,ord-000267,buy,74290.49,1776259038324,0.07296000,0,0,,,,0,cancelled
2026-04-15 13:00,ord-000268,sell,74294.50,1776259038324,0,0,0,,,,0,cancelled
2026-04-15 13:00,ord-000269,buy,74287.15,1776259043324,0,0,0,,,,0,cancelled
2026-04-15 13:00,ord-000270,sell,74291.16,1776259043324,0,0,0,,,,0,cancelled
2026-04-15 13:00,ord-000271,buy,74297.68,1776259054124,0,0,0,,,,0,cancelled
2026-04-15 13:00,ord-000272,sell,74301.69,1776259054124,0,0,0,,,,0,cancelled
2026-04-15 13:00,ord-000273,buy,74315.20,1776259059124,0,0,0,,,,0,cancelled
2026-04-15 13:00,ord-000274,sell,74319.21,1776259059124,0,0,0,,,,0,cancelled
2026-04-15 13:00,ord-000275,buy,74310.59,1776259097624,0,0,0,,,,0,cancelled
2026-04-15 13:00,ord-000276,sell,74314.60,1776259097624,0,0,0,,,,0,cancelled
2026-04-15 13:00,ord-000277,buy,74315.20,1776259102624,0,0,0,,,,0,cancelled
2026-04-15 13:00,ord-000278,sell,74319.21,1776259102624,0,0,0,,,,0,cancelled
2026-04-15 13:00,ord-000279,buy,74310.60,1776259126624,0,0,0,,,,0,cancelled
2026-04-15 13:00,ord-000280,sell,74314.61,1776259126624,0,0,0,,,,0,cancelled
2026-04-15 13:00,ord-000281,buy,74303.21,1776259131624,0,0,0,,,,0,cancelled
2026-04-15 13:00,ord-000282,sell,74307.22,1776259131624,0,0,0,,,,0,cancelled
2026-04-15 13:00,ord-000283,buy,74302.23,1776259163524,0.00007000,0.00007000,0,1776259163615,0.00007000,0.00000000,0.00007000,cancelled
2026-04-15 13:00,ord-000284,sell,74306.24,1776259163524,0,0,0,,,,0,cancelled
2026-04-15 13:00,ord-000285,buy,74299.26,1776259168524,0,0,0,,,,0,cancelled
2026-04-15 13:00,ord-000286,sell,74303.27,1776259168524,0,0,0,,,,0,cancelled
2026-04-15 13:00,ord-000287,buy,74295.88,1776259173524,0,0,0,,,,0,cancelled
2026-04-15 13:00,ord-000288,sell,74299.89,1776259173524,0,0,0,,,,0,cancelled
2026-04-15 13:00,ord-000289,buy,74295.86,1776259179124,0.00192000,0.00192000,0,,,,0,cancelled
2026-04-15 13:00,ord-000290,sell,74299.87,1776259179124,0,0,0,,,,0,cancelled
2026-04-15 13:00,ord-000291,buy,74290.81,1776259184124,0,0,0,,,,0,cancelled
2026-04-15 13:00,ord-000292,sell,74294.82,1776259184124,0,0,0,,,,0,cancelled
2026-04-15 13:00,ord-000293,buy,74279.01,1776259189124,0,0,0,,,,0,cancelled
2026-04-15 13:00,ord-000294,sell,74283.02,1776259189124,0,0,0,,,,0,cancelled
2026-04-15 13:00,ord-000295,buy,74278.99,1776259194124,0,0,0,,,,0,cancelled
2026-04-15 13:00,ord-000296,sell,74283.00,1776259194124,0.00007000,0,0,,,,0,cancelled
2026-04-15 13:00,ord-000297,buy,74277.50,1776259199124,0,0,0,,,,0,cancelled
2026-04-15 13:00,ord-000298,sell,74281.51,1776259199124,0,0,0,,,,0,cancelled
2026-04-15 13:00,ord-000299,buy,74277.48,1776259207624,0,0,0,,,,0,cancelled
2026-04-15 13:00,ord-000300,sell,74281.49,1776259207624,0,0,0,,,,0,cancelled
2026-04-15 13:00,ord-000301,buy,74274.28,1776259212624,0,0,0,,,,0,cancelled
2026-04-15 13:00,ord-000302,sell,74278.29,1776259212624,0,0,0,,,,0,cancelled
2026-04-15 13:00,ord-000303,buy,74271.20,1776259217624,0,0,0,,,,0,cancelled
2026-04-15 13:00,ord-000304,sell,74275.21,1776259217624,0,0,0,,,,0,cancelled
2026-04-15 13:00,ord-000305,buy,74286.97,1776259222624,0,0,0,,,,0,cancelled
2026-04-15 13:00,ord-000306,sell,74290.98,1776259222624,0,0,0,,,,0,cancelled
2026-04-15 13:00,ord-000307,buy,74289.99,1776259227624,0,0,0,,,,0,cancelled
2026-04-15 13:00,ord-000308,sell,74294.00,1776259227624,0.00120000,0.00120000,0,,,,0,cancelled
2026-04-15 13:00,ord-000309,buy,74298.48,1776259269424,0,0,0,,,,0,cancelled
2026-04-15 13:00,ord-000310,sell,74302.49,1776259269424,0,0,0,,,,0,cancelled
2026-04-15 13:00,ord-000311,buy,74306.85,1776259274424,0,0,0,,,,0,cancelled
2026-04-15 13:00,ord-000312,sell,74310.86,1776259274424,0,0,0,,,,0,cancelled
2026-04-15 13:00,ord-000313,buy,74315.15,1776259279424,0,0,0,,,,0,cancelled
2026-04-15 13:00,ord-000314,sell,74319.16,1776259279424,0,0,0,,,,0,cancelled
2026-04-15 13:00,ord-000315,buy,74315.14,1776259284424,0,0,0,,,,0,cancelled
2026-04-15 13:00,ord-000316,sell,74319.15,1776259284424,0,0,0,,,,0,cancelled
2026-04-15 13:00,ord-000317,buy,74311.47,1776259296524,0,0,0,,,,0,cancelled
2026-04-15 13:00,ord-000318,sell,74315.48,1776259296524,0,0,0,,,,0,cancelled
2026-04-15 13:00,ord-000319,buy,74308.82,1776259301524,0,0,0,,,,0,cancelled
2026-04-15 13:00,ord-000320,sell,74312.83,1776259301524,0,0,0,,,,0,cancelled
2026-04-15 13:00,ord-000321,buy,74307.34,1776259319024,0,0,0,,,,0,cancelled
2026-04-15 13:00,ord-000322,sell,74311.35,1776259319024,0,0,0,,,,0,cancelled
2026-04-15 13:00,ord-000323,buy,74293.79,1776259324026,0,0,0,,,,0,cancelled
2026-04-15 13:00,ord-000324,sell,74297.80,1776259324026,0,0,0,,,,0,cancelled
2026-04-15 13:00,ord-000325,buy,74292.35,1776259339624,0,0,0,,,,0,cancelled
2026-04-15 13:00,ord-000326,sell,74296.36,1776259339624,0,0,0,,,,0,cancelled
2026-04-15 13:00,ord-000327,buy,74278.32,1776259344624,0,0,0,,,,0,cancelled
2026-04-15 13:00,ord-000328,sell,74282.33,1776259344624,0,0,0,,,,0,cancelled
2026-04-15 13:00,ord-000329,buy,74287.76,1776259351724,0,0,0,1776259365065,0,0,0.00016000,cancelled
2026-04-15 13:00,ord-000330,sell,74291.77,1776259351724,0,0,0,,,,0,cancelled
2026-04-15 13:00,ord-000331,buy,74285.59,1776259365124,0.68000000,0,0,,,,0,cancelled
2026-04-15 13:00,ord-000332,sell,74289.60,1776259365124,0,0,0,,,,0,cancelled
2026-04-15 13:00,ord-000333,buy,74283.93,1776259370124,0,0,0,,,,0,cancelled
2026-04-15 13:00,ord-000334,sell,74287.94,1776259370124,0,0,0,,,,0,cancelled
2026-04-15 13:00,ord-000335,buy,74276.02,1776259375124,0,0,0,,,,0,cancelled
2026-04-15 13:00,ord-000336,sell,74280.03,1776259375124,0,0,0,,,,0,cancelled
2026-04-15 13:00,ord-000337,buy,74272.82,1776259380124,0,0,0,,,,0,cancelled
2026-04-15 13:00,ord-000338,sell,74276.83,1776259380124,0,0,0,,,,0,cancelled
2026-04-15 13:00,ord-000339,buy,74257.62,1776259385124,0,0,0,,,,0,cancelled
2026-04-15 13:00,ord-000340,sell,74261.63,1776259385124,0,0,0,,,,0,cancelled
2026-04-15 13:00,ord-000341,buy,74249.11,1776259390124,0,0,0,,,,0,cancelled
2026-04-15 13:00,ord-000342,sell,74253.12,1776259390124,0,0,0,,,,0,cancelled
2026-04-15 13:00,ord-000343,buy,74248.00,1776259395124,0.00120000,0,0,,,,0,cancelled
2026-04-15 13:00,ord-000344,sell,74252.01,1776259395124,0,0,0,,,,0,cancelled
2026-04-15 13:00,ord-000345,buy,74255.29,1776259402924,0,0,0,,,,0,cancelled
2026-04-15 13:00,ord-000346,sell,74259.30,1776259402924,0,0,0,,,,0,cancelled
2026-04-15 13:00,ord-000347,buy,74259.85,1776259414924,0,0,0,,,,0,cancelled
2026-04-15 13:00,ord-000348,sell,74263.86,1776259414924,0,0,0,,,,0,cancelled
2026-04-15 13:00,ord-000349,buy,74272.92,1776259419924,0,0,0,,,,0,cancelled
2026-04-15 13:00,ord-000350,sell,74276.93,1776259419924,0,0,0,,,,0,cancelled
2026-04-15 13:00,ord-000351,buy,74280.69,1776259424924,0,0,0,,,,0,cancelled
2026-04-15 13:00,ord-000352,sell,74284.70,1776259424924,0,0,0,,,,0,cancelled
2026-04-15 13:00,ord-000353,buy,74276.65,1776259429924,0,0,0,,,,0,cancelled
2026-04-15 13:00,ord-000354,sell,74280.66,1776259429924,0,0,0,,,,0,cancelled
2026-04-15 13:00,ord-000355,buy,74275.19,1776259434924,0,0,0,,,,0,cancelled
2026-04-15 13:00,ord-000356,sell,74279.20,1776259434924,0,0,0,,,,0,cancelled
2026-04-15 13:00,ord-000357,buy,74273.68,1776259458524,0,0,0,,,,0,cancelled
2026-04-15 13:00,ord-000358,sell,74277.69,1776259458524,0,0,0,,,,0,cancelled
2026-04-15 13:00,ord-000359,buy,74264.59,1776259463524,0,0,0,,,,0,cancelled
2026-04-15 13:00,ord-000360,sell,74268.60,1776259463524,0,0,0,,,,0,cancelled
2026-04-15 13:00,ord-000361,buy,74267.19,1776259494024,0,0,0,,,,0,cancelled
2026-04-15 13:00,ord-000362,sell,74271.20,1776259494024,0,0,0,,,,0,cancelled
2026-04-15 13:00,ord-000363,buy,74271.84,1776259499024,0,0,0,,,,0,cancelled
2026-04-15 13:00,ord-000364,sell,74275.85,1776259499024,0,0,0,,,,0,cancelled
2026-04-15 13:00,ord-000365,buy,74296.32,1776259504024,0,0,0,,,,0,cancelled
2026-04-15 13:00,ord-000366,sell,74300.33,1776259504024,0,0,0,,,,0,cancelled
2026-04-15 13:00,ord-000367,buy,74301.26,1776259509025,0,0,0,,,,0,cancelled
2026-04-15 13:00,ord-000368,sell,74305.27,1776259509025,0,0,0,,,,0,cancelled
2026-04-15 13:00,ord-000369,buy,74306.01,1776259522724,0,0,0,,,,0,cancelled
2026-04-15 13:00,ord-000370,sell,74310.02,1776259522724,0,0,0,,,,0,cancelled
2026-04-15 13:00,ord-000371,buy,74322.99,1776259527724,0,0,0,,,,0,cancelled
2026-04-15 13:00,ord-000372,sell,74327.00,1776259527724,0,0,0,,,,0,cancelled
2026-04-15 13:00,ord-000373,buy,74324.89,1776259543524,0,0,0,,,,0,cancelled
2026-04-15 13:00,ord-000374,sell,74328.90,1776259543524,0,0,0,,,,0,cancelled
2026-04-15 13:00,ord-000375,buy,74331.07,1776259548524,0,0,0,,,,0,cancelled
2026-04-15 13:00,ord-000376,sell,74335.08,1776259548524,0,0,0,,,,0,cancelled
2026-04-15 13:00,ord-000377,buy,74358.11,1776259553524,0,0,0,,,,0,cancelled
2026-04-15 13:00,ord-000378,sell,74362.12,1776259553524,0,0,0,,,,0,cancelled
2026-04-15 13:00,ord-000379,buy,74417.07,1776259558524,0,0,0,,,,0,cancelled
2026-04-15 13:00,ord-000380,sell,74421.08,1776259558524,0,0,0,,,,0,cancelled
2026-04-15 13:00,ord-000381,buy,74432.50,1776259563524,0,0,0,,,,0,cancelled
2026-04-15 13:00,ord-000382,sell,74436.51,1776259563524,0,0,0,,,,0,cancelled
2026-04-15 13:00,ord-000383,buy,74425.04,1776259568524,0,0,0,,,,0,cancelled
2026-04-15 13:00,ord-000384,sell,74429.05,1776259568524,0,0,0,,,,0,cancelled
2026-04-15 13:00,ord-000385,buy,74420.26,1776259573524,0,0,0,,,,0,cancelled
2026-04-15 13:00,ord-000386,sell,74424.27,1776259573524,0,0,0,,,,0,cancelled
2026-04-15 13:00,ord-000387,buy,74425.04,1776259579124,0,0,0,,,,0,cancelled
2026-04-15 13:00,ord-000388,sell,74429.05,1776259579124,0,0,0,,,,0,cancelled
2026-04-15 13:00,ord-000389,buy,74418.38,1776259586624,0.00016000,0,0,,,,0,cancelled
2026-04-15 13:00,ord-000390,sell,74422.39,1776259586624,0,0,0,,,,0,cancelled
2026-04-15 13:00,ord-000391,buy,74411.54,1776259591624,0,0,0,,,,0,cancelled
2026-04-15 13:00,ord-000392,sell,74415.55,1776259591624,0,0,0,,,,0,cancelled
2026-04-15 13:00,ord-000393,buy,74389.49,1776259596624,0,0,0,,,,0,cancelled
2026-04-15 13:00,ord-000394,sell,74393.50,1776259596624,0,0,0,,,,0,cancelled
2026-04-15 13:00,ord-000395,buy,74399.23,1776259601625,0,0,0,,,,0,cancelled
2026-04-15 13:00,ord-000396,sell,74403.24,1776259601625,0,0,0,,,,0,cancelled
2026-04-15 13:00,ord-000397,buy,74393.56,1776259606724,0,0,0,,,,0,cancelled
2026-04-15 13:00,ord-000398,sell,74397.57,1776259606724,0,0,0,,,,0,cancelled
2026-04-15 13:00,ord-000399,buy,74393.13,1776259611724,0,0,0,,,,0,cancelled
2026-04-15 13:00,ord-000400,sell,74397.14,1776259611724,0,0,0,,,,0,cancelled
2026-04-15 13:00,ord-000401,buy,74382.21,1776259616724,0,0,0,,,,0,cancelled
2026-04-15 13:00,ord-000402,sell,74386.22,1776259616724,0,0,0,,,,0,cancelled
2026-04-15 13:00,ord-000403,buy,74378.03,1776259621724,0,0,0,,,,0,cancelled
2026-04-15 13:00,ord-000404,sell,74382.04,1776259621724,0,0,0,,,,0,cancelled
2026-04-15 13:00,ord-000405,buy,74369.05,1776259626724,0,0,0,,,,0,cancelled
2026-04-15 13:00,ord-000406,sell,74373.06,1776259626724,0,0,0,,,,0,cancelled
2026-04-15 13:00,ord-000407,buy,74365.88,1776259636024,0,0,0,,,,0,cancelled
2026-04-15 13:00,ord-000408,sell,74369.89,1776259636024,0,0,0,,,,0,cancelled
2026-04-15 13:00,ord-000409,buy,74364.48,1776259641024,0,0,0,,,,0,cancelled
2026-04-15 13:00,ord-000410,sell,74368.49,1776259641024,0,0,0,,,,0,cancelled
2026-04-15 13:00,ord-000411,buy,74364.49,1776259646024,0,0,0,,,,0,cancelled
2026-04-15 13:00,ord-000412,sell,74368.50,1776259646024,0,0,0,,,,0,cancelled
2026-04-15 13:00,ord-000413,buy,74368.84,1776259651024,0,0,0,,,,0,cancelled
2026-04-15 13:00,ord-000414,sell,74372.85,1776259651024,0,0,0,,,,0,cancelled
2026-04-15 13:00,ord-000415,buy,74368.85,1776259657824,0,0,0,,,,0,cancelled
2026-04-15 13:00,ord-000416,sell,74372.86,1776259657824,0,0,0,,,,0,cancelled
2026-04-15 13:00,ord-000417,buy,74379.40,1776259663124,0,0,0,,,,0,cancelled
2026-04-15 13:00,ord-000418,sell,74383.41,1776259663124,0,0,0,,,,0,cancelled
2026-04-15 13:00,ord-000419,buy,74383.36,1776259668324,0,0,0,,,,0,cancelled
2026-04-15 13:00,ord-000420,sell,74387.37,1776259668324,0,0,0,,,,0,cancelled
2026-04-15 13:00,ord-000421,buy,74393.20,1776259673324,0,0,0,,,,0,cancelled
2026-04-15 13:00,ord-000422,sell,74397.21,1776259673324,0,0,0,,,,0,cancelled
2026-04-15 13:00,ord-000423,buy,74388.02,1776259678324,0,0,0,,,,0,cancelled
2026-04-15 13:00,ord-000424,sell,74392.03,1776259678324,0,0,0,1776259680179,0,0,0.00044000,cancelled
2026-04-15 13:00,ord-000425,buy,74401.24,1776259683324,0,0,0,,,,0,cancelled
2026-04-15 13:00,ord-000426,sell,74405.25,1776259683324,0,0,0,,,,0,cancelled
2026-04-15 13:00,ord-000427,buy,74401.20,1776259698724,0,0,0,,,,0,cancelled
2026-04-15 13:00,ord-000428,sell,74405.21,1776259698724,0,0,0,,,,0,cancelled
2026-04-15 13:00,ord-000429,buy,74396.47,1776259703724,0,0,0,,,,0,cancelled
2026-04-15 13:00,ord-000430,sell,74400.48,1776259703724,0,0,0,,,,0,cancelled
2026-04-15 13:00,ord-000431,buy,74392.65,1776259719824,0,0,0,,,,0,cancelled
2026-04-15 13:00,ord-000432,sell,74396.66,1776259719824,0,0,0,,,,0,cancelled
2026-04-15 13:00,ord-000433,buy,74401.92,1776259724824,0,0,0,,,,0,cancelled
2026-04-15 13:00,ord-000434,sell,74405.93,1776259724824,0,0,0,,,,0,cancelled
2026-04-15 13:00,ord-000435,buy,74401.12,1776259730724,0,0,0,,,,0,cancelled
2026-04-15 13:00,ord-000436,sell,74405.13,1776259730724,0,0,0,,,,0,cancelled
2026-04-15 13:00,ord-000437,buy,74398.00,1776259735724,0.00040000,0,0,,,,0,cancelled
2026-04-15 13:00,ord-000438,sell,74402.01,1776259735724,0.00014000,0.00014000,0,1776259748468,0.00014000,0.00000000,0.00008000,cancelled
2026-04-15 13:00,ord-000439,buy,74400.00,1776259748524,0.44176000,0,0,,,,0,cancelled
2026-04-15 13:00,ord-000440,sell,74404.01,1776259748524,0,0,0,,,,0,cancelled
2026-04-15 13:00,ord-000441,buy,74401.91,1776259753524,0,0,0,,,,0,cancelled
2026-04-15 13:00,ord-000442,sell,74405.92,1776259753524,0,0,0,,,,0,cancelled
2026-04-15 13:00,ord-000443,buy,74401.17,1776259758524,0,0,0,,,,0,cancelled
2026-04-15 13:00,ord-000444,sell,74405.18,1776259758524,0,0,0,,,,0,cancelled
2026-04-15 13:00,ord-000445,buy,74396.48,1776259779424,0,0,0,,,,0,cancelled
2026-04-15 13:00,ord-000446,sell,74400.49,1776259779424,0,0,0,,,,0,cancelled
2026-04-15 13:00,ord-000447,buy,74396.08,1776259784424,0.00010000,0,0,,,,0,cancelled
2026-04-15 13:00,ord-000448,sell,74400.09,1776259784424,0,0,0,,,,0,cancelled
2026-04-15 13:00,ord-000449,buy,74407.04,1776259800230,0,0,0,,,,0,cancelled
2026-04-15 13:00,ord-000450,sell,74411.05,1776259800230,0.00007000,0,0,,,,0,cancelled
2026-04-15 13:00,ord-000451,buy,74366.35,1776259805324,0,0,0,,,,0,cancelled
2026-04-15 13:00,ord-000452,sell,74370.36,1776259805324,0,0,0,,,,0,cancelled
2026-04-15 13:00,ord-000453,buy,74312.02,1776259810324,0,0,0,,,,0,cancelled
2026-04-15 13:00,ord-000454,sell,74316.03,1776259810324,0,0,0,,,,0,cancelled
2026-04-15 13:00,ord-000455,buy,74328.40,1776259815324,0,0,0,1776259818315,0,0,0.00049000,cancelled
2026-04-15 13:00,ord-000456,sell,74332.41,1776259815324,0,0,0,,,,0,cancelled
2026-04-15 13:00,ord-000457,buy,74327.77,1776259820324,0,0,0,,,,0,cancelled
2026-04-15 13:00,ord-000458,sell,74331.78,1776259820324,0,0,0,,,,0,cancelled
2026-04-15 13:00,ord-000459,buy,74339.74,1776259825324,0,0,0,,,,0,cancelled
2026-04-15 13:00,ord-000460,sell,74343.75,1776259825324,0,0,0,,,,0,cancelled
2026-04-15 13:00,ord-000461,buy,74326.54,1776259830324,0,0,0,,,,0,cancelled
2026-04-15 13:00,ord-000462,sell,74330.55,1776259830324,0,0,0,,,,0,cancelled
2026-04-15 13:00,ord-000463,buy,74318.79,1776259835324,0,0,0,,,,0,cancelled
2026-04-15 13:00,ord-000464,sell,74322.80,1776259835324,0,0,0,,,,0,cancelled
2026-04-15 13:00,ord-000465,buy,74334.76,1776259840324,0,0,0,,,,0,cancelled
2026-04-15 13:00,ord-000466,sell,74338.77,1776259840324,0,0,0,,,,0,cancelled
2026-04-15 13:00,ord-000467,buy,74317.09,1776259845324,0,0,0,,,,0,cancelled
2026-04-15 13:00,ord-000468,sell,74321.10,1776259845324,0,0,0,,,,0,cancelled
2026-04-15 13:00,ord-000469,buy,74349.84,1776259850324,0,0,0,,,,0,cancelled
2026-04-15 13:00,ord-000470,sell,74353.85,1776259850324,0,0,0,,,,0,cancelled
2026-04-15 13:00,ord-000471,buy,74346.30,1776259855324,0,0,0,,,,0,cancelled
2026-04-15 13:00,ord-000472,sell,74350.31,1776259855324,0,0,0,,,,0,cancelled
2026-04-15 13:00,ord-000473,buy,74346.04,1776259861224,0,0,0,,,,0,cancelled
2026-04-15 13:00,ord-000474,sell,74350.05,1776259861224,0,0,0,,,,0,cancelled
2026-04-15 13:00,ord-000475,buy,74312.02,1776259866224,0,0,0,,,,0,cancelled
2026-04-15 13:00,ord-000476,sell,74316.03,1776259866224,0,0,0,,,,0,cancelled
2026-04-15 13:00,ord-000477,buy,74305.44,1776259871224,0,0,0,,,,0,cancelled
2026-04-15 13:00,ord-000478,sell,74309.45,1776259871224,0,0,0,,,,0,cancelled
2026-04-15 13:00,ord-000479,buy,74286.55,1776259876224,0,0,0,,,,0,cancelled
2026-04-15 13:00,ord-000480,sell,74290.56,1776259876224,0,0,0,,,,0,cancelled
2026-04-15 13:00,ord-000481,buy,74238.43,1776259881224,0,0,0,,,,0,cancelled
2026-04-15 13:00,ord-000482,sell,74242.44,1776259881224,0,0,0,,,,0,cancelled
2026-04-15 13:00,ord-000483,buy,74253.29,1776259886224,0.00008000,0,0,,,,0,cancelled
2026-04-15 13:00,ord-000484,sell,74257.30,1776259886224,0,0,0,,,,0,cancelled
2026-04-15 13:00,ord-000485,buy,74243.17,1776259891224,0,0,0,,,,0,cancelled
2026-04-15 13:00,ord-000486,sell,74247.18,1776259891224,0,0,0,,,,0,cancelled
2026-04-15 13:00,ord-000487,buy,74230.23,1776259896224,0,0,0,,,,0,cancelled
2026-04-15 13:00,ord-000488,sell,74234.24,1776259896224,0,0,0,,,,0,cancelled
2026-04-15 13:00,ord-000489,buy,74191.09,1776259901224,0,0,0,,,,0,cancelled
2026-04-15 13:00,ord-000490,sell,74195.10,1776259901224,0,0,0,,,,0,cancelled
2026-04-15 13:00,ord-000491,buy,74169.87,1776259906224,0,0,0,,,,0,cancelled
2026-04-15 13:00,ord-000492,sell,74173.88,1776259906224,0,0,0,,,,0,cancelled
2026-04-15 13:00,ord-000493,buy,74111.57,1776259911224,0,0,0,,,,0,cancelled
2026-04-15 13:00,ord-000494,sell,74115.58,1776259911224,0,0,0,,,,0,cancelled
2026-04-15 13:00,ord-000495,buy,74113.53,1776259916224,0,0,0,,,,0,cancelled
2026-04-15 13:00,ord-000496,sell,74117.54,1776259916224,0,0,0,,,,0,cancelled
2026-04-15 13:00,ord-000497,buy,74123.27,1776259921224,0,0,0,,,,0,cancelled
2026-04-15 13:00,ord-000498,sell,74127.28,1776259921224,0,0,0,,,,0,cancelled
2026-04-15 13:00,ord-000499,buy,74129.50,1776259926224,0,0,0,,,,0,cancelled
2026-04-15 13:00,ord-000500,sell,74133.51,1776259926224,0,0,0,,,,0,cancelled
2026-04-15 13:00,ord-000501,buy,74129.99,1776259931224,0,0,0,,,,0,cancelled
2026-04-15 13:00,ord-000502,sell,74134.00,1776259931224,0,0,0,,,,0,cancelled
2026-04-15 13:00,ord-000503,buy,74152.47,1776259936224,0,0,0,,,,0,cancelled
2026-04-15 13:00,ord-000504,sell,74156.48,1776259936224,0,0,0,,,,0,cancelled
2026-04-15 13:00,ord-000505,buy,74148.88,1776259941224,0,0,0,,,,0,cancelled
2026-04-15 13:00,ord-000506,sell,74152.89,1776259941224,0,0,0,,,,0,cancelled
2026-04-15 13:00,ord-000507,buy,74175.70,1776259946224,0,0,0,,,,0,cancelled
2026-04-15 13:00,ord-000508,sell,74179.71,1776259946224,0,0,0,,,,0,cancelled
2026-04-15 13:00,ord-000509,buy,74163.64,1776259951224,0,0,0,,,,0,cancelled
2026-04-15 13:00,ord-000510,sell,74167.65,1776259951224,0,0,0,,,,0,cancelled
2026-04-15 13:00,ord-000511,buy,74176.65,1776259956224,0,0,0,,,,0,cancelled
2026-04-15 13:00,ord-000512,sell,74180.66,1776259956224,0,0,0,,,,0,cancelled
2026-04-15 13:00,ord-000513,buy,74167.47,1776259961224,0,0,0,,,,0,cancelled
2026-04-15 13:00,ord-000514,sell,74171.48,1776259961224,0,0,0,,,,0,cancelled
2026-04-15 13:00,ord-000515,buy,74120.65,1776259966224,0,0,0,,,,0,cancelled
2026-04-15 13:00,ord-000516,sell,74124.66,1776259966224,0,0,0,,,,0,cancelled
2026-04-15 13:00,ord-000517,buy,74114.88,1776259971224,0,0,0,,,,0,cancelled
2026-04-15 13:00,ord-000518,sell,74118.89,1776259971224,0,0,0,,,,0,cancelled
2026-04-15 13:00,ord-000519,buy,74123.46,1776259976224,0,0,0,,,,0,cancelled
2026-04-15 13:00,ord-000520,sell,74127.47,1776259976224,0,0,0,,,,0,cancelled
2026-04-15 13:00,ord-000521,buy,74182.23,1776259981224,0,0,0,,,,0,cancelled
2026-04-15 13:00,ord-000522,sell,74186.24,1776259981224,0,0,0,,,,0,cancelled
2026-04-15 13:00,ord-000523,buy,74230.26,1776259986224,0.00007000,0,0,,,,0,cancelled
2026-04-15 13:00,ord-000524,sell,74234.27,1776259986224,0,0,0,,,,0,cancelled
2026-04-15 13:00,ord-000525,buy,74232.88,1776259991224,0,0,0,,,,0,cancelled
2026-04-15 13:00,ord-000526,sell,74236.89,1776259991224,0,0,0,,,,0,cancelled
2026-04-15 13:00,ord-000527,buy,74215.43,1776259996224,0,0,0,,,,0,cancelled
2026-04-15 13:00,ord-000528,sell,74219.44,1776259996224,0,0,0,,,,0,cancelled
2026-04-15 13:00,ord-000529,buy,74222.17,1776260001224,0,0,0,1776260002865,0,0,0.00008000,cancelled
2026-04-15 13:00,ord-000530,sell,74226.18,1776260001224,0,0,0,,,,0,cancelled
2026-04-15 13:00,ord-000531,buy,74217.04,1776260006224,0,0,0,,,,0,cancelled
2026-04-15 13:00,ord-000532,sell,74221.05,1776260006224,0,0,0,,,,0,cancelled
2026-04-15 13:00,ord-000533,buy,74239.50,1776260011224,0,0,0,,,,0,cancelled
2026-04-15 13:00,ord-000534,sell,74243.51,1776260011224,0,0,0,,,,0,cancelled
2026-04-15 13:00,ord-000535,buy,74241.67,1776260016224,0,0,0,,,,0,cancelled
2026-04-15 13:00,ord-000536,sell,74245.68,1776260016224,0,0,0,,,,0,cancelled
2026-04-15 13:00,ord-000537,buy,74276.12,1776260021224,0,0,0,,,,0,cancelled
2026-04-15 13:00,ord-000538,sell,74280.13,1776260021224,0,0,0,,,,0,cancelled
2026-04-15 13:00,ord-000539,buy,74279.61,1776260026224,0,0,0,,,,0,cancelled
2026-04-15 13:00,ord-000540,sell,74283.62,1776260026224,0,0,0,,,,0,cancelled
2026-04-15 13:00,ord-000541,buy,74276.66,1776260031224,0,0,0,,,,0,cancelled
2026-04-15 13:00,ord-000542,sell,74280.67,1776260031224,0,0,0,,,,0,cancelled
2026-04-15 13:00,ord-000543,buy,74274.27,1776260036224,0,0,0,1776260040150,0,0,0.00011000,cancelled
2026-04-15 13:00,ord-000544,sell,74278.28,1776260036224,0,0,0,,,,0,cancelled
2026-04-15 13:00,ord-000545,buy,74246.83,1776260041224,0,0,0,,,,0,cancelled
2026-04-15 13:00,ord-000546,sell,74250.84,1776260041224,0,0,0,,,,0,cancelled
2026-04-15 13:00,ord-000547,buy,74244.45,1776260052225,0,0,0,,,,0,cancelled
2026-04-15 13:00,ord-000548,sell,74248.46,1776260052225,0,0,0,,,,0,cancelled
2026-04-15 13:00,ord-000549,buy,74239.78,1776260057324,0,0,0,,,,0,cancelled
2026-04-15 13:00,ord-000550,sell,74243.79,1776260057324,0,0,0,,,,0,cancelled
2026-04-15 13:00,ord-000551,buy,74204.57,1776260062324,0,0,0,,,,0,cancelled
2026-04-15 13:00,ord-000552,sell,74208.58,1776260062324,0,0,0,,,,0,cancelled
2026-04-15 13:00,ord-000553,buy,74224.64,1776260067324,0,0,0,,,,0,cancelled
2026-04-15 13:00,ord-000554,sell,74228.65,1776260067324,0,0,0,,,,0,cancelled
2026-04-15 13:00,ord-000555,buy,74217.21,1776260072324,0,0,0,,,,0,cancelled
2026-04-15 13:00,ord-000556,sell,74221.22,1776260072324,0,0,0,,,,0,cancelled
2026-04-15 13:00,ord-000557,buy,74214.00,1776260077324,0.00120000,0.00120000,0,,,,0,cancelled
2026-04-15 13:00,ord-000558,sell,74218.01,1776260077324,0,0,0,,,,0,cancelled
2026-04-15 13:00,ord-000559,buy,74203.19,1776260082324,0,0,0,,,,0,cancelled
2026-04-15 13:00,ord-000560,sell,74207.20,1776260082324,0,0,0,,,,0,cancelled
2026-04-15 13:00,ord-000561,buy,74209.58,1776260087324,0,0,0,,,,0,cancelled
2026-04-15 13:00,ord-000562,sell,74213.59,1776260087324,0,0,0,,,,0,cancelled
2026-04-15 13:00,ord-000563,buy,74201.16,1776260092324,0,0,0,,,,0,cancelled
2026-04-15 13:00,ord-000564,sell,74205.17,1776260092324,0,0,0,,,,0,cancelled
2026-04-15 13:00,ord-000565,buy,74196.75,1776260097324,0,0,0,,,,0,cancelled
2026-04-15 13:00,ord-000566,sell,74200.76,1776260097324,0,0,0,,,,0,cancelled
2026-04-15 13:00,ord-000567,buy,74184.75,1776260102324,0,0,0,,,,0,cancelled
2026-04-15 13:00,ord-000568,sell,74188.76,1776260102324,0,0,0,,,,0,cancelled
2026-04-15 13:00,ord-000569,buy,74148.00,1776260107324,0.00120000,0.00120000,0,,,,0,cancelled
2026-04-15 13:00,ord-000570,sell,74152.01,1776260107324,0,0,0,,,,0,cancelled
2026-04-15 13:00,ord-000571,buy,74140.81,1776260112324,0,0,0,,,,0,cancelled
2026-04-15 13:00,ord-000572,sell,74144.82,1776260112324,0,0,0,,,,0,cancelled
2026-04-15 13:00,ord-000573,buy,74177.01,1776260117324,0,0,0,,,,0,cancelled
2026-04-15 13:00,ord-000574,sell,74181.02,1776260117324,0,0,0,,,,0,cancelled
2026-04-15 13:00,ord-000575,buy,74144.64,1776260122324,0,0,0,,,,0,cancelled
2026-04-15 13:00,ord-000576,sell,74148.65,1776260122324,0,0,0,,,,0,cancelled
2026-04-15 13:00,ord-000577,buy,74189.87,1776260127324,0,0,0,,,,0,cancelled
2026-04-15 13:00,ord-000578,sell,74193.88,1776260127324,0,0,0,,,,0,cancelled
2026-04-15 13:00,ord-000579,buy,74168.79,1776260132324,0,0,0,,,,0,cancelled
2026-04-15 13:00,ord-000580,sell,74172.80,1776260132324,0,0,0,,,,0,cancelled
2026-04-15 13:00,ord-000581,buy,74149.94,1776260137324,0,0,0,,,,0,cancelled
2026-04-15 13:00,ord-000582,sell,74153.95,1776260137324,0,0,0,,,,0,cancelled
2026-04-15 13:00,ord-000583,buy,74149.15,1776260142324,0,0,0,,,,0,cancelled
2026-04-15 13:00,ord-000584,sell,74153.16,1776260142324,0,0,0,,,,0,cancelled
2026-04-15 13:00,ord-000585,buy,74149.99,1776260147324,0,0,0,,,,0,cancelled
2026-04-15 13:00,ord-000586,sell,74154.00,1776260147324,0.00120000,0.00120000,0,,,,0,cancelled
2026-04-15 13:00,ord-000587,buy,74152.47,1776260153624,0,0,0,,,,0,cancelled
2026-04-15 13:00,ord-000588,sell,74156.48,1776260153624,0,0,0,,,,0,cancelled
2026-04-15 13:00,ord-000589,buy,74156.53,1776260158624,0,0,0,,,,0,cancelled
2026-04-15 13:00,ord-000590,sell,74160.54,1776260158624,0,0,0,,,,0,cancelled
2026-04-15 13:00,ord-000591,buy,74183.98,1776260163624,0,0,0,,,,0,cancelled
2026-04-15 13:00,ord-000592,sell,74187.99,1776260163624,0,0,0,,,,0,cancelled
2026-04-15 13:00,ord-000593,buy,74142.40,1776260168624,0,0,0,,,,0,cancelled
2026-04-15 13:00,ord-000594,sell,74146.41,1776260168624,0,0,0,,,,0,cancelled
2026-04-15 13:00,ord-000595,buy,74122.30,1776260173624,0,0,0,,,,0,cancelled
2026-04-15 13:00,ord-000596,sell,74126.31,1776260173624,0,0,0,,,,0,cancelled
2026-04-15 13:00,ord-000597,buy,74112.72,1776260178724,0,0,0,,,,0,cancelled
2026-04-15 13:00,ord-000598,sell,74116.73,1776260178724,0,0,0,,,,0,cancelled
2026-04-15 13:00,ord-000599,buy,74143.92,1776260183724,0,0,0,,,,0,cancelled
2026-04-15 13:00,ord-000600,sell,74147.93,1776260183724,0,0,0,,,,0,cancelled
2026-04-15 13:00,ord-000601,buy,74163.20,1776260188724,0,0,0,,,,0,cancelled
2026-04-15 13:00,ord-000602,sell,74167.21,1776260188724,0.00674000,0,0,,,,0,cancelled
2026-04-15 13:00,ord-000603,buy,74169.99,1776260193724,0,0,0,,,,0,cancelled
2026-04-15 13:00,ord-000604,sell,74174.00,1776260193724,0.00120000,0.00120000,0,,,,0,cancelled
2026-04-15 13:00,ord-000605,buy,74162.50,1776260198724,0,0,0,,,,0,cancelled
2026-04-15 13:00,ord-000606,sell,74166.51,1776260198724,0.00007000,0,0,,,,0,cancelled
2026-04-15 13:00,ord-000607,buy,74175.17,1776260203724,0,0,0,,,,0,cancelled
2026-04-15 13:00,ord-000608,sell,74179.18,1776260203724,0.00015000,0,0,,,,0,cancelled
2026-04-15 13:00,ord-000609,buy,74184.66,1776260208926,0,0,0,,,,0,cancelled
2026-04-15 13:00,ord-000610,sell,74188.67,1776260208926,0,0,0,,,,0,cancelled
2026-04-15 13:00,ord-000611,buy,74189.32,1776260214024,0,0,0,,,,0,cancelled
2026-04-15 13:00,ord-000612,sell,74193.33,1776260214024,0,0,0,,,,0,cancelled
2026-04-15 13:00,ord-000613,buy,74190.20,1776260220024,0,0,0,1776260220437,0,0,0.001,filled
2026-04-15 13:00,ord-000614,sell,74194.21,1776260220024,0,0,0,,,,0,cancelled
2026-04-15 13:00,ord-000615,buy,74140.66,1776260220572,0,0,0,,,,0,cancelled
2026-04-15 13:00,ord-000616,sell,74144.67,1776260220572,0,0,0,,,,0,cancelled
2026-04-15 13:00,ord-000617,buy,74111.09,1776260225624,0,0,0,,,,0,cancelled
2026-04-15 13:00,ord-000618,sell,74115.10,1776260225624,0,0,0,,,,0,cancelled
2026-04-15 13:00,ord-000619,buy,74098.17,1776260230624,0,0,0,,,,0,cancelled
2026-04-15 13:00,ord-000620,sell,74102.18,1776260230624,0,0,0,,,,0,cancelled
2026-04-15 13:00,ord-000621,buy,74092.33,1776260235624,0,0,0,,,,0,cancelled
2026-04-15 13:00,ord-000622,sell,74096.34,1776260235624,0,0,0,,,,0,cancelled
2026-04-15 13:00,ord-000623,buy,74121.99,1776260240624,0,0,0,,,,0,cancelled
2026-04-15 13:00,ord-000624,sell,74126.00,1776260240624,0.00120000,0,0,,,,0,cancelled
2026-04-15 13:00,ord-000625,buy,74120.81,1776260245624,0,0,0,,,,0,cancelled
2026-04-15 13:00,ord-000626,sell,74124.82,1776260245624,0,0,0,,,,0,cancelled
2026-04-15 13:00,ord-000627,buy,74149.75,1776260250625,0,0,0,,,,0,cancelled
2026-04-15 13:00,ord-000628,sell,74153.76,1776260250625,0,0,0,,,,0,cancelled
2026-04-15 13:00,ord-000629,buy,74159.91,1776260255724,0,0,0,,,,0,cancelled
2026-04-15 13:00,ord-000630,sell,74163.92,1776260255724,0,0,0,,,,0,cancelled
2026-04-15 13:00,ord-000631,buy,74127.50,1776260260724,0,0,0,,,,0,cancelled
2026-04-15 13:00,ord-000632,sell,74131.51,1776260260724,0,0,0,,,,0,cancelled
2026-04-15 13:00,ord-000633,buy,74136.05,1776260265724,0,0,0,1776260268236,0,0,0.00100000,filled
2026-04-15 13:00,ord-000634,sell,74140.06,1776260265724,0,0,0,,,,0,cancelled
2026-04-15 13:00,ord-000635,buy,74129.59,1776260268324,0,0,0,,,,0,cancelled
2026-04-15 13:00,ord-000636,sell,74133.60,1776260268324,0,0,0,,,,0,cancelled
2026-04-15 13:00,ord-000637,buy,74108.00,1776260273324,0.00120000,0.00120000,0,,,,0,cancelled
2026-04-15 13:00,ord-000638,sell,74112.01,1776260273324,0,0,0,,,,0,cancelled
2026-04-15 13:00,ord-000639,buy,74078.00,1776260278324,0.00120000,0.00120000,0,,,,0,cancelled
2026-04-15 13:00,ord-000640,sell,74082.01,1776260278324,0,0,0,,,,0,cancelled
2026-04-15 13:00,ord-000641,buy,74062.74,1776260283324,0,0,0,,,,0,cancelled
2026-04-15 13:00,ord-000642,sell,74066.75,1776260283324,0,0,0,,,,0,cancelled
2026-04-15 13:00,ord-000643,buy,74067.13,1776260288324,0,0,0,,,,0,cancelled
2026-04-15 13:00,ord-000644,sell,74071.14,1776260288324,0,0,0,,,,0,cancelled
2026-04-15 13:00,ord-000645,buy,74011.12,1776260293324,0,0,0,,,,0,cancelled
2026-04-15 13:00,ord-000646,sell,74015.13,1776260293324,0,0,0,,,,0,cancelled
2026-04-15 13:00,ord-000647,buy,74001.69,1776260298324,0,0,0,,,,0,cancelled
2026-04-15 13:00,ord-000648,sell,74005.70,1776260298324,0,0,0,,,,0,cancelled
2026-04-15 13:00,ord-000649,buy,74033.93,1776260303324,0,0,0,,,,0,cancelled
2026-04-15 13:00,ord-000650,sell,74037.94,1776260303324,0,0,0,,,,0,cancelled
2026-04-15 13:00,ord-000651,buy,74037.95,1776260308324,0,0,0,,,,0,cancelled
2026-04-15 13:00,ord-000652,sell,74041.96,1776260308324,0,0,0,,,,0,cancelled
2026-04-15 13:00,ord-000653,buy,74047.79,1776260313324,0,0,0,,,,0,cancelled
2026-04-15 13:00,ord-000654,sell,74051.80,1776260313324,0,0,0,,,,0,cancelled
2026-04-15 13:00,ord-000655,buy,74049.64,1776260318324,0,0,0,,,,0,cancelled
2026-04-15 13:00,ord-000656,sell,74053.65,1776260318324,0,0,0,,,,0,cancelled
2026-04-15 13:00,ord-000657,buy,74046.94,1776260323324,0,0,0,,,,0,cancelled
2026-04-15 13:00,ord-000658,sell,74050.95,1776260323324,0,0,0,,,,0,cancelled
2026-04-15 13:00,ord-000659,buy,74090.50,1776260328324,0,0,0,,,,0,cancelled
2026-04-15 13:00,ord-000660,sell,74094.51,1776260328324,0,0,0,,,,0,cancelled
2026-04-15 13:00,ord-000661,buy,74040.62,1776260333324,0,0,0,,,,0,cancelled
2026-04-15 13:00,ord-000662,sell,74044.63,1776260333324,0,0,0,,,,0,cancelled
2026-04-15 13:00,ord-000663,buy,74078.12,1776260338324,0,0,0,,,,0,cancelled
2026-04-15 13:00,ord-000664,sell,74082.13,1776260338324,0,0,0,1776260341032,0,0,0.00022000,cancelled
2026-04-15 13:00,ord-000665,buy,74097.48,1776260343324,0,0,0,,,,0,cancelled
2026-04-15 13:00,ord-000666,sell,74101.49,1776260343324,0,0,0,,,,0,cancelled
2026-04-15 13:00,ord-000667,buy,74092.00,1776260348324,0.00120000,0,0,,,,0,cancelled
2026-04-15 13:00,ord-000668,sell,74096.01,1776260348324,0,0,0,,,,0,cancelled
2026-04-15 13:00,ord-000669,buy,74097.47,1776260353324,0,0,0,,,,0,cancelled
2026-04-15 13:00,ord-000670,sell,74101.48,1776260353324,0.02006000,0,0,,,,0,cancelled
2026-04-15 13:00,ord-000671,buy,74093.74,1776260358324,0,0,0,,,,0,cancelled
2026-04-15 13:00,ord-000672,sell,74097.75,1776260358324,0,0,0,,,,0,cancelled
2026-04-15 13:00,ord-000673,buy,74108.48,1776260363324,0,0,0,,,,0,cancelled
2026-04-15 13:00,ord-000674,sell,74112.49,1776260363324,0,0,0,,,,0,cancelled
2026-04-15 13:00,ord-000675,buy,74130.67,1776260368324,0,0,0,,,,0,cancelled
2026-04-15 13:00,ord-000676,sell,74134.68,1776260368324,0.00007000,0.00007000,0,,,,0,cancelled
2026-04-15 13:00,ord-000677,buy,74129.26,1776260376324,0,0,0,,,,0,cancelled
2026-04-15 13:00,ord-000678,sell,74133.27,1776260376324,0,0,0,,,,0,cancelled
2026-04-15 13:00,ord-000679,buy,74102.91,1776260381324,0,0,0,,,,0,cancelled
2026-04-15 13:00,ord-000680,sell,74106.92,1776260381324,0,0,0,,,,0,cancelled
2026-04-15 13:00,ord-000681,buy,74117.28,1776260386324,0.00300000,0,0,,,,0,cancelled
2026-04-15 13:00,ord-000682,sell,74121.29,1776260386324,0,0,0,,,,0,cancelled
2026-04-15 13:00,ord-000683,buy,74102.44,1776260391324,0,0,0,,,,0,cancelled
2026-04-15 13:00,ord-000684,sell,74106.45,1776260391324,0,0,0,,,,0,cancelled
2026-04-15 13:00,ord-000685,buy,74114.22,1776260396324,0,0,0,,,,0,cancelled
2026-04-15 13:00,ord-000686,sell,74118.23,1776260396324,0,0,0,,,,0,cancelled
2026-04-15 13:00,ord-000687,buy,74120.00,1776260401324,0.13195000,0.00120000,0,,,,0,cancelled
2026-04-15 13:00,ord-000688,sell,74124.01,1776260401324,0,0,0,,,,0,cancelled
2026-04-15 13:00,ord-000689,buy,74102.13,1776260406324,0,0,0,,,,0,cancelled
2026-04-15 13:00,ord-000690,sell,74106.14,1776260406324,0,0,0,,,,0,cancelled
2026-04-15 13:00,ord-000691,buy,74108.65,1776260411324,0,0,0,1776260415949,0,0,0.00063000,cancelled
2026-04-15 13:00,ord-000692,sell,74112.66,1776260411324,0,0,0,,,,0,cancelled
2026-04-15 13:00,ord-000693,buy,74098.00,1776260416324,0.00120000,0.00120000,0,,,,0,cancelled
2026-04-15 13:00,ord-000694,sell,74102.01,1776260416324,0,0,0,,,,0,cancelled
2026-04-15 13:00,ord-000695,buy,74070.00,1776260421324,0.00120000,0,0,,,,0,cancelled
2026-04-15 13:00,ord-000696,sell,74074.01,1776260421324,0,0,0,,,,0,cancelled
2026-04-15 13:00,ord-000697,buy,74070.81,1776260426324,0,0,0,,,,0,cancelled
2026-04-15 13:00,ord-000698,sell,74074.82,1776260426324,0,0,0,,,,0,cancelled
2026-04-15 13:00,ord-000699,buy,74079.41,1776260431324,0,0,0,,,,0,cancelled
2026-04-15 13:00,ord-000700,sell,74083.42,1776260431324,0,0,0,,,,0,cancelled
2026-04-15 13:00,ord-000701,buy,74076.33,1776260436324,0,0,0,,,,0,cancelled
2026-04-15 13:00,ord-000702,sell,74080.34,1776260436324,0,0,0,,,,0,cancelled
2026-04-15 13:00,ord-000703,buy,74063.99,1776260441324,0,0,0,,,,0,cancelled
2026-04-15 13:00,ord-000704,sell,74068.00,1776260441324,0,0,0,,,,0,cancelled
2026-04-15 13:00,ord-000705,buy,74067.99,1776260446324,0,0,0,,,,0,cancelled
2026-04-15 13:00,ord-000706,sell,74072.00,1776260446324,0.00080000,0.00080000,0,,,,0,cancelled
2026-04-15 13:00,ord-000707,buy,74109.67,1776260451324,0,0,0,,,,0,cancelled
2026-04-15 13:00,ord-000708,sell,74113.68,1776260451324,0,0,0,,,,0,cancelled
2026-04-15 13:00,ord-000709,buy,74100.40,1776260456324,0,0,0,,,,0,cancelled
2026-04-15 13:00,ord-000710,sell,74104.41,1776260456324,0,0,0,,,,0,cancelled
2026-04-15 13:00,ord-000711,buy,74133.76,1776260461324,0,0,0,,,,0,cancelled
2026-04-15 13:00,ord-000712,sell,74137.77,1776260461324,0,0,0,,,,0,cancelled
2026-04-15 13:00,ord-000713,buy,74121.01,1776260466324,0,0,0,,,,0,cancelled
2026-04-15 13:00,ord-000714,sell,74125.02,1776260466324,0,0,0,,,,0,cancelled
2026-04-15 13:00,ord-000715,buy,74102.47,1776260471324,0,0,0,,,,0,cancelled
2026-04-15 13:00,ord-000716,sell,74106.48,1776260471324,0,0,0,,,,0,cancelled
2026-04-15 13:00,ord-000717,buy,74092.54,1776260476324,0,0,0,,,,0,cancelled
2026-04-15 13:00,ord-000718,sell,74096.55,1776260476324,0,0,0,,,,0,cancelled
2026-04-15 13:00,ord-000719,buy,74092.00,1776260486624,0.00120000,0.00120000,0,,,,0,cancelled
2026-04-15 13:00,ord-000720,sell,74096.01,1776260486624,0,0,0,,,,0,cancelled
2026-04-15 13:00,ord-000721,buy,74071.27,1776260491624,0.00023000,0,0,,,,0,cancelled
2026-04-15 13:00,ord-000722,sell,74075.28,1776260491624,0,0,0,,,,0,cancelled
2026-04-15 13:00,ord-000723,buy,74068.00,1776260496624,0.00120000,0.00120000,0,,,,0,cancelled
2026-04-15 13:00,ord-000724,sell,74072.01,1776260496624,0,0,0,,,,0,cancelled
2026-04-15 13:00,ord-000725,buy,74049.64,1776260501624,0,0,0,,,,0,cancelled
2026-04-15 13:00,ord-000726,sell,74053.65,1776260501624,0,0,0,,,,0,cancelled
2026-04-15 13:00,ord-000727,buy,74008.14,1776260506635,0,0,0,,,,0,cancelled
2026-04-15 13:00,ord-000728,sell,74012.15,1776260506635,0,0,0,,,,0,cancelled
2026-04-15 13:00,ord-000729,buy,74028.78,1776260511724,0,0,0,,,,0,cancelled
2026-04-15 13:00,ord-000730,sell,74032.79,1776260511724,0,0,0,,,,0,cancelled
2026-04-15 13:00,ord-000731,buy,74027.33,1776260516724,0,0,0,,,,0,cancelled
2026-04-15 13:00,ord-000732,sell,74031.34,1776260516724,0,0,0,,,,0,cancelled
2026-04-15 13:00,ord-000733,buy,74021.13,1776260521724,0,0,0,,,,0,cancelled
2026-04-15 13:00,ord-000734,sell,74025.14,1776260521724,0,0,0,,,,0,cancelled
2026-04-15 13:00,ord-000735,buy,74036.60,1776260526724,0,0,0,,,,0,cancelled
2026-04-15 13:00,ord-000736,sell,74040.61,1776260526724,0,0,0,,,,0,cancelled
2026-04-15 13:00,ord-000737,buy,74008.00,1776260531724,0.00120000,0.00120000,0,,,,0,cancelled
2026-04-15 13:00,ord-000738,sell,74012.01,1776260531724,0,0,0,,,,0,cancelled
2026-04-15 13:00,ord-000739,buy,73992.94,1776260536724,0,0,0,,,,0,cancelled
2026-04-15 13:00,ord-000740,sell,73996.95,1776260536724,0,0,0,,,,0,cancelled
2026-04-15 13:00,ord-000741,buy,74019.69,1776260541724,0,0,0,,,,0,cancelled
2026-04-15 13:00,ord-000742,sell,74023.70,1776260541724,0,0,0,,,,0,cancelled
2026-04-15 13:00,ord-000743,buy,74001.22,1776260546724,0,0,0,,,,0,cancelled
2026-04-15 13:00,ord-000744,sell,74005.23,1776260546724,0,0,0,,,,0,cancelled
2026-04-15 13:00,ord-000745,buy,73972.21,1776260551724,0.00730000,0,0,,,,0,cancelled
2026-04-15 13:00,ord-000746,sell,73976.22,1776260551724,0,0,0,,,,0,cancelled
2026-04-15 13:00,ord-000747,buy,73980.54,1776260556724,0,0,0,,,,0,cancelled
2026-04-15 13:00,ord-000748,sell,73984.55,1776260556724,0,0,0,,,,0,cancelled
2026-04-15 13:00,ord-000749,buy,73995.33,1776260561724,0,0,0,,,,0,cancelled
2026-04-15 13:00,ord-000750,sell,73999.34,1776260561724,0,0,0,,,,0,cancelled
2026-04-15 13:00,ord-000751,buy,73970.32,1776260566724,0,0,0,,,,0,cancelled
2026-04-15 13:00,ord-000752,sell,73974.33,1776260566724,0,0,0,,,,0,cancelled
2026-04-15 13:00,ord-000753,buy,73972.40,1776260571724,0,0,0,,,,0,cancelled
2026-04-15 13:00,ord-000754,sell,73976.41,1776260571724,0,0,0,,,,0,cancelled
2026-04-15 13:00,ord-000755,buy,73986.00,1776260576724,0.00054000,0.00054000,0,1776260576915,0.00054000,0.00000000,0.00040000,cancelled
2026-04-15 13:00,ord-000756,sell,73990.01,1776260576724,0,0,0,,,,0,cancelled
2026-04-15 13:00,ord-000757,buy,73964.38,1776260581724,0,0,0,,,,0,cancelled
2026-04-15 13:00,ord-000758,sell,73968.39,1776260581724,0,0,0,,,,0,cancelled
2026-04-15 13:00,ord-000759,buy,73967.92,1776260586724,0,0,0,,,,0,cancelled
2026-04-15 13:00,ord-000760,sell,73971.93,1776260586724,0,0,0,,,,0,cancelled
2026-04-15 13:00,ord-000761,buy,73983.49,1776260591724,0,0,0,,,,0,cancelled
2026-04-15 13:00,ord-000762,sell,73987.50,1776260591724,0,0,0,,,,0,cancelled
2026-04-15 13:00,ord-000763,buy,73976.11,1776260596724,0,0,0,,,,0,cancelled
2026-04-15 13:00,ord-000764,sell,73980.12,1776260596724,0,0,0,,,,0,cancelled
2026-04-15 13:00,ord-000765,buy,73954.94,1776260601724,0,0,0,,,,0,cancelled
2026-04-15 13:00,ord-000766,sell,73958.95,1776260601724,0,0,0,,,,0,cancelled
2026-04-15 13:00,ord-000767,buy,73948.00,1776260606724,0.00120000,0.00120000,0,,,,0,cancelled
2026-04-15 13:00,ord-000768,sell,73952.01,1776260606724,0,0,0,,,,0,cancelled
2026-04-15 13:00,ord-000769,buy,73934.59,1776260611724,0,0,0,,,,0,cancelled
2026-04-15 13:00,ord-000770,sell,73938.60,1776260611724,0,0,0,,,,0,cancelled
2026-04-15 13:00,ord-000771,buy,73904.11,1776260616724,0,0,0,,,,0,cancelled
2026-04-15 13:00,ord-000772,sell,73908.12,1776260616724,0.00007000,0,0,,,,0,cancelled
2026-04-15 13:00,ord-000773,buy,73893.76,1776260621724,0,0,0,,,,0,cancelled
2026-04-15 13:00,ord-000774,sell,73897.77,1776260621724,0,0,0,,,,0,cancelled
2026-04-15 13:00,ord-000775,buy,73890.46,1776260626724,0,0,0,,,,0,cancelled
2026-04-15 13:00,ord-000776,sell,73894.47,1776260626724,0,0,0,,,,0,cancelled
2026-04-15 13:00,ord-000777,buy,73907.96,1776260631724,0.00007000,0,0,,,,0,cancelled
2026-04-15 13:00,ord-000778,sell,73911.97,1776260631724,0,0,0,,,,0,cancelled
2026-04-15 13:00,ord-000779,buy,73910.08,1776260636724,0,0,0,,,,0,cancelled
2026-04-15 13:00,ord-000780,sell,73914.09,1776260636724,0,0,0,,,,0,cancelled
2026-04-15 13:00,ord-000781,buy,73888.65,1776260641724,0,0,0,,,,0,cancelled
2026-04-15 13:00,ord-000782,sell,73892.66,1776260641724,0,0,0,,,,0,cancelled
2026-04-15 13:00,ord-000783,buy,73910.08,1776260646724,0,0,0,,,,0,cancelled
2026-04-15 13:00,ord-000784,sell,73914.09,1776260646724,0,0,0,,,,0,cancelled
2026-04-15 13:00,ord-000785,buy,73949.56,1776260651724,0,0,0,,,,0,cancelled
2026-04-15 13:00,ord-000786,sell,73953.57,1776260651724,0,0,0,,,,0,cancelled
2026-04-15 13:00,ord-000787,buy,73942.47,1776260656724,0,0,0,,,,0,cancelled
2026-04-15 13:00,ord-000788,sell,73946.48,1776260656724,0,0,0,,,,0,cancelled
2026-04-15 13:00,ord-000789,buy,73912.00,1776260661724,0.00120000,0,0,,,,0,cancelled
2026-04-15 13:00,ord-000790,sell,73916.01,1776260661724,0,0,0,,,,0,cancelled
2026-04-15 13:00,ord-000791,buy,73930.00,1776260666724,0,0,0,,,,0,cancelled
2026-04-15 13:00,ord-000792,sell,73934.01,1776260666724,0,0,0,,,,0,cancelled
2026-04-15 13:00,ord-000793,buy,73926.82,1776260671724,0.06124000,0,0,,,,0,cancelled
2026-04-15 13:00,ord-000794,sell,73930.83,1776260671724,0,0,0,,,,0,cancelled
2026-04-15 13:00,ord-000795,buy,73898.00,1776260676724,0.00120000,0.00120000,0,1776260677228,0.00015000,0.00000000,0.00077000,cancelled
2026-04-15 13:00,ord-000796,sell,73902.01,1776260676724,0,0,0,,,,0,cancelled
2026-04-15 13:00,ord-000797,buy,73902.99,1776260681724,0,0,0,,,,0,cancelled
2026-04-15 13:00,ord-000798,sell,73907.00,1776260681724,0,0,0,,,,0,cancelled
2026-04-15 13:00,ord-000799,buy,73878.39,1776260686724,0,0,0,,,,0,cancelled
2026-04-15 13:00,ord-000800,sell,73882.40,1776260686724,0,0,0,,,,0,cancelled
2026-04-15 13:00,ord-000801,buy,73863.47,1776260691724,0,0,0,,,,0,cancelled
2026-04-15 13:00,ord-000802,sell,73867.48,1776260691724,0,0,0,,,,0,cancelled
2026-04-15 13:00,ord-000803,buy,73901.99,1776260696724,0,0,0,,,,0,cancelled
2026-04-15 13:00,ord-000804,sell,73906.00,1776260696724,0.00142000,0,0,,,,0,cancelled
2026-04-15 13:00,ord-000805,buy,73877.18,1776260701724,0,0,0,,,,0,cancelled
2026-04-15 13:00,ord-000806,sell,73881.19,1776260701724,0,0,0,,,,0,cancelled
2026-04-15 13:00,ord-000807,buy,73895.75,1776260706724,0,0,0,,,,0,cancelled
2026-04-15 13:00,ord-000808,sell,73899.76,1776260706724,0,0,0,,,,0,cancelled
2026-04-15 13:00,ord-000809,buy,73902.99,1776260711724,0,0,0,,,,0,cancelled
2026-04-15 13:00,ord-000810,sell,73907.00,1776260711724,0,0,0,,,,0,cancelled
2026-04-15 13:00,ord-000811,buy,73863.30,1776260716724,0,0,0,,,,0,cancelled
2026-04-15 13:00,ord-000812,sell,73867.31,1776260716724,0,0,0,,,,0,cancelled
2026-04-15 13:00,ord-000813,buy,73877.49,1776260721724,0,0,0,,,,0,cancelled
2026-04-15 13:00,ord-000814,sell,73881.50,1776260721724,0,0,0,,,,0,cancelled
2026-04-15 13:00,ord-000815,buy,73904.01,1776260726724,0,0,0,,,,0,cancelled
2026-04-15 13:00,ord-000816,sell,73908.02,1776260726724,0,0,0,,,,0,cancelled
2026-04-15 13:00,ord-000817,buy,73893.92,1776260731724,0,0,0,,,,0,cancelled
2026-04-15 13:00,ord-000818,sell,73897.93,1776260731724,0,0,0,,,,0,cancelled
2026-04-15 13:00,ord-000819,buy,73908.96,1776260736724,0,0,0,,,,0,cancelled
2026-04-15 13:00,ord-000820,sell,73912.97,1776260736724,0,0,0,,,,0,cancelled
2026-04-15 13:00,ord-000821,buy,73961.69,1776260741724,0,0,0,,,,0,cancelled
2026-04-15 13:00,ord-000822,sell,73965.70,1776260741724,0,0,0,,,,0,cancelled
2026-04-15 13:00,ord-000823,buy,73954.00,1776260746725,0.00120000,0,0,,,,0,cancelled
2026-04-15 13:00,ord-000824,sell,73958.01,1776260746725,0,0,0,,,,0,cancelled
2026-04-15 13:00,ord-000825,buy,73946.82,1776260751824,0,0,0,,,,0,cancelled
2026-04-15 13:00,ord-000826,sell,73950.83,1776260751824,0,0,0,,,,0,cancelled
2026-04-15 13:00,ord-000827,buy,73972.26,1776260756824,0,0,0,1776260760252,0,0,0.00014000,cancelled
2026-04-15 13:00,ord-000828,sell,73976.27,1776260756824,0,0,0,,,,0,cancelled
2026-04-15 13:00,ord-000829,buy,73946.83,1776260761824,0,0,0,,,,0,cancelled
2026-04-15 13:00,ord-000830,sell,73950.84,1776260761824,0,0,0,,,,0,cancelled
2026-04-15 13:00,ord-000831,buy,73976.91,1776260766824,0,0,0,,,,0,cancelled
2026-04-15 13:00,ord-000832,sell,73980.92,1776260766824,0,0,0,,,,0,cancelled
2026-04-15 13:00,ord-000833,buy,73986.61,1776260771824,0,0,0,,,,0,cancelled
2026-04-15 13:00,ord-000834,sell,73990.62,1776260771824,0.00007000,0,0,,,,0,cancelled
2026-04-15 13:00,ord-000835,buy,73977.69,1776260776824,0,0,0,,,,0,cancelled
2026-04-15 13:00,ord-000836,sell,73981.70,1776260776824,0,0,0,,,,0,cancelled
2026-04-15 13:00,ord-000837,buy,73959.24,1776260781824,0,0,0,,,,0,cancelled
2026-04-15 13:00,ord-000838,sell,73963.25,1776260781824,0,0,0,,,,0,cancelled
2026-04-15 13:00,ord-000839,buy,73956.60,1776260786824,0,0,0,,,,0,cancelled
2026-04-15 13:00,ord-000840,sell,73960.61,1776260786824,0,0,0,,,,0,cancelled
2026-04-15 13:00,ord-000841,buy,73965.10,1776260791824,0,0,0,,,,0,cancelled
2026-04-15 13:00,ord-000842,sell,73969.11,1776260791824,0,0,0,,,,0,cancelled
2026-04-15 13:00,ord-000843,buy,73952.15,1776260796824,0,0,0,,,,0,cancelled
2026-04-15 13:00,ord-000844,sell,73956.16,1776260796824,0,0,0,,,,0,cancelled
2026-04-15 13:00,ord-000845,buy,73916.81,1776260801824,0,0,0,,,,0,cancelled
2026-04-15 13:00,ord-000846,sell,73920.82,1776260801824,0,0,0,,,,0,cancelled
2026-04-15 13:00,ord-000847,buy,73925.46,1776260806824,0,0,0,,,,0,cancelled
2026-04-15 13:00,ord-000848,sell,73929.47,1776260806824,0,0,0,,,,0,cancelled
2026-04-15 13:00,ord-000849,buy,73955.67,1776260811824,0,0,0,,,,0,cancelled
2026-04-15 13:00,ord-000850,sell,73959.68,1776260811824,0,0,0,,,,0,cancelled
2026-04-15 13:00,ord-000851,buy,73952.95,1776260816824,0,0,0,,,,0,cancelled
2026-04-15 13:00,ord-000852,sell,73956.96,1776260816824,0,0,0,,,,0,cancelled
2026-04-15 13:00,ord-000853,buy,73948.84,1776260821824,0,0,0,,,,0,cancelled
2026-04-15 13:00,ord-000854,sell,73952.85,1776260821824,0,0,0,,,,0,cancelled
2026-04-15 13:00,ord-000855,buy,73955.67,1776260826824,0,0,0,,,,0,cancelled
2026-04-15 13:00,ord-000856,sell,73959.68,1776260826824,0,0,0,,,,0,cancelled
2026-04-15 13:00,ord-000857,buy,73991.86,1776260831824,0,0,0,,,,0,cancelled
2026-04-15 13:00,ord-000858,sell,73995.87,1776260831824,0.00010000,0,0,,,,0,cancelled
2026-04-15 13:00,ord-000859,buy,73989.81,1776260836824,0,0,0,,,,0,cancelled
2026-04-15 13:00,ord-000860,sell,73993.82,1776260836824,0,0,0,,,,0,cancelled
2026-04-15 13:00,ord-000861,buy,73974.00,1776260841824,0.00127000,0.00127000,0,1776260842987,0.00127000,0.00000000,0.00007000,cancelled
2026-04-15 13:00,ord-000862,sell,73978.01,1776260841824,0,0,0,,,,0,cancelled
2026-04-15 13:00,ord-000863,buy,73976.98,1776260846824,0,0,0,,,,0,cancelled
2026-04-15 13:00,ord-000864,sell,73980.99,1776260846824,0,0,0,,,,0,cancelled
2026-04-15 13:00,ord-000865,buy,73983.99,1776260851824,0,0,0,,,,0,cancelled
2026-04-15 13:00,ord-000866,sell,73988.00,1776260851824,0.00120000,0.00120000,0,,,,0,cancelled
2026-04-15 13:00,ord-000867,buy,73989.69,1776260856824,0,0,0,,,,0,cancelled
2026-04-15 13:00,ord-000868,sell,73993.70,1776260856824,0,0,0,,,,0,cancelled
2026-04-15 13:00,ord-000869,buy,73995.99,1776260870024,0,0,0,,,,0,cancelled
2026-04-15 13:00,ord-000870,sell,74000.00,1776260870024,7.24879000,0.00514000,0,,,,0,cancelled
2026-04-15 13:00,ord-000871,buy,73997.99,1776260875024,0.00021000,0.00021000,0,1776260876055,0.00021000,0.00000000,0.00049000,cancelled
2026-04-15 13:00,ord-000872,sell,74002.00,1776260875024,0.00120000,0,0,,,,0,cancelled
2026-04-15 13:00,ord-000873,buy,73992.92,1776260880024,0,0,0,,,,0,cancelled
2026-04-15 13:00,ord-000874,sell,73996.93,1776260880024,0,0,0,,,,0,cancelled
2026-04-15 13:00,ord-000875,buy,73994.82,1776260885024,0,0,0,,,,0,cancelled
2026-04-15 13:00,ord-000876,sell,73998.83,1776260885024,0,0,0,,,,0,cancelled
2026-04-15 13:00,ord-000877,buy,73960.09,1776260890024,0,0,0,,,,0,cancelled
2026-04-15 13:00,ord-000878,sell,73964.10,1776260890024,0,0,0,,,,0,cancelled
2026-04-15 13:00,ord-000879,buy,73948.69,1776260895024,0,0,0,,,,0,cancelled
2026-04-15 13:00,ord-000880,sell,73952.70,1776260895024,0,0,0,,,,0,cancelled
2026-04-15 13:00,ord-000881,buy,73932.86,1776260900024,0,0,0,,,,0,cancelled
2026-04-15 13:00,ord-000882,sell,73936.87,1776260900024,0,0,0,,,,0,cancelled
2026-04-15 13:00,ord-000883,buy,73915.60,1776260905024,0,0,0,,,,0,cancelled
2026-04-15 13:00,ord-000884,sell,73919.61,1776260905024,0,0,0,,,,0,cancelled
2026-04-15 13:00,ord-000885,buy,73900.62,1776260910024,0,0,0,,,,0,cancelled
2026-04-15 13:00,ord-000886,sell,73904.63,1776260910024,0,0,0,,,,0,cancelled
2026-04-15 13:00,ord-000887,buy,73909.09,1776260915024,0,0,0,,,,0,cancelled
2026-04-15 13:00,ord-000888,sell,73913.10,1776260915024,0,0,0,,,,0,cancelled
2026-04-15 13:00,ord-000889,buy,73872.25,1776260920024,0,0,0,,,,0,cancelled
2026-04-15 13:00,ord-000890,sell,73876.26,1776260920024,0.00007000,0,0,,,,0,cancelled
2026-04-15 13:00,ord-000891,buy,73873.99,1776260925024,0,0,0,,,,0,cancelled
2026-04-15 13:00,ord-000892,sell,73878.00,1776260925024,0.00120000,0,0,,,,0,cancelled
2026-04-15 13:00,ord-000893,buy,73862.50,1776260930024,0,0,0,,,,0,cancelled
2026-04-15 13:00,ord-000894,sell,73866.51,1776260930024,0,0,0,,,,0,cancelled
2026-04-15 13:00,ord-000895,buy,73865.58,1776260940824,0,0,0,,,,0,cancelled
2026-04-15 13:00,ord-000896,sell,73869.59,1776260940824,0,0,0,,,,0,cancelled
2026-04-15 13:00,ord-000897,buy,73921.98,1776260945824,0,0,0,,,,0,cancelled
2026-04-15 13:00,ord-000898,sell,73925.99,1776260945824,0.00007000,0,0,,,,0,cancelled
2026-04-15 13:00,ord-000899,buy,73906.12,1776260950824,0,0,0,,,,0,cancelled
2026-04-15 13:00,ord-000900,sell,73910.13,1776260950824,0,0,0,,,,0,cancelled
2026-04-15 13:00,ord-000901,buy,73886.56,1776260955824,0,0,0,,,,0,cancelled
2026-04-15 13:00,ord-000902,sell,73890.57,1776260955824,0,0,0,,,,0,cancelled
2026-04-15 13:00,ord-000903,buy,73893.95,1776260960824,0,0,0,,,,0,cancelled
2026-04-15 13:00,ord-000904,sell,73897.96,1776260960824,0,0,0,,,,0,cancelled
2026-04-15 13:00,ord-000905,buy,73917.75,1776260965824,1.12712000,0,0,,,,0,cancelled
2026-04-15 13:00,ord-000906,sell,73921.76,1776260965824,0,0,0,,,,0,cancelled
2026-04-15 13:00,ord-000907,buy,73900.20,1776260970824,0,0,0,,,,0,cancelled
2026-04-15 13:00,ord-000908,sell,73904.21,1776260970824,0,0,0,,,,0,cancelled
2026-04-15 13:00,ord-000909,buy,73886.42,1776260975824,0,0,0,,,,0,cancelled
2026-04-15 13:00,ord-000910,sell,73890.43,1776260975824,0,0,0,,,,0,cancelled
2026-04-15 13:00,ord-000911,buy,73907.48,1776260980824,0,0,0,,,,0,cancelled
2026-04-15 13:00,ord-000912,sell,73911.49,1776260980824,0,0,0,,,,0,cancelled
2026-04-15 13:00,ord-000913,buy,73904.06,1776260985824,0,0,0,,,,0,cancelled
2026-04-15 13:00,ord-000914,sell,73908.07,1776260985824,0,0,0,,,,0,cancelled
2026-04-15 13:00,ord-000915,buy,73927.87,1776260990824,0,0,0,,,,0,cancelled
2026-04-15 13:00,ord-000916,sell,73931.88,1776260990824,0,0,0,,,,0,cancelled
2026-04-15 13:00,ord-000917,buy,73930.73,1776260995824,0,0,0,,,,0,cancelled
2026-04-15 13:00,ord-000918,sell,73934.74,1776260995824,0,0,0,,,,0,cancelled
2026-04-15 13:00,ord-000919,buy,73939.27,1776261000824,0,0,0,,,,0,cancelled
2026-04-15 13:00,ord-000920,sell,73943.28,1776261000824,0,0,0,,,,0,cancelled
2026-04-15 13:00,ord-000921,buy,73946.09,1776261005824,0,0,0,,,,0,cancelled
2026-04-15 13:00,ord-000922,sell,73950.10,1776261005824,0,0,0,,,,0,cancelled
2026-04-15 13:00,ord-000923,buy,73940.07,1776261010824,0,0,0,,,,0,cancelled
2026-04-15 13:00,ord-000924,sell,73944.08,1776261010824,0,0,0,,,,0,cancelled
2026-04-15 13:00,ord-000925,buy,73939.28,1776261016124,0.00007000,0.00007000,0,,,,0,cancelled
2026-04-15 13:00,ord-000926,sell,73943.29,1776261016124,0,0,0,,,,0,cancelled
2026-04-15 13:00,ord-000927,buy,73940.07,1776261021124,0,0,0,,,,0,cancelled
2026-04-15 13:00,ord-000928,sell,73944.08,1776261021124,0,0,0,,,,0,cancelled
2026-04-15 13:00,ord-000929,buy,73959.89,1776261026124,0,0,0,,,,0,cancelled
2026-04-15 13:00,ord-000930,sell,73963.90,1776261026124,0,0,0,,,,0,cancelled
2026-04-15 13:00,ord-000931,buy,73950.45,1776261031124,0,0,0,,,,0,cancelled
2026-04-15 13:00,ord-000932,sell,73954.46,1776261031124,0,0,0,,,,0,cancelled
2026-04-15 13:00,ord-000933,buy,73937.28,1776261036124,0,0,0,,,,0,cancelled
2026-04-15 13:00,ord-000934,sell,73941.29,1776261036124,0,0,0,,,,0,cancelled
2026-04-15 13:00,ord-000935,buy,73958.00,1776261041124,0.00040000,0.00040000,0,1776261041375,0.00040000,0.00000000,0.00100000,filled
2026-04-15 13:00,ord-000936,sell,73962.01,1776261041124,0,0,0,,,,0,cancelled
2026-04-15 13:00,ord-000937,buy,73952.44,1776261041424,0,0,0,,,,0,cancelled
2026-04-15 13:00,ord-000938,sell,73956.45,1776261041424,0,0,0,,,,0,cancelled
2026-04-15 13:00,ord-000939,buy,73946.36,1776261046424,0,0,0,,,,0,cancelled
2026-04-15 13:00,ord-000940,sell,73950.37,1776261046424,0,0,0,,,,0,cancelled
2026-04-15 13:00,ord-000941,buy,73929.99,1776261051424,0.00139000,0,0,,,,0,cancelled
2026-04-15 13:00,ord-000942,sell,73934.00,1776261051424,0.00080000,0.00080000,0,1776261051515,0.00063000,0.00000000,0.00077000,cancelled
2026-04-15 13:00,ord-000943,buy,73910.02,1776261056424,0,0,0,,,,0,cancelled
2026-04-15 13:00,ord-000944,sell,73914.03,1776261056424,0,0,0,,,,0,cancelled
2026-04-15 13:00,ord-000945,buy,73933.99,1776261061424,0,0,0,,,,0,cancelled
2026-04-15 13:00,ord-000946,sell,73938.00,1776261061424,0.00120000,0,0,,,,0,cancelled
2026-04-15 13:00,ord-000947,buy,73926.24,1776261068824,0,0,0,,,,0,cancelled
2026-04-15 13:00,ord-000948,sell,73930.25,1776261068824,0,0,0,,,,0,cancelled
2026-04-15 13:00,ord-000949,buy,73918.06,1776261073824,0,0,0,,,,0,cancelled
2026-04-15 13:00,ord-000950,sell,73922.07,1776261073824,0,0,0,,,,0,cancelled
2026-04-15 13:00,ord-000951,buy,73898.00,1776261078824,0.00120000,0,0,,,,0,cancelled
2026-04-15 13:00,ord-000952,sell,73902.01,1776261078824,0.32340000,0.00028000,0,,,,0,cancelled
2026-04-15 13:00,ord-000953,buy,73912.88,1776261083824,0,0,0,,,,0,cancelled
2026-04-15 13:00,ord-000954,sell,73916.89,1776261083824,0,0,0,,,,0,cancelled
2026-04-15 13:00,ord-000955,buy,73921.00,1776261088824,0,0,0,,,,0,cancelled
2026-04-15 13:00,ord-000956,sell,73925.01,1776261088824,0.00008000,0,0,,,,0,cancelled
2026-04-15 13:00,ord-000957,buy,73916.16,1776261093824,0,0,0,,,,0,cancelled
2026-04-15 13:00,ord-000958,sell,73920.17,1776261093824,0,0,0,,,,0,cancelled
2026-04-15 13:00,ord-000959,buy,73906.12,1776261098824,0,0,0,,,,0,cancelled
2026-04-15 13:00,ord-000960,sell,73910.13,1776261098824,0,0,0,,,,0,cancelled
2026-04-15 13:00,ord-000961,buy,73912.45,1776261103824,0,0,0,,,,0,cancelled
2026-04-15 13:00,ord-000962,sell,73916.46,1776261103824,0,0,0,,,,0,cancelled
2026-04-15 13:00,ord-000963,buy,73930.75,1776261108824,0,0,0,,,,0,cancelled
2026-04-15 13:00,ord-000964,sell,73934.76,1776261108824,0,0,0,,,,0,cancelled
2026-04-15 13:00,ord-000965,buy,73946.82,1776261113824,0,0,0,,,,0,cancelled
2026-04-15 13:00,ord-000966,sell,73950.83,1776261113824,0,0,0,,,,0,cancelled
2026-04-15 13:00,ord-000967,buy,73945.45,1776261118824,0,0,0,,,,0,cancelled
2026-04-15 13:00,ord-000968,sell,73949.46,1776261118824,0,0,0,,,,0,cancelled
2026-04-15 13:00,ord-000969,buy,73912.46,1776261123824,0,0,0,,,,0,cancelled
2026-04-15 13:00,ord-000970,sell,73916.47,1776261123824,0,0,0,,,,0,cancelled
2026-04-15 13:00,ord-000971,buy,73906.12,1776261128824,0,0,0,,,,0,cancelled
2026-04-15 13:00,ord-000972,sell,73910.13,1776261128824,0,0,0,,,,0,cancelled
2026-04-15 13:00,ord-000973,buy,73862.54,1776261133824,0,0,0,,,,0,cancelled
2026-04-15 13:00,ord-000974,sell,73866.55,1776261133824,0,0,0,,,,0,cancelled
2026-04-15 13:00,ord-000975,buy,73829.15,1776261138824,0,0,0,,,,0,cancelled
2026-04-15 13:00,ord-000976,sell,73833.16,1776261138824,0,0,0,,,,0,cancelled
2026-04-15 13:00,ord-000977,buy,73826.45,1776261143824,0,0,0,,,,0,cancelled
2026-04-15 13:00,ord-000978,sell,73830.46,1776261143824,0,0,0,,,,0,cancelled
2026-04-15 13:00,ord-000979,buy,73847.84,1776261148824,0,0,0,,,,0,cancelled
2026-04-15 13:00,ord-000980,sell,73851.85,1776261148824,0,0,0,,,,0,cancelled
2026-04-15 13:00,ord-000981,buy,73835.16,1776261153824,0,0,0,,,,0,cancelled
2026-04-15 13:00,ord-000982,sell,73839.17,1776261153824,0,0,0,,,,0,cancelled
2026-04-15 13:00,ord-000983,buy,73835.32,1776261158824,0,0,0,,,,0,cancelled
2026-04-15 13:00,ord-000984,sell,73839.33,1776261158824,0,0,0,,,,0,cancelled
2026-04-15 13:00,ord-000985,buy,73856.20,1776261163824,0,0,0,,,,0,cancelled
2026-04-15 13:00,ord-000986,sell,73860.21,1776261163824,0,0,0,,,,0,cancelled
2026-04-15 13:00,ord-000987,buy,73845.14,1776261168824,0,0,0,,,,0,cancelled
2026-04-15 13:00,ord-000988,sell,73849.15,1776261168824,0,0,0,,,,0,cancelled
2026-04-15 13:00,ord-000989,buy,73849.44,1776261173824,0,0,0,,,,0,cancelled
2026-04-15 13:00,ord-000990,sell,73853.45,1776261173824,0,0,0,,,,0,cancelled
2026-04-15 13:00,ord-000991,buy,73862.52,1776261178824,0,0,0,,,,0,cancelled
2026-04-15 13:00,ord-000992,sell,73866.53,1776261178824,0,0,0,,,,0,cancelled
2026-04-15 13:00,ord-000993,buy,73866.00,1776261183824,0.00040000,0,0,,,,0,cancelled
2026-04-15 13:00,ord-000994,sell,73870.01,1776261183824,0,0,0,,,,0,cancelled
2026-04-15 13:00,ord-000995,buy,73872.12,1776261188824,0,0,0,,,,0,cancelled
2026-04-15 13:00,ord-000996,sell,73876.13,1776261188824,0,0,0,,,,0,cancelled
2026-04-15 13:00,ord-000997,buy,73870.00,1776261193824,0.00120000,0.00120000,0,1776261195232,0.00074000,0.00000000,0.001,filled
2026-04-15 13:00,ord-000998,sell,73874.01,1776261193824,0,0,0,,,,0,cancelled
2026-04-15 13:00,ord-000999,buy,73866.02,1776261195324,0,0,0,,,,0,cancelled
2026-04-15 13:00,ord-001000,sell,73870.03,1776261195324,0,0,0,,,,0,cancelled
2026-04-15 13:00,ord-001001,buy,73869.99,1776261202124,0,0,0,,,,0,cancelled
2026-04-15 13:00,ord-001002,sell,73874.00,1776261202124,0.00120000,0.00120000,0,,,,0,cancelled
2026-04-15 13:00,ord-001003,buy,73878.09,1776261207124,0,0,0,,,,0,cancelled
2026-04-15 13:00,ord-001004,sell,73882.10,1776261207124,0,0,0,,,,0,cancelled
2026-04-15 13:00,ord-001005,buy,73894.11,1776261212124,0,0,0,,,,0,cancelled
2026-04-15 13:00,ord-001006,sell,73898.12,1776261212124,0,0,0,,,,0,cancelled
2026-04-15 13:00,ord-001007,buy,73872.06,1776261217124,0,0,0,,,,0,cancelled
2026-04-15 13:00,ord-001008,sell,73876.07,1776261217124,0,0,0,,,,0,cancelled
2026-04-15 13:00,ord-001009,buy,73886.32,1776261222124,0,0,0,,,,0,cancelled
2026-04-15 13:00,ord-001010,sell,73890.33,1776261222124,0,0,0,,,,0,cancelled
2026-04-15 13:00,ord-001011,buy,73900.00,1776261227124,0.00080000,0,0,,,,0,cancelled
2026-04-15 13:00,ord-001012,sell,73904.01,1776261227124,0.19365000,0.00070000,0,,,,0,cancelled
2026-04-15 13:00,ord-001013,buy,73907.70,1776261232124,0,0,0,,,,0,cancelled
2026-04-15 13:00,ord-001014,sell,73911.71,1776261232124,0,0,0,,,,0,cancelled
2026-04-15 13:00,ord-001015,buy,73907.40,1776261237124,0,0,0,,,,0,cancelled
2026-04-15 13:00,ord-001016,sell,73911.41,1776261237124,0,0,0,,,,0,cancelled
2026-04-15 13:00,ord-001017,buy,73900.01,1776261242124,0,0,0,,,,0,cancelled
2026-04-15 13:00,ord-001018,sell,73904.02,1776261242124,0,0,0,,,,0,cancelled
2026-04-15 13:00,ord-001019,buy,73920.99,1776261247124,0,0,0,,,,0,cancelled
2026-04-15 13:00,ord-001020,sell,73925.00,1776261247124,0,0,0,,,,0,cancelled
2026-04-15 13:00,ord-001021,buy,73911.95,1776261252124,0,0,0,,,,0,cancelled
2026-04-15 13:00,ord-001022,sell,73915.96,1776261252124,0,0,0,,,,0,cancelled
2026-04-15 13:00,ord-001023,buy,73909.18,1776261257124,0,0,0,,,,0,cancelled
2026-04-15 13:00,ord-001024,sell,73913.19,1776261257124,0,0,0,,,,0,cancelled
2026-04-15 13:00,ord-001025,buy,73898.00,1776261262124,0.00120000,0,0,,,,0,cancelled
2026-04-15 13:00,ord-001026,sell,73902.01,1776261262124,0.02523000,0.00035000,0,,,,0,cancelled
2026-04-15 13:00,ord-001027,buy,73902.65,1776261267124,0,0,0,,,,0,cancelled
2026-04-15 13:00,ord-001028,sell,73906.66,1776261267124,0,0,0,,,,0,cancelled
2026-04-15 13:00,ord-001029,buy,73895.50,1776261272124,0,0,0,,,,0,cancelled
2026-04-15 13:00,ord-001030,sell,73899.51,1776261272124,0,0,0,,,,0,cancelled
2026-04-15 13:00,ord-001031,buy,73891.84,1776261277124,0,0,0,,,,0,cancelled
2026-04-15 13:00,ord-001032,sell,73895.85,1776261277124,0,0,0,,,,0,cancelled
2026-04-15 13:00,ord-001033,buy,73886.42,1776261282124,0,0,0,,,,0,cancelled
2026-04-15 13:00,ord-001034,sell,73890.43,1776261282124,0,0,0,,,,0,cancelled
2026-04-15 13:00,ord-001035,buy,73864.25,1776261287124,0,0,0,,,,0,cancelled
2026-04-15 13:00,ord-001036,sell,73868.26,1776261287124,0,0,0,,,,0,cancelled
2026-04-15 13:00,ord-001037,buy,73856.49,1776261292124,0,0,0,,,,0,cancelled
2026-04-15 13:00,ord-001038,sell,73860.50,1776261292124,0,0,0,,,,0,cancelled
2026-04-15 13:00,ord-001039,buy,73854.79,1776261299624,0,0,0,,,,0,cancelled
2026-04-15 13:00,ord-001040,sell,73858.80,1776261299624,0,0,0,,,,0,cancelled
2026-04-15 13:00,ord-001041,buy,73882.89,1776261304624,0,0,0,,,,0,cancelled
2026-04-15 13:00,ord-001042,sell,73886.90,1776261304624,0,0,0,,,,0,cancelled
2026-04-15 13:00,ord-001043,buy,73864.10,1776261309625,0,0,0,,,,0,cancelled
2026-04-15 13:00,ord-001044,sell,73868.11,1776261309625,0,0,0,,,,0,cancelled
2026-04-15 13:00,ord-001045,buy,73877.79,1776261314724,0,0,0,,,,0,cancelled
2026-04-15 13:00,ord-001046,sell,73881.80,1776261314724,0,0,0,,,,0,cancelled
2026-04-15 13:00,ord-001047,buy,73880.42,1776261325724,0,0,0,,,,0,cancelled
2026-04-15 13:00,ord-001048,sell,73884.43,1776261325724,0,0,0,,,,0,cancelled
2026-04-15 13:00,ord-001049,buy,73902.58,1776261330724,0.00016000,0.00016000,0,1776261334711,0.00016000,0.00000000,0.00005000,cancelled
2026-04-15 13:00,ord-001050,sell,73906.59,1776261330724,0,0,0,,,,0,cancelled
2026-04-15 13:00,ord-001051,buy,73888.59,1776261335724,0,0,0,,,,0,cancelled
2026-04-15 13:00,ord-001052,sell,73892.60,1776261335724,0,0,0,,,,0,cancelled
2026-04-15 13:00,ord-001053,buy,73905.96,1776261340724,0,0,0,,,,0,cancelled
2026-04-15 13:00,ord-001054,sell,73909.97,1776261340724,0,0,0,,,,0,cancelled
2026-04-15 13:00,ord-001055,buy,73908.57,1776261345724,0,0,0,,,,0,cancelled
2026-04-15 13:00,ord-001056,sell,73912.58,1776261345724,0,0,0,,,,0,cancelled
2026-04-15 13:00,ord-001057,buy,73919.38,1776261350724,0,0,0,,,,0,cancelled
2026-04-15 13:00,ord-001058,sell,73923.39,1776261350724,0,0,0,,,,0,cancelled
2026-04-15 13:00,ord-001059,buy,73902.00,1776261355724,0.00120000,0.00120000,0,,,,0,cancelled
2026-04-15 13:00,ord-001060,sell,73906.01,1776261355724,0,0,0,,,,0,cancelled
2026-04-15 13:00,ord-001061,buy,73887.84,1776261360724,0,0,0,,,,0,cancelled
2026-04-15 13:00,ord-001062,sell,73891.85,1776261360724,0,0,0,,,,0,cancelled
2026-04-15 13:00,ord-001063,buy,73901.99,1776261365724,0,0,0,,,,0,cancelled
2026-04-15 13:00,ord-001064,sell,73906.00,1776261365724,0.00120000,0.00120000,0,,,,0,cancelled
2026-04-15 13:00,ord-001065,buy,73907.86,1776261370724,0,0,0,,,,0,cancelled
2026-04-15 13:00,ord-001066,sell,73911.87,1776261370724,0,0,0,,,,0,cancelled
2026-04-15 13:00,ord-001067,buy,73900.52,1776261375724,0,0,0,,,,0,cancelled
2026-04-15 13:00,ord-001068,sell,73904.53,1776261375724,0,0,0,,,,0,cancelled
2026-04-15 13:00,ord-001069,buy,73907.37,1776261380724,0,0,0,,,,0,cancelled
2026-04-15 13:00,ord-001070,sell,73911.38,1776261380724,0,0,0,,,,0,cancelled
2026-04-15 13:00,ord-001071,buy,73888.60,1776261385725,0,0,0,,,,0,cancelled
2026-04-15 13:00,ord-001072,sell,73892.61,1776261385725,0,0,0,,,,0,cancelled
2026-04-15 13:00,ord-001073,buy,73884.00,1776261390824,0.00120000,0.00120000,0,,,,0,cancelled
2026-04-15 13:00,ord-001074,sell,73888.01,1776261390824,0.34277000,0.00028000,0,,,,0,cancelled
2026-04-15 13:00,ord-001075,buy,73896.24,1776261395824,0,0,0,,,,0,cancelled
2026-04-15 13:00,ord-001076,sell,73900.25,1776261395824,0,0,0,,,,0,cancelled
2026-04-15 13:00,ord-001077,buy,73895.24,1776261400824,0,0,0,,,,0,cancelled
2026-04-15 13:00,ord-001078,sell,73899.25,1776261400824,0,0,0,,,,0,cancelled
2026-04-15 13:00,ord-001079,buy,73888.44,1776261405824,0,0,0,,,,0,cancelled
2026-04-15 13:00,ord-001080,sell,73892.45,1776261405824,0,0,0,,,,0,cancelled
2026-04-15 13:00,ord-001081,buy,73890.61,1776261410824,0,0,0,,,,0,cancelled
2026-04-15 13:00,ord-001082,sell,73894.62,1776261410824,0,0,0,,,,0,cancelled
2026-04-15 13:00,ord-001083,buy,73897.30,1776261417224,0,0,0,,,,0,cancelled
2026-04-15 13:00,ord-001084,sell,73901.31,1776261417224,0,0,0,,,,0,cancelled
2026-04-15 13:00,ord-001085,buy,73901.74,1776261422224,0,0,0,,,,0,cancelled
2026-04-15 13:00,ord-001086,sell,73905.75,1776261422224,0,0,0,,,,0,cancelled
2026-04-15 13:00,ord-001087,buy,73925.99,1776261427224,0.05592000,0,0,,,,0,cancelled
2026-04-15 13:00,ord-001088,sell,73930.00,1776261427224,0.00489000,0.00489000,0,,,,0,cancelled
2026-04-15 13:00,ord-001089,buy,73937.94,1776261432225,0,0,0,,,,0,cancelled
2026-04-15 13:00,ord-001090,sell,73941.95,1776261432225,0,0,0,,,,0,cancelled
2026-04-15 13:00,ord-001091,buy,73946.82,1776261437324,0,0,0,,,,0,cancelled
2026-04-15 13:00,ord-001092,sell,73950.83,1776261437324,0,0,0,,,,0,cancelled
2026-04-15 13:00,ord-001093,buy,73973.95,1776261442324,0,0,0,,,,0,cancelled
2026-04-15 13:00,ord-001094,sell,73977.96,1776261442324,0,0,0,,,,0,cancelled
2026-04-15 13:00,ord-001095,buy,73973.96,1776261447324,0,0,0,,,,0,cancelled
2026-04-15 13:00,ord-001096,sell,73977.97,1776261447324,0,0,0,,,,0,cancelled
2026-04-15 13:00,ord-001097,buy,73968.40,1776261452324,0,0,0,,,,0,cancelled
2026-04-15 13:00,ord-001098,sell,73972.41,1776261452324,0,0,0,,,,0,cancelled
2026-04-15 13:00,ord-001099,buy,73965.00,1776261457324,0,0,0,,,,0,cancelled
2026-04-15 13:00,ord-001100,sell,73969.01,1776261457324,0,0,0,,,,0,cancelled
2026-04-15 13:00,ord-001101,buy,73971.90,1776261462324,0,0,0,,,,0,cancelled
2026-04-15 13:00,ord-001102,sell,73975.91,1776261462324,0,0,0,,,,0,cancelled
2026-04-15 13:00,ord-001103,buy,73973.95,1776261467324,0,0,0,,,,0,cancelled
2026-04-15 13:00,ord-001104,sell,73977.96,1776261467324,0,0,0,,,,0,cancelled
2026-04-15 13:00,ord-001105,buy,73997.99,1776261472324,0,0,0,,,,0,cancelled
2026-04-15 13:00,ord-001106,sell,74002.00,1776261472324,0.00120000,0.00120000,0,1776261475106,0.00120000,0.00000000,0.001,filled
2026-04-15 13:00,ord-001107,buy,74002.79,1776261475124,0,0,0,,,,0,cancelled
2026-04-15 13:00,ord-001108,sell,74006.80,1776261475124,0,0,0,,,,0,cancelled
2026-04-15 13:00,ord-001109,buy,74047.99,1776261480124,0,0,0,,,,0,cancelled
2026-04-15 13:00,ord-001110,sell,74052.00,1776261480124,0.00560000,0.00560000,0,,,,0,cancelled
2026-04-15 13:00,ord-001111,buy,74063.95,1776261485124,0,0,0,,,,0,cancelled
2026-04-15 13:00,ord-001112,sell,74067.96,1776261485124,0,0,0,,,,0,cancelled
2026-04-15 13:00,ord-001113,buy,74083.11,1776261490124,0,0,0,,,,0,cancelled
2026-04-15 13:00,ord-001114,sell,74087.12,1776261490124,0,0,0,,,,0,cancelled
2026-04-15 13:00,ord-001115,buy,74112.28,1776261495124,0,0,0,,,,0,cancelled
2026-04-15 13:00,ord-001116,sell,74116.29,1776261495124,0,0,0,,,,0,cancelled
2026-04-15 13:00,ord-001117,buy,74090.00,1776261500124,0.00128000,0,0,,,,0,cancelled
2026-04-15 13:00,ord-001118,sell,74094.01,1776261500124,0,0,0,,,,0,cancelled
2026-04-15 13:00,ord-001119,buy,74090.05,1776261505124,0,0,0,,,,0,cancelled
2026-04-15 13:00,ord-001120,sell,74094.06,1776261505124,0,0,0,,,,0,cancelled
2026-04-15 13:00,ord-001121,buy,74090.76,1776261510124,0,0,0,,,,0,cancelled
2026-04-15 13:00,ord-001122,sell,74094.77,1776261510124,0,0,0,,,,0,cancelled
2026-04-15 13:00,ord-001123,buy,74090.01,1776261515124,0,0,0,,,,0,cancelled
2026-04-15 13:00,ord-001124,sell,74094.02,1776261515124,0,0,0,,,,0,cancelled
2026-04-15 13:00,ord-001125,buy,74078.08,1776261520124,0,0,0,,,,0,cancelled
2026-04-15 13:00,ord-001126,sell,74082.09,1776261520124,0,0,0,,,,0,cancelled
2026-04-15 13:00,ord-001127,buy,74076.04,1776261525124,0,0,0,,,,0,cancelled
2026-04-15 13:00,ord-001128,sell,74080.05,1776261525124,0,0,0,,,,0,cancelled
2026-04-15 13:00,ord-001129,buy,74091.70,1776261530124,0,0,0,,,,0,cancelled
2026-04-15 13:00,ord-001130,sell,74095.71,1776261530124,0.04904000,0,0,,,,0,cancelled
2026-04-15 13:00,ord-001131,buy,74104.56,1776261535124,0,0,0,,,,0,cancelled
2026-04-15 13:00,ord-001132,sell,74108.57,1776261535124,0,0,0,,,,0,cancelled
2026-04-15 13:00,ord-001133,buy,74107.11,1776261540124,0,0,0,,,,0,cancelled
2026-04-15 13:00,ord-001134,sell,74111.12,1776261540124,0,0,0,,,,0,cancelled
2026-04-15 13:00,ord-001135,buy,74091.09,1776261545124,0,0,0,,,,0,cancelled
2026-04-15 13:00,ord-001136,sell,74095.10,1776261545124,0,0,0,,,,0,cancelled
2026-04-15 13:00,ord-001137,buy,74083.99,1776261550124,0,0,0,,,,0,cancelled
2026-04-15 13:00,ord-001138,sell,74088.00,1776261550124,0,0,0,,,,0,cancelled
2026-04-15 13:00,ord-001139,buy,74076.01,1776261555124,0.00014000,0,0,,,,0,cancelled
2026-04-15 13:00,ord-001140,sell,74080.02,1776261555124,0,0,0,,,,0,cancelled
2026-04-15 13:00,ord-001141,buy,74072.50,1776261560124,0,0,0,,,,0,cancelled
2026-04-15 13:00,ord-001142,sell,74076.51,1776261560124,0,0,0,,,,0,cancelled
2026-04-15 13:00,ord-001143,buy,74072.03,1776261565124,0,0,0,,,,0,cancelled
2026-04-15 13:00,ord-001144,sell,74076.04,1776261565124,0,0,0,,,,0,cancelled
2026-04-15 13:00,ord-001145,buy,74079.60,1776261570524,0,0,0,,,,0,cancelled
2026-04-15 13:00,ord-001146,sell,74083.61,1776261570524,0,0,0,,,,0,cancelled
2026-04-15 13:00,ord-001147,buy,74072.52,1776261575524,0,0,0,,,,0,cancelled
2026-04-15 13:00,ord-001148,sell,74076.53,1776261575524,0,0,0,,,,0,cancelled
2026-04-15 13:00,ord-001149,buy,74070.79,1776261587424,0,0,0,,,,0,cancelled
2026-04-15 13:00,ord-001150,sell,74074.80,1776261587424,0,0,0,,,,0,cancelled
2026-04-15 13:00,ord-001151,buy,74048.01,1776261592424,0,0,0,,,,0,cancelled
2026-04-15 13:00,ord-001152,sell,74052.02,1776261592424,0,0,0,,,,0,cancelled
2026-04-15 13:00,ord-001153,buy,74061.91,1776261597424,0,0,0,,,,0,expired
2026-04-15 13:00,ord-001154,sell,74065.92,1776261597424,0.00312000,0,0,,,,0,expired
2026-04-15 14:00,ord-000001,buy,74052.00,1776261600724,0.06926000,0,0,,,,0,cancelled
2026-04-15 14:00,ord-000002,sell,74056.01,1776261600724,0,0,0,,,,0,cancelled
2026-04-15 14:00,ord-000003,buy,74053.98,1776261605724,0,0,0,,,,0,cancelled
2026-04-15 14:00,ord-000004,sell,74057.99,1776261605724,0,0,0,,,,0,cancelled
2026-04-15 14:00,ord-000005,buy,74038.18,1776261610724,0,0,0,,,,0,cancelled
2026-04-15 14:00,ord-000006,sell,74042.19,1776261610724,0,0,0,,,,0,cancelled
2026-04-15 14:00,ord-000007,buy,74041.99,1776261615724,0,0,0,,,,0,cancelled
2026-04-15 14:00,ord-000008,sell,74046.00,1776261615724,0,0,0,,,,0,cancelled
2026-04-15 14:00,ord-000009,buy,74020.68,1776261620724,0,0,0,,,,0,cancelled
2026-04-15 14:00,ord-000010,sell,74024.69,1776261620724,0,0,0,,,,0,cancelled
2026-04-15 14:00,ord-000011,buy,73975.15,1776261625724,0,0,0,,,,0,cancelled
2026-04-15 14:00,ord-000012,sell,73979.16,1776261625724,0,0,0,,,,0,cancelled
2026-04-15 14:00,ord-000013,buy,73983.99,1776261630724,0,0,0,,,,0,cancelled
2026-04-15 14:00,ord-000014,sell,73988.00,1776261630724,0.00040000,0,0,,,,0,cancelled
2026-04-15 14:00,ord-000015,buy,73983.97,1776261635724,0,0,0,,,,0,cancelled
2026-04-15 14:00,ord-000016,sell,73987.98,1776261635724,0,0,0,,,,0,cancelled
2026-04-15 14:00,ord-000017,buy,73997.18,1776261640724,0,0,0,,,,0,cancelled
2026-04-15 14:00,ord-000018,sell,74001.19,1776261640724,0,0,0,,,,0,cancelled
2026-04-15 14:00,ord-000019,buy,73994.20,1776261653824,0,0,0,,,,0,cancelled
2026-04-15 14:00,ord-000020,sell,73998.21,1776261653824,0,0,0,,,,0,cancelled
2026-04-15 14:00,ord-000021,buy,73959.06,1776261658824,0,0,0,,,,0,cancelled
2026-04-15 14:00,ord-000022,sell,73963.07,1776261658824,0,0,0,,,,0,cancelled
2026-04-15 14:00,ord-000023,buy,73992.10,1776261663824,0,0,0,,,,0,cancelled
2026-04-15 14:00,ord-000024,sell,73996.11,1776261663824,0,0,0,,,,0,cancelled
2026-04-15 14:00,ord-000025,buy,73987.53,1776261669224,0,0,0,,,,0,cancelled
2026-04-15 14:00,ord-000026,sell,73991.54,1776261669224,0,0,0,,,,0,cancelled
2026-04-15 14:00,ord-000027,buy,73978.02,1776261674224,0,0,0,,,,0,cancelled
2026-04-15 14:00,ord-000028,sell,73982.03,1776261674224,0,0,0,,,,0,cancelled
2026-04-15 14:00,ord-000029,buy,74002.36,1776261679224,0,0,0,,,,0,cancelled
2026-04-15 14:00,ord-000030,sell,74006.37,1776261679224,0,0,0,,,,0,cancelled
2026-04-15 14:00,ord-000031,buy,73997.94,1776261684224,0,0,0,,,,0,cancelled
2026-04-15 14:00,ord-000032,sell,74001.95,1776261684224,0,0,0,,,,0,cancelled
2026-04-15 14:00,ord-000033,buy,73994.08,1776261689224,0,0,0,,,,0,cancelled
2026-04-15 14:00,ord-000034,sell,73998.09,1776261689224,0,0,0,,,,0,cancelled
2026-04-15 14:00,ord-000035,buy,73991.70,1776261694224,0,0,0,,,,0,cancelled
2026-04-15 14:00,ord-000036,sell,73995.71,1776261694224,0,0,0,,,,0,cancelled
2026-04-15 14:00,ord-000037,buy,73984.93,1776261699224,0.00007000,0,0,,,,0,cancelled
2026-04-15 14:00,ord-000038,sell,73988.94,1776261699224,0,0,0,,,,0,cancelled
2026-04-15 14:00,ord-000039,buy,73986.47,1776261704224,0,0,0,,,,0,cancelled
2026-04-15 14:00,ord-000040,sell,73990.48,1776261704224,0,0,0,,,,0,cancelled
2026-04-15 14:00,ord-000041,buy,73980.58,1776261709224,0,0,0,,,,0,cancelled
2026-04-15 14:00,ord-000042,sell,73984.59,1776261709224,0,0,0,,,,0,cancelled
2026-04-15 14:00,ord-000043,buy,73979.46,1776261714225,0,0,0,,,,0,cancelled
2026-04-15 14:00,ord-000044,sell,73983.47,1776261714225,0,0,0,,,,0,cancelled
2026-04-15 14:00,ord-000045,buy,73981.51,1776261720224,0.79387000,0,0,,,,0,cancelled
2026-04-15 14:00,ord-000046,sell,73985.52,1776261720224,0,0,0,,,,0,cancelled
2026-04-15 14:00,ord-000047,buy,74017.84,1776261725224,0,0,0,,,,0,cancelled
2026-04-15 14:00,ord-000048,sell,74021.85,1776261725224,0,0,0,,,,0,cancelled
2026-04-15 14:00,ord-000049,buy,74030.53,1776261730224,0,0,0,,,,0,cancelled
2026-04-15 14:00,ord-000050,sell,74034.54,1776261730224,0,0,0,,,,0,cancelled
2026-04-15 14:00,ord-000051,buy,74017.84,1776261735224,0,0,0,,,,0,cancelled
2026-04-15 14:00,ord-000052,sell,74021.85,1776261735224,0,0,0,,,,0,cancelled
2026-04-15 14:00,ord-000053,buy,74013.00,1776261742424,0,0,0,,,,0,cancelled
2026-04-15 14:00,ord-000054,sell,74017.01,1776261742424,0,0,0,,,,0,cancelled
2026-04-15 14:00,ord-000055,buy,74019.90,1776261747424,0,0,0,,,,0,cancelled
2026-04-15 14:00,ord-000056,sell,74023.91,1776261747424,0.00007000,0,0,,,,0,cancelled
2026-04-15 14:00,ord-000057,buy,74015.38,1776261753724,0,0,0,,,,0,cancelled
2026-04-15 14:00,ord-000058,sell,74019.39,1776261753724,0,0,0,,,,0,cancelled
2026-04-15 14:00,ord-000059,buy,74003.21,1776261758724,0.00007000,0,0,,,,0,cancelled
2026-04-15 14:00,ord-000060,sell,74007.22,1776261758724,0,0,0,,,,0,cancelled
2026-04-15 14:00,ord-000061,buy,73992.00,1776261763724,0.00120000,0.00120000,0,,,,0,cancelled
2026-04-15 14:00,ord-000062,sell,73996.01,1776261763724,0,0,0,,,,0,cancelled
2026-04-15 14:00,ord-000063,buy,73987.53,1776261770434,0,0,0,,,,0,cancelled
2026-04-15 14:00,ord-000064,sell,73991.54,1776261770434,0,0,0,,,,0,cancelled
2026-04-15 14:00,ord-000065,buy,73978.00,1776261775524,0.00213000,0.00213000,0,,,,0,cancelled
2026-04-15 14:00,ord-000066,sell,73982.01,1776261775524,0,0,0,,,,0,cancelled
2026-04-15 14:00,ord-000067,buy,73959.70,1776261780524,0,0,0,,,,0,cancelled
2026-04-15 14:00,ord-000068,sell,73963.71,1776261780524,0,0,0,,,,0,cancelled
2026-04-15 14:00,ord-000069,buy,73973.99,1776261785524,0,0,0,,,,0,cancelled
2026-04-15 14:00,ord-000070,sell,73978.00,1776261785524,0.00120000,0.00120000,0,,,,0,cancelled
2026-04-15 14:00,ord-000071,buy,73980.20,1776261790524,0,0,0,,,,0,cancelled
2026-04-15 14:00,ord-000072,sell,73984.21,1776261790524,0,0,0,,,,0,cancelled
2026-04-15 14:00,ord-000073,buy,73974.01,1776261795524,1.13503000,0,0,,,,0,cancelled
2026-04-15 14:00,ord-000074,sell,73978.02,1776261795524,0,0,0,,,,0,cancelled
2026-04-15 14:00,ord-000075,buy,73965.31,1776261800524,0.00014000,0,0,,,,0,cancelled
2026-04-15 14:00,ord-000076,sell,73969.32,1776261800524,0,0,0,,,,0,cancelled
2026-04-15 14:00,ord-000077,buy,74006.08,1776261805524,0,0,0,,,,0,cancelled
2026-04-15 14:00,ord-000078,sell,74010.09,1776261805524,0,0,0,,,,0,cancelled
2026-04-15 14:00,ord-000079,buy,73990.83,1776261810524,0,0,0,,,,0,cancelled
2026-04-15 14:00,ord-000080,sell,73994.84,1776261810524,0,0,0,,,,0,cancelled
2026-04-15 14:00,ord-000081,buy,73981.78,1776261815524,0,0,0,,,,0,cancelled
2026-04-15 14:00,ord-000082,sell,73985.79,1776261815524,0,0,0,,,,0,cancelled
2026-04-15 14:00,ord-000083,buy,73989.18,1776261825924,0,0,0,,,,0,cancelled
2026-04-15 14:00,ord-000084,sell,73993.19,1776261825924,0,0,0,,,,0,cancelled
2026-04-15 14:00,ord-000085,buy,74017.30,1776261830924,0,0,0,,,,0,cancelled
2026-04-15 14:00,ord-000086,sell,74021.31,1776261830924,0,0,0,,,,0,cancelled
2026-04-15 14:00,ord-000087,buy,74018.81,1776261837224,0,0,0,,,,0,cancelled
2026-04-15 14:00,ord-000088,sell,74022.82,1776261837224,0,0,0,,,,0,cancelled
2026-04-15 14:00,ord-000089,buy,74020.38,1776261842224,0,0,0,,,,0,cancelled
2026-04-15 14:00,ord-000090,sell,74024.39,1776261842224,0,0,0,,,,0,cancelled
2026-04-15 14:00,ord-000091,buy,74017.30,1776261847224,0,0,0,,,,0,cancelled
2026-04-15 14:00,ord-000092,sell,74021.31,1776261847224,0,0,0,,,,0,cancelled
2026-04-15 14:00,ord-000093,buy,74008.00,1776261852224,0.00120000,0.00120000,0,,,,0,cancelled
2026-04-15 14:00,ord-000094,sell,74012.01,1776261852224,0,0,0,,,,0,cancelled
2026-04-15 14:00,ord-000095,buy,73998.78,1776261857224,0,0,0,,,,0,cancelled
2026-04-15 14:00,ord-000096,sell,74002.79,1776261857224,0,0,0,,,,0,cancelled
2026-04-15 14:00,ord-000097,buy,73989.48,1776261862224,0,0,0,,,,0,cancelled
2026-04-15 14:00,ord-000098,sell,73993.49,1776261862224,0,0,0,,,,0,cancelled
2026-04-15 14:00,ord-000099,buy,73986.00,1776261867224,0.00127000,0.00127000,0,1776261869415,0.00127000,0.00000000,0.001,filled
2026-04-15 14:00,ord-000100,sell,73990.01,1776261867224,0,0,0,,,,0,cancelled
2026-04-15 14:00,ord-000101,buy,73979.15,1776261869524,0,0,0,,,,0,cancelled
2026-04-15 14:00,ord-000102,sell,73983.16,1776261869524,0,0,0,,,,0,cancelled
2026-04-15 14:00,ord-000103,buy,73946.82,1776261874524,0,0,0,,,,0,cancelled
2026-04-15 14:00,ord-000104,sell,73950.83,1776261874524,0,0,0,,,,0,cancelled
2026-04-15 14:00,ord-000105,buy,73942.15,1776261883625,0,0,0,,,,0,cancelled
2026-04-15 14:00,ord-000106,sell,73946.16,1776261883625,0,0,0,,,,0,cancelled
2026-04-15 14:00,ord-000107,buy,73938.02,1776261888724,0,0,0,,,,0,cancelled
2026-04-15 14:00,ord-000108,sell,73942.03,1776261888724,0,0,0,,,,0,cancelled
2026-04-15 14:00,ord-000109,buy,73948.74,1776261893724,0,0,0,,,,0,cancelled
2026-04-15 14:00,ord-000110,sell,73952.75,1776261893724,0,0,0,,,,0,cancelled
2026-04-15 14:00,ord-000111,buy,73939.35,1776261898724,0,0,0,,,,0,cancelled
2026-04-15 14:00,ord-000112,sell,73943.36,1776261898724,0,0,0,,,,0,cancelled
2026-04-15 14:00,ord-000113,buy,73931.08,1776261903724,0,0,0,,,,0,cancelled
2026-04-15 14:00,ord-000114,sell,73935.09,1776261903724,0,0,0,,,,0,cancelled
2026-04-15 14:00,ord-000115,buy,73933.96,1776261908724,0,0,0,,,,0,cancelled
2026-04-15 14:00,ord-000116,sell,73937.97,1776261908724,0,0,0,,,,0,cancelled
2026-04-15 14:00,ord-000117,buy,73953.99,1776261913724,0,0,0,,,,0,cancelled
2026-04-15 14:00,ord-000118,sell,73958.00,1776261913724,0.00120000,0,0,,,,0,cancelled
2026-04-15 14:00,ord-000119,buy,73951.16,1776261921124,0,0,0,,,,0,cancelled
2026-04-15 14:00,ord-000120,sell,73955.17,1776261921124,0,0,0,,,,0,cancelled
2026-04-15 14:00,ord-000121,buy,73939.32,1776261926124,0,0,0,,,,0,cancelled
2026-04-15 14:00,ord-000122,sell,73943.33,1776261926124,0,0,0,,,,0,cancelled
2026-04-15 14:00,ord-000123,buy,73945.09,1776261931524,0,0,0,,,,0,cancelled
2026-04-15 14:00,ord-000124,sell,73949.10,1776261931524,0,0,0,,,,0,cancelled
2026-04-15 14:00,ord-000125,buy,73953.25,1776261936524,0,0,0,,,,0,cancelled
2026-04-15 14:00,ord-000126,sell,73957.26,1776261936524,0,0,0,,,,0,cancelled
2026-04-15 14:00,ord-000127,buy,73975.99,1776261941524,0,0,0,,,,0,cancelled
2026-04-15 14:00,ord-000128,sell,73980.00,1776261941524,0.00120000,0.00120000,0,,,,0,cancelled
2026-04-15 14:00,ord-000129,buy,73976.92,1776261946524,0,0,0,,,,0,cancelled
2026-04-15 14:00,ord-000130,sell,73980.93,1776261946524,0,0,0,,,,0,cancelled
2026-04-15 14:00,ord-000131,buy,73952.49,1776261951524,0,0,0,,,,0,cancelled
2026-04-15 14:00,ord-000132,sell,73956.50,1776261951524,0,0,0,,,,0,cancelled
2026-04-15 14:00,ord-000133,buy,73969.84,1776261956524,0,0,0,,,,0,cancelled
2026-04-15 14:00,ord-000134,sell,73973.85,1776261956524,0,0,0,,,,0,cancelled
2026-04-15 14:00,ord-000135,buy,73953.73,1776261961524,0.00028000,0.00028000,0,1776261963941,0.00028000,0.00000000,0.00002000,cancelled
2026-04-15 14:00,ord-000136,sell,73957.74,1776261961524,0,0,0,,,,0,cancelled
2026-04-15 14:00,ord-000137,buy,73925.43,1776261966524,0,0,0,,,,0,cancelled
2026-04-15 14:00,ord-000138,sell,73929.44,1776261966524,0,0,0,,,,0,cancelled
2026-04-15 14:00,ord-000139,buy,73900.59,1776261971524,0,0,0,,,,0,cancelled
2026-04-15 14:00,ord-000140,sell,73904.60,1776261971524,0,0,0,,,,0,cancelled
2026-04-15 14:00,ord-000141,buy,73903.76,1776261976524,0,0,0,,,,0,cancelled
2026-04-15 14:00,ord-000142,sell,73907.77,1776261976524,0,0,0,,,,0,cancelled
2026-04-15 14:00,ord-000143,buy,73892.45,1776261981524,0,0,0,,,,0,cancelled
2026-04-15 14:00,ord-000144,sell,73896.46,1776261981524,0,0,0,,,,0,cancelled
2026-04-15 14:00,ord-000145,buy,73899.95,1776261986524,0,0,0,,,,0,cancelled
2026-04-15 14:00,ord-000146,sell,73903.96,1776261986524,0,0,0,,,,0,cancelled
2026-04-15 14:00,ord-000147,buy,73915.98,1776261991524,0,0,0,,,,0,cancelled
2026-04-15 14:00,ord-000148,sell,73919.99,1776261991524,0,0,0,,,,0,cancelled
2026-04-15 14:00,ord-000149,buy,73918.45,1776261996524,0,0,0,,,,0,cancelled
2026-04-15 14:00,ord-000150,sell,73922.46,1776261996524,0,0,0,,,,0,cancelled
2026-04-15 14:00,ord-000151,buy,73909.15,1776262001524,0,0,0,,,,0,cancelled
2026-04-15 14:00,ord-000152,sell,73913.16,1776262001524,0,0,0,,,,0,cancelled
2026-04-15 14:00,ord-000153,buy,73925.99,1776262006524,0,0,0,,,,0,cancelled
2026-04-15 14:00,ord-000154,sell,73930.00,1776262006524,0.00120000,0,0,,,,0,cancelled
2026-04-15 14:00,ord-000155,buy,73918.17,1776262011524,0,0,0,,,,0,cancelled
2026-04-15 14:00,ord-000156,sell,73922.18,1776262011524,0,0,0,,,,0,cancelled
2026-04-15 14:00,ord-000157,buy,73928.04,1776262016524,0,0,0,,,,0,cancelled
2026-04-15 14:00,ord-000158,sell,73932.05,1776262016524,0,0,0,,,,0,cancelled
2026-04-15 14:00,ord-000159,buy,73920.32,1776262028524,0,0,0,,,,0,cancelled
2026-04-15 14:00,ord-000160,sell,73924.33,1776262028524,0,0,0,,,,0,cancelled
2026-04-15 14:00,ord-000161,buy,73918.17,1776262033524,0,0,0,,,,0,cancelled
2026-04-15 14:00,ord-000162,sell,73922.18,1776262033524,0,0,0,,,,0,cancelled
2026-04-15 14:00,ord-000163,buy,73904.68,1776262038524,0,0,0,,,,0,cancelled
2026-04-15 14:00,ord-000164,sell,73908.69,1776262038524,0,0,0,,,,0,cancelled
2026-04-15 14:00,ord-000165,buy,73880.35,1776262043524,0.00007000,0.00007000,0,,,,0,cancelled
2026-04-15 14:00,ord-000166,sell,73884.36,1776262043524,0,0,0,,,,0,cancelled
2026-04-15 14:00,ord-000167,buy,73861.69,1776262048524,0,0,0,,,,0,cancelled
2026-04-15 14:00,ord-000168,sell,73865.70,1776262048524,0,0,0,,,,0,cancelled
2026-04-15 14:00,ord-000169,buy,73856.82,1776262053524,0,0,0,,,,0,cancelled
2026-04-15 14:00,ord-000170,sell,73860.83,1776262053524,0,0,0,,,,0,cancelled
2026-04-15 14:00,ord-000171,buy,73861.62,1776262058524,0,0,0,,,,0,cancelled
2026-04-15 14:00,ord-000172,sell,73865.63,1776262058524,0,0,0,,,,0,cancelled
2026-04-15 14:00,ord-000173,buy,73828.00,1776262063524,0.00120000,0,0,,,,0,cancelled
2026-04-15 14:00,ord-000174,sell,73832.01,1776262063524,0,0,0,,,,0,cancelled
2026-04-15 14:00,ord-000175,buy,73849.47,1776262068524,0,0,0,,,,0,cancelled
2026-04-15 14:00,ord-000176,sell,73853.48,1776262068524,0,0,0,,,,0,cancelled
2026-04-15 14:00,ord-000177,buy,73855.84,1776262077424,0,0,0,,,,0,cancelled
2026-04-15 14:00,ord-000178,sell,73859.85,1776262077424,0,0,0,,,,0,cancelled
2026-04-15 14:00,ord-000179,buy,73864.23,1776262082424,0,0,0,,,,0,cancelled
2026-04-15 14:00,ord-000180,sell,73868.24,1776262082424,0,0,0,,,,0,cancelled
2026-04-15 14:00,ord-000181,buy,73879.58,1776262087424,0,0,0,,,,0,cancelled
2026-04-15 14:00,ord-000182,sell,73883.59,1776262087424,0,0,0,,,,0,cancelled
2026-04-15 14:00,ord-000183,buy,73886.39,1776262092424,0,0,0,,,,0,cancelled
2026-04-15 14:00,ord-000184,sell,73890.40,1776262092424,0,0,0,,,,0,cancelled
2026-04-15 14:00,ord-000185,buy,73879.00,1776262097424,0,0,0,,,,0,cancelled
2026-04-15 14:00,ord-000186,sell,73883.01,1776262097424,0,0,0,,,,0,cancelled
2026-04-15 14:00,ord-000187,buy,73885.73,1776262102424,0,0,0,,,,0,cancelled
2026-04-15 14:00,ord-000188,sell,73889.74,1776262102424,0,0,0,,,,0,cancelled
2026-04-15 14:00,ord-000189,buy,73874.64,1776262107424,0,0,0,,,,0,cancelled
2026-04-15 14:00,ord-000190,sell,73878.65,1776262107424,0,0,0,,,,0,cancelled
2026-04-15 14:00,ord-000191,buy,73889.99,1776262112424,0,0,0,,,,0,cancelled
2026-04-15 14:00,ord-000192,sell,73894.00,1776262112424,0.00120000,0,0,,,,0,cancelled
2026-04-15 14:00,ord-000193,buy,73891.49,1776262122524,0,0,0,,,,0,cancelled
2026-04-15 14:00,ord-000194,sell,73895.50,1776262122524,0,0,0,,,,0,cancelled
2026-04-15 14:00,ord-000195,buy,73919.22,1776262127524,0,0,0,,,,0,cancelled
2026-04-15 14:00,ord-000196,sell,73923.23,1776262127524,0,0,0,,,,0,cancelled
2026-04-15 14:00,ord-000197,buy,73910.09,1776262132524,0,0,0,,,,0,cancelled
2026-04-15 14:00,ord-000198,sell,73914.10,1776262132524,0,0,0,,,,0,cancelled
2026-04-15 14:00,ord-000199,buy,73894.00,1776262137524,0.00120000,0,0,,,,0,cancelled
2026-04-15 14:00,ord-000200,sell,73898.01,1776262137524,0,0,0,,,,0,cancelled
2026-04-15 14:00,ord-000201,buy,73899.42,1776262142524,0,0,0,,,,0,cancelled
2026-04-15 14:00,ord-000202,sell,73903.43,1776262142524,0,0,0,,,,0,cancelled
2026-04-15 14:00,ord-000203,buy,73897.56,1776262147524,0,0,0,,,,0,cancelled
2026-04-15 14:00,ord-000204,sell,73901.57,1776262147524,0,0,0,,,,0,cancelled
2026-04-15 14:00,ord-000205,buy,73894.00,1776262152524,0.00120000,0.00120000,0,,,,0,cancelled
2026-04-15 14:00,ord-000206,sell,73898.01,1776262152524,0.47083000,0,0,,,,0,cancelled
2026-04-15 14:00,ord-000207,buy,73880.00,1776262157524,0.00269000,0,0,,,,0,cancelled
2026-04-15 14:00,ord-000208,sell,73884.01,1776262157524,0.00014000,0,0,,,,0,cancelled
2026-04-15 14:00,ord-000209,buy,73882.92,1776262165524,0,0,0,,,,0,cancelled
2026-04-15 14:00,ord-000210,sell,73886.93,1776262165524,0,0,0,,,,0,cancelled
2026-04-15 14:00,ord-000211,buy,73897.99,1776262170524,0,0,0,,,,0,cancelled
2026-04-15 14:00,ord-000212,sell,73902.00,1776262170524,0.00120000,0.00120000,0,,,,0,cancelled
2026-04-15 14:00,ord-000213,buy,73908.57,1776262183024,0,0,0,,,,0,cancelled
2026-04-15 14:00,ord-000214,sell,73912.58,1776262183024,0,0,0,,,,0,cancelled
2026-04-15 14:00,ord-000215,buy,73923.99,1776262188024,0,0,0,,,,0,cancelled
2026-04-15 14:00,ord-000216,sell,73928.00,1776262188024,0.00120000,0.00120000,0,,,,0,cancelled
2026-04-15 14:00,ord-000217,buy,73951.04,1776262193024,0,0,0,,,,0,cancelled
2026-04-15 14:00,ord-000218,sell,73955.05,1776262193024,0,0,0,,,,0,cancelled
2026-04-15 14:00,ord-000219,buy,73956.84,1776262198024,0,0,0,,,,0,cancelled
2026-04-15 14:00,ord-000220,sell,73960.85,1776262198024,0,0,0,,,,0,cancelled
2026-04-15 14:00,ord-000221,buy,73942.25,1776262203024,0,0,0,,,,0,cancelled
2026-04-15 14:00,ord-000222,sell,73946.26,1776262203024,0,0,0,,,,0,cancelled
2026-04-15 14:00,ord-000223,buy,73943.68,1776262208024,0,0,0,,,,0,cancelled
2026-04-15 14:00,ord-000224,sell,73947.69,1776262208024,0,0,0,1776262208404,0,0,0.00007000,cancelled
2026-04-15 14:00,ord-000225,buy,73985.74,1776262213024,0,0,0,,,,0,cancelled
2026-04-15 14:00,ord-000226,sell,73989.75,1776262213024,0,0,0,,,,0,cancelled
2026-04-15 14:00,ord-000227,buy,73981.40,1776262218024,0,0,0,,,,0,cancelled
2026-04-15 14:00,ord-000228,sell,73985.41,1776262218024,0,0,0,,,,0,cancelled
2026-04-15 14:00,ord-000229,buy,73987.01,1776262223024,0,0,0,,,,0,cancelled
2026-04-15 14:00,ord-000230,sell,73991.02,1776262223024,0,0,0,,,,0,cancelled
2026-04-15 14:00,ord-000231,buy,73995.21,1776262228024,0,0,0,,,,0,cancelled
2026-04-15 14:00,ord-000232,sell,73999.22,1776262228024,0.00007000,0.00007000,0,1776262228642,0.00007000,0.00000000,0.00007000,cancelled
2026-04-15 14:00,ord-000233,buy,74021.48,1776262233024,0,0,0,,,,0,cancelled
2026-04-15 14:00,ord-000234,sell,74025.49,1776262233024,0,0,0,,,,0,cancelled
2026-04-15 14:00,ord-000235,buy,74006.66,1776262238024,0,0,0,,,,0,cancelled
2026-04-15 14:00,ord-000236,sell,74010.67,1776262238024,0,0,0,,,,0,cancelled
2026-04-15 14:00,ord-000237,buy,74033.26,1776262243024,0,0,0,,,,0,cancelled
2026-04-15 14:00,ord-000238,sell,74037.27,1776262243024,0,0,0,,,,0,cancelled
2026-04-15 14:00,ord-000239,buy,74017.38,1776262248024,0,0,0,,,,0,cancelled
2026-04-15 14:00,ord-000240,sell,74021.39,1776262248024,0,0,0,,,,0,cancelled
2026-04-15 14:00,ord-000241,buy,74010.22,1776262260424,0,0,0,,,,0,cancelled
2026-04-15 14:00,ord-000242,sell,74014.23,1776262260424,0,0,0,,,,0,cancelled
2026-04-15 14:00,ord-000243,buy,74003.44,1776262265424,0,0,0,,,,0,cancelled
2026-04-15 14:00,ord-000244,sell,74007.45,1776262265424,0,0,0,,,,0,cancelled
2026-04-15 14:00,ord-000245,buy,73980.26,1776262270424,0,0,0,,,,0,cancelled
2026-04-15 14:00,ord-000246,sell,73984.27,1776262270424,0,0,0,,,,0,cancelled
2026-04-15 14:00,ord-000247,buy,73966.61,1776262275424,0,0,0,,,,0,cancelled
2026-04-15 14:00,ord-000248,sell,73970.62,1776262275424,0,0,0,,,,0,cancelled
2026-04-15 14:00,ord-000249,buy,74003.05,1776262280424,0,0,0,,,,0,cancelled
2026-04-15 14:00,ord-000250,sell,74007.06,1776262280424,0,0,0,,,,0,cancelled
2026-04-15 14:00,ord-000251,buy,74015.56,1776262285424,0,0,0,,,,0,cancelled
2026-04-15 14:00,ord-000252,sell,74019.57,1776262285424,0,0,0,,,,0,cancelled
2026-04-15 14:00,ord-000253,buy,74033.25,1776262290425,0,0,0,,,,0,cancelled
2026-04-15 14:00,ord-000254,sell,74037.26,1776262290425,0,0,0,,,,0,cancelled
2026-04-15 14:00,ord-000255,buy,74025.86,1776262295624,0,0,0,,,,0,cancelled
2026-04-15 14:00,ord-000256,sell,74029.87,1776262295624,0,0,0,,,,0,cancelled
2026-04-15 14:00,ord-000257,buy,74018.50,1776262300624,0,0,0,,,,0,cancelled
2026-04-15 14:00,ord-000258,sell,74022.51,1776262300624,0,0,0,,,,0,cancelled
2026-04-15 14:00,ord-000259,buy,74010.22,1776262305624,0,0,0,,,,0,cancelled
2026-04-15 14:00,ord-000260,sell,74014.23,1776262305624,0,0,0,,,,0,cancelled
2026-04-15 14:00,ord-000261,buy,73998.00,1776262310624,0.00120000,0,0,,,,0,cancelled
2026-04-15 14:00,ord-000262,sell,74002.01,1776262310624,0,0,0,,,,0,cancelled
2026-04-15 14:00,ord-000263,buy,74006.36,1776262315624,0,0,0,,,,0,cancelled
2026-04-15 14:00,ord-000264,sell,74010.37,1776262315624,0,0,0,,,,0,cancelled
2026-04-15 14:00,ord-000265,buy,74001.72,1776262320624,0,0,0,,,,0,cancelled
2026-04-15 14:00,ord-000266,sell,74005.73,1776262320624,0,0,0,,,,0,cancelled
2026-04-15 14:00,ord-000267,buy,74006.92,1776262325624,0,0,0,,,,0,cancelled
2026-04-15 14:00,ord-000268,sell,74010.93,1776262325624,0,0,0,,,,0,cancelled
2026-04-15 14:00,ord-000269,buy,73998.00,1776262330624,0.00120000,0,0,,,,0,cancelled
2026-04-15 14:00,ord-000270,sell,74002.01,1776262330624,0,0,0,,,,0,cancelled
2026-04-15 14:00,ord-000271,buy,74021.99,1776262335624,0,0,0,,,,0,cancelled
2026-04-15 14:00,ord-000272,sell,74026.00,1776262335624,0.00120000,0.00120000,0,,,,0,cancelled
2026-04-15 14:00,ord-000273,buy,74033.25,1776262340624,0,0,0,,,,0,cancelled
2026-04-15 14:00,ord-000274,sell,74037.26,1776262340624,0,0,0,,,,0,cancelled
2026-04-15 14:00,ord-000275,buy,74045.37,1776262345624,0,0,0,,,,0,cancelled
2026-04-15 14:00,ord-000276,sell,74049.38,1776262345624,0,0,0,,,,0,cancelled
2026-04-15 14:00,ord-000277,buy,74033.28,1776262350624,0,0,0,,,,0,cancelled
2026-04-15 14:00,ord-000278,sell,74037.29,1776262350624,0,0,0,,,,0,cancelled
2026-04-15 14:00,ord-000279,buy,74039.38,1776262355624,0,0,0,,,,0,cancelled
2026-04-15 14:00,ord-000280,sell,74043.39,1776262355624,0,0,0,,,,0,cancelled
2026-04-15 14:00,ord-000281,buy,74037.78,1776262360624,0,0,0,,,,0,cancelled
2026-04-15 14:00,ord-000282,sell,74041.79,1776262360624,0,0,0,,,,0,cancelled
2026-04-15 14:00,ord-000283,buy,74030.78,1776262367324,0,0,0,,,,0,cancelled
2026-04-15 14:00,ord-000284,sell,74034.79,1776262367324,0,0,0,,,,0,cancelled
2026-04-15 14:00,ord-000285,buy,74014.36,1776262372324,0,0,0,,,,0,cancelled
2026-04-15 14:00,ord-000286,sell,74018.37,1776262372324,0,0,0,,,,0,cancelled
2026-04-15 14:00,ord-000287,buy,74006.37,1776262377324,0,0,0,,,,0,cancelled
2026-04-15 14:00,ord-000288,sell,74010.38,1776262377324,0,0,0,,,,0,cancelled
2026-04-15 14:00,ord-000289,buy,74001.74,1776262382324,0,0,0,,,,0,cancelled
2026-04-15 14:00,ord-000290,sell,74005.75,1776262382324,0,0,0,,,,0,cancelled
2026-04-15 14:00,ord-000291,buy,74009.15,1776262387324,0,0,0,,,,0,cancelled
2026-04-15 14:00,ord-000292,sell,74013.16,1776262387324,0,0,0,,,,0,cancelled
2026-04-15 14:00,ord-000293,buy,74013.44,1776262392324,0,0,0,,,,0,cancelled
2026-04-15 14:00,ord-000294,sell,74017.45,1776262392324,0,0,0,,,,0,cancelled
2026-04-15 14:00,ord-000295,buy,73998.16,1776262397324,0,0,0,,,,0,cancelled
2026-04-15 14:00,ord-000296,sell,74002.17,1776262397324,0,0,0,,,,0,cancelled
2026-04-15 14:00,ord-000297,buy,74001.44,1776262405924,0,0,0,,,,0,cancelled
2026-04-15 14:00,ord-000298,sell,74005.45,1776262405924,0,0,0,,,,0,cancelled
2026-04-15 14:00,ord-000299,buy,73980.80,1776262410924,0,0,0,,,,0,cancelled
2026-04-15 14:00,ord-000300,sell,73984.81,1776262410924,0,0,0,,,,0,cancelled
2026-04-15 14:00,ord-000301,buy,73972.86,1776262416224,0,0,0,,,,0,cancelled
2026-04-15 14:00,ord-000302,sell,73976.87,1776262416224,0,0,0,,,,0,cancelled
2026-04-15 14:00,ord-000303,buy,73982.00,1776262421225,0,0,0,,,,0,cancelled
2026-04-15 14:00,ord-000304,sell,73986.01,1776262421225,0,0,0,,,,0,cancelled
2026-04-15 14:00,ord-000305,buy,73963.81,1776262426324,0,0,0,,,,0,cancelled
2026-04-15 14:00,ord-000306,sell,73967.82,1776262426324,0,0,0,,,,0,cancelled
2026-04-15 14:00,ord-000307,buy,73965.66,1776262434324,0,0,0,,,,0,cancelled
2026-04-15 14:00,ord-000308,sell,73969.67,1776262434324,0,0,0,,,,0,cancelled
2026-04-15 14:00,ord-000309,buy,73979.67,1776262439324,0,0,0,,,,0,cancelled
2026-04-15 14:00,ord-000310,sell,73983.68,1776262439324,0,0,0,,,,0,cancelled
2026-04-15 14:00,ord-000311,buy,73988.96,1776262444324,0,0,0,,,,0,cancelled
2026-04-15 14:00,ord-000312,sell,73992.97,1776262444324,0,0,0,,,,0,cancelled
2026-04-15 14:00,ord-000313,buy,73989.99,1776262465125,0,0,0,,,,0,cancelled
2026-04-15 14:00,ord-000314,sell,73994.00,1776262465125,0.00120000,0,0,,,,0,cancelled
2026-04-15 14:00,ord-000315,buy,74011.37,1776262470224,0,0,0,,,,0,cancelled
2026-04-15 14:00,ord-000316,sell,74015.38,1776262470224,0,0,0,,,,0,cancelled
2026-04-15 14:00,ord-000317,buy,74018.95,1776262475224,0,0,0,,,,0,cancelled
2026-04-15 14:00,ord-000318,sell,74022.96,1776262475224,0,0,0,,,,0,cancelled
2026-04-15 14:00,ord-000319,buy,74051.47,1776262480224,0,0,0,,,,0,cancelled
2026-04-15 14:00,ord-000320,sell,74055.48,1776262480224,0,0,0,,,,0,cancelled
2026-04-15 14:00,ord-000321,buy,74083.99,1776262485224,0,0,0,,,,0,cancelled
2026-04-15 14:00,ord-000322,sell,74088.00,1776262485224,0.01474000,0,0,,,,0,cancelled
2026-04-15 14:00,ord-000323,buy,74071.61,1776262490224,0,0,0,,,,0,cancelled
2026-04-15 14:00,ord-000324,sell,74075.62,1776262490224,0,0,0,,,,0,cancelled
2026-04-15 14:00,ord-000325,buy,74074.75,1776262495224,0,0,0,,,,0,cancelled
2026-04-15 14:00,ord-000326,sell,74078.76,1776262495224,0,0,0,,,,0,cancelled
2026-04-15 14:00,ord-000327,buy,74152.47,1776262500224,0,0,0,,,,0,cancelled
2026-04-15 14:00,ord-000328,sell,74156.48,1776262500224,0,0,0,,,,0,cancelled
2026-04-15 14:00,ord-000329,buy,74151.26,1776262506924,0,0,0,,,,0,cancelled
2026-04-15 14:00,ord-000330,sell,74155.27,1776262506924,0,0,0,,,,0,cancelled
2026-04-15 14:00,ord-000331,buy,74146.05,1776262511924,0,0,0,,,,0,cancelled
2026-04-15 14:00,ord-000332,sell,74150.06,1776262511924,0,0,0,,,,0,cancelled
2026-04-15 14:00,ord-000333,buy,74184.82,1776262516924,0,0,0,,,,0,cancelled
2026-04-15 14:00,ord-000334,sell,74188.83,1776262516924,0,0,0,,,,0,cancelled
2026-04-15 14:00,ord-000335,buy,74178.77,1776262521924,0,0,0,,,,0,cancelled
2026-04-15 14:00,ord-000336,sell,74182.78,1776262521924,0,0,0,,,,0,cancelled
2026-04-15 14:00,ord-000337,buy,74155.11,1776262526924,0,0,0,,,,0,cancelled
2026-04-15 14:00,ord-000338,sell,74159.12,1776262526924,0,0,0,,,,0,cancelled
2026-04-15 14:00,ord-000339,buy,74146.15,1776262531925,0,0,0,,,,0,cancelled
2026-04-15 14:00,ord-000340,sell,74150.16,1776262531925,0,0,0,,,,0,cancelled
2026-04-15 14:00,ord-000341,buy,74153.88,1776262537024,0,0,0,,,,0,cancelled
2026-04-15 14:00,ord-000342,sell,74157.89,1776262537024,0.01661000,0,0,,,,0,cancelled
2026-04-15 14:00,ord-000343,buy,74183.99,1776262542024,0,0,0,,,,0,cancelled
2026-04-15 14:00,ord-000344,sell,74188.00,1776262542024,0.00120000,0.00120000,0,,,,0,cancelled
2026-04-15 14:00,ord-000345,buy,74219.76,1776262547024,0,0,0,,,,0,cancelled
2026-04-15 14:00,ord-000346,sell,74223.77,1776262547024,0,0,0,,,,0,cancelled
2026-04-15 14:00,ord-000347,buy,74203.10,1776262552024,0,0,0,,,,0,cancelled
2026-04-15 14:00,ord-000348,sell,74207.11,1776262552024,0,0,0,,,,0,cancelled
2026-04-15 14:00,ord-000349,buy,74194.00,1776262557024,0.00120000,0,0,,,,0,cancelled
2026-04-15 14:00,ord-000350,sell,74198.01,1776262557024,0.68048000,0.01363000,0,,,,0,cancelled
2026-04-15 14:00,ord-000351,buy,74215.98,1776262562024,0,0,0,,,,0,cancelled
2026-04-15 14:00,ord-000352,sell,74219.99,1776262562024,0,0,0,,,,0,cancelled
2026-04-15 14:00,ord-000353,buy,74233.97,1776262567024,0,0,0,,,,0,cancelled
2026-04-15 14:00,ord-000354,sell,74237.98,1776262567024,0,0,0,,,,0,cancelled
2026-04-15 14:00,ord-000355,buy,74236.33,1776262572024,0,0,0,,,,0,cancelled
2026-04-15 14:00,ord-000356,sell,74240.34,1776262572024,0,0,0,,,,0,cancelled
2026-04-15 14:00,ord-000357,buy,74238.87,1776262577024,0,0,0,,,,0,cancelled
2026-04-15 14:00,ord-000358,sell,74242.88,1776262577024,0,0,0,,,,0,cancelled
2026-04-15 14:00,ord-000359,buy,74240.80,1776262582024,0,0,0,,,,0,cancelled
2026-04-15 14:00,ord-000360,sell,74244.81,1776262582024,0,0,0,,,,0,cancelled
2026-04-15 14:00,ord-000361,buy,74241.84,1776262587024,0,0,0,,,,0,cancelled
2026-04-15 14:00,ord-000362,sell,74245.85,1776262587024,0,0,0,,,,0,cancelled
2026-04-15 14:00,ord-000363,buy,74264.25,1776262592024,0,0,0,,,,0,cancelled
2026-04-15 14:00,ord-000364,sell,74268.26,1776262592024,0,0,0,,,,0,cancelled
2026-04-15 14:00,ord-000365,buy,74280.55,1776262597024,0,0,0,,,,0,cancelled
2026-04-15 14:00,ord-000366,sell,74284.56,1776262597024,0,0,0,,,,0,cancelled
2026-04-15 14:00,ord-000367,buy,74279.99,1776262602024,0,0,0,,,,0,cancelled
2026-04-15 14:00,ord-000368,sell,74284.00,1776262602024,0.00007000,0,0,,,,0,cancelled
2026-04-15 14:00,ord-000369,buy,74309.15,1776262607024,0,0,0,,,,0,cancelled
2026-04-15 14:00,ord-000370,sell,74313.16,1776262607024,0,0,0,,,,0,cancelled
2026-04-15 14:00,ord-000371,buy,74286.98,1776262612024,0,0,0,,,,0,cancelled
2026-04-15 14:00,ord-000372,sell,74290.99,1776262612024,0,0,0,,,,0,cancelled
2026-04-15 14:00,ord-000373,buy,74277.24,1776262617024,0.00300000,0,0,,,,0,cancelled
2026-04-15 14:00,ord-000374,sell,74281.25,1776262617024,0,0,0,,,,0,cancelled
2026-04-15 14:00,ord-000375,buy,74267.00,1776262622024,0,0,0,,,,0,cancelled
2026-04-15 14:00,ord-000376,sell,74271.01,1776262622024,0,0,0,,,,0,cancelled
2026-04-15 14:00,ord-000377,buy,74313.77,1776262627024,0,0,0,,,,0,cancelled
2026-04-15 14:00,ord-000378,sell,74317.78,1776262627024,0,0,0,,,,0,cancelled
2026-04-15 14:00,ord-000379,buy,74316.00,1776262632024,0.00120000,0,0,,,,0,cancelled
2026-04-15 14:00,ord-000380,sell,74320.01,1776262632024,0.36186000,0.00014000,0,,,,0,cancelled
2026-04-15 14:00,ord-000381,buy,74340.84,1776262637024,0,0,0,,,,0,cancelled
2026-04-15 14:00,ord-000382,sell,74344.85,1776262637024,0,0,0,,,,0,cancelled
2026-04-15 14:00,ord-000383,buy,74357.99,1776262642024,0,0,0,,,,0,cancelled
2026-04-15 14:00,ord-000384,sell,74362.00,1776262642024,0.00120000,0.00120000,0,1776262646237,0.00120000,0.00000000,0.001,filled
2026-04-15 14:00,ord-000385,buy,74359.99,1776262646324,0.00007000,0,0,,,,0,cancelled
2026-04-15 14:00,ord-000386,sell,74364.00,1776262646324,0.00120000,0,0,,,,0,cancelled
2026-04-15 14:00,ord-000387,buy,74375.86,1776262651324,0,0,0,,,,0,cancelled
2026-04-15 14:00,ord-000388,sell,74379.87,1776262651324,0,0,0,,,,0,cancelled
2026-04-15 14:00,ord-000389,buy,74336.00,1776262656324,0.00120000,0.00120000,0,,,,0,cancelled
2026-04-15 14:00,ord-000390,sell,74340.01,1776262656324,0.46145000,0,0,,,,0,cancelled
2026-04-15 14:00,ord-000391,buy,74319.50,1776262661324,0,0,0,,,,0,cancelled
2026-04-15 14:00,ord-000392,sell,74323.51,1776262661324,0,0,0,,,,0,cancelled
2026-04-15 14:00,ord-000393,buy,74286.55,1776262666324,0,0,0,,,,0,cancelled
2026-04-15 14:00,ord-000394,sell,74290.56,1776262666324,0,0,0,,,,0,cancelled
2026-04-15 14:00,ord-000395,buy,74291.03,1776262671324,0,0,0,,,,0,cancelled
2026-04-15 14:00,ord-000396,sell,74295.04,1776262671324,0,0,0,,,,0,cancelled
2026-04-15 14:00,ord-000397,buy,74278.00,1776262676324,0,0,0,,,,0,cancelled
2026-04-15 14:00,ord-000398,sell,74282.01,1776262676324,0,0,0,,,,0,cancelled
2026-04-15 14:00,ord-000399,buy,74282.22,1776262681324,0,0,0,,,,0,cancelled
2026-04-15 14:00,ord-000400,sell,74286.23,1776262681324,0,0,0,,,,0,cancelled
2026-04-15 14:00,ord-000401,buy,74285.47,1776262686324,0,0,0,,,,0,cancelled
2026-04-15 14:00,ord-000402,sell,74289.48,1776262686324,0,0,0,,,,0,cancelled
2026-04-15 14:00,ord-000403,buy,74313.83,1776262691324,0,0,0,,,,0,cancelled
2026-04-15 14:00,ord-000404,sell,74317.84,1776262691324,0,0,0,,,,0,cancelled
2026-04-15 14:00,ord-000405,buy,74313.09,1776262696324,0,0,0,,,,0,cancelled
2026-04-15 14:00,ord-000406,sell,74317.10,1776262696324,0,0,0,,,,0,cancelled
2026-04-15 14:00,ord-000407,buy,74298.50,1776262701324,0,0,0,,,,0,cancelled
2026-04-15 14:00,ord-000408,sell,74302.51,1776262701324,0,0,0,,,,0,cancelled
2026-04-15 14:00,ord-000409,buy,74268.85,1776262706324,0,0,0,,,,0,cancelled
2026-04-15 14:00,ord-000410,sell,74272.86,1776262706324,0,0,0,,,,0,cancelled
2026-04-15 14:00,ord-000411,buy,74261.67,1776262711324,0,0,0,,,,0,cancelled
2026-04-15 14:00,ord-000412,sell,74265.68,1776262711324,0,0,0,,,,0,cancelled
2026-04-15 14:00,ord-000413,buy,74222.00,1776262716324,0.00120000,0,0,,,,0,cancelled
2026-04-15 14:00,ord-000414,sell,74226.01,1776262716324,0,0,0,1776262723345,0,0,0.00007000,cancelled
2026-04-15 14:00,ord-000415,buy,74224.05,1776262723424,0,0,0,,,,0,cancelled
2026-04-15 14:00,ord-000416,sell,74228.06,1776262723424,0,0,0,,,,0,cancelled
2026-04-15 14:00,ord-000417,buy,74255.29,1776262728424,0,0,0,,,,0,cancelled
2026-04-15 14:00,ord-000418,sell,74259.30,1776262728424,0,0,0,,,,0,cancelled
2026-04-15 14:00,ord-000419,buy,74256.57,1776262733424,0,0,0,,,,0,cancelled
2026-04-15 14:00,ord-000420,sell,74260.58,1776262733424,0,0,0,,,,0,cancelled
2026-04-15 14:00,ord-000421,buy,74282.84,1776262738424,0,0,0,,,,0,cancelled
2026-04-15 14:00,ord-000422,sell,74286.85,1776262738424,0,0,0,,,,0,cancelled
2026-04-15 14:00,ord-000423,buy,74258.93,1776262743424,0,0,0,,,,0,cancelled
2026-04-15 14:00,ord-000424,sell,74262.94,1776262743424,0,0,0,,,,0,cancelled
2026-04-15 14:00,ord-000425,buy,74250.00,1776262748424,0.00120000,0,0,,,,0,cancelled
2026-04-15 14:00,ord-000426,sell,74254.01,1776262748424,0.00030000,0.00014000,0,,,,0,cancelled
2026-04-15 14:00,ord-000427,buy,74255.29,1776262753426,0,0,0,,,,0,cancelled
2026-04-15 14:00,ord-000428,sell,74259.30,1776262753426,0,0,0,,,,0,cancelled
2026-04-15 14:00,ord-000429,buy,74260.20,1776262762124,0,0,0,,,,0,cancelled
2026-04-15 14:00,ord-000430,sell,74264.21,1776262762124,0,0,0,,,,0,cancelled
2026-04-15 14:00,ord-000431,buy,74268.00,1776262767124,0.00127000,0.00127000,0,1776262767415,0.00127000,0.00000000,0.00007000,cancelled
2026-04-15 14:00,ord-000432,sell,74272.01,1776262767124,0,0,0,,,,0,cancelled
2026-04-15 14:00,ord-000433,buy,74241.51,1776262772124,0,0,0,,,,0,cancelled
2026-04-15 14:00,ord-000434,sell,74245.52,1776262772124,0,0,0,,,,0,cancelled
2026-04-15 14:00,ord-000435,buy,74222.00,1776262777124,0.00120000,0,0,,,,0,cancelled
2026-04-15 14:00,ord-000436,sell,74226.01,1776262777124,0.00007000,0,0,,,,0,cancelled
2026-04-15 14:00,ord-000437,buy,74233.61,1776262782124,0,0,0,,,,0,cancelled
2026-04-15 14:00,ord-000438,sell,74237.62,1776262782124,0,0,0,,,,0,cancelled
2026-04-15 14:00,ord-000439,buy,74204.79,1776262787124,0,0,0,,,,0,cancelled
2026-04-15 14:00,ord-000440,sell,74208.80,1776262787124,0,0,0,,,,0,cancelled
2026-04-15 14:00,ord-000441,buy,74176.26,1776262792124,0,0,0,,,,0,cancelled
2026-04-15 14:00,ord-000442,sell,74180.27,1776262792124,0,0,0,,,,0,cancelled
2026-04-15 14:00,ord-000443,buy,74167.80,1776262797124,0,0,0,,,,0,cancelled
2026-04-15 14:00,ord-000444,sell,74171.81,1776262797124,0,0,0,,,,0,cancelled
2026-04-15 14:00,ord-000445,buy,74176.26,1776262802124,0,0,0,,,,0,cancelled
2026-04-15 14:00,ord-000446,sell,74180.27,1776262802124,0,0,0,,,,0,cancelled
2026-04-15 14:00,ord-000447,buy,74180.37,1776262807124,0,0,0,,,,0,cancelled
2026-04-15 14:00,ord-000448,sell,74184.38,1776262807124,0,0,0,,,,0,cancelled
2026-04-15 14:00,ord-000449,buy,74183.58,1776262812124,0,0,0,,,,0,cancelled
2026-04-15 14:00,ord-000450,sell,74187.59,1776262812124,0,0,0,,,,0,cancelled
2026-04-15 14:00,ord-000451,buy,74164.25,1776262817124,0,0,0,,,,0,cancelled
2026-04-15 14:00,ord-000452,sell,74168.26,1776262817124,0,0,0,,,,0,cancelled
2026-04-15 14:00,ord-000453,buy,74191.08,1776262822124,0,0,0,,,,0,cancelled
2026-04-15 14:00,ord-000454,sell,74195.09,1776262822124,0,0,0,,,,0,cancelled
2026-04-15 14:00,ord-000455,buy,74215.40,1776262827124,0,0,0,,,,0,cancelled
2026-04-15 14:00,ord-000456,sell,74219.41,1776262827124,0,0,0,,,,0,cancelled
2026-04-15 14:00,ord-000457,buy,74198.56,1776262832124,0,0,0,,,,0,cancelled
2026-04-15 14:00,ord-000458,sell,74202.57,1776262832124,0,0,0,,,,0,cancelled
2026-04-15 14:00,ord-000459,buy,74200.66,1776262837124,0,0,0,,,,0,cancelled
2026-04-15 14:00,ord-000460,sell,74204.67,1776262837124,0,0,0,,,,0,cancelled
2026-04-15 14:00,ord-000461,buy,74210.55,1776262842124,0,0,0,,,,0,cancelled
2026-04-15 14:00,ord-000462,sell,74214.56,1776262842124,0,0,0,,,,0,cancelled
2026-04-15 14:00,ord-000463,buy,74207.92,1776262847124,0,0,0,,,,0,cancelled
2026-04-15 14:00,ord-000464,sell,74211.93,1776262847124,0,0,0,,,,0,cancelled
2026-04-15 14:00,ord-000465,buy,74213.96,1776262855824,0,0,0,,,,0,cancelled
2026-04-15 14:00,ord-000466,sell,74217.97,1776262855824,0,0,0,,,,0,cancelled
2026-04-15 14:00,ord-000467,buy,74224.53,1776262860824,0,0,0,,,,0,cancelled
2026-04-15 14:00,ord-000468,sell,74228.54,1776262860824,0,0,0,,,,0,cancelled
2026-04-15 14:00,ord-000469,buy,74226.92,1776262865824,0,0,0,,,,0,cancelled
2026-04-15 14:00,ord-000470,sell,74230.93,1776262865824,0,0,0,,,,0,cancelled
2026-04-15 14:00,ord-000471,buy,74208.57,1776262870824,0,0,0,,,,0,cancelled
2026-04-15 14:00,ord-000472,sell,74212.58,1776262870824,0,0,0,,,,0,cancelled
2026-04-15 14:00,ord-000473,buy,74224.35,1776262875824,0,0,0,,,,0,cancelled
2026-04-15 14:00,ord-000474,sell,74228.36,1776262875824,0,0,0,,,,0,cancelled
2026-04-15 14:00,ord-000475,buy,74241.96,1776262880824,0,0,0,,,,0,cancelled
2026-04-15 14:00,ord-000476,sell,74245.97,1776262880824,0,0,0,,,,0,cancelled
2026-04-15 14:00,ord-000477,buy,74250.77,1776262885824,0,0,0,,,,0,cancelled
2026-04-15 14:00,ord-000478,sell,74254.78,1776262885824,0,0,0,,,,0,cancelled
2026-04-15 14:00,ord-000479,buy,74254.16,1776262890824,0,0,0,,,,0,cancelled
2026-04-15 14:00,ord-000480,sell,74258.17,1776262890824,0,0,0,,,,0,cancelled
2026-04-15 14:00,ord-000481,buy,74255.29,1776262895824,0,0,0,,,,0,cancelled
2026-04-15 14:00,ord-000482,sell,74259.30,1776262895824,0.00300000,0.00300000,0,1776262901778,0.00300000,0.00000000,0.00100000,filled
2026-04-15 14:00,ord-000483,buy,74265.38,1776262901824,0,0,0,,,,0,cancelled
2026-04-15 14:00,ord-000484,sell,74269.39,1776262901824,0,0,0,,,,0,cancelled
2026-04-15 14:00,ord-000485,buy,74271.84,1776262906824,0,0,0,,,,0,cancelled
2026-04-15 14:00,ord-000486,sell,74275.85,1776262906824,0,0,0,,,,0,cancelled
2026-04-15 14:00,ord-000487,buy,74305.80,1776262911824,0,0,0,,,,0,cancelled
2026-04-15 14:00,ord-000488,sell,74309.81,1776262911824,0,0,0,,,,0,cancelled
2026-04-15 14:00,ord-000489,buy,74331.51,1776262916824,0,0,0,,,,0,cancelled
2026-04-15 14:00,ord-000490,sell,74335.52,1776262916824,0,0,0,,,,0,cancelled
2026-04-15 14:00,ord-000491,buy,74305.36,1776262921824,0,0,0,,,,0,cancelled
2026-04-15 14:00,ord-000492,sell,74309.37,1776262921824,0,0,0,,,,0,cancelled
2026-04-15 14:00,ord-000493,buy,74317.69,1776262926824,0,0,0,,,,0,cancelled
2026-04-15 14:00,ord-000494,sell,74321.70,1776262926824,0,0,0,,,,0,cancelled
2026-04-15 14:00,ord-000495,buy,74347.98,1776262931824,0,0,0,,,,0,cancelled
2026-04-15 14:00,ord-000496,sell,74351.99,1776262931824,0,0,0,,,,0,cancelled
2026-04-15 14:00,ord-000497,buy,74320.34,1776262936824,0,0,0,,,,0,cancelled
2026-04-15 14:00,ord-000498,sell,74324.35,1776262936824,0,0,0,,,,0,cancelled
2026-04-15 14:00,ord-000499,buy,74306.62,1776262941824,0,0,0,,,,0,cancelled
2026-04-15 14:00,ord-000500,sell,74310.63,1776262941824,0,0,0,,,,0,cancelled
2026-04-15 14:00,ord-000501,buy,74327.99,1776262946824,0,0,0,,,,0,cancelled
2026-04-15 14:00,ord-000502,sell,74332.00,1776262946824,0.00120000,0.00120000,0,,,,0,cancelled
2026-04-15 14:00,ord-000503,buy,74324.72,1776262951824,0,0,0,,,,0,cancelled
2026-04-15 14:00,ord-000504,sell,74328.73,1776262951824,0,0,0,,,,0,cancelled
2026-04-15 14:00,ord-000505,buy,74322.17,1776262959524,0,0,0,,,,0,cancelled
2026-04-15 14:00,ord-000506,sell,74326.18,1776262959524,0,0,0,,,,0,cancelled
2026-04-15 14:00,ord-000507,buy,74314.10,1776262964524,0,0,0,,,,0,cancelled
2026-04-15 14:00,ord-000508,sell,74318.11,1776262964524,0,0,0,,,,0,cancelled
2026-04-15 14:00,ord-000509,buy,74316.76,1776262969524,0,0,0,,,,0,cancelled
2026-04-15 14:00,ord-000510,sell,74320.77,1776262969524,0,0,0,,,,0,cancelled
2026-04-15 14:00,ord-000511,buy,74331.99,1776262974524,0,0,0,,,,0,cancelled
2026-04-15 14:00,ord-000512,sell,74336.00,1776262974524,0.00120000,0.00120000,0,,,,0,cancelled
2026-04-15 14:00,ord-000513,buy,74339.36,1776262979524,0,0,0,,,,0,cancelled
2026-04-15 14:00,ord-000514,sell,74343.37,1776262979524,0,0,0,,,,0,cancelled
2026-04-15 14:00,ord-000515,buy,74354.85,1776262984524,0,0,0,,,,0,cancelled
2026-04-15 14:00,ord-000516,sell,74358.86,1776262984524,0,0,0,,,,0,cancelled
2026-04-15 14:00,ord-000517,buy,74367.32,1776262989524,0,0,0,,,,0,cancelled
2026-04-15 14:00,ord-000518,sell,74371.33,1776262989524,0,0,0,,,,0,cancelled
2026-04-15 14:00,ord-000519,buy,74368.21,1776262995433,0,0,0,,,,0,cancelled
2026-04-15 14:00,ord-000520,sell,74372.22,1776262995433,0,0,0,,,,0,cancelled
2026-04-15 14:00,ord-000521,buy,74388.95,1776263000524,0,0,0,,,,0,cancelled
2026-04-15 14:00,ord-000522,sell,74392.96,1776263000524,0,0,0,,,,0,cancelled
2026-04-15 14:00,ord-000523,buy,74366.00,1776263005525,0.00120000,0.00120000,0,,,,0,cancelled
2026-04-15 14:00,ord-000524,sell,74370.01,1776263005525,3.18377000,0,0,,,,0,cancelled
2026-04-15 14:00,ord-000525,buy,74358.11,1776263010624,0,0,0,,,,0,cancelled
2026-04-15 14:00,ord-000526,sell,74362.12,1776263010624,0,0,0,,,,0,cancelled
2026-04-15 14:00,ord-000527,buy,74332.24,1776263015624,0,0,0,,,,0,cancelled
2026-04-15 14:00,ord-000528,sell,74336.25,1776263015624,0,0,0,,,,0,cancelled
2026-04-15 14:00,ord-000529,buy,74332.25,1776263020624,0,0,0,,,,0,cancelled
2026-04-15 14:00,ord-000530,sell,74336.26,1776263020624,0,0,0,,,,0,cancelled
2026-04-15 14:00,ord-000531,buy,74345.84,1776263025624,0,0,0,,,,0,cancelled
2026-04-15 14:00,ord-000532,sell,74349.85,1776263025624,0,0,0,,,,0,cancelled
2026-04-15 14:00,ord-000533,buy,74330.36,1776263030624,0.01877000,0,0,,,,0,cancelled
2026-04-15 14:00,ord-000534,sell,74334.37,1776263030624,0,0,0,,,,0,cancelled
2026-04-15 14:00,ord-000535,buy,74337.23,1776263035624,0.15002000,0.00071000,0,,,,0,cancelled
2026-04-15 14:00,ord-000536,sell,74341.24,1776263035624,0,0,0,,,,0,cancelled
2026-04-15 14:00,ord-000537,buy,74330.42,1776263040624,0,0,0,,,,0,cancelled
2026-04-15 14:00,ord-000538,sell,74334.43,1776263040624,0,0,0,,,,0,cancelled
2026-04-15 14:00,ord-000539,buy,74397.99,1776263045624,0,0,0,,,,0,cancelled
2026-04-15 14:00,ord-000540,sell,74402.00,1776263045624,0.00120000,0.00120000,0,,,,0,cancelled
2026-04-15 14:00,ord-000541,buy,74388.72,1776263050624,0,0,0,,,,0,cancelled
2026-04-15 14:00,ord-000542,sell,74392.73,1776263050624,0,0,0,,,,0,cancelled
2026-04-15 14:00,ord-000543,buy,74355.63,1776263055624,0,0,0,,,,0,cancelled
2026-04-15 14:00,ord-000544,sell,74359.64,1776263055624,0,0,0,,,,0,cancelled
2026-04-15 14:00,ord-000545,buy,74369.99,1776263060624,0,0,0,,,,0,cancelled
2026-04-15 14:00,ord-000546,sell,74374.00,1776263060624,0.00120000,0.00120000,0,1776263060846,0.00120000,0.00000000,0.001,filled
2026-04-15 14:00,ord-000547,buy,74373.03,1776263060924,0,0,0,,,,0,cancelled
2026-04-15 14:00,ord-000548,sell,74377.04,1776263060924,0,0,0,,,,0,cancelled
2026-04-15 14:00,ord-000549,buy,74397.90,1776263065924,0,0,0,,,,0,cancelled
2026-04-15 14:00,ord-000550,sell,74401.91,1776263065924,0,0,0,,,,0,cancelled
2026-04-15 14:00,ord-000551,buy,74390.48,1776263070924,0,0,0,,,,0,cancelled
2026-04-15 14:00,ord-000552,sell,74394.49,1776263070924,0,0,0,,,,0,cancelled
2026-04-15 14:00,ord-000553,buy,74375.78,1776263075924,0,0,0,,,,0,cancelled
2026-04-15 14:00,ord-000554,sell,74379.79,1776263075924,0,0,0,,,,0,cancelled
2026-04-15 14:00,ord-000555,buy,74383.22,1776263080924,0,0,0,,,,0,cancelled
2026-04-15 14:00,ord-000556,sell,74387.23,1776263080924,0,0,0,,,,0,cancelled
2026-04-15 14:00,ord-000557,buy,74400.23,1776263085924,0,0,0,,,,0,cancelled
2026-04-15 14:00,ord-000558,sell,74404.24,1776263085924,0,0,0,,,,0,cancelled
2026-04-15 14:00,ord-000559,buy,74411.47,1776263090924,0.09139000,0,0,,,,0,cancelled
2026-04-15 14:00,ord-000560,sell,74415.48,1776263090924,0,0,0,,,,0,cancelled
2026-04-15 14:00,ord-000561,buy,74433.58,1776263095924,0,0,0,,,,0,cancelled
2026-04-15 14:00,ord-000562,sell,74437.59,1776263095924,0,0,0,,,,0,cancelled
2026-04-15 14:00,ord-000563,buy,74422.42,1776263100924,0,0,0,,,,0,cancelled
2026-04-15 14:00,ord-000564,sell,74426.43,1776263100924,0,0,0,,,,0,cancelled
2026-04-15 14:00,ord-000565,buy,74418.00,1776263105924,0.00040000,0,0,,,,0,cancelled
2026-04-15 14:00,ord-000566,sell,74422.01,1776263105924,0,0,0,,,,0,cancelled
2026-04-15 14:00,ord-000567,buy,74426.17,1776263110924,0,0,0,,,,0,cancelled
2026-04-15 14:00,ord-000568,sell,74430.18,1776263110924,0,0,0,,,,0,cancelled
2026-04-15 14:00,ord-000569,buy,74412.96,1776263115924,0,0,0,,,,0,cancelled
2026-04-15 14:00,ord-000570,sell,74416.97,1776263115924,0,0,0,,,,0,cancelled
2026-04-15 14:00,ord-000571,buy,74437.52,1776263120924,0,0,0,,,,0,cancelled
2026-04-15 14:00,ord-000572,sell,74441.53,1776263120924,0,0,0,,,,0,cancelled
2026-04-15 14:00,ord-000573,buy,74460.94,1776263125924,0,0,0,,,,0,cancelled
2026-04-15 14:00,ord-000574,sell,74464.95,1776263125924,0,0,0,,,,0,cancelled
2026-04-15 14:00,ord-000575,buy,74489.50,1776263130924,0,0,0,,,,0,cancelled
2026-04-15 14:00,ord-000576,sell,74493.51,1776263130924,0,0,0,,,,0,cancelled
2026-04-15 14:00,ord-000577,buy,74478.00,1776263135924,0.00120000,0.00120000,0,,,,0,cancelled
2026-04-15 14:00,ord-000578,sell,74482.01,1776263135924,0.48261000,0,0,,,,0,cancelled
2026-04-15 14:00,ord-000579,buy,74497.98,1776263140924,0,0,0,,,,0,cancelled
2026-04-15 14:00,ord-000580,sell,74501.99,1776263140924,0,0,0,,,,0,cancelled
2026-04-15 14:00,ord-000581,buy,74497.99,1776263145924,0,0,0,,,,0,cancelled
2026-04-15 14:00,ord-000582,sell,74502.00,1776263145924,0,0,0,,,,0,cancelled
2026-04-15 14:00,ord-000583,buy,74468.98,1776263150924,0,0,0,,,,0,cancelled
2026-04-15 14:00,ord-000584,sell,74472.99,1776263150924,0,0,0,,,,0,cancelled
2026-04-15 14:00,ord-000585,buy,74471.81,1776263155924,0,0,0,,,,0,cancelled
2026-04-15 14:00,ord-000586,sell,74475.82,1776263155924,0,0,0,,,,0,cancelled
2026-04-15 14:00,ord-000587,buy,74478.76,1776263160924,0,0,0,,,,0,cancelled
2026-04-15 14:00,ord-000588,sell,74482.77,1776263160924,0,0,0,,,,0,cancelled
2026-04-15 14:00,ord-000589,buy,74487.42,1776263165924,0,0,0,,,,0,cancelled
2026-04-15 14:00,ord-000590,sell,74491.43,1776263165924,0,0,0,,,,0,cancelled
2026-04-15 14:00,ord-000591,buy,74483.98,1776263170924,0,0,0,,,,0,cancelled
2026-04-15 14:00,ord-000592,sell,74487.99,1776263170924,0,0,0,,,,0,cancelled
2026-04-15 14:00,ord-000593,buy,74474.67,1776263175924,0,0,0,,,,0,cancelled
2026-04-15 14:00,ord-000594,sell,74478.68,1776263175924,0,0,0,,,,0,cancelled
2026-04-15 14:00,ord-000595,buy,74474.68,1776263180924,0,0,0,,,,0,cancelled
2026-04-15 14:00,ord-000596,sell,74478.69,1776263180924,0,0,0,,,,0,cancelled
2026-04-15 14:00,ord-000597,buy,74469.46,1776263185924,0,0,0,,,,0,cancelled
2026-04-15 14:00,ord-000598,sell,74473.47,1776263185924,0,0,0,,,,0,cancelled
2026-04-15 14:00,ord-000599,buy,74470.94,1776263190924,0,0,0,,,,0,cancelled
2026-04-15 14:00,ord-000600,sell,74474.95,1776263190924,0,0,0,,,,0,cancelled
2026-04-15 14:00,ord-000601,buy,74461.26,1776263195924,0,0,0,,,,0,cancelled
2026-04-15 14:00,ord-000602,sell,74465.27,1776263195924,0,0,0,,,,0,cancelled
2026-04-15 14:00,ord-000603,buy,74477.99,1776263200924,0,0,0,,,,0,cancelled
2026-04-15 14:00,ord-000604,sell,74482.00,1776263200924,0.00120000,0,0,,,,0,cancelled
2026-04-15 14:00,ord-000605,buy,74462.40,1776263205924,0,0,0,,,,0,cancelled
2026-04-15 14:00,ord-000606,sell,74466.41,1776263205924,0,0,0,,,,0,cancelled
2026-04-15 14:00,ord-000607,buy,74471.06,1776263213824,0,0,0,,,,0,cancelled
2026-04-15 14:00,ord-000608,sell,74475.07,1776263213824,0,0,0,,,,0,cancelled
2026-04-15 14:00,ord-000609,buy,74472.69,1776263218824,0,0,0,,,,0,cancelled
2026-04-15 14:00,ord-000610,sell,74476.70,1776263218824,0,0,0,,,,0,cancelled
2026-04-15 14:00,ord-000611,buy,74470.00,1776263223824,0,0,0,,,,0,cancelled
2026-04-15 14:00,ord-000612,sell,74474.01,1776263223824,0,0,0,,,,0,cancelled
2026-04-15 14:00,ord-000613,buy,74493.41,1776263228824,0,0,0,,,,0,cancelled
2026-04-15 14:00,ord-000614,sell,74497.42,1776263228824,0,0,0,,,,0,cancelled
2026-04-15 14:00,ord-000615,buy,74466.93,1776263233824,0,0,0,,,,0,cancelled
2026-04-15 14:00,ord-000616,sell,74470.94,1776263233824,0,0,0,,,,0,cancelled
2026-04-15 14:00,ord-000617,buy,74479.49,1776263238824,0,0,0,,,,0,cancelled
2026-04-15 14:00,ord-000618,sell,74483.50,1776263238824,0,0,0,,,,0,cancelled
2026-04-15 14:00,ord-000619,buy,74478.70,1776263243824,0,0,0,,,,0,cancelled
2026-04-15 14:00,ord-000620,sell,74482.71,1776263243824,0,0,0,,,,0,cancelled
2026-04-15 14:00,ord-000621,buy,74485.01,1776263251428,0,0,0,,,,0,cancelled
2026-04-15 14:00,ord-000622,sell,74489.02,1776263251428,0,0,0,,,,0,cancelled
2026-04-15 14:00,ord-000623,buy,74501.17,1776263256524,0,0,0,,,,0,cancelled
2026-04-15 14:00,ord-000624,sell,74505.18,1776263256524,0,0,0,,,,0,cancelled
2026-04-15 14:00,ord-000625,buy,74486.00,1776263261524,0.00120000,0.00120000,0,,,,0,cancelled
2026-04-15 14:00,ord-000626,sell,74490.01,1776263261524,0,0,0,,,,0,cancelled
2026-04-15 14:00,ord-000627,buy,74477.87,1776263273524,0,0,0,,,,0,cancelled
2026-04-15 14:00,ord-000628,sell,74481.88,1776263273524,0,0,0,,,,0,cancelled
2026-04-15 14:00,ord-000629,buy,74465.09,1776263278524,0,0,0,,,,0,cancelled
2026-04-15 14:00,ord-000630,sell,74469.10,1776263278524,0,0,0,,,,0,cancelled
2026-04-15 14:00,ord-000631,buy,74447.99,1776263283524,0,0,0,,,,0,cancelled
2026-04-15 14:00,ord-000632,sell,74452.00,1776263283524,0,0,0,,,,0,cancelled
2026-04-15 14:00,ord-000633,buy,74439.55,1776263288524,0,0,0,,,,0,cancelled
2026-04-15 14:00,ord-000634,sell,74443.56,1776263288524,0,0,0,,,,0,cancelled
2026-04-15 14:00,ord-000635,buy,74434.80,1776263293524,0,0,0,,,,0,cancelled
2026-04-15 14:00,ord-000636,sell,74438.81,1776263293524,0,0,0,,,,0,cancelled
2026-04-15 14:00,ord-000637,buy,74422.27,1776263298524,0,0,0,,,,0,cancelled
2026-04-15 14:00,ord-000638,sell,74426.28,1776263298524,0,0,0,,,,0,cancelled
2026-04-15 14:00,ord-000639,buy,74419.89,1776263303524,0,0,0,,,,0,cancelled
2026-04-15 14:00,ord-000640,sell,74423.90,1776263303524,0,0,0,,,,0,cancelled
2026-04-15 14:00,ord-000641,buy,74413.17,1776263308524,0,0,0,,,,0,cancelled
2026-04-15 14:00,ord-000642,sell,74417.18,1776263308524,0,0,0,,,,0,cancelled
2026-04-15 14:00,ord-000643,buy,74412.00,1776263313524,0.00040000,0.00040000,0,,,,0,cancelled
2026-04-15 14:00,ord-000644,sell,74416.01,1776263313524,0,0,0,,,,0,cancelled
2026-04-15 14:00,ord-000645,buy,74411.97,1776263318524,0,0,0,,,,0,cancelled
2026-04-15 14:00,ord-000646,sell,74415.98,1776263318524,0,0,0,,,,0,cancelled
2026-04-15 14:00,ord-000647,buy,74406.62,1776263323524,0,0,0,,,,0,cancelled
2026-04-15 14:00,ord-000648,sell,74410.63,1776263323524,0,0,0,,,,0,cancelled
2026-04-15 14:00,ord-000649,buy,74407.39,1776263330124,0,0,0,,,,0,cancelled
2026-04-15 14:00,ord-000650,sell,74411.40,1776263330124,0,0,0,,,,0,cancelled
2026-04-15 14:00,ord-000651,buy,74411.96,1776263335124,0,0,0,,,,0,cancelled
2026-04-15 14:00,ord-000652,sell,74415.97,1776263335124,0.00008000,0,0,,,,0,cancelled
2026-04-15 14:00,ord-000653,buy,74406.62,1776263340124,0,0,0,,,,0,cancelled
2026-04-15 14:00,ord-000654,sell,74410.63,1776263340124,0,0,0,,,,0,cancelled
2026-04-15 14:00,ord-000655,buy,74418.86,1776263345124,0,0,0,,,,0,cancelled
2026-04-15 14:00,ord-000656,sell,74422.87,1776263345124,0,0,0,,,,0,cancelled
2026-04-15 14:00,ord-000657,buy,74406.62,1776263350124,0,0,0,,,,0,cancelled
2026-04-15 14:00,ord-000658,sell,74410.63,1776263350124,0,0,0,,,,0,cancelled
2026-04-15 14:00,ord-000659,buy,74403.17,1776263363624,0,0,0,,,,0,cancelled
2026-04-15 14:00,ord-000660,sell,74407.18,1776263363624,0,0,0,,,,0,cancelled
2026-04-15 14:00,ord-000661,buy,74406.62,1776263368624,0,0,0,,,,0,cancelled
2026-04-15 14:00,ord-000662,sell,74410.63,1776263368624,0,0,0,,,,0,cancelled
2026-04-15 14:00,ord-000663,buy,74413.96,1776263373624,0,0,0,,,,0,cancelled
2026-04-15 14:00,ord-000664,sell,74417.97,1776263373624,0,0,0,,,,0,cancelled
2026-04-15 14:00,ord-000665,buy,74406.62,1776263378624,0,0,0,,,,0,cancelled
2026-04-15 14:00,ord-000666,sell,74410.63,1776263378624,0,0,0,,,,0,cancelled
2026-04-15 14:00,ord-000667,buy,74406.80,1776263383624,0,0,0,,,,0,cancelled
2026-04-15 14:00,ord-000668,sell,74410.81,1776263383624,0,0,0,,,,0,cancelled
2026-04-15 14:00,ord-000669,buy,74411.77,1776263388624,0,0,0,,,,0,cancelled
2026-04-15 14:00,ord-000670,sell,74415.78,1776263388624,0.11728000,0.00620000,0,,,,0,cancelled
2026-04-15 14:00,ord-000671,buy,74418.86,1776263393624,0,0,0,,,,0,cancelled
2026-04-15 14:00,ord-000672,sell,74422.87,1776263393624,0,0,0,,,,0,cancelled
2026-04-15 14:00,ord-000673,buy,74427.99,1776263398624,0,0,0,,,,0,cancelled
2026-04-15 14:00,ord-000674,sell,74432.00,1776263398624,0.00120000,0.00120000,0,,,,0,cancelled
2026-04-15 14:00,ord-000675,buy,74431.07,1776263403624,0,0,0,,,,0,cancelled
2026-04-15 14:00,ord-000676,sell,74435.08,1776263403624,0,0,0,,,,0,cancelled
2026-04-15 14:00,ord-000677,buy,74435.21,1776263408624,0,0,0,,,,0,cancelled
2026-04-15 14:00,ord-000678,sell,74439.22,1776263408624,0,0,0,,,,0,cancelled
2026-04-15 14:00,ord-000679,buy,74392.54,1776263413624,0,0,0,,,,0,cancelled
2026-04-15 14:00,ord-000680,sell,74396.55,1776263413624,0,0,0,,,,0,cancelled
2026-04-15 14:00,ord-000681,buy,74393.42,1776263418624,0,0,0,,,,0,cancelled
2026-04-15 14:00,ord-000682,sell,74397.43,1776263418624,0,0,0,,,,0,cancelled
2026-04-15 14:00,ord-000683,buy,74368.47,1776263423624,0,0,0,,,,0,cancelled
2026-04-15 14:00,ord-000684,sell,74372.48,1776263423624,0,0,0,,,,0,cancelled
2026-04-15 14:00,ord-000685,buy,74366.32,1776263428624,0,0,0,,,,0,cancelled
2026-04-15 14:00,ord-000686,sell,74370.33,1776263428624,0,0,0,,,,0,cancelled
2026-04-15 14:00,ord-000687,buy,74378.97,1776263433624,0,0,0,,,,0,cancelled
2026-04-15 14:00,ord-000688,sell,74382.98,1776263433624,0.05042000,0.00014000,0,,,,0,cancelled
2026-04-15 14:00,ord-000689,buy,74389.64,1776263438624,0,0,0,,,,0,cancelled
2026-04-15 14:00,ord-000690,sell,74393.65,1776263438624,0,0,0,,,,0,cancelled
2026-04-15 14:00,ord-000691,buy,74400.68,1776263443624,0,0,0,,,,0,cancelled
2026-04-15 14:00,ord-000692,sell,74404.69,1776263443624,0,0,0,,,,0,cancelled
2026-04-15 14:00,ord-000693,buy,74406.95,1776263448624,0,0,0,,,,0,cancelled
2026-04-15 14:00,ord-000694,sell,74410.96,1776263448624,0,0,0,,,,0,cancelled
2026-04-15 14:00,ord-000695,buy,74390.56,1776263453624,0,0,0,,,,0,cancelled
2026-04-15 14:00,ord-000696,sell,74394.57,1776263453624,0,0,0,,,,0,cancelled
2026-04-15 14:00,ord-000697,buy,74402.36,1776263460425,0,0,0,,,,0,cancelled
2026-04-15 14:00,ord-000698,sell,74406.37,1776263460425,0,0,0,,,,0,cancelled
2026-04-15 14:00,ord-000699,buy,74394.13,1776263465524,0,0,0,,,,0,cancelled
2026-04-15 14:00,ord-000700,sell,74398.14,1776263465524,0,0,0,,,,0,cancelled
2026-04-15 14:00,ord-000701,buy,74396.70,1776263470524,0,0,0,,,,0,cancelled
2026-04-15 14:00,ord-000702,sell,74400.71,1776263470524,0,0,0,,,,0,cancelled
2026-04-15 14:00,ord-000703,buy,74384.68,1776263475524,0,0,0,,,,0,cancelled
2026-04-15 14:00,ord-000704,sell,74388.69,1776263475524,0,0,0,,,,0,cancelled
2026-04-15 14:00,ord-000705,buy,74375.78,1776263480524,0,0,0,,,,0,cancelled
2026-04-15 14:00,ord-000706,sell,74379.79,1776263480524,0,0,0,,,,0,cancelled
2026-04-15 14:00,ord-000707,buy,74384.66,1776263485524,0,0,0,,,,0,cancelled
2026-04-15 14:00,ord-000708,sell,74388.67,1776263485524,0,0,0,,,,0,cancelled
2026-04-15 14:00,ord-000709,buy,74387.99,1776263491324,0,0,0,,,,0,cancelled
2026-04-15 14:00,ord-000710,sell,74392.00,1776263491324,0.00120000,0,0,,,,0,cancelled
2026-04-15 14:00,ord-000711,buy,74411.41,1776263496324,0,0,0,,,,0,cancelled
2026-04-15 14:00,ord-000712,sell,74415.42,1776263496324,0,0,0,,,,0,cancelled
2026-04-15 14:00,ord-000713,buy,74436.72,1776263501324,0,0,0,,,,0,cancelled
2026-04-15 14:00,ord-000714,sell,74440.73,1776263501324,0,0,0,,,,0,cancelled
2026-04-15 14:00,ord-000715,buy,74439.64,1776263506324,0,0,0,,,,0,cancelled
2026-04-15 14:00,ord-000716,sell,74443.65,1776263506324,0,0,0,,,,0,cancelled
2026-04-15 14:00,ord-000717,buy,74447.99,1776263511324,0,0,0,,,,0,cancelled
2026-04-15 14:00,ord-000718,sell,74452.00,1776263511324,0.00120000,0,0,,,,0,cancelled
2026-04-15 14:00,ord-000719,buy,74446.15,1776263516324,0,0,0,,,,0,cancelled
2026-04-15 14:00,ord-000720,sell,74450.16,1776263516324,0,0,0,,,,0,cancelled
2026-04-15 14:00,ord-000721,buy,74447.99,1776263521324,0,0,0,,,,0,cancelled
2026-04-15 14:00,ord-000722,sell,74452.00,1776263521324,0.00120000,0.00120000,0,,,,0,cancelled
2026-04-15 14:00,ord-000723,buy,74460.94,1776263526324,0,0,0,,,,0,cancelled
2026-04-15 14:00,ord-000724,sell,74464.95,1776263526324,0,0,0,,,,0,cancelled
2026-04-15 14:00,ord-000725,buy,74450.19,1776263531324,0,0,0,,,,0,cancelled
2026-04-15 14:00,ord-000726,sell,74454.20,1776263531324,0,0,0,,,,0,cancelled
2026-04-15 14:00,ord-000727,buy,74439.01,1776263540224,0,0,0,,,,0,cancelled
2026-04-15 14:00,ord-000728,sell,74443.02,1776263540224,0,0,0,,,,0,cancelled
2026-04-15 14:00,ord-000729,buy,74428.77,1776263545224,0,0,0,,,,0,cancelled
2026-04-15 14:00,ord-000730,sell,74432.78,1776263545224,0,0,0,,,,0,cancelled
2026-04-15 14:00,ord-000731,buy,74422.86,1776263550224,0,0,0,,,,0,cancelled
2026-04-15 14:00,ord-000732,sell,74426.87,1776263550224,0,0,0,,,,0,cancelled
2026-04-15 14:00,ord-000733,buy,74407.99,1776263555224,0,0,0,,,,0,cancelled
2026-04-15 14:00,ord-000734,sell,74412.00,1776263555224,0,0,0,,,,0,cancelled
2026-04-15 14:00,ord-000735,buy,74401.05,1776263560224,0,0,0,,,,0,cancelled
2026-04-15 14:00,ord-000736,sell,74405.06,1776263560224,0,0,0,,,,0,cancelled
2026-04-15 14:00,ord-000737,buy,74384.70,1776263565224,0,0,0,,,,0,cancelled
2026-04-15 14:00,ord-000738,sell,74388.71,1776263565224,0,0,0,,,,0,cancelled
2026-04-15 14:00,ord-000739,buy,74399.70,1776263570224,0,0,0,,,,0,cancelled
2026-04-15 14:00,ord-000740,sell,74403.71,1776263570224,0,0,0,,,,0,cancelled
2026-04-15 14:00,ord-000741,buy,74407.99,1776263575224,0,0,0,,,,0,cancelled
2026-04-15 14:00,ord-000742,sell,74412.00,1776263575224,0.00120000,0,0,,,,0,cancelled
2026-04-15 14:00,ord-000743,buy,74398.00,1776263580224,0.00120000,0.00120000,0,1776263583058,0.00120000,0.00000000,0.00049000,cancelled
2026-04-15 14:00,ord-000744,sell,74402.01,1776263580224,0,0,0,,,,0,cancelled
2026-04-15 14:00,ord-000745,buy,74383.12,1776263585224,0,0,0,,,,0,cancelled
2026-04-15 14:00,ord-000746,sell,74387.13,1776263585224,0,0,0,,,,0,cancelled
2026-04-15 14:00,ord-000747,buy,74370.34,1776263590224,0,0,0,,,,0,cancelled
2026-04-15 14:00,ord-000748,sell,74374.35,1776263590224,0,0,0,,,,0,cancelled
2026-04-15 14:00,ord-000749,buy,74387.02,1776263595224,0,0,0,,,,0,cancelled
2026-04-15 14:00,ord-000750,sell,74391.03,1776263595224,0,0,0,,,,0,cancelled
2026-04-15 14:00,ord-000751,buy,74397.99,1776263600224,0,0,0,,,,0,cancelled
2026-04-15 14:00,ord-000752,sell,74402.00,1776263600224,0.00120000,0,0,,,,0,cancelled
2026-04-15 14:00,ord-000753,buy,74393.46,1776263605224,0,0,0,,,,0,cancelled
2026-04-15 14:00,ord-000754,sell,74397.47,1776263605224,0,0,0,,,,0,cancelled
2026-04-15 14:00,ord-000755,buy,74368.90,1776263610224,0,0,0,,,,0,cancelled
2026-04-15 14:00,ord-000756,sell,74372.91,1776263610224,0,0,0,,,,0,cancelled
2026-04-15 14:00,ord-000757,buy,74357.01,1776263615224,0,0,0,,,,0,cancelled
2026-04-15 14:00,ord-000758,sell,74361.02,1776263615224,0,0,0,,,,0,cancelled
2026-04-15 14:00,ord-000759,buy,74322.32,1776263620224,0,0,0,,,,0,cancelled
2026-04-15 14:00,ord-000760,sell,74326.33,1776263620224,0,0,0,,,,0,cancelled
2026-04-15 14:00,ord-000761,buy,74324.67,1776263625224,0,0,0,,,,0,cancelled
2026-04-15 14:00,ord-000762,sell,74328.68,1776263625224,0,0,0,,,,0,cancelled
2026-04-15 14:00,ord-000763,buy,74330.01,1776263630224,0,0,0,,,,0,cancelled
2026-04-15 14:00,ord-000764,sell,74334.02,1776263630224,0,0,0,,,,0,cancelled
2026-04-15 14:00,ord-000765,buy,74333.39,1776263635224,0,0,0,,,,0,cancelled
2026-04-15 14:00,ord-000766,sell,74337.40,1776263635224,0,0,0,,,,0,cancelled
2026-04-15 14:00,ord-000767,buy,74318.77,1776263640224,0,0,0,,,,0,cancelled
2026-04-15 14:00,ord-000768,sell,74322.78,1776263640224,0,0,0,,,,0,cancelled
2026-04-15 14:00,ord-000769,buy,74305.27,1776263645224,0,0,0,,,,0,cancelled
2026-04-15 14:00,ord-000770,sell,74309.28,1776263645224,0,0,0,,,,0,cancelled
2026-04-15 14:00,ord-000771,buy,74303.86,1776263650224,0,0,0,,,,0,cancelled
2026-04-15 14:00,ord-000772,sell,74307.87,1776263650224,0,0,0,,,,0,cancelled
2026-04-15 14:00,ord-000773,buy,74289.56,1776263655224,0,0,0,,,,0,cancelled
2026-04-15 14:00,ord-000774,sell,74293.57,1776263655224,0,0,0,,,,0,cancelled
2026-04-15 14:00,ord-000775,buy,74309.99,1776263660224,0.11425000,0,0,,,,0,cancelled
2026-04-15 14:00,ord-000776,sell,74314.00,1776263660224,0.00120000,0.00120000,0,1776263661091,0.00120000,0.00000000,0.00063000,cancelled
2026-04-15 14:00,ord-000777,buy,74318.58,1776263665224,0,0,0,,,,0,cancelled
2026-04-15 14:00,ord-000778,sell,74322.59,1776263665224,0,0,0,,,,0,cancelled
2026-04-15 14:00,ord-000779,buy,74314.02,1776263670224,0,0,0,,,,0,cancelled
2026-04-15 14:00,ord-000780,sell,74318.03,1776263670224,0,0,0,,,,0,cancelled
2026-04-15 14:00,ord-000781,buy,74331.12,1776263675225,0,0,0,,,,0,cancelled
2026-04-15 14:00,ord-000782,sell,74335.13,1776263675225,0,0,0,,,,0,cancelled
2026-04-15 14:00,ord-000783,buy,74329.85,1776263680324,0,0,0,,,,0,cancelled
2026-04-15 14:00,ord-000784,sell,74333.86,1776263680324,0,0,0,,,,0,cancelled
2026-04-15 14:00,ord-000785,buy,74314.01,1776263685324,0,0,0,,,,0,cancelled
2026-04-15 14:00,ord-000786,sell,74318.02,1776263685324,0,0,0,,,,0,cancelled
2026-04-15 14:00,ord-000787,buy,74310.00,1776263690324,0.00187000,0.00187000,0,1776263692927,0.00187000,0.00000000,0.00076000,cancelled
2026-04-15 14:00,ord-000788,sell,74314.01,1776263690324,0.01198000,0,0,,,,0,cancelled
2026-04-15 14:00,ord-000789,buy,74297.69,1776263695324,0,0,0,,,,0,cancelled
2026-04-15 14:00,ord-000790,sell,74301.70,1776263695324,0,0,0,,,,0,cancelled
2026-04-15 14:00,ord-000791,buy,74304.69,1776263700324,0,0,0,,,,0,cancelled
2026-04-15 14:00,ord-000792,sell,74308.70,1776263700324,0,0,0,,,,0,cancelled
2026-04-15 14:00,ord-000793,buy,74290.48,1776263705324,0,0,0,,,,0,cancelled
2026-04-15 14:00,ord-000794,sell,74294.49,1776263705324,0,0,0,,,,0,cancelled
2026-04-15 14:00,ord-000795,buy,74252.57,1776263710324,0,0,0,,,,0,cancelled
2026-04-15 14:00,ord-000796,sell,74256.58,1776263710324,0,0,0,,,,0,cancelled
2026-04-15 14:00,ord-000797,buy,74290.89,1776263715324,0,0,0,,,,0,cancelled
2026-04-15 14:00,ord-000798,sell,74294.90,1776263715324,0,0,0,,,,0,cancelled
2026-04-15 14:00,ord-000799,buy,74296.99,1776263720324,0,0,0,,,,0,cancelled
2026-04-15 14:00,ord-000800,sell,74301.00,1776263720324,0,0,0,,,,0,cancelled
2026-04-15 14:00,ord-000801,buy,74283.46,1776263725324,0,0,0,,,,0,cancelled
2026-04-15 14:00,ord-000802,sell,74287.47,1776263725324,0,0,0,,,,0,cancelled
2026-04-15 14:00,ord-000803,buy,74284.36,1776263730324,0,0,0,,,,0,cancelled
2026-04-15 14:00,ord-000804,sell,74288.37,1776263730324,0,0,0,,,,0,cancelled
2026-04-15 14:00,ord-000805,buy,74278.06,1776263735324,0,0,0,,,,0,cancelled
2026-04-15 14:00,ord-000806,sell,74282.07,1776263735324,0,0,0,,,,0,cancelled
2026-04-15 14:00,ord-000807,buy,74277.41,1776263740324,0,0,0,,,,0,cancelled
2026-04-15 14:00,ord-000808,sell,74281.42,1776263740324,0,0,0,,,,0,cancelled
2026-04-15 14:00,ord-000809,buy,74267.19,1776263745324,0,0,0,,,,0,cancelled
2026-04-15 14:00,ord-000810,sell,74271.20,1776263745324,0,0,0,,,,0,cancelled
2026-04-15 14:00,ord-000811,buy,74275.92,1776263750324,0,0,0,,,,0,cancelled
2026-04-15 14:00,ord-000812,sell,74279.93,1776263750324,0,0,0,,,,0,cancelled
2026-04-15 14:00,ord-000813,buy,74270.28,1776263755324,0,0,0,,,,0,cancelled
2026-04-15 14:00,ord-000814,sell,74274.29,1776263755324,0,0,0,,,,0,cancelled
2026-04-15 14:00,ord-000815,buy,74260.12,1776263760324,0,0,0,,,,0,cancelled
2026-04-15 14:00,ord-000816,sell,74264.13,1776263760324,0,0,0,,,,0,cancelled
2026-04-15 14:00,ord-000817,buy,74275.92,1776263765324,0,0,0,,,,0,cancelled
2026-04-15 14:00,ord-000818,sell,74279.93,1776263765324,0,0,0,,,,0,cancelled
2026-04-15 14:00,ord-000819,buy,74284.53,1776263770324,0,0,0,,,,0,cancelled
2026-04-15 14:00,ord-000820,sell,74288.54,1776263770324,0.02190000,0,0,,,,0,cancelled
2026-04-15 14:00,ord-000821,buy,74270.17,1776263775324,0,0,0,,,,0,cancelled
2026-04-15 14:00,ord-000822,sell,74274.18,1776263775324,0,0,0,,,,0,cancelled
2026-04-15 14:00,ord-000823,buy,74277.11,1776263780324,0,0,0,,,,0,cancelled
2026-04-15 14:00,ord-000824,sell,74281.12,1776263780324,0,0,0,,,,0,cancelled
2026-04-15 14:00,ord-000825,buy,74281.08,1776263785324,0,0,0,,,,0,cancelled
2026-04-15 14:00,ord-000826,sell,74285.09,1776263785324,0,0,0,,,,0,cancelled
2026-04-15 14:00,ord-000827,buy,74282.99,1776263790324,0,0,0,,,,0,cancelled
2026-04-15 14:00,ord-000828,sell,74287.00,1776263790324,0,0,0,,,,0,cancelled
2026-04-15 14:00,ord-000829,buy,74284.53,1776263795724,0,0,0,,,,0,cancelled
2026-04-15 14:00,ord-000830,sell,74288.54,1776263795724,0.02190000,0.02190000,0,,,,0,cancelled
2026-04-15 14:00,ord-000831,buy,74296.99,1776263800724,0,0,0,,,,0,cancelled
2026-04-15 14:00,ord-000832,sell,74301.00,1776263800724,0,0,0,,,,0,cancelled
2026-04-15 14:00,ord-000833,buy,74306.32,1776263805724,0,0,0,,,,0,cancelled
2026-04-15 14:00,ord-000834,sell,74310.33,1776263805724,0,0,0,,,,0,cancelled
2026-04-15 14:00,ord-000835,buy,74303.99,1776263811524,0,0,0,,,,0,cancelled
2026-04-15 14:00,ord-000836,sell,74308.00,1776263811524,0,0,0,,,,0,cancelled
2026-04-15 14:00,ord-000837,buy,74289.15,1776263816524,0,0,0,,,,0,cancelled
2026-04-15 14:00,ord-000838,sell,74293.16,1776263816524,0,0,0,,,,0,cancelled
2026-04-15 14:00,ord-000839,buy,74275.08,1776263821524,0,0,0,,,,0,cancelled
2026-04-15 14:00,ord-000840,sell,74279.09,1776263821524,0,0,0,,,,0,cancelled
2026-04-15 14:00,ord-000841,buy,74276.38,1776263826524,0,0,0,,,,0,cancelled
2026-04-15 14:00,ord-000842,sell,74280.39,1776263826524,0,0,0,,,,0,cancelled
2026-04-15 14:00,ord-000843,buy,74264.31,1776263831524,0,0,0,,,,0,cancelled
2026-04-15 14:00,ord-000844,sell,74268.32,1776263831524,0,0,0,,,,0,cancelled
2026-04-15 14:00,ord-000845,buy,74270.96,1776263836624,0,0,0,,,,0,cancelled
2026-04-15 14:00,ord-000846,sell,74274.97,1776263836624,0,0,0,,,,0,cancelled
2026-04-15 14:00,ord-000847,buy,74264.31,1776263841624,0,0,0,,,,0,cancelled
2026-04-15 14:00,ord-000848,sell,74268.32,1776263841624,0,0,0,,,,0,cancelled
2026-04-15 14:00,ord-000849,buy,74275.08,1776263846624,0,0,0,,,,0,cancelled
2026-04-15 14:00,ord-000850,sell,74279.09,1776263846624,0,0,0,,,,0,cancelled
2026-04-15 14:00,ord-000851,buy,74289.98,1776263851624,0,0,0,,,,0,cancelled
2026-04-15 14:00,ord-000852,sell,74293.99,1776263851624,0,0,0,,,,0,cancelled
2026-04-15 14:00,ord-000853,buy,74296.01,1776263856624,0,0,0,,,,0,cancelled
2026-04-15 14:00,ord-000854,sell,74300.02,1776263856624,0,0,0,,,,0,cancelled
2026-04-15 14:00,ord-000855,buy,74293.61,1776263870824,0,0,0,,,,0,cancelled
2026-04-15 14:00,ord-000856,sell,74297.62,1776263870824,0,0,0,,,,0,cancelled
2026-04-15 14:00,ord-000857,buy,74284.69,1776263875824,0,0,0,,,,0,cancelled
2026-04-15 14:00,ord-000858,sell,74288.70,1776263875824,0,0,0,,,,0,cancelled
2026-04-15 14:00,ord-000859,buy,74271.99,1776263880824,0,0,0,,,,0,cancelled
2026-04-15 14:00,ord-000860,sell,74276.00,1776263880824,0.00120000,0.00120000,0,,,,0,cancelled
2026-04-15 14:00,ord-000861,buy,74275.72,1776263885824,0,0,0,,,,0,cancelled
2026-04-15 14:00,ord-000862,sell,74279.73,1776263885824,0,0,0,,,,0,cancelled
2026-04-15 14:00,ord-000863,buy,74271.99,1776263890824,0,0,0,,,,0,cancelled
2026-04-15 14:00,ord-000864,sell,74276.00,1776263890824,0,0,0,,,,0,cancelled
2026-04-15 14:00,ord-000865,buy,74257.31,1776263895824,0,0,0,,,,0,cancelled
2026-04-15 14:00,ord-000866,sell,74261.32,1776263895824,0,0,0,,,,0,cancelled
2026-04-15 14:00,ord-000867,buy,74264.55,1776263900824,0,0,0,,,,0,cancelled
2026-04-15 14:00,ord-000868,sell,74268.56,1776263900824,0,0,0,,,,0,cancelled
2026-04-15 14:00,ord-000869,buy,74252.47,1776263905824,0,0,0,,,,0,cancelled
2026-04-15 14:00,ord-000870,sell,74256.48,1776263905824,0,0,0,,,,0,cancelled
2026-04-15 14:00,ord-000871,buy,74252.46,1776263910824,0,0,0,,,,0,cancelled
2026-04-15 14:00,ord-000872,sell,74256.47,1776263910824,0,0,0,,,,0,cancelled
2026-04-15 14:00,ord-000873,buy,74188.78,1776263915824,0,0,0,,,,0,cancelled
2026-04-15 14:00,ord-000874,sell,74192.79,1776263915824,0,0,0,,,,0,cancelled
2026-04-15 14:00,ord-000875,buy,74164.66,1776263920824,0,0,0,,,,0,cancelled
2026-04-15 14:00,ord-000876,sell,74168.67,1776263920824,0,0,0,,,,0,cancelled
2026-04-15 14:00,ord-000877,buy,74170.22,1776263925824,0,0,0,,,,0,cancelled
2026-04-15 14:00,ord-000878,sell,74174.23,1776263925824,0,0,0,,,,0,cancelled
2026-04-15 14:00,ord-000879,buy,74164.10,1776263930824,0,0,0,,,,0,cancelled
2026-04-15 14:00,ord-000880,sell,74168.11,1776263930824,0,0,0,,,,0,cancelled
2026-04-15 14:00,ord-000881,buy,74152.47,1776263935824,0,0,0,,,,0,cancelled
2026-04-15 14:00,ord-000882,sell,74156.48,1776263935824,0.01577000,0,0,,,,0,cancelled
2026-04-15 14:00,ord-000883,buy,74107.17,1776263940824,0,0,0,,,,0,cancelled
2026-04-15 14:00,ord-000884,sell,74111.18,1776263940824,0,0,0,,,,0,cancelled
2026-04-15 14:00,ord-000885,buy,74037.16,1776263945824,0,0,0,,,,0,cancelled
2026-04-15 14:00,ord-000886,sell,74041.17,1776263945824,0,0,0,,,,0,cancelled
2026-04-15 14:00,ord-000887,buy,74011.48,1776263950824,0,0,0,,,,0,cancelled
2026-04-15 14:00,ord-000888,sell,74015.49,1776263950824,0,0,0,,,,0,cancelled
2026-04-15 14:00,ord-000889,buy,74064.82,1776263955824,0,0,0,,,,0,cancelled
2026-04-15 14:00,ord-000890,sell,74068.83,1776263955824,0.05012000,0,0,,,,0,cancelled
2026-04-15 14:00,ord-000891,buy,74059.73,1776263960824,0,0,0,,,,0,cancelled
2026-04-15 14:00,ord-000892,sell,74063.74,1776263960824,0,0,0,,,,0,cancelled
2026-04-15 14:00,ord-000893,buy,74063.97,1776263965824,0,0,0,,,,0,cancelled
2026-04-15 14:00,ord-000894,sell,74067.98,1776263965824,0.00007000,0.00007000,0,1776263965921,0.00007000,0.00000000,0.00028000,cancelled
2026-04-15 14:00,ord-000895,buy,74069.17,1776263970824,0,0,0,,,,0,cancelled
2026-04-15 14:00,ord-000896,sell,74073.18,1776263970824,0,0,0,,,,0,cancelled
2026-04-15 14:00,ord-000897,buy,74052.85,1776263975824,0,0,0,,,,0,cancelled
2026-04-15 14:00,ord-000898,sell,74056.86,1776263975824,0,0,0,,,,0,cancelled
2026-04-15 14:00,ord-000899,buy,74003.11,1776263980824,0,0,0,,,,0,cancelled
2026-04-15 14:00,ord-000900,sell,74007.12,1776263980824,0,0,0,,,,0,cancelled
2026-04-15 14:00,ord-000901,buy,74012.31,1776263985824,0,0,0,,,,0,cancelled
2026-04-15 14:00,ord-000902,sell,74016.32,1776263985824,0,0,0,,,,0,cancelled
2026-04-15 14:00,ord-000903,buy,74006.81,1776263992724,0,0,0,,,,0,cancelled
2026-04-15 14:00,ord-000904,sell,74010.82,1776263992724,0,0,0,,,,0,cancelled
2026-04-15 14:00,ord-000905,buy,73984.07,1776263997724,0,0,0,,,,0,cancelled
2026-04-15 14:00,ord-000906,sell,73988.08,1776263997724,0,0,0,,,,0,cancelled
2026-04-15 14:00,ord-000907,buy,74009.99,1776264002724,0,0,0,,,,0,cancelled
2026-04-15 14:00,ord-000908,sell,74014.00,1776264002724,0.00120000,0.00120000,0,,,,0,cancelled
2026-04-15 14:00,ord-000909,buy,74019.90,1776264007724,0,0,0,,,,0,cancelled
2026-04-15 14:00,ord-000910,sell,74023.91,1776264007724,0.00904000,0,0,,,,0,cancelled
2026-04-15 14:00,ord-000911,buy,73992.00,1776264012724,0.00120000,0.00120000,0,,,,0,cancelled
2026-04-15 14:00,ord-000912,sell,73996.01,1776264012724,0,0,0,,,,0,cancelled
2026-04-15 14:00,ord-000913,buy,73992.59,1776264017724,0,0,0,,,,0,cancelled
2026-04-15 14:00,ord-000914,sell,73996.60,1776264017724,0,0,0,,,,0,cancelled
2026-04-15 14:00,ord-000915,buy,74007.19,1776264022724,0,0,0,,,,0,cancelled
2026-04-15 14:00,ord-000916,sell,74011.20,1776264022724,0,0,0,,,,0,cancelled
2026-04-15 14:00,ord-000917,buy,74007.39,1776264027724,0,0,0,,,,0,cancelled
2026-04-15 14:00,ord-000918,sell,74011.40,1776264027724,0,0,0,,,,0,cancelled
2026-04-15 14:00,ord-000919,buy,74013.21,1776264032724,0,0,0,,,,0,cancelled
2026-04-15 14:00,ord-000920,sell,74017.22,1776264032724,0,0,0,,,,0,cancelled
2026-04-15 14:00,ord-000921,buy,74022.56,1776264037724,0,0,0,,,,0,cancelled
2026-04-15 14:00,ord-000922,sell,74026.57,1776264037724,0,0,0,,,,0,cancelled
2026-04-15 14:00,ord-000923,buy,74020.48,1776264042724,0,0,0,,,,0,cancelled
2026-04-15 14:00,ord-000924,sell,74024.49,1776264042724,0,0,0,,,,0,cancelled
2026-04-15 14:00,ord-000925,buy,74030.38,1776264047724,0,0,0,,,,0,cancelled
2026-04-15 14:00,ord-000926,sell,74034.39,1776264047724,0,0,0,,,,0,cancelled
2026-04-15 14:00,ord-000927,buy,74044.88,1776264052724,0,0,0,,,,0,cancelled
2026-04-15 14:00,ord-000928,sell,74048.89,1776264052724,0,0,0,,,,0,cancelled
2026-04-15 14:00,ord-000929,buy,74050.79,1776264057724,0,0,0,,,,0,cancelled
2026-04-15 14:00,ord-000930,sell,74054.80,1776264057724,0.00007000,0,0,,,,0,cancelled
2026-04-15 14:00,ord-000931,buy,74055.16,1776264062724,0,0,0,,,,0,cancelled
2026-04-15 14:00,ord-000932,sell,74059.17,1776264062724,0,0,0,,,,0,cancelled
2026-04-15 14:00,ord-000933,buy,74053.25,1776264067824,0,0,0,,,,0,cancelled
2026-04-15 14:00,ord-000934,sell,74057.26,1776264067824,0,0,0,,,,0,cancelled
2026-04-15 14:00,ord-000935,buy,74061.56,1776264074124,0,0,0,,,,0,cancelled
2026-04-15 14:00,ord-000936,sell,74065.57,1776264074124,0,0,0,,,,0,cancelled
2026-04-15 14:00,ord-000937,buy,74071.31,1776264079124,0,0,0,,,,0,cancelled
2026-04-15 14:00,ord-000938,sell,74075.32,1776264079124,0,0,0,,,,0,cancelled
2026-04-15 14:00,ord-000939,buy,74068.35,1776264084124,0,0,0,,,,0,cancelled
2026-04-15 14:00,ord-000940,sell,74072.36,1776264084124,0,0,0,,,,0,cancelled
2026-04-15 14:00,ord-000941,buy,74093.32,1776264089124,0,0,0,,,,0,cancelled
2026-04-15 14:00,ord-000942,sell,74097.33,1776264089124,0,0,0,,,,0,cancelled
2026-04-15 14:00,ord-000943,buy,74097.99,1776264101724,0.36189000,0.00035000,0,,,,0,cancelled
2026-04-15 14:00,ord-000944,sell,74102.00,1776264101724,0.00120000,0,0,,,,0,cancelled
2026-04-15 14:00,ord-000945,buy,74073.32,1776264106724,0,0,0,,,,0,cancelled
2026-04-15 14:00,ord-000946,sell,74077.33,1776264106724,0.06080000,0,0,,,,0,cancelled
2026-04-15 14:00,ord-000947,buy,74064.00,1776264111724,0.00120000,0,0,,,,0,cancelled
2026-04-15 14:00,ord-000948,sell,74068.01,1776264111724,0.35680000,0.00014000,0,,,,0,cancelled
2026-04-15 14:00,ord-000949,buy,74073.32,1776264116724,0,0,0,,,,0,cancelled
2026-04-15 14:00,ord-000950,sell,74077.33,1776264116724,0,0,0,,,,0,cancelled
2026-04-15 14:00,ord-000951,buy,74064.22,1776264121724,0,0,0,,,,0,cancelled
2026-04-15 14:00,ord-000952,sell,74068.23,1776264121724,0,0,0,,,,0,cancelled
2026-04-15 14:00,ord-000953,buy,74044.18,1776264126724,0,0,0,,,,0,cancelled
2026-04-15 14:00,ord-000954,sell,74048.19,1776264126724,0,0,0,,,,0,cancelled
2026-04-15 14:00,ord-000955,buy,74024.00,1776264131724,0.00120000,0.00120000,0,1776264132127,0.00120000,0.00000000,0.001,filled
2026-04-15 14:00,ord-000956,sell,74028.01,1776264131724,0,0,0,,,,0,cancelled
2026-04-15 14:00,ord-000957,buy,74019.56,1776264132224,0,0,0,,,,0,cancelled
2026-04-15 14:00,ord-000958,sell,74023.57,1776264132224,0,0,0,,,,0,cancelled
2026-04-15 14:00,ord-000959,buy,74005.16,1776264137224,0,0,0,,,,0,cancelled
2026-04-15 14:00,ord-000960,sell,74009.17,1776264137224,0,0,0,,,,0,cancelled
2026-04-15 14:00,ord-000961,buy,73985.59,1776264142224,0,0,0,,,,0,cancelled
2026-04-15 14:00,ord-000962,sell,73989.60,1776264142224,0,0,0,,,,0,cancelled
2026-04-15 14:00,ord-000963,buy,73999.99,1776264147224,0,0,0,,,,0,cancelled
2026-04-15 14:00,ord-000964,sell,74004.00,1776264147224,0.00120000,0.00120000,0,,,,0,cancelled
2026-04-15 14:00,ord-000965,buy,74006.48,1776264152224,0,0,0,,,,0,cancelled
2026-04-15 14:00,ord-000966,sell,74010.49,1776264152224,0,0,0,,,,0,cancelled
2026-04-15 14:00,ord-000967,buy,73997.90,1776264157224,0,0,0,,,,0,cancelled
2026-04-15 14:00,ord-000968,sell,74001.91,1776264157224,0,0,0,,,,0,cancelled
2026-04-15 14:00,ord-000969,buy,73996.70,1776264162224,0,0,0,,,,0,cancelled
2026-04-15 14:00,ord-000970,sell,74000.71,1776264162224,0,0,0,,,,0,cancelled
2026-04-15 14:00,ord-000971,buy,73982.01,1776264167224,0,0,0,,,,0,cancelled
2026-04-15 14:00,ord-000972,sell,73986.02,1776264167224,0,0,0,,,,0,cancelled
2026-04-15 14:00,ord-000973,buy,73977.77,1776264172224,0,0,0,,,,0,cancelled
2026-04-15 14:00,ord-000974,sell,73981.78,1776264172224,0,0,0,,,,0,cancelled
2026-04-15 14:00,ord-000975,buy,73999.10,1776264177224,0,0,0,,,,0,cancelled
2026-04-15 14:00,ord-000976,sell,74003.11,1776264177224,0,0,0,,,,0,cancelled
2026-04-15 14:00,ord-000977,buy,73992.00,1776264182224,0.00120000,0.00120000,0,,,,0,cancelled
2026-04-15 14:00,ord-000978,sell,73996.01,1776264182224,0,0,0,,,,0,cancelled
2026-04-15 14:00,ord-000979,buy,73988.43,1776264191624,0,0,0,,,,0,cancelled
2026-04-15 14:00,ord-000980,sell,73992.44,1776264191624,0,0,0,,,,0,cancelled
2026-04-15 14:00,ord-000981,buy,73994.62,1776264196624,0,0,0,,,,0,cancelled
2026-04-15 14:00,ord-000982,sell,73998.63,1776264196624,0,0,0,,,,0,cancelled
2026-04-15 14:00,ord-000983,buy,73991.98,1776264203524,0,0,0,,,,0,cancelled
2026-04-15 14:00,ord-000984,sell,73995.99,1776264203524,0,0,0,,,,0,cancelled
2026-04-15 14:00,ord-000985,buy,73994.62,1776264208524,0,0,0,,,,0,cancelled
2026-04-15 14:00,ord-000986,sell,73998.63,1776264208524,0,0,0,,,,0,cancelled
2026-04-15 14:00,ord-000987,buy,73991.99,1776264213524,0,0,0,,,,0,cancelled
2026-04-15 14:00,ord-000988,sell,73996.00,1776264213524,0,0,0,,,,0,cancelled
2026-04-15 14:00,ord-000989,buy,73996.75,1776264218524,0,0,0,,,,0,cancelled
2026-04-15 14:00,ord-000990,sell,74000.76,1776264218524,0,0,0,,,,0,cancelled
2026-04-15 14:00,ord-000991,buy,74012.95,1776264223524,0,0,0,,,,0,cancelled
2026-04-15 14:00,ord-000992,sell,74016.96,1776264223524,0,0,0,,,,0,cancelled
2026-04-15 14:00,ord-000993,buy,74007.32,1776264228524,0,0,0,,,,0,cancelled
2026-04-15 14:00,ord-000994,sell,74011.33,1776264228524,0,0,0,,,,0,cancelled
2026-04-15 14:00,ord-000995,buy,74000.16,1776264233524,0.00007000,0.00007000,0,,,,0,cancelled
2026-04-15 14:00,ord-000996,sell,74004.17,1776264233524,0,0,0,,,,0,cancelled
2026-04-15 14:00,ord-000997,buy,73994.07,1776264238524,0,0,0,,,,0,cancelled
2026-04-15 14:00,ord-000998,sell,73998.08,1776264238524,0,0,0,,,,0,cancelled
2026-04-15 14:00,ord-000999,buy,73986.69,1776264243524,0,0,0,,,,0,cancelled
2026-04-15 14:00,ord-001000,sell,73990.70,1776264243524,0,0,0,,,,0,cancelled
2026-04-15 14:00,ord-001001,buy,73975.15,1776264248524,0,0,0,,,,0,cancelled
2026-04-15 14:00,ord-001002,sell,73979.16,1776264248524,0,0,0,,,,0,cancelled
2026-04-15 14:00,ord-001003,buy,73975.23,1776264253524,0,0,0,,,,0,cancelled
2026-04-15 14:00,ord-001004,sell,73979.24,1776264253524,0,0,0,,,,0,cancelled
2026-04-15 14:00,ord-001005,buy,73982.57,1776264258524,0,0,0,,,,0,cancelled
2026-04-15 14:00,ord-001006,sell,73986.58,1776264258524,0,0,0,,,,0,cancelled
2026-04-15 14:00,ord-001007,buy,73975.88,1776264263524,0,0,0,,,,0,cancelled
2026-04-15 14:00,ord-001008,sell,73979.89,1776264263524,0,0,0,,,,0,cancelled
2026-04-15 14:00,ord-001009,buy,73965.37,1776264268524,0,0,0,,,,0,cancelled
2026-04-15 14:00,ord-001010,sell,73969.38,1776264268524,0,0,0,,,,0,cancelled
2026-04-15 14:00,ord-001011,buy,73940.00,1776264273524,0,0,0,,,,0,cancelled
2026-04-15 14:00,ord-001012,sell,73944.01,1776264273524,0,0,0,,,,0,cancelled
2026-04-15 14:00,ord-001013,buy,73917.33,1776264278526,0,0,0,,,,0,cancelled
2026-04-15 14:00,ord-001014,sell,73921.34,1776264278526,0,0,0,,,,0,cancelled
2026-04-15 14:00,ord-001015,buy,73929.87,1776264283624,0,0,0,,,,0,cancelled
2026-04-15 14:00,ord-001016,sell,73933.88,1776264283624,0,0,0,,,,0,cancelled
2026-04-15 14:00,ord-001017,buy,73946.82,1776264288624,0,0,0,,,,0,cancelled
2026-04-15 14:00,ord-001018,sell,73950.83,1776264288624,0,0,0,,,,0,cancelled
2026-04-15 14:00,ord-001019,buy,73952.85,1776264293624,0,0,0,,,,0,cancelled
2026-04-15 14:00,ord-001020,sell,73956.86,1776264293624,0,0,0,,,,0,cancelled
2026-04-15 14:00,ord-001021,buy,73960.75,1776264299124,0,0,0,,,,0,cancelled
2026-04-15 14:00,ord-001022,sell,73964.76,1776264299124,0.00017000,0.00007000,0,,,,0,cancelled
2026-04-15 14:00,ord-001023,buy,73978.04,1776264304124,0,0,0,,,,0,cancelled
2026-04-15 14:00,ord-001024,sell,73982.05,1776264304124,0,0,0,,,,0,cancelled
2026-04-15 14:00,ord-001025,buy,74012.94,1776264309124,0,0,0,,,,0,cancelled
2026-04-15 14:00,ord-001026,sell,74016.95,1776264309124,0,0,0,,,,0,cancelled
2026-04-15 14:00,ord-001027,buy,74009.09,1776264322424,0,0,0,,,,0,cancelled
2026-04-15 14:00,ord-001028,sell,74013.10,1776264322424,0,0,0,,,,0,cancelled
2026-04-15 14:00,ord-001029,buy,73997.99,1776264327424,0,0,0,,,,0,cancelled
2026-04-15 14:00,ord-001030,sell,74002.00,1776264327424,0.00016000,0,0,,,,0,cancelled
2026-04-15 14:00,ord-001031,buy,74018.41,1776264332424,0,0,0,,,,0,cancelled
2026-04-15 14:00,ord-001032,sell,74022.42,1776264332424,0,0,0,,,,0,cancelled
2026-04-15 14:00,ord-001033,buy,74026.27,1776264337424,0,0,0,,,,0,cancelled
2026-04-15 14:00,ord-001034,sell,74030.28,1776264337424,0,0,0,,,,0,cancelled
2026-04-15 14:00,ord-001035,buy,74012.83,1776264342924,0,0,0,,,,0,cancelled
2026-04-15 14:00,ord-001036,sell,74016.84,1776264342924,0,0,0,,,,0,cancelled
2026-04-15 14:00,ord-001037,buy,74011.40,1776264347924,0,0,0,,,,0,cancelled
2026-04-15 14:00,ord-001038,sell,74015.41,1776264347924,0,0,0,,,,0,cancelled
2026-04-15 14:00,ord-001039,buy,74018.38,1776264352924,0,0,0,,,,0,cancelled
2026-04-15 14:00,ord-001040,sell,74022.39,1776264352924,0,0,0,,,,0,cancelled
2026-04-15 14:00,ord-001041,buy,74018.40,1776264357924,0,0,0,,,,0,cancelled
2026-04-15 14:00,ord-001042,sell,74022.41,1776264357924,0,0,0,,,,0,cancelled
2026-04-15 14:00,ord-001043,buy,74029.02,1776264362924,0,0,0,,,,0,cancelled
2026-04-15 14:00,ord-001044,sell,74033.03,1776264362924,0,0,0,,,,0,cancelled
2026-04-15 14:00,ord-001045,buy,74022.04,1776264368624,0,0,0,,,,0,cancelled
2026-04-15 14:00,ord-001046,sell,74026.05,1776264368624,0,0,0,,,,0,cancelled
2026-04-15 14:00,ord-001047,buy,74015.76,1776264373624,0,0,0,,,,0,cancelled
2026-04-15 14:00,ord-001048,sell,74019.77,1776264373624,0,0,0,,,,0,cancelled
2026-04-15 14:00,ord-001049,buy,73998.00,1776264378624,0.00120000,0.00120000,0,,,,0,cancelled
2026-04-15 14:00,ord-001050,sell,74002.01,1776264378624,0.46572000,0,0,,,,0,cancelled
2026-04-15 14:00,ord-001051,buy,73980.61,1776264383624,0,0,0,,,,0,cancelled
2026-04-15 14:00,ord-001052,sell,73984.62,1776264383624,0,0,0,,,,0,cancelled
2026-04-15 14:00,ord-001053,buy,73977.52,1776264397124,0,0,0,,,,0,cancelled
2026-04-15 14:00,ord-001054,sell,73981.53,1776264397124,0,0,0,,,,0,cancelled
2026-04-15 14:00,ord-001055,buy,73959.54,1776264402124,0,0,0,,,,0,cancelled
2026-04-15 14:00,ord-001056,sell,73963.55,1776264402124,0,0,0,,,,0,cancelled
2026-04-15 14:00,ord-001057,buy,73952.89,1776264407124,0,0,0,,,,0,cancelled
2026-04-15 14:00,ord-001058,sell,73956.90,1776264407124,0,0,0,,,,0,cancelled
2026-04-15 14:00,ord-001059,buy,73955.39,1776264412725,0,0,0,,,,0,cancelled
2026-04-15 14:00,ord-001060,sell,73959.40,1776264412725,0,0,0,,,,0,cancelled
2026-04-15 14:00,ord-001061,buy,73963.46,1776264417824,0,0,0,,,,0,cancelled
2026-04-15 14:00,ord-001062,sell,73967.47,1776264417824,0,0,0,,,,0,cancelled
2026-04-15 14:00,ord-001063,buy,73970.74,1776264422824,0,0,0,,,,0,cancelled
2026-04-15 14:00,ord-001064,sell,73974.75,1776264422824,0,0,0,,,,0,cancelled
2026-04-15 14:00,ord-001065,buy,73970.75,1776264427824,0,0,0,,,,0,cancelled
2026-04-15 14:00,ord-001066,sell,73974.76,1776264427824,0,0,0,,,,0,cancelled
2026-04-15 14:00,ord-001067,buy,73968.98,1776264435224,0,0,0,,,,0,cancelled
2026-04-15 14:00,ord-001068,sell,73972.99,1776264435224,0,0,0,,,,0,cancelled
2026-04-15 14:00,ord-001069,buy,73971.99,1776264440224,0,0,0,,,,0,cancelled
2026-04-15 14:00,ord-001070,sell,73976.00,1776264440224,0.00120000,0.00120000,0,,,,0,cancelled
2026-04-15 14:00,ord-001071,buy,73989.99,1776264445224,0.11387000,0,0,,,,0,cancelled
2026-04-15 14:00,ord-001072,sell,73994.00,1776264445224,0.00120000,0.00120000,0,,,,0,cancelled
2026-04-15 14:00,ord-001073,buy,73996.64,1776264450224,0,0,0,,,,0,cancelled
2026-04-15 14:00,ord-001074,sell,74000.65,1776264450224,0,0,0,,,,0,cancelled
2026-04-15 14:00,ord-001075,buy,73990.00,1776264455224,0.00120000,0,0,,,,0,cancelled
2026-04-15 14:00,ord-001076,sell,73994.01,1776264455224,0.00007000,0,0,,,,0,cancelled
2026-04-15 14:00,ord-001077,buy,73989.52,1776264460224,0,0,0,,,,0,cancelled
2026-04-15 14:00,ord-001078,sell,73993.53,1776264460224,0,0,0,,,,0,cancelled
2026-04-15 14:00,ord-001079,buy,73982.94,1776264465224,0,0,0,,,,0,cancelled
2026-04-15 14:00,ord-001080,sell,73986.95,1776264465224,0,0,0,,,,0,cancelled
2026-04-15 14:00,ord-001081,buy,73972.10,1776264470224,0,0,0,,,,0,cancelled
2026-04-15 14:00,ord-001082,sell,73976.11,1776264470224,0,0,0,,,,0,cancelled
2026-04-15 14:00,ord-001083,buy,73987.99,1776264475224,0,0,0,,,,0,cancelled
2026-04-15 14:00,ord-001084,sell,73992.00,1776264475224,0.00811000,0,0,,,,0,cancelled
2026-04-15 14:00,ord-001085,buy,73982.94,1776264480624,0,0,0,,,,0,cancelled
2026-04-15 14:00,ord-001086,sell,73986.95,1776264480624,0,0,0,,,,0,cancelled
2026-04-15 14:00,ord-001087,buy,73989.52,1776264485624,0,0,0,,,,0,cancelled
2026-04-15 14:00,ord-001088,sell,73993.53,1776264485624,0,0,0,,,,0,cancelled
2026-04-15 14:00,ord-001089,buy,73997.99,1776264490625,0,0,0,,,,0,cancelled
2026-04-15 14:00,ord-001090,sell,74002.00,1776264490625,0.00120000,0.00120000,0,,,,0,cancelled
2026-04-15 14:00,ord-001091,buy,74007.99,1776264495724,0.00007000,0,0,,,,0,cancelled
2026-04-15 14:00,ord-001092,sell,74012.00,1776264495724,0.00120000,0.00120000,0,,,,0,cancelled
2026-04-15 14:00,ord-001093,buy,74019.53,1776264500724,0,0,0,,,,0,cancelled
2026-04-15 14:00,ord-001094,sell,74023.54,1776264500724,0,0,0,,,,0,cancelled
2026-04-15 14:00,ord-001095,buy,74014.71,1776264505724,0,0,0,,,,0,cancelled
2026-04-15 14:00,ord-001096,sell,74018.72,1776264505724,0,0,0,,,,0,cancelled
2026-04-15 14:00,ord-001097,buy,74006.00,1776264510724,0.00120000,0.00120000,0,1776264514131,0.00034000,0.00000000,0.00100000,filled
2026-04-15 14:00,ord-001098,sell,74010.01,1776264510724,0,0,0,,,,0,cancelled
2026-04-15 14:00,ord-001099,buy,74002.00,1776264514224,0.00120000,0.00120000,0,,,,0,cancelled
2026-04-15 14:00,ord-001100,sell,74006.01,1776264514224,0.84550000,0.00229000,0,,,,0,cancelled
2026-04-15 14:00,ord-001101,buy,74016.47,1776264519224,0,0,0,,,,0,cancelled
2026-04-15 14:00,ord-001102,sell,74020.48,1776264519224,0,0,0,,,,0,cancelled
2026-04-15 14:00,ord-001103,buy,74020.49,1776264524224,0,0,0,,,,0,cancelled
2026-04-15 14:00,ord-001104,sell,74024.50,1776264524224,0,0,0,,,,0,cancelled
2026-04-15 14:00,ord-001105,buy,74049.64,1776264529224,0,0,0,,,,0,cancelled
2026-04-15 14:00,ord-001106,sell,74053.65,1776264529224,0,0,0,,,,0,cancelled
2026-04-15 14:00,ord-001107,buy,74062.99,1776264537424,0,0,0,,,,0,cancelled
2026-04-15 14:00,ord-001108,sell,74067.00,1776264537424,0,0,0,,,,0,cancelled
2026-04-15 14:00,ord-001109,buy,74054.49,1776264542424,0,0,0,,,,0,cancelled
2026-04-15 14:00,ord-001110,sell,74058.50,1776264542424,0,0,0,,,,0,cancelled
2026-04-15 14:00,ord-001111,buy,74061.45,1776264547424,0,0,0,,,,0,cancelled
2026-04-15 14:00,ord-001112,sell,74065.46,1776264547424,0,0,0,,,,0,cancelled
2026-04-15 14:00,ord-001113,buy,74061.73,1776264552424,0,0,0,,,,0,cancelled
2026-04-15 14:00,ord-001114,sell,74065.74,1776264552424,0,0,0,,,,0,cancelled
2026-04-15 14:00,ord-001115,buy,74078.07,1776264557424,0,0,0,,,,0,cancelled
2026-04-15 14:00,ord-001116,sell,74082.08,1776264557424,0,0,0,,,,0,cancelled
2026-04-15 14:00,ord-001117,buy,74074.00,1776264562424,0.00080000,0,0,,,,0,cancelled
2026-04-15 14:00,ord-001118,sell,74078.01,1776264562424,0,0,0,,,,0,cancelled
2026-04-15 14:00,ord-001119,buy,74086.65,1776264567924,0,0,0,,,,0,cancelled
2026-04-15 14:00,ord-001120,sell,74090.66,1776264567924,0,0,0,,,,0,cancelled
2026-04-15 14:00,ord-001121,buy,74100.40,1776264572924,0,0,0,,,,0,cancelled
2026-04-15 14:00,ord-001122,sell,74104.41,1776264572924,0,0,0,,,,0,cancelled
2026-04-15 14:00,ord-001123,buy,74105.80,1776264580924,0,0,0,,,,0,cancelled
2026-04-15 14:00,ord-001124,sell,74109.81,1776264580924,0.00014000,0,0,,,,0,cancelled
2026-04-15 14:00,ord-001125,buy,74129.24,1776264585924,0,0,0,,,,0,cancelled
2026-04-15 14:00,ord-001126,sell,74133.25,1776264585924,0,0,0,,,,0,cancelled
2026-04-15 14:00,ord-001127,buy,74118.00,1776264590924,0.12804000,0.00120000,0,,,,0,cancelled
2026-04-15 14:00,ord-001128,sell,74122.01,1776264590924,0,0,0,,,,0,cancelled
2026-04-15 14:00,ord-001129,buy,74101.09,1776264595924,0,0,0,,,,0,cancelled
2026-04-15 14:00,ord-001130,sell,74105.10,1776264595924,0,0,0,,,,0,cancelled
2026-04-15 14:00,ord-001131,buy,74123.92,1776264600924,0,0,0,,,,0,cancelled
2026-04-15 14:00,ord-001132,sell,74127.93,1776264600924,0,0,0,,,,0,cancelled
2026-04-15 14:00,ord-001133,buy,74118.82,1776264605924,0.02874000,0,0,,,,0,cancelled
2026-04-15 14:00,ord-001134,sell,74122.83,1776264605924,0,0,0,,,,0,cancelled
2026-04-15 14:00,ord-001135,buy,74168.79,1776264610924,0,0,0,,,,0,cancelled
2026-04-15 14:00,ord-001136,sell,74172.80,1776264610924,0,0,0,,,,0,cancelled
2026-04-15 14:00,ord-001137,buy,74175.17,1776264615924,0,0,0,,,,0,cancelled
2026-04-15 14:00,ord-001138,sell,74179.18,1776264615924,0,0,0,,,,0,cancelled
2026-04-15 14:00,ord-001139,buy,74180.35,1776264621224,0,0,0,,,,0,cancelled
2026-04-15 14:00,ord-001140,sell,74184.36,1776264621224,0,0,0,,,,0,cancelled
2026-04-15 14:00,ord-001141,buy,74192.36,1776264626224,0,0,0,,,,0,cancelled
2026-04-15 14:00,ord-001142,sell,74196.37,1776264626224,0,0,0,,,,0,cancelled
2026-04-15 14:00,ord-001143,buy,74175.17,1776264631224,0,0,0,,,,0,cancelled
2026-04-15 14:00,ord-001144,sell,74179.18,1776264631224,0,0,0,,,,0,cancelled
2026-04-15 14:00,ord-001145,buy,74183.97,1776264636224,0,0,0,,,,0,cancelled
2026-04-15 14:00,ord-001146,sell,74187.98,1776264636224,0,0,0,1776264638515,0,0,0.00007000,cancelled
2026-04-15 14:00,ord-001147,buy,74197.99,1776264641224,0,0,0,,,,0,cancelled
2026-04-15 14:00,ord-001148,sell,74202.00,1776264641224,0.00120000,0,0,,,,0,cancelled
2026-04-15 14:00,ord-001149,buy,74189.60,1776264646224,0,0,0,,,,0,cancelled
2026-04-15 14:00,ord-001150,sell,74193.61,1776264646224,0,0,0,,,,0,cancelled
2026-04-15 14:00,ord-001151,buy,74196.98,1776264651224,0,0,0,,,,0,cancelled
2026-04-15 14:00,ord-001152,sell,74200.99,1776264651224,0,0,0,,,,0,cancelled
2026-04-15 14:00,ord-001153,buy,74195.15,1776264658924,0,0,0,,,,0,cancelled
2026-04-15 14:00,ord-001154,sell,74199.16,1776264658924,0,0,0,,,,0,cancelled
2026-04-15 14:00,ord-001155,buy,74197.99,1776264663924,0,0,0,,,,0,cancelled
2026-04-15 14:00,ord-001156,sell,74202.00,1776264663924,0.00120000,0,0,,,,0,cancelled
2026-04-15 14:00,ord-001157,buy,74191.59,1776264675524,0,0,0,,,,0,cancelled
2026-04-15 14:00,ord-001158,sell,74195.60,1776264675524,0,0,0,,,,0,cancelled
2026-04-15 14:00,ord-001159,buy,74189.61,1776264681924,0,0,0,,,,0,cancelled
2026-04-15 14:00,ord-001160,sell,74193.62,1776264681924,0,0,0,,,,0,cancelled
2026-04-15 14:00,ord-001161,buy,74175.19,1776264686924,0,0,0,,,,0,cancelled
2026-04-15 14:00,ord-001162,sell,74179.20,1776264686924,0,0,0,,,,0,cancelled
2026-04-15 14:00,ord-001163,buy,74156.69,1776264691924,0,0,0,,,,0,cancelled
2026-04-15 14:00,ord-001164,sell,74160.70,1776264691924,0,0,0,,,,0,cancelled
2026-04-15 14:00,ord-001165,buy,74148.00,1776264696924,0.60549000,0,0,,,,0,cancelled
2026-04-15 14:00,ord-001166,sell,74152.01,1776264696924,0,0,0,,,,0,cancelled
2026-04-15 14:00,ord-001167,buy,74152.47,1776264701925,0,0,0,,,,0,cancelled
2026-04-15 14:00,ord-001168,sell,74156.48,1776264701925,0,0,0,,,,0,cancelled
2026-04-15 14:00,ord-001169,buy,74139.50,1776264707025,0,0,0,,,,0,cancelled
2026-04-15 14:00,ord-001170,sell,74143.51,1776264707025,0,0,0,,,,0,cancelled
2026-04-15 14:00,ord-001171,buy,74130.10,1776264712124,0,0,0,,,,0,cancelled
2026-04-15 14:00,ord-001172,sell,74134.11,1776264712124,0,0,0,,,,0,cancelled
2026-04-15 14:00,ord-001173,buy,74129.43,1776264717124,0,0,0,,,,0,cancelled
2026-04-15 14:00,ord-001174,sell,74133.44,1776264717124,0,0,0,,,,0,cancelled
2026-04-15 14:00,ord-001175,buy,74113.79,1776264722124,0,0,0,1776264722768,0,0,0.001,filled
2026-04-15 14:00,ord-001176,sell,74117.80,1776264722124,0,0,0,,,,0,cancelled
2026-04-15 14:00,ord-001177,buy,74108.45,1776264722824,0,0,0,,,,0,cancelled
2026-04-15 14:00,ord-001178,sell,74112.46,1776264722824,0,0,0,,,,0,cancelled
2026-04-15 14:00,ord-001179,buy,74106.68,1776264727824,0,0,0,,,,0,cancelled
2026-04-15 14:00,ord-001180,sell,74110.69,1776264727824,0,0,0,,,,0,cancelled
2026-04-15 14:00,ord-001181,buy,74111.74,1776264732824,0,0,0,,,,0,cancelled
2026-04-15 14:00,ord-001182,sell,74115.75,1776264732824,0,0,0,,,,0,cancelled
2026-04-15 14:00,ord-001183,buy,74111.72,1776264737824,0,0,0,,,,0,cancelled
2026-04-15 14:00,ord-001184,sell,74115.73,1776264737824,0,0,0,,,,0,cancelled
2026-04-15 14:00,ord-001185,buy,74114.79,1776264744024,0,0,0,,,,0,cancelled
2026-04-15 14:00,ord-001186,sell,74118.80,1776264744024,0,0,0,,,,0,cancelled
2026-04-15 14:00,ord-001187,buy,74090.00,1776264749024,0.00120000,0,0,,,,0,cancelled
2026-04-15 14:00,ord-001188,sell,74094.01,1776264749024,0.11466000,0.00079000,0,,,,0,cancelled
2026-04-15 14:00,ord-001189,buy,74091.99,1776264769424,0,0,0,,,,0,cancelled
2026-04-15 14:00,ord-001190,sell,74096.00,1776264769424,0.00040000,0,0,,,,0,cancelled
2026-04-15 14:00,ord-001191,buy,74097.94,1776264774424,0,0,0,,,,0,cancelled
2026-04-15 14:00,ord-001192,sell,74101.95,1776264774424,0,0,0,,,,0,cancelled
2026-04-15 14:00,ord-001193,buy,74127.72,1776264779424,0,0,0,,,,0,cancelled
2026-04-15 14:00,ord-001194,sell,74131.73,1776264779424,0.08560000,0.00008000,0,,,,0,cancelled
2026-04-15 14:00,ord-001195,buy,74130.15,1776264787927,0,0,0,,,,0,cancelled
2026-04-15 14:00,ord-001196,sell,74134.16,1776264787927,0,0,0,,,,0,cancelled
2026-04-15 14:00,ord-001197,buy,74141.30,1776264793024,0,0,0,,,,0,cancelled
2026-04-15 14:00,ord-001198,sell,74145.31,1776264793024,0,0,0,,,,0,cancelled
2026-04-15 14:00,ord-001199,buy,74139.97,1776264798024,0,0,0,,,,0,cancelled
2026-04-15 14:00,ord-001200,sell,74143.98,1776264798024,0,0,0,,,,0,cancelled
2026-04-15 14:00,ord-001201,buy,74141.29,1776264803024,0,0,0,,,,0,cancelled
2026-04-15 14:00,ord-001202,sell,74145.30,1776264803024,0.00007000,0.00007000,0,,,,0,cancelled
2026-04-15 14:00,ord-001203,buy,74160.89,1776264808024,0,0,0,,,,0,cancelled
2026-04-15 14:00,ord-001204,sell,74164.90,1776264808024,0,0,0,,,,0,cancelled
2026-04-15 14:00,ord-001205,buy,74148.00,1776264813025,0.00120000,0.00120000,0,,,,0,cancelled
2026-04-15 14:00,ord-001206,sell,74152.01,1776264813025,0,0,0,,,,0,cancelled
2026-04-15 14:00,ord-001207,buy,74143.12,1776264818124,0,0,0,,,,0,cancelled
2026-04-15 14:00,ord-001208,sell,74147.13,1776264818124,0,0,0,,,,0,cancelled
2026-04-15 14:00,ord-001209,buy,74141.30,1776264829724,0,0,0,,,,0,cancelled
2026-04-15 14:00,ord-001210,sell,74145.31,1776264829724,0,0,0,,,,0,cancelled
2026-04-15 14:00,ord-001211,buy,74109.38,1776264834724,0,0,0,,,,0,cancelled
2026-04-15 14:00,ord-001212,sell,74113.39,1776264834724,0,0,0,,,,0,cancelled
2026-04-15 14:00,ord-001213,buy,74100.40,1776264839724,0,0,0,,,,0,cancelled
2026-04-15 14:00,ord-001214,sell,74104.41,1776264839724,0,0,0,,,,0,cancelled
2026-04-15 14:00,ord-001215,buy,74112.89,1776264844724,0,0,0,,,,0,cancelled
2026-04-15 14:00,ord-001216,sell,74116.90,1776264844724,0,0,0,,,,0,cancelled
2026-04-15 14:00,ord-001217,buy,74112.87,1776264849725,0,0,0,,,,0,cancelled
2026-04-15 14:00,ord-001218,sell,74116.88,1776264849725,0,0,0,,,,0,cancelled
2026-04-15 14:00,ord-001219,buy,74106.01,1776264854825,0,0,0,,,,0,cancelled
2026-04-15 14:00,ord-001220,sell,74110.02,1776264854825,0,0,0,,,,0,cancelled
2026-04-15 14:00,ord-001221,buy,74120.82,1776264859924,0,0,0,,,,0,cancelled
2026-04-15 14:00,ord-001222,sell,74124.83,1776264859924,0,0,0,,,,0,cancelled
2026-04-15 14:00,ord-001223,buy,74131.89,1776264864924,0,0,0,,,,0,cancelled
2026-04-15 14:00,ord-001224,sell,74135.90,1776264864924,0,0,0,,,,0,cancelled
2026-04-15 14:00,ord-001225,buy,74139.40,1776264873624,0,0,0,,,,0,cancelled
2026-04-15 14:00,ord-001226,sell,74143.41,1776264873624,0,0,0,,,,0,cancelled
2026-04-15 14:00,ord-001227,buy,74152.47,1776264878624,0,0,0,,,,0,cancelled
2026-04-15 14:00,ord-001228,sell,74156.48,1776264878624,0,0,0,,,,0,cancelled
2026-04-15 14:00,ord-001229,buy,74132.96,1776264883624,0,0,0,,,,0,cancelled
2026-04-15 14:00,ord-001230,sell,74136.97,1776264883624,0,0,0,,,,0,cancelled
2026-04-15 14:00,ord-001231,buy,74139.24,1776264888624,0,0,0,,,,0,cancelled
2026-04-15 14:00,ord-001232,sell,74143.25,1776264888624,0,0,0,,,,0,cancelled
2026-04-15 14:00,ord-001233,buy,74139.09,1776264893624,0,0,0,,,,0,cancelled
2026-04-15 14:00,ord-001234,sell,74143.10,1776264893624,0,0,0,,,,0,cancelled
2026-04-15 14:00,ord-001235,buy,74152.47,1776264898624,0,0,0,,,,0,cancelled
2026-04-15 14:00,ord-001236,sell,74156.48,1776264898624,0,0,0,,,,0,cancelled
2026-04-15 14:00,ord-001237,buy,74168.61,1776264903624,0,0,0,,,,0,cancelled
2026-04-15 14:00,ord-001238,sell,74172.62,1776264903624,0,0,0,,,,0,cancelled
2026-04-15 14:00,ord-001239,buy,74175.17,1776264908624,0,0,0,,,,0,cancelled
2026-04-15 14:00,ord-001240,sell,74179.18,1776264908624,0,0,0,,,,0,cancelled
2026-04-15 14:00,ord-001241,buy,74169.12,1776264913624,0,0,0,,,,0,cancelled
2026-04-15 14:00,ord-001242,sell,74173.13,1776264913624,0,0,0,,,,0,cancelled
2026-04-15 14:00,ord-001243,buy,74161.71,1776264918624,0,0,0,,,,0,cancelled
2026-04-15 14:00,ord-001244,sell,74165.72,1776264918624,0,0,0,,,,0,cancelled
2026-04-15 14:00,ord-001245,buy,74165.99,1776264931124,0,0,0,,,,0,cancelled
2026-04-15 14:00,ord-001246,sell,74170.00,1776264931124,0.00120000,0.00120000,0,1776264931265,0.00120000,0.00000000,0.001,filled
2026-04-15 14:00,ord-001247,buy,74173.95,1776264931324,0,0,0,,,,0,cancelled
2026-04-15 14:00,ord-001248,sell,74177.96,1776264931324,0,0,0,,,,0,cancelled
2026-04-15 14:00,ord-001249,buy,74224.36,1776264936324,0,0,0,,,,0,cancelled
2026-04-15 14:00,ord-001250,sell,74228.37,1776264936324,0,0,0,,,,0,cancelled
2026-04-15 14:00,ord-001251,buy,74225.21,1776264943024,0,0,0,,,,0,cancelled
2026-04-15 14:00,ord-001252,sell,74229.22,1776264943024,0,0,0,,,,0,cancelled
2026-04-15 14:00,ord-001253,buy,74235.59,1776264948024,0,0,0,,,,0,cancelled
2026-04-15 14:00,ord-001254,sell,74239.60,1776264948024,0,0,0,,,,0,cancelled
2026-04-15 14:00,ord-001255,buy,74227.89,1776264953024,0,0,0,,,,0,cancelled
2026-04-15 14:00,ord-001256,sell,74231.90,1776264953024,0,0,0,,,,0,cancelled
2026-04-15 14:00,ord-001257,buy,74239.99,1776264958024,0,0,0,,,,0,cancelled
2026-04-15 14:00,ord-001258,sell,74244.00,1776264958024,0.00120000,0.00120000,0,,,,0,cancelled
2026-04-15 14:00,ord-001259,buy,74255.29,1776264963024,0,0,0,,,,0,cancelled
2026-04-15 14:00,ord-001260,sell,74259.30,1776264963024,0,0,0,,,,0,cancelled
2026-04-15 14:00,ord-001261,buy,74248.90,1776264968024,0,0,0,,,,0,cancelled
2026-04-15 14:00,ord-001262,sell,74252.91,1776264968024,0,0,0,,,,0,cancelled
2026-04-15 14:00,ord-001263,buy,74237.19,1776264973024,0,0,0,,,,0,cancelled
2026-04-15 14:00,ord-001264,sell,74241.20,1776264973024,0,0,0,,,,0,cancelled
2026-04-15 14:00,ord-001265,buy,74247.26,1776264978024,0,0,0,,,,0,cancelled
2026-04-15 14:00,ord-001266,sell,74251.27,1776264978024,0,0,0,,,,0,cancelled
2026-04-15 14:00,ord-001267,buy,74236.00,1776264983024,0.01794000,0.01794000,0,1776264984387,0.01501000,0.00000000,0.001,filled
2026-04-15 14:00,ord-001268,sell,74240.01,1776264983024,0,0,0,,,,0,cancelled
2026-04-15 14:00,ord-001269,buy,74233.09,1776264984424,0,0,0,,,,0,cancelled
2026-04-15 14:00,ord-001270,sell,74237.10,1776264984424,0.00009000,0,0,,,,0,cancelled
2026-04-15 14:00,ord-001271,buy,74229.75,1776264989424,0,0,0,,,,0,cancelled
2026-04-15 14:00,ord-001272,sell,74233.76,1776264989424,0,0,0,,,,0,cancelled
2026-04-15 14:00,ord-001273,buy,74235.32,1776264994424,0,0,0,,,,0,cancelled
2026-04-15 14:00,ord-001274,sell,74239.33,1776264994424,0,0,0,,,,0,cancelled
2026-04-15 14:00,ord-001275,buy,74231.80,1776265006124,0,0,0,,,,0,cancelled
2026-04-15 14:00,ord-001276,sell,74235.81,1776265006124,0,0,0,,,,0,cancelled
2026-04-15 14:00,ord-001277,buy,74219.71,1776265011124,0,0,0,,,,0,cancelled
2026-04-15 14:00,ord-001278,sell,74223.72,1776265011124,0,0,0,,,,0,cancelled
2026-04-15 14:00,ord-001279,buy,74209.12,1776265016124,0,0,0,,,,0,cancelled
2026-04-15 14:00,ord-001280,sell,74213.13,1776265016124,0,0,0,,,,0,cancelled
2026-04-15 14:00,ord-001281,buy,74206.53,1776265029326,0,0,0,,,,0,cancelled
2026-04-15 14:00,ord-001282,sell,74210.54,1776265029326,0,0,0,,,,0,cancelled
2026-04-15 14:00,ord-001283,buy,74229.75,1776265034424,0,0,0,,,,0,cancelled
2026-04-15 14:00,ord-001284,sell,74233.76,1776265034424,0,0,0,,,,0,cancelled
2026-04-15 14:00,ord-001285,buy,74219.13,1776265041924,0,0,0,,,,0,cancelled
2026-04-15 14:00,ord-001286,sell,74223.14,1776265041924,0,0,0,,,,0,cancelled
2026-04-15 14:00,ord-001287,buy,74206.33,1776265046924,0,0,0,,,,0,cancelled
2026-04-15 14:00,ord-001288,sell,74210.34,1776265046924,0,0,0,,,,0,cancelled
2026-04-15 14:00,ord-001289,buy,74204.47,1776265051924,0,0,0,,,,0,cancelled
2026-04-15 14:00,ord-001290,sell,74208.48,1776265051924,0,0,0,,,,0,cancelled
2026-04-15 14:00,ord-001291,buy,74175.19,1776265056924,0,0,0,,,,0,cancelled
2026-04-15 14:00,ord-001292,sell,74179.20,1776265056924,0,0,0,,,,0,cancelled
2026-04-15 14:00,ord-001293,buy,74174.03,1776265066624,0,0,0,,,,0,cancelled
2026-04-15 14:00,ord-001294,sell,74178.04,1776265066624,0,0,0,,,,0,cancelled
2026-04-15 14:00,ord-001295,buy,74170.69,1776265071624,0,0,0,,,,0,cancelled
2026-04-15 14:00,ord-001296,sell,74174.70,1776265071624,0,0,0,,,,0,cancelled
2026-04-15 14:00,ord-001297,buy,74167.88,1776265076624,0,0,0,,,,0,cancelled
2026-04-15 14:00,ord-001298,sell,74171.89,1776265076624,0,0,0,,,,0,cancelled
2026-04-15 14:00,ord-001299,buy,74166.24,1776265094724,0,0,0,,,,0,cancelled
2026-04-15 14:00,ord-001300,sell,74170.25,1776265094724,0,0,0,,,,0,cancelled
2026-04-15 14:00,ord-001301,buy,74162.03,1776265099724,0,0,0,,,,0,cancelled
2026-04-15 14:00,ord-001302,sell,74166.04,1776265099724,0,0,0,,,,0,cancelled
2026-04-15 14:00,ord-001303,buy,74161.71,1776265109624,0,0,0,,,,0,cancelled
2026-04-15 14:00,ord-001304,sell,74165.72,1776265109624,0,0,0,,,,0,cancelled
2026-04-15 14:00,ord-001305,buy,74157.47,1776265114624,0,0,0,,,,0,cancelled
2026-04-15 14:00,ord-001306,sell,74161.48,1776265114624,0,0,0,,,,0,cancelled
2026-04-15 14:00,ord-001307,buy,74156.33,1776265126324,0,0,0,,,,0,cancelled
2026-04-15 14:00,ord-001308,sell,74160.34,1776265126324,0,0,0,,,,0,cancelled
2026-04-15 14:00,ord-001309,buy,74139.24,1776265131324,0,0,0,,,,0,cancelled
2026-04-15 14:00,ord-001310,sell,74143.25,1776265131324,0,0,0,,,,0,cancelled
2026-04-15 14:00,ord-001311,buy,74137.28,1776265136324,0,0,0,,,,0,cancelled
2026-04-15 14:00,ord-001312,sell,74141.29,1776265136324,0,0,0,,,,0,cancelled
2026-04-15 14:00,ord-001313,buy,74136.19,1776265141324,0,0,0,,,,0,cancelled
2026-04-15 14:00,ord-001314,sell,74140.20,1776265141324,0,0,0,,,,0,cancelled
2026-04-15 14:00,ord-001315,buy,74131.89,1776265146324,0,0,0,,,,0,cancelled
2026-04-15 14:00,ord-001316,sell,74135.90,1776265146324,0.00010000,0,0,,,,0,cancelled
2026-04-15 14:00,ord-001317,buy,74127.67,1776265151324,0,0,0,,,,0,cancelled
2026-04-15 14:00,ord-001318,sell,74131.68,1776265151324,0,0,0,,,,0,cancelled
2026-04-15 14:00,ord-001319,buy,74135.71,1776265178624,0,0,0,,,,0,cancelled
2026-04-15 14:00,ord-001320,sell,74139.72,1776265178624,0,0,0,,,,0,cancelled
2026-04-15 14:00,ord-001321,buy,74141.99,1776265183624,0,0,0,,,,0,cancelled
2026-04-15 14:00,ord-001322,sell,74146.00,1776265183624,0.00120000,0,0,,,,0,cancelled
2026-04-15 14:00,ord-001323,buy,74133.87,1776265188624,0,0,0,,,,0,cancelled
2026-04-15 14:00,ord-001324,sell,74137.88,1776265188624,0,0,0,,,,0,cancelled
2026-04-15 14:00,ord-001325,buy,74139.94,1776265198024,0,0,0,,,,0,expired
2026-04-15 14:00,ord-001326,sell,74143.95,1776265198024,0,0,0,,,,0,expired
2026-04-15 15:00,ord-000001,buy,74151.19,1776265200324,0,0,0,,,,0,cancelled
2026-04-15 15:00,ord-000002,sell,74155.20,1776265200324,0,0,0,,,,0,cancelled
2026-04-15 15:00,ord-000003,buy,74147.49,1776265205324,0,0,0,,,,0,cancelled
2026-04-15 15:00,ord-000004,sell,74151.50,1776265205324,0,0,0,,,,0,cancelled
2026-04-15 15:00,ord-000005,buy,74152.47,1776265210324,0,0,0,,,,0,cancelled
2026-04-15 15:00,ord-000006,sell,74156.48,1776265210324,0,0,0,,,,0,cancelled
2026-04-15 15:00,ord-000007,buy,74140.14,1776265215324,0,0,0,,,,0,cancelled
2026-04-15 15:00,ord-000008,sell,74144.15,1776265215324,0,0,0,,,,0,cancelled
2026-04-15 15:00,ord-000009,buy,74145.89,1776265222024,0,0,0,,,,0,cancelled
2026-04-15 15:00,ord-000010,sell,74149.90,1776265222024,0,0,0,,,,0,cancelled
2026-04-15 15:00,ord-000011,buy,74159.23,1776265227024,0,0,0,,,,0,cancelled
2026-04-15 15:00,ord-000012,sell,74163.24,1776265227024,0,0,0,,,,0,cancelled
2026-04-15 15:00,ord-000013,buy,74134.17,1776265232024,0,0,0,,,,0,cancelled
2026-04-15 15:00,ord-000014,sell,74138.18,1776265232024,0,0,0,,,,0,cancelled
2026-04-15 15:00,ord-000015,buy,74130.69,1776265237924,0.00649000,0,0,,,,0,cancelled
2026-04-15 15:00,ord-000016,sell,74134.70,1776265237924,0,0,0,,,,0,cancelled
2026-04-15 15:00,ord-000017,buy,74125.55,1776265242924,0,0,0,,,,0,cancelled
2026-04-15 15:00,ord-000018,sell,74129.56,1776265242924,0,0,0,,,,0,cancelled
2026-04-15 15:00,ord-000019,buy,74152.47,1776265247924,0,0,0,,,,0,cancelled
2026-04-15 15:00,ord-000020,sell,74156.48,1776265247924,0,0,0,,,,0,cancelled
2026-04-15 15:00,ord-000021,buy,74146.08,1776265252924,0,0,0,,,,0,cancelled
2026-04-15 15:00,ord-000022,sell,74150.09,1776265252924,0,0,0,,,,0,cancelled
2026-04-15 15:00,ord-000023,buy,74143.09,1776265257924,0,0,0,,,,0,cancelled
2026-04-15 15:00,ord-000024,sell,74147.10,1776265257924,0,0,0,,,,0,cancelled
2026-04-15 15:00,ord-000025,buy,74128.79,1776265262924,0,0,0,,,,0,cancelled
2026-04-15 15:00,ord-000026,sell,74132.80,1776265262924,0,0,0,,,,0,cancelled
2026-04-15 15:00,ord-000027,buy,74123.28,1776265267924,0,0,0,,,,0,cancelled
2026-04-15 15:00,ord-000028,sell,74127.29,1776265267924,0,0,0,,,,0,cancelled
2026-04-15 15:00,ord-000029,buy,74134.79,1776265272924,0,0,0,,,,0,cancelled
2026-04-15 15:00,ord-000030,sell,74138.80,1776265272924,0,0,0,,,,0,cancelled
2026-04-15 15:00,ord-000031,buy,74152.47,1776265277924,0,0,0,,,,0,cancelled
2026-04-15 15:00,ord-000032,sell,74156.48,1776265277924,0,0,0,,,,0,cancelled
2026-04-15 15:00,ord-000033,buy,74167.88,1776265282924,0,0,0,,,,0,cancelled
2026-04-15 15:00,ord-000034,sell,74171.89,1776265282924,0,0,0,,,,0,cancelled
2026-04-15 15:00,ord-000035,buy,74161.43,1776265287924,0,0,0,,,,0,cancelled
2026-04-15 15:00,ord-000036,sell,74165.44,1776265287924,0,0,0,,,,0,cancelled
2026-04-15 15:00,ord-000037,buy,74150.28,1776265292924,0,0,0,,,,0,cancelled
2026-04-15 15:00,ord-000038,sell,74154.29,1776265292924,0,0,0,,,,0,cancelled
2026-04-15 15:00,ord-000039,buy,74135.74,1776265297924,0,0,0,,,,0,cancelled
2026-04-15 15:00,ord-000040,sell,74139.75,1776265297924,0,0,0,,,,0,cancelled
2026-04-15 15:00,ord-000041,buy,74141.64,1776265304324,0,0,0,,,,0,cancelled
2026-04-15 15:00,ord-000042,sell,74145.65,1776265304324,0,0,0,,,,0,cancelled
2026-04-15 15:00,ord-000043,buy,74147.78,1776265309324,0,0,0,,,,0,cancelled
2026-04-15 15:00,ord-000044,sell,74151.79,1776265309324,0.00007000,0.00007000,0,1776265310216,0.00007000,0.00000000,0.00007000,cancelled
2026-04-15 15:00,ord-000045,buy,74152.47,1776265314324,0,0,0,,,,0,cancelled
2026-04-15 15:00,ord-000046,sell,74156.48,1776265314324,0,0,0,,,,0,cancelled
2026-04-15 15:00,ord-000047,buy,74154.42,1776265322324,0,0,0,,,,0,cancelled
2026-04-15 15:00,ord-000048,sell,74158.43,1776265322324,0,0,0,,,,0,cancelled
2026-04-15 15:00,ord-000049,buy,74167.88,1776265327324,0,0,0,,,,0,cancelled
2026-04-15 15:00,ord-000050,sell,74171.89,1776265327324,0,0,0,,,,0,cancelled
2026-04-15 15:00,ord-000051,buy,74197.43,1776265332324,0,0,0,,,,0,cancelled
2026-04-15 15:00,ord-000052,sell,74201.44,1776265332324,0,0,0,,,,0,cancelled
2026-04-15 15:00,ord-000053,buy,74209.98,1776265337324,0,0,0,,,,0,cancelled
2026-04-15 15:00,ord-000054,sell,74213.99,1776265337324,0.00007000,0.00007000,0,,,,0,cancelled
2026-04-15 15:00,ord-000055,buy,74221.78,1776265342324,0,0,0,,,,0,cancelled
2026-04-15 15:00,ord-000056,sell,74225.79,1776265342324,0,0,0,,,,0,cancelled
2026-04-15 15:00,ord-000057,buy,74223.39,1776265347324,0,0,0,,,,0,cancelled
2026-04-15 15:00,ord-000058,sell,74227.40,1776265347324,0,0,0,,,,0,cancelled
2026-04-15 15:00,ord-000059,buy,74218.64,1776265352324,0,0,0,,,,0,cancelled
2026-04-15 15:00,ord-000060,sell,74222.65,1776265352324,0,0,0,,,,0,cancelled
2026-04-15 15:00,ord-000061,buy,74199.59,1776265357324,0,0,0,,,,0,cancelled
2026-04-15 15:00,ord-000062,sell,74203.60,1776265357324,0,0,0,,,,0,cancelled
2026-04-15 15:00,ord-000063,buy,74196.75,1776265362324,0,0,0,,,,0,cancelled
2026-04-15 15:00,ord-000064,sell,74200.76,1776265362324,0,0,0,,,,0,cancelled
2026-04-15 15:00,ord-000065,buy,74229.73,1776265367324,0,0,0,,,,0,cancelled
2026-04-15 15:00,ord-000066,sell,74233.74,1776265367324,0,0,0,,,,0,cancelled
2026-04-15 15:00,ord-000067,buy,74228.26,1776265373524,0,0,0,,,,0,cancelled
2026-04-15 15:00,ord-000068,sell,74232.27,1776265373524,0,0,0,,,,0,cancelled
2026-04-15 15:00,ord-000069,buy,74225.21,1776265378524,0,0,0,,,,0,cancelled
2026-04-15 15:00,ord-000070,sell,74229.22,1776265378524,0,0,0,,,,0,cancelled
2026-04-15 15:00,ord-000071,buy,74229.75,1776265383524,0,0,0,,,,0,cancelled
2026-04-15 15:00,ord-000072,sell,74233.76,1776265383524,0,0,0,,,,0,cancelled
2026-04-15 15:00,ord-000073,buy,74239.99,1776265388524,0,0,0,,,,0,cancelled
2026-04-15 15:00,ord-000074,sell,74244.00,1776265388524,0.00120000,0,0,,,,0,cancelled
2026-04-15 15:00,ord-000075,buy,74229.75,1776265393524,0,0,0,,,,0,cancelled
2026-04-15 15:00,ord-000076,sell,74233.76,1776265393524,0,0,0,,,,0,cancelled
2026-04-15 15:00,ord-000077,buy,74236.76,1776265411124,0,0,0,,,,0,cancelled
2026-04-15 15:00,ord-000078,sell,74240.77,1776265411124,0,0,0,,,,0,cancelled
2026-04-15 15:00,ord-000079,buy,74229.75,1776265416124,0,0,0,,,,0,cancelled
2026-04-15 15:00,ord-000080,sell,74233.76,1776265416124,0,0,0,,,,0,cancelled
2026-04-15 15:00,ord-000081,buy,74208.00,1776265421124,0.00120000,0.00120000,0,,,,0,cancelled
2026-04-15 15:00,ord-000082,sell,74212.01,1776265421124,0,0,0,,,,0,cancelled
2026-04-15 15:00,ord-000083,buy,74200.79,1776265426124,0,0,0,,,,0,cancelled
2026-04-15 15:00,ord-000084,sell,74204.80,1776265426124,0,0,0,,,,0,cancelled
2026-04-15 15:00,ord-000085,buy,74188.00,1776265431124,0.00127000,0,0,,,,0,cancelled
2026-04-15 15:00,ord-000086,sell,74192.01,1776265431124,0,0,0,,,,0,cancelled
2026-04-15 15:00,ord-000087,buy,74231.44,1776265436124,0,0,0,,,,0,cancelled
2026-04-15 15:00,ord-000088,sell,74235.45,1776265436124,0,0,0,,,,0,cancelled
2026-04-15 15:00,ord-000089,buy,74196.03,1776265441124,0,0,0,,,,0,cancelled
2026-04-15 15:00,ord-000090,sell,74200.04,1776265441124,0,0,0,,,,0,cancelled
2026-04-15 15:00,ord-000091,buy,74188.61,1776265447924,0,0,0,,,,0,cancelled
2026-04-15 15:00,ord-000092,sell,74192.62,1776265447924,0,0,0,,,,0,cancelled
2026-04-15 15:00,ord-000093,buy,74154.00,1776265452924,0.00120000,0.00120000,0,,,,0,cancelled
2026-04-15 15:00,ord-000094,sell,74158.01,1776265452924,0,0,0,,,,0,cancelled
2026-04-15 15:00,ord-000095,buy,74149.54,1776265457924,0,0,0,,,,0,cancelled
2026-04-15 15:00,ord-000096,sell,74153.55,1776265457924,0,0,0,,,,0,cancelled
2026-04-15 15:00,ord-000097,buy,74146.14,1776265462924,0,0,0,,,,0,cancelled
2026-04-15 15:00,ord-000098,sell,74150.15,1776265462924,0,0,0,,,,0,cancelled
2026-04-15 15:00,ord-000099,buy,74161.99,1776265467924,0.11405000,0.00028000,0,,,,0,cancelled
2026-04-15 15:00,ord-000100,sell,74166.00,1776265467924,0.00120000,0,0,,,,0,cancelled
2026-04-15 15:00,ord-000101,buy,74155.65,1776265472924,0,0,0,,,,0,cancelled
2026-04-15 15:00,ord-000102,sell,74159.66,1776265472924,0,0,0,,,,0,cancelled
2026-04-15 15:00,ord-000103,buy,74138.00,1776265477924,0.00120000,0.00120000,0,,,,0,cancelled
2026-04-15 15:00,ord-000104,sell,74142.01,1776265477924,0,0,0,,,,0,cancelled
2026-04-15 15:00,ord-000105,buy,74126.00,1776265482924,0.00120000,0.00120000,0,,,,0,cancelled
2026-04-15 15:00,ord-000106,sell,74130.01,1776265482924,0,0,0,,,,0,cancelled
2026-04-15 15:00,ord-000107,buy,74120.59,1776265487924,0,0,0,,,,0,cancelled
2026-04-15 15:00,ord-000108,sell,74124.60,1776265487924,0,0,0,,,,0,cancelled
2026-04-15 15:00,ord-000109,buy,74125.83,1776265492924,0,0,0,,,,0,cancelled
2026-04-15 15:00,ord-000110,sell,74129.84,1776265492924,0,0,0,,,,0,cancelled
2026-04-15 15:00,ord-000111,buy,74121.38,1776265497924,0,0,0,,,,0,cancelled
2026-04-15 15:00,ord-000112,sell,74125.39,1776265497924,0,0,0,,,,0,cancelled
2026-04-15 15:00,ord-000113,buy,74137.56,1776265502924,0,0,0,,,,0,cancelled
2026-04-15 15:00,ord-000114,sell,74141.57,1776265502924,0,0,0,,,,0,cancelled
2026-04-15 15:00,ord-000115,buy,74129.14,1776265507924,0,0,0,,,,0,cancelled
2026-04-15 15:00,ord-000116,sell,74133.15,1776265507924,0,0,0,,,,0,cancelled
2026-04-15 15:00,ord-000117,buy,74136.55,1776265512924,0,0,0,,,,0,cancelled
2026-04-15 15:00,ord-000118,sell,74140.56,1776265512924,0,0,0,,,,0,cancelled
2026-04-15 15:00,ord-000119,buy,74130.74,1776265517924,0,0,0,,,,0,cancelled
2026-04-15 15:00,ord-000120,sell,74134.75,1776265517924,0,0,0,,,,0,cancelled
2026-04-15 15:00,ord-000121,buy,74090.00,1776265522924,0.00120000,0,0,,,,0,cancelled
2026-04-15 15:00,ord-000122,sell,74094.01,1776265522924,0,0,0,,,,0,cancelled
2026-04-15 15:00,ord-000123,buy,74105.01,1776265527924,0,0,0,,,,0,cancelled
2026-04-15 15:00,ord-000124,sell,74109.02,1776265527924,0,0,0,,,,0,cancelled
2026-04-15 15:00,ord-000125,buy,74116.32,1776265536724,0,0,0,,,,0,cancelled
2026-04-15 15:00,ord-000126,sell,74120.33,1776265536724,0,0,0,,,,0,cancelled
2026-04-15 15:00,ord-000127,buy,74105.03,1776265541724,0,0,0,,,,0,cancelled
2026-04-15 15:00,ord-000128,sell,74109.04,1776265541724,0,0,0,,,,0,cancelled
2026-04-15 15:00,ord-000129,buy,74100.13,1776265546724,0,0,0,,,,0,cancelled
2026-04-15 15:00,ord-000130,sell,74104.14,1776265546724,0,0,0,,,,0,cancelled
2026-04-15 15:00,ord-000131,buy,74077.80,1776265551724,0,0,0,,,,0,cancelled
2026-04-15 15:00,ord-000132,sell,74081.81,1776265551724,0,0,0,,,,0,cancelled
2026-04-15 15:00,ord-000133,buy,74068.95,1776265556724,0,0,0,,,,0,cancelled
2026-04-15 15:00,ord-000134,sell,74072.96,1776265556724,0,0,0,,,,0,cancelled
2026-04-15 15:00,ord-000135,buy,74059.12,1776265561724,0.00016000,0,0,,,,0,cancelled
2026-04-15 15:00,ord-000136,sell,74063.13,1776265561724,0,0,0,,,,0,cancelled
2026-04-15 15:00,ord-000137,buy,74048.00,1776265566724,0.00120000,0.00120000,0,,,,0,cancelled
2026-04-15 15:00,ord-000138,sell,74052.01,1776265566724,0,0,0,,,,0,cancelled
2026-04-15 15:00,ord-000139,buy,74041.87,1776265571724,0,0,0,,,,0,cancelled
2026-04-15 15:00,ord-000140,sell,74045.88,1776265571724,0,0,0,,,,0,cancelled
2026-04-15 15:00,ord-000141,buy,74035.99,1776265576724,0,0,0,1776265576750,0,0,0.00023000,cancelled
2026-04-15 15:00,ord-000142,sell,74040.00,1776265576724,0,0,0,,,,0,cancelled
2026-04-15 15:00,ord-000143,buy,74015.17,1776265581724,0,0,0,,,,0,cancelled
2026-04-15 15:00,ord-000144,sell,74019.18,1776265581724,0,0,0,,,,0,cancelled
2026-04-15 15:00,ord-000145,buy,74028.73,1776265586724,0,0,0,,,,0,cancelled
2026-04-15 15:00,ord-000146,sell,74032.74,1776265586724,0,0,0,,,,0,cancelled
2026-04-15 15:00,ord-000147,buy,74032.63,1776265594024,0,0,0,,,,0,cancelled
2026-04-15 15:00,ord-000148,sell,74036.64,1776265594024,0,0,0,,,,0,cancelled
2026-04-15 15:00,ord-000149,buy,74033.57,1776265599024,0,0,0,,,,0,cancelled
2026-04-15 15:00,ord-000150,sell,74037.58,1776265599024,0,0,0,,,,0,cancelled
2026-04-15 15:00,ord-000151,buy,74061.21,1776265604024,0,0,0,,,,0,cancelled
2026-04-15 15:00,ord-000152,sell,74065.22,1776265604024,0,0,0,,,,0,cancelled
2026-04-15 15:00,ord-000153,buy,74078.78,1776265609024,0,0,0,,,,0,cancelled
2026-04-15 15:00,ord-000154,sell,74082.79,1776265609024,0,0,0,,,,0,cancelled
2026-04-15 15:00,ord-000155,buy,74077.99,1776265614024,0,0,0,,,,0,cancelled
2026-04-15 15:00,ord-000156,sell,74082.00,1776265614024,0.06031000,0.00148000,0,,,,0,cancelled
2026-04-15 15:00,ord-000157,buy,74081.99,1776265619024,0,0,0,,,,0,cancelled
2026-04-15 15:00,ord-000158,sell,74086.00,1776265619024,0.00120000,0.00120000,0,1776265621569,0.00100000,0.00000000,0.001,filled
2026-04-15 15:00,ord-000159,buy,74086.19,1776265621624,0,0,0,,,,0,cancelled
2026-04-15 15:00,ord-000160,sell,74090.20,1776265621624,0,0,0,,,,0,cancelled
2026-04-15 15:00,ord-000161,buy,74088.00,1776265626624,0.00080000,0.00080000,0,1776265628041,0.00080000,0.00000000,0.00040000,cancelled
2026-04-15 15:00,ord-000162,sell,74092.01,1776265626624,0.45953000,0,0,,,,0,cancelled
2026-04-15 15:00,ord-000163,buy,74064.27,1776265631624,0,0,0,,,,0,cancelled
2026-04-15 15:00,ord-000164,sell,74068.28,1776265631624,0,0,0,,,,0,cancelled
2026-04-15 15:00,ord-000165,buy,74054.86,1776265636624,0,0,0,,,,0,cancelled
2026-04-15 15:00,ord-000166,sell,74058.87,1776265636624,0,0,0,,,,0,cancelled
2026-04-15 15:00,ord-000167,buy,74042.00,1776265641624,0.00120000,0,0,,,,0,cancelled
2026-04-15 15:00,ord-000168,sell,74046.01,1776265641624,0,0,0,,,,0,cancelled
2026-04-15 15:00,ord-000169,buy,74044.17,1776265649524,0,0,0,,,,0,cancelled
2026-04-15 15:00,ord-000170,sell,74048.18,1776265649524,0,0,0,,,,0,cancelled
2026-04-15 15:00,ord-000171,buy,74049.64,1776265654524,0,0,0,,,,0,cancelled
2026-04-15 15:00,ord-000172,sell,74053.65,1776265654524,0,0,0,,,,0,cancelled
2026-04-15 15:00,ord-000173,buy,74058.10,1776265659524,0,0,0,,,,0,cancelled
2026-04-15 15:00,ord-000174,sell,74062.11,1776265659524,0.00136000,0,0,,,,0,cancelled
2026-04-15 15:00,ord-000175,buy,74034.00,1776265664524,0.00120000,0.00120000,0,,,,0,cancelled
2026-04-15 15:00,ord-000176,sell,74038.01,1776265664524,0,0,0,,,,0,cancelled
2026-04-15 15:00,ord-000177,buy,74023.14,1776265669524,0,0,0,,,,0,cancelled
2026-04-15 15:00,ord-000178,sell,74027.15,1776265669524,0,0,0,,,,0,cancelled
2026-04-15 15:00,ord-000179,buy,74004.87,1776265674524,0,0,0,,,,0,cancelled
2026-04-15 15:00,ord-000180,sell,74008.88,1776265674524,0,0,0,,,,0,cancelled
2026-04-15 15:00,ord-000181,buy,73998.00,1776265679524,0.00120000,0.00120000,0,,,,0,cancelled
2026-04-15 15:00,ord-000182,sell,74002.01,1776265679524,0,0,0,,,,0,cancelled
2026-04-15 15:00,ord-000183,buy,73983.69,1776265684524,0,0,0,,,,0,cancelled
2026-04-15 15:00,ord-000184,sell,73987.70,1776265684524,0,0,0,,,,0,cancelled
2026-04-15 15:00,ord-000185,buy,73991.99,1776265692624,0,0,0,,,,0,cancelled
2026-04-15 15:00,ord-000186,sell,73996.00,1776265692624,0.13468000,0.13468000,0,1776265695019,0.12426000,0.00000000,0.001,filled
2026-04-15 15:00,ord-000187,buy,73997.93,1776265695124,0,0,0,,,,0,cancelled
2026-04-15 15:00,ord-000188,sell,74001.94,1776265695124,0,0,0,,,,0,cancelled
2026-04-15 15:00,ord-000189,buy,74001.36,1776265700124,0,0,0,,,,0,cancelled
2026-04-15 15:00,ord-000190,sell,74005.37,1776265700124,0,0,0,,,,0,cancelled
2026-04-15 15:00,ord-000191,buy,74001.35,1776265707224,0,0,0,,,,0,cancelled
2026-04-15 15:00,ord-000192,sell,74005.36,1776265707224,0,0,0,,,,0,cancelled
2026-04-15 15:00,ord-000193,buy,73998.00,1776265712224,0,0,0,,,,0,cancelled
2026-04-15 15:00,ord-000194,sell,74002.01,1776265712224,0,0,0,1776265715305,0,0,0.00065000,cancelled
2026-04-15 15:00,ord-000195,buy,74003.97,1776265717224,0,0,0,,,,0,cancelled
2026-04-15 15:00,ord-000196,sell,74007.98,1776265717224,0,0,0,,,,0,cancelled
2026-04-15 15:00,ord-000197,buy,74007.49,1776265722224,0,0,0,,,,0,cancelled
2026-04-15 15:00,ord-000198,sell,74011.50,1776265722224,0,0,0,,,,0,cancelled
2026-04-15 15:00,ord-000199,buy,73992.00,1776265727224,0.00120000,0,0,,,,0,cancelled
2026-04-15 15:00,ord-000200,sell,73996.01,1776265727224,0,0,0,,,,0,cancelled
2026-04-15 15:00,ord-000201,buy,74013.45,1776265732224,0,0,0,,,,0,cancelled
2026-04-15 15:00,ord-000202,sell,74017.46,1776265732224,0,0,0,,,,0,cancelled
2026-04-15 15:00,ord-000203,buy,74009.75,1776265737224,0,0,0,,,,0,cancelled
2026-04-15 15:00,ord-000204,sell,74013.76,1776265737224,0,0,0,,,,0,cancelled
2026-04-15 15:00,ord-000205,buy,74033.43,1776265742224,0,0,0,,,,0,cancelled
2026-04-15 15:00,ord-000206,sell,74037.44,1776265742224,0,0,0,,,,0,cancelled
2026-04-15 15:00,ord-000207,buy,74030.02,1776265750924,0,0,0,,,,0,cancelled
2026-04-15 15:00,ord-000208,sell,74034.03,1776265750924,0,0,0,,,,0,cancelled
2026-04-15 15:00,ord-000209,buy,74015.80,1776265755924,0,0,0,,,,0,cancelled
2026-04-15 15:00,ord-000210,sell,74019.81,1776265755924,0,0,0,,,,0,cancelled
2026-04-15 15:00,ord-000211,buy,74011.93,1776265760924,0,0,0,,,,0,cancelled
2026-04-15 15:00,ord-000212,sell,74015.94,1776265760924,0,0,0,,,,0,cancelled
2026-04-15 15:00,ord-000213,buy,73993.97,1776265765924,0,0,0,,,,0,cancelled
2026-04-15 15:00,ord-000214,sell,73997.98,1776265765924,0,0,0,,,,0,cancelled
2026-04-15 15:00,ord-000215,buy,73986.60,1776265770924,0,0,0,,,,0,cancelled
2026-04-15 15:00,ord-000216,sell,73990.61,1776265770924,0,0,0,,,,0,cancelled
2026-04-15 15:00,ord-000217,buy,73999.98,1776265775924,0,0,0,,,,0,cancelled
2026-04-15 15:00,ord-000218,sell,74003.99,1776265775924,0,0,0,,,,0,cancelled
2026-04-15 15:00,ord-000219,buy,74032.20,1776265780924,0,0,0,,,,0,cancelled
2026-04-15 15:00,ord-000220,sell,74036.21,1776265780924,0,0,0,,,,0,cancelled
2026-04-15 15:00,ord-000221,buy,74030.97,1776265791347,0,0,0,,,,0,cancelled
2026-04-15 15:00,ord-000222,sell,74034.98,1776265791347,0,0,0,,,,0,cancelled
2026-04-15 15:00,ord-000223,buy,74023.38,1776265796424,0,0,0,,,,0,cancelled
2026-04-15 15:00,ord-000224,sell,74027.39,1776265796424,0,0,0,,,,0,cancelled
2026-04-15 15:00,ord-000225,buy,74010.70,1776265801424,0.00010000,0,0,,,,0,cancelled
2026-04-15 15:00,ord-000226,sell,74014.71,1776265801424,0,0,0,,,,0,cancelled
2026-04-15 15:00,ord-000227,buy,74017.00,1776265806424,0.00015000,0,0,,,,0,cancelled
2026-04-15 15:00,ord-000228,sell,74021.01,1776265806424,0,0,0,,,,0,cancelled
2026-04-15 15:00,ord-000229,buy,74003.29,1776265811424,0,0,0,,,,0,cancelled
2026-04-15 15:00,ord-000230,sell,74007.30,1776265811424,0,0,0,,,,0,cancelled
2026-04-15 15:00,ord-000231,buy,73984.00,1776265816424,0,0,0,,,,0,cancelled
2026-04-15 15:00,ord-000232,sell,73988.01,1776265816424,0,0,0,1776265822441,0,0,0.00007000,cancelled
2026-04-15 15:00,ord-000233,buy,73987.36,1776265822524,0,0,0,,,,0,cancelled
2026-04-15 15:00,ord-000234,sell,73991.37,1776265822524,0,0,0,,,,0,cancelled
2026-04-15 15:00,ord-000235,buy,73982.79,1776265827524,0,0,0,,,,0,cancelled
2026-04-15 15:00,ord-000236,sell,73986.80,1776265827524,0,0,0,,,,0,cancelled
2026-04-15 15:00,ord-000237,buy,73983.33,1776265832524,0,0,0,,,,0,cancelled
2026-04-15 15:00,ord-000238,sell,73987.34,1776265832524,0,0,0,,,,0,cancelled
2026-04-15 15:00,ord-000239,buy,73978.00,1776265837524,0.00120000,0,0,,,,0,cancelled
2026-04-15 15:00,ord-000240,sell,73982.01,1776265837524,0,0,0,1776265841279,0,0,0.001,filled
2026-04-15 15:00,ord-000241,buy,73982.79,1776265841324,0,0,0,,,,0,cancelled
2026-04-15 15:00,ord-000242,sell,73986.80,1776265841324,0,0,0,,,,0,cancelled
2026-04-15 15:00,ord-000243,buy,73985.40,1776265846324,0,0,0,,,,0,cancelled
2026-04-15 15:00,ord-000244,sell,73989.41,1776265846324,0,0,0,,,,0,cancelled
2026-04-15 15:00,ord-000245,buy,73983.32,1776265855824,0,0,0,,,,0,cancelled
2026-04-15 15:00,ord-000246,sell,73987.33,1776265855824,0,0,0,,,,0,cancelled
2026-04-15 15:00,ord-000247,buy,73975.15,1776265860824,0,0,0,,,,0,cancelled
2026-04-15 15:00,ord-000248,sell,73979.16,1776265860824,0,0,0,,,,0,cancelled
2026-04-15 15:00,ord-000249,buy,73988.69,1776265865824,0,0,0,,,,0,cancelled
2026-04-15 15:00,ord-000250,sell,73992.70,1776265865824,0,0,0,,,,0,cancelled
2026-04-15 15:00,ord-000251,buy,74033.39,1776265870824,0,0,0,,,,0,cancelled
2026-04-15 15:00,ord-000252,sell,74037.40,1776265870824,0.00300000,0,0,,,,0,cancelled
2026-04-15 15:00,ord-000253,buy,74041.75,1776265875824,0,0,0,,,,0,cancelled
2026-04-15 15:00,ord-000254,sell,74045.76,1776265875824,0,0,0,,,,0,cancelled
2026-04-15 15:00,ord-000255,buy,74033.39,1776265887624,0,0,0,,,,0,cancelled
2026-04-15 15:00,ord-000256,sell,74037.40,1776265887624,0,0,0,,,,0,cancelled
2026-04-15 15:00,ord-000257,buy,74034.56,1776265900224,0,0,0,,,,0,cancelled
2026-04-15 15:00,ord-000258,sell,74038.57,1776265900224,0,0,0,,,,0,cancelled
2026-04-15 15:00,ord-000259,buy,74034.62,1776265905224,0,0,0,,,,0,cancelled
2026-04-15 15:00,ord-000260,sell,74038.63,1776265905224,0,0,0,,,,0,cancelled
2026-04-15 15:00,ord-000261,buy,74042.03,1776265914425,0.41457000,0,0,,,,0,cancelled
2026-04-15 15:00,ord-000262,sell,74046.04,1776265914425,0,0,0,,,,0,cancelled
2026-04-15 15:00,ord-000263,buy,74044.17,1776265919524,0,0,0,,,,0,cancelled
2026-04-15 15:00,ord-000264,sell,74048.18,1776265919524,0,0,0,,,,0,cancelled
2026-04-15 15:00,ord-000265,buy,74061.99,1776265924524,0,0,0,,,,0,cancelled
2026-04-15 15:00,ord-000266,sell,74066.00,1776265924524,0.00023000,0,0,,,,0,cancelled
2026-04-15 15:00,ord-000267,buy,74058.30,1776265929524,0,0,0,,,,0,cancelled
2026-04-15 15:00,ord-000268,sell,74062.31,1776265929524,0,0,0,,,,0,cancelled
2026-04-15 15:00,ord-000269,buy,74108.43,1776265934524,0,0,0,,,,0,cancelled
2026-04-15 15:00,ord-000270,sell,74112.44,1776265934524,0,0,0,,,,0,cancelled
2026-04-15 15:00,ord-000271,buy,74100.00,1776265939524,0.00120000,0.00120000,0,,,,0,cancelled
2026-04-15 15:00,ord-000272,sell,74104.01,1776265939524,0,0,0,,,,0,cancelled
2026-04-15 15:00,ord-000273,buy,74049.44,1776265944524,0,0,0,,,,0,cancelled
2026-04-15 15:00,ord-000274,sell,74053.45,1776265944524,0,0,0,,,,0,cancelled
2026-04-15 15:00,ord-000275,buy,74039.74,1776265949524,0,0,0,,,,0,cancelled
2026-04-15 15:00,ord-000276,sell,74043.75,1776265949524,0,0,0,,,,0,cancelled
2026-04-15 15:00,ord-000277,buy,74040.07,1776265954524,0,0,0,,,,0,cancelled
2026-04-15 15:00,ord-000278,sell,74044.08,1776265954524,0,0,0,,,,0,cancelled
2026-04-15 15:00,ord-000279,buy,74042.92,1776265968524,0,0,0,,,,0,cancelled
2026-04-15 15:00,ord-000280,sell,74046.93,1776265968524,0,0,0,,,,0,cancelled
2026-04-15 15:00,ord-000281,buy,74059.91,1776265973524,0,0,0,,,,0,cancelled
2026-04-15 15:00,ord-000282,sell,74063.92,1776265973524,0,0,0,,,,0,cancelled
2026-04-15 15:00,ord-000283,buy,74060.88,1776265978524,0,0,0,,,,0,cancelled
2026-04-15 15:00,ord-000284,sell,74064.89,1776265978524,0,0,0,,,,0,cancelled
2026-04-15 15:00,ord-000285,buy,74071.85,1776265983524,0,0,0,,,,0,cancelled
2026-04-15 15:00,ord-000286,sell,74075.86,1776265983524,0,0,0,,,,0,cancelled
2026-04-15 15:00,ord-000287,buy,74089.99,1776265988524,0,0,0,,,,0,cancelled
2026-04-15 15:00,ord-000288,sell,74094.00,1776265988524,0.00120000,0.00120000,0,,,,0,cancelled
2026-04-15 15:00,ord-000289,buy,74107.99,1776265993524,0,0,0,,,,0,cancelled
2026-04-15 15:00,ord-000290,sell,74112.00,1776265993524,0.00120000,0,0,,,,0,cancelled
2026-04-15 15:00,ord-000291,buy,74105.56,1776266000224,0,0,0,,,,0,cancelled
2026-04-15 15:00,ord-000292,sell,74109.57,1776266000224,0,0,0,,,,0,cancelled
2026-04-15 15:00,ord-000293,buy,74100.00,1776266005224,0.00120000,0.00120000,0,1776266005790,0.00120000,0.00000000,0.00035000,cancelled
2026-04-15 15:00,ord-000294,sell,74104.01,1776266005224,0,0,0,,,,0,cancelled
2026-04-15 15:00,ord-000295,buy,74092.00,1776266010224,0.00120000,0,0,,,,0,cancelled
2026-04-15 15:00,ord-000296,sell,74096.01,1776266010224,0,0,0,,,,0,cancelled
2026-04-15 15:00,ord-000297,buy,74091.38,1776266020724,0,0,0,,,,0,cancelled
2026-04-15 15:00,ord-000298,sell,74095.39,1776266020724,0,0,0,,,,0,cancelled
2026-04-15 15:00,ord-000299,buy,74076.04,1776266025724,0,0,0,,,,0,cancelled
2026-04-15 15:00,ord-000300,sell,74080.05,1776266025724,0,0,0,,,,0,cancelled
2026-04-15 15:00,ord-000301,buy,74082.17,1776266039224,0,0,0,,,,0,cancelled
2026-04-15 15:00,ord-000302,sell,74086.18,1776266039224,0,0,0,,,,0,cancelled
2026-04-15 15:00,ord-000303,buy,74089.71,1776266044224,0.00008000,0,0,,,,0,cancelled
2026-04-15 15:00,ord-000304,sell,74093.72,1776266044224,0,0,0,,,,0,cancelled
2026-04-15 15:00,ord-000305,buy,74091.99,1776266049925,2.04628000,0,0,,,,0,cancelled
2026-04-15 15:00,ord-000306,sell,74096.00,1776266049925,0.00120000,0.00120000,0,,,,0,cancelled
2026-04-15 15:00,ord-000307,buy,74116.00,1776266054927,0,0,0,,,,0,cancelled
2026-04-15 15:00,ord-000308,sell,74120.01,1776266054927,0,0,0,,,,0,cancelled
2026-04-15 15:00,ord-000309,buy,74133.29,1776266060024,0,0,0,,,,0,cancelled
2026-04-15 15:00,ord-000310,sell,74137.30,1776266060024,0,0,0,,,,0,cancelled
2026-04-15 15:00,ord-000311,buy,74138.77,1776266078426,0,0,0,,,,0,cancelled
2026-04-15 15:00,ord-000312,sell,74142.78,1776266078426,0,0,0,,,,0,cancelled
2026-04-15 15:00,ord-000313,buy,74187.25,1776266083524,0,0,0,,,,0,cancelled
2026-04-15 15:00,ord-000314,sell,74191.26,1776266083524,0,0,0,,,,0,cancelled
2026-04-15 15:00,ord-000315,buy,74220.55,1776266088524,0,0,0,,,,0,cancelled
2026-04-15 15:00,ord-000316,sell,74224.56,1776266088524,0,0,0,,,,0,cancelled
2026-04-15 15:00,ord-000317,buy,74226.88,1776266093524,0,0,0,,,,0,cancelled
2026-04-15 15:00,ord-000318,sell,74230.89,1776266093524,0,0,0,,,,0,cancelled
2026-04-15 15:00,ord-000319,buy,74282.53,1776266098524,0,0,0,,,,0,cancelled
2026-04-15 15:00,ord-000320,sell,74286.54,1776266098524,0.00300000,0,0,,,,0,cancelled
2026-04-15 15:00,ord-000321,buy,74281.69,1776266103524,0,0,0,,,,0,cancelled
2026-04-15 15:00,ord-000322,sell,74285.70,1776266103524,0,0,0,,,,0,cancelled
2026-04-15 15:00,ord-000323,buy,74281.83,1776266108524,0,0,0,,,,0,cancelled
2026-04-15 15:00,ord-000324,sell,74285.84,1776266108524,0,0,0,,,,0,cancelled
2026-04-15 15:00,ord-000325,buy,74264.28,1776266113524,0,0,0,,,,0,cancelled
2026-04-15 15:00,ord-000326,sell,74268.29,1776266113524,0,0,0,,,,0,cancelled
2026-04-15 15:00,ord-000327,buy,74238.88,1776266118524,0,0,0,,,,0,cancelled
2026-04-15 15:00,ord-000328,sell,74242.89,1776266118524,0,0,0,,,,0,cancelled
2026-04-15 15:00,ord-000329,buy,74242.45,1776266123524,0,0,0,,,,0,cancelled
2026-04-15 15:00,ord-000330,sell,74246.46,1776266123524,0,0,0,,,,0,cancelled
2026-04-15 15:00,ord-000331,buy,74238.00,1776266128524,0.00120000,0.00120000,0,,,,0,cancelled
2026-04-15 15:00,ord-000332,sell,74242.01,1776266128524,0,0,0,,,,0,cancelled
2026-04-15 15:00,ord-000333,buy,74228.45,1776266133524,0,0,0,,,,0,cancelled
2026-04-15 15:00,ord-000334,sell,74232.46,1776266133524,0.04058000,0,0,,,,0,cancelled
2026-04-15 15:00,ord-000335,buy,74232.85,1776266138524,0,0,0,,,,0,cancelled
2026-04-15 15:00,ord-000336,sell,74236.86,1776266138524,0,0,0,,,,0,cancelled
2026-04-15 15:00,ord-000337,buy,74236.48,1776266143524,0,0,0,,,,0,cancelled
2026-04-15 15:00,ord-000338,sell,74240.49,1776266143524,0,0,0,,,,0,cancelled
2026-04-15 15:00,ord-000339,buy,74232.00,1776266148524,0.00080000,0,0,,,,0,cancelled
2026-04-15 15:00,ord-000340,sell,74236.01,1776266148524,0,0,0,,,,0,cancelled
2026-04-15 15:00,ord-000341,buy,74249.51,1776266153524,0,0,0,,,,0,cancelled
2026-04-15 15:00,ord-000342,sell,74253.52,1776266153524,0,0,0,,,,0,cancelled
2026-04-15 15:00,ord-000343,buy,74269.99,1776266158524,0,0,0,,,,0,cancelled
2026-04-15 15:00,ord-000344,sell,74274.00,1776266158524,0.00120000,0.00120000,0,,,,0,cancelled
2026-04-15 15:00,ord-000345,buy,74275.44,1776266163524,0,0,0,,,,0,cancelled
2026-04-15 15:00,ord-000346,sell,74279.45,1776266163524,0,0,0,,,,0,cancelled
2026-04-15 15:00,ord-000347,buy,74260.58,1776266168524,0,0,0,,,,0,cancelled
2026-04-15 15:00,ord-000348,sell,74264.59,1776266168524,0,0,0,,,,0,cancelled
2026-04-15 15:00,ord-000349,buy,74273.15,1776266180624,0,0,0,,,,0,cancelled
2026-04-15 15:00,ord-000350,sell,74277.16,1776266180624,0,0,0,,,,0,cancelled
2026-04-15 15:00,ord-000351,buy,74270.74,1776266185624,0,0,0,,,,0,cancelled
2026-04-15 15:00,ord-000352,sell,74274.75,1776266185624,0,0,0,,,,0,cancelled
2026-04-15 15:00,ord-000353,buy,74241.99,1776266190624,0,0,0,,,,0,cancelled
2026-04-15 15:00,ord-000354,sell,74246.00,1776266190624,0,0,0,,,,0,cancelled
2026-04-15 15:00,ord-000355,buy,74241.78,1776266195624,0,0,0,,,,0,cancelled
2026-04-15 15:00,ord-000356,sell,74245.79,1776266195624,0,0,0,,,,0,cancelled
2026-04-15 15:00,ord-000357,buy,74227.13,1776266200624,0,0,0,,,,0,cancelled
2026-04-15 15:00,ord-000358,sell,74231.14,1776266200624,0,0,0,,,,0,cancelled
2026-04-15 15:00,ord-000359,buy,74208.00,1776266205624,0.00120000,0.00120000,0,,,,0,cancelled
2026-04-15 15:00,ord-000360,sell,74212.01,1776266205624,0,0,0,,,,0,cancelled
2026-04-15 15:00,ord-000361,buy,74177.86,1776266210624,0,0,0,,,,0,cancelled
2026-04-15 15:00,ord-000362,sell,74181.87,1776266210624,0,0,0,,,,0,cancelled
2026-04-15 15:00,ord-000363,buy,74186.05,1776266215624,0,0,0,,,,0,cancelled
2026-04-15 15:00,ord-000364,sell,74190.06,1776266215624,0,0,0,,,,0,cancelled
2026-04-15 15:00,ord-000365,buy,74180.14,1776266220624,0,0,0,,,,0,cancelled
2026-04-15 15:00,ord-000366,sell,74184.15,1776266220624,0,0,0,,,,0,cancelled
2026-04-15 15:00,ord-000367,buy,74182.97,1776266225624,0,0,0,,,,0,cancelled
2026-04-15 15:00,ord-000368,sell,74186.98,1776266225624,0,0,0,,,,0,cancelled
2026-04-15 15:00,ord-000369,buy,74177.86,1776266230624,0,0,0,,,,0,cancelled
2026-04-15 15:00,ord-000370,sell,74181.87,1776266230624,0,0,0,,,,0,cancelled
2026-04-15 15:00,ord-000371,buy,74152.93,1776266235624,0,0,0,,,,0,cancelled
2026-04-15 15:00,ord-000372,sell,74156.94,1776266235624,0,0,0,,,,0,cancelled
2026-04-15 15:00,ord-000373,buy,74167.99,1776266240624,0.20617000,0.00065000,0,,,,0,cancelled
2026-04-15 15:00,ord-000374,sell,74172.00,1776266240624,0.00148000,0,0,,,,0,cancelled
2026-04-15 15:00,ord-000375,buy,74137.26,1776266245624,0,0,0,,,,0,cancelled
2026-04-15 15:00,ord-000376,sell,74141.27,1776266245624,0.00007000,0.00007000,0,1776266245929,0.00007000,0.00000000,0.00070000,cancelled
2026-04-15 15:00,ord-000377,buy,74148.11,1776266250624,0,0,0,,,,0,cancelled
2026-04-15 15:00,ord-000378,sell,74152.12,1776266250624,0,0,0,,,,0,cancelled
2026-04-15 15:00,ord-000379,buy,74152.47,1776266255624,0,0,0,,,,0,cancelled
2026-04-15 15:00,ord-000380,sell,74156.48,1776266255624,0,0,0,,,,0,cancelled
2026-04-15 15:00,ord-000381,buy,74143.25,1776266260624,0,0,0,,,,0,cancelled
2026-04-15 15:00,ord-000382,sell,74147.26,1776266260624,0,0,0,,,,0,cancelled
2026-04-15 15:00,ord-000383,buy,74145.52,1776266265624,0,0,0,,,,0,cancelled
2026-04-15 15:00,ord-000384,sell,74149.53,1776266265624,0,0,0,,,,0,cancelled
2026-04-15 15:00,ord-000385,buy,74157.99,1776266270624,0.12083000,0,0,,,,0,cancelled
2026-04-15 15:00,ord-000386,sell,74162.00,1776266270624,0.00120000,0.00120000,0,1776266271315,0.00120000,0.00000000,0.001,filled
2026-04-15 15:00,ord-000387,buy,74167.41,1776266271424,0,0,0,,,,0,cancelled
2026-04-15 15:00,ord-000388,sell,74171.42,1776266271424,0,0,0,,,,0,cancelled
2026-04-15 15:00,ord-000389,buy,74172.49,1776266276424,0,0,0,,,,0,cancelled
2026-04-15 15:00,ord-000390,sell,74176.50,1776266276424,0,0,0,,,,0,cancelled
2026-04-15 15:00,ord-000391,buy,74167.41,1776266281424,0,0,0,,,,0,cancelled
2026-04-15 15:00,ord-000392,sell,74171.42,1776266281424,0,0,0,,,,0,cancelled
2026-04-15 15:00,ord-000393,buy,74161.31,1776266286424,0,0,0,,,,0,cancelled
2026-04-15 15:00,ord-000394,sell,74165.32,1776266286424,0,0,0,,,,0,cancelled
2026-04-15 15:00,ord-000395,buy,74164.70,1776266292424,0,0,0,,,,0,cancelled
2026-04-15 15:00,ord-000396,sell,74168.71,1776266292424,0,0,0,,,,0,cancelled
2026-04-15 15:00,ord-000397,buy,74167.41,1776266297424,0,0,0,,,,0,cancelled
2026-04-15 15:00,ord-000398,sell,74171.42,1776266297424,0,0,0,,,,0,cancelled
2026-04-15 15:00,ord-000399,buy,74163.20,1776266310024,0,0,0,,,,0,cancelled
2026-04-15 15:00,ord-000400,sell,74167.21,1776266310024,0,0,0,,,,0,cancelled
2026-04-15 15:00,ord-000401,buy,74159.62,1776266315024,0,0,0,,,,0,cancelled
2026-04-15 15:00,ord-000402,sell,74163.63,1776266315024,0,0,0,,,,0,cancelled
2026-04-15 15:00,ord-000403,buy,74155.22,1776266323024,0,0,0,,,,0,cancelled
2026-04-15 15:00,ord-000404,sell,74159.23,1776266323024,0,0,0,,,,0,cancelled
2026-04-15 15:00,ord-000405,buy,74146.00,1776266328024,0.00120000,0,0,,,,0,cancelled
2026-04-15 15:00,ord-000406,sell,74150.01,1776266328024,0,0,0,,,,0,cancelled
2026-04-15 15:00,ord-000407,buy,74152.47,1776266333024,0,0,0,,,,0,cancelled
2026-04-15 15:00,ord-000408,sell,74156.48,1776266333024,0,0,0,,,,0,cancelled
2026-04-15 15:00,ord-000409,buy,74166.03,1776266338024,0,0,0,,,,0,cancelled
2026-04-15 15:00,ord-000410,sell,74170.04,1776266338024,0,0,0,,,,0,cancelled
2026-04-15 15:00,ord-000411,buy,74175.17,1776266343024,0,0,0,,,,0,cancelled
2026-04-15 15:00,ord-000412,sell,74179.18,1776266343024,0,0,0,,,,0,cancelled
2026-04-15 15:00,ord-000413,buy,74187.86,1776266348024,0,0,0,,,,0,cancelled
2026-04-15 15:00,ord-000414,sell,74191.87,1776266348024,0,0,0,,,,0,cancelled
2026-04-15 15:00,ord-000415,buy,74179.83,1776266353024,0,0,0,,,,0,cancelled
2026-04-15 15:00,ord-000416,sell,74183.84,1776266353024,0,0,0,,,,0,cancelled
2026-04-15 15:00,ord-000417,buy,74175.90,1776266358024,0,0,0,,,,0,cancelled
2026-04-15 15:00,ord-000418,sell,74179.91,1776266358024,0,0,0,,,,0,cancelled
2026-04-15 15:00,ord-000419,buy,74172.72,1776266363024,0,0,0,,,,0,cancelled
2026-04-15 15:00,ord-000420,sell,74176.73,1776266363024,0,0,0,,,,0,cancelled
2026-04-15 15:00,ord-000421,buy,74144.00,1776266368024,0.00120000,0,0,,,,0,cancelled
2026-04-15 15:00,ord-000422,sell,74148.01,1776266368024,0.00007000,0,0,,,,0,cancelled
2026-04-15 15:00,ord-000423,buy,74142.65,1776266393924,0,0,0,,,,0,cancelled
2026-04-15 15:00,ord-000424,sell,74146.66,1776266393924,0,0,0,,,,0,cancelled
2026-04-15 15:00,ord-000425,buy,74138.00,1776266401724,0.00127000,0.00127000,0,,,,0,cancelled
2026-04-15 15:00,ord-000426,sell,74142.01,1776266401724,0.00030000,0,0,,,,0,cancelled
2026-04-15 15:00,ord-000427,buy,74123.50,1776266406724,0,0,0,,,,0,cancelled
2026-04-15 15:00,ord-000428,sell,74127.51,1776266406724,0,0,0,,,,0,cancelled
2026-04-15 15:00,ord-000429,buy,74123.49,1776266411724,0,0,0,,,,0,cancelled
2026-04-15 15:00,ord-000430,sell,74127.50,1776266411724,0,0,0,,,,0,cancelled
2026-04-15 15:00,ord-000431,buy,74119.80,1776266416724,0,0,0,,,,0,cancelled
2026-04-15 15:00,ord-000432,sell,74123.81,1776266416724,0,0,0,,,,0,cancelled
2026-04-15 15:00,ord-000433,buy,74104.55,1776266421724,0,0,0,,,,0,cancelled
2026-04-15 15:00,ord-000434,sell,74108.56,1776266421724,0,0,0,,,,0,cancelled
2026-04-15 15:00,ord-000435,buy,74098.17,1776266426724,0.00934000,0.00934000,0,,,,0,cancelled
2026-04-15 15:00,ord-000436,sell,74102.18,1776266426724,0,0,0,,,,0,cancelled
2026-04-15 15:00,ord-000437,buy,74082.52,1776266431724,0,0,0,,,,0,cancelled
2026-04-15 15:00,ord-000438,sell,74086.53,1776266431724,0,0,0,,,,0,cancelled
2026-04-15 15:00,ord-000439,buy,74095.77,1776266436724,0,0,0,,,,0,cancelled
2026-04-15 15:00,ord-000440,sell,74099.78,1776266436724,0,0,0,,,,0,cancelled
2026-04-15 15:00,ord-000441,buy,74093.74,1776266443124,0,0,0,,,,0,cancelled
2026-04-15 15:00,ord-000442,sell,74097.75,1776266443124,0,0,0,,,,0,cancelled
2026-04-15 15:00,ord-000443,buy,74097.99,1776266448124,0,0,0,,,,0,cancelled
2026-04-15 15:00,ord-000444,sell,74102.00,1776266448124,0.00120000,0.00120000,0,,,,0,cancelled
2026-04-15 15:00,ord-000445,buy,74101.57,1776266453124,0,0,0,,,,0,cancelled
2026-04-15 15:00,ord-000446,sell,74105.58,1776266453124,0,0,0,,,,0,cancelled
2026-04-15 15:00,ord-000447,buy,74108.43,1776266458124,0,0,0,,,,0,cancelled
2026-04-15 15:00,ord-000448,sell,74112.44,1776266458124,0,0,0,,,,0,cancelled
2026-04-15 15:00,ord-000449,buy,74103.85,1776266463124,0,0,0,,,,0,cancelled
2026-04-15 15:00,ord-000450,sell,74107.86,1776266463124,0,0,0,,,,0,cancelled
2026-04-15 15:00,ord-000451,buy,74105.45,1776266472424,0,0,0,,,,0,cancelled
2026-04-15 15:00,ord-000452,sell,74109.46,1776266472424,0,0,0,,,,0,cancelled
2026-04-15 15:00,ord-000453,buy,74107.42,1776266477424,0,0,0,,,,0,cancelled
2026-04-15 15:00,ord-000454,sell,74111.43,1776266477424,0,0,0,,,,0,cancelled
2026-04-15 15:00,ord-000455,buy,74101.58,1776266486424,0,0,0,,,,0,cancelled
2026-04-15 15:00,ord-000456,sell,74105.59,1776266486424,0,0,0,,,,0,cancelled
2026-04-15 15:00,ord-000457,buy,74106.24,1776266492824,0,0,0,,,,0,cancelled
2026-04-15 15:00,ord-000458,sell,74110.25,1776266492824,0,0,0,,,,0,cancelled
2026-04-15 15:00,ord-000459,buy,74116.37,1776266497824,0,0,0,,,,0,cancelled
2026-04-15 15:00,ord-000460,sell,74120.38,1776266497824,0,0,0,,,,0,cancelled
2026-04-15 15:00,ord-000461,buy,74117.30,1776266507424,0,0,0,,,,0,cancelled
2026-04-15 15:00,ord-000462,sell,74121.31,1776266507424,0,0,0,,,,0,cancelled
2026-04-15 15:00,ord-000463,buy,74144.00,1776266512424,0,0,0,,,,0,cancelled
2026-04-15 15:00,ord-000464,sell,74148.01,1776266512424,0,0,0,,,,0,cancelled
2026-04-15 15:00,ord-000465,buy,74151.90,1776266517424,0,0,0,,,,0,cancelled
2026-04-15 15:00,ord-000466,sell,74155.91,1776266517424,0,0,0,,,,0,cancelled
2026-04-15 15:00,ord-000467,buy,74146.83,1776266524424,0,0,0,,,,0,cancelled
2026-04-15 15:00,ord-000468,sell,74150.84,1776266524424,0,0,0,,,,0,cancelled
2026-04-15 15:00,ord-000469,buy,74143.02,1776266529424,0,0,0,,,,0,cancelled
2026-04-15 15:00,ord-000470,sell,74147.03,1776266529424,0,0,0,,,,0,cancelled
2026-04-15 15:00,ord-000471,buy,74131.78,1776266534424,0,0,0,,,,0,cancelled
2026-04-15 15:00,ord-000472,sell,74135.79,1776266534424,0,0,0,,,,0,cancelled
2026-04-15 15:00,ord-000473,buy,74133.72,1776266541224,0,0,0,,,,0,cancelled
2026-04-15 15:00,ord-000474,sell,74137.73,1776266541224,0,0,0,,,,0,cancelled
2026-04-15 15:00,ord-000475,buy,74152.47,1776266546224,0,0,0,,,,0,cancelled
2026-04-15 15:00,ord-000476,sell,74156.48,1776266546224,0,0,0,,,,0,cancelled
2026-04-15 15:00,ord-000477,buy,74145.07,1776266551224,0,0,0,,,,0,cancelled
2026-04-15 15:00,ord-000478,sell,74149.08,1776266551224,0,0,0,,,,0,cancelled
2026-04-15 15:00,ord-000479,buy,74152.47,1776266576224,0,0,0,,,,0,cancelled
2026-04-15 15:00,ord-000480,sell,74156.48,1776266576224,0,0,0,,,,0,cancelled
2026-04-15 15:00,ord-000481,buy,74163.99,1776266581224,0,0,0,,,,0,cancelled
2026-04-15 15:00,ord-000482,sell,74168.00,1776266581224,0.00120000,0,0,,,,0,cancelled
2026-04-15 15:00,ord-000483,buy,74145.07,1776266586224,0,0,0,,,,0,cancelled
2026-04-15 15:00,ord-000484,sell,74149.08,1776266586224,0,0,0,,,,0,cancelled
2026-04-15 15:00,ord-000485,buy,74137.14,1776266596026,0,0,0,,,,0,cancelled
2026-04-15 15:00,ord-000486,sell,74141.15,1776266596026,0,0,0,,,,0,cancelled
2026-04-15 15:00,ord-000487,buy,74106.24,1776266601124,0,0,0,,,,0,cancelled
2026-04-15 15:00,ord-000488,sell,74110.25,1776266601124,0,0,0,,,,0,cancelled
2026-04-15 15:00,ord-000489,buy,74100.93,1776266606124,0,0,0,,,,0,cancelled
2026-04-15 15:00,ord-000490,sell,74104.94,1776266606124,0,0,0,,,,0,cancelled
2026-04-15 15:00,ord-000491,buy,74086.75,1776266611124,0,0,0,,,,0,cancelled
2026-04-15 15:00,ord-000492,sell,74090.76,1776266611124,0,0,0,,,,0,cancelled
2026-04-15 15:00,ord-000493,buy,74082.52,1776266616224,0,0,0,,,,0,cancelled
2026-04-15 15:00,ord-000494,sell,74086.53,1776266616224,0,0,0,,,,0,cancelled
2026-04-15 15:00,ord-000495,buy,74086.48,1776266622124,0,0,0,,,,0,cancelled
2026-04-15 15:00,ord-000496,sell,74090.49,1776266622124,0,0,0,,,,0,cancelled
2026-04-15 15:00,ord-000497,buy,74085.78,1776266627124,0,0,0,,,,0,cancelled
2026-04-15 15:00,ord-000498,sell,74089.79,1776266627124,0,0,0,,,,0,cancelled
2026-04-15 15:00,ord-000499,buy,74064.05,1776266632124,0,0,0,,,,0,cancelled
2026-04-15 15:00,ord-000500,sell,74068.06,1776266632124,0,0,0,,,,0,cancelled
2026-04-15 15:00,ord-000501,buy,74054.41,1776266637124,0,0,0,,,,0,cancelled
2026-04-15 15:00,ord-000502,sell,74058.42,1776266637124,0,0,0,,,,0,cancelled
2026-04-15 15:00,ord-000503,buy,74035.99,1776266642124,0,0,0,,,,0,cancelled
2026-04-15 15:00,ord-000504,sell,74040.00,1776266642124,0,0,0,,,,0,cancelled
2026-04-15 15:00,ord-000505,buy,74015.86,1776266647124,0,0,0,,,,0,cancelled
2026-04-15 15:00,ord-000506,sell,74019.87,1776266647124,0,0,0,,,,0,cancelled
2026-04-15 15:00,ord-000507,buy,73998.00,1776266652124,0.00120000,0,0,,,,0,cancelled
2026-04-15 15:00,ord-000508,sell,74002.01,1776266652124,0,0,0,,,,0,cancelled
2026-04-15 15:00,ord-000509,buy,74010.00,1776266657124,0,0,0,,,,0,cancelled
2026-04-15 15:00,ord-000510,sell,74014.01,1776266657124,0,0,0,,,,0,cancelled
2026-04-15 15:00,ord-000511,buy,74019.99,1776266662124,0,0,0,,,,0,cancelled
2026-04-15 15:00,ord-000512,sell,74024.00,1776266662124,0.00120000,0.00120000,0,,,,0,cancelled
2026-04-15 15:00,ord-000513,buy,74041.75,1776266667124,0,0,0,,,,0,cancelled
2026-04-15 15:00,ord-000514,sell,74045.76,1776266667124,0,0,0,,,,0,cancelled
2026-04-15 15:00,ord-000515,buy,74041.76,1776266672124,0,0,0,,,,0,cancelled
2026-04-15 15:00,ord-000516,sell,74045.77,1776266672124,0,0,0,,,,0,cancelled
2026-04-15 15:00,ord-000517,buy,74039.73,1776266684624,0,0,0,,,,0,cancelled
2026-04-15 15:00,ord-000518,sell,74043.74,1776266684624,0,0,0,,,,0,cancelled
2026-04-15 15:00,ord-000519,buy,74034.94,1776266689624,0,0,0,,,,0,cancelled
2026-04-15 15:00,ord-000520,sell,74038.95,1776266689624,0,0,0,,,,0,cancelled
2026-04-15 15:00,ord-000521,buy,74037.99,1776266697924,0,0,0,,,,0,cancelled
2026-04-15 15:00,ord-000522,sell,74042.00,1776266697924,0.00040000,0.00040000,0,,,,0,cancelled
2026-04-15 15:00,ord-000523,buy,74049.31,1776266702924,0,0,0,,,,0,cancelled
2026-04-15 15:00,ord-000524,sell,74053.32,1776266702924,0,0,0,,,,0,cancelled
2026-04-15 15:00,ord-000525,buy,74061.31,1776266716124,0,0,0,,,,0,cancelled
2026-04-15 15:00,ord-000526,sell,74065.32,1776266716124,0,0,0,,,,0,cancelled
2026-04-15 15:00,ord-000527,buy,74071.99,1776266721124,0,0,0,,,,0,cancelled
2026-04-15 15:00,ord-000528,sell,74076.00,1776266721124,0.00120000,0.00120000,0,,,,0,cancelled
2026-04-15 15:00,ord-000529,buy,74079.11,1776266728524,0,0,0,,,,0,cancelled
2026-04-15 15:00,ord-000530,sell,74083.12,1776266728524,0,0,0,,,,0,cancelled
2026-04-15 15:00,ord-000531,buy,74081.07,1776266733524,0,0,0,,,,0,cancelled
2026-04-15 15:00,ord-000532,sell,74085.08,1776266733524,0,0,0,,,,0,cancelled
2026-04-15 15:00,ord-000533,buy,74094.19,1776266738524,0,0,0,,,,0,cancelled
2026-04-15 15:00,ord-000534,sell,74098.20,1776266738524,0,0,0,,,,0,cancelled
2026-04-15 15:00,ord-000535,buy,74090.77,1776266747024,0,0,0,,,,0,cancelled
2026-04-15 15:00,ord-000536,sell,74094.78,1776266747024,0,0,0,,,,0,cancelled
2026-04-15 15:00,ord-000537,buy,74071.62,1776266752024,0,0,0,,,,0,cancelled
2026-04-15 15:00,ord-000538,sell,74075.63,1776266752024,0,0,0,,,,0,cancelled
2026-04-15 15:00,ord-000539,buy,74070.68,1776266757724,0,0,0,,,,0,cancelled
2026-04-15 15:00,ord-000540,sell,74074.69,1776266757724,0,0,0,,,,0,cancelled
2026-04-15 15:00,ord-000541,buy,74064.24,1776266762724,0,0,0,,,,0,cancelled
2026-04-15 15:00,ord-000542,sell,74068.25,1776266762724,0,0,0,,,,0,cancelled
2026-04-15 15:00,ord-000543,buy,74070.68,1776266771724,0,0,0,,,,0,cancelled
2026-04-15 15:00,ord-000544,sell,74074.69,1776266771724,0,0,0,,,,0,cancelled
2026-04-15 15:00,ord-000545,buy,74081.62,1776266776724,0,0,0,,,,0,cancelled
2026-04-15 15:00,ord-000546,sell,74085.63,1776266776724,0,0,0,,,,0,cancelled
2026-04-15 15:00,ord-000547,buy,74062.77,1776266781724,0,0,0,,,,0,cancelled
2026-04-15 15:00,ord-000548,sell,74066.78,1776266781724,0,0,0,,,,0,cancelled
2026-04-15 15:00,ord-000549,buy,74058.00,1776266786724,0.00120000,0.00120000,0,,,,0,cancelled
2026-04-15 15:00,ord-000550,sell,74062.01,1776266786724,0.43550000,0,0,,,,0,cancelled
2026-04-15 15:00,ord-000551,buy,74049.57,1776266791724,0,0,0,,,,0,cancelled
2026-04-15 15:00,ord-000552,sell,74053.58,1776266791724,0,0,0,,,,0,cancelled
2026-04-15 15:00,ord-000553,buy,74046.78,1776266797024,0,0,0,,,,0,cancelled
2026-04-15 15:00,ord-000554,sell,74050.79,1776266797024,0,0,0,,,,0,cancelled
2026-04-15 15:00,ord-000555,buy,74049.37,1776266802024,0.35536000,0.00030000,0,,,,0,cancelled
2026-04-15 15:00,ord-000556,sell,74053.38,1776266802024,0,0,0,,,,0,cancelled
2026-04-15 15:00,ord-000557,buy,74028.72,1776266807024,0,0,0,,,,0,cancelled
2026-04-15 15:00,ord-000558,sell,74032.73,1776266807024,0,0,0,,,,0,cancelled
2026-04-15 15:00,ord-000559,buy,74036.13,1776266812024,0,0,0,,,,0,cancelled
2026-04-15 15:00,ord-000560,sell,74040.14,1776266812024,0,0,0,,,,0,cancelled
2026-04-15 15:00,ord-000561,buy,74045.18,1776266817024,0,0,0,,,,0,cancelled
2026-04-15 15:00,ord-000562,sell,74049.19,1776266817024,0,0,0,,,,0,cancelled
2026-04-15 15:00,ord-000563,buy,74041.72,1776266822024,0,0,0,,,,0,cancelled
2026-04-15 15:00,ord-000564,sell,74045.73,1776266822024,0,0,0,,,,0,cancelled
2026-04-15 15:00,ord-000565,buy,74049.64,1776266827024,0,0,0,,,,0,cancelled
2026-04-15 15:00,ord-000566,sell,74053.65,1776266827024,0,0,0,,,,0,cancelled
2026-04-15 15:00,ord-000567,buy,74058.00,1776266832024,0,0,0,,,,0,cancelled
2026-04-15 15:00,ord-000568,sell,74062.01,1776266832024,0,0,0,,,,0,cancelled
2026-04-15 15:00,ord-000569,buy,74062.62,1776266841024,0,0,0,,,,0,cancelled
2026-04-15 15:00,ord-000570,sell,74066.63,1776266841024,0,0,0,,,,0,cancelled
2026-04-15 15:00,ord-000571,buy,74066.05,1776266846024,0,0,0,,,,0,cancelled
2026-04-15 15:00,ord-000572,sell,74070.06,1776266846024,0,0,0,,,,0,cancelled
2026-04-15 15:00,ord-000573,buy,74064.20,1776266851024,0,0,0,,,,0,cancelled
2026-04-15 15:00,ord-000574,sell,74068.21,1776266851024,0,0,0,,,,0,cancelled
2026-04-15 15:00,ord-000575,buy,74058.34,1776266856024,0.05016000,0,0,,,,0,cancelled
2026-04-15 15:00,ord-000576,sell,74062.35,1776266856024,0,0,0,,,,0,cancelled
2026-04-15 15:00,ord-000577,buy,74063.10,1776266861024,0,0,0,,,,0,cancelled
2026-04-15 15:00,ord-000578,sell,74067.11,1776266861024,0,0,0,,,,0,cancelled
2026-04-15 15:00,ord-000579,buy,74056.84,1776266891924,0,0,0,,,,0,cancelled
2026-04-15 15:00,ord-000580,sell,74060.85,1776266891924,0,0,0,,,,0,cancelled
2026-04-15 15:00,ord-000581,buy,74034.77,1776266896924,0,0,0,,,,0,cancelled
2026-04-15 15:00,ord-000582,sell,74038.78,1776266896924,0,0,0,,,,0,cancelled
2026-04-15 15:00,ord-000583,buy,74024.59,1776266901924,0,0,0,,,,0,cancelled
2026-04-15 15:00,ord-000584,sell,74028.60,1776266901924,0,0,0,1776266904811,0,0,0.00031000,cancelled
2026-04-15 15:00,ord-000585,buy,74029.77,1776266906924,0,0,0,,,,0,cancelled
2026-04-15 15:00,ord-000586,sell,74033.78,1776266906924,0,0,0,,,,0,cancelled
2026-04-15 15:00,ord-000587,buy,74024.71,1776266914224,0,0,0,,,,0,cancelled
2026-04-15 15:00,ord-000588,sell,74028.72,1776266914224,0,0,0,,,,0,cancelled
2026-04-15 15:00,ord-000589,buy,74019.56,1776266921424,0,0,0,,,,0,cancelled
2026-04-15 15:00,ord-000590,sell,74023.57,1776266921424,0,0,0,,,,0,cancelled
2026-04-15 15:00,ord-000591,buy,74013.16,1776266926424,0,0,0,,,,0,cancelled
2026-04-15 15:00,ord-000592,sell,74017.17,1776266926424,0,0,0,,,,0,cancelled
2026-04-15 15:00,ord-000593,buy,74022.85,1776266931424,0,0,0,,,,0,cancelled
2026-04-15 15:00,ord-000594,sell,74026.86,1776266931424,0,0,0,,,,0,cancelled
2026-04-15 15:00,ord-000595,buy,74019.05,1776266937424,0,0,0,,,,0,cancelled
2026-04-15 15:00,ord-000596,sell,74023.06,1776266937424,0,0,0,,,,0,cancelled
2026-04-15 15:00,ord-000597,buy,74000.62,1776266942424,0,0,0,,,,0,cancelled
2026-04-15 15:00,ord-000598,sell,74004.63,1776266942424,0,0,0,,,,0,cancelled
2026-04-15 15:00,ord-000599,buy,73998.17,1776266966528,0,0,0,,,,0,cancelled
2026-04-15 15:00,ord-000600,sell,74002.18,1776266966528,0,0,0,,,,0,cancelled
2026-04-15 15:00,ord-000601,buy,73983.29,1776266971624,0,0,0,,,,0,cancelled
2026-04-15 15:00,ord-000602,sell,73987.30,1776266971624,0,0,0,,,,0,cancelled
2026-04-15 15:00,ord-000603,buy,73996.96,1776266976624,0,0,0,,,,0,cancelled
2026-04-15 15:00,ord-000604,sell,74000.97,1776266976624,0,0,0,,,,0,cancelled
2026-04-15 15:00,ord-000605,buy,74009.99,1776266981624,0,0,0,,,,0,cancelled
2026-04-15 15:00,ord-000606,sell,74014.00,1776266981624,0.00120000,0.00120000,0,,,,0,cancelled
2026-04-15 15:00,ord-000607,buy,74024.71,1776266986624,0,0,0,,,,0,cancelled
2026-04-15 15:00,ord-000608,sell,74028.72,1776266986624,0,0,0,,,,0,cancelled
2026-04-15 15:00,ord-000609,buy,74016.34,1776267001029,0,0,0,,,,0,cancelled
2026-04-15 15:00,ord-000610,sell,74020.35,1776267001029,0,0,0,,,,0,cancelled
2026-04-15 15:00,ord-000611,buy,73984.81,1776267006124,0,0,0,,,,0,cancelled
2026-04-15 15:00,ord-000612,sell,73988.82,1776267006124,0,0,0,,,,0,cancelled
2026-04-15 15:00,ord-000613,buy,73968.02,1776267011124,0,0,0,,,,0,cancelled
2026-04-15 15:00,ord-000614,sell,73972.03,1776267011124,0,0,0,,,,0,cancelled
2026-04-15 15:00,ord-000615,buy,73957.81,1776267016124,0,0,0,,,,0,cancelled
2026-04-15 15:00,ord-000616,sell,73961.82,1776267016124,0,0,0,,,,0,cancelled
2026-04-15 15:00,ord-000617,buy,73916.24,1776267021124,0,0,0,,,,0,cancelled
2026-04-15 15:00,ord-000618,sell,73920.25,1776267021124,0,0,0,,,,0,cancelled
2026-04-15 15:00,ord-000619,buy,73915.94,1776267026124,0,0,0,,,,0,cancelled
2026-04-15 15:00,ord-000620,sell,73919.95,1776267026124,0,0,0,,,,0,cancelled
2026-04-15 15:00,ord-000621,buy,73919.99,1776267031124,0.39698000,0,0,,,,0,cancelled
2026-04-15 15:00,ord-000622,sell,73924.00,1776267031124,0.00087000,0.00080000,0,,,,0,cancelled
2026-04-15 15:00,ord-000623,buy,73898.00,1776267036141,0.00120000,0.00120000,0,,,,0,cancelled
2026-04-15 15:00,ord-000624,sell,73902.01,1776267036141,0,0,0,,,,0,cancelled
2026-04-15 15:00,ord-000625,buy,73865.41,1776267045583,0,0,0,,,,0,cancelled
2026-04-15 15:00,ord-000626,sell,73869.42,1776267045583,0,0,0,,,,0,cancelled
2026-04-15 15:00,ord-000627,buy,73745.58,1776267050624,0,0,0,,,,0,cancelled
2026-04-15 15:00,ord-000628,sell,73749.59,1776267050624,0,0,0,,,,0,cancelled
2026-04-15 15:00,ord-000629,buy,73736.01,1776267055624,0,0,0,,,,0,cancelled
2026-04-15 15:00,ord-000630,sell,73740.02,1776267055624,0,0,0,,,,0,cancelled
2026-04-15 15:00,ord-000631,buy,73701.49,1776267060624,0,0,0,,,,0,cancelled
2026-04-15 15:00,ord-000632,sell,73705.50,1776267060624,0,0,0,,,,0,cancelled
2026-04-15 15:00,ord-000633,buy,73713.11,1776267065624,0,0,0,,,,0,cancelled
2026-04-15 15:00,ord-000634,sell,73717.12,1776267065624,0,0,0,,,,0,cancelled
2026-04-15 15:00,ord-000635,buy,73710.05,1776267070624,0,0,0,,,,0,cancelled
2026-04-15 15:00,ord-000636,sell,73714.06,1776267070624,0,0,0,,,,0,cancelled
2026-04-15 15:00,ord-000637,buy,73717.32,1776267075624,0.00016000,0,0,,,,0,cancelled
2026-04-15 15:00,ord-000638,sell,73721.33,1776267075624,0,0,0,,,,0,cancelled
2026-04-15 15:00,ord-000639,buy,73695.07,1776267080624,0,0,0,,,,0,cancelled
2026-04-15 15:00,ord-000640,sell,73699.08,1776267080624,0,0,0,,,,0,cancelled
2026-04-15 15:00,ord-000641,buy,73619.31,1776267085624,0,0,0,,,,0,cancelled
2026-04-15 15:00,ord-000642,sell,73623.32,1776267085624,0,0,0,,,,0,cancelled
2026-04-15 15:00,ord-000643,buy,73625.41,1776267090624,0,0,0,,,,0,cancelled
2026-04-15 15:00,ord-000644,sell,73629.42,1776267090624,0,0,0,,,,0,cancelled
2026-04-15 15:00,ord-000645,buy,73600.61,1776267095624,0,0,0,,,,0,cancelled
2026-04-15 15:00,ord-000646,sell,73604.62,1776267095624,0,0,0,,,,0,cancelled
2026-04-15 15:00,ord-000647,buy,73603.15,1776267100624,0,0,0,,,,0,cancelled
2026-04-15 15:00,ord-000648,sell,73607.16,1776267100624,0,0,0,,,,0,cancelled
2026-04-15 15:00,ord-000649,buy,73622.44,1776267105624,0,0,0,,,,0,cancelled
2026-04-15 15:00,ord-000650,sell,73626.45,1776267105624,0,0,0,,,,0,cancelled
2026-04-15 15:00,ord-000651,buy,73633.87,1776267110624,0,0,0,,,,0,cancelled
2026-04-15 15:00,ord-000652,sell,73637.88,1776267110624,0,0,0,,,,0,cancelled
2026-04-15 15:00,ord-000653,buy,73676.76,1776267115624,0,0,0,,,,0,cancelled
2026-04-15 15:00,ord-000654,sell,73680.77,1776267115624,0,0,0,,,,0,cancelled
2026-04-15 15:00,ord-000655,buy,73686.64,1776267120624,0,0,0,,,,0,cancelled
2026-04-15 15:00,ord-000656,sell,73690.65,1776267120624,0,0,0,,,,0,cancelled
2026-04-15 15:00,ord-000657,buy,73667.04,1776267125624,0,0,0,,,,0,cancelled
2026-04-15 15:00,ord-000658,sell,73671.05,1776267125624,0,0,0,,,,0,cancelled
2026-04-15 15:00,ord-000659,buy,73689.96,1776267130624,0,0,0,,,,0,cancelled
2026-04-15 15:00,ord-000660,sell,73693.97,1776267130624,0,0,0,,,,0,cancelled
2026-04-15 15:00,ord-000661,buy,73738.52,1776267135624,0,0,0,,,,0,cancelled
2026-04-15 15:00,ord-000662,sell,73742.53,1776267135624,0,0,0,,,,0,cancelled
2026-04-15 15:00,ord-000663,buy,73715.24,1776267140624,0,0,0,,,,0,cancelled
2026-04-15 15:00,ord-000664,sell,73719.25,1776267140624,0,0,0,,,,0,cancelled
2026-04-15 15:00,ord-000665,buy,73720.08,1776267145624,0,0,0,,,,0,cancelled
2026-04-15 15:00,ord-000666,sell,73724.09,1776267145624,0,0,0,,,,0,cancelled
2026-04-15 15:00,ord-000667,buy,73710.83,1776267150624,0,0,0,,,,0,cancelled
2026-04-15 15:00,ord-000668,sell,73714.84,1776267150624,0,0,0,,,,0,cancelled
2026-04-15 15:00,ord-000669,buy,73719.83,1776267155624,0,0,0,,,,0,cancelled
2026-04-15 15:00,ord-000670,sell,73723.84,1776267155624,0,0,0,,,,0,cancelled
2026-04-15 15:00,ord-000671,buy,73713.05,1776267160624,0,0,0,,,,0,cancelled
2026-04-15 15:00,ord-000672,sell,73717.06,1776267160624,0,0,0,,,,0,cancelled
2026-04-15 15:00,ord-000673,buy,73724.74,1776267165624,0,0,0,,,,0,cancelled
2026-04-15 15:00,ord-000674,sell,73728.75,1776267165624,0,0,0,,,,0,cancelled
2026-04-15 15:00,ord-000675,buy,73729.12,1776267170624,0,0,0,,,,0,cancelled
2026-04-15 15:00,ord-000676,sell,73733.13,1776267170624,0,0,0,,,,0,cancelled
2026-04-15 15:00,ord-000677,buy,73734.61,1776267175624,0,0,0,,,,0,cancelled
2026-04-15 15:00,ord-000678,sell,73738.62,1776267175624,0,0,0,,,,0,cancelled
2026-04-15 15:00,ord-000679,buy,73740.93,1776267180624,0,0,0,,,,0,cancelled
2026-04-15 15:00,ord-000680,sell,73744.94,1776267180624,0,0,0,,,,0,cancelled
2026-04-15 15:00,ord-000681,buy,73725.08,1776267185624,0,0,0,,,,0,cancelled
2026-04-15 15:00,ord-000682,sell,73729.09,1776267185624,0,0,0,,,,0,cancelled
2026-04-15 15:00,ord-000683,buy,73731.37,1776267190624,0,0,0,,,,0,cancelled
2026-04-15 15:00,ord-000684,sell,73735.38,1776267190624,0,0,0,,,,0,cancelled
2026-04-15 15:00,ord-000685,buy,73728.55,1776267195624,0,0,0,,,,0,cancelled
2026-04-15 15:00,ord-000686,sell,73732.56,1776267195624,0.00007000,0.00007000,0,1776267198437,0.00007000,0.00000000,0.00028000,cancelled
2026-04-15 15:00,ord-000687,buy,73737.31,1776267200624,0,0,0,,,,0,cancelled
2026-04-15 15:00,ord-000688,sell,73741.32,1776267200624,0,0,0,,,,0,cancelled
2026-04-15 15:00,ord-000689,buy,73725.59,1776267205624,0,0,0,,,,0,cancelled
2026-04-15 15:00,ord-000690,sell,73729.60,1776267205624,0,0,0,,,,0,cancelled
2026-04-15 15:00,ord-000691,buy,73698.00,1776267210624,0.00120000,0.00120000,0,,,,0,cancelled
2026-04-15 15:00,ord-000692,sell,73702.01,1776267210624,0,0,0,,,,0,cancelled
2026-04-15 15:00,ord-000693,buy,73649.16,1776267215624,0,0,0,,,,0,cancelled
2026-04-15 15:00,ord-000694,sell,73653.17,1776267215624,0,0,0,,,,0,cancelled
2026-04-15 15:00,ord-000695,buy,73674.83,1776267220624,0,0,0,,,,0,cancelled
2026-04-15 15:00,ord-000696,sell,73678.84,1776267220624,0,0,0,,,,0,cancelled
2026-04-15 15:00,ord-000697,buy,73671.91,1776267225624,0,0,0,,,,0,cancelled
2026-04-15 15:00,ord-000698,sell,73675.92,1776267225624,0,0,0,,,,0,cancelled
2026-04-15 15:00,ord-000699,buy,73711.80,1776267230624,0,0,0,,,,0,cancelled
2026-04-15 15:00,ord-000700,sell,73715.81,1776267230624,0,0,0,,,,0,cancelled
2026-04-15 15:00,ord-000701,buy,73661.30,1776267235624,0,0,0,,,,0,cancelled
2026-04-15 15:00,ord-000702,sell,73665.31,1776267235624,0,0,0,,,,0,cancelled
2026-04-15 15:00,ord-000703,buy,73649.39,1776267240624,0,0,0,,,,0,cancelled
2026-04-15 15:00,ord-000704,sell,73653.40,1776267240624,0,0,0,,,,0,cancelled
2026-04-15 15:00,ord-000705,buy,73655.97,1776267245624,0,0,0,,,,0,cancelled
2026-04-15 15:00,ord-000706,sell,73659.98,1776267245624,0,0,0,,,,0,cancelled
2026-04-15 15:00,ord-000707,buy,73680.00,1776267250624,0,0,0,,,,0,cancelled
2026-04-15 15:00,ord-000708,sell,73684.01,1776267250624,0,0,0,1776267251692,0,0,0.00100000,filled
2026-04-15 15:00,ord-000709,buy,73683.99,1776267251824,0.50502000,0,0,,,,0,cancelled
2026-04-15 15:00,ord-000710,sell,73688.00,1776267251824,0.00120000,0.00120000,0,1776267251862,0.00120000,0.00000000,0.001,filled
2026-04-15 15:00,ord-000711,buy,73686.63,1776267251924,0,0,0,,,,0,cancelled
2026-04-15 15:00,ord-000712,sell,73690.64,1776267251924,0,0,0,,,,0,cancelled
2026-04-15 15:00,ord-000713,buy,73689.99,1776267256924,0,0,0,,,,0,cancelled
2026-04-15 15:00,ord-000714,sell,73694.00,1776267256924,0.00120000,0.00120000,0,1776267257327,0.00000000,0.00000000,0.00100000,filled
2026-04-15 15:00,ord-000715,buy,73693.38,1776267257424,0,0,0,,,,0,cancelled
2026-04-15 15:00,ord-000716,sell,73697.39,1776267257424,0,0,0,,,,0,cancelled
2026-04-15 15:00,ord-000717,buy,73693.72,1776267257524,0,0,0,,,,0,cancelled
2026-04-15 15:00,ord-000718,buy,73697.99,1776267257624,0,0,0,,,,0,cancelled
2026-04-15 15:00,ord-000719,sell,73702.00,1776267257624,0.00120000,0,0,,,,0,cancelled
2026-04-15 15:00,ord-000720,buy,73678.47,1776267261561,0,0,0,,,,0,cancelled
2026-04-15 15:00,ord-000721,sell,73682.48,1776267261628,0,0,0,,,,0,cancelled
2026-04-15 15:00,ord-000722,buy,73672.00,1776267261824,0.00120000,0.00120000,0,,,,0,cancelled
2026-04-15 15:00,ord-000723,sell,73676.01,1776267261924,0,0,0,,,,0,cancelled
2026-04-15 15:00,ord-000724,buy,73662.89,1776267262324,0,0,0,,,,0,cancelled
2026-04-15 15:00,ord-000725,sell,73666.90,1776267262424,0,0,0,,,,0,cancelled
2026-04-15 15:00,ord-000726,buy,73661.14,1776267262524,0,0,0,,,,0,cancelled
2026-04-15 15:00,ord-000727,sell,73665.15,1776267262624,0.00300000,0,0,,,,0,cancelled
2026-04-15 15:00,ord-000728,buy,73671.98,1776267264224,0,0,0,,,,0,cancelled
2026-04-15 15:00,ord-000729,sell,73675.99,1776267264324,0.00016000,0,0,,,,0,cancelled
2026-04-15 15:00,ord-000730,buy,73673.99,1776267265624,2.32178000,0,0,,,,0,cancelled
2026-04-15 15:00,ord-000731,buy,73674.54,1776267265724,0,0,0,,,,0,cancelled
2026-04-15 15:00,ord-000732,sell,73678.55,1776267265724,0,0,0,,,,0,cancelled
2026-04-15 15:00,ord-000733,buy,73681.93,1776267265824,0,0,0,,,,0,cancelled
2026-04-15 15:00,ord-000734,sell,73685.94,1776267265924,0,0,0,,,,0,cancelled
2026-04-15 15:00,ord-000735,buy,73683.79,1776267266224,0,0,0,,,,0,cancelled
2026-04-15 15:00,ord-000736,sell,73687.80,1776267266324,0,0,0,,,,0,cancelled
2026-04-15 15:00,ord-000737,buy,73687.07,1776267269224,0,0,0,,,,0,cancelled
2026-04-15 15:00,ord-000738,sell,73691.08,1776267269324,0,0,0,,,,0,cancelled
2026-04-15 15:00,ord-000739,buy,73680.00,1776267291924,0.00120000,0.00120000,0,1776267292339,0.00120000,0.00000000,0.001,filled
2026-04-15 15:00,ord-000740,sell,73684.01,1776267292024,0,0,0,,,,0,cancelled
2026-04-15 15:00,ord-000741,buy,73675.54,1776267292424,0,0,0,,,,0,cancelled
2026-04-15 15:00,ord-000742,sell,73679.55,1776267292424,0,0,0,,,,0,cancelled
2026-04-15 15:00,ord-000743,buy,73656.00,1776267297424,0.00120000,0.00120000,0,,,,0,cancelled
2026-04-15 15:00,ord-000744,sell,73660.01,1776267297424,0.50689000,0,0,,,,0,cancelled
2026-04-15 15:00,ord-000745,buy,73651.69,1776267302424,0.00136000,0,0,,,,0,cancelled
2026-04-15 15:00,ord-000746,sell,73655.70,1776267302424,0,0,0,,,,0,cancelled
2026-04-15 15:00,ord-000747,buy,73667.35,1776267307424,0,0,0,,,,0,cancelled
2026-04-15 15:00,ord-000748,sell,73671.36,1776267307424,0,0,0,,,,0,cancelled
2026-04-15 15:00,ord-000749,buy,73664.47,1776267312424,0,0,0,,,,0,cancelled
2026-04-15 15:00,ord-000750,sell,73668.48,1776267312424,0,0,0,,,,0,cancelled
2026-04-15 15:00,ord-000751,buy,73666.59,1776267317424,0,0,0,,,,0,cancelled
2026-04-15 15:00,ord-000752,sell,73670.60,1776267317424,0,0,0,,,,0,cancelled
2026-04-15 15:00,ord-000753,buy,73687.07,1776267322424,0,0,0,,,,0,cancelled
2026-04-15 15:00,ord-000754,sell,73691.08,1776267322424,0,0,0,,,,0,cancelled
2026-04-15 15:00,ord-000755,buy,73672.48,1776267327424,0,0,0,,,,0,cancelled
2026-04-15 15:00,ord-000756,sell,73676.49,1776267327424,0,0,0,,,,0,cancelled
2026-04-15 15:00,ord-000757,buy,73687.03,1776267332424,0,0,0,,,,0,cancelled
2026-04-15 15:00,ord-000758,sell,73691.04,1776267332424,0,0,0,,,,0,cancelled
2026-04-15 15:00,ord-000759,buy,73690.44,1776267342224,0,0,0,,,,0,cancelled
2026-04-15 15:00,ord-000760,sell,73694.45,1776267342224,0,0,0,,,,0,cancelled
2026-04-15 15:00,ord-000761,buy,73694.77,1776267347224,0,0,0,,,,0,cancelled
2026-04-15 15:00,ord-000762,sell,73698.78,1776267347224,0,0,0,,,,0,cancelled
2026-04-15 15:00,ord-000763,buy,73709.09,1776267352224,0,0,0,,,,0,cancelled
2026-04-15 15:00,ord-000764,sell,73713.10,1776267352224,0,0,0,,,,0,cancelled
2026-04-15 15:00,ord-000765,buy,73713.83,1776267357224,0,0,0,,,,0,cancelled
2026-04-15 15:00,ord-000766,sell,73717.84,1776267357224,0,0,0,,,,0,cancelled
2026-04-15 15:00,ord-000767,buy,73711.80,1776267362224,0,0,0,,,,0,cancelled
2026-04-15 15:00,ord-000768,sell,73715.81,1776267362224,0,0,0,,,,0,cancelled
2026-04-15 15:00,ord-000769,buy,73738.72,1776267367224,0,0,0,,,,0,cancelled
2026-04-15 15:00,ord-000770,sell,73742.73,1776267367224,0,0,0,,,,0,cancelled
2026-04-15 15:00,ord-000771,buy,73736.00,1776267372224,0.00686000,0.00127000,0,,,,0,cancelled
2026-04-15 15:00,ord-000772,sell,73740.01,1776267372224,0,0,0,,,,0,cancelled
2026-04-15 15:00,ord-000773,buy,73729.06,1776267377224,0,0,0,,,,0,cancelled
2026-04-15 15:00,ord-000774,sell,73733.07,1776267377224,0,0,0,,,,0,cancelled
2026-04-15 15:00,ord-000775,buy,73728.76,1776267382224,0,0,0,,,,0,cancelled
2026-04-15 15:00,ord-000776,sell,73732.77,1776267382224,0,0,0,,,,0,cancelled
2026-04-15 15:00,ord-000777,buy,73725.15,1776267387224,0,0,0,,,,0,cancelled
2026-04-15 15:00,ord-000778,sell,73729.16,1776267387224,0,0,0,,,,0,cancelled
2026-04-15 15:00,ord-000779,buy,73696.00,1776267392224,0.00120000,0,0,,,,0,cancelled
2026-04-15 15:00,ord-000780,sell,73700.01,1776267392224,0.38100000,0.02332000,0,,,,0,cancelled
2026-04-15 15:00,ord-000781,buy,73708.14,1776267397224,0,0,0,,,,0,cancelled
2026-04-15 15:00,ord-000782,sell,73712.15,1776267397224,0,0,0,,,,0,cancelled
2026-04-15 15:00,ord-000783,buy,73694.78,1776267402224,0,0,0,,,,0,cancelled
2026-04-15 15:00,ord-000784,sell,73698.79,1776267402224,0,0,0,,,,0,cancelled
2026-04-15 15:00,ord-000785,buy,73691.09,1776267409124,0,0,0,,,,0,cancelled
2026-04-15 15:00,ord-000786,sell,73695.10,1776267409124,0,0,0,,,,0,cancelled
2026-04-15 15:00,ord-000787,buy,73684.39,1776267414124,0,0,0,,,,0,cancelled
2026-04-15 15:00,ord-000788,sell,73688.40,1776267414124,0,0,0,,,,0,cancelled
2026-04-15 15:00,ord-000789,buy,73658.63,1776267419124,0,0,0,,,,0,cancelled
2026-04-15 15:00,ord-000790,sell,73662.64,1776267419124,0,0,0,,,,0,cancelled
2026-04-15 15:00,ord-000791,buy,73687.12,1776267424124,0,0,0,,,,0,cancelled
2026-04-15 15:00,ord-000792,sell,73691.13,1776267424124,0,0,0,,,,0,cancelled
2026-04-15 15:00,ord-000793,buy,73694.43,1776267429124,0,0,0,,,,0,cancelled
2026-04-15 15:00,ord-000794,sell,73698.44,1776267429124,0,0,0,,,,0,cancelled
2026-04-15 15:00,ord-000795,buy,73687.12,1776267434124,0,0,0,,,,0,cancelled
2026-04-15 15:00,ord-000796,sell,73691.13,1776267434124,0,0,0,,,,0,cancelled
2026-04-15 15:00,ord-000797,buy,73696.91,1776267439124,0,0,0,,,,0,cancelled
2026-04-15 15:00,ord-000798,sell,73700.92,1776267439124,0,0,0,,,,0,cancelled
2026-04-15 15:00,ord-000799,buy,73701.62,1776267444124,0,0,0,,,,0,cancelled
2026-04-15 15:00,ord-000800,sell,73705.63,1776267444124,0,0,0,,,,0,cancelled
2026-04-15 15:00,ord-000801,buy,73713.17,1776267449124,0,0,0,,,,0,cancelled
2026-04-15 15:00,ord-000802,sell,73717.18,1776267449124,0,0,0,,,,0,cancelled
2026-04-15 15:00,ord-000803,buy,73721.19,1776267454124,0,0,0,1776267454165,0,0,0.001,filled
2026-04-15 15:00,ord-000804,sell,73725.20,1776267454124,0,0,0,,,,0,cancelled
2026-04-15 15:00,ord-000805,buy,73718.72,1776267454224,0,0,0,,,,0,cancelled
2026-04-15 15:00,ord-000806,sell,73722.73,1776267454224,0,0,0,,,,0,cancelled
2026-04-15 15:00,ord-000807,buy,73709.27,1776267459224,0,0,0,,,,0,cancelled
2026-04-15 15:00,ord-000808,sell,73713.28,1776267459224,0,0,0,,,,0,cancelled
2026-04-15 15:00,ord-000809,buy,73719.83,1776267464224,0,0,0,,,,0,cancelled
2026-04-15 15:00,ord-000810,sell,73723.84,1776267464224,0,0,0,,,,0,cancelled
2026-04-15 15:00,ord-000811,buy,73692.42,1776267469224,0,0,0,,,,0,cancelled
2026-04-15 15:00,ord-000812,sell,73696.43,1776267469224,0,0,0,,,,0,cancelled
2026-04-15 15:00,ord-000813,buy,73686.73,1776267475026,0,0,0,,,,0,cancelled
2026-04-15 15:00,ord-000814,sell,73690.74,1776267475026,0,0,0,,,,0,cancelled
2026-04-15 15:00,ord-000815,buy,73682.05,1776267480124,0,0,0,,,,0,cancelled
2026-04-15 15:00,ord-000816,sell,73686.06,1776267480124,0,0,0,,,,0,cancelled
2026-04-15 15:00,ord-000817,buy,73723.47,1776267485124,0,0,0,,,,0,cancelled
2026-04-15 15:00,ord-000818,sell,73727.48,1776267485124,0,0,0,,,,0,cancelled
2026-04-15 15:00,ord-000819,buy,73751.48,1776267490124,0,0,0,,,,0,cancelled
2026-04-15 15:00,ord-000820,sell,73755.49,1776267490124,0,0,0,,,,0,cancelled
2026-04-15 15:00,ord-000821,buy,73726.10,1776267495124,0,0,0,,,,0,cancelled
2026-04-15 15:00,ord-000822,sell,73730.11,1776267495124,0,0,0,,,,0,cancelled
2026-04-15 15:00,ord-000823,buy,73720.83,1776267500124,0.13612000,0,0,,,,0,cancelled
2026-04-15 15:00,ord-000824,sell,73724.84,1776267500124,0,0,0,,,,0,cancelled
2026-04-15 15:00,ord-000825,buy,73738.35,1776267505124,0,0,0,,,,0,cancelled
2026-04-15 15:00,ord-000826,sell,73742.36,1776267505124,0,0,0,,,,0,cancelled
2026-04-15 15:00,ord-000827,buy,73750.28,1776267510124,0,0,0,,,,0,cancelled
2026-04-15 15:00,ord-000828,sell,73754.29,1776267510124,0,0,0,,,,0,cancelled
2026-04-15 15:00,ord-000829,buy,73744.48,1776267516224,0,0,0,,,,0,cancelled
2026-04-15 15:00,ord-000830,sell,73748.49,1776267516224,0,0,0,,,,0,cancelled
2026-04-15 15:00,ord-000831,buy,73750.25,1776267522024,0.00300000,0,0,,,,0,cancelled
2026-04-15 15:00,ord-000832,sell,73754.26,1776267522024,0,0,0,,,,0,cancelled
2026-04-15 15:00,ord-000833,buy,73742.78,1776267527024,0,0,0,,,,0,cancelled
2026-04-15 15:00,ord-000834,sell,73746.79,1776267527024,0,0,0,,,,0,cancelled
2026-04-15 15:00,ord-000835,buy,73750.15,1776267532024,0,0,0,,,,0,cancelled
2026-04-15 15:00,ord-000836,sell,73754.16,1776267532024,0,0,0,,,,0,cancelled
2026-04-15 15:00,ord-000837,buy,73747.35,1776267537024,0,0,0,,,,0,cancelled
2026-04-15 15:00,ord-000838,sell,73751.36,1776267537024,0,0,0,,,,0,cancelled
2026-04-15 15:00,ord-000839,buy,73743.48,1776267544824,0,0,0,,,,0,cancelled
2026-04-15 15:00,ord-000840,sell,73747.49,1776267544824,0,0,0,,,,0,cancelled
2026-04-15 15:00,ord-000841,buy,73737.97,1776267549824,0,0,0,,,,0,cancelled
2026-04-15 15:00,ord-000842,sell,73741.98,1776267549824,0,0,0,,,,0,cancelled
2026-04-15 15:00,ord-000843,buy,73744.22,1776267554824,0,0,0,,,,0,cancelled
2026-04-15 15:00,ord-000844,sell,73748.23,1776267554824,0,0,0,,,,0,cancelled
2026-04-15 15:00,ord-000845,buy,73745.87,1776267559824,0,0,0,,,,0,cancelled
2026-04-15 15:00,ord-000846,sell,73749.88,1776267559824,0,0,0,,,,0,cancelled
2026-04-15 15:00,ord-000847,buy,73738.90,1776267564824,0,0,0,,,,0,cancelled
2026-04-15 15:00,ord-000848,sell,73742.91,1776267564824,0,0,0,,,,0,cancelled
2026-04-15 15:00,ord-000849,buy,73750.14,1776267569824,0,0,0,,,,0,cancelled
2026-04-15 15:00,ord-000850,sell,73754.15,1776267569824,0,0,0,,,,0,cancelled
2026-04-15 15:00,ord-000851,buy,73746.27,1776267575724,0,0,0,,,,0,cancelled
2026-04-15 15:00,ord-000852,sell,73750.28,1776267575724,0,0,0,,,,0,cancelled
2026-04-15 15:00,ord-000853,buy,73736.20,1776267580724,0,0,0,,,,0,cancelled
2026-04-15 15:00,ord-000854,sell,73740.21,1776267580724,0,0,0,,,,0,cancelled
2026-04-15 15:00,ord-000855,buy,73730.20,1776267585724,0,0,0,,,,0,cancelled
2026-04-15 15:00,ord-000856,sell,73734.21,1776267585724,0,0,0,,,,0,cancelled
2026-04-15 15:00,ord-000857,buy,73731.78,1776267592824,0,0,0,,,,0,cancelled
2026-04-15 15:00,ord-000858,sell,73735.79,1776267592824,0,0,0,,,,0,cancelled
2026-04-15 15:00,ord-000859,buy,73737.89,1776267597824,0,0,0,,,,0,cancelled
2026-04-15 15:00,ord-000860,sell,73741.90,1776267597824,0,0,0,,,,0,cancelled
2026-04-15 15:00,ord-000861,buy,73747.99,1776267602824,0,0,0,,,,0,cancelled
2026-04-15 15:00,ord-000862,sell,73752.00,1776267602824,0.01570000,0.01570000,0,,,,0,cancelled
2026-04-15 15:00,ord-000863,buy,73760.87,1776267607824,0,0,0,,,,0,cancelled
2026-04-15 15:00,ord-000864,sell,73764.88,1776267607824,0,0,0,,,,0,cancelled
2026-04-15 15:00,ord-000865,buy,73732.54,1776267612824,0.00009000,0,0,,,,0,cancelled
2026-04-15 15:00,ord-000866,sell,73736.55,1776267612824,0,0,0,,,,0,cancelled
2026-04-15 15:00,ord-000867,buy,73742.99,1776267617824,0,0,0,,,,0,cancelled
2026-04-15 15:00,ord-000868,sell,73747.00,1776267617824,0,0,0,,,,0,cancelled
2026-04-15 15:00,ord-000869,buy,73768.46,1776267622824,0,0,0,,,,0,cancelled
2026-04-15 15:00,ord-000870,sell,73772.47,1776267622824,0,0,0,,,,0,cancelled
2026-04-15 15:00,ord-000871,buy,73768.48,1776267627824,0,0,0,,,,0,cancelled
2026-04-15 15:00,ord-000872,sell,73772.49,1776267627824,0,0,0,,,,0,cancelled
2026-04-15 15:00,ord-000873,buy,73773.61,1776267632824,0,0,0,,,,0,cancelled
2026-04-15 15:00,ord-000874,sell,73777.62,1776267632824,0,0,0,,,,0,cancelled
2026-04-15 15:00,ord-000875,buy,73776.75,1776267649124,0,0,0,,,,0,cancelled
2026-04-15 15:00,ord-000876,sell,73780.76,1776267649124,0.00307000,0.00307000,0,,,,0,cancelled
2026-04-15 15:00,ord-000877,buy,73784.71,1776267654124,0,0,0,,,,0,cancelled
2026-04-15 15:00,ord-000878,sell,73788.72,1776267654124,0,0,0,,,,0,cancelled
2026-04-15 15:00,ord-000879,buy,73783.40,1776267659124,0,0,0,,,,0,cancelled
2026-04-15 15:00,ord-000880,sell,73787.41,1776267659124,0,0,0,,,,0,cancelled
2026-04-15 15:00,ord-000881,buy,73776.75,1776267665024,0,0,0,,,,0,cancelled
2026-04-15 15:00,ord-000882,sell,73780.76,1776267665024,0,0,0,,,,0,cancelled
2026-04-15 15:00,ord-000883,buy,73790.68,1776267670024,0,0,0,,,,0,cancelled
2026-04-15 15:00,ord-000884,sell,73794.69,1776267670024,0,0,0,,,,0,cancelled
2026-04-15 15:00,ord-000885,buy,73783.30,1776267675024,0,0,0,,,,0,cancelled
2026-04-15 15:00,ord-000886,sell,73787.31,1776267675024,0,0,0,,,,0,cancelled
2026-04-15 15:00,ord-000887,buy,73796.34,1776267680025,0,0,0,,,,0,cancelled
2026-04-15 15:00,ord-000888,sell,73800.35,1776267680025,0,0,0,,,,0,cancelled
2026-04-15 15:00,ord-000889,buy,73821.47,1776267685124,0,0,0,,,,0,cancelled
2026-04-15 15:00,ord-000890,sell,73825.48,1776267685124,0,0,0,,,,0,cancelled
2026-04-15 15:00,ord-000891,buy,73830.00,1776267690124,0,0,0,1776267690295,0,0,0.00100000,filled
2026-04-15 15:00,ord-000892,sell,73834.01,1776267690124,0,0,0,,,,0,cancelled
2026-04-15 15:00,ord-000893,buy,73828.00,1776267690324,0,0,0,,,,0,cancelled
2026-04-15 15:00,ord-000894,sell,73832.01,1776267690324,0.52988000,0.00050000,0,,,,0,cancelled
2026-04-15 15:00,ord-000895,buy,73842.07,1776267695324,0,0,0,,,,0,cancelled
2026-04-15 15:00,ord-000896,sell,73846.08,1776267695324,0,0,0,,,,0,cancelled
2026-04-15 15:00,ord-000897,buy,73876.77,1776267700324,0,0,0,,,,0,cancelled
2026-04-15 15:00,ord-000898,sell,73880.78,1776267700324,0,0,0,,,,0,cancelled
2026-04-15 15:00,ord-000899,buy,73872.67,1776267705324,0,0,0,,,,0,cancelled
2026-04-15 15:00,ord-000900,sell,73876.68,1776267705324,0,0,0,,,,0,cancelled
2026-04-15 15:00,ord-000901,buy,73861.99,1776267710324,0,0,0,,,,0,cancelled
2026-04-15 15:00,ord-000902,sell,73866.00,1776267710324,0,0,0,,,,0,cancelled
2026-04-15 15:00,ord-000903,buy,73865.35,1776267717324,0,0,0,,,,0,cancelled
2026-04-15 15:00,ord-000904,sell,73869.36,1776267717324,0,0,0,,,,0,cancelled
2026-04-15 15:00,ord-000905,buy,73870.57,1776267722324,0,0,0,,,,0,cancelled
2026-04-15 15:00,ord-000906,sell,73874.58,1776267722324,0,0,0,,,,0,cancelled
2026-04-15 15:00,ord-000907,buy,73863.90,1776267727324,0,0,0,,,,0,cancelled
2026-04-15 15:00,ord-000908,sell,73867.91,1776267727324,0,0,0,,,,0,cancelled
2026-04-15 15:00,ord-000909,buy,73860.06,1776267732324,0,0,0,,,,0,cancelled
2026-04-15 15:00,ord-000910,sell,73864.07,1776267732324,0,0,0,,,,0,cancelled
2026-04-15 15:00,ord-000911,buy,73840.75,1776267737324,0,0,0,,,,0,cancelled
2026-04-15 15:00,ord-000912,sell,73844.76,1776267737324,0,0,0,,,,0,cancelled
2026-04-15 15:00,ord-000913,buy,73823.70,1776267742324,0,0,0,,,,0,cancelled
2026-04-15 15:00,ord-000914,sell,73827.71,1776267742324,0,0,0,,,,0,cancelled
2026-04-15 15:00,ord-000915,buy,73830.83,1776267750528,0,0,0,,,,0,cancelled
2026-04-15 15:00,ord-000916,sell,73834.84,1776267750528,0,0,0,,,,0,cancelled
2026-04-15 15:00,ord-000917,buy,73825.43,1776267755624,0,0,0,,,,0,cancelled
2026-04-15 15:00,ord-000918,sell,73829.44,1776267755624,0,0,0,,,,0,cancelled
2026-04-15 15:00,ord-000919,buy,73838.95,1776267760624,0,0,0,,,,0,cancelled
2026-04-15 15:00,ord-000920,sell,73842.96,1776267760624,0,0,0,,,,0,cancelled
2026-04-15 15:00,ord-000921,buy,73850.40,1776267765624,0,0,0,,,,0,cancelled
2026-04-15 15:00,ord-000922,sell,73854.41,1776267765624,0,0,0,,,,0,cancelled
2026-04-15 15:00,ord-000923,buy,73857.79,1776267770624,0,0,0,,,,0,cancelled
2026-04-15 15:00,ord-000924,sell,73861.80,1776267770624,0,0,0,,,,0,cancelled
2026-04-15 15:00,ord-000925,buy,73853.63,1776267775624,0,0,0,,,,0,cancelled
2026-04-15 15:00,ord-000926,sell,73857.64,1776267775624,0,0,0,,,,0,cancelled
2026-04-15 15:00,ord-000927,buy,73861.87,1776267780624,0,0,0,,,,0,cancelled
2026-04-15 15:00,ord-000928,sell,73865.88,1776267780624,0,0,0,,,,0,cancelled
2026-04-15 15:00,ord-000929,buy,73875.99,1776267785624,0,0,0,,,,0,cancelled
2026-04-15 15:00,ord-000930,sell,73880.00,1776267785624,0.00120000,0.00120000,0,,,,0,cancelled
2026-04-15 15:00,ord-000931,buy,73887.47,1776267790624,0,0,0,,,,0,cancelled
2026-04-15 15:00,ord-000932,sell,73891.48,1776267790624,0,0,0,,,,0,cancelled
2026-04-15 15:00,ord-000933,buy,73917.43,1776267795624,0,0,0,,,,0,cancelled
2026-04-15 15:00,ord-000934,sell,73921.44,1776267795624,0,0,0,,,,0,cancelled
2026-04-15 15:00,ord-000935,buy,73910.07,1776267800624,0,0,0,,,,0,cancelled
2026-04-15 15:00,ord-000936,sell,73914.08,1776267800624,0,0,0,,,,0,cancelled
2026-04-15 15:00,ord-000937,buy,73900.94,1776267805624,0,0,0,,,,0,cancelled
2026-04-15 15:00,ord-000938,sell,73904.95,1776267805624,0,0,0,,,,0,cancelled
2026-04-15 15:00,ord-000939,buy,73917.23,1776267810624,0,0,0,,,,0,cancelled
2026-04-15 15:00,ord-000940,sell,73921.24,1776267810624,0,0,0,,,,0,cancelled
2026-04-15 15:00,ord-000941,buy,73911.80,1776267820824,0,0,0,,,,0,cancelled
2026-04-15 15:00,ord-000942,sell,73915.81,1776267820824,0,0,0,,,,0,cancelled
2026-04-15 15:00,ord-000943,buy,73901.78,1776267825824,0,0,0,,,,0,cancelled
2026-04-15 15:00,ord-000944,sell,73905.79,1776267825824,0,0,0,,,,0,cancelled
2026-04-15 15:00,ord-000945,buy,73908.86,1776267836524,0,0,0,,,,0,cancelled
2026-04-15 15:00,ord-000946,sell,73912.87,1776267836524,0,0,0,,,,0,cancelled
2026-04-15 15:00,ord-000947,buy,73898.00,1776267841524,0.00120000,0.00120000,0,1776267841908,0.00120000,0.00000000,0.001,filled
2026-04-15 15:00,ord-000948,sell,73902.01,1776267841524,0,0,0,,,,0,cancelled
2026-04-15 15:00,ord-000949,buy,73894.97,1776267841924,0,0,0,,,,0,cancelled
2026-04-15 15:00,ord-000950,sell,73898.98,1776267841924,0,0,0,,,,0,cancelled
2026-04-15 15:00,ord-000951,buy,73879.03,1776267846924,0,0,0,,,,0,cancelled
2026-04-15 15:00,ord-000952,sell,73883.04,1776267846924,0,0,0,,,,0,cancelled
2026-04-15 15:00,ord-000953,buy,73878.29,1776267871424,0,0,0,,,,0,cancelled
2026-04-15 15:00,ord-000954,sell,73882.30,1776267871424,0,0,0,,,,0,cancelled
2026-04-15 15:00,ord-000955,buy,73872.07,1776267876424,0,0,0,,,,0,cancelled
2026-04-15 15:00,ord-000956,sell,73876.08,1776267876424,0,0,0,,,,0,cancelled
2026-04-15 15:00,ord-000957,buy,73872.42,1776267886725,0,0,0,,,,0,cancelled
2026-04-15 15:00,ord-000958,sell,73876.43,1776267886725,0,0,0,,,,0,cancelled
2026-04-15 15:00,ord-000959,buy,73865.28,1776267891824,0,0,0,,,,0,cancelled
2026-04-15 15:00,ord-000960,sell,73869.29,1776267891824,0,0,0,,,,0,cancelled
2026-04-15 15:00,ord-000961,buy,73851.38,1776267896924,0,0,0,,,,0,cancelled
2026-04-15 15:00,ord-000962,sell,73855.39,1776267896924,0,0,0,,,,0,cancelled
2026-04-15 15:00,ord-000963,buy,73849.99,1776267901924,0,0,0,,,,0,cancelled
2026-04-15 15:00,ord-000964,sell,73854.00,1776267901924,0,0,0,,,,0,cancelled
2026-04-15 15:00,ord-000965,buy,73848.44,1776267908024,0,0,0,,,,0,cancelled
2026-04-15 15:00,ord-000966,sell,73852.45,1776267908024,0,0,0,,,,0,cancelled
2026-04-15 15:00,ord-000967,buy,73818.58,1776267913024,0,0,0,,,,0,cancelled
2026-04-15 15:00,ord-000968,sell,73822.59,1776267913024,0,0,0,,,,0,cancelled
2026-04-15 15:00,ord-000969,buy,73864.75,1776267918024,0,0,0,,,,0,cancelled
2026-04-15 15:00,ord-000970,sell,73868.76,1776267918024,0,0,0,,,,0,cancelled
2026-04-15 15:00,ord-000971,buy,73877.77,1776267923024,0,0,0,,,,0,cancelled
2026-04-15 15:00,ord-000972,sell,73881.78,1776267923024,0,0,0,,,,0,cancelled
2026-04-15 15:00,ord-000973,buy,73905.61,1776267928024,0,0,0,,,,0,cancelled
2026-04-15 15:00,ord-000974,sell,73909.62,1776267928024,0,0,0,,,,0,cancelled
2026-04-15 15:00,ord-000975,buy,73915.07,1776267933025,0.11969000,0.00023000,0,,,,0,cancelled
2026-04-15 15:00,ord-000976,sell,73919.08,1776267933025,0,0,0,,,,0,cancelled
2026-04-15 15:00,ord-000977,buy,73905.61,1776267938124,0,0,0,,,,0,cancelled
2026-04-15 15:00,ord-000978,sell,73909.62,1776267938124,0,0,0,,,,0,cancelled
2026-04-15 15:00,ord-000979,buy,73904.87,1776267947424,0,0,0,,,,0,cancelled
2026-04-15 15:00,ord-000980,sell,73908.88,1776267947424,0,0,0,,,,0,cancelled
2026-04-15 15:00,ord-000981,buy,73900.00,1776267952424,0.00120000,0,0,,,,0,cancelled
2026-04-15 15:00,ord-000982,sell,73904.01,1776267952424,0,0,0,,,,0,cancelled
2026-04-15 15:00,ord-000983,buy,73912.99,1776267957424,0,0,0,,,,0,cancelled
2026-04-15 15:00,ord-000984,sell,73917.00,1776267957424,0,0,0,,,,0,cancelled
2026-04-15 15:00,ord-000985,buy,73913.00,1776267964524,0,0,0,,,,0,cancelled
2026-04-15 15:00,ord-000986,sell,73917.01,1776267964524,0,0,0,,,,0,cancelled
2026-04-15 15:00,ord-000987,buy,73892.82,1776267969524,0,0,0,,,,0,cancelled
2026-04-15 15:00,ord-000988,sell,73896.83,1776267969524,0,0,0,,,,0,cancelled
2026-04-15 15:00,ord-000989,buy,73901.79,1776267979024,0,0,0,,,,0,cancelled
2026-04-15 15:00,ord-000990,sell,73905.80,1776267979024,0,0,0,,,,0,cancelled
2026-04-15 15:00,ord-000991,buy,73909.19,1776267995024,0,0,0,,,,0,cancelled
2026-04-15 15:00,ord-000992,sell,73913.20,1776267995024,0,0,0,,,,0,cancelled
2026-04-15 15:00,ord-000993,buy,73924.94,1776268000024,0,0,0,,,,0,cancelled
2026-04-15 15:00,ord-000994,sell,73928.95,1776268000024,0,0,0,,,,0,cancelled
2026-04-15 15:00,ord-000995,buy,73939.15,1776268005024,0,0,0,,,,0,cancelled
2026-04-15 15:00,ord-000996,sell,73943.16,1776268005024,0,0,0,,,,0,cancelled
2026-04-15 15:00,ord-000997,buy,73937.33,1776268011124,0,0,0,,,,0,cancelled
2026-04-15 15:00,ord-000998,sell,73941.34,1776268011124,0,0,0,,,,0,cancelled
2026-04-15 15:00,ord-000999,buy,73936.59,1776268016125,0,0,0,,,,0,cancelled
2026-04-15 15:00,ord-001000,sell,73940.60,1776268016125,0,0,0,,,,0,cancelled
2026-04-15 15:00,ord-001001,buy,73926.00,1776268021224,0.00120000,0.00120000,0,1776268023438,0.00120000,0.00000000,0.001,filled
2026-04-15 15:00,ord-001002,sell,73930.01,1776268021224,0.37501000,0,0,,,,0,cancelled
2026-04-15 15:00,ord-001003,buy,73923.82,1776268023524,0,0,0,,,,0,cancelled
2026-04-15 15:00,ord-001004,sell,73927.83,1776268023524,0,0,0,,,,0,cancelled
2026-04-15 15:00,ord-001005,buy,73902.11,1776268028524,0,0,0,,,,0,cancelled
2026-04-15 15:00,ord-001006,sell,73906.12,1776268028524,0,0,0,,,,0,cancelled
2026-04-15 15:00,ord-001007,buy,73891.22,1776268033524,0,0,0,,,,0,cancelled
2026-04-15 15:00,ord-001008,sell,73895.23,1776268033524,0,0,0,,,,0,cancelled
2026-04-15 15:00,ord-001009,buy,73881.15,1776268038524,0,0,0,,,,0,cancelled
2026-04-15 15:00,ord-001010,sell,73885.16,1776268038524,0,0,0,,,,0,cancelled
2026-04-15 15:00,ord-001011,buy,73887.77,1776268048129,0,0,0,,,,0,cancelled
2026-04-15 15:00,ord-001012,sell,73891.78,1776268048129,0,0,0,,,,0,cancelled
2026-04-15 15:00,ord-001013,buy,73891.95,1776268053229,0,0,0,,,,0,cancelled
2026-04-15 15:00,ord-001014,sell,73895.96,1776268053229,0,0,0,,,,0,cancelled
2026-04-15 15:00,ord-001015,buy,73903.31,1776268058324,0,0,0,,,,0,cancelled
2026-04-15 15:00,ord-001016,sell,73907.32,1776268058324,0,0,0,,,,0,cancelled
2026-04-15 15:00,ord-001017,buy,73882.45,1776268063324,0,0,0,,,,0,cancelled
2026-04-15 15:00,ord-001018,sell,73886.46,1776268063324,0,0,0,,,,0,cancelled
2026-04-15 15:00,ord-001019,buy,73901.41,1776268068324,0,0,0,,,,0,cancelled
2026-04-15 15:00,ord-001020,sell,73905.42,1776268068324,0,0,0,,,,0,cancelled
2026-04-15 15:00,ord-001021,buy,73896.00,1776268073324,0.00080000,0,0,,,,0,cancelled
2026-04-15 15:00,ord-001022,sell,73900.01,1776268073324,0,0,0,,,,0,cancelled
2026-04-15 15:00,ord-001023,buy,73896.42,1776268087424,0,0,0,,,,0,cancelled
2026-04-15 15:00,ord-001024,sell,73900.43,1776268087424,0,0,0,,,,0,cancelled
2026-04-15 15:00,ord-001025,buy,73908.97,1776268092424,0,0,0,,,,0,cancelled
2026-04-15 15:00,ord-001026,sell,73912.98,1776268092424,0,0,0,,,,0,cancelled
2026-04-15 15:00,ord-001027,buy,73923.79,1776268097424,0,0,0,,,,0,cancelled
2026-04-15 15:00,ord-001028,sell,73927.80,1776268097424,0,0,0,,,,0,cancelled
2026-04-15 15:00,ord-001029,buy,73927.51,1776268104824,0,0,0,,,,0,cancelled
2026-04-15 15:00,ord-001030,sell,73931.52,1776268104824,0,0,0,,,,0,cancelled
2026-04-15 15:00,ord-001031,buy,73929.37,1776268109824,0,0,0,,,,0,cancelled
2026-04-15 15:00,ord-001032,sell,73933.38,1776268109824,0,0,0,,,,0,cancelled
2026-04-15 15:00,ord-001033,buy,73929.36,1776268120524,0.00007000,0.00007000,0,,,,0,cancelled
2026-04-15 15:00,ord-001034,sell,73933.37,1776268120524,0,0,0,,,,0,cancelled
2026-04-15 15:00,ord-001035,buy,73915.64,1776268125524,0,0,0,,,,0,cancelled
2026-04-15 15:00,ord-001036,sell,73919.65,1776268125524,0,0,0,,,,0,cancelled
2026-04-15 15:00,ord-001037,buy,73896.00,1776268130524,0.00120000,0,0,,,,0,cancelled
2026-04-15 15:00,ord-001038,sell,73900.01,1776268130524,0,0,0,,,,0,cancelled
2026-04-15 15:00,ord-001039,buy,73915.58,1776268135524,0,0,0,,,,0,cancelled
2026-04-15 15:00,ord-001040,sell,73919.59,1776268135524,0,0,0,,,,0,cancelled
2026-04-15 15:00,ord-001041,buy,73952.93,1776268140524,0,0,0,,,,0,cancelled
2026-04-15 15:00,ord-001042,sell,73956.94,1776268140524,0,0,0,,,,0,cancelled
2026-04-15 15:00,ord-001043,buy,73950.74,1776268145524,0.01666000,0,0,,,,0,cancelled
2026-04-15 15:00,ord-001044,sell,73954.75,1776268145524,0,0,0,,,,0,cancelled
2026-04-15 15:00,ord-001045,buy,73953.54,1776268150524,0,0,0,,,,0,cancelled
2026-04-15 15:00,ord-001046,sell,73957.55,1776268150524,0,0,0,,,,0,cancelled
2026-04-15 15:00,ord-001047,buy,73950.74,1776268157224,0,0,0,,,,0,cancelled
2026-04-15 15:00,ord-001048,sell,73954.75,1776268157224,0,0,0,,,,0,cancelled
2026-04-15 15:00,ord-001049,buy,73942.38,1776268162225,0,0,0,,,,0,cancelled
2026-04-15 15:00,ord-001050,sell,73946.39,1776268162225,0,0,0,,,,0,cancelled
2026-04-15 15:00,ord-001051,buy,73945.99,1776268171124,0,0,0,,,,0,cancelled
2026-04-15 15:00,ord-001052,sell,73950.00,1776268171124,0.00040000,0,0,,,,0,cancelled
2026-04-15 15:00,ord-001053,buy,73942.38,1776268180124,0,0,0,,,,0,cancelled
2026-04-15 15:00,ord-001054,sell,73946.39,1776268180124,0,0,0,,,,0,cancelled
2026-04-15 15:00,ord-001055,buy,73930.77,1776268185124,0.00007000,0,0,,,,0,cancelled
2026-04-15 15:00,ord-001056,sell,73934.78,1776268185124,0,0,0,,,,0,cancelled
2026-04-15 15:00,ord-001057,buy,73934.50,1776268190124,0,0,0,,,,0,cancelled
2026-04-15 15:00,ord-001058,sell,73938.51,1776268190124,0,0,0,,,,0,cancelled
2026-04-15 15:00,ord-001059,buy,73919.33,1776268195124,0,0,0,,,,0,cancelled
2026-04-15 15:00,ord-001060,sell,73923.34,1776268195124,0,0,0,,,,0,cancelled
2026-04-15 15:00,ord-001061,buy,73912.03,1776268200124,0,0,0,,,,0,cancelled
2026-04-15 15:00,ord-001062,sell,73916.04,1776268200124,0,0,0,,,,0,cancelled
2026-04-15 15:00,ord-001063,buy,73936.49,1776268205124,0,0,0,,,,0,cancelled
2026-04-15 15:00,ord-001064,sell,73940.50,1776268205124,0,0,0,,,,0,cancelled
2026-04-15 15:00,ord-001065,buy,73952.93,1776268210124,0,0,0,,,,0,cancelled
2026-04-15 15:00,ord-001066,sell,73956.94,1776268210124,0,0,0,,,,0,cancelled
2026-04-15 15:00,ord-001067,buy,73957.23,1776268216124,0,0,0,,,,0,cancelled
2026-04-15 15:00,ord-001068,sell,73961.24,1776268216124,0,0,0,,,,0,cancelled
2026-04-15 15:00,ord-001069,buy,73958.07,1776268221124,0,0,0,,,,0,cancelled
2026-04-15 15:00,ord-001070,sell,73962.08,1776268221124,0,0,0,,,,0,cancelled
2026-04-15 15:00,ord-001071,buy,73959.74,1776268226124,0,0,0,,,,0,cancelled
2026-04-15 15:00,ord-001072,sell,73963.75,1776268226124,0,0,0,,,,0,cancelled
2026-04-15 15:00,ord-001073,buy,73965.36,1776268231124,0,0,0,,,,0,cancelled
2026-04-15 15:00,ord-001074,sell,73969.37,1776268231124,0,0,0,,,,0,cancelled
2026-04-15 15:00,ord-001075,buy,73961.70,1776268236124,0,0,0,,,,0,cancelled
2026-04-15 15:00,ord-001076,sell,73965.71,1776268236124,0,0,0,,,,0,cancelled
2026-04-15 15:00,ord-001077,buy,73956.01,1776268241124,0,0,0,,,,0,cancelled
2026-04-15 15:00,ord-001078,sell,73960.02,1776268241124,0,0,0,,,,0,cancelled
2026-04-15 15:00,ord-001079,buy,73966.24,1776268246124,0,0,0,,,,0,cancelled
2026-04-15 15:00,ord-001080,sell,73970.25,1776268246124,0.00899000,0,0,,,,0,cancelled
2026-04-15 15:00,ord-001081,buy,73942.00,1776268251124,0.00120000,0,0,,,,0,cancelled
2026-04-15 15:00,ord-001082,sell,73946.01,1776268251124,0,0,0,,,,0,cancelled
2026-04-15 15:00,ord-001083,buy,73947.04,1776268256124,0,0,0,,,,0,cancelled
2026-04-15 15:00,ord-001084,sell,73951.05,1776268256124,0,0,0,,,,0,cancelled
2026-04-15 15:00,ord-001085,buy,73963.89,1776268261124,0,0,0,,,,0,cancelled
2026-04-15 15:00,ord-001086,sell,73967.90,1776268261124,0,0,0,,,,0,cancelled
2026-04-15 15:00,ord-001087,buy,73989.27,1776268266124,0,0,0,,,,0,cancelled
2026-04-15 15:00,ord-001088,sell,73993.28,1776268266124,0,0,0,,,,0,cancelled
2026-04-15 15:00,ord-001089,buy,73967.72,1776268271124,0,0,0,,,,0,cancelled
2026-04-15 15:00,ord-001090,sell,73971.73,1776268271124,0,0,0,,,,0,cancelled
2026-04-15 15:00,ord-001091,buy,73962.78,1776268277224,0,0,0,,,,0,cancelled
2026-04-15 15:00,ord-001092,sell,73966.79,1776268277224,0,0,0,,,,0,cancelled
2026-04-15 15:00,ord-001093,buy,73962.35,1776268282224,0.57543000,0.00035000,0,,,,0,cancelled
2026-04-15 15:00,ord-001094,sell,73966.36,1776268282224,0,0,0,,,,0,cancelled
2026-04-15 15:00,ord-001095,buy,73955.46,1776268288024,0,0,0,,,,0,cancelled
2026-04-15 15:00,ord-001096,sell,73959.47,1776268288024,0,0,0,,,,0,cancelled
2026-04-15 15:00,ord-001097,buy,73948.00,1776268293024,0.00120000,0.00120000,0,,,,0,cancelled
2026-04-15 15:00,ord-001098,sell,73952.01,1776268293024,0,0,0,,,,0,cancelled
2026-04-15 15:00,ord-001099,buy,73939.07,1776268298024,0,0,0,,,,0,cancelled
2026-04-15 15:00,ord-001100,sell,73943.08,1776268298024,0,0,0,,,,0,cancelled
2026-04-15 15:00,ord-001101,buy,73959.51,1776268303024,0,0,0,,,,0,cancelled
2026-04-15 15:00,ord-001102,sell,73963.52,1776268303024,0,0,0,,,,0,cancelled
2026-04-15 15:00,ord-001103,buy,73959.99,1776268308224,0,0,0,,,,0,cancelled
2026-04-15 15:00,ord-001104,sell,73964.00,1776268308224,0.00120000,0.00120000,0,,,,0,cancelled
2026-04-15 15:00,ord-001105,buy,73966.01,1776268313224,0,0,0,,,,0,cancelled
2026-04-15 15:00,ord-001106,sell,73970.02,1776268313224,0,0,0,,,,0,cancelled
2026-04-15 15:00,ord-001107,buy,73963.90,1776268324224,0,0,0,,,,0,cancelled
2026-04-15 15:00,ord-001108,sell,73967.91,1776268324224,0,0,0,,,,0,cancelled
2026-04-15 15:00,ord-001109,buy,73946.00,1776268329224,0.00120000,0.00120000,0,,,,0,cancelled
2026-04-15 15:00,ord-001110,sell,73950.01,1776268329224,0,0,0,,,,0,cancelled
2026-04-15 15:00,ord-001111,buy,73935.19,1776268334224,0,0,0,,,,0,cancelled
2026-04-15 15:00,ord-001112,sell,73939.20,1776268334224,0,0,0,,,,0,cancelled
2026-04-15 15:00,ord-001113,buy,73940.28,1776268339224,0,0,0,,,,0,cancelled
2026-04-15 15:00,ord-001114,sell,73944.29,1776268339224,0,0,0,,,,0,cancelled
2026-04-15 15:00,ord-001115,buy,73961.74,1776268344224,0,0,0,,,,0,cancelled
2026-04-15 15:00,ord-001116,sell,73965.75,1776268344224,0,0,0,,,,0,cancelled
2026-04-15 15:00,ord-001117,buy,73971.99,1776268349224,0,0,0,,,,0,cancelled
2026-04-15 15:00,ord-001118,sell,73976.00,1776268349224,0.00120000,0,0,,,,0,cancelled
2026-04-15 15:00,ord-001119,buy,73969.84,1776268354324,0,0,0,,,,0,cancelled
2026-04-15 15:00,ord-001120,sell,73973.85,1776268354324,0,0,0,,,,0,cancelled
2026-04-15 15:00,ord-001121,buy,73952.30,1776268359324,0,0,0,,,,0,cancelled
2026-04-15 15:00,ord-001122,sell,73956.31,1776268359324,0,0,0,,,,0,cancelled
2026-04-15 15:00,ord-001123,buy,73959.42,1776268364324,0,0,0,,,,0,cancelled
2026-04-15 15:00,ord-001124,sell,73963.43,1776268364324,0,0,0,,,,0,cancelled
2026-04-15 15:00,ord-001125,buy,73958.90,1776268369324,0,0,0,,,,0,cancelled
2026-04-15 15:00,ord-001126,sell,73962.91,1776268369324,0,0,0,,,,0,cancelled
2026-04-15 15:00,ord-001127,buy,73971.99,1776268374324,0.11541000,0,0,,,,0,cancelled
2026-04-15 15:00,ord-001128,sell,73976.00,1776268374324,0.00120000,0.00120000,0,,,,0,cancelled
2026-04-15 15:00,ord-001129,buy,73975.13,1776268379324,0,0,0,,,,0,cancelled
2026-04-15 15:00,ord-001130,sell,73979.14,1776268379324,0,0,0,,,,0,cancelled
2026-04-15 15:00,ord-001131,buy,73966.31,1776268384324,0,0,0,,,,0,cancelled
2026-04-15 15:00,ord-001132,sell,73970.32,1776268384324,0,0,0,,,,0,cancelled
2026-04-15 15:00,ord-001133,buy,73960.00,1776268389325,0.00120000,0.00120000,0,,,,0,cancelled
2026-04-15 15:00,ord-001134,sell,73964.01,1776268389325,0.36232000,0,0,,,,0,cancelled
2026-04-15 15:00,ord-001135,buy,73953.27,1776268394424,0,0,0,,,,0,cancelled
2026-04-15 15:00,ord-001136,sell,73957.28,1776268394424,0,0,0,,,,0,cancelled
2026-04-15 15:00,ord-001137,buy,73938.05,1776268399424,0,0,0,,,,0,cancelled
2026-04-15 15:00,ord-001138,sell,73942.06,1776268399424,0,0,0,,,,0,cancelled
2026-04-15 15:00,ord-001139,buy,73932.70,1776268404424,0,0,0,,,,0,cancelled
2026-04-15 15:00,ord-001140,sell,73936.71,1776268404424,0,0,0,,,,0,cancelled
2026-04-15 15:00,ord-001141,buy,73922.94,1776268409424,0,0,0,,,,0,cancelled
2026-04-15 15:00,ord-001142,sell,73926.95,1776268409424,0,0,0,,,,0,cancelled
2026-04-15 15:00,ord-001143,buy,73915.57,1776268414424,0,0,0,1776268416115,0,0,0.00044000,cancelled
2026-04-15 15:00,ord-001144,sell,73919.58,1776268414424,0,0,0,,,,0,cancelled
2026-04-15 15:00,ord-001145,buy,73908.59,1776268419424,0,0,0,,,,0,cancelled
2026-04-15 15:00,ord-001146,sell,73912.60,1776268419424,0,0,0,,,,0,cancelled
2026-04-15 15:00,ord-001147,buy,73882.20,1776268424424,0,0,0,,,,0,cancelled
2026-04-15 15:00,ord-001148,sell,73886.21,1776268424424,0,0,0,,,,0,cancelled
2026-04-15 15:00,ord-001149,buy,73905.50,1776268429424,0,0,0,,,,0,cancelled
2026-04-15 15:00,ord-001150,sell,73909.51,1776268429424,0,0,0,,,,0,cancelled
2026-04-15 15:00,ord-001151,buy,73915.97,1776268434424,0,0,0,,,,0,cancelled
2026-04-15 15:00,ord-001152,sell,73919.98,1776268434424,0,0,0,,,,0,cancelled
2026-04-15 15:00,ord-001153,buy,73911.44,1776268439424,0,0,0,,,,0,cancelled
2026-04-15 15:00,ord-001154,sell,73915.45,1776268439424,0,0,0,,,,0,cancelled
2026-04-15 15:00,ord-001155,buy,73907.94,1776268446424,0,0,0,,,,0,cancelled
2026-04-15 15:00,ord-001156,sell,73911.95,1776268446424,0,0,0,,,,0,cancelled
2026-04-15 15:00,ord-001157,buy,73904.76,1776268452224,0,0,0,,,,0,cancelled
2026-04-15 15:00,ord-001158,sell,73908.77,1776268452224,0,0,0,,,,0,cancelled
2026-04-15 15:00,ord-001159,buy,73896.73,1776268457224,0,0,0,,,,0,cancelled
2026-04-15 15:00,ord-001160,sell,73900.74,1776268457224,0,0,0,,,,0,cancelled
2026-04-15 15:00,ord-001161,buy,73895.37,1776268463924,0,0,0,,,,0,cancelled
2026-04-15 15:00,ord-001162,sell,73899.38,1776268463924,0,0,0,,,,0,cancelled
2026-04-15 15:00,ord-001163,buy,73895.38,1776268468924,0,0,0,,,,0,cancelled
2026-04-15 15:00,ord-001164,sell,73899.39,1776268468924,0,0,0,,,,0,cancelled
2026-04-15 15:00,ord-001165,buy,73888.02,1776268473924,0,0,0,,,,0,cancelled
2026-04-15 15:00,ord-001166,sell,73892.03,1776268473924,0,0,0,,,,0,cancelled
2026-04-15 15:00,ord-001167,buy,73882.33,1776268479224,0,0,0,,,,0,cancelled
2026-04-15 15:00,ord-001168,sell,73886.34,1776268479224,0,0,0,,,,0,cancelled
2026-04-15 15:00,ord-001169,buy,73878.92,1776268484224,0,0,0,,,,0,cancelled
2026-04-15 15:00,ord-001170,sell,73882.93,1776268484224,0,0,0,,,,0,cancelled
2026-04-15 15:00,ord-001171,buy,73848.00,1776268489224,0.00120000,0.00120000,0,,,,0,cancelled
2026-04-15 15:00,ord-001172,sell,73852.01,1776268489224,0,0,0,,,,0,cancelled
2026-04-15 15:00,ord-001173,buy,73837.39,1776268494224,0,0,0,,,,0,cancelled
2026-04-15 15:00,ord-001174,sell,73841.40,1776268494224,0,0,0,,,,0,cancelled
2026-04-15 15:00,ord-001175,buy,73836.57,1776268501524,0,0,0,,,,0,cancelled
2026-04-15 15:00,ord-001176,sell,73840.58,1776268501524,0,0,0,,,,0,cancelled
2026-04-15 15:00,ord-001177,buy,73830.84,1776268509224,0,0,0,,,,0,cancelled
2026-04-15 15:00,ord-001178,sell,73834.85,1776268509224,0,0,0,,,,0,cancelled
2026-04-15 15:00,ord-001179,buy,73819.94,1776268514224,0,0,0,,,,0,cancelled
2026-04-15 15:00,ord-001180,sell,73823.95,1776268514224,0,0,0,,,,0,cancelled
2026-04-15 15:00,ord-001181,buy,73822.04,1776268519224,0,0,0,,,,0,cancelled
2026-04-15 15:00,ord-001182,sell,73826.05,1776268519224,0,0,0,,,,0,cancelled
2026-04-15 15:00,ord-001183,buy,73826.44,1776268524224,0,0,0,,,,0,cancelled
2026-04-15 15:00,ord-001184,sell,73830.45,1776268524224,0,0,0,,,,0,cancelled
2026-04-15 15:00,ord-001185,buy,73755.71,1776268529224,0,0,0,,,,0,cancelled
2026-04-15 15:00,ord-001186,sell,73759.72,1776268529224,0,0,0,,,,0,cancelled
2026-04-15 15:00,ord-001187,buy,73742.98,1776268534224,0,0,0,,,,0,cancelled
2026-04-15 15:00,ord-001188,sell,73746.99,1776268534224,0,0,0,,,,0,cancelled
2026-04-15 15:00,ord-001189,buy,73745.85,1776268539224,0,0,0,,,,0,cancelled
2026-04-15 15:00,ord-001190,sell,73749.86,1776268539224,0,0,0,,,,0,cancelled
2026-04-15 15:00,ord-001191,buy,73746.74,1776268549124,0,0,0,,,,0,cancelled
2026-04-15 15:00,ord-001192,sell,73750.75,1776268549124,0,0,0,,,,0,cancelled
2026-04-15 15:00,ord-001193,buy,73751.87,1776268554124,0,0,0,,,,0,cancelled
2026-04-15 15:00,ord-001194,sell,73755.88,1776268554124,0,0,0,,,,0,cancelled
2026-04-15 15:00,ord-001195,buy,73757.99,1776268559124,0,0,0,,,,0,cancelled
2026-04-15 15:00,ord-001196,sell,73762.00,1776268559124,0.00120000,0,0,,,,0,cancelled
2026-04-15 15:00,ord-001197,buy,73744.11,1776268564124,0,0,0,,,,0,cancelled
2026-04-15 15:00,ord-001198,sell,73748.12,1776268564124,0,0,0,,,,0,cancelled
2026-04-15 15:00,ord-001199,buy,73742.99,1776268569124,0,0,0,,,,0,cancelled
2026-04-15 15:00,ord-001200,sell,73747.00,1776268569124,0,0,0,,,,0,cancelled
2026-04-15 15:00,ord-001201,buy,73762.13,1776268574124,0,0,0,,,,0,cancelled
2026-04-15 15:00,ord-001202,sell,73766.14,1776268574124,0,0,0,,,,0,cancelled
2026-04-15 15:00,ord-001203,buy,73784.11,1776268579125,0,0,0,,,,0,cancelled
2026-04-15 15:00,ord-001204,sell,73788.12,1776268579125,0,0,0,,,,0,cancelled
2026-04-15 15:00,ord-001205,buy,73793.33,1776268584224,0,0,0,,,,0,cancelled
2026-04-15 15:00,ord-001206,sell,73797.34,1776268584224,0,0,0,,,,0,cancelled
2026-04-15 15:00,ord-001207,buy,73801.95,1776268589224,0,0,0,,,,0,cancelled
2026-04-15 15:00,ord-001208,sell,73805.96,1776268589224,0,0,0,,,,0,cancelled
2026-04-15 15:00,ord-001209,buy,73809.18,1776268594224,0,0,0,,,,0,cancelled
2026-04-15 15:00,ord-001210,sell,73813.19,1776268594224,0,0,0,,,,0,cancelled
2026-04-15 15:00,ord-001211,buy,73809.95,1776268603924,0,0,0,,,,0,cancelled
2026-04-15 15:00,ord-001212,sell,73813.96,1776268603924,0,0,0,,,,0,cancelled
2026-04-15 15:00,ord-001213,buy,73816.62,1776268610924,0,0,0,,,,0,cancelled
2026-04-15 15:00,ord-001214,sell,73820.63,1776268610924,0,0,0,,,,0,cancelled
2026-04-15 15:00,ord-001215,buy,73809.96,1776268615924,0,0,0,,,,0,cancelled
2026-04-15 15:00,ord-001216,sell,73813.97,1776268615924,0,0,0,,,,0,cancelled
2026-04-15 15:00,ord-001217,buy,73809.18,1776268620924,0,0,0,,,,0,cancelled
2026-04-15 15:00,ord-001218,sell,73813.19,1776268620924,0,0,0,,,,0,cancelled
2026-04-15 15:00,ord-001219,buy,73815.99,1776268625925,0,0,0,,,,0,cancelled
2026-04-15 15:00,ord-001220,sell,73820.00,1776268625925,0.00120000,0.00120000,0,,,,0,cancelled
2026-04-15 15:00,ord-001221,buy,73819.91,1776268631524,0,0,0,,,,0,cancelled
2026-04-15 15:00,ord-001222,sell,73823.92,1776268631524,0,0,0,,,,0,cancelled
2026-04-15 15:00,ord-001223,buy,73827.11,1776268636824,0,0,0,,,,0,cancelled
2026-04-15 15:00,ord-001224,sell,73831.12,1776268636824,0,0,0,,,,0,cancelled
2026-04-15 15:00,ord-001225,buy,73821.59,1776268641824,0,0,0,,,,0,cancelled
2026-04-15 15:00,ord-001226,sell,73825.60,1776268641824,0,0,0,,,,0,cancelled
2026-04-15 15:00,ord-001227,buy,73824.69,1776268650024,0,0,0,,,,0,cancelled
2026-04-15 15:00,ord-001228,sell,73828.70,1776268650024,0,0,0,,,,0,cancelled
2026-04-15 15:00,ord-001229,buy,73830.11,1776268655024,0,0,0,,,,0,cancelled
2026-04-15 15:00,ord-001230,sell,73834.12,1776268655024,0,0,0,,,,0,cancelled
2026-04-15 15:00,ord-001231,buy,73825.90,1776268662824,0,0,0,,,,0,cancelled
2026-04-15 15:00,ord-001232,sell,73829.91,1776268662824,0,0,0,,,,0,cancelled
2026-04-15 15:00,ord-001233,buy,73823.99,1776268667824,0,0,0,,,,0,cancelled
2026-04-15 15:00,ord-001234,sell,73828.00,1776268667824,0.00120000,0,0,,,,0,cancelled
2026-04-15 15:00,ord-001235,buy,73825.89,1776268672824,0,0,0,,,,0,cancelled
2026-04-15 15:00,ord-001236,sell,73829.90,1776268672824,0,0,0,,,,0,cancelled
2026-04-15 15:00,ord-001237,buy,73833.94,1776268677824,0,0,0,,,,0,cancelled
2026-04-15 15:00,ord-001238,sell,73837.95,1776268677824,0,0,0,,,,0,cancelled
2026-04-15 15:00,ord-001239,buy,73820.29,1776268682824,0,0,0,,,,0,cancelled
2026-04-15 15:00,ord-001240,sell,73824.30,1776268682824,0,0,0,,,,0,cancelled
2026-04-15 15:00,ord-001241,buy,73810.69,1776268687824,0,0,0,,,,0,cancelled
2026-04-15 15:00,ord-001242,sell,73814.70,1776268687824,0,0,0,,,,0,cancelled
2026-04-15 15:00,ord-001243,buy,73814.08,1776268692824,0,0,0,,,,0,cancelled
2026-04-15 15:00,ord-001244,sell,73818.09,1776268692824,0,0,0,,,,0,cancelled
2026-04-15 15:00,ord-001245,buy,73812.23,1776268719324,0,0,0,,,,0,cancelled
2026-04-15 15:00,ord-001246,sell,73816.24,1776268719324,0,0,0,,,,0,cancelled
2026-04-15 15:00,ord-001247,buy,73826.21,1776268724324,0,0,0,,,,0,cancelled
2026-04-15 15:00,ord-001248,sell,73830.22,1776268724324,0,0,0,,,,0,cancelled
2026-04-15 15:00,ord-001249,buy,73807.42,1776268729324,0,0,0,,,,0,cancelled
2026-04-15 15:00,ord-001250,sell,73811.43,1776268729324,0,0,0,,,,0,cancelled
2026-04-15 15:00,ord-001251,buy,73806.06,1776268734324,0,0,0,,,,0,cancelled
2026-04-15 15:00,ord-001252,sell,73810.07,1776268734324,0,0,0,,,,0,cancelled
2026-04-15 15:00,ord-001253,buy,73791.77,1776268739324,0,0,0,,,,0,cancelled
2026-04-15 15:00,ord-001254,sell,73795.78,1776268739324,0,0,0,,,,0,cancelled
2026-04-15 15:00,ord-001255,buy,73793.94,1776268744324,0,0,0,,,,0,cancelled
2026-04-15 15:00,ord-001256,sell,73797.95,1776268744324,0,0,0,,,,0,cancelled
2026-04-15 15:00,ord-001257,buy,73797.99,1776268749324,0.47214000,0,0,,,,0,cancelled
2026-04-15 15:00,ord-001258,sell,73802.00,1776268749324,0.00120000,0.00120000,0,,,,0,cancelled
2026-04-15 15:00,ord-001259,buy,73805.36,1776268754324,0,0,0,,,,0,cancelled
2026-04-15 15:00,ord-001260,sell,73809.37,1776268754324,0,0,0,,,,0,cancelled
2026-04-15 15:00,ord-001261,buy,73806.60,1776268759324,0,0,0,,,,0,cancelled
2026-04-15 15:00,ord-001262,sell,73810.61,1776268759324,0,0,0,,,,0,cancelled
2026-04-15 15:00,ord-001263,buy,73804.23,1776268764324,0,0,0,,,,0,cancelled
2026-04-15 15:00,ord-001264,sell,73808.24,1776268764324,0,0,0,,,,0,cancelled
2026-04-15 15:00,ord-001265,buy,73833.93,1776268769324,0,0,0,,,,0,cancelled
2026-04-15 15:00,ord-001266,sell,73837.94,1776268769324,0,0,0,,,,0,cancelled
2026-04-15 15:00,ord-001267,buy,73840.85,1776268775124,0,0,0,,,,0,cancelled
2026-04-15 15:00,ord-001268,sell,73844.86,1776268775124,0,0,0,,,,0,cancelled
2026-04-15 15:00,ord-001269,buy,73840.75,1776268790324,0,0,0,,,,0,cancelled
2026-04-15 15:00,ord-001270,sell,73844.76,1776268790324,0,0,0,,,,0,cancelled
2026-04-15 15:00,ord-001271,buy,73838.20,1776268795324,0,0,0,,,,0,expired
2026-04-15 15:00,ord-001272,sell,73842.21,1776268795324,0,0,0,,,,0,expired
2026-04-15 16:00,ord-000001,buy,73838.20,1776268800224,0,0,0,,,,0,cancelled
2026-04-15 16:00,ord-000002,sell,73842.21,1776268800224,0,0,0,,,,0,cancelled
2026-04-15 16:00,ord-000003,buy,73802.10,1776268805224,0,0,0,,,,0,cancelled
2026-04-15 16:00,ord-000004,sell,73806.11,1776268805224,0,0,0,,,,0,cancelled
2026-04-15 16:00,ord-000005,buy,73772.28,1776268810224,0,0,0,,,,0,cancelled
2026-04-15 16:00,ord-000006,sell,73776.29,1776268810224,0,0,0,,,,0,cancelled
2026-04-15 16:00,ord-000007,buy,73774.00,1776268815224,0.00087000,0.00080000,0,,,,0,cancelled
2026-04-15 16:00,ord-000008,sell,73778.01,1776268815224,0,0,0,,,,0,cancelled
2026-04-15 16:00,ord-000009,buy,73768.31,1776268820824,0,0,0,,,,0,cancelled
2026-04-15 16:00,ord-000010,sell,73772.32,1776268820824,0,0,0,,,,0,cancelled
2026-04-15 16:00,ord-000011,buy,73760.97,1776268825824,0,0,0,,,,0,cancelled
2026-04-15 16:00,ord-000012,sell,73764.98,1776268825824,0,0,0,,,,0,cancelled
2026-04-15 16:00,ord-000013,buy,73764.74,1776268830824,0,0,0,,,,0,cancelled
2026-04-15 16:00,ord-000014,sell,73768.75,1776268830824,0.00300000,0,0,,,,0,cancelled
2026-04-15 16:00,ord-000015,buy,73779.75,1776268835824,0,0,0,,,,0,cancelled
2026-04-15 16:00,ord-000016,sell,73783.76,1776268835824,0,0,0,,,,0,cancelled
2026-04-15 16:00,ord-000017,buy,73789.30,1776268840824,0.00007000,0.00007000,0,,,,0,cancelled
2026-04-15 16:00,ord-000018,sell,73793.31,1776268840824,0,0,0,,,,0,cancelled
2026-04-15 16:00,ord-000019,buy,73787.18,1776268845824,0,0,0,,,,0,cancelled
2026-04-15 16:00,ord-000020,sell,73791.19,1776268845824,0,0,0,,,,0,cancelled
2026-04-15 16:00,ord-000021,buy,73796.37,1776268850824,0,0,0,,,,0,cancelled
2026-04-15 16:00,ord-000022,sell,73800.38,1776268850824,0,0,0,,,,0,cancelled
2026-04-15 16:00,ord-000023,buy,73790.01,1776268856824,0,0,0,,,,0,cancelled
2026-04-15 16:00,ord-000024,sell,73794.02,1776268856824,0,0,0,,,,0,cancelled
2026-04-15 16:00,ord-000025,buy,73796.37,1776268861824,0,0,0,,,,0,cancelled
2026-04-15 16:00,ord-000026,sell,73800.38,1776268861824,0,0,0,,,,0,cancelled
2026-04-15 16:00,ord-000027,buy,73797.99,1776268866824,0.00027000,0,0,,,,0,cancelled
2026-04-15 16:00,ord-000028,sell,73802.00,1776268866824,0.00120000,0.00120000,0,,,,0,cancelled
2026-04-15 16:00,ord-000029,buy,73805.97,1776268880024,0,0,0,,,,0,cancelled
2026-04-15 16:00,ord-000030,sell,73809.98,1776268880024,0,0,0,,,,0,cancelled
2026-04-15 16:00,ord-000031,buy,73848.14,1776268885024,0,0,0,,,,0,cancelled
2026-04-15 16:00,ord-000032,sell,73852.15,1776268885024,0,0,0,,,,0,cancelled
2026-04-15 16:00,ord-000033,buy,73865.99,1776268890024,0,0,0,,,,0,cancelled
2026-04-15 16:00,ord-000034,sell,73870.00,1776268890024,0.00127000,0,0,,,,0,cancelled
2026-04-15 16:00,ord-000035,buy,73867.17,1776268895324,0,0,0,,,,0,cancelled
2026-04-15 16:00,ord-000036,sell,73871.18,1776268895324,0,0,0,,,,0,cancelled
2026-04-15 16:00,ord-000037,buy,73880.51,1776268900324,0,0,0,,,,0,cancelled
2026-04-15 16:00,ord-000038,sell,73884.52,1776268900324,0,0,0,,,,0,cancelled
2026-04-15 16:00,ord-000039,buy,73867.99,1776268905324,0,0,0,,,,0,cancelled
2026-04-15 16:00,ord-000040,sell,73872.00,1776268905324,0,0,0,,,,0,cancelled
2026-04-15 16:00,ord-000041,buy,73874.04,1776268913824,0,0,0,,,,0,cancelled
2026-04-15 16:00,ord-000042,sell,73878.05,1776268913824,0,0,0,,,,0,cancelled
2026-04-15 16:00,ord-000043,buy,73880.51,1776268918824,0,0,0,,,,0,cancelled
2026-04-15 16:00,ord-000044,sell,73884.52,1776268918824,0,0,0,,,,0,cancelled
2026-04-15 16:00,ord-000045,buy,73906.53,1776268923824,0,0,0,,,,0,cancelled
2026-04-15 16:00,ord-000046,sell,73910.54,1776268923824,0,0,0,,,,0,cancelled
2026-04-15 16:00,ord-000047,buy,73947.99,1776268928824,0,0,0,,,,0,cancelled
2026-04-15 16:00,ord-000048,sell,73952.00,1776268928824,0.00120000,0.00120000,0,,,,0,cancelled
2026-04-15 16:00,ord-000049,buy,73953.86,1776268933824,0,0,0,,,,0,cancelled
2026-04-15 16:00,ord-000050,sell,73957.87,1776268933824,0,0,0,,,,0,cancelled
2026-04-15 16:00,ord-000051,buy,73932.00,1776268938824,0.00120000,0,0,,,,0,cancelled
2026-04-15 16:00,ord-000052,sell,73936.01,1776268938824,0.44639000,0,0,,,,0,cancelled
2026-04-15 16:00,ord-000053,buy,73948.83,1776268943824,0,0,0,,,,0,cancelled
2026-04-15 16:00,ord-000054,sell,73952.84,1776268943824,0.00007000,0,0,,,,0,cancelled
2026-04-15 16:00,ord-000055,buy,73939.38,1776268948824,0,0,0,,,,0,cancelled
2026-04-15 16:00,ord-000056,sell,73943.39,1776268948824,0,0,0,,,,0,cancelled
2026-04-15 16:00,ord-000057,buy,73932.00,1776268953824,0.00136000,0,0,,,,0,cancelled
2026-04-15 16:00,ord-000058,sell,73936.01,1776268953824,0,0,0,,,,0,cancelled
2026-04-15 16:00,ord-000059,buy,73930.77,1776268958824,0,0,0,,,,0,cancelled
2026-04-15 16:00,ord-000060,sell,73934.78,1776268958824,0,0,0,,,,0,cancelled
2026-04-15 16:00,ord-000061,buy,73937.10,1776268963824,0,0,0,,,,0,cancelled
2026-04-15 16:00,ord-000062,sell,73941.11,1776268963824,0,0,0,,,,0,cancelled
2026-04-15 16:00,ord-000063,buy,73932.46,1776268970024,0,0,0,,,,0,cancelled
2026-04-15 16:00,ord-000064,sell,73936.47,1776268970024,0,0,0,,,,0,cancelled
2026-04-15 16:00,ord-000065,buy,73920.00,1776268975024,0.00120000,0.00120000,0,,,,0,cancelled
2026-04-15 16:00,ord-000066,sell,73924.01,1776268975024,0,0,0,,,,0,cancelled
2026-04-15 16:00,ord-000067,buy,73912.00,1776268980024,0.00120000,0,0,,,,0,cancelled
2026-04-15 16:00,ord-000068,sell,73916.01,1776268980024,0,0,0,,,,0,cancelled
2026-04-15 16:00,ord-000069,buy,73926.00,1776268985024,0,0,0,,,,0,cancelled
2026-04-15 16:00,ord-000070,sell,73930.01,1776268985024,0,0,0,,,,0,cancelled
2026-04-15 16:00,ord-000071,buy,73932.46,1776268999124,0,0,0,,,,0,cancelled
2026-04-15 16:00,ord-000072,sell,73936.47,1776268999124,0,0,0,,,,0,cancelled
2026-04-15 16:00,ord-000073,buy,73938.00,1776269004124,0.00080000,0,0,,,,0,cancelled
2026-04-15 16:00,ord-000074,sell,73942.01,1776269004124,0,0,0,,,,0,cancelled
2026-04-15 16:00,ord-000075,buy,73943.73,1776269015825,0,0,0,,,,0,cancelled
2026-04-15 16:00,ord-000076,sell,73947.74,1776269015825,0,0,0,,,,0,cancelled
2026-04-15 16:00,ord-000077,buy,73962.57,1776269020924,0,0,0,,,,0,cancelled
2026-04-15 16:00,ord-000078,sell,73966.58,1776269020924,0,0,0,,,,0,cancelled
2026-04-15 16:00,ord-000079,buy,73959.78,1776269026324,0,0,0,,,,0,cancelled
2026-04-15 16:00,ord-000080,sell,73963.79,1776269026324,0,0,0,,,,0,cancelled
2026-04-15 16:00,ord-000081,buy,73957.86,1776269031324,0,0,0,,,,0,cancelled
2026-04-15 16:00,ord-000082,sell,73961.87,1776269031324,0,0,0,,,,0,cancelled
2026-04-15 16:00,ord-000083,buy,73959.38,1776269036624,0,0,0,,,,0,cancelled
2026-04-15 16:00,ord-000084,sell,73963.39,1776269036624,0,0,0,,,,0,cancelled
2026-04-15 16:00,ord-000085,buy,73967.71,1776269041624,0,0,0,,,,0,cancelled
2026-04-15 16:00,ord-000086,sell,73971.72,1776269041624,0,0,0,,,,0,cancelled
2026-04-15 16:00,ord-000087,buy,73963.66,1776269046624,0,0,0,,,,0,cancelled
2026-04-15 16:00,ord-000088,sell,73967.67,1776269046624,0,0,0,,,,0,cancelled
2026-04-15 16:00,ord-000089,buy,73973.97,1776269051624,0,0,0,,,,0,cancelled
2026-04-15 16:00,ord-000090,sell,73977.98,1776269051624,0,0,0,,,,0,cancelled
2026-04-15 16:00,ord-000091,buy,73930.16,1776269056624,0,0,0,,,,0,cancelled
2026-04-15 16:00,ord-000092,sell,73934.17,1776269056624,0,0,0,,,,0,cancelled
2026-04-15 16:00,ord-000093,buy,73937.99,1776269061624,0,0,0,,,,0,cancelled
2026-04-15 16:00,ord-000094,sell,73942.00,1776269061624,0.00120000,0,0,,,,0,cancelled
2026-04-15 16:00,ord-000095,buy,73926.24,1776269066624,0,0,0,,,,0,cancelled
2026-04-15 16:00,ord-000096,sell,73930.25,1776269066624,0,0,0,,,,0,cancelled
2026-04-15 16:00,ord-000097,buy,73922.00,1776269071624,0.00285000,0.00100000,0,,,,0,cancelled
2026-04-15 16:00,ord-000098,sell,73926.01,1776269071624,0,0,0,,,,0,cancelled
2026-04-15 16:00,ord-000099,buy,73920.00,1776269076624,0.00129000,0,0,,,,0,cancelled
2026-04-15 16:00,ord-000100,sell,73924.01,1776269076624,0.00337000,0.00337000,0,1776269080346,0.00337000,0.00000000,0.00035000,cancelled
2026-04-15 16:00,ord-000101,buy,73932.24,1776269081624,0,0,0,,,,0,cancelled
2026-04-15 16:00,ord-000102,sell,73936.25,1776269081624,0,0,0,,,,0,cancelled
2026-04-15 16:00,ord-000103,buy,73943.41,1776269086624,0,0,0,,,,0,cancelled
2026-04-15 16:00,ord-000104,sell,73947.42,1776269086624,0,0,0,,,,0,cancelled
2026-04-15 16:00,ord-000105,buy,73943.99,1776269094026,0,0,0,,,,0,cancelled
2026-04-15 16:00,ord-000106,sell,73948.00,1776269094026,0.00120000,0.00120000,0,,,,0,cancelled
2026-04-15 16:00,ord-000107,buy,73952.93,1776269099124,0,0,0,,,,0,cancelled
2026-04-15 16:00,ord-000108,sell,73956.94,1776269099124,0,0,0,,,,0,cancelled
2026-04-15 16:00,ord-000109,buy,73948.54,1776269104124,0,0,0,,,,0,cancelled
2026-04-15 16:00,ord-000110,sell,73952.55,1776269104124,0,0,0,,,,0,cancelled
2026-04-15 16:00,ord-000111,buy,73947.78,1776269114824,0,0,0,,,,0,cancelled
2026-04-15 16:00,ord-000112,sell,73951.79,1776269114824,0,0,0,,,,0,cancelled
2026-04-15 16:00,ord-000113,buy,73916.27,1776269119824,0,0,0,,,,0,cancelled
2026-04-15 16:00,ord-000114,sell,73920.28,1776269119824,0,0,0,,,,0,cancelled
2026-04-15 16:00,ord-000115,buy,73911.57,1776269124824,0,0,0,,,,0,cancelled
2026-04-15 16:00,ord-000116,sell,73915.58,1776269124824,0,0,0,,,,0,cancelled
2026-04-15 16:00,ord-000117,buy,73912.80,1776269141225,0,0,0,,,,0,cancelled
2026-04-15 16:00,ord-000118,sell,73916.81,1776269141225,0,0,0,,,,0,cancelled
2026-04-15 16:00,ord-000119,buy,73931.91,1776269146324,0,0,0,,,,0,cancelled
2026-04-15 16:00,ord-000120,sell,73935.92,1776269146324,0,0,0,,,,0,cancelled
2026-04-15 16:00,ord-000121,buy,73941.91,1776269151324,0,0,0,,,,0,cancelled
2026-04-15 16:00,ord-000122,sell,73945.92,1776269151324,0,0,0,,,,0,cancelled
2026-04-15 16:00,ord-000123,buy,73947.96,1776269156324,0,0,0,,,,0,cancelled
2026-04-15 16:00,ord-000124,sell,73951.97,1776269156324,0,0,0,,,,0,cancelled
2026-04-15 16:00,ord-000125,buy,73952.93,1776269161324,0,0,0,,,,0,cancelled
2026-04-15 16:00,ord-000126,sell,73956.94,1776269161324,0,0,0,,,,0,cancelled
2026-04-15 16:00,ord-000127,buy,73965.63,1776269166324,0,0,0,,,,0,cancelled
2026-04-15 16:00,ord-000128,sell,73969.64,1776269166324,0,0,0,,,,0,cancelled
2026-04-15 16:00,ord-000129,buy,73974.62,1776269171324,0,0,0,,,,0,cancelled
2026-04-15 16:00,ord-000130,sell,73978.63,1776269171324,0,0,0,,,,0,cancelled
2026-04-15 16:00,ord-000131,buy,73953.54,1776269176324,0,0,0,,,,0,cancelled
2026-04-15 16:00,ord-000132,sell,73957.55,1776269176324,0,0,0,,,,0,cancelled
2026-04-15 16:00,ord-000133,buy,73942.74,1776269187624,0,0,0,,,,0,cancelled
2026-04-15 16:00,ord-000134,sell,73946.75,1776269187624,0,0,0,,,,0,cancelled
2026-04-15 16:00,ord-000135,buy,73946.10,1776269192624,0,0,0,,,,0,cancelled
2026-04-15 16:00,ord-000136,sell,73950.11,1776269192624,0,0,0,,,,0,cancelled
2026-04-15 16:00,ord-000137,buy,73960.55,1776269197624,0,0,0,,,,0,cancelled
2026-04-15 16:00,ord-000138,sell,73964.56,1776269197624,0,0,0,,,,0,cancelled
2026-04-15 16:00,ord-000139,buy,73953.82,1776269208124,0,0,0,,,,0,cancelled
2026-04-15 16:00,ord-000140,sell,73957.83,1776269208124,0,0,0,,,,0,cancelled
2026-04-15 16:00,ord-000141,buy,73924.00,1776269213124,0.00120000,0.00120000,0,,,,0,cancelled
2026-04-15 16:00,ord-000142,sell,73928.01,1776269213124,0,0,0,,,,0,cancelled
2026-04-15 16:00,ord-000143,buy,73920.41,1776269218124,0,0,0,,,,0,cancelled
2026-04-15 16:00,ord-000144,sell,73924.42,1776269218124,0,0,0,,,,0,cancelled
2026-04-15 16:00,ord-000145,buy,73923.00,1776269223124,0,0,0,,,,0,cancelled
2026-04-15 16:00,ord-000146,sell,73927.01,1776269223124,0,0,0,,,,0,cancelled
2026-04-15 16:00,ord-000147,buy,73930.45,1776269228124,0,0,0,,,,0,cancelled
2026-04-15 16:00,ord-000148,sell,73934.46,1776269228124,0,0,0,,,,0,cancelled
2026-04-15 16:00,ord-000149,buy,73932.69,1776269233124,0,0,0,,,,0,cancelled
2026-04-15 16:00,ord-000150,sell,73936.70,1776269233124,0,0,0,,,,0,cancelled
2026-04-15 16:00,ord-000151,buy,73924.23,1776269238124,0,0,0,,,,0,cancelled
2026-04-15 16:00,ord-000152,sell,73928.24,1776269238124,0,0,0,,,,0,cancelled
2026-04-15 16:00,ord-000153,buy,73927.20,1776269248224,0,0,0,,,,0,cancelled
2026-04-15 16:00,ord-000154,sell,73931.21,1776269248224,0,0,0,,,,0,cancelled
2026-04-15 16:00,ord-000155,buy,73934.01,1776269253224,0,0,0,,,,0,cancelled
2026-04-15 16:00,ord-000156,sell,73938.02,1776269253224,0.20110000,0,0,,,,0,cancelled
2026-04-15 16:00,ord-000157,buy,73932.69,1776269258324,0,0,0,,,,0,cancelled
2026-04-15 16:00,ord-000158,sell,73936.70,1776269258324,0,0,0,,,,0,cancelled
2026-04-15 16:00,ord-000159,buy,73912.19,1776269263324,0,0,0,,,,0,cancelled
2026-04-15 16:00,ord-000160,sell,73916.20,1776269263324,0,0,0,,,,0,cancelled
2026-04-15 16:00,ord-000161,buy,73920.41,1776269268324,0,0,0,,,,0,cancelled
2026-04-15 16:00,ord-000162,sell,73924.42,1776269268324,0,0,0,,,,0,cancelled
2026-04-15 16:00,ord-000163,buy,73930.22,1776269273324,0,0,0,,,,0,cancelled
2026-04-15 16:00,ord-000164,sell,73934.23,1776269273324,0,0,0,,,,0,cancelled
2026-04-15 16:00,ord-000165,buy,73944.82,1776269278324,0,0,0,,,,0,cancelled
2026-04-15 16:00,ord-000166,sell,73948.83,1776269278324,0,0,0,,,,0,cancelled
2026-04-15 16:00,ord-000167,buy,73952.91,1776269283324,0,0,0,,,,0,cancelled
2026-04-15 16:00,ord-000168,sell,73956.92,1776269283324,0,0,0,,,,0,cancelled
2026-04-15 16:00,ord-000169,buy,73961.66,1776269288925,0,0,0,,,,0,cancelled
2026-04-15 16:00,ord-000170,sell,73965.67,1776269288925,0,0,0,,,,0,cancelled
2026-04-15 16:00,ord-000171,buy,73956.29,1776269294024,0,0,0,,,,0,cancelled
2026-04-15 16:00,ord-000172,sell,73960.30,1776269294024,0.00041000,0.00041000,0,1776269296352,0.00009000,0.00000000,0.00100000,filled
2026-04-15 16:00,ord-000173,buy,73958.29,1776269297524,0.26567000,0.00084000,0,,,,0,cancelled
2026-04-15 16:00,ord-000174,sell,73962.30,1776269297524,0,0,0,,,,0,cancelled
2026-04-15 16:00,ord-000175,buy,73958.31,1776269302524,0,0,0,,,,0,cancelled
2026-04-15 16:00,ord-000176,sell,73962.32,1776269302524,0,0,0,,,,0,cancelled
2026-04-15 16:00,ord-000177,buy,73963.29,1776269307524,0,0,0,,,,0,cancelled
2026-04-15 16:00,ord-000178,sell,73967.30,1776269307524,0,0,0,,,,0,cancelled
2026-04-15 16:00,ord-000179,buy,73968.45,1776269312524,0,0,0,,,,0,cancelled
2026-04-15 16:00,ord-000180,sell,73972.46,1776269312524,0,0,0,,,,0,cancelled
2026-04-15 16:00,ord-000181,buy,73963.29,1776269326524,0,0,0,,,,0,cancelled
2026-04-15 16:00,ord-000182,sell,73967.30,1776269326524,0,0,0,,,,0,cancelled
2026-04-15 16:00,ord-000183,buy,73975.13,1776269331524,0,0,0,,,,0,cancelled
2026-04-15 16:00,ord-000184,sell,73979.14,1776269331524,0,0,0,,,,0,cancelled
2026-04-15 16:00,ord-000185,buy,73977.34,1776269336524,0,0,0,,,,0,cancelled
2026-04-15 16:00,ord-000186,sell,73981.35,1776269336524,0,0,0,,,,0,cancelled
2026-04-15 16:00,ord-000187,buy,73956.00,1776269341524,0.00120000,0.00120000,0,,,,0,cancelled
2026-04-15 16:00,ord-000188,sell,73960.01,1776269341524,0.11462000,0.00014000,0,,,,0,cancelled
2026-04-15 16:00,ord-000189,buy,73953.14,1776269346524,0,0,0,,,,0,cancelled
2026-04-15 16:00,ord-000190,sell,73957.15,1776269346524,0,0,0,,,,0,cancelled
2026-04-15 16:00,ord-000191,buy,73957.93,1776269351524,0,0,0,,,,0,cancelled
2026-04-15 16:00,ord-000192,sell,73961.94,1776269351524,0,0,0,,,,0,cancelled
2026-04-15 16:00,ord-000193,buy,73961.84,1776269361524,0,0,0,,,,0,cancelled
2026-04-15 16:00,ord-000194,sell,73965.85,1776269361524,0,0,0,,,,0,cancelled
2026-04-15 16:00,ord-000195,buy,73963.99,1776269366524,0,0,0,,,,0,cancelled
2026-04-15 16:00,ord-000196,sell,73968.00,1776269366524,0.00120000,0,0,,,,0,cancelled
2026-04-15 16:00,ord-000197,buy,73957.93,1776269371524,0,0,0,,,,0,cancelled
2026-04-15 16:00,ord-000198,sell,73961.94,1776269371524,0,0,0,,,,0,cancelled
2026-04-15 16:00,ord-000199,buy,73952.96,1776269376524,0,0,0,,,,0,cancelled
2026-04-15 16:00,ord-000200,sell,73956.97,1776269376524,0,0,0,,,,0,cancelled
2026-04-15 16:00,ord-000201,buy,73930.00,1776269381524,0.00120000,0,0,,,,0,cancelled
2026-04-15 16:00,ord-000202,sell,73934.01,1776269381524,0,0,0,,,,0,cancelled
2026-04-15 16:00,ord-000203,buy,73931.46,1776269391524,0,0,0,,,,0,cancelled
2026-04-15 16:00,ord-000204,sell,73935.47,1776269391524,0,0,0,,,,0,cancelled
2026-04-15 16:00,ord-000205,buy,73946.12,1776269396524,0,0,0,,,,0,cancelled
2026-04-15 16:00,ord-000206,sell,73950.13,1776269396524,0,0,0,,,,0,cancelled
2026-04-15 16:00,ord-000207,buy,73972.69,1776269401524,0,0,0,,,,0,cancelled
2026-04-15 16:00,ord-000208,sell,73976.70,1776269401524,0,0,0,,,,0,cancelled
2026-04-15 16:00,ord-000209,buy,73966.00,1776269406524,0.00120000,0.00120000,0,1776269408790,0.00120000,0.00000000,0.001,filled
2026-04-15 16:00,ord-000210,sell,73970.01,1776269406524,0,0,0,,,,0,cancelled
2026-04-15 16:00,ord-000211,buy,73959.32,1776269408824,0,0,0,,,,0,cancelled
2026-04-15 16:00,ord-000212,sell,73963.33,1776269408824,0,0,0,,,,0,cancelled
2026-04-15 16:00,ord-000213,buy,73953.67,1776269413824,0,0,0,,,,0,cancelled
2026-04-15 16:00,ord-000214,sell,73957.68,1776269413824,0.00007000,0.00007000,0,1776269430936,0.00007000,0.00000000,0.001,filled
2026-04-15 16:00,ord-000215,buy,73956.58,1776269431024,0,0,0,,,,0,cancelled
2026-04-15 16:00,ord-000216,sell,73960.59,1776269431024,0,0,0,,,,0,cancelled
2026-04-15 16:00,ord-000217,buy,73961.07,1776269436024,0,0,0,,,,0,cancelled
2026-04-15 16:00,ord-000218,sell,73965.08,1776269436024,0,0,0,,,,0,cancelled
2026-04-15 16:00,ord-000219,buy,73967.97,1776269441624,0,0,0,,,,0,cancelled
2026-04-15 16:00,ord-000220,sell,73971.98,1776269441624,0,0,0,,,,0,cancelled
2026-04-15 16:00,ord-000221,buy,73972.28,1776269448624,0,0,0,,,,0,cancelled
2026-04-15 16:00,ord-000222,sell,73976.29,1776269448624,0,0,0,,,,0,cancelled
2026-04-15 16:00,ord-000223,buy,73961.77,1776269460926,0,0,0,,,,0,cancelled
2026-04-15 16:00,ord-000224,sell,73965.78,1776269460926,0,0,0,,,,0,cancelled
2026-04-15 16:00,ord-000225,buy,73972.28,1776269466024,0,0,0,,,,0,cancelled
2026-04-15 16:00,ord-000226,sell,73976.29,1776269466024,0,0,0,,,,0,cancelled
2026-04-15 16:00,ord-000227,buy,73975.82,1776269476824,0,0,0,,,,0,cancelled
2026-04-15 16:00,ord-000228,sell,73979.83,1776269476824,0,0,0,,,,0,cancelled
2026-04-15 16:00,ord-000229,buy,74015.62,1776269481824,0,0,0,,,,0,cancelled
2026-04-15 16:00,ord-000230,sell,74019.63,1776269481824,0.00042000,0,0,,,,0,cancelled
2026-04-15 16:00,ord-000231,buy,74006.00,1776269486824,0.00120000,0.00120000,0,1776269488030,0.00062000,0.00000000,0.00007000,cancelled
2026-04-15 16:00,ord-000232,sell,74010.01,1776269486824,0,0,0,,,,0,cancelled
2026-04-15 16:00,ord-000233,buy,73991.18,1776269491824,0,0,0,,,,0,cancelled
2026-04-15 16:00,ord-000234,sell,73995.19,1776269491824,0,0,0,,,,0,cancelled
2026-04-15 16:00,ord-000235,buy,73983.55,1776269496824,0,0,0,,,,0,cancelled
2026-04-15 16:00,ord-000236,sell,73987.56,1776269496824,0,0,0,,,,0,cancelled
2026-04-15 16:00,ord-000237,buy,73968.24,1776269501824,0,0,0,,,,0,cancelled
2026-04-15 16:00,ord-000238,sell,73972.25,1776269501824,0.00300000,0,0,,,,0,cancelled
2026-04-15 16:00,ord-000239,buy,73964.20,1776269506824,0,0,0,,,,0,cancelled
2026-04-15 16:00,ord-000240,sell,73968.21,1776269506824,0,0,0,,,,0,cancelled
2026-04-15 16:00,ord-000241,buy,73961.13,1776269511824,0,0,0,,,,0,cancelled
2026-04-15 16:00,ord-000242,sell,73965.14,1776269511824,0,0,0,,,,0,cancelled
2026-04-15 16:00,ord-000243,buy,73968.59,1776269519024,0,0,0,1776269526701,0,0,0.00028000,cancelled
2026-04-15 16:00,ord-000244,sell,73972.60,1776269519024,0,0,0,,,,0,cancelled
2026-04-15 16:00,ord-000245,buy,73966.00,1776269526724,0.00040000,0.00040000,0,1776269526808,0.00019000,0.00000000,0.00100000,filled
2026-04-15 16:00,ord-000246,sell,73970.01,1776269526724,0.03000000,0,0,,,,0,cancelled
2026-04-15 16:00,ord-000247,buy,73959.51,1776269527024,0,0,0,,,,0,cancelled
2026-04-15 16:00,ord-000248,sell,73963.52,1776269527024,0,0,0,,,,0,cancelled
2026-04-15 16:00,ord-000249,buy,73971.15,1776269532024,0,0,0,,,,0,cancelled
2026-04-15 16:00,ord-000250,sell,73975.16,1776269532024,0,0,0,,,,0,cancelled
2026-04-15 16:00,ord-000251,buy,73982.21,1776269537024,0,0,0,,,,0,cancelled
2026-04-15 16:00,ord-000252,sell,73986.22,1776269537024,0,0,0,,,,0,cancelled
2026-04-15 16:00,ord-000253,buy,73978.44,1776269542124,0,0,0,,,,0,cancelled
2026-04-15 16:00,ord-000254,sell,73982.45,1776269542124,0,0,0,,,,0,cancelled
2026-04-15 16:00,ord-000255,buy,73968.60,1776269547124,0.00023000,0,0,,,,0,cancelled
2026-04-15 16:00,ord-000256,sell,73972.61,1776269547124,0,0,0,,,,0,cancelled
2026-04-15 16:00,ord-000257,buy,73962.00,1776269552124,0.00120000,0.00120000,0,,,,0,cancelled
2026-04-15 16:00,ord-000258,sell,73966.01,1776269552124,0,0,0,,,,0,cancelled
2026-04-15 16:00,ord-000259,buy,73958.39,1776269557124,0,0,0,,,,0,cancelled
2026-04-15 16:00,ord-000260,sell,73962.40,1776269557124,0,0,0,,,,0,cancelled
2026-04-15 16:00,ord-000261,buy,73958.00,1776269568524,0.00120000,0.00120000,0,,,,0,cancelled
2026-04-15 16:00,ord-000262,sell,73962.01,1776269568524,0,0,0,,,,0,cancelled
2026-04-15 16:00,ord-000263,buy,73948.16,1776269573524,0,0,0,,,,0,cancelled
2026-04-15 16:00,ord-000264,sell,73952.17,1776269573524,0,0,0,,,,0,cancelled
2026-04-15 16:00,ord-000265,buy,73936.68,1776269594438,0,0,0,,,,0,cancelled
2026-04-15 16:00,ord-000266,sell,73940.69,1776269594438,0,0,0,,,,0,cancelled
2026-04-15 16:00,ord-000267,buy,73937.63,1776269599524,0,0,0,,,,0,cancelled
2026-04-15 16:00,ord-000268,sell,73941.64,1776269599524,0,0,0,,,,0,cancelled
2026-04-15 16:00,ord-000269,buy,73943.99,1776269604524,0,0,0,,,,0,cancelled
2026-04-15 16:00,ord-000270,sell,73948.00,1776269604524,0.00120000,0.00120000,0,,,,0,cancelled
2026-04-15 16:00,ord-000271,buy,73950.97,1776269609524,0,0,0,,,,0,cancelled
2026-04-15 16:00,ord-000272,sell,73954.98,1776269609524,0,0,0,,,,0,cancelled
2026-04-15 16:00,ord-000273,buy,73968.60,1776269614524,0,0,0,,,,0,cancelled
2026-04-15 16:00,ord-000274,sell,73972.61,1776269614524,0,0,0,,,,0,cancelled
2026-04-15 16:00,ord-000275,buy,73962.17,1776269631824,0,0,0,,,,0,cancelled
2026-04-15 16:00,ord-000276,sell,73966.18,1776269631824,0,0,0,,,,0,cancelled
2026-04-15 16:00,ord-000277,buy,73951.28,1776269636824,0,0,0,,,,0,cancelled
2026-04-15 16:00,ord-000278,sell,73955.29,1776269636824,0,0,0,,,,0,cancelled
2026-04-15 16:00,ord-000279,buy,73953.84,1776269647524,0,0,0,,,,0,cancelled
2026-04-15 16:00,ord-000280,sell,73957.85,1776269647524,0,0,0,,,,0,cancelled
2026-04-15 16:00,ord-000281,buy,73956.55,1776269652524,0,0,0,,,,0,cancelled
2026-04-15 16:00,ord-000282,sell,73960.56,1776269652524,0,0,0,,,,0,cancelled
2026-04-15 16:00,ord-000283,buy,73958.79,1776269659424,0,0,0,,,,0,cancelled
2026-04-15 16:00,ord-000284,sell,73962.80,1776269659424,0,0,0,,,,0,cancelled
2026-04-15 16:00,ord-000285,buy,73958.80,1776269668324,0.00007000,0,0,,,,0,cancelled
2026-04-15 16:00,ord-000286,sell,73962.81,1776269668324,0,0,0,,,,0,cancelled
2026-04-15 16:00,ord-000287,buy,73990.79,1776269673324,0,0,0,,,,0,cancelled
2026-04-15 16:00,ord-000288,sell,73994.80,1776269673324,0,0,0,,,,0,cancelled
2026-04-15 16:00,ord-000289,buy,73988.52,1776269678324,0,0,0,,,,0,cancelled
2026-04-15 16:00,ord-000290,sell,73992.53,1776269678324,0,0,0,,,,0,cancelled
2026-04-15 16:00,ord-000291,buy,73993.99,1776269684824,0.12060000,0,0,,,,0,cancelled
2026-04-15 16:00,ord-000292,sell,73998.00,1776269684824,0.00120000,0.00120000,0,,,,0,cancelled
2026-04-15 16:00,ord-000293,buy,73996.99,1776269689824,0,0,0,,,,0,cancelled
2026-04-15 16:00,ord-000294,sell,74001.00,1776269689824,0,0,0,,,,0,cancelled
2026-04-15 16:00,ord-000295,buy,74000.39,1776269696024,0,0,0,,,,0,cancelled
2026-04-15 16:00,ord-000296,sell,74004.40,1776269696024,0,0,0,,,,0,cancelled
2026-04-15 16:00,ord-000297,buy,74025.86,1776269701024,0,0,0,,,,0,cancelled
2026-04-15 16:00,ord-000298,sell,74029.87,1776269701024,0,0,0,,,,0,cancelled
2026-04-15 16:00,ord-000299,buy,74039.09,1776269706024,0,0,0,,,,0,cancelled
2026-04-15 16:00,ord-000300,sell,74043.10,1776269706024,0,0,0,,,,0,cancelled
2026-04-15 16:00,ord-000301,buy,74039.08,1776269711024,0,0,0,,,,0,cancelled
2026-04-15 16:00,ord-000302,sell,74043.09,1776269711024,0,0,0,,,,0,cancelled
2026-04-15 16:00,ord-000303,buy,74054.09,1776269716024,0.00875000,0,0,,,,0,cancelled
2026-04-15 16:00,ord-000304,sell,74058.10,1776269716024,0,0,0,,,,0,cancelled
2026-04-15 16:00,ord-000305,buy,74077.15,1776269721024,0,0,0,,,,0,cancelled
2026-04-15 16:00,ord-000306,sell,74081.16,1776269721024,0,0,0,1776269725385,0,0,0.00042000,cancelled
2026-04-15 16:00,ord-000307,buy,74079.15,1776269726024,0,0,0,,,,0,cancelled
2026-04-15 16:00,ord-000308,sell,74083.16,1776269726024,0,0,0,,,,0,cancelled
2026-04-15 16:00,ord-000309,buy,74060.01,1776269731024,0,0,0,,,,0,cancelled
2026-04-15 16:00,ord-000310,sell,74064.02,1776269731024,0,0,0,,,,0,cancelled
2026-04-15 16:00,ord-000311,buy,74063.99,1776269736924,0,0,0,,,,0,cancelled
2026-04-15 16:00,ord-000312,sell,74068.00,1776269736924,0.00040000,0,0,,,,0,cancelled
2026-04-15 16:00,ord-000313,buy,74086.70,1776269741924,0,0,0,,,,0,cancelled
2026-04-15 16:00,ord-000314,sell,74090.71,1776269741924,0,0,0,,,,0,cancelled
2026-04-15 16:00,ord-000315,buy,74071.59,1776269746924,0,0,0,,,,0,cancelled
2026-04-15 16:00,ord-000316,sell,74075.60,1776269746924,0,0,0,,,,0,cancelled
2026-04-15 16:00,ord-000317,buy,74064.22,1776269751924,0,0,0,,,,0,cancelled
2026-04-15 16:00,ord-000318,sell,74068.23,1776269751924,0,0,0,,,,0,cancelled
2026-04-15 16:00,ord-000319,buy,74051.41,1776269756924,0,0,0,,,,0,cancelled
2026-04-15 16:00,ord-000320,sell,74055.42,1776269756924,0,0,0,,,,0,cancelled
2026-04-15 16:00,ord-000321,buy,74047.97,1776269761924,0,0,0,,,,0,cancelled
2026-04-15 16:00,ord-000322,sell,74051.98,1776269761924,0,0,0,,,,0,cancelled
2026-04-15 16:00,ord-000323,buy,74016.41,1776269766924,0.00209000,0,0,,,,0,cancelled
2026-04-15 16:00,ord-000324,sell,74020.42,1776269766924,0,0,0,,,,0,cancelled
2026-04-15 16:00,ord-000325,buy,74017.71,1776269773424,0,0,0,,,,0,cancelled
2026-04-15 16:00,ord-000326,sell,74021.72,1776269773424,0,0,0,,,,0,cancelled
2026-04-15 16:00,ord-000327,buy,74056.41,1776269778424,0,0,0,,,,0,cancelled
2026-04-15 16:00,ord-000328,sell,74060.42,1776269778424,0,0,0,,,,0,cancelled
2026-04-15 16:00,ord-000329,buy,74056.64,1776269783424,0,0,0,,,,0,cancelled
2026-04-15 16:00,ord-000330,sell,74060.65,1776269783424,0,0,0,,,,0,cancelled
2026-04-15 16:00,ord-000331,buy,74049.60,1776269790524,0,0,0,,,,0,cancelled
2026-04-15 16:00,ord-000332,sell,74053.61,1776269790524,0,0,0,,,,0,cancelled
2026-04-15 16:00,ord-000333,buy,74038.38,1776269795524,0,0,0,,,,0,cancelled
2026-04-15 16:00,ord-000334,sell,74042.39,1776269795524,0,0,0,,,,0,cancelled
2026-04-15 16:00,ord-000335,buy,74012.68,1776269800524,0.00016000,0,0,,,,0,cancelled
2026-04-15 16:00,ord-000336,sell,74016.69,1776269800524,0,0,0,,,,0,cancelled
2026-04-15 16:00,ord-000337,buy,74006.00,1776269805524,0.00120000,0.00120000,0,,,,0,cancelled
2026-04-15 16:00,ord-000338,sell,74010.01,1776269805524,0.29680000,0,0,,,,0,cancelled
2026-04-15 16:00,ord-000339,buy,73991.22,1776269810524,0,0,0,,,,0,cancelled
2026-04-15 16:00,ord-000340,sell,73995.23,1776269810524,0,0,0,,,,0,cancelled
2026-04-15 16:00,ord-000341,buy,73989.35,1776269820324,0,0,0,,,,0,cancelled
2026-04-15 16:00,ord-000342,sell,73993.36,1776269820324,0,0,0,,,,0,cancelled
2026-04-15 16:00,ord-000343,buy,73976.41,1776269825324,0,0,0,,,,0,cancelled
2026-04-15 16:00,ord-000344,sell,73980.42,1776269825324,0,0,0,,,,0,cancelled
2026-04-15 16:00,ord-000345,buy,73998.15,1776269830324,0,0,0,,,,0,cancelled
2026-04-15 16:00,ord-000346,sell,74002.16,1776269830324,0,0,0,,,,0,cancelled
2026-04-15 16:00,ord-000347,buy,73991.59,1776269835324,0,0,0,,,,0,cancelled
2026-04-15 16:00,ord-000348,sell,73995.60,1776269835324,0.01652000,0.00155000,0,,,,0,cancelled
2026-04-15 16:00,ord-000349,buy,74012.96,1776269840324,0,0,0,,,,0,cancelled
2026-04-15 16:00,ord-000350,sell,74016.97,1776269840324,0,0,0,,,,0,cancelled
2026-04-15 16:00,ord-000351,buy,74026.35,1776269845324,0,0,0,,,,0,cancelled
2026-04-15 16:00,ord-000352,sell,74030.36,1776269845324,0,0,0,,,,0,cancelled
2026-04-15 16:00,ord-000353,buy,74004.38,1776269850324,0.00007000,0,0,,,,0,cancelled
2026-04-15 16:00,ord-000354,sell,74008.39,1776269850324,0.00007000,0,0,,,,0,cancelled
2026-04-15 16:00,ord-000355,buy,74019.40,1776269855324,0,0,0,,,,0,cancelled
2026-04-15 16:00,ord-000356,sell,74023.41,1776269855324,0,0,0,,,,0,cancelled
2026-04-15 16:00,ord-000357,buy,73998.16,1776269860324,0,0,0,,,,0,cancelled
2026-04-15 16:00,ord-000358,sell,74002.17,1776269860324,0,0,0,,,,0,cancelled
2026-04-15 16:00,ord-000359,buy,73992.45,1776269865324,0,0,0,,,,0,cancelled
2026-04-15 16:00,ord-000360,sell,73996.46,1776269865324,0,0,0,,,,0,cancelled
2026-04-15 16:00,ord-000361,buy,74005.58,1776269870324,0,0,0,,,,0,cancelled
2026-04-15 16:00,ord-000362,sell,74009.59,1776269870324,0,0,0,,,,0,cancelled
2026-04-15 16:00,ord-000363,buy,74011.83,1776269875324,0,0,0,,,,0,cancelled
2026-04-15 16:00,ord-000364,sell,74015.84,1776269875324,0,0,0,,,,0,cancelled
2026-04-15 16:00,ord-000365,buy,74013.88,1776269880824,0,0,0,,,,0,cancelled
2026-04-15 16:00,ord-000366,sell,74017.89,1776269880824,0,0,0,,,,0,cancelled
2026-04-15 16:00,ord-000367,buy,74026.02,1776269885824,0,0,0,,,,0,cancelled
2026-04-15 16:00,ord-000368,sell,74030.03,1776269885824,0,0,0,,,,0,cancelled
2026-04-15 16:00,ord-000369,buy,74029.40,1776269890824,0,0,0,,,,0,cancelled
2026-04-15 16:00,ord-000370,sell,74033.41,1776269890824,0,0,0,,,,0,cancelled
2026-04-15 16:00,ord-000371,buy,74026.02,1776269902524,0,0,0,,,,0,cancelled
2026-04-15 16:00,ord-000372,sell,74030.03,1776269902524,0,0,0,,,,0,cancelled
2026-04-15 16:00,ord-000373,buy,74015.26,1776269907524,0,0,0,,,,0,cancelled
2026-04-15 16:00,ord-000374,sell,74019.27,1776269907524,0,0,0,,,,0,cancelled
2026-04-15 16:00,ord-000375,buy,74014.00,1776269912524,0.00120000,0,0,,,,0,cancelled
2026-04-15 16:00,ord-000376,sell,74018.01,1776269912524,0.23452000,0.00021000,0,,,,0,cancelled
2026-04-15 16:00,ord-000377,buy,74025.36,1776269917524,0,0,0,,,,0,cancelled
2026-04-15 16:00,ord-000378,sell,74029.37,1776269917524,0,0,0,,,,0,cancelled
2026-04-15 16:00,ord-000379,buy,74015.91,1776269922524,0,0,0,,,,0,cancelled
2026-04-15 16:00,ord-000380,sell,74019.92,1776269922524,0,0,0,,,,0,cancelled
2026-04-15 16:00,ord-000381,buy,74022.44,1776269927524,0,0,0,,,,0,cancelled
2026-04-15 16:00,ord-000382,sell,74026.45,1776269927524,0,0,0,,,,0,cancelled
2026-04-15 16:00,ord-000383,buy,74023.41,1776269932524,0,0,0,,,,0,cancelled
2026-04-15 16:00,ord-000384,sell,74027.42,1776269932524,0,0,0,,,,0,cancelled
2026-04-15 16:00,ord-000385,buy,74049.99,1776269937524,0,0,0,,,,0,cancelled
2026-04-15 16:00,ord-000386,sell,74054.00,1776269937524,0.00120000,0.00120000,0,,,,0,cancelled
2026-04-15 16:00,ord-000387,buy,74075.84,1776269942524,0,0,0,,,,0,cancelled
2026-04-15 16:00,ord-000388,sell,74079.85,1776269942524,0,0,0,,,,0,cancelled
2026-04-15 16:00,ord-000389,buy,74071.46,1776269951624,0,0,0,,,,0,cancelled
2026-04-15 16:00,ord-000390,sell,74075.47,1776269951624,0,0,0,,,,0,cancelled
2026-04-15 16:00,ord-000391,buy,74065.20,1776269956624,0,0,0,,,,0,cancelled
2026-04-15 16:00,ord-000392,sell,74069.21,1776269956624,0,0,0,,,,0,cancelled
2026-04-15 16:00,ord-000393,buy,74061.27,1776269961624,0,0,0,,,,0,cancelled
2026-04-15 16:00,ord-000394,sell,74065.28,1776269961624,0,0,0,,,,0,cancelled
2026-04-15 16:00,ord-000395,buy,74068.41,1776269979228,0,0,0,,,,0,cancelled
2026-04-15 16:00,ord-000396,sell,74072.42,1776269979228,0,0,0,,,,0,cancelled
2026-04-15 16:00,ord-000397,buy,74072.61,1776269984324,0,0,0,,,,0,cancelled
2026-04-15 16:00,ord-000398,sell,74076.62,1776269984324,0,0,0,,,,0,cancelled
2026-04-15 16:00,ord-000399,buy,74072.60,1776269989324,0,0,0,,,,0,cancelled
2026-04-15 16:00,ord-000400,sell,74076.61,1776269989324,0,0,0,,,,0,cancelled
2026-04-15 16:00,ord-000401,buy,74061.27,1776269994324,0,0,0,,,,0,cancelled
2026-04-15 16:00,ord-000402,sell,74065.28,1776269994324,0,0,0,,,,0,cancelled
2026-04-15 16:00,ord-000403,buy,74065.99,1776270000224,0,0,0,,,,0,cancelled
2026-04-15 16:00,ord-000404,sell,74070.00,1776270000224,0.00080000,0,0,,,,0,cancelled
2026-04-15 16:00,ord-000405,buy,74061.27,1776270005224,0,0,0,,,,0,cancelled
2026-04-15 16:00,ord-000406,sell,74065.28,1776270005224,0,0,0,,,,0,cancelled
2026-04-15 16:00,ord-000407,buy,74068.00,1776270010224,0,0,0,,,,0,cancelled
2026-04-15 16:00,ord-000408,sell,74072.01,1776270010224,0,0,0,,,,0,cancelled
2026-04-15 16:00,ord-000409,buy,74062.46,1776270015224,0,0,0,,,,0,cancelled
2026-04-15 16:00,ord-000410,sell,74066.47,1776270015224,0,0,0,,,,0,cancelled
2026-04-15 16:00,ord-000411,buy,74064.61,1776270023324,0,0,0,,,,0,cancelled
2026-04-15 16:00,ord-000412,sell,74068.62,1776270023324,0,0,0,,,,0,cancelled
2026-04-15 16:00,ord-000413,buy,74079.45,1776270028324,0,0,0,,,,0,cancelled
2026-04-15 16:00,ord-000414,sell,74083.46,1776270028324,0,0,0,,,,0,cancelled
2026-04-15 16:00,ord-000415,buy,74086.19,1776270033324,0,0,0,,,,0,cancelled
2026-04-15 16:00,ord-000416,sell,74090.20,1776270033324,0.00009000,0,0,,,,0,cancelled
2026-04-15 16:00,ord-000417,buy,74086.20,1776270039024,0,0,0,,,,0,cancelled
2026-04-15 16:00,ord-000418,sell,74090.21,1776270039024,0.00070000,0,0,,,,0,cancelled
2026-04-15 16:00,ord-000419,buy,74087.91,1776270044024,0,0,0,,,,0,cancelled
2026-04-15 16:00,ord-000420,sell,74091.92,1776270044024,0,0,0,,,,0,cancelled
2026-04-15 16:00,ord-000421,buy,74108.85,1776270049024,0,0,0,,,,0,cancelled
2026-04-15 16:00,ord-000422,sell,74112.86,1776270049024,0,0,0,,,,0,cancelled
2026-04-15 16:00,ord-000423,buy,74102.98,1776270054024,0,0,0,,,,0,cancelled
2026-04-15 16:00,ord-000424,sell,74106.99,1776270054024,0,0,0,,,,0,cancelled
2026-04-15 16:00,ord-000425,buy,74098.00,1776270059024,0.00120000,0,0,,,,0,cancelled
2026-04-15 16:00,ord-000426,sell,74102.01,1776270059024,0,0,0,,,,0,cancelled
2026-04-15 16:00,ord-000427,buy,74107.11,1776270066124,0,0,0,,,,0,cancelled
2026-04-15 16:00,ord-000428,sell,74111.12,1776270066124,0,0,0,,,,0,cancelled
2026-04-15 16:00,ord-000429,buy,74102.80,1776270071124,0,0,0,,,,0,cancelled
2026-04-15 16:00,ord-000430,sell,74106.81,1776270071124,0,0,0,,,,0,cancelled
2026-04-15 16:00,ord-000431,buy,74107.99,1776270076124,0,0,0,,,,0,cancelled
2026-04-15 16:00,ord-000432,sell,74112.00,1776270076124,0.00120000,0.00120000,0,,,,0,cancelled
2026-04-15 16:00,ord-000433,buy,74143.10,1776270081127,0.57930000,0,0,,,,0,cancelled
2026-04-15 16:00,ord-000434,sell,74147.11,1776270081127,0,0,0,,,,0,cancelled
2026-04-15 16:00,ord-000435,buy,74150.16,1776270086224,0,0,0,,,,0,cancelled
2026-04-15 16:00,ord-000436,sell,74154.17,1776270086224,0,0,0,,,,0,cancelled
2026-04-15 16:00,ord-000437,buy,74158.00,1776270091224,0.00120000,0.00120000,0,,,,0,cancelled
2026-04-15 16:00,ord-000438,sell,74162.01,1776270091224,0.01800000,0,0,,,,0,cancelled
2026-04-15 16:00,ord-000439,buy,74130.47,1776270096224,0,0,0,,,,0,cancelled
2026-04-15 16:00,ord-000440,sell,74134.48,1776270096224,0,0,0,,,,0,cancelled
2026-04-15 16:00,ord-000441,buy,74123.87,1776270101424,0,0,0,1776270102815,0,0,0.00007000,cancelled
2026-04-15 16:00,ord-000442,sell,74127.88,1776270101424,0,0,0,,,,0,cancelled
2026-04-15 16:00,ord-000443,buy,74108.45,1776270106424,0,0,0,,,,0,cancelled
2026-04-15 16:00,ord-000444,sell,74112.46,1776270106424,0,0,0,,,,0,cancelled
2026-04-15 16:00,ord-000445,buy,74108.62,1776270118424,0,0,0,,,,0,cancelled
2026-04-15 16:00,ord-000446,sell,74112.63,1776270118424,0,0,0,,,,0,cancelled
2026-04-15 16:00,ord-000447,buy,74119.61,1776270123424,0,0,0,,,,0,cancelled
2026-04-15 16:00,ord-000448,sell,74123.62,1776270123424,0,0,0,,,,0,cancelled
2026-04-15 16:00,ord-000449,buy,74131.99,1776270128424,0,0,0,,,,0,cancelled
2026-04-15 16:00,ord-000450,sell,74136.00,1776270128424,0.00120000,0.00120000,0,,,,0,cancelled
2026-04-15 16:00,ord-000451,buy,74135.80,1776270133424,0,0,0,,,,0,cancelled
2026-04-15 16:00,ord-000452,sell,74139.81,1776270133424,0,0,0,,,,0,cancelled
2026-04-15 16:00,ord-000453,buy,74119.61,1776270138424,0,0,0,,,,0,cancelled
2026-04-15 16:00,ord-000454,sell,74123.62,1776270138424,0,0,0,,,,0,cancelled
2026-04-15 16:00,ord-000455,buy,74112.81,1776270158024,0,0,0,,,,0,cancelled
2026-04-15 16:00,ord-000456,sell,74116.82,1776270158024,0,0,0,,,,0,cancelled
2026-04-15 16:00,ord-000457,buy,74104.04,1776270163024,0,0,0,,,,0,cancelled
2026-04-15 16:00,ord-000458,sell,74108.05,1776270163024,0,0,0,,,,0,cancelled
2026-04-15 16:00,ord-000459,buy,74102.24,1776270168024,0,0,0,,,,0,cancelled
2026-04-15 16:00,ord-000460,sell,74106.25,1776270168024,0,0,0,,,,0,cancelled
2026-04-15 16:00,ord-000461,buy,74096.68,1776270173024,0,0,0,,,,0,cancelled
2026-04-15 16:00,ord-000462,sell,74100.69,1776270173024,0,0,0,,,,0,cancelled
2026-04-15 16:00,ord-000463,buy,74091.41,1776270178024,0,0,0,,,,0,cancelled
2026-04-15 16:00,ord-000464,sell,74095.42,1776270178024,0,0,0,,,,0,cancelled
2026-04-15 16:00,ord-000465,buy,74096.67,1776270189324,0,0,0,,,,0,cancelled
2026-04-15 16:00,ord-000466,sell,74100.68,1776270189324,0,0,0,,,,0,cancelled
2026-04-15 16:00,ord-000467,buy,74097.99,1776270194324,0,0,0,,,,0,cancelled
2026-04-15 16:00,ord-000468,sell,74102.00,1776270194324,0.00120000,0.00120000,0,1776270196265,0.00120000,0.00000000,0.001,filled
2026-04-15 16:00,ord-000469,buy,74103.96,1776270196324,0,0,0,,,,0,cancelled
2026-04-15 16:00,ord-000470,sell,74107.97,1776270196324,0,0,0,,,,0,cancelled
2026-04-15 16:00,ord-000471,buy,74129.99,1776270201324,0,0,0,,,,0,cancelled
2026-04-15 16:00,ord-000472,sell,74134.00,1776270201324,0.00120000,0.00120000,0,,,,0,cancelled
2026-04-15 16:00,ord-000473,buy,74143.10,1776270210124,0,0,0,,,,0,cancelled
2026-04-15 16:00,ord-000474,sell,74147.11,1776270210124,0,0,0,,,,0,cancelled
2026-04-15 16:00,ord-000475,buy,74145.19,1776270215124,0,0,0,,,,0,cancelled
2026-04-15 16:00,ord-000476,sell,74149.20,1776270215124,0,0,0,,,,0,cancelled
2026-04-15 16:00,ord-000477,buy,74120.00,1776270220124,0.00120000,0.00120000,0,,,,0,cancelled
2026-04-15 16:00,ord-000478,sell,74124.01,1776270220124,0,0,0,,,,0,cancelled
2026-04-15 16:00,ord-000479,buy,74111.07,1776270225124,0,0,0,,,,0,cancelled
2026-04-15 16:00,ord-000480,sell,74115.08,1776270225124,0,0,0,,,,0,cancelled
2026-04-15 16:00,ord-000481,buy,74128.51,1776270230124,0,0,0,,,,0,cancelled
2026-04-15 16:00,ord-000482,sell,74132.52,1776270230124,0,0,0,,,,0,cancelled
2026-04-15 16:00,ord-000483,buy,74151.99,1776270235124,0,0,0,,,,0,cancelled
2026-04-15 16:00,ord-000484,sell,74156.00,1776270235124,0.00120000,0,0,,,,0,cancelled
2026-04-15 16:00,ord-000485,buy,74147.53,1776270240124,0,0,0,,,,0,cancelled
2026-04-15 16:00,ord-000486,sell,74151.54,1776270240124,0,0,0,,,,0,cancelled
2026-04-15 16:00,ord-000487,buy,74120.81,1776270245124,0,0,0,,,,0,cancelled
2026-04-15 16:00,ord-000488,sell,74124.82,1776270245124,0,0,0,,,,0,cancelled
2026-04-15 16:00,ord-000489,buy,74129.38,1776270250124,0,0,0,,,,0,cancelled
2026-04-15 16:00,ord-000490,sell,74133.39,1776270250124,0,0,0,,,,0,cancelled
2026-04-15 16:00,ord-000491,buy,74136.79,1776270255124,0,0,0,,,,0,cancelled
2026-04-15 16:00,ord-000492,sell,74140.80,1776270255124,0,0,0,,,,0,cancelled
2026-04-15 16:00,ord-000493,buy,74119.42,1776270260124,0,0,0,,,,0,cancelled
2026-04-15 16:00,ord-000494,sell,74123.43,1776270260124,0,0,0,,,,0,cancelled
2026-04-15 16:00,ord-000495,buy,74116.16,1776270265125,0,0,0,,,,0,cancelled
2026-04-15 16:00,ord-000496,sell,74120.17,1776270265125,0,0,0,,,,0,cancelled
2026-04-15 16:00,ord-000497,buy,74109.02,1776270270224,0,0,0,,,,0,cancelled
2026-04-15 16:00,ord-000498,sell,74113.03,1776270270224,0,0,0,,,,0,cancelled
2026-04-15 16:00,ord-000499,buy,74119.10,1776270280024,0,0,0,,,,0,cancelled
2026-04-15 16:00,ord-000500,sell,74123.11,1776270280024,0,0,0,,,,0,cancelled
2026-04-15 16:00,ord-000501,buy,74116.00,1776270288824,0.00143000,0.00143000,0,1776270288865,0.00143000,0.00000000,0.001,filled
2026-04-15 16:00,ord-000502,sell,74120.01,1776270288824,0.00007000,0,0,,,,0,cancelled
2026-04-15 16:00,ord-000503,buy,74111.44,1776270288924,0,0,0,,,,0,cancelled
2026-04-15 16:00,ord-000504,sell,74115.45,1776270288924,0,0,0,,,,0,cancelled
2026-04-15 16:00,ord-000505,buy,74100.00,1776270293924,0.23667000,0,0,,,,0,cancelled
2026-04-15 16:00,ord-000506,sell,74104.01,1776270293924,0,0,0,,,,0,cancelled
2026-04-15 16:00,ord-000507,buy,74111.43,1776270298924,0,0,0,,,,0,cancelled
2026-04-15 16:00,ord-000508,sell,74115.44,1776270298924,0,0,0,,,,0,cancelled
2026-04-15 16:00,ord-000509,buy,74106.69,1776270303924,0,0,0,,,,0,cancelled
2026-04-15 16:00,ord-000510,sell,74110.70,1776270303924,0,0,0,,,,0,cancelled
2026-04-15 16:00,ord-000511,buy,74107.90,1776270308924,0,0,0,,,,0,cancelled
2026-04-15 16:00,ord-000512,sell,74111.91,1776270308924,0,0,0,,,,0,cancelled
2026-04-15 16:00,ord-000513,buy,74137.15,1776270313924,0,0,0,,,,0,cancelled
2026-04-15 16:00,ord-000514,sell,74141.16,1776270313924,0,0,0,,,,0,cancelled
2026-04-15 16:00,ord-000515,buy,74133.62,1776270318924,0,0,0,,,,0,cancelled
2026-04-15 16:00,ord-000516,sell,74137.63,1776270318924,0,0,0,,,,0,cancelled
2026-04-15 16:00,ord-000517,buy,74131.24,1776270323924,0,0,0,,,,0,cancelled
2026-04-15 16:00,ord-000518,sell,74135.25,1776270323924,0,0,0,,,,0,cancelled
2026-04-15 16:00,ord-000519,buy,74113.12,1776270328924,0,0,0,,,,0,cancelled
2026-04-15 16:00,ord-000520,sell,74117.13,1776270328924,0,0,0,,,,0,cancelled
2026-04-15 16:00,ord-000521,buy,74123.42,1776270333924,0,0,0,,,,0,cancelled
2026-04-15 16:00,ord-000522,sell,74127.43,1776270333924,0,0,0,,,,0,cancelled
2026-04-15 16:00,ord-000523,buy,74131.24,1776270343624,0,0,0,,,,0,cancelled
2026-04-15 16:00,ord-000524,sell,74135.25,1776270343624,0,0,0,,,,0,cancelled
2026-04-15 16:00,ord-000525,buy,74123.44,1776270348624,0,0,0,,,,0,cancelled
2026-04-15 16:00,ord-000526,sell,74127.45,1776270348624,0,0,0,,,,0,cancelled
2026-04-15 16:00,ord-000527,buy,74113.17,1776270353624,0,0,0,,,,0,cancelled
2026-04-15 16:00,ord-000528,sell,74117.18,1776270353624,0,0,0,,,,0,cancelled
2026-04-15 16:00,ord-000529,buy,74094.53,1776270358624,0,0,0,,,,0,cancelled
2026-04-15 16:00,ord-000530,sell,74098.54,1776270358624,0,0,0,,,,0,cancelled
2026-04-15 16:00,ord-000531,buy,74094.19,1776270363624,0,0,0,,,,0,cancelled
2026-04-15 16:00,ord-000532,sell,74098.20,1776270363624,0,0,0,,,,0,cancelled
2026-04-15 16:00,ord-000533,buy,74075.36,1776270368625,0,0,0,,,,0,cancelled
2026-04-15 16:00,ord-000534,sell,74079.37,1776270368625,0,0,0,,,,0,cancelled
2026-04-15 16:00,ord-000535,buy,74063.99,1776270373724,0,0,0,,,,0,cancelled
2026-04-15 16:00,ord-000536,sell,74068.00,1776270373724,0,0,0,,,,0,cancelled
2026-04-15 16:00,ord-000537,buy,74059.68,1776270378724,0,0,0,,,,0,cancelled
2026-04-15 16:00,ord-000538,sell,74063.69,1776270378724,0,0,0,,,,0,cancelled
2026-04-15 16:00,ord-000539,buy,74081.68,1776270383724,0,0,0,,,,0,cancelled
2026-04-15 16:00,ord-000540,sell,74085.69,1776270383724,0,0,0,,,,0,cancelled
2026-04-15 16:00,ord-000541,buy,74089.45,1776270388724,0,0,0,,,,0,cancelled
2026-04-15 16:00,ord-000542,sell,74093.46,1776270388724,0,0,0,,,,0,cancelled
2026-04-15 16:00,ord-000543,buy,74087.06,1776270395024,0,0,0,,,,0,cancelled
2026-04-15 16:00,ord-000544,sell,74091.07,1776270395024,0,0,0,,,,0,cancelled
2026-04-15 16:00,ord-000545,buy,74089.45,1776270400024,0,0,0,,,,0,cancelled
2026-04-15 16:00,ord-000546,sell,74093.46,1776270400024,0,0,0,,,,0,cancelled
2026-04-15 16:00,ord-000547,buy,74093.92,1776270406724,0,0,0,,,,0,cancelled
2026-04-15 16:00,ord-000548,sell,74097.93,1776270406724,0,0,0,,,,0,cancelled
2026-04-15 16:00,ord-000549,buy,74109.89,1776270411724,0,0,0,,,,0,cancelled
2026-04-15 16:00,ord-000550,sell,74113.90,1776270411724,0,0,0,,,,0,cancelled
2026-04-15 16:00,ord-000551,buy,74130.66,1776270416724,0,0,0,,,,0,cancelled
2026-04-15 16:00,ord-000552,sell,74134.67,1776270416724,0,0,0,,,,0,cancelled
2026-04-15 16:00,ord-000553,buy,74130.04,1776270421724,0,0,0,,,,0,cancelled
2026-04-15 16:00,ord-000554,sell,74134.05,1776270421724,0,0,0,,,,0,cancelled
2026-04-15 16:00,ord-000555,buy,74140.17,1776270426724,0,0,0,,,,0,cancelled
2026-04-15 16:00,ord-000556,sell,74144.18,1776270426724,0,0,0,,,,0,cancelled
2026-04-15 16:00,ord-000557,buy,74130.04,1776270431724,0,0,0,,,,0,cancelled
2026-04-15 16:00,ord-000558,sell,74134.05,1776270431724,0,0,0,,,,0,cancelled
2026-04-15 16:00,ord-000559,buy,74132.67,1776270455824,0.60814000,0.00023000,0,,,,0,cancelled
2026-04-15 16:00,ord-000560,sell,74136.68,1776270455824,0,0,0,,,,0,cancelled
2026-04-15 16:00,ord-000561,buy,74130.67,1776270461724,0,0,0,,,,0,cancelled
2026-04-15 16:00,ord-000562,sell,74134.68,1776270461724,0.82230000,0,0,,,,0,cancelled
2026-04-15 16:00,ord-000563,buy,74111.44,1776270466724,0,0,0,,,,0,cancelled
2026-04-15 16:00,ord-000564,sell,74115.45,1776270466724,0,0,0,,,,0,cancelled
2026-04-15 16:00,ord-000565,buy,74114.56,1776270471724,0,0,0,,,,0,cancelled
2026-04-15 16:00,ord-000566,sell,74118.57,1776270471724,0,0,0,,,,0,cancelled
2026-04-15 16:00,ord-000567,buy,74119.93,1776270476724,0,0,0,,,,0,cancelled
2026-04-15 16:00,ord-000568,sell,74123.94,1776270476724,0,0,0,,,,0,cancelled
2026-04-15 16:00,ord-000569,buy,74132.67,1776270481724,0.01649000,0,0,,,,0,cancelled
2026-04-15 16:00,ord-000570,sell,74136.68,1776270481724,0,0,0,,,,0,cancelled
2026-04-15 16:00,ord-000571,buy,74130.10,1776270498124,0,0,0,,,,0,cancelled
2026-04-15 16:00,ord-000572,sell,74134.11,1776270498124,0,0,0,,,,0,cancelled
2026-04-15 16:00,ord-000573,buy,74124.00,1776270503124,0.00120000,0.00120000,0,,,,0,cancelled
2026-04-15 16:00,ord-000574,sell,74128.01,1776270503124,0,0,0,,,,0,cancelled
2026-04-15 16:00,ord-000575,buy,74100.13,1776270508124,0,0,0,,,,0,cancelled
2026-04-15 16:00,ord-000576,sell,74104.14,1776270508124,0,0,0,,,,0,cancelled
2026-04-15 16:00,ord-000577,buy,74107.54,1776270514624,0,0,0,,,,0,cancelled
2026-04-15 16:00,ord-000578,sell,74111.55,1776270514624,0,0,0,,,,0,cancelled
2026-04-15 16:00,ord-000579,buy,74111.43,1776270519624,0,0,0,,,,0,cancelled
2026-04-15 16:00,ord-000580,sell,74115.44,1776270519624,0,0,0,,,,0,cancelled
2026-04-15 16:00,ord-000581,buy,74104.70,1776270531324,0,0,0,,,,0,cancelled
2026-04-15 16:00,ord-000582,sell,74108.71,1776270531324,0,0,0,,,,0,cancelled
2026-04-15 16:00,ord-000583,buy,74099.54,1776270536324,0,0,0,,,,0,cancelled
2026-04-15 16:00,ord-000584,sell,74103.55,1776270536324,0,0,0,,,,0,cancelled
2026-04-15 16:00,ord-000585,buy,74097.43,1776270562724,0,0,0,,,,0,cancelled
2026-04-15 16:00,ord-000586,sell,74101.44,1776270562724,0,0,0,,,,0,cancelled
2026-04-15 16:00,ord-000587,buy,74093.13,1776270567725,0,0,0,,,,0,cancelled
2026-04-15 16:00,ord-000588,sell,74097.14,1776270567725,0,0,0,,,,0,cancelled
2026-04-15 16:00,ord-000589,buy,74093.12,1776270576824,0,0,0,,,,0,cancelled
2026-04-15 16:00,ord-000590,sell,74097.13,1776270576824,0,0,0,,,,0,cancelled
2026-04-15 16:00,ord-000591,buy,74099.54,1776270600626,0,0,0,,,,0,cancelled
2026-04-15 16:00,ord-000592,sell,74103.55,1776270600626,0,0,0,,,,0,cancelled
2026-04-15 16:00,ord-000593,buy,74105.58,1776270605724,0,0,0,,,,0,cancelled
2026-04-15 16:00,ord-000594,sell,74109.59,1776270605724,0,0,0,,,,0,cancelled
2026-04-15 16:00,ord-000595,buy,74107.78,1776270610924,0,0,0,,,,0,cancelled
2026-04-15 16:00,ord-000596,sell,74111.79,1776270610924,0,0,0,,,,0,cancelled
2026-04-15 16:00,ord-000597,buy,74104.39,1776270615924,0,0,0,,,,0,cancelled
2026-04-15 16:00,ord-000598,sell,74108.40,1776270615924,0,0,0,,,,0,cancelled
2026-04-15 16:00,ord-000599,buy,74099.89,1776270623424,0,0,0,,,,0,cancelled
2026-04-15 16:00,ord-000600,sell,74103.90,1776270623424,0,0,0,,,,0,cancelled
2026-04-15 16:00,ord-000601,buy,74081.99,1776270628424,0,0,0,1776270630786,0,0,0.00065000,cancelled
2026-04-15 16:00,ord-000602,sell,74086.00,1776270628424,0,0,0,,,,0,cancelled
2026-04-15 16:00,ord-000603,buy,74082.00,1776270633424,0,0,0,,,,0,cancelled
2026-04-15 16:00,ord-000604,sell,74086.01,1776270633424,0,0,0,,,,0,cancelled
2026-04-15 16:00,ord-000605,buy,74074.16,1776270638424,0,0,0,,,,0,cancelled
2026-04-15 16:00,ord-000606,sell,74078.17,1776270638424,0,0,0,,,,0,cancelled
2026-04-15 16:00,ord-000607,buy,74090.19,1776270643424,0,0,0,,,,0,cancelled
2026-04-15 16:00,ord-000608,sell,74094.20,1776270643424,0,0,0,,,,0,cancelled
2026-04-15 16:00,ord-000609,buy,74084.87,1776270648424,0,0,0,,,,0,cancelled
2026-04-15 16:00,ord-000610,sell,74088.88,1776270648424,0,0,0,,,,0,cancelled
2026-04-15 16:00,ord-000611,buy,74080.00,1776270653424,0.00120000,0.00120000,0,,,,0,cancelled
2026-04-15 16:00,ord-000612,sell,74084.01,1776270653424,0,0,0,,,,0,cancelled
2026-04-15 16:00,ord-000613,buy,74068.43,1776270658424,0,0,0,,,,0,cancelled
2026-04-15 16:00,ord-000614,sell,74072.44,1776270658424,0,0,0,,,,0,cancelled
2026-04-15 16:00,ord-000615,buy,74066.46,1776270663424,0,0,0,,,,0,cancelled
2026-04-15 16:00,ord-000616,sell,74070.47,1776270663424,0,0,0,,,,0,cancelled
2026-04-15 16:00,ord-000617,buy,74052.43,1776270668424,0,0,0,,,,0,cancelled
2026-04-15 16:00,ord-000618,sell,74056.44,1776270668424,0,0,0,,,,0,cancelled
2026-04-15 16:00,ord-000619,buy,74045.02,1776270673424,0,0,0,,,,0,cancelled
2026-04-15 16:00,ord-000620,sell,74049.03,1776270673424,0,0,0,,,,0,cancelled
2026-04-15 16:00,ord-000621,buy,74055.99,1776270678424,0.22007000,0,0,,,,0,cancelled
2026-04-15 16:00,ord-000622,sell,74060.00,1776270678424,0.00120000,0.00120000,0,,,,0,cancelled
2026-04-15 16:00,ord-000623,buy,74063.22,1776270683724,0,0,0,,,,0,cancelled
2026-04-15 16:00,ord-000624,sell,74067.23,1776270683724,0,0,0,,,,0,cancelled
2026-04-15 16:00,ord-000625,buy,74068.96,1776270689224,0,0,0,,,,0,cancelled
2026-04-15 16:00,ord-000626,sell,74072.97,1776270689224,0,0,0,,,,0,cancelled
2026-04-15 16:00,ord-000627,buy,74080.48,1776270694224,0,0,0,,,,0,cancelled
2026-04-15 16:00,ord-000628,sell,74084.49,1776270694224,0,0,0,,,,0,cancelled
2026-04-15 16:00,ord-000629,buy,74080.49,1776270699224,0,0,0,,,,0,cancelled
2026-04-15 16:00,ord-000630,sell,74084.50,1776270699224,0,0,0,,,,0,cancelled
2026-04-15 16:00,ord-000631,buy,74094.18,1776270704224,0,0,0,,,,0,cancelled
2026-04-15 16:00,ord-000632,sell,74098.19,1776270704224,0,0,0,,,,0,cancelled
2026-04-15 16:00,ord-000633,buy,74094.15,1776270720124,0,0,0,,,,0,cancelled
2026-04-15 16:00,ord-000634,sell,74098.16,1776270720124,0,0,0,,,,0,cancelled
2026-04-15 16:00,ord-000635,buy,74090.28,1776270725124,0,0,0,,,,0,cancelled
2026-04-15 16:00,ord-000636,sell,74094.29,1776270725124,0,0,0,,,,0,cancelled
2026-04-15 16:00,ord-000637,buy,74074.89,1776270730124,0,0,0,,,,0,cancelled
2026-04-15 16:00,ord-000638,sell,74078.90,1776270730124,0,0,0,,,,0,cancelled
2026-04-15 16:00,ord-000639,buy,74056.00,1776270735124,0.00120000,0.00120000,0,,,,0,cancelled
2026-04-15 16:00,ord-000640,sell,74060.01,1776270735124,0.01800000,0,0,,,,0,cancelled
2026-04-15 16:00,ord-000641,buy,74050.51,1776270740824,0,0,0,,,,0,cancelled
2026-04-15 16:00,ord-000642,sell,74054.52,1776270740824,0,0,0,,,,0,cancelled
2026-04-15 16:00,ord-000643,buy,74034.61,1776270745824,0,0,0,,,,0,cancelled
2026-04-15 16:00,ord-000644,sell,74038.62,1776270745824,0,0,0,,,,0,cancelled
2026-04-15 16:00,ord-000645,buy,74027.66,1776270750824,0,0,0,,,,0,cancelled
2026-04-15 16:00,ord-000646,sell,74031.67,1776270750824,0,0,0,,,,0,cancelled
2026-04-15 16:00,ord-000647,buy,74021.83,1776270767124,0,0,0,,,,0,cancelled
2026-04-15 16:00,ord-000648,sell,74025.84,1776270767124,0,0,0,,,,0,cancelled
2026-04-15 16:00,ord-000649,buy,74026.66,1776270772124,0,0,0,,,,0,cancelled
2026-04-15 16:00,ord-000650,sell,74030.67,1776270772124,0,0,0,,,,0,cancelled
2026-04-15 16:00,ord-000651,buy,74039.99,1776270777124,0,0,0,,,,0,cancelled
2026-04-15 16:00,ord-000652,sell,74044.00,1776270777124,0.00120000,0,0,,,,0,cancelled
2026-04-15 16:00,ord-000653,buy,74028.83,1776270782124,0,0,0,,,,0,cancelled
2026-04-15 16:00,ord-000654,sell,74032.84,1776270782124,0,0,0,,,,0,cancelled
2026-04-15 16:00,ord-000655,buy,74026.14,1776270787124,0,0,0,,,,0,cancelled
2026-04-15 16:00,ord-000656,sell,74030.15,1776270787124,0,0,0,,,,0,cancelled
2026-04-15 16:00,ord-000657,buy,74022.00,1776270792124,0.00120000,0.00120000,0,,,,0,cancelled
2026-04-15 16:00,ord-000658,sell,74026.01,1776270792124,0.00331000,0,0,,,,0,cancelled
2026-04-15 16:00,ord-000659,buy,74002.77,1776270797124,0,0,0,,,,0,cancelled
2026-04-15 16:00,ord-000660,sell,74006.78,1776270797124,0,0,0,,,,0,cancelled
2026-04-15 16:00,ord-000661,buy,74044.22,1776270802124,0,0,0,,,,0,cancelled
2026-04-15 16:00,ord-000662,sell,74048.23,1776270802124,0,0,0,,,,0,cancelled
2026-04-15 16:00,ord-000663,buy,74039.41,1776270814924,0,0,0,,,,0,cancelled
2026-04-15 16:00,ord-000664,sell,74043.42,1776270814924,0,0,0,,,,0,cancelled
2026-04-15 16:00,ord-000665,buy,74044.22,1776270819924,0,0,0,,,,0,cancelled
2026-04-15 16:00,ord-000666,sell,74048.23,1776270819924,0,0,0,,,,0,cancelled
2026-04-15 16:00,ord-000667,buy,74032.00,1776270824924,0.00120000,0.00120000,0,,,,0,cancelled
2026-04-15 16:00,ord-000668,sell,74036.01,1776270824924,0.22631000,0,0,,,,0,cancelled
2026-04-15 16:00,ord-000669,buy,74025.72,1776270829924,0,0,0,,,,0,cancelled
2026-04-15 16:00,ord-000670,sell,74029.73,1776270829924,0,0,0,,,,0,cancelled
2026-04-15 16:00,ord-000671,buy,74022.81,1776270834924,0,0,0,,,,0,cancelled
2026-04-15 16:00,ord-000672,sell,74026.82,1776270834924,0,0,0,,,,0,cancelled
2026-04-15 16:00,ord-000673,buy,74010.06,1776270839924,0,0,0,,,,0,cancelled
2026-04-15 16:00,ord-000674,sell,74014.07,1776270839924,0,0,0,,,,0,cancelled
2026-04-15 16:00,ord-000675,buy,74025.72,1776270844924,0,0,0,,,,0,cancelled
2026-04-15 16:00,ord-000676,sell,74029.73,1776270844924,0,0,0,,,,0,cancelled
2026-04-15 16:00,ord-000677,buy,74034.75,1776270849924,0,0,0,,,,0,cancelled
2026-04-15 16:00,ord-000678,sell,74038.76,1776270849924,0,0,0,,,,0,cancelled
2026-04-15 16:00,ord-000679,buy,74050.13,1776270854924,0,0,0,,,,0,cancelled
2026-04-15 16:00,ord-000680,sell,74054.14,1776270854924,0,0,0,,,,0,cancelled
2026-04-15 16:00,ord-000681,buy,74029.99,1776270859924,0,0,0,,,,0,cancelled
2026-04-15 16:00,ord-000682,sell,74034.00,1776270859924,0,0,0,,,,0,cancelled
2026-04-15 16:00,ord-000683,buy,74037.40,1776270864925,0,0,0,,,,0,cancelled
2026-04-15 16:00,ord-000684,sell,74041.41,1776270864925,0,0,0,,,,0,cancelled
2026-04-15 16:00,ord-000685,buy,74025.20,1776270870024,0,0,0,,,,0,cancelled
2026-04-15 16:00,ord-000686,sell,74029.21,1776270870024,0,0,0,,,,0,cancelled
2026-04-15 16:00,ord-000687,buy,74025.19,1776270875024,0,0,0,,,,0,cancelled
2026-04-15 16:00,ord-000688,sell,74029.20,1776270875024,0,0,0,,,,0,cancelled
2026-04-15 16:00,ord-000689,buy,74017.80,1776270881024,0,0,0,,,,0,cancelled
2026-04-15 16:00,ord-000690,sell,74021.81,1776270881024,0,0,0,,,,0,cancelled
2026-04-15 16:00,ord-000691,buy,74002.81,1776270886024,0,0,0,,,,0,cancelled
2026-04-15 16:00,ord-000692,sell,74006.82,1776270886024,0,0,0,,,,0,cancelled
2026-04-15 16:00,ord-000693,buy,74013.99,1776270891024,0,0,0,,,,0,cancelled
2026-04-15 16:00,ord-000694,sell,74018.00,1776270891024,0.00120000,0.00120000,0,,,,0,cancelled
2026-04-15 16:00,ord-000695,buy,74017.99,1776270896024,0.00331000,0,0,,,,0,cancelled
2026-04-15 16:00,ord-000696,sell,74022.00,1776270896024,0.00120000,0.00120000,0,1776270897965,0.00120000,0.00000000,0.001,filled
2026-04-15 16:00,ord-000697,buy,74020.88,1776270898024,0,0,0,,,,0,cancelled
2026-04-15 16:00,ord-000698,sell,74024.89,1776270898024,0,0,0,,,,0,cancelled
2026-04-15 16:00,ord-000699,buy,74049.41,1776270903024,0,0,0,,,,0,cancelled
2026-04-15 16:00,ord-000700,sell,74053.42,1776270903024,0,0,0,,,,0,cancelled
2026-04-15 16:00,ord-000701,buy,74057.99,1776270908024,0,0,0,,,,0,cancelled
2026-04-15 16:00,ord-000702,sell,74062.00,1776270908024,0.00120000,0.00120000,0,,,,0,cancelled
2026-04-15 16:00,ord-000703,buy,74069.59,1776270913024,0,0,0,,,,0,cancelled
2026-04-15 16:00,ord-000704,sell,74073.60,1776270913024,0,0,0,,,,0,cancelled
2026-04-15 16:00,ord-000705,buy,74113.57,1776270918024,0,0,0,,,,0,cancelled
2026-04-15 16:00,ord-000706,sell,74117.58,1776270918024,0,0,0,,,,0,cancelled
2026-04-15 16:00,ord-000707,buy,74104.69,1776270923024,0,0,0,,,,0,cancelled
2026-04-15 16:00,ord-000708,sell,74108.70,1776270923024,0,0,0,,,,0,cancelled
2026-04-15 16:00,ord-000709,buy,74083.30,1776270928024,0,0,0,,,,0,cancelled
2026-04-15 16:00,ord-000710,sell,74087.31,1776270928024,0,0,0,,,,0,cancelled
2026-04-15 16:00,ord-000711,buy,74066.86,1776270933024,0,0,0,,,,0,cancelled
2026-04-15 16:00,ord-000712,sell,74070.87,1776270933024,0,0,0,,,,0,cancelled
2026-04-15 16:00,ord-000713,buy,74072.48,1776270938024,0,0,0,,,,0,cancelled
2026-04-15 16:00,ord-000714,sell,74076.49,1776270938024,0.00007000,0,0,,,,0,cancelled
2026-04-15 16:00,ord-000715,buy,74079.80,1776270943024,0,0,0,,,,0,cancelled
2026-04-15 16:00,ord-000716,sell,74083.81,1776270943024,0,0,0,,,,0,cancelled
2026-04-15 16:00,ord-000717,buy,74082.07,1776270948024,0,0,0,,,,0,cancelled
2026-04-15 16:00,ord-000718,sell,74086.08,1776270948024,0,0,0,,,,0,cancelled
2026-04-15 16:00,ord-000719,buy,74089.36,1776270953024,0,0,0,,,,0,cancelled
2026-04-15 16:00,ord-000720,sell,74093.37,1776270953024,0,0,0,,,,0,cancelled
2026-04-15 16:00,ord-000721,buy,74099.34,1776270958024,0,0,0,,,,0,cancelled
2026-04-15 16:00,ord-000722,sell,74103.35,1776270958024,0,0,0,,,,0,cancelled
2026-04-15 16:00,ord-000723,buy,74104.04,1776270963024,0,0,0,,,,0,cancelled
2026-04-15 16:00,ord-000724,sell,74108.05,1776270963024,0,0,0,,,,0,cancelled
2026-04-15 16:00,ord-000725,buy,74101.88,1776270969624,0,0,0,,,,0,cancelled
2026-04-15 16:00,ord-000726,sell,74105.89,1776270969624,0.40000000,0,0,,,,0,cancelled
2026-04-15 16:00,ord-000727,buy,74098.90,1776270974624,0,0,0,,,,0,cancelled
2026-04-15 16:00,ord-000728,sell,74102.91,1776270974624,0,0,0,,,,0,cancelled
2026-04-15 16:00,ord-000729,buy,74091.92,1776270991424,0,0,0,,,,0,cancelled
2026-04-15 16:00,ord-000730,sell,74095.93,1776270991424,0,0,0,,,,0,cancelled
2026-04-15 16:00,ord-000731,buy,74067.75,1776270996424,0,0,0,,,,0,cancelled
2026-04-15 16:00,ord-000732,sell,74071.76,1776270996424,0,0,0,,,,0,cancelled
2026-04-15 16:00,ord-000733,buy,74063.99,1776271001424,0,0,0,,,,0,cancelled
2026-04-15 16:00,ord-000734,sell,74068.00,1776271001424,0,0,0,,,,0,cancelled
2026-04-15 16:00,ord-000735,buy,74057.81,1776271006424,0,0,0,,,,0,cancelled
2026-04-15 16:00,ord-000736,sell,74061.82,1776271006424,0,0,0,,,,0,cancelled
2026-04-15 16:00,ord-000737,buy,74050.48,1776271011424,0,0,0,,,,0,cancelled
2026-04-15 16:00,ord-000738,sell,74054.49,1776271011424,0,0,0,,,,0,cancelled
2026-04-15 16:00,ord-000739,buy,74064.87,1776271016424,0,0,0,,,,0,cancelled
2026-04-15 16:00,ord-000740,sell,74068.88,1776271016424,0,0,0,,,,0,cancelled
2026-04-15 16:00,ord-000741,buy,74076.74,1776271021424,0,0,0,,,,0,cancelled
2026-04-15 16:00,ord-000742,sell,74080.75,1776271021424,0,0,0,,,,0,cancelled
2026-04-15 16:00,ord-000743,buy,74083.80,1776271029424,0.00300000,0,0,,,,0,cancelled
2026-04-15 16:00,ord-000744,sell,74087.81,1776271029424,0,0,0,,,,0,cancelled
2026-04-15 16:00,ord-000745,buy,74066.97,1776271034424,0,0,0,,,,0,cancelled
2026-04-15 16:00,ord-000746,sell,74070.98,1776271034424,0,0,0,,,,0,cancelled
2026-04-15 16:00,ord-000747,buy,74089.11,1776271039424,0,0,0,,,,0,cancelled
2026-04-15 16:00,ord-000748,sell,74093.12,1776271039424,0,0,0,,,,0,cancelled
2026-04-15 16:00,ord-000749,buy,74092.87,1776271044424,0,0,0,,,,0,cancelled
2026-04-15 16:00,ord-000750,sell,74096.88,1776271044424,0,0,0,,,,0,cancelled
2026-04-15 16:00,ord-000751,buy,74102.24,1776271050624,0,0,0,,,,0,cancelled
2026-04-15 16:00,ord-000752,sell,74106.25,1776271050624,0,0,0,,,,0,cancelled
2026-04-15 16:00,ord-000753,buy,74127.99,1776271055624,0,0,0,,,,0,cancelled
2026-04-15 16:00,ord-000754,sell,74132.00,1776271055624,0.00127000,0.00120000,0,,,,0,cancelled
2026-04-15 16:00,ord-000755,buy,74142.00,1776271060624,0.00094000,0.00094000,0,1776271060858,0.00083000,0.00000000,0.001,filled
2026-04-15 16:00,ord-000756,sell,74146.01,1776271060624,0,0,0,,,,0,cancelled
2026-04-15 16:00,ord-000757,buy,74138.00,1776271060924,0.00127000,0.00127000,0,,,,0,cancelled
2026-04-15 16:00,ord-000758,sell,74142.01,1776271060924,0.27516000,0,0,,,,0,cancelled
2026-04-15 16:00,ord-000759,buy,74123.86,1776271065924,0,0,0,,,,0,cancelled
2026-04-15 16:00,ord-000760,sell,74127.87,1776271065924,0,0,0,,,,0,cancelled
2026-04-15 16:00,ord-000761,buy,74140.65,1776271070924,0,0,0,,,,0,cancelled
2026-04-15 16:00,ord-000762,sell,74144.66,1776271070924,0,0,0,,,,0,cancelled
2026-04-15 16:00,ord-000763,buy,74148.00,1776271075924,0,0,0,,,,0,cancelled
2026-04-15 16:00,ord-000764,sell,74152.01,1776271075924,0,0,0,,,,0,cancelled
2026-04-15 16:00,ord-000765,buy,74152.77,1776271080924,0,0,0,,,,0,cancelled
2026-04-15 16:00,ord-000766,sell,74156.78,1776271080924,0,0,0,,,,0,cancelled
2026-04-15 16:00,ord-000767,buy,74143.71,1776271085924,0,0,0,,,,0,cancelled
2026-04-15 16:00,ord-000768,sell,74147.72,1776271085924,0,0,0,,,,0,cancelled
2026-04-15 16:00,ord-000769,buy,74135.11,1776271090924,0,0,0,,,,0,cancelled
2026-04-15 16:00,ord-000770,sell,74139.12,1776271090924,0,0,0,,,,0,cancelled
2026-04-15 16:00,ord-000771,buy,74122.38,1776271095924,0,0,0,,,,0,cancelled
2026-04-15 16:00,ord-000772,sell,74126.39,1776271095924,0,0,0,,,,0,cancelled
2026-04-15 16:00,ord-000773,buy,74114.03,1776271100924,0,0,0,,,,0,cancelled
2026-04-15 16:00,ord-000774,sell,74118.04,1776271100924,0,0,0,,,,0,cancelled
2026-04-15 16:00,ord-000775,buy,74103.73,1776271105924,0,0,0,,,,0,cancelled
2026-04-15 16:00,ord-000776,sell,74107.74,1776271105924,0,0,0,,,,0,cancelled
2026-04-15 16:00,ord-000777,buy,74112.53,1776271110924,0,0,0,,,,0,cancelled
2026-04-15 16:00,ord-000778,sell,74116.54,1776271110924,0,0,0,,,,0,cancelled
2026-04-15 16:00,ord-000779,buy,74099.41,1776271115924,0,0,0,,,,0,cancelled
2026-04-15 16:00,ord-000780,sell,74103.42,1776271115924,0,0,0,,,,0,cancelled
2026-04-15 16:00,ord-000781,buy,74096.00,1776271124524,0.00120000,0,0,,,,0,cancelled
2026-04-15 16:00,ord-000782,sell,74100.01,1776271124524,0.47330000,0,0,,,,0,cancelled
2026-04-15 16:00,ord-000783,buy,74094.74,1776271129524,0,0,0,,,,0,cancelled
2026-04-15 16:00,ord-000784,sell,74098.75,1776271129524,0,0,0,,,,0,cancelled
2026-04-15 16:00,ord-000785,buy,74088.32,1776271134524,0,0,0,,,,0,cancelled
2026-04-15 16:00,ord-000786,sell,74092.33,1776271134524,0,0,0,,,,0,cancelled
2026-04-15 16:00,ord-000787,buy,74082.37,1776271140324,0,0,0,,,,0,cancelled
2026-04-15 16:00,ord-000788,sell,74086.38,1776271140324,0,0,0,,,,0,cancelled
2026-04-15 16:00,ord-000789,buy,74062.00,1776271145324,0.00120000,0.00120000,0,1776271145703,0.00020000,0.00000000,0.00070000,cancelled
2026-04-15 16:00,ord-000790,sell,74066.01,1776271145324,0,0,0,,,,0,cancelled
2026-04-15 16:00,ord-000791,buy,74037.16,1776271150324,0,0,0,,,,0,cancelled
2026-04-15 16:00,ord-000792,sell,74041.17,1776271150324,0,0,0,,,,0,cancelled
2026-04-15 16:00,ord-000793,buy,74047.99,1776271160728,0,0,0,,,,0,cancelled
2026-04-15 16:00,ord-000794,sell,74052.00,1776271160728,0.00120000,0.00120000,0,,,,0,cancelled
2026-04-15 16:00,ord-000795,buy,74057.56,1776271165824,0,0,0,,,,0,cancelled
2026-04-15 16:00,ord-000796,sell,74061.57,1776271165824,0,0,0,,,,0,cancelled
2026-04-15 16:00,ord-000797,buy,74052.82,1776271170824,0,0,0,,,,0,cancelled
2026-04-15 16:00,ord-000798,sell,74056.83,1776271170824,0,0,0,,,,0,cancelled
2026-04-15 16:00,ord-000799,buy,74029.60,1776271175824,0,0,0,,,,0,cancelled
2026-04-15 16:00,ord-000800,sell,74033.61,1776271175824,0,0,0,,,,0,cancelled
2026-04-15 16:00,ord-000801,buy,74033.99,1776271180824,0,0,0,,,,0,cancelled
2026-04-15 16:00,ord-000802,sell,74038.00,1776271180824,0.00120000,0.00120000,0,,,,0,cancelled
2026-04-15 16:00,ord-000803,buy,74036.08,1776271185824,0,0,0,,,,0,cancelled
2026-04-15 16:00,ord-000804,sell,74040.09,1776271185824,0,0,0,,,,0,cancelled
2026-04-15 16:00,ord-000805,buy,74031.07,1776271191024,0,0,0,,,,0,cancelled
2026-04-15 16:00,ord-000806,sell,74035.08,1776271191024,0,0,0,,,,0,cancelled
2026-04-15 16:00,ord-000807,buy,74023.30,1776271196024,0,0,0,,,,0,cancelled
2026-04-15 16:00,ord-000808,sell,74027.31,1776271196024,0,0,0,,,,0,cancelled
2026-04-15 16:00,ord-000809,buy,74036.05,1776271203524,0,0,0,,,,0,cancelled
2026-04-15 16:00,ord-000810,sell,74040.06,1776271203524,0,0,0,,,,0,cancelled
2026-04-15 16:00,ord-000811,buy,73995.99,1776271208524,0,0,0,,,,0,cancelled
2026-04-15 16:00,ord-000812,sell,74000.00,1776271208524,0,0,0,,,,0,cancelled
2026-04-15 16:00,ord-000813,buy,73991.58,1776271213524,0,0,0,,,,0,cancelled
2026-04-15 16:00,ord-000814,sell,73995.59,1776271213524,0,0,0,,,,0,cancelled
2026-04-15 16:00,ord-000815,buy,73959.16,1776271218524,0,0,0,,,,0,cancelled
2026-04-15 16:00,ord-000816,sell,73963.17,1776271218524,0,0,0,,,,0,cancelled
2026-04-15 16:00,ord-000817,buy,73963.35,1776271223524,0,0,0,,,,0,cancelled
2026-04-15 16:00,ord-000818,sell,73967.36,1776271223524,0,0,0,,,,0,cancelled
2026-04-15 16:00,ord-000819,buy,73927.70,1776271228524,0,0,0,,,,0,cancelled
2026-04-15 16:00,ord-000820,sell,73931.71,1776271228524,0,0,0,,,,0,cancelled
2026-04-15 16:00,ord-000821,buy,73937.87,1776271233524,0,0,0,,,,0,cancelled
2026-04-15 16:00,ord-000822,sell,73941.88,1776271233524,0,0,0,,,,0,cancelled
2026-04-15 16:00,ord-000823,buy,73950.05,1776271238524,0,0,0,,,,0,cancelled
2026-04-15 16:00,ord-000824,sell,73954.06,1776271238524,0,0,0,,,,0,cancelled
2026-04-15 16:00,ord-000825,buy,73948.61,1776271246924,0,0,0,,,,0,cancelled
2026-04-15 16:00,ord-000826,sell,73952.62,1776271246924,0,0,0,,,,0,cancelled
2026-04-15 16:00,ord-000827,buy,73936.73,1776271251924,0,0,0,,,,0,cancelled
2026-04-15 16:00,ord-000828,sell,73940.74,1776271251924,0,0,0,,,,0,cancelled
2026-04-15 16:00,ord-000829,buy,73933.52,1776271256924,0,0,0,,,,0,cancelled
2026-04-15 16:00,ord-000830,sell,73937.53,1776271256924,0,0,0,,,,0,cancelled
2026-04-15 16:00,ord-000831,buy,73937.02,1776271261924,0,0,0,,,,0,cancelled
2026-04-15 16:00,ord-000832,sell,73941.03,1776271261924,0,0,0,,,,0,cancelled
2026-04-15 16:00,ord-000833,buy,73934.89,1776271266924,0,0,0,,,,0,cancelled
2026-04-15 16:00,ord-000834,sell,73938.90,1776271266924,0,0,0,,,,0,cancelled
2026-04-15 16:00,ord-000835,buy,73909.02,1776271271924,0,0,0,,,,0,cancelled
2026-04-15 16:00,ord-000836,sell,73913.03,1776271271924,0,0,0,,,,0,cancelled
2026-04-15 16:00,ord-000837,buy,73921.99,1776271276924,0,0,0,,,,0,cancelled
2026-04-15 16:00,ord-000838,sell,73926.00,1776271276924,0.00120000,0.00120000,0,,,,0,cancelled
2026-04-15 16:00,ord-000839,buy,73927.97,1776271283524,0,0,0,,,,0,cancelled
2026-04-15 16:00,ord-000840,sell,73931.98,1776271283524,0.00007000,0,0,,,,0,cancelled
2026-04-15 16:00,ord-000841,buy,73917.14,1776271288524,0,0,0,,,,0,cancelled
2026-04-15 16:00,ord-000842,sell,73921.15,1776271288524,0,0,0,,,,0,cancelled
2026-04-15 16:00,ord-000843,buy,73914.79,1776271293524,0,0,0,,,,0,cancelled
2026-04-15 16:00,ord-000844,sell,73918.80,1776271293524,0,0,0,,,,0,cancelled
2026-04-15 16:00,ord-000845,buy,73878.22,1776271298524,0,0,0,,,,0,cancelled
2026-04-15 16:00,ord-000846,sell,73882.23,1776271298524,0,0,0,,,,0,cancelled
2026-04-15 16:00,ord-000847,buy,73872.66,1776271303524,0,0,0,,,,0,cancelled
2026-04-15 16:00,ord-000848,sell,73876.67,1776271303524,0,0,0,,,,0,cancelled
2026-04-15 16:00,ord-000849,buy,73882.76,1776271308524,0,0,0,,,,0,cancelled
2026-04-15 16:00,ord-000850,sell,73886.77,1776271308524,0,0,0,,,,0,cancelled
2026-04-15 16:00,ord-000851,buy,73875.15,1776271313524,0,0,0,,,,0,cancelled
2026-04-15 16:00,ord-000852,sell,73879.16,1776271313524,0,0,0,,,,0,cancelled
2026-04-15 16:00,ord-000853,buy,73869.44,1776271318524,0,0,0,,,,0,cancelled
2026-04-15 16:00,ord-000854,sell,73873.45,1776271318524,0,0,0,,,,0,cancelled
2026-04-15 16:00,ord-000855,buy,73882.76,1776271323524,0,0,0,,,,0,cancelled
2026-04-15 16:00,ord-000856,sell,73886.77,1776271323524,0,0,0,,,,0,cancelled
2026-04-15 16:00,ord-000857,buy,73879.99,1776271328524,0,0,0,,,,0,cancelled
2026-04-15 16:00,ord-000858,sell,73884.00,1776271328524,0.00080000,0.00080000,0,1776271329032,0.00080000,0.00000000,0.001,filled
2026-04-15 16:00,ord-000859,buy,73888.36,1776271329124,0,0,0,,,,0,cancelled
2026-04-15 16:00,ord-000860,sell,73892.37,1776271329124,0,0,0,,,,0,cancelled
2026-04-15 16:00,ord-000861,buy,73898.28,1776271334124,0,0,0,,,,0,cancelled
2026-04-15 16:00,ord-000862,sell,73902.29,1776271334124,0,0,0,,,,0,cancelled
2026-04-15 16:00,ord-000863,buy,73923.31,1776271339124,0,0,0,,,,0,cancelled
2026-04-15 16:00,ord-000864,sell,73927.32,1776271339124,0,0,0,,,,0,cancelled
2026-04-15 16:00,ord-000865,buy,73926.30,1776271344124,0,0,0,,,,0,cancelled
2026-04-15 16:00,ord-000866,sell,73930.31,1776271344124,0,0,0,,,,0,cancelled
2026-04-15 16:00,ord-000867,buy,73941.06,1776271349124,0,0,0,,,,0,cancelled
2026-04-15 16:00,ord-000868,sell,73945.07,1776271349124,0,0,0,,,,0,cancelled
2026-04-15 16:00,ord-000869,buy,73940.00,1776271354124,0.00127000,0.00127000,0,1776271358965,0.00127000,0.00000000,0.00007000,cancelled
2026-04-15 16:00,ord-000870,sell,73944.01,1776271354124,0.11170000,0,0,,,,0,cancelled
2026-04-15 16:00,ord-000871,buy,73933.67,1776271359124,0,0,0,,,,0,cancelled
2026-04-15 16:00,ord-000872,sell,73937.68,1776271359124,0,0,0,,,,0,cancelled
2026-04-15 16:00,ord-000873,buy,73932.04,1776271364424,0,0,0,,,,0,cancelled
2026-04-15 16:00,ord-000874,sell,73936.05,1776271364424,0,0,0,,,,0,cancelled
2026-04-15 16:00,ord-000875,buy,73922.00,1776271369424,0.00120000,0,0,,,,0,cancelled
2026-04-15 16:00,ord-000876,sell,73926.01,1776271369424,0,0,0,,,,0,cancelled
2026-04-15 16:00,ord-000877,buy,73918.87,1776271374424,0,0,0,,,,0,cancelled
2026-04-15 16:00,ord-000878,sell,73922.88,1776271374424,0,0,0,,,,0,cancelled
2026-04-15 16:00,ord-000879,buy,73918.89,1776271380224,0,0,0,,,,0,cancelled
2026-04-15 16:00,ord-000880,sell,73922.90,1776271380224,0,0,0,,,,0,cancelled
2026-04-15 16:00,ord-000881,buy,73920.29,1776271385224,0,0,0,,,,0,cancelled
2026-04-15 16:00,ord-000882,sell,73924.30,1776271385224,0,0,0,,,,0,cancelled
2026-04-15 16:00,ord-000883,buy,73912.31,1776271390224,0,0,0,,,,0,cancelled
2026-04-15 16:00,ord-000884,sell,73916.32,1776271390224,0,0,0,,,,0,cancelled
2026-04-15 16:00,ord-000885,buy,73921.72,1776271395428,0,0,0,,,,0,cancelled
2026-04-15 16:00,ord-000886,sell,73925.73,1776271395428,0,0,0,,,,0,cancelled
2026-04-15 16:00,ord-000887,buy,73929.37,1776271400524,0,0,0,,,,0,cancelled
2026-04-15 16:00,ord-000888,sell,73933.38,1776271400524,0,0,0,,,,0,cancelled
2026-04-15 16:00,ord-000889,buy,73936.77,1776271412124,0,0,0,,,,0,cancelled
2026-04-15 16:00,ord-000890,sell,73940.78,1776271412124,0,0,0,,,,0,cancelled
2026-04-15 16:00,ord-000891,buy,73923.65,1776271417124,0,0,0,,,,0,cancelled
2026-04-15 16:00,ord-000892,sell,73927.66,1776271417124,0,0,0,,,,0,cancelled
2026-04-15 16:00,ord-000893,buy,73927.35,1776271422124,0,0,0,,,,0,cancelled
2026-04-15 16:00,ord-000894,sell,73931.36,1776271422124,0,0,0,,,,0,cancelled
2026-04-15 16:00,ord-000895,buy,73930.89,1776271427124,0,0,0,,,,0,cancelled
2026-04-15 16:00,ord-000896,sell,73934.90,1776271427124,0,0,0,,,,0,cancelled
2026-04-15 16:00,ord-000897,buy,73937.26,1776271433624,0,0,0,,,,0,cancelled
2026-04-15 16:00,ord-000898,sell,73941.27,1776271433624,0,0,0,,,,0,cancelled
2026-04-15 16:00,ord-000899,buy,73948.42,1776271438624,0,0,0,,,,0,cancelled
2026-04-15 16:00,ord-000900,sell,73952.43,1776271438624,0,0,0,,,,0,cancelled
2026-04-15 16:00,ord-000901,buy,73952.93,1776271443624,0,0,0,,,,0,cancelled
2026-04-15 16:00,ord-000902,sell,73956.94,1776271443624,0,0,0,,,,0,cancelled
2026-04-15 16:00,ord-000903,buy,73945.54,1776271448624,0,0,0,,,,0,cancelled
2026-04-15 16:00,ord-000904,sell,73949.55,1776271448624,0,0,0,,,,0,cancelled
2026-04-15 16:00,ord-000905,buy,73944.24,1776271458024,0,0,0,,,,0,cancelled
2026-04-15 16:00,ord-000906,sell,73948.25,1776271458024,0,0,0,,,,0,cancelled
2026-04-15 16:00,ord-000907,buy,73942.38,1776271467324,0,0,0,,,,0,cancelled
2026-04-15 16:00,ord-000908,sell,73946.39,1776271467324,0,0,0,,,,0,cancelled
2026-04-15 16:00,ord-000909,buy,73944.24,1776271472324,0,0,0,,,,0,cancelled
2026-04-15 16:00,ord-000910,sell,73948.25,1776271472324,0,0,0,,,,0,cancelled
2026-04-15 16:00,ord-000911,buy,73942.38,1776271477324,0,0,0,,,,0,cancelled
2026-04-15 16:00,ord-000912,sell,73946.39,1776271477324,0,0,0,,,,0,cancelled
2026-04-15 16:00,ord-000913,buy,73926.35,1776271482324,0,0,0,,,,0,cancelled
2026-04-15 16:00,ord-000914,sell,73930.36,1776271482324,0,0,0,,,,0,cancelled
2026-04-15 16:00,ord-000915,buy,73921.72,1776271488324,0,0,0,,,,0,cancelled
2026-04-15 16:00,ord-000916,sell,73925.73,1776271488324,0,0,0,,,,0,cancelled
2026-04-15 16:00,ord-000917,buy,73906.89,1776271493324,0,0,0,,,,0,cancelled
2026-04-15 16:00,ord-000918,sell,73910.90,1776271493324,0.00014000,0,0,,,,0,cancelled
2026-04-15 16:00,ord-000919,buy,73897.16,1776271498324,0,0,0,,,,0,cancelled
2026-04-15 16:00,ord-000920,sell,73901.17,1776271498324,0,0,0,,,,0,cancelled
2026-04-15 16:00,ord-000921,buy,73889.92,1776271504025,0,0,0,,,,0,cancelled
2026-04-15 16:00,ord-000922,sell,73893.93,1776271504025,0,0,0,,,,0,cancelled
2026-04-15 16:00,ord-000923,buy,73893.15,1776271509124,0,0,0,,,,0,cancelled
2026-04-15 16:00,ord-000924,sell,73897.16,1776271509124,0.00016000,0,0,,,,0,cancelled
2026-04-15 16:00,ord-000925,buy,73892.53,1776271514124,0,0,0,,,,0,cancelled
2026-04-15 16:00,ord-000926,sell,73896.54,1776271514124,0,0,0,,,,0,cancelled
2026-04-15 16:00,ord-000927,buy,73895.03,1776271519124,0,0,0,,,,0,cancelled
2026-04-15 16:00,ord-000928,sell,73899.04,1776271519124,0,0,0,,,,0,cancelled
2026-04-15 16:00,ord-000929,buy,73899.38,1776271524124,0,0,0,,,,0,cancelled
2026-04-15 16:00,ord-000930,sell,73903.39,1776271524124,0,0,0,,,,0,cancelled
2026-04-15 16:00,ord-000931,buy,73905.97,1776271529124,0,0,0,,,,0,cancelled
2026-04-15 16:00,ord-000932,sell,73909.98,1776271529124,0,0,0,,,,0,cancelled
2026-04-15 16:00,ord-000933,buy,73908.45,1776271534124,0,0,0,,,,0,cancelled
2026-04-15 16:00,ord-000934,sell,73912.46,1776271534124,0,0,0,,,,0,cancelled
2026-04-15 16:00,ord-000935,buy,73916.85,1776271539124,0,0,0,,,,0,cancelled
2026-04-15 16:00,ord-000936,sell,73920.86,1776271539124,0,0,0,,,,0,cancelled
2026-04-15 16:00,ord-000937,buy,73922.63,1776271544124,0,0,0,,,,0,cancelled
2026-04-15 16:00,ord-000938,sell,73926.64,1776271544124,0,0,0,,,,0,cancelled
2026-04-15 16:00,ord-000939,buy,73936.08,1776271549124,0,0,0,,,,0,cancelled
2026-04-15 16:00,ord-000940,sell,73940.09,1776271549124,0,0,0,,,,0,cancelled
2026-04-15 16:00,ord-000941,buy,73937.35,1776271554124,0,0,0,,,,0,cancelled
2026-04-15 16:00,ord-000942,sell,73941.36,1776271554124,0,0,0,,,,0,cancelled
2026-04-15 16:00,ord-000943,buy,73950.85,1776271559424,0,0,0,,,,0,cancelled
2026-04-15 16:00,ord-000944,sell,73954.86,1776271559424,0,0,0,,,,0,cancelled
2026-04-15 16:00,ord-000945,buy,73961.76,1776271564424,0,0,0,,,,0,cancelled
2026-04-15 16:00,ord-000946,sell,73965.77,1776271564424,0,0,0,,,,0,cancelled
2026-04-15 16:00,ord-000947,buy,73941.91,1776271569424,0,0,0,,,,0,cancelled
2026-04-15 16:00,ord-000948,sell,73945.92,1776271569424,0,0,0,,,,0,cancelled
2026-04-15 16:00,ord-000949,buy,73935.08,1776271574424,0.03818000,0.00031000,0,,,,0,cancelled
2026-04-15 16:00,ord-000950,sell,73939.09,1776271574424,0,0,0,,,,0,cancelled
2026-04-15 16:00,ord-000951,buy,73926.27,1776271579424,0.00007000,0.00007000,0,,,,0,cancelled
2026-04-15 16:00,ord-000952,sell,73930.28,1776271579424,0,0,0,,,,0,cancelled
2026-04-15 16:00,ord-000953,buy,73916.85,1776271584425,0,0,0,,,,0,cancelled
2026-04-15 16:00,ord-000954,sell,73920.86,1776271584425,0,0,0,,,,0,cancelled
2026-04-15 16:00,ord-000955,buy,73926.89,1776271589524,0,0,0,,,,0,cancelled
2026-04-15 16:00,ord-000956,sell,73930.90,1776271589524,0.00020000,0,0,,,,0,cancelled
2026-04-15 16:00,ord-000957,buy,73922.18,1776271597324,0,0,0,,,,0,cancelled
2026-04-15 16:00,ord-000958,sell,73926.19,1776271597324,0,0,0,,,,0,cancelled
2026-04-15 16:00,ord-000959,buy,73926.47,1776271602924,0,0,0,,,,0,cancelled
2026-04-15 16:00,ord-000960,sell,73930.48,1776271602924,0,0,0,,,,0,cancelled
2026-04-15 16:00,ord-000961,buy,73930.73,1776271607924,0,0,0,,,,0,cancelled
2026-04-15 16:00,ord-000962,sell,73934.74,1776271607924,0,0,0,,,,0,cancelled
2026-04-15 16:00,ord-000963,buy,73925.02,1776271613424,0,0,0,,,,0,cancelled
2026-04-15 16:00,ord-000964,sell,73929.03,1776271613424,0,0,0,,,,0,cancelled
2026-04-15 16:00,ord-000965,buy,73918.00,1776271618424,0.00143000,0.00120000,0,,,,0,cancelled
2026-04-15 16:00,ord-000966,sell,73922.01,1776271618424,0,0,0,,,,0,cancelled
2026-04-15 16:00,ord-000967,buy,73897.09,1776271623424,0.00007000,0,0,,,,0,cancelled
2026-04-15 16:00,ord-000968,sell,73901.10,1776271623424,0,0,0,,,,0,cancelled
2026-04-15 16:00,ord-000969,buy,73885.66,1776271628424,0,0,0,,,,0,cancelled
2026-04-15 16:00,ord-000970,sell,73889.67,1776271628424,0,0,0,,,,0,cancelled
2026-04-15 16:00,ord-000971,buy,73870.00,1776271633424,0.00120000,0,0,,,,0,cancelled
2026-04-15 16:00,ord-000972,sell,73874.01,1776271633424,0,0,0,,,,0,cancelled
2026-04-15 16:00,ord-000973,buy,73885.09,1776271638424,0,0,0,,,,0,cancelled
2026-04-15 16:00,ord-000974,sell,73889.10,1776271638424,0,0,0,,,,0,cancelled
2026-04-15 16:00,ord-000975,buy,73862.90,1776271643424,0,0,0,,,,0,cancelled
2026-04-15 16:00,ord-000976,sell,73866.91,1776271643424,0,0,0,,,,0,cancelled
2026-04-15 16:00,ord-000977,buy,73869.90,1776271648424,0,0,0,,,,0,cancelled
2026-04-15 16:00,ord-000978,sell,73873.91,1776271648424,0,0,0,,,,0,cancelled
2026-04-15 16:00,ord-000979,buy,73861.65,1776271653724,0,0,0,,,,0,cancelled
2026-04-15 16:00,ord-000980,sell,73865.66,1776271653724,0,0,0,,,,0,cancelled
2026-04-15 16:00,ord-000981,buy,73861.64,1776271658724,0,0,0,,,,0,cancelled
2026-04-15 16:00,ord-000982,sell,73865.65,1776271658724,0,0,0,,,,0,cancelled
2026-04-15 16:00,ord-000983,buy,73849.28,1776271663724,0,0,0,,,,0,cancelled
2026-04-15 16:00,ord-000984,sell,73853.29,1776271663724,0,0,0,,,,0,cancelled
2026-04-15 16:00,ord-000985,buy,73850.93,1776271670324,0,0,0,,,,0,cancelled
2026-04-15 16:00,ord-000986,sell,73854.94,1776271670324,0,0,0,,,,0,cancelled
2026-04-15 16:00,ord-000987,buy,73869.49,1776271675324,0,0,0,,,,0,cancelled
2026-04-15 16:00,ord-000988,sell,73873.50,1776271675324,0,0,0,,,,0,cancelled
2026-04-15 16:00,ord-000989,buy,73865.99,1776271680324,0,0,0,,,,0,cancelled
2026-04-15 16:00,ord-000990,sell,73870.00,1776271680324,0.00040000,0.00040000,0,,,,0,cancelled
2026-04-15 16:00,ord-000991,buy,73873.59,1776271685324,0,0,0,,,,0,cancelled
2026-04-15 16:00,ord-000992,sell,73877.60,1776271685324,0,0,0,,,,0,cancelled
2026-04-15 16:00,ord-000993,buy,73860.13,1776271690324,0,0,0,,,,0,cancelled
2026-04-15 16:00,ord-000994,sell,73864.14,1776271690324,0,0,0,,,,0,cancelled
2026-04-15 16:00,ord-000995,buy,73859.90,1776271695324,0,0,0,,,,0,cancelled
2026-04-15 16:00,ord-000996,sell,73863.91,1776271695324,0,0,0,,,,0,cancelled
2026-04-15 16:00,ord-000997,buy,73855.28,1776271700324,0.00016000,0,0,,,,0,cancelled
2026-04-15 16:00,ord-000998,sell,73859.29,1776271700324,0,0,0,,,,0,cancelled
2026-04-15 16:00,ord-000999,buy,73857.99,1776271705324,0.10660000,0,0,,,,0,cancelled
2026-04-15 16:00,ord-001000,sell,73862.00,1776271705324,0.00120000,0.00120000,0,,,,0,cancelled
2026-04-15 16:00,ord-001001,buy,73880.77,1776271710324,0,0,0,,,,0,cancelled
2026-04-15 16:00,ord-001002,sell,73884.78,1776271710324,0,0,0,,,,0,cancelled
2026-04-15 16:00,ord-001003,buy,73903.61,1776271715324,0,0,0,,,,0,cancelled
2026-04-15 16:00,ord-001004,sell,73907.62,1776271715324,0,0,0,,,,0,cancelled
2026-04-15 16:00,ord-001005,buy,73908.58,1776271720324,0,0,0,,,,0,cancelled
2026-04-15 16:00,ord-001006,sell,73912.59,1776271720324,0,0,0,,,,0,cancelled
2026-04-15 16:00,ord-001007,buy,73924.20,1776271725324,0,0,0,,,,0,cancelled
2026-04-15 16:00,ord-001008,sell,73928.21,1776271725324,0,0,0,,,,0,cancelled
2026-04-15 16:00,ord-001009,buy,73923.08,1776271730324,0,0,0,,,,0,cancelled
2026-04-15 16:00,ord-001010,sell,73927.09,1776271730324,0,0,0,,,,0,cancelled
2026-04-15 16:00,ord-001011,buy,73920.73,1776271739624,0,0,0,,,,0,cancelled
2026-04-15 16:00,ord-001012,sell,73924.74,1776271739624,0,0,0,1776271741494,0,0,0.00007000,cancelled
2026-04-15 16:00,ord-001013,buy,73927.02,1776271744624,0,0,0,,,,0,cancelled
2026-04-15 16:00,ord-001014,sell,73931.03,1776271744624,0,0,0,,,,0,cancelled
2026-04-15 16:00,ord-001015,buy,73935.34,1776271749624,0,0,0,,,,0,cancelled
2026-04-15 16:00,ord-001016,sell,73939.35,1776271749624,0,0,0,,,,0,cancelled
2026-04-15 16:00,ord-001017,buy,73929.86,1776271754624,0,0,0,,,,0,cancelled
2026-04-15 16:00,ord-001018,sell,73933.87,1776271754624,0,0,0,,,,0,cancelled
2026-04-15 16:00,ord-001019,buy,73937.99,1776271759624,0.50062000,0,0,,,,0,cancelled
2026-04-15 16:00,ord-001020,sell,73942.00,1776271759624,0.00120000,0.00120000,0,,,,0,cancelled
2026-04-15 16:00,ord-001021,buy,73934.18,1776271764624,0,0,0,,,,0,cancelled
2026-04-15 16:00,ord-001022,sell,73938.19,1776271764624,0,0,0,,,,0,cancelled
2026-04-15 16:00,ord-001023,buy,73933.20,1776271769624,0,0,0,,,,0,cancelled
2026-04-15 16:00,ord-001024,sell,73937.21,1776271769624,0,0,0,,,,0,cancelled
2026-04-15 16:00,ord-001025,buy,73947.99,1776271774624,0,0,0,,,,0,cancelled
2026-04-15 16:00,ord-001026,sell,73952.00,1776271774624,0.00120000,0,0,,,,0,cancelled
2026-04-15 16:00,ord-001027,buy,73938.36,1776271779624,0,0,0,,,,0,cancelled
2026-04-15 16:00,ord-001028,sell,73942.37,1776271779624,0,0,0,,,,0,cancelled
2026-04-15 16:00,ord-001029,buy,73931.27,1776271784624,0,0,0,,,,0,cancelled
2026-04-15 16:00,ord-001030,sell,73935.28,1776271784624,0,0,0,,,,0,cancelled
2026-04-15 16:00,ord-001031,buy,73933.20,1776271791224,0,0,0,,,,0,cancelled
2026-04-15 16:00,ord-001032,sell,73937.21,1776271791224,0,0,0,,,,0,cancelled
2026-04-15 16:00,ord-001033,buy,73981.38,1776271796224,0,0,0,,,,0,cancelled
2026-04-15 16:00,ord-001034,sell,73985.39,1776271796224,0,0,0,,,,0,cancelled
2026-04-15 16:00,ord-001035,buy,74008.77,1776271801224,0,0,0,,,,0,cancelled
2026-04-15 16:00,ord-001036,sell,74012.78,1776271801224,0,0,0,,,,0,cancelled
2026-04-15 16:00,ord-001037,buy,74012.86,1776271806224,0,0,0,,,,0,cancelled
2026-04-15 16:00,ord-001038,sell,74016.87,1776271806224,0,0,0,,,,0,cancelled
2026-04-15 16:00,ord-001039,buy,74013.99,1776271812624,0,0,0,,,,0,cancelled
2026-04-15 16:00,ord-001040,sell,74018.00,1776271812624,0.00120000,0.00120000,0,,,,0,cancelled
2026-04-15 16:00,ord-001041,buy,74019.53,1776271817624,0,0,0,,,,0,cancelled
2026-04-15 16:00,ord-001042,sell,74023.54,1776271817624,0,0,0,,,,0,cancelled
2026-04-15 16:00,ord-001043,buy,74018.20,1776271822624,0,0,0,,,,0,cancelled
2026-04-15 16:00,ord-001044,sell,74022.21,1776271822624,0,0,0,,,,0,cancelled
2026-04-15 16:00,ord-001045,buy,73998.04,1776271827624,0,0,0,,,,0,cancelled
2026-04-15 16:00,ord-001046,sell,74002.05,1776271827624,0,0,0,,,,0,cancelled
2026-04-15 16:00,ord-001047,buy,73997.35,1776271832624,0,0,0,,,,0,cancelled
2026-04-15 16:00,ord-001048,sell,74001.36,1776271832624,0,0,0,,,,0,cancelled
2026-04-15 16:00,ord-001049,buy,73992.44,1776271837624,0,0,0,,,,0,cancelled
2026-04-15 16:00,ord-001050,sell,73996.45,1776271837624,0,0,0,,,,0,cancelled
2026-04-15 16:00,ord-001051,buy,73997.98,1776271842624,0,0,0,,,,0,cancelled
2026-04-15 16:00,ord-001052,sell,74001.99,1776271842624,0.00023000,0.00007000,0,,,,0,cancelled
2026-04-15 16:00,ord-001053,buy,74008.30,1776271847624,0.00016000,0,0,,,,0,cancelled
2026-04-15 16:00,ord-001054,sell,74012.31,1776271847624,0,0,0,,,,0,cancelled
2026-04-15 16:00,ord-001055,buy,74019.53,1776271852624,0,0,0,,,,0,cancelled
2026-04-15 16:00,ord-001056,sell,74023.54,1776271852624,0,0,0,,,,0,cancelled
2026-04-15 16:00,ord-001057,buy,74017.64,1776271857624,0,0,0,,,,0,cancelled
2026-04-15 16:00,ord-001058,sell,74021.65,1776271857624,0,0,0,,,,0,cancelled
2026-04-15 16:00,ord-001059,buy,73998.00,1776271862624,0.00120000,0.00120000,0,,,,0,cancelled
2026-04-15 16:00,ord-001060,sell,74002.01,1776271862624,0,0,0,,,,0,cancelled
2026-04-15 16:00,ord-001061,buy,73975.15,1776271867624,0,0,0,,,,0,cancelled
2026-04-15 16:00,ord-001062,sell,73979.16,1776271867624,0,0,0,,,,0,cancelled
2026-04-15 16:00,ord-001063,buy,73970.17,1776271872624,0,0,0,,,,0,cancelled
2026-04-15 16:00,ord-001064,sell,73974.18,1776271872624,0,0,0,,,,0,cancelled
2026-04-15 16:00,ord-001065,buy,73959.45,1776271877724,0,0,0,,,,0,cancelled
2026-04-15 16:00,ord-001066,sell,73963.46,1776271877724,0,0,0,,,,0,cancelled
2026-04-15 16:00,ord-001067,buy,73943.01,1776271882724,0,0,0,,,,0,cancelled
2026-04-15 16:00,ord-001068,sell,73947.02,1776271882724,0,0,0,,,,0,cancelled
2026-04-15 16:00,ord-001069,buy,73959.71,1776271887724,0,0,0,,,,0,cancelled
2026-04-15 16:00,ord-001070,sell,73963.72,1776271887724,0,0,0,,,,0,cancelled
2026-04-15 16:00,ord-001071,buy,73970.17,1776271892724,0,0,0,,,,0,cancelled
2026-04-15 16:00,ord-001072,sell,73974.18,1776271892724,0,0,0,,,,0,cancelled
2026-04-15 16:00,ord-001073,buy,73953.54,1776271897724,0,0,0,,,,0,cancelled
2026-04-15 16:00,ord-001074,sell,73957.55,1776271897724,0,0,0,,,,0,cancelled
2026-04-15 16:00,ord-001075,buy,73944.12,1776271902724,0,0,0,,,,0,cancelled
2026-04-15 16:00,ord-001076,sell,73948.13,1776271902724,0,0,0,,,,0,cancelled
2026-04-15 16:00,ord-001077,buy,73936.99,1776271907724,0,0,0,,,,0,cancelled
2026-04-15 16:00,ord-001078,sell,73941.00,1776271907724,0,0,0,,,,0,cancelled
2026-04-15 16:00,ord-001079,buy,73927.65,1776271912724,0,0,0,,,,0,cancelled
2026-04-15 16:00,ord-001080,sell,73931.66,1776271912724,0,0,0,,,,0,cancelled
2026-04-15 16:00,ord-001081,buy,73942.44,1776271917724,0,0,0,,,,0,cancelled
2026-04-15 16:00,ord-001082,sell,73946.45,1776271917724,0,0,0,,,,0,cancelled
2026-04-15 16:00,ord-001083,buy,73924.92,1776271922724,0,0,0,,,,0,cancelled
2026-04-15 16:00,ord-001084,sell,73928.93,1776271922724,0,0,0,,,,0,cancelled
2026-04-15 16:00,ord-001085,buy,73917.02,1776271927725,0,0,0,,,,0,cancelled
2026-04-15 16:00,ord-001086,sell,73921.03,1776271927725,0,0,0,,,,0,cancelled
2026-04-15 16:00,ord-001087,buy,73916.74,1776271939724,0,0,0,,,,0,cancelled
2026-04-15 16:00,ord-001088,sell,73920.75,1776271939724,0,0,0,,,,0,cancelled
2026-04-15 16:00,ord-001089,buy,73897.71,1776271944724,0,0,0,,,,0,cancelled
2026-04-15 16:00,ord-001090,sell,73901.72,1776271944724,0,0,0,,,,0,cancelled
2026-04-15 16:00,ord-001091,buy,73897.99,1776271955024,0,0,0,,,,0,cancelled
2026-04-15 16:00,ord-001092,sell,73902.00,1776271955024,0,0,0,,,,0,cancelled
2026-04-15 16:00,ord-001093,buy,73901.82,1776271960024,0,0,0,,,,0,cancelled
2026-04-15 16:00,ord-001094,sell,73905.83,1776271960024,0,0,0,,,,0,cancelled
2026-04-15 16:00,ord-001095,buy,73892.62,1776271965024,0,0,0,,,,0,cancelled
2026-04-15 16:00,ord-001096,sell,73896.63,1776271965024,0,0,0,,,,0,cancelled
2026-04-15 16:00,ord-001097,buy,73865.22,1776271970024,0,0,0,,,,0,cancelled
2026-04-15 16:00,ord-001098,sell,73869.23,1776271970024,0.00007000,0.00007000,0,,,,0,cancelled
2026-04-15 16:00,ord-001099,buy,73887.47,1776271975024,0,0,0,,,,0,cancelled
2026-04-15 16:00,ord-001100,sell,73891.48,1776271975024,0,0,0,,,,0,cancelled
2026-04-15 16:00,ord-001101,buy,73911.58,1776271980024,0,0,0,,,,0,cancelled
2026-04-15 16:00,ord-001102,sell,73915.59,1776271980024,0,0,0,,,,0,cancelled
2026-04-15 16:00,ord-001103,buy,73907.80,1776271986024,0,0,0,,,,0,cancelled
2026-04-15 16:00,ord-001104,sell,73911.81,1776271986024,0,0,0,,,,0,cancelled
2026-04-15 16:00,ord-001105,buy,73889.00,1776271991024,0,0,0,,,,0,cancelled
2026-04-15 16:00,ord-001106,sell,73893.01,1776271991024,0,0,0,,,,0,cancelled
2026-04-15 16:00,ord-001107,buy,73866.08,1776271996024,0,0,0,,,,0,cancelled
2026-04-15 16:00,ord-001108,sell,73870.09,1776271996024,0,0,0,,,,0,cancelled
2026-04-15 16:00,ord-001109,buy,73864.00,1776272005224,0.00120000,0.00120000,0,,,,0,cancelled
2026-04-15 16:00,ord-001110,sell,73868.01,1776272005224,0,0,0,,,,0,cancelled
2026-04-15 16:00,ord-001111,buy,73853.76,1776272010224,0,0,0,,,,0,cancelled
2026-04-15 16:00,ord-001112,sell,73857.77,1776272010224,0,0,0,,,,0,cancelled
2026-04-15 16:00,ord-001113,buy,73848.35,1776272015224,0,0,0,,,,0,cancelled
2026-04-15 16:00,ord-001114,sell,73852.36,1776272015224,0,0,0,,,,0,cancelled
2026-04-15 16:00,ord-001115,buy,73848.00,1776272020224,0.00120000,0,0,,,,0,cancelled
2026-04-15 16:00,ord-001116,sell,73852.01,1776272020224,0,0,0,,,,0,cancelled
2026-04-15 16:00,ord-001117,buy,73853.76,1776272025224,0,0,0,,,,0,cancelled
2026-04-15 16:00,ord-001118,sell,73857.77,1776272025224,0,0,0,,,,0,cancelled
2026-04-15 16:00,ord-001119,buy,73848.00,1776272030224,0.00120000,0,0,,,,0,cancelled
2026-04-15 16:00,ord-001120,sell,73852.01,1776272030224,0,0,0,,,,0,cancelled
2026-04-15 16:00,ord-001121,buy,73857.53,1776272035224,0,0,0,,,,0,cancelled
2026-04-15 16:00,ord-001122,sell,73861.54,1776272035224,0,0,0,,,,0,cancelled
2026-04-15 16:00,ord-001123,buy,73853.26,1776272040224,0,0,0,,,,0,cancelled
2026-04-15 16:00,ord-001124,sell,73857.27,1776272040224,0,0,0,,,,0,cancelled
2026-04-15 16:00,ord-001125,buy,73857.53,1776272045224,0,0,0,,,,0,cancelled
2026-04-15 16:00,ord-001126,sell,73861.54,1776272045224,0,0,0,,,,0,cancelled
2026-04-15 16:00,ord-001127,buy,73862.48,1776272050224,0,0,0,,,,0,cancelled
2026-04-15 16:00,ord-001128,sell,73866.49,1776272050224,0,0,0,,,,0,cancelled
2026-04-15 16:00,ord-001129,buy,73858.38,1776272055224,0,0,0,,,,0,cancelled
2026-04-15 16:00,ord-001130,sell,73862.39,1776272055224,0,0,0,,,,0,cancelled
2026-04-15 16:00,ord-001131,buy,73850.84,1776272060224,0,0,0,,,,0,cancelled
2026-04-15 16:00,ord-001132,sell,73854.85,1776272060224,0,0,0,,,,0,cancelled
2026-04-15 16:00,ord-001133,buy,73848.00,1776272065224,0.00120000,0.00120000,0,,,,0,cancelled
2026-04-15 16:00,ord-001134,sell,73852.01,1776272065224,0,0,0,,,,0,cancelled
2026-04-15 16:00,ord-001135,buy,73834.42,1776272070224,0,0,0,,,,0,cancelled
2026-04-15 16:00,ord-001136,sell,73838.43,1776272070224,0,0,0,,,,0,cancelled
2026-04-15 16:00,ord-001137,buy,73829.23,1776272075224,0,0,0,,,,0,cancelled
2026-04-15 16:00,ord-001138,sell,73833.24,1776272075224,0,0,0,,,,0,cancelled
2026-04-15 16:00,ord-001139,buy,73819.94,1776272080224,0,0,0,,,,0,cancelled
2026-04-15 16:00,ord-001140,sell,73823.95,1776272080224,0,0,0,,,,0,cancelled
2026-04-15 16:00,ord-001141,buy,73838.53,1776272085224,0,0,0,,,,0,cancelled
2026-04-15 16:00,ord-001142,sell,73842.54,1776272085224,0,0,0,,,,0,cancelled
2026-04-15 16:00,ord-001143,buy,73845.72,1776272090224,0,0,0,,,,0,cancelled
2026-04-15 16:00,ord-001144,sell,73849.73,1776272090224,0,0,0,,,,0,cancelled
2026-04-15 16:00,ord-001145,buy,73840.76,1776272095224,0,0,0,,,,0,cancelled
2026-04-15 16:00,ord-001146,sell,73844.77,1776272095224,0,0,0,,,,0,cancelled
2026-04-15 16:00,ord-001147,buy,73845.72,1776272100624,0,0,0,,,,0,cancelled
2026-04-15 16:00,ord-001148,sell,73849.73,1776272100624,0,0,0,,,,0,cancelled
2026-04-15 16:00,ord-001149,buy,73857.53,1776272105624,0,0,0,,,,0,cancelled
2026-04-15 16:00,ord-001150,sell,73861.54,1776272105624,0,0,0,,,,0,cancelled
2026-04-15 16:00,ord-001151,buy,73837.66,1776272110624,0,0,0,,,,0,cancelled
2026-04-15 16:00,ord-001152,sell,73841.67,1776272110624,0,0,0,,,,0,cancelled
2026-04-15 16:00,ord-001153,buy,73836.79,1776272119624,0,0,0,,,,0,cancelled
2026-04-15 16:00,ord-001154,sell,73840.80,1776272119624,0,0,0,,,,0,cancelled
2026-04-15 16:00,ord-001155,buy,73833.86,1776272127224,0,0,0,,,,0,cancelled
2026-04-15 16:00,ord-001156,sell,73837.87,1776272127224,0,0,0,,,,0,cancelled
2026-04-15 16:00,ord-001157,buy,73836.77,1776272147424,0,0,0,,,,0,cancelled
2026-04-15 16:00,ord-001158,sell,73840.78,1776272147424,0,0,0,,,,0,cancelled
2026-04-15 16:00,ord-001159,buy,73857.53,1776272152424,0,0,0,,,,0,cancelled
2026-04-15 16:00,ord-001160,sell,73861.54,1776272152424,0,0,0,,,,0,cancelled
2026-04-15 16:00,ord-001161,buy,73860.11,1776272157424,0,0,0,,,,0,cancelled
2026-04-15 16:00,ord-001162,sell,73864.12,1776272157424,0,0,0,,,,0,cancelled
2026-04-15 16:00,ord-001163,buy,73849.17,1776272162424,0,0,0,,,,0,cancelled
2026-04-15 16:00,ord-001164,sell,73853.18,1776272162424,0,0,0,,,,0,cancelled
2026-04-15 16:00,ord-001165,buy,73835.34,1776272167424,0,0,0,,,,0,cancelled
2026-04-15 16:00,ord-001166,sell,73839.35,1776272167424,0,0,0,,,,0,cancelled
2026-04-15 16:00,ord-001167,buy,73837.81,1776272172424,0,0,0,,,,0,cancelled
2026-04-15 16:00,ord-001168,sell,73841.82,1776272172424,0,0,0,,,,0,cancelled
2026-04-15 16:00,ord-001169,buy,73834.37,1776272177924,0,0,0,,,,0,cancelled
2026-04-15 16:00,ord-001170,sell,73838.38,1776272177924,0,0,0,,,,0,cancelled
2026-04-15 16:00,ord-001171,buy,73833.87,1776272182924,0,0,0,,,,0,cancelled
2026-04-15 16:00,ord-001172,sell,73837.88,1776272182924,0,0,0,,,,0,cancelled
2026-04-15 16:00,ord-001173,buy,73818.46,1776272187924,0,0,0,,,,0,cancelled
2026-04-15 16:00,ord-001174,sell,73822.47,1776272187924,0,0,0,,,,0,cancelled
2026-04-15 16:00,ord-001175,buy,73827.43,1776272192924,0,0,0,,,,0,cancelled
2026-04-15 16:00,ord-001176,sell,73831.44,1776272192924,0,0,0,,,,0,cancelled
2026-04-15 16:00,ord-001177,buy,73835.81,1776272197924,0,0,0,,,,0,cancelled
2026-04-15 16:00,ord-001178,sell,73839.82,1776272197924,0,0,0,,,,0,cancelled
2026-04-15 16:00,ord-001179,buy,73837.66,1776272202924,0,0,0,,,,0,cancelled
2026-04-15 16:00,ord-001180,sell,73841.67,1776272202924,0,0,0,,,,0,cancelled
2026-04-15 16:00,ord-001181,buy,73857.53,1776272207924,0,0,0,,,,0,cancelled
2026-04-15 16:00,ord-001182,sell,73861.54,1776272207924,0,0,0,,,,0,cancelled
2026-04-15 16:00,ord-001183,buy,73857.99,1776272213424,0,0,0,,,,0,cancelled
2026-04-15 16:00,ord-001184,sell,73862.00,1776272213424,0.00120000,0.00120000,0,,,,0,cancelled
2026-04-15 16:00,ord-001185,buy,73874.44,1776272218424,0,0,0,,,,0,cancelled
2026-04-15 16:00,ord-001186,sell,73878.45,1776272218424,0,0,0,,,,0,cancelled
2026-04-15 16:00,ord-001187,buy,73890.48,1776272223424,0,0,0,,,,0,cancelled
2026-04-15 16:00,ord-001188,sell,73894.49,1776272223424,0,0,0,,,,0,cancelled
2026-04-15 16:00,ord-001189,buy,73884.45,1776272228424,0,0,0,,,,0,cancelled
2026-04-15 16:00,ord-001190,sell,73888.46,1776272228424,0,0,0,,,,0,cancelled
2026-04-15 16:00,ord-001191,buy,73890.00,1776272233424,0,0,0,,,,0,cancelled
2026-04-15 16:00,ord-001192,sell,73894.01,1776272233424,0,0,0,,,,0,cancelled
2026-04-15 16:00,ord-001193,buy,73895.98,1776272238424,0,0,0,,,,0,cancelled
2026-04-15 16:00,ord-001194,sell,73899.99,1776272238424,0.00030000,0.00030000,0,1776272240181,0.00030000,0.00000000,0.00001000,cancelled
2026-04-15 16:00,ord-001195,buy,73905.57,1776272243424,0,0,0,,,,0,cancelled
2026-04-15 16:00,ord-001196,sell,73909.58,1776272243424,0,0,0,,,,0,cancelled
2026-04-15 16:00,ord-001197,buy,73900.55,1776272255724,0,0,0,,,,0,cancelled
2026-04-15 16:00,ord-001198,sell,73904.56,1776272255724,0,0,0,,,,0,cancelled
2026-04-15 16:00,ord-001199,buy,73898.28,1776272265127,0,0,0,,,,0,cancelled
2026-04-15 16:00,ord-001200,sell,73902.29,1776272265127,0,0,0,,,,0,cancelled
2026-04-15 16:00,ord-001201,buy,73898.98,1776272275825,0,0,0,,,,0,cancelled
2026-04-15 16:00,ord-001202,sell,73902.99,1776272275825,0,0,0,,,,0,cancelled
2026-04-15 16:00,ord-001203,buy,73915.40,1776272280924,0,0,0,,,,0,cancelled
2026-04-15 16:00,ord-001204,sell,73919.41,1776272280924,0,0,0,,,,0,cancelled
2026-04-15 16:00,ord-001205,buy,73913.90,1776272287524,0,0,0,,,,0,cancelled
2026-04-15 16:00,ord-001206,sell,73917.91,1776272287524,0,0,0,,,,0,cancelled
2026-04-15 16:00,ord-001207,buy,73913.19,1776272292524,0,0,0,,,,0,cancelled
2026-04-15 16:00,ord-001208,sell,73917.20,1776272292524,0,0,0,,,,0,cancelled
2026-04-15 16:00,ord-001209,buy,73922.71,1776272297524,0,0,0,,,,0,cancelled
2026-04-15 16:00,ord-001210,sell,73926.72,1776272297524,0,0,0,,,,0,cancelled
2026-04-15 16:00,ord-001211,buy,73930.75,1776272302524,0,0,0,,,,0,cancelled
2026-04-15 16:00,ord-001212,sell,73934.76,1776272302524,0,0,0,,,,0,cancelled
2026-04-15 16:00,ord-001213,buy,73941.51,1776272307524,0,0,0,,,,0,cancelled
2026-04-15 16:00,ord-001214,sell,73945.52,1776272307524,0,0,0,,,,0,cancelled
2026-04-15 16:00,ord-001215,buy,73938.54,1776272312724,0,0,0,,,,0,cancelled
2026-04-15 16:00,ord-001216,sell,73942.55,1776272312724,0,0,0,,,,0,cancelled
2026-04-15 16:00,ord-001217,buy,73927.34,1776272317724,0,0,0,,,,0,cancelled
2026-04-15 16:00,ord-001218,sell,73931.35,1776272317724,0,0,0,,,,0,cancelled
2026-04-15 16:00,ord-001219,buy,73938.15,1776272322724,0,0,0,,,,0,cancelled
2026-04-15 16:00,ord-001220,sell,73942.16,1776272322724,0,0,0,,,,0,cancelled
2026-04-15 16:00,ord-001221,buy,73928.73,1776272327724,0,0,0,,,,0,cancelled
2026-04-15 16:00,ord-001222,sell,73932.74,1776272327724,0,0,0,,,,0,cancelled
2026-04-15 16:00,ord-001223,buy,73923.13,1776272345324,0,0,0,,,,0,cancelled
2026-04-15 16:00,ord-001224,sell,73927.14,1776272345324,0,0,0,,,,0,cancelled
2026-04-15 16:00,ord-001225,buy,73918.58,1776272350324,0,0,0,,,,0,cancelled
2026-04-15 16:00,ord-001226,sell,73922.59,1776272350324,0,0,0,,,,0,cancelled
2026-04-15 16:00,ord-001227,buy,73930.83,1776272366524,0,0,0,,,,0,cancelled
2026-04-15 16:00,ord-001228,sell,73934.84,1776272366524,0.02000000,0,0,,,,0,cancelled
2026-04-15 16:00,ord-001229,buy,73933.71,1776272388824,0,0,0,,,,0,cancelled
2026-04-15 16:00,ord-001230,sell,73937.72,1776272388824,0,0,0,,,,0,cancelled
2026-04-15 16:00,ord-001231,buy,73939.09,1776272397024,0,0,0,,,,0,expired
2026-04-15 16:00,ord-001232,sell,73943.10,1776272397024,0.00007000,0,0,,,,0,expired
