session,order_id,side,price,queued_time_ms,initial_queue_ahead,total_trade_queue_drained,total_cancel_queue_drained,first_fill_time_ms,first_queue_ahead_before_trade,first_queue_ahead_before_fill,filled_quantity,final_status
2026-04-19 13:00,ord-000001,buy,75569.60,1776603600224,0,0,0,,,,0,cancelled
2026-04-19 13:00,ord-000002,sell,75573.61,1776603600224,0,0,0,,,,0,cancelled
2026-04-19 13:00,ord-000003,buy,75550.44,1776603605224,0,0,0,,,,0,cancelled
2026-04-19 13:00,ord-000004,sell,75554.45,1776603605224,0,0,0,,,,0,cancelled
2026-04-19 13:00,ord-000005,buy,75569.60,1776603610224,0,0,0,,,,0,cancelled
2026-04-19 13:00,ord-000006,sell,75573.61,1776603610224,0,0,0,,,,0,cancelled
2026-04-19 13:00,ord-000007,buy,75579.41,1776603622443,0,0,0,,,,0,cancelled
2026-04-19 13:00,ord-000008,sell,75583.42,1776603622443,0,0,0,,,,0,cancelled
2026-04-19 13:00,ord-000009,buy,75583.75,1776603627524,0,0,0,,,,0,cancelled
2026-04-19 13:00,ord-000010,sell,75587.76,1776603627524,0,0,0,,,,0,cancelled
2026-04-19 13:00,ord-000011,buy,75593.09,1776603632524,0,0,0,,,,0,cancelled
2026-04-19 13:00,ord-000012,sell,75597.10,1776603632524,0,0,0,,,,0,cancelled
2026-04-19 13:00,ord-000013,buy,75600.04,1776603637524,0,0,0,,,,0,cancelled
2026-04-19 13:00,ord-000014,sell,75604.05,1776603637524,0,0,0,,,,0,cancelled
2026-04-19 13:00,ord-000015,buy,75596.67,1776603642524,0,0,0,,,,0,cancelled
2026-04-19 13:00,ord-000016,sell,75600.68,1776603642524,0,0,0,,,,0,cancelled
2026-04-19 13:00,ord-000017,buy,75587.42,1776603647524,0,0,0,,,,0,cancelled
2026-04-19 13:00,ord-000018,sell,75591.43,1776603647524,0,0,0,,,,0,cancelled
2026-04-19 13:00,ord-000019,buy,75582.55,1776603658124,0,0,0,,,,0,cancelled
2026-04-19 13:00,ord-000020,sell,75586.56,1776603658124,0,0,0,,,,0,cancelled
2026-04-19 13:00,ord-000021,buy,75579.16,1776603663124,0,0,0,,,,0,cancelled
2026-04-19 13:00,ord-000022,sell,75583.17,1776603663124,0,0,0,,,,0,cancelled
2026-04-19 13:00,ord-000023,buy,75591.15,1776603668124,0,0,0,,,,0,cancelled
2026-04-19 13:00,ord-000024,sell,75595.16,1776603668124,0,0,0,,,,0,cancelled
2026-04-19 13:00,ord-000025,buy,75594.98,1776603673124,0.04003000,0,0,,,,0,cancelled
2026-04-19 13:00,ord-000026,sell,75598.99,1776603673124,0,0,0,,,,0,cancelled
2026-04-19 13:00,ord-000027,buy,75606.87,1776603678124,0,0,0,,,,0,cancelled
2026-04-19 13:00,ord-000028,sell,75610.88,1776603678124,0,0,0,,,,0,cancelled
2026-04-19 13:00,ord-000029,buy,75610.67,1776603683924,0,0,0,,,,0,cancelled
2026-04-19 13:00,ord-000030,sell,75614.68,1776603683924,0,0,0,,,,0,cancelled
2026-04-19 13:00,ord-000031,buy,75614.93,1776603688925,0,0,0,,,,0,cancelled
2026-04-19 13:00,ord-000032,sell,75618.94,1776603688925,0,0,0,,,,0,cancelled
2026-04-19 13:00,ord-000033,buy,75616.24,1776603694024,0,0,0,,,,0,cancelled
2026-04-19 13:00,ord-000034,sell,75620.25,1776603694024,0,0,0,,,,0,cancelled
2026-04-19 13:00,ord-000035,buy,75621.15,1776603699024,0,0,0,,,,0,cancelled
2026-04-19 13:00,ord-000036,sell,75625.16,1776603699024,0,0,0,,,,0,cancelled
2026-04-19 13:00,ord-000037,buy,75621.92,1776603720124,0,0,0,,,,0,cancelled
2026-04-19 13:00,ord-000038,sell,75625.93,1776603720124,0,0,0,,,,0,cancelled
2026-04-19 13:00,ord-000039,buy,75631.54,1776603725124,0,0,0,,,,0,cancelled
2026-04-19 13:00,ord-000040,sell,75635.55,1776603725124,0,0,0,,,,0,cancelled
2026-04-19 13:00,ord-000041,buy,75639.67,1776603730124,0,0,0,,,,0,cancelled
2026-04-19 13:00,ord-000042,sell,75643.68,1776603730124,0,0,0,,,,0,cancelled
2026-04-19 13:00,ord-000043,buy,75640.54,1776603737824,0,0,0,,,,0,cancelled
2026-04-19 13:00,ord-000044,sell,75644.55,1776603737824,0,0,0,,,,0,cancelled
2026-04-19 13:00,ord-000045,buy,75640.07,1776603742824,0,0,0,,,,0,cancelled
2026-04-19 13:00,ord-000046,sell,75644.08,1776603742824,0,0,0,,,,0,cancelled
2026-04-19 13:00,ord-000047,buy,75636.32,1776603747824,0,0,0,,,,0,cancelled
2026-04-19 13:00,ord-000048,sell,75640.33,1776603747824,0,0,0,,,,0,cancelled
2026-04-19 13:00,ord-000049,buy,75645.84,1776603759324,0,0,0,,,,0,cancelled
2026-04-19 13:00,ord-000050,sell,75649.85,1776603759324,0,0,0,,,,0,cancelled
2026-04-19 13:00,ord-000051,buy,75623.61,1776603764324,0,0,0,,,,0,cancelled
2026-04-19 13:00,ord-000052,sell,75627.62,1776603764324,0,0,0,,,,0,cancelled
2026-04-19 13:00,ord-000053,buy,75615.99,1776603769324,0,0,0,,,,0,cancelled
2026-04-19 13:00,ord-000054,sell,75620.00,1776603769324,0.00300000,0,0,,,,0,cancelled
2026-04-19 13:00,ord-000055,buy,75608.94,1776603774324,0,0,0,,,,0,cancelled
2026-04-19 13:00,ord-000056,sell,75612.95,1776603774324,0,0,0,,,,0,cancelled
2026-04-19 13:00,ord-000057,buy,75606.89,1776603779325,0,0,0,,,,0,cancelled
2026-04-19 13:00,ord-000058,sell,75610.90,1776603779325,0,0,0,,,,0,cancelled
2026-04-19 13:00,ord-000059,buy,75599.32,1776603788424,0,0,0,,,,0,cancelled
2026-04-19 13:00,ord-000060,sell,75603.33,1776603788424,0,0,0,,,,0,cancelled
2026-04-19 13:00,ord-000061,buy,75601.28,1776603793424,0,0,0,,,,0,cancelled
2026-04-19 13:00,ord-000062,sell,75605.29,1776603793424,0,0,0,,,,0,cancelled
2026-04-19 13:00,ord-000063,buy,75637.08,1776603798424,0,0,0,,,,0,cancelled
2026-04-19 13:00,ord-000064,sell,75641.09,1776603798424,0,0,0,,,,0,cancelled
2026-04-19 13:00,ord-000065,buy,75641.54,1776603810124,0,0,0,,,,0,cancelled
2026-04-19 13:00,ord-000066,sell,75645.55,1776603810124,0,0,0,,,,0,cancelled
2026-04-19 13:00,ord-000067,buy,75645.85,1776603815124,0,0,0,,,,0,cancelled
2026-04-19 13:00,ord-000068,sell,75649.86,1776603815124,0.00008000,0.00008000,0,1776603829111,0.00008000,0.00000000,0.001,filled
2026-04-19 13:00,ord-000069,buy,75650.71,1776603829124,0,0,0,,,,0,cancelled
2026-04-19 13:00,ord-000070,sell,75654.72,1776603829124,0,0,0,,,,0,cancelled
2026-04-19 13:00,ord-000071,buy,75676.38,1776603834124,0,0,0,,,,0,cancelled
2026-04-19 13:00,ord-000072,sell,75680.39,1776603834124,0,0,0,,,,0,cancelled
2026-04-19 13:00,ord-000073,buy,75674.43,1776603839124,0,0,0,,,,0,cancelled
2026-04-19 13:00,ord-000074,sell,75678.44,1776603839124,0,0,0,,,,0,cancelled
2026-04-19 13:00,ord-000075,buy,75666.95,1776603844124,0,0,0,,,,0,cancelled
2026-04-19 13:00,ord-000076,sell,75670.96,1776603844124,0,0,0,,,,0,cancelled
2026-04-19 13:00,ord-000077,buy,75669.82,1776603883324,0,0,0,,,,0,cancelled
2026-04-19 13:00,ord-000078,sell,75673.83,1776603883324,0,0,0,,,,0,cancelled
2026-04-19 13:00,ord-000079,buy,75674.42,1776603898024,0,0,0,,,,0,cancelled
2026-04-19 13:00,ord-000080,sell,75678.43,1776603898024,0,0,0,,,,0,cancelled
2026-04-19 13:00,ord-000081,buy,75674.43,1776603903024,0,0,0,,,,0,cancelled
2026-04-19 13:00,ord-000082,sell,75678.44,1776603903024,0,0,0,,,,0,cancelled
2026-04-19 13:00,ord-000083,buy,75670.71,1776603908024,0,0,0,,,,0,cancelled
2026-04-19 13:00,ord-000084,sell,75674.72,1776603908024,0,0,0,,,,0,cancelled
2026-04-19 13:00,ord-000085,buy,75659.24,1776603913024,0,0,0,,,,0,cancelled
2026-04-19 13:00,ord-000086,sell,75663.25,1776603913024,0,0,0,,,,0,cancelled
2026-04-19 13:00,ord-000087,buy,75662.65,1776603919024,0,0,0,,,,0,cancelled
2026-04-19 13:00,ord-000088,sell,75666.66,1776603919024,0,0,0,,,,0,cancelled
2026-04-19 13:00,ord-000089,buy,75674.55,1776603933553,0,0,0,,,,0,cancelled
2026-04-19 13:00,ord-000090,sell,75678.56,1776603933553,0,0,0,,,,0,cancelled
2026-04-19 13:00,ord-000091,buy,75670.88,1776603938624,0,0,0,,,,0,cancelled
2026-04-19 13:00,ord-000092,sell,75674.89,1776603938624,0,0,0,,,,0,cancelled
2026-04-19 13:00,ord-000093,buy,75672.27,1776603951124,0,0,0,,,,0,cancelled
2026-04-19 13:00,ord-000094,sell,75676.28,1776603951124,0,0,0,,,,0,cancelled
2026-04-19 13:00,ord-000095,buy,75670.03,1776603970324,0,0,0,,,,0,cancelled
2026-04-19 13:00,ord-000096,sell,75674.04,1776603970324,0,0,0,,,,0,cancelled
2026-04-19 13:00,ord-000097,buy,75671.72,1776603987224,0,0,0,,,,0,cancelled
2026-04-19 13:00,ord-000098,sell,75675.73,1776603987224,0,0,0,,,,0,cancelled
2026-04-19 13:00,ord-000099,buy,75681.41,1776603992224,0,0,0,,,,0,cancelled
2026-04-19 13:00,ord-000100,sell,75685.42,1776603992224,0,0,0,,,,0,cancelled
2026-04-19 13:00,ord-000101,buy,75683.87,1776604006624,0,0,0,,,,0,cancelled
2026-04-19 13:00,ord-000102,sell,75687.88,1776604006624,0,0,0,,,,0,cancelled
2026-04-19 13:00,ord-000103,buy,75688.45,1776604011624,0,0,0,,,,0,cancelled
2026-04-19 13:00,ord-000104,sell,75692.46,1776604011624,0,0,0,,,,0,cancelled
2026-04-19 13:00,ord-000105,buy,75690.67,1776604016624,0,0,0,,,,0,cancelled
2026-04-19 13:00,ord-000106,sell,75694.68,1776604016624,0,0,0,,,,0,cancelled
2026-04-19 13:00,ord-000107,buy,75697.99,1776604021624,0,0,0,,,,0,cancelled
2026-04-19 13:00,ord-000108,sell,75702.00,1776604021624,0.00188000,0.00188000,0,,,,0,cancelled
2026-04-19 13:00,ord-000109,buy,75706.93,1776604055424,0,0,0,,,,0,cancelled
2026-04-19 13:00,ord-000110,sell,75710.94,1776604055424,0,0,0,,,,0,cancelled
2026-04-19 13:00,ord-000111,buy,75699.72,1776604060424,0,0,0,,,,0,cancelled
2026-04-19 13:00,ord-000112,sell,75703.73,1776604060424,0,0,0,,,,0,cancelled
2026-04-19 13:00,ord-000113,buy,75697.99,1776604067324,0,0,0,,,,0,cancelled
2026-04-19 13:00,ord-000114,sell,75702.00,1776604067324,0,0,0,,,,0,cancelled
2026-04-19 13:00,ord-000115,buy,75697.98,1776604072324,0,0,0,,,,0,cancelled
2026-04-19 13:00,ord-000116,sell,75701.99,1776604072324,0.00014000,0,0,,,,0,cancelled
2026-04-19 13:00,ord-000117,buy,75701.73,1776604077324,0,0,0,,,,0,cancelled
2026-04-19 13:00,ord-000118,sell,75705.74,1776604077324,0,0,0,,,,0,cancelled
2026-04-19 13:00,ord-000119,buy,75704.66,1776604082324,0,0,0,,,,0,cancelled
2026-04-19 13:00,ord-000120,sell,75708.67,1776604082324,0,0,0,,,,0,cancelled
2026-04-19 13:00,ord-000121,buy,75735.05,1776604087324,0.00007000,0,0,,,,0,cancelled
2026-04-19 13:00,ord-000122,sell,75739.06,1776604087324,0,0,0,,,,0,cancelled
2026-04-19 13:00,ord-000123,buy,75729.49,1776604092324,0,0,0,,,,0,cancelled
2026-04-19 13:00,ord-000124,sell,75733.50,1776604092324,0,0,0,,,,0,cancelled
2026-04-19 13:00,ord-000125,buy,75744.28,1776604097324,0,0,0,,,,0,cancelled
2026-04-19 13:00,ord-000126,sell,75748.29,1776604097324,0,0,0,,,,0,cancelled
2026-04-19 13:00,ord-000127,buy,75748.23,1776604102324,0.02344000,0,0,,,,0,cancelled
2026-04-19 13:00,ord-000128,sell,75752.24,1776604102324,0,0,0,,,,0,cancelled
2026-04-19 13:00,ord-000129,buy,75757.99,1776604107324,0,0,0,,,,0,cancelled
2026-04-19 13:00,ord-000130,sell,75762.00,1776604107324,0.00120000,0,0,,,,0,cancelled
2026-04-19 13:00,ord-000131,buy,75752.87,1776604114224,0,0,0,,,,0,cancelled
2026-04-19 13:00,ord-000132,sell,75756.88,1776604114224,0,0,0,,,,0,cancelled
2026-04-19 13:00,ord-000133,buy,75748.95,1776604125033,0,0,0,,,,0,cancelled
2026-04-19 13:00,ord-000134,sell,75752.96,1776604125033,0,0,0,,,,0,cancelled
2026-04-19 13:00,ord-000135,buy,75728.53,1776604130124,0,0,0,,,,0,cancelled
2026-04-19 13:00,ord-000136,sell,75732.54,1776604130124,0,0,0,,,,0,cancelled
2026-04-19 13:00,ord-000137,buy,75723.30,1776604135124,0,0,0,,,,0,cancelled
2026-04-19 13:00,ord-000138,sell,75727.31,1776604135124,0,0,0,,,,0,cancelled
2026-04-19 13:00,ord-000139,buy,75731.99,1776604140124,0,0,0,,,,0,cancelled
2026-04-19 13:00,ord-000140,sell,75736.00,1776604140124,0.00120000,0,0,,,,0,cancelled
2026-04-19 13:00,ord-000141,buy,75733.99,1776604146124,0.02252000,0,0,,,,0,cancelled
2026-04-19 13:00,ord-000142,sell,75738.00,1776604146124,0.00120000,0.00120000,0,,,,0,cancelled
2026-04-19 13:00,ord-000143,buy,75738.73,1776604151124,0,0,0,,,,0,cancelled
2026-04-19 13:00,ord-000144,sell,75742.74,1776604151124,0,0,0,,,,0,cancelled
2026-04-19 13:00,ord-000145,buy,75728.72,1776604156124,0,0,0,,,,0,cancelled
2026-04-19 13:00,ord-000146,sell,75732.73,1776604156124,0,0,0,,,,0,cancelled
2026-04-19 13:00,ord-000147,buy,75731.49,1776604163524,0,0,0,,,,0,cancelled
2026-04-19 13:00,ord-000148,sell,75735.50,1776604163524,0,0,0,,,,0,cancelled
2026-04-19 13:00,ord-000149,buy,75733.99,1776604170624,0,0,0,,,,0,cancelled
2026-04-19 13:00,ord-000150,sell,75738.00,1776604170624,0.00080000,0.00080000,0,,,,0,cancelled
2026-04-19 13:00,ord-000151,buy,75743.09,1776604175624,0,0,0,,,,0,cancelled
2026-04-19 13:00,ord-000152,sell,75747.10,1776604175624,0.00008000,0.00008000,0,,,,0,cancelled
2026-04-19 13:00,ord-000153,buy,75767.99,1776604180624,0,0,0,,,,0,cancelled
2026-04-19 13:00,ord-000154,sell,75772.00,1776604180624,0.00120000,0,0,,,,0,cancelled
2026-04-19 13:00,ord-000155,buy,75766.10,1776604186924,0,0,0,,,,0,cancelled
2026-04-19 13:00,ord-000156,sell,75770.11,1776604186924,0,0,0,,,,0,cancelled
2026-04-19 13:00,ord-000157,buy,75767.83,1776604191924,0,0,0,,,,0,cancelled
2026-04-19 13:00,ord-000158,sell,75771.84,1776604191924,0,0,0,,,,0,cancelled
2026-04-19 13:00,ord-000159,buy,75766.10,1776604196924,0,0,0,,,,0,cancelled
2026-04-19 13:00,ord-000160,sell,75770.11,1776604196924,0,0,0,,,,0,cancelled
2026-04-19 13:00,ord-000161,buy,75750.86,1776604201924,0,0,0,,,,0,cancelled
2026-04-19 13:00,ord-000162,sell,75754.87,1776604201924,0,0,0,,,,0,cancelled
2026-04-19 13:00,ord-000163,buy,75734.09,1776604206924,0,0,0,,,,0,cancelled
2026-04-19 13:00,ord-000164,sell,75738.10,1776604206924,0,0,0,,,,0,cancelled
2026-04-19 13:00,ord-000165,buy,75731.49,1776604211924,0.00020000,0.00020000,0,,,,0,cancelled
2026-04-19 13:00,ord-000166,sell,75735.50,1776604211924,0,0,0,,,,0,cancelled
2026-04-19 13:00,ord-000167,buy,75726.00,1776604219524,0.00120000,0.00120000,0,1776604220460,0.00120000,0.00000000,0.00035000,cancelled
2026-04-19 13:00,ord-000168,sell,75730.01,1776604219524,0.12227000,0,0,,,,0,cancelled
2026-04-19 13:00,ord-000169,buy,75727.83,1776604224524,0,0,0,,,,0,cancelled
2026-04-19 13:00,ord-000170,sell,75731.84,1776604224524,0,0,0,,,,0,cancelled
2026-04-19 13:00,ord-000171,buy,75721.72,1776604231224,0,0,0,,,,0,cancelled
2026-04-19 13:00,ord-000172,sell,75725.73,1776604231224,0,0,0,,,,0,cancelled
2026-04-19 13:00,ord-000173,buy,75718.01,1776604236224,0,0,0,,,,0,cancelled
2026-04-19 13:00,ord-000174,sell,75722.02,1776604236224,0,0,0,,,,0,cancelled
2026-04-19 13:00,ord-000175,buy,75706.13,1776604241224,0,0,0,,,,0,cancelled
2026-04-19 13:00,ord-000176,sell,75710.14,1776604241224,0,0,0,,,,0,cancelled
2026-04-19 13:00,ord-000177,buy,75711.84,1776604246224,0,0,0,,,,0,cancelled
2026-04-19 13:00,ord-000178,sell,75715.85,1776604246224,0,0,0,,,,0,cancelled
2026-04-19 13:00,ord-000179,buy,75719.72,1776604251224,0,0,0,,,,0,cancelled
2026-04-19 13:00,ord-000180,sell,75723.73,1776604251224,0.00007000,0.00007000,0,,,,0,cancelled
2026-04-19 13:00,ord-000181,buy,75723.94,1776604256224,0,0,0,,,,0,cancelled
2026-04-19 13:00,ord-000182,sell,75727.95,1776604256224,0,0,0,,,,0,cancelled
2026-04-19 13:00,ord-000183,buy,75715.18,1776604261224,0,0,0,,,,0,cancelled
2026-04-19 13:00,ord-000184,sell,75719.19,1776604261224,0,0,0,,,,0,cancelled
2026-04-19 13:00,ord-000185,buy,75706.01,1776604266224,0,0,0,,,,0,cancelled
2026-04-19 13:00,ord-000186,sell,75710.02,1776604266224,0,0,0,,,,0,cancelled
2026-04-19 13:00,ord-000187,buy,75700.00,1776604271224,0.37915000,0,0,,,,0,cancelled
2026-04-19 13:00,ord-000188,sell,75704.01,1776604271224,0,0,0,,,,0,cancelled
2026-04-19 13:00,ord-000189,buy,75708.99,1776604276224,0,0,0,,,,0,cancelled
2026-04-19 13:00,ord-000190,sell,75713.00,1776604276224,0,0,0,,,,0,cancelled
2026-04-19 13:00,ord-000191,buy,75719.08,1776604281224,0,0,0,,,,0,cancelled
2026-04-19 13:00,ord-000192,sell,75723.09,1776604281224,0,0,0,,,,0,cancelled
2026-04-19 13:00,ord-000193,buy,75714.00,1776604286224,0.00010000,0.00010000,0,,,,0,cancelled
2026-04-19 13:00,ord-000194,sell,75718.01,1776604286224,0,0,0,,,,0,cancelled
2026-04-19 13:00,ord-000195,buy,75709.00,1776604297724,0,0,0,,,,0,cancelled
2026-04-19 13:00,ord-000196,sell,75713.01,1776604297724,0,0,0,,,,0,cancelled
2026-04-19 13:00,ord-000197,buy,75683.06,1776604325954,0,0,0,,,,0,cancelled
2026-04-19 13:00,ord-000198,sell,75687.07,1776604325954,0,0,0,,,,0,cancelled
2026-04-19 13:00,ord-000199,buy,75683.00,1776604331024,0,0,0,,,,0,cancelled
2026-04-19 13:00,ord-000200,sell,75687.01,1776604331024,0,0,0,,,,0,cancelled
2026-04-19 13:00,ord-000201,buy,75687.19,1776604336024,0,0,0,,,,0,cancelled
2026-04-19 13:00,ord-000202,sell,75691.20,1776604336024,0,0,0,,,,0,cancelled
2026-04-19 13:00,ord-000203,buy,75692.53,1776604341024,0,0,0,,,,0,cancelled
2026-04-19 13:00,ord-000204,sell,75696.54,1776604341024,0,0,0,,,,0,cancelled
2026-04-19 13:00,ord-000205,buy,75687.19,1776604357824,0,0,0,,,,0,cancelled
2026-04-19 13:00,ord-000206,sell,75691.20,1776604357824,0,0,0,,,,0,cancelled
2026-04-19 13:00,ord-000207,buy,75665.26,1776604362824,0,0,0,,,,0,cancelled
2026-04-19 13:00,ord-000208,sell,75669.27,1776604362824,0,0,0,,,,0,cancelled
2026-04-19 13:00,ord-000209,buy,75671.26,1776604384324,0,0,0,,,,0,cancelled
2026-04-19 13:00,ord-000210,sell,75675.27,1776604384324,0,0,0,,,,0,cancelled
2026-04-19 13:00,ord-000211,buy,75671.73,1776604389324,0,0,0,,,,0,cancelled
2026-04-19 13:00,ord-000212,sell,75675.74,1776604389324,0,0,0,,,,0,cancelled
2026-04-19 13:00,ord-000213,buy,75686.59,1776604394325,0,0,0,,,,0,cancelled
2026-04-19 13:00,ord-000214,sell,75690.60,1776604394325,0,0,0,,,,0,cancelled
2026-04-19 13:00,ord-000215,buy,75698.00,1776604399724,0,0,0,,,,0,cancelled
2026-04-19 13:00,ord-000216,sell,75702.01,1776604399724,0,0,0,,,,0,cancelled
2026-04-19 13:00,ord-000217,buy,75704.50,1776604408424,0,0,0,,,,0,cancelled
2026-04-19 13:00,ord-000218,sell,75708.51,1776604408424,0,0,0,,,,0,cancelled
2026-04-19 13:00,ord-000219,buy,75706.55,1776604413424,0,0,0,,,,0,cancelled
2026-04-19 13:00,ord-000220,sell,75710.56,1776604413424,0,0,0,,,,0,cancelled
2026-04-19 13:00,ord-000221,buy,75715.37,1776604424824,0,0,0,,,,0,cancelled
2026-04-19 13:00,ord-000222,sell,75719.38,1776604424824,0,0,0,,,,0,cancelled
2026-04-19 13:00,ord-000223,buy,75727.98,1776604429824,0,0,0,,,,0,cancelled
2026-04-19 13:00,ord-000224,sell,75731.99,1776604429824,0,0,0,,,,0,cancelled
2026-04-19 13:00,ord-000225,buy,75718.42,1776604434824,0,0,0,,,,0,cancelled
2026-04-19 13:00,ord-000226,sell,75722.43,1776604434824,0,0,0,,,,0,cancelled
2026-04-19 13:00,ord-000227,buy,75698.01,1776604439824,0,0,0,,,,0,cancelled
2026-04-19 13:00,ord-000228,sell,75702.02,1776604439824,0,0,0,,,,0,cancelled
2026-04-19 13:00,ord-000229,buy,75702.90,1776604445832,0,0,0,,,,0,cancelled
2026-04-19 13:00,ord-000230,sell,75706.91,1776604445832,0,0,0,,,,0,cancelled
2026-04-19 13:00,ord-000231,buy,75722.23,1776604450935,0,0,0,,,,0,cancelled
2026-04-19 13:00,ord-000232,sell,75726.24,1776604450935,0,0,0,,,,0,cancelled
2026-04-19 13:00,ord-000233,buy,75716.20,1776604456024,0,0,0,,,,0,cancelled
2026-04-19 13:00,ord-000234,sell,75720.21,1776604456024,0,0,0,,,,0,cancelled
2026-04-19 13:00,ord-000235,buy,75725.10,1776604461024,0,0,0,,,,0,cancelled
2026-04-19 13:00,ord-000236,sell,75729.11,1776604461024,0,0,0,,,,0,cancelled
2026-04-19 13:00,ord-000237,buy,75717.74,1776604469524,0,0,0,,,,0,cancelled
2026-04-19 13:00,ord-000238,sell,75721.75,1776604469524,0,0,0,,,,0,cancelled
2026-04-19 13:00,ord-000239,buy,75721.84,1776604478324,0,0,0,,,,0,cancelled
2026-04-19 13:00,ord-000240,sell,75725.85,1776604478324,0.01383000,0.01286000,0,,,,0,cancelled
2026-04-19 13:00,ord-000241,buy,75737.18,1776604483324,0,0,0,,,,0,cancelled
2026-04-19 13:00,ord-000242,sell,75741.19,1776604483324,0,0,0,1776604492116,0,0,0.001,filled
2026-04-19 13:00,ord-000243,buy,75745.09,1776604492224,0,0,0,,,,0,cancelled
2026-04-19 13:00,ord-000244,sell,75749.10,1776604492224,0,0,0,,,,0,cancelled
2026-04-19 13:00,ord-000245,buy,75765.73,1776604497225,0,0,0,,,,0,cancelled
2026-04-19 13:00,ord-000246,sell,75769.74,1776604497225,0,0,0,,,,0,cancelled
2026-04-19 13:00,ord-000247,buy,75759.72,1776604502324,0,0,0,,,,0,cancelled
2026-04-19 13:00,ord-000248,sell,75763.73,1776604502324,0,0,0,,,,0,cancelled
2026-04-19 13:00,ord-000249,buy,75750.82,1776604517124,0,0,0,,,,0,cancelled
2026-04-19 13:00,ord-000250,sell,75754.83,1776604517124,0,0,0,,,,0,cancelled
2026-04-19 13:00,ord-000251,buy,75740.67,1776604522124,0,0,0,,,,0,cancelled
2026-04-19 13:00,ord-000252,sell,75744.68,1776604522124,0,0,0,,,,0,cancelled
2026-04-19 13:00,ord-000253,buy,75736.80,1776604527124,0,0,0,,,,0,cancelled
2026-04-19 13:00,ord-000254,sell,75740.81,1776604527124,0,0,0,,,,0,cancelled
2026-04-19 13:00,ord-000255,buy,75728.28,1776604532124,0,0,0,,,,0,cancelled
2026-04-19 13:00,ord-000256,sell,75732.29,1776604532124,0,0,0,,,,0,cancelled
2026-04-19 13:00,ord-000257,buy,75720.70,1776604537124,0,0,0,,,,0,cancelled
2026-04-19 13:00,ord-000258,sell,75724.71,1776604537124,0,0,0,,,,0,cancelled
2026-04-19 13:00,ord-000259,buy,75728.28,1776604542124,0.04911000,0,0,,,,0,cancelled
2026-04-19 13:00,ord-000260,sell,75732.29,1776604542124,0,0,0,,,,0,cancelled
2026-04-19 13:00,ord-000261,buy,75737.99,1776604547124,0,0,0,,,,0,cancelled
2026-04-19 13:00,ord-000262,sell,75742.00,1776604547124,0.00120000,0.00120000,0,1776604548801,0.00097000,0.00000000,0.001,filled
2026-04-19 13:00,ord-000263,buy,75739.99,1776604548824,0.13057000,0,0,,,,0,cancelled
2026-04-19 13:00,ord-000264,sell,75744.00,1776604548824,0.00120000,0.00120000,0,1776604549441,0.00120000,0.00000000,0.001,filled
2026-04-19 13:00,ord-000265,buy,75744.33,1776604549524,0,0,0,,,,0,cancelled
2026-04-19 13:00,ord-000266,sell,75748.34,1776604549524,0,0,0,,,,0,cancelled
2026-04-19 13:00,ord-000267,buy,75759.24,1776604558324,0,0,0,,,,0,cancelled
2026-04-19 13:00,ord-000268,sell,75763.25,1776604558324,0,0,0,,,,0,cancelled
2026-04-19 13:00,ord-000269,buy,75755.24,1776604563324,0,0,0,,,,0,cancelled
2026-04-19 13:00,ord-000270,sell,75759.25,1776604563324,0,0,0,,,,0,cancelled
2026-04-19 13:00,ord-000271,buy,75756.58,1776604595324,0,0,0,,,,0,cancelled
2026-04-19 13:00,ord-000272,sell,75760.59,1776604595324,0,0,0,,,,0,cancelled
2026-04-19 13:00,ord-000273,buy,75769.43,1776604600324,0,0,0,,,,0,cancelled
2026-04-19 13:00,ord-000274,sell,75773.44,1776604600324,0,0,0,,,,0,cancelled
2026-04-19 13:00,ord-000275,buy,75774.80,1776604610624,0,0,0,,,,0,cancelled
2026-04-19 13:00,ord-000276,sell,75778.81,1776604610624,0,0,0,,,,0,cancelled
2026-04-19 13:00,ord-000277,buy,75794.25,1776604615624,0,0,0,,,,0,cancelled
2026-04-19 13:00,ord-000278,sell,75798.26,1776604615624,0,0,0,,,,0,cancelled
2026-04-19 13:00,ord-000279,buy,75801.42,1776604620624,0,0,0,,,,0,cancelled
2026-04-19 13:00,ord-000280,sell,75805.43,1776604620624,0,0,0,,,,0,cancelled
2026-04-19 13:00,ord-000281,buy,75815.24,1776604625624,0,0,0,,,,0,cancelled
2026-04-19 13:00,ord-000282,sell,75819.25,1776604625624,0,0,0,,,,0,cancelled
2026-04-19 13:00,ord-000283,buy,75813.00,1776604630624,0,0,0,,,,0,cancelled
2026-04-19 13:00,ord-000284,sell,75817.01,1776604630624,0,0,0,,,,0,cancelled
2026-04-19 13:00,ord-000285,buy,75799.06,1776604635624,0,0,0,,,,0,cancelled
2026-04-19 13:00,ord-000286,sell,75803.07,1776604635624,0,0,0,,,,0,cancelled
2026-04-19 13:00,ord-000287,buy,75798.96,1776604641824,0,0,0,,,,0,cancelled
2026-04-19 13:00,ord-000288,sell,75802.97,1776604641824,0,0,0,,,,0,cancelled
2026-04-19 13:00,ord-000289,buy,75791.47,1776604646824,0,0,0,,,,0,cancelled
2026-04-19 13:00,ord-000290,sell,75795.48,1776604646824,0,0,0,,,,0,cancelled
2026-04-19 13:00,ord-000291,buy,75793.99,1776604654124,0,0,0,,,,0,cancelled
2026-04-19 13:00,ord-000292,sell,75798.00,1776604654124,0.00080000,0.00080000,0,,,,0,cancelled
2026-04-19 13:00,ord-000293,buy,75804.51,1776604659124,0,0,0,,,,0,cancelled
2026-04-19 13:00,ord-000294,sell,75808.52,1776604659124,0,0,0,,,,0,cancelled
2026-04-19 13:00,ord-000295,buy,75831.32,1776604664124,0,0,0,,,,0,cancelled
2026-04-19 13:00,ord-000296,sell,75835.33,1776604664124,0,0,0,,,,0,cancelled
2026-04-19 13:00,ord-000297,buy,75833.98,1776604669124,0,0,0,,,,0,cancelled
2026-04-19 13:00,ord-000298,sell,75837.99,1776604669124,0,0,0,,,,0,cancelled
2026-04-19 13:00,ord-000299,buy,75837.07,1776604674124,0,0,0,,,,0,cancelled
2026-04-19 13:00,ord-000300,sell,75841.08,1776604674124,0,0,0,,,,0,cancelled
2026-04-19 13:00,ord-000301,buy,75828.17,1776604679124,0,0,0,,,,0,cancelled
2026-04-19 13:00,ord-000302,sell,75832.18,1776604679124,0,0,0,,,,0,cancelled
2026-04-19 13:00,ord-000303,buy,75836.08,1776604684124,0,0,0,,,,0,cancelled
2026-04-19 13:00,ord-000304,sell,75840.09,1776604684124,0,0,0,,,,0,cancelled
2026-04-19 13:00,ord-000305,buy,75846.68,1776604689124,0,0,0,,,,0,cancelled
2026-04-19 13:00,ord-000306,sell,75850.69,1776604689124,0,0,0,,,,0,cancelled
2026-04-19 13:00,ord-000307,buy,75874.93,1776604694124,0,0,0,,,,0,cancelled
2026-04-19 13:00,ord-000308,sell,75878.94,1776604694124,0,0,0,,,,0,cancelled
2026-04-19 13:00,ord-000309,buy,75877.09,1776604699124,0,0,0,,,,0,cancelled
2026-04-19 13:00,ord-000310,sell,75881.10,1776604699124,0,0,0,,,,0,cancelled
2026-04-19 13:00,ord-000311,buy,75873.06,1776604708331,0,0,0,,,,0,cancelled
2026-04-19 13:00,ord-000312,sell,75877.07,1776604708331,0,0,0,,,,0,cancelled
2026-04-19 13:00,ord-000313,buy,75864.00,1776604713425,0.00120000,0,0,,,,0,cancelled
2026-04-19 13:00,ord-000314,sell,75868.01,1776604713425,0.01109000,0.01109000,0,,,,0,cancelled
2026-04-19 13:00,ord-000315,buy,75879.87,1776604718524,0,0,0,,,,0,cancelled
2026-04-19 13:00,ord-000316,sell,75883.88,1776604718524,0,0,0,,,,0,cancelled
2026-04-19 13:00,ord-000317,buy,75886.09,1776604723524,0,0,0,,,,0,cancelled
2026-04-19 13:00,ord-000318,sell,75890.10,1776604723524,0.00008000,0.00008000,0,,,,0,cancelled
2026-04-19 13:00,ord-000319,buy,75891.01,1776604728524,0,0,0,,,,0,cancelled
2026-04-19 13:00,ord-000320,sell,75895.02,1776604728524,0,0,0,,,,0,cancelled
2026-04-19 13:00,ord-000321,buy,75900.67,1776604734427,0,0,0,,,,0,cancelled
2026-04-19 13:00,ord-000322,sell,75904.68,1776604734427,0,0,0,,,,0,cancelled
2026-04-19 13:00,ord-000323,buy,75889.68,1776604739524,0,0,0,,,,0,cancelled
2026-04-19 13:00,ord-000324,sell,75893.69,1776604739524,0,0,0,,,,0,cancelled
2026-04-19 13:00,ord-000325,buy,75883.52,1776604744524,0,0,0,,,,0,cancelled
2026-04-19 13:00,ord-000326,sell,75887.53,1776604744524,0,0,0,,,,0,cancelled
2026-04-19 13:00,ord-000327,buy,75902.61,1776604749524,0,0,0,,,,0,cancelled
2026-04-19 13:00,ord-000328,sell,75906.62,1776604749524,0,0,0,,,,0,cancelled
2026-04-19 13:00,ord-000329,buy,75927.86,1776604754524,0,0,0,,,,0,cancelled
2026-04-19 13:00,ord-000330,sell,75931.87,1776604754524,0,0,0,,,,0,cancelled
2026-04-19 13:00,ord-000331,buy,75973.34,1776604759524,0,0,0,,,,0,cancelled
2026-04-19 13:00,ord-000332,sell,75977.35,1776604759524,0,0,0,,,,0,cancelled
2026-04-19 13:00,ord-000333,buy,75966.47,1776604764524,0,0,0,,,,0,cancelled
2026-04-19 13:00,ord-000334,sell,75970.48,1776604764524,0,0,0,,,,0,cancelled
2026-04-19 13:00,ord-000335,buy,75971.19,1776604769525,0,0,0,,,,0,cancelled
2026-04-19 13:00,ord-000336,sell,75975.20,1776604769525,0,0,0,,,,0,cancelled
2026-04-19 13:00,ord-000337,buy,76033.40,1776604774624,0,0,0,,,,0,cancelled
2026-04-19 13:00,ord-000338,sell,76037.41,1776604774624,0,0,0,,,,0,cancelled
2026-04-19 13:00,ord-000339,buy,76035.05,1776604779624,0,0,0,,,,0,cancelled
2026-04-19 13:00,ord-000340,sell,76039.06,1776604779624,0,0,0,,,,0,cancelled
2026-04-19 13:00,ord-000341,buy,76033.41,1776604784624,0,0,0,,,,0,cancelled
2026-04-19 13:00,ord-000342,sell,76037.42,1776604784624,0,0,0,,,,0,cancelled
2026-04-19 13:00,ord-000343,buy,76074.85,1776604789624,0,0,0,,,,0,cancelled
2026-04-19 13:00,ord-000344,sell,76078.86,1776604789624,0.00524000,0,0,,,,0,cancelled
2026-04-19 13:00,ord-000345,buy,76046.65,1776604794624,0,0,0,,,,0,cancelled
2026-04-19 13:00,ord-000346,sell,76050.66,1776604794624,0,0,0,,,,0,cancelled
2026-04-19 13:00,ord-000347,buy,76033.48,1776604799624,0,0,0,,,,0,cancelled
2026-04-19 13:00,ord-000348,sell,76037.49,1776604799624,0,0,0,,,,0,cancelled
2026-04-19 13:00,ord-000349,buy,76035.67,1776604807224,0,0,0,,,,0,cancelled
2026-04-19 13:00,ord-000350,sell,76039.68,1776604807224,0,0,0,,,,0,cancelled
2026-04-19 13:00,ord-000351,buy,75980.71,1776604812224,0,0,0,,,,0,cancelled
2026-04-19 13:00,ord-000352,sell,75984.72,1776604812224,0,0,0,,,,0,cancelled
2026-04-19 13:00,ord-000353,buy,75934.25,1776604817224,0,0,0,,,,0,cancelled
2026-04-19 13:00,ord-000354,sell,75938.26,1776604817224,0,0,0,,,,0,cancelled
2026-04-19 13:00,ord-000355,buy,75977.25,1776604822224,0,0,0,,,,0,cancelled
2026-04-19 13:00,ord-000356,sell,75981.26,1776604822224,0,0,0,,,,0,cancelled
2026-04-19 13:00,ord-000357,buy,75968.19,1776604827224,0,0,0,,,,0,cancelled
2026-04-19 13:00,ord-000358,sell,75972.20,1776604827224,0,0,0,,,,0,cancelled
2026-04-19 13:00,ord-000359,buy,75945.76,1776604832224,0,0,0,,,,0,cancelled
2026-04-19 13:00,ord-000360,sell,75949.77,1776604832224,0,0,0,,,,0,cancelled
2026-04-19 13:00,ord-000361,buy,75961.01,1776604837224,0,0,0,,,,0,cancelled
2026-04-19 13:00,ord-000362,sell,75965.02,1776604837224,0,0,0,,,,0,cancelled
2026-04-19 13:00,ord-000363,buy,75944.70,1776604842224,0,0,0,,,,0,cancelled
2026-04-19 13:00,ord-000364,sell,75948.71,1776604842224,0,0,0,,,,0,cancelled
2026-04-19 13:00,ord-000365,buy,75959.99,1776604847224,0,0,0,,,,0,cancelled
2026-04-19 13:00,ord-000366,sell,75964.00,1776604847224,0.07759000,0.00127000,0,,,,0,cancelled
2026-04-19 13:00,ord-000367,buy,75951.11,1776604852224,0,0,0,,,,0,cancelled
2026-04-19 13:00,ord-000368,sell,75955.12,1776604852224,0,0,0,,,,0,cancelled
2026-04-19 13:00,ord-000369,buy,75972.62,1776604857224,0,0,0,,,,0,cancelled
2026-04-19 13:00,ord-000370,sell,75976.63,1776604857224,0,0,0,,,,0,cancelled
2026-04-19 13:00,ord-000371,buy,76011.99,1776604862224,0,0,0,,,,0,cancelled
2026-04-19 13:00,ord-000372,sell,76016.00,1776604862224,0.00120000,0.00120000,0,,,,0,cancelled
2026-04-19 13:00,ord-000373,buy,76046.65,1776604867224,0,0,0,,,,0,cancelled
2026-04-19 13:00,ord-000374,sell,76050.66,1776604867224,0,0,0,,,,0,cancelled
2026-04-19 13:00,ord-000375,buy,76051.76,1776604872224,0,0,0,,,,0,cancelled
2026-04-19 13:00,ord-000376,sell,76055.77,1776604872224,0,0,0,,,,0,cancelled
2026-04-19 13:00,ord-000377,buy,76106.42,1776604877230,0,0,0,,,,0,cancelled
2026-04-19 13:00,ord-000378,sell,76110.43,1776604877230,0,0,0,,,,0,cancelled
2026-04-19 13:00,ord-000379,buy,76174.10,1776604882324,0,0,0,,,,0,cancelled
2026-04-19 13:00,ord-000380,sell,76178.11,1776604882324,0,0,0,,,,0,cancelled
2026-04-19 13:00,ord-000381,buy,76181.21,1776604887324,0,0,0,,,,0,cancelled
2026-04-19 13:00,ord-000382,sell,76185.22,1776604887324,0,0,0,,,,0,cancelled
2026-04-19 13:00,ord-000383,buy,76222.06,1776604892324,0,0,0,,,,0,cancelled
2026-04-19 13:00,ord-000384,sell,76226.07,1776604892324,0,0,0,,,,0,cancelled
2026-04-19 13:00,ord-000385,buy,76188.00,1776604897324,0.00120000,0.00120000,0,1776604898800,0.00120000,0.00000000,0.001,filled
2026-04-19 13:00,ord-000386,sell,76192.01,1776604897324,0.04014000,0,0,,,,0,cancelled
2026-04-19 13:00,ord-000387,buy,76174.51,1776604898826,0,0,0,,,,0,cancelled
2026-04-19 13:00,ord-000388,sell,76178.52,1776604898826,0,0,0,,,,0,cancelled
2026-04-19 13:00,ord-000389,buy,76134.00,1776604903924,0.00120000,0.00120000,0,,,,0,cancelled
2026-04-19 13:00,ord-000390,sell,76138.01,1776604903924,0.00014000,0,0,,,,0,cancelled
2026-04-19 13:00,ord-000391,buy,76140.35,1776604908924,0,0,0,,,,0,cancelled
2026-04-19 13:00,ord-000392,sell,76144.36,1776604908924,0,0,0,,,,0,cancelled
2026-04-19 13:00,ord-000393,buy,76138.00,1776604913924,0.00120000,0.00120000,0,,,,0,cancelled
2026-04-19 13:00,ord-000394,sell,76142.01,1776604913924,0,0,0,,,,0,cancelled
2026-04-19 13:00,ord-000395,buy,76154.08,1776604918924,0,0,0,,,,0,cancelled
2026-04-19 13:00,ord-000396,sell,76158.09,1776604918924,0,0,0,,,,0,cancelled
2026-04-19 13:00,ord-000397,buy,76209.49,1776604923924,0,0,0,,,,0,cancelled
2026-04-19 13:00,ord-000398,sell,76213.50,1776604923924,0,0,0,,,,0,cancelled
2026-04-19 13:00,ord-000399,buy,76167.90,1776604928924,0,0,0,,,,0,cancelled
2026-04-19 13:00,ord-000400,sell,76171.91,1776604928924,0,0,0,,,,0,cancelled
2026-04-19 13:00,ord-000401,buy,76213.99,1776604933924,0,0,0,,,,0,cancelled
2026-04-19 13:00,ord-000402,sell,76218.00,1776604933924,0.00120000,0.00120000,0,,,,0,cancelled
2026-04-19 13:00,ord-000403,buy,76214.19,1776604938924,0,0,0,,,,0,cancelled
2026-04-19 13:00,ord-000404,sell,76218.20,1776604938924,0,0,0,,,,0,cancelled
2026-04-19 13:00,ord-000405,buy,76211.07,1776604943924,0,0,0,,,,0,cancelled
2026-04-19 13:00,ord-000406,sell,76215.08,1776604943924,0,0,0,,,,0,cancelled
2026-04-19 13:00,ord-000407,buy,76186.35,1776604948924,0,0,0,,,,0,cancelled
2026-04-19 13:00,ord-000408,sell,76190.36,1776604948924,0,0,0,,,,0,cancelled
2026-04-19 13:00,ord-000409,buy,76182.74,1776604953924,0,0,0,,,,0,cancelled
2026-04-19 13:00,ord-000410,sell,76186.75,1776604953924,0,0,0,1776604955381,0,0,0.00014000,cancelled
2026-04-19 13:00,ord-000411,buy,76176.19,1776604958924,0,0,0,,,,0,cancelled
2026-04-19 13:00,ord-000412,sell,76180.20,1776604958924,0,0,0,,,,0,cancelled
2026-04-19 13:00,ord-000413,buy,76189.25,1776604965124,0,0,0,,,,0,cancelled
2026-04-19 13:00,ord-000414,sell,76193.26,1776604965124,0.00008000,0.00008000,0,,,,0,cancelled
2026-04-19 13:00,ord-000415,buy,76210.62,1776604970124,0,0,0,,,,0,cancelled
2026-04-19 13:00,ord-000416,sell,76214.63,1776604970124,0,0,0,,,,0,cancelled
2026-04-19 13:00,ord-000417,buy,76223.27,1776604975124,0,0,0,,,,0,cancelled
2026-04-19 13:00,ord-000418,sell,76227.28,1776604975124,0,0,0,,,,0,cancelled
2026-04-19 13:00,ord-000419,buy,76205.52,1776604980124,0,0,0,,,,0,cancelled
2026-04-19 13:00,ord-000420,sell,76209.53,1776604980124,0,0,0,,,,0,cancelled
2026-04-19 13:00,ord-000421,buy,76188.03,1776604985124,0,0,0,,,,0,cancelled
2026-04-19 13:00,ord-000422,sell,76192.04,1776604985124,0,0,0,,,,0,cancelled
2026-04-19 13:00,ord-000423,buy,76212.21,1776604990124,0,0,0,,,,0,cancelled
2026-04-19 13:00,ord-000424,sell,76216.22,1776604990124,0,0,0,,,,0,cancelled
2026-04-19 13:00,ord-000425,buy,76176.18,1776604995124,0,0,0,,,,0,cancelled
2026-04-19 13:00,ord-000426,sell,76180.19,1776604995124,0,0,0,,,,0,cancelled
2026-04-19 13:00,ord-000427,buy,76169.15,1776605000124,0,0,0,,,,0,cancelled
2026-04-19 13:00,ord-000428,sell,76173.16,1776605000124,0,0,0,,,,0,cancelled
2026-04-19 13:00,ord-000429,buy,76164.00,1776605005124,0.00120000,0.00120000,0,,,,0,cancelled
2026-04-19 13:00,ord-000430,sell,76168.01,1776605005124,0,0,0,,,,0,cancelled
2026-04-19 13:00,ord-000431,buy,76148.00,1776605010124,0.00120000,0.00120000,0,,,,0,cancelled
2026-04-19 13:00,ord-000432,sell,76152.01,1776605010124,0,0,0,,,,0,cancelled
2026-04-19 13:00,ord-000433,buy,76131.89,1776605015124,0,0,0,,,,0,cancelled
2026-04-19 13:00,ord-000434,sell,76135.90,1776605015124,0,0,0,,,,0,cancelled
2026-04-19 13:00,ord-000435,buy,76132.11,1776605020124,0,0,0,,,,0,cancelled
2026-04-19 13:00,ord-000436,sell,76136.12,1776605020124,0,0,0,,,,0,cancelled
2026-04-19 13:00,ord-000437,buy,76115.15,1776605025124,0.20496000,0,0,,,,0,cancelled
2026-04-19 13:00,ord-000438,sell,76119.16,1776605025124,0,0,0,,,,0,cancelled
2026-04-19 13:00,ord-000439,buy,76109.00,1776605030724,0,0,0,,,,0,cancelled
2026-04-19 13:00,ord-000440,sell,76113.01,1776605030724,0,0,0,,,,0,cancelled
2026-04-19 13:00,ord-000441,buy,76111.20,1776605035724,0,0,0,,,,0,cancelled
2026-04-19 13:00,ord-000442,sell,76115.21,1776605035724,0,0,0,,,,0,cancelled
2026-04-19 13:00,ord-000443,buy,76108.52,1776605041224,0,0,0,,,,0,cancelled
2026-04-19 13:00,ord-000444,sell,76112.53,1776605041224,0,0,0,,,,0,cancelled
2026-04-19 13:00,ord-000445,buy,76084.80,1776605046224,0,0,0,,,,0,cancelled
2026-04-19 13:00,ord-000446,sell,76088.81,1776605046224,0,0,0,,,,0,cancelled
2026-04-19 13:00,ord-000447,buy,76071.39,1776605051224,0,0,0,,,,0,cancelled
2026-04-19 13:00,ord-000448,sell,76075.40,1776605051224,0,0,0,,,,0,cancelled
2026-04-19 13:00,ord-000449,buy,76065.12,1776605056224,0,0,0,,,,0,cancelled
2026-04-19 13:00,ord-000450,sell,76069.13,1776605056224,0,0,0,,,,0,cancelled
2026-04-19 13:00,ord-000451,buy,76081.67,1776605061224,0,0,0,,,,0,cancelled
2026-04-19 13:00,ord-000452,sell,76085.68,1776605061224,0,0,0,,,,0,cancelled
2026-04-19 13:00,ord-000453,buy,76076.00,1776605066224,0.00128000,0,0,,,,0,cancelled
2026-04-19 13:00,ord-000454,sell,76080.01,1776605066224,0,0,0,,,,0,cancelled
2026-04-19 13:00,ord-000455,buy,76051.76,1776605071224,0,0,0,,,,0,cancelled
2026-04-19 13:00,ord-000456,sell,76055.77,1776605071224,0,0,0,,,,0,cancelled
2026-04-19 13:00,ord-000457,buy,76022.68,1776605076224,0,0,0,,,,0,cancelled
2026-04-19 13:00,ord-000458,sell,76026.69,1776605076224,0,0,0,,,,0,cancelled
2026-04-19 13:00,ord-000459,buy,76026.86,1776605081224,0,0,0,,,,0,cancelled
2026-04-19 13:00,ord-000460,sell,76030.87,1776605081224,0,0,0,,,,0,cancelled
2026-04-19 13:00,ord-000461,buy,76045.51,1776605086224,0,0,0,,,,0,cancelled
2026-04-19 13:00,ord-000462,sell,76049.52,1776605086224,0,0,0,,,,0,cancelled
2026-04-19 13:00,ord-000463,buy,76042.74,1776605091424,0,0,0,,,,0,cancelled
2026-04-19 13:00,ord-000464,sell,76046.75,1776605091424,0,0,0,,,,0,cancelled
2026-04-19 13:00,ord-000465,buy,76037.89,1776605096424,0,0,0,,,,0,cancelled
2026-04-19 13:00,ord-000466,sell,76041.90,1776605096424,0,0,0,,,,0,cancelled
2026-04-19 13:00,ord-000467,buy,76043.83,1776605101424,0,0,0,,,,0,cancelled
2026-04-19 13:00,ord-000468,sell,76047.84,1776605101424,0,0,0,,,,0,cancelled
2026-04-19 13:00,ord-000469,buy,76045.52,1776605107924,0,0,0,,,,0,cancelled
2026-04-19 13:00,ord-000470,sell,76049.53,1776605107924,0,0,0,,,,0,cancelled
2026-04-19 13:00,ord-000471,buy,76048.30,1776605112924,0.00007000,0,0,,,,0,cancelled
2026-04-19 13:00,ord-000472,sell,76052.31,1776605112924,0,0,0,,,,0,cancelled
2026-04-19 13:00,ord-000473,buy,76053.97,1776605117924,0,0,0,,,,0,cancelled
2026-04-19 13:00,ord-000474,sell,76057.98,1776605117924,0,0,0,,,,0,cancelled
2026-04-19 13:00,ord-000475,buy,76050.88,1776605128024,0,0,0,,,,0,cancelled
2026-04-19 13:00,ord-000476,sell,76054.89,1776605128024,0,0,0,,,,0,cancelled
2026-04-19 13:00,ord-000477,buy,76047.46,1776605133024,0,0,0,,,,0,cancelled
2026-04-19 13:00,ord-000478,sell,76051.47,1776605133024,0,0,0,,,,0,cancelled
2026-04-19 13:00,ord-000479,buy,76044.04,1776605138024,0,0,0,,,,0,cancelled
2026-04-19 13:00,ord-000480,sell,76048.05,1776605138024,0,0,0,,,,0,cancelled
2026-04-19 13:00,ord-000481,buy,76047.45,1776605144124,0,0,0,,,,0,cancelled
2026-04-19 13:00,ord-000482,sell,76051.46,1776605144124,0,0,0,,,,0,cancelled
2026-04-19 13:00,ord-000483,buy,76060.81,1776605149124,0,0,0,,,,0,cancelled
2026-04-19 13:00,ord-000484,sell,76064.82,1776605149124,0,0,0,,,,0,cancelled
2026-04-19 13:00,ord-000485,buy,76075.11,1776605154124,0,0,0,,,,0,cancelled
2026-04-19 13:00,ord-000486,sell,76079.12,1776605154124,0.00300000,0,0,,,,0,cancelled
2026-04-19 13:00,ord-000487,buy,76079.06,1776605161524,0,0,0,,,,0,cancelled
2026-04-19 13:00,ord-000488,sell,76083.07,1776605161524,0,0,0,,,,0,cancelled
2026-04-19 13:00,ord-000489,buy,76115.18,1776605166524,0,0,0,,,,0,cancelled
2026-04-19 13:00,ord-000490,sell,76119.19,1776605166524,0,0,0,,,,0,cancelled
2026-04-19 13:00,ord-000491,buy,76101.03,1776605171524,0,0,0,,,,0,cancelled
2026-04-19 13:00,ord-000492,sell,76105.04,1776605171524,0,0,0,,,,0,cancelled
2026-04-19 13:00,ord-000493,buy,76111.53,1776605176524,0,0,0,,,,0,cancelled
2026-04-19 13:00,ord-000494,sell,76115.54,1776605176524,0,0,0,,,,0,cancelled
2026-04-19 13:00,ord-000495,buy,76110.15,1776605181524,0,0,0,,,,0,cancelled
2026-04-19 13:00,ord-000496,sell,76114.16,1776605181524,0,0,0,,,,0,cancelled
2026-04-19 13:00,ord-000497,buy,76110.16,1776605187224,0,0,0,,,,0,cancelled
2026-04-19 13:00,ord-000498,sell,76114.17,1776605187224,0,0,0,,,,0,cancelled
2026-04-19 13:00,ord-000499,buy,76111.99,1776605192224,0,0,0,,,,0,cancelled
2026-04-19 13:00,ord-000500,sell,76116.00,1776605192224,0,0,0,,,,0,cancelled
2026-04-19 13:00,ord-000501,buy,76119.16,1776605197224,0,0,0,,,,0,cancelled
2026-04-19 13:00,ord-000502,sell,76123.17,1776605197224,0,0,0,,,,0,cancelled
2026-04-19 13:00,ord-000503,buy,76119.75,1776605206424,0,0,0,,,,0,cancelled
2026-04-19 13:00,ord-000504,sell,76123.76,1776605206424,0,0,0,,,,0,cancelled
2026-04-19 13:00,ord-000505,buy,76119.16,1776605211424,0,0,0,,,,0,cancelled
2026-04-19 13:00,ord-000506,sell,76123.17,1776605211424,0,0,0,,,,0,cancelled
2026-04-19 13:00,ord-000507,buy,76110.16,1776605216424,0,0,0,,,,0,cancelled
2026-04-19 13:00,ord-000508,sell,76114.17,1776605216424,0,0,0,,,,0,cancelled
2026-04-19 13:00,ord-000509,buy,76093.41,1776605221424,0,0,0,,,,0,cancelled
2026-04-19 13:00,ord-000510,sell,76097.42,1776605221424,0,0,0,,,,0,cancelled
2026-04-19 13:00,ord-000511,buy,76107.81,1776605226424,0,0,0,,,,0,cancelled
2026-04-19 13:00,ord-000512,sell,76111.82,1776605226424,0.00132000,0.00132000,0,,,,0,cancelled
2026-04-19 13:00,ord-000513,buy,76120.93,1776605231424,0,0,0,,,,0,cancelled
2026-04-19 13:00,ord-000514,sell,76124.94,1776605231424,0,0,0,,,,0,cancelled
2026-04-19 13:00,ord-000515,buy,76111.02,1776605236424,0,0,0,,,,0,cancelled
2026-04-19 13:00,ord-000516,sell,76115.03,1776605236424,0,0,0,,,,0,cancelled
2026-04-19 13:00,ord-000517,buy,76120.30,1776605252324,0,0,0,,,,0,cancelled
2026-04-19 13:00,ord-000518,sell,76124.31,1776605252324,0,0,0,,,,0,cancelled
2026-04-19 13:00,ord-000519,buy,76136.22,1776605257324,0,0,0,,,,0,cancelled
2026-04-19 13:00,ord-000520,sell,76140.23,1776605257324,0,0,0,,,,0,cancelled
2026-04-19 13:00,ord-000521,buy,76110.17,1776605262324,0,0,0,,,,0,cancelled
2026-04-19 13:00,ord-000522,sell,76114.18,1776605262324,0,0,0,,,,0,cancelled
2026-04-19 13:00,ord-000523,buy,76075.39,1776605267324,0,0,0,,,,0,cancelled
2026-04-19 13:00,ord-000524,sell,76079.40,1776605267324,0,0,0,,,,0,cancelled
2026-04-19 13:00,ord-000525,buy,76054.26,1776605272324,0,0,0,,,,0,cancelled
2026-04-19 13:00,ord-000526,sell,76058.27,1776605272324,0,0,0,,,,0,cancelled
2026-04-19 13:00,ord-000527,buy,76060.85,1776605277324,0,0,0,,,,0,cancelled
2026-04-19 13:00,ord-000528,sell,76064.86,1776605277324,0,0,0,,,,0,cancelled
2026-04-19 13:00,ord-000529,buy,76065.99,1776605282324,0,0,0,,,,0,cancelled
2026-04-19 13:00,ord-000530,sell,76070.00,1776605282324,0.00120000,0.00120000,0,1776605283718,0.00120000,0.00000000,0.001,filled
2026-04-19 13:00,ord-000531,buy,76083.11,1776605283824,0,0,0,,,,0,cancelled
2026-04-19 13:00,ord-000532,sell,76087.12,1776605283824,0,0,0,,,,0,cancelled
2026-04-19 13:00,ord-000533,buy,76097.52,1776605288824,0,0,0,,,,0,cancelled
2026-04-19 13:00,ord-000534,sell,76101.53,1776605288824,0,0,0,,,,0,cancelled
2026-04-19 13:00,ord-000535,buy,76081.60,1776605293824,0,0,0,,,,0,cancelled
2026-04-19 13:00,ord-000536,sell,76085.61,1776605293824,0,0,0,,,,0,cancelled
2026-04-19 13:00,ord-000537,buy,76073.66,1776605299424,0,0,0,,,,0,cancelled
2026-04-19 13:00,ord-000538,sell,76077.67,1776605299424,0,0,0,,,,0,cancelled
2026-04-19 13:00,ord-000539,buy,76071.14,1776605306424,0,0,0,,,,0,cancelled
2026-04-19 13:00,ord-000540,sell,76075.15,1776605306424,0,0,0,,,,0,cancelled
2026-04-19 13:00,ord-000541,buy,76058.44,1776605311424,0,0,0,,,,0,cancelled
2026-04-19 13:00,ord-000542,sell,76062.45,1776605311424,0,0,0,,,,0,cancelled
2026-04-19 13:00,ord-000543,buy,76027.84,1776605316424,0,0,0,,,,0,cancelled
2026-04-19 13:00,ord-000544,sell,76031.85,1776605316424,0,0,0,,,,0,cancelled
2026-04-19 13:00,ord-000545,buy,76025.81,1776605321424,0,0,0,,,,0,cancelled
2026-04-19 13:00,ord-000546,sell,76029.82,1776605321424,0,0,0,,,,0,cancelled
2026-04-19 13:00,ord-000547,buy,76020.97,1776605326424,0,0,0,,,,0,cancelled
2026-04-19 13:00,ord-000548,sell,76024.98,1776605326424,0,0,0,,,,0,cancelled
2026-04-19 13:00,ord-000549,buy,76027.99,1776605331424,0,0,0,,,,0,cancelled
2026-04-19 13:00,ord-000550,sell,76032.00,1776605331424,0.00120000,0.00120000,0,,,,0,cancelled
2026-04-19 13:00,ord-000551,buy,76031.09,1776605350024,0,0,0,,,,0,cancelled
2026-04-19 13:00,ord-000552,sell,76035.10,1776605350024,0,0,0,,,,0,cancelled
2026-04-19 13:00,ord-000553,buy,76027.99,1776605355024,0,0,0,,,,0,cancelled
2026-04-19 13:00,ord-000554,sell,76032.00,1776605355024,0,0,0,,,,0,cancelled
2026-04-19 13:00,ord-000555,buy,76019.66,1776605360024,0,0,0,,,,0,cancelled
2026-04-19 13:00,ord-000556,sell,76023.67,1776605360024,0,0,0,,,,0,cancelled
2026-04-19 13:00,ord-000557,buy,76011.08,1776605365024,0,0,0,,,,0,cancelled
2026-04-19 13:00,ord-000558,sell,76015.09,1776605365024,0,0,0,,,,0,cancelled
2026-04-19 13:00,ord-000559,buy,76023.99,1776605370024,0,0,0,,,,0,cancelled
2026-04-19 13:00,ord-000560,sell,76028.00,1776605370024,0.00120000,0,0,,,,0,cancelled
2026-04-19 13:00,ord-000561,buy,76025.83,1776605375026,0,0,0,,,,0,cancelled
2026-04-19 13:00,ord-000562,sell,76029.84,1776605375026,0,0,0,,,,0,cancelled
2026-04-19 13:00,ord-000563,buy,76026.76,1776605380124,0,0,0,,,,0,cancelled
2026-04-19 13:00,ord-000564,sell,76030.77,1776605380124,0,0,0,,,,0,cancelled
2026-04-19 13:00,ord-000565,buy,76022.51,1776605385124,0,0,0,,,,0,cancelled
2026-04-19 13:00,ord-000566,sell,76026.52,1776605385124,0,0,0,,,,0,cancelled
2026-04-19 13:00,ord-000567,buy,76018.53,1776605390124,0,0,0,,,,0,cancelled
2026-04-19 13:00,ord-000568,sell,76022.54,1776605390124,0,0,0,,,,0,cancelled
2026-04-19 13:00,ord-000569,buy,76026.75,1776605395124,0,0,0,,,,0,cancelled
2026-04-19 13:00,ord-000570,sell,76030.76,1776605395124,0,0,0,,,,0,cancelled
2026-04-19 13:00,ord-000571,buy,76043.84,1776605400124,0,0,0,,,,0,cancelled
2026-04-19 13:00,ord-000572,sell,76047.85,1776605400124,0,0,0,,,,0,cancelled
2026-04-19 13:00,ord-000573,buy,76085.42,1776605405124,0,0,0,,,,0,cancelled
2026-04-19 13:00,ord-000574,sell,76089.43,1776605405124,0,0,0,,,,0,cancelled
2026-04-19 13:00,ord-000575,buy,76094.45,1776605410124,0,0,0,,,,0,cancelled
2026-04-19 13:00,ord-000576,sell,76098.46,1776605410124,0,0,0,,,,0,cancelled
2026-04-19 13:00,ord-000577,buy,76107.43,1776605420253,0,0,0,,,,0,cancelled
2026-04-19 13:00,ord-000578,sell,76111.44,1776605420253,0,0,0,,,,0,cancelled
2026-04-19 13:00,ord-000579,buy,76094.45,1776605425324,0,0,0,,,,0,cancelled
2026-04-19 13:00,ord-000580,sell,76098.46,1776605425324,0,0,0,,,,0,cancelled
2026-04-19 13:00,ord-000581,buy,76094.44,1776605434424,0,0,0,,,,0,cancelled
2026-04-19 13:00,ord-000582,sell,76098.45,1776605434424,0,0,0,,,,0,cancelled
2026-04-19 13:00,ord-000583,buy,76048.26,1776605439424,0,0,0,,,,0,cancelled
2026-04-19 13:00,ord-000584,sell,76052.27,1776605439424,0,0,0,,,,0,cancelled
2026-04-19 13:00,ord-000585,buy,76039.82,1776605444424,0,0,0,,,,0,cancelled
2026-04-19 13:00,ord-000586,sell,76043.83,1776605444424,0,0,0,,,,0,cancelled
2026-04-19 13:00,ord-000587,buy,76018.00,1776605449424,0.00120000,0.00120000,0,,,,0,cancelled
2026-04-19 13:00,ord-000588,sell,76022.01,1776605449424,0,0,0,,,,0,cancelled
2026-04-19 13:00,ord-000589,buy,76003.97,1776605454424,0,0,0,,,,0,cancelled
2026-04-19 13:00,ord-000590,sell,76007.98,1776605454424,0,0,0,,,,0,cancelled
2026-04-19 13:00,ord-000591,buy,75998.00,1776605459424,0.00120000,0,0,,,,0,cancelled
2026-04-19 13:00,ord-000592,sell,76002.01,1776605459424,0,0,0,,,,0,cancelled
2026-04-19 13:00,ord-000593,buy,76003.97,1776605464424,0,0,0,,,,0,cancelled
2026-04-19 13:00,ord-000594,sell,76007.98,1776605464424,0,0,0,,,,0,cancelled
2026-04-19 13:00,ord-000595,buy,75984.78,1776605469424,0,0,0,,,,0,cancelled
2026-04-19 13:00,ord-000596,sell,75988.79,1776605469424,0,0,0,,,,0,cancelled
2026-04-19 13:00,ord-000597,buy,76003.96,1776605474424,0,0,0,,,,0,cancelled
2026-04-19 13:00,ord-000598,sell,76007.97,1776605474424,0,0,0,,,,0,cancelled
2026-04-19 13:00,ord-000599,buy,75993.38,1776605484124,0,0,0,,,,0,cancelled
2026-04-19 13:00,ord-000600,sell,75997.39,1776605484124,0,0,0,,,,0,cancelled
2026-04-19 13:00,ord-000601,buy,76007.55,1776605489124,0,0,0,,,,0,cancelled
2026-04-19 13:00,ord-000602,sell,76011.56,1776605489124,0,0,0,,,,0,cancelled
2026-04-19 13:00,ord-000603,buy,76017.99,1776605494124,0,0,0,,,,0,cancelled
2026-04-19 13:00,ord-000604,sell,76022.00,1776605494124,0.00120000,0,0,,,,0,cancelled
2026-04-19 13:00,ord-000605,buy,76014.00,1776605505524,0.00080000,0.00080000,0,,,,0,cancelled
2026-04-19 13:00,ord-000606,sell,76018.01,1776605505524,0,0,0,,,,0,cancelled
2026-04-19 13:00,ord-000607,buy,76008.58,1776605510524,0,0,0,,,,0,cancelled
2026-04-19 13:00,ord-000608,sell,76012.59,1776605510524,0,0,0,,,,0,cancelled
2026-04-19 13:00,ord-000609,buy,76003.65,1776605515524,0.05931000,0,0,,,,0,cancelled
2026-04-19 13:00,ord-000610,sell,76007.66,1776605515524,0,0,0,,,,0,cancelled
2026-04-19 13:00,ord-000611,buy,75995.08,1776605520524,0,0,0,,,,0,cancelled
2026-04-19 13:00,ord-000612,sell,75999.09,1776605520524,0,0,0,,,,0,cancelled
2026-04-19 13:00,ord-000613,buy,76007.88,1776605525524,0,0,0,,,,0,cancelled
2026-04-19 13:00,ord-000614,sell,76011.89,1776605525524,0,0,0,,,,0,cancelled
2026-04-19 13:00,ord-000615,buy,76008.69,1776605534924,0,0,0,,,,0,cancelled
2026-04-19 13:00,ord-000616,sell,76012.70,1776605534924,0,0,0,,,,0,cancelled
2026-04-19 13:00,ord-000617,buy,76016.13,1776605544224,0,0,0,,,,0,cancelled
2026-04-19 13:00,ord-000618,sell,76020.14,1776605544224,0,0,0,,,,0,cancelled
2026-04-19 13:00,ord-000619,buy,76040.14,1776605549224,0,0,0,,,,0,cancelled
2026-04-19 13:00,ord-000620,sell,76044.15,1776605549224,0,0,0,,,,0,cancelled
2026-04-19 13:00,ord-000621,buy,76029.46,1776605554624,0.00300000,0,0,,,,0,cancelled
2026-04-19 13:00,ord-000622,sell,76033.47,1776605554624,0,0,0,,,,0,cancelled
2026-04-19 13:00,ord-000623,buy,76025.82,1776605560424,0,0,0,,,,0,cancelled
2026-04-19 13:00,ord-000624,sell,76029.83,1776605560424,0,0,0,,,,0,cancelled
2026-04-19 13:00,ord-000625,buy,76023.24,1776605570224,0,0,0,,,,0,cancelled
2026-04-19 13:00,ord-000626,sell,76027.25,1776605570224,0,0,0,,,,0,cancelled
2026-04-19 13:00,ord-000627,buy,76025.82,1776605575224,0,0,0,,,,0,cancelled
2026-04-19 13:00,ord-000628,sell,76029.83,1776605575224,0,0,0,,,,0,cancelled
2026-04-19 13:00,ord-000629,buy,75999.54,1776605580224,0.00026000,0,0,,,,0,cancelled
2026-04-19 13:00,ord-000630,sell,76003.55,1776605580224,0,0,0,,,,0,cancelled
2026-04-19 13:00,ord-000631,buy,75999.53,1776605593024,0,0,0,,,,0,cancelled
2026-04-19 13:00,ord-000632,sell,76003.54,1776605593024,0,0,0,,,,0,cancelled
2026-04-19 13:00,ord-000633,buy,75972.21,1776605598024,0,0,0,,,,0,cancelled
2026-04-19 13:00,ord-000634,sell,75976.22,1776605598024,0.00010000,0,0,,,,0,cancelled
2026-04-19 13:00,ord-000635,buy,75975.99,1776605603024,0,0,0,,,,0,cancelled
2026-04-19 13:00,ord-000636,sell,75980.00,1776605603024,0.00120000,0,0,,,,0,cancelled
2026-04-19 13:00,ord-000637,buy,75976.45,1776605608024,0,0,0,,,,0,cancelled
2026-04-19 13:00,ord-000638,sell,75980.46,1776605608024,0,0,0,,,,0,cancelled
2026-04-19 13:00,ord-000639,buy,75968.98,1776605613024,0,0,0,,,,0,cancelled
2026-04-19 13:00,ord-000640,sell,75972.99,1776605613024,0,0,0,,,,0,cancelled
2026-04-19 13:00,ord-000641,buy,75968.48,1776605618024,0,0,0,,,,0,cancelled
2026-04-19 13:00,ord-000642,sell,75972.49,1776605618024,0,0,0,,,,0,cancelled
2026-04-19 13:00,ord-000643,buy,75971.41,1776605623324,0,0,0,,,,0,cancelled
2026-04-19 13:00,ord-000644,sell,75975.42,1776605623324,0,0,0,,,,0,cancelled
2026-04-19 13:00,ord-000645,buy,75966.69,1776605628324,0,0,0,,,,0,cancelled
2026-04-19 13:00,ord-000646,sell,75970.70,1776605628324,0,0,0,,,,0,cancelled
2026-04-19 13:00,ord-000647,buy,75971.99,1776605633324,0,0,0,,,,0,cancelled
2026-04-19 13:00,ord-000648,sell,75976.00,1776605633324,0.00080000,0.00080000,0,,,,0,cancelled
2026-04-19 13:00,ord-000649,buy,75975.98,1776605638324,0,0,0,,,,0,cancelled
2026-04-19 13:00,ord-000650,sell,75979.99,1776605638324,0,0,0,,,,0,cancelled
2026-04-19 13:00,ord-000651,buy,75982.33,1776605643324,0,0,0,,,,0,cancelled
2026-04-19 13:00,ord-000652,sell,75986.34,1776605643324,0,0,0,,,,0,cancelled
2026-04-19 13:00,ord-000653,buy,75983.37,1776605648324,0,0,0,,,,0,cancelled
2026-04-19 13:00,ord-000654,sell,75987.38,1776605648324,0,0,0,,,,0,cancelled
2026-04-19 13:00,ord-000655,buy,76002.40,1776605653880,0,0,0,,,,0,cancelled
2026-04-19 13:00,ord-000656,sell,76006.41,1776605653880,0,0,0,,,,0,cancelled
2026-04-19 13:00,ord-000657,buy,76018.20,1776605658924,0,0,0,,,,0,cancelled
2026-04-19 13:00,ord-000658,sell,76022.21,1776605658924,0,0,0,,,,0,cancelled
2026-04-19 13:00,ord-000659,buy,76008.45,1776605663924,0,0,0,,,,0,cancelled
2026-04-19 13:00,ord-000660,sell,76012.46,1776605663924,0,0,0,,,,0,cancelled
2026-04-19 13:00,ord-000661,buy,76005.36,1776605668924,0,0,0,,,,0,cancelled
2026-04-19 13:00,ord-000662,sell,76009.37,1776605668924,0,0,0,,,,0,cancelled
2026-04-19 13:00,ord-000663,buy,76013.82,1776605673924,0,0,0,,,,0,cancelled
2026-04-19 13:00,ord-000664,sell,76017.83,1776605673924,0,0,0,,,,0,cancelled
2026-04-19 13:00,ord-000665,buy,76006.96,1776605679124,0,0,0,,,,0,cancelled
2026-04-19 13:00,ord-000666,sell,76010.97,1776605679124,0,0,0,,,,0,cancelled
2026-04-19 13:00,ord-000667,buy,76018.19,1776605684124,0,0,0,,,,0,cancelled
2026-04-19 13:00,ord-000668,sell,76022.20,1776605684124,0,0,0,,,,0,cancelled
2026-04-19 13:00,ord-000669,buy,76029.29,1776605689124,0,0,0,,,,0,cancelled
2026-04-19 13:00,ord-000670,sell,76033.30,1776605689124,0,0,0,,,,0,cancelled
2026-04-19 13:00,ord-000671,buy,76022.55,1776605694125,0,0,0,,,,0,cancelled
2026-04-19 13:00,ord-000672,sell,76026.56,1776605694125,0,0,0,,,,0,cancelled
2026-04-19 13:00,ord-000673,buy,76014.09,1776605699224,0,0,0,,,,0,cancelled
2026-04-19 13:00,ord-000674,sell,76018.10,1776605699224,0,0,0,,,,0,cancelled
2026-04-19 13:00,ord-000675,buy,76006.00,1776605704224,0.00120000,0,0,,,,0,cancelled
2026-04-19 13:00,ord-000676,sell,76010.01,1776605704224,0,0,0,,,,0,cancelled
2026-04-19 13:00,ord-000677,buy,76013.20,1776605709224,0,0,0,,,,0,cancelled
2026-04-19 13:00,ord-000678,sell,76017.21,1776605709224,0,0,0,,,,0,cancelled
2026-04-19 13:00,ord-000679,buy,76022.55,1776605714224,0,0,0,,,,0,cancelled
2026-04-19 13:00,ord-000680,sell,76026.56,1776605714224,0,0,0,,,,0,cancelled
2026-04-19 13:00,ord-000681,buy,76030.22,1776605719224,0,0,0,,,,0,cancelled
2026-04-19 13:00,ord-000682,sell,76034.23,1776605719224,0,0,0,,,,0,cancelled
2026-04-19 13:00,ord-000683,buy,76033.46,1776605724224,0,0,0,,,,0,cancelled
2026-04-19 13:00,ord-000684,sell,76037.47,1776605724224,0,0,0,,,,0,cancelled
2026-04-19 13:00,ord-000685,buy,76031.90,1776605729724,0,0,0,,,,0,cancelled
2026-04-19 13:00,ord-000686,sell,76035.91,1776605729724,0,0,0,,,,0,cancelled
2026-04-19 13:00,ord-000687,buy,76029.15,1776605734724,0,0,0,,,,0,cancelled
2026-04-19 13:00,ord-000688,sell,76033.16,1776605734724,0,0,0,,,,0,cancelled
2026-04-19 13:00,ord-000689,buy,76029.08,1776605739724,0,0,0,,,,0,cancelled
2026-04-19 13:00,ord-000690,sell,76033.09,1776605739724,0,0,0,,,,0,cancelled
2026-04-19 13:00,ord-000691,buy,76023.74,1776605744724,0,0,0,,,,0,cancelled
2026-04-19 13:00,ord-000692,sell,76027.75,1776605744724,0,0,0,,,,0,cancelled
2026-04-19 13:00,ord-000693,buy,76023.56,1776605749724,0,0,0,,,,0,cancelled
2026-04-19 13:00,ord-000694,sell,76027.57,1776605749724,0,0,0,,,,0,cancelled
2026-04-19 13:00,ord-000695,buy,76018.30,1776605754725,0,0,0,,,,0,cancelled
2026-04-19 13:00,ord-000696,sell,76022.31,1776605754725,0,0,0,,,,0,cancelled
2026-04-19 13:00,ord-000697,buy,76016.91,1776605759824,0,0,0,,,,0,cancelled
2026-04-19 13:00,ord-000698,sell,76020.92,1776605759824,0,0,0,,,,0,cancelled
2026-04-19 13:00,ord-000699,buy,76012.79,1776605764824,0,0,0,,,,0,cancelled
2026-04-19 13:00,ord-000700,sell,76016.80,1776605764824,0,0,0,,,,0,cancelled
2026-04-19 13:00,ord-000701,buy,76012.50,1776605769824,0,0,0,,,,0,cancelled
2026-04-19 13:00,ord-000702,sell,76016.51,1776605769824,0,0,0,,,,0,cancelled
2026-04-19 13:00,ord-000703,buy,76008.71,1776605775124,0,0,0,,,,0,cancelled
2026-04-19 13:00,ord-000704,sell,76012.72,1776605775124,0,0,0,,,,0,cancelled
2026-04-19 13:00,ord-000705,buy,75988.20,1776605780124,0,0,0,,,,0,cancelled
2026-04-19 13:00,ord-000706,sell,75992.21,1776605780124,0.00007000,0,0,,,,0,cancelled
2026-04-19 13:00,ord-000707,buy,75974.23,1776605785124,0,0,0,,,,0,cancelled
2026-04-19 13:00,ord-000708,sell,75978.24,1776605785124,0,0,0,,,,0,cancelled
2026-04-19 13:00,ord-000709,buy,75978.72,1776605793224,0,0,0,,,,0,cancelled
2026-04-19 13:00,ord-000710,sell,75982.73,1776605793224,0,0,0,,,,0,cancelled
2026-04-19 13:00,ord-000711,buy,75987.21,1776605798224,0,0,0,,,,0,cancelled
2026-04-19 13:00,ord-000712,sell,75991.22,1776605798224,0,0,0,,,,0,cancelled
2026-04-19 13:00,ord-000713,buy,75982.27,1776605803224,0,0,0,,,,0,cancelled
2026-04-19 13:00,ord-000714,sell,75986.28,1776605803224,0,0,0,,,,0,cancelled
2026-04-19 13:00,ord-000715,buy,75970.52,1776605808224,0,0,0,,,,0,cancelled
2026-04-19 13:00,ord-000716,sell,75974.53,1776605808224,0,0,0,,,,0,cancelled
2026-04-19 13:00,ord-000717,buy,75965.68,1776605839724,0,0,0,,,,0,cancelled
2026-04-19 13:00,ord-000718,sell,75969.69,1776605839724,0,0,0,,,,0,cancelled
2026-04-19 13:00,ord-000719,buy,75947.64,1776605844724,0,0,0,,,,0,cancelled
2026-04-19 13:00,ord-000720,sell,75951.65,1776605844724,0,0,0,,,,0,cancelled
2026-04-19 13:00,ord-000721,buy,75942.83,1776605849724,0,0,0,,,,0,cancelled
2026-04-19 13:00,ord-000722,sell,75946.84,1776605849724,0,0,0,,,,0,cancelled
2026-04-19 13:00,ord-000723,buy,75937.19,1776605854724,0,0,0,,,,0,cancelled
2026-04-19 13:00,ord-000724,sell,75941.20,1776605854724,0,0,0,,,,0,cancelled
2026-04-19 13:00,ord-000725,buy,75947.18,1776605866224,0,0,0,,,,0,cancelled
2026-04-19 13:00,ord-000726,sell,75951.19,1776605866224,0,0,0,,,,0,cancelled
2026-04-19 13:00,ord-000727,buy,75970.51,1776605871224,0,0,0,,,,0,cancelled
2026-04-19 13:00,ord-000728,sell,75974.52,1776605871224,0,0,0,,,,0,cancelled
2026-04-19 13:00,ord-000729,buy,75987.03,1776605876224,0,0,0,,,,0,cancelled
2026-04-19 13:00,ord-000730,sell,75991.04,1776605876224,0,0,0,,,,0,cancelled
2026-04-19 13:00,ord-000731,buy,75994.66,1776605881224,0,0,0,,,,0,cancelled
2026-04-19 13:00,ord-000732,sell,75998.67,1776605881224,0,0,0,,,,0,cancelled
2026-04-19 13:00,ord-000733,buy,75988.52,1776605886224,0,0,0,,,,0,cancelled
2026-04-19 13:00,ord-000734,sell,75992.53,1776605886224,0,0,0,,,,0,cancelled
2026-04-19 13:00,ord-000735,buy,75979.43,1776605891224,0,0,0,,,,0,cancelled
2026-04-19 13:00,ord-000736,sell,75983.44,1776605891224,0,0,0,,,,0,cancelled
2026-04-19 13:00,ord-000737,buy,75973.19,1776605909824,0,0,0,,,,0,cancelled
2026-04-19 13:00,ord-000738,sell,75977.20,1776605909824,0.00307000,0.00007000,0,,,,0,cancelled
2026-04-19 13:00,ord-000739,buy,75978.70,1776605914824,0,0,0,,,,0,cancelled
2026-04-19 13:00,ord-000740,sell,75982.71,1776605914824,0,0,0,,,,0,cancelled
2026-04-19 13:00,ord-000741,buy,75989.99,1776605919824,0,0,0,,,,0,cancelled
2026-04-19 13:00,ord-000742,sell,75994.00,1776605919824,0.00120000,0.00120000,0,,,,0,cancelled
2026-04-19 13:00,ord-000743,buy,75997.99,1776605924824,0,0,0,,,,0,cancelled
2026-04-19 13:00,ord-000744,sell,76002.00,1776605924824,0.00206000,0.00206000,0,,,,0,cancelled
2026-04-19 13:00,ord-000745,buy,76000.56,1776605929824,0,0,0,,,,0,cancelled
2026-04-19 13:00,ord-000746,sell,76004.57,1776605929824,0.04059000,0,0,,,,0,cancelled
2026-04-19 13:00,ord-000747,buy,76000.55,1776605935624,0.00007000,0.00007000,0,,,,0,cancelled
2026-04-19 13:00,ord-000748,sell,76004.56,1776605935624,0,0,0,,,,0,cancelled
2026-04-19 13:00,ord-000749,buy,75998.00,1776605941324,0.00120000,0,0,,,,0,cancelled
2026-04-19 13:00,ord-000750,sell,76002.01,1776605941324,0.51515000,0,0,,,,0,cancelled
2026-04-19 13:00,ord-000751,buy,75998.01,1776605959824,0,0,0,,,,0,cancelled
2026-04-19 13:00,ord-000752,sell,76002.02,1776605959824,0,0,0,,,,0,cancelled
2026-04-19 13:00,ord-000753,buy,76004.40,1776605964824,0,0,0,,,,0,cancelled
2026-04-19 13:00,ord-000754,sell,76008.41,1776605964824,0,0,0,,,,0,cancelled
2026-04-19 13:00,ord-000755,buy,76007.70,1776605970824,0,0,0,,,,0,cancelled
2026-04-19 13:00,ord-000756,sell,76011.71,1776605970824,0,0,0,,,,0,cancelled
2026-04-19 13:00,ord-000757,buy,76011.96,1776605975825,0,0,0,,,,0,cancelled
2026-04-19 13:00,ord-000758,sell,76015.97,1776605975825,0,0,0,,,,0,cancelled
2026-04-19 13:00,ord-000759,buy,76018.18,1776605981624,0,0,0,,,,0,cancelled
2026-04-19 13:00,ord-000760,sell,76022.19,1776605981624,0,0,0,,,,0,cancelled
2026-04-19 13:00,ord-000761,buy,76020.80,1776605986624,0,0,0,,,,0,cancelled
2026-04-19 13:00,ord-000762,sell,76024.81,1776605986624,0,0,0,,,,0,cancelled
2026-04-19 13:00,ord-000763,buy,76035.66,1776605991624,0,0,0,,,,0,cancelled
2026-04-19 13:00,ord-000764,sell,76039.67,1776605991624,0,0,0,,,,0,cancelled
2026-04-19 13:00,ord-000765,buy,76044.70,1776606001224,0,0,0,,,,0,cancelled
2026-04-19 13:00,ord-000766,sell,76048.71,1776606001224,0,0,0,,,,0,cancelled
2026-04-19 13:00,ord-000767,buy,76035.66,1776606006224,0,0,0,,,,0,cancelled
2026-04-19 13:00,ord-000768,sell,76039.67,1776606006224,0,0,0,,,,0,cancelled
2026-04-19 13:00,ord-000769,buy,76032.48,1776606013024,0,0,0,,,,0,cancelled
2026-04-19 13:00,ord-000770,sell,76036.49,1776606013024,0,0,0,,,,0,cancelled
2026-04-19 13:00,ord-000771,buy,76022.82,1776606018024,0,0,0,,,,0,cancelled
2026-04-19 13:00,ord-000772,sell,76026.83,1776606018024,0,0,0,,,,0,cancelled
2026-04-19 13:00,ord-000773,buy,76011.97,1776606023024,0,0,0,,,,0,cancelled
2026-04-19 13:00,ord-000774,sell,76015.98,1776606023024,0,0,0,,,,0,cancelled
2026-04-19 13:00,ord-000775,buy,76006.67,1776606028824,0,0,0,,,,0,cancelled
2026-04-19 13:00,ord-000776,sell,76010.68,1776606028824,0,0,0,,,,0,cancelled
2026-04-19 13:00,ord-000777,buy,75993.74,1776606033824,0,0,0,,,,0,cancelled
2026-04-19 13:00,ord-000778,sell,75997.75,1776606033824,0,0,0,,,,0,cancelled
2026-04-19 13:00,ord-000779,buy,75990.08,1776606038824,0,0,0,,,,0,cancelled
2026-04-19 13:00,ord-000780,sell,75994.09,1776606038824,0,0,0,,,,0,cancelled
2026-04-19 13:00,ord-000781,buy,75983.53,1776606043824,0.12338000,0,0,,,,0,cancelled
2026-04-19 13:00,ord-000782,sell,75987.54,1776606043824,0,0,0,,,,0,cancelled
2026-04-19 13:00,ord-000783,buy,75991.86,1776606048824,0,0,0,,,,0,cancelled
2026-04-19 13:00,ord-000784,sell,75995.87,1776606048824,0,0,0,,,,0,cancelled
2026-04-19 13:00,ord-000785,buy,75993.99,1776606053824,0,0,0,,,,0,cancelled
2026-04-19 13:00,ord-000786,sell,75998.00,1776606053824,0.00120000,0.00120000,0,,,,0,cancelled
2026-04-19 13:00,ord-000787,buy,76024.29,1776606058824,0,0,0,,,,0,cancelled
2026-04-19 13:00,ord-000788,sell,76028.30,1776606058824,0,0,0,,,,0,cancelled
2026-04-19 13:00,ord-000789,buy,76022.06,1776606068924,0,0,0,,,,0,cancelled
2026-04-19 13:00,ord-000790,sell,76026.07,1776606068924,0,0,0,,,,0,cancelled
2026-04-19 13:00,ord-000791,buy,76019.41,1776606073924,0,0,0,,,,0,cancelled
2026-04-19 13:00,ord-000792,sell,76023.42,1776606073924,0,0,0,,,,0,cancelled
2026-04-19 13:00,ord-000793,buy,76010.00,1776606078924,0.00120000,0.00120000,0,,,,0,cancelled
2026-04-19 13:00,ord-000794,sell,76014.01,1776606078924,0,0,0,,,,0,cancelled
2026-04-19 13:00,ord-000795,buy,76003.13,1776606083924,0,0,0,,,,0,cancelled
2026-04-19 13:00,ord-000796,sell,76007.14,1776606083924,0,0,0,,,,0,cancelled
2026-04-19 13:00,ord-000797,buy,75998.00,1776606088924,0.00120000,0,0,,,,0,cancelled
2026-04-19 13:00,ord-000798,sell,76002.01,1776606088924,0,0,0,,,,0,cancelled
2026-04-19 13:00,ord-000799,buy,76001.79,1776606093924,0,0,0,,,,0,cancelled
2026-04-19 13:00,ord-000800,sell,76005.80,1776606093924,0.00802000,0,0,,,,0,cancelled
2026-04-19 13:00,ord-000801,buy,75998.00,1776606104424,0.00120000,0,0,,,,0,cancelled
2026-04-19 13:00,ord-000802,sell,76002.01,1776606104424,0,0,0,,,,0,cancelled
2026-04-19 13:00,ord-000803,buy,76001.78,1776606109424,0,0,0,,,,0,cancelled
2026-04-19 13:00,ord-000804,sell,76005.79,1776606109424,0,0,0,,,,0,cancelled
2026-04-19 13:00,ord-000805,buy,76001.06,1776606123024,0,0,0,,,,0,cancelled
2026-04-19 13:00,ord-000806,sell,76005.07,1776606123024,0.00014000,0,0,,,,0,cancelled
2026-04-19 13:00,ord-000807,buy,75998.00,1776606128024,0.10136000,0.10136000,0,,,,0,cancelled
2026-04-19 13:00,ord-000808,sell,76002.01,1776606128024,0,0,0,,,,0,cancelled
2026-04-19 13:00,ord-000809,buy,75990.22,1776606141324,0,0,0,,,,0,cancelled
2026-04-19 13:00,ord-000810,sell,75994.23,1776606141324,0,0,0,,,,0,cancelled
2026-04-19 13:00,ord-000811,buy,75992.47,1776606147824,0,0,0,,,,0,cancelled
2026-04-19 13:00,ord-000812,sell,75996.48,1776606147824,0,0,0,,,,0,cancelled
2026-04-19 13:00,ord-000813,buy,76011.99,1776606152824,0,0,0,,,,0,cancelled
2026-04-19 13:00,ord-000814,sell,76016.00,1776606152824,0.00120000,0.00120000,0,,,,0,cancelled
2026-04-19 13:00,ord-000815,buy,76014.67,1776606157824,0,0,0,,,,0,cancelled
2026-04-19 13:00,ord-000816,sell,76018.68,1776606157824,0,0,0,,,,0,cancelled
2026-04-19 13:00,ord-000817,buy,76012.05,1776606162824,0,0,0,,,,0,cancelled
2026-04-19 13:00,ord-000818,sell,76016.06,1776606162824,0,0,0,,,,0,cancelled
2026-04-19 13:00,ord-000819,buy,76005.42,1776606169224,0,0,0,,,,0,cancelled
2026-04-19 13:00,ord-000820,sell,76009.43,1776606169224,0,0,0,,,,0,cancelled
2026-04-19 13:00,ord-000821,buy,76009.39,1776606182424,0,0,0,,,,0,cancelled
2026-04-19 13:00,ord-000822,sell,76013.40,1776606182424,0,0,0,,,,0,cancelled
2026-04-19 13:00,ord-000823,buy,76005.42,1776606187424,0,0,0,,,,0,cancelled
2026-04-19 13:00,ord-000824,sell,76009.43,1776606187424,0,0,0,,,,0,cancelled
2026-04-19 13:00,ord-000825,buy,76002.93,1776606208424,0,0,0,,,,0,cancelled
2026-04-19 13:00,ord-000826,sell,76006.94,1776606208424,0,0,0,,,,0,cancelled
2026-04-19 13:00,ord-000827,buy,75999.35,1776606222624,0,0,0,,,,0,cancelled
2026-04-19 13:00,ord-000828,sell,76003.36,1776606222624,0,0,0,,,,0,cancelled
2026-04-19 13:00,ord-000829,buy,75984.05,1776606227624,0,0,0,,,,0,cancelled
2026-04-19 13:00,ord-000830,sell,75988.06,1776606227624,0,0,0,,,,0,cancelled
2026-04-19 13:00,ord-000831,buy,75989.22,1776606234524,0,0,0,,,,0,cancelled
2026-04-19 13:00,ord-000832,sell,75993.23,1776606234524,0,0,0,,,,0,cancelled
2026-04-19 13:00,ord-000833,buy,75990.00,1776606239524,0.00040000,0,0,,,,0,cancelled
2026-04-19 13:00,ord-000834,sell,75994.01,1776606239524,0,0,0,,,,0,cancelled
2026-04-19 13:00,ord-000835,buy,75995.59,1776606244524,0,0,0,,,,0,cancelled
2026-04-19 13:00,ord-000836,sell,75999.60,1776606244524,0,0,0,,,,0,cancelled
2026-04-19 13:00,ord-000837,buy,75996.48,1776606256524,0,0,0,,,,0,cancelled
2026-04-19 13:00,ord-000838,sell,76000.49,1776606256524,0,0,0,,,,0,cancelled
2026-04-19 13:00,ord-000839,buy,76006.84,1776606261524,0,0,0,,,,0,cancelled
2026-04-19 13:00,ord-000840,sell,76010.85,1776606261524,0,0,0,,,,0,cancelled
2026-04-19 13:00,ord-000841,buy,76012.75,1776606266524,0,0,0,,,,0,cancelled
2026-04-19 13:00,ord-000842,sell,76016.76,1776606266524,0,0,0,,,,0,cancelled
2026-04-19 13:00,ord-000843,buy,76021.19,1776606284124,0,0,0,,,,0,cancelled
2026-04-19 13:00,ord-000844,sell,76025.20,1776606284124,0,0,0,,,,0,cancelled
2026-04-19 13:00,ord-000845,buy,76026.50,1776606289124,0,0,0,,,,0,cancelled
2026-04-19 13:00,ord-000846,sell,76030.51,1776606289124,0,0,0,,,,0,cancelled
2026-04-19 13:00,ord-000847,buy,76018.96,1776606307224,0,0,0,,,,0,cancelled
2026-04-19 13:00,ord-000848,sell,76022.97,1776606307224,0,0,0,,,,0,cancelled
2026-04-19 13:00,ord-000849,buy,75992.79,1776606312225,0,0,0,,,,0,cancelled
2026-04-19 13:00,ord-000850,sell,75996.80,1776606312225,0,0,0,,,,0,cancelled
2026-04-19 13:00,ord-000851,buy,75985.43,1776606317324,0,0,0,,,,0,cancelled
2026-04-19 13:00,ord-000852,sell,75989.44,1776606317324,0,0,0,,,,0,cancelled
2026-04-19 13:00,ord-000853,buy,75984.06,1776606322324,0,0,0,,,,0,cancelled
2026-04-19 13:00,ord-000854,sell,75988.07,1776606322324,0,0,0,,,,0,cancelled
2026-04-19 13:00,ord-000855,buy,75982.90,1776606327324,0,0,0,,,,0,cancelled
2026-04-19 13:00,ord-000856,sell,75986.91,1776606327324,0,0,0,,,,0,cancelled
2026-04-19 13:00,ord-000857,buy,75964.16,1776606332324,0,0,0,,,,0,cancelled
2026-04-19 13:00,ord-000858,sell,75968.17,1776606332324,0,0,0,,,,0,cancelled
2026-04-19 13:00,ord-000859,buy,75959.70,1776606337324,0,0,0,,,,0,cancelled
2026-04-19 13:00,ord-000860,sell,75963.71,1776606337324,0,0,0,,,,0,cancelled
2026-04-19 13:00,ord-000861,buy,75959.44,1776606342324,0.00947000,0.00947000,0,,,,0,cancelled
2026-04-19 13:00,ord-000862,sell,75963.45,1776606342324,0,0,0,,,,0,cancelled
2026-04-19 13:00,ord-000863,buy,75957.09,1776606347324,0,0,0,,,,0,cancelled
2026-04-19 13:00,ord-000864,sell,75961.10,1776606347324,0,0,0,,,,0,cancelled
2026-04-19 13:00,ord-000865,buy,75945.55,1776606352324,0,0,0,,,,0,cancelled
2026-04-19 13:00,ord-000866,sell,75949.56,1776606352324,0,0,0,,,,0,cancelled
2026-04-19 13:00,ord-000867,buy,75949.11,1776606357324,0,0,0,,,,0,cancelled
2026-04-19 13:00,ord-000868,sell,75953.12,1776606357324,0,0,0,,,,0,cancelled
2026-04-19 13:00,ord-000869,buy,75934.78,1776606362324,0,0,0,,,,0,cancelled
2026-04-19 13:00,ord-000870,sell,75938.79,1776606362324,0,0,0,,,,0,cancelled
2026-04-19 13:00,ord-000871,buy,75943.60,1776606367324,0,0,0,,,,0,cancelled
2026-04-19 13:00,ord-000872,sell,75947.61,1776606367324,0,0,0,,,,0,cancelled
2026-04-19 13:00,ord-000873,buy,75952.67,1776606390324,0,0,0,,,,0,cancelled
2026-04-19 13:00,ord-000874,sell,75956.68,1776606390324,0,0,0,,,,0,cancelled
2026-04-19 13:00,ord-000875,buy,75939.99,1776606395324,0,0,0,,,,0,cancelled
2026-04-19 13:00,ord-000876,sell,75944.00,1776606395324,0,0,0,,,,0,cancelled
2026-04-19 13:00,ord-000877,buy,75931.72,1776606400324,0,0,0,,,,0,cancelled
2026-04-19 13:00,ord-000878,sell,75935.73,1776606400324,0,0,0,,,,0,cancelled
2026-04-19 13:00,ord-000879,buy,75925.04,1776606405324,0,0,0,,,,0,cancelled
2026-04-19 13:00,ord-000880,sell,75929.05,1776606405324,0,0,0,,,,0,cancelled
2026-04-19 13:00,ord-000881,buy,75935.24,1776606410324,0,0,0,,,,0,cancelled
2026-04-19 13:00,ord-000882,sell,75939.25,1776606410324,0,0,0,,,,0,cancelled
2026-04-19 13:00,ord-000883,buy,75928.00,1776606415324,0.00120000,0,0,,,,0,cancelled
2026-04-19 13:00,ord-000884,sell,75932.01,1776606415324,0,0,0,,,,0,cancelled
2026-04-19 13:00,ord-000885,buy,75928.01,1776606420324,0,0,0,,,,0,cancelled
2026-04-19 13:00,ord-000886,sell,75932.02,1776606420324,0,0,0,,,,0,cancelled
2026-04-19 13:00,ord-000887,buy,75928.00,1776606428424,0.00120000,0.00120000,0,,,,0,cancelled
2026-04-19 13:00,ord-000888,sell,75932.01,1776606428424,0,0,0,,,,0,cancelled
2026-04-19 13:00,ord-000889,buy,75925.80,1776606433424,0,0,0,,,,0,cancelled
2026-04-19 13:00,ord-000890,sell,75929.81,1776606433424,0,0,0,,,,0,cancelled
2026-04-19 13:00,ord-000891,buy,75918.19,1776606448324,0,0,0,,,,0,cancelled
2026-04-19 13:00,ord-000892,sell,75922.20,1776606448324,0,0,0,,,,0,cancelled
2026-04-19 13:00,ord-000893,buy,75914.41,1776606454324,0,0,0,,,,0,cancelled
2026-04-19 13:00,ord-000894,sell,75918.42,1776606454324,0,0,0,,,,0,cancelled
2026-04-19 13:00,ord-000895,buy,75886.88,1776606459338,0,0,0,,,,0,cancelled
2026-04-19 13:00,ord-000896,sell,75890.89,1776606459338,0,0,0,,,,0,cancelled
2026-04-19 13:00,ord-000897,buy,75906.40,1776606464424,0,0,0,,,,0,cancelled
2026-04-19 13:00,ord-000898,sell,75910.41,1776606464424,0,0,0,,,,0,cancelled
2026-04-19 13:00,ord-000899,buy,75900.02,1776606469424,0.00008000,0.00008000,0,,,,0,cancelled
2026-04-19 13:00,ord-000900,sell,75904.03,1776606469424,0,0,0,,,,0,cancelled
2026-04-19 13:00,ord-000901,buy,75895.19,1776606474424,0,0,0,,,,0,cancelled
2026-04-19 13:00,ord-000902,sell,75899.20,1776606474424,0,0,0,,,,0,cancelled
2026-04-19 13:00,ord-000903,buy,75906.97,1776606490224,0,0,0,,,,0,cancelled
2026-04-19 13:00,ord-000904,sell,75910.98,1776606490224,0,0,0,,,,0,cancelled
2026-04-19 13:00,ord-000905,buy,75912.68,1776606495224,0,0,0,,,,0,cancelled
2026-04-19 13:00,ord-000906,sell,75916.69,1776606495224,0,0,0,,,,0,cancelled
2026-04-19 13:00,ord-000907,buy,75908.35,1776606525324,0,0,0,,,,0,cancelled
2026-04-19 13:00,ord-000908,sell,75912.36,1776606525324,0,0,0,,,,0,cancelled
2026-04-19 13:00,ord-000909,buy,75915.99,1776606534524,0,0,0,,,,0,cancelled
2026-04-19 13:00,ord-000910,sell,75920.00,1776606534524,0.00120000,0.00120000,0,1776606537339,0.00120000,0.00000000,0.00021000,cancelled
2026-04-19 13:00,ord-000911,buy,75922.00,1776606539524,0.04014000,0,0,,,,0,cancelled
2026-04-19 13:00,ord-000912,sell,75926.01,1776606539524,0,0,0,,,,0,cancelled
2026-04-19 13:00,ord-000913,buy,75926.65,1776606544524,0,0,0,,,,0,cancelled
2026-04-19 13:00,ord-000914,sell,75930.66,1776606544524,0,0,0,,,,0,cancelled
2026-04-19 13:00,ord-000915,buy,75943.93,1776606549524,0,0,0,,,,0,cancelled
2026-04-19 13:00,ord-000916,sell,75947.94,1776606549524,0,0,0,,,,0,cancelled
2026-04-19 13:00,ord-000917,buy,75938.13,1776606554524,0,0,0,,,,0,cancelled
2026-04-19 13:00,ord-000918,sell,75942.14,1776606554524,0,0,0,,,,0,cancelled
2026-04-19 13:00,ord-000919,buy,75930.30,1776606559524,0,0,0,,,,0,cancelled
2026-04-19 13:00,ord-000920,sell,75934.31,1776606559524,0,0,0,,,,0,cancelled
2026-04-19 13:00,ord-000921,buy,75914.41,1776606567640,0.00007000,0,0,,,,0,cancelled
2026-04-19 13:00,ord-000922,sell,75918.42,1776606567640,0,0,0,,,,0,cancelled
2026-04-19 13:00,ord-000923,buy,75927.99,1776606598924,0,0,0,,,,0,cancelled
2026-04-19 13:00,ord-000924,sell,75932.00,1776606598924,0.00120000,0.00120000,0,,,,0,cancelled
2026-04-19 13:00,ord-000925,buy,75936.11,1776606603926,0,0,0,,,,0,cancelled
2026-04-19 13:00,ord-000926,sell,75940.12,1776606603926,0,0,0,,,,0,cancelled
2026-04-19 13:00,ord-000927,buy,75943.93,1776606609224,0,0,0,,,,0,cancelled
2026-04-19 13:00,ord-000928,sell,75947.94,1776606609224,0,0,0,,,,0,cancelled
2026-04-19 13:00,ord-000929,buy,75943.99,1776606620024,0,0,0,,,,0,cancelled
2026-04-19 13:00,ord-000930,sell,75948.00,1776606620024,0.00120000,0.00120000,0,,,,0,cancelled
2026-04-19 13:00,ord-000931,buy,75951.65,1776606627424,0,0,0,,,,0,cancelled
2026-04-19 13:00,ord-000932,sell,75955.66,1776606627424,0,0,0,,,,0,cancelled
2026-04-19 13:00,ord-000933,buy,75958.16,1776606632424,0,0,0,,,,0,cancelled
2026-04-19 13:00,ord-000934,sell,75962.17,1776606632424,0,0,0,,,,0,cancelled
2026-04-19 13:00,ord-000935,buy,75951.62,1776606637424,0,0,0,,,,0,cancelled
2026-04-19 13:00,ord-000936,sell,75955.63,1776606637424,0,0,0,,,,0,cancelled
2026-04-19 13:00,ord-000937,buy,75944.17,1776606642424,0,0,0,,,,0,cancelled
2026-04-19 13:00,ord-000938,sell,75948.18,1776606642424,0,0,0,,,,0,cancelled
2026-04-19 13:00,ord-000939,buy,75942.75,1776606653424,0,0,0,,,,0,cancelled
2026-04-19 13:00,ord-000940,sell,75946.76,1776606653424,0,0,0,,,,0,cancelled
2026-04-19 13:00,ord-000941,buy,75918.95,1776606658424,0,0,0,,,,0,cancelled
2026-04-19 13:00,ord-000942,sell,75922.96,1776606658424,0,0,0,,,,0,cancelled
2026-04-19 13:00,ord-000943,buy,75917.60,1776606664624,0,0,0,,,,0,cancelled
2026-04-19 13:00,ord-000944,sell,75921.61,1776606664624,0,0,0,,,,0,cancelled
2026-04-19 13:00,ord-000945,buy,75914.00,1776606669624,0.00120000,0.00120000,0,,,,0,cancelled
2026-04-19 13:00,ord-000946,sell,75918.01,1776606669624,0,0,0,,,,0,cancelled
2026-04-19 13:00,ord-000947,buy,75908.90,1776606674624,0,0,0,,,,0,cancelled
2026-04-19 13:00,ord-000948,sell,75912.91,1776606674624,0,0,0,,,,0,cancelled
2026-04-19 13:00,ord-000949,buy,75933.57,1776606679624,0,0,0,,,,0,cancelled
2026-04-19 13:00,ord-000950,sell,75937.58,1776606679624,0,0,0,,,,0,cancelled
2026-04-19 13:00,ord-000951,buy,75931.96,1776606684624,0,0,0,,,,0,cancelled
2026-04-19 13:00,ord-000952,sell,75935.97,1776606684624,0,0,0,,,,0,cancelled
2026-04-19 13:00,ord-000953,buy,75928.21,1776606689624,0,0,0,,,,0,cancelled
2026-04-19 13:00,ord-000954,sell,75932.22,1776606689624,0,0,0,,,,0,cancelled
2026-04-19 13:00,ord-000955,buy,75922.68,1776606694624,0,0,0,,,,0,cancelled
2026-04-19 13:00,ord-000956,sell,75926.69,1776606694624,0,0,0,,,,0,cancelled
2026-04-19 13:00,ord-000957,buy,75923.97,1776606701224,0,0,0,,,,0,cancelled
2026-04-19 13:00,ord-000958,sell,75927.98,1776606701224,0,0,0,,,,0,cancelled
2026-04-19 13:00,ord-000959,buy,75923.98,1776606706224,0,0,0,,,,0,cancelled
2026-04-19 13:00,ord-000960,sell,75927.99,1776606706224,0,0,0,,,,0,cancelled
2026-04-19 13:00,ord-000961,buy,75925.78,1776606713024,0,0,0,,,,0,cancelled
2026-04-19 13:00,ord-000962,sell,75929.79,1776606713024,0,0,0,,,,0,cancelled
2026-04-19 13:00,ord-000963,buy,75933.01,1776606718024,0,0,0,,,,0,cancelled
2026-04-19 13:00,ord-000964,sell,75937.02,1776606718024,0.15000000,0,0,,,,0,cancelled
2026-04-19 13:00,ord-000965,buy,75930.41,1776606723024,0,0,0,,,,0,cancelled
2026-04-19 13:00,ord-000966,sell,75934.42,1776606723024,0,0,0,,,,0,cancelled
2026-04-19 13:00,ord-000967,buy,75928.42,1776606728524,0,0,0,,,,0,cancelled
2026-04-19 13:00,ord-000968,sell,75932.43,1776606728524,0.00014000,0,0,,,,0,cancelled
2026-04-19 13:00,ord-000969,buy,75926.22,1776606733525,0,0,0,,,,0,cancelled
2026-04-19 13:00,ord-000970,sell,75930.23,1776606733525,0,0,0,,,,0,cancelled
2026-04-19 13:00,ord-000971,buy,75923.24,1776606816524,0,0,0,,,,0,cancelled
2026-04-19 13:00,ord-000972,sell,75927.25,1776606816524,0,0,0,,,,0,cancelled
2026-04-19 13:00,ord-000973,buy,75944.56,1776606828124,0,0,0,,,,0,cancelled
2026-04-19 13:00,ord-000974,sell,75948.57,1776606828124,0,0,0,,,,0,cancelled
2026-04-19 13:00,ord-000975,buy,75949.48,1776606844724,0,0,0,,,,0,cancelled
2026-04-19 13:00,ord-000976,sell,75953.49,1776606844724,0,0,0,,,,0,cancelled
2026-04-19 13:00,ord-000977,buy,75955.97,1776606849724,0,0,0,,,,0,cancelled
2026-04-19 13:00,ord-000978,sell,75959.98,1776606849724,0,0,0,,,,0,cancelled
2026-04-19 13:00,ord-000979,buy,75963.57,1776606858024,0,0,0,,,,0,cancelled
2026-04-19 13:00,ord-000980,sell,75967.58,1776606858024,0,0,0,,,,0,cancelled
2026-04-19 13:00,ord-000981,buy,75967.59,1776606863024,0,0,0,,,,0,cancelled
2026-04-19 13:00,ord-000982,sell,75971.60,1776606863024,0,0,0,,,,0,cancelled
2026-04-19 13:00,ord-000983,buy,75963.57,1776606868027,0,0,0,,,,0,cancelled
2026-04-19 13:00,ord-000984,sell,75967.58,1776606868027,0,0,0,,,,0,cancelled
2026-04-19 13:00,ord-000985,buy,75955.97,1776606873124,0,0,0,,,,0,cancelled
2026-04-19 13:00,ord-000986,sell,75959.98,1776606873124,0,0,0,,,,0,cancelled
2026-04-19 13:00,ord-000987,buy,75952.40,1776606881324,0,0,0,,,,0,cancelled
2026-04-19 13:00,ord-000988,sell,75956.41,1776606881324,0,0,0,,,,0,cancelled
2026-04-19 13:00,ord-000989,buy,75932.00,1776606886324,0.00120000,0.00120000,0,,,,0,cancelled
2026-04-19 13:00,ord-000990,sell,75936.01,1776606886324,0.35328000,0,0,,,,0,cancelled
2026-04-19 13:00,ord-000991,buy,75929.59,1776606891432,0,0,0,,,,0,cancelled
2026-04-19 13:00,ord-000992,sell,75933.60,1776606891432,0,0,0,,,,0,cancelled
2026-04-19 13:00,ord-000993,buy,75924.00,1776606896524,0.03139000,0,0,,,,0,cancelled
2026-04-19 13:00,ord-000994,sell,75928.01,1776606896524,0,0,0,,,,0,cancelled
2026-04-19 13:00,ord-000995,buy,75943.33,1776606901524,0,0,0,,,,0,cancelled
2026-04-19 13:00,ord-000996,sell,75947.34,1776606901524,0,0,0,,,,0,cancelled
2026-04-19 13:00,ord-000997,buy,75938.62,1776606906524,0,0,0,,,,0,cancelled
2026-04-19 13:00,ord-000998,sell,75942.63,1776606906524,0,0,0,,,,0,cancelled
2026-04-19 13:00,ord-000999,buy,75935.50,1776606911524,0,0,0,,,,0,cancelled
2026-04-19 13:00,ord-001000,sell,75939.51,1776606911524,0,0,0,,,,0,cancelled
2026-04-19 13:00,ord-001001,buy,75928.13,1776606919324,0,0,0,,,,0,cancelled
2026-04-19 13:00,ord-001002,sell,75932.14,1776606919324,0,0,0,,,,0,cancelled
2026-04-19 13:00,ord-001003,buy,75922.70,1776606925824,0,0,0,,,,0,cancelled
2026-04-19 13:00,ord-001004,sell,75926.71,1776606925824,0,0,0,,,,0,cancelled
2026-04-19 13:00,ord-001005,buy,75915.95,1776606934224,0,0,0,,,,0,cancelled
2026-04-19 13:00,ord-001006,sell,75919.96,1776606934224,0,0,0,,,,0,cancelled
2026-04-19 13:00,ord-001007,buy,75905.84,1776606939224,0,0,0,,,,0,cancelled
2026-04-19 13:00,ord-001008,sell,75909.85,1776606939224,0,0,0,,,,0,cancelled
2026-04-19 13:00,ord-001009,buy,75902.39,1776606951524,0,0,0,,,,0,cancelled
2026-04-19 13:00,ord-001010,sell,75906.40,1776606951524,0,0,0,,,,0,cancelled
2026-04-19 13:00,ord-001011,buy,75899.45,1776606958824,0,0,0,,,,0,cancelled
2026-04-19 13:00,ord-001012,sell,75903.46,1776606958824,0,0,0,,,,0,cancelled
2026-04-19 13:00,ord-001013,buy,75909.33,1776606969025,0,0,0,,,,0,cancelled
2026-04-19 13:00,ord-001014,sell,75913.34,1776606969025,0,0,0,,,,0,cancelled
2026-04-19 13:00,ord-001015,buy,75926.58,1776606974124,0,0,0,,,,0,cancelled
2026-04-19 13:00,ord-001016,sell,75930.59,1776606974124,0,0,0,,,,0,cancelled
2026-04-19 13:00,ord-001017,buy,75921.73,1776606985124,0,0,0,,,,0,cancelled
2026-04-19 13:00,ord-001018,sell,75925.74,1776606985124,0,0,0,,,,0,cancelled
2026-04-19 13:00,ord-001019,buy,75921.49,1776606990124,0,0,0,,,,0,cancelled
2026-04-19 13:00,ord-001020,sell,75925.50,1776606990124,0,0,0,,,,0,cancelled
2026-04-19 13:00,ord-001021,buy,75919.56,1776606995124,0,0,0,,,,0,cancelled
2026-04-19 13:00,ord-001022,sell,75923.57,1776606995124,0,0,0,,,,0,cancelled
2026-04-19 13:00,ord-001023,buy,75919.55,1776607010624,0,0,0,,,,0,cancelled
2026-04-19 13:00,ord-001024,sell,75923.56,1776607010624,0,0,0,,,,0,cancelled
2026-04-19 13:00,ord-001025,buy,75914.51,1776607015624,0,0,0,,,,0,cancelled
2026-04-19 13:00,ord-001026,sell,75918.52,1776607015624,0,0,0,,,,0,cancelled
2026-04-19 13:00,ord-001027,buy,75919.45,1776607020624,0,0,0,,,,0,cancelled
2026-04-19 13:00,ord-001028,sell,75923.46,1776607020624,0,0,0,,,,0,cancelled
2026-04-19 13:00,ord-001029,buy,75916.87,1776607032024,0,0,0,,,,0,cancelled
2026-04-19 13:00,ord-001030,sell,75920.88,1776607032024,0,0,0,,,,0,cancelled
2026-04-19 13:00,ord-001031,buy,75916.86,1776607050924,0,0,0,,,,0,cancelled
2026-04-19 13:00,ord-001032,sell,75920.87,1776607050924,0,0,0,,,,0,cancelled
2026-04-19 13:00,ord-001033,buy,75916.00,1776607064324,0.00120000,0.00120000,0,,,,0,cancelled
2026-04-19 13:00,ord-001034,sell,75920.01,1776607064324,0,0,0,,,,0,cancelled
2026-04-19 13:00,ord-001035,buy,75908.28,1776607069324,0,0,0,,,,0,cancelled
2026-04-19 13:00,ord-001036,sell,75912.29,1776607069324,0,0,0,,,,0,cancelled
2026-04-19 13:00,ord-001037,buy,75904.91,1776607077224,0,0,0,,,,0,cancelled
2026-04-19 13:00,ord-001038,sell,75908.92,1776607077224,0,0,0,,,,0,cancelled
2026-04-19 13:00,ord-001039,buy,75902.46,1776607092324,0,0,0,,,,0,cancelled
2026-04-19 13:00,ord-001040,sell,75906.47,1776607092324,0,0,0,,,,0,cancelled
2026-04-19 13:00,ord-001041,buy,75894.69,1776607097324,0,0,0,,,,0,cancelled
2026-04-19 13:00,ord-001042,sell,75898.70,1776607097324,0,0,0,,,,0,cancelled
2026-04-19 13:00,ord-001043,buy,75889.72,1776607102324,0,0,0,,,,0,cancelled
2026-04-19 13:00,ord-001044,sell,75893.73,1776607102324,0,0,0,,,,0,cancelled
2026-04-19 13:00,ord-001045,buy,75897.14,1776607114724,0,0,0,,,,0,cancelled
2026-04-19 13:00,ord-001046,sell,75901.15,1776607114724,0,0,0,,,,0,cancelled
2026-04-19 13:00,ord-001047,buy,75887.07,1776607143929,0,0,0,,,,0,cancelled
2026-04-19 13:00,ord-001048,sell,75891.08,1776607143929,0,0,0,,,,0,cancelled
2026-04-19 13:00,ord-001049,buy,75879.48,1776607149024,0,0,0,,,,0,cancelled
2026-04-19 13:00,ord-001050,sell,75883.49,1776607149024,0,0,0,,,,0,cancelled
2026-04-19 13:00,ord-001051,buy,75867.58,1776607156228,0,0,0,,,,0,cancelled
2026-04-19 13:00,ord-001052,sell,75871.59,1776607156228,0,0,0,,,,0,cancelled
2026-04-19 13:00,ord-001053,buy,75865.65,1776607172424,0,0,0,,,,0,cancelled
2026-04-19 13:00,ord-001054,sell,75869.66,1776607172424,0,0,0,,,,0,cancelled
2026-04-19 13:00,ord-001055,buy,75872.61,1776607177424,0,0,0,,,,0,cancelled
2026-04-19 13:00,ord-001056,sell,75876.62,1776607177424,0,0,0,,,,0,cancelled
2026-04-19 13:00,ord-001057,buy,75877.48,1776607185324,0,0,0,,,,0,cancelled
2026-04-19 13:00,ord-001058,sell,75881.49,1776607185324,0,0,0,,,,0,cancelled
2026-04-19 13:00,ord-001059,buy,75897.99,1776607190324,0,0,0,,,,0,cancelled
2026-04-19 13:00,ord-001060,sell,75902.00,1776607190324,0.00120000,0.00120000,0,,,,0,cancelled
2026-04-19 13:00,ord-001061,buy,75921.49,1776607195324,0,0,0,,,,0,expired
2026-04-19 13:00,ord-001062,sell,75925.50,1776607195324,0,0,0,,,,0,expired
2026-04-19 14:00,ord-000001,buy,75919.74,1776607200424,0,0,0,,,,0,cancelled
2026-04-19 14:00,ord-000002,sell,75923.75,1776607200424,0,0,0,,,,0,cancelled
2026-04-19 14:00,ord-000003,buy,75929.08,1776607205424,0,0,0,,,,0,cancelled
2026-04-19 14:00,ord-000004,sell,75933.09,1776607205424,0,0,0,,,,0,cancelled
2026-04-19 14:00,ord-000005,buy,75939.44,1776607210424,0,0,0,,,,0,cancelled
2026-04-19 14:00,ord-000006,sell,75943.45,1776607210424,0,0,0,,,,0,cancelled
2026-04-19 14:00,ord-000007,buy,75928.13,1776607215424,0,0,0,,,,0,cancelled
2026-04-19 14:00,ord-000008,sell,75932.14,1776607215424,0,0,0,,,,0,cancelled
2026-04-19 14:00,ord-000009,buy,75939.05,1776607221324,0,0,0,,,,0,cancelled
2026-04-19 14:00,ord-000010,sell,75943.06,1776607221324,0,0,0,,,,0,cancelled
2026-04-19 14:00,ord-000011,buy,75928.60,1776607226324,0,0,0,,,,0,cancelled
2026-04-19 14:00,ord-000012,sell,75932.61,1776607226324,0,0,0,,,,0,cancelled
2026-04-19 14:00,ord-000013,buy,75951.65,1776607231324,0,0,0,,,,0,cancelled
2026-04-19 14:00,ord-000014,sell,75955.66,1776607231324,0,0,0,,,,0,cancelled
2026-04-19 14:00,ord-000015,buy,75961.22,1776607236324,0,0,0,,,,0,cancelled
2026-04-19 14:00,ord-000016,sell,75965.23,1776607236324,0,0,0,,,,0,cancelled
2026-04-19 14:00,ord-000017,buy,75963.46,1776607241324,0,0,0,,,,0,cancelled
2026-04-19 14:00,ord-000018,sell,75967.47,1776607241324,0,0,0,,,,0,cancelled
2026-04-19 14:00,ord-000019,buy,75963.47,1776607246324,0,0,0,,,,0,cancelled
2026-04-19 14:00,ord-000020,sell,75967.48,1776607246324,0,0,0,,,,0,cancelled
2026-04-19 14:00,ord-000021,buy,75969.62,1776607251324,0,0,0,,,,0,cancelled
2026-04-19 14:00,ord-000022,sell,75973.63,1776607251324,0,0,0,,,,0,cancelled
2026-04-19 14:00,ord-000023,buy,75964.15,1776607256324,0,0,0,,,,0,cancelled
2026-04-19 14:00,ord-000024,sell,75968.16,1776607256324,0,0,0,,,,0,cancelled
2026-04-19 14:00,ord-000025,buy,75967.59,1776607261324,0.00007000,0,0,,,,0,cancelled
2026-04-19 14:00,ord-000026,sell,75971.60,1776607261324,0,0,0,,,,0,cancelled
2026-04-19 14:00,ord-000027,buy,75963.47,1776607266324,0,0,0,,,,0,cancelled
2026-04-19 14:00,ord-000028,sell,75967.48,1776607266324,0,0,0,,,,0,cancelled
2026-04-19 14:00,ord-000029,buy,75976.45,1776607271324,0,0,0,,,,0,cancelled
2026-04-19 14:00,ord-000030,sell,75980.46,1776607271324,0,0,0,,,,0,cancelled
2026-04-19 14:00,ord-000031,buy,75987.47,1776607276324,0,0,0,,,,0,cancelled
2026-04-19 14:00,ord-000032,sell,75991.48,1776607276324,0,0,0,,,,0,cancelled
2026-04-19 14:00,ord-000033,buy,75990.86,1776607291024,0,0,0,,,,0,cancelled
2026-04-19 14:00,ord-000034,sell,75994.87,1776607291024,0,0,0,,,,0,cancelled
2026-04-19 14:00,ord-000035,buy,75993.52,1776607296024,0,0,0,,,,0,cancelled
2026-04-19 14:00,ord-000036,sell,75997.53,1776607296024,0,0,0,,,,0,cancelled
2026-04-19 14:00,ord-000037,buy,75997.99,1776607301024,0,0,0,,,,0,cancelled
2026-04-19 14:00,ord-000038,sell,76002.00,1776607301024,0.00206000,0.00206000,0,,,,0,cancelled
2026-04-19 14:00,ord-000039,buy,76012.81,1776607306024,0,0,0,,,,0,cancelled
2026-04-19 14:00,ord-000040,sell,76016.82,1776607306024,0,0,0,,,,0,cancelled
2026-04-19 14:00,ord-000041,buy,75994.40,1776607311024,0,0,0,,,,0,cancelled
2026-04-19 14:00,ord-000042,sell,75998.41,1776607311024,0,0,0,,,,0,cancelled
2026-04-19 14:00,ord-000043,buy,75994.21,1776607320424,0,0,0,,,,0,cancelled
2026-04-19 14:00,ord-000044,sell,75998.22,1776607320424,0,0,0,,,,0,cancelled
2026-04-19 14:00,ord-000045,buy,75988.80,1776607325424,0,0,0,,,,0,cancelled
2026-04-19 14:00,ord-000046,sell,75992.81,1776607325424,0,0,0,,,,0,cancelled
2026-04-19 14:00,ord-000047,buy,75967.32,1776607330424,0.00008000,0.00008000,0,,,,0,cancelled
2026-04-19 14:00,ord-000048,sell,75971.33,1776607330424,0,0,0,,,,0,cancelled
2026-04-19 14:00,ord-000049,buy,75942.44,1776607335424,0,0,0,,,,0,cancelled
2026-04-19 14:00,ord-000050,sell,75946.45,1776607335424,0,0,0,,,,0,cancelled
2026-04-19 14:00,ord-000051,buy,75942.00,1776607340424,0.00120000,0.00120000,0,,,,0,cancelled
2026-04-19 14:00,ord-000052,sell,75946.01,1776607340424,0,0,0,,,,0,cancelled
2026-04-19 14:00,ord-000053,buy,75937.87,1776607345524,0,0,0,,,,0,cancelled
2026-04-19 14:00,ord-000054,sell,75941.88,1776607345524,0,0,0,,,,0,cancelled
2026-04-19 14:00,ord-000055,buy,75932.75,1776607353924,0,0,0,,,,0,cancelled
2026-04-19 14:00,ord-000056,sell,75936.76,1776607353924,0,0,0,,,,0,cancelled
2026-04-19 14:00,ord-000057,buy,75925.16,1776607358924,0,0,0,,,,0,cancelled
2026-04-19 14:00,ord-000058,sell,75929.17,1776607358924,0,0,0,,,,0,cancelled
2026-04-19 14:00,ord-000059,buy,75895.39,1776607363924,0,0,0,,,,0,cancelled
2026-04-19 14:00,ord-000060,sell,75899.40,1776607363924,0,0,0,,,,0,cancelled
2026-04-19 14:00,ord-000061,buy,75896.00,1776607368924,0.00950000,0.00950000,0,,,,0,cancelled
2026-04-19 14:00,ord-000062,sell,75900.01,1776607368924,0,0,0,,,,0,cancelled
2026-04-19 14:00,ord-000063,buy,75883.78,1776607373924,0,0,0,,,,0,cancelled
2026-04-19 14:00,ord-000064,sell,75887.79,1776607373924,0,0,0,,,,0,cancelled
2026-04-19 14:00,ord-000065,buy,75844.00,1776607378924,0.00120000,0.00120000,0,,,,0,cancelled
2026-04-19 14:00,ord-000066,sell,75848.01,1776607378924,0,0,0,,,,0,cancelled
2026-04-19 14:00,ord-000067,buy,75834.94,1776607383924,0,0,0,,,,0,cancelled
2026-04-19 14:00,ord-000068,sell,75838.95,1776607383924,0,0,0,,,,0,cancelled
2026-04-19 14:00,ord-000069,buy,75805.99,1776607388924,0,0,0,,,,0,cancelled
2026-04-19 14:00,ord-000070,sell,75810.00,1776607388924,0.00117000,0,0,,,,0,cancelled
2026-04-19 14:00,ord-000071,buy,75789.68,1776607393924,0,0,0,,,,0,cancelled
2026-04-19 14:00,ord-000072,sell,75793.69,1776607393924,0,0,0,,,,0,cancelled
2026-04-19 14:00,ord-000073,buy,75791.89,1776607398924,0,0,0,,,,0,cancelled
2026-04-19 14:00,ord-000074,sell,75795.90,1776607398924,0,0,0,,,,0,cancelled
2026-04-19 14:00,ord-000075,buy,75794.31,1776607403924,0,0,0,,,,0,cancelled
2026-04-19 14:00,ord-000076,sell,75798.32,1776607403924,0,0,0,,,,0,cancelled
2026-04-19 14:00,ord-000077,buy,75778.98,1776607408924,0,0,0,,,,0,cancelled
2026-04-19 14:00,ord-000078,sell,75782.99,1776607408924,0,0,0,,,,0,cancelled
2026-04-19 14:00,ord-000079,buy,75805.99,1776607413924,0,0,0,,,,0,cancelled
2026-04-19 14:00,ord-000080,sell,75810.00,1776607413924,0.00138000,0.00138000,0,1776607414166,0.00000000,0.00000000,0.00100000,filled
2026-04-19 14:00,ord-000081,buy,75811.32,1776607414224,0,0,0,,,,0,cancelled
2026-04-19 14:00,ord-000082,sell,75815.33,1776607414224,0,0,0,,,,0,cancelled
2026-04-19 14:00,ord-000083,buy,75823.60,1776607419224,0,0,0,,,,0,cancelled
2026-04-19 14:00,ord-000084,sell,75827.61,1776607419224,0,0,0,,,,0,cancelled
2026-04-19 14:00,ord-000085,buy,75822.00,1776607425025,0.00120000,0.00120000,0,,,,0,cancelled
2026-04-19 14:00,ord-000086,sell,75826.01,1776607425025,0,0,0,,,,0,cancelled
2026-04-19 14:00,ord-000087,buy,75807.14,1776607430124,0,0,0,,,,0,cancelled
2026-04-19 14:00,ord-000088,sell,75811.15,1776607430124,0,0,0,,,,0,cancelled
2026-04-19 14:00,ord-000089,buy,75799.53,1776607435124,0,0,0,,,,0,cancelled
2026-04-19 14:00,ord-000090,sell,75803.54,1776607435124,0,0,0,,,,0,cancelled
2026-04-19 14:00,ord-000091,buy,75815.95,1776607440124,0,0,0,,,,0,cancelled
2026-04-19 14:00,ord-000092,sell,75819.96,1776607440124,0,0,0,,,,0,cancelled
2026-04-19 14:00,ord-000093,buy,75819.43,1776607445124,0,0,0,,,,0,cancelled
2026-04-19 14:00,ord-000094,sell,75823.44,1776607445124,0,0,0,,,,0,cancelled
2026-04-19 14:00,ord-000095,buy,75811.42,1776607450124,0,0,0,,,,0,cancelled
2026-04-19 14:00,ord-000096,sell,75815.43,1776607450124,0,0,0,,,,0,cancelled
2026-04-19 14:00,ord-000097,buy,75799.46,1776607455124,0,0,0,,,,0,cancelled
2026-04-19 14:00,ord-000098,sell,75803.47,1776607455124,0,0,0,,,,0,cancelled
2026-04-19 14:00,ord-000099,buy,75790.82,1776607460124,0,0,0,,,,0,cancelled
2026-04-19 14:00,ord-000100,sell,75794.83,1776607460124,0,0,0,,,,0,cancelled
2026-04-19 14:00,ord-000101,buy,75786.62,1776607465524,0,0,0,,,,0,cancelled
2026-04-19 14:00,ord-000102,sell,75790.63,1776607465524,0,0,0,1776607469985,0,0,0.00007000,cancelled
2026-04-19 14:00,ord-000103,buy,75801.73,1776607470524,0,0,0,,,,0,cancelled
2026-04-19 14:00,ord-000104,sell,75805.74,1776607470524,0,0,0,,,,0,cancelled
2026-04-19 14:00,ord-000105,buy,75794.73,1776607483424,0,0,0,,,,0,cancelled
2026-04-19 14:00,ord-000106,sell,75798.74,1776607483424,0,0,0,,,,0,cancelled
2026-04-19 14:00,ord-000107,buy,75797.23,1776607488424,0,0,0,,,,0,cancelled
2026-04-19 14:00,ord-000108,sell,75801.24,1776607488424,0.00007000,0,0,,,,0,cancelled
2026-04-19 14:00,ord-000109,buy,75801.73,1776607499524,0,0,0,,,,0,cancelled
2026-04-19 14:00,ord-000110,sell,75805.74,1776607499524,0,0,0,,,,0,cancelled
2026-04-19 14:00,ord-000111,buy,75783.83,1776607504524,0,0,0,,,,0,cancelled
2026-04-19 14:00,ord-000112,sell,75787.84,1776607504524,0,0,0,,,,0,cancelled
2026-04-19 14:00,ord-000113,buy,75758.01,1776607509524,0,0,0,,,,0,cancelled
2026-04-19 14:00,ord-000114,sell,75762.02,1776607509524,0,0,0,,,,0,cancelled
2026-04-19 14:00,ord-000115,buy,75768.68,1776607514524,0,0,0,,,,0,cancelled
2026-04-19 14:00,ord-000116,sell,75772.69,1776607514524,0,0,0,,,,0,cancelled
2026-04-19 14:00,ord-000117,buy,75772.99,1776607519524,0,0,0,,,,0,cancelled
2026-04-19 14:00,ord-000118,sell,75777.00,1776607519524,0,0,0,,,,0,cancelled
2026-04-19 14:00,ord-000119,buy,75756.54,1776607524524,0,0,0,,,,0,cancelled
2026-04-19 14:00,ord-000120,sell,75760.55,1776607524524,0,0,0,,,,0,cancelled
2026-04-19 14:00,ord-000121,buy,75748.61,1776607529525,0,0,0,,,,0,cancelled
2026-04-19 14:00,ord-000122,sell,75752.62,1776607529525,0,0,0,,,,0,cancelled
2026-04-19 14:00,ord-000123,buy,75744.91,1776607534624,0,0,0,,,,0,cancelled
2026-04-19 14:00,ord-000124,sell,75748.92,1776607534624,0,0,0,,,,0,cancelled
2026-04-19 14:00,ord-000125,buy,75744.00,1776607539624,0.00080000,0.00080000,0,,,,0,cancelled
2026-04-19 14:00,ord-000126,sell,75748.01,1776607539624,0,0,0,,,,0,cancelled
2026-04-19 14:00,ord-000127,buy,75739.88,1776607544624,0,0,0,,,,0,cancelled
2026-04-19 14:00,ord-000128,sell,75743.89,1776607544624,0,0,0,,,,0,cancelled
2026-04-19 14:00,ord-000129,buy,75733.73,1776607550824,0,0,0,1776607553413,0,0,0.00026000,cancelled
2026-04-19 14:00,ord-000130,sell,75737.74,1776607550824,0,0,0,,,,0,cancelled
2026-04-19 14:00,ord-000131,buy,75733.64,1776607555824,0,0,0,,,,0,cancelled
2026-04-19 14:00,ord-000132,sell,75737.65,1776607555824,0,0,0,,,,0,cancelled
2026-04-19 14:00,ord-000133,buy,75728.35,1776607560824,0.00867000,0,0,,,,0,cancelled
2026-04-19 14:00,ord-000134,sell,75732.36,1776607560824,0,0,0,,,,0,cancelled
2026-04-19 14:00,ord-000135,buy,75738.13,1776607565824,0,0,0,,,,0,cancelled
2026-04-19 14:00,ord-000136,sell,75742.14,1776607565824,0,0,0,,,,0,cancelled
2026-04-19 14:00,ord-000137,buy,75721.37,1776607570824,0,0,0,,,,0,cancelled
2026-04-19 14:00,ord-000138,sell,75725.38,1776607570824,0,0,0,,,,0,cancelled
2026-04-19 14:00,ord-000139,buy,75723.99,1776607578424,0,0,0,,,,0,cancelled
2026-04-19 14:00,ord-000140,sell,75728.00,1776607578424,0.00040000,0,0,,,,0,cancelled
2026-04-19 14:00,ord-000141,buy,75723.19,1776607583424,0,0,0,,,,0,cancelled
2026-04-19 14:00,ord-000142,sell,75727.20,1776607583424,0,0,0,,,,0,cancelled
2026-04-19 14:00,ord-000143,buy,75711.14,1776607588424,0,0,0,,,,0,cancelled
2026-04-19 14:00,ord-000144,sell,75715.15,1776607588424,0,0,0,,,,0,cancelled
2026-04-19 14:00,ord-000145,buy,75692.27,1776607593424,0,0,0,,,,0,cancelled
2026-04-19 14:00,ord-000146,sell,75696.28,1776607593424,0,0,0,,,,0,cancelled
2026-04-19 14:00,ord-000147,buy,75701.94,1776607598424,0,0,0,,,,0,cancelled
2026-04-19 14:00,ord-000148,sell,75705.95,1776607598424,0,0,0,,,,0,cancelled
2026-04-19 14:00,ord-000149,buy,75712.90,1776607603924,0,0,0,,,,0,cancelled
2026-04-19 14:00,ord-000150,sell,75716.91,1776607603924,0,0,0,,,,0,cancelled
2026-04-19 14:00,ord-000151,buy,75712.89,1776607608924,0,0,0,,,,0,cancelled
2026-04-19 14:00,ord-000152,sell,75716.90,1776607608924,0,0,0,,,,0,cancelled
2026-04-19 14:00,ord-000153,buy,75704.83,1776607613924,0,0,0,,,,0,cancelled
2026-04-19 14:00,ord-000154,sell,75708.84,1776607613924,0,0,0,,,,0,cancelled
2026-04-19 14:00,ord-000155,buy,75709.69,1776607618924,0,0,0,,,,0,cancelled
2026-04-19 14:00,ord-000156,sell,75713.70,1776607618924,0,0,0,,,,0,cancelled
2026-04-19 14:00,ord-000157,buy,75696.29,1776607626524,0,0,0,,,,0,cancelled
2026-04-19 14:00,ord-000158,sell,75700.30,1776607626524,0,0,0,,,,0,cancelled
2026-04-19 14:00,ord-000159,buy,75693.01,1776607637324,0,0,0,,,,0,cancelled
2026-04-19 14:00,ord-000160,sell,75697.02,1776607637324,0.08000000,0,0,,,,0,cancelled
2026-04-19 14:00,ord-000161,buy,75687.87,1776607642324,0,0,0,,,,0,cancelled
2026-04-19 14:00,ord-000162,sell,75691.88,1776607642324,0,0,0,,,,0,cancelled
2026-04-19 14:00,ord-000163,buy,75674.99,1776607647324,0,0,0,,,,0,cancelled
2026-04-19 14:00,ord-000164,sell,75679.00,1776607647324,0,0,0,,,,0,cancelled
2026-04-19 14:00,ord-000165,buy,75673.11,1776607652324,0,0,0,,,,0,cancelled
2026-04-19 14:00,ord-000166,sell,75677.12,1776607652324,0,0,0,,,,0,cancelled
2026-04-19 14:00,ord-000167,buy,75676.27,1776607663724,0,0,0,,,,0,cancelled
2026-04-19 14:00,ord-000168,sell,75680.28,1776607663724,0,0,0,,,,0,cancelled
2026-04-19 14:00,ord-000169,buy,75700.70,1776607668724,0,0,0,,,,0,cancelled
2026-04-19 14:00,ord-000170,sell,75704.71,1776607668724,0,0,0,,,,0,cancelled
2026-04-19 14:00,ord-000171,buy,75706.57,1776607673724,0,0,0,,,,0,cancelled
2026-04-19 14:00,ord-000172,sell,75710.58,1776607673724,0,0,0,,,,0,cancelled
2026-04-19 14:00,ord-000173,buy,75706.78,1776607681024,0,0,0,,,,0,cancelled
2026-04-19 14:00,ord-000174,sell,75710.79,1776607681024,0,0,0,,,,0,cancelled
2026-04-19 14:00,ord-000175,buy,75720.38,1776607686024,0,0,0,,,,0,cancelled
2026-04-19 14:00,ord-000176,sell,75724.39,1776607686024,0,0,0,,,,0,cancelled
2026-04-19 14:00,ord-000177,buy,75727.80,1776607691024,0,0,0,,,,0,cancelled
2026-04-19 14:00,ord-000178,sell,75731.81,1776607691024,0,0,0,,,,0,cancelled
2026-04-19 14:00,ord-000179,buy,75740.79,1776607696024,0,0,0,,,,0,cancelled
2026-04-19 14:00,ord-000180,sell,75744.80,1776607696024,0,0,0,,,,0,cancelled
2026-04-19 14:00,ord-000181,buy,75751.63,1776607701024,0,0,0,,,,0,cancelled
2026-04-19 14:00,ord-000182,sell,75755.64,1776607701024,0,0,0,,,,0,cancelled
2026-04-19 14:00,ord-000183,buy,75733.01,1776607706024,0,0,0,,,,0,cancelled
2026-04-19 14:00,ord-000184,sell,75737.02,1776607706024,0,0,0,,,,0,cancelled
2026-04-19 14:00,ord-000185,buy,75728.24,1776607711024,0,0,0,,,,0,cancelled
2026-04-19 14:00,ord-000186,sell,75732.25,1776607711024,0,0,0,,,,0,cancelled
2026-04-19 14:00,ord-000187,buy,75722.51,1776607728624,0,0,0,,,,0,cancelled
2026-04-19 14:00,ord-000188,sell,75726.52,1776607728624,0,0,0,,,,0,cancelled
2026-04-19 14:00,ord-000189,buy,75716.00,1776607733624,0.00120000,0.00120000,0,,,,0,cancelled
2026-04-19 14:00,ord-000190,sell,75720.01,1776607733624,0.29433000,0,0,,,,0,cancelled
2026-04-19 14:00,ord-000191,buy,75701.30,1776607738624,0,0,0,,,,0,cancelled
2026-04-19 14:00,ord-000192,sell,75705.31,1776607738624,0,0,0,,,,0,cancelled
2026-04-19 14:00,ord-000193,buy,75689.80,1776607743624,0,0,0,,,,0,cancelled
2026-04-19 14:00,ord-000194,sell,75693.81,1776607743624,0,0,0,,,,0,cancelled
2026-04-19 14:00,ord-000195,buy,75687.47,1776607757024,0,0,0,,,,0,cancelled
2026-04-19 14:00,ord-000196,sell,75691.48,1776607757024,0,0,0,,,,0,cancelled
2026-04-19 14:00,ord-000197,buy,75685.11,1776607762025,0,0,0,,,,0,cancelled
2026-04-19 14:00,ord-000198,sell,75689.12,1776607762025,0,0,0,,,,0,cancelled
2026-04-19 14:00,ord-000199,buy,75691.73,1776607783224,0,0,0,,,,0,cancelled
2026-04-19 14:00,ord-000200,sell,75695.74,1776607783224,0,0,0,,,,0,cancelled
2026-04-19 14:00,ord-000201,buy,75689.80,1776607788224,0,0,0,,,,0,cancelled
2026-04-19 14:00,ord-000202,sell,75693.81,1776607788224,0,0,0,,,,0,cancelled
2026-04-19 14:00,ord-000203,buy,75695.97,1776607800924,0,0,0,,,,0,cancelled
2026-04-19 14:00,ord-000204,sell,75699.98,1776607800924,0,0,0,,,,0,cancelled
2026-04-19 14:00,ord-000205,buy,75691.35,1776607806426,0,0,0,,,,0,cancelled
2026-04-19 14:00,ord-000206,sell,75695.36,1776607806426,0,0,0,,,,0,cancelled
2026-04-19 14:00,ord-000207,buy,75689.79,1776607811524,0,0,0,,,,0,cancelled
2026-04-19 14:00,ord-000208,sell,75693.80,1776607811524,0,0,0,,,,0,cancelled
2026-04-19 14:00,ord-000209,buy,75687.06,1776607816524,0,0,0,,,,0,cancelled
2026-04-19 14:00,ord-000210,sell,75691.07,1776607816524,0,0,0,,,,0,cancelled
2026-04-19 14:00,ord-000211,buy,75695.99,1776607821524,0,0,0,,,,0,cancelled
2026-04-19 14:00,ord-000212,sell,75700.00,1776607821524,0,0,0,1776607823092,0,0,0.00080000,cancelled
2026-04-19 14:00,ord-000213,buy,75731.55,1776607826524,0,0,0,,,,0,cancelled
2026-04-19 14:00,ord-000214,sell,75735.56,1776607826524,0,0,0,,,,0,cancelled
2026-04-19 14:00,ord-000215,buy,75739.87,1776607831524,0,0,0,,,,0,cancelled
2026-04-19 14:00,ord-000216,sell,75743.88,1776607831524,0,0,0,,,,0,cancelled
2026-04-19 14:00,ord-000217,buy,75729.68,1776607836524,0,0,0,,,,0,cancelled
2026-04-19 14:00,ord-000218,sell,75733.69,1776607836524,0,0,0,,,,0,cancelled
2026-04-19 14:00,ord-000219,buy,75720.59,1776607841524,0,0,0,,,,0,cancelled
2026-04-19 14:00,ord-000220,sell,75724.60,1776607841524,0,0,0,,,,0,cancelled
2026-04-19 14:00,ord-000221,buy,75731.83,1776607846524,0.00014000,0,0,,,,0,cancelled
2026-04-19 14:00,ord-000222,sell,75735.84,1776607846524,0,0,0,,,,0,cancelled
2026-04-19 14:00,ord-000223,buy,75727.28,1776607861824,0,0,0,,,,0,cancelled
2026-04-19 14:00,ord-000224,sell,75731.29,1776607861824,0,0,0,,,,0,cancelled
2026-04-19 14:00,ord-000225,buy,75730.11,1776607866824,0,0,0,,,,0,cancelled
2026-04-19 14:00,ord-000226,sell,75734.12,1776607866824,0,0,0,,,,0,cancelled
2026-04-19 14:00,ord-000227,buy,75727.69,1776607871824,0,0,0,,,,0,cancelled
2026-04-19 14:00,ord-000228,sell,75731.70,1776607871824,0,0,0,,,,0,cancelled
2026-04-19 14:00,ord-000229,buy,75718.24,1776607890124,0,0,0,,,,0,cancelled
2026-04-19 14:00,ord-000230,sell,75722.25,1776607890124,0,0,0,,,,0,cancelled
2026-04-19 14:00,ord-000231,buy,75721.03,1776607895124,0.00133000,0,0,,,,0,cancelled
2026-04-19 14:00,ord-000232,sell,75725.04,1776607895124,0,0,0,,,,0,cancelled
2026-04-19 14:00,ord-000233,buy,75718.16,1776607900124,0,0,0,,,,0,cancelled
2026-04-19 14:00,ord-000234,sell,75722.17,1776607900124,0,0,0,,,,0,cancelled
2026-04-19 14:00,ord-000235,buy,75718.90,1776607906024,0,0,0,,,,0,cancelled
2026-04-19 14:00,ord-000236,sell,75722.91,1776607906024,0,0,0,,,,0,cancelled
2026-04-19 14:00,ord-000237,buy,75725.73,1776607911024,0,0,0,,,,0,cancelled
2026-04-19 14:00,ord-000238,sell,75729.74,1776607911024,0,0,0,,,,0,cancelled
2026-04-19 14:00,ord-000239,buy,75725.86,1776607916024,0,0,0,,,,0,cancelled
2026-04-19 14:00,ord-000240,sell,75729.87,1776607916024,0,0,0,,,,0,cancelled
2026-04-19 14:00,ord-000241,buy,75759.99,1776607921024,0,0,0,,,,0,cancelled
2026-04-19 14:00,ord-000242,sell,75764.00,1776607921024,0.00120000,0,0,,,,0,cancelled
2026-04-19 14:00,ord-000243,buy,75740.84,1776607926024,0,0,0,,,,0,cancelled
2026-04-19 14:00,ord-000244,sell,75744.85,1776607926024,0,0,0,,,,0,cancelled
2026-04-19 14:00,ord-000245,buy,75754.84,1776607931024,0,0,0,,,,0,cancelled
2026-04-19 14:00,ord-000246,sell,75758.85,1776607931024,0,0,0,,,,0,cancelled
2026-04-19 14:00,ord-000247,buy,75762.42,1776607936024,0,0,0,,,,0,cancelled
2026-04-19 14:00,ord-000248,sell,75766.43,1776607936024,0,0,0,,,,0,cancelled
2026-04-19 14:00,ord-000249,buy,75770.71,1776607974025,0,0,0,,,,0,cancelled
2026-04-19 14:00,ord-000250,sell,75774.72,1776607974025,0,0,0,,,,0,cancelled
2026-04-19 14:00,ord-000251,buy,75780.60,1776607979125,0,0,0,,,,0,cancelled
2026-04-19 14:00,ord-000252,sell,75784.61,1776607979125,0,0,0,,,,0,cancelled
2026-04-19 14:00,ord-000253,buy,75785.09,1776607984224,0,0,0,,,,0,cancelled
2026-04-19 14:00,ord-000254,sell,75789.10,1776607984224,0.00300000,0,0,,,,0,cancelled
2026-04-19 14:00,ord-000255,buy,75787.91,1776607989224,0,0,0,,,,0,cancelled
2026-04-19 14:00,ord-000256,sell,75791.92,1776607989224,0,0,0,,,,0,cancelled
2026-04-19 14:00,ord-000257,buy,75783.97,1776607994224,0,0,0,,,,0,cancelled
2026-04-19 14:00,ord-000258,sell,75787.98,1776607994224,0,0,0,,,,0,cancelled
2026-04-19 14:00,ord-000259,buy,75785.20,1776608002224,0,0,0,,,,0,cancelled
2026-04-19 14:00,ord-000260,sell,75789.21,1776608002224,0,0,0,,,,0,cancelled
2026-04-19 14:00,ord-000261,buy,75798.89,1776608007224,0,0,0,,,,0,cancelled
2026-04-19 14:00,ord-000262,sell,75802.90,1776608007224,0,0,0,,,,0,cancelled
2026-04-19 14:00,ord-000263,buy,75800.30,1776608012224,0,0,0,,,,0,cancelled
2026-04-19 14:00,ord-000264,sell,75804.31,1776608012224,0,0,0,,,,0,cancelled
2026-04-19 14:00,ord-000265,buy,75794.88,1776608017224,0,0,0,,,,0,cancelled
2026-04-19 14:00,ord-000266,sell,75798.89,1776608017224,0,0,0,,,,0,cancelled
2026-04-19 14:00,ord-000267,buy,75792.34,1776608022224,0,0,0,,,,0,cancelled
2026-04-19 14:00,ord-000268,sell,75796.35,1776608022224,0,0,0,,,,0,cancelled
2026-04-19 14:00,ord-000269,buy,75792.64,1776608028524,0,0,0,,,,0,cancelled
2026-04-19 14:00,ord-000270,sell,75796.65,1776608028524,0,0,0,,,,0,cancelled
2026-04-19 14:00,ord-000271,buy,75801.99,1776608033524,0,0,0,,,,0,cancelled
2026-04-19 14:00,ord-000272,sell,75806.00,1776608033524,0.00120000,0,0,,,,0,cancelled
2026-04-19 14:00,ord-000273,buy,75798.95,1776608040424,0,0,0,,,,0,cancelled
2026-04-19 14:00,ord-000274,sell,75802.96,1776608040424,0,0,0,,,,0,cancelled
2026-04-19 14:00,ord-000275,buy,75792.34,1776608045424,0,0,0,,,,0,cancelled
2026-04-19 14:00,ord-000276,sell,75796.35,1776608045424,0,0,0,,,,0,cancelled
2026-04-19 14:00,ord-000277,buy,75787.74,1776608069824,0,0,0,,,,0,cancelled
2026-04-19 14:00,ord-000278,sell,75791.75,1776608069824,0,0,0,,,,0,cancelled
2026-04-19 14:00,ord-000279,buy,75788.38,1776608092424,0,0,0,,,,0,cancelled
2026-04-19 14:00,ord-000280,sell,75792.39,1776608092424,0,0,0,,,,0,cancelled
2026-04-19 14:00,ord-000281,buy,75792.34,1776608097424,0,0,0,,,,0,cancelled
2026-04-19 14:00,ord-000282,sell,75796.35,1776608097424,0,0,0,,,,0,cancelled
2026-04-19 14:00,ord-000283,buy,75790.23,1776608102424,0,0,0,,,,0,cancelled
2026-04-19 14:00,ord-000284,sell,75794.24,1776608102424,0,0,0,,,,0,cancelled
2026-04-19 14:00,ord-000285,buy,75783.06,1776608107424,0.00007000,0.00007000,0,,,,0,cancelled
2026-04-19 14:00,ord-000286,sell,75787.07,1776608107424,0,0,0,,,,0,cancelled
2026-04-19 14:00,ord-000287,buy,75776.40,1776608112425,0,0,0,,,,0,cancelled
2026-04-19 14:00,ord-000288,sell,75780.41,1776608112425,0,0,0,,,,0,cancelled
2026-04-19 14:00,ord-000289,buy,75768.38,1776608117524,0,0,0,,,,0,cancelled
2026-04-19 14:00,ord-000290,sell,75772.39,1776608117524,0,0,0,,,,0,cancelled
2026-04-19 14:00,ord-000291,buy,75768.69,1776608128424,0,0,0,,,,0,cancelled
2026-04-19 14:00,ord-000292,sell,75772.70,1776608128424,0,0,0,,,,0,cancelled
2026-04-19 14:00,ord-000293,buy,75764.36,1776608133424,0,0,0,,,,0,cancelled
2026-04-19 14:00,ord-000294,sell,75768.37,1776608133424,0,0,0,,,,0,cancelled
2026-04-19 14:00,ord-000295,buy,75767.99,1776608146024,0,0,0,,,,0,cancelled
2026-04-19 14:00,ord-000296,sell,75772.00,1776608146024,0.00087000,0,0,,,,0,cancelled
2026-04-19 14:00,ord-000297,buy,75768.69,1776608151024,0,0,0,,,,0,cancelled
2026-04-19 14:00,ord-000298,sell,75772.70,1776608151024,0,0,0,,,,0,cancelled
2026-04-19 14:00,ord-000299,buy,75775.07,1776608156024,0,0,0,,,,0,cancelled
2026-04-19 14:00,ord-000300,sell,75779.08,1776608156024,0,0,0,,,,0,cancelled
2026-04-19 14:00,ord-000301,buy,75776.39,1776608165224,0,0,0,,,,0,cancelled
2026-04-19 14:00,ord-000302,sell,75780.40,1776608165224,0,0,0,,,,0,cancelled
2026-04-19 14:00,ord-000303,buy,75783.99,1776608170224,0,0,0,,,,0,cancelled
2026-04-19 14:00,ord-000304,sell,75788.00,1776608170224,0.00120000,0,0,,,,0,cancelled
2026-04-19 14:00,ord-000305,buy,75778.21,1776608178024,0,0,0,,,,0,cancelled
2026-04-19 14:00,ord-000306,sell,75782.22,1776608178024,0,0,0,,,,0,cancelled
2026-04-19 14:00,ord-000307,buy,75772.88,1776608183024,0,0,0,,,,0,cancelled
2026-04-19 14:00,ord-000308,sell,75776.89,1776608183024,0,0,0,,,,0,cancelled
2026-04-19 14:00,ord-000309,buy,75779.58,1776608188024,0,0,0,,,,0,cancelled
2026-04-19 14:00,ord-000310,sell,75783.59,1776608188024,0,0,0,,,,0,cancelled
2026-04-19 14:00,ord-000311,buy,75776.92,1776608195524,0,0,0,,,,0,cancelled
2026-04-19 14:00,ord-000312,sell,75780.93,1776608195524,0,0,0,,,,0,cancelled
2026-04-19 14:00,ord-000313,buy,75780.90,1776608209324,0,0,0,,,,0,cancelled
2026-04-19 14:00,ord-000314,sell,75784.91,1776608209324,0,0,0,,,,0,cancelled
2026-04-19 14:00,ord-000315,buy,75788.39,1776608222224,0,0,0,,,,0,cancelled
2026-04-19 14:00,ord-000316,sell,75792.40,1776608222224,0,0,0,,,,0,cancelled
2026-04-19 14:00,ord-000317,buy,75795.13,1776608227224,0,0,0,,,,0,cancelled
2026-04-19 14:00,ord-000318,sell,75799.14,1776608227224,0,0,0,,,,0,cancelled
2026-04-19 14:00,ord-000319,buy,75789.39,1776608234424,0,0,0,,,,0,cancelled
2026-04-19 14:00,ord-000320,sell,75793.40,1776608234424,0,0,0,,,,0,cancelled
2026-04-19 14:00,ord-000321,buy,75787.10,1776608239425,0,0,0,,,,0,cancelled
2026-04-19 14:00,ord-000322,sell,75791.11,1776608239425,0,0,0,,,,0,cancelled
2026-04-19 14:00,ord-000323,buy,75788.61,1776608244524,0,0,0,,,,0,cancelled
2026-04-19 14:00,ord-000324,sell,75792.62,1776608244524,0,0,0,,,,0,cancelled
2026-04-19 14:00,ord-000325,buy,75782.95,1776608255524,0,0,0,,,,0,cancelled
2026-04-19 14:00,ord-000326,sell,75786.96,1776608255524,0,0,0,,,,0,cancelled
2026-04-19 14:00,ord-000327,buy,75779.07,1776608260524,0,0,0,,,,0,cancelled
2026-04-19 14:00,ord-000328,sell,75783.08,1776608260524,0,0,0,,,,0,cancelled
2026-04-19 14:00,ord-000329,buy,75773.23,1776608265524,0,0,0,,,,0,cancelled
2026-04-19 14:00,ord-000330,sell,75777.24,1776608265524,0,0,0,,,,0,cancelled
2026-04-19 14:00,ord-000331,buy,75772.71,1776608278624,0,0,0,,,,0,cancelled
2026-04-19 14:00,ord-000332,sell,75776.72,1776608278624,0,0,0,,,,0,cancelled
2026-04-19 14:00,ord-000333,buy,75769.84,1776608283625,0,0,0,,,,0,cancelled
2026-04-19 14:00,ord-000334,sell,75773.85,1776608283625,0.00014000,0,0,,,,0,cancelled
2026-04-19 14:00,ord-000335,buy,75782.77,1776608288724,0,0,0,,,,0,cancelled
2026-04-19 14:00,ord-000336,sell,75786.78,1776608288724,0,0,0,,,,0,cancelled
2026-04-19 14:00,ord-000337,buy,75791.99,1776608293724,0,0,0,,,,0,cancelled
2026-04-19 14:00,ord-000338,sell,75796.00,1776608293724,0.00120000,0.00120000,0,,,,0,cancelled
2026-04-19 14:00,ord-000339,buy,75797.16,1776608299224,0,0,0,,,,0,cancelled
2026-04-19 14:00,ord-000340,sell,75801.17,1776608299224,0,0,0,,,,0,cancelled
2026-04-19 14:00,ord-000341,buy,75811.32,1776608304224,0.02932000,0,0,,,,0,cancelled
2026-04-19 14:00,ord-000342,sell,75815.33,1776608304224,0,0,0,,,,0,cancelled
2026-04-19 14:00,ord-000343,buy,75812.11,1776608309224,0,0,0,,,,0,cancelled
2026-04-19 14:00,ord-000344,sell,75816.12,1776608309224,0,0,0,,,,0,cancelled
2026-04-19 14:00,ord-000345,buy,75818.53,1776608315924,0,0,0,,,,0,cancelled
2026-04-19 14:00,ord-000346,sell,75822.54,1776608315924,0,0,0,,,,0,cancelled
2026-04-19 14:00,ord-000347,buy,75829.89,1776608320924,0,0,0,,,,0,cancelled
2026-04-19 14:00,ord-000348,sell,75833.90,1776608320924,0,0,0,,,,0,cancelled
2026-04-19 14:00,ord-000349,buy,75840.06,1776608325924,0,0,0,,,,0,cancelled
2026-04-19 14:00,ord-000350,sell,75844.07,1776608325924,0,0,0,,,,0,cancelled
2026-04-19 14:00,ord-000351,buy,75842.05,1776608330924,0,0,0,,,,0,cancelled
2026-04-19 14:00,ord-000352,sell,75846.06,1776608330924,0,0,0,,,,0,cancelled
2026-04-19 14:00,ord-000353,buy,75847.99,1776608335924,0,0,0,,,,0,cancelled
2026-04-19 14:00,ord-000354,sell,75852.00,1776608335924,0.00120000,0,0,,,,0,cancelled
2026-04-19 14:00,ord-000355,buy,75841.97,1776608340924,0,0,0,,,,0,cancelled
2026-04-19 14:00,ord-000356,sell,75845.98,1776608340924,0,0,0,,,,0,cancelled
2026-04-19 14:00,ord-000357,buy,75870.35,1776608345924,0,0,0,,,,0,cancelled
2026-04-19 14:00,ord-000358,sell,75874.36,1776608345924,0,0,0,,,,0,cancelled
2026-04-19 14:00,ord-000359,buy,75906.99,1776608350924,0,0,0,,,,0,cancelled
2026-04-19 14:00,ord-000360,sell,75911.00,1776608350924,0,0,0,,,,0,cancelled
2026-04-19 14:00,ord-000361,buy,75909.58,1776608355924,0,0,0,,,,0,cancelled
2026-04-19 14:00,ord-000362,sell,75913.59,1776608355924,0,0,0,,,,0,cancelled
2026-04-19 14:00,ord-000363,buy,75900.26,1776608360924,0,0,0,,,,0,cancelled
2026-04-19 14:00,ord-000364,sell,75904.27,1776608360924,0,0,0,,,,0,cancelled
2026-04-19 14:00,ord-000365,buy,75882.38,1776608365924,0,0,0,,,,0,cancelled
2026-04-19 14:00,ord-000366,sell,75886.39,1776608365924,0,0,0,,,,0,cancelled
2026-04-19 14:00,ord-000367,buy,75879.49,1776608370924,0,0,0,,,,0,cancelled
2026-04-19 14:00,ord-000368,sell,75883.50,1776608370924,0,0,0,,,,0,cancelled
2026-04-19 14:00,ord-000369,buy,75880.21,1776608375924,0,0,0,,,,0,cancelled
2026-04-19 14:00,ord-000370,sell,75884.22,1776608375924,0,0,0,,,,0,cancelled
2026-04-19 14:00,ord-000371,buy,75860.52,1776608380924,0,0,0,,,,0,cancelled
2026-04-19 14:00,ord-000372,sell,75864.53,1776608380924,0,0,0,,,,0,cancelled
2026-04-19 14:00,ord-000373,buy,75861.19,1776608386524,0,0,0,,,,0,cancelled
2026-04-19 14:00,ord-000374,sell,75865.20,1776608386524,0,0,0,,,,0,cancelled
2026-04-19 14:00,ord-000375,buy,75837.68,1776608391524,0,0,0,,,,0,cancelled
2026-04-19 14:00,ord-000376,sell,75841.69,1776608391524,0,0,0,,,,0,cancelled
2026-04-19 14:00,ord-000377,buy,75845.76,1776608396524,0,0,0,,,,0,cancelled
2026-04-19 14:00,ord-000378,sell,75849.77,1776608396524,0,0,0,,,,0,cancelled
2026-04-19 14:00,ord-000379,buy,75847.99,1776608401524,0,0,0,,,,0,cancelled
2026-04-19 14:00,ord-000380,sell,75852.00,1776608401524,0.00120000,0,0,,,,0,cancelled
2026-04-19 14:00,ord-000381,buy,75839.68,1776608406524,0.00103000,0,0,,,,0,cancelled
2026-04-19 14:00,ord-000382,sell,75843.69,1776608406524,0,0,0,,,,0,cancelled
2026-04-19 14:00,ord-000383,buy,75835.66,1776608411524,0,0,0,,,,0,cancelled
2026-04-19 14:00,ord-000384,sell,75839.67,1776608411524,0,0,0,,,,0,cancelled
2026-04-19 14:00,ord-000385,buy,75832.67,1776608416524,0,0,0,,,,0,cancelled
2026-04-19 14:00,ord-000386,sell,75836.68,1776608416524,0,0,0,,,,0,cancelled
2026-04-19 14:00,ord-000387,buy,75836.98,1776608423024,0,0,0,,,,0,cancelled
2026-04-19 14:00,ord-000388,sell,75840.99,1776608423024,0,0,0,,,,0,cancelled
2026-04-19 14:00,ord-000389,buy,75836.99,1776608428024,0,0,0,,,,0,cancelled
2026-04-19 14:00,ord-000390,sell,75841.00,1776608428024,0.12481000,0,0,,,,0,cancelled
2026-04-19 14:00,ord-000391,buy,75831.60,1776608439024,0,0,0,,,,0,cancelled
2026-04-19 14:00,ord-000392,sell,75835.61,1776608439024,0,0,0,,,,0,cancelled
2026-04-19 14:00,ord-000393,buy,75821.83,1776608444025,0,0,0,,,,0,cancelled
2026-04-19 14:00,ord-000394,sell,75825.84,1776608444025,0,0,0,,,,0,cancelled
2026-04-19 14:00,ord-000395,buy,75811.34,1776608449124,0,0,0,,,,0,cancelled
2026-04-19 14:00,ord-000396,sell,75815.35,1776608449124,0,0,0,,,,0,cancelled
2026-04-19 14:00,ord-000397,buy,75807.86,1776608454124,0,0,0,,,,0,cancelled
2026-04-19 14:00,ord-000398,sell,75811.87,1776608454124,0,0,0,,,,0,cancelled
2026-04-19 14:00,ord-000399,buy,75807.87,1776608462925,0,0,0,,,,0,cancelled
2026-04-19 14:00,ord-000400,sell,75811.88,1776608462925,0,0,0,,,,0,cancelled
2026-04-19 14:00,ord-000401,buy,75829.99,1776608468024,0,0,0,,,,0,cancelled
2026-04-19 14:00,ord-000402,sell,75834.00,1776608468024,0.00120000,0.00120000,0,,,,0,cancelled
2026-04-19 14:00,ord-000403,buy,75857.09,1776608473024,0,0,0,,,,0,cancelled
2026-04-19 14:00,ord-000404,sell,75861.10,1776608473024,0,0,0,,,,0,cancelled
2026-04-19 14:00,ord-000405,buy,75873.99,1776608478024,0,0,0,,,,0,cancelled
2026-04-19 14:00,ord-000406,sell,75878.00,1776608478024,0.00120000,0,0,,,,0,cancelled
2026-04-19 14:00,ord-000407,buy,75875.14,1776608483224,0,0,0,,,,0,cancelled
2026-04-19 14:00,ord-000408,sell,75879.15,1776608483224,0,0,0,,,,0,cancelled
2026-04-19 14:00,ord-000409,buy,75872.19,1776608488224,0,0,0,,,,0,cancelled
2026-04-19 14:00,ord-000410,sell,75876.20,1776608488224,0,0,0,,,,0,cancelled
2026-04-19 14:00,ord-000411,buy,75872.59,1776608493224,0,0,0,,,,0,cancelled
2026-04-19 14:00,ord-000412,sell,75876.60,1776608493224,0,0,0,,,,0,cancelled
2026-04-19 14:00,ord-000413,buy,75866.25,1776608498224,0,0,0,,,,0,cancelled
2026-04-19 14:00,ord-000414,sell,75870.26,1776608498224,0,0,0,,,,0,cancelled
2026-04-19 14:00,ord-000415,buy,75871.44,1776608504324,0,0,0,,,,0,cancelled
2026-04-19 14:00,ord-000416,sell,75875.45,1776608504324,0,0,0,,,,0,cancelled
2026-04-19 14:00,ord-000417,buy,75879.54,1776608509324,0,0,0,,,,0,cancelled
2026-04-19 14:00,ord-000418,sell,75883.55,1776608509324,0,0,0,,,,0,cancelled
2026-04-19 14:00,ord-000419,buy,75868.83,1776608514324,0,0,0,,,,0,cancelled
2026-04-19 14:00,ord-000420,sell,75872.84,1776608514324,0,0,0,,,,0,cancelled
2026-04-19 14:00,ord-000421,buy,75866.13,1776608519324,0,0,0,,,,0,cancelled
2026-04-19 14:00,ord-000422,sell,75870.14,1776608519324,0,0,0,,,,0,cancelled
2026-04-19 14:00,ord-000423,buy,75859.83,1776608524324,0,0,0,,,,0,cancelled
2026-04-19 14:00,ord-000424,sell,75863.84,1776608524324,0,0,0,,,,0,cancelled
2026-04-19 14:00,ord-000425,buy,75859.07,1776608529324,0,0,0,,,,0,cancelled
2026-04-19 14:00,ord-000426,sell,75863.08,1776608529324,0,0,0,,,,0,cancelled
2026-04-19 14:00,ord-000427,buy,75865.30,1776608537824,0,0,0,,,,0,cancelled
2026-04-19 14:00,ord-000428,sell,75869.31,1776608537824,0,0,0,,,,0,cancelled
2026-04-19 14:00,ord-000429,buy,75872.69,1776608542824,0,0,0,,,,0,cancelled
2026-04-19 14:00,ord-000430,sell,75876.70,1776608542824,0,0,0,,,,0,cancelled
2026-04-19 14:00,ord-000431,buy,75862.26,1776608547824,0,0,0,,,,0,cancelled
2026-04-19 14:00,ord-000432,sell,75866.27,1776608547824,0,0,0,,,,0,cancelled
2026-04-19 14:00,ord-000433,buy,75867.99,1776608555724,0,0,0,,,,0,cancelled
2026-04-19 14:00,ord-000434,sell,75872.00,1776608555724,0.00080000,0.00080000,0,,,,0,cancelled
2026-04-19 14:00,ord-000435,buy,75872.69,1776608560724,0,0,0,,,,0,cancelled
2026-04-19 14:00,ord-000436,sell,75876.70,1776608560724,0,0,0,,,,0,cancelled
2026-04-19 14:00,ord-000437,buy,75874.27,1776608565724,0,0,0,,,,0,cancelled
2026-04-19 14:00,ord-000438,sell,75878.28,1776608565724,0,0,0,,,,0,cancelled
2026-04-19 14:00,ord-000439,buy,75866.00,1776608570724,0.00120000,0,0,,,,0,cancelled
2026-04-19 14:00,ord-000440,sell,75870.01,1776608570724,0,0,0,,,,0,cancelled
2026-04-19 14:00,ord-000441,buy,75873.59,1776608595624,0,0,0,,,,0,cancelled
2026-04-19 14:00,ord-000442,sell,75877.60,1776608595624,0,0,0,,,,0,cancelled
2026-04-19 14:00,ord-000443,buy,75894.85,1776608600624,0,0,0,,,,0,cancelled
2026-04-19 14:00,ord-000444,sell,75898.86,1776608600624,0,0,0,,,,0,cancelled
2026-04-19 14:00,ord-000445,buy,75906.10,1776608605624,0,0,0,,,,0,cancelled
2026-04-19 14:00,ord-000446,sell,75910.11,1776608605624,0,0,0,,,,0,cancelled
2026-04-19 14:00,ord-000447,buy,75902.79,1776608610624,0,0,0,,,,0,cancelled
2026-04-19 14:00,ord-000448,sell,75906.80,1776608610624,0,0,0,,,,0,cancelled
2026-04-19 14:00,ord-000449,buy,75900.65,1776608615624,0,0,0,,,,0,cancelled
2026-04-19 14:00,ord-000450,sell,75904.66,1776608615624,0,0,0,,,,0,cancelled
2026-04-19 14:00,ord-000451,buy,75898.56,1776608620624,0,0,0,,,,0,cancelled
2026-04-19 14:00,ord-000452,sell,75902.57,1776608620624,0,0,0,,,,0,cancelled
2026-04-19 14:00,ord-000453,buy,75894.36,1776608625624,0,0,0,,,,0,cancelled
2026-04-19 14:00,ord-000454,sell,75898.37,1776608625624,0,0,0,,,,0,cancelled
2026-04-19 14:00,ord-000455,buy,75889.20,1776608635524,0,0,0,,,,0,cancelled
2026-04-19 14:00,ord-000456,sell,75893.21,1776608635524,0,0,0,,,,0,cancelled
2026-04-19 14:00,ord-000457,buy,75874.52,1776608640524,0,0,0,,,,0,cancelled
2026-04-19 14:00,ord-000458,sell,75878.53,1776608640524,0,0,0,,,,0,cancelled
2026-04-19 14:00,ord-000459,buy,75863.47,1776608645524,0,0,0,,,,0,cancelled
2026-04-19 14:00,ord-000460,sell,75867.48,1776608645524,0,0,0,,,,0,cancelled
2026-04-19 14:00,ord-000461,buy,75867.99,1776608650524,0,0,0,,,,0,cancelled
2026-04-19 14:00,ord-000462,sell,75872.00,1776608650524,0.00080000,0.00080000,0,,,,0,cancelled
2026-04-19 14:00,ord-000463,buy,75871.99,1776608660032,1.02866000,0,0,,,,0,cancelled
2026-04-19 14:00,ord-000464,sell,75876.00,1776608660032,0.00120000,0.00120000,0,1776608661413,0.00088000,0.00000000,0.001,filled
2026-04-19 14:00,ord-000465,buy,75876.26,1776608661424,0,0,0,,,,0,cancelled
2026-04-19 14:00,ord-000466,sell,75880.27,1776608661424,0,0,0,,,,0,cancelled
2026-04-19 14:00,ord-000467,buy,75879.99,1776608666424,0,0,0,,,,0,cancelled
2026-04-19 14:00,ord-000468,sell,75884.00,1776608666424,0.00120000,0,0,,,,0,cancelled
2026-04-19 14:00,ord-000469,buy,75880.03,1776608671424,0,0,0,,,,0,cancelled
2026-04-19 14:00,ord-000470,sell,75884.04,1776608671424,0,0,0,,,,0,cancelled
2026-04-19 14:00,ord-000471,buy,75887.78,1776608699624,0,0,0,,,,0,cancelled
2026-04-19 14:00,ord-000472,sell,75891.79,1776608699624,0,0,0,,,,0,cancelled
2026-04-19 14:00,ord-000473,buy,75895.88,1776608704624,0,0,0,,,,0,cancelled
2026-04-19 14:00,ord-000474,sell,75899.89,1776608704624,0,0,0,,,,0,cancelled
2026-04-19 14:00,ord-000475,buy,75902.36,1776608709624,0,0,0,,,,0,cancelled
2026-04-19 14:00,ord-000476,sell,75906.37,1776608709624,0,0,0,,,,0,cancelled
2026-04-19 14:00,ord-000477,buy,75911.00,1776608714624,0,0,0,,,,0,cancelled
2026-04-19 14:00,ord-000478,sell,75915.01,1776608714624,0,0,0,,,,0,cancelled
2026-04-19 14:00,ord-000479,buy,75924.03,1776608719624,0,0,0,,,,0,cancelled
2026-04-19 14:00,ord-000480,sell,75928.04,1776608719624,0,0,0,,,,0,cancelled
2026-04-19 14:00,ord-000481,buy,75910.74,1776608724624,0,0,0,,,,0,cancelled
2026-04-19 14:00,ord-000482,sell,75914.75,1776608724624,0,0,0,,,,0,cancelled
2026-04-19 14:00,ord-000483,buy,75911.48,1776608729624,0,0,0,,,,0,cancelled
2026-04-19 14:00,ord-000484,sell,75915.49,1776608729624,0,0,0,,,,0,cancelled
2026-04-19 14:00,ord-000485,buy,75918.20,1776608734624,0,0,0,,,,0,cancelled
2026-04-19 14:00,ord-000486,sell,75922.21,1776608734624,0,0,0,,,,0,cancelled
2026-04-19 14:00,ord-000487,buy,75920.36,1776608739624,0,0,0,,,,0,cancelled
2026-04-19 14:00,ord-000488,sell,75924.37,1776608739624,0,0,0,,,,0,cancelled
2026-04-19 14:00,ord-000489,buy,75926.54,1776608744624,0,0,0,,,,0,cancelled
2026-04-19 14:00,ord-000490,sell,75930.55,1776608744624,0,0,0,,,,0,cancelled
2026-04-19 14:00,ord-000491,buy,75938.23,1776608749624,0,0,0,,,,0,cancelled
2026-04-19 14:00,ord-000492,sell,75942.24,1776608749624,0,0,0,,,,0,cancelled
2026-04-19 14:00,ord-000493,buy,75944.14,1776608754624,0,0,0,,,,0,cancelled
2026-04-19 14:00,ord-000494,sell,75948.15,1776608754624,0,0,0,,,,0,cancelled
2026-04-19 14:00,ord-000495,buy,75944.13,1776608759625,0,0,0,,,,0,cancelled
2026-04-19 14:00,ord-000496,sell,75948.14,1776608759625,0,0,0,,,,0,cancelled
2026-04-19 14:00,ord-000497,buy,75938.24,1776608764724,0,0,0,,,,0,cancelled
2026-04-19 14:00,ord-000498,sell,75942.25,1776608764724,0,0,0,,,,0,cancelled
2026-04-19 14:00,ord-000499,buy,75956.96,1776608769724,0,0,0,,,,0,cancelled
2026-04-19 14:00,ord-000500,sell,75960.97,1776608769724,0,0,0,,,,0,cancelled
2026-04-19 14:00,ord-000501,buy,75964.65,1776608774724,0,0,0,,,,0,cancelled
2026-04-19 14:00,ord-000502,sell,75968.66,1776608774724,0,0,0,,,,0,cancelled
2026-04-19 14:00,ord-000503,buy,75989.99,1776608779724,0,0,0,,,,0,cancelled
2026-04-19 14:00,ord-000504,sell,75994.00,1776608779724,0.00120000,0.00120000,0,,,,0,cancelled
2026-04-19 14:00,ord-000505,buy,76007.49,1776608784724,0,0,0,,,,0,cancelled
2026-04-19 14:00,ord-000506,sell,76011.50,1776608784724,0,0,0,,,,0,cancelled
2026-04-19 14:00,ord-000507,buy,76009.39,1776608793024,0,0,0,,,,0,cancelled
2026-04-19 14:00,ord-000508,sell,76013.40,1776608793024,0,0,0,,,,0,cancelled
2026-04-19 14:00,ord-000509,buy,75992.51,1776608798024,0,0,0,,,,0,cancelled
2026-04-19 14:00,ord-000510,sell,75996.52,1776608798024,0,0,0,,,,0,cancelled
2026-04-19 14:00,ord-000511,buy,75984.22,1776608803024,0,0,0,,,,0,cancelled
2026-04-19 14:00,ord-000512,sell,75988.23,1776608803024,0,0,0,,,,0,cancelled
2026-04-19 14:00,ord-000513,buy,75970.73,1776608808024,0,0,0,,,,0,cancelled
2026-04-19 14:00,ord-000514,sell,75974.74,1776608808024,0,0,0,,,,0,cancelled
2026-04-19 14:00,ord-000515,buy,75960.06,1776608813024,0,0,0,,,,0,cancelled
2026-04-19 14:00,ord-000516,sell,75964.07,1776608813024,0,0,0,,,,0,cancelled
2026-04-19 14:00,ord-000517,buy,75961.82,1776608820624,0,0,0,,,,0,cancelled
2026-04-19 14:00,ord-000518,sell,75965.83,1776608820624,0,0,0,,,,0,cancelled
2026-04-19 14:00,ord-000519,buy,76005.35,1776608825624,0,0,0,,,,0,cancelled
2026-04-19 14:00,ord-000520,sell,76009.36,1776608825624,0,0,0,,,,0,cancelled
2026-04-19 14:00,ord-000521,buy,76010.37,1776608830624,0,0,0,,,,0,cancelled
2026-04-19 14:00,ord-000522,sell,76014.38,1776608830624,0,0,0,,,,0,cancelled
2026-04-19 14:00,ord-000523,buy,76022.77,1776608835624,0,0,0,,,,0,cancelled
2026-04-19 14:00,ord-000524,sell,76026.78,1776608835624,0,0,0,,,,0,cancelled
2026-04-19 14:00,ord-000525,buy,76015.72,1776608840624,0,0,0,,,,0,cancelled
2026-04-19 14:00,ord-000526,sell,76019.73,1776608840624,0,0,0,,,,0,cancelled
2026-04-19 14:00,ord-000527,buy,75996.44,1776608845624,0,0,0,,,,0,cancelled
2026-04-19 14:00,ord-000528,sell,76000.45,1776608845624,0,0,0,,,,0,cancelled
2026-04-19 14:00,ord-000529,buy,75990.17,1776608851326,0,0,0,,,,0,cancelled
2026-04-19 14:00,ord-000530,sell,75994.18,1776608851326,0,0,0,,,,0,cancelled
2026-04-19 14:00,ord-000531,buy,75975.74,1776608856424,0,0,0,,,,0,cancelled
2026-04-19 14:00,ord-000532,sell,75979.75,1776608856424,0,0,0,,,,0,cancelled
2026-04-19 14:00,ord-000533,buy,75971.36,1776608861424,0,0,0,,,,0,cancelled
2026-04-19 14:00,ord-000534,sell,75975.37,1776608861424,0,0,0,,,,0,cancelled
2026-04-19 14:00,ord-000535,buy,75968.76,1776608868024,0,0,0,,,,0,cancelled
2026-04-19 14:00,ord-000536,sell,75972.77,1776608868024,0,0,0,,,,0,cancelled
2026-04-19 14:00,ord-000537,buy,75958.10,1776608877024,0.00100000,0.00100000,0,,,,0,cancelled
2026-04-19 14:00,ord-000538,sell,75962.11,1776608877024,0,0,0,,,,0,cancelled
2026-04-19 14:00,ord-000539,buy,75955.04,1776608882024,0,0,0,,,,0,cancelled
2026-04-19 14:00,ord-000540,sell,75959.05,1776608882024,0,0,0,,,,0,cancelled
2026-04-19 14:00,ord-000541,buy,75954.00,1776608889024,0.00120000,0.00120000,0,,,,0,cancelled
2026-04-19 14:00,ord-000542,sell,75958.01,1776608889024,0,0,0,,,,0,cancelled
2026-04-19 14:00,ord-000543,buy,75948.00,1776608894024,0.07858000,0,0,,,,0,cancelled
2026-04-19 14:00,ord-000544,sell,75952.01,1776608894024,0,0,0,,,,0,cancelled
2026-04-19 14:00,ord-000545,buy,75948.01,1776608914824,0,0,0,,,,0,cancelled
2026-04-19 14:00,ord-000546,sell,75952.02,1776608914824,0,0,0,,,,0,cancelled
2026-04-19 14:00,ord-000547,buy,75962.60,1776608919824,0,0,0,,,,0,cancelled
2026-04-19 14:00,ord-000548,sell,75966.61,1776608919824,0,0,0,,,,0,cancelled
2026-04-19 14:00,ord-000549,buy,75952.39,1776608924824,0,0,0,,,,0,cancelled
2026-04-19 14:00,ord-000550,sell,75956.40,1776608924824,0,0,0,,,,0,cancelled
2026-04-19 14:00,ord-000551,buy,75954.58,1776608929824,0,0,0,,,,0,cancelled
2026-04-19 14:00,ord-000552,sell,75958.59,1776608929824,0,0,0,,,,0,cancelled
2026-04-19 14:00,ord-000553,buy,75967.99,1776608934824,0.12086000,0.00014000,0,,,,0,cancelled
2026-04-19 14:00,ord-000554,sell,75972.00,1776608934824,0.00120000,0,0,,,,0,cancelled
2026-04-19 14:00,ord-000555,buy,75963.42,1776608945724,0,0,0,,,,0,cancelled
2026-04-19 14:00,ord-000556,sell,75967.43,1776608945724,0,0,0,,,,0,cancelled
2026-04-19 14:00,ord-000557,buy,75958.00,1776608950724,0.00120000,0,0,,,,0,cancelled
2026-04-19 14:00,ord-000558,sell,75962.01,1776608950724,0,0,0,,,,0,cancelled
2026-04-19 14:00,ord-000559,buy,75962.59,1776608955724,0,0,0,,,,0,cancelled
2026-04-19 14:00,ord-000560,sell,75966.60,1776608955724,0,0,0,,,,0,cancelled
2026-04-19 14:00,ord-000561,buy,75961.08,1776608962124,0,0,0,,,,0,cancelled
2026-04-19 14:00,ord-000562,sell,75965.09,1776608962124,0,0,0,,,,0,cancelled
2026-04-19 14:00,ord-000563,buy,75958.00,1776608967124,0.00120000,0,0,,,,0,cancelled
2026-04-19 14:00,ord-000564,sell,75962.01,1776608967124,0,0,0,,,,0,cancelled
2026-04-19 14:00,ord-000565,buy,75961.39,1776609000724,0,0,0,,,,0,cancelled
2026-04-19 14:00,ord-000566,sell,75965.40,1776609000724,0,0,0,,,,0,cancelled
2026-04-19 14:00,ord-000567,buy,75979.91,1776609005725,0,0,0,,,,0,cancelled
2026-04-19 14:00,ord-000568,sell,75983.92,1776609005725,0,0,0,,,,0,cancelled
2026-04-19 14:00,ord-000569,buy,75968.30,1776609010824,0,0,0,,,,0,cancelled
2026-04-19 14:00,ord-000570,sell,75972.31,1776609010824,0,0,0,,,,0,cancelled
2026-04-19 14:00,ord-000571,buy,75973.35,1776609015924,0,0,0,,,,0,cancelled
2026-04-19 14:00,ord-000572,sell,75977.36,1776609015924,0,0,0,,,,0,cancelled
2026-04-19 14:00,ord-000573,buy,75987.93,1776609020924,0,0,0,,,,0,cancelled
2026-04-19 14:00,ord-000574,sell,75991.94,1776609020924,0,0,0,,,,0,cancelled
2026-04-19 14:00,ord-000575,buy,75958.00,1776609025924,0.00120000,0.00120000,0,,,,0,cancelled
2026-04-19 14:00,ord-000576,sell,75962.01,1776609025924,0,0,0,,,,0,cancelled
2026-04-19 14:00,ord-000577,buy,75939.58,1776609030924,0,0,0,,,,0,cancelled
2026-04-19 14:00,ord-000578,sell,75943.59,1776609030924,0.02014000,0,0,,,,0,cancelled
2026-04-19 14:00,ord-000579,buy,75929.03,1776609035924,0,0,0,,,,0,cancelled
2026-04-19 14:00,ord-000580,sell,75933.04,1776609035924,0,0,0,,,,0,cancelled
2026-04-19 14:00,ord-000581,buy,75928.55,1776609040924,0,0,0,,,,0,cancelled
2026-04-19 14:00,ord-000582,sell,75932.56,1776609040924,0,0,0,,,,0,cancelled
2026-04-19 14:00,ord-000583,buy,75905.34,1776609045924,0,0,0,,,,0,cancelled
2026-04-19 14:00,ord-000584,sell,75909.35,1776609045924,0,0,0,,,,0,cancelled
2026-04-19 14:00,ord-000585,buy,75897.71,1776609050924,0,0,0,,,,0,cancelled
2026-04-19 14:00,ord-000586,sell,75901.72,1776609050924,0,0,0,,,,0,cancelled
2026-04-19 14:00,ord-000587,buy,75900.79,1776609057224,0,0,0,,,,0,cancelled
2026-04-19 14:00,ord-000588,sell,75904.80,1776609057224,0,0,0,,,,0,cancelled
2026-04-19 14:00,ord-000589,buy,75896.68,1776609062224,0,0,0,,,,0,cancelled
2026-04-19 14:00,ord-000590,sell,75900.69,1776609062224,0,0,0,,,,0,cancelled
2026-04-19 14:00,ord-000591,buy,75899.32,1776609067224,0,0,0,,,,0,cancelled
2026-04-19 14:00,ord-000592,sell,75903.33,1776609067224,0,0,0,,,,0,cancelled
2026-04-19 14:00,ord-000593,buy,75899.33,1776609079424,0,0,0,,,,0,cancelled
2026-04-19 14:00,ord-000594,sell,75903.34,1776609079424,0,0,0,,,,0,cancelled
2026-04-19 14:00,ord-000595,buy,75906.67,1776609084424,0,0,0,,,,0,cancelled
2026-04-19 14:00,ord-000596,sell,75910.68,1776609084424,0,0,0,,,,0,cancelled
2026-04-19 14:00,ord-000597,buy,75918.91,1776609089424,0,0,0,,,,0,cancelled
2026-04-19 14:00,ord-000598,sell,75922.92,1776609089424,0,0,0,,,,0,cancelled
2026-04-19 14:00,ord-000599,buy,75913.64,1776609104624,0,0,0,,,,0,cancelled
2026-04-19 14:00,ord-000600,sell,75917.65,1776609104624,0,0,0,,,,0,cancelled
2026-04-19 14:00,ord-000601,buy,75910.05,1776609109624,0,0,0,,,,0,cancelled
2026-04-19 14:00,ord-000602,sell,75914.06,1776609109624,0,0,0,,,,0,cancelled
2026-04-19 14:00,ord-000603,buy,75915.00,1776609115624,0,0,0,,,,0,cancelled
2026-04-19 14:00,ord-000604,sell,75919.01,1776609115624,0,0,0,,,,0,cancelled
2026-04-19 14:00,ord-000605,buy,75927.04,1776609120624,0,0,0,,,,0,cancelled
2026-04-19 14:00,ord-000606,sell,75931.05,1776609120624,0,0,0,,,,0,cancelled
2026-04-19 14:00,ord-000607,buy,75899.33,1776609125624,0,0,0,,,,0,cancelled
2026-04-19 14:00,ord-000608,sell,75903.34,1776609125624,0,0,0,,,,0,cancelled
2026-04-19 14:00,ord-000609,buy,75886.98,1776609138524,0,0,0,,,,0,cancelled
2026-04-19 14:00,ord-000610,sell,75890.99,1776609138524,0,0,0,,,,0,cancelled
2026-04-19 14:00,ord-000611,buy,75865.75,1776609143524,0,0,0,,,,0,cancelled
2026-04-19 14:00,ord-000612,sell,75869.76,1776609143524,0,0,0,,,,0,cancelled
2026-04-19 14:00,ord-000613,buy,75856.00,1776609148524,0.00120000,0.00120000,0,,,,0,cancelled
2026-04-19 14:00,ord-000614,sell,75860.01,1776609148524,0,0,0,,,,0,cancelled
2026-04-19 14:00,ord-000615,buy,75831.04,1776609153524,0,0,0,,,,0,cancelled
2026-04-19 14:00,ord-000616,sell,75835.05,1776609153524,0,0,0,,,,0,cancelled
2026-04-19 14:00,ord-000617,buy,75835.68,1776609158524,0,0,0,,,,0,cancelled
2026-04-19 14:00,ord-000618,sell,75839.69,1776609158524,0,0,0,,,,0,cancelled
2026-04-19 14:00,ord-000619,buy,75837.99,1776609164124,0,0,0,,,,0,cancelled
2026-04-19 14:00,ord-000620,sell,75842.00,1776609164124,0.00120000,0.00120000,0,,,,0,cancelled
2026-04-19 14:00,ord-000621,buy,75840.65,1776609169124,0,0,0,,,,0,cancelled
2026-04-19 14:00,ord-000622,sell,75844.66,1776609169124,0,0,0,,,,0,cancelled
2026-04-19 14:00,ord-000623,buy,75837.90,1776609180624,0,0,0,,,,0,cancelled
2026-04-19 14:00,ord-000624,sell,75841.91,1776609180624,0,0,0,,,,0,cancelled
2026-04-19 14:00,ord-000625,buy,75842.21,1776609185624,0,0,0,,,,0,cancelled
2026-04-19 14:00,ord-000626,sell,75846.22,1776609185624,0,0,0,,,,0,cancelled
2026-04-19 14:00,ord-000627,buy,75816.53,1776609190624,0,0,0,,,,0,cancelled
2026-04-19 14:00,ord-000628,sell,75820.54,1776609190624,0,0,0,,,,0,cancelled
2026-04-19 14:00,ord-000629,buy,75808.39,1776609195624,0,0,0,,,,0,cancelled
2026-04-19 14:00,ord-000630,sell,75812.40,1776609195624,0,0,0,,,,0,cancelled
2026-04-19 14:00,ord-000631,buy,75800.37,1776609200625,0,0,0,,,,0,cancelled
2026-04-19 14:00,ord-000632,sell,75804.38,1776609200625,0,0,0,,,,0,cancelled
2026-04-19 14:00,ord-000633,buy,75797.50,1776609205724,0,0,0,,,,0,cancelled
2026-04-19 14:00,ord-000634,sell,75801.51,1776609205724,0,0,0,,,,0,cancelled
2026-04-19 14:00,ord-000635,buy,75830.79,1776609210724,0,0,0,,,,0,cancelled
2026-04-19 14:00,ord-000636,sell,75834.80,1776609210724,0,0,0,,,,0,cancelled
2026-04-19 14:00,ord-000637,buy,75818.86,1776609215724,0,0,0,,,,0,cancelled
2026-04-19 14:00,ord-000638,sell,75822.87,1776609215724,0,0,0,,,,0,cancelled
2026-04-19 14:00,ord-000639,buy,75808.02,1776609220724,0,0,0,,,,0,cancelled
2026-04-19 14:00,ord-000640,sell,75812.03,1776609220724,0,0,0,,,,0,cancelled
2026-04-19 14:00,ord-000641,buy,75830.86,1776609225725,0,0,0,,,,0,cancelled
2026-04-19 14:00,ord-000642,sell,75834.87,1776609225725,0,0,0,,,,0,cancelled
2026-04-19 14:00,ord-000643,buy,75834.07,1776609230824,0,0,0,,,,0,cancelled
2026-04-19 14:00,ord-000644,sell,75838.08,1776609230824,0,0,0,,,,0,cancelled
2026-04-19 14:00,ord-000645,buy,75839.16,1776609235825,0,0,0,,,,0,cancelled
2026-04-19 14:00,ord-000646,sell,75843.17,1776609235825,0,0,0,,,,0,cancelled
2026-04-19 14:00,ord-000647,buy,75842.33,1776609244224,0,0,0,,,,0,cancelled
2026-04-19 14:00,ord-000648,sell,75846.34,1776609244224,0,0,0,,,,0,cancelled
2026-04-19 14:00,ord-000649,buy,75854.53,1776609249224,0,0,0,,,,0,cancelled
2026-04-19 14:00,ord-000650,sell,75858.54,1776609249224,0,0,0,,,,0,cancelled
2026-04-19 14:00,ord-000651,buy,75846.94,1776609256924,0,0,0,,,,0,cancelled
2026-04-19 14:00,ord-000652,sell,75850.95,1776609256924,0,0,0,,,,0,cancelled
2026-04-19 14:00,ord-000653,buy,75844.09,1776609261924,0,0,0,,,,0,cancelled
2026-04-19 14:00,ord-000654,sell,75848.10,1776609261924,0,0,0,,,,0,cancelled
2026-04-19 14:00,ord-000655,buy,75840.69,1776609266924,0,0,0,,,,0,cancelled
2026-04-19 14:00,ord-000656,sell,75844.70,1776609266924,0,0,0,,,,0,cancelled
2026-04-19 14:00,ord-000657,buy,75838.10,1776609271924,0,0,0,,,,0,cancelled
2026-04-19 14:00,ord-000658,sell,75842.11,1776609271924,0,0,0,,,,0,cancelled
2026-04-19 14:00,ord-000659,buy,75840.69,1776609276924,0,0,0,,,,0,cancelled
2026-04-19 14:00,ord-000660,sell,75844.70,1776609276924,0,0,0,,,,0,cancelled
2026-04-19 14:00,ord-000661,buy,75843.79,1776609291524,0,0,0,,,,0,cancelled
2026-04-19 14:00,ord-000662,sell,75847.80,1776609291524,0,0,0,,,,0,cancelled
2026-04-19 14:00,ord-000663,buy,75847.99,1776609296524,0,0,0,,,,0,cancelled
2026-04-19 14:00,ord-000664,sell,75852.00,1776609296524,0.00120000,0.00120000,0,,,,0,cancelled
2026-04-19 14:00,ord-000665,buy,75855.68,1776609301524,0,0,0,,,,0,cancelled
2026-04-19 14:00,ord-000666,sell,75859.69,1776609301524,0,0,0,,,,0,cancelled
2026-04-19 14:00,ord-000667,buy,75851.87,1776609307924,0,0,0,,,,0,cancelled
2026-04-19 14:00,ord-000668,sell,75855.88,1776609307924,0,0,0,,,,0,cancelled
2026-04-19 14:00,ord-000669,buy,75844.50,1776609312924,0,0,0,,,,0,cancelled
2026-04-19 14:00,ord-000670,sell,75848.51,1776609312924,0,0,0,,,,0,cancelled
2026-04-19 14:00,ord-000671,buy,75844.00,1776609320824,0.00134000,0,0,,,,0,cancelled
2026-04-19 14:00,ord-000672,sell,75848.01,1776609320824,0,0,0,,,,0,cancelled
2026-04-19 14:00,ord-000673,buy,75842.53,1776609325824,0,0,0,,,,0,cancelled
2026-04-19 14:00,ord-000674,sell,75846.54,1776609325824,0,0,0,,,,0,cancelled
2026-04-19 14:00,ord-000675,buy,75881.18,1776609330824,0,0,0,,,,0,cancelled
2026-04-19 14:00,ord-000676,sell,75885.19,1776609330824,0,0,0,,,,0,cancelled
2026-04-19 14:00,ord-000677,buy,75894.64,1776609335824,0,0,0,,,,0,cancelled
2026-04-19 14:00,ord-000678,sell,75898.65,1776609335824,0,0,0,,,,0,cancelled
2026-04-19 14:00,ord-000679,buy,75866.88,1776609340824,0,0,0,,,,0,cancelled
2026-04-19 14:00,ord-000680,sell,75870.89,1776609340824,0,0,0,,,,0,cancelled
2026-04-19 14:00,ord-000681,buy,75820.84,1776609345824,0,0,0,,,,0,cancelled
2026-04-19 14:00,ord-000682,sell,75824.85,1776609345824,0,0,0,,,,0,cancelled
2026-04-19 14:00,ord-000683,buy,75829.47,1776609362024,0,0,0,,,,0,cancelled
2026-04-19 14:00,ord-000684,sell,75833.48,1776609362024,0,0,0,,,,0,cancelled
2026-04-19 14:00,ord-000685,buy,75837.99,1776609367024,0,0,0,,,,0,cancelled
2026-04-19 14:00,ord-000686,sell,75842.00,1776609367024,0.00120000,0.00120000,0,,,,0,cancelled
2026-04-19 14:00,ord-000687,buy,75828.80,1776609372024,0,0,0,,,,0,cancelled
2026-04-19 14:00,ord-000688,sell,75832.81,1776609372024,0,0,0,,,,0,cancelled
2026-04-19 14:00,ord-000689,buy,75819.64,1776609377024,0,0,0,,,,0,cancelled
2026-04-19 14:00,ord-000690,sell,75823.65,1776609377024,0,0,0,,,,0,cancelled
2026-04-19 14:00,ord-000691,buy,75826.25,1776609382024,0,0,0,,,,0,cancelled
2026-04-19 14:00,ord-000692,sell,75830.26,1776609382024,0,0,0,,,,0,cancelled
2026-04-19 14:00,ord-000693,buy,75827.46,1776609395524,0,0,0,,,,0,cancelled
2026-04-19 14:00,ord-000694,sell,75831.47,1776609395524,0,0,0,,,,0,cancelled
2026-04-19 14:00,ord-000695,buy,75844.10,1776609400524,0,0,0,,,,0,cancelled
2026-04-19 14:00,ord-000696,sell,75848.11,1776609400524,0,0,0,,,,0,cancelled
2026-04-19 14:00,ord-000697,buy,75851.67,1776609411224,0,0,0,,,,0,cancelled
2026-04-19 14:00,ord-000698,sell,75855.68,1776609411224,0,0,0,,,,0,cancelled
2026-04-19 14:00,ord-000699,buy,75851.68,1776609416224,0,0,0,,,,0,cancelled
2026-04-19 14:00,ord-000700,sell,75855.69,1776609416224,0,0,0,,,,0,cancelled
2026-04-19 14:00,ord-000701,buy,75861.10,1776609433524,0,0,0,,,,0,cancelled
2026-04-19 14:00,ord-000702,sell,75865.11,1776609433524,0,0,0,,,,0,cancelled
2026-04-19 14:00,ord-000703,buy,75869.75,1776609438524,0,0,0,,,,0,cancelled
2026-04-19 14:00,ord-000704,sell,75873.76,1776609438524,0,0,0,,,,0,cancelled
2026-04-19 14:00,ord-000705,buy,75873.53,1776609443524,0,0,0,,,,0,cancelled
2026-04-19 14:00,ord-000706,sell,75877.54,1776609443524,0,0,0,,,,0,cancelled
2026-04-19 14:00,ord-000707,buy,75877.34,1776609453724,0,0,0,,,,0,cancelled
2026-04-19 14:00,ord-000708,sell,75881.35,1776609453724,0,0,0,,,,0,cancelled
2026-04-19 14:00,ord-000709,buy,75873.14,1776609461324,0,0,0,,,,0,cancelled
2026-04-19 14:00,ord-000710,sell,75877.15,1776609461324,0,0,0,,,,0,cancelled
2026-04-19 14:00,ord-000711,buy,75866.74,1776609466324,0,0,0,,,,0,cancelled
2026-04-19 14:00,ord-000712,sell,75870.75,1776609466324,0,0,0,,,,0,cancelled
2026-04-19 14:00,ord-000713,buy,75865.00,1776609475024,0,0,0,,,,0,cancelled
2026-04-19 14:00,ord-000714,sell,75869.01,1776609475024,0,0,0,,,,0,cancelled
2026-04-19 14:00,ord-000715,buy,75861.93,1776609480024,0,0,0,,,,0,cancelled
2026-04-19 14:00,ord-000716,sell,75865.94,1776609480024,0,0,0,,,,0,cancelled
2026-04-19 14:00,ord-000717,buy,75854.08,1776609485024,0,0,0,,,,0,cancelled
2026-04-19 14:00,ord-000718,sell,75858.09,1776609485024,0,0,0,,,,0,cancelled
2026-04-19 14:00,ord-000719,buy,75864.63,1776609490025,0,0,0,,,,0,cancelled
2026-04-19 14:00,ord-000720,sell,75868.64,1776609490025,0,0,0,,,,0,cancelled
2026-04-19 14:00,ord-000721,buy,75861.43,1776609495124,0,0,0,,,,0,cancelled
2026-04-19 14:00,ord-000722,sell,75865.44,1776609495124,0,0,0,,,,0,cancelled
2026-04-19 14:00,ord-000723,buy,75873.14,1776609501728,0,0,0,,,,0,cancelled
2026-04-19 14:00,ord-000724,sell,75877.15,1776609501728,0.00007000,0,0,,,,0,cancelled
2026-04-19 14:00,ord-000725,buy,75874.31,1776609506824,0,0,0,,,,0,cancelled
2026-04-19 14:00,ord-000726,sell,75878.32,1776609506824,0,0,0,,,,0,cancelled
2026-04-19 14:00,ord-000727,buy,75877.35,1776609523224,0,0,0,,,,0,cancelled
2026-04-19 14:00,ord-000728,sell,75881.36,1776609523224,0,0,0,,,,0,cancelled
2026-04-19 14:00,ord-000729,buy,75884.96,1776609528224,0,0,0,,,,0,cancelled
2026-04-19 14:00,ord-000730,sell,75888.97,1776609528224,0,0,0,,,,0,cancelled
2026-04-19 14:00,ord-000731,buy,75874.52,1776609533224,0,0,0,,,,0,cancelled
2026-04-19 14:00,ord-000732,sell,75878.53,1776609533224,0,0,0,,,,0,cancelled
2026-04-19 14:00,ord-000733,buy,75884.96,1776609538224,0,0,0,,,,0,cancelled
2026-04-19 14:00,ord-000734,sell,75888.97,1776609538224,0,0,0,,,,0,cancelled
2026-04-19 14:00,ord-000735,buy,75889.84,1776609549624,0,0,0,,,,0,cancelled
2026-04-19 14:00,ord-000736,sell,75893.85,1776609549624,0,0,0,,,,0,cancelled
2026-04-19 14:00,ord-000737,buy,75905.21,1776609554624,0,0,0,,,,0,cancelled
2026-04-19 14:00,ord-000738,sell,75909.22,1776609554624,0,0,0,,,,0,cancelled
2026-04-19 14:00,ord-000739,buy,75896.05,1776609559624,0,0,0,,,,0,cancelled
2026-04-19 14:00,ord-000740,sell,75900.06,1776609559624,0,0,0,,,,0,cancelled
2026-04-19 14:00,ord-000741,buy,75894.62,1776609565724,0,0,0,,,,0,cancelled
2026-04-19 14:00,ord-000742,sell,75898.63,1776609565724,0,0,0,,,,0,cancelled
2026-04-19 14:00,ord-000743,buy,75896.05,1776609575924,0,0,0,,,,0,cancelled
2026-04-19 14:00,ord-000744,sell,75900.06,1776609575924,0,0,0,,,,0,cancelled
2026-04-19 14:00,ord-000745,buy,75910.05,1776609580924,0,0,0,,,,0,cancelled
2026-04-19 14:00,ord-000746,sell,75914.06,1776609580924,0,0,0,,,,0,cancelled
2026-04-19 14:00,ord-000747,buy,75918.95,1776609585924,0,0,0,,,,0,cancelled
2026-04-19 14:00,ord-000748,sell,75922.96,1776609585924,0,0,0,,,,0,cancelled
2026-04-19 14:00,ord-000749,buy,75918.96,1776609590924,0,0,0,,,,0,cancelled
2026-04-19 14:00,ord-000750,sell,75922.97,1776609590924,0,0,0,,,,0,cancelled
2026-04-19 14:00,ord-000751,buy,75921.52,1776609595925,0,0,0,,,,0,cancelled
2026-04-19 14:00,ord-000752,sell,75925.53,1776609595925,0,0,0,,,,0,cancelled
2026-04-19 14:00,ord-000753,buy,75934.72,1776609601024,0,0,0,,,,0,cancelled
2026-04-19 14:00,ord-000754,sell,75938.73,1776609601024,0,0,0,,,,0,cancelled
2026-04-19 14:00,ord-000755,buy,75942.29,1776609607625,0,0,0,,,,0,cancelled
2026-04-19 14:00,ord-000756,sell,75946.30,1776609607625,0,0,0,,,,0,cancelled
2026-04-19 14:00,ord-000757,buy,75988.14,1776609612724,0,0,0,,,,0,cancelled
2026-04-19 14:00,ord-000758,sell,75992.15,1776609612724,0,0,0,,,,0,cancelled
2026-04-19 14:00,ord-000759,buy,75988.80,1776609617724,0,0,0,,,,0,cancelled
2026-04-19 14:00,ord-000760,sell,75992.81,1776609617724,0,0,0,,,,0,cancelled
2026-04-19 14:00,ord-000761,buy,75982.79,1776609622724,0,0,0,,,,0,cancelled
2026-04-19 14:00,ord-000762,sell,75986.80,1776609622724,0,0,0,,,,0,cancelled
2026-04-19 14:00,ord-000763,buy,75976.06,1776609627724,0,0,0,,,,0,cancelled
2026-04-19 14:00,ord-000764,sell,75980.07,1776609627724,0,0,0,,,,0,cancelled
2026-04-19 14:00,ord-000765,buy,75962.48,1776609632724,0,0,0,,,,0,cancelled
2026-04-19 14:00,ord-000766,sell,75966.49,1776609632724,0,0,0,,,,0,cancelled
2026-04-19 14:00,ord-000767,buy,75951.99,1776609637724,0,0,0,,,,0,cancelled
2026-04-19 14:00,ord-000768,sell,75956.00,1776609637724,0,0,0,,,,0,cancelled
2026-04-19 14:00,ord-000769,buy,75966.77,1776609642724,0,0,0,,,,0,cancelled
2026-04-19 14:00,ord-000770,sell,75970.78,1776609642724,0,0,0,,,,0,cancelled
2026-04-19 14:00,ord-000771,buy,75981.77,1776609647724,0,0,0,,,,0,cancelled
2026-04-19 14:00,ord-000772,sell,75985.78,1776609647724,0,0,0,,,,0,cancelled
2026-04-19 14:00,ord-000773,buy,75976.00,1776609661524,0.00080000,0,0,,,,0,cancelled
2026-04-19 14:00,ord-000774,sell,75980.01,1776609661524,0,0,0,,,,0,cancelled
2026-04-19 14:00,ord-000775,buy,75969.03,1776609666524,0,0,0,,,,0,cancelled
2026-04-19 14:00,ord-000776,sell,75973.04,1776609666524,0,0,0,,,,0,cancelled
2026-04-19 14:00,ord-000777,buy,75965.86,1776609671524,0,0,0,,,,0,cancelled
2026-04-19 14:00,ord-000778,sell,75969.87,1776609671524,0,0,0,,,,0,cancelled
2026-04-19 14:00,ord-000779,buy,75960.14,1776609676924,0,0,0,,,,0,cancelled
2026-04-19 14:00,ord-000780,sell,75964.15,1776609676924,0,0,0,,,,0,cancelled
2026-04-19 14:00,ord-000781,buy,75957.98,1776609683024,0,0,0,,,,0,cancelled
2026-04-19 14:00,ord-000782,sell,75961.99,1776609683024,0,0,0,,,,0,cancelled
2026-04-19 14:00,ord-000783,buy,75952.41,1776609688024,0,0,0,,,,0,cancelled
2026-04-19 14:00,ord-000784,sell,75956.42,1776609688024,0,0,0,,,,0,cancelled
2026-04-19 14:00,ord-000785,buy,75962.43,1776609693924,0,0,0,,,,0,cancelled
2026-04-19 14:00,ord-000786,sell,75966.44,1776609693924,0,0,0,,,,0,cancelled
2026-04-19 14:00,ord-000787,buy,75954.83,1776609705624,0,0,0,,,,0,cancelled
2026-04-19 14:00,ord-000788,sell,75958.84,1776609705624,0,0,0,,,,0,cancelled
2026-04-19 14:00,ord-000789,buy,75953.00,1776609732724,0.06319000,0,0,,,,0,cancelled
2026-04-19 14:00,ord-000790,sell,75957.01,1776609732724,0.00834000,0,0,,,,0,cancelled
2026-04-19 14:00,ord-000791,buy,75949.68,1776609743124,0,0,0,,,,0,cancelled
2026-04-19 14:00,ord-000792,sell,75953.69,1776609743124,0,0,0,,,,0,cancelled
2026-04-19 14:00,ord-000793,buy,75944.62,1776609748124,0,0,0,,,,0,cancelled
2026-04-19 14:00,ord-000794,sell,75948.63,1776609748124,0,0,0,,,,0,cancelled
2026-04-19 14:00,ord-000795,buy,75945.40,1776609753124,0,0,0,,,,0,cancelled
2026-04-19 14:00,ord-000796,sell,75949.41,1776609753124,0,0,0,,,,0,cancelled
2026-04-19 14:00,ord-000797,buy,75958.13,1776609819324,0,0,0,,,,0,cancelled
2026-04-19 14:00,ord-000798,sell,75962.14,1776609819324,0,0,0,,,,0,cancelled
2026-04-19 14:00,ord-000799,buy,75962.60,1776609824324,0,0,0,,,,0,cancelled
2026-04-19 14:00,ord-000800,sell,75966.61,1776609824324,0,0,0,,,,0,cancelled
2026-04-19 14:00,ord-000801,buy,75963.99,1776609829524,0,0,0,,,,0,cancelled
2026-04-19 14:00,ord-000802,sell,75968.00,1776609829524,0.00120000,0,0,,,,0,cancelled
2026-04-19 14:00,ord-000803,buy,75965.52,1776609848824,0,0,0,,,,0,cancelled
2026-04-19 14:00,ord-000804,sell,75969.53,1776609848824,0,0,0,,,,0,cancelled
2026-04-19 14:00,ord-000805,buy,75970.42,1776609853824,0,0,0,,,,0,cancelled
2026-04-19 14:00,ord-000806,sell,75974.43,1776609853824,0,0,0,,,,0,cancelled
2026-04-19 14:00,ord-000807,buy,75970.57,1776609860024,0,0,0,,,,0,cancelled
2026-04-19 14:00,ord-000808,sell,75974.58,1776609860024,0,0,0,,,,0,cancelled
2026-04-19 14:00,ord-000809,buy,75978.28,1776609865024,0,0,0,,,,0,cancelled
2026-04-19 14:00,ord-000810,sell,75982.29,1776609865024,0,0,0,,,,0,cancelled
2026-04-19 14:00,ord-000811,buy,75972.87,1776609870724,0,0,0,,,,0,cancelled
2026-04-19 14:00,ord-000812,sell,75976.88,1776609870724,0,0,0,,,,0,cancelled
2026-04-19 14:00,ord-000813,buy,75969.48,1776609913924,0,0,0,,,,0,cancelled
2026-04-19 14:00,ord-000814,sell,75973.49,1776609913924,0,0,0,,,,0,cancelled
2026-04-19 14:00,ord-000815,buy,75964.99,1776609918924,0,0,0,,,,0,cancelled
2026-04-19 14:00,ord-000816,sell,75969.00,1776609918924,0,0,0,,,,0,cancelled
2026-04-19 14:00,ord-000817,buy,75963.93,1776609923924,0,0,0,,,,0,cancelled
2026-04-19 14:00,ord-000818,sell,75967.94,1776609923924,0,0,0,,,,0,cancelled
2026-04-19 14:00,ord-000819,buy,75948.00,1776609928924,0.00120000,0.00120000,0,,,,0,cancelled
2026-04-19 14:00,ord-000820,sell,75952.01,1776609928924,0,0,0,,,,0,cancelled
2026-04-19 14:00,ord-000821,buy,75955.59,1776609933924,0,0,0,,,,0,cancelled
2026-04-19 14:00,ord-000822,sell,75959.60,1776609933924,0,0,0,,,,0,cancelled
2026-04-19 14:00,ord-000823,buy,75959.88,1776609960124,0,0,0,,,,0,cancelled
2026-04-19 14:00,ord-000824,sell,75963.89,1776609960124,0,0,0,,,,0,cancelled
2026-04-19 14:00,ord-000825,buy,75985.99,1776609965124,0,0,0,,,,0,cancelled
2026-04-19 14:00,ord-000826,sell,75990.00,1776609965124,0.01596000,0.01596000,0,,,,0,cancelled
2026-04-19 14:00,ord-000827,buy,75997.99,1776609970124,0,0,0,,,,0,cancelled
2026-04-19 14:00,ord-000828,sell,76002.00,1776609970124,0.00206000,0.00206000,0,1776609971796,0.00037000,0.00000000,0.001,filled
2026-04-19 14:00,ord-000829,buy,75999.99,1776609971824,0,0,0,,,,0,cancelled
2026-04-19 14:00,ord-000830,sell,76004.00,1776609971824,0.00120000,0.00120000,0,,,,0,cancelled
2026-04-19 14:00,ord-000831,buy,76002.93,1776609976824,0,0,0,,,,0,cancelled
2026-04-19 14:00,ord-000832,sell,76006.94,1776609976824,0,0,0,1776609977429,0,0,0.00007000,cancelled
2026-04-19 14:00,ord-000833,buy,76028.84,1776609981824,0,0,0,,,,0,cancelled
2026-04-19 14:00,ord-000834,sell,76032.85,1776609981824,0,0,0,,,,0,cancelled
2026-04-19 14:00,ord-000835,buy,76043.66,1776609986824,0,0,0,,,,0,cancelled
2026-04-19 14:00,ord-000836,sell,76047.67,1776609986824,0,0,0,,,,0,cancelled
2026-04-19 14:00,ord-000837,buy,76040.00,1776609997824,0.00040000,0,0,,,,0,cancelled
2026-04-19 14:00,ord-000838,sell,76044.01,1776609997824,0,0,0,,,,0,cancelled
2026-04-19 14:00,ord-000839,buy,76043.26,1776610028324,0.54949000,0,0,,,,0,cancelled
2026-04-19 14:00,ord-000840,sell,76047.27,1776610028324,0,0,0,,,,0,cancelled
2026-04-19 14:00,ord-000841,buy,76043.27,1776610042524,0.20850000,0,0,,,,0,cancelled
2026-04-19 14:00,ord-000842,sell,76047.28,1776610042524,0,0,0,,,,0,cancelled
2026-04-19 14:00,ord-000843,buy,76054.19,1776610047524,0,0,0,,,,0,cancelled
2026-04-19 14:00,ord-000844,sell,76058.20,1776610047524,0,0,0,,,,0,cancelled
2026-04-19 14:00,ord-000845,buy,76067.35,1776610052524,0,0,0,,,,0,cancelled
2026-04-19 14:00,ord-000846,sell,76071.36,1776610052524,0,0,0,,,,0,cancelled
2026-04-19 14:00,ord-000847,buy,76102.17,1776610057524,0,0,0,,,,0,cancelled
2026-04-19 14:00,ord-000848,sell,76106.18,1776610057524,0,0,0,,,,0,cancelled
2026-04-19 14:00,ord-000849,buy,76095.68,1776610062524,0,0,0,,,,0,cancelled
2026-04-19 14:00,ord-000850,sell,76099.69,1776610062524,0,0,0,,,,0,cancelled
2026-04-19 14:00,ord-000851,buy,76101.97,1776610067524,0,0,0,,,,0,cancelled
2026-04-19 14:00,ord-000852,sell,76105.98,1776610067524,0,0,0,,,,0,cancelled
2026-04-19 14:00,ord-000853,buy,76112.79,1776610072524,0,0,0,,,,0,cancelled
2026-04-19 14:00,ord-000854,sell,76116.80,1776610072524,0,0,0,,,,0,cancelled
2026-04-19 14:00,ord-000855,buy,76132.71,1776610077524,0,0,0,,,,0,cancelled
2026-04-19 14:00,ord-000856,sell,76136.72,1776610077524,0,0,0,,,,0,cancelled
2026-04-19 14:00,ord-000857,buy,76129.47,1776610082524,0,0,0,,,,0,cancelled
2026-04-19 14:00,ord-000858,sell,76133.48,1776610082524,0,0,0,,,,0,cancelled
2026-04-19 14:00,ord-000859,buy,76129.31,1776610087524,0,0,0,,,,0,cancelled
2026-04-19 14:00,ord-000860,sell,76133.32,1776610087524,0,0,0,,,,0,cancelled
2026-04-19 14:00,ord-000861,buy,76125.78,1776610093024,0,0,0,,,,0,cancelled
2026-04-19 14:00,ord-000862,sell,76129.79,1776610093024,0,0,0,,,,0,cancelled
2026-04-19 14:00,ord-000863,buy,76108.00,1776610098024,0.00120000,0.00120000,0,,,,0,cancelled
2026-04-19 14:00,ord-000864,sell,76112.01,1776610098024,0,0,0,,,,0,cancelled
2026-04-19 14:00,ord-000865,buy,76099.29,1776610103024,0,0,0,,,,0,cancelled
2026-04-19 14:00,ord-000866,sell,76103.30,1776610103024,0,0,0,,,,0,cancelled
2026-04-19 14:00,ord-000867,buy,76125.07,1776610108024,0,0,0,,,,0,cancelled
2026-04-19 14:00,ord-000868,sell,76129.08,1776610108024,0,0,0,,,,0,cancelled
2026-04-19 14:00,ord-000869,buy,76122.59,1776610113024,0,0,0,,,,0,cancelled
2026-04-19 14:00,ord-000870,sell,76126.60,1776610113024,0,0,0,,,,0,cancelled
2026-04-19 14:00,ord-000871,buy,76118.44,1776610118024,0,0,0,,,,0,cancelled
2026-04-19 14:00,ord-000872,sell,76122.45,1776610118024,0,0,0,,,,0,cancelled
2026-04-19 14:00,ord-000873,buy,76112.08,1776610123024,0.00331000,0.00331000,0,,,,0,cancelled
2026-04-19 14:00,ord-000874,sell,76116.09,1776610123024,0,0,0,,,,0,cancelled
2026-04-19 14:00,ord-000875,buy,76113.11,1776610128024,0,0,0,,,,0,cancelled
2026-04-19 14:00,ord-000876,sell,76117.12,1776610128024,0,0,0,,,,0,cancelled
2026-04-19 14:00,ord-000877,buy,76113.12,1776610134024,0,0,0,,,,0,cancelled
2026-04-19 14:00,ord-000878,sell,76117.13,1776610134024,0,0,0,,,,0,cancelled
2026-04-19 14:00,ord-000879,buy,76119.17,1776610139024,0,0,0,,,,0,cancelled
2026-04-19 14:00,ord-000880,sell,76123.18,1776610139024,0,0,0,,,,0,cancelled
2026-04-19 14:00,ord-000881,buy,76107.33,1776610144024,0,0,0,,,,0,cancelled
2026-04-19 14:00,ord-000882,sell,76111.34,1776610144024,0,0,0,,,,0,cancelled
2026-04-19 14:00,ord-000883,buy,76099.30,1776610149024,0,0,0,,,,0,cancelled
2026-04-19 14:00,ord-000884,sell,76103.31,1776610149024,0,0,0,,,,0,cancelled
2026-04-19 14:00,ord-000885,buy,76085.96,1776610154024,0,0,0,,,,0,cancelled
2026-04-19 14:00,ord-000886,sell,76089.97,1776610154024,0.00007000,0,0,,,,0,cancelled
2026-04-19 14:00,ord-000887,buy,76084.22,1776610159024,0,0,0,,,,0,cancelled
2026-04-19 14:00,ord-000888,sell,76088.23,1776610159024,0,0,0,,,,0,cancelled
2026-04-19 14:00,ord-000889,buy,76103.50,1776610164026,0,0,0,,,,0,cancelled
2026-04-19 14:00,ord-000890,sell,76107.51,1776610164026,0,0,0,,,,0,cancelled
2026-04-19 14:00,ord-000891,buy,76110.32,1776610169124,0,0,0,,,,0,cancelled
2026-04-19 14:00,ord-000892,sell,76114.33,1776610169124,0,0,0,,,,0,cancelled
2026-04-19 14:00,ord-000893,buy,76088.75,1776610174124,0,0,0,,,,0,cancelled
2026-04-19 14:00,ord-000894,sell,76092.76,1776610174124,0,0,0,,,,0,cancelled
2026-04-19 14:00,ord-000895,buy,76113.08,1776610179124,0,0,0,,,,0,cancelled
2026-04-19 14:00,ord-000896,sell,76117.09,1776610179124,0,0,0,,,,0,cancelled
2026-04-19 14:00,ord-000897,buy,76099.03,1776610184124,0,0,0,,,,0,cancelled
2026-04-19 14:00,ord-000898,sell,76103.04,1776610184124,0,0,0,,,,0,cancelled
2026-04-19 14:00,ord-000899,buy,76097.13,1776610195824,0,0,0,,,,0,cancelled
2026-04-19 14:00,ord-000900,sell,76101.14,1776610195824,0,0,0,,,,0,cancelled
2026-04-19 14:00,ord-000901,buy,76089.43,1776610200824,0,0,0,,,,0,cancelled
2026-04-19 14:00,ord-000902,sell,76093.44,1776610200824,0,0,0,,,,0,cancelled
2026-04-19 14:00,ord-000903,buy,76099.03,1776610205824,0,0,0,,,,0,cancelled
2026-04-19 14:00,ord-000904,sell,76103.04,1776610205824,0,0,0,,,,0,cancelled
2026-04-19 14:00,ord-000905,buy,76097.87,1776610216724,0,0,0,,,,0,cancelled
2026-04-19 14:00,ord-000906,sell,76101.88,1776610216724,0,0,0,,,,0,cancelled
2026-04-19 14:00,ord-000907,buy,76099.99,1776610222924,0,0,0,,,,0,cancelled
2026-04-19 14:00,ord-000908,sell,76104.00,1776610222924,0.00120000,0,0,,,,0,cancelled
2026-04-19 14:00,ord-000909,buy,76114.80,1776610227924,0,0,0,,,,0,cancelled
2026-04-19 14:00,ord-000910,sell,76118.81,1776610227924,0,0,0,,,,0,cancelled
2026-04-19 14:00,ord-000911,buy,76128.94,1776610232924,0,0,0,,,,0,cancelled
2026-04-19 14:00,ord-000912,sell,76132.95,1776610232924,0,0,0,,,,0,cancelled
2026-04-19 14:00,ord-000913,buy,76129.34,1776610237924,0,0,0,,,,0,cancelled
2026-04-19 14:00,ord-000914,sell,76133.35,1776610237924,0,0,0,,,,0,cancelled
2026-04-19 14:00,ord-000915,buy,76118.01,1776610242924,0.00007000,0.00007000,0,,,,0,cancelled
2026-04-19 14:00,ord-000916,sell,76122.02,1776610242924,0.00014000,0.00014000,0,1776610245565,0.00014000,0.00000000,0.00021000,cancelled
2026-04-19 14:00,ord-000917,buy,76130.46,1776610247924,0,0,0,,,,0,cancelled
2026-04-19 14:00,ord-000918,sell,76134.47,1776610247924,0,0,0,,,,0,cancelled
2026-04-19 14:00,ord-000919,buy,76133.05,1776610255624,0,0,0,,,,0,cancelled
2026-04-19 14:00,ord-000920,sell,76137.06,1776610255624,0,0,0,,,,0,cancelled
2026-04-19 14:00,ord-000921,buy,76129.80,1776610261824,0,0,0,,,,0,cancelled
2026-04-19 14:00,ord-000922,sell,76133.81,1776610261824,0,0,0,,,,0,cancelled
2026-04-19 14:00,ord-000923,buy,76130.88,1776610266825,0,0,0,,,,0,cancelled
2026-04-19 14:00,ord-000924,sell,76134.89,1776610266825,0,0,0,,,,0,cancelled
2026-04-19 14:00,ord-000925,buy,76114.07,1776610271924,0,0,0,,,,0,cancelled
2026-04-19 14:00,ord-000926,sell,76118.08,1776610271924,0,0,0,,,,0,cancelled
2026-04-19 14:00,ord-000927,buy,76117.75,1776610276924,0,0,0,,,,0,cancelled
2026-04-19 14:00,ord-000928,sell,76121.76,1776610276924,0,0,0,,,,0,cancelled
2026-04-19 14:00,ord-000929,buy,76106.54,1776610281924,0,0,0,,,,0,cancelled
2026-04-19 14:00,ord-000930,sell,76110.55,1776610281924,0,0,0,,,,0,cancelled
2026-04-19 14:00,ord-000931,buy,76116.78,1776610286924,0,0,0,,,,0,cancelled
2026-04-19 14:00,ord-000932,sell,76120.79,1776610286924,0,0,0,,,,0,cancelled
2026-04-19 14:00,ord-000933,buy,76115.97,1776610291924,0,0,0,,,,0,cancelled
2026-04-19 14:00,ord-000934,sell,76119.98,1776610291924,0,0,0,,,,0,cancelled
2026-04-19 14:00,ord-000935,buy,76114.04,1776610297824,0,0,0,,,,0,cancelled
2026-04-19 14:00,ord-000936,sell,76118.05,1776610297824,0,0,0,,,,0,cancelled
2026-04-19 14:00,ord-000937,buy,76094.14,1776610302824,0,0,0,,,,0,cancelled
2026-04-19 14:00,ord-000938,sell,76098.15,1776610302824,0,0,0,,,,0,cancelled
2026-04-19 14:00,ord-000939,buy,76096.79,1776610309524,0,0,0,,,,0,cancelled
2026-04-19 14:00,ord-000940,sell,76100.80,1776610309524,0,0,0,,,,0,cancelled
2026-04-19 14:00,ord-000941,buy,76091.63,1776610314524,0,0,0,,,,0,cancelled
2026-04-19 14:00,ord-000942,sell,76095.64,1776610314524,0,0,0,,,,0,cancelled
2026-04-19 14:00,ord-000943,buy,76099.19,1776610319624,0,0,0,,,,0,cancelled
2026-04-19 14:00,ord-000944,sell,76103.20,1776610319624,0,0,0,,,,0,cancelled
2026-04-19 14:00,ord-000945,buy,76088.00,1776610324624,0.00120000,0,0,,,,0,cancelled
2026-04-19 14:00,ord-000946,sell,76092.01,1776610324624,0,0,0,,,,0,cancelled
2026-04-19 14:00,ord-000947,buy,76095.61,1776610329624,0,0,0,,,,0,cancelled
2026-04-19 14:00,ord-000948,sell,76099.62,1776610329624,0,0,0,,,,0,cancelled
2026-04-19 14:00,ord-000949,buy,76088.00,1776610335424,0.00120000,0.00120000,0,,,,0,cancelled
2026-04-19 14:00,ord-000950,sell,76092.01,1776610335424,0,0,0,,,,0,cancelled
2026-04-19 14:00,ord-000951,buy,76085.97,1776610340424,0,0,0,,,,0,cancelled
2026-04-19 14:00,ord-000952,sell,76089.98,1776610340424,0,0,0,,,,0,cancelled
2026-04-19 14:00,ord-000953,buy,76049.82,1776610345424,0,0,0,,,,0,cancelled
2026-04-19 14:00,ord-000954,sell,76053.83,1776610345424,0,0,0,,,,0,cancelled
2026-04-19 14:00,ord-000955,buy,76049.39,1776610350424,0,0,0,,,,0,cancelled
2026-04-19 14:00,ord-000956,sell,76053.40,1776610350424,0,0,0,,,,0,cancelled
2026-04-19 14:00,ord-000957,buy,76049.81,1776610355424,0,0,0,,,,0,cancelled
2026-04-19 14:00,ord-000958,sell,76053.82,1776610355424,0,0,0,,,,0,cancelled
2026-04-19 14:00,ord-000959,buy,76059.54,1776610360424,0,0,0,,,,0,cancelled
2026-04-19 14:00,ord-000960,sell,76063.55,1776610360424,0,0,0,,,,0,cancelled
2026-04-19 14:00,ord-000961,buy,76052.31,1776610365938,0,0,0,,,,0,cancelled
2026-04-19 14:00,ord-000962,sell,76056.32,1776610365938,0,0,0,,,,0,cancelled
2026-04-19 14:00,ord-000963,buy,76044.88,1776610371024,0,0,0,,,,0,cancelled
2026-04-19 14:00,ord-000964,sell,76048.89,1776610371024,0,0,0,,,,0,cancelled
2026-04-19 14:00,ord-000965,buy,76042.01,1776610388524,0.00461000,0.00461000,0,,,,0,cancelled
2026-04-19 14:00,ord-000966,sell,76046.02,1776610388524,0,0,0,,,,0,cancelled
2026-04-19 14:00,ord-000967,buy,76014.81,1776610393524,0,0,0,,,,0,cancelled
2026-04-19 14:00,ord-000968,sell,76018.82,1776610393524,0,0,0,,,,0,cancelled
2026-04-19 14:00,ord-000969,buy,76021.07,1776610398524,0,0,0,,,,0,cancelled
2026-04-19 14:00,ord-000970,sell,76025.08,1776610398524,0,0,0,,,,0,cancelled
2026-04-19 14:00,ord-000971,buy,76029.99,1776610405424,0,0,0,,,,0,cancelled
2026-04-19 14:00,ord-000972,sell,76034.00,1776610405424,0.00134000,0.00120000,0,,,,0,cancelled
2026-04-19 14:00,ord-000973,buy,76035.99,1776610411824,0,0,0,,,,0,cancelled
2026-04-19 14:00,ord-000974,sell,76040.00,1776610411824,0.00120000,0.00120000,0,,,,0,cancelled
2026-04-19 14:00,ord-000975,buy,76039.13,1776610416824,0,0,0,,,,0,cancelled
2026-04-19 14:00,ord-000976,sell,76043.14,1776610416824,0,0,0,,,,0,cancelled
2026-04-19 14:00,ord-000977,buy,76035.99,1776610424831,0,0,0,,,,0,cancelled
2026-04-19 14:00,ord-000978,sell,76040.00,1776610424831,0,0,0,,,,0,cancelled
2026-04-19 14:00,ord-000979,buy,76027.64,1776610429924,0,0,0,,,,0,cancelled
2026-04-19 14:00,ord-000980,sell,76031.65,1776610429924,0,0,0,,,,0,cancelled
2026-04-19 14:00,ord-000981,buy,76033.50,1776610438024,0,0,0,,,,0,cancelled
2026-04-19 14:00,ord-000982,sell,76037.51,1776610438024,0,0,0,,,,0,cancelled
2026-04-19 14:00,ord-000983,buy,76028.39,1776610443124,0,0,0,,,,0,cancelled
2026-04-19 14:00,ord-000984,sell,76032.40,1776610443124,0,0,0,,,,0,cancelled
2026-04-19 14:00,ord-000985,buy,76014.81,1776610448124,0,0,0,,,,0,cancelled
2026-04-19 14:00,ord-000986,sell,76018.82,1776610448124,0,0,0,,,,0,cancelled
2026-04-19 14:00,ord-000987,buy,76009.43,1776610453124,0,0,0,,,,0,cancelled
2026-04-19 14:00,ord-000988,sell,76013.44,1776610453124,0,0,0,,,,0,cancelled
2026-04-19 14:00,ord-000989,buy,75994.79,1776610458124,0,0,0,,,,0,cancelled
2026-04-19 14:00,ord-000990,sell,75998.80,1776610458124,0,0,0,,,,0,cancelled
2026-04-19 14:00,ord-000991,buy,75986.00,1776610463124,0.00120000,0,0,,,,0,cancelled
2026-04-19 14:00,ord-000992,sell,75990.01,1776610463124,0,0,0,,,,0,cancelled
2026-04-19 14:00,ord-000993,buy,75984.48,1776610475624,0.00008000,0.00008000,0,,,,0,cancelled
2026-04-19 14:00,ord-000994,sell,75988.49,1776610475624,0,0,0,,,,0,cancelled
2026-04-19 14:00,ord-000995,buy,75982.43,1776610480624,0,0,0,,,,0,cancelled
2026-04-19 14:00,ord-000996,sell,75986.44,1776610480624,0,0,0,,,,0,cancelled
2026-04-19 14:00,ord-000997,buy,75981.94,1776610485624,0,0,0,,,,0,cancelled
2026-04-19 14:00,ord-000998,sell,75985.95,1776610485624,0,0,0,,,,0,cancelled
2026-04-19 14:00,ord-000999,buy,75980.18,1776610496824,0,0,0,,,,0,cancelled
2026-04-19 14:00,ord-001000,sell,75984.19,1776610496824,0,0,0,,,,0,cancelled
2026-04-19 14:00,ord-001001,buy,75973.33,1776610501824,0,0,0,,,,0,cancelled
2026-04-19 14:00,ord-001002,sell,75977.34,1776610501824,0,0,0,,,,0,cancelled
2026-04-19 14:00,ord-001003,buy,75970.74,1776610510024,0,0,0,,,,0,cancelled
2026-04-19 14:00,ord-001004,sell,75974.75,1776610510024,0,0,0,,,,0,cancelled
2026-04-19 14:00,ord-001005,buy,75985.63,1776610515024,0,0,0,,,,0,cancelled
2026-04-19 14:00,ord-001006,sell,75989.64,1776610515024,0,0,0,,,,0,cancelled
2026-04-19 14:00,ord-001007,buy,75974.72,1776610520024,0,0,0,,,,0,cancelled
2026-04-19 14:00,ord-001008,sell,75978.73,1776610520024,0,0,0,,,,0,cancelled
2026-04-19 14:00,ord-001009,buy,75987.66,1776610525024,0,0,0,,,,0,cancelled
2026-04-19 14:00,ord-001010,sell,75991.67,1776610525024,0,0,0,,,,0,cancelled
2026-04-19 14:00,ord-001011,buy,75993.52,1776610530024,0,0,0,,,,0,cancelled
2026-04-19 14:00,ord-001012,sell,75997.53,1776610530024,0,0,0,,,,0,cancelled
2026-04-19 14:00,ord-001013,buy,75987.77,1776610548624,0,0,0,,,,0,cancelled
2026-04-19 14:00,ord-001014,sell,75991.78,1776610548624,0,0,0,,,,0,cancelled
2026-04-19 14:00,ord-001015,buy,75982.12,1776610553624,0,0,0,,,,0,cancelled
2026-04-19 14:00,ord-001016,sell,75986.13,1776610553624,0,0,0,,,,0,cancelled
2026-04-19 14:00,ord-001017,buy,75981.65,1776610558624,0,0,0,,,,0,cancelled
2026-04-19 14:00,ord-001018,sell,75985.66,1776610558624,0,0,0,,,,0,cancelled
2026-04-19 14:00,ord-001019,buy,75981.44,1776610563625,0,0,0,,,,0,cancelled
2026-04-19 14:00,ord-001020,sell,75985.45,1776610563625,0,0,0,,,,0,cancelled
2026-04-19 14:00,ord-001021,buy,75980.75,1776610568625,0,0,0,,,,0,cancelled
2026-04-19 14:00,ord-001022,sell,75984.76,1776610568625,0,0,0,,,,0,cancelled
2026-04-19 14:00,ord-001023,buy,75978.70,1776610573924,0,0,0,,,,0,cancelled
2026-04-19 14:00,ord-001024,sell,75982.71,1776610573924,0,0,0,,,,0,cancelled
2026-04-19 14:00,ord-001025,buy,76003.62,1776610578924,0,0,0,,,,0,cancelled
2026-04-19 14:00,ord-001026,sell,76007.63,1776610578924,0,0,0,,,,0,cancelled
2026-04-19 14:00,ord-001027,buy,76031.99,1776610583924,0,0,0,,,,0,cancelled
2026-04-19 14:00,ord-001028,sell,76036.00,1776610583924,0.00120000,0.00120000,0,,,,0,cancelled
2026-04-19 14:00,ord-001029,buy,76024.72,1776610601324,0,0,0,,,,0,cancelled
2026-04-19 14:00,ord-001030,sell,76028.73,1776610601324,0,0,0,,,,0,cancelled
2026-04-19 14:00,ord-001031,buy,76031.99,1776610607524,0,0,0,,,,0,cancelled
2026-04-19 14:00,ord-001032,sell,76036.00,1776610607524,0.00120000,0,0,,,,0,cancelled
2026-04-19 14:00,ord-001033,buy,76029.61,1776610625624,0,0,0,,,,0,cancelled
2026-04-19 14:00,ord-001034,sell,76033.62,1776610625624,0,0,0,,,,0,cancelled
2026-04-19 14:00,ord-001035,buy,76013.19,1776610630624,0,0,0,,,,0,cancelled
2026-04-19 14:00,ord-001036,sell,76017.20,1776610630624,0,0,0,,,,0,cancelled
2026-04-19 14:00,ord-001037,buy,76010.96,1776610635624,0,0,0,,,,0,cancelled
2026-04-19 14:00,ord-001038,sell,76014.97,1776610635624,0,0,0,,,,0,cancelled
2026-04-19 14:00,ord-001039,buy,76003.32,1776610640624,0,0,0,,,,0,cancelled
2026-04-19 14:00,ord-001040,sell,76007.33,1776610640624,0,0,0,,,,0,cancelled
2026-04-19 14:00,ord-001041,buy,75995.36,1776610645624,0,0,0,,,,0,cancelled
2026-04-19 14:00,ord-001042,sell,75999.37,1776610645624,0,0,0,,,,0,cancelled
2026-04-19 14:00,ord-001043,buy,75993.54,1776610652624,0,0,0,,,,0,cancelled
2026-04-19 14:00,ord-001044,sell,75997.55,1776610652624,0,0,0,,,,0,cancelled
2026-04-19 14:00,ord-001045,buy,75981.84,1776610657624,0,0,0,,,,0,cancelled
2026-04-19 14:00,ord-001046,sell,75985.85,1776610657624,0,0,0,,,,0,cancelled
2026-04-19 14:00,ord-001047,buy,75973.54,1776610662624,0,0,0,,,,0,cancelled
2026-04-19 14:00,ord-001048,sell,75977.55,1776610662624,0,0,0,,,,0,cancelled
2026-04-19 14:00,ord-001049,buy,75971.31,1776610667624,0,0,0,,,,0,cancelled
2026-04-19 14:00,ord-001050,sell,75975.32,1776610667624,0,0,0,,,,0,cancelled
2026-04-19 14:00,ord-001051,buy,75979.32,1776610683424,0,0,0,,,,0,cancelled
2026-04-19 14:00,ord-001052,sell,75983.33,1776610683424,0,0,0,,,,0,cancelled
2026-04-19 14:00,ord-001053,buy,75994.12,1776610688424,0,0,0,,,,0,cancelled
2026-04-19 14:00,ord-001054,sell,75998.13,1776610688424,0,0,0,,,,0,cancelled
2026-04-19 14:00,ord-001055,buy,75992.05,1776610693424,0,0,0,,,,0,cancelled
2026-04-19 14:00,ord-001056,sell,75996.06,1776610693424,0,0,0,,,,0,cancelled
2026-04-19 14:00,ord-001057,buy,75995.29,1776610710624,0,0,0,,,,0,cancelled
2026-04-19 14:00,ord-001058,sell,75999.30,1776610710624,0,0,0,,,,0,cancelled
2026-04-19 14:00,ord-001059,buy,75990.10,1776610715626,0,0,0,,,,0,cancelled
2026-04-19 14:00,ord-001060,sell,75994.11,1776610715626,0,0,0,,,,0,cancelled
2026-04-19 14:00,ord-001061,buy,75998.67,1776610724224,0,0,0,,,,0,cancelled
2026-04-19 14:00,ord-001062,sell,76002.68,1776610724224,0,0,0,,,,0,cancelled
2026-04-19 14:00,ord-001063,buy,76031.79,1776610729224,0,0,0,,,,0,cancelled
2026-04-19 14:00,ord-001064,sell,76035.80,1776610729224,0,0,0,,,,0,cancelled
2026-04-19 14:00,ord-001065,buy,76028.21,1776610734224,0,0,0,,,,0,cancelled
2026-04-19 14:00,ord-001066,sell,76032.22,1776610734224,0,0,0,,,,0,cancelled
2026-04-19 14:00,ord-001067,buy,76025.34,1776610739224,0,0,0,,,,0,cancelled
2026-04-19 14:00,ord-001068,sell,76029.35,1776610739224,0,0,0,,,,0,cancelled
2026-04-19 14:00,ord-001069,buy,76025.35,1776610744224,0,0,0,,,,0,cancelled
2026-04-19 14:00,ord-001070,sell,76029.36,1776610744224,0,0,0,,,,0,cancelled
2026-04-19 14:00,ord-001071,buy,76022.03,1776610761524,0,0,0,,,,0,cancelled
2026-04-19 14:00,ord-001072,sell,76026.04,1776610761524,0,0,0,,,,0,cancelled
2026-04-19 14:00,ord-001073,buy,76016.98,1776610766525,0,0,0,,,,0,cancelled
2026-04-19 14:00,ord-001074,sell,76020.99,1776610766525,0,0,0,,,,0,cancelled
2026-04-19 14:00,ord-001075,buy,76010.50,1776610771624,0,0,0,,,,0,cancelled
2026-04-19 14:00,ord-001076,sell,76014.51,1776610771624,0,0,0,,,,0,cancelled
2026-04-19 14:00,ord-001077,buy,76009.62,1776610776624,0,0,0,,,,0,cancelled
2026-04-19 14:00,ord-001078,sell,76013.63,1776610776624,0,0,0,,,,0,cancelled
2026-04-19 14:00,ord-001079,buy,76015.49,1776610782124,0,0,0,,,,0,cancelled
2026-04-19 14:00,ord-001080,sell,76019.50,1776610782124,0,0,0,,,,0,cancelled
2026-04-19 14:00,ord-001081,buy,76022.01,1776610787125,0,0,0,,,,0,expired
2026-04-19 14:00,ord-001082,sell,76026.02,1776610787125,0,0,0,,,,0,expired
2026-04-19 15:00,ord-000001,buy,76022.01,1776610800224,0,0,0,,,,0,cancelled
2026-04-19 15:00,ord-000002,sell,76026.02,1776610800224,0,0,0,,,,0,cancelled
2026-04-19 15:00,ord-000003,buy,76027.99,1776610805224,0.00007000,0.00007000,0,1776610829754,0.00007000,0.00000000,0.00007000,cancelled
2026-04-19 15:00,ord-000004,sell,76032.00,1776610805224,0.00120000,0,0,,,,0,cancelled
2026-04-19 15:00,ord-000005,buy,76020.11,1776610829824,0,0,0,,,,0,cancelled
2026-04-19 15:00,ord-000006,sell,76024.12,1776610829824,0,0,0,,,,0,cancelled
2026-04-19 15:00,ord-000007,buy,76013.80,1776610842224,0,0,0,,,,0,cancelled
2026-04-19 15:00,ord-000008,sell,76017.81,1776610842224,0,0,0,,,,0,cancelled
2026-04-19 15:00,ord-000009,buy,75990.11,1776610847224,0,0,0,,,,0,cancelled
2026-04-19 15:00,ord-000010,sell,75994.12,1776610847224,0,0,0,,,,0,cancelled
2026-04-19 15:00,ord-000011,buy,75981.76,1776610852224,0,0,0,,,,0,cancelled
2026-04-19 15:00,ord-000012,sell,75985.77,1776610852224,0,0,0,,,,0,cancelled
2026-04-19 15:00,ord-000013,buy,75984.21,1776610858324,0,0,0,,,,0,cancelled
2026-04-19 15:00,ord-000014,sell,75988.22,1776610858324,0,0,0,,,,0,cancelled
2026-04-19 15:00,ord-000015,buy,75976.62,1776610863324,0,0,0,,,,0,cancelled
2026-04-19 15:00,ord-000016,sell,75980.63,1776610863324,0,0,0,,,,0,cancelled
2026-04-19 15:00,ord-000017,buy,75971.71,1776610871625,0,0,0,,,,0,cancelled
2026-04-19 15:00,ord-000018,sell,75975.72,1776610871625,0,0,0,,,,0,cancelled
2026-04-19 15:00,ord-000019,buy,75963.41,1776610876724,0,0,0,,,,0,cancelled
2026-04-19 15:00,ord-000020,sell,75967.42,1776610876724,0,0,0,,,,0,cancelled
2026-04-19 15:00,ord-000021,buy,75955.81,1776610881724,0,0,0,,,,0,cancelled
2026-04-19 15:00,ord-000022,sell,75959.82,1776610881724,0,0,0,,,,0,cancelled
2026-04-19 15:00,ord-000023,buy,75940.61,1776610890434,0,0,0,,,,0,cancelled
2026-04-19 15:00,ord-000024,sell,75944.62,1776610890434,0,0,0,,,,0,cancelled
2026-04-19 15:00,ord-000025,buy,75937.51,1776610895524,0,0,0,,,,0,cancelled
2026-04-19 15:00,ord-000026,sell,75941.52,1776610895524,0,0,0,,,,0,cancelled
2026-04-19 15:00,ord-000027,buy,75911.94,1776610900524,0,0,0,,,,0,cancelled
2026-04-19 15:00,ord-000028,sell,75915.95,1776610900524,0,0,0,,,,0,cancelled
2026-04-19 15:00,ord-000029,buy,75902.76,1776610905524,0,0,0,,,,0,cancelled
2026-04-19 15:00,ord-000030,sell,75906.77,1776610905524,0,0,0,,,,0,cancelled
2026-04-19 15:00,ord-000031,buy,75924.06,1776610910524,0,0,0,,,,0,cancelled
2026-04-19 15:00,ord-000032,sell,75928.07,1776610910524,0,0,0,,,,0,cancelled
2026-04-19 15:00,ord-000033,buy,75916.46,1776610915524,0,0,0,,,,0,cancelled
2026-04-19 15:00,ord-000034,sell,75920.47,1776610915524,0,0,0,,,,0,cancelled
2026-04-19 15:00,ord-000035,buy,75910.15,1776610920524,0,0,0,,,,0,cancelled
2026-04-19 15:00,ord-000036,sell,75914.16,1776610920524,0,0,0,,,,0,cancelled
2026-04-19 15:00,ord-000037,buy,75917.15,1776610925524,0,0,0,,,,0,cancelled
2026-04-19 15:00,ord-000038,sell,75921.16,1776610925524,0,0,0,,,,0,cancelled
2026-04-19 15:00,ord-000039,buy,75899.52,1776610930525,0,0,0,,,,0,cancelled
2026-04-19 15:00,ord-000040,sell,75903.53,1776610930525,0,0,0,,,,0,cancelled
2026-04-19 15:00,ord-000041,buy,75898.00,1776610935624,0.00120000,0.00120000,0,,,,0,cancelled
2026-04-19 15:00,ord-000042,sell,75902.01,1776610935624,0,0,0,,,,0,cancelled
2026-04-19 15:00,ord-000043,buy,75871.19,1776610940624,0,0,0,,,,0,cancelled
2026-04-19 15:00,ord-000044,sell,75875.20,1776610940624,0,0,0,,,,0,cancelled
2026-04-19 15:00,ord-000045,buy,75869.89,1776610945624,0,0,0,,,,0,cancelled
2026-04-19 15:00,ord-000046,sell,75873.90,1776610945624,0,0,0,,,,0,cancelled
2026-04-19 15:00,ord-000047,buy,75886.02,1776610950624,0,0,0,,,,0,cancelled
2026-04-19 15:00,ord-000048,sell,75890.03,1776610950624,0,0,0,,,,0,cancelled
2026-04-19 15:00,ord-000049,buy,75887.81,1776610955624,0,0,0,,,,0,cancelled
2026-04-19 15:00,ord-000050,sell,75891.82,1776610955624,0,0,0,,,,0,cancelled
2026-04-19 15:00,ord-000051,buy,75887.89,1776610960624,0,0,0,,,,0,cancelled
2026-04-19 15:00,ord-000052,sell,75891.90,1776610960624,0,0,0,,,,0,cancelled
2026-04-19 15:00,ord-000053,buy,75896.78,1776610965624,0,0,0,,,,0,cancelled
2026-04-19 15:00,ord-000054,sell,75900.79,1776610965624,0,0,0,,,,0,cancelled
2026-04-19 15:00,ord-000055,buy,75893.00,1776610970624,0,0,0,,,,0,cancelled
2026-04-19 15:00,ord-000056,sell,75897.01,1776610970624,0,0,0,,,,0,cancelled
2026-04-19 15:00,ord-000057,buy,75896.77,1776610978824,0,0,0,,,,0,cancelled
2026-04-19 15:00,ord-000058,sell,75900.78,1776610978824,0,0,0,,,,0,cancelled
2026-04-19 15:00,ord-000059,buy,75919.59,1776610983824,0,0,0,,,,0,cancelled
2026-04-19 15:00,ord-000060,sell,75923.60,1776610983824,0,0,0,,,,0,cancelled
2026-04-19 15:00,ord-000061,buy,75933.71,1776610988824,0,0,0,,,,0,cancelled
2026-04-19 15:00,ord-000062,sell,75937.72,1776610988824,0,0,0,,,,0,cancelled
2026-04-19 15:00,ord-000063,buy,75934.45,1776611002624,0,0,0,,,,0,cancelled
2026-04-19 15:00,ord-000064,sell,75938.46,1776611002624,0,0,0,,,,0,cancelled
2026-04-19 15:00,ord-000065,buy,75934.46,1776611009124,0.00090000,0,0,,,,0,cancelled
2026-04-19 15:00,ord-000066,sell,75938.47,1776611009124,0,0,0,,,,0,cancelled
2026-04-19 15:00,ord-000067,buy,75938.06,1776611014124,0,0,0,,,,0,cancelled
2026-04-19 15:00,ord-000068,sell,75942.07,1776611014124,0,0,0,,,,0,cancelled
2026-04-19 15:00,ord-000069,buy,75941.87,1776611019124,0,0,0,,,,0,cancelled
2026-04-19 15:00,ord-000070,sell,75945.88,1776611019124,0,0,0,,,,0,cancelled
2026-04-19 15:00,ord-000071,buy,75945.99,1776611024124,0.00007000,0,0,,,,0,cancelled
2026-04-19 15:00,ord-000072,sell,75950.00,1776611024124,0.00120000,0.00120000,0,,,,0,cancelled
2026-04-19 15:00,ord-000073,buy,75946.09,1776611029124,0,0,0,,,,0,cancelled
2026-04-19 15:00,ord-000074,sell,75950.10,1776611029124,0,0,0,,,,0,cancelled
2026-04-19 15:00,ord-000075,buy,75966.65,1776611042379,0,0,0,,,,0,cancelled
2026-04-19 15:00,ord-000076,sell,75970.66,1776611042379,0,0,0,,,,0,cancelled
2026-04-19 15:00,ord-000077,buy,75983.22,1776611047424,0,0,0,,,,0,cancelled
2026-04-19 15:00,ord-000078,sell,75987.23,1776611047424,0,0,0,,,,0,cancelled
2026-04-19 15:00,ord-000079,buy,75989.59,1776611052424,0,0,0,,,,0,cancelled
2026-04-19 15:00,ord-000080,sell,75993.60,1776611052424,0,0,0,,,,0,cancelled
2026-04-19 15:00,ord-000081,buy,75980.68,1776611057424,0,0,0,,,,0,cancelled
2026-04-19 15:00,ord-000082,sell,75984.69,1776611057424,0,0,0,,,,0,cancelled
2026-04-19 15:00,ord-000083,buy,75980.53,1776611062724,0,0,0,,,,0,cancelled
2026-04-19 15:00,ord-000084,sell,75984.54,1776611062724,0,0,0,,,,0,cancelled
2026-04-19 15:00,ord-000085,buy,75987.66,1776611067724,0,0,0,,,,0,cancelled
2026-04-19 15:00,ord-000086,sell,75991.67,1776611067724,0,0,0,,,,0,cancelled
2026-04-19 15:00,ord-000087,buy,75989.60,1776611072724,0,0,0,,,,0,cancelled
2026-04-19 15:00,ord-000088,sell,75993.61,1776611072724,0.00014000,0.00014000,0,1776611074138,0.00014000,0.00000000,0.00007000,cancelled
2026-04-19 15:00,ord-000089,buy,75994.55,1776611077724,0.17507000,0,0,,,,0,cancelled
2026-04-19 15:00,ord-000090,sell,75998.56,1776611077724,0,0,0,,,,0,cancelled
2026-04-19 15:00,ord-000091,buy,76005.35,1776611096624,0.13207000,0.00014000,0,,,,0,cancelled
2026-04-19 15:00,ord-000092,sell,76009.36,1776611096624,0,0,0,,,,0,cancelled
2026-04-19 15:00,ord-000093,buy,75999.48,1776611101624,0,0,0,,,,0,cancelled
2026-04-19 15:00,ord-000094,sell,76003.49,1776611101624,0,0,0,,,,0,cancelled
2026-04-19 15:00,ord-000095,buy,75997.10,1776611106624,0,0,0,,,,0,cancelled
2026-04-19 15:00,ord-000096,sell,76001.11,1776611106624,0,0,0,,,,0,cancelled
2026-04-19 15:00,ord-000097,buy,75993.92,1776611111624,0,0,0,,,,0,cancelled
2026-04-19 15:00,ord-000098,sell,75997.93,1776611111624,0,0,0,,,,0,cancelled
2026-04-19 15:00,ord-000099,buy,75977.97,1776611116624,0,0,0,,,,0,cancelled
2026-04-19 15:00,ord-000100,sell,75981.98,1776611116624,0,0,0,,,,0,cancelled
2026-04-19 15:00,ord-000101,buy,75970.74,1776611121624,0,0,0,,,,0,cancelled
2026-04-19 15:00,ord-000102,sell,75974.75,1776611121624,0,0,0,,,,0,cancelled
2026-04-19 15:00,ord-000103,buy,75962.60,1776611126624,0,0,0,,,,0,cancelled
2026-04-19 15:00,ord-000104,sell,75966.61,1776611126624,0,0,0,,,,0,cancelled
2026-04-19 15:00,ord-000105,buy,75960.11,1776611131624,0,0,0,,,,0,cancelled
2026-04-19 15:00,ord-000106,sell,75964.12,1776611131624,0,0,0,,,,0,cancelled
2026-04-19 15:00,ord-000107,buy,75949.61,1776611136624,0.01611000,0,0,,,,0,cancelled
2026-04-19 15:00,ord-000108,sell,75953.62,1776611136624,0,0,0,,,,0,cancelled
2026-04-19 15:00,ord-000109,buy,75948.75,1776611141624,0,0,0,,,,0,cancelled
2026-04-19 15:00,ord-000110,sell,75952.76,1776611141624,0,0,0,,,,0,cancelled
2026-04-19 15:00,ord-000111,buy,75948.25,1776611148324,0,0,0,,,,0,cancelled
2026-04-19 15:00,ord-000112,sell,75952.26,1776611148324,0,0,0,,,,0,cancelled
2026-04-19 15:00,ord-000113,buy,75943.22,1776611153324,0,0,0,,,,0,cancelled
2026-04-19 15:00,ord-000114,sell,75947.23,1776611153324,0,0,0,,,,0,cancelled
2026-04-19 15:00,ord-000115,buy,75954.83,1776611158324,0,0,0,,,,0,cancelled
2026-04-19 15:00,ord-000116,sell,75958.84,1776611158324,0,0,0,,,,0,cancelled
2026-04-19 15:00,ord-000117,buy,75952.40,1776611166024,0,0,0,,,,0,cancelled
2026-04-19 15:00,ord-000118,sell,75956.41,1776611166024,0,0,0,,,,0,cancelled
2026-04-19 15:00,ord-000119,buy,75942.44,1776611171024,0,0,0,,,,0,cancelled
2026-04-19 15:00,ord-000120,sell,75946.45,1776611171024,0,0,0,,,,0,cancelled
2026-04-19 15:00,ord-000121,buy,75927.48,1776611176024,0,0,0,,,,0,cancelled
2026-04-19 15:00,ord-000122,sell,75931.49,1776611176024,0,0,0,,,,0,cancelled
2026-04-19 15:00,ord-000123,buy,75919.88,1776611181024,0,0,0,,,,0,cancelled
2026-04-19 15:00,ord-000124,sell,75923.89,1776611181024,0,0,0,,,,0,cancelled
2026-04-19 15:00,ord-000125,buy,75920.40,1776611186024,0,0,0,,,,0,cancelled
2026-04-19 15:00,ord-000126,sell,75924.41,1776611186024,0,0,0,,,,0,cancelled
2026-04-19 15:00,ord-000127,buy,75914.86,1776611192224,0,0,0,,,,0,cancelled
2026-04-19 15:00,ord-000128,sell,75918.87,1776611192224,0,0,0,,,,0,cancelled
2026-04-19 15:00,ord-000129,buy,75899.24,1776611197224,0,0,0,,,,0,cancelled
2026-04-19 15:00,ord-000130,sell,75903.25,1776611197224,0,0,0,,,,0,cancelled
2026-04-19 15:00,ord-000131,buy,75898.54,1776611203724,0,0,0,,,,0,cancelled
2026-04-19 15:00,ord-000132,sell,75902.55,1776611203724,0,0,0,,,,0,cancelled
2026-04-19 15:00,ord-000133,buy,75898.05,1776611208724,0.00132000,0.00132000,0,,,,0,cancelled
2026-04-19 15:00,ord-000134,sell,75902.06,1776611208724,0,0,0,,,,0,cancelled
2026-04-19 15:00,ord-000135,buy,75895.61,1776611213724,0,0,0,,,,0,cancelled
2026-04-19 15:00,ord-000136,sell,75899.62,1776611213724,0,0,0,,,,0,cancelled
2026-04-19 15:00,ord-000137,buy,75907.75,1776611218724,0,0,0,,,,0,cancelled
2026-04-19 15:00,ord-000138,sell,75911.76,1776611218724,0,0,0,,,,0,cancelled
2026-04-19 15:00,ord-000139,buy,75911.99,1776611223924,0,0,0,,,,0,cancelled
2026-04-19 15:00,ord-000140,sell,75916.00,1776611223924,0.00120000,0,0,,,,0,cancelled
2026-04-19 15:00,ord-000141,buy,75913.29,1776611228925,0,0,0,,,,0,cancelled
2026-04-19 15:00,ord-000142,sell,75917.30,1776611228925,0,0,0,,,,0,cancelled
2026-04-19 15:00,ord-000143,buy,75914.96,1776611238925,0,0,0,,,,0,cancelled
2026-04-19 15:00,ord-000144,sell,75918.97,1776611238925,0,0,0,,,,0,cancelled
2026-04-19 15:00,ord-000145,buy,75919.19,1776611244024,0,0,0,,,,0,cancelled
2026-04-19 15:00,ord-000146,sell,75923.20,1776611244024,0,0,0,,,,0,cancelled
2026-04-19 15:00,ord-000147,buy,75922.32,1776611249024,0,0,0,,,,0,cancelled
2026-04-19 15:00,ord-000148,sell,75926.33,1776611249024,0,0,0,,,,0,cancelled
2026-04-19 15:00,ord-000149,buy,75922.33,1776611265624,0.00132000,0,0,,,,0,cancelled
2026-04-19 15:00,ord-000150,sell,75926.34,1776611265624,0,0,0,,,,0,cancelled
2026-04-19 15:00,ord-000151,buy,75931.73,1776611270624,0,0,0,,,,0,cancelled
2026-04-19 15:00,ord-000152,sell,75935.74,1776611270624,0,0,0,,,,0,cancelled
2026-04-19 15:00,ord-000153,buy,75931.74,1776611276124,0,0,0,,,,0,cancelled
2026-04-19 15:00,ord-000154,sell,75935.75,1776611276124,0,0,0,,,,0,cancelled
2026-04-19 15:00,ord-000155,buy,75950.00,1776611281124,0.00040000,0,0,,,,0,cancelled
2026-04-19 15:00,ord-000156,sell,75954.01,1776611281124,0,0,0,,,,0,cancelled
2026-04-19 15:00,ord-000157,buy,75961.90,1776611286124,0,0,0,,,,0,cancelled
2026-04-19 15:00,ord-000158,sell,75965.91,1776611286124,0,0,0,,,,0,cancelled
2026-04-19 15:00,ord-000159,buy,75959.99,1776611304027,0,0,0,,,,0,cancelled
2026-04-19 15:00,ord-000160,sell,75964.00,1776611304027,0.03515000,0,0,,,,0,cancelled
2026-04-19 15:00,ord-000161,buy,75933.35,1776611309124,0,0,0,,,,0,cancelled
2026-04-19 15:00,ord-000162,sell,75937.36,1776611309124,0,0,0,,,,0,cancelled
2026-04-19 15:00,ord-000163,buy,75939.99,1776611314124,0,0,0,,,,0,cancelled
2026-04-19 15:00,ord-000164,sell,75944.00,1776611314124,0.00120000,0.00120000,0,,,,0,cancelled
2026-04-19 15:00,ord-000165,buy,75947.99,1776611319124,0,0,0,,,,0,cancelled
2026-04-19 15:00,ord-000166,sell,75952.00,1776611319124,0.00120000,0.00120000,0,,,,0,cancelled
2026-04-19 15:00,ord-000167,buy,75955.59,1776611329524,0,0,0,,,,0,cancelled
2026-04-19 15:00,ord-000168,sell,75959.60,1776611329524,0,0,0,,,,0,cancelled
2026-04-19 15:00,ord-000169,buy,75963.54,1776611334524,0,0,0,,,,0,cancelled
2026-04-19 15:00,ord-000170,sell,75967.55,1776611334524,0,0,0,,,,0,cancelled
2026-04-19 15:00,ord-000171,buy,75970.44,1776611339524,0,0,0,,,,0,cancelled
2026-04-19 15:00,ord-000172,sell,75974.45,1776611339524,0,0,0,,,,0,cancelled
2026-04-19 15:00,ord-000173,buy,75965.35,1776611344524,0,0,0,,,,0,cancelled
2026-04-19 15:00,ord-000174,sell,75969.36,1776611344524,0,0,0,,,,0,cancelled
2026-04-19 15:00,ord-000175,buy,75957.38,1776611349524,0,0,0,,,,0,cancelled
2026-04-19 15:00,ord-000176,sell,75961.39,1776611349524,0,0,0,,,,0,cancelled
2026-04-19 15:00,ord-000177,buy,75957.21,1776611354524,0,0,0,,,,0,cancelled
2026-04-19 15:00,ord-000178,sell,75961.22,1776611354524,0,0,0,,,,0,cancelled
2026-04-19 15:00,ord-000179,buy,75948.13,1776611366224,0,0,0,,,,0,cancelled
2026-04-19 15:00,ord-000180,sell,75952.14,1776611366224,0,0,0,,,,0,cancelled
2026-04-19 15:00,ord-000181,buy,75950.79,1776611371224,0,0,0,,,,0,cancelled
2026-04-19 15:00,ord-000182,sell,75954.80,1776611371224,0,0,0,,,,0,cancelled
2026-04-19 15:00,ord-000183,buy,75950.80,1776611376224,0,0,0,,,,0,cancelled
2026-04-19 15:00,ord-000184,sell,75954.81,1776611376224,0,0,0,,,,0,cancelled
2026-04-19 15:00,ord-000185,buy,75958.03,1776611381224,0,0,0,,,,0,cancelled
2026-04-19 15:00,ord-000186,sell,75962.04,1776611381224,0,0,0,,,,0,cancelled
2026-04-19 15:00,ord-000187,buy,75956.01,1776611386224,0,0,0,,,,0,cancelled
2026-04-19 15:00,ord-000188,sell,75960.02,1776611386224,0,0,0,,,,0,cancelled
2026-04-19 15:00,ord-000189,buy,75948.13,1776611394324,0,0,0,,,,0,cancelled
2026-04-19 15:00,ord-000190,sell,75952.14,1776611394324,0,0,0,,,,0,cancelled
2026-04-19 15:00,ord-000191,buy,75937.64,1776611399324,0,0,0,,,,0,cancelled
2026-04-19 15:00,ord-000192,sell,75941.65,1776611399324,0,0,0,,,,0,cancelled
2026-04-19 15:00,ord-000193,buy,75938.00,1776611405224,0.00120000,0,0,,,,0,cancelled
2026-04-19 15:00,ord-000194,sell,75942.01,1776611405224,0,0,0,,,,0,cancelled
2026-04-19 15:00,ord-000195,buy,75945.22,1776611410224,0,0,0,,,,0,cancelled
2026-04-19 15:00,ord-000196,sell,75949.23,1776611410224,0,0,0,,,,0,cancelled
2026-04-19 15:00,ord-000197,buy,75960.70,1776611415224,0,0,0,,,,0,cancelled
2026-04-19 15:00,ord-000198,sell,75964.71,1776611415224,0,0,0,,,,0,cancelled
2026-04-19 15:00,ord-000199,buy,75962.60,1776611423724,0,0,0,,,,0,cancelled
2026-04-19 15:00,ord-000200,sell,75966.61,1776611423724,0,0,0,,,,0,cancelled
2026-04-19 15:00,ord-000201,buy,75971.59,1776611428724,0,0,0,,,,0,cancelled
2026-04-19 15:00,ord-000202,sell,75975.60,1776611428724,0,0,0,,,,0,cancelled
2026-04-19 15:00,ord-000203,buy,75972.59,1776611433724,0,0,0,,,,0,cancelled
2026-04-19 15:00,ord-000204,sell,75976.60,1776611433724,0,0,0,,,,0,cancelled
2026-04-19 15:00,ord-000205,buy,75974.01,1776611438724,0,0,0,,,,0,cancelled
2026-04-19 15:00,ord-000206,sell,75978.02,1776611438724,0,0,0,,,,0,cancelled
2026-04-19 15:00,ord-000207,buy,75974.05,1776611444824,0,0,0,,,,0,cancelled
2026-04-19 15:00,ord-000208,sell,75978.06,1776611444824,0,0,0,,,,0,cancelled
2026-04-19 15:00,ord-000209,buy,75995.00,1776611449824,0,0,0,,,,0,cancelled
2026-04-19 15:00,ord-000210,sell,75999.01,1776611449824,0,0,0,,,,0,cancelled
2026-04-19 15:00,ord-000211,buy,75997.99,1776611454824,0.33409000,0,0,,,,0,cancelled
2026-04-19 15:00,ord-000212,sell,76002.00,1776611454824,0.00206000,0,0,,,,0,cancelled
2026-04-19 15:00,ord-000213,buy,75996.00,1776611459824,0.00040000,0.00040000,0,,,,0,cancelled
2026-04-19 15:00,ord-000214,sell,76000.01,1776611459824,0,0,0,,,,0,cancelled
2026-04-19 15:00,ord-000215,buy,75977.05,1776611464824,0,0,0,,,,0,cancelled
2026-04-19 15:00,ord-000216,sell,75981.06,1776611464824,0,0,0,,,,0,cancelled
2026-04-19 15:00,ord-000217,buy,75976.63,1776611469824,0,0,0,,,,0,cancelled
2026-04-19 15:00,ord-000218,sell,75980.64,1776611469824,0,0,0,,,,0,cancelled
2026-04-19 15:00,ord-000219,buy,75973.44,1776611475024,0,0,0,,,,0,cancelled
2026-04-19 15:00,ord-000220,sell,75977.45,1776611475024,0,0,0,,,,0,cancelled
2026-04-19 15:00,ord-000221,buy,75962.61,1776611480024,0,0,0,,,,0,cancelled
2026-04-19 15:00,ord-000222,sell,75966.62,1776611480024,0,0,0,,,,0,cancelled
2026-04-19 15:00,ord-000223,buy,75957.20,1776611498624,0,0,0,,,,0,cancelled
2026-04-19 15:00,ord-000224,sell,75961.21,1776611498624,0,0,0,,,,0,cancelled
2026-04-19 15:00,ord-000225,buy,75953.99,1776611503624,0,0,0,,,,0,cancelled
2026-04-19 15:00,ord-000226,sell,75958.00,1776611503624,0.00080000,0.00080000,0,,,,0,cancelled
2026-04-19 15:00,ord-000227,buy,75962.90,1776611508624,0,0,0,,,,0,cancelled
2026-04-19 15:00,ord-000228,sell,75966.91,1776611508624,0,0,0,,,,0,cancelled
2026-04-19 15:00,ord-000229,buy,75967.99,1776611518424,0,0,0,,,,0,cancelled
2026-04-19 15:00,ord-000230,sell,75972.00,1776611518424,0.00120000,0,0,,,,0,cancelled
2026-04-19 15:00,ord-000231,buy,75968.00,1776611528624,0,0,0,,,,0,cancelled
2026-04-19 15:00,ord-000232,sell,75972.01,1776611528624,0,0,0,1776611529138,0,0,0.00049000,cancelled
2026-04-19 15:00,ord-000233,buy,75976.45,1776611533624,0,0,0,,,,0,cancelled
2026-04-19 15:00,ord-000234,sell,75980.46,1776611533624,0.00007000,0.00007000,0,1776611538042,0.00007000,0.00000000,0.00007000,cancelled
2026-04-19 15:00,ord-000235,buy,75979.61,1776611538624,0,0,0,,,,0,cancelled
2026-04-19 15:00,ord-000236,sell,75983.62,1776611538624,0,0,0,,,,0,cancelled
2026-04-19 15:00,ord-000237,buy,75985.30,1776611543624,0,0,0,,,,0,cancelled
2026-04-19 15:00,ord-000238,sell,75989.31,1776611543624,0,0,0,,,,0,cancelled
2026-04-19 15:00,ord-000239,buy,75998.00,1776611550325,0,0,0,,,,0,cancelled
2026-04-19 15:00,ord-000240,sell,76002.01,1776611550325,0,0,0,,,,0,cancelled
2026-04-19 15:00,ord-000241,buy,75998.01,1776611567624,0.00865000,0,0,,,,0,cancelled
2026-04-19 15:00,ord-000242,sell,76002.02,1776611567624,0,0,0,,,,0,cancelled
2026-04-19 15:00,ord-000243,buy,76004.66,1776611572624,0,0,0,,,,0,cancelled
2026-04-19 15:00,ord-000244,sell,76008.67,1776611572624,0,0,0,,,,0,cancelled
2026-04-19 15:00,ord-000245,buy,76027.99,1776611577624,0,0,0,,,,0,cancelled
2026-04-19 15:00,ord-000246,sell,76032.00,1776611577624,0.00120000,0,0,,,,0,cancelled
2026-04-19 15:00,ord-000247,buy,76012.78,1776611582724,0,0,0,,,,0,cancelled
2026-04-19 15:00,ord-000248,sell,76016.79,1776611582724,0,0,0,,,,0,cancelled
2026-04-19 15:00,ord-000249,buy,76020.38,1776611593124,0,0,0,,,,0,cancelled
2026-04-19 15:00,ord-000250,sell,76024.39,1776611593124,0,0,0,,,,0,cancelled
2026-04-19 15:00,ord-000251,buy,76023.52,1776611604224,0,0,0,,,,0,cancelled
2026-04-19 15:00,ord-000252,sell,76027.53,1776611604224,0.00007000,0.00007000,0,1776611607765,0.00007000,0.00000000,0.00007000,cancelled
2026-04-19 15:00,ord-000253,buy,76039.12,1776611609224,0,0,0,,,,0,cancelled
2026-04-19 15:00,ord-000254,sell,76043.13,1776611609224,0,0,0,,,,0,cancelled
2026-04-19 15:00,ord-000255,buy,76032.00,1776611632524,0.00120000,0.00120000,0,,,,0,cancelled
2026-04-19 15:00,ord-000256,sell,76036.01,1776611632524,0,0,0,,,,0,cancelled
2026-04-19 15:00,ord-000257,buy,76025.59,1776611637524,0,0,0,,,,0,cancelled
2026-04-19 15:00,ord-000258,sell,76029.60,1776611637524,0,0,0,,,,0,cancelled
2026-04-19 15:00,ord-000259,buy,76021.13,1776611642524,0,0,0,,,,0,cancelled
2026-04-19 15:00,ord-000260,sell,76025.14,1776611642524,0,0,0,,,,0,cancelled
2026-04-19 15:00,ord-000261,buy,76026.29,1776611647524,0,0,0,,,,0,cancelled
2026-04-19 15:00,ord-000262,sell,76030.30,1776611647524,0,0,0,,,,0,cancelled
2026-04-19 15:00,ord-000263,buy,76021.13,1776611692924,0,0,0,,,,0,cancelled
2026-04-19 15:00,ord-000264,sell,76025.14,1776611692924,0,0,0,,,,0,cancelled
2026-04-19 15:00,ord-000265,buy,76012.77,1776611697924,0,0,0,,,,0,cancelled
2026-04-19 15:00,ord-000266,sell,76016.78,1776611697924,0,0,0,,,,0,cancelled
2026-04-19 15:00,ord-000267,buy,76009.31,1776611702924,0,0,0,,,,0,cancelled
2026-04-19 15:00,ord-000268,sell,76013.32,1776611702924,0,0,0,,,,0,cancelled
2026-04-19 15:00,ord-000269,buy,76002.93,1776611707924,0,0,0,,,,0,cancelled
2026-04-19 15:00,ord-000270,sell,76006.94,1776611707924,0,0,0,,,,0,cancelled
2026-04-19 15:00,ord-000271,buy,76010.00,1776611712924,0,0,0,1776611717679,0,0,0.001,filled
2026-04-19 15:00,ord-000272,sell,76014.01,1776611712924,0,0,0,,,,0,cancelled
2026-04-19 15:00,ord-000273,buy,76004.40,1776611717724,0,0,0,,,,0,cancelled
2026-04-19 15:00,ord-000274,sell,76008.41,1776611717724,0,0,0,,,,0,cancelled
2026-04-19 15:00,ord-000275,buy,76000.03,1776611722724,0,0,0,,,,0,cancelled
2026-04-19 15:00,ord-000276,sell,76004.04,1776611722724,0,0,0,,,,0,cancelled
2026-04-19 15:00,ord-000277,buy,76016.67,1776611727724,0,0,0,,,,0,cancelled
2026-04-19 15:00,ord-000278,sell,76020.68,1776611727724,0,0,0,,,,0,cancelled
2026-04-19 15:00,ord-000279,buy,76016.68,1776611734524,0,0,0,,,,0,cancelled
2026-04-19 15:00,ord-000280,sell,76020.69,1776611734524,0,0,0,,,,0,cancelled
2026-04-19 15:00,ord-000281,buy,76023.99,1776611739524,0,0,0,,,,0,cancelled
2026-04-19 15:00,ord-000282,sell,76028.00,1776611739524,0.00120000,0.00120000,0,,,,0,cancelled
2026-04-19 15:00,ord-000283,buy,76026.29,1776611753624,0,0,0,,,,0,cancelled
2026-04-19 15:00,ord-000284,sell,76030.30,1776611753624,0,0,0,,,,0,cancelled
2026-04-19 15:00,ord-000285,buy,76047.95,1776611758624,0,0,0,,,,0,cancelled
2026-04-19 15:00,ord-000286,sell,76051.96,1776611758624,0,0,0,,,,0,cancelled
2026-04-19 15:00,ord-000287,buy,76042.86,1776611763624,0,0,0,,,,0,cancelled
2026-04-19 15:00,ord-000288,sell,76046.87,1776611763624,0,0,0,,,,0,cancelled
2026-04-19 15:00,ord-000289,buy,76047.95,1776611773424,0,0,0,,,,0,cancelled
2026-04-19 15:00,ord-000290,sell,76051.96,1776611773424,0,0,0,,,,0,cancelled
2026-04-19 15:00,ord-000291,buy,76061.96,1776611778424,0,0,0,,,,0,cancelled
2026-04-19 15:00,ord-000292,sell,76065.97,1776611778424,0.00014000,0,0,,,,0,cancelled
2026-04-19 15:00,ord-000293,buy,76055.90,1776611783424,0,0,0,,,,0,cancelled
2026-04-19 15:00,ord-000294,sell,76059.91,1776611783424,0,0,0,,,,0,cancelled
2026-04-19 15:00,ord-000295,buy,76063.17,1776611788424,0,0,0,,,,0,cancelled
2026-04-19 15:00,ord-000296,sell,76067.18,1776611788424,0,0,0,,,,0,cancelled
2026-04-19 15:00,ord-000297,buy,76063.51,1776611794724,0,0,0,,,,0,cancelled
2026-04-19 15:00,ord-000298,sell,76067.52,1776611794724,0,0,0,,,,0,cancelled
2026-04-19 15:00,ord-000299,buy,76068.67,1776611799724,0,0,0,,,,0,cancelled
2026-04-19 15:00,ord-000300,sell,76072.68,1776611799724,0,0,0,,,,0,cancelled
2026-04-19 15:00,ord-000301,buy,76071.63,1776611804724,0,0,0,,,,0,cancelled
2026-04-19 15:00,ord-000302,sell,76075.64,1776611804724,0,0,0,,,,0,cancelled
2026-04-19 15:00,ord-000303,buy,76085.99,1776611809724,0,0,0,,,,0,cancelled
2026-04-19 15:00,ord-000304,sell,76090.00,1776611809724,0.00170000,0,0,,,,0,cancelled
2026-04-19 15:00,ord-000305,buy,76077.04,1776611814724,0,0,0,,,,0,cancelled
2026-04-19 15:00,ord-000306,sell,76081.05,1776611814724,0,0,0,,,,0,cancelled
2026-04-19 15:00,ord-000307,buy,76089.20,1776611819724,0,0,0,,,,0,cancelled
2026-04-19 15:00,ord-000308,sell,76093.21,1776611819724,0,0,0,,,,0,cancelled
2026-04-19 15:00,ord-000309,buy,76078.60,1776611824725,0,0,0,,,,0,cancelled
2026-04-19 15:00,ord-000310,sell,76082.61,1776611824725,0,0,0,,,,0,cancelled
2026-04-19 15:00,ord-000311,buy,76083.69,1776611829824,0,0,0,,,,0,cancelled
2026-04-19 15:00,ord-000312,sell,76087.70,1776611829824,0,0,0,,,,0,cancelled
2026-04-19 15:00,ord-000313,buy,76097.99,1776611840324,0,0,0,,,,0,cancelled
2026-04-19 15:00,ord-000314,sell,76102.00,1776611840324,0.00120000,0.00120000,0,,,,0,cancelled
2026-04-19 15:00,ord-000315,buy,76100.03,1776611845924,0,0,0,,,,0,cancelled
2026-04-19 15:00,ord-000316,sell,76104.04,1776611845924,0,0,0,,,,0,cancelled
2026-04-19 15:00,ord-000317,buy,76104.02,1776611850924,0,0,0,,,,0,cancelled
2026-04-19 15:00,ord-000318,sell,76108.03,1776611850924,0,0,0,,,,0,cancelled
2026-04-19 15:00,ord-000319,buy,76105.34,1776611855924,0,0,0,,,,0,cancelled
2026-04-19 15:00,ord-000320,sell,76109.35,1776611855924,0,0,0,,,,0,cancelled
2026-04-19 15:00,ord-000321,buy,76104.18,1776611863724,0.00132000,0.00132000,0,,,,0,cancelled
2026-04-19 15:00,ord-000322,sell,76108.19,1776611863724,0,0,0,,,,0,cancelled
2026-04-19 15:00,ord-000323,buy,76090.48,1776611868724,0,0,0,,,,0,cancelled
2026-04-19 15:00,ord-000324,sell,76094.49,1776611868724,0,0,0,,,,0,cancelled
2026-04-19 15:00,ord-000325,buy,76098.09,1776611874124,0,0,0,,,,0,cancelled
2026-04-19 15:00,ord-000326,sell,76102.10,1776611874124,0,0,0,,,,0,cancelled
2026-04-19 15:00,ord-000327,buy,76105.44,1776611881424,0,0,0,,,,0,cancelled
2026-04-19 15:00,ord-000328,sell,76109.45,1776611881424,0,0,0,,,,0,cancelled
2026-04-19 15:00,ord-000329,buy,76107.23,1776611886424,0,0,0,,,,0,cancelled
2026-04-19 15:00,ord-000330,sell,76111.24,1776611886424,0,0,0,,,,0,cancelled
2026-04-19 15:00,ord-000331,buy,76111.99,1776611891424,0,0,0,,,,0,cancelled
2026-04-19 15:00,ord-000332,sell,76116.00,1776611891424,0.00120000,0.00120000,0,1776611895018,0.00120000,0.00000000,0.001,filled
2026-04-19 15:00,ord-000333,buy,76113.99,1776611895124,0.34176000,0,0,,,,0,cancelled
2026-04-19 15:00,ord-000334,sell,76118.00,1776611895124,0.00120000,0.00120000,0,1776611895631,0.00120000,0.00000000,0.00007000,cancelled
2026-04-19 15:00,ord-000335,buy,76119.99,1776611900124,0.67683000,0,0,,,,0,cancelled
2026-04-19 15:00,ord-000336,sell,76124.00,1776611900124,0.00120000,0,0,,,,0,cancelled
2026-04-19 15:00,ord-000337,buy,76121.29,1776611906924,0,0,0,,,,0,cancelled
2026-04-19 15:00,ord-000338,sell,76125.30,1776611906924,0,0,0,,,,0,cancelled
2026-04-19 15:00,ord-000339,buy,76124.07,1776611911924,0,0,0,,,,0,cancelled
2026-04-19 15:00,ord-000340,sell,76128.08,1776611911924,0,0,0,,,,0,cancelled
2026-04-19 15:00,ord-000341,buy,76146.44,1776611916924,0,0,0,,,,0,cancelled
2026-04-19 15:00,ord-000342,sell,76150.45,1776611916924,0,0,0,,,,0,cancelled
2026-04-19 15:00,ord-000343,buy,76151.99,1776611921924,0,0,0,,,,0,cancelled
2026-04-19 15:00,ord-000344,sell,76156.00,1776611921924,0.00120000,0,0,,,,0,cancelled
2026-04-19 15:00,ord-000345,buy,76149.53,1776611927024,0,0,0,,,,0,cancelled
2026-04-19 15:00,ord-000346,sell,76153.54,1776611927024,0,0,0,,,,0,cancelled
2026-04-19 15:00,ord-000347,buy,76135.27,1776611932024,0,0,0,,,,0,cancelled
2026-04-19 15:00,ord-000348,sell,76139.28,1776611932024,0,0,0,,,,0,cancelled
2026-04-19 15:00,ord-000349,buy,76135.86,1776611937024,0,0,0,,,,0,cancelled
2026-04-19 15:00,ord-000350,sell,76139.87,1776611937024,0,0,0,,,,0,cancelled
2026-04-19 15:00,ord-000351,buy,76131.22,1776611942024,0,0,0,,,,0,cancelled
2026-04-19 15:00,ord-000352,sell,76135.23,1776611942024,0,0,0,,,,0,cancelled
2026-04-19 15:00,ord-000353,buy,76128.00,1776611947024,0.00120000,0.00120000,0,1776611947313,0.00120000,0.00000000,0.00098000,cancelled
2026-04-19 15:00,ord-000354,sell,76132.01,1776611947024,0,0,0,,,,0,cancelled
2026-04-19 15:00,ord-000355,buy,76104.00,1776611952024,0.00120000,0.00120000,0,,,,0,cancelled
2026-04-19 15:00,ord-000356,sell,76108.01,1776611952024,0.26398000,0,0,,,,0,cancelled
2026-04-19 15:00,ord-000357,buy,76098.00,1776611957024,0.00120000,0.00120000,0,1776611959539,0.00120000,0.00000000,0.001,filled
2026-04-19 15:00,ord-000358,sell,76102.01,1776611957024,0,0,0,,,,0,cancelled
2026-04-19 15:00,ord-000359,buy,76096.00,1776611959624,0.00120000,0.00120000,0,,,,0,cancelled
2026-04-19 15:00,ord-000360,sell,76100.01,1776611959624,0.82035000,0,0,,,,0,cancelled
2026-04-19 15:00,ord-000361,buy,76068.28,1776611964624,0,0,0,,,,0,cancelled
2026-04-19 15:00,ord-000362,sell,76072.29,1776611964624,0,0,0,,,,0,cancelled
2026-04-19 15:00,ord-000363,buy,76070.24,1776611970024,0,0,0,,,,0,cancelled
2026-04-19 15:00,ord-000364,sell,76074.25,1776611970024,0,0,0,,,,0,cancelled
2026-04-19 15:00,ord-000365,buy,76069.80,1776611975024,0.00014000,0,0,,,,0,cancelled
2026-04-19 15:00,ord-000366,sell,76073.81,1776611975024,0,0,0,,,,0,cancelled
2026-04-19 15:00,ord-000367,buy,76061.98,1776611980024,0,0,0,,,,0,cancelled
2026-04-19 15:00,ord-000368,sell,76065.99,1776611980024,0,0,0,,,,0,cancelled
2026-04-19 15:00,ord-000369,buy,76055.61,1776611985024,0,0,0,,,,0,cancelled
2026-04-19 15:00,ord-000370,sell,76059.62,1776611985024,0,0,0,,,,0,cancelled
2026-04-19 15:00,ord-000371,buy,76064.28,1776611990124,0,0,0,,,,0,cancelled
2026-04-19 15:00,ord-000372,sell,76068.29,1776611990124,0,0,0,,,,0,cancelled
2026-04-19 15:00,ord-000373,buy,76063.25,1776611995124,0,0,0,,,,0,cancelled
2026-04-19 15:00,ord-000374,sell,76067.26,1776611995124,0,0,0,,,,0,cancelled
2026-04-19 15:00,ord-000375,buy,76071.89,1776612000124,0,0,0,,,,0,cancelled
2026-04-19 15:00,ord-000376,sell,76075.90,1776612000124,0,0,0,,,,0,cancelled
2026-04-19 15:00,ord-000377,buy,76079.50,1776612005124,0,0,0,,,,0,cancelled
2026-04-19 15:00,ord-000378,sell,76083.51,1776612005124,0,0,0,,,,0,cancelled
2026-04-19 15:00,ord-000379,buy,76074.64,1776612010124,0,0,0,,,,0,cancelled
2026-04-19 15:00,ord-000380,sell,76078.65,1776612010124,0,0,0,,,,0,cancelled
2026-04-19 15:00,ord-000381,buy,76077.34,1776612015124,0,0,0,,,,0,cancelled
2026-04-19 15:00,ord-000382,sell,76081.35,1776612015124,0,0,0,,,,0,cancelled
2026-04-19 15:00,ord-000383,buy,76084.75,1776612020124,0.00132000,0.00132000,0,,,,0,cancelled
2026-04-19 15:00,ord-000384,sell,76088.76,1776612020124,0,0,0,,,,0,cancelled
2026-04-19 15:00,ord-000385,buy,76063.44,1776612025124,0,0,0,,,,0,cancelled
2026-04-19 15:00,ord-000386,sell,76067.45,1776612025124,0,0,0,,,,0,cancelled
2026-04-19 15:00,ord-000387,buy,76061.62,1776612034624,0,0,0,,,,0,cancelled
2026-04-19 15:00,ord-000388,sell,76065.63,1776612034624,0,0,0,,,,0,cancelled
2026-04-19 15:00,ord-000389,buy,76048.96,1776612039624,0,0,0,,,,0,cancelled
2026-04-19 15:00,ord-000390,sell,76052.97,1776612039624,0,0,0,,,,0,cancelled
2026-04-19 15:00,ord-000391,buy,76048.74,1776612047224,0,0,0,,,,0,cancelled
2026-04-19 15:00,ord-000392,sell,76052.75,1776612047224,0,0,0,,,,0,cancelled
2026-04-19 15:00,ord-000393,buy,76048.13,1776612052224,0,0,0,,,,0,cancelled
2026-04-19 15:00,ord-000394,sell,76052.14,1776612052224,0,0,0,,,,0,cancelled
2026-04-19 15:00,ord-000395,buy,76044.00,1776612057224,0.00120000,0.00120000,0,,,,0,cancelled
2026-04-19 15:00,ord-000396,sell,76048.01,1776612057224,0,0,0,,,,0,cancelled
2026-04-19 15:00,ord-000397,buy,76028.79,1776612062224,0,0,0,,,,0,cancelled
2026-04-19 15:00,ord-000398,sell,76032.80,1776612062224,0,0,0,,,,0,cancelled
2026-04-19 15:00,ord-000399,buy,76027.24,1776612067224,0,0,0,,,,0,cancelled
2026-04-19 15:00,ord-000400,sell,76031.25,1776612067224,0,0,0,,,,0,cancelled
2026-04-19 15:00,ord-000401,buy,76016.34,1776612072224,0.06333000,0.02454000,0,,,,0,cancelled
2026-04-19 15:00,ord-000402,sell,76020.35,1776612072224,0,0,0,,,,0,cancelled
2026-04-19 15:00,ord-000403,buy,76010.16,1776612077224,0,0,0,,,,0,cancelled
2026-04-19 15:00,ord-000404,sell,76014.17,1776612077224,0.24991000,0,0,,,,0,cancelled
2026-04-19 15:00,ord-000405,buy,76006.89,1776612085624,0,0,0,,,,0,cancelled
2026-04-19 15:00,ord-000406,sell,76010.90,1776612085624,0,0,0,,,,0,cancelled
2026-04-19 15:00,ord-000407,buy,76010.40,1776612090624,0,0,0,,,,0,cancelled
2026-04-19 15:00,ord-000408,sell,76014.41,1776612090624,0,0,0,,,,0,cancelled
2026-04-19 15:00,ord-000409,buy,76003.30,1776612108128,0,0,0,,,,0,cancelled
2026-04-19 15:00,ord-000410,sell,76007.31,1776612108128,0,0,0,,,,0,cancelled
2026-04-19 15:00,ord-000411,buy,75976.46,1776612113224,0,0,0,,,,0,cancelled
2026-04-19 15:00,ord-000412,sell,75980.47,1776612113224,0,0,0,,,,0,cancelled
2026-04-19 15:00,ord-000413,buy,75969.02,1776612118224,0,0,0,,,,0,cancelled
2026-04-19 15:00,ord-000414,sell,75973.03,1776612118224,0,0,0,,,,0,cancelled
2026-04-19 15:00,ord-000415,buy,75925.16,1776612123224,0,0,0,,,,0,cancelled
2026-04-19 15:00,ord-000416,sell,75929.17,1776612123224,0,0,0,,,,0,cancelled
2026-04-19 15:00,ord-000417,buy,75919.38,1776612128224,0,0,0,,,,0,cancelled
2026-04-19 15:00,ord-000418,sell,75923.39,1776612128224,0,0,0,,,,0,cancelled
2026-04-19 15:00,ord-000419,buy,75935.55,1776612133224,0,0,0,,,,0,cancelled
2026-04-19 15:00,ord-000420,sell,75939.56,1776612133224,0,0,0,,,,0,cancelled
2026-04-19 15:00,ord-000421,buy,75892.52,1776612138224,0,0,0,,,,0,cancelled
2026-04-19 15:00,ord-000422,sell,75896.53,1776612138224,0,0,0,,,,0,cancelled
2026-04-19 15:00,ord-000423,buy,75900.82,1776612143224,0,0,0,,,,0,cancelled
2026-04-19 15:00,ord-000424,sell,75904.83,1776612143224,0,0,0,,,,0,cancelled
2026-04-19 15:00,ord-000425,buy,75925.14,1776612148224,0,0,0,,,,0,cancelled
2026-04-19 15:00,ord-000426,sell,75929.15,1776612148224,0,0,0,,,,0,cancelled
2026-04-19 15:00,ord-000427,buy,75904.94,1776612153224,0,0,0,,,,0,cancelled
2026-04-19 15:00,ord-000428,sell,75908.95,1776612153224,0,0,0,,,,0,cancelled
2026-04-19 15:00,ord-000429,buy,75910.59,1776612159024,0,0,0,,,,0,cancelled
2026-04-19 15:00,ord-000430,sell,75914.60,1776612159024,0,0,0,,,,0,cancelled
2026-04-19 15:00,ord-000431,buy,75905.99,1776612164024,0,0,0,,,,0,cancelled
2026-04-19 15:00,ord-000432,sell,75910.00,1776612164024,0,0,0,,,,0,cancelled
2026-04-19 15:00,ord-000433,buy,75918.86,1776612169024,0,0,0,,,,0,cancelled
2026-04-19 15:00,ord-000434,sell,75922.87,1776612169024,0,0,0,,,,0,cancelled
2026-04-19 15:00,ord-000435,buy,75918.85,1776612174024,0,0,0,,,,0,cancelled
2026-04-19 15:00,ord-000436,sell,75922.86,1776612174024,0,0,0,,,,0,cancelled
2026-04-19 15:00,ord-000437,buy,75928.01,1776612179024,0,0,0,,,,0,cancelled
2026-04-19 15:00,ord-000438,sell,75932.02,1776612179024,0,0,0,,,,0,cancelled
2026-04-19 15:00,ord-000439,buy,75934.22,1776612184024,0,0,0,,,,0,cancelled
2026-04-19 15:00,ord-000440,sell,75938.23,1776612184024,0,0,0,,,,0,cancelled
2026-04-19 15:00,ord-000441,buy,75945.99,1776612189024,0.00014000,0,0,,,,0,cancelled
2026-04-19 15:00,ord-000442,sell,75950.00,1776612189024,0.00120000,0,0,,,,0,cancelled
2026-04-19 15:00,ord-000443,buy,75945.78,1776612198024,0,0,0,,,,0,cancelled
2026-04-19 15:00,ord-000444,sell,75949.79,1776612198024,0,0,0,,,,0,cancelled
2026-04-19 15:00,ord-000445,buy,75936.26,1776612203024,0,0,0,,,,0,cancelled
2026-04-19 15:00,ord-000446,sell,75940.27,1776612203024,0,0,0,,,,0,cancelled
2026-04-19 15:00,ord-000447,buy,75930.00,1776612208024,0.73770000,0,0,,,,0,cancelled
2026-04-19 15:00,ord-000448,sell,75934.01,1776612208024,0,0,0,,,,0,cancelled
2026-04-19 15:00,ord-000449,buy,75939.35,1776612213024,0,0,0,,,,0,cancelled
2026-04-19 15:00,ord-000450,sell,75943.36,1776612213024,0,0,0,,,,0,cancelled
2026-04-19 15:00,ord-000451,buy,75947.14,1776612218024,0,0,0,,,,0,cancelled
2026-04-19 15:00,ord-000452,sell,75951.15,1776612218024,0,0,0,,,,0,cancelled
2026-04-19 15:00,ord-000453,buy,75944.59,1776612233924,0,0,0,,,,0,cancelled
2026-04-19 15:00,ord-000454,sell,75948.60,1776612233924,0,0,0,,,,0,cancelled
2026-04-19 15:00,ord-000455,buy,75942.48,1776612238924,0,0,0,,,,0,cancelled
2026-04-19 15:00,ord-000456,sell,75946.49,1776612238924,0,0,0,,,,0,cancelled
2026-04-19 15:00,ord-000457,buy,75962.60,1776612243924,0,0,0,,,,0,cancelled
2026-04-19 15:00,ord-000458,sell,75966.61,1776612243924,0,0,0,,,,0,cancelled
2026-04-19 15:00,ord-000459,buy,75975.02,1776612248924,0,0,0,,,,0,cancelled
2026-04-19 15:00,ord-000460,sell,75979.03,1776612248924,0,0,0,,,,0,cancelled
2026-04-19 15:00,ord-000461,buy,75986.29,1776612253924,0,0,0,,,,0,cancelled
2026-04-19 15:00,ord-000462,sell,75990.30,1776612253924,0,0,0,,,,0,cancelled
2026-04-19 15:00,ord-000463,buy,75982.80,1776612258924,0,0,0,,,,0,cancelled
2026-04-19 15:00,ord-000464,sell,75986.81,1776612258924,0,0,0,,,,0,cancelled
2026-04-19 15:00,ord-000465,buy,75974.00,1776612263924,0.00120000,0.00120000,0,,,,0,cancelled
2026-04-19 15:00,ord-000466,sell,75978.01,1776612263924,0,0,0,,,,0,cancelled
2026-04-19 15:00,ord-000467,buy,75997.99,1776612268924,0,0,0,,,,0,cancelled
2026-04-19 15:00,ord-000468,sell,76002.00,1776612268924,0.00206000,0,0,,,,0,cancelled
2026-04-19 15:00,ord-000469,buy,75995.61,1776612276724,0,0,0,,,,0,cancelled
2026-04-19 15:00,ord-000470,sell,75999.62,1776612276724,0,0,0,,,,0,cancelled
2026-04-19 15:00,ord-000471,buy,75990.21,1776612281724,0,0,0,,,,0,cancelled
2026-04-19 15:00,ord-000472,sell,75994.22,1776612281724,0,0,0,,,,0,cancelled
2026-04-19 15:00,ord-000473,buy,75990.17,1776612286724,0,0,0,,,,0,cancelled
2026-04-19 15:00,ord-000474,sell,75994.18,1776612286724,0,0,0,,,,0,cancelled
2026-04-19 15:00,ord-000475,buy,75988.45,1776612295124,0,0,0,,,,0,cancelled
2026-04-19 15:00,ord-000476,sell,75992.46,1776612295124,0,0,0,,,,0,cancelled
2026-04-19 15:00,ord-000477,buy,75984.36,1776612300124,0,0,0,,,,0,cancelled
2026-04-19 15:00,ord-000478,sell,75988.37,1776612300124,0.00021000,0,0,,,,0,cancelled
2026-04-19 15:00,ord-000479,buy,75965.99,1776612305124,0,0,0,,,,0,cancelled
2026-04-19 15:00,ord-000480,sell,75970.00,1776612305124,0,0,0,,,,0,cancelled
2026-04-19 15:00,ord-000481,buy,75957.13,1776612310124,0,0,0,,,,0,cancelled
2026-04-19 15:00,ord-000482,sell,75961.14,1776612310124,0,0,0,,,,0,cancelled
2026-04-19 15:00,ord-000483,buy,75952.56,1776612315124,0,0,0,,,,0,cancelled
2026-04-19 15:00,ord-000484,sell,75956.57,1776612315124,0,0,0,,,,0,cancelled
2026-04-19 15:00,ord-000485,buy,75948.29,1776612324224,0,0,0,,,,0,cancelled
2026-04-19 15:00,ord-000486,sell,75952.30,1776612324224,0,0,0,,,,0,cancelled
2026-04-19 15:00,ord-000487,buy,75942.25,1776612329224,0.00014000,0,0,,,,0,cancelled
2026-04-19 15:00,ord-000488,sell,75946.26,1776612329224,0,0,0,,,,0,cancelled
2026-04-19 15:00,ord-000489,buy,75943.23,1776612351624,0,0,0,,,,0,cancelled
2026-04-19 15:00,ord-000490,sell,75947.24,1776612351624,0,0,0,,,,0,cancelled
2026-04-19 15:00,ord-000491,buy,75933.71,1776612356624,0,0,0,,,,0,cancelled
2026-04-19 15:00,ord-000492,sell,75937.72,1776612356624,0,0,0,,,,0,cancelled
2026-04-19 15:00,ord-000493,buy,75941.65,1776612361624,0,0,0,,,,0,cancelled
2026-04-19 15:00,ord-000494,sell,75945.66,1776612361624,0,0,0,,,,0,cancelled
2026-04-19 15:00,ord-000495,buy,75951.96,1776612366624,0,0,0,,,,0,cancelled
2026-04-19 15:00,ord-000496,sell,75955.97,1776612366624,0,0,0,,,,0,cancelled
2026-04-19 15:00,ord-000497,buy,75949.70,1776612385824,0,0,0,,,,0,cancelled
2026-04-19 15:00,ord-000498,sell,75953.71,1776612385824,0,0,0,,,,0,cancelled
2026-04-19 15:00,ord-000499,buy,75949.34,1776612390824,0,0,0,,,,0,cancelled
2026-04-19 15:00,ord-000500,sell,75953.35,1776612390824,0,0,0,,,,0,cancelled
2026-04-19 15:00,ord-000501,buy,75943.39,1776612395824,0,0,0,,,,0,cancelled
2026-04-19 15:00,ord-000502,sell,75947.40,1776612395824,0,0,0,,,,0,cancelled
2026-04-19 15:00,ord-000503,buy,75948.64,1776612407424,0,0,0,,,,0,cancelled
2026-04-19 15:00,ord-000504,sell,75952.65,1776612407424,0,0,0,,,,0,cancelled
2026-04-19 15:00,ord-000505,buy,75953.99,1776612412424,0,0,0,,,,0,cancelled
2026-04-19 15:00,ord-000506,sell,75958.00,1776612412424,0.00120000,0.00120000,0,,,,0,cancelled
2026-04-19 15:00,ord-000507,buy,75962.60,1776612417424,0,0,0,,,,0,cancelled
2026-04-19 15:00,ord-000508,sell,75966.61,1776612417424,0,0,0,,,,0,cancelled
2026-04-19 15:00,ord-000509,buy,75967.53,1776612422424,0,0,0,,,,0,cancelled
2026-04-19 15:00,ord-000510,sell,75971.54,1776612422424,0,0,0,,,,0,cancelled
2026-04-19 15:00,ord-000511,buy,75970.72,1776612427424,0,0,0,,,,0,cancelled
2026-04-19 15:00,ord-000512,sell,75974.73,1776612427424,0,0,0,,,,0,cancelled
2026-04-19 15:00,ord-000513,buy,75972.39,1776612432624,0,0,0,,,,0,cancelled
2026-04-19 15:00,ord-000514,sell,75976.40,1776612432624,0,0,0,,,,0,cancelled
2026-04-19 15:00,ord-000515,buy,75976.45,1776612437624,0,0,0,,,,0,cancelled
2026-04-19 15:00,ord-000516,sell,75980.46,1776612437624,0,0,0,,,,0,cancelled
2026-04-19 15:00,ord-000517,buy,75985.52,1776612442624,0,0,0,,,,0,cancelled
2026-04-19 15:00,ord-000518,sell,75989.53,1776612442624,0,0,0,,,,0,cancelled
2026-04-19 15:00,ord-000519,buy,75987.92,1776612452124,0,0,0,,,,0,cancelled
2026-04-19 15:00,ord-000520,sell,75991.93,1776612452124,0,0,0,,,,0,cancelled
2026-04-19 15:00,ord-000521,buy,75991.65,1776612457124,0,0,0,,,,0,cancelled
2026-04-19 15:00,ord-000522,sell,75995.66,1776612457124,0,0,0,,,,0,cancelled
2026-04-19 15:00,ord-000523,buy,75989.67,1776612468724,0,0,0,,,,0,cancelled
2026-04-19 15:00,ord-000524,sell,75993.68,1776612468724,0,0,0,,,,0,cancelled
2026-04-19 15:00,ord-000525,buy,75987.23,1776612473724,0,0,0,,,,0,cancelled
2026-04-19 15:00,ord-000526,sell,75991.24,1776612473724,0,0,0,,,,0,cancelled
2026-04-19 15:00,ord-000527,buy,75978.70,1776612478724,0,0,0,,,,0,cancelled
2026-04-19 15:00,ord-000528,sell,75982.71,1776612478724,0,0,0,,,,0,cancelled
2026-04-19 15:00,ord-000529,buy,75977.52,1776612484124,0,0,0,,,,0,cancelled
2026-04-19 15:00,ord-000530,sell,75981.53,1776612484124,0,0,0,,,,0,cancelled
2026-04-19 15:00,ord-000531,buy,75975.30,1776612490124,0,0,0,,,,0,cancelled
2026-04-19 15:00,ord-000532,sell,75979.31,1776612490124,0.48696000,0,0,,,,0,cancelled
2026-04-19 15:00,ord-000533,buy,75963.83,1776612495124,0,0,0,,,,0,cancelled
2026-04-19 15:00,ord-000534,sell,75967.84,1776612495124,0,0,0,,,,0,cancelled
2026-04-19 15:00,ord-000535,buy,75948.64,1776612500124,0,0,0,,,,0,cancelled
2026-04-19 15:00,ord-000536,sell,75952.65,1776612500124,0,0,0,,,,0,cancelled
2026-04-19 15:00,ord-000537,buy,75961.14,1776612505124,0,0,0,,,,0,cancelled
2026-04-19 15:00,ord-000538,sell,75965.15,1776612505124,0,0,0,,,,0,cancelled
2026-04-19 15:00,ord-000539,buy,75960.01,1776612543724,0,0,0,,,,0,cancelled
2026-04-19 15:00,ord-000540,sell,75964.02,1776612543724,0,0,0,,,,0,cancelled
2026-04-19 15:00,ord-000541,buy,75956.60,1776612548724,0.00007000,0,0,,,,0,cancelled
2026-04-19 15:00,ord-000542,sell,75960.61,1776612548724,0,0,0,,,,0,cancelled
2026-04-19 15:00,ord-000543,buy,75953.67,1776612553724,0,0,0,,,,0,cancelled
2026-04-19 15:00,ord-000544,sell,75957.68,1776612553724,0,0,0,,,,0,cancelled
2026-04-19 15:00,ord-000545,buy,75954.91,1776612563624,0,0,0,,,,0,cancelled
2026-04-19 15:00,ord-000546,sell,75958.92,1776612563624,0,0,0,,,,0,cancelled
2026-04-19 15:00,ord-000547,buy,75961.13,1776612568624,0,0,0,,,,0,cancelled
2026-04-19 15:00,ord-000548,sell,75965.14,1776612568624,0,0,0,,,,0,cancelled
2026-04-19 15:00,ord-000549,buy,75963.05,1776612602624,0,0,0,,,,0,cancelled
2026-04-19 15:00,ord-000550,sell,75967.06,1776612602624,0,0,0,,,,0,cancelled
2026-04-19 15:00,ord-000551,buy,75963.88,1776612607624,0,0,0,,,,0,cancelled
2026-04-19 15:00,ord-000552,sell,75967.89,1776612607624,0,0,0,,,,0,cancelled
2026-04-19 15:00,ord-000553,buy,75969.58,1776612612624,0,0,0,,,,0,cancelled
2026-04-19 15:00,ord-000554,sell,75973.59,1776612612624,0,0,0,,,,0,cancelled
2026-04-19 15:00,ord-000555,buy,75990.69,1776612617624,0,0,0,,,,0,cancelled
2026-04-19 15:00,ord-000556,sell,75994.70,1776612617624,0,0,0,,,,0,cancelled
2026-04-19 15:00,ord-000557,buy,75969.61,1776612622624,0,0,0,,,,0,cancelled
2026-04-19 15:00,ord-000558,sell,75973.62,1776612622624,0,0,0,,,,0,cancelled
2026-04-19 15:00,ord-000559,buy,75962.03,1776612627624,0,0,0,,,,0,cancelled
2026-04-19 15:00,ord-000560,sell,75966.04,1776612627624,0,0,0,,,,0,cancelled
2026-04-19 15:00,ord-000561,buy,75961.13,1776612632624,0,0,0,,,,0,cancelled
2026-04-19 15:00,ord-000562,sell,75965.14,1776612632624,0,0,0,,,,0,cancelled
2026-04-19 15:00,ord-000563,buy,75953.78,1776612637624,0,0,0,,,,0,cancelled
2026-04-19 15:00,ord-000564,sell,75957.79,1776612637624,0,0,0,,,,0,cancelled
2026-04-19 15:00,ord-000565,buy,75950.85,1776612642924,0,0,0,,,,0,cancelled
2026-04-19 15:00,ord-000566,sell,75954.86,1776612642924,0,0,0,,,,0,cancelled
2026-04-19 15:00,ord-000567,buy,75949.51,1776612647924,0,0,0,,,,0,cancelled
2026-04-19 15:00,ord-000568,sell,75953.52,1776612647924,0,0,0,,,,0,cancelled
2026-04-19 15:00,ord-000569,buy,75948.00,1776612658424,0.00120000,0.00120000,0,,,,0,cancelled
2026-04-19 15:00,ord-000570,sell,75952.01,1776612658424,0,0,0,,,,0,cancelled
2026-04-19 15:00,ord-000571,buy,75912.36,1776612663424,0,0,0,,,,0,cancelled
2026-04-19 15:00,ord-000572,sell,75916.37,1776612663424,0,0,0,,,,0,cancelled
2026-04-19 15:00,ord-000573,buy,75886.00,1776612668424,0.00127000,0.00127000,0,,,,0,cancelled
2026-04-19 15:00,ord-000574,sell,75890.01,1776612668424,0,0,0,,,,0,cancelled
2026-04-19 15:00,ord-000575,buy,75872.20,1776612673424,0,0,0,,,,0,cancelled
2026-04-19 15:00,ord-000576,sell,75876.21,1776612673424,0,0,0,,,,0,cancelled
2026-04-19 15:00,ord-000577,buy,75834.40,1776612678424,0,0,0,,,,0,cancelled
2026-04-19 15:00,ord-000578,sell,75838.41,1776612678424,0,0,0,,,,0,cancelled
2026-04-19 15:00,ord-000579,buy,75830.00,1776612683424,0.00170000,0.00170000,0,,,,0,cancelled
2026-04-19 15:00,ord-000580,sell,75834.01,1776612683424,0,0,0,,,,0,cancelled
2026-04-19 15:00,ord-000581,buy,75841.36,1776612688424,0,0,0,,,,0,cancelled
2026-04-19 15:00,ord-000582,sell,75845.37,1776612688424,0,0,0,,,,0,cancelled
2026-04-19 15:00,ord-000583,buy,75855.35,1776612693424,0,0,0,,,,0,cancelled
2026-04-19 15:00,ord-000584,sell,75859.36,1776612693424,0,0,0,,,,0,cancelled
2026-04-19 15:00,ord-000585,buy,75839.00,1776612698424,0,0,0,,,,0,cancelled
2026-04-19 15:00,ord-000586,sell,75843.01,1776612698424,0,0,0,,,,0,cancelled
2026-04-19 15:00,ord-000587,buy,75834.88,1776612703424,0,0,0,,,,0,cancelled
2026-04-19 15:00,ord-000588,sell,75838.89,1776612703424,0,0,0,,,,0,cancelled
2026-04-19 15:00,ord-000589,buy,75842.57,1776612708424,0,0,0,,,,0,cancelled
2026-04-19 15:00,ord-000590,sell,75846.58,1776612708424,0,0,0,,,,0,cancelled
2026-04-19 15:00,ord-000591,buy,75883.92,1776612713424,0,0,0,,,,0,cancelled
2026-04-19 15:00,ord-000592,sell,75887.93,1776612713424,0,0,0,,,,0,cancelled
2026-04-19 15:00,ord-000593,buy,75885.99,1776612718424,0,0,0,,,,0,cancelled
2026-04-19 15:00,ord-000594,sell,75890.00,1776612718424,0.00120000,0.00120000,0,1776612725004,0.00048000,0.00000000,0.001,filled
2026-04-19 15:00,ord-000595,buy,75891.70,1776612725024,0,0,0,,,,0,cancelled
2026-04-19 15:00,ord-000596,sell,75895.71,1776612725024,0,0,0,,,,0,cancelled
2026-04-19 15:00,ord-000597,buy,75923.43,1776612730024,0,0,0,,,,0,cancelled
2026-04-19 15:00,ord-000598,sell,75927.44,1776612730024,0,0,0,,,,0,cancelled
2026-04-19 15:00,ord-000599,buy,75916.84,1776612735024,0,0,0,,,,0,cancelled
2026-04-19 15:00,ord-000600,sell,75920.85,1776612735024,0,0,0,,,,0,cancelled
2026-04-19 15:00,ord-000601,buy,75910.06,1776612740024,0,0,0,,,,0,cancelled
2026-04-19 15:00,ord-000602,sell,75914.07,1776612740024,0,0,0,,,,0,cancelled
2026-04-19 15:00,ord-000603,buy,75897.63,1776612745024,0,0,0,,,,0,cancelled
2026-04-19 15:00,ord-000604,sell,75901.64,1776612745024,0,0,0,,,,0,cancelled
2026-04-19 15:00,ord-000605,buy,75897.64,1776612752924,0,0,0,,,,0,cancelled
2026-04-19 15:00,ord-000606,sell,75901.65,1776612752924,0,0,0,,,,0,cancelled
2026-04-19 15:00,ord-000607,buy,75906.79,1776612757924,0,0,0,,,,0,cancelled
2026-04-19 15:00,ord-000608,sell,75910.80,1776612757924,0,0,0,,,,0,cancelled
2026-04-19 15:00,ord-000609,buy,75917.67,1776612762924,0,0,0,1776612772298,0,0,0.00049000,cancelled
2026-04-19 15:00,ord-000610,sell,75921.68,1776612762924,0,0,0,,,,0,cancelled
2026-04-19 15:00,ord-000611,buy,75912.89,1776612772324,0,0,0,,,,0,cancelled
2026-04-19 15:00,ord-000612,sell,75916.90,1776612772324,0,0,0,,,,0,cancelled
2026-04-19 15:00,ord-000613,buy,75892.55,1776612777324,0,0,0,,,,0,cancelled
2026-04-19 15:00,ord-000614,sell,75896.56,1776612777324,0,0,0,,,,0,cancelled
2026-04-19 15:00,ord-000615,buy,75892.59,1776612782324,0,0,0,,,,0,cancelled
2026-04-19 15:00,ord-000616,sell,75896.60,1776612782324,0,0,0,,,,0,cancelled
2026-04-19 15:00,ord-000617,buy,75892.58,1776612792924,0,0,0,,,,0,cancelled
2026-04-19 15:00,ord-000618,sell,75896.59,1776612792924,0,0,0,,,,0,cancelled
2026-04-19 15:00,ord-000619,buy,75842.58,1776612797924,0,0,0,,,,0,cancelled
2026-04-19 15:00,ord-000620,sell,75846.59,1776612797924,0,0,0,,,,0,cancelled
2026-04-19 15:00,ord-000621,buy,75824.81,1776612802924,0,0,0,,,,0,cancelled
2026-04-19 15:00,ord-000622,sell,75828.82,1776612802924,0,0,0,,,,0,cancelled
2026-04-19 15:00,ord-000623,buy,75821.47,1776612807924,0,0,0,,,,0,cancelled
2026-04-19 15:00,ord-000624,sell,75825.48,1776612807924,0,0,0,,,,0,cancelled
2026-04-19 15:00,ord-000625,buy,75819.18,1776612816724,0,0,0,,,,0,cancelled
2026-04-19 15:00,ord-000626,sell,75823.19,1776612816724,0,0,0,,,,0,cancelled
2026-04-19 15:00,ord-000627,buy,75805.03,1776612821724,0,0,0,,,,0,cancelled
2026-04-19 15:00,ord-000628,sell,75809.04,1776612821724,0,0,0,,,,0,cancelled
2026-04-19 15:00,ord-000629,buy,75798.00,1776612826724,0.00120000,0.00120000,0,,,,0,cancelled
2026-04-19 15:00,ord-000630,sell,75802.01,1776612826724,0,0,0,,,,0,cancelled
2026-04-19 15:00,ord-000631,buy,75785.13,1776612831724,0,0,0,,,,0,cancelled
2026-04-19 15:00,ord-000632,sell,75789.14,1776612831724,0,0,0,,,,0,cancelled
2026-04-19 15:00,ord-000633,buy,75769.94,1776612836724,0,0,0,,,,0,cancelled
2026-04-19 15:00,ord-000634,sell,75773.95,1776612836724,0,0,0,,,,0,cancelled
2026-04-19 15:00,ord-000635,buy,75780.79,1776612841724,0,0,0,,,,0,cancelled
2026-04-19 15:00,ord-000636,sell,75784.80,1776612841724,0,0,0,,,,0,cancelled
2026-04-19 15:00,ord-000637,buy,75776.00,1776612846724,0.00040000,0.00040000,0,,,,0,cancelled
2026-04-19 15:00,ord-000638,sell,75780.01,1776612846724,0,0,0,,,,0,cancelled
2026-04-19 15:00,ord-000639,buy,75715.71,1776612851724,0,0,0,,,,0,cancelled
2026-04-19 15:00,ord-000640,sell,75719.72,1776612851724,0,0,0,,,,0,cancelled
2026-04-19 15:00,ord-000641,buy,75745.91,1776612856724,0,0,0,,,,0,cancelled
2026-04-19 15:00,ord-000642,sell,75749.92,1776612856724,0,0,0,,,,0,cancelled
2026-04-19 15:00,ord-000643,buy,75727.78,1776612861724,0,0,0,,,,0,cancelled
2026-04-19 15:00,ord-000644,sell,75731.79,1776612861724,0,0,0,,,,0,cancelled
2026-04-19 15:00,ord-000645,buy,75737.99,1776612866724,0,0,0,,,,0,cancelled
2026-04-19 15:00,ord-000646,sell,75742.00,1776612866724,0.00120000,0.00120000,0,,,,0,cancelled
2026-04-19 15:00,ord-000647,buy,75741.10,1776612871724,0,0,0,,,,0,cancelled
2026-04-19 15:00,ord-000648,sell,75745.11,1776612871724,0,0,0,,,,0,cancelled
2026-04-19 15:00,ord-000649,buy,75753.12,1776612876724,0,0,0,,,,0,cancelled
2026-04-19 15:00,ord-000650,sell,75757.13,1776612876724,0,0,0,,,,0,cancelled
2026-04-19 15:00,ord-000651,buy,75762.51,1776612881724,0.00673000,0,0,,,,0,cancelled
2026-04-19 15:00,ord-000652,sell,75766.52,1776612881724,0,0,0,,,,0,cancelled
2026-04-19 15:00,ord-000653,buy,75762.40,1776612886724,0,0,0,,,,0,cancelled
2026-04-19 15:00,ord-000654,sell,75766.41,1776612886724,0,0,0,,,,0,cancelled
2026-04-19 15:00,ord-000655,buy,75735.06,1776612891724,0,0,0,,,,0,cancelled
2026-04-19 15:00,ord-000656,sell,75739.07,1776612891724,0,0,0,,,,0,cancelled
2026-04-19 15:00,ord-000657,buy,75728.51,1776612896724,0,0,0,,,,0,cancelled
2026-04-19 15:00,ord-000658,sell,75732.52,1776612896724,0,0,0,,,,0,cancelled
2026-04-19 15:00,ord-000659,buy,75735.38,1776612901724,0,0,0,,,,0,cancelled
2026-04-19 15:00,ord-000660,sell,75739.39,1776612901724,0,0,0,,,,0,cancelled
2026-04-19 15:00,ord-000661,buy,75723.47,1776612906724,0,0,0,,,,0,cancelled
2026-04-19 15:00,ord-000662,sell,75727.48,1776612906724,0,0,0,,,,0,cancelled
2026-04-19 15:00,ord-000663,buy,75737.80,1776612911724,0.00307000,0,0,,,,0,cancelled
2026-04-19 15:00,ord-000664,sell,75741.81,1776612911724,0,0,0,,,,0,cancelled
2026-04-19 15:00,ord-000665,buy,75744.77,1776612916724,0,0,0,,,,0,cancelled
2026-04-19 15:00,ord-000666,sell,75748.78,1776612916724,0.00014000,0,0,,,,0,cancelled
2026-04-19 15:00,ord-000667,buy,75733.99,1776612921724,0,0,0,1776612923203,0,0,0.00056000,cancelled
2026-04-19 15:00,ord-000668,sell,75738.00,1776612921724,0,0,0,,,,0,cancelled
2026-04-19 15:00,ord-000669,buy,75720.41,1776612926724,0.00007000,0.00007000,0,,,,0,cancelled
2026-04-19 15:00,ord-000670,sell,75724.42,1776612926724,0,0,0,,,,0,cancelled
2026-04-19 15:00,ord-000671,buy,75725.41,1776612931724,0,0,0,,,,0,cancelled
2026-04-19 15:00,ord-000672,sell,75729.42,1776612931724,0,0,0,,,,0,cancelled
2026-04-19 15:00,ord-000673,buy,75687.75,1776612936724,0,0,0,,,,0,cancelled
2026-04-19 15:00,ord-000674,sell,75691.76,1776612936724,0,0,0,,,,0,cancelled
2026-04-19 15:00,ord-000675,buy,75660.60,1776612941724,0,0,0,,,,0,cancelled
2026-04-19 15:00,ord-000676,sell,75664.61,1776612941724,0,0,0,,,,0,cancelled
2026-04-19 15:00,ord-000677,buy,75622.75,1776612946724,0,0,0,,,,0,cancelled
2026-04-19 15:00,ord-000678,sell,75626.76,1776612946724,0,0,0,,,,0,cancelled
2026-04-19 15:00,ord-000679,buy,75565.04,1776612951724,0,0,0,,,,0,cancelled
2026-04-19 15:00,ord-000680,sell,75569.05,1776612951724,0,0,0,,,,0,cancelled
2026-04-19 15:00,ord-000681,buy,75513.00,1776612956724,0,0,0,,,,0,cancelled
2026-04-19 15:00,ord-000682,sell,75517.01,1776612956724,0,0,0,,,,0,cancelled
2026-04-19 15:00,ord-000683,buy,75525.00,1776612961724,0.00007000,0.00007000,0,,,,0,cancelled
2026-04-19 15:00,ord-000684,sell,75529.01,1776612961724,0,0,0,,,,0,cancelled
2026-04-19 15:00,ord-000685,buy,75513.07,1776612966724,0,0,0,,,,0,cancelled
2026-04-19 15:00,ord-000686,sell,75517.08,1776612966724,0,0,0,,,,0,cancelled
2026-04-19 15:00,ord-000687,buy,75422.42,1776612971724,0,0,0,,,,0,cancelled
2026-04-19 15:00,ord-000688,sell,75426.43,1776612971724,0,0,0,,,,0,cancelled
2026-04-19 15:00,ord-000689,buy,75417.99,1776612976724,0,0,0,,,,0,cancelled
2026-04-19 15:00,ord-000690,sell,75422.00,1776612976724,0.00080000,0.00080000,0,1776612977098,0.00080000,0.00000000,0.00100000,filled
2026-04-19 15:00,ord-000691,buy,75421.58,1776612979324,0,0,0,,,,0,cancelled
2026-04-19 15:00,ord-000692,sell,75425.59,1776612979324,0,0,0,,,,0,cancelled
2026-04-19 15:00,ord-000693,buy,75422.42,1776612984324,0,0,0,,,,0,cancelled
2026-04-19 15:00,ord-000694,sell,75426.43,1776612984324,0,0,0,,,,0,cancelled
2026-04-19 15:00,ord-000695,buy,75437.56,1776612989324,0,0,0,,,,0,cancelled
2026-04-19 15:00,ord-000696,sell,75441.57,1776612989324,0,0,0,,,,0,cancelled
2026-04-19 15:00,ord-000697,buy,75447.81,1776612994324,0,0,0,,,,0,cancelled
2026-04-19 15:00,ord-000698,sell,75451.82,1776612994324,0,0,0,,,,0,cancelled
2026-04-19 15:00,ord-000699,buy,75451.10,1776612999324,0,0,0,,,,0,cancelled
2026-04-19 15:00,ord-000700,sell,75455.11,1776612999324,0,0,0,,,,0,cancelled
2026-04-19 15:00,ord-000701,buy,75547.36,1776613004324,0,0,0,,,,0,cancelled
2026-04-19 15:00,ord-000702,sell,75551.37,1776613004324,0,0,0,,,,0,cancelled
2026-04-19 15:00,ord-000703,buy,75549.65,1776613009324,0,0,0,,,,0,cancelled
2026-04-19 15:00,ord-000704,sell,75553.66,1776613009324,0,0,0,,,,0,cancelled
2026-04-19 15:00,ord-000705,buy,75525.67,1776613014324,0,0,0,,,,0,cancelled
2026-04-19 15:00,ord-000706,sell,75529.68,1776613014324,0,0,0,,,,0,cancelled
2026-04-19 15:00,ord-000707,buy,75524.22,1776613019324,0,0,0,,,,0,cancelled
2026-04-19 15:00,ord-000708,sell,75528.23,1776613019324,0,0,0,,,,0,cancelled
2026-04-19 15:00,ord-000709,buy,75584.18,1776613024324,0,0,0,,,,0,cancelled
2026-04-19 15:00,ord-000710,sell,75588.19,1776613024324,0,0,0,,,,0,cancelled
2026-04-19 15:00,ord-000711,buy,75567.57,1776613029324,0,0,0,1776613030505,0,0,0.00028000,cancelled
2026-04-19 15:00,ord-000712,sell,75571.58,1776613029324,0,0,0,,,,0,cancelled
2026-04-19 15:00,ord-000713,buy,75574.08,1776613034324,0,0,0,,,,0,cancelled
2026-04-19 15:00,ord-000714,sell,75578.09,1776613034324,0,0,0,,,,0,cancelled
2026-04-19 15:00,ord-000715,buy,75590.43,1776613039324,0,0,0,,,,0,cancelled
2026-04-19 15:00,ord-000716,sell,75594.44,1776613039324,0,0,0,,,,0,cancelled
2026-04-19 15:00,ord-000717,buy,75605.99,1776613048142,0,0,0,,,,0,cancelled
2026-04-19 15:00,ord-000718,sell,75610.00,1776613048142,0.00170000,0.00170000,0,,,,0,cancelled
2026-04-19 15:00,ord-000719,buy,75644.03,1776613053224,0,0,0,,,,0,cancelled
2026-04-19 15:00,ord-000720,sell,75648.04,1776613053224,0,0,0,,,,0,cancelled
2026-04-19 15:00,ord-000721,buy,75614.36,1776613058224,0,0,0,,,,0,cancelled
2026-04-19 15:00,ord-000722,sell,75618.37,1776613058224,0,0,0,,,,0,cancelled
2026-04-19 15:00,ord-000723,buy,75614.57,1776613063224,0,0,0,,,,0,cancelled
2026-04-19 15:00,ord-000724,sell,75618.58,1776613063224,0,0,0,,,,0,cancelled
2026-04-19 15:00,ord-000725,buy,75610.80,1776613068224,0,0,0,,,,0,cancelled
2026-04-19 15:00,ord-000726,sell,75614.81,1776613068224,0,0,0,,,,0,cancelled
2026-04-19 15:00,ord-000727,buy,75615.28,1776613073224,0,0,0,,,,0,cancelled
2026-04-19 15:00,ord-000728,sell,75619.29,1776613073224,0,0,0,,,,0,cancelled
2026-04-19 15:00,ord-000729,buy,75609.44,1776613078224,0,0,0,,,,0,cancelled
2026-04-19 15:00,ord-000730,sell,75613.45,1776613078224,0,0,0,,,,0,cancelled
2026-04-19 15:00,ord-000731,buy,75609.99,1776613083224,2.06496000,0,0,,,,0,cancelled
2026-04-19 15:00,ord-000732,sell,75614.00,1776613083224,0.00120000,0.00120000,0,,,,0,cancelled
2026-04-19 15:00,ord-000733,buy,75630.55,1776613088224,0,0,0,,,,0,cancelled
2026-04-19 15:00,ord-000734,sell,75634.56,1776613088224,0,0,0,,,,0,cancelled
2026-04-19 15:00,ord-000735,buy,75644.03,1776613093224,0,0,0,,,,0,cancelled
2026-04-19 15:00,ord-000736,sell,75648.04,1776613093224,0,0,0,,,,0,cancelled
2026-04-19 15:00,ord-000737,buy,75652.24,1776613098224,0,0,0,,,,0,cancelled
2026-04-19 15:00,ord-000738,sell,75656.25,1776613098224,0.00016000,0.00016000,0,,,,0,cancelled
2026-04-19 15:00,ord-000739,buy,75634.97,1776613103224,0,0,0,,,,0,cancelled
2026-04-19 15:00,ord-000740,sell,75638.98,1776613103224,0,0,0,,,,0,cancelled
2026-04-19 15:00,ord-000741,buy,75630.54,1776613108224,0,0,0,,,,0,cancelled
2026-04-19 15:00,ord-000742,sell,75634.55,1776613108224,0,0,0,,,,0,cancelled
2026-04-19 15:00,ord-000743,buy,75591.67,1776613113224,0,0,0,,,,0,cancelled
2026-04-19 15:00,ord-000744,sell,75595.68,1776613113224,0,0,0,,,,0,cancelled
2026-04-19 15:00,ord-000745,buy,75584.21,1776613118224,0,0,0,1776613121315,0,0,0.00014000,cancelled
2026-04-19 15:00,ord-000746,sell,75588.22,1776613118224,0,0,0,,,,0,cancelled
2026-04-19 15:00,ord-000747,buy,75577.93,1776613123224,0,0,0,,,,0,cancelled
2026-04-19 15:00,ord-000748,sell,75581.94,1776613123224,0,0,0,,,,0,cancelled
2026-04-19 15:00,ord-000749,buy,75573.10,1776613128224,0,0,0,,,,0,cancelled
2026-04-19 15:00,ord-000750,sell,75577.11,1776613128224,0,0,0,,,,0,cancelled
2026-04-19 15:00,ord-000751,buy,75582.84,1776613133224,0,0,0,,,,0,cancelled
2026-04-19 15:00,ord-000752,sell,75586.85,1776613133224,0,0,0,,,,0,cancelled
2026-04-19 15:00,ord-000753,buy,75586.07,1776613138224,0,0,0,,,,0,cancelled
2026-04-19 15:00,ord-000754,sell,75590.08,1776613138224,0,0,0,,,,0,cancelled
2026-04-19 15:00,ord-000755,buy,75594.85,1776613143224,0,0,0,,,,0,cancelled
2026-04-19 15:00,ord-000756,sell,75598.86,1776613143224,0,0,0,,,,0,cancelled
2026-04-19 15:00,ord-000757,buy,75604.39,1776613148224,0,0,0,,,,0,cancelled
2026-04-19 15:00,ord-000758,sell,75608.40,1776613148224,0,0,0,,,,0,cancelled
2026-04-19 15:00,ord-000759,buy,75625.54,1776613153224,0,0,0,,,,0,cancelled
2026-04-19 15:00,ord-000760,sell,75629.55,1776613153224,0,0,0,,,,0,cancelled
2026-04-19 15:00,ord-000761,buy,75615.47,1776613158224,0,0,0,,,,0,cancelled
2026-04-19 15:00,ord-000762,sell,75619.48,1776613158224,0,0,0,,,,0,cancelled
2026-04-19 15:00,ord-000763,buy,75629.37,1776613163224,0,0,0,,,,0,cancelled
2026-04-19 15:00,ord-000764,sell,75633.38,1776613163224,0,0,0,,,,0,cancelled
2026-04-19 15:00,ord-000765,buy,75643.87,1776613168224,0,0,0,,,,0,cancelled
2026-04-19 15:00,ord-000766,sell,75647.88,1776613168224,0,0,0,,,,0,cancelled
2026-04-19 15:00,ord-000767,buy,75638.44,1776613173224,0,0,0,,,,0,cancelled
2026-04-19 15:00,ord-000768,sell,75642.45,1776613173224,0,0,0,,,,0,cancelled
2026-04-19 15:00,ord-000769,buy,75643.87,1776613178224,0,0,0,,,,0,cancelled
2026-04-19 15:00,ord-000770,sell,75647.88,1776613178224,0,0,0,,,,0,cancelled
2026-04-19 15:00,ord-000771,buy,75642.21,1776613183224,0,0,0,,,,0,cancelled
2026-04-19 15:00,ord-000772,sell,75646.22,1776613183224,0,0,0,,,,0,cancelled
2026-04-19 15:00,ord-000773,buy,75655.61,1776613188224,0,0,0,,,,0,cancelled
2026-04-19 15:00,ord-000774,sell,75659.62,1776613188224,0,0,0,,,,0,cancelled
2026-04-19 15:00,ord-000775,buy,75653.57,1776613193224,0,0,0,,,,0,cancelled
2026-04-19 15:00,ord-000776,sell,75657.58,1776613193224,0,0,0,,,,0,cancelled
2026-04-19 15:00,ord-000777,buy,75645.99,1776613198224,0,0,0,,,,0,cancelled
2026-04-19 15:00,ord-000778,sell,75650.00,1776613198224,0,0,0,,,,0,cancelled
2026-04-19 15:00,ord-000779,buy,75638.77,1776613203224,0,0,0,,,,0,cancelled
2026-04-19 15:00,ord-000780,sell,75642.78,1776613203224,0,0,0,,,,0,cancelled
2026-04-19 15:00,ord-000781,buy,75624.15,1776613208224,0,0,0,,,,0,cancelled
2026-04-19 15:00,ord-000782,sell,75628.16,1776613208224,0,0,0,,,,0,cancelled
2026-04-19 15:00,ord-000783,buy,75622.00,1776613213224,0.00120000,0.00120000,0,,,,0,cancelled
2026-04-19 15:00,ord-000784,sell,75626.01,1776613213224,0,0,0,,,,0,cancelled
2026-04-19 15:00,ord-000785,buy,75614.68,1776613218224,0,0,0,,,,0,cancelled
2026-04-19 15:00,ord-000786,sell,75618.69,1776613218224,0,0,0,,,,0,cancelled
2026-04-19 15:00,ord-000787,buy,75622.38,1776613223224,0,0,0,,,,0,cancelled
2026-04-19 15:00,ord-000788,sell,75626.39,1776613223224,0,0,0,,,,0,cancelled
2026-04-19 15:00,ord-000789,buy,75631.09,1776613228224,0,0,0,,,,0,cancelled
2026-04-19 15:00,ord-000790,sell,75635.10,1776613228224,0,0,0,,,,0,cancelled
2026-04-19 15:00,ord-000791,buy,75638.81,1776613233224,0,0,0,,,,0,cancelled
2026-04-19 15:00,ord-000792,sell,75642.82,1776613233224,0,0,0,,,,0,cancelled
2026-04-19 15:00,ord-000793,buy,75658.73,1776613238224,0,0,0,,,,0,cancelled
2026-04-19 15:00,ord-000794,sell,75662.74,1776613238224,0,0,0,,,,0,cancelled
2026-04-19 15:00,ord-000795,buy,75653.15,1776613244224,0,0,0,,,,0,cancelled
2026-04-19 15:00,ord-000796,sell,75657.16,1776613244224,0,0,0,,,,0,cancelled
2026-04-19 15:00,ord-000797,buy,75647.05,1776613249224,0,0,0,,,,0,cancelled
2026-04-19 15:00,ord-000798,sell,75651.06,1776613249224,0,0,0,,,,0,cancelled
2026-04-19 15:00,ord-000799,buy,75656.43,1776613254224,0,0,0,,,,0,cancelled
2026-04-19 15:00,ord-000800,sell,75660.44,1776613254224,0,0,0,,,,0,cancelled
2026-04-19 15:00,ord-000801,buy,75656.47,1776613259224,0,0,0,,,,0,cancelled
2026-04-19 15:00,ord-000802,sell,75660.48,1776613259224,0,0,0,,,,0,cancelled
2026-04-19 15:00,ord-000803,buy,75658.19,1776613264224,0,0,0,,,,0,cancelled
2026-04-19 15:00,ord-000804,sell,75662.20,1776613264224,0,0,0,,,,0,cancelled
2026-04-19 15:00,ord-000805,buy,75669.17,1776613269224,0,0,0,,,,0,cancelled
2026-04-19 15:00,ord-000806,sell,75673.18,1776613269224,0,0,0,,,,0,cancelled
2026-04-19 15:00,ord-000807,buy,75687.03,1776613276264,0,0,0,,,,0,cancelled
2026-04-19 15:00,ord-000808,sell,75691.04,1776613276264,0,0,0,,,,0,cancelled
2026-04-19 15:00,ord-000809,buy,75701.23,1776613281324,0,0,0,,,,0,cancelled
2026-04-19 15:00,ord-000810,sell,75705.24,1776613281324,0,0,0,,,,0,cancelled
2026-04-19 15:00,ord-000811,buy,75719.04,1776613286324,0,0,0,,,,0,cancelled
2026-04-19 15:00,ord-000812,sell,75723.05,1776613286324,0,0,0,,,,0,cancelled
2026-04-19 15:00,ord-000813,buy,75702.40,1776613291324,0,0,0,,,,0,cancelled
2026-04-19 15:00,ord-000814,sell,75706.41,1776613291324,0,0,0,,,,0,cancelled
2026-04-19 15:00,ord-000815,buy,75705.41,1776613296324,0,0,0,,,,0,cancelled
2026-04-19 15:00,ord-000816,sell,75709.42,1776613296324,0,0,0,,,,0,cancelled
2026-04-19 15:00,ord-000817,buy,75688.05,1776613301324,0,0,0,,,,0,cancelled
2026-04-19 15:00,ord-000818,sell,75692.06,1776613301324,0,0,0,,,,0,cancelled
2026-04-19 15:00,ord-000819,buy,75704.46,1776613306324,0,0,0,,,,0,cancelled
2026-04-19 15:00,ord-000820,sell,75708.47,1776613306324,0,0,0,,,,0,cancelled
2026-04-19 15:00,ord-000821,buy,75724.96,1776613311324,0,0,0,,,,0,cancelled
2026-04-19 15:00,ord-000822,sell,75728.97,1776613311324,0,0,0,,,,0,cancelled
2026-04-19 15:00,ord-000823,buy,75725.41,1776613317824,0,0,0,,,,0,cancelled
2026-04-19 15:00,ord-000824,sell,75729.42,1776613317824,0,0,0,,,,0,cancelled
2026-04-19 15:00,ord-000825,buy,75728.12,1776613322824,0,0,0,,,,0,cancelled
2026-04-19 15:00,ord-000826,sell,75732.13,1776613322824,0,0,0,,,,0,cancelled
2026-04-19 15:00,ord-000827,buy,75731.99,1776613327824,0,0,0,,,,0,cancelled
2026-04-19 15:00,ord-000828,sell,75736.00,1776613327824,0,0,0,,,,0,cancelled
2026-04-19 15:00,ord-000829,buy,75724.32,1776613334124,0,0,0,,,,0,cancelled
2026-04-19 15:00,ord-000830,sell,75728.33,1776613334124,0,0,0,,,,0,cancelled
2026-04-19 15:00,ord-000831,buy,75712.19,1776613339124,0,0,0,,,,0,cancelled
2026-04-19 15:00,ord-000832,sell,75716.20,1776613339124,0,0,0,,,,0,cancelled
2026-04-19 15:00,ord-000833,buy,75706.41,1776613344124,0,0,0,,,,0,cancelled
2026-04-19 15:00,ord-000834,sell,75710.42,1776613344124,0,0,0,,,,0,cancelled
2026-04-19 15:00,ord-000835,buy,75703.19,1776613351324,0.00007000,0,0,,,,0,cancelled
2026-04-19 15:00,ord-000836,sell,75707.20,1776613351324,0,0,0,,,,0,cancelled
2026-04-19 15:00,ord-000837,buy,75725.40,1776613356324,0,0,0,,,,0,cancelled
2026-04-19 15:00,ord-000838,sell,75729.41,1776613356324,0,0,0,,,,0,cancelled
2026-04-19 15:00,ord-000839,buy,75718.13,1776613361324,0,0,0,,,,0,cancelled
2026-04-19 15:00,ord-000840,sell,75722.14,1776613361324,0,0,0,,,,0,cancelled
2026-04-19 15:00,ord-000841,buy,75712.84,1776613366324,0,0,0,,,,0,cancelled
2026-04-19 15:00,ord-000842,sell,75716.85,1776613366324,0,0,0,,,,0,cancelled
2026-04-19 15:00,ord-000843,buy,75720.34,1776613371324,0,0,0,,,,0,cancelled
2026-04-19 15:00,ord-000844,sell,75724.35,1776613371324,0,0,0,,,,0,cancelled
2026-04-19 15:00,ord-000845,buy,75731.03,1776613376324,0,0,0,,,,0,cancelled
2026-04-19 15:00,ord-000846,sell,75735.04,1776613376324,0,0,0,,,,0,cancelled
2026-04-19 15:00,ord-000847,buy,75725.25,1776613381324,0,0,0,,,,0,cancelled
2026-04-19 15:00,ord-000848,sell,75729.26,1776613381324,0,0,0,,,,0,cancelled
2026-04-19 15:00,ord-000849,buy,75731.98,1776613386324,0,0,0,,,,0,cancelled
2026-04-19 15:00,ord-000850,sell,75735.99,1776613386324,0,0,0,,,,0,cancelled
2026-04-19 15:00,ord-000851,buy,75731.97,1776613394324,0.00014000,0,0,,,,0,cancelled
2026-04-19 15:00,ord-000852,sell,75735.98,1776613394324,0,0,0,,,,0,cancelled
2026-04-19 15:00,ord-000853,buy,75729.77,1776613399324,0,0,0,,,,0,cancelled
2026-04-19 15:00,ord-000854,sell,75733.78,1776613399324,0,0,0,,,,0,cancelled
2026-04-19 15:00,ord-000855,buy,75726.24,1776613404324,0,0,0,,,,0,cancelled
2026-04-19 15:00,ord-000856,sell,75730.25,1776613404324,0,0,0,,,,0,cancelled
2026-04-19 15:00,ord-000857,buy,75726.23,1776613412924,0,0,0,1776613414151,0,0,0.00007000,cancelled
2026-04-19 15:00,ord-000858,sell,75730.24,1776613412924,0,0,0,,,,0,cancelled
2026-04-19 15:00,ord-000859,buy,75706.51,1776613417924,0,0,0,,,,0,cancelled
2026-04-19 15:00,ord-000860,sell,75710.52,1776613417924,0,0,0,,,,0,cancelled
2026-04-19 15:00,ord-000861,buy,75700.45,1776613422924,0,0,0,,,,0,cancelled
2026-04-19 15:00,ord-000862,sell,75704.46,1776613422924,0,0,0,,,,0,cancelled
2026-04-19 15:00,ord-000863,buy,75696.21,1776613431725,0,0,0,,,,0,cancelled
2026-04-19 15:00,ord-000864,sell,75700.22,1776613431725,0,0,0,,,,0,cancelled
2026-04-19 15:00,ord-000865,buy,75687.04,1776613436824,0.00008000,0,0,,,,0,cancelled
2026-04-19 15:00,ord-000866,sell,75691.05,1776613436824,0,0,0,,,,0,cancelled
2026-04-19 15:00,ord-000867,buy,75707.91,1776613441824,0,0,0,,,,0,cancelled
2026-04-19 15:00,ord-000868,sell,75711.92,1776613441824,0,0,0,,,,0,cancelled
2026-04-19 15:00,ord-000869,buy,75737.69,1776613446824,0,0,0,,,,0,cancelled
2026-04-19 15:00,ord-000870,sell,75741.70,1776613446824,0,0,0,,,,0,cancelled
2026-04-19 15:00,ord-000871,buy,75737.25,1776613451824,0,0,0,,,,0,cancelled
2026-04-19 15:00,ord-000872,sell,75741.26,1776613451824,0,0,0,,,,0,cancelled
2026-04-19 15:00,ord-000873,buy,75739.59,1776613464324,0,0,0,,,,0,cancelled
2026-04-19 15:00,ord-000874,sell,75743.60,1776613464324,0,0,0,,,,0,cancelled
2026-04-19 15:00,ord-000875,buy,75737.25,1776613485324,0,0,0,,,,0,cancelled
2026-04-19 15:00,ord-000876,sell,75741.26,1776613485324,0,0,0,,,,0,cancelled
2026-04-19 15:00,ord-000877,buy,75726.48,1776613490324,0,0,0,,,,0,cancelled
2026-04-19 15:00,ord-000878,sell,75730.49,1776613490324,0.00422000,0,0,,,,0,cancelled
2026-04-19 15:00,ord-000879,buy,75722.88,1776613497427,0,0,0,,,,0,cancelled
2026-04-19 15:00,ord-000880,sell,75726.89,1776613497427,0,0,0,,,,0,cancelled
2026-04-19 15:00,ord-000881,buy,75725.14,1776613502524,0,0,0,,,,0,cancelled
2026-04-19 15:00,ord-000882,sell,75729.15,1776613502524,0,0,0,,,,0,cancelled
2026-04-19 15:00,ord-000883,buy,75702.20,1776613507524,0,0,0,,,,0,cancelled
2026-04-19 15:00,ord-000884,sell,75706.21,1776613507524,0,0,0,,,,0,cancelled
2026-04-19 15:00,ord-000885,buy,75697.73,1776613512524,0,0,0,,,,0,cancelled
2026-04-19 15:00,ord-000886,sell,75701.74,1776613512524,0,0,0,,,,0,cancelled
2026-04-19 15:00,ord-000887,buy,75691.11,1776613517524,0,0,0,,,,0,cancelled
2026-04-19 15:00,ord-000888,sell,75695.12,1776613517524,0,0,0,,,,0,cancelled
2026-04-19 15:00,ord-000889,buy,75691.07,1776613522524,0,0,0,,,,0,cancelled
2026-04-19 15:00,ord-000890,sell,75695.08,1776613522524,0,0,0,,,,0,cancelled
2026-04-19 15:00,ord-000891,buy,75691.04,1776613527524,0,0,0,,,,0,cancelled
2026-04-19 15:00,ord-000892,sell,75695.05,1776613527524,0,0,0,,,,0,cancelled
2026-04-19 15:00,ord-000893,buy,75695.92,1776613539324,0,0,0,,,,0,cancelled
2026-04-19 15:00,ord-000894,sell,75699.93,1776613539324,0,0,0,,,,0,cancelled
2026-04-19 15:00,ord-000895,buy,75698.26,1776613544324,0,0,0,,,,0,cancelled
2026-04-19 15:00,ord-000896,sell,75702.27,1776613544324,0,0,0,,,,0,cancelled
2026-04-19 15:00,ord-000897,buy,75714.22,1776613549324,0,0,0,,,,0,cancelled
2026-04-19 15:00,ord-000898,sell,75718.23,1776613549324,0,0,0,,,,0,cancelled
2026-04-19 15:00,ord-000899,buy,75723.21,1776613554325,0,0,0,,,,0,cancelled
2026-04-19 15:00,ord-000900,sell,75727.22,1776613554325,0,0,0,,,,0,cancelled
2026-04-19 15:00,ord-000901,buy,75723.43,1776613563524,0,0,0,,,,0,cancelled
2026-04-19 15:00,ord-000902,sell,75727.44,1776613563524,0,0,0,,,,0,cancelled
2026-04-19 15:00,ord-000903,buy,75734.72,1776613568524,0,0,0,,,,0,cancelled
2026-04-19 15:00,ord-000904,sell,75738.73,1776613568524,0,0,0,,,,0,cancelled
2026-04-19 15:00,ord-000905,buy,75741.81,1776613573524,0,0,0,,,,0,cancelled
2026-04-19 15:00,ord-000906,sell,75745.82,1776613573524,0,0,0,,,,0,cancelled
2026-04-19 15:00,ord-000907,buy,75735.79,1776613578524,0,0,0,,,,0,cancelled
2026-04-19 15:00,ord-000908,sell,75739.80,1776613578524,0,0,0,,,,0,cancelled
2026-04-19 15:00,ord-000909,buy,75740.50,1776613583524,0,0,0,,,,0,cancelled
2026-04-19 15:00,ord-000910,sell,75744.51,1776613583524,0,0,0,,,,0,cancelled
2026-04-19 15:00,ord-000911,buy,75745.35,1776613588524,0,0,0,,,,0,cancelled
2026-04-19 15:00,ord-000912,sell,75749.36,1776613588524,0,0,0,,,,0,cancelled
2026-04-19 15:00,ord-000913,buy,75745.07,1776613593524,0,0,0,,,,0,cancelled
2026-04-19 15:00,ord-000914,sell,75749.08,1776613593524,0,0,0,,,,0,cancelled
2026-04-19 15:00,ord-000915,buy,75739.58,1776613598524,0,0,0,,,,0,cancelled
2026-04-19 15:00,ord-000916,sell,75743.59,1776613598524,0,0,0,,,,0,cancelled
2026-04-19 15:00,ord-000917,buy,75745.35,1776613603524,0,0,0,,,,0,cancelled
2026-04-19 15:00,ord-000918,sell,75749.36,1776613603524,0,0,0,,,,0,cancelled
2026-04-19 15:00,ord-000919,buy,75749.80,1776613608524,0,0,0,,,,0,cancelled
2026-04-19 15:00,ord-000920,sell,75753.81,1776613608524,0,0,0,,,,0,cancelled
2026-04-19 15:00,ord-000921,buy,75757.99,1776613613524,0,0,0,,,,0,cancelled
2026-04-19 15:00,ord-000922,sell,75762.00,1776613613524,0.00120000,0.00120000,0,,,,0,cancelled
2026-04-19 15:00,ord-000923,buy,75769.27,1776613618524,0,0,0,,,,0,cancelled
2026-04-19 15:00,ord-000924,sell,75773.28,1776613618524,0,0,0,,,,0,cancelled
2026-04-19 15:00,ord-000925,buy,75781.14,1776613623524,0,0,0,,,,0,cancelled
2026-04-19 15:00,ord-000926,sell,75785.15,1776613623524,0,0,0,,,,0,cancelled
2026-04-19 15:00,ord-000927,buy,75776.03,1776613628524,0,0,0,,,,0,cancelled
2026-04-19 15:00,ord-000928,sell,75780.04,1776613628524,0,0,0,,,,0,cancelled
2026-04-19 15:00,ord-000929,buy,75763.65,1776613633524,0,0,0,,,,0,cancelled
2026-04-19 15:00,ord-000930,sell,75767.66,1776613633524,0,0,0,,,,0,cancelled
2026-04-19 15:00,ord-000931,buy,75760.38,1776613639624,0,0,0,,,,0,cancelled
2026-04-19 15:00,ord-000932,sell,75764.39,1776613639624,0,0,0,,,,0,cancelled
2026-04-19 15:00,ord-000933,buy,75754.59,1776613644624,0,0,0,,,,0,cancelled
2026-04-19 15:00,ord-000934,sell,75758.60,1776613644624,0,0,0,,,,0,cancelled
2026-04-19 15:00,ord-000935,buy,75748.53,1776613649624,0,0,0,,,,0,cancelled
2026-04-19 15:00,ord-000936,sell,75752.54,1776613649624,0,0,0,,,,0,cancelled
2026-04-19 15:00,ord-000937,buy,75754.84,1776613655824,0,0,0,,,,0,cancelled
2026-04-19 15:00,ord-000938,sell,75758.85,1776613655824,0,0,0,,,,0,cancelled
2026-04-19 15:00,ord-000939,buy,75752.46,1776613660831,0,0,0,,,,0,cancelled
2026-04-19 15:00,ord-000940,sell,75756.47,1776613660831,0,0,0,,,,0,cancelled
2026-04-19 15:00,ord-000941,buy,75733.79,1776613665924,0,0,0,,,,0,cancelled
2026-04-19 15:00,ord-000942,sell,75737.80,1776613665924,0.00307000,0.00007000,0,,,,0,cancelled
2026-04-19 15:00,ord-000943,buy,75740.61,1776613670924,0,0,0,,,,0,cancelled
2026-04-19 15:00,ord-000944,sell,75744.62,1776613670924,0,0,0,,,,0,cancelled
2026-04-19 15:00,ord-000945,buy,75742.99,1776613684924,0,0,0,,,,0,cancelled
2026-04-19 15:00,ord-000946,sell,75747.00,1776613684924,0,0,0,,,,0,cancelled
2026-04-19 15:00,ord-000947,buy,75764.71,1776613689924,0,0,0,,,,0,cancelled
2026-04-19 15:00,ord-000948,sell,75768.72,1776613689924,0,0,0,,,,0,cancelled
2026-04-19 15:00,ord-000949,buy,75785.48,1776613694925,0,0,0,,,,0,cancelled
2026-04-19 15:00,ord-000950,sell,75789.49,1776613694925,0,0,0,,,,0,cancelled
2026-04-19 15:00,ord-000951,buy,75797.99,1776613700025,0,0,0,,,,0,cancelled
2026-04-19 15:00,ord-000952,sell,75802.00,1776613700025,0.00127000,0.00127000,0,,,,0,cancelled
2026-04-19 15:00,ord-000953,buy,75799.23,1776613707124,0,0,0,,,,0,cancelled
2026-04-19 15:00,ord-000954,sell,75803.24,1776613707124,0,0,0,,,,0,cancelled
2026-04-19 15:00,ord-000955,buy,75806.82,1776613712124,0,0,0,,,,0,cancelled
2026-04-19 15:00,ord-000956,sell,75810.83,1776613712124,0,0,0,,,,0,cancelled
2026-04-19 15:00,ord-000957,buy,75808.00,1776613717124,0.00120000,0,0,,,,0,cancelled
2026-04-19 15:00,ord-000958,sell,75812.01,1776613717124,0,0,0,,,,0,cancelled
2026-04-19 15:00,ord-000959,buy,75815.59,1776613725924,0,0,0,,,,0,cancelled
2026-04-19 15:00,ord-000960,sell,75819.60,1776613725924,0,0,0,,,,0,cancelled
2026-04-19 15:00,ord-000961,buy,75825.10,1776613730924,0,0,0,,,,0,cancelled
2026-04-19 15:00,ord-000962,sell,75829.11,1776613730924,0,0,0,,,,0,cancelled
2026-04-19 15:00,ord-000963,buy,75816.68,1776613735924,0,0,0,,,,0,cancelled
2026-04-19 15:00,ord-000964,sell,75820.69,1776613735924,0,0,0,,,,0,cancelled
2026-04-19 15:00,ord-000965,buy,75825.08,1776613747424,0,0,0,,,,0,cancelled
2026-04-19 15:00,ord-000966,sell,75829.09,1776613747424,0,0,0,,,,0,cancelled
2026-04-19 15:00,ord-000967,buy,75827.30,1776613752424,0,0,0,,,,0,cancelled
2026-04-19 15:00,ord-000968,sell,75831.31,1776613752424,0,0,0,,,,0,cancelled
2026-04-19 15:00,ord-000969,buy,75832.46,1776613757424,0,0,0,,,,0,cancelled
2026-04-19 15:00,ord-000970,sell,75836.47,1776613757424,0,0,0,,,,0,cancelled
2026-04-19 15:00,ord-000971,buy,75818.02,1776613762424,0,0,0,,,,0,cancelled
2026-04-19 15:00,ord-000972,sell,75822.03,1776613762424,0,0,0,,,,0,cancelled
2026-04-19 15:00,ord-000973,buy,75814.05,1776613767424,0,0,0,,,,0,cancelled
2026-04-19 15:00,ord-000974,sell,75818.06,1776613767424,0,0,0,,,,0,cancelled
2026-04-19 15:00,ord-000975,buy,75801.78,1776613772424,0,0,0,,,,0,cancelled
2026-04-19 15:00,ord-000976,sell,75805.79,1776613772424,0,0,0,,,,0,cancelled
2026-04-19 15:00,ord-000977,buy,75805.50,1776613777424,0,0,0,,,,0,cancelled
2026-04-19 15:00,ord-000978,sell,75809.51,1776613777424,0,0,0,,,,0,cancelled
2026-04-19 15:00,ord-000979,buy,75832.47,1776613782424,0,0,0,,,,0,cancelled
2026-04-19 15:00,ord-000980,sell,75836.48,1776613782424,0,0,0,,,,0,cancelled
2026-04-19 15:00,ord-000981,buy,75832.48,1776613787424,0,0,0,,,,0,cancelled
2026-04-19 15:00,ord-000982,sell,75836.49,1776613787424,0,0,0,,,,0,cancelled
2026-04-19 15:00,ord-000983,buy,75837.99,1776613792424,0,0,0,,,,0,cancelled
2026-04-19 15:00,ord-000984,sell,75842.00,1776613792424,0.00120000,0.00120000,0,,,,0,cancelled
2026-04-19 15:00,ord-000985,buy,75845.99,1776613797424,0,0,0,,,,0,cancelled
2026-04-19 15:00,ord-000986,sell,75850.00,1776613797424,0.07119000,0,0,,,,0,cancelled
2026-04-19 15:00,ord-000987,buy,75847.25,1776613802424,0,0,0,,,,0,cancelled
2026-04-19 15:00,ord-000988,sell,75851.26,1776613802424,0,0,0,,,,0,cancelled
2026-04-19 15:00,ord-000989,buy,75847.24,1776613811424,0,0,0,,,,0,cancelled
2026-04-19 15:00,ord-000990,sell,75851.25,1776613811424,0,0,0,,,,0,cancelled
2026-04-19 15:00,ord-000991,buy,75847.99,1776613818924,0,0,0,,,,0,cancelled
2026-04-19 15:00,ord-000992,sell,75852.00,1776613818924,0.09339000,0.09339000,0,1776613822804,0.00098000,0.00000000,0.00100000,filled
2026-04-19 15:00,ord-000993,buy,75853.70,1776613822924,0.00300000,0,0,,,,0,cancelled
2026-04-19 15:00,ord-000994,sell,75857.71,1776613822924,0,0,0,,,,0,cancelled
2026-04-19 15:00,ord-000995,buy,75818.42,1776613827924,0,0,0,,,,0,cancelled
2026-04-19 15:00,ord-000996,sell,75822.43,1776613827924,0,0,0,,,,0,cancelled
2026-04-19 15:00,ord-000997,buy,75789.82,1776613832924,0,0,0,,,,0,cancelled
2026-04-19 15:00,ord-000998,sell,75793.83,1776613832924,0,0,0,,,,0,cancelled
2026-04-19 15:00,ord-000999,buy,75796.13,1776613837924,0,0,0,,,,0,cancelled
2026-04-19 15:00,ord-001000,sell,75800.14,1776613837924,0,0,0,,,,0,cancelled
2026-04-19 15:00,ord-001001,buy,75790.35,1776613842924,0,0,0,,,,0,cancelled
2026-04-19 15:00,ord-001002,sell,75794.36,1776613842924,0,0,0,,,,0,cancelled
2026-04-19 15:00,ord-001003,buy,75731.54,1776613847924,0,0,0,,,,0,cancelled
2026-04-19 15:00,ord-001004,sell,75735.55,1776613847924,0,0,0,,,,0,cancelled
2026-04-19 15:00,ord-001005,buy,75738.27,1776613852924,0,0,0,,,,0,cancelled
2026-04-19 15:00,ord-001006,sell,75742.28,1776613852924,0,0,0,,,,0,cancelled
2026-04-19 15:00,ord-001007,buy,75739.14,1776613857924,0,0,0,,,,0,cancelled
2026-04-19 15:00,ord-001008,sell,75743.15,1776613857924,0,0,0,,,,0,cancelled
2026-04-19 15:00,ord-001009,buy,75743.40,1776613862924,0,0,0,,,,0,cancelled
2026-04-19 15:00,ord-001010,sell,75747.41,1776613862924,0,0,0,,,,0,cancelled
2026-04-19 15:00,ord-001011,buy,75763.11,1776613867924,0,0,0,,,,0,cancelled
2026-04-19 15:00,ord-001012,sell,75767.12,1776613867924,0.00008000,0,0,,,,0,cancelled
2026-04-19 15:00,ord-001013,buy,75740.71,1776613872924,0,0,0,,,,0,cancelled
2026-04-19 15:00,ord-001014,sell,75744.72,1776613872924,0,0,0,,,,0,cancelled
2026-04-19 15:00,ord-001015,buy,75738.61,1776613877924,0,0,0,,,,0,cancelled
2026-04-19 15:00,ord-001016,sell,75742.62,1776613877924,0,0,0,,,,0,cancelled
2026-04-19 15:00,ord-001017,buy,75740.12,1776613890424,0.04844000,0,0,,,,0,cancelled
2026-04-19 15:00,ord-001018,sell,75744.13,1776613890424,0,0,0,,,,0,cancelled
2026-04-19 15:00,ord-001019,buy,75745.94,1776613895424,0,0,0,,,,0,cancelled
2026-04-19 15:00,ord-001020,sell,75749.95,1776613895424,0,0,0,,,,0,cancelled
2026-04-19 15:00,ord-001021,buy,75738.41,1776613900424,0,0,0,,,,0,cancelled
2026-04-19 15:00,ord-001022,sell,75742.42,1776613900424,0,0,0,,,,0,cancelled
2026-04-19 15:00,ord-001023,buy,75722.42,1776613905424,0.00014000,0.00014000,0,1776613909215,0.00014000,0.00000000,0.00007000,cancelled
2026-04-19 15:00,ord-001024,sell,75726.43,1776613905424,0,0,0,,,,0,cancelled
2026-04-19 15:00,ord-001025,buy,75715.32,1776613910424,0,0,0,,,,0,cancelled
2026-04-19 15:00,ord-001026,sell,75719.33,1776613910424,0,0,0,,,,0,cancelled
2026-04-19 15:00,ord-001027,buy,75721.39,1776613924724,0,0,0,,,,0,cancelled
2026-04-19 15:00,ord-001028,sell,75725.40,1776613924724,0,0,0,,,,0,cancelled
2026-04-19 15:00,ord-001029,buy,75743.61,1776613929724,0,0,0,,,,0,cancelled
2026-04-19 15:00,ord-001030,sell,75747.62,1776613929724,0,0,0,,,,0,cancelled
2026-04-19 15:00,ord-001031,buy,75749.99,1776613934724,0,0,0,,,,0,cancelled
2026-04-19 15:00,ord-001032,sell,75754.00,1776613934724,0.00120000,0.00120000,0,,,,0,cancelled
2026-04-19 15:00,ord-001033,buy,75767.88,1776613939724,0,0,0,,,,0,cancelled
2026-04-19 15:00,ord-001034,sell,75771.89,1776613939724,0,0,0,,,,0,cancelled
2026-04-19 15:00,ord-001035,buy,75750.36,1776613944724,0,0,0,,,,0,cancelled
2026-04-19 15:00,ord-001036,sell,75754.37,1776613944724,0,0,0,,,,0,cancelled
2026-04-19 15:00,ord-001037,buy,75753.66,1776613957124,0,0,0,,,,0,cancelled
2026-04-19 15:00,ord-001038,sell,75757.67,1776613957124,0,0,0,,,,0,cancelled
2026-04-19 15:00,ord-001039,buy,75751.07,1776613962124,0,0,0,,,,0,cancelled
2026-04-19 15:00,ord-001040,sell,75755.08,1776613962124,0,0,0,,,,0,cancelled
2026-04-19 15:00,ord-001041,buy,75743.13,1776613967124,0,0,0,,,,0,cancelled
2026-04-19 15:00,ord-001042,sell,75747.14,1776613967124,0,0,0,,,,0,cancelled
2026-04-19 15:00,ord-001043,buy,75750.63,1776613972124,0,0,0,,,,0,cancelled
2026-04-19 15:00,ord-001044,sell,75754.64,1776613972124,0,0,0,,,,0,cancelled
2026-04-19 15:00,ord-001045,buy,75751.99,1776613982424,0.00007000,0,0,,,,0,cancelled
2026-04-19 15:00,ord-001046,sell,75756.00,1776613982424,0.00120000,0.00120000,0,,,,0,cancelled
2026-04-19 15:00,ord-001047,buy,75764.30,1776613987424,0,0,0,,,,0,cancelled
2026-04-19 15:00,ord-001048,sell,75768.31,1776613987424,0,0,0,,,,0,cancelled
2026-04-19 15:00,ord-001049,buy,75784.99,1776613992424,0,0,0,,,,0,cancelled
2026-04-19 15:00,ord-001050,sell,75789.00,1776613992424,0.00008000,0,0,,,,0,cancelled
2026-04-19 15:00,ord-001051,buy,75785.02,1776613997424,0,0,0,,,,0,cancelled
2026-04-19 15:00,ord-001052,sell,75789.03,1776613997424,0,0,0,,,,0,cancelled
2026-04-19 15:00,ord-001053,buy,75794.68,1776614002424,0,0,0,,,,0,cancelled
2026-04-19 15:00,ord-001054,sell,75798.69,1776614002424,0,0,0,,,,0,cancelled
2026-04-19 15:00,ord-001055,buy,75800.72,1776614008724,0,0,0,,,,0,cancelled
2026-04-19 15:00,ord-001056,sell,75804.73,1776614008724,0,0,0,,,,0,cancelled
2026-04-19 15:00,ord-001057,buy,75806.99,1776614013724,0,0,0,,,,0,cancelled
2026-04-19 15:00,ord-001058,sell,75811.00,1776614013724,0,0,0,,,,0,cancelled
2026-04-19 15:00,ord-001059,buy,75801.02,1776614022324,0,0,0,,,,0,cancelled
2026-04-19 15:00,ord-001060,sell,75805.03,1776614022324,0,0,0,,,,0,cancelled
2026-04-19 15:00,ord-001061,buy,75801.01,1776614031424,0,0,0,,,,0,cancelled
2026-04-19 15:00,ord-001062,sell,75805.02,1776614031424,0,0,0,,,,0,cancelled
2026-04-19 15:00,ord-001063,buy,75798.32,1776614036424,0,0,0,,,,0,cancelled
2026-04-19 15:00,ord-001064,sell,75802.33,1776614036424,0,0,0,,,,0,cancelled
2026-04-19 15:00,ord-001065,buy,75807.99,1776614041424,2.94497000,0,0,,,,0,cancelled
2026-04-19 15:00,ord-001066,sell,75812.00,1776614041424,0.00120000,0.00120000,0,1776614041751,0.00120000,0.00000000,0.001,filled
2026-04-19 15:00,ord-001067,buy,75817.16,1776614041824,0,0,0,,,,0,cancelled
2026-04-19 15:00,ord-001068,sell,75821.17,1776614041824,0,0,0,,,,0,cancelled
2026-04-19 15:00,ord-001069,buy,75828.99,1776614046824,0,0,0,,,,0,cancelled
2026-04-19 15:00,ord-001070,sell,75833.00,1776614046824,0,0,0,,,,0,cancelled
2026-04-19 15:00,ord-001071,buy,75853.88,1776614051824,0,0,0,,,,0,cancelled
2026-04-19 15:00,ord-001072,sell,75857.89,1776614051824,0,0,0,,,,0,cancelled
2026-04-19 15:00,ord-001073,buy,75878.25,1776614056824,0,0,0,,,,0,cancelled
2026-04-19 15:00,ord-001074,sell,75882.26,1776614056824,0,0,0,,,,0,cancelled
2026-04-19 15:00,ord-001075,buy,75865.65,1776614061824,0,0,0,,,,0,cancelled
2026-04-19 15:00,ord-001076,sell,75869.66,1776614061824,0,0,0,,,,0,cancelled
2026-04-19 15:00,ord-001077,buy,75868.79,1776614066824,0,0,0,,,,0,cancelled
2026-04-19 15:00,ord-001078,sell,75872.80,1776614066824,0,0,0,,,,0,cancelled
2026-04-19 15:00,ord-001079,buy,75870.48,1776614071824,0.00007000,0,0,,,,0,cancelled
2026-04-19 15:00,ord-001080,sell,75874.49,1776614071824,0,0,0,,,,0,cancelled
2026-04-19 15:00,ord-001081,buy,75864.07,1776614076824,0,0,0,,,,0,cancelled
2026-04-19 15:00,ord-001082,sell,75868.08,1776614076824,0,0,0,,,,0,cancelled
2026-04-19 15:00,ord-001083,buy,75857.29,1776614081825,0,0,0,,,,0,cancelled
2026-04-19 15:00,ord-001084,sell,75861.30,1776614081825,0,0,0,,,,0,cancelled
2026-04-19 15:00,ord-001085,buy,75854.03,1776614086924,0,0,0,,,,0,cancelled
2026-04-19 15:00,ord-001086,sell,75858.04,1776614086924,0,0,0,,,,0,cancelled
2026-04-19 15:00,ord-001087,buy,75846.35,1776614091924,0,0,0,,,,0,cancelled
2026-04-19 15:00,ord-001088,sell,75850.36,1776614091924,0,0,0,,,,0,cancelled
2026-04-19 15:00,ord-001089,buy,75846.34,1776614100924,0,0,0,,,,0,cancelled
2026-04-19 15:00,ord-001090,sell,75850.35,1776614100924,0,0,0,,,,0,cancelled
2026-04-19 15:00,ord-001091,buy,75850.21,1776614105924,0,0,0,,,,0,cancelled
2026-04-19 15:00,ord-001092,sell,75854.22,1776614105924,0,0,0,,,,0,cancelled
2026-04-19 15:00,ord-001093,buy,75865.00,1776614110924,0,0,0,,,,0,cancelled
2026-04-19 15:00,ord-001094,sell,75869.01,1776614110924,0,0,0,,,,0,cancelled
2026-04-19 15:00,ord-001095,buy,75846.34,1776614115924,0,0,0,,,,0,cancelled
2026-04-19 15:00,ord-001096,sell,75850.35,1776614115924,0,0,0,,,,0,cancelled
2026-04-19 15:00,ord-001097,buy,75835.35,1776614120924,0.00007000,0,0,,,,0,cancelled
2026-04-19 15:00,ord-001098,sell,75839.36,1776614120924,0,0,0,,,,0,cancelled
2026-04-19 15:00,ord-001099,buy,75847.47,1776614126224,0,0,0,,,,0,cancelled
2026-04-19 15:00,ord-001100,sell,75851.48,1776614126224,0,0,0,,,,0,cancelled
2026-04-19 15:00,ord-001101,buy,75850.21,1776614133224,0,0,0,,,,0,cancelled
2026-04-19 15:00,ord-001102,sell,75854.22,1776614133224,0,0,0,,,,0,cancelled
2026-04-19 15:00,ord-001103,buy,75866.06,1776614138224,0,0,0,,,,0,cancelled
2026-04-19 15:00,ord-001104,sell,75870.07,1776614138224,0,0,0,,,,0,cancelled
2026-04-19 15:00,ord-001105,buy,75869.99,1776614143224,0,0,0,,,,0,cancelled
2026-04-19 15:00,ord-001106,sell,75874.00,1776614143224,0.00120000,0,0,,,,0,cancelled
2026-04-19 15:00,ord-001107,buy,75868.36,1776614148224,0,0,0,,,,0,cancelled
2026-04-19 15:00,ord-001108,sell,75872.37,1776614148224,0,0,0,,,,0,cancelled
2026-04-19 15:00,ord-001109,buy,75868.35,1776614153224,0,0,0,,,,0,cancelled
2026-04-19 15:00,ord-001110,sell,75872.36,1776614153224,0,0,0,,,,0,cancelled
2026-04-19 15:00,ord-001111,buy,75859.77,1776614158224,0,0,0,,,,0,cancelled
2026-04-19 15:00,ord-001112,sell,75863.78,1776614158224,0,0,0,,,,0,cancelled
2026-04-19 15:00,ord-001113,buy,75858.36,1776614169624,0,0,0,,,,0,cancelled
2026-04-19 15:00,ord-001114,sell,75862.37,1776614169624,0,0,0,,,,0,cancelled
2026-04-19 15:00,ord-001115,buy,75852.22,1776614177124,0.00132000,0.00132000,0,,,,0,cancelled
2026-04-19 15:00,ord-001116,sell,75856.23,1776614177124,0,0,0,,,,0,cancelled
2026-04-19 15:00,ord-001117,buy,75848.91,1776614182124,0,0,0,,,,0,cancelled
2026-04-19 15:00,ord-001118,sell,75852.92,1776614182124,0,0,0,,,,0,cancelled
2026-04-19 15:00,ord-001119,buy,75840.09,1776614187124,0,0,0,,,,0,cancelled
2026-04-19 15:00,ord-001120,sell,75844.10,1776614187124,0,0,0,,,,0,cancelled
2026-04-19 15:00,ord-001121,buy,75834.60,1776614195924,0,0,0,,,,0,cancelled
2026-04-19 15:00,ord-001122,sell,75838.61,1776614195924,0,0,0,,,,0,cancelled
2026-04-19 15:00,ord-001123,buy,75837.04,1776614207524,0,0,0,,,,0,cancelled
2026-04-19 15:00,ord-001124,sell,75841.05,1776614207524,0,0,0,,,,0,cancelled
2026-04-19 15:00,ord-001125,buy,75848.21,1776614212524,0,0,0,,,,0,cancelled
2026-04-19 15:00,ord-001126,sell,75852.22,1776614212524,0.00132000,0,0,,,,0,cancelled
2026-04-19 15:00,ord-001127,buy,75848.22,1776614217524,0,0,0,1776614220858,0,0,0.00021000,cancelled
2026-04-19 15:00,ord-001128,sell,75852.23,1776614217524,0,0,0,,,,0,cancelled
2026-04-19 15:00,ord-001129,buy,75843.60,1776614222524,0,0,0,,,,0,cancelled
2026-04-19 15:00,ord-001130,sell,75847.61,1776614222524,0,0,0,,,,0,cancelled
2026-04-19 15:00,ord-001131,buy,75828.00,1776614227524,0.00120000,0.00120000,0,,,,0,cancelled
2026-04-19 15:00,ord-001132,sell,75832.01,1776614227524,0,0,0,,,,0,cancelled
2026-04-19 15:00,ord-001133,buy,75825.87,1776614232524,0,0,0,,,,0,cancelled
2026-04-19 15:00,ord-001134,sell,75829.88,1776614232524,0.01061000,0,0,,,,0,cancelled
2026-04-19 15:00,ord-001135,buy,75825.23,1776614237524,0,0,0,,,,0,cancelled
2026-04-19 15:00,ord-001136,sell,75829.24,1776614237524,0,0,0,,,,0,cancelled
2026-04-19 15:00,ord-001137,buy,75823.17,1776614242524,0,0,0,,,,0,cancelled
2026-04-19 15:00,ord-001138,sell,75827.18,1776614242524,0,0,0,,,,0,cancelled
2026-04-19 15:00,ord-001139,buy,75804.38,1776614247524,0,0,0,,,,0,cancelled
2026-04-19 15:00,ord-001140,sell,75808.39,1776614247524,0,0,0,,,,0,cancelled
2026-04-19 15:00,ord-001141,buy,75813.69,1776614252524,0,0,0,,,,0,cancelled
2026-04-19 15:00,ord-001142,sell,75817.70,1776614252524,0,0,0,,,,0,cancelled
2026-04-19 15:00,ord-001143,buy,75808.98,1776614257524,0,0,0,,,,0,cancelled
2026-04-19 15:00,ord-001144,sell,75812.99,1776614257524,0,0,0,,,,0,cancelled
2026-04-19 15:00,ord-001145,buy,75802.59,1776614262524,0,0,0,,,,0,cancelled
2026-04-19 15:00,ord-001146,sell,75806.60,1776614262524,0,0,0,,,,0,cancelled
2026-04-19 15:00,ord-001147,buy,75798.08,1776614267524,0,0,0,,,,0,cancelled
2026-04-19 15:00,ord-001148,sell,75802.09,1776614267524,0,0,0,,,,0,cancelled
2026-04-19 15:00,ord-001149,buy,75797.09,1776614272524,0,0,0,,,,0,cancelled
2026-04-19 15:00,ord-001150,sell,75801.10,1776614272524,0,0,0,,,,0,cancelled
2026-04-19 15:00,ord-001151,buy,75797.08,1776614281224,0.00007000,0.00007000,0,,,,0,cancelled
2026-04-19 15:00,ord-001152,sell,75801.09,1776614281224,0,0,0,,,,0,cancelled
2026-04-19 15:00,ord-001153,buy,75791.03,1776614286224,0,0,0,,,,0,cancelled
2026-04-19 15:00,ord-001154,sell,75795.04,1776614286224,0,0,0,,,,0,cancelled
2026-04-19 15:00,ord-001155,buy,75795.98,1776614291224,0,0,0,,,,0,cancelled
2026-04-19 15:00,ord-001156,sell,75799.99,1776614291224,0,0,0,,,,0,cancelled
2026-04-19 15:00,ord-001157,buy,75797.66,1776614296824,0,0,0,,,,0,cancelled
2026-04-19 15:00,ord-001158,sell,75801.67,1776614296824,0,0,0,,,,0,cancelled
2026-04-19 15:00,ord-001159,buy,75808.00,1776614301824,0,0,0,,,,0,cancelled
2026-04-19 15:00,ord-001160,sell,75812.01,1776614301824,0,0,0,,,,0,cancelled
2026-04-19 15:00,ord-001161,buy,75819.39,1776614306824,0,0,0,,,,0,cancelled
2026-04-19 15:00,ord-001162,sell,75823.40,1776614306824,0,0,0,,,,0,cancelled
2026-04-19 15:00,ord-001163,buy,75817.26,1776614314024,0,0,0,,,,0,cancelled
2026-04-19 15:00,ord-001164,sell,75821.27,1776614314024,0,0,0,,,,0,cancelled
2026-04-19 15:00,ord-001165,buy,75813.54,1776614319024,0,0,0,,,,0,cancelled
2026-04-19 15:00,ord-001166,sell,75817.55,1776614319024,0,0,0,,,,0,cancelled
2026-04-19 15:00,ord-001167,buy,75804.00,1776614324024,0.00120000,0.00120000,0,,,,0,cancelled
2026-04-19 15:00,ord-001168,sell,75808.01,1776614324024,0,0,0,,,,0,cancelled
2026-04-19 15:00,ord-001169,buy,75801.07,1776614329024,0,0,0,,,,0,cancelled
2026-04-19 15:00,ord-001170,sell,75805.08,1776614329024,0,0,0,,,,0,cancelled
2026-04-19 15:00,ord-001171,buy,75804.00,1776614335424,0,0,0,,,,0,cancelled
2026-04-19 15:00,ord-001172,sell,75808.01,1776614335424,0,0,0,,,,0,cancelled
2026-04-19 15:00,ord-001173,buy,75817.64,1776614340424,0,0,0,,,,0,cancelled
2026-04-19 15:00,ord-001174,sell,75821.65,1776614340424,0,0,0,,,,0,cancelled
2026-04-19 15:00,ord-001175,buy,75816.11,1776614345424,0,0,0,,,,0,cancelled
2026-04-19 15:00,ord-001176,sell,75820.12,1776614345424,0,0,0,,,,0,cancelled
2026-04-19 15:00,ord-001177,buy,75812.77,1776614350424,0,0,0,,,,0,cancelled
2026-04-19 15:00,ord-001178,sell,75816.78,1776614350424,0,0,0,,,,0,cancelled
2026-04-19 15:00,ord-001179,buy,75809.36,1776614355424,0,0,0,,,,0,cancelled
2026-04-19 15:00,ord-001180,sell,75813.37,1776614355424,0.00007000,0,0,,,,0,cancelled
2026-04-19 15:00,ord-001181,buy,75809.24,1776614360426,0,0,0,,,,0,cancelled
2026-04-19 15:00,ord-001182,sell,75813.25,1776614360426,0,0,0,,,,0,cancelled
2026-04-19 15:00,ord-001183,buy,75796.42,1776614365524,0,0,0,,,,0,cancelled
2026-04-19 15:00,ord-001184,sell,75800.43,1776614365524,0,0,0,,,,0,cancelled
2026-04-19 15:00,ord-001185,buy,75803.08,1776614370524,0,0,0,,,,0,cancelled
2026-04-19 15:00,ord-001186,sell,75807.09,1776614370524,0,0,0,,,,0,cancelled
2026-04-19 15:00,ord-001187,buy,75808.70,1776614375524,0,0,0,,,,0,cancelled
2026-04-19 15:00,ord-001188,sell,75812.71,1776614375524,0,0,0,,,,0,cancelled
2026-04-19 15:00,ord-001189,buy,75800.40,1776614380524,0,0,0,,,,0,cancelled
2026-04-19 15:00,ord-001190,sell,75804.41,1776614380524,0,0,0,,,,0,cancelled
2026-04-19 15:00,ord-001191,buy,75798.41,1776614385524,0,0,0,,,,0,cancelled
2026-04-19 15:00,ord-001192,sell,75802.42,1776614385524,0,0,0,,,,0,cancelled
2026-04-19 15:00,ord-001193,buy,75825.12,1776614390524,0,0,0,,,,0,cancelled
2026-04-19 15:00,ord-001194,sell,75829.13,1776614390524,0,0,0,,,,0,cancelled
2026-04-19 15:00,ord-001195,buy,75844.63,1776614395524,0,0,0,,,,0,expired
2026-04-19 15:00,ord-001196,sell,75848.64,1776614395524,0,0,0,,,,0,expired
2026-04-19 16:00,ord-000001,buy,75844.62,1776614401824,0,0,0,,,,0,cancelled
2026-04-19 16:00,ord-000002,sell,75848.63,1776614401824,0,0,0,,,,0,cancelled
2026-04-19 16:00,ord-000003,buy,75847.99,1776614406824,0,0,0,,,,0,cancelled
2026-04-19 16:00,ord-000004,sell,75852.00,1776614406824,0.00120000,0,0,,,,0,cancelled
2026-04-19 16:00,ord-000005,buy,75842.41,1776614412526,0,0,0,,,,0,cancelled
2026-04-19 16:00,ord-000006,sell,75846.42,1776614412526,0,0,0,,,,0,cancelled
2026-04-19 16:00,ord-000007,buy,75843.21,1776614417624,0,0,0,,,,0,cancelled
2026-04-19 16:00,ord-000008,sell,75847.22,1776614417624,0,0,0,,,,0,cancelled
2026-04-19 16:00,ord-000009,buy,75847.99,1776614422624,0,0,0,,,,0,cancelled
2026-04-19 16:00,ord-000010,sell,75852.00,1776614422624,0.00120000,0,0,,,,0,cancelled
2026-04-19 16:00,ord-000011,buy,75842.29,1776614429124,0,0,0,,,,0,cancelled
2026-04-19 16:00,ord-000012,sell,75846.30,1776614429124,0,0,0,,,,0,cancelled
2026-04-19 16:00,ord-000013,buy,75808.98,1776614434124,0,0,0,,,,0,cancelled
2026-04-19 16:00,ord-000014,sell,75812.99,1776614434124,0,0,0,,,,0,cancelled
2026-04-19 16:00,ord-000015,buy,75797.10,1776614439124,0,0,0,,,,0,cancelled
2026-04-19 16:00,ord-000016,sell,75801.11,1776614439124,0,0,0,,,,0,cancelled
2026-04-19 16:00,ord-000017,buy,75777.49,1776614444124,0,0,0,,,,0,cancelled
2026-04-19 16:00,ord-000018,sell,75781.50,1776614444124,0.00300000,0,0,,,,0,cancelled
2026-04-19 16:00,ord-000019,buy,75776.71,1776614449124,0,0,0,,,,0,cancelled
2026-04-19 16:00,ord-000020,sell,75780.72,1776614449124,0,0,0,,,,0,cancelled
2026-04-19 16:00,ord-000021,buy,75784.63,1776614454124,0,0,0,,,,0,cancelled
2026-04-19 16:00,ord-000022,sell,75788.64,1776614454124,0,0,0,,,,0,cancelled
2026-04-19 16:00,ord-000023,buy,75771.65,1776614459124,0,0,0,,,,0,cancelled
2026-04-19 16:00,ord-000024,sell,75775.66,1776614459124,0,0,0,,,,0,cancelled
2026-04-19 16:00,ord-000025,buy,75764.92,1776614464124,0,0,0,,,,0,cancelled
2026-04-19 16:00,ord-000026,sell,75768.93,1776614464124,0,0,0,,,,0,cancelled
2026-04-19 16:00,ord-000027,buy,75766.08,1776614469124,0,0,0,,,,0,cancelled
2026-04-19 16:00,ord-000028,sell,75770.09,1776614469124,0,0,0,,,,0,cancelled
2026-04-19 16:00,ord-000029,buy,75755.40,1776614474124,0,0,0,,,,0,cancelled
2026-04-19 16:00,ord-000030,sell,75759.41,1776614474124,0,0,0,,,,0,cancelled
2026-04-19 16:00,ord-000031,buy,75750.89,1776614479124,0,0,0,,,,0,cancelled
2026-04-19 16:00,ord-000032,sell,75754.90,1776614479124,0.00300000,0,0,,,,0,cancelled
2026-04-19 16:00,ord-000033,buy,75746.29,1776614484124,0,0,0,,,,0,cancelled
2026-04-19 16:00,ord-000034,sell,75750.30,1776614484124,0,0,0,,,,0,cancelled
2026-04-19 16:00,ord-000035,buy,75755.53,1776614489224,0,0,0,,,,0,cancelled
2026-04-19 16:00,ord-000036,sell,75759.54,1776614489224,0,0,0,,,,0,cancelled
2026-04-19 16:00,ord-000037,buy,75758.34,1776614497224,0,0,0,,,,0,cancelled
2026-04-19 16:00,ord-000038,sell,75762.35,1776614497224,0,0,0,,,,0,cancelled
2026-04-19 16:00,ord-000039,buy,75753.34,1776614502224,0,0,0,,,,0,cancelled
2026-04-19 16:00,ord-000040,sell,75757.35,1776614502224,0,0,0,,,,0,cancelled
2026-04-19 16:00,ord-000041,buy,75751.65,1776614507224,0,0,0,,,,0,cancelled
2026-04-19 16:00,ord-000042,sell,75755.66,1776614507224,0,0,0,,,,0,cancelled
2026-04-19 16:00,ord-000043,buy,75754.84,1776614512924,0,0,0,,,,0,cancelled
2026-04-19 16:00,ord-000044,sell,75758.85,1776614512924,0,0,0,,,,0,cancelled
2026-04-19 16:00,ord-000045,buy,75762.40,1776614517924,0,0,0,,,,0,cancelled
2026-04-19 16:00,ord-000046,sell,75766.41,1776614517924,0,0,0,,,,0,cancelled
2026-04-19 16:00,ord-000047,buy,75758.00,1776614522924,0,0,0,,,,0,cancelled
2026-04-19 16:00,ord-000048,sell,75762.01,1776614522924,0,0,0,,,,0,cancelled
2026-04-19 16:00,ord-000049,buy,75764.91,1776614527924,0,0,0,,,,0,cancelled
2026-04-19 16:00,ord-000050,sell,75768.92,1776614527924,0,0,0,,,,0,cancelled
2026-04-19 16:00,ord-000051,buy,75772.50,1776614532924,0,0,0,,,,0,cancelled
2026-04-19 16:00,ord-000052,sell,75776.51,1776614532924,0,0,0,,,,0,cancelled
2026-04-19 16:00,ord-000053,buy,75769.23,1776614537924,0,0,0,,,,0,cancelled
2026-04-19 16:00,ord-000054,sell,75773.24,1776614537924,0,0,0,,,,0,cancelled
2026-04-19 16:00,ord-000055,buy,75772.49,1776614556724,0,0,0,,,,0,cancelled
2026-04-19 16:00,ord-000056,sell,75776.50,1776614556724,0,0,0,,,,0,cancelled
2026-04-19 16:00,ord-000057,buy,75772.50,1776614561724,0,0,0,,,,0,cancelled
2026-04-19 16:00,ord-000058,sell,75776.51,1776614561724,0,0,0,,,,0,cancelled
2026-04-19 16:00,ord-000059,buy,75769.23,1776614567024,0,0,0,,,,0,cancelled
2026-04-19 16:00,ord-000060,sell,75773.24,1776614567024,0,0,0,,,,0,cancelled
2026-04-19 16:00,ord-000061,buy,75722.04,1776614572024,0,0,0,,,,0,cancelled
2026-04-19 16:00,ord-000062,sell,75726.05,1776614572024,0,0,0,,,,0,cancelled
2026-04-19 16:00,ord-000063,buy,75733.65,1776614577024,0,0,0,,,,0,cancelled
2026-04-19 16:00,ord-000064,sell,75737.66,1776614577024,0,0,0,,,,0,cancelled
2026-04-19 16:00,ord-000065,buy,75717.97,1776614582024,0,0,0,,,,0,cancelled
2026-04-19 16:00,ord-000066,sell,75721.98,1776614582024,0,0,0,,,,0,cancelled
2026-04-19 16:00,ord-000067,buy,75725.44,1776614587024,0,0,0,,,,0,cancelled
2026-04-19 16:00,ord-000068,sell,75729.45,1776614587024,0,0,0,,,,0,cancelled
2026-04-19 16:00,ord-000069,buy,75739.37,1776614592024,0,0,0,,,,0,cancelled
2026-04-19 16:00,ord-000070,sell,75743.38,1776614592024,0,0,0,,,,0,cancelled
2026-04-19 16:00,ord-000071,buy,75734.00,1776614597424,0.00087000,0.00087000,0,,,,0,cancelled
2026-04-19 16:00,ord-000072,sell,75738.01,1776614597424,0,0,0,,,,0,cancelled
2026-04-19 16:00,ord-000073,buy,75722.88,1776614602424,0,0,0,,,,0,cancelled
2026-04-19 16:00,ord-000074,sell,75726.89,1776614602424,0,0,0,,,,0,cancelled
2026-04-19 16:00,ord-000075,buy,75700.45,1776614607424,0,0,0,,,,0,cancelled
2026-04-19 16:00,ord-000076,sell,75704.46,1776614607424,0,0,0,,,,0,cancelled
2026-04-19 16:00,ord-000077,buy,75721.70,1776614612424,0,0,0,,,,0,cancelled
2026-04-19 16:00,ord-000078,sell,75725.71,1776614612424,0,0,0,,,,0,cancelled
2026-04-19 16:00,ord-000079,buy,75737.99,1776614617424,0,0,0,,,,0,cancelled
2026-04-19 16:00,ord-000080,sell,75742.00,1776614617424,0.00120000,0,0,,,,0,cancelled
2026-04-19 16:00,ord-000081,buy,75736.88,1776614622424,0,0,0,,,,0,cancelled
2026-04-19 16:00,ord-000082,sell,75740.89,1776614622424,0,0,0,,,,0,cancelled
2026-04-19 16:00,ord-000083,buy,75761.99,1776614627424,0,0,0,,,,0,cancelled
2026-04-19 16:00,ord-000084,sell,75766.00,1776614627424,0.00120000,0,0,,,,0,cancelled
2026-04-19 16:00,ord-000085,buy,75758.01,1776614633624,0,0,0,,,,0,cancelled
2026-04-19 16:00,ord-000086,sell,75762.02,1776614633624,0,0,0,,,,0,cancelled
2026-04-19 16:00,ord-000087,buy,75764.27,1776614649124,0,0,0,,,,0,cancelled
2026-04-19 16:00,ord-000088,sell,75768.28,1776614649124,0,0,0,,,,0,cancelled
2026-04-19 16:00,ord-000089,buy,75783.83,1776614654124,0,0,0,,,,0,cancelled
2026-04-19 16:00,ord-000090,sell,75787.84,1776614654124,0,0,0,,,,0,cancelled
2026-04-19 16:00,ord-000091,buy,75808.37,1776614659124,0,0,0,,,,0,cancelled
2026-04-19 16:00,ord-000092,sell,75812.38,1776614659124,0,0,0,,,,0,cancelled
2026-04-19 16:00,ord-000093,buy,75819.83,1776614664124,0,0,0,,,,0,cancelled
2026-04-19 16:00,ord-000094,sell,75823.84,1776614664124,0,0,0,,,,0,cancelled
2026-04-19 16:00,ord-000095,buy,75824.05,1776614669124,0,0,0,,,,0,cancelled
2026-04-19 16:00,ord-000096,sell,75828.06,1776614669124,0,0,0,,,,0,cancelled
2026-04-19 16:00,ord-000097,buy,75826.99,1776614674124,0,0,0,,,,0,cancelled
2026-04-19 16:00,ord-000098,sell,75831.00,1776614674124,0,0,0,,,,0,cancelled
2026-04-19 16:00,ord-000099,buy,75844.19,1776614679124,0,0,0,,,,0,cancelled
2026-04-19 16:00,ord-000100,sell,75848.20,1776614679124,0,0,0,,,,0,cancelled
2026-04-19 16:00,ord-000101,buy,75839.53,1776614684124,0,0,0,,,,0,cancelled
2026-04-19 16:00,ord-000102,sell,75843.54,1776614684124,0,0,0,,,,0,cancelled
2026-04-19 16:00,ord-000103,buy,75844.18,1776614689124,0,0,0,,,,0,cancelled
2026-04-19 16:00,ord-000104,sell,75848.19,1776614689124,0,0,0,,,,0,cancelled
2026-04-19 16:00,ord-000105,buy,75851.25,1776614694124,0,0,0,,,,0,cancelled
2026-04-19 16:00,ord-000106,sell,75855.26,1776614694124,0,0,0,,,,0,cancelled
2026-04-19 16:00,ord-000107,buy,75849.80,1776614700024,0,0,0,,,,0,cancelled
2026-04-19 16:00,ord-000108,sell,75853.81,1776614700024,0,0,0,,,,0,cancelled
2026-04-19 16:00,ord-000109,buy,75834.34,1776614705024,0,0,0,,,,0,cancelled
2026-04-19 16:00,ord-000110,sell,75838.35,1776614705024,0,0,0,,,,0,cancelled
2026-04-19 16:00,ord-000111,buy,75843.30,1776614710624,0,0,0,,,,0,cancelled
2026-04-19 16:00,ord-000112,sell,75847.31,1776614710624,0,0,0,,,,0,cancelled
2026-04-19 16:00,ord-000113,buy,75843.29,1776614715624,0,0,0,,,,0,cancelled
2026-04-19 16:00,ord-000114,sell,75847.30,1776614715624,0,0,0,,,,0,cancelled
2026-04-19 16:00,ord-000115,buy,75843.28,1776614720624,0,0,0,,,,0,cancelled
2026-04-19 16:00,ord-000116,sell,75847.29,1776614720624,0,0,0,,,,0,cancelled
2026-04-19 16:00,ord-000117,buy,75834.27,1776614727624,0,0,0,,,,0,cancelled
2026-04-19 16:00,ord-000118,sell,75838.28,1776614727624,0,0,0,,,,0,cancelled
2026-04-19 16:00,ord-000119,buy,75830.26,1776614732624,0,0,0,,,,0,cancelled
2026-04-19 16:00,ord-000120,sell,75834.27,1776614732624,0,0,0,,,,0,cancelled
2026-04-19 16:00,ord-000121,buy,75804.63,1776614737624,0,0,0,,,,0,cancelled
2026-04-19 16:00,ord-000122,sell,75808.64,1776614737624,0,0,0,,,,0,cancelled
2026-04-19 16:00,ord-000123,buy,75796.75,1776614742624,0,0,0,,,,0,cancelled
2026-04-19 16:00,ord-000124,sell,75800.76,1776614742624,0,0,0,,,,0,cancelled
2026-04-19 16:00,ord-000125,buy,75791.86,1776614747624,0,0,0,,,,0,cancelled
2026-04-19 16:00,ord-000126,sell,75795.87,1776614747624,0,0,0,,,,0,cancelled
2026-04-19 16:00,ord-000127,buy,75788.60,1776614752624,0.00132000,0,0,,,,0,cancelled
2026-04-19 16:00,ord-000128,sell,75792.61,1776614752624,0,0,0,,,,0,cancelled
2026-04-19 16:00,ord-000129,buy,75795.98,1776614757824,0,0,0,,,,0,cancelled
2026-04-19 16:00,ord-000130,sell,75799.99,1776614757824,0.00014000,0,0,,,,0,cancelled
2026-04-19 16:00,ord-000131,buy,75795.46,1776614765024,0,0,0,,,,0,cancelled
2026-04-19 16:00,ord-000132,sell,75799.47,1776614765024,0,0,0,,,,0,cancelled
2026-04-19 16:00,ord-000133,buy,75793.58,1776614770024,0,0,0,,,,0,cancelled
2026-04-19 16:00,ord-000134,sell,75797.59,1776614770024,0.00300000,0,0,,,,0,cancelled
2026-04-19 16:00,ord-000135,buy,75770.09,1776614775024,0,0,0,,,,0,cancelled
2026-04-19 16:00,ord-000136,sell,75774.10,1776614775024,0,0,0,,,,0,cancelled
2026-04-19 16:00,ord-000137,buy,75760.13,1776614782563,0,0,0,,,,0,cancelled
2026-04-19 16:00,ord-000138,sell,75764.14,1776614782563,0,0,0,,,,0,cancelled
2026-04-19 16:00,ord-000139,buy,75739.76,1776614787624,0,0,0,,,,0,cancelled
2026-04-19 16:00,ord-000140,sell,75743.77,1776614787624,0,0,0,,,,0,cancelled
2026-04-19 16:00,ord-000141,buy,75724.38,1776614792624,0,0,0,,,,0,cancelled
2026-04-19 16:00,ord-000142,sell,75728.39,1776614792624,0,0,0,,,,0,cancelled
2026-04-19 16:00,ord-000143,buy,75726.52,1776614797624,0,0,0,,,,0,cancelled
2026-04-19 16:00,ord-000144,sell,75730.53,1776614797624,0,0,0,,,,0,cancelled
2026-04-19 16:00,ord-000145,buy,75749.23,1776614802624,0,0,0,,,,0,cancelled
2026-04-19 16:00,ord-000146,sell,75753.24,1776614802624,0,0,0,,,,0,cancelled
2026-04-19 16:00,ord-000147,buy,75759.23,1776614807624,0,0,0,,,,0,cancelled
2026-04-19 16:00,ord-000148,sell,75763.24,1776614807624,0,0,0,,,,0,cancelled
2026-04-19 16:00,ord-000149,buy,75767.66,1776614812624,0,0,0,,,,0,cancelled
2026-04-19 16:00,ord-000150,sell,75771.67,1776614812624,0,0,0,,,,0,cancelled
2026-04-19 16:00,ord-000151,buy,75765.54,1776614820824,0.00007000,0.00007000,0,1776614820832,0.00007000,0.00000000,0.00007000,cancelled
2026-04-19 16:00,ord-000152,sell,75769.55,1776614820824,0,0,0,,,,0,cancelled
2026-04-19 16:00,ord-000153,buy,75765.41,1776614825824,0,0,0,,,,0,cancelled
2026-04-19 16:00,ord-000154,sell,75769.42,1776614825824,0,0,0,,,,0,cancelled
2026-04-19 16:00,ord-000155,buy,75775.09,1776614831224,0,0,0,,,,0,cancelled
2026-04-19 16:00,ord-000156,sell,75779.10,1776614831224,0,0,0,,,,0,cancelled
2026-04-19 16:00,ord-000157,buy,75780.55,1776614836224,0,0,0,,,,0,cancelled
2026-04-19 16:00,ord-000158,sell,75784.56,1776614836224,0,0,0,,,,0,cancelled
2026-04-19 16:00,ord-000159,buy,75774.21,1776614843324,0,0,0,,,,0,cancelled
2026-04-19 16:00,ord-000160,sell,75778.22,1776614843324,0,0,0,,,,0,cancelled
2026-04-19 16:00,ord-000161,buy,75775.89,1776614848325,0,0,0,,,,0,cancelled
2026-04-19 16:00,ord-000162,sell,75779.90,1776614848325,0,0,0,,,,0,cancelled
2026-04-19 16:00,ord-000163,buy,75773.80,1776614853424,0,0,0,,,,0,cancelled
2026-04-19 16:00,ord-000164,sell,75777.81,1776614853424,0,0,0,,,,0,cancelled
2026-04-19 16:00,ord-000165,buy,75757.83,1776614858424,0,0,0,,,,0,cancelled
2026-04-19 16:00,ord-000166,sell,75761.84,1776614858424,0,0,0,,,,0,cancelled
2026-04-19 16:00,ord-000167,buy,75772.94,1776614863424,0,0,0,,,,0,cancelled
2026-04-19 16:00,ord-000168,sell,75776.95,1776614863424,0,0,0,,,,0,cancelled
2026-04-19 16:00,ord-000169,buy,75763.72,1776614876424,0,0,0,,,,0,cancelled
2026-04-19 16:00,ord-000170,sell,75767.73,1776614876424,0,0,0,,,,0,cancelled
2026-04-19 16:00,ord-000171,buy,75778.67,1776614881424,0,0,0,,,,0,cancelled
2026-04-19 16:00,ord-000172,sell,75782.68,1776614881424,0,0,0,,,,0,cancelled
2026-04-19 16:00,ord-000173,buy,75749.91,1776614886424,0,0,0,,,,0,cancelled
2026-04-19 16:00,ord-000174,sell,75753.92,1776614886424,0,0,0,,,,0,cancelled
2026-04-19 16:00,ord-000175,buy,75743.13,1776614891424,0,0,0,,,,0,cancelled
2026-04-19 16:00,ord-000176,sell,75747.14,1776614891424,0,0,0,,,,0,cancelled
2026-04-19 16:00,ord-000177,buy,75735.37,1776614905124,0,0,0,,,,0,cancelled
2026-04-19 16:00,ord-000178,sell,75739.38,1776614905124,0,0,0,,,,0,cancelled
2026-04-19 16:00,ord-000179,buy,75740.81,1776614910524,0,0,0,,,,0,cancelled
2026-04-19 16:00,ord-000180,sell,75744.82,1776614910524,0,0,0,,,,0,cancelled
2026-04-19 16:00,ord-000181,buy,75746.88,1776614915524,0,0,0,,,,0,cancelled
2026-04-19 16:00,ord-000182,sell,75750.89,1776614915524,0,0,0,,,,0,cancelled
2026-04-19 16:00,ord-000183,buy,75761.68,1776614920524,0,0,0,,,,0,cancelled
2026-04-19 16:00,ord-000184,sell,75765.69,1776614920524,0,0,0,,,,0,cancelled
2026-04-19 16:00,ord-000185,buy,75757.39,1776614925524,0,0,0,,,,0,cancelled
2026-04-19 16:00,ord-000186,sell,75761.40,1776614925524,0,0,0,,,,0,cancelled
2026-04-19 16:00,ord-000187,buy,75750.81,1776614930524,0,0,0,,,,0,cancelled
2026-04-19 16:00,ord-000188,sell,75754.82,1776614930524,0,0,0,,,,0,cancelled
2026-04-19 16:00,ord-000189,buy,75748.14,1776614936824,0,0,0,,,,0,cancelled
2026-04-19 16:00,ord-000190,sell,75752.15,1776614936824,0,0,0,,,,0,cancelled
2026-04-19 16:00,ord-000191,buy,75746.91,1776614941824,0,0,0,,,,0,cancelled
2026-04-19 16:00,ord-000192,sell,75750.92,1776614941824,0,0,0,,,,0,cancelled
2026-04-19 16:00,ord-000193,buy,75743.40,1776614949924,0,0,0,,,,0,cancelled
2026-04-19 16:00,ord-000194,sell,75747.41,1776614949924,0,0,0,,,,0,cancelled
2026-04-19 16:00,ord-000195,buy,75728.20,1776614954924,0,0,0,,,,0,cancelled
2026-04-19 16:00,ord-000196,sell,75732.21,1776614954924,0,0,0,,,,0,cancelled
2026-04-19 16:00,ord-000197,buy,75720.64,1776614959924,0,0,0,,,,0,cancelled
2026-04-19 16:00,ord-000198,sell,75724.65,1776614959924,0,0,0,,,,0,cancelled
2026-04-19 16:00,ord-000199,buy,75696.87,1776614964924,0,0,0,,,,0,cancelled
2026-04-19 16:00,ord-000200,sell,75700.88,1776614964924,0,0,0,,,,0,cancelled
2026-04-19 16:00,ord-000201,buy,75686.00,1776614969924,0.01448000,0.01448000,0,1776614969941,0.01448000,0.00000000,0.001,filled
2026-04-19 16:00,ord-000202,sell,75690.01,1776614969924,0,0,0,,,,0,cancelled
2026-04-19 16:00,ord-000203,buy,75680.81,1776614970024,0,0,0,,,,0,cancelled
2026-04-19 16:00,ord-000204,sell,75684.82,1776614970024,0,0,0,,,,0,cancelled
2026-04-19 16:00,ord-000205,buy,75676.10,1776614975024,0,0,0,,,,0,cancelled
2026-04-19 16:00,ord-000206,sell,75680.11,1776614975024,0,0,0,,,,0,cancelled
2026-04-19 16:00,ord-000207,buy,75693.61,1776614980024,0,0,0,,,,0,cancelled
2026-04-19 16:00,ord-000208,sell,75697.62,1776614980024,0,0,0,,,,0,cancelled
2026-04-19 16:00,ord-000209,buy,75688.30,1776615000224,0,0,0,,,,0,cancelled
2026-04-19 16:00,ord-000210,sell,75692.31,1776615000224,0,0,0,,,,0,cancelled
2026-04-19 16:00,ord-000211,buy,75648.00,1776615005224,0.00120000,0.00120000,0,,,,0,cancelled
2026-04-19 16:00,ord-000212,sell,75652.01,1776615005224,0,0,0,,,,0,cancelled
2026-04-19 16:00,ord-000213,buy,75646.22,1776615013424,0,0,0,,,,0,cancelled
2026-04-19 16:00,ord-000214,sell,75650.23,1776615013424,0,0,0,,,,0,cancelled
2026-04-19 16:00,ord-000215,buy,75628.26,1776615018424,0,0,0,,,,0,cancelled
2026-04-19 16:00,ord-000216,sell,75632.27,1776615018424,0,0,0,,,,0,cancelled
2026-04-19 16:00,ord-000217,buy,75655.35,1776615023424,0,0,0,,,,0,cancelled
2026-04-19 16:00,ord-000218,sell,75659.36,1776615023424,0,0,0,,,,0,cancelled
2026-04-19 16:00,ord-000219,buy,75671.73,1776615028424,0,0,0,,,,0,cancelled
2026-04-19 16:00,ord-000220,sell,75675.74,1776615028424,0,0,0,,,,0,cancelled
2026-04-19 16:00,ord-000221,buy,75668.99,1776615037624,0,0,0,,,,0,cancelled
2026-04-19 16:00,ord-000222,sell,75673.00,1776615037624,0,0,0,,,,0,cancelled
2026-04-19 16:00,ord-000223,buy,75669.00,1776615042624,0,0,0,,,,0,cancelled
2026-04-19 16:00,ord-000224,sell,75673.01,1776615042624,0,0,0,,,,0,cancelled
2026-04-19 16:00,ord-000225,buy,75677.79,1776615047624,0,0,0,,,,0,cancelled
2026-04-19 16:00,ord-000226,sell,75681.80,1776615047624,0,0,0,,,,0,cancelled
2026-04-19 16:00,ord-000227,buy,75684.98,1776615058924,0,0,0,,,,0,cancelled
2026-04-19 16:00,ord-000228,sell,75688.99,1776615058924,0,0,0,,,,0,cancelled
2026-04-19 16:00,ord-000229,buy,75698.62,1776615063924,0,0,0,,,,0,cancelled
2026-04-19 16:00,ord-000230,sell,75702.63,1776615063924,0,0,0,,,,0,cancelled
2026-04-19 16:00,ord-000231,buy,75717.16,1776615068924,0,0,0,,,,0,cancelled
2026-04-19 16:00,ord-000232,sell,75721.17,1776615068924,0,0,0,,,,0,cancelled
2026-04-19 16:00,ord-000233,buy,75713.14,1776615075229,0,0,0,,,,0,cancelled
2026-04-19 16:00,ord-000234,sell,75717.15,1776615075229,0,0,0,,,,0,cancelled
2026-04-19 16:00,ord-000235,buy,75720.72,1776615080324,0,0,0,,,,0,cancelled
2026-04-19 16:00,ord-000236,sell,75724.73,1776615080324,0,0,0,,,,0,cancelled
2026-04-19 16:00,ord-000237,buy,75721.59,1776615087124,0,0,0,,,,0,cancelled
2026-04-19 16:00,ord-000238,sell,75725.60,1776615087124,0,0,0,,,,0,cancelled
2026-04-19 16:00,ord-000239,buy,75734.58,1776615092124,0,0,0,,,,0,cancelled
2026-04-19 16:00,ord-000240,sell,75738.59,1776615092124,0,0,0,,,,0,cancelled
2026-04-19 16:00,ord-000241,buy,75726.11,1776615097124,0,0,0,,,,0,cancelled
2026-04-19 16:00,ord-000242,sell,75730.12,1776615097124,0,0,0,,,,0,cancelled
2026-04-19 16:00,ord-000243,buy,75720.75,1776615112724,0,0,0,,,,0,cancelled
2026-04-19 16:00,ord-000244,sell,75724.76,1776615112724,0,0,0,,,,0,cancelled
2026-04-19 16:00,ord-000245,buy,75712.77,1776615117724,0,0,0,,,,0,cancelled
2026-04-19 16:00,ord-000246,sell,75716.78,1776615117724,0,0,0,,,,0,cancelled
2026-04-19 16:00,ord-000247,buy,75723.43,1776615122724,0,0,0,,,,0,cancelled
2026-04-19 16:00,ord-000248,sell,75727.44,1776615122724,0,0,0,,,,0,cancelled
2026-04-19 16:00,ord-000249,buy,75711.51,1776615127724,0,0,0,,,,0,cancelled
2026-04-19 16:00,ord-000250,sell,75715.52,1776615127724,0,0,0,,,,0,cancelled
2026-04-19 16:00,ord-000251,buy,75701.56,1776615132724,0,0,0,,,,0,cancelled
2026-04-19 16:00,ord-000252,sell,75705.57,1776615132724,0,0,0,,,,0,cancelled
2026-04-19 16:00,ord-000253,buy,75691.45,1776615137724,0,0,0,,,,0,cancelled
2026-04-19 16:00,ord-000254,sell,75695.46,1776615137724,0,0,0,,,,0,cancelled
2026-04-19 16:00,ord-000255,buy,75678.80,1776615171524,0,0,0,,,,0,cancelled
2026-04-19 16:00,ord-000256,sell,75682.81,1776615171524,0,0,0,,,,0,cancelled
2026-04-19 16:00,ord-000257,buy,75677.79,1776615176524,0,0,0,,,,0,cancelled
2026-04-19 16:00,ord-000258,sell,75681.80,1776615176524,0,0,0,,,,0,cancelled
2026-04-19 16:00,ord-000259,buy,75668.58,1776615181524,0,0,0,,,,0,cancelled
2026-04-19 16:00,ord-000260,sell,75672.59,1776615181524,0,0,0,,,,0,cancelled
2026-04-19 16:00,ord-000261,buy,75671.73,1776615189724,0,0,0,,,,0,cancelled
2026-04-19 16:00,ord-000262,sell,75675.74,1776615189724,0,0,0,,,,0,cancelled
2026-04-19 16:00,ord-000263,buy,75680.75,1776615194724,0,0,0,,,,0,cancelled
2026-04-19 16:00,ord-000264,sell,75684.76,1776615194724,0,0,0,,,,0,cancelled
2026-04-19 16:00,ord-000265,buy,75675.04,1776615207824,0,0,0,,,,0,cancelled
2026-04-19 16:00,ord-000266,sell,75679.05,1776615207824,0,0,0,,,,0,cancelled
2026-04-19 16:00,ord-000267,buy,75669.53,1776615212824,0,0,0,,,,0,cancelled
2026-04-19 16:00,ord-000268,sell,75673.54,1776615212824,0,0,0,,,,0,cancelled
2026-04-19 16:00,ord-000269,buy,75665.70,1776615222624,0,0,0,,,,0,cancelled
2026-04-19 16:00,ord-000270,sell,75669.71,1776615222624,0,0,0,,,,0,cancelled
2026-04-19 16:00,ord-000271,buy,75650.14,1776615227624,0,0,0,,,,0,cancelled
2026-04-19 16:00,ord-000272,sell,75654.15,1776615227624,0,0,0,,,,0,cancelled
2026-04-19 16:00,ord-000273,buy,75659.95,1776615232624,0,0,0,,,,0,cancelled
2026-04-19 16:00,ord-000274,sell,75663.96,1776615232624,0,0,0,,,,0,cancelled
2026-04-19 16:00,ord-000275,buy,75665.32,1776615237624,0,0,0,,,,0,cancelled
2026-04-19 16:00,ord-000276,sell,75669.33,1776615237624,0,0,0,,,,0,cancelled
2026-04-19 16:00,ord-000277,buy,75674.99,1776615242624,0,0,0,,,,0,cancelled
2026-04-19 16:00,ord-000278,sell,75679.00,1776615242624,0,0,0,,,,0,cancelled
2026-04-19 16:00,ord-000279,buy,75681.75,1776615247624,0,0,0,,,,0,cancelled
2026-04-19 16:00,ord-000280,sell,75685.76,1776615247624,0,0,0,,,,0,cancelled
2026-04-19 16:00,ord-000281,buy,75687.08,1776615252624,0,0,0,,,,0,cancelled
2026-04-19 16:00,ord-000282,sell,75691.09,1776615252624,0.02368000,0,0,,,,0,cancelled
2026-04-19 16:00,ord-000283,buy,75685.30,1776615261924,0,0,0,,,,0,cancelled
2026-04-19 16:00,ord-000284,sell,75689.31,1776615261924,0,0,0,,,,0,cancelled
2026-04-19 16:00,ord-000285,buy,75689.83,1776615266924,0,0,0,,,,0,cancelled
2026-04-19 16:00,ord-000286,sell,75693.84,1776615266924,0,0,0,,,,0,cancelled
2026-04-19 16:00,ord-000287,buy,75685.58,1776615273424,0,0,0,,,,0,cancelled
2026-04-19 16:00,ord-000288,sell,75689.59,1776615273424,0,0,0,,,,0,cancelled
2026-04-19 16:00,ord-000289,buy,75667.75,1776615278424,0,0,0,,,,0,cancelled
2026-04-19 16:00,ord-000290,sell,75671.76,1776615278424,0,0,0,,,,0,cancelled
2026-04-19 16:00,ord-000291,buy,75658.43,1776615283424,0,0,0,,,,0,cancelled
2026-04-19 16:00,ord-000292,sell,75662.44,1776615283424,0,0,0,,,,0,cancelled
2026-04-19 16:00,ord-000293,buy,75666.87,1776615288424,0,0,0,,,,0,cancelled
2026-04-19 16:00,ord-000294,sell,75670.88,1776615288424,0,0,0,,,,0,cancelled
2026-04-19 16:00,ord-000295,buy,75665.97,1776615293424,0,0,0,,,,0,cancelled
2026-04-19 16:00,ord-000296,sell,75669.98,1776615293424,0,0,0,,,,0,cancelled
2026-04-19 16:00,ord-000297,buy,75659.30,1776615303124,0,0,0,,,,0,cancelled
2026-04-19 16:00,ord-000298,sell,75663.31,1776615303124,0,0,0,,,,0,cancelled
2026-04-19 16:00,ord-000299,buy,75663.14,1776615308124,0,0,0,,,,0,cancelled
2026-04-19 16:00,ord-000300,sell,75667.15,1776615308124,0,0,0,,,,0,cancelled
2026-04-19 16:00,ord-000301,buy,75669.72,1776615320524,0,0,0,,,,0,cancelled
2026-04-19 16:00,ord-000302,sell,75673.73,1776615320524,0.00014000,0.00014000,0,1776615320615,0.00014000,0.00000000,0.00007000,cancelled
2026-04-19 16:00,ord-000303,buy,75676.44,1776615325524,0,0,0,,,,0,cancelled
2026-04-19 16:00,ord-000304,sell,75680.45,1776615325524,0,0,0,,,,0,cancelled
2026-04-19 16:00,ord-000305,buy,75686.39,1776615330524,0,0,0,,,,0,cancelled
2026-04-19 16:00,ord-000306,sell,75690.40,1776615330524,0,0,0,,,,0,cancelled
2026-04-19 16:00,ord-000307,buy,75691.45,1776615335524,0,0,0,,,,0,cancelled
2026-04-19 16:00,ord-000308,sell,75695.46,1776615335524,0,0,0,,,,0,cancelled
2026-04-19 16:00,ord-000309,buy,75700.89,1776615340524,0,0,0,,,,0,cancelled
2026-04-19 16:00,ord-000310,sell,75704.90,1776615340524,0,0,0,,,,0,cancelled
2026-04-19 16:00,ord-000311,buy,75708.22,1776615345524,0,0,0,,,,0,cancelled
2026-04-19 16:00,ord-000312,sell,75712.23,1776615345524,0,0,0,,,,0,cancelled
2026-04-19 16:00,ord-000313,buy,75716.04,1776615358424,0,0,0,,,,0,cancelled
2026-04-19 16:00,ord-000314,sell,75720.05,1776615358424,0,0,0,,,,0,cancelled
2026-04-19 16:00,ord-000315,buy,75757.99,1776615363424,0,0,0,,,,0,cancelled
2026-04-19 16:00,ord-000316,sell,75762.00,1776615363424,0.00120000,0.00120000,0,,,,0,cancelled
2026-04-19 16:00,ord-000317,buy,75760.30,1776615368424,0,0,0,,,,0,cancelled
2026-04-19 16:00,ord-000318,sell,75764.31,1776615368424,0,0,0,,,,0,cancelled
2026-04-19 16:00,ord-000319,buy,75730.79,1776615373424,0,0,0,,,,0,cancelled
2026-04-19 16:00,ord-000320,sell,75734.80,1776615373424,0,0,0,,,,0,cancelled
2026-04-19 16:00,ord-000321,buy,75714.44,1776615378424,0,0,0,,,,0,cancelled
2026-04-19 16:00,ord-000322,sell,75718.45,1776615378424,0,0,0,,,,0,cancelled
2026-04-19 16:00,ord-000323,buy,75719.57,1776615393024,0,0,0,,,,0,cancelled
2026-04-19 16:00,ord-000324,sell,75723.58,1776615393024,0,0,0,,,,0,cancelled
2026-04-19 16:00,ord-000325,buy,75725.99,1776615398024,0,0,0,,,,0,cancelled
2026-04-19 16:00,ord-000326,sell,75730.00,1776615398024,0.00120000,0.00120000,0,,,,0,cancelled
2026-04-19 16:00,ord-000327,buy,75737.77,1776615403024,0,0,0,,,,0,cancelled
2026-04-19 16:00,ord-000328,sell,75741.78,1776615403024,0,0,0,,,,0,cancelled
2026-04-19 16:00,ord-000329,buy,75745.95,1776615408024,0,0,0,,,,0,cancelled
2026-04-19 16:00,ord-000330,sell,75749.96,1776615408024,0.00433000,0,0,,,,0,cancelled
2026-04-19 16:00,ord-000331,buy,75741.73,1776615413024,0,0,0,,,,0,cancelled
2026-04-19 16:00,ord-000332,sell,75745.74,1776615413024,0,0,0,,,,0,cancelled
2026-04-19 16:00,ord-000333,buy,75717.05,1776615418024,0,0,0,,,,0,cancelled
2026-04-19 16:00,ord-000334,sell,75721.06,1776615418024,0,0,0,,,,0,cancelled
2026-04-19 16:00,ord-000335,buy,75739.79,1776615423024,0,0,0,,,,0,cancelled
2026-04-19 16:00,ord-000336,sell,75743.80,1776615423024,0,0,0,,,,0,cancelled
2026-04-19 16:00,ord-000337,buy,75737.92,1776615428324,0,0,0,,,,0,cancelled
2026-04-19 16:00,ord-000338,sell,75741.93,1776615428324,0,0,0,,,,0,cancelled
2026-04-19 16:00,ord-000339,buy,75736.01,1776615433324,0,0,0,,,,0,cancelled
2026-04-19 16:00,ord-000340,sell,75740.02,1776615433324,0,0,0,,,,0,cancelled
2026-04-19 16:00,ord-000341,buy,75718.53,1776615438324,0,0,0,,,,0,cancelled
2026-04-19 16:00,ord-000342,sell,75722.54,1776615438324,0,0,0,,,,0,cancelled
2026-04-19 16:00,ord-000343,buy,75716.32,1776615448424,0,0,0,,,,0,cancelled
2026-04-19 16:00,ord-000344,sell,75720.33,1776615448424,0,0,0,,,,0,cancelled
2026-04-19 16:00,ord-000345,buy,75710.75,1776615453424,0,0,0,,,,0,cancelled
2026-04-19 16:00,ord-000346,sell,75714.76,1776615453424,0,0,0,,,,0,cancelled
2026-04-19 16:00,ord-000347,buy,75709.67,1776615459624,0,0,0,,,,0,cancelled
2026-04-19 16:00,ord-000348,sell,75713.68,1776615459624,0,0,0,,,,0,cancelled
2026-04-19 16:00,ord-000349,buy,75704.05,1776615464624,0,0,0,,,,0,cancelled
2026-04-19 16:00,ord-000350,sell,75708.06,1776615464624,0,0,0,,,,0,cancelled
2026-04-19 16:00,ord-000351,buy,75710.75,1776615469624,0.01334000,0,0,,,,0,cancelled
2026-04-19 16:00,ord-000352,sell,75714.76,1776615469624,0,0,0,,,,0,cancelled
2026-04-19 16:00,ord-000353,buy,75689.68,1776615474624,0,0,0,,,,0,cancelled
2026-04-19 16:00,ord-000354,sell,75693.69,1776615474624,0,0,0,,,,0,cancelled
2026-04-19 16:00,ord-000355,buy,75676.55,1776615479624,0,0,0,,,,0,cancelled
2026-04-19 16:00,ord-000356,sell,75680.56,1776615479624,0,0,0,,,,0,cancelled
2026-04-19 16:00,ord-000357,buy,75682.60,1776615484624,0,0,0,,,,0,cancelled
2026-04-19 16:00,ord-000358,sell,75686.61,1776615484624,0,0,0,,,,0,cancelled
2026-04-19 16:00,ord-000359,buy,75658.28,1776615489624,0,0,0,,,,0,cancelled
2026-04-19 16:00,ord-000360,sell,75662.29,1776615489624,0,0,0,,,,0,cancelled
2026-04-19 16:00,ord-000361,buy,75648.00,1776615494624,0.00120000,0.00120000,0,,,,0,cancelled
2026-04-19 16:00,ord-000362,sell,75652.01,1776615494624,0.25807000,0,0,,,,0,cancelled
2026-04-19 16:00,ord-000363,buy,75635.22,1776615499624,0,0,0,,,,0,cancelled
2026-04-19 16:00,ord-000364,sell,75639.23,1776615499624,0,0,0,,,,0,cancelled
2026-04-19 16:00,ord-000365,buy,75655.57,1776615504624,0,0,0,,,,0,cancelled
2026-04-19 16:00,ord-000366,sell,75659.58,1776615504624,0,0,0,,,,0,cancelled
2026-04-19 16:00,ord-000367,buy,75652.80,1776615520424,0,0,0,,,,0,cancelled
2026-04-19 16:00,ord-000368,sell,75656.81,1776615520424,0,0,0,,,,0,cancelled
2026-04-19 16:00,ord-000369,buy,75629.56,1776615525424,0,0,0,,,,0,cancelled
2026-04-19 16:00,ord-000370,sell,75633.57,1776615525424,0,0,0,,,,0,cancelled
2026-04-19 16:00,ord-000371,buy,75619.96,1776615530424,0,0,0,,,,0,cancelled
2026-04-19 16:00,ord-000372,sell,75623.97,1776615530424,0,0,0,,,,0,cancelled
2026-04-19 16:00,ord-000373,buy,75615.37,1776615535424,0,0,0,,,,0,cancelled
2026-04-19 16:00,ord-000374,sell,75619.38,1776615535424,0,0,0,,,,0,cancelled
2026-04-19 16:00,ord-000375,buy,75619.82,1776615543124,0,0,0,,,,0,cancelled
2026-04-19 16:00,ord-000376,sell,75623.83,1776615543124,0,0,0,,,,0,cancelled
2026-04-19 16:00,ord-000377,buy,75598.00,1776615548124,0.00120000,0,0,,,,0,cancelled
2026-04-19 16:00,ord-000378,sell,75602.01,1776615548124,0,0,0,,,,0,cancelled
2026-04-19 16:00,ord-000379,buy,75604.95,1776615564928,0,0,0,,,,0,cancelled
2026-04-19 16:00,ord-000380,sell,75608.96,1776615564928,0,0,0,,,,0,cancelled
2026-04-19 16:00,ord-000381,buy,75628.34,1776615570024,0,0,0,,,,0,cancelled
2026-04-19 16:00,ord-000382,sell,75632.35,1776615570024,0,0,0,,,,0,cancelled
2026-04-19 16:00,ord-000383,buy,75631.99,1776615575024,0,0,0,,,,0,cancelled
2026-04-19 16:00,ord-000384,sell,75636.00,1776615575024,0.00120000,0.00120000,0,,,,0,cancelled
2026-04-19 16:00,ord-000385,buy,75618.69,1776615580024,0,0,0,,,,0,cancelled
2026-04-19 16:00,ord-000386,sell,75622.70,1776615580024,0,0,0,,,,0,cancelled
2026-04-19 16:00,ord-000387,buy,75610.42,1776615593629,0,0,0,,,,0,cancelled
2026-04-19 16:00,ord-000388,sell,75614.43,1776615593629,0,0,0,,,,0,cancelled
2026-04-19 16:00,ord-000389,buy,75605.19,1776615598724,0,0,0,,,,0,cancelled
2026-04-19 16:00,ord-000390,sell,75609.20,1776615598724,0,0,0,,,,0,cancelled
2026-04-19 16:00,ord-000391,buy,75612.21,1776615603724,0,0,0,,,,0,cancelled
2026-04-19 16:00,ord-000392,sell,75616.22,1776615603724,0,0,0,,,,0,cancelled
2026-04-19 16:00,ord-000393,buy,75617.88,1776615616624,0,0,0,,,,0,cancelled
2026-04-19 16:00,ord-000394,sell,75621.89,1776615616624,0,0,0,,,,0,cancelled
2026-04-19 16:00,ord-000395,buy,75632.77,1776615621624,0,0,0,,,,0,cancelled
2026-04-19 16:00,ord-000396,sell,75636.78,1776615621624,0,0,0,,,,0,cancelled
2026-04-19 16:00,ord-000397,buy,75622.53,1776615626624,0,0,0,,,,0,cancelled
2026-04-19 16:00,ord-000398,sell,75626.54,1776615626624,0,0,0,,,,0,cancelled
2026-04-19 16:00,ord-000399,buy,75621.04,1776615631624,0,0,0,,,,0,cancelled
2026-04-19 16:00,ord-000400,sell,75625.05,1776615631624,0,0,0,,,,0,cancelled
2026-04-19 16:00,ord-000401,buy,75618.60,1776615636624,0,0,0,,,,0,cancelled
2026-04-19 16:00,ord-000402,sell,75622.61,1776615636624,0,0,0,,,,0,cancelled
2026-04-19 16:00,ord-000403,buy,75614.22,1776615641624,0,0,0,,,,0,cancelled
2026-04-19 16:00,ord-000404,sell,75618.23,1776615641624,0,0,0,,,,0,cancelled
2026-04-19 16:00,ord-000405,buy,75616.89,1776615646624,0,0,0,,,,0,cancelled
2026-04-19 16:00,ord-000406,sell,75620.90,1776615646624,0,0,0,,,,0,cancelled
2026-04-19 16:00,ord-000407,buy,75613.88,1776615652624,0,0,0,,,,0,cancelled
2026-04-19 16:00,ord-000408,sell,75617.89,1776615652624,0,0,0,,,,0,cancelled
2026-04-19 16:00,ord-000409,buy,75611.81,1776615657624,0,0,0,,,,0,cancelled
2026-04-19 16:00,ord-000410,sell,75615.82,1776615657624,0,0,0,,,,0,cancelled
2026-04-19 16:00,ord-000411,buy,75621.99,1776615662624,0,0,0,,,,0,cancelled
2026-04-19 16:00,ord-000412,sell,75626.00,1776615662624,0.00120000,0,0,,,,0,cancelled
2026-04-19 16:00,ord-000413,buy,75617.63,1776615670524,0,0,0,,,,0,cancelled
2026-04-19 16:00,ord-000414,sell,75621.64,1776615670524,0,0,0,,,,0,cancelled
2026-04-19 16:00,ord-000415,buy,75613.86,1776615675524,0,0,0,,,,0,cancelled
2026-04-19 16:00,ord-000416,sell,75617.87,1776615675524,0,0,0,,,,0,cancelled
2026-04-19 16:00,ord-000417,buy,75608.06,1776615680524,0,0,0,,,,0,cancelled
2026-04-19 16:00,ord-000418,sell,75612.07,1776615680524,0,0,0,,,,0,cancelled
2026-04-19 16:00,ord-000419,buy,75598.69,1776615685524,0,0,0,,,,0,cancelled
2026-04-19 16:00,ord-000420,sell,75602.70,1776615685524,0.00007000,0,0,,,,0,cancelled
2026-04-19 16:00,ord-000421,buy,75589.29,1776615690524,0,0,0,,,,0,cancelled
2026-04-19 16:00,ord-000422,sell,75593.30,1776615690524,0,0,0,,,,0,cancelled
2026-04-19 16:00,ord-000423,buy,75574.78,1776615695524,0,0,0,,,,0,cancelled
2026-04-19 16:00,ord-000424,sell,75578.79,1776615695524,0,0,0,,,,0,cancelled
2026-04-19 16:00,ord-000425,buy,75574.36,1776615706224,0,0,0,,,,0,cancelled
2026-04-19 16:00,ord-000426,sell,75578.37,1776615706224,0,0,0,,,,0,cancelled
2026-04-19 16:00,ord-000427,buy,75572.93,1776615711224,0,0,0,,,,0,cancelled
2026-04-19 16:00,ord-000428,sell,75576.94,1776615711224,0,0,0,,,,0,cancelled
2026-04-19 16:00,ord-000429,buy,75574.78,1776615716224,0,0,0,,,,0,cancelled
2026-04-19 16:00,ord-000430,sell,75578.79,1776615716224,0,0,0,,,,0,cancelled
2026-04-19 16:00,ord-000431,buy,75587.99,1776615723424,0,0,0,,,,0,cancelled
2026-04-19 16:00,ord-000432,sell,75592.00,1776615723424,0.00120000,0,0,,,,0,cancelled
2026-04-19 16:00,ord-000433,buy,75576.17,1776615728424,0,0,0,,,,0,cancelled
2026-04-19 16:00,ord-000434,sell,75580.18,1776615728424,0,0,0,,,,0,cancelled
2026-04-19 16:00,ord-000435,buy,75567.37,1776615733424,0,0,0,,,,0,cancelled
2026-04-19 16:00,ord-000436,sell,75571.38,1776615733424,0,0,0,,,,0,cancelled
2026-04-19 16:00,ord-000437,buy,75555.61,1776615738424,0,0,0,,,,0,cancelled
2026-04-19 16:00,ord-000438,sell,75559.62,1776615738424,0,0,0,,,,0,cancelled
2026-04-19 16:00,ord-000439,buy,75559.33,1776615743424,0,0,0,,,,0,cancelled
2026-04-19 16:00,ord-000440,sell,75563.34,1776615743424,0,0,0,,,,0,cancelled
2026-04-19 16:00,ord-000441,buy,75552.88,1776615748424,0,0,0,,,,0,cancelled
2026-04-19 16:00,ord-000442,sell,75556.89,1776615748424,0,0,0,,,,0,cancelled
2026-04-19 16:00,ord-000443,buy,75561.90,1776615753424,0,0,0,,,,0,cancelled
2026-04-19 16:00,ord-000444,sell,75565.91,1776615753424,0,0,0,,,,0,cancelled
2026-04-19 16:00,ord-000445,buy,75574.78,1776615758424,0,0,0,,,,0,cancelled
2026-04-19 16:00,ord-000446,sell,75578.79,1776615758424,0,0,0,,,,0,cancelled
2026-04-19 16:00,ord-000447,buy,75584.18,1776615763424,0,0,0,,,,0,cancelled
2026-04-19 16:00,ord-000448,sell,75588.19,1776615763424,0,0,0,,,,0,cancelled
2026-04-19 16:00,ord-000449,buy,75559.86,1776615768424,0,0,0,,,,0,cancelled
2026-04-19 16:00,ord-000450,sell,75563.87,1776615768424,0,0,0,,,,0,cancelled
2026-04-19 16:00,ord-000451,buy,75574.98,1776615773424,0,0,0,,,,0,cancelled
2026-04-19 16:00,ord-000452,sell,75578.99,1776615773424,0,0,0,,,,0,cancelled
2026-04-19 16:00,ord-000453,buy,75562.13,1776615778424,0,0,0,1776615781756,0,0,0.00063000,cancelled
2026-04-19 16:00,ord-000454,sell,75566.14,1776615778424,0,0,0,,,,0,cancelled
2026-04-19 16:00,ord-000455,buy,75556.34,1776615783424,0,0,0,,,,0,cancelled
2026-04-19 16:00,ord-000456,sell,75560.35,1776615783424,0,0,0,,,,0,cancelled
2026-04-19 16:00,ord-000457,buy,75548.53,1776615788424,0,0,0,,,,0,cancelled
2026-04-19 16:00,ord-000458,sell,75552.54,1776615788424,0,0,0,,,,0,cancelled
2026-04-19 16:00,ord-000459,buy,75551.63,1776615797224,0,0,0,,,,0,cancelled
2026-04-19 16:00,ord-000460,sell,75555.64,1776615797224,0,0,0,,,,0,cancelled
2026-04-19 16:00,ord-000461,buy,75579.01,1776615802224,0,0,0,,,,0,cancelled
2026-04-19 16:00,ord-000462,sell,75583.02,1776615802224,0,0,0,,,,0,cancelled
2026-04-19 16:00,ord-000463,buy,75596.80,1776615807224,0,0,0,,,,0,cancelled
2026-04-19 16:00,ord-000464,sell,75600.81,1776615807224,0,0,0,,,,0,cancelled
2026-04-19 16:00,ord-000465,buy,75616.64,1776615812224,0,0,0,,,,0,cancelled
2026-04-19 16:00,ord-000466,sell,75620.65,1776615812224,0,0,0,,,,0,cancelled
2026-04-19 16:00,ord-000467,buy,75616.62,1776615820424,0,0,0,,,,0,cancelled
2026-04-19 16:00,ord-000468,sell,75620.63,1776615820424,0,0,0,,,,0,cancelled
2026-04-19 16:00,ord-000469,buy,75617.99,1776615833724,0,0,0,,,,0,cancelled
2026-04-19 16:00,ord-000470,sell,75622.00,1776615833724,0.00120000,0.00120000,0,,,,0,cancelled
2026-04-19 16:00,ord-000471,buy,75631.53,1776615838724,0,0,0,,,,0,cancelled
2026-04-19 16:00,ord-000472,sell,75635.54,1776615838724,0,0,0,,,,0,cancelled
2026-04-19 16:00,ord-000473,buy,75632.68,1776615844724,0,0,0,,,,0,cancelled
2026-04-19 16:00,ord-000474,sell,75636.69,1776615844724,0,0,0,,,,0,cancelled
2026-04-19 16:00,ord-000475,buy,75638.69,1776615849724,0,0,0,,,,0,cancelled
2026-04-19 16:00,ord-000476,sell,75642.70,1776615849724,0,0,0,,,,0,cancelled
2026-04-19 16:00,ord-000477,buy,75641.93,1776615870524,0,0,0,,,,0,cancelled
2026-04-19 16:00,ord-000478,sell,75645.94,1776615870524,0,0,0,,,,0,cancelled
2026-04-19 16:00,ord-000479,buy,75638.97,1776615879724,0,0,0,,,,0,cancelled
2026-04-19 16:00,ord-000480,sell,75642.98,1776615879724,0,0,0,,,,0,cancelled
2026-04-19 16:00,ord-000481,buy,75641.93,1776615884724,0,0,0,,,,0,cancelled
2026-04-19 16:00,ord-000482,sell,75645.94,1776615884724,0,0,0,,,,0,cancelled
2026-04-19 16:00,ord-000483,buy,75641.30,1776615889724,0,0,0,,,,0,cancelled
2026-04-19 16:00,ord-000484,sell,75645.31,1776615889724,0,0,0,,,,0,cancelled
2026-04-19 16:00,ord-000485,buy,75633.14,1776615894724,0,0,0,,,,0,cancelled
2026-04-19 16:00,ord-000486,sell,75637.15,1776615894724,0.04081000,0,0,,,,0,cancelled
2026-04-19 16:00,ord-000487,buy,75616.76,1776615899724,0,0,0,,,,0,cancelled
2026-04-19 16:00,ord-000488,sell,75620.77,1776615899724,0,0,0,,,,0,cancelled
2026-04-19 16:00,ord-000489,buy,75631.90,1776615904724,0,0,0,,,,0,cancelled
2026-04-19 16:00,ord-000490,sell,75635.91,1776615904724,0,0,0,,,,0,cancelled
2026-04-19 16:00,ord-000491,buy,75627.70,1776615909724,0,0,0,,,,0,cancelled
2026-04-19 16:00,ord-000492,sell,75631.71,1776615909724,0,0,0,,,,0,cancelled
2026-04-19 16:00,ord-000493,buy,75640.13,1776615914724,0,0,0,,,,0,cancelled
2026-04-19 16:00,ord-000494,sell,75644.14,1776615914724,0.00008000,0.00008000,0,,,,0,cancelled
2026-04-19 16:00,ord-000495,buy,75642.82,1776615919724,0,0,0,,,,0,cancelled
2026-04-19 16:00,ord-000496,sell,75646.83,1776615919724,0,0,0,,,,0,cancelled
2026-04-19 16:00,ord-000497,buy,75643.32,1776615925724,0,0,0,,,,0,cancelled
2026-04-19 16:00,ord-000498,sell,75647.33,1776615925724,0,0,0,,,,0,cancelled
2026-04-19 16:00,ord-000499,buy,75644.03,1776615930724,0,0,0,,,,0,cancelled
2026-04-19 16:00,ord-000500,sell,75648.04,1776615930724,0,0,0,,,,0,cancelled
2026-04-19 16:00,ord-000501,buy,75640.58,1776615946925,0,0,0,,,,0,cancelled
2026-04-19 16:00,ord-000502,sell,75644.59,1776615946925,0,0,0,,,,0,cancelled
2026-04-19 16:00,ord-000503,buy,75644.03,1776615964224,0,0,0,,,,0,cancelled
2026-04-19 16:00,ord-000504,sell,75648.04,1776615964224,0,0,0,,,,0,cancelled
2026-04-19 16:00,ord-000505,buy,75661.15,1776615969224,0,0,0,,,,0,cancelled
2026-04-19 16:00,ord-000506,sell,75665.16,1776615969224,0,0,0,,,,0,cancelled
2026-04-19 16:00,ord-000507,buy,75680.29,1776615974224,0,0,0,,,,0,cancelled
2026-04-19 16:00,ord-000508,sell,75684.30,1776615974224,0,0,0,,,,0,cancelled
2026-04-19 16:00,ord-000509,buy,75709.04,1776615979224,0,0,0,,,,0,cancelled
2026-04-19 16:00,ord-000510,sell,75713.05,1776615979224,0,0,0,,,,0,cancelled
2026-04-19 16:00,ord-000511,buy,75717.99,1776615984224,0,0,0,,,,0,cancelled
2026-04-19 16:00,ord-000512,sell,75722.00,1776615984224,0.00120000,0,0,,,,0,cancelled
2026-04-19 16:00,ord-000513,buy,75698.04,1776615989224,0,0,0,,,,0,cancelled
2026-04-19 16:00,ord-000514,sell,75702.05,1776615989224,0,0,0,,,,0,cancelled
2026-04-19 16:00,ord-000515,buy,75690.47,1776615994224,0,0,0,,,,0,cancelled
2026-04-19 16:00,ord-000516,sell,75694.48,1776615994224,0,0,0,,,,0,cancelled
2026-04-19 16:00,ord-000517,buy,75688.26,1776615999224,0,0,0,,,,0,cancelled
2026-04-19 16:00,ord-000518,sell,75692.27,1776615999224,0,0,0,,,,0,cancelled
2026-04-19 16:00,ord-000519,buy,75695.99,1776616004224,2.05982000,0,0,,,,0,cancelled
2026-04-19 16:00,ord-000520,sell,75700.00,1776616004224,0.00120000,0.00120000,0,,,,0,cancelled
2026-04-19 16:00,ord-000521,buy,75697.87,1776616009224,0,0,0,,,,0,cancelled
2026-04-19 16:00,ord-000522,sell,75701.88,1776616009224,0,0,0,,,,0,cancelled
2026-04-19 16:00,ord-000523,buy,75696.83,1776616016824,0,0,0,,,,0,cancelled
2026-04-19 16:00,ord-000524,sell,75700.84,1776616016824,0,0,0,,,,0,cancelled
2026-04-19 16:00,ord-000525,buy,75687.86,1776616021824,0,0,0,,,,0,cancelled
2026-04-19 16:00,ord-000526,sell,75691.87,1776616021824,0,0,0,,,,0,cancelled
2026-04-19 16:00,ord-000527,buy,75681.61,1776616027924,0,0,0,,,,0,cancelled
2026-04-19 16:00,ord-000528,sell,75685.62,1776616027924,0,0,0,,,,0,cancelled
2026-04-19 16:00,ord-000529,buy,75666.43,1776616032924,0,0,0,,,,0,cancelled
2026-04-19 16:00,ord-000530,sell,75670.44,1776616032924,0,0,0,,,,0,cancelled
2026-04-19 16:00,ord-000531,buy,75656.16,1776616037924,0,0,0,,,,0,cancelled
2026-04-19 16:00,ord-000532,sell,75660.17,1776616037924,0,0,0,,,,0,cancelled
2026-04-19 16:00,ord-000533,buy,75648.47,1776616042924,0,0,0,,,,0,cancelled
2026-04-19 16:00,ord-000534,sell,75652.48,1776616042924,0,0,0,,,,0,cancelled
2026-04-19 16:00,ord-000535,buy,75652.28,1776616047924,0,0,0,,,,0,cancelled
2026-04-19 16:00,ord-000536,sell,75656.29,1776616047924,0,0,0,,,,0,cancelled
2026-04-19 16:00,ord-000537,buy,75651.31,1776616058224,0,0,0,,,,0,cancelled
2026-04-19 16:00,ord-000538,sell,75655.32,1776616058224,0,0,0,,,,0,cancelled
2026-04-19 16:00,ord-000539,buy,75647.90,1776616063225,0,0,0,,,,0,cancelled
2026-04-19 16:00,ord-000540,sell,75651.91,1776616063225,0,0,0,,,,0,cancelled
2026-04-19 16:00,ord-000541,buy,75646.00,1776616081225,0.00120000,0.00120000,0,,,,0,cancelled
2026-04-19 16:00,ord-000542,sell,75650.01,1776616081225,0,0,0,,,,0,cancelled
2026-04-19 16:00,ord-000543,buy,75633.03,1776616086324,0,0,0,,,,0,cancelled
2026-04-19 16:00,ord-000544,sell,75637.04,1776616086324,0,0,0,,,,0,cancelled
2026-04-19 16:00,ord-000545,buy,75621.72,1776616091324,0,0,0,,,,0,cancelled
2026-04-19 16:00,ord-000546,sell,75625.73,1776616091324,0,0,0,,,,0,cancelled
2026-04-19 16:00,ord-000547,buy,75602.17,1776616108948,0,0,0,,,,0,cancelled
2026-04-19 16:00,ord-000548,sell,75606.18,1776616108948,0,0,0,,,,0,cancelled
2026-04-19 16:00,ord-000549,buy,75579.53,1776616114024,0,0,0,,,,0,cancelled
2026-04-19 16:00,ord-000550,sell,75583.54,1776616114024,0,0,0,,,,0,cancelled
2026-04-19 16:00,ord-000551,buy,75576.83,1776616119024,0,0,0,,,,0,cancelled
2026-04-19 16:00,ord-000552,sell,75580.84,1776616119024,0,0,0,,,,0,cancelled
2026-04-19 16:00,ord-000553,buy,75561.94,1776616124024,0,0,0,,,,0,cancelled
2026-04-19 16:00,ord-000554,sell,75565.95,1776616124024,0,0,0,,,,0,cancelled
2026-04-19 16:00,ord-000555,buy,75569.50,1776616129024,0,0,0,,,,0,cancelled
2026-04-19 16:00,ord-000556,sell,75573.51,1776616129024,0,0,0,,,,0,cancelled
2026-04-19 16:00,ord-000557,buy,75570.63,1776616141724,0,0,0,,,,0,cancelled
2026-04-19 16:00,ord-000558,sell,75574.64,1776616141724,0,0,0,,,,0,cancelled
2026-04-19 16:00,ord-000559,buy,75569.50,1776616146724,0,0,0,,,,0,cancelled
2026-04-19 16:00,ord-000560,sell,75573.51,1776616146724,0,0,0,,,,0,cancelled
2026-04-19 16:00,ord-000561,buy,75561.94,1776616156924,0,0,0,,,,0,cancelled
2026-04-19 16:00,ord-000562,sell,75565.95,1776616156924,0,0,0,,,,0,cancelled
2026-04-19 16:00,ord-000563,buy,75567.99,1776616167824,0,0,0,,,,0,cancelled
2026-04-19 16:00,ord-000564,sell,75572.00,1776616167824,0.00120000,0,0,,,,0,cancelled
2026-04-19 16:00,ord-000565,buy,75561.94,1776616204627,0,0,0,,,,0,cancelled
2026-04-19 16:00,ord-000566,sell,75565.95,1776616204627,0,0,0,,,,0,cancelled
2026-04-19 16:00,ord-000567,buy,75538.99,1776616209724,0,0,0,,,,0,cancelled
2026-04-19 16:00,ord-000568,sell,75543.00,1776616209724,0,0,0,,,,0,cancelled
2026-04-19 16:00,ord-000569,buy,75526.56,1776616214724,0,0,0,,,,0,cancelled
2026-04-19 16:00,ord-000570,sell,75530.57,1776616214724,0,0,0,,,,0,cancelled
2026-04-19 16:00,ord-000571,buy,75555.79,1776616219724,0,0,0,,,,0,cancelled
2026-04-19 16:00,ord-000572,sell,75559.80,1776616219724,0,0,0,,,,0,cancelled
2026-04-19 16:00,ord-000573,buy,75567.99,1776616224724,0.00851000,0,0,,,,0,cancelled
2026-04-19 16:00,ord-000574,sell,75572.00,1776616224724,0.00120000,0.00120000,0,,,,0,cancelled
2026-04-19 16:00,ord-000575,buy,75573.25,1776616238524,0,0,0,,,,0,cancelled
2026-04-19 16:00,ord-000576,sell,75577.26,1776616238524,0,0,0,,,,0,cancelled
2026-04-19 16:00,ord-000577,buy,75569.74,1776616243524,0,0,0,,,,0,cancelled
2026-04-19 16:00,ord-000578,sell,75573.75,1776616243524,0,0,0,,,,0,cancelled
2026-04-19 16:00,ord-000579,buy,75568.84,1776616248524,0,0,0,,,,0,cancelled
2026-04-19 16:00,ord-000580,sell,75572.85,1776616248524,0,0,0,,,,0,cancelled
2026-04-19 16:00,ord-000581,buy,75574.59,1776616253524,0,0,0,,,,0,cancelled
2026-04-19 16:00,ord-000582,sell,75578.60,1776616253524,0,0,0,,,,0,cancelled
2026-04-19 16:00,ord-000583,buy,75574.78,1776616266724,0,0,0,,,,0,cancelled
2026-04-19 16:00,ord-000584,sell,75578.79,1776616266724,0,0,0,,,,0,cancelled
2026-04-19 16:00,ord-000585,buy,75574.61,1776616271724,0,0,0,,,,0,cancelled
2026-04-19 16:00,ord-000586,sell,75578.62,1776616271724,0,0,0,,,,0,cancelled
2026-04-19 16:00,ord-000587,buy,75568.44,1776616276724,0,0,0,,,,0,cancelled
2026-04-19 16:00,ord-000588,sell,75572.45,1776616276724,0,0,0,,,,0,cancelled
2026-04-19 16:00,ord-000589,buy,75566.62,1776616281724,0,0,0,,,,0,cancelled
2026-04-19 16:00,ord-000590,sell,75570.63,1776616281724,0,0,0,,,,0,cancelled
2026-04-19 16:00,ord-000591,buy,75586.28,1776616286724,0,0,0,,,,0,cancelled
2026-04-19 16:00,ord-000592,sell,75590.29,1776616286724,0,0,0,,,,0,cancelled
2026-04-19 16:00,ord-000593,buy,75598.68,1776616291724,0,0,0,,,,0,cancelled
2026-04-19 16:00,ord-000594,sell,75602.69,1776616291724,0,0,0,,,,0,cancelled
2026-04-19 16:00,ord-000595,buy,75602.07,1776616296924,0,0,0,,,,0,cancelled
2026-04-19 16:00,ord-000596,sell,75606.08,1776616296924,0,0,0,,,,0,cancelled
2026-04-19 16:00,ord-000597,buy,75601.42,1776616301924,0,0,0,,,,0,cancelled
2026-04-19 16:00,ord-000598,sell,75605.43,1776616301924,0,0,0,,,,0,cancelled
2026-04-19 16:00,ord-000599,buy,75602.07,1776616307024,0,0,0,,,,0,cancelled
2026-04-19 16:00,ord-000600,sell,75606.08,1776616307024,0,0,0,,,,0,cancelled
2026-04-19 16:00,ord-000601,buy,75603.76,1776616312024,0,0,0,,,,0,cancelled
2026-04-19 16:00,ord-000602,sell,75607.77,1776616312024,0.00133000,0,0,,,,0,cancelled
2026-04-19 16:00,ord-000603,buy,75603.43,1776616317024,0,0,0,,,,0,cancelled
2026-04-19 16:00,ord-000604,sell,75607.44,1776616317024,0,0,0,,,,0,cancelled
2026-04-19 16:00,ord-000605,buy,75597.71,1776616322024,0,0,0,,,,0,cancelled
2026-04-19 16:00,ord-000606,sell,75601.72,1776616322024,0,0,0,,,,0,cancelled
2026-04-19 16:00,ord-000607,buy,75593.00,1776616327024,0,0,0,,,,0,cancelled
2026-04-19 16:00,ord-000608,sell,75597.01,1776616327024,0,0,0,,,,0,cancelled
2026-04-19 16:00,ord-000609,buy,75590.04,1776616333824,0,0,0,,,,0,cancelled
2026-04-19 16:00,ord-000610,sell,75594.05,1776616333824,0,0,0,,,,0,cancelled
2026-04-19 16:00,ord-000611,buy,75584.21,1776616341524,0,0,0,,,,0,cancelled
2026-04-19 16:00,ord-000612,sell,75588.22,1776616341524,0,0,0,,,,0,cancelled
2026-04-19 16:00,ord-000613,buy,75576.90,1776616346524,0,0,0,,,,0,cancelled
2026-04-19 16:00,ord-000614,sell,75580.91,1776616346524,0,0,0,,,,0,cancelled
2026-04-19 16:00,ord-000615,buy,75585.57,1776616351524,0,0,0,,,,0,cancelled
2026-04-19 16:00,ord-000616,sell,75589.58,1776616351524,0,0,0,,,,0,cancelled
2026-04-19 16:00,ord-000617,buy,75581.58,1776616358424,0,0,0,,,,0,cancelled
2026-04-19 16:00,ord-000618,sell,75585.59,1776616358424,0,0,0,,,,0,cancelled
2026-04-19 16:00,ord-000619,buy,75575.57,1776616363424,0,0,0,,,,0,cancelled
2026-04-19 16:00,ord-000620,sell,75579.58,1776616363424,0,0,0,,,,0,cancelled
2026-04-19 16:00,ord-000621,buy,75588.12,1776616368424,0,0,0,,,,0,cancelled
2026-04-19 16:00,ord-000622,sell,75592.13,1776616368424,0,0,0,,,,0,cancelled
2026-04-19 16:00,ord-000623,buy,75597.60,1776616373425,0,0,0,,,,0,cancelled
2026-04-19 16:00,ord-000624,sell,75601.61,1776616373425,0,0,0,,,,0,cancelled
2026-04-19 16:00,ord-000625,buy,75603.12,1776616381624,0,0,0,,,,0,cancelled
2026-04-19 16:00,ord-000626,sell,75607.13,1776616381624,0,0,0,,,,0,cancelled
2026-04-19 16:00,ord-000627,buy,75611.35,1776616386624,0,0,0,,,,0,cancelled
2026-04-19 16:00,ord-000628,sell,75615.36,1776616386624,0,0,0,,,,0,cancelled
2026-04-19 16:00,ord-000629,buy,75607.80,1776616391624,0,0,0,,,,0,cancelled
2026-04-19 16:00,ord-000630,sell,75611.81,1776616391624,0,0,0,,,,0,cancelled
2026-04-19 16:00,ord-000631,buy,75621.72,1776616396624,0,0,0,,,,0,cancelled
2026-04-19 16:00,ord-000632,sell,75625.73,1776616396624,0,0,0,,,,0,cancelled
2026-04-19 16:00,ord-000633,buy,75630.88,1776616401624,0,0,0,,,,0,cancelled
2026-04-19 16:00,ord-000634,sell,75634.89,1776616401624,0,0,0,,,,0,cancelled
2026-04-19 16:00,ord-000635,buy,75632.51,1776616406624,0,0,0,,,,0,cancelled
2026-04-19 16:00,ord-000636,sell,75636.52,1776616406624,0,0,0,,,,0,cancelled
2026-04-19 16:00,ord-000637,buy,75634.09,1776616424724,0,0,0,,,,0,cancelled
2026-04-19 16:00,ord-000638,sell,75638.10,1776616424724,0,0,0,,,,0,cancelled
2026-04-19 16:00,ord-000639,buy,75636.30,1776616431424,0,0,0,,,,0,cancelled
2026-04-19 16:00,ord-000640,sell,75640.31,1776616431424,0,0,0,,,,0,cancelled
2026-04-19 16:00,ord-000641,buy,75644.03,1776616436424,0,0,0,,,,0,cancelled
2026-04-19 16:00,ord-000642,sell,75648.04,1776616436424,0,0,0,,,,0,cancelled
2026-04-19 16:00,ord-000643,buy,75644.59,1776616453425,0.43643000,0,0,,,,0,cancelled
2026-04-19 16:00,ord-000644,sell,75648.60,1776616453425,0,0,0,,,,0,cancelled
2026-04-19 16:00,ord-000645,buy,75661.99,1776616458524,0,0,0,,,,0,cancelled
2026-04-19 16:00,ord-000646,sell,75666.00,1776616458524,0.00120000,0.00120000,0,,,,0,cancelled
2026-04-19 16:00,ord-000647,buy,75665.89,1776616463524,0,0,0,,,,0,cancelled
2026-04-19 16:00,ord-000648,sell,75669.90,1776616463524,0,0,0,,,,0,cancelled
2026-04-19 16:00,ord-000649,buy,75677.99,1776616468524,2.35772000,0,0,,,,0,cancelled
2026-04-19 16:00,ord-000650,sell,75682.00,1776616468524,0.00120000,0.00120000,0,,,,0,cancelled
2026-04-19 16:00,ord-000651,buy,75695.43,1776616473524,0,0,0,,,,0,cancelled
2026-04-19 16:00,ord-000652,sell,75699.44,1776616473524,0.00133000,0.00133000,0,,,,0,cancelled
2026-04-19 16:00,ord-000653,buy,75700.03,1776616478524,0,0,0,,,,0,cancelled
2026-04-19 16:00,ord-000654,sell,75704.04,1776616478524,0,0,0,,,,0,cancelled
2026-04-19 16:00,ord-000655,buy,75692.78,1776616483524,0,0,0,,,,0,cancelled
2026-04-19 16:00,ord-000656,sell,75696.79,1776616483524,0,0,0,,,,0,cancelled
2026-04-19 16:00,ord-000657,buy,75677.55,1776616488524,0,0,0,,,,0,cancelled
2026-04-19 16:00,ord-000658,sell,75681.56,1776616488524,0,0,0,,,,0,cancelled
2026-04-19 16:00,ord-000659,buy,75671.68,1776616493524,0,0,0,,,,0,cancelled
2026-04-19 16:00,ord-000660,sell,75675.69,1776616493524,0,0,0,,,,0,cancelled
2026-04-19 16:00,ord-000661,buy,75671.73,1776616507824,0,0,0,,,,0,cancelled
2026-04-19 16:00,ord-000662,sell,75675.74,1776616507824,0,0,0,,,,0,cancelled
2026-04-19 16:00,ord-000663,buy,75688.15,1776616512824,0,0,0,,,,0,cancelled
2026-04-19 16:00,ord-000664,sell,75692.16,1776616512824,0,0,0,,,,0,cancelled
2026-04-19 16:00,ord-000665,buy,75689.88,1776616517824,0,0,0,,,,0,cancelled
2026-04-19 16:00,ord-000666,sell,75693.89,1776616517824,0,0,0,,,,0,cancelled
2026-04-19 16:00,ord-000667,buy,75685.10,1776616522824,0,0,0,,,,0,cancelled
2026-04-19 16:00,ord-000668,sell,75689.11,1776616522824,0,0,0,,,,0,cancelled
2026-04-19 16:00,ord-000669,buy,75685.09,1776616531024,0,0,0,,,,0,cancelled
2026-04-19 16:00,ord-000670,sell,75689.10,1776616531024,0,0,0,,,,0,cancelled
2026-04-19 16:00,ord-000671,buy,75680.64,1776616536024,0,0,0,,,,0,cancelled
2026-04-19 16:00,ord-000672,sell,75684.65,1776616536024,0,0,0,,,,0,cancelled
2026-04-19 16:00,ord-000673,buy,75676.39,1776616541024,0,0,0,,,,0,cancelled
2026-04-19 16:00,ord-000674,sell,75680.40,1776616541024,0,0,0,,,,0,cancelled
2026-04-19 16:00,ord-000675,buy,75681.63,1776616546024,0,0,0,,,,0,cancelled
2026-04-19 16:00,ord-000676,sell,75685.64,1776616546024,0,0,0,,,,0,cancelled
2026-04-19 16:00,ord-000677,buy,75644.03,1776616551024,0,0,0,,,,0,cancelled
2026-04-19 16:00,ord-000678,sell,75648.04,1776616551024,0,0,0,,,,0,cancelled
2026-04-19 16:00,ord-000679,buy,75641.07,1776616558725,0,0,0,,,,0,cancelled
2026-04-19 16:00,ord-000680,sell,75645.08,1776616558725,0,0,0,,,,0,cancelled
2026-04-19 16:00,ord-000681,buy,75639.97,1776616565024,0,0,0,,,,0,cancelled
2026-04-19 16:00,ord-000682,sell,75643.98,1776616565024,0,0,0,,,,0,cancelled
2026-04-19 16:00,ord-000683,buy,75639.72,1776616570024,0,0,0,,,,0,cancelled
2026-04-19 16:00,ord-000684,sell,75643.73,1776616570024,0,0,0,,,,0,cancelled
2026-04-19 16:00,ord-000685,buy,75638.24,1776616575024,0,0,0,,,,0,cancelled
2026-04-19 16:00,ord-000686,sell,75642.25,1776616575024,0,0,0,,,,0,cancelled
2026-04-19 16:00,ord-000687,buy,75644.03,1776616583824,0,0,0,,,,0,cancelled
2026-04-19 16:00,ord-000688,sell,75648.04,1776616583824,0,0,0,,,,0,cancelled
2026-04-19 16:00,ord-000689,buy,75641.38,1776616588824,0,0,0,,,,0,cancelled
2026-04-19 16:00,ord-000690,sell,75645.39,1776616588824,0,0,0,,,,0,cancelled
2026-04-19 16:00,ord-000691,buy,75624.05,1776616593824,0,0,0,,,,0,cancelled
2026-04-19 16:00,ord-000692,sell,75628.06,1776616593824,0,0,0,,,,0,cancelled
2026-04-19 16:00,ord-000693,buy,75614.94,1776616598824,0,0,0,,,,0,cancelled
2026-04-19 16:00,ord-000694,sell,75618.95,1776616598824,0,0,0,,,,0,cancelled
2026-04-19 16:00,ord-000695,buy,75612.67,1776616622824,0,0,0,,,,0,cancelled
2026-04-19 16:00,ord-000696,sell,75616.68,1776616622824,0,0,0,,,,0,cancelled
2026-04-19 16:00,ord-000697,buy,75619.99,1776616632824,0,0,0,,,,0,cancelled
2026-04-19 16:00,ord-000698,sell,75624.00,1776616632824,0.00120000,0.00120000,0,,,,0,cancelled
2026-04-19 16:00,ord-000699,buy,75620.40,1776616637824,0,0,0,,,,0,cancelled
2026-04-19 16:00,ord-000700,sell,75624.41,1776616637824,0,0,0,,,,0,cancelled
2026-04-19 16:00,ord-000701,buy,75620.44,1776616642824,0,0,0,,,,0,cancelled
2026-04-19 16:00,ord-000702,sell,75624.45,1776616642824,0,0,0,,,,0,cancelled
2026-04-19 16:00,ord-000703,buy,75629.39,1776616647824,0,0,0,,,,0,cancelled
2026-04-19 16:00,ord-000704,sell,75633.40,1776616647824,0,0,0,,,,0,cancelled
2026-04-19 16:00,ord-000705,buy,75631.99,1776616652824,0,0,0,,,,0,cancelled
2026-04-19 16:00,ord-000706,sell,75636.00,1776616652824,0.00120000,0.00120000,0,,,,0,cancelled
2026-04-19 16:00,ord-000707,buy,75635.14,1776616670424,0,0,0,,,,0,cancelled
2026-04-19 16:00,ord-000708,sell,75639.15,1776616670424,0,0,0,,,,0,cancelled
2026-04-19 16:00,ord-000709,buy,75637.98,1776616700624,0,0,0,,,,0,cancelled
2026-04-19 16:00,ord-000710,sell,75641.99,1776616700624,0,0,0,,,,0,cancelled
2026-04-19 16:00,ord-000711,buy,75642.91,1776616705624,0,0,0,,,,0,cancelled
2026-04-19 16:00,ord-000712,sell,75646.92,1776616705624,0,0,0,,,,0,cancelled
2026-04-19 16:00,ord-000713,buy,75625.95,1776616710624,0,0,0,,,,0,cancelled
2026-04-19 16:00,ord-000714,sell,75629.96,1776616710624,0,0,0,,,,0,cancelled
2026-04-19 16:00,ord-000715,buy,75631.25,1776616715624,0,0,0,,,,0,cancelled
2026-04-19 16:00,ord-000716,sell,75635.26,1776616715624,0,0,0,,,,0,cancelled
2026-04-19 16:00,ord-000717,buy,75636.95,1776616726424,0,0,0,,,,0,cancelled
2026-04-19 16:00,ord-000718,sell,75640.96,1776616726424,0,0,0,,,,0,cancelled
2026-04-19 16:00,ord-000719,buy,75644.03,1776616732324,0,0,0,,,,0,cancelled
2026-04-19 16:00,ord-000720,sell,75648.04,1776616732324,0,0,0,,,,0,cancelled
2026-04-19 16:00,ord-000721,buy,75639.25,1776616740624,0,0,0,,,,0,cancelled
2026-04-19 16:00,ord-000722,sell,75643.26,1776616740624,0,0,0,,,,0,cancelled
2026-04-19 16:00,ord-000723,buy,75638.47,1776616747724,0,0,0,,,,0,cancelled
2026-04-19 16:00,ord-000724,sell,75642.48,1776616747724,0,0,0,,,,0,cancelled
2026-04-19 16:00,ord-000725,buy,75635.29,1776616752724,0.00007000,0,0,,,,0,cancelled
2026-04-19 16:00,ord-000726,sell,75639.30,1776616752724,0,0,0,,,,0,cancelled
2026-04-19 16:00,ord-000727,buy,75643.33,1776616757724,0,0,0,,,,0,cancelled
2026-04-19 16:00,ord-000728,sell,75647.34,1776616757724,0,0,0,,,,0,cancelled
2026-04-19 16:00,ord-000729,buy,75643.25,1776616762725,0,0,0,,,,0,cancelled
2026-04-19 16:00,ord-000730,sell,75647.26,1776616762725,0,0,0,,,,0,cancelled
2026-04-19 16:00,ord-000731,buy,75642.32,1776616767824,0,0,0,,,,0,cancelled
2026-04-19 16:00,ord-000732,sell,75646.33,1776616767824,0,0,0,,,,0,cancelled
2026-04-19 16:00,ord-000733,buy,75639.15,1776616776424,0,0,0,,,,0,cancelled
2026-04-19 16:00,ord-000734,sell,75643.16,1776616776424,0,0,0,,,,0,cancelled
2026-04-19 16:00,ord-000735,buy,75639.14,1776616781424,0,0,0,,,,0,cancelled
2026-04-19 16:00,ord-000736,sell,75643.15,1776616781424,0,0,0,,,,0,cancelled
2026-04-19 16:00,ord-000737,buy,75647.85,1776616794328,0,0,0,,,,0,cancelled
2026-04-19 16:00,ord-000738,sell,75651.86,1776616794328,0,0,0,,,,0,cancelled
2026-04-19 16:00,ord-000739,buy,75626.47,1776616799424,0,0,0,,,,0,cancelled
2026-04-19 16:00,ord-000740,sell,75630.48,1776616799424,0,0,0,,,,0,cancelled
2026-04-19 16:00,ord-000741,buy,75631.50,1776616820924,0,0,0,,,,0,cancelled
2026-04-19 16:00,ord-000742,sell,75635.51,1776616820924,0,0,0,,,,0,cancelled
2026-04-19 16:00,ord-000743,buy,75633.99,1776616829827,0,0,0,,,,0,cancelled
2026-04-19 16:00,ord-000744,sell,75638.00,1776616829827,0.00040000,0.00040000,0,,,,0,cancelled
2026-04-19 16:00,ord-000745,buy,75637.98,1776616834924,0,0,0,,,,0,cancelled
2026-04-19 16:00,ord-000746,sell,75641.99,1776616834924,0,0,0,,,,0,cancelled
2026-04-19 16:00,ord-000747,buy,75636.62,1776616842224,0,0,0,,,,0,cancelled
2026-04-19 16:00,ord-000748,sell,75640.63,1776616842224,0,0,0,,,,0,cancelled
2026-04-19 16:00,ord-000749,buy,75618.00,1776616847224,0.00120000,0.00120000,0,,,,0,cancelled
2026-04-19 16:00,ord-000750,sell,75622.01,1776616847224,0,0,0,,,,0,cancelled
2026-04-19 16:00,ord-000751,buy,75598.58,1776616852224,0,0,0,,,,0,cancelled
2026-04-19 16:00,ord-000752,sell,75602.59,1776616852224,0,0,0,,,,0,cancelled
2026-04-19 16:00,ord-000753,buy,75598.00,1776616857224,0.00120000,0,0,,,,0,cancelled
2026-04-19 16:00,ord-000754,sell,75602.01,1776616857224,0,0,0,,,,0,cancelled
2026-04-19 16:00,ord-000755,buy,75598.58,1776616862227,0,0,0,,,,0,cancelled
2026-04-19 16:00,ord-000756,sell,75602.59,1776616862227,0,0,0,,,,0,cancelled
2026-04-19 16:00,ord-000757,buy,75598.00,1776616867324,0.00120000,0.00120000,0,,,,0,cancelled
2026-04-19 16:00,ord-000758,sell,75602.01,1776616867324,0,0,0,,,,0,cancelled
2026-04-19 16:00,ord-000759,buy,75574.78,1776616872324,0,0,0,,,,0,cancelled
2026-04-19 16:00,ord-000760,sell,75578.79,1776616872324,0,0,0,,,,0,cancelled
2026-04-19 16:00,ord-000761,buy,75564.35,1776616877324,0,0,0,,,,0,cancelled
2026-04-19 16:00,ord-000762,sell,75568.36,1776616877324,0,0,0,,,,0,cancelled
2026-04-19 16:00,ord-000763,buy,75533.22,1776616882324,0,0,0,,,,0,cancelled
2026-04-19 16:00,ord-000764,sell,75537.23,1776616882324,0,0,0,,,,0,cancelled
2026-04-19 16:00,ord-000765,buy,75520.12,1776616887324,0,0,0,,,,0,cancelled
2026-04-19 16:00,ord-000766,sell,75524.13,1776616887324,0,0,0,,,,0,cancelled
2026-04-19 16:00,ord-000767,buy,75533.11,1776616892324,0,0,0,,,,0,cancelled
2026-04-19 16:00,ord-000768,sell,75537.12,1776616892324,0,0,0,,,,0,cancelled
2026-04-19 16:00,ord-000769,buy,75533.22,1776616897324,0,0,0,,,,0,cancelled
2026-04-19 16:00,ord-000770,sell,75537.23,1776616897324,0,0,0,,,,0,cancelled
2026-04-19 16:00,ord-000771,buy,75541.84,1776616902324,0,0,0,,,,0,cancelled
2026-04-19 16:00,ord-000772,sell,75545.85,1776616902324,0,0,0,,,,0,cancelled
2026-04-19 16:00,ord-000773,buy,75551.79,1776616907324,0,0,0,,,,0,cancelled
2026-04-19 16:00,ord-000774,sell,75555.80,1776616907324,0,0,0,,,,0,cancelled
2026-04-19 16:00,ord-000775,buy,75534.50,1776616912324,0,0,0,,,,0,cancelled
2026-04-19 16:00,ord-000776,sell,75538.51,1776616912324,0,0,0,,,,0,cancelled
2026-04-19 16:00,ord-000777,buy,75535.51,1776616920124,0,0,0,,,,0,cancelled
2026-04-19 16:00,ord-000778,sell,75539.52,1776616920124,0,0,0,,,,0,cancelled
2026-04-19 16:00,ord-000779,buy,75539.68,1776616925124,0,0,0,,,,0,cancelled
2026-04-19 16:00,ord-000780,sell,75543.69,1776616925124,0,0,0,,,,0,cancelled
2026-04-19 16:00,ord-000781,buy,75547.24,1776616938324,0,0,0,,,,0,cancelled
2026-04-19 16:00,ord-000782,sell,75551.25,1776616938324,0,0,0,,,,0,cancelled
2026-04-19 16:00,ord-000783,buy,75561.51,1776616943324,0,0,0,,,,0,cancelled
2026-04-19 16:00,ord-000784,sell,75565.52,1776616943324,0,0,0,,,,0,cancelled
2026-04-19 16:00,ord-000785,buy,75567.96,1776616948324,0,0,0,,,,0,cancelled
2026-04-19 16:00,ord-000786,sell,75571.97,1776616948324,0,0,0,,,,0,cancelled
2026-04-19 16:00,ord-000787,buy,75571.41,1776616953324,0,0,0,,,,0,cancelled
2026-04-19 16:00,ord-000788,sell,75575.42,1776616953324,0,0,0,,,,0,cancelled
2026-04-19 16:00,ord-000789,buy,75571.80,1776616958324,0,0,0,,,,0,cancelled
2026-04-19 16:00,ord-000790,sell,75575.81,1776616958324,0,0,0,,,,0,cancelled
2026-04-19 16:00,ord-000791,buy,75563.85,1776616964927,0,0,0,,,,0,cancelled
2026-04-19 16:00,ord-000792,sell,75567.86,1776616964927,0,0,0,,,,0,cancelled
2026-04-19 16:00,ord-000793,buy,75552.81,1776616970024,0,0,0,,,,0,cancelled
2026-04-19 16:00,ord-000794,sell,75556.82,1776616970024,0,0,0,,,,0,cancelled
2026-04-19 16:00,ord-000795,buy,75559.97,1776616975024,0,0,0,,,,0,cancelled
2026-04-19 16:00,ord-000796,sell,75563.98,1776616975024,0,0,0,,,,0,cancelled
2026-04-19 16:00,ord-000797,buy,75555.24,1776616980025,0,0,0,,,,0,cancelled
2026-04-19 16:00,ord-000798,sell,75559.25,1776616980025,0,0,0,,,,0,cancelled
2026-04-19 16:00,ord-000799,buy,75561.51,1776616988624,0,0,0,,,,0,cancelled
2026-04-19 16:00,ord-000800,sell,75565.52,1776616988624,0,0,0,,,,0,cancelled
2026-04-19 16:00,ord-000801,buy,75554.65,1776616993624,0,0,0,,,,0,cancelled
2026-04-19 16:00,ord-000802,sell,75558.66,1776616993624,0,0,0,,,,0,cancelled
2026-04-19 16:00,ord-000803,buy,75550.23,1776616998624,0,0,0,,,,0,cancelled
2026-04-19 16:00,ord-000804,sell,75554.24,1776616998624,0,0,0,,,,0,cancelled
2026-04-19 16:00,ord-000805,buy,75539.68,1776617003624,0,0,0,,,,0,cancelled
2026-04-19 16:00,ord-000806,sell,75543.69,1776617003624,0,0,0,,,,0,cancelled
2026-04-19 16:00,ord-000807,buy,75534.17,1776617010624,0,0,0,,,,0,cancelled
2026-04-19 16:00,ord-000808,sell,75538.18,1776617010624,0,0,0,,,,0,cancelled
2026-04-19 16:00,ord-000809,buy,75523.68,1776617015624,0,0,0,,,,0,cancelled
2026-04-19 16:00,ord-000810,sell,75527.69,1776617015624,0,0,0,,,,0,cancelled
2026-04-19 16:00,ord-000811,buy,75531.24,1776617021924,0,0,0,,,,0,cancelled
2026-04-19 16:00,ord-000812,sell,75535.25,1776617021924,0,0,0,,,,0,cancelled
2026-04-19 16:00,ord-000813,buy,75533.22,1776617026924,0,0,0,,,,0,cancelled
2026-04-19 16:00,ord-000814,sell,75537.23,1776617026924,0,0,0,,,,0,cancelled
2026-04-19 16:00,ord-000815,buy,75530.51,1776617042224,0,0,0,,,,0,cancelled
2026-04-19 16:00,ord-000816,sell,75534.52,1776617042224,0,0,0,,,,0,cancelled
2026-04-19 16:00,ord-000817,buy,75514.99,1776617047224,0,0,0,,,,0,cancelled
2026-04-19 16:00,ord-000818,sell,75519.00,1776617047224,0,0,0,,,,0,cancelled
2026-04-19 16:00,ord-000819,buy,75515.09,1776617056524,0,0,0,,,,0,cancelled
2026-04-19 16:00,ord-000820,sell,75519.10,1776617056524,0,0,0,,,,0,cancelled
2026-04-19 16:00,ord-000821,buy,75521.00,1776617061524,0,0,0,,,,0,cancelled
2026-04-19 16:00,ord-000822,sell,75525.01,1776617061524,0,0,0,,,,0,cancelled
2026-04-19 16:00,ord-000823,buy,75522.90,1776617066524,0,0,0,,,,0,cancelled
2026-04-19 16:00,ord-000824,sell,75526.91,1776617066524,0.00007000,0,0,,,,0,cancelled
2026-04-19 16:00,ord-000825,buy,75513.56,1776617077424,0,0,0,,,,0,cancelled
2026-04-19 16:00,ord-000826,sell,75517.57,1776617077424,0,0,0,,,,0,cancelled
2026-04-19 16:00,ord-000827,buy,75510.29,1776617082424,0,0,0,,,,0,cancelled
2026-04-19 16:00,ord-000828,sell,75514.30,1776617082424,0,0,0,,,,0,cancelled
2026-04-19 16:00,ord-000829,buy,75528.72,1776617087424,0,0,0,,,,0,cancelled
2026-04-19 16:00,ord-000830,sell,75532.73,1776617087424,0,0,0,,,,0,cancelled
2026-04-19 16:00,ord-000831,buy,75549.59,1776617092424,0,0,0,,,,0,cancelled
2026-04-19 16:00,ord-000832,sell,75553.60,1776617092424,0.00334000,0.00334000,0,,,,0,cancelled
2026-04-19 16:00,ord-000833,buy,75569.07,1776617097424,0,0,0,,,,0,cancelled
2026-04-19 16:00,ord-000834,sell,75573.08,1776617097424,0,0,0,,,,0,cancelled
2026-04-19 16:00,ord-000835,buy,75556.33,1776617102424,0,0,0,,,,0,cancelled
2026-04-19 16:00,ord-000836,sell,75560.34,1776617102424,0,0,0,,,,0,cancelled
2026-04-19 16:00,ord-000837,buy,75563.89,1776617108924,0,0,0,,,,0,cancelled
2026-04-19 16:00,ord-000838,sell,75567.90,1776617108924,0,0,0,,,,0,cancelled
2026-04-19 16:00,ord-000839,buy,75565.99,1776617119324,0,0,0,,,,0,cancelled
2026-04-19 16:00,ord-000840,sell,75570.00,1776617119324,0.00120000,0.00120000,0,,,,0,cancelled
2026-04-19 16:00,ord-000841,buy,75578.89,1776617124324,0,0,0,,,,0,cancelled
2026-04-19 16:00,ord-000842,sell,75582.90,1776617124324,0,0,0,,,,0,cancelled
2026-04-19 16:00,ord-000843,buy,75592.32,1776617143940,0,0,0,,,,0,cancelled
2026-04-19 16:00,ord-000844,sell,75596.33,1776617143940,0,0,0,,,,0,cancelled
2026-04-19 16:00,ord-000845,buy,75597.99,1776617149024,0,0,0,,,,0,cancelled
2026-04-19 16:00,ord-000846,sell,75602.00,1776617149024,0.00120000,0,0,,,,0,cancelled
2026-04-19 16:00,ord-000847,buy,75592.90,1776617154024,0,0,0,,,,0,cancelled
2026-04-19 16:00,ord-000848,sell,75596.91,1776617154024,0,0,0,,,,0,cancelled
2026-04-19 16:00,ord-000849,buy,75581.20,1776617159024,0,0,0,,,,0,cancelled
2026-04-19 16:00,ord-000850,sell,75585.21,1776617159024,0,0,0,,,,0,cancelled
2026-04-19 16:00,ord-000851,buy,75584.26,1776617164524,0,0,0,,,,0,cancelled
2026-04-19 16:00,ord-000852,sell,75588.27,1776617164524,0,0,0,,,,0,cancelled
2026-04-19 16:00,ord-000853,buy,75599.02,1776617169524,0,0,0,,,,0,cancelled
2026-04-19 16:00,ord-000854,sell,75603.03,1776617169524,0,0,0,,,,0,cancelled
2026-04-19 16:00,ord-000855,buy,75615.22,1776617174524,0,0,0,,,,0,cancelled
2026-04-19 16:00,ord-000856,sell,75619.23,1776617174524,0,0,0,,,,0,cancelled
2026-04-19 16:00,ord-000857,buy,75615.89,1776617179524,0,0,0,,,,0,cancelled
2026-04-19 16:00,ord-000858,sell,75619.90,1776617179524,0,0,0,,,,0,cancelled
2026-04-19 16:00,ord-000859,buy,75615.99,1776617184524,0,0,0,,,,0,cancelled
2026-04-19 16:00,ord-000860,sell,75620.00,1776617184524,0.00127000,0,0,,,,0,cancelled
2026-04-19 16:00,ord-000861,buy,75612.61,1776617189524,0,0,0,,,,0,cancelled
2026-04-19 16:00,ord-000862,sell,75616.62,1776617189524,0,0,0,,,,0,cancelled
2026-04-19 16:00,ord-000863,buy,75592.51,1776617194525,0,0,0,,,,0,cancelled
2026-04-19 16:00,ord-000864,sell,75596.52,1776617194525,0,0,0,,,,0,cancelled
2026-04-19 16:00,ord-000865,buy,75591.61,1776617206624,0,0,0,,,,0,cancelled
2026-04-19 16:00,ord-000866,sell,75595.62,1776617206624,0,0,0,,,,0,cancelled
2026-04-19 16:00,ord-000867,buy,75587.62,1776617211624,0,0,0,,,,0,cancelled
2026-04-19 16:00,ord-000868,sell,75591.63,1776617211624,0,0,0,,,,0,cancelled
2026-04-19 16:00,ord-000869,buy,75592.50,1776617216624,0,0,0,,,,0,cancelled
2026-04-19 16:00,ord-000870,sell,75596.51,1776617216624,0,0,0,,,,0,cancelled
2026-04-19 16:00,ord-000871,buy,75582.17,1776617221624,0,0,0,,,,0,cancelled
2026-04-19 16:00,ord-000872,sell,75586.18,1776617221624,0,0,0,,,,0,cancelled
2026-04-19 16:00,ord-000873,buy,75579.89,1776617226624,0,0,0,,,,0,cancelled
2026-04-19 16:00,ord-000874,sell,75583.90,1776617226624,0,0,0,,,,0,cancelled
2026-04-19 16:00,ord-000875,buy,75570.50,1776617237024,0,0,0,,,,0,cancelled
2026-04-19 16:00,ord-000876,sell,75574.51,1776617237024,0,0,0,,,,0,cancelled
2026-04-19 16:00,ord-000877,buy,75546.45,1776617242024,0,0,0,,,,0,cancelled
2026-04-19 16:00,ord-000878,sell,75550.46,1776617242024,0,0,0,,,,0,cancelled
2026-04-19 16:00,ord-000879,buy,75540.36,1776617247024,0,0,0,,,,0,cancelled
2026-04-19 16:00,ord-000880,sell,75544.37,1776617247024,0,0,0,,,,0,cancelled
2026-04-19 16:00,ord-000881,buy,75562.20,1776617252024,0.00300000,0,0,,,,0,cancelled
2026-04-19 16:00,ord-000882,sell,75566.21,1776617252024,0,0,0,,,,0,cancelled
2026-04-19 16:00,ord-000883,buy,75574.78,1776617257024,0,0,0,,,,0,cancelled
2026-04-19 16:00,ord-000884,sell,75578.79,1776617257024,0,0,0,,,,0,cancelled
2026-04-19 16:00,ord-000885,buy,75579.89,1776617262024,0,0,0,,,,0,cancelled
2026-04-19 16:00,ord-000886,sell,75583.90,1776617262024,0,0,0,,,,0,cancelled
2026-04-19 16:00,ord-000887,buy,75574.78,1776617280524,0,0,0,,,,0,cancelled
2026-04-19 16:00,ord-000888,sell,75578.79,1776617280524,0,0,0,,,,0,cancelled
2026-04-19 16:00,ord-000889,buy,75579.89,1776617285524,0,0,0,,,,0,cancelled
2026-04-19 16:00,ord-000890,sell,75583.90,1776617285524,0,0,0,,,,0,cancelled
2026-04-19 16:00,ord-000891,buy,75605.98,1776617290524,0,0,0,,,,0,cancelled
2026-04-19 16:00,ord-000892,sell,75609.99,1776617290524,0,0,0,,,,0,cancelled
2026-04-19 16:00,ord-000893,buy,75600.04,1776617295524,0,0,0,,,,0,cancelled
2026-04-19 16:00,ord-000894,sell,75604.05,1776617295524,0,0,0,,,,0,cancelled
2026-04-19 16:00,ord-000895,buy,75588.95,1776617300524,0,0,0,,,,0,cancelled
2026-04-19 16:00,ord-000896,sell,75592.96,1776617300524,0,0,0,,,,0,cancelled
2026-04-19 16:00,ord-000897,buy,75602.68,1776617305524,0,0,0,,,,0,cancelled
2026-04-19 16:00,ord-000898,sell,75606.69,1776617305524,0,0,0,,,,0,cancelled
2026-04-19 16:00,ord-000899,buy,75598.82,1776617313024,0,0,0,,,,0,cancelled
2026-04-19 16:00,ord-000900,sell,75602.83,1776617313024,0,0,0,,,,0,cancelled
2026-04-19 16:00,ord-000901,buy,75601.80,1776617318024,0,0,0,,,,0,cancelled
2026-04-19 16:00,ord-000902,sell,75605.81,1776617318024,0,0,0,,,,0,cancelled
2026-04-19 16:00,ord-000903,buy,75618.13,1776617323024,0,0,0,,,,0,cancelled
2026-04-19 16:00,ord-000904,sell,75622.14,1776617323024,0,0,0,,,,0,cancelled
2026-04-19 16:00,ord-000905,buy,75629.56,1776617328024,0,0,0,,,,0,cancelled
2026-04-19 16:00,ord-000906,sell,75633.57,1776617328024,0,0,0,,,,0,cancelled
2026-04-19 16:00,ord-000907,buy,75624.12,1776617333324,0.00008000,0,0,,,,0,cancelled
2026-04-19 16:00,ord-000908,sell,75628.13,1776617333324,0,0,0,,,,0,cancelled
2026-04-19 16:00,ord-000909,buy,75629.56,1776617341824,0,0,0,,,,0,cancelled
2026-04-19 16:00,ord-000910,sell,75633.57,1776617341824,0,0,0,,,,0,cancelled
2026-04-19 16:00,ord-000911,buy,75632.69,1776617346825,0,0,0,,,,0,cancelled
2026-04-19 16:00,ord-000912,sell,75636.70,1776617346825,0,0,0,,,,0,cancelled
2026-04-19 16:00,ord-000913,buy,75627.97,1776617390424,0,0,0,,,,0,cancelled
2026-04-19 16:00,ord-000914,sell,75631.98,1776617390424,0,0,0,,,,0,cancelled
2026-04-19 16:00,ord-000915,buy,75608.54,1776617395424,0,0,0,,,,0,cancelled
2026-04-19 16:00,ord-000916,sell,75612.55,1776617395424,0,0,0,1776617401129,0,0,0.00007000,cancelled
2026-04-19 16:00,ord-000917,buy,75612.43,1776617401224,0,0,0,,,,0,cancelled
2026-04-19 16:00,ord-000918,sell,75616.44,1776617401224,0,0,0,,,,0,cancelled
2026-04-19 16:00,ord-000919,buy,75593.99,1776617406224,0,0,0,,,,0,cancelled
2026-04-19 16:00,ord-000920,sell,75598.00,1776617406224,0.00219000,0,0,,,,0,cancelled
2026-04-19 16:00,ord-000921,buy,75593.23,1776617413924,0,0,0,,,,0,cancelled
2026-04-19 16:00,ord-000922,sell,75597.24,1776617413924,0,0,0,,,,0,cancelled
2026-04-19 16:00,ord-000923,buy,75592.94,1776617424424,0.00068000,0.00068000,0,1776617424815,0.00068000,0.00000000,0.00007000,cancelled
2026-04-19 16:00,ord-000924,sell,75596.95,1776617424424,0,0,0,,,,0,cancelled
2026-04-19 16:00,ord-000925,buy,75594.91,1776617429424,0,0,0,,,,0,cancelled
2026-04-19 16:00,ord-000926,sell,75598.92,1776617429424,0,0,0,,,,0,cancelled
2026-04-19 16:00,ord-000927,buy,75586.69,1776617435924,0,0,0,,,,0,cancelled
2026-04-19 16:00,ord-000928,sell,75590.70,1776617435924,0,0,0,,,,0,cancelled
2026-04-19 16:00,ord-000929,buy,75579.89,1776617440924,0,0,0,,,,0,cancelled
2026-04-19 16:00,ord-000930,sell,75583.90,1776617440924,0,0,0,,,,0,cancelled
2026-04-19 16:00,ord-000931,buy,75578.00,1776617446324,0.00120000,0.00120000,0,,,,0,cancelled
2026-04-19 16:00,ord-000932,sell,75582.01,1776617446324,0.00007000,0,0,,,,0,cancelled
2026-04-19 16:00,ord-000933,buy,75570.22,1776617451324,0,0,0,,,,0,cancelled
2026-04-19 16:00,ord-000934,sell,75574.23,1776617451324,0,0,0,,,,0,cancelled
2026-04-19 16:00,ord-000935,buy,75574.78,1776617461424,0,0,0,,,,0,cancelled
2026-04-19 16:00,ord-000936,sell,75578.79,1776617461424,0,0,0,,,,0,cancelled
2026-04-19 16:00,ord-000937,buy,75589.57,1776617466424,0,0,0,,,,0,cancelled
2026-04-19 16:00,ord-000938,sell,75593.58,1776617466424,0,0,0,,,,0,cancelled
2026-04-19 16:00,ord-000939,buy,75589.14,1776617471424,0,0,0,,,,0,cancelled
2026-04-19 16:00,ord-000940,sell,75593.15,1776617471424,0,0,0,,,,0,cancelled
2026-04-19 16:00,ord-000941,buy,75598.30,1776617476424,0,0,0,,,,0,cancelled
2026-04-19 16:00,ord-000942,sell,75602.31,1776617476424,0,0,0,,,,0,cancelled
2026-04-19 16:00,ord-000943,buy,75598.99,1776617481524,0,0,0,,,,0,cancelled
2026-04-19 16:00,ord-000944,sell,75603.00,1776617481524,0,0,0,,,,0,cancelled
2026-04-19 16:00,ord-000945,buy,75606.87,1776617487124,0,0,0,,,,0,cancelled
2026-04-19 16:00,ord-000946,sell,75610.88,1776617487124,0,0,0,,,,0,cancelled
2026-04-19 16:00,ord-000947,buy,75614.44,1776617492125,0,0,0,,,,0,cancelled
2026-04-19 16:00,ord-000948,sell,75618.45,1776617492125,0,0,0,,,,0,cancelled
2026-04-19 16:00,ord-000949,buy,75610.79,1776617502725,0,0,0,,,,0,cancelled
2026-04-19 16:00,ord-000950,sell,75614.80,1776617502725,0,0,0,,,,0,cancelled
2026-04-19 16:00,ord-000951,buy,75605.39,1776617509327,0,0,0,,,,0,cancelled
2026-04-19 16:00,ord-000952,sell,75609.40,1776617509327,0,0,0,,,,0,cancelled
2026-04-19 16:00,ord-000953,buy,75599.13,1776617514424,0,0,0,,,,0,cancelled
2026-04-19 16:00,ord-000954,sell,75603.14,1776617514424,0,0,0,,,,0,cancelled
2026-04-19 16:00,ord-000955,buy,75599.89,1776617520124,0,0,0,,,,0,cancelled
2026-04-19 16:00,ord-000956,sell,75603.90,1776617520124,0,0,0,,,,0,cancelled
2026-04-19 16:00,ord-000957,buy,75597.01,1776617525124,0,0,0,,,,0,cancelled
2026-04-19 16:00,ord-000958,sell,75601.02,1776617525124,0,0,0,,,,0,cancelled
2026-04-19 16:00,ord-000959,buy,75596.05,1776617530124,0,0,0,,,,0,cancelled
2026-04-19 16:00,ord-000960,sell,75600.06,1776617530124,0,0,0,,,,0,cancelled
2026-04-19 16:00,ord-000961,buy,75625.18,1776617535124,0,0,0,,,,0,cancelled
2026-04-19 16:00,ord-000962,sell,75629.19,1776617535124,0,0,0,,,,0,cancelled
2026-04-19 16:00,ord-000963,buy,75628.46,1776617540124,0,0,0,,,,0,cancelled
2026-04-19 16:00,ord-000964,sell,75632.47,1776617540124,0,0,0,,,,0,cancelled
2026-04-19 16:00,ord-000965,buy,75617.28,1776617545124,0,0,0,,,,0,cancelled
2026-04-19 16:00,ord-000966,sell,75621.29,1776617545124,0,0,0,,,,0,cancelled
2026-04-19 16:00,ord-000967,buy,75619.63,1776617552424,0,0,0,,,,0,cancelled
2026-04-19 16:00,ord-000968,sell,75623.64,1776617552424,0,0,0,,,,0,cancelled
2026-04-19 16:00,ord-000969,buy,75620.58,1776617559124,0,0,0,,,,0,cancelled
2026-04-19 16:00,ord-000970,sell,75624.59,1776617559124,0,0,0,,,,0,cancelled
2026-04-19 16:00,ord-000971,buy,75617.28,1776617585724,0,0,0,,,,0,cancelled
2026-04-19 16:00,ord-000972,sell,75621.29,1776617585724,0,0,0,,,,0,cancelled
2026-04-19 16:00,ord-000973,buy,75601.88,1776617590724,0,0,0,,,,0,cancelled
2026-04-19 16:00,ord-000974,sell,75605.89,1776617590724,0,0,0,,,,0,cancelled
2026-04-19 16:00,ord-000975,buy,75600.58,1776617597624,0,0,0,,,,0,cancelled
2026-04-19 16:00,ord-000976,sell,75604.59,1776617597624,0,0,0,,,,0,cancelled
2026-04-19 16:00,ord-000977,buy,75550.16,1776617602624,0,0,0,,,,0,cancelled
2026-04-19 16:00,ord-000978,sell,75554.17,1776617602624,0,0,0,,,,0,cancelled
2026-04-19 16:00,ord-000979,buy,75535.58,1776617607624,0,0,0,,,,0,cancelled
2026-04-19 16:00,ord-000980,sell,75539.59,1776617607624,0,0,0,,,,0,cancelled
2026-04-19 16:00,ord-000981,buy,75534.98,1776617612624,0,0,0,,,,0,cancelled
2026-04-19 16:00,ord-000982,sell,75538.99,1776617612624,0,0,0,,,,0,cancelled
2026-04-19 16:00,ord-000983,buy,75537.00,1776617617624,0,0,0,,,,0,cancelled
2026-04-19 16:00,ord-000984,sell,75541.01,1776617617624,0,0,0,,,,0,cancelled
2026-04-19 16:00,ord-000985,buy,75488.00,1776617622624,0.01474000,0.01474000,0,,,,0,cancelled
2026-04-19 16:00,ord-000986,sell,75492.01,1776617622624,0,0,0,,,,0,cancelled
2026-04-19 16:00,ord-000987,buy,75433.11,1776617627624,0,0,0,,,,0,cancelled
2026-04-19 16:00,ord-000988,sell,75437.12,1776617627624,0,0,0,,,,0,cancelled
2026-04-19 16:00,ord-000989,buy,75449.01,1776617632624,0,0,0,,,,0,cancelled
2026-04-19 16:00,ord-000990,sell,75453.02,1776617632624,0,0,0,,,,0,cancelled
2026-04-19 16:00,ord-000991,buy,75475.95,1776617637624,0,0,0,,,,0,cancelled
2026-04-19 16:00,ord-000992,sell,75479.96,1776617637624,0,0,0,,,,0,cancelled
2026-04-19 16:00,ord-000993,buy,75451.47,1776617642624,0,0,0,,,,0,cancelled
2026-04-19 16:00,ord-000994,sell,75455.48,1776617642624,0,0,0,,,,0,cancelled
2026-04-19 16:00,ord-000995,buy,75428.88,1776617647624,0,0,0,,,,0,cancelled
2026-04-19 16:00,ord-000996,sell,75432.89,1776617647624,0,0,0,,,,0,cancelled
2026-04-19 16:00,ord-000997,buy,75437.63,1776617652624,0.00007000,0,0,,,,0,cancelled
2026-04-19 16:00,ord-000998,sell,75441.64,1776617652624,0,0,0,,,,0,cancelled
2026-04-19 16:00,ord-000999,buy,75473.79,1776617657624,0,0,0,,,,0,cancelled
2026-04-19 16:00,ord-001000,sell,75477.80,1776617657624,0,0,0,,,,0,cancelled
2026-04-19 16:00,ord-001001,buy,75483.44,1776617662624,0,0,0,,,,0,cancelled
2026-04-19 16:00,ord-001002,sell,75487.45,1776617662624,0,0,0,,,,0,cancelled
2026-04-19 16:00,ord-001003,buy,75485.63,1776617667624,0,0,0,,,,0,cancelled
2026-04-19 16:00,ord-001004,sell,75489.64,1776617667624,0,0,0,,,,0,cancelled
2026-04-19 16:00,ord-001005,buy,75456.30,1776617672624,0,0,0,,,,0,cancelled
2026-04-19 16:00,ord-001006,sell,75460.31,1776617672624,0,0,0,,,,0,cancelled
2026-04-19 16:00,ord-001007,buy,75432.43,1776617677624,0,0,0,,,,0,cancelled
2026-04-19 16:00,ord-001008,sell,75436.44,1776617677624,0,0,0,,,,0,cancelled
2026-04-19 16:00,ord-001009,buy,75420.00,1776617682624,0.00120000,0.00120000,0,,,,0,cancelled
2026-04-19 16:00,ord-001010,sell,75424.01,1776617682624,0.08148000,0,0,,,,0,cancelled
2026-04-19 16:00,ord-001011,buy,75398.00,1776617687624,0.00120000,0.00120000,0,,,,0,cancelled
2026-04-19 16:00,ord-001012,sell,75402.01,1776617687624,0,0,0,,,,0,cancelled
2026-04-19 16:00,ord-001013,buy,75395.30,1776617692624,0,0,0,,,,0,cancelled
2026-04-19 16:00,ord-001014,sell,75399.31,1776617692624,0,0,0,,,,0,cancelled
2026-04-19 16:00,ord-001015,buy,75407.34,1776617697624,0,0,0,,,,0,cancelled
2026-04-19 16:00,ord-001016,sell,75411.35,1776617697624,0,0,0,,,,0,cancelled
2026-04-19 16:00,ord-001017,buy,75402.52,1776617702624,0,0,0,,,,0,cancelled
2026-04-19 16:00,ord-001018,sell,75406.53,1776617702624,0,0,0,,,,0,cancelled
2026-04-19 16:00,ord-001019,buy,75370.44,1776617707624,0,0,0,,,,0,cancelled
2026-04-19 16:00,ord-001020,sell,75374.45,1776617707624,0,0,0,,,,0,cancelled
2026-04-19 16:00,ord-001021,buy,75340.99,1776617712624,0,0,0,,,,0,cancelled
2026-04-19 16:00,ord-001022,sell,75345.00,1776617712624,0,0,0,,,,0,cancelled
2026-04-19 16:00,ord-001023,buy,75340.75,1776617717624,0,0,0,,,,0,cancelled
2026-04-19 16:00,ord-001024,sell,75344.76,1776617717624,0,0,0,,,,0,cancelled
2026-04-19 16:00,ord-001025,buy,75327.53,1776617722624,0,0,0,,,,0,cancelled
2026-04-19 16:00,ord-001026,sell,75331.54,1776617722624,0,0,0,,,,0,cancelled
2026-04-19 16:00,ord-001027,buy,75346.65,1776617727624,0,0,0,,,,0,cancelled
2026-04-19 16:00,ord-001028,sell,75350.66,1776617727624,0,0,0,,,,0,cancelled
2026-04-19 16:00,ord-001029,buy,75369.51,1776617732624,0,0,0,,,,0,cancelled
2026-04-19 16:00,ord-001030,sell,75373.52,1776617732624,0,0,0,,,,0,cancelled
2026-04-19 16:00,ord-001031,buy,75373.99,1776617742124,0.19371000,0,0,,,,0,cancelled
2026-04-19 16:00,ord-001032,sell,75378.00,1776617742124,0.00120000,0.00120000,0,,,,0,cancelled
2026-04-19 16:00,ord-001033,buy,75403.29,1776617747124,0,0,0,,,,0,cancelled
2026-04-19 16:00,ord-001034,sell,75407.30,1776617747124,0,0,0,,,,0,cancelled
2026-04-19 16:00,ord-001035,buy,75411.05,1776617752124,0,0,0,,,,0,cancelled
2026-04-19 16:00,ord-001036,sell,75415.06,1776617752124,0,0,0,,,,0,cancelled
2026-04-19 16:00,ord-001037,buy,75407.75,1776617757124,0,0,0,,,,0,cancelled
2026-04-19 16:00,ord-001038,sell,75411.76,1776617757124,0,0,0,,,,0,cancelled
2026-04-19 16:00,ord-001039,buy,75447.99,1776617762124,0,0,0,,,,0,cancelled
2026-04-19 16:00,ord-001040,sell,75452.00,1776617762124,0.00127000,0.00120000,0,,,,0,cancelled
2026-04-19 16:00,ord-001041,buy,75452.97,1776617767124,0,0,0,,,,0,cancelled
2026-04-19 16:00,ord-001042,sell,75456.98,1776617767124,0,0,0,,,,0,cancelled
2026-04-19 16:00,ord-001043,buy,75464.82,1776617772124,0,0,0,,,,0,cancelled
2026-04-19 16:00,ord-001044,sell,75468.83,1776617772124,0,0,0,,,,0,cancelled
2026-04-19 16:00,ord-001045,buy,75465.69,1776617779024,0,0,0,,,,0,cancelled
2026-04-19 16:00,ord-001046,sell,75469.70,1776617779024,0,0,0,,,,0,cancelled
2026-04-19 16:00,ord-001047,buy,75473.24,1776617784024,0,0,0,,,,0,cancelled
2026-04-19 16:00,ord-001048,sell,75477.25,1776617784024,0,0,0,,,,0,cancelled
2026-04-19 16:00,ord-001049,buy,75477.82,1776617789024,0.00134000,0,0,,,,0,cancelled
2026-04-19 16:00,ord-001050,sell,75481.83,1776617789024,0,0,0,,,,0,cancelled
2026-04-19 16:00,ord-001051,buy,75464.82,1776617794024,0,0,0,,,,0,cancelled
2026-04-19 16:00,ord-001052,sell,75468.83,1776617794024,0,0,0,,,,0,cancelled
2026-04-19 16:00,ord-001053,buy,75458.00,1776617799024,0.00120000,0.00120000,0,,,,0,cancelled
2026-04-19 16:00,ord-001054,sell,75462.01,1776617799024,0,0,0,,,,0,cancelled
2026-04-19 16:00,ord-001055,buy,75430.97,1776617804024,0,0,0,,,,0,cancelled
2026-04-19 16:00,ord-001056,sell,75434.98,1776617804024,0,0,0,,,,0,cancelled
2026-04-19 16:00,ord-001057,buy,75380.86,1776617809024,0,0,0,,,,0,cancelled
2026-04-19 16:00,ord-001058,sell,75384.87,1776617809024,0,0,0,,,,0,cancelled
2026-04-19 16:00,ord-001059,buy,75347.07,1776617814024,0,0,0,,,,0,cancelled
2026-04-19 16:00,ord-001060,sell,75351.08,1776617814024,0,0,0,,,,0,cancelled
2026-04-19 16:00,ord-001061,buy,75352.62,1776617819024,0,0,0,,,,0,cancelled
2026-04-19 16:00,ord-001062,sell,75356.63,1776617819024,0,0,0,,,,0,cancelled
2026-04-19 16:00,ord-001063,buy,75346.55,1776617824024,0,0,0,,,,0,cancelled
2026-04-19 16:00,ord-001064,sell,75350.56,1776617824024,0,0,0,,,,0,cancelled
2026-04-19 16:00,ord-001065,buy,75338.67,1776617829024,0,0,0,,,,0,cancelled
2026-04-19 16:00,ord-001066,sell,75342.68,1776617829024,0,0,0,,,,0,cancelled
2026-04-19 16:00,ord-001067,buy,75373.99,1776617834024,0,0,0,,,,0,cancelled
2026-04-19 16:00,ord-001068,sell,75378.00,1776617834024,0.00127000,0,0,,,,0,cancelled
2026-04-19 16:00,ord-001069,buy,75345.44,1776617839024,0,0,0,,,,0,cancelled
2026-04-19 16:00,ord-001070,sell,75349.45,1776617839024,0,0,0,,,,0,cancelled
2026-04-19 16:00,ord-001071,buy,75328.15,1776617844024,0,0,0,,,,0,cancelled
2026-04-19 16:00,ord-001072,sell,75332.16,1776617844024,0.00007000,0,0,,,,0,cancelled
2026-04-19 16:00,ord-001073,buy,75351.98,1776617849024,0,0,0,,,,0,cancelled
2026-04-19 16:00,ord-001074,sell,75355.99,1776617849024,0,0,0,,,,0,cancelled
2026-04-19 16:00,ord-001075,buy,75371.19,1776617854024,0,0,0,,,,0,cancelled
2026-04-19 16:00,ord-001076,sell,75375.20,1776617854024,0,0,0,,,,0,cancelled
2026-04-19 16:00,ord-001077,buy,75356.98,1776617859027,0,0,0,,,,0,cancelled
2026-04-19 16:00,ord-001078,sell,75360.99,1776617859027,0,0,0,,,,0,cancelled
2026-04-19 16:00,ord-001079,buy,75362.00,1776617864124,0.00080000,0.00080000,0,,,,0,cancelled
2026-04-19 16:00,ord-001080,sell,75366.01,1776617864124,0,0,0,,,,0,cancelled
2026-04-19 16:00,ord-001081,buy,75354.90,1776617869124,0,0,0,,,,0,cancelled
2026-04-19 16:00,ord-001082,sell,75358.91,1776617869124,0,0,0,,,,0,cancelled
2026-04-19 16:00,ord-001083,buy,75368.53,1776617874124,0,0,0,,,,0,cancelled
2026-04-19 16:00,ord-001084,sell,75372.54,1776617874124,0,0,0,,,,0,cancelled
2026-04-19 16:00,ord-001085,buy,75371.18,1776617879924,0,0,0,,,,0,cancelled
2026-04-19 16:00,ord-001086,sell,75375.19,1776617879924,0,0,0,,,,0,cancelled
2026-04-19 16:00,ord-001087,buy,75380.86,1776617884924,0,0,0,,,,0,cancelled
2026-04-19 16:00,ord-001088,sell,75384.87,1776617884924,0,0,0,,,,0,cancelled
2026-04-19 16:00,ord-001089,buy,75396.82,1776617889924,0,0,0,,,,0,cancelled
2026-04-19 16:00,ord-001090,sell,75400.83,1776617889924,0,0,0,,,,0,cancelled
2026-04-19 16:00,ord-001091,buy,75401.63,1776617894924,0,0,0,,,,0,cancelled
2026-04-19 16:00,ord-001092,sell,75405.64,1776617894924,0,0,0,,,,0,cancelled
2026-04-19 16:00,ord-001093,buy,75407.13,1776617899924,0.05237000,0,0,,,,0,cancelled
2026-04-19 16:00,ord-001094,sell,75411.14,1776617899924,0,0,0,,,,0,cancelled
2026-04-19 16:00,ord-001095,buy,75402.44,1776617904924,0,0,0,,,,0,cancelled
2026-04-19 16:00,ord-001096,sell,75406.45,1776617904924,0,0,0,,,,0,cancelled
2026-04-19 16:00,ord-001097,buy,75405.19,1776617909925,0,0,0,,,,0,cancelled
2026-04-19 16:00,ord-001098,sell,75409.20,1776617909925,0,0,0,,,,0,cancelled
2026-04-19 16:00,ord-001099,buy,75411.99,1776617915024,0.02973000,0,0,,,,0,cancelled
2026-04-19 16:00,ord-001100,sell,75416.00,1776617915024,0.00080000,0.00080000,0,,,,0,cancelled
2026-04-19 16:00,ord-001101,buy,75418.98,1776617920024,0,0,0,,,,0,cancelled
2026-04-19 16:00,ord-001102,sell,75422.99,1776617920024,0,0,0,,,,0,cancelled
2026-04-19 16:00,ord-001103,buy,75422.42,1776617934924,0,0,0,,,,0,cancelled
2026-04-19 16:00,ord-001104,sell,75426.43,1776617934924,0,0,0,,,,0,cancelled
2026-04-19 16:00,ord-001105,buy,75424.76,1776617941224,0,0,0,,,,0,cancelled
2026-04-19 16:00,ord-001106,sell,75428.77,1776617941224,0,0,0,,,,0,cancelled
2026-04-19 16:00,ord-001107,buy,75433.15,1776617946224,0.00859000,0,0,,,,0,cancelled
2026-04-19 16:00,ord-001108,sell,75437.16,1776617946224,0,0,0,,,,0,cancelled
2026-04-19 16:00,ord-001109,buy,75441.46,1776617951224,0,0,0,,,,0,cancelled
2026-04-19 16:00,ord-001110,sell,75445.47,1776617951224,0,0,0,,,,0,cancelled
2026-04-19 16:00,ord-001111,buy,75430.05,1776617956224,0,0,0,,,,0,cancelled
2026-04-19 16:00,ord-001112,sell,75434.06,1776617956224,0,0,0,,,,0,cancelled
2026-04-19 16:00,ord-001113,buy,75401.11,1776617961224,0,0,0,,,,0,cancelled
2026-04-19 16:00,ord-001114,sell,75405.12,1776617961224,0,0,0,,,,0,cancelled
2026-04-19 16:00,ord-001115,buy,75386.46,1776617966224,0.00007000,0.00007000,0,1776617967345,0.00007000,0.00000000,0.00028000,cancelled
2026-04-19 16:00,ord-001116,sell,75390.47,1776617966224,0,0,0,,,,0,cancelled
2026-04-19 16:00,ord-001117,buy,75380.38,1776617971224,0,0,0,,,,0,cancelled
2026-04-19 16:00,ord-001118,sell,75384.39,1776617971224,0,0,0,,,,0,cancelled
2026-04-19 16:00,ord-001119,buy,75374.24,1776617976224,0,0,0,,,,0,cancelled
2026-04-19 16:00,ord-001120,sell,75378.25,1776617976224,0,0,0,,,,0,cancelled
2026-04-19 16:00,ord-001121,buy,75368.53,1776617981224,0,0,0,,,,0,cancelled
2026-04-19 16:00,ord-001122,sell,75372.54,1776617981224,0,0,0,,,,0,cancelled
2026-04-19 16:00,ord-001123,buy,75356.63,1776617986224,0,0,0,,,,0,cancelled
2026-04-19 16:00,ord-001124,sell,75360.64,1776617986224,0,0,0,,,,0,cancelled
2026-04-19 16:00,ord-001125,buy,75371.05,1776617991224,0,0,0,,,,0,cancelled
2026-04-19 16:00,ord-001126,sell,75375.06,1776617991224,0,0,0,,,,0,cancelled
2026-04-19 16:00,ord-001127,buy,75380.43,1776617996224,0,0,0,,,,0,expired
2026-04-19 16:00,ord-001128,sell,75384.44,1776617996224,0,0,0,,,,0,expired
2026-04-19 17:00,ord-000001,buy,75380.86,1776618000424,0,0,0,,,,0,cancelled
2026-04-19 17:00,ord-000002,sell,75384.87,1776618000424,0,0,0,,,,0,cancelled
2026-04-19 17:00,ord-000003,buy,75284.97,1776618005424,0,0,0,,,,0,cancelled
2026-04-19 17:00,ord-000004,sell,75288.98,1776618005424,0,0,0,,,,0,cancelled
2026-04-19 17:00,ord-000005,buy,75321.22,1776618010424,0,0,0,,,,0,cancelled
2026-04-19 17:00,ord-000006,sell,75325.23,1776618010424,0,0,0,,,,0,cancelled
2026-04-19 17:00,ord-000007,buy,75256.80,1776618015424,0,0,0,,,,0,cancelled
2026-04-19 17:00,ord-000008,sell,75260.81,1776618015424,0,0,0,,,,0,cancelled
2026-04-19 17:00,ord-000009,buy,75305.99,1776618020442,0,0,0,,,,0,cancelled
2026-04-19 17:00,ord-000010,sell,75310.00,1776618020442,0.00080000,0.00080000,0,1776618023065,0.00080000,0.00000000,0.00040000,cancelled
2026-04-19 17:00,ord-000011,buy,75310.56,1776618025524,0,0,0,,,,0,cancelled
2026-04-19 17:00,ord-000012,sell,75314.57,1776618025524,0,0,0,,,,0,cancelled
2026-04-19 17:00,ord-000013,buy,75301.37,1776618030524,0,0,0,,,,0,cancelled
2026-04-19 17:00,ord-000014,sell,75305.38,1776618030524,0,0,0,,,,0,cancelled
2026-04-19 17:00,ord-000015,buy,75297.07,1776618040124,0,0,0,,,,0,cancelled
2026-04-19 17:00,ord-000016,sell,75301.08,1776618040124,0,0,0,,,,0,cancelled
2026-04-19 17:00,ord-000017,buy,75265.38,1776618045247,0,0,0,,,,0,cancelled
2026-04-19 17:00,ord-000018,sell,75269.39,1776618045247,0,0,0,,,,0,cancelled
2026-04-19 17:00,ord-000019,buy,75268.91,1776618050324,0,0,0,,,,0,cancelled
2026-04-19 17:00,ord-000020,sell,75272.92,1776618050324,0,0,0,,,,0,cancelled
2026-04-19 17:00,ord-000021,buy,75253.65,1776618055324,0,0,0,,,,0,cancelled
2026-04-19 17:00,ord-000022,sell,75257.66,1776618055324,0,0,0,,,,0,cancelled
2026-04-19 17:00,ord-000023,buy,75251.44,1776618060324,0,0,0,,,,0,cancelled
2026-04-19 17:00,ord-000024,sell,75255.45,1776618060324,0,0,0,,,,0,cancelled
2026-04-19 17:00,ord-000025,buy,75243.75,1776618065324,0,0,0,,,,0,cancelled
2026-04-19 17:00,ord-000026,sell,75247.76,1776618065324,0,0,0,,,,0,cancelled
2026-04-19 17:00,ord-000027,buy,75258.77,1776618070324,0,0,0,,,,0,cancelled
2026-04-19 17:00,ord-000028,sell,75262.78,1776618070324,0,0,0,,,,0,cancelled
2026-04-19 17:00,ord-000029,buy,75272.90,1776618075324,0,0,0,,,,0,cancelled
2026-04-19 17:00,ord-000030,sell,75276.91,1776618075324,0,0,0,,,,0,cancelled
2026-04-19 17:00,ord-000031,buy,75272.89,1776618080324,0,0,0,,,,0,cancelled
2026-04-19 17:00,ord-000032,sell,75276.90,1776618080324,0,0,0,,,,0,cancelled
2026-04-19 17:00,ord-000033,buy,75283.91,1776618085324,0,0,0,,,,0,cancelled
2026-04-19 17:00,ord-000034,sell,75287.92,1776618085324,0,0,0,,,,0,cancelled
2026-04-19 17:00,ord-000035,buy,75289.52,1776618090324,0,0,0,,,,0,cancelled
2026-04-19 17:00,ord-000036,sell,75293.53,1776618090324,0,0,0,,,,0,cancelled
2026-04-19 17:00,ord-000037,buy,75293.04,1776618100324,0,0,0,,,,0,cancelled
2026-04-19 17:00,ord-000038,sell,75297.05,1776618100324,0,0,0,,,,0,cancelled
2026-04-19 17:00,ord-000039,buy,75284.64,1776618105324,0,0,0,,,,0,cancelled
2026-04-19 17:00,ord-000040,sell,75288.65,1776618105324,0,0,0,,,,0,cancelled
2026-04-19 17:00,ord-000041,buy,75290.36,1776618110324,0,0,0,,,,0,cancelled
2026-04-19 17:00,ord-000042,sell,75294.37,1776618110324,0,0,0,,,,0,cancelled
2026-04-19 17:00,ord-000043,buy,75272.89,1776618117130,0,0,0,,,,0,cancelled
2026-04-19 17:00,ord-000044,sell,75276.90,1776618117130,0,0,0,,,,0,cancelled
2026-04-19 17:00,ord-000045,buy,75281.99,1776618122224,0,0,0,,,,0,cancelled
2026-04-19 17:00,ord-000046,sell,75286.00,1776618122224,0.00120000,0.00120000,0,,,,0,cancelled
2026-04-19 17:00,ord-000047,buy,75297.07,1776618127224,0,0,0,,,,0,cancelled
2026-04-19 17:00,ord-000048,sell,75301.08,1776618127224,0,0,0,,,,0,cancelled
2026-04-19 17:00,ord-000049,buy,75297.06,1776618134124,0,0,0,,,,0,cancelled
2026-04-19 17:00,ord-000050,sell,75301.07,1776618134124,0,0,0,,,,0,cancelled
2026-04-19 17:00,ord-000051,buy,75288.35,1776618139124,0,0,0,,,,0,cancelled
2026-04-19 17:00,ord-000052,sell,75292.36,1776618139124,0,0,0,,,,0,cancelled
2026-04-19 17:00,ord-000053,buy,75295.19,1776618158724,0,0,0,,,,0,cancelled
2026-04-19 17:00,ord-000054,sell,75299.20,1776618158724,0,0,0,,,,0,cancelled
2026-04-19 17:00,ord-000055,buy,75301.99,1776618163724,0,0,0,,,,0,cancelled
2026-04-19 17:00,ord-000056,sell,75306.00,1776618163724,0.00120000,0,0,,,,0,cancelled
2026-04-19 17:00,ord-000057,buy,75302.60,1776618168724,0,0,0,,,,0,cancelled
2026-04-19 17:00,ord-000058,sell,75306.61,1776618168724,0,0,0,,,,0,cancelled
2026-04-19 17:00,ord-000059,buy,75297.15,1776618176924,0,0,0,,,,0,cancelled
2026-04-19 17:00,ord-000060,sell,75301.16,1776618176924,0,0,0,,,,0,cancelled
2026-04-19 17:00,ord-000061,buy,75310.92,1776618181924,0.13228000,0,0,,,,0,cancelled
2026-04-19 17:00,ord-000062,sell,75314.93,1776618181924,0,0,0,,,,0,cancelled
2026-04-19 17:00,ord-000063,buy,75322.26,1776618186924,0,0,0,,,,0,cancelled
2026-04-19 17:00,ord-000064,sell,75326.27,1776618186924,0,0,0,,,,0,cancelled
2026-04-19 17:00,ord-000065,buy,75327.53,1776618191924,0,0,0,,,,0,cancelled
2026-04-19 17:00,ord-000066,sell,75331.54,1776618191924,0,0,0,,,,0,cancelled
2026-04-19 17:00,ord-000067,buy,75345.99,1776618196924,0,0,0,,,,0,cancelled
2026-04-19 17:00,ord-000068,sell,75350.00,1776618196924,0.06789000,0.00538000,0,,,,0,cancelled
2026-04-19 17:00,ord-000069,buy,75347.99,1776618201924,0.00737000,0,0,,,,0,cancelled
2026-04-19 17:00,ord-000070,sell,75352.00,1776618201924,0.00120000,0.00120000,0,,,,0,cancelled
2026-04-19 17:00,ord-000071,buy,75380.86,1776618206924,0,0,0,,,,0,cancelled
2026-04-19 17:00,ord-000072,sell,75384.87,1776618206924,0,0,0,,,,0,cancelled
2026-04-19 17:00,ord-000073,buy,75346.37,1776618211924,0,0,0,,,,0,cancelled
2026-04-19 17:00,ord-000074,sell,75350.38,1776618211924,0,0,0,,,,0,cancelled
2026-04-19 17:00,ord-000075,buy,75347.99,1776618217824,0,0,0,,,,0,cancelled
2026-04-19 17:00,ord-000076,sell,75352.00,1776618217824,0,0,0,,,,0,cancelled
2026-04-19 17:00,ord-000077,buy,75359.99,1776618225224,0,0,0,,,,0,cancelled
2026-04-19 17:00,ord-000078,sell,75364.00,1776618225224,0.00120000,0.00120000,0,1776618230248,0.00077000,0.00000000,0.00014000,cancelled
2026-04-19 17:00,ord-000079,buy,75363.68,1776618230324,0,0,0,,,,0,cancelled
2026-04-19 17:00,ord-000080,sell,75367.69,1776618230324,0,0,0,,,,0,cancelled
2026-04-19 17:00,ord-000081,buy,75358.00,1776618235324,0.00080000,0.00080000,0,1776618237165,0.00080000,0.00000000,0.00040000,cancelled
2026-04-19 17:00,ord-000082,sell,75362.01,1776618235324,0,0,0,,,,0,cancelled
2026-04-19 17:00,ord-000083,buy,75346.36,1776618240324,0.00087000,0.00087000,0,,,,0,cancelled
2026-04-19 17:00,ord-000084,sell,75350.37,1776618240324,0,0,0,,,,0,cancelled
2026-04-19 17:00,ord-000085,buy,75323.50,1776618245324,0,0,0,,,,0,cancelled
2026-04-19 17:00,ord-000086,sell,75327.51,1776618245324,0,0,0,,,,0,cancelled
2026-04-19 17:00,ord-000087,buy,75307.56,1776618250324,0,0,0,,,,0,cancelled
2026-04-19 17:00,ord-000088,sell,75311.57,1776618250324,0,0,0,,,,0,cancelled
2026-04-19 17:00,ord-000089,buy,75311.61,1776618255324,0,0,0,,,,0,cancelled
2026-04-19 17:00,ord-000090,sell,75315.62,1776618255324,0,0,0,,,,0,cancelled
2026-04-19 17:00,ord-000091,buy,75306.00,1776618263724,0.00080000,0.00080000,0,1776618270401,0.00072000,0.00000000,0.001,filled
2026-04-19 17:00,ord-000092,sell,75310.01,1776618263724,0,0,0,,,,0,cancelled
2026-04-19 17:00,ord-000093,buy,75300.02,1776618270424,0,0,0,,,,0,cancelled
2026-04-19 17:00,ord-000094,sell,75304.03,1776618270424,0,0,0,,,,0,cancelled
2026-04-19 17:00,ord-000095,buy,75275.30,1776618275424,0,0,0,,,,0,cancelled
2026-04-19 17:00,ord-000096,sell,75279.31,1776618275424,0,0,0,,,,0,cancelled
2026-04-19 17:00,ord-000097,buy,75234.22,1776618280424,0,0,0,,,,0,cancelled
2026-04-19 17:00,ord-000098,sell,75238.23,1776618280424,0,0,0,,,,0,cancelled
2026-04-19 17:00,ord-000099,buy,75212.89,1776618285424,0,0,0,,,,0,cancelled
2026-04-19 17:00,ord-000100,sell,75216.90,1776618285424,0,0,0,,,,0,cancelled
2026-04-19 17:00,ord-000101,buy,75179.03,1776618290424,0,0,0,,,,0,cancelled
2026-04-19 17:00,ord-000102,sell,75183.04,1776618290424,0,0,0,,,,0,cancelled
2026-04-19 17:00,ord-000103,buy,75190.25,1776618295424,0,0,0,,,,0,cancelled
2026-04-19 17:00,ord-000104,sell,75194.26,1776618295424,0,0,0,,,,0,cancelled
2026-04-19 17:00,ord-000105,buy,75158.00,1776618300424,0.00176000,0.00176000,0,1776618301019,0.00176000,0.00000000,0.001,filled
2026-04-19 17:00,ord-000106,sell,75162.01,1776618300424,0,0,0,,,,0,cancelled
2026-04-19 17:00,ord-000107,buy,75155.05,1776618301124,0,0,0,,,,0,cancelled
2026-04-19 17:00,ord-000108,sell,75159.06,1776618301124,0,0,0,,,,0,cancelled
2026-04-19 17:00,ord-000109,buy,75147.99,1776618306124,0,0,0,,,,0,cancelled
2026-04-19 17:00,ord-000110,sell,75152.00,1776618306124,0,0,0,,,,0,cancelled
2026-04-19 17:00,ord-000111,buy,75142.00,1776618312524,0.00120000,0.00120000,0,1776618312818,0.00120000,0.00000000,0.00042000,cancelled
2026-04-19 17:00,ord-000112,sell,75146.01,1776618312524,0.19357000,0,0,,,,0,cancelled
2026-04-19 17:00,ord-000113,buy,75091.57,1776618317596,0,0,0,1776618318380,0,0,0.00035000,cancelled
2026-04-19 17:00,ord-000114,sell,75095.58,1776618317596,0,0,0,,,,0,cancelled
2026-04-19 17:00,ord-000115,buy,75031.26,1776618322624,0,0,0,,,,0,cancelled
2026-04-19 17:00,ord-000116,sell,75035.27,1776618322624,0,0,0,,,,0,cancelled
2026-04-19 17:00,ord-000117,buy,75032.42,1776618327624,0,0,0,,,,0,cancelled
2026-04-19 17:00,ord-000118,sell,75036.43,1776618327624,0,0,0,,,,0,cancelled
2026-04-19 17:00,ord-000119,buy,75072.72,1776618332624,0,0,0,,,,0,cancelled
2026-04-19 17:00,ord-000120,sell,75076.73,1776618332624,0,0,0,,,,0,cancelled
2026-04-19 17:00,ord-000121,buy,75058.66,1776618337624,0,0,0,,,,0,cancelled
2026-04-19 17:00,ord-000122,sell,75062.67,1776618337624,0,0,0,,,,0,cancelled
2026-04-19 17:00,ord-000123,buy,75042.35,1776618342624,0,0,0,,,,0,cancelled
2026-04-19 17:00,ord-000124,sell,75046.36,1776618342624,0,0,0,,,,0,cancelled
2026-04-19 17:00,ord-000125,buy,75064.29,1776618347624,0,0,0,,,,0,cancelled
2026-04-19 17:00,ord-000126,sell,75068.30,1776618347624,0,0,0,,,,0,cancelled
2026-04-19 17:00,ord-000127,buy,75078.40,1776618352624,0,0,0,,,,0,cancelled
2026-04-19 17:00,ord-000128,sell,75082.41,1776618352624,0,0,0,,,,0,cancelled
2026-04-19 17:00,ord-000129,buy,75092.76,1776618357624,0,0,0,,,,0,cancelled
2026-04-19 17:00,ord-000130,sell,75096.77,1776618357624,0,0,0,,,,0,cancelled
2026-04-19 17:00,ord-000131,buy,75105.57,1776618362624,0,0,0,,,,0,cancelled
2026-04-19 17:00,ord-000132,sell,75109.58,1776618362624,0,0,0,,,,0,cancelled
2026-04-19 17:00,ord-000133,buy,75131.96,1776618367624,0,0,0,,,,0,cancelled
2026-04-19 17:00,ord-000134,sell,75135.97,1776618367624,0,0,0,,,,0,cancelled
2026-04-19 17:00,ord-000135,buy,75146.00,1776618372624,0,0,0,,,,0,cancelled
2026-04-19 17:00,ord-000136,sell,75150.01,1776618372624,0,0,0,,,,0,cancelled
2026-04-19 17:00,ord-000137,buy,75114.00,1776618377624,0.00120000,0.00120000,0,1776618379264,0.00120000,0.00000000,0.001,filled
2026-04-19 17:00,ord-000138,sell,75118.01,1776618377624,0,0,0,,,,0,cancelled
2026-04-19 17:00,ord-000139,buy,75107.36,1776618379324,0,0,0,,,,0,cancelled
2026-04-19 17:00,ord-000140,sell,75111.37,1776618379324,0,0,0,,,,0,cancelled
2026-04-19 17:00,ord-000141,buy,75118.82,1776618384324,0,0,0,,,,0,cancelled
2026-04-19 17:00,ord-000142,sell,75122.83,1776618384324,0,0,0,,,,0,cancelled
2026-04-19 17:00,ord-000143,buy,75128.02,1776618389324,0,0,0,,,,0,cancelled
2026-04-19 17:00,ord-000144,sell,75132.03,1776618389324,0,0,0,,,,0,cancelled
2026-04-19 17:00,ord-000145,buy,75086.91,1776618394324,0,0,0,,,,0,cancelled
2026-04-19 17:00,ord-000146,sell,75090.92,1776618394324,0,0,0,,,,0,cancelled
2026-04-19 17:00,ord-000147,buy,75064.11,1776618399324,0,0,0,,,,0,cancelled
2026-04-19 17:00,ord-000148,sell,75068.12,1776618399324,0,0,0,,,,0,cancelled
2026-04-19 17:00,ord-000149,buy,75064.01,1776618404324,0,0,0,,,,0,cancelled
2026-04-19 17:00,ord-000150,sell,75068.02,1776618404324,0.00007000,0.00007000,0,1776618407888,0.00007000,0.00000000,0.00028000,cancelled
2026-04-19 17:00,ord-000151,buy,75086.29,1776618409324,0,0,0,,,,0,cancelled
2026-04-19 17:00,ord-000152,sell,75090.30,1776618409324,0,0,0,,,,0,cancelled
2026-04-19 17:00,ord-000153,buy,75103.76,1776618414324,0,0,0,,,,0,cancelled
2026-04-19 17:00,ord-000154,sell,75107.77,1776618414324,0,0,0,,,,0,cancelled
2026-04-19 17:00,ord-000155,buy,75124.58,1776618419324,0,0,0,,,,0,cancelled
2026-04-19 17:00,ord-000156,sell,75128.59,1776618419324,0,0,0,,,,0,cancelled
2026-04-19 17:00,ord-000157,buy,75126.00,1776618424324,0.00087000,0,0,,,,0,cancelled
2026-04-19 17:00,ord-000158,sell,75130.01,1776618424324,0.00021000,0.00021000,0,1776618426215,0.00021000,0.00000000,0.00014000,cancelled
2026-04-19 17:00,ord-000159,buy,75134.28,1776618429324,0,0,0,,,,0,cancelled
2026-04-19 17:00,ord-000160,sell,75138.29,1776618429324,0,0,0,,,,0,cancelled
2026-04-19 17:00,ord-000161,buy,75126.77,1776618436424,0,0,0,,,,0,cancelled
2026-04-19 17:00,ord-000162,sell,75130.78,1776618436424,0,0,0,,,,0,cancelled
2026-04-19 17:00,ord-000163,buy,75121.66,1776618441424,0,0,0,,,,0,cancelled
2026-04-19 17:00,ord-000164,sell,75125.67,1776618441424,0,0,0,,,,0,cancelled
2026-04-19 17:00,ord-000165,buy,75104.17,1776618446424,0,0,0,,,,0,cancelled
2026-04-19 17:00,ord-000166,sell,75108.18,1776618446424,0,0,0,,,,0,cancelled
2026-04-19 17:00,ord-000167,buy,75119.19,1776618451424,0,0,0,,,,0,cancelled
2026-04-19 17:00,ord-000168,sell,75123.20,1776618451424,0,0,0,,,,0,cancelled
2026-04-19 17:00,ord-000169,buy,75125.99,1776618456424,0.00914000,0,0,,,,0,cancelled
2026-04-19 17:00,ord-000170,sell,75130.00,1776618456424,0.00120000,0.00120000,0,,,,0,cancelled
2026-04-19 17:00,ord-000171,buy,75134.23,1776618461424,0,0,0,,,,0,cancelled
2026-04-19 17:00,ord-000172,sell,75138.24,1776618461424,0,0,0,,,,0,cancelled
2026-04-19 17:00,ord-000173,buy,75122.00,1776618466424,0.00120000,0.00120000,0,,,,0,cancelled
2026-04-19 17:00,ord-000174,sell,75126.01,1776618466424,0,0,0,,,,0,cancelled
2026-04-19 17:00,ord-000175,buy,75106.32,1776618471424,0,0,0,,,,0,cancelled
2026-04-19 17:00,ord-000176,sell,75110.33,1776618471424,0,0,0,,,,0,cancelled
2026-04-19 17:00,ord-000177,buy,75104.20,1776618476424,0,0,0,,,,0,cancelled
2026-04-19 17:00,ord-000178,sell,75108.21,1776618476424,0,0,0,,,,0,cancelled
2026-04-19 17:00,ord-000179,buy,75124.45,1776618481424,0,0,0,,,,0,cancelled
2026-04-19 17:00,ord-000180,sell,75128.46,1776618481424,0,0,0,,,,0,cancelled
2026-04-19 17:00,ord-000181,buy,75134.09,1776618486424,0,0,0,,,,0,cancelled
2026-04-19 17:00,ord-000182,sell,75138.10,1776618486424,0,0,0,,,,0,cancelled
2026-04-19 17:00,ord-000183,buy,75130.61,1776618491724,0,0,0,,,,0,cancelled
2026-04-19 17:00,ord-000184,sell,75134.62,1776618491724,0,0,0,,,,0,cancelled
2026-04-19 17:00,ord-000185,buy,75130.60,1776618496724,0,0,0,,,,0,cancelled
2026-04-19 17:00,ord-000186,sell,75134.61,1776618496724,0,0,0,,,,0,cancelled
2026-04-19 17:00,ord-000187,buy,75131.96,1776618505724,0,0,0,,,,0,cancelled
2026-04-19 17:00,ord-000188,sell,75135.97,1776618505724,0,0,0,,,,0,cancelled
2026-04-19 17:00,ord-000189,buy,75133.99,1776618510724,2.07778000,0,0,,,,0,cancelled
2026-04-19 17:00,ord-000190,sell,75138.00,1776618510724,0.00120000,0.00120000,0,,,,0,cancelled
2026-04-19 17:00,ord-000191,buy,75154.51,1776618515724,0,0,0,,,,0,cancelled
2026-04-19 17:00,ord-000192,sell,75158.52,1776618515724,0,0,0,,,,0,cancelled
2026-04-19 17:00,ord-000193,buy,75231.91,1776618520724,0,0,0,,,,0,cancelled
2026-04-19 17:00,ord-000194,sell,75235.92,1776618520724,0,0,0,,,,0,cancelled
2026-04-19 17:00,ord-000195,buy,75226.00,1776618525724,0.00080000,0.00080000,0,1776618529465,0.00080000,0.00000000,0.00040000,cancelled
2026-04-19 17:00,ord-000196,sell,75230.01,1776618525724,0.00007000,0,0,,,,0,cancelled
2026-04-19 17:00,ord-000197,buy,75220.66,1776618530724,0,0,0,,,,0,cancelled
2026-04-19 17:00,ord-000198,sell,75224.67,1776618530724,0,0,0,,,,0,cancelled
2026-04-19 17:00,ord-000199,buy,75231.43,1776618535724,0,0,0,,,,0,cancelled
2026-04-19 17:00,ord-000200,sell,75235.44,1776618535724,0,0,0,,,,0,cancelled
2026-04-19 17:00,ord-000201,buy,75226.00,1776618540724,0.00080000,0.00080000,0,,,,0,cancelled
2026-04-19 17:00,ord-000202,sell,75230.01,1776618540724,0,0,0,,,,0,cancelled
2026-04-19 17:00,ord-000203,buy,75214.75,1776618545724,0,0,0,,,,0,cancelled
2026-04-19 17:00,ord-000204,sell,75218.76,1776618545724,0,0,0,,,,0,cancelled
2026-04-19 17:00,ord-000205,buy,75219.06,1776618550724,0,0,0,,,,0,cancelled
2026-04-19 17:00,ord-000206,sell,75223.07,1776618550724,0,0,0,,,,0,cancelled
2026-04-19 17:00,ord-000207,buy,75229.12,1776618555724,0,0,0,,,,0,cancelled
2026-04-19 17:00,ord-000208,sell,75233.13,1776618555724,0,0,0,,,,0,cancelled
2026-04-19 17:00,ord-000209,buy,75220.31,1776618566924,0,0,0,,,,0,cancelled
2026-04-19 17:00,ord-000210,sell,75224.32,1776618566924,0,0,0,,,,0,cancelled
2026-04-19 17:00,ord-000211,buy,75198.39,1776618571924,0,0,0,,,,0,cancelled
2026-04-19 17:00,ord-000212,sell,75202.40,1776618571924,0,0,0,,,,0,cancelled
2026-04-19 17:00,ord-000213,buy,75197.06,1776618576924,0,0,0,,,,0,cancelled
2026-04-19 17:00,ord-000214,sell,75201.07,1776618576924,0,0,0,,,,0,cancelled
2026-04-19 17:00,ord-000215,buy,75186.66,1776618581925,0,0,0,,,,0,cancelled
2026-04-19 17:00,ord-000216,sell,75190.67,1776618581925,0,0,0,,,,0,cancelled
2026-04-19 17:00,ord-000217,buy,75154.15,1776618587024,0,0,0,,,,0,cancelled
2026-04-19 17:00,ord-000218,sell,75158.16,1776618587024,0,0,0,,,,0,cancelled
2026-04-19 17:00,ord-000219,buy,75155.34,1776618592024,0,0,0,,,,0,cancelled
2026-04-19 17:00,ord-000220,sell,75159.35,1776618592024,0,0,0,,,,0,cancelled
2026-04-19 17:00,ord-000221,buy,75137.48,1776618597024,0,0,0,,,,0,cancelled
2026-04-19 17:00,ord-000222,sell,75141.49,1776618597024,0,0,0,,,,0,cancelled
2026-04-19 17:00,ord-000223,buy,75146.12,1776618602024,0,0,0,,,,0,cancelled
2026-04-19 17:00,ord-000224,sell,75150.13,1776618602024,0,0,0,,,,0,cancelled
2026-04-19 17:00,ord-000225,buy,75149.63,1776618607024,0,0,0,,,,0,cancelled
2026-04-19 17:00,ord-000226,sell,75153.64,1776618607024,0,0,0,,,,0,cancelled
2026-04-19 17:00,ord-000227,buy,75140.26,1776618618029,0,0,0,,,,0,cancelled
2026-04-19 17:00,ord-000228,sell,75144.27,1776618618029,0,0,0,,,,0,cancelled
2026-04-19 17:00,ord-000229,buy,75124.06,1776618623124,0,0,0,,,,0,cancelled
2026-04-19 17:00,ord-000230,sell,75128.07,1776618623124,0,0,0,,,,0,cancelled
2026-04-19 17:00,ord-000231,buy,75103.08,1776618628125,0,0,0,,,,0,cancelled
2026-04-19 17:00,ord-000232,sell,75107.09,1776618628125,0,0,0,,,,0,cancelled
2026-04-19 17:00,ord-000233,buy,75107.02,1776618634724,0,0,0,,,,0,cancelled
2026-04-19 17:00,ord-000234,sell,75111.03,1776618634724,0,0,0,,,,0,cancelled
2026-04-19 17:00,ord-000235,buy,75124.48,1776618639724,0,0,0,,,,0,cancelled
2026-04-19 17:00,ord-000236,sell,75128.49,1776618639724,0,0,0,,,,0,cancelled
2026-04-19 17:00,ord-000237,buy,75136.98,1776618644724,0,0,0,,,,0,cancelled
2026-04-19 17:00,ord-000238,sell,75140.99,1776618644724,0,0,0,,,,0,cancelled
2026-04-19 17:00,ord-000239,buy,75142.59,1776618649724,0,0,0,,,,0,cancelled
2026-04-19 17:00,ord-000240,sell,75146.60,1776618649724,0,0,0,,,,0,cancelled
2026-04-19 17:00,ord-000241,buy,75142.92,1776618654724,0.00007000,0.00007000,0,,,,0,cancelled
2026-04-19 17:00,ord-000242,sell,75146.93,1776618654724,0,0,0,,,,0,cancelled
2026-04-19 17:00,ord-000243,buy,75139.99,1776618660624,0,0,0,,,,0,cancelled
2026-04-19 17:00,ord-000244,sell,75144.00,1776618660624,0,0,0,,,,0,cancelled
2026-04-19 17:00,ord-000245,buy,75150.00,1776618665624,0,0,0,,,,0,cancelled
2026-04-19 17:00,ord-000246,sell,75154.01,1776618665624,0,0,0,1776618668015,0,0,0.00014000,cancelled
2026-04-19 17:00,ord-000247,buy,75168.15,1776618670624,0,0,0,,,,0,cancelled
2026-04-19 17:00,ord-000248,sell,75172.16,1776618670624,0,0,0,,,,0,cancelled
2026-04-19 17:00,ord-000249,buy,75196.03,1776618675624,0,0,0,,,,0,cancelled
2026-04-19 17:00,ord-000250,sell,75200.04,1776618675624,0,0,0,,,,0,cancelled
2026-04-19 17:00,ord-000251,buy,75180.99,1776618680624,0,0,0,,,,0,cancelled
2026-04-19 17:00,ord-000252,sell,75185.00,1776618680624,0,0,0,,,,0,cancelled
2026-04-19 17:00,ord-000253,buy,75171.29,1776618685624,0,0,0,,,,0,cancelled
2026-04-19 17:00,ord-000254,sell,75175.30,1776618685624,0,0,0,,,,0,cancelled
2026-04-19 17:00,ord-000255,buy,75178.69,1776618690731,0,0,0,,,,0,cancelled
2026-04-19 17:00,ord-000256,sell,75182.70,1776618690731,0,0,0,,,,0,cancelled
2026-04-19 17:00,ord-000257,buy,75171.30,1776618702524,0,0,0,,,,0,cancelled
2026-04-19 17:00,ord-000258,sell,75175.31,1776618702524,0,0,0,,,,0,cancelled
2026-04-19 17:00,ord-000259,buy,75169.04,1776618707524,0,0,0,,,,0,cancelled
2026-04-19 17:00,ord-000260,sell,75173.05,1776618707524,0,0,0,,,,0,cancelled
2026-04-19 17:00,ord-000261,buy,75171.98,1776618722124,0,0,0,,,,0,cancelled
2026-04-19 17:00,ord-000262,sell,75175.99,1776618722124,0,0,0,,,,0,cancelled
2026-04-19 17:00,ord-000263,buy,75183.16,1776618727124,0,0,0,,,,0,cancelled
2026-04-19 17:00,ord-000264,sell,75187.17,1776618727124,0,0,0,,,,0,cancelled
2026-04-19 17:00,ord-000265,buy,75180.74,1776618732124,0,0,0,,,,0,cancelled
2026-04-19 17:00,ord-000266,sell,75184.75,1776618732124,0,0,0,,,,0,cancelled
2026-04-19 17:00,ord-000267,buy,75174.98,1776618737124,0,0,0,,,,0,cancelled
2026-04-19 17:00,ord-000268,sell,75178.99,1776618737124,0,0,0,,,,0,cancelled
2026-04-19 17:00,ord-000269,buy,75169.61,1776618742624,0,0,0,,,,0,cancelled
2026-04-19 17:00,ord-000270,sell,75173.62,1776618742624,0,0,0,,,,0,cancelled
2026-04-19 17:00,ord-000271,buy,75180.78,1776618747624,0,0,0,,,,0,cancelled
2026-04-19 17:00,ord-000272,sell,75184.79,1776618747624,0,0,0,,,,0,cancelled
2026-04-19 17:00,ord-000273,buy,75181.65,1776618752624,0,0,0,,,,0,cancelled
2026-04-19 17:00,ord-000274,sell,75185.66,1776618752624,0,0,0,,,,0,cancelled
2026-04-19 17:00,ord-000275,buy,75187.99,1776618758024,0,0,0,,,,0,cancelled
2026-04-19 17:00,ord-000276,sell,75192.00,1776618758024,0.00120000,0.00120000,0,,,,0,cancelled
2026-04-19 17:00,ord-000277,buy,75210.64,1776618763025,0,0,0,,,,0,cancelled
2026-04-19 17:00,ord-000278,sell,75214.65,1776618763025,0,0,0,,,,0,cancelled
2026-04-19 17:00,ord-000279,buy,75218.17,1776618776424,0,0,0,,,,0,cancelled
2026-04-19 17:00,ord-000280,sell,75222.18,1776618776424,0,0,0,,,,0,cancelled
2026-04-19 17:00,ord-000281,buy,75237.80,1776618781424,0,0,0,,,,0,cancelled
2026-04-19 17:00,ord-000282,sell,75241.81,1776618781424,0,0,0,,,,0,cancelled
2026-04-19 17:00,ord-000283,buy,75222.38,1776618786424,0,0,0,,,,0,cancelled
2026-04-19 17:00,ord-000284,sell,75226.39,1776618786424,0,0,0,,,,0,cancelled
2026-04-19 17:00,ord-000285,buy,75225.79,1776618797432,0,0,0,,,,0,cancelled
2026-04-19 17:00,ord-000286,sell,75229.80,1776618797432,0,0,0,,,,0,cancelled
2026-04-19 17:00,ord-000287,buy,75239.07,1776618802524,0,0,0,,,,0,cancelled
2026-04-19 17:00,ord-000288,sell,75243.08,1776618802524,0,0,0,,,,0,cancelled
2026-04-19 17:00,ord-000289,buy,75241.50,1776618807524,0,0,0,,,,0,cancelled
2026-04-19 17:00,ord-000290,sell,75245.51,1776618807524,0,0,0,,,,0,cancelled
2026-04-19 17:00,ord-000291,buy,75257.99,1776618812524,0,0,0,,,,0,cancelled
2026-04-19 17:00,ord-000292,sell,75262.00,1776618812524,0.00120000,0,0,,,,0,cancelled
2026-04-19 17:00,ord-000293,buy,75257.35,1776618817524,0,0,0,,,,0,cancelled
2026-04-19 17:00,ord-000294,sell,75261.36,1776618817524,0,0,0,,,,0,cancelled
2026-04-19 17:00,ord-000295,buy,75247.86,1776618829724,0,0,0,,,,0,cancelled
2026-04-19 17:00,ord-000296,sell,75251.87,1776618829724,0,0,0,,,,0,cancelled
2026-04-19 17:00,ord-000297,buy,75251.99,1776618838224,0,0,0,,,,0,cancelled
2026-04-19 17:00,ord-000298,sell,75256.00,1776618838224,0.00080000,0.00080000,0,,,,0,cancelled
2026-04-19 17:00,ord-000299,buy,75259.52,1776618843224,0,0,0,,,,0,cancelled
2026-04-19 17:00,ord-000300,sell,75263.53,1776618843224,0,0,0,,,,0,cancelled
2026-04-19 17:00,ord-000301,buy,75240.78,1776618848224,0,0,0,1776618861636,0,0,0.00042000,cancelled
2026-04-19 17:00,ord-000302,sell,75244.79,1776618848224,0,0,0,,,,0,cancelled
2026-04-19 17:00,ord-000303,buy,75235.71,1776618861724,0,0,0,,,,0,cancelled
2026-04-19 17:00,ord-000304,sell,75239.72,1776618861724,0,0,0,,,,0,cancelled
2026-04-19 17:00,ord-000305,buy,75242.00,1776618866724,0,0,0,,,,0,cancelled
2026-04-19 17:00,ord-000306,sell,75246.01,1776618866724,0,0,0,,,,0,cancelled
2026-04-19 17:00,ord-000307,buy,75254.47,1776618897724,0,0,0,,,,0,cancelled
2026-04-19 17:00,ord-000308,sell,75258.48,1776618897724,0,0,0,,,,0,cancelled
2026-04-19 17:00,ord-000309,buy,75262.00,1776618902724,0,0,0,,,,0,cancelled
2026-04-19 17:00,ord-000310,sell,75266.01,1776618902724,0,0,0,,,,0,cancelled
2026-04-19 17:00,ord-000311,buy,75250.26,1776618907724,0,0,0,,,,0,cancelled
2026-04-19 17:00,ord-000312,sell,75254.27,1776618907724,0,0,0,,,,0,cancelled
2026-04-19 17:00,ord-000313,buy,75250.00,1776618937324,0.00191000,0,0,,,,0,cancelled
2026-04-19 17:00,ord-000314,sell,75254.01,1776618937324,0,0,0,,,,0,cancelled
2026-04-19 17:00,ord-000315,buy,75242.00,1776618942324,0.00120000,0,0,,,,0,cancelled
2026-04-19 17:00,ord-000316,sell,75246.01,1776618942324,0.05014000,0.00210000,0,,,,0,cancelled
2026-04-19 17:00,ord-000317,buy,75255.61,1776618947324,0,0,0,,,,0,cancelled
2026-04-19 17:00,ord-000318,sell,75259.62,1776618947324,0,0,0,,,,0,cancelled
2026-04-19 17:00,ord-000319,buy,75263.14,1776618953324,0,0,0,,,,0,cancelled
2026-04-19 17:00,ord-000320,sell,75267.15,1776618953324,0,0,0,,,,0,cancelled
2026-04-19 17:00,ord-000321,buy,75255.60,1776618962024,0,0,0,,,,0,cancelled
2026-04-19 17:00,ord-000322,sell,75259.61,1776618962024,0,0,0,,,,0,cancelled
2026-04-19 17:00,ord-000323,buy,75254.46,1776618978424,0,0,0,,,,0,cancelled
2026-04-19 17:00,ord-000324,sell,75258.47,1776618978424,0,0,0,,,,0,cancelled
2026-04-19 17:00,ord-000325,buy,75242.01,1776618983424,0,0,0,,,,0,cancelled
2026-04-19 17:00,ord-000326,sell,75246.02,1776618983424,0,0,0,,,,0,cancelled
2026-04-19 17:00,ord-000327,buy,75242.00,1776619009924,0.00120000,0.00120000,0,,,,0,cancelled
2026-04-19 17:00,ord-000328,sell,75246.01,1776619009924,0,0,0,,,,0,cancelled
2026-04-19 17:00,ord-000329,buy,75214.83,1776619014924,0,0,0,,,,0,cancelled
2026-04-19 17:00,ord-000330,sell,75218.84,1776619014924,0,0,0,,,,0,cancelled
2026-04-19 17:00,ord-000331,buy,75221.61,1776619019924,0,0,0,,,,0,cancelled
2026-04-19 17:00,ord-000332,sell,75225.62,1776619019924,0,0,0,,,,0,cancelled
2026-04-19 17:00,ord-000333,buy,75228.17,1776619024924,0,0,0,,,,0,cancelled
2026-04-19 17:00,ord-000334,sell,75232.18,1776619024924,0,0,0,,,,0,cancelled
2026-04-19 17:00,ord-000335,buy,75235.73,1776619029924,0,0,0,,,,0,cancelled
2026-04-19 17:00,ord-000336,sell,75239.74,1776619029924,0,0,0,,,,0,cancelled
2026-04-19 17:00,ord-000337,buy,75257.34,1776619034924,0,0,0,,,,0,cancelled
2026-04-19 17:00,ord-000338,sell,75261.35,1776619034924,0,0,0,,,,0,cancelled
2026-04-19 17:00,ord-000339,buy,75267.34,1776619045024,0,0,0,,,,0,cancelled
2026-04-19 17:00,ord-000340,sell,75271.35,1776619045024,0,0,0,,,,0,cancelled
2026-04-19 17:00,ord-000341,buy,75267.53,1776619053424,0,0,0,,,,0,cancelled
2026-04-19 17:00,ord-000342,sell,75271.54,1776619053424,0,0,0,,,,0,cancelled
2026-04-19 17:00,ord-000343,buy,75271.99,1776619059224,0,0,0,,,,0,cancelled
2026-04-19 17:00,ord-000344,sell,75276.00,1776619059224,0.00120000,0.00120000,0,,,,0,cancelled
2026-04-19 17:00,ord-000345,buy,75258.37,1776619064224,0,0,0,,,,0,cancelled
2026-04-19 17:00,ord-000346,sell,75262.38,1776619064224,0,0,0,,,,0,cancelled
2026-04-19 17:00,ord-000347,buy,75248.69,1776619082124,0,0,0,,,,0,cancelled
2026-04-19 17:00,ord-000348,sell,75252.70,1776619082124,0,0,0,,,,0,cancelled
2026-04-19 17:00,ord-000349,buy,75255.80,1776619095424,0,0,0,,,,0,cancelled
2026-04-19 17:00,ord-000350,sell,75259.81,1776619095424,0,0,0,,,,0,cancelled
2026-04-19 17:00,ord-000351,buy,75261.99,1776619100424,0,0,0,,,,0,cancelled
2026-04-19 17:00,ord-000352,sell,75266.00,1776619100424,0.00120000,0.00120000,0,,,,0,cancelled
2026-04-19 17:00,ord-000353,buy,75277.99,1776619105424,0,0,0,,,,0,cancelled
2026-04-19 17:00,ord-000354,sell,75282.00,1776619105424,0.00120000,0.00120000,0,,,,0,cancelled
2026-04-19 17:00,ord-000355,buy,75297.33,1776619110424,0,0,0,,,,0,cancelled
2026-04-19 17:00,ord-000356,sell,75301.34,1776619110424,0,0,0,,,,0,cancelled
2026-04-19 17:00,ord-000357,buy,75300.30,1776619115424,0,0,0,,,,0,cancelled
2026-04-19 17:00,ord-000358,sell,75304.31,1776619115424,0,0,0,,,,0,cancelled
2026-04-19 17:00,ord-000359,buy,75301.01,1776619128524,0,0,0,,,,0,cancelled
2026-04-19 17:00,ord-000360,sell,75305.02,1776619128524,0,0,0,,,,0,cancelled
2026-04-19 17:00,ord-000361,buy,75304.24,1776619133524,0,0,0,,,,0,cancelled
2026-04-19 17:00,ord-000362,sell,75308.25,1776619133524,0,0,0,,,,0,cancelled
2026-04-19 17:00,ord-000363,buy,75301.00,1776619138524,0,0,0,,,,0,cancelled
2026-04-19 17:00,ord-000364,sell,75305.01,1776619138524,0,0,0,,,,0,cancelled
2026-04-19 17:00,ord-000365,buy,75276.10,1776619143524,0,0,0,,,,0,cancelled
2026-04-19 17:00,ord-000366,sell,75280.11,1776619143524,0,0,0,,,,0,cancelled
2026-04-19 17:00,ord-000367,buy,75267.73,1776619148524,0,0,0,,,,0,cancelled
2026-04-19 17:00,ord-000368,sell,75271.74,1776619148524,0,0,0,,,,0,cancelled
2026-04-19 17:00,ord-000369,buy,75266.99,1776619153524,0,0,0,,,,0,cancelled
2026-04-19 17:00,ord-000370,sell,75271.00,1776619153524,0,0,0,,,,0,cancelled
2026-04-19 17:00,ord-000371,buy,75272.76,1776619165124,0,0,0,,,,0,cancelled
2026-04-19 17:00,ord-000372,sell,75276.77,1776619165124,0,0,0,,,,0,cancelled
2026-04-19 17:00,ord-000373,buy,75282.32,1776619170124,0,0,0,,,,0,cancelled
2026-04-19 17:00,ord-000374,sell,75286.33,1776619170124,0,0,0,,,,0,cancelled
2026-04-19 17:00,ord-000375,buy,75281.41,1776619177124,0,0,0,,,,0,cancelled
2026-04-19 17:00,ord-000376,sell,75285.42,1776619177124,0,0,0,,,,0,cancelled
2026-04-19 17:00,ord-000377,buy,75270.41,1776619182124,0,0,0,,,,0,cancelled
2026-04-19 17:00,ord-000378,sell,75274.42,1776619182124,0,0,0,,,,0,cancelled
2026-04-19 17:00,ord-000379,buy,75280.93,1776619189224,0,0,0,,,,0,cancelled
2026-04-19 17:00,ord-000380,sell,75284.94,1776619189224,0,0,0,,,,0,cancelled
2026-04-19 17:00,ord-000381,buy,75283.83,1776619194224,0,0,0,,,,0,cancelled
2026-04-19 17:00,ord-000382,sell,75287.84,1776619194224,0,0,0,,,,0,cancelled
2026-04-19 17:00,ord-000383,buy,75290.99,1776619199224,0,0,0,,,,0,cancelled
2026-04-19 17:00,ord-000384,sell,75295.00,1776619199224,0,0,0,,,,0,cancelled
2026-04-19 17:00,ord-000385,buy,75300.29,1776619204224,0,0,0,,,,0,cancelled
2026-04-19 17:00,ord-000386,sell,75304.30,1776619204224,0,0,0,,,,0,cancelled
2026-04-19 17:00,ord-000387,buy,75300.28,1776619209224,0.00007000,0,0,,,,0,cancelled
2026-04-19 17:00,ord-000388,sell,75304.29,1776619209224,0.00007000,0,0,,,,0,cancelled
2026-04-19 17:00,ord-000389,buy,75300.71,1776619215724,0,0,0,,,,0,cancelled
2026-04-19 17:00,ord-000390,sell,75304.72,1776619215724,0,0,0,,,,0,cancelled
2026-04-19 17:00,ord-000391,buy,75303.99,1776619220724,0,0,0,,,,0,cancelled
2026-04-19 17:00,ord-000392,sell,75308.00,1776619220724,0.00120000,0.00120000,0,,,,0,cancelled
2026-04-19 17:00,ord-000393,buy,75308.99,1776619225724,0,0,0,,,,0,cancelled
2026-04-19 17:00,ord-000394,sell,75313.00,1776619225724,0,0,0,,,,0,cancelled
2026-04-19 17:00,ord-000395,buy,75300.71,1776619233624,0,0,0,,,,0,cancelled
2026-04-19 17:00,ord-000396,sell,75304.72,1776619233624,0,0,0,,,,0,cancelled
2026-04-19 17:00,ord-000397,buy,75300.28,1776619238624,0,0,0,,,,0,cancelled
2026-04-19 17:00,ord-000398,sell,75304.29,1776619238624,0,0,0,,,,0,cancelled
2026-04-19 17:00,ord-000399,buy,75312.06,1776619257824,0,0,0,,,,0,cancelled
2026-04-19 17:00,ord-000400,sell,75316.07,1776619257824,0,0,0,,,,0,cancelled
2026-04-19 17:00,ord-000401,buy,75312.52,1776619262824,0,0,0,,,,0,cancelled
2026-04-19 17:00,ord-000402,sell,75316.53,1776619262824,0,0,0,,,,0,cancelled
2026-04-19 17:00,ord-000403,buy,75301.97,1776619267824,0,0,0,,,,0,cancelled
2026-04-19 17:00,ord-000404,sell,75305.98,1776619267824,0,0,0,,,,0,cancelled
2026-04-19 17:00,ord-000405,buy,75290.86,1776619272824,0,0,0,,,,0,cancelled
2026-04-19 17:00,ord-000406,sell,75294.87,1776619272824,0,0,0,,,,0,cancelled
2026-04-19 17:00,ord-000407,buy,75304.19,1776619277824,0,0,0,,,,0,cancelled
2026-04-19 17:00,ord-000408,sell,75308.20,1776619277824,0,0,0,,,,0,cancelled
2026-04-19 17:00,ord-000409,buy,75309.58,1776619302047,0,0,0,,,,0,cancelled
2026-04-19 17:00,ord-000410,sell,75313.59,1776619302047,0,0,0,,,,0,cancelled
2026-04-19 17:00,ord-000411,buy,75312.51,1776619307124,0,0,0,,,,0,cancelled
2026-04-19 17:00,ord-000412,sell,75316.52,1776619307124,0,0,0,,,,0,cancelled
2026-04-19 17:00,ord-000413,buy,75324.17,1776619312124,0,0,0,,,,0,cancelled
2026-04-19 17:00,ord-000414,sell,75328.18,1776619312124,0,0,0,,,,0,cancelled
2026-04-19 17:00,ord-000415,buy,75343.23,1776619317124,0,0,0,,,,0,cancelled
2026-04-19 17:00,ord-000416,sell,75347.24,1776619317124,0,0,0,,,,0,cancelled
2026-04-19 17:00,ord-000417,buy,75372.83,1776619322124,0,0,0,,,,0,cancelled
2026-04-19 17:00,ord-000418,sell,75376.84,1776619322124,0,0,0,,,,0,cancelled
2026-04-19 17:00,ord-000419,buy,75379.75,1776619327124,0,0,0,,,,0,cancelled
2026-04-19 17:00,ord-000420,sell,75383.76,1776619327124,0,0,0,,,,0,cancelled
2026-04-19 17:00,ord-000421,buy,75367.81,1776619332124,0,0,0,,,,0,cancelled
2026-04-19 17:00,ord-000422,sell,75371.82,1776619332124,0,0,0,,,,0,cancelled
2026-04-19 17:00,ord-000423,buy,75351.07,1776619337124,0,0,0,,,,0,cancelled
2026-04-19 17:00,ord-000424,sell,75355.08,1776619337124,0,0,0,,,,0,cancelled
2026-04-19 17:00,ord-000425,buy,75333.27,1776619342124,0,0,0,,,,0,cancelled
2026-04-19 17:00,ord-000426,sell,75337.28,1776619342124,0,0,0,,,,0,cancelled
2026-04-19 17:00,ord-000427,buy,75344.40,1776619347124,0,0,0,,,,0,cancelled
2026-04-19 17:00,ord-000428,sell,75348.41,1776619347124,0,0,0,,,,0,cancelled
2026-04-19 17:00,ord-000429,buy,75334.17,1776619354924,0,0,0,,,,0,cancelled
2026-04-19 17:00,ord-000430,sell,75338.18,1776619354924,0,0,0,,,,0,cancelled
2026-04-19 17:00,ord-000431,buy,75324.87,1776619359924,0,0,0,,,,0,cancelled
2026-04-19 17:00,ord-000432,sell,75328.88,1776619359924,0,0,0,,,,0,cancelled
2026-04-19 17:00,ord-000433,buy,75320.22,1776619369524,0,0,0,,,,0,cancelled
2026-04-19 17:00,ord-000434,sell,75324.23,1776619369524,0,0,0,,,,0,cancelled
2026-04-19 17:00,ord-000435,buy,75315.47,1776619374524,0,0,0,,,,0,cancelled
2026-04-19 17:00,ord-000436,sell,75319.48,1776619374524,0,0,0,,,,0,cancelled
2026-04-19 17:00,ord-000437,buy,75303.07,1776619379524,0,0,0,,,,0,cancelled
2026-04-19 17:00,ord-000438,sell,75307.08,1776619379524,0,0,0,,,,0,cancelled
2026-04-19 17:00,ord-000439,buy,75296.13,1776619384524,0,0,0,,,,0,cancelled
2026-04-19 17:00,ord-000440,sell,75300.14,1776619384524,0,0,0,,,,0,cancelled
2026-04-19 17:00,ord-000441,buy,75306.24,1776619389524,0,0,0,,,,0,cancelled
2026-04-19 17:00,ord-000442,sell,75310.25,1776619389524,0,0,0,,,,0,cancelled
2026-04-19 17:00,ord-000443,buy,75277.44,1776619394524,0,0,0,,,,0,cancelled
2026-04-19 17:00,ord-000444,sell,75281.45,1776619394524,0,0,0,,,,0,cancelled
2026-04-19 17:00,ord-000445,buy,75287.92,1776619399524,0,0,0,,,,0,cancelled
2026-04-19 17:00,ord-000446,sell,75291.93,1776619399524,0,0,0,,,,0,cancelled
2026-04-19 17:00,ord-000447,buy,75282.84,1776619426124,0,0,0,,,,0,cancelled
2026-04-19 17:00,ord-000448,sell,75286.85,1776619426124,0,0,0,,,,0,cancelled
2026-04-19 17:00,ord-000449,buy,75282.83,1776619431324,0,0,0,,,,0,cancelled
2026-04-19 17:00,ord-000450,sell,75286.84,1776619431324,0,0,0,,,,0,cancelled
2026-04-19 17:00,ord-000451,buy,75274.07,1776619436325,0,0,0,,,,0,cancelled
2026-04-19 17:00,ord-000452,sell,75278.08,1776619436325,0,0,0,,,,0,cancelled
2026-04-19 17:00,ord-000453,buy,75270.72,1776619441724,0,0,0,1776619486885,0,0,0.00014000,cancelled
2026-04-19 17:00,ord-000454,sell,75274.73,1776619441724,0,0,0,,,,0,cancelled
2026-04-19 17:00,ord-000455,buy,75266.20,1776619486924,0,0,0,,,,0,cancelled
2026-04-19 17:00,ord-000456,sell,75270.21,1776619486924,0,0,0,,,,0,cancelled
2026-04-19 17:00,ord-000457,buy,75238.00,1776619491924,0.00120000,0.00120000,0,,,,0,cancelled
2026-04-19 17:00,ord-000458,sell,75242.01,1776619491924,0,0,0,,,,0,cancelled
2026-04-19 17:00,ord-000459,buy,75199.33,1776619496924,0,0,0,,,,0,cancelled
2026-04-19 17:00,ord-000460,sell,75203.34,1776619496924,0,0,0,,,,0,cancelled
2026-04-19 17:00,ord-000461,buy,75204.31,1776619501924,0,0,0,,,,0,cancelled
2026-04-19 17:00,ord-000462,sell,75208.32,1776619501924,0,0,0,,,,0,cancelled
2026-04-19 17:00,ord-000463,buy,75187.03,1776619506924,0,0,0,,,,0,cancelled
2026-04-19 17:00,ord-000464,sell,75191.04,1776619506924,0,0,0,,,,0,cancelled
2026-04-19 17:00,ord-000465,buy,75197.99,1776619511924,0,0,0,,,,0,cancelled
2026-04-19 17:00,ord-000466,sell,75202.00,1776619511924,0.00047000,0,0,,,,0,cancelled
2026-04-19 17:00,ord-000467,buy,75191.34,1776619522824,0,0,0,,,,0,cancelled
2026-04-19 17:00,ord-000468,sell,75195.35,1776619522824,0,0,0,,,,0,cancelled
2026-04-19 17:00,ord-000469,buy,75182.24,1776619527824,0,0,0,,,,0,cancelled
2026-04-19 17:00,ord-000470,sell,75186.25,1776619527824,0,0,0,,,,0,cancelled
2026-04-19 17:00,ord-000471,buy,75177.93,1776619532824,0,0,0,,,,0,cancelled
2026-04-19 17:00,ord-000472,sell,75181.94,1776619532824,0,0,0,,,,0,cancelled
2026-04-19 17:00,ord-000473,buy,75169.67,1776619537824,0,0,0,,,,0,cancelled
2026-04-19 17:00,ord-000474,sell,75173.68,1776619537824,0.00300000,0,0,,,,0,cancelled
2026-04-19 17:00,ord-000475,buy,75181.99,1776619542824,0,0,0,,,,0,cancelled
2026-04-19 17:00,ord-000476,sell,75186.00,1776619542824,0.00120000,0.00120000,0,,,,0,cancelled
2026-04-19 17:00,ord-000477,buy,75189.75,1776619547824,0,0,0,,,,0,cancelled
2026-04-19 17:00,ord-000478,sell,75193.76,1776619547824,0,0,0,1776619549768,0,0,0.001,filled
2026-04-19 17:00,ord-000479,buy,75191.75,1776619549825,0.07553000,0.00112000,0,,,,0,cancelled
2026-04-19 17:00,ord-000480,sell,75195.76,1776619549825,0,0,0,,,,0,cancelled
2026-04-19 17:00,ord-000481,buy,75188.74,1776619564625,0,0,0,,,,0,cancelled
2026-04-19 17:00,ord-000482,sell,75192.75,1776619564625,0,0,0,,,,0,cancelled
2026-04-19 17:00,ord-000483,buy,75172.55,1776619569724,0,0,0,,,,0,cancelled
2026-04-19 17:00,ord-000484,sell,75176.56,1776619569724,0,0,0,,,,0,cancelled
2026-04-19 17:00,ord-000485,buy,75169.05,1776619577024,0,0,0,,,,0,cancelled
2026-04-19 17:00,ord-000486,sell,75173.06,1776619577024,0,0,0,,,,0,cancelled
2026-04-19 17:00,ord-000487,buy,75159.86,1776619582024,0,0,0,,,,0,cancelled
2026-04-19 17:00,ord-000488,sell,75163.87,1776619582024,0,0,0,,,,0,cancelled
2026-04-19 17:00,ord-000489,buy,75174.41,1776619587024,0,0,0,,,,0,cancelled
2026-04-19 17:00,ord-000490,sell,75178.42,1776619587024,0.02014000,0,0,,,,0,cancelled
2026-04-19 17:00,ord-000491,buy,75214.74,1776619592024,0,0,0,,,,0,cancelled
2026-04-19 17:00,ord-000492,sell,75218.75,1776619592024,0,0,0,,,,0,cancelled
2026-04-19 17:00,ord-000493,buy,75222.19,1776619597024,0,0,0,,,,0,cancelled
2026-04-19 17:00,ord-000494,sell,75226.20,1776619597024,0,0,0,,,,0,cancelled
2026-04-19 17:00,ord-000495,buy,75231.19,1776619618324,0,0,0,,,,0,cancelled
2026-04-19 17:00,ord-000496,sell,75235.20,1776619618324,0,0,0,,,,0,cancelled
2026-04-19 17:00,ord-000497,buy,75237.61,1776619623324,0,0,0,,,,0,cancelled
2026-04-19 17:00,ord-000498,sell,75241.62,1776619623324,0.00007000,0,0,,,,0,cancelled
2026-04-19 17:00,ord-000499,buy,75237.99,1776619628324,0,0,0,,,,0,cancelled
2026-04-19 17:00,ord-000500,sell,75242.00,1776619628324,0.00120000,0.00120000,0,,,,0,cancelled
2026-04-19 17:00,ord-000501,buy,75244.76,1776619634824,0,0,0,,,,0,cancelled
2026-04-19 17:00,ord-000502,sell,75248.77,1776619634824,0,0,0,,,,0,cancelled
2026-04-19 17:00,ord-000503,buy,75252.29,1776619639824,0,0,0,,,,0,cancelled
2026-04-19 17:00,ord-000504,sell,75256.30,1776619639824,0,0,0,,,,0,cancelled
2026-04-19 17:00,ord-000505,buy,75261.83,1776619644824,0,0,0,,,,0,cancelled
2026-04-19 17:00,ord-000506,sell,75265.84,1776619644824,0,0,0,,,,0,cancelled
2026-04-19 17:00,ord-000507,buy,75252.28,1776619649824,0,0,0,,,,0,cancelled
2026-04-19 17:00,ord-000508,sell,75256.29,1776619649824,0,0,0,,,,0,cancelled
2026-04-19 17:00,ord-000509,buy,75242.07,1776619654824,0,0,0,,,,0,cancelled
2026-04-19 17:00,ord-000510,sell,75246.08,1776619654824,0,0,0,,,,0,cancelled
2026-04-19 17:00,ord-000511,buy,75234.54,1776619664724,0,0,0,,,,0,cancelled
2026-04-19 17:00,ord-000512,sell,75238.55,1776619664724,0,0,0,,,,0,cancelled
2026-04-19 17:00,ord-000513,buy,75231.60,1776619669724,0,0,0,,,,0,cancelled
2026-04-19 17:00,ord-000514,sell,75235.61,1776619669724,0,0,0,,,,0,cancelled
2026-04-19 17:00,ord-000515,buy,75224.62,1776619674725,0,0,0,,,,0,cancelled
2026-04-19 17:00,ord-000516,sell,75228.63,1776619674725,0,0,0,,,,0,cancelled
2026-04-19 17:00,ord-000517,buy,75236.84,1776619679824,0.00014000,0,0,,,,0,cancelled
2026-04-19 17:00,ord-000518,sell,75240.85,1776619679824,0,0,0,,,,0,cancelled
2026-04-19 17:00,ord-000519,buy,75242.87,1776619689224,0,0,0,,,,0,cancelled
2026-04-19 17:00,ord-000520,sell,75246.88,1776619689224,0,0,0,,,,0,cancelled
2026-04-19 17:00,ord-000521,buy,75244.75,1776619700724,0,0,0,,,,0,cancelled
2026-04-19 17:00,ord-000522,sell,75248.76,1776619700724,0,0,0,,,,0,cancelled
2026-04-19 17:00,ord-000523,buy,75259.81,1776619705725,0,0,0,,,,0,cancelled
2026-04-19 17:00,ord-000524,sell,75263.82,1776619705725,0,0,0,,,,0,cancelled
2026-04-19 17:00,ord-000525,buy,75260.24,1776619722324,0,0,0,,,,0,cancelled
2026-04-19 17:00,ord-000526,sell,75264.25,1776619722324,0,0,0,,,,0,cancelled
2026-04-19 17:00,ord-000527,buy,75267.32,1776619732625,0,0,0,,,,0,cancelled
2026-04-19 17:00,ord-000528,sell,75271.33,1776619732625,0,0,0,,,,0,cancelled
2026-04-19 17:00,ord-000529,buy,75279.38,1776619737724,0.00688000,0,0,,,,0,cancelled
2026-04-19 17:00,ord-000530,sell,75283.39,1776619737724,0,0,0,,,,0,cancelled
2026-04-19 17:00,ord-000531,buy,75270.34,1776619742724,0,0,0,,,,0,cancelled
2026-04-19 17:00,ord-000532,sell,75274.35,1776619742724,0,0,0,,,,0,cancelled
2026-04-19 17:00,ord-000533,buy,75269.21,1776619747724,0,0,0,,,,0,cancelled
2026-04-19 17:00,ord-000534,sell,75273.22,1776619747724,0,0,0,,,,0,cancelled
2026-04-19 17:00,ord-000535,buy,75275.17,1776619800124,0,0,0,,,,0,cancelled
2026-04-19 17:00,ord-000536,sell,75279.18,1776619800124,0,0,0,,,,0,cancelled
2026-04-19 17:00,ord-000537,buy,75283.76,1776619805124,0,0,0,,,,0,cancelled
2026-04-19 17:00,ord-000538,sell,75287.77,1776619805124,0,0,0,,,,0,cancelled
2026-04-19 17:00,ord-000539,buy,75270.00,1776619810124,0.00120000,0,0,,,,0,cancelled
2026-04-19 17:00,ord-000540,sell,75274.01,1776619810124,0,0,0,,,,0,cancelled
2026-04-19 17:00,ord-000541,buy,75269.21,1776619815624,0,0,0,,,,0,cancelled
2026-04-19 17:00,ord-000542,sell,75273.22,1776619815624,0,0,0,,,,0,cancelled
2026-04-19 17:00,ord-000543,buy,75276.60,1776619820624,0,0,0,,,,0,cancelled
2026-04-19 17:00,ord-000544,sell,75280.61,1776619820624,0,0,0,,,,0,cancelled
2026-04-19 17:00,ord-000545,buy,75284.27,1776619828024,0,0,0,,,,0,cancelled
2026-04-19 17:00,ord-000546,sell,75288.28,1776619828024,0,0,0,,,,0,cancelled
2026-04-19 17:00,ord-000547,buy,75295.19,1776619842324,0,0,0,,,,0,cancelled
2026-04-19 17:00,ord-000548,sell,75299.20,1776619842324,0,0,0,,,,0,cancelled
2026-04-19 17:00,ord-000549,buy,75297.99,1776619847324,0,0,0,,,,0,cancelled
2026-04-19 17:00,ord-000550,sell,75302.00,1776619847324,0.00120000,0.00120000,0,,,,0,cancelled
2026-04-19 17:00,ord-000551,buy,75301.99,1776619852324,0,0,0,,,,0,cancelled
2026-04-19 17:00,ord-000552,sell,75306.00,1776619852324,0.00120000,0.00120000,0,,,,0,cancelled
2026-04-19 17:00,ord-000553,buy,75313.78,1776619857324,0,0,0,,,,0,cancelled
2026-04-19 17:00,ord-000554,sell,75317.79,1776619857324,0,0,0,1776619859756,0,0,0.00007000,cancelled
2026-04-19 17:00,ord-000555,buy,75321.70,1776619862324,0,0,0,,,,0,cancelled
2026-04-19 17:00,ord-000556,sell,75325.71,1776619862324,0,0,0,,,,0,cancelled
2026-04-19 17:00,ord-000557,buy,75323.90,1776619869224,0,0,0,,,,0,cancelled
2026-04-19 17:00,ord-000558,sell,75327.91,1776619869224,0,0,0,,,,0,cancelled
2026-04-19 17:00,ord-000559,buy,75334.16,1776619874224,0,0,0,,,,0,cancelled
2026-04-19 17:00,ord-000560,sell,75338.17,1776619874224,0,0,0,,,,0,cancelled
2026-04-19 17:00,ord-000561,buy,75347.98,1776619879224,0,0,0,,,,0,cancelled
2026-04-19 17:00,ord-000562,sell,75351.99,1776619879224,0.00021000,0,0,,,,0,cancelled
2026-04-19 17:00,ord-000563,buy,75337.57,1776619891024,0,0,0,,,,0,cancelled
2026-04-19 17:00,ord-000564,sell,75341.58,1776619891024,0,0,0,,,,0,cancelled
2026-04-19 17:00,ord-000565,buy,75339.54,1776619896024,0,0,0,,,,0,cancelled
2026-04-19 17:00,ord-000566,sell,75343.55,1776619896024,0,0,0,,,,0,cancelled
2026-04-19 17:00,ord-000567,buy,75347.31,1776619901024,0,0,0,,,,0,cancelled
2026-04-19 17:00,ord-000568,sell,75351.32,1776619901024,0,0,0,,,,0,cancelled
2026-04-19 17:00,ord-000569,buy,75338.00,1776619906024,0.00120000,0,0,,,,0,cancelled
2026-04-19 17:00,ord-000570,sell,75342.01,1776619906024,0,0,0,,,,0,cancelled
2026-04-19 17:00,ord-000571,buy,75347.98,1776619911024,0,0,0,,,,0,cancelled
2026-04-19 17:00,ord-000572,sell,75351.99,1776619911024,0,0,0,,,,0,cancelled
2026-04-19 17:00,ord-000573,buy,75345.07,1776619916024,0,0,0,,,,0,cancelled
2026-04-19 17:00,ord-000574,sell,75349.08,1776619916024,0,0,0,,,,0,cancelled
2026-04-19 17:00,ord-000575,buy,75345.53,1776619921924,0,0,0,,,,0,cancelled
2026-04-19 17:00,ord-000576,sell,75349.54,1776619921924,0,0,0,,,,0,cancelled
2026-04-19 17:00,ord-000577,buy,75352.60,1776619926924,0,0,0,,,,0,cancelled
2026-04-19 17:00,ord-000578,sell,75356.61,1776619926924,0,0,0,,,,0,cancelled
2026-04-19 17:00,ord-000579,buy,75356.80,1776619931924,0,0,0,,,,0,cancelled
2026-04-19 17:00,ord-000580,sell,75360.81,1776619931924,0,0,0,,,,0,cancelled
2026-04-19 17:00,ord-000581,buy,75327.54,1776619936924,0,0,0,,,,0,cancelled
2026-04-19 17:00,ord-000582,sell,75331.55,1776619936924,0,0,0,,,,0,cancelled
2026-04-19 17:00,ord-000583,buy,75305.70,1776619941924,0,0,0,,,,0,cancelled
2026-04-19 17:00,ord-000584,sell,75309.71,1776619941924,0,0,0,,,,0,cancelled
2026-04-19 17:00,ord-000585,buy,75301.12,1776619946925,0,0,0,,,,0,cancelled
2026-04-19 17:00,ord-000586,sell,75305.13,1776619946925,0,0,0,,,,0,cancelled
2026-04-19 17:00,ord-000587,buy,75301.13,1776619960624,0,0,0,,,,0,cancelled
2026-04-19 17:00,ord-000588,sell,75305.14,1776619960624,0,0,0,,,,0,cancelled
2026-04-19 17:00,ord-000589,buy,75307.75,1776619965624,0,0,0,,,,0,cancelled
2026-04-19 17:00,ord-000590,sell,75311.76,1776619965624,0,0,0,,,,0,cancelled
2026-04-19 17:00,ord-000591,buy,75301.13,1776619981026,0,0,0,,,,0,cancelled
2026-04-19 17:00,ord-000592,sell,75305.14,1776619981026,0,0,0,,,,0,cancelled
2026-04-19 17:00,ord-000593,buy,75298.85,1776619986125,0,0,0,,,,0,cancelled
2026-04-19 17:00,ord-000594,sell,75302.86,1776619986125,0,0,0,,,,0,cancelled
2026-04-19 17:00,ord-000595,buy,75290.88,1776620001224,0,0,0,,,,0,cancelled
2026-04-19 17:00,ord-000596,sell,75294.89,1776620001224,0,0,0,,,,0,cancelled
2026-04-19 17:00,ord-000597,buy,75271.25,1776620006224,0,0,0,,,,0,cancelled
2026-04-19 17:00,ord-000598,sell,75275.26,1776620006224,0,0,0,,,,0,cancelled
2026-04-19 17:00,ord-000599,buy,75263.26,1776620011224,0,0,0,,,,0,cancelled
2026-04-19 17:00,ord-000600,sell,75267.27,1776620011224,0,0,0,,,,0,cancelled
2026-04-19 17:00,ord-000601,buy,75252.10,1776620016224,0,0,0,,,,0,cancelled
2026-04-19 17:00,ord-000602,sell,75256.11,1776620016224,0,0,0,,,,0,cancelled
2026-04-19 17:00,ord-000603,buy,75233.16,1776620021224,0,0,0,,,,0,cancelled
2026-04-19 17:00,ord-000604,sell,75237.17,1776620021224,0,0,0,,,,0,cancelled
2026-04-19 17:00,ord-000605,buy,75233.15,1776620026225,0,0,0,,,,0,cancelled
2026-04-19 17:00,ord-000606,sell,75237.16,1776620026225,0,0,0,,,,0,cancelled
2026-04-19 17:00,ord-000607,buy,75232.15,1776620035824,0,0,0,,,,0,cancelled
2026-04-19 17:00,ord-000608,sell,75236.16,1776620035824,0,0,0,,,,0,cancelled
2026-04-19 17:00,ord-000609,buy,75212.67,1776620040824,0,0,0,,,,0,cancelled
2026-04-19 17:00,ord-000610,sell,75216.68,1776620040824,0.09867000,0,0,,,,0,cancelled
2026-04-19 17:00,ord-000611,buy,75208.36,1776620045824,0,0,0,,,,0,cancelled
2026-04-19 17:00,ord-000612,sell,75212.37,1776620045824,0,0,0,,,,0,cancelled
2026-04-19 17:00,ord-000613,buy,75207.65,1776620050824,0,0,0,,,,0,cancelled
2026-04-19 17:00,ord-000614,sell,75211.66,1776620050824,0,0,0,,,,0,cancelled
2026-04-19 17:00,ord-000615,buy,75202.51,1776620055824,0,0,0,,,,0,cancelled
2026-04-19 17:00,ord-000616,sell,75206.52,1776620055824,0,0,0,,,,0,cancelled
2026-04-19 17:00,ord-000617,buy,75192.98,1776620060824,0,0,0,,,,0,cancelled
2026-04-19 17:00,ord-000618,sell,75196.99,1776620060824,0,0,0,,,,0,cancelled
2026-04-19 17:00,ord-000619,buy,75184.61,1776620068147,0,0,0,,,,0,cancelled
2026-04-19 17:00,ord-000620,sell,75188.62,1776620068147,0,0,0,,,,0,cancelled
2026-04-19 17:00,ord-000621,buy,75166.16,1776620073224,0.00300000,0,0,,,,0,cancelled
2026-04-19 17:00,ord-000622,sell,75170.17,1776620073224,0,0,0,,,,0,cancelled
2026-04-19 17:00,ord-000623,buy,75162.99,1776620078224,0,0,0,,,,0,cancelled
2026-04-19 17:00,ord-000624,sell,75167.00,1776620078224,0,0,0,,,,0,cancelled
2026-04-19 17:00,ord-000625,buy,75162.33,1776620083224,0,0,0,,,,0,cancelled
2026-04-19 17:00,ord-000626,sell,75166.34,1776620083224,0,0,0,,,,0,cancelled
2026-04-19 17:00,ord-000627,buy,75127.88,1776620088224,0,0,0,,,,0,cancelled
2026-04-19 17:00,ord-000628,sell,75131.89,1776620088224,0,0,0,,,,0,cancelled
2026-04-19 17:00,ord-000629,buy,75130.34,1776620093324,0.04028000,0,0,,,,0,cancelled
2026-04-19 17:00,ord-000630,sell,75134.35,1776620093324,0,0,0,,,,0,cancelled
2026-04-19 17:00,ord-000631,buy,75143.93,1776620098324,0,0,0,,,,0,cancelled
2026-04-19 17:00,ord-000632,sell,75147.94,1776620098324,0,0,0,,,,0,cancelled
2026-04-19 17:00,ord-000633,buy,75132.13,1776620103324,0,0,0,,,,0,cancelled
2026-04-19 17:00,ord-000634,sell,75136.14,1776620103324,0,0,0,,,,0,cancelled
2026-04-19 17:00,ord-000635,buy,75102.40,1776620108324,0,0,0,,,,0,cancelled
2026-04-19 17:00,ord-000636,sell,75106.41,1776620108324,0,0,0,,,,0,cancelled
2026-04-19 17:00,ord-000637,buy,75093.91,1776620113324,0,0,0,,,,0,cancelled
2026-04-19 17:00,ord-000638,sell,75097.92,1776620113324,0,0,0,1776620115515,0,0,0.00007000,cancelled
2026-04-19 17:00,ord-000639,buy,75152.89,1776620118324,0,0,0,,,,0,cancelled
2026-04-19 17:00,ord-000640,sell,75156.90,1776620118324,0,0,0,,,,0,cancelled
2026-04-19 17:00,ord-000641,buy,75159.40,1776620123324,0,0,0,,,,0,cancelled
2026-04-19 17:00,ord-000642,sell,75163.41,1776620123324,2.07586000,0,0,,,,0,cancelled
2026-04-19 17:00,ord-000643,buy,75157.37,1776620128324,0,0,0,,,,0,cancelled
2026-04-19 17:00,ord-000644,sell,75161.38,1776620128324,0,0,0,,,,0,cancelled
2026-04-19 17:00,ord-000645,buy,75176.90,1776620135633,0,0,0,,,,0,cancelled
2026-04-19 17:00,ord-000646,sell,75180.91,1776620135633,0,0,0,,,,0,cancelled
2026-04-19 17:00,ord-000647,buy,75200.44,1776620140724,0,0,0,,,,0,cancelled
2026-04-19 17:00,ord-000648,sell,75204.45,1776620140724,0.10565000,0,0,,,,0,cancelled
2026-04-19 17:00,ord-000649,buy,75176.00,1776620145724,0.00120000,0.00120000,0,,,,0,cancelled
2026-04-19 17:00,ord-000650,sell,75180.01,1776620145724,0,0,0,,,,0,cancelled
2026-04-19 17:00,ord-000651,buy,75157.37,1776620150724,0,0,0,,,,0,cancelled
2026-04-19 17:00,ord-000652,sell,75161.38,1776620150724,0,0,0,,,,0,cancelled
2026-04-19 17:00,ord-000653,buy,75164.07,1776620155724,0,0,0,,,,0,cancelled
2026-04-19 17:00,ord-000654,sell,75168.08,1776620155724,0,0,0,,,,0,cancelled
2026-04-19 17:00,ord-000655,buy,75157.37,1776620160724,0,0,0,,,,0,cancelled
2026-04-19 17:00,ord-000656,sell,75161.38,1776620160724,0,0,0,,,,0,cancelled
2026-04-19 17:00,ord-000657,buy,75158.51,1776620165724,0,0,0,,,,0,cancelled
2026-04-19 17:00,ord-000658,sell,75162.52,1776620165724,0,0,0,,,,0,cancelled
2026-04-19 17:00,ord-000659,buy,75187.07,1776620170724,0,0,0,,,,0,cancelled
2026-04-19 17:00,ord-000660,sell,75191.08,1776620170724,0,0,0,,,,0,cancelled
2026-04-19 17:00,ord-000661,buy,75190.25,1776620175724,0,0,0,,,,0,cancelled
2026-04-19 17:00,ord-000662,sell,75194.26,1776620175724,0,0,0,,,,0,cancelled
2026-04-19 17:00,ord-000663,buy,75198.29,1776620180724,0,0,0,,,,0,cancelled
2026-04-19 17:00,ord-000664,sell,75202.30,1776620180724,2.07455000,0,0,,,,0,cancelled
2026-04-19 17:00,ord-000665,buy,75184.86,1776620185724,0,0,0,,,,0,cancelled
2026-04-19 17:00,ord-000666,sell,75188.87,1776620185724,0,0,0,,,,0,cancelled
2026-04-19 17:00,ord-000667,buy,75191.33,1776620193124,0,0,0,,,,0,cancelled
2026-04-19 17:00,ord-000668,sell,75195.34,1776620193124,0,0,0,,,,0,cancelled
2026-04-19 17:00,ord-000669,buy,75184.86,1776620198124,0,0,0,,,,0,cancelled
2026-04-19 17:00,ord-000670,sell,75188.87,1776620198124,0,0,0,,,,0,cancelled
2026-04-19 17:00,ord-000671,buy,75184.85,1776620208424,0,0,0,,,,0,cancelled
2026-04-19 17:00,ord-000672,sell,75188.86,1776620208424,0,0,0,,,,0,cancelled
2026-04-19 17:00,ord-000673,buy,75172.77,1776620213424,0,0,0,,,,0,cancelled
2026-04-19 17:00,ord-000674,sell,75176.78,1776620213424,0,0,0,,,,0,cancelled
2026-04-19 17:00,ord-000675,buy,75164.08,1776620218424,0,0,0,,,,0,cancelled
2026-04-19 17:00,ord-000676,sell,75168.09,1776620218424,0,0,0,,,,0,cancelled
2026-04-19 17:00,ord-000677,buy,75186.89,1776620223424,0,0,0,,,,0,cancelled
2026-04-19 17:00,ord-000678,sell,75190.90,1776620223424,0,0,0,,,,0,cancelled
2026-04-19 17:00,ord-000679,buy,75189.34,1776620228424,0,0,0,,,,0,cancelled
2026-04-19 17:00,ord-000680,sell,75193.35,1776620228424,0,0,0,,,,0,cancelled
2026-04-19 17:00,ord-000681,buy,75184.32,1776620233424,0,0,0,,,,0,cancelled
2026-04-19 17:00,ord-000682,sell,75188.33,1776620233424,0,0,0,,,,0,cancelled
2026-04-19 17:00,ord-000683,buy,75190.60,1776620238424,0.00307000,0,0,,,,0,cancelled
2026-04-19 17:00,ord-000684,sell,75194.61,1776620238424,0,0,0,,,,0,cancelled
2026-04-19 17:00,ord-000685,buy,75192.39,1776620244227,0,0,0,,,,0,cancelled
2026-04-19 17:00,ord-000686,sell,75196.40,1776620244227,0,0,0,,,,0,cancelled
2026-04-19 17:00,ord-000687,buy,75186.00,1776620249324,0.00120000,0.00120000,0,,,,0,cancelled
2026-04-19 17:00,ord-000688,sell,75190.01,1776620249324,2.44420000,0,0,,,,0,cancelled
2026-04-19 17:00,ord-000689,buy,75172.27,1776620254324,0,0,0,,,,0,cancelled
2026-04-19 17:00,ord-000690,sell,75176.28,1776620254324,0,0,0,,,,0,cancelled
2026-04-19 17:00,ord-000691,buy,75183.89,1776620259324,0,0,0,,,,0,cancelled
2026-04-19 17:00,ord-000692,sell,75187.90,1776620259324,0.09798000,0,0,,,,0,cancelled
2026-04-19 17:00,ord-000693,buy,75175.37,1776620264324,0,0,0,,,,0,cancelled
2026-04-19 17:00,ord-000694,sell,75179.38,1776620264324,0,0,0,,,,0,cancelled
2026-04-19 17:00,ord-000695,buy,75175.36,1776620269324,0,0,0,,,,0,cancelled
2026-04-19 17:00,ord-000696,sell,75179.37,1776620269324,0,0,0,,,,0,cancelled
2026-04-19 17:00,ord-000697,buy,75173.85,1776620294524,0,0,0,,,,0,cancelled
2026-04-19 17:00,ord-000698,sell,75177.86,1776620294524,0,0,0,,,,0,cancelled
2026-04-19 17:00,ord-000699,buy,75180.99,1776620300324,0,0,0,,,,0,cancelled
2026-04-19 17:00,ord-000700,sell,75185.00,1776620300324,0,0,0,,,,0,cancelled
2026-04-19 17:00,ord-000701,buy,75186.87,1776620305324,0,0,0,,,,0,cancelled
2026-04-19 17:00,ord-000702,sell,75190.88,1776620305324,0,0,0,,,,0,cancelled
2026-04-19 17:00,ord-000703,buy,75176.02,1776620310324,0,0,0,,,,0,cancelled
2026-04-19 17:00,ord-000704,sell,75180.03,1776620310324,0,0,0,,,,0,cancelled
2026-04-19 17:00,ord-000705,buy,75165.88,1776620316224,0,0,0,,,,0,cancelled
2026-04-19 17:00,ord-000706,sell,75169.89,1776620316224,0,0,0,,,,0,cancelled
2026-04-19 17:00,ord-000707,buy,75173.40,1776620321224,0,0,0,,,,0,cancelled
2026-04-19 17:00,ord-000708,sell,75177.41,1776620321224,0,0,0,,,,0,cancelled
2026-04-19 17:00,ord-000709,buy,75176.02,1776620327624,0,0,0,,,,0,cancelled
2026-04-19 17:00,ord-000710,sell,75180.03,1776620327624,0,0,0,,,,0,cancelled
2026-04-19 17:00,ord-000711,buy,75187.61,1776620332624,0.00014000,0,0,,,,0,cancelled
2026-04-19 17:00,ord-000712,sell,75191.62,1776620332624,0,0,0,,,,0,cancelled
2026-04-19 17:00,ord-000713,buy,75182.00,1776620338224,0.00080000,0.00080000,0,1776620338804,0.00080000,0.00000000,0.001,filled
2026-04-19 17:00,ord-000714,sell,75186.01,1776620338224,0,0,0,,,,0,cancelled
2026-04-19 17:00,ord-000715,buy,75176.62,1776620338824,0,0,0,,,,0,cancelled
2026-04-19 17:00,ord-000716,sell,75180.63,1776620338824,0,0,0,,,,0,cancelled
2026-04-19 17:00,ord-000717,buy,75173.40,1776620344724,0,0,0,,,,0,cancelled
2026-04-19 17:00,ord-000718,sell,75177.41,1776620344724,0,0,0,,,,0,cancelled
2026-04-19 17:00,ord-000719,buy,75157.76,1776620349724,0,0,0,,,,0,cancelled
2026-04-19 17:00,ord-000720,sell,75161.77,1776620349724,0,0,0,,,,0,cancelled
2026-04-19 17:00,ord-000721,buy,75170.32,1776620354724,0,0,0,,,,0,cancelled
2026-04-19 17:00,ord-000722,sell,75174.33,1776620354724,0,0,0,,,,0,cancelled
2026-04-19 17:00,ord-000723,buy,75173.40,1776620359724,0,0,0,,,,0,cancelled
2026-04-19 17:00,ord-000724,sell,75177.41,1776620359724,0,0,0,,,,0,cancelled
2026-04-19 17:00,ord-000725,buy,75189.20,1776620376924,0,0,0,,,,0,cancelled
2026-04-19 17:00,ord-000726,sell,75193.21,1776620376924,0,0,0,,,,0,cancelled
2026-04-19 17:00,ord-000727,buy,75199.62,1776620381924,0,0,0,,,,0,cancelled
2026-04-19 17:00,ord-000728,sell,75203.63,1776620381924,0,0,0,,,,0,cancelled
2026-04-19 17:00,ord-000729,buy,75205.49,1776620389224,0,0,0,,,,0,cancelled
2026-04-19 17:00,ord-000730,sell,75209.50,1776620389224,0,0,0,,,,0,cancelled
2026-04-19 17:00,ord-000731,buy,75206.39,1776620400224,0,0,0,,,,0,cancelled
2026-04-19 17:00,ord-000732,sell,75210.40,1776620400224,0,0,0,,,,0,cancelled
2026-04-19 17:00,ord-000733,buy,75209.06,1776620405224,0,0,0,,,,0,cancelled
2026-04-19 17:00,ord-000734,sell,75213.07,1776620405224,0,0,0,,,,0,cancelled
2026-04-19 17:00,ord-000735,buy,75185.99,1776620410224,0,0,0,,,,0,cancelled
2026-04-19 17:00,ord-000736,sell,75190.00,1776620410224,0,0,0,,,,0,cancelled
2026-04-19 17:00,ord-000737,buy,75171.03,1776620415224,0,0,0,,,,0,cancelled
2026-04-19 17:00,ord-000738,sell,75175.04,1776620415224,0,0,0,,,,0,cancelled
2026-04-19 17:00,ord-000739,buy,75155.28,1776620420224,0,0,0,,,,0,cancelled
2026-04-19 17:00,ord-000740,sell,75159.29,1776620420224,0,0,0,,,,0,cancelled
2026-04-19 17:00,ord-000741,buy,75165.26,1776620425224,0,0,0,,,,0,cancelled
2026-04-19 17:00,ord-000742,sell,75169.27,1776620425224,0,0,0,1776620429201,0,0,0.00007000,cancelled
2026-04-19 17:00,ord-000743,buy,75175.54,1776620430224,0,0,0,,,,0,cancelled
2026-04-19 17:00,ord-000744,sell,75179.55,1776620430224,0,0,0,,,,0,cancelled
2026-04-19 17:00,ord-000745,buy,75150.78,1776620435224,0,0,0,,,,0,cancelled
2026-04-19 17:00,ord-000746,sell,75154.79,1776620435224,0,0,0,,,,0,cancelled
2026-04-19 17:00,ord-000747,buy,75148.00,1776620443624,0.00120000,0.00120000,0,,,,0,cancelled
2026-04-19 17:00,ord-000748,sell,75152.01,1776620443624,0.00448000,0,0,,,,0,cancelled
2026-04-19 17:00,ord-000749,buy,75140.55,1776620448624,0,0,0,,,,0,cancelled
2026-04-19 17:00,ord-000750,sell,75144.56,1776620448624,0,0,0,,,,0,cancelled
2026-04-19 17:00,ord-000751,buy,75135.75,1776620453624,0,0,0,,,,0,cancelled
2026-04-19 17:00,ord-000752,sell,75139.76,1776620453624,0,0,0,,,,0,cancelled
2026-04-19 17:00,ord-000753,buy,75129.65,1776620459825,0,0,0,,,,0,cancelled
2026-04-19 17:00,ord-000754,sell,75133.66,1776620459825,0,0,0,,,,0,cancelled
2026-04-19 17:00,ord-000755,buy,75135.75,1776620464924,0,0,0,,,,0,cancelled
2026-04-19 17:00,ord-000756,sell,75139.76,1776620464924,0,0,0,,,,0,cancelled
2026-04-19 17:00,ord-000757,buy,75160.34,1776620469924,0,0,0,,,,0,cancelled
2026-04-19 17:00,ord-000758,sell,75164.35,1776620469924,0,0,0,,,,0,cancelled
2026-04-19 17:00,ord-000759,buy,75156.00,1776620474924,0.00087000,0,0,,,,0,cancelled
2026-04-19 17:00,ord-000760,sell,75160.01,1776620474924,0,0,0,,,,0,cancelled
2026-04-19 17:00,ord-000761,buy,75154.25,1776620481224,0,0,0,,,,0,cancelled
2026-04-19 17:00,ord-000762,sell,75158.26,1776620481224,0,0,0,,,,0,cancelled
2026-04-19 17:00,ord-000763,buy,75150.78,1776620486225,0,0,0,,,,0,cancelled
2026-04-19 17:00,ord-000764,sell,75154.79,1776620486225,0.00007000,0,0,,,,0,cancelled
2026-04-19 17:00,ord-000765,buy,75151.15,1776620497924,0,0,0,,,,0,cancelled
2026-04-19 17:00,ord-000766,sell,75155.16,1776620497924,0,0,0,,,,0,cancelled
2026-04-19 17:00,ord-000767,buy,75159.79,1776620502924,0,0,0,,,,0,cancelled
2026-04-19 17:00,ord-000768,sell,75163.80,1776620502924,0,0,0,,,,0,cancelled
2026-04-19 17:00,ord-000769,buy,75159.43,1776620507924,0,0,0,,,,0,cancelled
2026-04-19 17:00,ord-000770,sell,75163.44,1776620507924,0,0,0,,,,0,cancelled
2026-04-19 17:00,ord-000771,buy,75157.62,1776620512924,0,0,0,,,,0,cancelled
2026-04-19 17:00,ord-000772,sell,75161.63,1776620512924,0,0,0,,,,0,cancelled
2026-04-19 17:00,ord-000773,buy,75150.78,1776620561724,0,0,0,,,,0,cancelled
2026-04-19 17:00,ord-000774,sell,75154.79,1776620561724,0,0,0,,,,0,cancelled
2026-04-19 17:00,ord-000775,buy,75148.00,1776620566724,0.00127000,0,0,,,,0,cancelled
2026-04-19 17:00,ord-000776,sell,75152.01,1776620566724,0.00007000,0,0,,,,0,cancelled
2026-04-19 17:00,ord-000777,buy,75150.78,1776620571724,0,0,0,,,,0,cancelled
2026-04-19 17:00,ord-000778,sell,75154.79,1776620571724,0,0,0,,,,0,cancelled
2026-04-19 17:00,ord-000779,buy,75159.79,1776620576725,0,0,0,,,,0,cancelled
2026-04-19 17:00,ord-000780,sell,75163.80,1776620576725,0,0,0,,,,0,cancelled
2026-04-19 17:00,ord-000781,buy,75177.06,1776620581824,0,0,0,,,,0,cancelled
2026-04-19 17:00,ord-000782,sell,75181.07,1776620581824,0,0,0,,,,0,cancelled
2026-04-19 17:00,ord-000783,buy,75180.99,1776620586824,0,0,0,,,,0,cancelled
2026-04-19 17:00,ord-000784,sell,75185.00,1776620586824,0,0,0,,,,0,cancelled
2026-04-19 17:00,ord-000785,buy,75174.64,1776620591824,0,0,0,,,,0,cancelled
2026-04-19 17:00,ord-000786,sell,75178.65,1776620591824,0.13287000,0,0,,,,0,cancelled
2026-04-19 17:00,ord-000787,buy,75170.00,1776620596825,0.00120000,0,0,,,,0,cancelled
2026-04-19 17:00,ord-000788,sell,75174.01,1776620596825,0,0,0,,,,0,cancelled
2026-04-19 17:00,ord-000789,buy,75177.96,1776620620624,0,0,0,,,,0,cancelled
2026-04-19 17:00,ord-000790,sell,75181.97,1776620620624,0,0,0,,,,0,cancelled
2026-04-19 17:00,ord-000791,buy,75185.15,1776620625626,0,0,0,,,,0,cancelled
2026-04-19 17:00,ord-000792,sell,75189.16,1776620625626,0,0,0,,,,0,cancelled
2026-04-19 17:00,ord-000793,buy,75190.25,1776620640924,0,0,0,,,,0,cancelled
2026-04-19 17:00,ord-000794,sell,75194.26,1776620640924,0,0,0,,,,0,cancelled
2026-04-19 17:00,ord-000795,buy,75198.10,1776620682424,0,0,0,,,,0,cancelled
2026-04-19 17:00,ord-000796,sell,75202.11,1776620682424,0,0,0,,,,0,cancelled
2026-04-19 17:00,ord-000797,buy,75190.31,1776620687424,0,0,0,,,,0,cancelled
2026-04-19 17:00,ord-000798,sell,75194.32,1776620687424,0,0,0,,,,0,cancelled
2026-04-19 17:00,ord-000799,buy,75188.70,1776620692424,0,0,0,,,,0,cancelled
2026-04-19 17:00,ord-000800,sell,75192.71,1776620692424,0,0,0,,,,0,cancelled
2026-04-19 17:00,ord-000801,buy,75187.14,1776620697424,0,0,0,,,,0,cancelled
2026-04-19 17:00,ord-000802,sell,75191.15,1776620697424,0,0,0,,,,0,cancelled
2026-04-19 17:00,ord-000803,buy,75185.33,1776620702424,0,0,0,,,,0,cancelled
2026-04-19 17:00,ord-000804,sell,75189.34,1776620702424,0,0,0,,,,0,cancelled
2026-04-19 17:00,ord-000805,buy,75150.41,1776620707424,0,0,0,,,,0,cancelled
2026-04-19 17:00,ord-000806,sell,75154.42,1776620707424,0,0,0,,,,0,cancelled
2026-04-19 17:00,ord-000807,buy,75153.40,1776620712624,0,0,0,,,,0,cancelled
2026-04-19 17:00,ord-000808,sell,75157.41,1776620712624,0,0,0,,,,0,cancelled
2026-04-19 17:00,ord-000809,buy,75167.99,1776620717624,0,0,0,,,,0,cancelled
2026-04-19 17:00,ord-000810,sell,75172.00,1776620717624,0.00120000,0.00120000,0,,,,0,cancelled
2026-04-19 17:00,ord-000811,buy,75170.32,1776620722624,0,0,0,,,,0,cancelled
2026-04-19 17:00,ord-000812,sell,75174.33,1776620722624,0,0,0,,,,0,cancelled
2026-04-19 17:00,ord-000813,buy,75181.99,1776620727624,0,0,0,,,,0,cancelled
2026-04-19 17:00,ord-000814,sell,75186.00,1776620727624,0.00127000,0.00127000,0,1776620734637,0.00127000,0.00000000,0.00021000,cancelled
2026-04-19 17:00,ord-000815,buy,75189.00,1776620734724,0,0,0,,,,0,cancelled
2026-04-19 17:00,ord-000816,sell,75193.01,1776620734724,0,0,0,,,,0,cancelled
2026-04-19 17:00,ord-000817,buy,75190.89,1776620739724,0,0,0,,,,0,cancelled
2026-04-19 17:00,ord-000818,sell,75194.90,1776620739724,0,0,0,,,,0,cancelled
2026-04-19 17:00,ord-000819,buy,75197.99,1776620752424,0,0,0,,,,0,cancelled
2026-04-19 17:00,ord-000820,sell,75202.00,1776620752424,0.00127000,0.00127000,0,,,,0,cancelled
2026-04-19 17:00,ord-000821,buy,75205.08,1776620761436,0,0,0,,,,0,cancelled
2026-04-19 17:00,ord-000822,sell,75209.09,1776620761436,0,0,0,,,,0,cancelled
2026-04-19 17:00,ord-000823,buy,75219.99,1776620766524,0,0,0,,,,0,cancelled
2026-04-19 17:00,ord-000824,sell,75224.00,1776620766524,0.02327000,0,0,,,,0,cancelled
2026-04-19 17:00,ord-000825,buy,75203.06,1776620771524,0,0,0,,,,0,cancelled
2026-04-19 17:00,ord-000826,sell,75207.07,1776620771524,0,0,0,,,,0,cancelled
2026-04-19 17:00,ord-000827,buy,75210.59,1776620790924,0,0,0,,,,0,cancelled
2026-04-19 17:00,ord-000828,sell,75214.60,1776620790924,0.00007000,0,0,,,,0,cancelled
2026-04-19 17:00,ord-000829,buy,75209.13,1776620798324,0,0,0,,,,0,cancelled
2026-04-19 17:00,ord-000830,sell,75213.14,1776620798324,0,0,0,,,,0,cancelled
2026-04-19 17:00,ord-000831,buy,75210.54,1776620803324,0,0,0,,,,0,cancelled
2026-04-19 17:00,ord-000832,sell,75214.55,1776620803324,0,0,0,,,,0,cancelled
2026-04-19 17:00,ord-000833,buy,75182.00,1776620808324,0.00127000,0.00127000,0,1776620808926,0.00127000,0.00000000,0.00007000,cancelled
2026-04-19 17:00,ord-000834,sell,75186.01,1776620808324,0,0,0,,,,0,cancelled
2026-04-19 17:00,ord-000835,buy,75158.58,1776620813325,0,0,0,,,,0,cancelled
2026-04-19 17:00,ord-000836,sell,75162.59,1776620813325,0,0,0,,,,0,cancelled
2026-04-19 17:00,ord-000837,buy,75150.39,1776620818425,0,0,0,,,,0,cancelled
2026-04-19 17:00,ord-000838,sell,75154.40,1776620818425,0,0,0,,,,0,cancelled
2026-04-19 17:00,ord-000839,buy,75154.03,1776620831224,0,0,0,,,,0,cancelled
2026-04-19 17:00,ord-000840,sell,75158.04,1776620831224,0,0,0,,,,0,cancelled
2026-04-19 17:00,ord-000841,buy,75150.35,1776620836224,0,0,0,,,,0,cancelled
2026-04-19 17:00,ord-000842,sell,75154.36,1776620836224,0,0,0,,,,0,cancelled
2026-04-19 17:00,ord-000843,buy,75148.31,1776620841224,0,0,0,,,,0,cancelled
2026-04-19 17:00,ord-000844,sell,75152.32,1776620841224,0,0,0,,,,0,cancelled
2026-04-19 17:00,ord-000845,buy,75153.98,1776620849324,0,0,0,,,,0,cancelled
2026-04-19 17:00,ord-000846,sell,75157.99,1776620849324,0,0,0,,,,0,cancelled
2026-04-19 17:00,ord-000847,buy,75148.44,1776620857324,0,0,0,,,,0,cancelled
2026-04-19 17:00,ord-000848,sell,75152.45,1776620857324,0,0,0,,,,0,cancelled
2026-04-19 17:00,ord-000849,buy,75141.52,1776620867224,0,0,0,,,,0,cancelled
2026-04-19 17:00,ord-000850,sell,75145.53,1776620867224,0,0,0,,,,0,cancelled
2026-04-19 17:00,ord-000851,buy,75129.62,1776620872224,0,0,0,,,,0,cancelled
2026-04-19 17:00,ord-000852,sell,75133.63,1776620872224,0,0,0,,,,0,cancelled
2026-04-19 17:00,ord-000853,buy,75125.03,1776620877224,0,0,0,,,,0,cancelled
2026-04-19 17:00,ord-000854,sell,75129.04,1776620877224,0,0,0,,,,0,cancelled
2026-04-19 17:00,ord-000855,buy,75124.20,1776620891724,0,0,0,,,,0,cancelled
2026-04-19 17:00,ord-000856,sell,75128.21,1776620891724,0,0,0,,,,0,cancelled
2026-04-19 17:00,ord-000857,buy,75113.98,1776620896724,0,0,0,,,,0,cancelled
2026-04-19 17:00,ord-000858,sell,75117.99,1776620896724,0,0,0,,,,0,cancelled
2026-04-19 17:00,ord-000859,buy,75111.90,1776620901724,0,0,0,,,,0,cancelled
2026-04-19 17:00,ord-000860,sell,75115.91,1776620901724,0,0,0,,,,0,cancelled
2026-04-19 17:00,ord-000861,buy,75107.32,1776620906724,0,0,0,,,,0,cancelled
2026-04-19 17:00,ord-000862,sell,75111.33,1776620906724,0,0,0,,,,0,cancelled
2026-04-19 17:00,ord-000863,buy,75103.21,1776620911724,0,0,0,,,,0,cancelled
2026-04-19 17:00,ord-000864,sell,75107.22,1776620911724,0,0,0,,,,0,cancelled
2026-04-19 17:00,ord-000865,buy,75098.00,1776620916724,0.00120000,0.00120000,0,,,,0,cancelled
2026-04-19 17:00,ord-000866,sell,75102.01,1776620916724,0,0,0,,,,0,cancelled
2026-04-19 17:00,ord-000867,buy,75095.22,1776620923624,0,0,0,,,,0,cancelled
2026-04-19 17:00,ord-000868,sell,75099.23,1776620923624,0,0,0,,,,0,cancelled
2026-04-19 17:00,ord-000869,buy,75119.99,1776620928624,0,0,0,,,,0,cancelled
2026-04-19 17:00,ord-000870,sell,75124.00,1776620928624,0.00120000,0,0,,,,0,cancelled
2026-04-19 17:00,ord-000871,buy,75098.42,1776620933624,0,0,0,,,,0,cancelled
2026-04-19 17:00,ord-000872,sell,75102.43,1776620933624,0,0,0,,,,0,cancelled
2026-04-19 17:00,ord-000873,buy,75088.00,1776620938624,0.00127000,0,0,,,,0,cancelled
2026-04-19 17:00,ord-000874,sell,75092.01,1776620938624,0.00007000,0.00007000,0,1776620941067,0.00007000,0.00000000,0.00007000,cancelled
2026-04-19 17:00,ord-000875,buy,75090.90,1776620943624,0,0,0,,,,0,cancelled
2026-04-19 17:00,ord-000876,sell,75094.91,1776620943624,0,0,0,,,,0,cancelled
2026-04-19 17:00,ord-000877,buy,75078.00,1776620948625,0.00120000,0.00120000,0,1776620952755,0.00120000,0.00000000,0.00014000,cancelled
2026-04-19 17:00,ord-000878,sell,75082.01,1776620948625,0,0,0,,,,0,cancelled
2026-04-19 17:00,ord-000879,buy,75065.66,1776620953724,0,0,0,,,,0,cancelled
2026-04-19 17:00,ord-000880,sell,75069.67,1776620953724,0.06014000,0,0,,,,0,cancelled
2026-04-19 17:00,ord-000881,buy,75072.99,1776620958724,0,0,0,,,,0,cancelled
2026-04-19 17:00,ord-000882,sell,75077.00,1776620958724,0.00007000,0,0,,,,0,cancelled
2026-04-19 17:00,ord-000883,buy,75072.66,1776620966824,0,0,0,,,,0,cancelled
2026-04-19 17:00,ord-000884,sell,75076.67,1776620966824,0,0,0,,,,0,cancelled
2026-04-19 17:00,ord-000885,buy,75065.66,1776620971824,0,0,0,,,,0,cancelled
2026-04-19 17:00,ord-000886,sell,75069.67,1776620971824,0,0,0,,,,0,cancelled
2026-04-19 17:00,ord-000887,buy,75063.77,1776620976824,0,0,0,,,,0,cancelled
2026-04-19 17:00,ord-000888,sell,75067.78,1776620976824,0,0,0,,,,0,cancelled
2026-04-19 17:00,ord-000889,buy,75067.81,1776620981824,0,0,0,,,,0,cancelled
2026-04-19 17:00,ord-000890,sell,75071.82,1776620981824,0,0,0,,,,0,cancelled
2026-04-19 17:00,ord-000891,buy,75078.87,1776620986824,0,0,0,,,,0,cancelled
2026-04-19 17:00,ord-000892,sell,75082.88,1776620986824,0,0,0,,,,0,cancelled
2026-04-19 17:00,ord-000893,buy,75077.21,1776620995824,0,0,0,,,,0,cancelled
2026-04-19 17:00,ord-000894,sell,75081.22,1776620995824,0,0,0,,,,0,cancelled
2026-04-19 17:00,ord-000895,buy,75048.00,1776621000824,0.00120000,0,0,,,,0,cancelled
2026-04-19 17:00,ord-000896,sell,75052.01,1776621000824,0,0,0,,,,0,cancelled
2026-04-19 17:00,ord-000897,buy,75046.16,1776621009024,0,0,0,,,,0,cancelled
2026-04-19 17:00,ord-000898,sell,75050.17,1776621009024,0,0,0,,,,0,cancelled
2026-04-19 17:00,ord-000899,buy,75018.00,1776621014024,0.00120000,0.00120000,0,,,,0,cancelled
2026-04-19 17:00,ord-000900,sell,75022.01,1776621014024,0,0,0,,,,0,cancelled
2026-04-19 17:00,ord-000901,buy,74986.72,1776621019024,0,0,0,,,,0,cancelled
2026-04-19 17:00,ord-000902,sell,74990.73,1776621019024,0,0,0,,,,0,cancelled
2026-04-19 17:00,ord-000903,buy,74965.67,1776621024024,0,0,0,,,,0,cancelled
2026-04-19 17:00,ord-000904,sell,74969.68,1776621024024,0,0,0,,,,0,cancelled
2026-04-19 17:00,ord-000905,buy,75000.58,1776621029024,0,0,0,,,,0,cancelled
2026-04-19 17:00,ord-000906,sell,75004.59,1776621029024,0,0,0,,,,0,cancelled
2026-04-19 17:00,ord-000907,buy,74999.60,1776621034024,0,0,0,,,,0,cancelled
2026-04-19 17:00,ord-000908,sell,75003.61,1776621034024,0,0,0,,,,0,cancelled
2026-04-19 17:00,ord-000909,buy,74993.89,1776621047724,0,0,0,,,,0,cancelled
2026-04-19 17:00,ord-000910,sell,74997.90,1776621047724,0,0,0,,,,0,cancelled
2026-04-19 17:00,ord-000911,buy,74991.09,1776621057724,0,0,0,,,,0,cancelled
2026-04-19 17:00,ord-000912,sell,74995.10,1776621057724,0,0,0,,,,0,cancelled
2026-04-19 17:00,ord-000913,buy,74973.59,1776621062724,0,0,0,,,,0,cancelled
2026-04-19 17:00,ord-000914,sell,74977.60,1776621062724,0,0,0,,,,0,cancelled
2026-04-19 17:00,ord-000915,buy,74968.80,1776621069824,0,0,0,,,,0,cancelled
2026-04-19 17:00,ord-000916,sell,74972.81,1776621069824,0,0,0,,,,0,cancelled
2026-04-19 17:00,ord-000917,buy,74951.27,1776621074824,0,0,0,,,,0,cancelled
2026-04-19 17:00,ord-000918,sell,74955.28,1776621074824,0,0,0,,,,0,cancelled
2026-04-19 17:00,ord-000919,buy,74910.37,1776621079824,0,0,0,,,,0,cancelled
2026-04-19 17:00,ord-000920,sell,74914.38,1776621079824,0,0,0,,,,0,cancelled
2026-04-19 17:00,ord-000921,buy,74921.41,1776621084824,0,0,0,,,,0,cancelled
2026-04-19 17:00,ord-000922,sell,74925.42,1776621084824,0,0,0,,,,0,cancelled
2026-04-19 17:00,ord-000923,buy,74745.88,1776621089824,0,0,0,,,,0,cancelled
2026-04-19 17:00,ord-000924,sell,74749.89,1776621089824,0,0,0,,,,0,cancelled
2026-04-19 17:00,ord-000925,buy,74841.83,1776621094824,0,0,0,,,,0,cancelled
2026-04-19 17:00,ord-000926,sell,74845.84,1776621094824,0,0,0,,,,0,cancelled
2026-04-19 17:00,ord-000927,buy,74820.22,1776621099824,0,0,0,,,,0,cancelled
2026-04-19 17:00,ord-000928,sell,74824.23,1776621099824,0,0,0,,,,0,cancelled
2026-04-19 17:00,ord-000929,buy,74817.85,1776621104824,0,0,0,,,,0,cancelled
2026-04-19 17:00,ord-000930,sell,74821.86,1776621104824,0,0,0,,,,0,cancelled
2026-04-19 17:00,ord-000931,buy,74825.86,1776621109824,0,0,0,,,,0,cancelled
2026-04-19 17:00,ord-000932,sell,74829.87,1776621109824,0,0,0,,,,0,cancelled
2026-04-19 17:00,ord-000933,buy,74859.99,1776621114824,0.00007000,0.00007000,0,1776621116719,0.00007000,0.00000000,0.00035000,cancelled
2026-04-19 17:00,ord-000934,sell,74864.00,1776621114824,0,0,0,,,,0,cancelled
2026-04-19 17:00,ord-000935,buy,74852.05,1776621119824,0,0,0,,,,0,cancelled
2026-04-19 17:00,ord-000936,sell,74856.06,1776621119824,0,0,0,,,,0,cancelled
2026-04-19 17:00,ord-000937,buy,74863.99,1776621124824,0,0,0,,,,0,cancelled
2026-04-19 17:00,ord-000938,sell,74868.00,1776621124824,0.00120000,0.00120000,0,,,,0,cancelled
2026-04-19 17:00,ord-000939,buy,74852.46,1776621129824,0,0,0,,,,0,cancelled
2026-04-19 17:00,ord-000940,sell,74856.47,1776621129824,0,0,0,,,,0,cancelled
2026-04-19 17:00,ord-000941,buy,74779.52,1776621134824,0,0,0,,,,0,cancelled
2026-04-19 17:00,ord-000942,sell,74783.53,1776621134824,0,0,0,,,,0,cancelled
2026-04-19 17:00,ord-000943,buy,74710.81,1776621139824,0,0,0,,,,0,cancelled
2026-04-19 17:00,ord-000944,sell,74714.82,1776621139824,0,0,0,,,,0,cancelled
2026-04-19 17:00,ord-000945,buy,74743.68,1776621144824,0,0,0,,,,0,cancelled
2026-04-19 17:00,ord-000946,sell,74747.69,1776621144824,0,0,0,,,,0,cancelled
2026-04-19 17:00,ord-000947,buy,74752.44,1776621149824,0,0,0,,,,0,cancelled
2026-04-19 17:00,ord-000948,sell,74756.45,1776621149824,0,0,0,,,,0,cancelled
2026-04-19 17:00,ord-000949,buy,74753.35,1776621154824,0,0,0,,,,0,cancelled
2026-04-19 17:00,ord-000950,sell,74757.36,1776621154824,0,0,0,,,,0,cancelled
2026-04-19 17:00,ord-000951,buy,74723.22,1776621159824,0.00008000,0.00008000,0,,,,0,cancelled
2026-04-19 17:00,ord-000952,sell,74727.23,1776621159824,0,0,0,,,,0,cancelled
2026-04-19 17:00,ord-000953,buy,74721.26,1776621164824,0,0,0,,,,0,cancelled
2026-04-19 17:00,ord-000954,sell,74725.27,1776621164824,0,0,0,,,,0,cancelled
2026-04-19 17:00,ord-000955,buy,74658.00,1776621169824,0.00120000,0.00120000,0,,,,0,cancelled
2026-04-19 17:00,ord-000956,sell,74662.01,1776621169824,0,0,0,,,,0,cancelled
2026-04-19 17:00,ord-000957,buy,74660.70,1776621174824,0,0,0,,,,0,cancelled
2026-04-19 17:00,ord-000958,sell,74664.71,1776621174824,0,0,0,,,,0,cancelled
2026-04-19 17:00,ord-000959,buy,74662.86,1776621179824,0,0,0,,,,0,cancelled
2026-04-19 17:00,ord-000960,sell,74666.87,1776621179824,0,0,0,,,,0,cancelled
2026-04-19 17:00,ord-000961,buy,74663.80,1776621184824,0,0,0,,,,0,cancelled
2026-04-19 17:00,ord-000962,sell,74667.81,1776621184824,0,0,0,,,,0,cancelled
2026-04-19 17:00,ord-000963,buy,74669.57,1776621189824,0,0,0,,,,0,cancelled
2026-04-19 17:00,ord-000964,sell,74673.58,1776621189824,0,0,0,,,,0,cancelled
2026-04-19 17:00,ord-000965,buy,74685.99,1776621194824,0,0,0,,,,0,cancelled
2026-04-19 17:00,ord-000966,sell,74690.00,1776621194824,0.00120000,0,0,,,,0,cancelled
2026-04-19 17:00,ord-000967,buy,74686.30,1776621199824,0,0,0,,,,0,cancelled
2026-04-19 17:00,ord-000968,sell,74690.31,1776621199824,0,0,0,,,,0,cancelled
2026-04-19 17:00,ord-000969,buy,74727.27,1776621204824,0,0,0,,,,0,cancelled
2026-04-19 17:00,ord-000970,sell,74731.28,1776621204824,0,0,0,,,,0,cancelled
2026-04-19 17:00,ord-000971,buy,74763.37,1776621209824,0,0,0,,,,0,cancelled
2026-04-19 17:00,ord-000972,sell,74767.38,1776621209824,0,0,0,,,,0,cancelled
2026-04-19 17:00,ord-000973,buy,74787.93,1776621214824,0,0,0,,,,0,cancelled
2026-04-19 17:00,ord-000974,sell,74791.94,1776621214824,0,0,0,,,,0,cancelled
2026-04-19 17:00,ord-000975,buy,74795.36,1776621219824,0,0,0,,,,0,cancelled
2026-04-19 17:00,ord-000976,sell,74799.37,1776621219824,0,0,0,,,,0,cancelled
2026-04-19 17:00,ord-000977,buy,74804.42,1776621224827,0,0,0,,,,0,cancelled
2026-04-19 17:00,ord-000978,sell,74808.43,1776621224827,0,0,0,,,,0,cancelled
2026-04-19 17:00,ord-000979,buy,74809.19,1776621229924,0,0,0,,,,0,cancelled
2026-04-19 17:00,ord-000980,sell,74813.20,1776621229924,0,0,0,,,,0,cancelled
2026-04-19 17:00,ord-000981,buy,74790.27,1776621234924,0,0,0,,,,0,cancelled
2026-04-19 17:00,ord-000982,sell,74794.28,1776621234924,0,0,0,,,,0,cancelled
2026-04-19 17:00,ord-000983,buy,74828.37,1776621239924,0,0,0,,,,0,cancelled
2026-04-19 17:00,ord-000984,sell,74832.38,1776621239924,0.00008000,0.00008000,0,,,,0,cancelled
2026-04-19 17:00,ord-000985,buy,74812.14,1776621244924,0,0,0,,,,0,cancelled
2026-04-19 17:00,ord-000986,sell,74816.15,1776621244924,0,0,0,,,,0,cancelled
2026-04-19 17:00,ord-000987,buy,74791.29,1776621249924,0,0,0,,,,0,cancelled
2026-04-19 17:00,ord-000988,sell,74795.30,1776621249924,0,0,0,,,,0,cancelled
2026-04-19 17:00,ord-000989,buy,74794.59,1776621254924,0,0,0,,,,0,cancelled
2026-04-19 17:00,ord-000990,sell,74798.60,1776621254924,0,0,0,,,,0,cancelled
2026-04-19 17:00,ord-000991,buy,74794.58,1776621261824,0,0,0,,,,0,cancelled
2026-04-19 17:00,ord-000992,sell,74798.59,1776621261824,0,0,0,,,,0,cancelled
2026-04-19 17:00,ord-000993,buy,74750.79,1776621266824,0,0,0,,,,0,cancelled
2026-04-19 17:00,ord-000994,sell,74754.80,1776621266824,0,0,0,,,,0,cancelled
2026-04-19 17:00,ord-000995,buy,74738.64,1776621271824,0,0,0,,,,0,cancelled
2026-04-19 17:00,ord-000996,sell,74742.65,1776621271824,0,0,0,1776621272911,0,0,0.001,filled
2026-04-19 17:00,ord-000997,buy,74741.25,1776621272930,0,0,0,,,,0,cancelled
2026-04-19 17:00,ord-000998,sell,74745.26,1776621272930,0,0,0,,,,0,cancelled
2026-04-19 17:00,ord-000999,buy,74757.25,1776621278024,0,0,0,,,,0,cancelled
2026-04-19 17:00,ord-001000,sell,74761.26,1776621278024,0,0,0,,,,0,cancelled
2026-04-19 17:00,ord-001001,buy,74789.54,1776621283024,0,0,0,,,,0,cancelled
2026-04-19 17:00,ord-001002,sell,74793.55,1776621283024,0,0,0,,,,0,cancelled
2026-04-19 17:00,ord-001003,buy,74776.48,1776621288024,0,0,0,,,,0,cancelled
2026-04-19 17:00,ord-001004,sell,74780.49,1776621288024,0,0,0,,,,0,cancelled
2026-04-19 17:00,ord-001005,buy,74777.95,1776621293024,0,0,0,,,,0,cancelled
2026-04-19 17:00,ord-001006,sell,74781.96,1776621293024,0,0,0,,,,0,cancelled
2026-04-19 17:00,ord-001007,buy,74809.50,1776621298024,0,0,0,,,,0,cancelled
2026-04-19 17:00,ord-001008,sell,74813.51,1776621298024,0,0,0,,,,0,cancelled
2026-04-19 17:00,ord-001009,buy,74773.65,1776621303024,0,0,0,,,,0,cancelled
2026-04-19 17:00,ord-001010,sell,74777.66,1776621303024,0,0,0,,,,0,cancelled
2026-04-19 17:00,ord-001011,buy,74803.02,1776621308024,0,0,0,,,,0,cancelled
2026-04-19 17:00,ord-001012,sell,74807.03,1776621308024,0,0,0,,,,0,cancelled
2026-04-19 17:00,ord-001013,buy,74814.07,1776621313024,0,0,0,,,,0,cancelled
2026-04-19 17:00,ord-001014,sell,74818.08,1776621313024,0,0,0,,,,0,cancelled
2026-04-19 17:00,ord-001015,buy,74847.99,1776621318024,0,0,0,,,,0,cancelled
2026-04-19 17:00,ord-001016,sell,74852.00,1776621318024,0.00120000,0,0,,,,0,cancelled
2026-04-19 17:00,ord-001017,buy,74848.27,1776621323024,0,0,0,,,,0,cancelled
2026-04-19 17:00,ord-001018,sell,74852.28,1776621323024,0,0,0,,,,0,cancelled
2026-04-19 17:00,ord-001019,buy,74855.30,1776621328024,0,0,0,,,,0,cancelled
2026-04-19 17:00,ord-001020,sell,74859.31,1776621328024,0,0,0,,,,0,cancelled
2026-04-19 17:00,ord-001021,buy,74857.81,1776621333024,0,0,0,,,,0,cancelled
2026-04-19 17:00,ord-001022,sell,74861.82,1776621333024,0,0,0,,,,0,cancelled
2026-04-19 17:00,ord-001023,buy,74848.01,1776621338024,0,0,0,,,,0,cancelled
2026-04-19 17:00,ord-001024,sell,74852.02,1776621338024,0,0,0,,,,0,cancelled
2026-04-19 17:00,ord-001025,buy,74841.56,1776621343024,0,0,0,,,,0,cancelled
2026-04-19 17:00,ord-001026,sell,74845.57,1776621343024,0,0,0,,,,0,cancelled
2026-04-19 17:00,ord-001027,buy,74847.90,1776621355624,0,0,0,,,,0,cancelled
2026-04-19 17:00,ord-001028,sell,74851.91,1776621355624,0,0,0,,,,0,cancelled
2026-04-19 17:00,ord-001029,buy,74847.99,1776621360624,0.01349000,0,0,,,,0,cancelled
2026-04-19 17:00,ord-001030,sell,74852.00,1776621360624,0.00120000,0.00120000,0,,,,0,cancelled
2026-04-19 17:00,ord-001031,buy,74854.55,1776621365624,0,0,0,,,,0,cancelled
2026-04-19 17:00,ord-001032,sell,74858.56,1776621365624,0,0,0,,,,0,cancelled
2026-04-19 17:00,ord-001033,buy,74825.67,1776621370624,0,0,0,,,,0,cancelled
2026-04-19 17:00,ord-001034,sell,74829.68,1776621370624,0,0,0,,,,0,cancelled
2026-04-19 17:00,ord-001035,buy,74828.22,1776621376924,0,0,0,,,,0,cancelled
2026-04-19 17:00,ord-001036,sell,74832.23,1776621376924,0,0,0,,,,0,cancelled
2026-04-19 17:00,ord-001037,buy,74812.66,1776621381924,0,0,0,,,,0,cancelled
2026-04-19 17:00,ord-001038,sell,74816.67,1776621381924,0,0,0,,,,0,cancelled
2026-04-19 17:00,ord-001039,buy,74806.00,1776621386924,0.00120000,0.00120000,0,,,,0,cancelled
2026-04-19 17:00,ord-001040,sell,74810.01,1776621386924,0,0,0,,,,0,cancelled
2026-04-19 17:00,ord-001041,buy,74821.47,1776621391924,0,0,0,,,,0,cancelled
2026-04-19 17:00,ord-001042,sell,74825.48,1776621391924,0,0,0,,,,0,cancelled
2026-04-19 17:00,ord-001043,buy,74825.99,1776621402024,0,0,0,,,,0,cancelled
2026-04-19 17:00,ord-001044,sell,74830.00,1776621402024,0.00120000,0.00120000,0,,,,0,cancelled
2026-04-19 17:00,ord-001045,buy,74839.46,1776621407024,0,0,0,,,,0,cancelled
2026-04-19 17:00,ord-001046,sell,74843.47,1776621407024,0,0,0,,,,0,cancelled
2026-04-19 17:00,ord-001047,buy,74864.88,1776621412024,0,0,0,,,,0,cancelled
2026-04-19 17:00,ord-001048,sell,74868.89,1776621412024,0,0,0,,,,0,cancelled
2026-04-19 17:00,ord-001049,buy,74847.60,1776621417024,0,0,0,,,,0,cancelled
2026-04-19 17:00,ord-001050,sell,74851.61,1776621417024,0,0,0,,,,0,cancelled
2026-04-19 17:00,ord-001051,buy,74842.56,1776621422024,0,0,0,,,,0,cancelled
2026-04-19 17:00,ord-001052,sell,74846.57,1776621422024,0,0,0,,,,0,cancelled
2026-04-19 17:00,ord-001053,buy,74859.14,1776621427024,0,0,0,,,,0,cancelled
2026-04-19 17:00,ord-001054,sell,74863.15,1776621427024,0,0,0,,,,0,cancelled
2026-04-19 17:00,ord-001055,buy,74863.97,1776621432025,0,0,0,,,,0,cancelled
2026-04-19 17:00,ord-001056,sell,74867.98,1776621432025,0,0,0,,,,0,cancelled
2026-04-19 17:00,ord-001057,buy,74864.88,1776621437025,0,0,0,,,,0,cancelled
2026-04-19 17:00,ord-001058,sell,74868.89,1776621437025,0,0,0,,,,0,cancelled
2026-04-19 17:00,ord-001059,buy,74863.48,1776621444924,0,0,0,,,,0,cancelled
2026-04-19 17:00,ord-001060,sell,74867.49,1776621444924,0,0,0,,,,0,cancelled
2026-04-19 17:00,ord-001061,buy,74853.21,1776621449924,0.00007000,0,0,,,,0,cancelled
2026-04-19 17:00,ord-001062,sell,74857.22,1776621449924,0,0,0,,,,0,cancelled
2026-04-19 17:00,ord-001063,buy,74848.00,1776621454924,0.00120000,0,0,,,,0,cancelled
2026-04-19 17:00,ord-001064,sell,74852.01,1776621454924,0,0,0,,,,0,cancelled
2026-04-19 17:00,ord-001065,buy,74847.06,1776621459924,0,0,0,,,,0,cancelled
2026-04-19 17:00,ord-001066,sell,74851.07,1776621459924,0,0,0,,,,0,cancelled
2026-04-19 17:00,ord-001067,buy,74831.78,1776621466127,0,0,0,,,,0,cancelled
2026-04-19 17:00,ord-001068,sell,74835.79,1776621466127,0,0,0,,,,0,cancelled
2026-04-19 17:00,ord-001069,buy,74812.22,1776621471224,0.00007000,0,0,,,,0,cancelled
2026-04-19 17:00,ord-001070,sell,74816.23,1776621471224,0,0,0,,,,0,cancelled
2026-04-19 17:00,ord-001071,buy,74821.99,1776621476224,0,0,0,,,,0,cancelled
2026-04-19 17:00,ord-001072,sell,74826.00,1776621476224,0.00127000,0.00127000,0,1776621477015,0.00127000,0.00000000,0.00007000,cancelled
2026-04-19 17:00,ord-001073,buy,74818.53,1776621481224,0,0,0,,,,0,cancelled
2026-04-19 17:00,ord-001074,sell,74822.54,1776621481224,0,0,0,,,,0,cancelled
2026-04-19 17:00,ord-001075,buy,74814.76,1776621486224,0,0,0,,,,0,cancelled
2026-04-19 17:00,ord-001076,sell,74818.77,1776621486224,0,0,0,,,,0,cancelled
2026-04-19 17:00,ord-001077,buy,74804.00,1776621491224,0.00120000,0,0,,,,0,cancelled
2026-04-19 17:00,ord-001078,sell,74808.01,1776621491224,0,0,0,,,,0,cancelled
2026-04-19 17:00,ord-001079,buy,74810.50,1776621497724,0,0,0,,,,0,cancelled
2026-04-19 17:00,ord-001080,sell,74814.51,1776621497724,0,0,0,,,,0,cancelled
2026-04-19 17:00,ord-001081,buy,74806.00,1776621503024,0.00108000,0.00108000,0,1776621503274,0.00108000,0.00000000,0.00021000,cancelled
2026-04-19 17:00,ord-001082,sell,74810.01,1776621503024,0,0,0,,,,0,cancelled
2026-04-19 17:00,ord-001083,buy,74778.19,1776621508024,0,0,0,,,,0,cancelled
2026-04-19 17:00,ord-001084,sell,74782.20,1776621508024,0,0,0,,,,0,cancelled
2026-04-19 17:00,ord-001085,buy,74758.89,1776621513024,0,0,0,,,,0,cancelled
2026-04-19 17:00,ord-001086,sell,74762.90,1776621513024,0,0,0,,,,0,cancelled
2026-04-19 17:00,ord-001087,buy,74767.99,1776621518024,0,0,0,,,,0,cancelled
2026-04-19 17:00,ord-001088,sell,74772.00,1776621518024,0.00120000,0.00120000,0,1776621522276,0.00077000,0.00000000,0.00100000,filled
2026-04-19 17:00,ord-001089,buy,74779.14,1776621522524,0,0,0,,,,0,cancelled
2026-04-19 17:00,ord-001090,sell,74783.15,1776621522524,0,0,0,,,,0,cancelled
2026-04-19 17:00,ord-001091,buy,74774.58,1776621527524,0,0,0,,,,0,cancelled
2026-04-19 17:00,ord-001092,sell,74778.59,1776621527524,0,0,0,,,,0,cancelled
2026-04-19 17:00,ord-001093,buy,74780.94,1776621541324,0,0,0,,,,0,cancelled
2026-04-19 17:00,ord-001094,sell,74784.95,1776621541324,0,0,0,,,,0,cancelled
2026-04-19 17:00,ord-001095,buy,74778.00,1776621546324,0.00080000,0,0,,,,0,cancelled
2026-04-19 17:00,ord-001096,sell,74782.01,1776621546324,0,0,0,,,,0,cancelled
2026-04-19 17:00,ord-001097,buy,74780.94,1776621551324,0,0,0,,,,0,cancelled
2026-04-19 17:00,ord-001098,sell,74784.95,1776621551324,0,0,0,,,,0,cancelled
2026-04-19 17:00,ord-001099,buy,74795.99,1776621556324,0,0,0,,,,0,cancelled
2026-04-19 17:00,ord-001100,sell,74800.00,1776621556324,0.00120000,0,0,,,,0,cancelled
2026-04-19 17:00,ord-001101,buy,74787.09,1776621561324,0,0,0,,,,0,cancelled
2026-04-19 17:00,ord-001102,sell,74791.10,1776621561324,0,0,0,,,,0,cancelled
2026-04-19 17:00,ord-001103,buy,74776.21,1776621566324,0.00007000,0,0,,,,0,cancelled
2026-04-19 17:00,ord-001104,sell,74780.22,1776621566324,0,0,0,,,,0,cancelled
2026-04-19 17:00,ord-001105,buy,74791.13,1776621571324,0,0,0,,,,0,cancelled
2026-04-19 17:00,ord-001106,sell,74795.14,1776621571324,0,0,0,,,,0,cancelled
2026-04-19 17:00,ord-001107,buy,74782.27,1776621580524,0,0,0,,,,0,cancelled
2026-04-19 17:00,ord-001108,sell,74786.28,1776621580524,0,0,0,,,,0,cancelled
2026-04-19 17:00,ord-001109,buy,74776.21,1776621585524,0.00007000,0,0,,,,0,cancelled
2026-04-19 17:00,ord-001110,sell,74780.22,1776621585524,0,0,0,,,,0,cancelled
2026-04-19 17:00,ord-001111,buy,74779.33,1776621595824,0,0,0,,,,0,expired
2026-04-19 17:00,ord-001112,sell,74783.34,1776621595824,0,0,0,,,,0,expired
