source,scope,scope_value,cluster_gap_ms,cluster_id,rows,start_timestamp_ms,end_timestamp_ms,duration_ms,metric_sum,negative_metric_sum,min_metric,max_metric,first_row_id,last_row_id,nearest_boundary,nearest_boundary_hhmm_utc,boundary_signed_delta_ms,boundary_abs_delta_ms,within_30m_boundary,cluster_share_of_total_metric_sum,cluster_share_of_negative_metric_sum,cluster_share_of_tail_metric_sum
fill,pooled,pooled,60000,fill_pooled_pooled_60000_1,1,1776088384374,1776088384374,0,-12.48544420814777097996035098,-12.48544420814777097996035098,-12.48544420814777097996035098,-12.48544420814777097996035098,2026-04-13 12:00:2026-04-13 13:00:fill-000019:157,2026-04-13 12:00:2026-04-13 13:00:fill-000019:157,US cash open,13:30,1384374,1384374,True,0.006719276615919146884417540194,0.003987663172371735264692146825,0.01696143355577062784312752555
fill,pooled,pooled,60000,fill_pooled_pooled_60000_2,1,1776088868432,1776088868432,0,-15.37399469348315925761744351,-15.37399469348315925761744351,-15.37399469348315925761744351,-15.37399469348315925761744351,2026-04-13 12:00:2026-04-13 14:00:fill-000003:189,2026-04-13 12:00:2026-04-13 14:00:fill-000003:189,US cash open,13:30,1868432,1868432,False,0.008273804384931164960729682611,0.004910222770563013526217651792,0.02088551958048191791936486258
fill,pooled,pooled,60000,fill_pooled_pooled_60000_3,1,1776092285697,1776092285697,0,-14.27265142592461349289994131,-14.27265142592461349289994131,-14.27265142592461349289994131,-14.27265142592461349289994131,2026-04-13 12:00:2026-04-13 14:00:fill-000052:432,2026-04-13 12:00:2026-04-13 14:00:fill-000052:432,US cash open,13:30,5285697,5285697,False,0.007681095792394515999254926059,0.004558470288635557171357182055,0.01938934849170326417556791834
fill,pooled,pooled,60000,fill_pooled_pooled_60000_4,1,1776094200378,1776094200378,0,-12.85096693207311306578668048,-12.85096693207311306578668048,-12.85096693207311306578668048,-12.85096693207311306578668048,2026-04-13 12:00:2026-04-13 15:00:fill-000010:483,2026-04-13 12:00:2026-04-13 15:00:fill-000010:483,US cash open,13:30,7200378,7200378,False,0.006915989544230968522879220905,0.004104405635079701774197641701,0.01745799493489545803244018920
fill,pooled,pooled,60000,fill_pooled_pooled_60000_5,1,1776096464423,1776096464423,0,-13.18123770862791323461748100,-13.18123770862791323461748100,-13.18123770862791323461748100,-13.18123770862791323461748100,2026-04-13 12:00:2026-04-13 16:00:fill-000006:578,2026-04-13 12:00:2026-04-13 16:00:fill-000006:578,US cash open,13:30,9464423,9464423,False,0.007093730974077567807802265593,0.004209889155779648949387897927,0.01790666666323423321581921203
fill,pooled,pooled,60000,fill_pooled_pooled_60000_6,1,1776176261720,1776176261720,0,-16.07416503183875404142080923,-16.07416503183875404142080923,-16.07416503183875404142080923,-16.07416503183875404142080923,2026-04-14 12:00:2026-04-14 14:00:fill-000014:1007,2026-04-14 12:00:2026-04-14 14:00:fill-000014:1007,US cash open,13:30,2861720,2861720,False,0.008650614220707995770271962912,0.005133846650186425419625850141,0.02183669860733543353348375934
fill,pooled,pooled,60000,fill_pooled_pooled_60000_7,1,1776176791765,1776176791765,0,-14.53296436338778989217795562,-14.53296436338778989217795562,-14.53296436338778989217795562,-14.53296436338778989217795562,2026-04-14 12:00:2026-04-14 14:00:fill-000023:1052,2026-04-14 12:00:2026-04-14 14:00:fill-000023:1052,US cash open,13:30,3391765,3391765,False,0.007821188095428164127493579462,0.004641610327284435129425751163,0.01974298273321529707085101896
fill,pooled,pooled,60000,fill_pooled_pooled_60000_8,1,1776177162898,1776177162898,0,-21.59841274089354933674934485,-21.59841274089354933674934485,-21.59841274089354933674934485,-21.59841274089354933674934485,2026-04-14 12:00:2026-04-14 14:00:fill-000027:1072,2026-04-14 12:00:2026-04-14 14:00:fill-000027:1072,US cash open,13:30,3762898,3762898,False,0.01162359202055060470287345700,0.006898208316236009865547096178,0.02934137035955107954437552974
fill,pooled,pooled,60000,fill_pooled_pooled_60000_9,1,1776177600245,1776177600245,0,-17.58817173242033065365084502,-17.58817173242033065365084502,-17.58817173242033065365084502,-17.58817173242033065365084502,2026-04-14 12:00:2026-04-14 14:00:fill-000040:1137,2026-04-14 12:00:2026-04-14 14:00:fill-000040:1137,US cash open,13:30,4200245,4200245,False,0.009465405400738575478508072852,0.005617397628588405790553904480,0.02389347156845665757761035322
fill,pooled,pooled,60000,fill_pooled_pooled_60000_10,1,1776178434738,1776178434738,0,-13.17690106149329204686365728,-13.17690106149329204686365728,-13.17690106149329204686365728,-13.17690106149329204686365728,2026-04-14 12:00:2026-04-14 14:00:fill-000052:1197,2026-04-14 12:00:2026-04-14 14:00:fill-000052:1197,US cash open,13:30,5034738,5034738,False,0.007091397125862208577034996518,0.004208504095882539708339661008,0.01790077534282925321296275982
fill,pooled,pooled,60000,fill_pooled_pooled_60000_11,1,1776179095499,1776179095499,0,-14.09244776366703832853865302,-14.09244776366703832853865302,-14.09244776366703832853865302,-14.09244776366703832853865302,2026-04-14 12:00:2026-04-14 15:00:fill-000003:1220,2026-04-14 12:00:2026-04-14 15:00:fill-000003:1220,US cash open,13:30,5695499,5695499,False,0.007584115802437879470823143287,0.004500915948114608198507195188,0.01914454242850418563034085787
fill,pooled,pooled,60000,fill_pooled_pooled_60000_12,1,1776179579551,1776179579551,0,-16.48932003600471977302526019,-16.48932003600471977302526019,-16.48932003600471977302526019,-16.48932003600471977302526019,2026-04-14 12:00:2026-04-14 15:00:fill-000009:1250,2026-04-14 12:00:2026-04-14 15:00:fill-000009:1250,US cash open,13:30,6179551,6179551,False,0.008874037694071785763052133243,0.005266440917025414468940985928,0.02240068527061421954466086370
fill,pooled,pooled,60000,fill_pooled_pooled_60000_13,1,1776180125815,1776180125815,0,-12.39744154726479526496510391,-12.39744154726479526496510391,-12.39744154726479526496510391,-12.39744154726479526496510391,2026-04-14 12:00:2026-04-14 15:00:fill-000017:1290,2026-04-14 12:00:2026-04-14 15:00:fill-000017:1290,US cash open,13:30,6725815,6725815,False,0.006671916328887968564572397507,0.003959556445528588284020077862,0.01684188223982116961090802917
fill,pooled,pooled,60000,fill_pooled_pooled_60000_14,2,1776260268236,1776260268265,29,-35.71001509184497450734672794,-35.71001509184497450734672794,-17.85500754592248725367336397,-17.85500754592248725367336397,2026-04-15 12:00:2026-04-15 13:00:fill-000013:1727,2026-04-15 12:00:2026-04-15 13:00:fill-000014:1732,US cash open,13:30,468236,468236,True,0.01921801622437828592764541548,0.01140524195155681965213796122,0.04851193422983146722771339091
fill,pooled,pooled,60000,fill_pooled_pooled_60000_15,2,1776262765277,1776262765687,410,-28.82262948165921893075190434,-28.82262948165921893075190434,-14.80156193233219718712431057,-14.02106754932702174362759377,2026-04-15 12:00:2026-04-15 14:00:fill-000010:1860,2026-04-15 12:00:2026-04-15 14:00:fill-000011:1865,US cash open,13:30,2965277,2965277,False,0.01551144012633775012430775567,0.009205514533469612591959354801,0.03915544426819262556329607469
fill,pooled,pooled,60000,fill_pooled_pooled_60000_16,2,1776262901778,1776262901779,1,-24.96455062091879323102194876,-24.96455062091879323102194876,-12.48227531045939661551097438,-12.48227531045939661551097438,2026-04-15 12:00:2026-04-15 14:00:fill-000012:1870,2026-04-15 12:00:2026-04-15 14:00:fill-000013:1875,US cash open,13:30,3101778,3101778,False,0.01343514242806058934678042395,0.007973302148183335643404112984,0.03391425723804531370276383399
fill,pooled,pooled,60000,fill_pooled_pooled_60000_17,1,1776346896678,1776346896678,0,-18.59083506256407385084990550,-18.59083506256407385084990550,-18.59083506256407385084990550,-18.59083506256407385084990550,2026-04-16 12:00:2026-04-16 13:00:fill-000016:2450,2026-04-16 12:00:2026-04-16 13:00:fill-000016:2450,US cash open,13:30,696678,696678,True,0.01000500752906957379153454639,0.005937633222071944106058031056,0.02525558629737776478644213062
fill,pooled,pooled,60000,fill_pooled_pooled_60000_18,2,1776347646869,1776347689092,42223,-33.54562642892398808108007033,-33.54562642892398808108007033,-20.39287517721076827006740959,-13.15275125171321981101266074,2026-04-16 12:00:2026-04-16 13:00:fill-000023:2485,2026-04-16 12:00:2026-04-16 13:00:fill-000025:2495,US cash open,13:30,1446869,1446869,True,0.01805320975950017478514122130,0.01071396875230640104081084893,0.04557161958159167682535871964
fill,pooled,pooled,60000,fill_pooled_pooled_60000_19,3,1776348090183,1776348111687,21504,-45.70660182581364862320782243,-45.70660182581364862320782243,-16.01043598960177470507332898,-14.07467565656405801113734614,2026-04-16 12:00:2026-04-16 14:00:fill-000001:2513,2026-04-16 12:00:2026-04-16 14:00:fill-000003:2523,US cash open,13:30,1890183,1890183,False,0.02459786738231541999768931520,0.01459800146446648879180549891,0.06209226335917540870820016879
fill,pooled,pooled,60000,fill_pooled_pooled_60000_20,1,1776348342557,1776348342557,0,-17.42230444818219389139449410,-17.42230444818219389139449410,-17.42230444818219389139449410,-17.42230444818219389139449410,2026-04-16 12:00:2026-04-16 14:00:fill-000004:2528,2026-04-16 12:00:2026-04-16 14:00:fill-000004:2528,US cash open,13:30,2142557,2142557,False,0.009376140802239146893488747802,0.005564422111671987199361209273,0.02366814142611015307416700764
fill,pooled,pooled,60000,fill_pooled_pooled_60000_21,1,1776352199840,1776352199840,0,-21.96085675886433960128859467,-21.96085675886433960128859467,-21.96085675886433960128859467,-21.96085675886433960128859467,2026-04-16 12:00:2026-04-16 15:00:fill-000005:2760,2026-04-16 12:00:2026-04-16 15:00:fill-000005:2760,US cash open,13:30,5999840,5999840,False,0.01181864808535137790429730913,0.007013967486547738183876817533,0.02983374932709204243552949971
fill,pooled,pooled,60000,fill_pooled_pooled_60000_22,1,1776355749920,1776355749920,0,-13.21270565521572190387753296,-13.21270565521572190387753296,-13.21270565521572190387753296,-13.21270565521572190387753296,2026-04-16 12:00:2026-04-16 16:00:fill-000007:2902,2026-04-16 12:00:2026-04-16 16:00:fill-000007:2902,US cash open,13:30,9549920,9549920,False,0.007110666041355388203716464403,0.004219939544826798523115446877,0.01794941576180754195943114440
fill,pooled,pooled,60000,fill_pooled_pooled_60000_23,1,1776357201265,1776357201265,0,-22.49367227021565934148918582,-22.49367227021565934148918582,-22.49367227021565934148918582,-22.49367227021565934148918582,2026-04-16 12:00:2026-04-16 16:00:fill-000023:2982,2026-04-16 12:00:2026-04-16 16:00:fill-000023:2982,US cash open,13:30,11001265,11001265,False,0.01210539277351278071991249992,0.007184140750459128634484606756,0.03055757738980300110686235275
fill,pooled,pooled,60000,fill_pooled_pooled_60000_24,1,1776362341638,1776362341638,0,-12.97447919000120258829339247,-12.97447919000120258829339247,-12.97447919000120258829339247,-12.97447919000120258829339247,2026-04-16 17:00:2026-04-16 17:00:fill-000031:3223,2026-04-16 17:00:2026-04-16 17:00:fill-000031:3223,US cash close,20:00,-7258362,7258362,False,0.006982459988745389581957614011,0.004143853593363389313755920911,0.01762578591783889002403009910
fill,pooled,pooled,60000,fill_pooled_pooled_60000_25,1,1776362869203,1776362869203,0,-12.67679398515770468152025534,-12.67679398515770468152025534,-12.67679398515770468152025534,-12.67679398515770468152025534,2026-04-16 17:00:2026-04-16 18:00:fill-000004:3244,2026-04-16 17:00:2026-04-16 18:00:fill-000004:3244,US cash close,20:00,-6730797,6730797,False,0.006822255097156133680128133613,0.004048777414372521389101029397,0.01722138157800819625643381928
fill,pooled,pooled,60000,fill_pooled_pooled_60000_26,1,1776363487509,1776363487509,0,-13.55735485156121687579409789,-13.55735485156121687579409789,-13.55735485156121687579409789,-13.55735485156121687579409789,2026-04-16 17:00:2026-04-16 18:00:fill-000013:3289,2026-04-16 17:00:2026-04-16 18:00:fill-000013:3289,US cash close,20:00,-6112491,6112491,False,0.007296145488229081893030333441,0.004330015316640954191575218086,0.01841762052460236770360337577
fill,pooled,pooled,60000,fill_pooled_pooled_60000_27,1,1776370274828,1776370274828,0,-21.07758646163154809102154712,-21.07758646163154809102154712,-21.07758646163154809102154712,-21.07758646163154809102154712,2026-04-16 17:00:2026-04-16 20:00:fill-000003:3540,2026-04-16 17:00:2026-04-16 20:00:fill-000003:3540,US cash close,20:00,674828,674828,True,0.01134329956312104993141568142,0.006731864232806351375244390534,0.02863382962791761535752441035
fill,pooled,pooled,60000,fill_pooled_pooled_60000_28,1,1776374400329,1776374400329,0,-12.84530669135387920869767384,-12.84530669135387920869767384,-12.84530669135387920869767384,-12.84530669135387920869767384,2026-04-16 17:00:2026-04-16 21:00:fill-000011:3704,2026-04-16 17:00:2026-04-16 21:00:fill-000011:3704,US cash close,20:00,4800329,4800329,False,0.006912943379235060569958913790,0.004102597839290736712867720855,0.01745030551710075107267834961
fill,pooled,pooled,60000,fill_pooled_pooled_60000_29,2,1776428857665,1776428858783,1118,-29.49536201340588849458529987,-29.49536201340588849458529987,-15.14470828232511446577999642,-14.35065373108077402880530345,2026-04-17 12:00:2026-04-17 12:00:fill-000006:3827,2026-04-17 12:00:2026-04-17 12:00:fill-000007:3832,US cash open,13:30,-3742335,3742335,False,0.01587348379046174124790520783,0.009420375190165507963927423089,0.04006934912794765156587000711
fill,pooled,pooled,60000,fill_pooled_pooled_60000_30,1,1776429016406,1776429016406,0,-15.10449751322682560341629746,-15.10449751322682560341629746,-15.10449751322682560341629746,-15.10449751322682560341629746,2026-04-17 12:00:2026-04-17 12:00:fill-000008:3837,2026-04-17 12:00:2026-04-17 12:00:fill-000008:3837,US cash open,13:30,-3583594,3583594,False,0.008128769408909181044995870548,0.004824149422843041904099662000,0.02051940857632538542216446383
fill,pooled,pooled,60000,fill_pooled_pooled_60000_31,1,1776431184739,1776431184739,0,-28.55473758335330615716370540,-28.55473758335330615716370540,-28.55473758335330615716370540,-28.55473758335330615716370540,2026-04-17 12:00:2026-04-17 13:00:fill-000005:3925,2026-04-17 12:00:2026-04-17 13:00:fill-000005:3925,US cash open,13:30,-1415261,1415261,True,0.01536726906298812280280809799,0.009119953888670598241786089783,0.03879151403411414709565212696
fill,pooled,pooled,60000,fill_pooled_pooled_60000_32,1,1776431690701,1776431690701,0,-12.96195170739327681873808159,-12.96195170739327681873808159,-12.96195170739327681873808159,-12.96195170739327681873808159,2026-04-17 12:00:2026-04-17 13:00:fill-000020:4000,2026-04-17 12:00:2026-04-17 13:00:fill-000020:4000,US cash open,13:30,-909299,909299,True,0.006975718088374008484163606297,0.004139852503758138981384504290,0.01760876737525978483718866033
fill,pooled,pooled,60000,fill_pooled_pooled_60000_33,1,1776432699131,1776432699131,0,-20.95207544841191081449181074,-20.95207544841191081449181074,-20.95207544841191081449181074,-20.95207544841191081449181074,2026-04-17 12:00:2026-04-17 13:00:fill-000035:4075,2026-04-17 12:00:2026-04-17 13:00:fill-000035:4075,US cash open,13:30,99131,99131,True,0.01127575345085564271311228814,0.006691777902132077460122007650,0.02846332334269845748360135145
fill,pooled,pooled,60000,fill_pooled_pooled_60000_34,1,1776432766965,1776432766965,0,-18.99434219602505089739372919,-18.99434219602505089739372919,-18.99434219602505089739372919,-18.99434219602505089739372919,2026-04-17 12:00:2026-04-17 13:00:fill-000037:4085,2026-04-17 12:00:2026-04-17 13:00:fill-000037:4085,US cash open,13:30,166965,166965,True,0.01022216248175051890254998971,0.006066507334123286912785110247,0.02580374936786039335277815971
fill,pooled,pooled,60000,fill_pooled_pooled_60000_35,1,1776433610562,1776433610562,0,-19.16683883266317028254277114,-19.16683883266317028254277114,-19.16683883266317028254277114,-19.16683883266317028254277114,2026-04-17 12:00:2026-04-17 13:00:fill-000044:4120,2026-04-17 12:00:2026-04-17 13:00:fill-000044:4120,US cash open,13:30,1010562,1010562,True,0.01031499479092305448231493514,0.006121600166529756989780211360,0.02603808546292876540216402005
fill,pooled,pooled,60000,fill_pooled_pooled_60000_36,2,1776433876977,1776433904993,28016,-34.20264888562426599141481977,-34.20264888562426599141481977,-19.34765997502964461706462834,-14.85498891059462137435019143,2026-04-17 12:00:2026-04-17 13:00:fill-000046:4130,2026-04-17 12:00:2026-04-17 13:00:fill-000047:4135,US cash open,13:30,1276977,1276977,True,0.01840679875127661197789662789,0.01092381184721968797080070193,0.04646418235774813516262075680
fill,pooled,pooled,60000,fill_pooled_pooled_60000_37,1,1776437143765,1776437143765,0,-12.40183670367521020407469306,-12.40183670367521020407469306,-12.40183670367521020407469306,-12.40183670367521020407469306,2026-04-17 12:00:2026-04-17 14:00:fill-000025:4265,2026-04-17 12:00:2026-04-17 14:00:fill-000025:4265,US cash open,13:30,4543765,4543765,False,0.006674281664970487440467567626,0.003960960192408750368799098027,0.01684785304487861591125010046
fill,pooled,pooled,60000,fill_pooled_pooled_60000_38,1,1776440966015,1776440966015,0,-14.59811046375889944699657692,-14.59811046375889944699657692,-14.59811046375889944699657692,-14.59811046375889944699657692,2026-04-17 12:00:2026-04-17 15:00:fill-000024:4418,2026-04-17 12:00:2026-04-17 15:00:fill-000024:4418,US cash open,13:30,8366015,8366015,False,0.007856247694553701087096489467,0.004662417012328446467268410877,0.01983148348933105105116309660
fill,window,2026-04-13 12:00,60000,fill_window_2026_04_13_12_00_60000_1,1,1776088384374,1776088384374,0,-12.48544420814777097996035098,-12.48544420814777097996035098,-12.48544420814777097996035098,-12.48544420814777097996035098,2026-04-13 12:00:2026-04-13 13:00:fill-000019:157,2026-04-13 12:00:2026-04-13 13:00:fill-000019:157,US cash open,13:30,1384374,1384374,True,0.05173501284631111005264805364,0.02703193104434601327970653451,0.1228105298650357550761728769
fill,window,2026-04-13 12:00,60000,fill_window_2026_04_13_12_00_60000_2,1,1776088868432,1776088868432,0,-15.37399469348315925761744351,-15.37399469348315925761744351,-15.37399469348315925761744351,-15.37399469348315925761744351,2026-04-13 12:00:2026-04-13 14:00:fill-000003:189,2026-04-13 12:00:2026-04-13 14:00:fill-000003:189,US cash open,13:30,1868432,1868432,False,0.06370408611072273879195749502,0.03328586131994989082147317326,0.1512231685931352770510740806
fill,window,2026-04-13 12:00,60000,fill_window_2026_04_13_12_00_60000_3,1,1776092206124,1776092206124,0,-11.13803438883731620421617280,-11.13803438883731620421617280,-11.13803438883731620421617280,-11.13803438883731620421617280,2026-04-13 12:00:2026-04-13 14:00:fill-000051:428,2026-04-13 12:00:2026-04-13 14:00:fill-000051:428,US cash open,13:30,5206124,5206124,False,0.04615185031327269562747614265,0.02411468687450655354879771891,0.1095570075156360939969704798
fill,window,2026-04-13 12:00,60000,fill_window_2026_04_13_12_00_60000_4,1,1776092285697,1776092285697,0,-14.27265142592461349289994131,-14.27265142592461349289994131,-14.27265142592461349289994131,-14.27265142592461349289994131,2026-04-13 12:00:2026-04-13 14:00:fill-000052:432,2026-04-13 12:00:2026-04-13 14:00:fill-000052:432,US cash open,13:30,5285697,5285697,False,0.05914053137086359783469721822,0.03090136984584046023300114163,0.1403900297798691126929313452
fill,window,2026-04-13 12:00,60000,fill_window_2026_04_13_12_00_60000_5,1,1776094200378,1776094200378,0,-12.85096693207311306578668048,-12.85096693207311306578668048,-12.85096693207311306578668048,-12.85096693207311306578668048,2026-04-13 12:00:2026-04-13 15:00:fill-000010:483,2026-04-13 12:00:2026-04-13 15:00:fill-000010:483,US cash open,13:30,7200378,7200378,False,0.05324960235571404132343043203,0.02782331538787168084037752250,0.1264059197169793511604229451
fill,window,2026-04-13 12:00,60000,fill_window_2026_04_13_12_00_60000_6,1,1776095859692,1776095859692,0,-11.31064621543143683740618564,-11.31064621543143683740618564,-11.31064621543143683740618564,-11.31064621543143683740618564,2026-04-13 12:00:2026-04-13 15:00:fill-000024:549,2026-04-13 12:00:2026-04-13 15:00:fill-000024:549,US cash open,13:30,8859692,8859692,False,0.04686708918802930653869521897,0.02448840453453869837319550959,0.1112548686034427930734492852
fill,window,2026-04-13 12:00,60000,fill_window_2026_04_13_12_00_60000_7,1,1776096464423,1776096464423,0,-13.18123770862791323461748100,-13.18123770862791323461748100,-13.18123770862791323461748100,-13.18123770862791323461748100,2026-04-13 12:00:2026-04-13 16:00:fill-000006:578,2026-04-13 12:00:2026-04-13 16:00:fill-000006:578,US cash open,13:30,9464423,9464423,False,0.05461812097491329709560867817,0.02853837659906717944667834799,0.1296545609660558279033607733
fill,window,2026-04-13 12:00,60000,fill_window_2026_04_13_12_00_60000_8,1,1776096531420,1776096531420,0,-11.05130534759458757414940889,-11.05130534759458757414940889,-11.05130534759458757414940889,-11.05130534759458757414940889,2026-04-13 12:00:2026-04-13 16:00:fill-000008:588,2026-04-13 12:00:2026-04-13 16:00:fill-000008:588,US cash open,13:30,9531420,9531420,False,0.04579247759188303733026833335,0.02392691194048492421532233115,0.1087039149598457890456182141
fill,window,2026-04-14 12:00,60000,fill_window_2026_04_14_12_00_60000_1,1,1776176261720,1776176261720,0,-16.07416503183875404142080923,-16.07416503183875404142080923,-16.07416503183875404142080923,-16.07416503183875404142080923,2026-04-14 12:00:2026-04-14 14:00:fill-000014:1007,2026-04-14 12:00:2026-04-14 14:00:fill-000014:1007,US cash open,13:30,2861720,2861720,False,0.05606282403629308217589135312,0.03149816219264988379268124774,0.1276235606052996317547378738
fill,window,2026-04-14 12:00,60000,fill_window_2026_04_14_12_00_60000_2,1,1776176791765,1776176791765,0,-14.53296436338778989217795562,-14.53296436338778989217795562,-14.53296436338778989217795562,-14.53296436338778989217795562,2026-04-14 12:00:2026-04-14 14:00:fill-000023:1052,2026-04-14 12:00:2026-04-14 14:00:fill-000023:1052,US cash open,13:30,3391765,3391765,False,0.05068748654853930895801533068,0.02847809934458693002194321717,0.1153869363996017893567185142
fill,window,2026-04-14 12:00,60000,fill_window_2026_04_14_12_00_60000_3,1,1776177162898,1776177162898,0,-21.59841274089354933674934485,-21.59841274089354933674934485,-21.59841274089354933674934485,-21.59841274089354933674934485,2026-04-14 12:00:2026-04-14 14:00:fill-000027:1072,2026-04-14 12:00:2026-04-14 14:00:fill-000027:1072,US cash open,13:30,3762898,3762898,False,0.07533007223439164559293158550,0.04232321282436396435185283848,0.1714842626012522807253506460
fill,window,2026-04-14 12:00,60000,fill_window_2026_04_14_12_00_60000_4,1,1776177600245,1776177600245,0,-17.58817173242033065365084502,-17.58817173242033065365084502,-17.58817173242033065365084502,-17.58817173242033065365084502,2026-04-14 12:00:2026-04-14 14:00:fill-000040:1137,2026-04-14 12:00:2026-04-14 14:00:fill-000040:1137,US cash open,13:30,4200245,4200245,False,0.06134331550047485011886821621,0.03446493704666057700148529732,0.1396442736890447624489867157
fill,window,2026-04-14 12:00,60000,fill_window_2026_04_14_12_00_60000_5,1,1776178434738,1776178434738,0,-13.17690106149329204686365728,-13.17690106149329204686365728,-13.17690106149329204686365728,-13.17690106149329204686365728,2026-04-14 12:00:2026-04-14 14:00:fill-000052:1197,2026-04-14 12:00:2026-04-14 14:00:fill-000052:1197,US cash open,13:30,5034738,5034738,False,0.04595786369561970054297094689,0.02582082279292972960017282308,0.1046202417282980523834152163
fill,window,2026-04-14 12:00,60000,fill_window_2026_04_14_12_00_60000_6,1,1776179095499,1776179095499,0,-14.09244776366703832853865302,-14.09244776366703832853865302,-14.09244776366703832853865302,-14.09244776366703832853865302,2026-04-14 12:00:2026-04-14 15:00:fill-000003:1220,2026-04-14 12:00:2026-04-14 15:00:fill-000003:1220,US cash open,13:30,5695499,5695499,False,0.04915107053151490504389568013,0.02761488416177182495317331821,0.1118893801128059264513224329
fill,window,2026-04-14 12:00,60000,fill_window_2026_04_14_12_00_60000_7,1,1776179579551,1776179579551,0,-16.48932003600471977302526019,-16.48932003600471977302526019,-16.48932003600471977302526019,-16.48932003600471977302526019,2026-04-14 12:00:2026-04-14 15:00:fill-000009:1250,2026-04-14 12:00:2026-04-14 15:00:fill-000009:1250,US cash open,13:30,6179551,6179551,False,0.05751078490394883837573163061,0.03231168001024155546622909551,0.1309197542010367572278544852
fill,window,2026-04-14 12:00,60000,fill_window_2026_04_14_12_00_60000_8,1,1776180125815,1776180125815,0,-12.39744154726479526496510391,-12.39744154726479526496510391,-12.39744154726479526496510391,-12.39744154726479526496510391,2026-04-14 12:00:2026-04-14 15:00:fill-000017:1290,2026-04-14 12:00:2026-04-14 15:00:fill-000017:1290,US cash open,13:30,6725815,6725815,False,0.04323929626128946322214194404,0.02429343134502913626575934749,0.09843159066266079965161411616
fill,window,2026-04-15 12:00,60000,fill_window_2026_04_15_12_00_60000_1,2,1776260268236,1776260268265,29,-35.71001509184497450734672794,-35.71001509184497450734672794,-17.85500754592248725367336397,-17.85500754592248725367336397,2026-04-15 12:00:2026-04-15 13:00:fill-000013:1727,2026-04-15 12:00:2026-04-15 13:00:fill-000014:1732,US cash open,13:30,468236,468236,True,0.1266130628515523297157273214,0.07784833811184075718448202657,0.3144139563377288605459006516
fill,window,2026-04-15 12:00,60000,fill_window_2026_04_15_12_00_60000_2,1,1776261475106,1776261475106,0,-12.16994217520757379581455878,-12.16994217520757379581455878,-12.16994217520757379581455878,-12.16994217520757379581455878,2026-04-15 12:00:2026-04-15 13:00:fill-000030:1810,2026-04-15 12:00:2026-04-15 13:00:fill-000030:1810,US cash open,13:30,1675106,1675106,True,0.04314962201965577671378205429,0.02653064611763404345939243872,0.1071520036568740186126952785
fill,window,2026-04-15 12:00,60000,fill_window_2026_04_15_12_00_60000_3,2,1776262765277,1776262765687,410,-28.82262948165921893075190434,-28.82262948165921893075190434,-14.80156193233219718712431057,-14.02106754932702174362759377,2026-04-15 12:00:2026-04-15 14:00:fill-000010:1860,2026-04-15 12:00:2026-04-15 14:00:fill-000011:1865,US cash open,13:30,2965277,2965277,False,0.1021932191493728083114256766,0.06283374004154165516584269005,0.2537729806071816364721564655
fill,window,2026-04-15 12:00,60000,fill_window_2026_04_15_12_00_60000_4,2,1776262901778,1776262901779,1,-24.96455062091879323102194876,-24.96455062091879323102194876,-12.48227531045939661551097438,-12.48227531045939661551097438,2026-04-15 12:00:2026-04-15 14:00:fill-000012:1870,2026-04-15 12:00:2026-04-15 14:00:fill-000013:1875,US cash open,13:30,3101778,3101778,False,0.08851405435415190500970619593,0.05442307354250521956072405577,0.2198039712032798988736402622
fill,window,2026-04-15 12:00,60000,fill_window_2026_04_15_12_00_60000_5,1,1776264931265,1776264931265,0,-11.90929386705072667523404162,-11.90929386705072667523404162,-11.90929386705072667523404162,-11.90929386705072667523404162,2026-04-15 12:00:2026-04-15 14:00:fill-000035:1985,2026-04-15 12:00:2026-04-15 14:00:fill-000035:1985,US cash open,13:30,5131265,5131265,False,0.04222547005450160496197771629,0.02596242911829966569500651330,0.1048570881949355854956073426
fill,window,2026-04-16 12:00,60000,fill_window_2026_04_16_12_00_60000_1,1,1776346896678,1776346896678,0,-18.59083506256407385084990550,-18.59083506256407385084990550,-18.59083506256407385084990550,-18.59083506256407385084990550,2026-04-16 12:00:2026-04-16 13:00:fill-000016:2450,2026-04-16 12:00:2026-04-16 13:00:fill-000016:2450,US cash open,13:30,696678,696678,True,0.05153342217552653408398816044,0.03142870297299268763593908213,0.1268417624816798906835084962
fill,window,2026-04-16 12:00,60000,fill_window_2026_04_16_12_00_60000_2,1,1776347689092,1776347689092,0,-20.39287517721076827006740959,-20.39287517721076827006740959,-20.39287517721076827006740959,-20.39287517721076827006740959,2026-04-16 12:00:2026-04-16 13:00:fill-000025:2495,2026-04-16 12:00:2026-04-16 13:00:fill-000025:2495,US cash open,13:30,1489092,1489092,True,0.05652864125486326557743801064,0.03447513866660468628191204491,0.1391367424239606532170826917
fill,window,2026-04-16 12:00,60000,fill_window_2026_04_16_12_00_60000_3,3,1776348090183,1776348111687,21504,-45.70660182581364862320782243,-45.70660182581364862320782243,-16.01043598960177470507332898,-14.07467565656405801113734614,2026-04-16 12:00:2026-04-16 14:00:fill-000001:2513,2026-04-16 12:00:2026-04-16 14:00:fill-000003:2523,US cash open,13:30,1890183,1890183,False,0.1266977841593245879605955169,0.07726921398926221511267920024,0.3118475266508534747578708277
fill,window,2026-04-16 12:00,60000,fill_window_2026_04_16_12_00_60000_4,1,1776348342557,1776348342557,0,-17.42230444818219389139449410,-17.42230444818219389139449410,-17.42230444818219389139449410,-17.42230444818219389139449410,2026-04-16 12:00:2026-04-16 14:00:fill-000004:2528,2026-04-16 12:00:2026-04-16 14:00:fill-000004:2528,US cash open,13:30,2142557,2142557,False,0.04829427873343182406731953408,0.02945324563228345625582835532,0.1188690984166609956110843399
fill,window,2026-04-16 12:00,60000,fill_window_2026_04_16_12_00_60000_5,1,1776352199840,1776352199840,0,-21.96085675886433960128859467,-21.96085675886433960128859467,-21.96085675886433960128859467,-21.96085675886433960128859467,2026-04-16 12:00:2026-04-16 15:00:fill-000005:2760,2026-04-16 12:00:2026-04-16 15:00:fill-000005:2760,US cash open,13:30,5999840,5999840,False,0.06087505477200082209287037245,0.03712588712578211169295194296,0.1498347851254551221020780098
fill,window,2026-04-16 12:00,60000,fill_window_2026_04_16_12_00_60000_6,1,1776357201265,1776357201265,0,-22.49367227021565934148918582,-22.49367227021565934148918582,-22.49367227021565934148918582,-22.49367227021565934148918582,2026-04-16 12:00:2026-04-16 16:00:fill-000023:2982,2026-04-16 12:00:2026-04-16 16:00:fill-000023:2982,US cash open,13:30,11001265,11001265,False,0.06235200869019397245057265126,0.03802663743577675329509831771,0.1534700849013898636283756347
fill,window,2026-04-16 17:00,60000,fill_window_2026_04_16_17_00_60000_1,1,1776362341638,1776362341638,0,-12.97447919000120258829339247,-12.97447919000120258829339247,-12.97447919000120258829339247,-12.97447919000120258829339247,2026-04-16 17:00:2026-04-16 17:00:fill-000031:3223,2026-04-16 17:00:2026-04-16 17:00:fill-000031:3223,US cash close,20:00,-7258362,7258362,False,0.03238552901312139545388441340,0.02566194355811802544528394152,0.1331569845247963093706034278
fill,window,2026-04-16 17:00,60000,fill_window_2026_04_16_17_00_60000_2,1,1776362869203,1776362869203,0,-12.67679398515770468152025534,-12.67679398515770468152025534,-12.67679398515770468152025534,-12.67679398515770468152025534,2026-04-16 17:00:2026-04-16 18:00:fill-000004:3244,2026-04-16 17:00:2026-04-16 18:00:fill-000004:3244,US cash close,20:00,-6730797,6730797,False,0.03164247854480928791941864956,0.02507315838894778317757811009,0.1301018434563860870366277731
fill,window,2026-04-16 17:00,60000,fill_window_2026_04_16_17_00_60000_3,1,1776363487509,1776363487509,0,-13.55735485156121687579409789,-13.55735485156121687579409789,-13.55735485156121687579409789,-13.55735485156121687579409789,2026-04-16 17:00:2026-04-16 18:00:fill-000013:3289,2026-04-16 17:00:2026-04-16 18:00:fill-000013:3289,US cash close,20:00,-6112491,6112491,False,0.03384044187490636397583603600,0.02681480080266013986539973200,0.1391390331534642350838894876
fill,window,2026-04-16 17:00,60000,fill_window_2026_04_16_17_00_60000_4,1,1776366939233,1776366939233,0,-11.98729715095360511351173118,-11.98729715095360511351173118,-11.98729715095360511351173118,-11.98729715095360511351173118,2026-04-16 17:00:2026-04-16 19:00:fill-000011:3423,2026-04-16 17:00:2026-04-16 19:00:fill-000011:3423,US cash close,20:00,-2660767,2660767,False,0.02992142913684687479456854658,0.02370941741840598024927117872,0.1230255425168643039701219746
fill,window,2026-04-16 17:00,60000,fill_window_2026_04_16_17_00_60000_5,1,1776370274828,1776370274828,0,-21.07758646163154809102154712,-21.07758646163154809102154712,-21.07758646163154809102154712,-21.07758646163154809102154712,2026-04-16 17:00:2026-04-16 20:00:fill-000003:3540,2026-04-16 17:00:2026-04-16 20:00:fill-000003:3540,US cash close,20:00,674828,674828,True,0.05261165229705686283011660003,0.04168890528851287761340485194,0.2163191148708658189863140331
fill,window,2026-04-16 17:00,60000,fill_window_2026_04_16_17_00_60000_6,2,1776374387781,1776374400329,12548,-25.16395464384799599579137365,-25.16395464384799599579137365,-12.84530669135387920869767384,-12.31864795249411678709369981,2026-04-16 17:00:2026-04-16 21:00:fill-000010:3699,2026-04-16 17:00:2026-04-16 21:00:fill-000011:3704,US cash close,20:00,4787781,4787781,False,0.06281161434450877634549786413,0.04977124509684533994852800487,0.2582574814776232455524433038
fill,window,2026-04-17 12:00,60000,fill_window_2026_04_17_12_00_60000_1,1,1776428857665,1776428857665,0,-15.14470828232511446577999642,-15.14470828232511446577999642,-15.14470828232511446577999642,-15.14470828232511446577999642,2026-04-17 12:00:2026-04-17 12:00:fill-000006:3827,2026-04-17 12:00:2026-04-17 12:00:fill-000006:3827,US cash open,13:30,-3742335,3742335,False,0.05282751682772018942004738131,0.02511599972123161495249731979,0.09955773955605151209626722411
fill,window,2026-04-17 12:00,60000,fill_window_2026_04_17_12_00_60000_2,1,1776429016406,1776429016406,0,-15.10449751322682560341629746,-15.10449751322682560341629746,-15.10449751322682560341629746,-15.10449751322682560341629746,2026-04-17 12:00:2026-04-17 12:00:fill-000008:3837,2026-04-17 12:00:2026-04-17 12:00:fill-000008:3837,US cash open,13:30,-3583594,3583594,False,0.05268725429894804066861256373,0.02504931414058944491421985729,0.09929340344586653894920767932
fill,window,2026-04-17 12:00,60000,fill_window_2026_04_17_12_00_60000_3,1,1776431184739,1776431184739,0,-28.55473758335330615716370540,-28.55473758335330615716370540,-28.55473758335330615716370540,-28.55473758335330615716370540,2026-04-17 12:00:2026-04-17 13:00:fill-000005:3925,2026-04-17 12:00:2026-04-17 13:00:fill-000005:3925,US cash open,13:30,-1415261,1415261,True,0.09960415559514097507445319270,0.04735520604383918059028933774,0.1877121087061593814049322856
fill,window,2026-04-17 12:00,60000,fill_window_2026_04_17_12_00_60000_4,1,1776432699131,1776432699131,0,-20.95207544841191081449181074,-20.95207544841191081449181074,-20.95207544841191081449181074,-20.95207544841191081449181074,2026-04-17 12:00:2026-04-17 13:00:fill-000035:4075,2026-04-17 12:00:2026-04-17 13:00:fill-000035:4075,US cash open,13:30,99131,99131,True,0.07308467734689921749484046040,0.03474694337530988052719269464,0.1377340013267978838275961352
fill,window,2026-04-17 12:00,60000,fill_window_2026_04_17_12_00_60000_5,1,1776432766965,1776432766965,0,-18.99434219602505089739372919,-18.99434219602505089739372919,-18.99434219602505089739372919,-18.99434219602505089739372919,2026-04-17 12:00:2026-04-17 13:00:fill-000037:4085,2026-04-17 12:00:2026-04-17 13:00:fill-000037:4085,US cash open,13:30,166965,166965,True,0.06625574512802281865066978281,0.03150023654513742958981651288,0.1248643247620255717671747814
fill,window,2026-04-17 12:00,60000,fill_window_2026_04_17_12_00_60000_6,1,1776433610562,1776433610562,0,-19.16683883266317028254277114,-19.16683883266317028254277114,-19.16683883266317028254277114,-19.16683883266317028254277114,2026-04-17 12:00:2026-04-17 13:00:fill-000044:4120,2026-04-17 12:00:2026-04-17 13:00:fill-000044:4120,US cash open,13:30,1010562,1010562,True,0.06685744499604605176071670043,0.03178630514394778946941727945,0.1259982769586984662929231702
fill,window,2026-04-17 12:00,60000,fill_window_2026_04_17_12_00_60000_7,2,1776433876977,1776433904993,28016,-34.20264888562426599141481977,-34.20264888562426599141481977,-19.34765997502964461706462834,-14.85498891059462137435019143,2026-04-17 12:00:2026-04-17 13:00:fill-000046:4130,2026-04-17 12:00:2026-04-17 13:00:fill-000047:4135,US cash open,13:30,1276977,1276977,True,0.1193051048508227238561220437,0.05672170793010728146003551779,0.2248401452444006456618987244
fill,pooled,pooled,120000,fill_pooled_pooled_120000_1,1,1776088384374,1776088384374,0,-12.48544420814777097996035098,-12.48544420814777097996035098,-12.48544420814777097996035098,-12.48544420814777097996035098,2026-04-13 12:00:2026-04-13 13:00:fill-000019:157,2026-04-13 12:00:2026-04-13 13:00:fill-000019:157,US cash open,13:30,1384374,1384374,True,0.006719276615919146884417540194,0.003987663172371735264692146825,0.01696143355577062784312752555
fill,pooled,pooled,120000,fill_pooled_pooled_120000_2,1,1776088868432,1776088868432,0,-15.37399469348315925761744351,-15.37399469348315925761744351,-15.37399469348315925761744351,-15.37399469348315925761744351,2026-04-13 12:00:2026-04-13 14:00:fill-000003:189,2026-04-13 12:00:2026-04-13 14:00:fill-000003:189,US cash open,13:30,1868432,1868432,False,0.008273804384931164960729682611,0.004910222770563013526217651792,0.02088551958048191791936486258
fill,pooled,pooled,120000,fill_pooled_pooled_120000_3,1,1776092285697,1776092285697,0,-14.27265142592461349289994131,-14.27265142592461349289994131,-14.27265142592461349289994131,-14.27265142592461349289994131,2026-04-13 12:00:2026-04-13 14:00:fill-000052:432,2026-04-13 12:00:2026-04-13 14:00:fill-000052:432,US cash open,13:30,5285697,5285697,False,0.007681095792394515999254926059,0.004558470288635557171357182055,0.01938934849170326417556791834
fill,pooled,pooled,120000,fill_pooled_pooled_120000_4,1,1776094200378,1776094200378,0,-12.85096693207311306578668048,-12.85096693207311306578668048,-12.85096693207311306578668048,-12.85096693207311306578668048,2026-04-13 12:00:2026-04-13 15:00:fill-000010:483,2026-04-13 12:00:2026-04-13 15:00:fill-000010:483,US cash open,13:30,7200378,7200378,False,0.006915989544230968522879220905,0.004104405635079701774197641701,0.01745799493489545803244018920
fill,pooled,pooled,120000,fill_pooled_pooled_120000_5,1,1776096464423,1776096464423,0,-13.18123770862791323461748100,-13.18123770862791323461748100,-13.18123770862791323461748100,-13.18123770862791323461748100,2026-04-13 12:00:2026-04-13 16:00:fill-000006:578,2026-04-13 12:00:2026-04-13 16:00:fill-000006:578,US cash open,13:30,9464423,9464423,False,0.007093730974077567807802265593,0.004209889155779648949387897927,0.01790666666323423321581921203
fill,pooled,pooled,120000,fill_pooled_pooled_120000_6,1,1776176261720,1776176261720,0,-16.07416503183875404142080923,-16.07416503183875404142080923,-16.07416503183875404142080923,-16.07416503183875404142080923,2026-04-14 12:00:2026-04-14 14:00:fill-000014:1007,2026-04-14 12:00:2026-04-14 14:00:fill-000014:1007,US cash open,13:30,2861720,2861720,False,0.008650614220707995770271962912,0.005133846650186425419625850141,0.02183669860733543353348375934
fill,pooled,pooled,120000,fill_pooled_pooled_120000_7,1,1776176791765,1776176791765,0,-14.53296436338778989217795562,-14.53296436338778989217795562,-14.53296436338778989217795562,-14.53296436338778989217795562,2026-04-14 12:00:2026-04-14 14:00:fill-000023:1052,2026-04-14 12:00:2026-04-14 14:00:fill-000023:1052,US cash open,13:30,3391765,3391765,False,0.007821188095428164127493579462,0.004641610327284435129425751163,0.01974298273321529707085101896
fill,pooled,pooled,120000,fill_pooled_pooled_120000_8,1,1776177162898,1776177162898,0,-21.59841274089354933674934485,-21.59841274089354933674934485,-21.59841274089354933674934485,-21.59841274089354933674934485,2026-04-14 12:00:2026-04-14 14:00:fill-000027:1072,2026-04-14 12:00:2026-04-14 14:00:fill-000027:1072,US cash open,13:30,3762898,3762898,False,0.01162359202055060470287345700,0.006898208316236009865547096178,0.02934137035955107954437552974
fill,pooled,pooled,120000,fill_pooled_pooled_120000_9,1,1776177600245,1776177600245,0,-17.58817173242033065365084502,-17.58817173242033065365084502,-17.58817173242033065365084502,-17.58817173242033065365084502,2026-04-14 12:00:2026-04-14 14:00:fill-000040:1137,2026-04-14 12:00:2026-04-14 14:00:fill-000040:1137,US cash open,13:30,4200245,4200245,False,0.009465405400738575478508072852,0.005617397628588405790553904480,0.02389347156845665757761035322
fill,pooled,pooled,120000,fill_pooled_pooled_120000_10,1,1776178434738,1776178434738,0,-13.17690106149329204686365728,-13.17690106149329204686365728,-13.17690106149329204686365728,-13.17690106149329204686365728,2026-04-14 12:00:2026-04-14 14:00:fill-000052:1197,2026-04-14 12:00:2026-04-14 14:00:fill-000052:1197,US cash open,13:30,5034738,5034738,False,0.007091397125862208577034996518,0.004208504095882539708339661008,0.01790077534282925321296275982
fill,pooled,pooled,120000,fill_pooled_pooled_120000_11,1,1776179095499,1776179095499,0,-14.09244776366703832853865302,-14.09244776366703832853865302,-14.09244776366703832853865302,-14.09244776366703832853865302,2026-04-14 12:00:2026-04-14 15:00:fill-000003:1220,2026-04-14 12:00:2026-04-14 15:00:fill-000003:1220,US cash open,13:30,5695499,5695499,False,0.007584115802437879470823143287,0.004500915948114608198507195188,0.01914454242850418563034085787
fill,pooled,pooled,120000,fill_pooled_pooled_120000_12,1,1776179579551,1776179579551,0,-16.48932003600471977302526019,-16.48932003600471977302526019,-16.48932003600471977302526019,-16.48932003600471977302526019,2026-04-14 12:00:2026-04-14 15:00:fill-000009:1250,2026-04-14 12:00:2026-04-14 15:00:fill-000009:1250,US cash open,13:30,6179551,6179551,False,0.008874037694071785763052133243,0.005266440917025414468940985928,0.02240068527061421954466086370
fill,pooled,pooled,120000,fill_pooled_pooled_120000_13,1,1776180125815,1776180125815,0,-12.39744154726479526496510391,-12.39744154726479526496510391,-12.39744154726479526496510391,-12.39744154726479526496510391,2026-04-14 12:00:2026-04-14 15:00:fill-000017:1290,2026-04-14 12:00:2026-04-14 15:00:fill-000017:1290,US cash open,13:30,6725815,6725815,False,0.006671916328887968564572397507,0.003959556445528588284020077862,0.01684188223982116961090802917
fill,pooled,pooled,120000,fill_pooled_pooled_120000_14,2,1776260268236,1776260268265,29,-35.71001509184497450734672794,-35.71001509184497450734672794,-17.85500754592248725367336397,-17.85500754592248725367336397,2026-04-15 12:00:2026-04-15 13:00:fill-000013:1727,2026-04-15 12:00:2026-04-15 13:00:fill-000014:1732,US cash open,13:30,468236,468236,True,0.01921801622437828592764541548,0.01140524195155681965213796122,0.04851193422983146722771339091
fill,pooled,pooled,120000,fill_pooled_pooled_120000_15,2,1776262765277,1776262765687,410,-28.82262948165921893075190434,-28.82262948165921893075190434,-14.80156193233219718712431057,-14.02106754932702174362759377,2026-04-15 12:00:2026-04-15 14:00:fill-000010:1860,2026-04-15 12:00:2026-04-15 14:00:fill-000011:1865,US cash open,13:30,2965277,2965277,False,0.01551144012633775012430775567,0.009205514533469612591959354801,0.03915544426819262556329607469
fill,pooled,pooled,120000,fill_pooled_pooled_120000_16,2,1776262901778,1776262901779,1,-24.96455062091879323102194876,-24.96455062091879323102194876,-12.48227531045939661551097438,-12.48227531045939661551097438,2026-04-15 12:00:2026-04-15 14:00:fill-000012:1870,2026-04-15 12:00:2026-04-15 14:00:fill-000013:1875,US cash open,13:30,3101778,3101778,False,0.01343514242806058934678042395,0.007973302148183335643404112984,0.03391425723804531370276383399
fill,pooled,pooled,120000,fill_pooled_pooled_120000_17,1,1776346896678,1776346896678,0,-18.59083506256407385084990550,-18.59083506256407385084990550,-18.59083506256407385084990550,-18.59083506256407385084990550,2026-04-16 12:00:2026-04-16 13:00:fill-000016:2450,2026-04-16 12:00:2026-04-16 13:00:fill-000016:2450,US cash open,13:30,696678,696678,True,0.01000500752906957379153454639,0.005937633222071944106058031056,0.02525558629737776478644213062
fill,pooled,pooled,120000,fill_pooled_pooled_120000_18,2,1776347646869,1776347689092,42223,-33.54562642892398808108007033,-33.54562642892398808108007033,-20.39287517721076827006740959,-13.15275125171321981101266074,2026-04-16 12:00:2026-04-16 13:00:fill-000023:2485,2026-04-16 12:00:2026-04-16 13:00:fill-000025:2495,US cash open,13:30,1446869,1446869,True,0.01805320975950017478514122130,0.01071396875230640104081084893,0.04557161958159167682535871964
fill,pooled,pooled,120000,fill_pooled_pooled_120000_19,3,1776348090183,1776348111687,21504,-45.70660182581364862320782243,-45.70660182581364862320782243,-16.01043598960177470507332898,-14.07467565656405801113734614,2026-04-16 12:00:2026-04-16 14:00:fill-000001:2513,2026-04-16 12:00:2026-04-16 14:00:fill-000003:2523,US cash open,13:30,1890183,1890183,False,0.02459786738231541999768931520,0.01459800146446648879180549891,0.06209226335917540870820016879
fill,pooled,pooled,120000,fill_pooled_pooled_120000_20,1,1776348342557,1776348342557,0,-17.42230444818219389139449410,-17.42230444818219389139449410,-17.42230444818219389139449410,-17.42230444818219389139449410,2026-04-16 12:00:2026-04-16 14:00:fill-000004:2528,2026-04-16 12:00:2026-04-16 14:00:fill-000004:2528,US cash open,13:30,2142557,2142557,False,0.009376140802239146893488747802,0.005564422111671987199361209273,0.02366814142611015307416700764
fill,pooled,pooled,120000,fill_pooled_pooled_120000_21,1,1776352199840,1776352199840,0,-21.96085675886433960128859467,-21.96085675886433960128859467,-21.96085675886433960128859467,-21.96085675886433960128859467,2026-04-16 12:00:2026-04-16 15:00:fill-000005:2760,2026-04-16 12:00:2026-04-16 15:00:fill-000005:2760,US cash open,13:30,5999840,5999840,False,0.01181864808535137790429730913,0.007013967486547738183876817533,0.02983374932709204243552949971
fill,pooled,pooled,120000,fill_pooled_pooled_120000_22,1,1776355749920,1776355749920,0,-13.21270565521572190387753296,-13.21270565521572190387753296,-13.21270565521572190387753296,-13.21270565521572190387753296,2026-04-16 12:00:2026-04-16 16:00:fill-000007:2902,2026-04-16 12:00:2026-04-16 16:00:fill-000007:2902,US cash open,13:30,9549920,9549920,False,0.007110666041355388203716464403,0.004219939544826798523115446877,0.01794941576180754195943114440
fill,pooled,pooled,120000,fill_pooled_pooled_120000_23,1,1776357201265,1776357201265,0,-22.49367227021565934148918582,-22.49367227021565934148918582,-22.49367227021565934148918582,-22.49367227021565934148918582,2026-04-16 12:00:2026-04-16 16:00:fill-000023:2982,2026-04-16 12:00:2026-04-16 16:00:fill-000023:2982,US cash open,13:30,11001265,11001265,False,0.01210539277351278071991249992,0.007184140750459128634484606756,0.03055757738980300110686235275
fill,pooled,pooled,120000,fill_pooled_pooled_120000_24,1,1776362341638,1776362341638,0,-12.97447919000120258829339247,-12.97447919000120258829339247,-12.97447919000120258829339247,-12.97447919000120258829339247,2026-04-16 17:00:2026-04-16 17:00:fill-000031:3223,2026-04-16 17:00:2026-04-16 17:00:fill-000031:3223,US cash close,20:00,-7258362,7258362,False,0.006982459988745389581957614011,0.004143853593363389313755920911,0.01762578591783889002403009910
fill,pooled,pooled,120000,fill_pooled_pooled_120000_25,1,1776362869203,1776362869203,0,-12.67679398515770468152025534,-12.67679398515770468152025534,-12.67679398515770468152025534,-12.67679398515770468152025534,2026-04-16 17:00:2026-04-16 18:00:fill-000004:3244,2026-04-16 17:00:2026-04-16 18:00:fill-000004:3244,US cash close,20:00,-6730797,6730797,False,0.006822255097156133680128133613,0.004048777414372521389101029397,0.01722138157800819625643381928
fill,pooled,pooled,120000,fill_pooled_pooled_120000_26,1,1776363487509,1776363487509,0,-13.55735485156121687579409789,-13.55735485156121687579409789,-13.55735485156121687579409789,-13.55735485156121687579409789,2026-04-16 17:00:2026-04-16 18:00:fill-000013:3289,2026-04-16 17:00:2026-04-16 18:00:fill-000013:3289,US cash close,20:00,-6112491,6112491,False,0.007296145488229081893030333441,0.004330015316640954191575218086,0.01841762052460236770360337577
fill,pooled,pooled,120000,fill_pooled_pooled_120000_27,1,1776370274828,1776370274828,0,-21.07758646163154809102154712,-21.07758646163154809102154712,-21.07758646163154809102154712,-21.07758646163154809102154712,2026-04-16 17:00:2026-04-16 20:00:fill-000003:3540,2026-04-16 17:00:2026-04-16 20:00:fill-000003:3540,US cash close,20:00,674828,674828,True,0.01134329956312104993141568142,0.006731864232806351375244390534,0.02863382962791761535752441035
fill,pooled,pooled,120000,fill_pooled_pooled_120000_28,1,1776374400329,1776374400329,0,-12.84530669135387920869767384,-12.84530669135387920869767384,-12.84530669135387920869767384,-12.84530669135387920869767384,2026-04-16 17:00:2026-04-16 21:00:fill-000011:3704,2026-04-16 17:00:2026-04-16 21:00:fill-000011:3704,US cash close,20:00,4800329,4800329,False,0.006912943379235060569958913790,0.004102597839290736712867720855,0.01745030551710075107267834961
fill,pooled,pooled,120000,fill_pooled_pooled_120000_29,2,1776428857665,1776428858783,1118,-29.49536201340588849458529987,-29.49536201340588849458529987,-15.14470828232511446577999642,-14.35065373108077402880530345,2026-04-17 12:00:2026-04-17 12:00:fill-000006:3827,2026-04-17 12:00:2026-04-17 12:00:fill-000007:3832,US cash open,13:30,-3742335,3742335,False,0.01587348379046174124790520783,0.009420375190165507963927423089,0.04006934912794765156587000711
fill,pooled,pooled,120000,fill_pooled_pooled_120000_30,1,1776429016406,1776429016406,0,-15.10449751322682560341629746,-15.10449751322682560341629746,-15.10449751322682560341629746,-15.10449751322682560341629746,2026-04-17 12:00:2026-04-17 12:00:fill-000008:3837,2026-04-17 12:00:2026-04-17 12:00:fill-000008:3837,US cash open,13:30,-3583594,3583594,False,0.008128769408909181044995870548,0.004824149422843041904099662000,0.02051940857632538542216446383
fill,pooled,pooled,120000,fill_pooled_pooled_120000_31,1,1776431184739,1776431184739,0,-28.55473758335330615716370540,-28.55473758335330615716370540,-28.55473758335330615716370540,-28.55473758335330615716370540,2026-04-17 12:00:2026-04-17 13:00:fill-000005:3925,2026-04-17 12:00:2026-04-17 13:00:fill-000005:3925,US cash open,13:30,-1415261,1415261,True,0.01536726906298812280280809799,0.009119953888670598241786089783,0.03879151403411414709565212696
fill,pooled,pooled,120000,fill_pooled_pooled_120000_32,1,1776431690701,1776431690701,0,-12.96195170739327681873808159,-12.96195170739327681873808159,-12.96195170739327681873808159,-12.96195170739327681873808159,2026-04-17 12:00:2026-04-17 13:00:fill-000020:4000,2026-04-17 12:00:2026-04-17 13:00:fill-000020:4000,US cash open,13:30,-909299,909299,True,0.006975718088374008484163606297,0.004139852503758138981384504290,0.01760876737525978483718866033
fill,pooled,pooled,120000,fill_pooled_pooled_120000_33,2,1776432699131,1776432766965,67834,-39.94641764443696171188553993,-39.94641764443696171188553993,-20.95207544841191081449181074,-18.99434219602505089739372919,2026-04-17 12:00:2026-04-17 13:00:fill-000035:4075,2026-04-17 12:00:2026-04-17 13:00:fill-000037:4085,US cash open,13:30,99131,99131,True,0.02149791593260616161566227785,0.01275828523625536437290711790,0.05426707271055885083637951116
fill,pooled,pooled,120000,fill_pooled_pooled_120000_34,1,1776433610562,1776433610562,0,-19.16683883266317028254277114,-19.16683883266317028254277114,-19.16683883266317028254277114,-19.16683883266317028254277114,2026-04-17 12:00:2026-04-17 13:00:fill-000044:4120,2026-04-17 12:00:2026-04-17 13:00:fill-000044:4120,US cash open,13:30,1010562,1010562,True,0.01031499479092305448231493514,0.006121600166529756989780211360,0.02603808546292876540216402005
fill,pooled,pooled,120000,fill_pooled_pooled_120000_35,2,1776433876977,1776433904993,28016,-34.20264888562426599141481977,-34.20264888562426599141481977,-19.34765997502964461706462834,-14.85498891059462137435019143,2026-04-17 12:00:2026-04-17 13:00:fill-000046:4130,2026-04-17 12:00:2026-04-17 13:00:fill-000047:4135,US cash open,13:30,1276977,1276977,True,0.01840679875127661197789662789,0.01092381184721968797080070193,0.04646418235774813516262075680
fill,pooled,pooled,120000,fill_pooled_pooled_120000_36,1,1776437143765,1776437143765,0,-12.40183670367521020407469306,-12.40183670367521020407469306,-12.40183670367521020407469306,-12.40183670367521020407469306,2026-04-17 12:00:2026-04-17 14:00:fill-000025:4265,2026-04-17 12:00:2026-04-17 14:00:fill-000025:4265,US cash open,13:30,4543765,4543765,False,0.006674281664970487440467567626,0.003960960192408750368799098027,0.01684785304487861591125010046
fill,pooled,pooled,120000,fill_pooled_pooled_120000_37,1,1776440966015,1776440966015,0,-14.59811046375889944699657692,-14.59811046375889944699657692,-14.59811046375889944699657692,-14.59811046375889944699657692,2026-04-17 12:00:2026-04-17 15:00:fill-000024:4418,2026-04-17 12:00:2026-04-17 15:00:fill-000024:4418,US cash open,13:30,8366015,8366015,False,0.007856247694553701087096489467,0.004662417012328446467268410877,0.01983148348933105105116309660
fill,window,2026-04-13 12:00,120000,fill_window_2026_04_13_12_00_120000_1,1,1776088384374,1776088384374,0,-12.48544420814777097996035098,-12.48544420814777097996035098,-12.48544420814777097996035098,-12.48544420814777097996035098,2026-04-13 12:00:2026-04-13 13:00:fill-000019:157,2026-04-13 12:00:2026-04-13 13:00:fill-000019:157,US cash open,13:30,1384374,1384374,True,0.05173501284631111005264805364,0.02703193104434601327970653451,0.1228105298650357550761728769
fill,window,2026-04-13 12:00,120000,fill_window_2026_04_13_12_00_120000_2,1,1776088868432,1776088868432,0,-15.37399469348315925761744351,-15.37399469348315925761744351,-15.37399469348315925761744351,-15.37399469348315925761744351,2026-04-13 12:00:2026-04-13 14:00:fill-000003:189,2026-04-13 12:00:2026-04-13 14:00:fill-000003:189,US cash open,13:30,1868432,1868432,False,0.06370408611072273879195749502,0.03328586131994989082147317326,0.1512231685931352770510740806
fill,window,2026-04-13 12:00,120000,fill_window_2026_04_13_12_00_120000_3,2,1776092206124,1776092285697,79573,-25.41068581476192969711611411,-25.41068581476192969711611411,-14.27265142592461349289994131,-11.13803438883731620421617280,2026-04-13 12:00:2026-04-13 14:00:fill-000051:428,2026-04-13 12:00:2026-04-13 14:00:fill-000052:432,US cash open,13:30,5206124,5206124,False,0.1052923816841362934621733609,0.05501605672034701378179886054,0.2499470372955052066899018249
fill,window,2026-04-13 12:00,120000,fill_window_2026_04_13_12_00_120000_4,1,1776094200378,1776094200378,0,-12.85096693207311306578668048,-12.85096693207311306578668048,-12.85096693207311306578668048,-12.85096693207311306578668048,2026-04-13 12:00:2026-04-13 15:00:fill-000010:483,2026-04-13 12:00:2026-04-13 15:00:fill-000010:483,US cash open,13:30,7200378,7200378,False,0.05324960235571404132343043203,0.02782331538787168084037752250,0.1264059197169793511604229451
fill,window,2026-04-13 12:00,120000,fill_window_2026_04_13_12_00_120000_5,1,1776095859692,1776095859692,0,-11.31064621543143683740618564,-11.31064621543143683740618564,-11.31064621543143683740618564,-11.31064621543143683740618564,2026-04-13 12:00:2026-04-13 15:00:fill-000024:549,2026-04-13 12:00:2026-04-13 15:00:fill-000024:549,US cash open,13:30,8859692,8859692,False,0.04686708918802930653869521897,0.02448840453453869837319550959,0.1112548686034427930734492852
fill,window,2026-04-13 12:00,120000,fill_window_2026_04_13_12_00_120000_6,2,1776096464423,1776096531420,66997,-24.23254305622250080876688989,-24.23254305622250080876688989,-13.18123770862791323461748100,-11.05130534759458757414940889,2026-04-13 12:00:2026-04-13 16:00:fill-000006:578,2026-04-13 12:00:2026-04-13 16:00:fill-000008:588,US cash open,13:30,9464423,9464423,False,0.1004105985667963344258770115,0.05246528853955210366200067914,0.2383584759259016169489789874
fill,window,2026-04-14 12:00,120000,fill_window_2026_04_14_12_00_120000_1,1,1776176261720,1776176261720,0,-16.07416503183875404142080923,-16.07416503183875404142080923,-16.07416503183875404142080923,-16.07416503183875404142080923,2026-04-14 12:00:2026-04-14 14:00:fill-000014:1007,2026-04-14 12:00:2026-04-14 14:00:fill-000014:1007,US cash open,13:30,2861720,2861720,False,0.05606282403629308217589135312,0.03149816219264988379268124774,0.1276235606052996317547378738
fill,window,2026-04-14 12:00,120000,fill_window_2026_04_14_12_00_120000_2,1,1776176791765,1776176791765,0,-14.53296436338778989217795562,-14.53296436338778989217795562,-14.53296436338778989217795562,-14.53296436338778989217795562,2026-04-14 12:00:2026-04-14 14:00:fill-000023:1052,2026-04-14 12:00:2026-04-14 14:00:fill-000023:1052,US cash open,13:30,3391765,3391765,False,0.05068748654853930895801533068,0.02847809934458693002194321717,0.1153869363996017893567185142
fill,window,2026-04-14 12:00,120000,fill_window_2026_04_14_12_00_120000_3,1,1776177162898,1776177162898,0,-21.59841274089354933674934485,-21.59841274089354933674934485,-21.59841274089354933674934485,-21.59841274089354933674934485,2026-04-14 12:00:2026-04-14 14:00:fill-000027:1072,2026-04-14 12:00:2026-04-14 14:00:fill-000027:1072,US cash open,13:30,3762898,3762898,False,0.07533007223439164559293158550,0.04232321282436396435185283848,0.1714842626012522807253506460
fill,window,2026-04-14 12:00,120000,fill_window_2026_04_14_12_00_120000_4,1,1776177600245,1776177600245,0,-17.58817173242033065365084502,-17.58817173242033065365084502,-17.58817173242033065365084502,-17.58817173242033065365084502,2026-04-14 12:00:2026-04-14 14:00:fill-000040:1137,2026-04-14 12:00:2026-04-14 14:00:fill-000040:1137,US cash open,13:30,4200245,4200245,False,0.06134331550047485011886821621,0.03446493704666057700148529732,0.1396442736890447624489867157
fill,window,2026-04-14 12:00,120000,fill_window_2026_04_14_12_00_120000_5,1,1776178434738,1776178434738,0,-13.17690106149329204686365728,-13.17690106149329204686365728,-13.17690106149329204686365728,-13.17690106149329204686365728,2026-04-14 12:00:2026-04-14 14:00:fill-000052:1197,2026-04-14 12:00:2026-04-14 14:00:fill-000052:1197,US cash open,13:30,5034738,5034738,False,0.04595786369561970054297094689,0.02582082279292972960017282308,0.1046202417282980523834152163
fill,window,2026-04-14 12:00,120000,fill_window_2026_04_14_12_00_120000_6,1,1776179095499,1776179095499,0,-14.09244776366703832853865302,-14.09244776366703832853865302,-14.09244776366703832853865302,-14.09244776366703832853865302,2026-04-14 12:00:2026-04-14 15:00:fill-000003:1220,2026-04-14 12:00:2026-04-14 15:00:fill-000003:1220,US cash open,13:30,5695499,5695499,False,0.04915107053151490504389568013,0.02761488416177182495317331821,0.1118893801128059264513224329
fill,window,2026-04-14 12:00,120000,fill_window_2026_04_14_12_00_120000_7,1,1776179579551,1776179579551,0,-16.48932003600471977302526019,-16.48932003600471977302526019,-16.48932003600471977302526019,-16.48932003600471977302526019,2026-04-14 12:00:2026-04-14 15:00:fill-000009:1250,2026-04-14 12:00:2026-04-14 15:00:fill-000009:1250,US cash open,13:30,6179551,6179551,False,0.05751078490394883837573163061,0.03231168001024155546622909551,0.1309197542010367572278544852
fill,window,2026-04-14 12:00,120000,fill_window_2026_04_14_12_00_120000_8,1,1776180125815,1776180125815,0,-12.39744154726479526496510391,-12.39744154726479526496510391,-12.39744154726479526496510391,-12.39744154726479526496510391,2026-04-14 12:00:2026-04-14 15:00:fill-000017:1290,2026-04-14 12:00:2026-04-14 15:00:fill-000017:1290,US cash open,13:30,6725815,6725815,False,0.04323929626128946322214194404,0.02429343134502913626575934749,0.09843159066266079965161411616
fill,window,2026-04-15 12:00,120000,fill_window_2026_04_15_12_00_120000_1,2,1776260268236,1776260268265,29,-35.71001509184497450734672794,-35.71001509184497450734672794,-17.85500754592248725367336397,-17.85500754592248725367336397,2026-04-15 12:00:2026-04-15 13:00:fill-000013:1727,2026-04-15 12:00:2026-04-15 13:00:fill-000014:1732,US cash open,13:30,468236,468236,True,0.1266130628515523297157273214,0.07784833811184075718448202657,0.3144139563377288605459006516
fill,window,2026-04-15 12:00,120000,fill_window_2026_04_15_12_00_120000_2,1,1776261475106,1776261475106,0,-12.16994217520757379581455878,-12.16994217520757379581455878,-12.16994217520757379581455878,-12.16994217520757379581455878,2026-04-15 12:00:2026-04-15 13:00:fill-000030:1810,2026-04-15 12:00:2026-04-15 13:00:fill-000030:1810,US cash open,13:30,1675106,1675106,True,0.04314962201965577671378205429,0.02653064611763404345939243872,0.1071520036568740186126952785
fill,window,2026-04-15 12:00,120000,fill_window_2026_04_15_12_00_120000_3,2,1776262765277,1776262765687,410,-28.82262948165921893075190434,-28.82262948165921893075190434,-14.80156193233219718712431057,-14.02106754932702174362759377,2026-04-15 12:00:2026-04-15 14:00:fill-000010:1860,2026-04-15 12:00:2026-04-15 14:00:fill-000011:1865,US cash open,13:30,2965277,2965277,False,0.1021932191493728083114256766,0.06283374004154165516584269005,0.2537729806071816364721564655
fill,window,2026-04-15 12:00,120000,fill_window_2026_04_15_12_00_120000_4,2,1776262901778,1776262901779,1,-24.96455062091879323102194876,-24.96455062091879323102194876,-12.48227531045939661551097438,-12.48227531045939661551097438,2026-04-15 12:00:2026-04-15 14:00:fill-000012:1870,2026-04-15 12:00:2026-04-15 14:00:fill-000013:1875,US cash open,13:30,3101778,3101778,False,0.08851405435415190500970619593,0.05442307354250521956072405577,0.2198039712032798988736402622
fill,window,2026-04-15 12:00,120000,fill_window_2026_04_15_12_00_120000_5,1,1776264931265,1776264931265,0,-11.90929386705072667523404162,-11.90929386705072667523404162,-11.90929386705072667523404162,-11.90929386705072667523404162,2026-04-15 12:00:2026-04-15 14:00:fill-000035:1985,2026-04-15 12:00:2026-04-15 14:00:fill-000035:1985,US cash open,13:30,5131265,5131265,False,0.04222547005450160496197771629,0.02596242911829966569500651330,0.1048570881949355854956073426
fill,window,2026-04-16 12:00,120000,fill_window_2026_04_16_12_00_120000_1,1,1776346896678,1776346896678,0,-18.59083506256407385084990550,-18.59083506256407385084990550,-18.59083506256407385084990550,-18.59083506256407385084990550,2026-04-16 12:00:2026-04-16 13:00:fill-000016:2450,2026-04-16 12:00:2026-04-16 13:00:fill-000016:2450,US cash open,13:30,696678,696678,True,0.05153342217552653408398816044,0.03142870297299268763593908213,0.1268417624816798906835084962
fill,window,2026-04-16 12:00,120000,fill_window_2026_04_16_12_00_120000_2,1,1776347689092,1776347689092,0,-20.39287517721076827006740959,-20.39287517721076827006740959,-20.39287517721076827006740959,-20.39287517721076827006740959,2026-04-16 12:00:2026-04-16 13:00:fill-000025:2495,2026-04-16 12:00:2026-04-16 13:00:fill-000025:2495,US cash open,13:30,1489092,1489092,True,0.05652864125486326557743801064,0.03447513866660468628191204491,0.1391367424239606532170826917
fill,window,2026-04-16 12:00,120000,fill_window_2026_04_16_12_00_120000_3,3,1776348090183,1776348111687,21504,-45.70660182581364862320782243,-45.70660182581364862320782243,-16.01043598960177470507332898,-14.07467565656405801113734614,2026-04-16 12:00:2026-04-16 14:00:fill-000001:2513,2026-04-16 12:00:2026-04-16 14:00:fill-000003:2523,US cash open,13:30,1890183,1890183,False,0.1266977841593245879605955169,0.07726921398926221511267920024,0.3118475266508534747578708277
fill,window,2026-04-16 12:00,120000,fill_window_2026_04_16_12_00_120000_4,1,1776348342557,1776348342557,0,-17.42230444818219389139449410,-17.42230444818219389139449410,-17.42230444818219389139449410,-17.42230444818219389139449410,2026-04-16 12:00:2026-04-16 14:00:fill-000004:2528,2026-04-16 12:00:2026-04-16 14:00:fill-000004:2528,US cash open,13:30,2142557,2142557,False,0.04829427873343182406731953408,0.02945324563228345625582835532,0.1188690984166609956110843399
fill,window,2026-04-16 12:00,120000,fill_window_2026_04_16_12_00_120000_5,1,1776352199840,1776352199840,0,-21.96085675886433960128859467,-21.96085675886433960128859467,-21.96085675886433960128859467,-21.96085675886433960128859467,2026-04-16 12:00:2026-04-16 15:00:fill-000005:2760,2026-04-16 12:00:2026-04-16 15:00:fill-000005:2760,US cash open,13:30,5999840,5999840,False,0.06087505477200082209287037245,0.03712588712578211169295194296,0.1498347851254551221020780098
fill,window,2026-04-16 12:00,120000,fill_window_2026_04_16_12_00_120000_6,1,1776357201265,1776357201265,0,-22.49367227021565934148918582,-22.49367227021565934148918582,-22.49367227021565934148918582,-22.49367227021565934148918582,2026-04-16 12:00:2026-04-16 16:00:fill-000023:2982,2026-04-16 12:00:2026-04-16 16:00:fill-000023:2982,US cash open,13:30,11001265,11001265,False,0.06235200869019397245057265126,0.03802663743577675329509831771,0.1534700849013898636283756347
fill,window,2026-04-16 17:00,120000,fill_window_2026_04_16_17_00_120000_1,1,1776362341638,1776362341638,0,-12.97447919000120258829339247,-12.97447919000120258829339247,-12.97447919000120258829339247,-12.97447919000120258829339247,2026-04-16 17:00:2026-04-16 17:00:fill-000031:3223,2026-04-16 17:00:2026-04-16 17:00:fill-000031:3223,US cash close,20:00,-7258362,7258362,False,0.03238552901312139545388441340,0.02566194355811802544528394152,0.1331569845247963093706034278
fill,window,2026-04-16 17:00,120000,fill_window_2026_04_16_17_00_120000_2,1,1776362869203,1776362869203,0,-12.67679398515770468152025534,-12.67679398515770468152025534,-12.67679398515770468152025534,-12.67679398515770468152025534,2026-04-16 17:00:2026-04-16 18:00:fill-000004:3244,2026-04-16 17:00:2026-04-16 18:00:fill-000004:3244,US cash close,20:00,-6730797,6730797,False,0.03164247854480928791941864956,0.02507315838894778317757811009,0.1301018434563860870366277731
fill,window,2026-04-16 17:00,120000,fill_window_2026_04_16_17_00_120000_3,1,1776363487509,1776363487509,0,-13.55735485156121687579409789,-13.55735485156121687579409789,-13.55735485156121687579409789,-13.55735485156121687579409789,2026-04-16 17:00:2026-04-16 18:00:fill-000013:3289,2026-04-16 17:00:2026-04-16 18:00:fill-000013:3289,US cash close,20:00,-6112491,6112491,False,0.03384044187490636397583603600,0.02681480080266013986539973200,0.1391390331534642350838894876
fill,window,2026-04-16 17:00,120000,fill_window_2026_04_16_17_00_120000_4,1,1776366939233,1776366939233,0,-11.98729715095360511351173118,-11.98729715095360511351173118,-11.98729715095360511351173118,-11.98729715095360511351173118,2026-04-16 17:00:2026-04-16 19:00:fill-000011:3423,2026-04-16 17:00:2026-04-16 19:00:fill-000011:3423,US cash close,20:00,-2660767,2660767,False,0.02992142913684687479456854658,0.02370941741840598024927117872,0.1230255425168643039701219746
fill,window,2026-04-16 17:00,120000,fill_window_2026_04_16_17_00_120000_5,1,1776370274828,1776370274828,0,-21.07758646163154809102154712,-21.07758646163154809102154712,-21.07758646163154809102154712,-21.07758646163154809102154712,2026-04-16 17:00:2026-04-16 20:00:fill-000003:3540,2026-04-16 17:00:2026-04-16 20:00:fill-000003:3540,US cash close,20:00,674828,674828,True,0.05261165229705686283011660003,0.04168890528851287761340485194,0.2163191148708658189863140331
fill,window,2026-04-16 17:00,120000,fill_window_2026_04_16_17_00_120000_6,2,1776374387781,1776374400329,12548,-25.16395464384799599579137365,-25.16395464384799599579137365,-12.84530669135387920869767384,-12.31864795249411678709369981,2026-04-16 17:00:2026-04-16 21:00:fill-000010:3699,2026-04-16 17:00:2026-04-16 21:00:fill-000011:3704,US cash close,20:00,4787781,4787781,False,0.06281161434450877634549786413,0.04977124509684533994852800487,0.2582574814776232455524433038
fill,window,2026-04-17 12:00,120000,fill_window_2026_04_17_12_00_120000_1,1,1776428857665,1776428857665,0,-15.14470828232511446577999642,-15.14470828232511446577999642,-15.14470828232511446577999642,-15.14470828232511446577999642,2026-04-17 12:00:2026-04-17 12:00:fill-000006:3827,2026-04-17 12:00:2026-04-17 12:00:fill-000006:3827,US cash open,13:30,-3742335,3742335,False,0.05282751682772018942004738131,0.02511599972123161495249731979,0.09955773955605151209626722411
fill,window,2026-04-17 12:00,120000,fill_window_2026_04_17_12_00_120000_2,1,1776429016406,1776429016406,0,-15.10449751322682560341629746,-15.10449751322682560341629746,-15.10449751322682560341629746,-15.10449751322682560341629746,2026-04-17 12:00:2026-04-17 12:00:fill-000008:3837,2026-04-17 12:00:2026-04-17 12:00:fill-000008:3837,US cash open,13:30,-3583594,3583594,False,0.05268725429894804066861256373,0.02504931414058944491421985729,0.09929340344586653894920767932
fill,window,2026-04-17 12:00,120000,fill_window_2026_04_17_12_00_120000_3,1,1776431184739,1776431184739,0,-28.55473758335330615716370540,-28.55473758335330615716370540,-28.55473758335330615716370540,-28.55473758335330615716370540,2026-04-17 12:00:2026-04-17 13:00:fill-000005:3925,2026-04-17 12:00:2026-04-17 13:00:fill-000005:3925,US cash open,13:30,-1415261,1415261,True,0.09960415559514097507445319270,0.04735520604383918059028933774,0.1877121087061593814049322856
fill,window,2026-04-17 12:00,120000,fill_window_2026_04_17_12_00_120000_4,2,1776432699131,1776432766965,67834,-39.94641764443696171188553993,-39.94641764443696171188553993,-20.95207544841191081449181074,-18.99434219602505089739372919,2026-04-17 12:00:2026-04-17 13:00:fill-000035:4075,2026-04-17 12:00:2026-04-17 13:00:fill-000037:4085,US cash open,13:30,99131,99131,True,0.1393404224749220361455102432,0.06624717992044731011700920752,0.2625983260888234555947709166
fill,window,2026-04-17 12:00,120000,fill_window_2026_04_17_12_00_120000_5,1,1776433610562,1776433610562,0,-19.16683883266317028254277114,-19.16683883266317028254277114,-19.16683883266317028254277114,-19.16683883266317028254277114,2026-04-17 12:00:2026-04-17 13:00:fill-000044:4120,2026-04-17 12:00:2026-04-17 13:00:fill-000044:4120,US cash open,13:30,1010562,1010562,True,0.06685744499604605176071670043,0.03178630514394778946941727945,0.1259982769586984662929231702
fill,window,2026-04-17 12:00,120000,fill_window_2026_04_17_12_00_120000_6,2,1776433876977,1776433904993,28016,-34.20264888562426599141481977,-34.20264888562426599141481977,-19.34765997502964461706462834,-14.85498891059462137435019143,2026-04-17 12:00:2026-04-17 13:00:fill-000046:4130,2026-04-17 12:00:2026-04-17 13:00:fill-000047:4135,US cash open,13:30,1276977,1276977,True,0.1193051048508227238561220437,0.05672170793010728146003551779,0.2248401452444006456618987244
fill,pooled,pooled,300000,fill_pooled_pooled_300000_1,1,1776088384374,1776088384374,0,-12.48544420814777097996035098,-12.48544420814777097996035098,-12.48544420814777097996035098,-12.48544420814777097996035098,2026-04-13 12:00:2026-04-13 13:00:fill-000019:157,2026-04-13 12:00:2026-04-13 13:00:fill-000019:157,US cash open,13:30,1384374,1384374,True,0.006719276615919146884417540194,0.003987663172371735264692146825,0.01696143355577062784312752555
fill,pooled,pooled,300000,fill_pooled_pooled_300000_2,1,1776088868432,1776088868432,0,-15.37399469348315925761744351,-15.37399469348315925761744351,-15.37399469348315925761744351,-15.37399469348315925761744351,2026-04-13 12:00:2026-04-13 14:00:fill-000003:189,2026-04-13 12:00:2026-04-13 14:00:fill-000003:189,US cash open,13:30,1868432,1868432,False,0.008273804384931164960729682611,0.004910222770563013526217651792,0.02088551958048191791936486258
fill,pooled,pooled,300000,fill_pooled_pooled_300000_3,1,1776092285697,1776092285697,0,-14.27265142592461349289994131,-14.27265142592461349289994131,-14.27265142592461349289994131,-14.27265142592461349289994131,2026-04-13 12:00:2026-04-13 14:00:fill-000052:432,2026-04-13 12:00:2026-04-13 14:00:fill-000052:432,US cash open,13:30,5285697,5285697,False,0.007681095792394515999254926059,0.004558470288635557171357182055,0.01938934849170326417556791834
fill,pooled,pooled,300000,fill_pooled_pooled_300000_4,1,1776094200378,1776094200378,0,-12.85096693207311306578668048,-12.85096693207311306578668048,-12.85096693207311306578668048,-12.85096693207311306578668048,2026-04-13 12:00:2026-04-13 15:00:fill-000010:483,2026-04-13 12:00:2026-04-13 15:00:fill-000010:483,US cash open,13:30,7200378,7200378,False,0.006915989544230968522879220905,0.004104405635079701774197641701,0.01745799493489545803244018920
fill,pooled,pooled,300000,fill_pooled_pooled_300000_5,1,1776096464423,1776096464423,0,-13.18123770862791323461748100,-13.18123770862791323461748100,-13.18123770862791323461748100,-13.18123770862791323461748100,2026-04-13 12:00:2026-04-13 16:00:fill-000006:578,2026-04-13 12:00:2026-04-13 16:00:fill-000006:578,US cash open,13:30,9464423,9464423,False,0.007093730974077567807802265593,0.004209889155779648949387897927,0.01790666666323423321581921203
fill,pooled,pooled,300000,fill_pooled_pooled_300000_6,1,1776176261720,1776176261720,0,-16.07416503183875404142080923,-16.07416503183875404142080923,-16.07416503183875404142080923,-16.07416503183875404142080923,2026-04-14 12:00:2026-04-14 14:00:fill-000014:1007,2026-04-14 12:00:2026-04-14 14:00:fill-000014:1007,US cash open,13:30,2861720,2861720,False,0.008650614220707995770271962912,0.005133846650186425419625850141,0.02183669860733543353348375934
fill,pooled,pooled,300000,fill_pooled_pooled_300000_7,1,1776176791765,1776176791765,0,-14.53296436338778989217795562,-14.53296436338778989217795562,-14.53296436338778989217795562,-14.53296436338778989217795562,2026-04-14 12:00:2026-04-14 14:00:fill-000023:1052,2026-04-14 12:00:2026-04-14 14:00:fill-000023:1052,US cash open,13:30,3391765,3391765,False,0.007821188095428164127493579462,0.004641610327284435129425751163,0.01974298273321529707085101896
fill,pooled,pooled,300000,fill_pooled_pooled_300000_8,1,1776177162898,1776177162898,0,-21.59841274089354933674934485,-21.59841274089354933674934485,-21.59841274089354933674934485,-21.59841274089354933674934485,2026-04-14 12:00:2026-04-14 14:00:fill-000027:1072,2026-04-14 12:00:2026-04-14 14:00:fill-000027:1072,US cash open,13:30,3762898,3762898,False,0.01162359202055060470287345700,0.006898208316236009865547096178,0.02934137035955107954437552974
fill,pooled,pooled,300000,fill_pooled_pooled_300000_9,1,1776177600245,1776177600245,0,-17.58817173242033065365084502,-17.58817173242033065365084502,-17.58817173242033065365084502,-17.58817173242033065365084502,2026-04-14 12:00:2026-04-14 14:00:fill-000040:1137,2026-04-14 12:00:2026-04-14 14:00:fill-000040:1137,US cash open,13:30,4200245,4200245,False,0.009465405400738575478508072852,0.005617397628588405790553904480,0.02389347156845665757761035322
fill,pooled,pooled,300000,fill_pooled_pooled_300000_10,1,1776178434738,1776178434738,0,-13.17690106149329204686365728,-13.17690106149329204686365728,-13.17690106149329204686365728,-13.17690106149329204686365728,2026-04-14 12:00:2026-04-14 14:00:fill-000052:1197,2026-04-14 12:00:2026-04-14 14:00:fill-000052:1197,US cash open,13:30,5034738,5034738,False,0.007091397125862208577034996518,0.004208504095882539708339661008,0.01790077534282925321296275982
fill,pooled,pooled,300000,fill_pooled_pooled_300000_11,1,1776179095499,1776179095499,0,-14.09244776366703832853865302,-14.09244776366703832853865302,-14.09244776366703832853865302,-14.09244776366703832853865302,2026-04-14 12:00:2026-04-14 15:00:fill-000003:1220,2026-04-14 12:00:2026-04-14 15:00:fill-000003:1220,US cash open,13:30,5695499,5695499,False,0.007584115802437879470823143287,0.004500915948114608198507195188,0.01914454242850418563034085787
fill,pooled,pooled,300000,fill_pooled_pooled_300000_12,1,1776179579551,1776179579551,0,-16.48932003600471977302526019,-16.48932003600471977302526019,-16.48932003600471977302526019,-16.48932003600471977302526019,2026-04-14 12:00:2026-04-14 15:00:fill-000009:1250,2026-04-14 12:00:2026-04-14 15:00:fill-000009:1250,US cash open,13:30,6179551,6179551,False,0.008874037694071785763052133243,0.005266440917025414468940985928,0.02240068527061421954466086370
fill,pooled,pooled,300000,fill_pooled_pooled_300000_13,1,1776180125815,1776180125815,0,-12.39744154726479526496510391,-12.39744154726479526496510391,-12.39744154726479526496510391,-12.39744154726479526496510391,2026-04-14 12:00:2026-04-14 15:00:fill-000017:1290,2026-04-14 12:00:2026-04-14 15:00:fill-000017:1290,US cash open,13:30,6725815,6725815,False,0.006671916328887968564572397507,0.003959556445528588284020077862,0.01684188223982116961090802917
fill,pooled,pooled,300000,fill_pooled_pooled_300000_14,2,1776260268236,1776260268265,29,-35.71001509184497450734672794,-35.71001509184497450734672794,-17.85500754592248725367336397,-17.85500754592248725367336397,2026-04-15 12:00:2026-04-15 13:00:fill-000013:1727,2026-04-15 12:00:2026-04-15 13:00:fill-000014:1732,US cash open,13:30,468236,468236,True,0.01921801622437828592764541548,0.01140524195155681965213796122,0.04851193422983146722771339091
fill,pooled,pooled,300000,fill_pooled_pooled_300000_15,4,1776262765277,1776262901779,136502,-53.78718010257801216177385310,-53.78718010257801216177385310,-14.80156193233219718712431057,-12.48227531045939661551097438,2026-04-15 12:00:2026-04-15 14:00:fill-000010:1860,2026-04-15 12:00:2026-04-15 14:00:fill-000013:1875,US cash open,13:30,2965277,2965277,False,0.02894658255439833947108817961,0.01717881668165294823536346778,0.07306970150623793926605990868
fill,pooled,pooled,300000,fill_pooled_pooled_300000_16,1,1776346896678,1776346896678,0,-18.59083506256407385084990550,-18.59083506256407385084990550,-18.59083506256407385084990550,-18.59083506256407385084990550,2026-04-16 12:00:2026-04-16 13:00:fill-000016:2450,2026-04-16 12:00:2026-04-16 13:00:fill-000016:2450,US cash open,13:30,696678,696678,True,0.01000500752906957379153454639,0.005937633222071944106058031056,0.02525558629737776478644213062
fill,pooled,pooled,300000,fill_pooled_pooled_300000_17,2,1776347646869,1776347689092,42223,-33.54562642892398808108007033,-33.54562642892398808108007033,-20.39287517721076827006740959,-13.15275125171321981101266074,2026-04-16 12:00:2026-04-16 13:00:fill-000023:2485,2026-04-16 12:00:2026-04-16 13:00:fill-000025:2495,US cash open,13:30,1446869,1446869,True,0.01805320975950017478514122130,0.01071396875230640104081084893,0.04557161958159167682535871964
fill,pooled,pooled,300000,fill_pooled_pooled_300000_18,4,1776348090183,1776348342557,252374,-63.12890627399584251460231653,-63.12890627399584251460231653,-17.42230444818219389139449410,-14.07467565656405801113734614,2026-04-16 12:00:2026-04-16 14:00:fill-000001:2513,2026-04-16 12:00:2026-04-16 14:00:fill-000004:2528,US cash open,13:30,1890183,1890183,False,0.03397400818455456689117806300,0.02016242357613847599116670818,0.08576040478528556178236717643
fill,pooled,pooled,300000,fill_pooled_pooled_300000_19,1,1776352199840,1776352199840,0,-21.96085675886433960128859467,-21.96085675886433960128859467,-21.96085675886433960128859467,-21.96085675886433960128859467,2026-04-16 12:00:2026-04-16 15:00:fill-000005:2760,2026-04-16 12:00:2026-04-16 15:00:fill-000005:2760,US cash open,13:30,5999840,5999840,False,0.01181864808535137790429730913,0.007013967486547738183876817533,0.02983374932709204243552949971
fill,pooled,pooled,300000,fill_pooled_pooled_300000_20,1,1776355749920,1776355749920,0,-13.21270565521572190387753296,-13.21270565521572190387753296,-13.21270565521572190387753296,-13.21270565521572190387753296,2026-04-16 12:00:2026-04-16 16:00:fill-000007:2902,2026-04-16 12:00:2026-04-16 16:00:fill-000007:2902,US cash open,13:30,9549920,9549920,False,0.007110666041355388203716464403,0.004219939544826798523115446877,0.01794941576180754195943114440
fill,pooled,pooled,300000,fill_pooled_pooled_300000_21,1,1776357201265,1776357201265,0,-22.49367227021565934148918582,-22.49367227021565934148918582,-22.49367227021565934148918582,-22.49367227021565934148918582,2026-04-16 12:00:2026-04-16 16:00:fill-000023:2982,2026-04-16 12:00:2026-04-16 16:00:fill-000023:2982,US cash open,13:30,11001265,11001265,False,0.01210539277351278071991249992,0.007184140750459128634484606756,0.03055757738980300110686235275
fill,pooled,pooled,300000,fill_pooled_pooled_300000_22,1,1776362341638,1776362341638,0,-12.97447919000120258829339247,-12.97447919000120258829339247,-12.97447919000120258829339247,-12.97447919000120258829339247,2026-04-16 17:00:2026-04-16 17:00:fill-000031:3223,2026-04-16 17:00:2026-04-16 17:00:fill-000031:3223,US cash close,20:00,-7258362,7258362,False,0.006982459988745389581957614011,0.004143853593363389313755920911,0.01762578591783889002403009910
fill,pooled,pooled,300000,fill_pooled_pooled_300000_23,1,1776362869203,1776362869203,0,-12.67679398515770468152025534,-12.67679398515770468152025534,-12.67679398515770468152025534,-12.67679398515770468152025534,2026-04-16 17:00:2026-04-16 18:00:fill-000004:3244,2026-04-16 17:00:2026-04-16 18:00:fill-000004:3244,US cash close,20:00,-6730797,6730797,False,0.006822255097156133680128133613,0.004048777414372521389101029397,0.01722138157800819625643381928
fill,pooled,pooled,300000,fill_pooled_pooled_300000_24,1,1776363487509,1776363487509,0,-13.55735485156121687579409789,-13.55735485156121687579409789,-13.55735485156121687579409789,-13.55735485156121687579409789,2026-04-16 17:00:2026-04-16 18:00:fill-000013:3289,2026-04-16 17:00:2026-04-16 18:00:fill-000013:3289,US cash close,20:00,-6112491,6112491,False,0.007296145488229081893030333441,0.004330015316640954191575218086,0.01841762052460236770360337577
fill,pooled,pooled,300000,fill_pooled_pooled_300000_25,1,1776370274828,1776370274828,0,-21.07758646163154809102154712,-21.07758646163154809102154712,-21.07758646163154809102154712,-21.07758646163154809102154712,2026-04-16 17:00:2026-04-16 20:00:fill-000003:3540,2026-04-16 17:00:2026-04-16 20:00:fill-000003:3540,US cash close,20:00,674828,674828,True,0.01134329956312104993141568142,0.006731864232806351375244390534,0.02863382962791761535752441035
fill,pooled,pooled,300000,fill_pooled_pooled_300000_26,1,1776374400329,1776374400329,0,-12.84530669135387920869767384,-12.84530669135387920869767384,-12.84530669135387920869767384,-12.84530669135387920869767384,2026-04-16 17:00:2026-04-16 21:00:fill-000011:3704,2026-04-16 17:00:2026-04-16 21:00:fill-000011:3704,US cash close,20:00,4800329,4800329,False,0.006912943379235060569958913790,0.004102597839290736712867720855,0.01745030551710075107267834961
fill,pooled,pooled,300000,fill_pooled_pooled_300000_27,3,1776428857665,1776429016406,158741,-44.59985952663271409800159733,-44.59985952663271409800159733,-15.14470828232511446577999642,-14.35065373108077402880530345,2026-04-17 12:00:2026-04-17 12:00:fill-000006:3827,2026-04-17 12:00:2026-04-17 12:00:fill-000008:3837,US cash open,13:30,-3742335,3742335,False,0.02400225319937092229290107838,0.01424452461300854986802708509,0.06058875770427303698803447094
fill,pooled,pooled,300000,fill_pooled_pooled_300000_28,1,1776431184739,1776431184739,0,-28.55473758335330615716370540,-28.55473758335330615716370540,-28.55473758335330615716370540,-28.55473758335330615716370540,2026-04-17 12:00:2026-04-17 13:00:fill-000005:3925,2026-04-17 12:00:2026-04-17 13:00:fill-000005:3925,US cash open,13:30,-1415261,1415261,True,0.01536726906298812280280809799,0.009119953888670598241786089783,0.03879151403411414709565212696
fill,pooled,pooled,300000,fill_pooled_pooled_300000_29,1,1776431690701,1776431690701,0,-12.96195170739327681873808159,-12.96195170739327681873808159,-12.96195170739327681873808159,-12.96195170739327681873808159,2026-04-17 12:00:2026-04-17 13:00:fill-000020:4000,2026-04-17 12:00:2026-04-17 13:00:fill-000020:4000,US cash open,13:30,-909299,909299,True,0.006975718088374008484163606297,0.004139852503758138981384504290,0.01760876737525978483718866033
fill,pooled,pooled,300000,fill_pooled_pooled_300000_30,2,1776432699131,1776432766965,67834,-39.94641764443696171188553993,-39.94641764443696171188553993,-20.95207544841191081449181074,-18.99434219602505089739372919,2026-04-17 12:00:2026-04-17 13:00:fill-000035:4075,2026-04-17 12:00:2026-04-17 13:00:fill-000037:4085,US cash open,13:30,99131,99131,True,0.02149791593260616161566227785,0.01275828523625536437290711790,0.05426707271055885083637951116
fill,pooled,pooled,300000,fill_pooled_pooled_300000_31,3,1776433610562,1776433904993,294431,-53.36948771828743627395759091,-53.36948771828743627395759091,-19.34765997502964461706462834,-14.85498891059462137435019143,2026-04-17 12:00:2026-04-17 13:00:fill-000044:4120,2026-04-17 12:00:2026-04-17 13:00:fill-000047:4135,US cash open,13:30,1010562,1010562,True,0.02872179354219966646021156303,0.01704541201374944496058091329,0.07250226782067690056478477685
fill,pooled,pooled,300000,fill_pooled_pooled_300000_32,1,1776437143765,1776437143765,0,-12.40183670367521020407469306,-12.40183670367521020407469306,-12.40183670367521020407469306,-12.40183670367521020407469306,2026-04-17 12:00:2026-04-17 14:00:fill-000025:4265,2026-04-17 12:00:2026-04-17 14:00:fill-000025:4265,US cash open,13:30,4543765,4543765,False,0.006674281664970487440467567626,0.003960960192408750368799098027,0.01684785304487861591125010046
fill,pooled,pooled,300000,fill_pooled_pooled_300000_33,1,1776440966015,1776440966015,0,-14.59811046375889944699657692,-14.59811046375889944699657692,-14.59811046375889944699657692,-14.59811046375889944699657692,2026-04-17 12:00:2026-04-17 15:00:fill-000024:4418,2026-04-17 12:00:2026-04-17 15:00:fill-000024:4418,US cash open,13:30,8366015,8366015,False,0.007856247694553701087096489467,0.004662417012328446467268410877,0.01983148348933105105116309660
fill,window,2026-04-13 12:00,300000,fill_window_2026_04_13_12_00_300000_1,1,1776088384374,1776088384374,0,-12.48544420814777097996035098,-12.48544420814777097996035098,-12.48544420814777097996035098,-12.48544420814777097996035098,2026-04-13 12:00:2026-04-13 13:00:fill-000019:157,2026-04-13 12:00:2026-04-13 13:00:fill-000019:157,US cash open,13:30,1384374,1384374,True,0.05173501284631111005264805364,0.02703193104434601327970653451,0.1228105298650357550761728769
fill,window,2026-04-13 12:00,300000,fill_window_2026_04_13_12_00_300000_2,1,1776088868432,1776088868432,0,-15.37399469348315925761744351,-15.37399469348315925761744351,-15.37399469348315925761744351,-15.37399469348315925761744351,2026-04-13 12:00:2026-04-13 14:00:fill-000003:189,2026-04-13 12:00:2026-04-13 14:00:fill-000003:189,US cash open,13:30,1868432,1868432,False,0.06370408611072273879195749502,0.03328586131994989082147317326,0.1512231685931352770510740806
fill,window,2026-04-13 12:00,300000,fill_window_2026_04_13_12_00_300000_3,2,1776092206124,1776092285697,79573,-25.41068581476192969711611411,-25.41068581476192969711611411,-14.27265142592461349289994131,-11.13803438883731620421617280,2026-04-13 12:00:2026-04-13 14:00:fill-000051:428,2026-04-13 12:00:2026-04-13 14:00:fill-000052:432,US cash open,13:30,5206124,5206124,False,0.1052923816841362934621733609,0.05501605672034701378179886054,0.2499470372955052066899018249
fill,window,2026-04-13 12:00,300000,fill_window_2026_04_13_12_00_300000_4,1,1776094200378,1776094200378,0,-12.85096693207311306578668048,-12.85096693207311306578668048,-12.85096693207311306578668048,-12.85096693207311306578668048,2026-04-13 12:00:2026-04-13 15:00:fill-000010:483,2026-04-13 12:00:2026-04-13 15:00:fill-000010:483,US cash open,13:30,7200378,7200378,False,0.05324960235571404132343043203,0.02782331538787168084037752250,0.1264059197169793511604229451
fill,window,2026-04-13 12:00,300000,fill_window_2026_04_13_12_00_300000_5,1,1776095859692,1776095859692,0,-11.31064621543143683740618564,-11.31064621543143683740618564,-11.31064621543143683740618564,-11.31064621543143683740618564,2026-04-13 12:00:2026-04-13 15:00:fill-000024:549,2026-04-13 12:00:2026-04-13 15:00:fill-000024:549,US cash open,13:30,8859692,8859692,False,0.04686708918802930653869521897,0.02448840453453869837319550959,0.1112548686034427930734492852
fill,window,2026-04-13 12:00,300000,fill_window_2026_04_13_12_00_300000_6,2,1776096464423,1776096531420,66997,-24.23254305622250080876688989,-24.23254305622250080876688989,-13.18123770862791323461748100,-11.05130534759458757414940889,2026-04-13 12:00:2026-04-13 16:00:fill-000006:578,2026-04-13 12:00:2026-04-13 16:00:fill-000008:588,US cash open,13:30,9464423,9464423,False,0.1004105985667963344258770115,0.05246528853955210366200067914,0.2383584759259016169489789874
fill,window,2026-04-14 12:00,300000,fill_window_2026_04_14_12_00_300000_1,1,1776176261720,1776176261720,0,-16.07416503183875404142080923,-16.07416503183875404142080923,-16.07416503183875404142080923,-16.07416503183875404142080923,2026-04-14 12:00:2026-04-14 14:00:fill-000014:1007,2026-04-14 12:00:2026-04-14 14:00:fill-000014:1007,US cash open,13:30,2861720,2861720,False,0.05606282403629308217589135312,0.03149816219264988379268124774,0.1276235606052996317547378738
fill,window,2026-04-14 12:00,300000,fill_window_2026_04_14_12_00_300000_2,1,1776176791765,1776176791765,0,-14.53296436338778989217795562,-14.53296436338778989217795562,-14.53296436338778989217795562,-14.53296436338778989217795562,2026-04-14 12:00:2026-04-14 14:00:fill-000023:1052,2026-04-14 12:00:2026-04-14 14:00:fill-000023:1052,US cash open,13:30,3391765,3391765,False,0.05068748654853930895801533068,0.02847809934458693002194321717,0.1153869363996017893567185142
fill,window,2026-04-14 12:00,300000,fill_window_2026_04_14_12_00_300000_3,1,1776177162898,1776177162898,0,-21.59841274089354933674934485,-21.59841274089354933674934485,-21.59841274089354933674934485,-21.59841274089354933674934485,2026-04-14 12:00:2026-04-14 14:00:fill-000027:1072,2026-04-14 12:00:2026-04-14 14:00:fill-000027:1072,US cash open,13:30,3762898,3762898,False,0.07533007223439164559293158550,0.04232321282436396435185283848,0.1714842626012522807253506460
fill,window,2026-04-14 12:00,300000,fill_window_2026_04_14_12_00_300000_4,1,1776177600245,1776177600245,0,-17.58817173242033065365084502,-17.58817173242033065365084502,-17.58817173242033065365084502,-17.58817173242033065365084502,2026-04-14 12:00:2026-04-14 14:00:fill-000040:1137,2026-04-14 12:00:2026-04-14 14:00:fill-000040:1137,US cash open,13:30,4200245,4200245,False,0.06134331550047485011886821621,0.03446493704666057700148529732,0.1396442736890447624489867157
fill,window,2026-04-14 12:00,300000,fill_window_2026_04_14_12_00_300000_5,1,1776178434738,1776178434738,0,-13.17690106149329204686365728,-13.17690106149329204686365728,-13.17690106149329204686365728,-13.17690106149329204686365728,2026-04-14 12:00:2026-04-14 14:00:fill-000052:1197,2026-04-14 12:00:2026-04-14 14:00:fill-000052:1197,US cash open,13:30,5034738,5034738,False,0.04595786369561970054297094689,0.02582082279292972960017282308,0.1046202417282980523834152163
fill,window,2026-04-14 12:00,300000,fill_window_2026_04_14_12_00_300000_6,1,1776179095499,1776179095499,0,-14.09244776366703832853865302,-14.09244776366703832853865302,-14.09244776366703832853865302,-14.09244776366703832853865302,2026-04-14 12:00:2026-04-14 15:00:fill-000003:1220,2026-04-14 12:00:2026-04-14 15:00:fill-000003:1220,US cash open,13:30,5695499,5695499,False,0.04915107053151490504389568013,0.02761488416177182495317331821,0.1118893801128059264513224329
fill,window,2026-04-14 12:00,300000,fill_window_2026_04_14_12_00_300000_7,1,1776179579551,1776179579551,0,-16.48932003600471977302526019,-16.48932003600471977302526019,-16.48932003600471977302526019,-16.48932003600471977302526019,2026-04-14 12:00:2026-04-14 15:00:fill-000009:1250,2026-04-14 12:00:2026-04-14 15:00:fill-000009:1250,US cash open,13:30,6179551,6179551,False,0.05751078490394883837573163061,0.03231168001024155546622909551,0.1309197542010367572278544852
fill,window,2026-04-14 12:00,300000,fill_window_2026_04_14_12_00_300000_8,1,1776180125815,1776180125815,0,-12.39744154726479526496510391,-12.39744154726479526496510391,-12.39744154726479526496510391,-12.39744154726479526496510391,2026-04-14 12:00:2026-04-14 15:00:fill-000017:1290,2026-04-14 12:00:2026-04-14 15:00:fill-000017:1290,US cash open,13:30,6725815,6725815,False,0.04323929626128946322214194404,0.02429343134502913626575934749,0.09843159066266079965161411616
fill,window,2026-04-15 12:00,300000,fill_window_2026_04_15_12_00_300000_1,2,1776260268236,1776260268265,29,-35.71001509184497450734672794,-35.71001509184497450734672794,-17.85500754592248725367336397,-17.85500754592248725367336397,2026-04-15 12:00:2026-04-15 13:00:fill-000013:1727,2026-04-15 12:00:2026-04-15 13:00:fill-000014:1732,US cash open,13:30,468236,468236,True,0.1266130628515523297157273214,0.07784833811184075718448202657,0.3144139563377288605459006516
fill,window,2026-04-15 12:00,300000,fill_window_2026_04_15_12_00_300000_2,1,1776261475106,1776261475106,0,-12.16994217520757379581455878,-12.16994217520757379581455878,-12.16994217520757379581455878,-12.16994217520757379581455878,2026-04-15 12:00:2026-04-15 13:00:fill-000030:1810,2026-04-15 12:00:2026-04-15 13:00:fill-000030:1810,US cash open,13:30,1675106,1675106,True,0.04314962201965577671378205429,0.02653064611763404345939243872,0.1071520036568740186126952785
fill,window,2026-04-15 12:00,300000,fill_window_2026_04_15_12_00_300000_3,4,1776262765277,1776262901779,136502,-53.78718010257801216177385310,-53.78718010257801216177385310,-14.80156193233219718712431057,-12.48227531045939661551097438,2026-04-15 12:00:2026-04-15 14:00:fill-000010:1860,2026-04-15 12:00:2026-04-15 14:00:fill-000013:1875,US cash open,13:30,2965277,2965277,False,0.1907072735035247133211318725,0.1172568135840468747265667458,0.4735769518104615353457967277
fill,window,2026-04-15 12:00,300000,fill_window_2026_04_15_12_00_300000_4,1,1776264931265,1776264931265,0,-11.90929386705072667523404162,-11.90929386705072667523404162,-11.90929386705072667523404162,-11.90929386705072667523404162,2026-04-15 12:00:2026-04-15 14:00:fill-000035:1985,2026-04-15 12:00:2026-04-15 14:00:fill-000035:1985,US cash open,13:30,5131265,5131265,False,0.04222547005450160496197771629,0.02596242911829966569500651330,0.1048570881949355854956073426
fill,window,2026-04-16 12:00,300000,fill_window_2026_04_16_12_00_300000_1,1,1776346896678,1776346896678,0,-18.59083506256407385084990550,-18.59083506256407385084990550,-18.59083506256407385084990550,-18.59083506256407385084990550,2026-04-16 12:00:2026-04-16 13:00:fill-000016:2450,2026-04-16 12:00:2026-04-16 13:00:fill-000016:2450,US cash open,13:30,696678,696678,True,0.05153342217552653408398816044,0.03142870297299268763593908213,0.1268417624816798906835084962
fill,window,2026-04-16 12:00,300000,fill_window_2026_04_16_12_00_300000_2,1,1776347689092,1776347689092,0,-20.39287517721076827006740959,-20.39287517721076827006740959,-20.39287517721076827006740959,-20.39287517721076827006740959,2026-04-16 12:00:2026-04-16 13:00:fill-000025:2495,2026-04-16 12:00:2026-04-16 13:00:fill-000025:2495,US cash open,13:30,1489092,1489092,True,0.05652864125486326557743801064,0.03447513866660468628191204491,0.1391367424239606532170826917
fill,window,2026-04-16 12:00,300000,fill_window_2026_04_16_12_00_300000_3,4,1776348090183,1776348342557,252374,-63.12890627399584251460231653,-63.12890627399584251460231653,-17.42230444818219389139449410,-14.07467565656405801113734614,2026-04-16 12:00:2026-04-16 14:00:fill-000001:2513,2026-04-16 12:00:2026-04-16 14:00:fill-000004:2528,US cash open,13:30,1890183,1890183,False,0.1749920628927564120279150510,0.1067224596215456713685075556,0.4307166250675144703689551676
fill,window,2026-04-16 12:00,300000,fill_window_2026_04_16_12_00_300000_4,1,1776352199840,1776352199840,0,-21.96085675886433960128859467,-21.96085675886433960128859467,-21.96085675886433960128859467,-21.96085675886433960128859467,2026-04-16 12:00:2026-04-16 15:00:fill-000005:2760,2026-04-16 12:00:2026-04-16 15:00:fill-000005:2760,US cash open,13:30,5999840,5999840,False,0.06087505477200082209287037245,0.03712588712578211169295194296,0.1498347851254551221020780098
fill,window,2026-04-16 12:00,300000,fill_window_2026_04_16_12_00_300000_5,1,1776357201265,1776357201265,0,-22.49367227021565934148918582,-22.49367227021565934148918582,-22.49367227021565934148918582,-22.49367227021565934148918582,2026-04-16 12:00:2026-04-16 16:00:fill-000023:2982,2026-04-16 12:00:2026-04-16 16:00:fill-000023:2982,US cash open,13:30,11001265,11001265,False,0.06235200869019397245057265126,0.03802663743577675329509831771,0.1534700849013898636283756347
fill,window,2026-04-16 17:00,300000,fill_window_2026_04_16_17_00_300000_1,1,1776362341638,1776362341638,0,-12.97447919000120258829339247,-12.97447919000120258829339247,-12.97447919000120258829339247,-12.97447919000120258829339247,2026-04-16 17:00:2026-04-16 17:00:fill-000031:3223,2026-04-16 17:00:2026-04-16 17:00:fill-000031:3223,US cash close,20:00,-7258362,7258362,False,0.03238552901312139545388441340,0.02566194355811802544528394152,0.1331569845247963093706034278
fill,window,2026-04-16 17:00,300000,fill_window_2026_04_16_17_00_300000_2,1,1776362869203,1776362869203,0,-12.67679398515770468152025534,-12.67679398515770468152025534,-12.67679398515770468152025534,-12.67679398515770468152025534,2026-04-16 17:00:2026-04-16 18:00:fill-000004:3244,2026-04-16 17:00:2026-04-16 18:00:fill-000004:3244,US cash close,20:00,-6730797,6730797,False,0.03164247854480928791941864956,0.02507315838894778317757811009,0.1301018434563860870366277731
fill,window,2026-04-16 17:00,300000,fill_window_2026_04_16_17_00_300000_3,1,1776363487509,1776363487509,0,-13.55735485156121687579409789,-13.55735485156121687579409789,-13.55735485156121687579409789,-13.55735485156121687579409789,2026-04-16 17:00:2026-04-16 18:00:fill-000013:3289,2026-04-16 17:00:2026-04-16 18:00:fill-000013:3289,US cash close,20:00,-6112491,6112491,False,0.03384044187490636397583603600,0.02681480080266013986539973200,0.1391390331534642350838894876
fill,window,2026-04-16 17:00,300000,fill_window_2026_04_16_17_00_300000_4,1,1776366939233,1776366939233,0,-11.98729715095360511351173118,-11.98729715095360511351173118,-11.98729715095360511351173118,-11.98729715095360511351173118,2026-04-16 17:00:2026-04-16 19:00:fill-000011:3423,2026-04-16 17:00:2026-04-16 19:00:fill-000011:3423,US cash close,20:00,-2660767,2660767,False,0.02992142913684687479456854658,0.02370941741840598024927117872,0.1230255425168643039701219746
fill,window,2026-04-16 17:00,300000,fill_window_2026_04_16_17_00_300000_5,1,1776370274828,1776370274828,0,-21.07758646163154809102154712,-21.07758646163154809102154712,-21.07758646163154809102154712,-21.07758646163154809102154712,2026-04-16 17:00:2026-04-16 20:00:fill-000003:3540,2026-04-16 17:00:2026-04-16 20:00:fill-000003:3540,US cash close,20:00,674828,674828,True,0.05261165229705686283011660003,0.04168890528851287761340485194,0.2163191148708658189863140331
fill,window,2026-04-16 17:00,300000,fill_window_2026_04_16_17_00_300000_6,2,1776374387781,1776374400329,12548,-25.16395464384799599579137365,-25.16395464384799599579137365,-12.84530669135387920869767384,-12.31864795249411678709369981,2026-04-16 17:00:2026-04-16 21:00:fill-000010:3699,2026-04-16 17:00:2026-04-16 21:00:fill-000011:3704,US cash close,20:00,4787781,4787781,False,0.06281161434450877634549786413,0.04977124509684533994852800487,0.2582574814776232455524433038
fill,window,2026-04-17 12:00,300000,fill_window_2026_04_17_12_00_300000_1,2,1776428857665,1776429016406,158741,-30.24920579555194006919629388,-30.24920579555194006919629388,-15.14470828232511446577999642,-15.10449751322682560341629746,2026-04-17 12:00:2026-04-17 12:00:fill-000006:3827,2026-04-17 12:00:2026-04-17 12:00:fill-000008:3837,US cash open,13:30,-3742335,3742335,False,0.1055147711266682300886599450,0.05016531386182105986671717707,0.1988511430019180510454749034
fill,window,2026-04-17 12:00,300000,fill_window_2026_04_17_12_00_300000_2,1,1776431184739,1776431184739,0,-28.55473758335330615716370540,-28.55473758335330615716370540,-28.55473758335330615716370540,-28.55473758335330615716370540,2026-04-17 12:00:2026-04-17 13:00:fill-000005:3925,2026-04-17 12:00:2026-04-17 13:00:fill-000005:3925,US cash open,13:30,-1415261,1415261,True,0.09960415559514097507445319270,0.04735520604383918059028933774,0.1877121087061593814049322856
fill,window,2026-04-17 12:00,300000,fill_window_2026_04_17_12_00_300000_3,2,1776432699131,1776432766965,67834,-39.94641764443696171188553993,-39.94641764443696171188553993,-20.95207544841191081449181074,-18.99434219602505089739372919,2026-04-17 12:00:2026-04-17 13:00:fill-000035:4075,2026-04-17 12:00:2026-04-17 13:00:fill-000037:4085,US cash open,13:30,99131,99131,True,0.1393404224749220361455102432,0.06624717992044731011700920752,0.2625983260888234555947709166
fill,window,2026-04-17 12:00,300000,fill_window_2026_04_17_12_00_300000_4,3,1776433610562,1776433904993,294431,-53.36948771828743627395759091,-53.36948771828743627395759091,-19.34765997502964461706462834,-14.85498891059462137435019143,2026-04-17 12:00:2026-04-17 13:00:fill-000044:4120,2026-04-17 12:00:2026-04-17 13:00:fill-000047:4135,US cash open,13:30,1010562,1010562,True,0.1861625498468687756168387442,0.08850801307405507092945279724,0.3508384222030991119548218945
matched_lot,pooled,pooled,60000,matched_lot_pooled_pooled_60000_1,3,1776088622397,1776088622397,0,-1557.593194000000000000000000,-1557.593194000000000000000000,-596.5155980000000000000000002,-480.5387980000000000000000000,btcusdt_microprice_20260413_12_5h_5sessions_hs2.00_rq5000:2026-04-13 13:00:fill-000011:fill-000021:27,btcusdt_microprice_20260413_12_5h_5sessions_hs2.00_rq5000:2026-04-13 13:00:fill-000014:fill-000021:29,US cash open,13:30,1622397,1622397,True,0.07969405955797858764082032934,0.02223390553146669027001136759,0.07147810800876298633510381409
matched_lot,pooled,pooled,60000,matched_lot_pooled_pooled_60000_2,1,1776088699462,1776088699462,0,-600.5163980000000000000000001,-600.5163980000000000000000001,-600.5163980000000000000000001,-600.5163980000000000000000001,btcusdt_microprice_20260413_12_5h_5sessions_hs2.00_rq5000:2026-04-13 13:00:fill-000014:fill-000023:30,btcusdt_microprice_20260413_12_5h_5sessions_hs2.00_rq5000:2026-04-13 13:00:fill-000014:fill-000023:30,US cash open,13:30,1699462,1699462,True,0.03072534585545625696358348491,0.008572087316933058259067401836,0.02755775777823365411397641444
matched_lot,pooled,pooled,60000,matched_lot_pooled_pooled_60000_3,4,1776091694365,1776091719741,25376,-2229.874996000000000000000000,-2229.874996000000000000000000,-627.72420200000000000000,-494.7247980000000000000000000,btcusdt_microprice_20260413_12_5h_5sessions_hs2.00_rq5000:2026-04-13 14:00:fill-000012:fill-000046:55,btcusdt_microprice_20260413_12_5h_5sessions_hs2.00_rq5000:2026-04-13 14:00:fill-000014:fill-000047:58,US cash open,13:30,4694365,4694365,False,0.1140912732686679066752906480,0.03183041001914114927750181042,0.1023291873796720840826540438
matched_lot,pooled,pooled,60000,matched_lot_pooled_pooled_60000_4,1,1776092386115,1776092386115,0,-768.7907979999999999999999999,-768.7907979999999999999999999,-768.7907979999999999999999999,-768.7907979999999999999999999,btcusdt_microprice_20260413_12_5h_5sessions_hs2.00_rq5000:2026-04-13 14:00:fill-000018:fill-000053:63,btcusdt_microprice_20260413_12_5h_5sessions_hs2.00_rq5000:2026-04-13 14:00:fill-000018:fill-000053:63,US cash open,13:30,5386115,5386115,False,0.03933508433360417319549432903,0.01097412472142125379825001647,0.03527988688398640194458088820
matched_lot,pooled,pooled,60000,matched_lot_pooled_pooled_60000_5,6,1776174918585,1776174962402,43817,-3760.260432000000000000000000,-3760.260432000000000000000000,-817.9683979999999999999999995,-504.6521180000000000000000001,btcusdt_microprice_20260414_12_5h_5sessions_hs2.00_rq5000:2026-04-14 13:00:fill-000011:fill-000023:18,btcusdt_microprice_20260414_12_5h_5sessions_hs2.00_rq5000:2026-04-14 13:00:fill-000015:fill-000025:23,US cash open,13:30,1518585,1518585,True,0.1923932513159904658706546149,0.05367593768440678378331636556,0.1725587286429641183845899398
matched_lot,pooled,pooled,60000,matched_lot_pooled_pooled_60000_6,2,1776175099303,1776175099303,0,-1179.720716000000000000000000,-1179.720716000000000000000000,-611.8559579999999999999999998,-567.8647580000000000000000000,btcusdt_microprice_20260414_12_5h_5sessions_hs2.00_rq5000:2026-04-14 13:00:fill-000015:fill-000026:24,btcusdt_microprice_20260414_12_5h_5sessions_hs2.00_rq5000:2026-04-14 13:00:fill-000016:fill-000026:25,US cash open,13:30,1699303,1699303,True,0.06036026182243650900563533777,0.01683995478029691774288020156,0.05413750206616735159767710663
matched_lot,pooled,pooled,60000,matched_lot_pooled_pooled_60000_7,1,1776181514113,1776181514113,0,-581.231048000000000000000,-581.231048000000000000000,-581.231048000000000000000,-581.231048000000000000000,btcusdt_microprice_20260414_12_5h_5sessions_hs2.00_rq5000:2026-04-14 15:00:fill-000007:fill-000024:82,btcusdt_microprice_20260414_12_5h_5sessions_hs2.00_rq5000:2026-04-14 15:00:fill-000007:fill-000024:82,US cash open,13:30,8114113,8114113,False,0.02973861335211914854838139952,0.008296798074727194373404606798,0.02667275113105720448542359839
matched_lot,pooled,pooled,60000,matched_lot_pooled_pooled_60000_8,2,1776181597295,1776181597295,0,-1285.953996000000000000000000,-1285.953996000000000000000000,-683.9687980000000000000000000,-601.9851979999999999999999999,btcusdt_microprice_20260414_12_5h_5sessions_hs2.00_rq5000:2026-04-14 15:00:fill-000007:fill-000025:83,btcusdt_microprice_20260414_12_5h_5sessions_hs2.00_rq5000:2026-04-14 15:00:fill-000009:fill-000025:84,US cash open,13:30,8197295,8197295,False,0.06579567421122447358302280514,0.01835638456499065448125952528,0.05901255794803400077935891700
matched_lot,pooled,pooled,60000,matched_lot_pooled_pooled_60000_9,1,1776182044965,1776182044965,0,-773.9867980000000000000000000,-773.9867980000000000000000000,-773.9867980000000000000000000,-773.9867980000000000000000000,btcusdt_microprice_20260414_12_5h_5sessions_hs2.00_rq5000:2026-04-14 15:00:fill-000009:fill-000027:85,btcusdt_microprice_20260414_12_5h_5sessions_hs2.00_rq5000:2026-04-14 15:00:fill-000009:fill-000027:85,US cash open,13:30,8644965,8644965,False,0.03960093701905398952371186388,0.01104829516180743650947402241,0.03551833184551050351753447381
matched_lot,pooled,pooled,60000,matched_lot_pooled_pooled_60000_10,2,1776182285547,1776182285547,0,-1478.005196000000000000000000,-1478.005196000000000000000000,-795.9911979999999999999999999,-682.0139980000000000000000000,btcusdt_microprice_20260414_12_5h_5sessions_hs2.00_rq5000:2026-04-14 15:00:fill-000009:fill-000031:86,btcusdt_microprice_20260414_12_5h_5sessions_hs2.00_rq5000:2026-04-14 15:00:fill-000010:fill-000031:87,US cash open,13:30,8885547,8885547,False,0.07562194966616284263879097848,0.02109782453433146531840806456,0.06782580679227140185857825110
matched_lot,pooled,pooled,60000,matched_lot_pooled_pooled_60000_11,1,1776365603210,1776365603210,0,-623.6643559999999999999999999,-623.6643559999999999999999999,-623.6643559999999999999999999,-623.6643559999999999999999999,btcusdt_microprice_20260416_17_5h_5sessions_hs2.00_rq5000:2026-04-16 18:00:fill-000020:fill-000025:40,btcusdt_microprice_20260416_17_5h_5sessions_hs2.00_rq5000:2026-04-16 18:00:fill-000020:fill-000025:40,US cash close,20:00,-3996790,3996790,False,0.03190970821053315447576472269,0.008902513459908589663944118184,0.02862001989422124441391165992
matched_lot,pooled,pooled,60000,matched_lot_pooled_pooled_60000_12,1,1776430125663,1776430125663,0,-475.402604000000,-475.402604000000,-475.402604000000,-475.402604000000,btcusdt_microprice_20260417_12_5h_5sessions_hs2.00_rq5000:2026-04-17 12:00:fill-000014:fill-000018:16,btcusdt_microprice_20260417_12_5h_5sessions_hs2.00_rq5000:2026-04-17 12:00:fill-000014:fill-000018:16,US cash open,13:30,-2474337,2474337,False,0.02432391434627320896003363075,0.006786147132297541673532034747,0.02181627321386406784885114863
matched_lot,pooled,pooled,60000,matched_lot_pooled_pooled_60000_13,3,1776433904993,1776433904993,0,-1512.495598000000000000000000,-1512.495598000000000000000000,-538.8315980000000000000000000,-486.8319999999999999999999997,btcusdt_microprice_20260417_12_5h_5sessions_hs2.00_rq5000:2026-04-17 13:00:fill-000024:fill-000047:52,btcusdt_microprice_20260417_12_5h_5sessions_hs2.00_rq5000:2026-04-17 13:00:fill-000026:fill-000047:54,US cash open,13:30,1304993,1304993,True,0.07738664673967010129667910788,0.02159015869627074109892497700,0.06940857480186354888321287291
matched_lot,pooled,pooled,60000,matched_lot_pooled_pooled_60000_14,2,1776436724188,1776436724188,0,-1234.030396000000,-1234.030396000000,-649.008798000000,-585.021598000000,btcusdt_microprice_20260417_12_5h_5sessions_hs2.00_rq5000:2026-04-17 14:00:fill-000003:fill-000022:64,btcusdt_microprice_20260417_12_5h_5sessions_hs2.00_rq5000:2026-04-17 14:00:fill-000005:fill-000022:65,US cash open,13:30,4124188,4124188,False,0.06313900975814093180091426156,0.01761519975389827637800494580,0.05662977873244646412935645404
matched_lot,pooled,pooled,60000,matched_lot_pooled_pooled_60000_15,1,1776437143765,1776437143765,0,-723.0336000000000000000000000,-723.0336000000000000000000000,-723.0336000000000000000000000,-723.0336000000000000000000000,btcusdt_microprice_20260417_12_5h_5sessions_hs2.00_rq5000:2026-04-17 14:00:fill-000005:fill-000025:66,btcusdt_microprice_20260417_12_5h_5sessions_hs2.00_rq5000:2026-04-17 14:00:fill-000005:fill-000025:66,US cash open,13:30,4543765,4543765,False,0.03699392306205702831599418871,0.01032096237990898305505262188,0.03318008447510251098119584945
matched_lot,pooled,pooled,60000,matched_lot_pooled_pooled_60000_16,2,1776437241815,1776437241815,0,-1357.841570000000000000000000,-1357.841570000000000000000000,-726.4062859999999999999999999,-631.4352840000000000000000000,btcusdt_microprice_20260417_12_5h_5sessions_hs2.00_rq5000:2026-04-17 14:00:fill-000005:fill-000027:67,btcusdt_microprice_20260417_12_5h_5sessions_hs2.00_rq5000:2026-04-17 14:00:fill-000007:fill-000027:68,US cash open,13:30,4641815,4641815,False,0.06947379287911754413366682449,0.01938254565465083504912641477,0.06231148593427168449937763984
matched_lot,pooled,pooled,60000,matched_lot_pooled_pooled_60000_17,2,1776437418615,1776437418615,0,-1648.790564000000000000000000,-1648.790564000000000000000000,-850.8899819999999999999999999,-797.9005820000000000000000001,btcusdt_microprice_20260417_12_5h_5sessions_hs2.00_rq5000:2026-04-17 14:00:fill-000007:fill-000028:69,btcusdt_microprice_20260417_12_5h_5sessions_hs2.00_rq5000:2026-04-17 14:00:fill-000010:fill-000028:70,US cash open,13:30,4818615,4818615,False,0.08436016150571925663937613497,0.02353570481841081028600421264,0.07566316447157077214461692790
matched_lot,window,2026-04-13 12:00,60000,matched_lot_window_2026_04_13_12_00_60000_1,1,1776088622397,1776088622397,0,-596.5155980000000000000000002,-596.5155980000000000000000002,-596.5155980000000000000000002,-596.5155980000000000000000002,btcusdt_microprice_20260413_12_5h_5sessions_hs2.00_rq5000:2026-04-13 13:00:fill-000014:fill-000021:29,btcusdt_microprice_20260413_12_5h_5sessions_hs2.00_rq5000:2026-04-13 13:00:fill-000014:fill-000021:29,US cash open,13:30,1622397,1622397,True,0.04186945353524197360277964407,0.03461137676382070239624853096,0.1611780467702478170367583164
matched_lot,window,2026-04-13 12:00,60000,matched_lot_window_2026_04_13_12_00_60000_2,1,1776088699462,1776088699462,0,-600.5163980000000000000000001,-600.5163980000000000000000001,-600.5163980000000000000000001,-600.5163980000000000000000001,btcusdt_microprice_20260413_12_5h_5sessions_hs2.00_rq5000:2026-04-13 13:00:fill-000014:fill-000023:30,btcusdt_microprice_20260413_12_5h_5sessions_hs2.00_rq5000:2026-04-13 13:00:fill-000014:fill-000023:30,US cash open,13:30,1699462,1699462,True,0.04215026984627462507083061161,0.03484351352037990617778470316,0.1622590597926741098466248954
matched_lot,window,2026-04-13 12:00,60000,matched_lot_window_2026_04_13_12_00_60000_3,3,1776091694365,1776091719741,25376,-1735.150198000000000000000000,-1735.150198000000000000000000,-627.72420200000000000000,-494.7247980000000000000000000,btcusdt_microprice_20260413_12_5h_5sessions_hs2.00_rq5000:2026-04-13 14:00:fill-000012:fill-000046:55,btcusdt_microprice_20260413_12_5h_5sessions_hs2.00_rq5000:2026-04-13 14:00:fill-000013:fill-000047:57,US cash open,13:30,4694365,4694365,False,0.1217902613702096528828301867,0.1006778991968556889259243024,0.4688362227313438335947737713
matched_lot,window,2026-04-13 12:00,60000,matched_lot_window_2026_04_13_12_00_60000_4,1,1776092386115,1776092386115,0,-768.7907979999999999999999999,-768.7907979999999999999999999,-768.7907979999999999999999999,-768.7907979999999999999999999,btcusdt_microprice_20260413_12_5h_5sessions_hs2.00_rq5000:2026-04-13 14:00:fill-000018:fill-000053:63,btcusdt_microprice_20260413_12_5h_5sessions_hs2.00_rq5000:2026-04-13 14:00:fill-000018:fill-000053:63,US cash open,13:30,5386115,5386115,False,0.05396145667121783797709829135,0.04460722913424365363222642890,0.2077266707057342395218430170
matched_lot,window,2026-04-14 12:00,60000,matched_lot_window_2026_04_14_12_00_60000_1,1,1776174918585,1776174918585,0,-817.9683979999999999999999995,-817.9683979999999999999999995,-817.9683979999999999999999995,-817.9683979999999999999999995,btcusdt_microprice_20260414_12_5h_5sessions_hs2.00_rq5000:2026-04-14 13:00:fill-000011:fill-000023:18,btcusdt_microprice_20260414_12_5h_5sessions_hs2.00_rq5000:2026-04-14 13:00:fill-000011:fill-000023:18,US cash open,13:30,1518585,1518585,True,0.1008654491986339478033052002,0.05102099869412135247267391866,0.2178965975647505487443677646
matched_lot,window,2026-04-14 12:00,60000,matched_lot_window_2026_04_14_12_00_60000_2,1,1776181597295,1776181597295,0,-683.9687980000000000000000000,-683.9687980000000000000000000,-683.9687980000000000000000000,-683.9687980000000000000000000,btcusdt_microprice_20260414_12_5h_5sessions_hs2.00_rq5000:2026-04-14 15:00:fill-000009:fill-000025:84,btcusdt_microprice_20260414_12_5h_5sessions_hs2.00_rq5000:2026-04-14 15:00:fill-000009:fill-000025:84,US cash open,13:30,8197295,8197295,False,0.08434166920971893650226496679,0.04266273762519826727690903777,0.1822007724125451604482715349
matched_lot,window,2026-04-14 12:00,60000,matched_lot_window_2026_04_14_12_00_60000_3,1,1776182044965,1776182044965,0,-773.9867980000000000000000000,-773.9867980000000000000000000,-773.9867980000000000000000000,-773.9867980000000000000000000,btcusdt_microprice_20260414_12_5h_5sessions_hs2.00_rq5000:2026-04-14 15:00:fill-000009:fill-000027:85,btcusdt_microprice_20260414_12_5h_5sessions_hs2.00_rq5000:2026-04-14 15:00:fill-000009:fill-000027:85,US cash open,13:30,8644965,8644965,False,0.09544198314380643741493216682,0.04827763457192287155298421300,0.2061804468932990182481305674
matched_lot,window,2026-04-14 12:00,60000,matched_lot_window_2026_04_14_12_00_60000_4,2,1776182285547,1776182285547,0,-1478.005196000000000000000000,-1478.005196000000000000000000,-795.9911979999999999999999999,-682.0139980000000000000000000,btcusdt_microprice_20260414_12_5h_5sessions_hs2.00_rq5000:2026-04-14 15:00:fill-000009:fill-000031:86,btcusdt_microprice_20260414_12_5h_5sessions_hs2.00_rq5000:2026-04-14 15:00:fill-000010:fill-000031:87,US cash open,13:30,8885547,8885547,False,0.1822560118177756433999518304,0.09219097138642827324627216202,0.3937221831294052725592301329
matched_lot,window,2026-04-15 12:00,60000,matched_lot_window_2026_04_15_12_00_60000_1,2,1776261079142,1776261079142,0,-527.2952240000000000000000000,-527.2952240000000000000000000,-263.6476120000000000000000000,-263.6476120000000000000000000,btcusdt_microprice_20260415_12_5h_5sessions_hs2.00_rq5000:2026-04-15 13:00:fill-000014:fill-000021:24,btcusdt_microprice_20260415_12_5h_5sessions_hs2.00_rq5000:2026-04-15 13:00:fill-000014:fill-000022:25,US cash open,13:30,1279142,1279142,True,0.4826117140411481824190393852,0.06182968988265075405450052131,0.2991585609573790639599114684
matched_lot,window,2026-04-15 12:00,60000,matched_lot_window_2026_04_15_12_00_60000_2,1,1776264300031,1776264300031,0,-338.8277400000000000000000000,-338.8277400000000000000000000,-338.8277400000000000000000000,-338.8277400000000000000000000,btcusdt_microprice_20260415_12_5h_5sessions_hs2.00_rq5000:2026-04-15 14:00:fill-000011:fill-000026:53,btcusdt_microprice_20260415_12_5h_5sessions_hs2.00_rq5000:2026-04-15 14:00:fill-000011:fill-000026:53,US cash open,13:30,4500031,4500031,False,0.3101151478779343270785074432,0.03973033157576906140455057197,0.1922323861420769943572488216
matched_lot,window,2026-04-15 12:00,60000,matched_lot_window_2026_04_15_12_00_60000_3,2,1776264931265,1776264931265,0,-596.0533220000000000000000001,-596.0533220000000000000000001,-338.339722000000,-257.7136000000000000000000001,btcusdt_microprice_20260415_12_5h_5sessions_hs2.00_rq5000:2026-04-15 14:00:fill-000016:fill-000035:58,btcusdt_microprice_20260415_12_5h_5sessions_hs2.00_rq5000:2026-04-15 14:00:fill-000021:fill-000035:60,US cash open,13:30,5131265,5131265,False,0.5455431839647013734854735223,0.06989214082618691065555716997,0.3381681569400774460391389883
matched_lot,window,2026-04-15 12:00,60000,matched_lot_window_2026_04_15_12_00_60000_4,1,1776268404936,1776268404936,0,-300.4181800000000000000000000,-300.4181800000000000000000000,-300.4181800000000000000000000,-300.4181800000000000000000000,btcusdt_microprice_20260415_12_5h_5sessions_hs2.00_rq5000:2026-04-15 15:00:fill-000016:fill-000027:83,btcusdt_microprice_20260415_12_5h_5sessions_hs2.00_rq5000:2026-04-15 15:00:fill-000016:fill-000027:83,US cash open,13:30,8604936,8604936,False,0.2749604513370714354747044124,0.03522649563105155890560591807,0.1704408959604664956437007218
matched_lot,window,2026-04-16 12:00,60000,matched_lot_window_2026_04_16_12_00_60000_1,1,1776347550506,1776347550506,0,-377.6864000000000000000000000,-377.6864000000000000000000000,-377.6864000000000000000000000,-377.6864000000000000000000000,btcusdt_microprice_20260416_12_5h_5sessions_hs2.00_rq5000:2026-04-16 13:00:fill-000021:fill-000022:31,btcusdt_microprice_20260416_12_5h_5sessions_hs2.00_rq5000:2026-04-16 13:00:fill-000021:fill-000022:31,US cash open,13:30,1350506,1350506,True,-0.1097896651818573417799743304,0.04322398127874655046704601826,0.1614415722804942131789937704
matched_lot,window,2026-04-16 12:00,60000,matched_lot_window_2026_04_16_12_00_60000_2,1,1776348529818,1776348529818,0,-297.009298000000,-297.009298000000,-297.009298000000,-297.009298000000,btcusdt_microprice_20260416_12_5h_5sessions_hs2.00_rq5000:2026-04-16 14:00:fill-000001:fill-000008:37,btcusdt_microprice_20260416_12_5h_5sessions_hs2.00_rq5000:2026-04-16 14:00:fill-000001:fill-000008:37,US cash open,13:30,2329818,2329818,False,-0.08633763721256177457863520195,0.03399096270441735597082370458,0.1269562474345008063551011847
matched_lot,window,2026-04-16 12:00,60000,matched_lot_window_2026_04_16_12_00_60000_3,4,1776348644802,1776348648518,3716,-1343.300154000000000000000000,-1343.300154000000000000000000,-363.022498000000,-311.522000000000,btcusdt_microprice_20260416_12_5h_5sessions_hs2.00_rq5000:2026-04-16 14:00:fill-000002:fill-000009:39,btcusdt_microprice_20260416_12_5h_5sessions_hs2.00_rq5000:2026-04-16 14:00:fill-000004:fill-000010:42,US cash open,13:30,2444802,2444802,False,-0.3904839415620933272129209635,0.1537327812392327554536030110,0.5741919457687383177139848334
matched_lot,window,2026-04-16 12:00,60000,matched_lot_window_2026_04_16_12_00_60000_4,1,1776349596225,1776349596225,0,-321.4660020000000000000000000,-321.4660020000000000000000000,-321.4660020000000000000000000,-321.4660020000000000000000000,btcusdt_microprice_20260416_12_5h_5sessions_hs2.00_rq5000:2026-04-16 14:00:fill-000018:fill-000027:55,btcusdt_microprice_20260416_12_5h_5sessions_hs2.00_rq5000:2026-04-16 14:00:fill-000018:fill-000027:55,US cash open,13:30,3396225,3396225,False,-0.09344695685873328400587342214,0.03678988825703414565611183310,0.1374102345162666627519202115
matched_lot,window,2026-04-16 17:00,60000,matched_lot_window_2026_04_16_17_00_60000_1,1,1776359342575,1776359342575,0,-209.35685600000000000000,-209.35685600000000000000,-209.35685600000000000000,-209.35685600000000000000,btcusdt_microprice_20260416_17_5h_5sessions_hs2.00_rq5000:2026-04-16 17:00:fill-000001:fill-000008:3,btcusdt_microprice_20260416_17_5h_5sessions_hs2.00_rq5000:2026-04-16 17:00:fill-000001:fill-000008:3,US cash close,20:00,-10257425,10257425,False,-0.1210583542851198954017907205,0.03573561633412158724902380782,0.1146692772919640329524928478
matched_lot,window,2026-04-16 17:00,60000,matched_lot_window_2026_04_16_17_00_60000_2,2,1776365603210,1776365603210,0,-959.3963099999999999999999998,-959.3963099999999999999999998,-623.6643559999999999999999999,-335.7319539999999999999999999,btcusdt_microprice_20260416_17_5h_5sessions_hs2.00_rq5000:2026-04-16 18:00:fill-000020:fill-000025:40,btcusdt_microprice_20260416_17_5h_5sessions_hs2.00_rq5000:2026-04-16 18:00:fill-000022:fill-000025:41,US cash close,20:00,-3996790,3996790,False,-0.5547606159877406429721316822,0.1637616226264497299197906006,0.5254821055598823373013398878
matched_lot,window,2026-04-16 17:00,60000,matched_lot_window_2026_04_16_17_00_60000_3,1,1776366981313,1776366981313,0,-233.974400000000,-233.974400000000,-233.974400000000,-233.974400000000,btcusdt_microprice_20260416_17_5h_5sessions_hs2.00_rq5000:2026-04-16 19:00:fill-000001:fill-000012:43,btcusdt_microprice_20260416_17_5h_5sessions_hs2.00_rq5000:2026-04-16 19:00:fill-000001:fill-000012:43,US cash close,20:00,-2618687,2618687,False,-0.1352931848042672003762644523,0.03993764307583171722658080049,0.1281528384855994848892827402
matched_lot,window,2026-04-16 17:00,60000,matched_lot_window_2026_04_16_17_00_60000_4,1,1776372857069,1776372857069,0,-219.029002,-219.029002,-219.029002,-219.029002,btcusdt_microprice_20260416_17_5h_5sessions_hs2.00_rq5000:2026-04-16 20:00:fill-000016:fill-000023:83,btcusdt_microprice_20260416_17_5h_5sessions_hs2.00_rq5000:2026-04-16 20:00:fill-000016:fill-000023:83,US cash close,20:00,3257069,3257069,False,-0.1266511688675351245253635760,0.03738657778428593617115462462,0.1199669208125677276959089502
matched_lot,window,2026-04-16 17:00,60000,matched_lot_window_2026_04_16_17_00_60000_5,1,1776375092108,1776375092108,0,-203.9884000000000000000000000,-203.9884000000000000000000000,-203.9884000000000000000000000,-203.9884000000000000000000000,btcusdt_microprice_20260416_17_5h_5sessions_hs2.00_rq5000:2026-04-16 21:00:fill-000012:fill-000020:99,btcusdt_microprice_20260416_17_5h_5sessions_hs2.00_rq5000:2026-04-16 21:00:fill-000012:fill-000020:99,US cash close,20:00,5492108,5492108,False,-0.1179541022399321437611703827,0.03481926189707075075864135120,0.1117288578499864171609755739
matched_lot,window,2026-04-17 12:00,60000,matched_lot_window_2026_04_17_12_00_60000_1,1,1776436724188,1776436724188,0,-649.008798000000,-649.008798000000,-649.008798000000,-649.008798000000,btcusdt_microprice_20260417_12_5h_5sessions_hs2.00_rq5000:2026-04-17 14:00:fill-000005:fill-000022:65,btcusdt_microprice_20260417_12_5h_5sessions_hs2.00_rq5000:2026-04-17 14:00:fill-000005:fill-000022:65,US cash open,13:30,4124188,4124188,False,0.5130446157217644956601377478,0.04749900977251139967367788313,0.1731965201705210149955175747
matched_lot,window,2026-04-17 12:00,60000,matched_lot_window_2026_04_17_12_00_60000_2,1,1776437143765,1776437143765,0,-723.0336000000000000000000000,-723.0336000000000000000000000,-723.0336000000000000000000000,-723.0336000000000000000000000,btcusdt_microprice_20260417_12_5h_5sessions_hs2.00_rq5000:2026-04-17 14:00:fill-000005:fill-000025:66,btcusdt_microprice_20260417_12_5h_5sessions_hs2.00_rq5000:2026-04-17 14:00:fill-000005:fill-000025:66,US cash open,13:30,4543765,4543765,False,0.5715615822297743052311191817,0.05291666328420727872335891675,0.1929510106369381195166218007
matched_lot,window,2026-04-17 12:00,60000,matched_lot_window_2026_04_17_12_00_60000_3,1,1776437241815,1776437241815,0,-726.4062859999999999999999999,-726.4062859999999999999999999,-726.4062859999999999999999999,-726.4062859999999999999999999,btcusdt_microprice_20260417_12_5h_5sessions_hs2.00_rq5000:2026-04-17 14:00:fill-000007:fill-000027:68,btcusdt_microprice_20260417_12_5h_5sessions_hs2.00_rq5000:2026-04-17 14:00:fill-000007:fill-000027:68,US cash open,13:30,4641815,4641815,False,0.5742277069389499349423977756,0.05316350006942080117936700612,0.1938510561842834327614835016
matched_lot,window,2026-04-17 12:00,60000,matched_lot_window_2026_04_17_12_00_60000_4,2,1776437418615,1776437418615,0,-1648.790564000000000000000000,-1648.790564000000000000000000,-850.8899819999999999999999999,-797.9005820000000000000000001,btcusdt_microprice_20260417_12_5h_5sessions_hs2.00_rq5000:2026-04-17 14:00:fill-000007:fill-000028:69,btcusdt_microprice_20260417_12_5h_5sessions_hs2.00_rq5000:2026-04-17 14:00:fill-000010:fill-000028:70,US cash open,13:30,4818615,4818615,False,1.303376971036148187739442739,0.1206700423069774508116803262,0.4400014130082574327263771230
matched_lot,pooled,pooled,120000,matched_lot_pooled_pooled_120000_1,4,1776088622397,1776088699462,77065,-2158.109592000000000000000000,-2158.109592000000000000000000,-600.5163980000000000000000001,-480.5387980000000000000000000,btcusdt_microprice_20260413_12_5h_5sessions_hs2.00_rq5000:2026-04-13 13:00:fill-000011:fill-000021:27,btcusdt_microprice_20260413_12_5h_5sessions_hs2.00_rq5000:2026-04-13 13:00:fill-000014:fill-000023:30,US cash open,13:30,1622397,1622397,True,0.1104194054134348446044038143,0.03080599284839974852907876943,0.09903586578699664044908022853
matched_lot,pooled,pooled,120000,matched_lot_pooled_pooled_120000_2,4,1776091694365,1776091719741,25376,-2229.874996000000000000000000,-2229.874996000000000000000000,-627.72420200000000000000,-494.7247980000000000000000000,btcusdt_microprice_20260413_12_5h_5sessions_hs2.00_rq5000:2026-04-13 14:00:fill-000012:fill-000046:55,btcusdt_microprice_20260413_12_5h_5sessions_hs2.00_rq5000:2026-04-13 14:00:fill-000014:fill-000047:58,US cash open,13:30,4694365,4694365,False,0.1140912732686679066752906480,0.03183041001914114927750181042,0.1023291873796720840826540438
matched_lot,pooled,pooled,120000,matched_lot_pooled_pooled_120000_3,1,1776092386115,1776092386115,0,-768.7907979999999999999999999,-768.7907979999999999999999999,-768.7907979999999999999999999,-768.7907979999999999999999999,btcusdt_microprice_20260413_12_5h_5sessions_hs2.00_rq5000:2026-04-13 14:00:fill-000018:fill-000053:63,btcusdt_microprice_20260413_12_5h_5sessions_hs2.00_rq5000:2026-04-13 14:00:fill-000018:fill-000053:63,US cash open,13:30,5386115,5386115,False,0.03933508433360417319549432903,0.01097412472142125379825001647,0.03527988688398640194458088820
matched_lot,pooled,pooled,120000,matched_lot_pooled_pooled_120000_4,6,1776174918585,1776174962402,43817,-3760.260432000000000000000000,-3760.260432000000000000000000,-817.9683979999999999999999995,-504.6521180000000000000000001,btcusdt_microprice_20260414_12_5h_5sessions_hs2.00_rq5000:2026-04-14 13:00:fill-000011:fill-000023:18,btcusdt_microprice_20260414_12_5h_5sessions_hs2.00_rq5000:2026-04-14 13:00:fill-000015:fill-000025:23,US cash open,13:30,1518585,1518585,True,0.1923932513159904658706546149,0.05367593768440678378331636556,0.1725587286429641183845899398
matched_lot,pooled,pooled,120000,matched_lot_pooled_pooled_120000_5,2,1776175099303,1776175099303,0,-1179.720716000000000000000000,-1179.720716000000000000000000,-611.8559579999999999999999998,-567.8647580000000000000000000,btcusdt_microprice_20260414_12_5h_5sessions_hs2.00_rq5000:2026-04-14 13:00:fill-000015:fill-000026:24,btcusdt_microprice_20260414_12_5h_5sessions_hs2.00_rq5000:2026-04-14 13:00:fill-000016:fill-000026:25,US cash open,13:30,1699303,1699303,True,0.06036026182243650900563533777,0.01683995478029691774288020156,0.05413750206616735159767710663
matched_lot,pooled,pooled,120000,matched_lot_pooled_pooled_120000_6,3,1776181514113,1776181597295,83182,-1867.185044000000000000000000,-1867.185044000000000000000000,-683.9687980000000000000000000,-581.231048000000000000000,btcusdt_microprice_20260414_12_5h_5sessions_hs2.00_rq5000:2026-04-14 15:00:fill-000007:fill-000024:82,btcusdt_microprice_20260414_12_5h_5sessions_hs2.00_rq5000:2026-04-14 15:00:fill-000009:fill-000025:84,US cash open,13:30,8114113,8114113,False,0.09553428756334362213140420466,0.02665318263971784885466413208,0.08568530907909120526478251539
matched_lot,pooled,pooled,120000,matched_lot_pooled_pooled_120000_7,1,1776182044965,1776182044965,0,-773.9867980000000000000000000,-773.9867980000000000000000000,-773.9867980000000000000000000,-773.9867980000000000000000000,btcusdt_microprice_20260414_12_5h_5sessions_hs2.00_rq5000:2026-04-14 15:00:fill-000009:fill-000027:85,btcusdt_microprice_20260414_12_5h_5sessions_hs2.00_rq5000:2026-04-14 15:00:fill-000009:fill-000027:85,US cash open,13:30,8644965,8644965,False,0.03960093701905398952371186388,0.01104829516180743650947402241,0.03551833184551050351753447381
matched_lot,pooled,pooled,120000,matched_lot_pooled_pooled_120000_8,2,1776182285547,1776182285547,0,-1478.005196000000000000000000,-1478.005196000000000000000000,-795.9911979999999999999999999,-682.0139980000000000000000000,btcusdt_microprice_20260414_12_5h_5sessions_hs2.00_rq5000:2026-04-14 15:00:fill-000009:fill-000031:86,btcusdt_microprice_20260414_12_5h_5sessions_hs2.00_rq5000:2026-04-14 15:00:fill-000010:fill-000031:87,US cash open,13:30,8885547,8885547,False,0.07562194966616284263879097848,0.02109782453433146531840806456,0.06782580679227140185857825110
matched_lot,pooled,pooled,120000,matched_lot_pooled_pooled_120000_9,1,1776365603210,1776365603210,0,-623.6643559999999999999999999,-623.6643559999999999999999999,-623.6643559999999999999999999,-623.6643559999999999999999999,btcusdt_microprice_20260416_17_5h_5sessions_hs2.00_rq5000:2026-04-16 18:00:fill-000020:fill-000025:40,btcusdt_microprice_20260416_17_5h_5sessions_hs2.00_rq5000:2026-04-16 18:00:fill-000020:fill-000025:40,US cash close,20:00,-3996790,3996790,False,0.03190970821053315447576472269,0.008902513459908589663944118184,0.02862001989422124441391165992
matched_lot,pooled,pooled,120000,matched_lot_pooled_pooled_120000_10,1,1776430125663,1776430125663,0,-475.402604000000,-475.402604000000,-475.402604000000,-475.402604000000,btcusdt_microprice_20260417_12_5h_5sessions_hs2.00_rq5000:2026-04-17 12:00:fill-000014:fill-000018:16,btcusdt_microprice_20260417_12_5h_5sessions_hs2.00_rq5000:2026-04-17 12:00:fill-000014:fill-000018:16,US cash open,13:30,-2474337,2474337,False,0.02432391434627320896003363075,0.006786147132297541673532034747,0.02181627321386406784885114863
matched_lot,pooled,pooled,120000,matched_lot_pooled_pooled_120000_11,3,1776433904993,1776433904993,0,-1512.495598000000000000000000,-1512.495598000000000000000000,-538.8315980000000000000000000,-486.8319999999999999999999997,btcusdt_microprice_20260417_12_5h_5sessions_hs2.00_rq5000:2026-04-17 13:00:fill-000024:fill-000047:52,btcusdt_microprice_20260417_12_5h_5sessions_hs2.00_rq5000:2026-04-17 13:00:fill-000026:fill-000047:54,US cash open,13:30,1304993,1304993,True,0.07738664673967010129667910788,0.02159015869627074109892497700,0.06940857480186354888321287291
matched_lot,pooled,pooled,120000,matched_lot_pooled_pooled_120000_12,2,1776436724188,1776436724188,0,-1234.030396000000,-1234.030396000000,-649.008798000000,-585.021598000000,btcusdt_microprice_20260417_12_5h_5sessions_hs2.00_rq5000:2026-04-17 14:00:fill-000003:fill-000022:64,btcusdt_microprice_20260417_12_5h_5sessions_hs2.00_rq5000:2026-04-17 14:00:fill-000005:fill-000022:65,US cash open,13:30,4124188,4124188,False,0.06313900975814093180091426156,0.01761519975389827637800494580,0.05662977873244646412935645404
matched_lot,pooled,pooled,120000,matched_lot_pooled_pooled_120000_13,3,1776437143765,1776437241815,98050,-2080.875170000000000000000000,-2080.875170000000000000000000,-726.4062859999999999999999999,-631.4352840000000000000000000,btcusdt_microprice_20260417_12_5h_5sessions_hs2.00_rq5000:2026-04-17 14:00:fill-000005:fill-000025:66,btcusdt_microprice_20260417_12_5h_5sessions_hs2.00_rq5000:2026-04-17 14:00:fill-000007:fill-000027:68,US cash open,13:30,4543765,4543765,False,0.1064677159411745724496610132,0.02970350803455981810417903665,0.09549157040937419548057348928
matched_lot,pooled,pooled,120000,matched_lot_pooled_pooled_120000_14,2,1776437418615,1776437418615,0,-1648.790564000000000000000000,-1648.790564000000000000000000,-850.8899819999999999999999999,-797.9005820000000000000000001,btcusdt_microprice_20260417_12_5h_5sessions_hs2.00_rq5000:2026-04-17 14:00:fill-000007:fill-000028:69,btcusdt_microprice_20260417_12_5h_5sessions_hs2.00_rq5000:2026-04-17 14:00:fill-000010:fill-000028:70,US cash open,13:30,4818615,4818615,False,0.08436016150571925663937613497,0.02353570481841081028600421264,0.07566316447157077214461692790
matched_lot,window,2026-04-13 12:00,120000,matched_lot_window_2026_04_13_12_00_120000_1,2,1776088622397,1776088699462,77065,-1197.031996000000000000000000,-1197.031996000000000000000000,-600.5163980000000000000000001,-596.5155980000000000000000002,btcusdt_microprice_20260413_12_5h_5sessions_hs2.00_rq5000:2026-04-13 13:00:fill-000014:fill-000021:29,btcusdt_microprice_20260413_12_5h_5sessions_hs2.00_rq5000:2026-04-13 13:00:fill-000014:fill-000023:30,US cash open,13:30,1622397,1622397,True,0.08401972338151659867361025566,0.06945489028420060857403323410,0.3234371065629219268833832117
matched_lot,window,2026-04-13 12:00,120000,matched_lot_window_2026_04_13_12_00_120000_2,3,1776091694365,1776091719741,25376,-1735.150198000000000000000000,-1735.150198000000000000000000,-627.72420200000000000000,-494.7247980000000000000000000,btcusdt_microprice_20260413_12_5h_5sessions_hs2.00_rq5000:2026-04-13 14:00:fill-000012:fill-000046:55,btcusdt_microprice_20260413_12_5h_5sessions_hs2.00_rq5000:2026-04-13 14:00:fill-000013:fill-000047:57,US cash open,13:30,4694365,4694365,False,0.1217902613702096528828301867,0.1006778991968556889259243024,0.4688362227313438335947737713
matched_lot,window,2026-04-13 12:00,120000,matched_lot_window_2026_04_13_12_00_120000_3,1,1776092386115,1776092386115,0,-768.7907979999999999999999999,-768.7907979999999999999999999,-768.7907979999999999999999999,-768.7907979999999999999999999,btcusdt_microprice_20260413_12_5h_5sessions_hs2.00_rq5000:2026-04-13 14:00:fill-000018:fill-000053:63,btcusdt_microprice_20260413_12_5h_5sessions_hs2.00_rq5000:2026-04-13 14:00:fill-000018:fill-000053:63,US cash open,13:30,5386115,5386115,False,0.05396145667121783797709829135,0.04460722913424365363222642890,0.2077266707057342395218430170
matched_lot,window,2026-04-14 12:00,120000,matched_lot_window_2026_04_14_12_00_120000_1,1,1776174918585,1776174918585,0,-817.9683979999999999999999995,-817.9683979999999999999999995,-817.9683979999999999999999995,-817.9683979999999999999999995,btcusdt_microprice_20260414_12_5h_5sessions_hs2.00_rq5000:2026-04-14 13:00:fill-000011:fill-000023:18,btcusdt_microprice_20260414_12_5h_5sessions_hs2.00_rq5000:2026-04-14 13:00:fill-000011:fill-000023:18,US cash open,13:30,1518585,1518585,True,0.1008654491986339478033052002,0.05102099869412135247267391866,0.2178965975647505487443677646
matched_lot,window,2026-04-14 12:00,120000,matched_lot_window_2026_04_14_12_00_120000_2,1,1776181597295,1776181597295,0,-683.9687980000000000000000000,-683.9687980000000000000000000,-683.9687980000000000000000000,-683.9687980000000000000000000,btcusdt_microprice_20260414_12_5h_5sessions_hs2.00_rq5000:2026-04-14 15:00:fill-000009:fill-000025:84,btcusdt_microprice_20260414_12_5h_5sessions_hs2.00_rq5000:2026-04-14 15:00:fill-000009:fill-000025:84,US cash open,13:30,8197295,8197295,False,0.08434166920971893650226496679,0.04266273762519826727690903777,0.1822007724125451604482715349
matched_lot,window,2026-04-14 12:00,120000,matched_lot_window_2026_04_14_12_00_120000_3,1,1776182044965,1776182044965,0,-773.9867980000000000000000000,-773.9867980000000000000000000,-773.9867980000000000000000000,-773.9867980000000000000000000,btcusdt_microprice_20260414_12_5h_5sessions_hs2.00_rq5000:2026-04-14 15:00:fill-000009:fill-000027:85,btcusdt_microprice_20260414_12_5h_5sessions_hs2.00_rq5000:2026-04-14 15:00:fill-000009:fill-000027:85,US cash open,13:30,8644965,8644965,False,0.09544198314380643741493216682,0.04827763457192287155298421300,0.2061804468932990182481305674
matched_lot,window,2026-04-14 12:00,120000,matched_lot_window_2026_04_14_12_00_120000_4,2,1776182285547,1776182285547,0,-1478.005196000000000000000000,-1478.005196000000000000000000,-795.9911979999999999999999999,-682.0139980000000000000000000,btcusdt_microprice_20260414_12_5h_5sessions_hs2.00_rq5000:2026-04-14 15:00:fill-000009:fill-000031:86,btcusdt_microprice_20260414_12_5h_5sessions_hs2.00_rq5000:2026-04-14 15:00:fill-000010:fill-000031:87,US cash open,13:30,8885547,8885547,False,0.1822560118177756433999518304,0.09219097138642827324627216202,0.3937221831294052725592301329
matched_lot,window,2026-04-15 12:00,120000,matched_lot_window_2026_04_15_12_00_120000_1,2,1776261079142,1776261079142,0,-527.2952240000000000000000000,-527.2952240000000000000000000,-263.6476120000000000000000000,-263.6476120000000000000000000,btcusdt_microprice_20260415_12_5h_5sessions_hs2.00_rq5000:2026-04-15 13:00:fill-000014:fill-000021:24,btcusdt_microprice_20260415_12_5h_5sessions_hs2.00_rq5000:2026-04-15 13:00:fill-000014:fill-000022:25,US cash open,13:30,1279142,1279142,True,0.4826117140411481824190393852,0.06182968988265075405450052131,0.2991585609573790639599114684
matched_lot,window,2026-04-15 12:00,120000,matched_lot_window_2026_04_15_12_00_120000_2,1,1776264300031,1776264300031,0,-338.8277400000000000000000000,-338.8277400000000000000000000,-338.8277400000000000000000000,-338.8277400000000000000000000,btcusdt_microprice_20260415_12_5h_5sessions_hs2.00_rq5000:2026-04-15 14:00:fill-000011:fill-000026:53,btcusdt_microprice_20260415_12_5h_5sessions_hs2.00_rq5000:2026-04-15 14:00:fill-000011:fill-000026:53,US cash open,13:30,4500031,4500031,False,0.3101151478779343270785074432,0.03973033157576906140455057197,0.1922323861420769943572488216
matched_lot,window,2026-04-15 12:00,120000,matched_lot_window_2026_04_15_12_00_120000_3,2,1776264931265,1776264931265,0,-596.0533220000000000000000001,-596.0533220000000000000000001,-338.339722000000,-257.7136000000000000000000001,btcusdt_microprice_20260415_12_5h_5sessions_hs2.00_rq5000:2026-04-15 14:00:fill-000016:fill-000035:58,btcusdt_microprice_20260415_12_5h_5sessions_hs2.00_rq5000:2026-04-15 14:00:fill-000021:fill-000035:60,US cash open,13:30,5131265,5131265,False,0.5455431839647013734854735223,0.06989214082618691065555716997,0.3381681569400774460391389883
matched_lot,window,2026-04-15 12:00,120000,matched_lot_window_2026_04_15_12_00_120000_4,1,1776268404936,1776268404936,0,-300.4181800000000000000000000,-300.4181800000000000000000000,-300.4181800000000000000000000,-300.4181800000000000000000000,btcusdt_microprice_20260415_12_5h_5sessions_hs2.00_rq5000:2026-04-15 15:00:fill-000016:fill-000027:83,btcusdt_microprice_20260415_12_5h_5sessions_hs2.00_rq5000:2026-04-15 15:00:fill-000016:fill-000027:83,US cash open,13:30,8604936,8604936,False,0.2749604513370714354747044124,0.03522649563105155890560591807,0.1704408959604664956437007218
matched_lot,window,2026-04-16 12:00,120000,matched_lot_window_2026_04_16_12_00_120000_1,1,1776347550506,1776347550506,0,-377.6864000000000000000000000,-377.6864000000000000000000000,-377.6864000000000000000000000,-377.6864000000000000000000000,btcusdt_microprice_20260416_12_5h_5sessions_hs2.00_rq5000:2026-04-16 13:00:fill-000021:fill-000022:31,btcusdt_microprice_20260416_12_5h_5sessions_hs2.00_rq5000:2026-04-16 13:00:fill-000021:fill-000022:31,US cash open,13:30,1350506,1350506,True,-0.1097896651818573417799743304,0.04322398127874655046704601826,0.1614415722804942131789937704
matched_lot,window,2026-04-16 12:00,120000,matched_lot_window_2026_04_16_12_00_120000_2,5,1776348529818,1776348648518,118700,-1640.309452000000000000000000,-1640.309452000000000000000000,-363.022498000000,-297.009298000000,btcusdt_microprice_20260416_12_5h_5sessions_hs2.00_rq5000:2026-04-16 14:00:fill-000001:fill-000008:37,btcusdt_microprice_20260416_12_5h_5sessions_hs2.00_rq5000:2026-04-16 14:00:fill-000004:fill-000010:42,US cash open,13:30,2329818,2329818,False,-0.4768215787746551017915561654,0.1877237439436501114244267156,0.7011481932032391240690860181
matched_lot,window,2026-04-16 12:00,120000,matched_lot_window_2026_04_16_12_00_120000_3,1,1776349596225,1776349596225,0,-321.4660020000000000000000000,-321.4660020000000000000000000,-321.4660020000000000000000000,-321.4660020000000000000000000,btcusdt_microprice_20260416_12_5h_5sessions_hs2.00_rq5000:2026-04-16 14:00:fill-000018:fill-000027:55,btcusdt_microprice_20260416_12_5h_5sessions_hs2.00_rq5000:2026-04-16 14:00:fill-000018:fill-000027:55,US cash open,13:30,3396225,3396225,False,-0.09344695685873328400587342214,0.03678988825703414565611183310,0.1374102345162666627519202115
matched_lot,window,2026-04-16 17:00,120000,matched_lot_window_2026_04_16_17_00_120000_1,1,1776359342575,1776359342575,0,-209.35685600000000000000,-209.35685600000000000000,-209.35685600000000000000,-209.35685600000000000000,btcusdt_microprice_20260416_17_5h_5sessions_hs2.00_rq5000:2026-04-16 17:00:fill-000001:fill-000008:3,btcusdt_microprice_20260416_17_5h_5sessions_hs2.00_rq5000:2026-04-16 17:00:fill-000001:fill-000008:3,US cash close,20:00,-10257425,10257425,False,-0.1210583542851198954017907205,0.03573561633412158724902380782,0.1146692772919640329524928478
matched_lot,window,2026-04-16 17:00,120000,matched_lot_window_2026_04_16_17_00_120000_2,2,1776365603210,1776365603210,0,-959.3963099999999999999999998,-959.3963099999999999999999998,-623.6643559999999999999999999,-335.7319539999999999999999999,btcusdt_microprice_20260416_17_5h_5sessions_hs2.00_rq5000:2026-04-16 18:00:fill-000020:fill-000025:40,btcusdt_microprice_20260416_17_5h_5sessions_hs2.00_rq5000:2026-04-16 18:00:fill-000022:fill-000025:41,US cash close,20:00,-3996790,3996790,False,-0.5547606159877406429721316822,0.1637616226264497299197906006,0.5254821055598823373013398878
matched_lot,window,2026-04-16 17:00,120000,matched_lot_window_2026_04_16_17_00_120000_3,1,1776366981313,1776366981313,0,-233.974400000000,-233.974400000000,-233.974400000000,-233.974400000000,btcusdt_microprice_20260416_17_5h_5sessions_hs2.00_rq5000:2026-04-16 19:00:fill-000001:fill-000012:43,btcusdt_microprice_20260416_17_5h_5sessions_hs2.00_rq5000:2026-04-16 19:00:fill-000001:fill-000012:43,US cash close,20:00,-2618687,2618687,False,-0.1352931848042672003762644523,0.03993764307583171722658080049,0.1281528384855994848892827402
matched_lot,window,2026-04-16 17:00,120000,matched_lot_window_2026_04_16_17_00_120000_4,1,1776372857069,1776372857069,0,-219.029002,-219.029002,-219.029002,-219.029002,btcusdt_microprice_20260416_17_5h_5sessions_hs2.00_rq5000:2026-04-16 20:00:fill-000016:fill-000023:83,btcusdt_microprice_20260416_17_5h_5sessions_hs2.00_rq5000:2026-04-16 20:00:fill-000016:fill-000023:83,US cash close,20:00,3257069,3257069,False,-0.1266511688675351245253635760,0.03738657778428593617115462462,0.1199669208125677276959089502
matched_lot,window,2026-04-16 17:00,120000,matched_lot_window_2026_04_16_17_00_120000_5,1,1776375092108,1776375092108,0,-203.9884000000000000000000000,-203.9884000000000000000000000,-203.9884000000000000000000000,-203.9884000000000000000000000,btcusdt_microprice_20260416_17_5h_5sessions_hs2.00_rq5000:2026-04-16 21:00:fill-000012:fill-000020:99,btcusdt_microprice_20260416_17_5h_5sessions_hs2.00_rq5000:2026-04-16 21:00:fill-000012:fill-000020:99,US cash close,20:00,5492108,5492108,False,-0.1179541022399321437611703827,0.03481926189707075075864135120,0.1117288578499864171609755739
matched_lot,window,2026-04-17 12:00,120000,matched_lot_window_2026_04_17_12_00_120000_1,1,1776436724188,1776436724188,0,-649.008798000000,-649.008798000000,-649.008798000000,-649.008798000000,btcusdt_microprice_20260417_12_5h_5sessions_hs2.00_rq5000:2026-04-17 14:00:fill-000005:fill-000022:65,btcusdt_microprice_20260417_12_5h_5sessions_hs2.00_rq5000:2026-04-17 14:00:fill-000005:fill-000022:65,US cash open,13:30,4124188,4124188,False,0.5130446157217644956601377478,0.04749900977251139967367788313,0.1731965201705210149955175747
matched_lot,window,2026-04-17 12:00,120000,matched_lot_window_2026_04_17_12_00_120000_2,2,1776437143765,1776437241815,98050,-1449.439886000000000000000000,-1449.439886000000000000000000,-726.4062859999999999999999999,-723.0336000000000000000000000,btcusdt_microprice_20260417_12_5h_5sessions_hs2.00_rq5000:2026-04-17 14:00:fill-000005:fill-000025:66,btcusdt_microprice_20260417_12_5h_5sessions_hs2.00_rq5000:2026-04-17 14:00:fill-000007:fill-000027:68,US cash open,13:30,4543765,4543765,False,1.145789289168724240173516957,0.1060801633536280799027259229,0.3868020668212215522781053023
matched_lot,window,2026-04-17 12:00,120000,matched_lot_window_2026_04_17_12_00_120000_3,2,1776437418615,1776437418615,0,-1648.790564000000000000000000,-1648.790564000000000000000000,-850.8899819999999999999999999,-797.9005820000000000000000001,btcusdt_microprice_20260417_12_5h_5sessions_hs2.00_rq5000:2026-04-17 14:00:fill-000007:fill-000028:69,btcusdt_microprice_20260417_12_5h_5sessions_hs2.00_rq5000:2026-04-17 14:00:fill-000010:fill-000028:70,US cash open,13:30,4818615,4818615,False,1.303376971036148187739442739,0.1206700423069774508116803262,0.4400014130082574327263771230
matched_lot,pooled,pooled,300000,matched_lot_pooled_pooled_300000_1,4,1776088622397,1776088699462,77065,-2158.109592000000000000000000,-2158.109592000000000000000000,-600.5163980000000000000000001,-480.5387980000000000000000000,btcusdt_microprice_20260413_12_5h_5sessions_hs2.00_rq5000:2026-04-13 13:00:fill-000011:fill-000021:27,btcusdt_microprice_20260413_12_5h_5sessions_hs2.00_rq5000:2026-04-13 13:00:fill-000014:fill-000023:30,US cash open,13:30,1622397,1622397,True,0.1104194054134348446044038143,0.03080599284839974852907876943,0.09903586578699664044908022853
matched_lot,pooled,pooled,300000,matched_lot_pooled_pooled_300000_2,4,1776091694365,1776091719741,25376,-2229.874996000000000000000000,-2229.874996000000000000000000,-627.72420200000000000000,-494.7247980000000000000000000,btcusdt_microprice_20260413_12_5h_5sessions_hs2.00_rq5000:2026-04-13 14:00:fill-000012:fill-000046:55,btcusdt_microprice_20260413_12_5h_5sessions_hs2.00_rq5000:2026-04-13 14:00:fill-000014:fill-000047:58,US cash open,13:30,4694365,4694365,False,0.1140912732686679066752906480,0.03183041001914114927750181042,0.1023291873796720840826540438
matched_lot,pooled,pooled,300000,matched_lot_pooled_pooled_300000_3,1,1776092386115,1776092386115,0,-768.7907979999999999999999999,-768.7907979999999999999999999,-768.7907979999999999999999999,-768.7907979999999999999999999,btcusdt_microprice_20260413_12_5h_5sessions_hs2.00_rq5000:2026-04-13 14:00:fill-000018:fill-000053:63,btcusdt_microprice_20260413_12_5h_5sessions_hs2.00_rq5000:2026-04-13 14:00:fill-000018:fill-000053:63,US cash open,13:30,5386115,5386115,False,0.03933508433360417319549432903,0.01097412472142125379825001647,0.03527988688398640194458088820
matched_lot,pooled,pooled,300000,matched_lot_pooled_pooled_300000_4,8,1776174918585,1776175099303,180718,-4939.981148000000000000000000,-4939.981148000000000000000000,-817.9683979999999999999999995,-504.6521180000000000000000001,btcusdt_microprice_20260414_12_5h_5sessions_hs2.00_rq5000:2026-04-14 13:00:fill-000011:fill-000023:18,btcusdt_microprice_20260414_12_5h_5sessions_hs2.00_rq5000:2026-04-14 13:00:fill-000016:fill-000026:25,US cash open,13:30,1518585,1518585,True,0.2527535131384269748762899526,0.07051589246470370152619656712,0.2266962307091314699822670465
matched_lot,pooled,pooled,300000,matched_lot_pooled_pooled_300000_5,3,1776181514113,1776181597295,83182,-1867.185044000000000000000000,-1867.185044000000000000000000,-683.9687980000000000000000000,-581.231048000000000000000,btcusdt_microprice_20260414_12_5h_5sessions_hs2.00_rq5000:2026-04-14 15:00:fill-000007:fill-000024:82,btcusdt_microprice_20260414_12_5h_5sessions_hs2.00_rq5000:2026-04-14 15:00:fill-000009:fill-000025:84,US cash open,13:30,8114113,8114113,False,0.09553428756334362213140420466,0.02665318263971784885466413208,0.08568530907909120526478251539
matched_lot,pooled,pooled,300000,matched_lot_pooled_pooled_300000_6,3,1776182044965,1776182285547,240582,-2251.991994000000000000000000,-2251.991994000000000000000000,-795.9911979999999999999999999,-682.0139980000000000000000000,btcusdt_microprice_20260414_12_5h_5sessions_hs2.00_rq5000:2026-04-14 15:00:fill-000009:fill-000027:85,btcusdt_microprice_20260414_12_5h_5sessions_hs2.00_rq5000:2026-04-14 15:00:fill-000010:fill-000031:87,US cash open,13:30,8644965,8644965,False,0.1152228866852168321625028424,0.03214611969613890182788208697,0.1033441386377819053761127249
matched_lot,pooled,pooled,300000,matched_lot_pooled_pooled_300000_7,1,1776365603210,1776365603210,0,-623.6643559999999999999999999,-623.6643559999999999999999999,-623.6643559999999999999999999,-623.6643559999999999999999999,btcusdt_microprice_20260416_17_5h_5sessions_hs2.00_rq5000:2026-04-16 18:00:fill-000020:fill-000025:40,btcusdt_microprice_20260416_17_5h_5sessions_hs2.00_rq5000:2026-04-16 18:00:fill-000020:fill-000025:40,US cash close,20:00,-3996790,3996790,False,0.03190970821053315447576472269,0.008902513459908589663944118184,0.02862001989422124441391165992
matched_lot,pooled,pooled,300000,matched_lot_pooled_pooled_300000_8,1,1776430125663,1776430125663,0,-475.402604000000,-475.402604000000,-475.402604000000,-475.402604000000,btcusdt_microprice_20260417_12_5h_5sessions_hs2.00_rq5000:2026-04-17 12:00:fill-000014:fill-000018:16,btcusdt_microprice_20260417_12_5h_5sessions_hs2.00_rq5000:2026-04-17 12:00:fill-000014:fill-000018:16,US cash open,13:30,-2474337,2474337,False,0.02432391434627320896003363075,0.006786147132297541673532034747,0.02181627321386406784885114863
matched_lot,pooled,pooled,300000,matched_lot_pooled_pooled_300000_9,3,1776433904993,1776433904993,0,-1512.495598000000000000000000,-1512.495598000000000000000000,-538.8315980000000000000000000,-486.8319999999999999999999997,btcusdt_microprice_20260417_12_5h_5sessions_hs2.00_rq5000:2026-04-17 13:00:fill-000024:fill-000047:52,btcusdt_microprice_20260417_12_5h_5sessions_hs2.00_rq5000:2026-04-17 13:00:fill-000026:fill-000047:54,US cash open,13:30,1304993,1304993,True,0.07738664673967010129667910788,0.02159015869627074109892497700,0.06940857480186354888321287291
matched_lot,pooled,pooled,300000,matched_lot_pooled_pooled_300000_10,2,1776436724188,1776436724188,0,-1234.030396000000,-1234.030396000000,-649.008798000000,-585.021598000000,btcusdt_microprice_20260417_12_5h_5sessions_hs2.00_rq5000:2026-04-17 14:00:fill-000003:fill-000022:64,btcusdt_microprice_20260417_12_5h_5sessions_hs2.00_rq5000:2026-04-17 14:00:fill-000005:fill-000022:65,US cash open,13:30,4124188,4124188,False,0.06313900975814093180091426156,0.01761519975389827637800494580,0.05662977873244646412935645404
matched_lot,pooled,pooled,300000,matched_lot_pooled_pooled_300000_11,5,1776437143765,1776437418615,274850,-3729.665734000000000000000000,-3729.665734000000000000000000,-850.8899819999999999999999999,-631.4352840000000000000000000,btcusdt_microprice_20260417_12_5h_5sessions_hs2.00_rq5000:2026-04-17 14:00:fill-000005:fill-000025:66,btcusdt_microprice_20260417_12_5h_5sessions_hs2.00_rq5000:2026-04-17 14:00:fill-000010:fill-000028:70,US cash open,13:30,4543765,4543765,False,0.1908278774468938290890371482,0.05323921285297062839018324928,0.1711547348809449676251904172
matched_lot,window,2026-04-13 12:00,300000,matched_lot_window_2026_04_13_12_00_300000_1,2,1776088622397,1776088699462,77065,-1197.031996000000000000000000,-1197.031996000000000000000000,-600.5163980000000000000000001,-596.5155980000000000000000002,btcusdt_microprice_20260413_12_5h_5sessions_hs2.00_rq5000:2026-04-13 13:00:fill-000014:fill-000021:29,btcusdt_microprice_20260413_12_5h_5sessions_hs2.00_rq5000:2026-04-13 13:00:fill-000014:fill-000023:30,US cash open,13:30,1622397,1622397,True,0.08401972338151659867361025566,0.06945489028420060857403323410,0.3234371065629219268833832117
matched_lot,window,2026-04-13 12:00,300000,matched_lot_window_2026_04_13_12_00_300000_2,3,1776091694365,1776091719741,25376,-1735.150198000000000000000000,-1735.150198000000000000000000,-627.72420200000000000000,-494.7247980000000000000000000,btcusdt_microprice_20260413_12_5h_5sessions_hs2.00_rq5000:2026-04-13 14:00:fill-000012:fill-000046:55,btcusdt_microprice_20260413_12_5h_5sessions_hs2.00_rq5000:2026-04-13 14:00:fill-000013:fill-000047:57,US cash open,13:30,4694365,4694365,False,0.1217902613702096528828301867,0.1006778991968556889259243024,0.4688362227313438335947737713
matched_lot,window,2026-04-13 12:00,300000,matched_lot_window_2026_04_13_12_00_300000_3,1,1776092386115,1776092386115,0,-768.7907979999999999999999999,-768.7907979999999999999999999,-768.7907979999999999999999999,-768.7907979999999999999999999,btcusdt_microprice_20260413_12_5h_5sessions_hs2.00_rq5000:2026-04-13 14:00:fill-000018:fill-000053:63,btcusdt_microprice_20260413_12_5h_5sessions_hs2.00_rq5000:2026-04-13 14:00:fill-000018:fill-000053:63,US cash open,13:30,5386115,5386115,False,0.05396145667121783797709829135,0.04460722913424365363222642890,0.2077266707057342395218430170
matched_lot,window,2026-04-14 12:00,300000,matched_lot_window_2026_04_14_12_00_300000_1,1,1776174918585,1776174918585,0,-817.9683979999999999999999995,-817.9683979999999999999999995,-817.9683979999999999999999995,-817.9683979999999999999999995,btcusdt_microprice_20260414_12_5h_5sessions_hs2.00_rq5000:2026-04-14 13:00:fill-000011:fill-000023:18,btcusdt_microprice_20260414_12_5h_5sessions_hs2.00_rq5000:2026-04-14 13:00:fill-000011:fill-000023:18,US cash open,13:30,1518585,1518585,True,0.1008654491986339478033052002,0.05102099869412135247267391866,0.2178965975647505487443677646
matched_lot,window,2026-04-14 12:00,300000,matched_lot_window_2026_04_14_12_00_300000_2,1,1776181597295,1776181597295,0,-683.9687980000000000000000000,-683.9687980000000000000000000,-683.9687980000000000000000000,-683.9687980000000000000000000,btcusdt_microprice_20260414_12_5h_5sessions_hs2.00_rq5000:2026-04-14 15:00:fill-000009:fill-000025:84,btcusdt_microprice_20260414_12_5h_5sessions_hs2.00_rq5000:2026-04-14 15:00:fill-000009:fill-000025:84,US cash open,13:30,8197295,8197295,False,0.08434166920971893650226496679,0.04266273762519826727690903777,0.1822007724125451604482715349
matched_lot,window,2026-04-14 12:00,300000,matched_lot_window_2026_04_14_12_00_300000_3,3,1776182044965,1776182285547,240582,-2251.991994000000000000000000,-2251.991994000000000000000000,-795.9911979999999999999999999,-682.0139980000000000000000000,btcusdt_microprice_20260414_12_5h_5sessions_hs2.00_rq5000:2026-04-14 15:00:fill-000009:fill-000027:85,btcusdt_microprice_20260414_12_5h_5sessions_hs2.00_rq5000:2026-04-14 15:00:fill-000010:fill-000031:87,US cash open,13:30,8644965,8644965,False,0.2776979949615820808148839972,0.1404686059583511447992563750,0.5999026300227042908073607004
matched_lot,window,2026-04-15 12:00,300000,matched_lot_window_2026_04_15_12_00_300000_1,2,1776261079142,1776261079142,0,-527.2952240000000000000000000,-527.2952240000000000000000000,-263.6476120000000000000000000,-263.6476120000000000000000000,btcusdt_microprice_20260415_12_5h_5sessions_hs2.00_rq5000:2026-04-15 13:00:fill-000014:fill-000021:24,btcusdt_microprice_20260415_12_5h_5sessions_hs2.00_rq5000:2026-04-15 13:00:fill-000014:fill-000022:25,US cash open,13:30,1279142,1279142,True,0.4826117140411481824190393852,0.06182968988265075405450052131,0.2991585609573790639599114684
matched_lot,window,2026-04-15 12:00,300000,matched_lot_window_2026_04_15_12_00_300000_2,1,1776264300031,1776264300031,0,-338.8277400000000000000000000,-338.8277400000000000000000000,-338.8277400000000000000000000,-338.8277400000000000000000000,btcusdt_microprice_20260415_12_5h_5sessions_hs2.00_rq5000:2026-04-15 14:00:fill-000011:fill-000026:53,btcusdt_microprice_20260415_12_5h_5sessions_hs2.00_rq5000:2026-04-15 14:00:fill-000011:fill-000026:53,US cash open,13:30,4500031,4500031,False,0.3101151478779343270785074432,0.03973033157576906140455057197,0.1922323861420769943572488216
matched_lot,window,2026-04-15 12:00,300000,matched_lot_window_2026_04_15_12_00_300000_3,2,1776264931265,1776264931265,0,-596.0533220000000000000000001,-596.0533220000000000000000001,-338.339722000000,-257.7136000000000000000000001,btcusdt_microprice_20260415_12_5h_5sessions_hs2.00_rq5000:2026-04-15 14:00:fill-000016:fill-000035:58,btcusdt_microprice_20260415_12_5h_5sessions_hs2.00_rq5000:2026-04-15 14:00:fill-000021:fill-000035:60,US cash open,13:30,5131265,5131265,False,0.5455431839647013734854735223,0.06989214082618691065555716997,0.3381681569400774460391389883
matched_lot,window,2026-04-15 12:00,300000,matched_lot_window_2026_04_15_12_00_300000_4,1,1776268404936,1776268404936,0,-300.4181800000000000000000000,-300.4181800000000000000000000,-300.4181800000000000000000000,-300.4181800000000000000000000,btcusdt_microprice_20260415_12_5h_5sessions_hs2.00_rq5000:2026-04-15 15:00:fill-000016:fill-000027:83,btcusdt_microprice_20260415_12_5h_5sessions_hs2.00_rq5000:2026-04-15 15:00:fill-000016:fill-000027:83,US cash open,13:30,8604936,8604936,False,0.2749604513370714354747044124,0.03522649563105155890560591807,0.1704408959604664956437007218
matched_lot,window,2026-04-16 12:00,300000,matched_lot_window_2026_04_16_12_00_300000_1,1,1776347550506,1776347550506,0,-377.6864000000000000000000000,-377.6864000000000000000000000,-377.6864000000000000000000000,-377.6864000000000000000000000,btcusdt_microprice_20260416_12_5h_5sessions_hs2.00_rq5000:2026-04-16 13:00:fill-000021:fill-000022:31,btcusdt_microprice_20260416_12_5h_5sessions_hs2.00_rq5000:2026-04-16 13:00:fill-000021:fill-000022:31,US cash open,13:30,1350506,1350506,True,-0.1097896651818573417799743304,0.04322398127874655046704601826,0.1614415722804942131789937704
matched_lot,window,2026-04-16 12:00,300000,matched_lot_window_2026_04_16_12_00_300000_2,5,1776348529818,1776348648518,118700,-1640.309452000000000000000000,-1640.309452000000000000000000,-363.022498000000,-297.009298000000,btcusdt_microprice_20260416_12_5h_5sessions_hs2.00_rq5000:2026-04-16 14:00:fill-000001:fill-000008:37,btcusdt_microprice_20260416_12_5h_5sessions_hs2.00_rq5000:2026-04-16 14:00:fill-000004:fill-000010:42,US cash open,13:30,2329818,2329818,False,-0.4768215787746551017915561654,0.1877237439436501114244267156,0.7011481932032391240690860181
matched_lot,window,2026-04-16 12:00,300000,matched_lot_window_2026_04_16_12_00_300000_3,1,1776349596225,1776349596225,0,-321.4660020000000000000000000,-321.4660020000000000000000000,-321.4660020000000000000000000,-321.4660020000000000000000000,btcusdt_microprice_20260416_12_5h_5sessions_hs2.00_rq5000:2026-04-16 14:00:fill-000018:fill-000027:55,btcusdt_microprice_20260416_12_5h_5sessions_hs2.00_rq5000:2026-04-16 14:00:fill-000018:fill-000027:55,US cash open,13:30,3396225,3396225,False,-0.09344695685873328400587342214,0.03678988825703414565611183310,0.1374102345162666627519202115
matched_lot,window,2026-04-16 17:00,300000,matched_lot_window_2026_04_16_17_00_300000_1,1,1776359342575,1776359342575,0,-209.35685600000000000000,-209.35685600000000000000,-209.35685600000000000000,-209.35685600000000000000,btcusdt_microprice_20260416_17_5h_5sessions_hs2.00_rq5000:2026-04-16 17:00:fill-000001:fill-000008:3,btcusdt_microprice_20260416_17_5h_5sessions_hs2.00_rq5000:2026-04-16 17:00:fill-000001:fill-000008:3,US cash close,20:00,-10257425,10257425,False,-0.1210583542851198954017907205,0.03573561633412158724902380782,0.1146692772919640329524928478
matched_lot,window,2026-04-16 17:00,300000,matched_lot_window_2026_04_16_17_00_300000_2,2,1776365603210,1776365603210,0,-959.3963099999999999999999998,-959.3963099999999999999999998,-623.6643559999999999999999999,-335.7319539999999999999999999,btcusdt_microprice_20260416_17_5h_5sessions_hs2.00_rq5000:2026-04-16 18:00:fill-000020:fill-000025:40,btcusdt_microprice_20260416_17_5h_5sessions_hs2.00_rq5000:2026-04-16 18:00:fill-000022:fill-000025:41,US cash close,20:00,-3996790,3996790,False,-0.5547606159877406429721316822,0.1637616226264497299197906006,0.5254821055598823373013398878
matched_lot,window,2026-04-16 17:00,300000,matched_lot_window_2026_04_16_17_00_300000_3,1,1776366981313,1776366981313,0,-233.974400000000,-233.974400000000,-233.974400000000,-233.974400000000,btcusdt_microprice_20260416_17_5h_5sessions_hs2.00_rq5000:2026-04-16 19:00:fill-000001:fill-000012:43,btcusdt_microprice_20260416_17_5h_5sessions_hs2.00_rq5000:2026-04-16 19:00:fill-000001:fill-000012:43,US cash close,20:00,-2618687,2618687,False,-0.1352931848042672003762644523,0.03993764307583171722658080049,0.1281528384855994848892827402
matched_lot,window,2026-04-16 17:00,300000,matched_lot_window_2026_04_16_17_00_300000_4,1,1776372857069,1776372857069,0,-219.029002,-219.029002,-219.029002,-219.029002,btcusdt_microprice_20260416_17_5h_5sessions_hs2.00_rq5000:2026-04-16 20:00:fill-000016:fill-000023:83,btcusdt_microprice_20260416_17_5h_5sessions_hs2.00_rq5000:2026-04-16 20:00:fill-000016:fill-000023:83,US cash close,20:00,3257069,3257069,False,-0.1266511688675351245253635760,0.03738657778428593617115462462,0.1199669208125677276959089502
matched_lot,window,2026-04-16 17:00,300000,matched_lot_window_2026_04_16_17_00_300000_5,1,1776375092108,1776375092108,0,-203.9884000000000000000000000,-203.9884000000000000000000000,-203.9884000000000000000000000,-203.9884000000000000000000000,btcusdt_microprice_20260416_17_5h_5sessions_hs2.00_rq5000:2026-04-16 21:00:fill-000012:fill-000020:99,btcusdt_microprice_20260416_17_5h_5sessions_hs2.00_rq5000:2026-04-16 21:00:fill-000012:fill-000020:99,US cash close,20:00,5492108,5492108,False,-0.1179541022399321437611703827,0.03481926189707075075864135120,0.1117288578499864171609755739
matched_lot,window,2026-04-17 12:00,300000,matched_lot_window_2026_04_17_12_00_300000_1,1,1776436724188,1776436724188,0,-649.008798000000,-649.008798000000,-649.008798000000,-649.008798000000,btcusdt_microprice_20260417_12_5h_5sessions_hs2.00_rq5000:2026-04-17 14:00:fill-000005:fill-000022:65,btcusdt_microprice_20260417_12_5h_5sessions_hs2.00_rq5000:2026-04-17 14:00:fill-000005:fill-000022:65,US cash open,13:30,4124188,4124188,False,0.5130446157217644956601377478,0.04749900977251139967367788313,0.1731965201705210149955175747
matched_lot,window,2026-04-17 12:00,300000,matched_lot_window_2026_04_17_12_00_300000_2,4,1776437143765,1776437418615,274850,-3098.230450000000000000000000,-3098.230450000000000000000000,-850.8899819999999999999999999,-723.0336000000000000000000000,btcusdt_microprice_20260417_12_5h_5sessions_hs2.00_rq5000:2026-04-17 14:00:fill-000005:fill-000025:66,btcusdt_microprice_20260417_12_5h_5sessions_hs2.00_rq5000:2026-04-17 14:00:fill-000010:fill-000028:70,US cash open,13:30,4543765,4543765,False,2.449166260204872427912959697,0.2267502056606055307144062491,0.8268034798294789850044824253
