source,run_dir,window,session,row_id,open_fill_id,close_fill_id,open_side,close_side,open_time_ms,close_time_ms,primary_timestamp_ms,hold_time_ms,quantity,net_pnl,realized_pnl,total_fees,inventory_pnl,net_pnl_per_btc,primary_nearest_boundary,primary_nearest_boundary_hhmm_utc,primary_boundary_signed_delta_ms,primary_boundary_abs_delta_ms,primary_within_30m_boundary,open_nearest_boundary,open_nearest_boundary_hhmm_utc,open_boundary_signed_delta_ms,open_boundary_abs_delta_ms,open_within_30m_boundary,close_nearest_boundary,close_nearest_boundary_hhmm_utc,close_boundary_signed_delta_ms,close_boundary_abs_delta_ms,close_within_30m_boundary,pooled_tail_rank,is_pooled_tail_1pct,is_pooled_tail_5pct,is_pooled_tail_10pct,window_tail_rank,is_window_tail_1pct,is_window_tail_5pct,is_window_tail_10pct
matched_lot,btcusdt_microprice_20260413_12_5h_5sessions_hs2.00_rq5000,2026-04-13 12:00,2026-04-13 12:00,btcusdt_microprice_20260413_12_5h_5sessions_hs2.00_rq5000:2026-04-13 12:00:fill-000001:fill-000003:1,fill-000001,fill-000003,buy,sell,1776082171766,1776083601286,1776083601286,1429520,0.0003199999999999999999999999991,-0.06603315135999999999999999982,-0.05695679999999999999999999984,0.009076351359999999999999999975,-0.05787839999999999999999999984,-206.3535980000000000000000000,US cash open,13:30,-3398714,3398714,False,US cash open,13:30,-4828234,4828234,False,US cash open,13:30,-3398714,3398714,False,122,False,False,False,32,False,False,False
matched_lot,btcusdt_microprice_20260413_12_5h_5sessions_hs2.00_rq5000,2026-04-13 12:00,2026-04-13 12:00,btcusdt_microprice_20260413_12_5h_5sessions_hs2.00_rq5000:2026-04-13 12:00:fill-000002:fill-000003:2,fill-000002,fill-000003,buy,sell,1776082507712,1776083601286,1776083601286,1093574,0.0006800000000000000000000000009,-0.1063204480000000000000000002,-0.08704000000000000000000000012,0.01928044800000000000000000003,-0.08840680000000000000000000012,-156.3536000000000000000000001,US cash open,13:30,-3398714,3398714,False,US cash open,13:30,-4492288,4492288,False,US cash open,13:30,-3398714,3398714,False,159,False,False,False,43,False,False,False
matched_lot,btcusdt_microprice_20260413_12_5h_5sessions_hs2.00_rq5000,2026-04-13 12:00,2026-04-13 12:00,btcusdt_microprice_20260413_12_5h_5sessions_hs2.00_rq5000:2026-04-13 12:00:fill-000002:fill-000004:3,fill-000002,fill-000004,buy,sell,1776082507712,1776083601421,1776083601421,1093709,0.00016000,-0.02430951744000000000000000000,-0.0197728000000000,0.004536717440000000000000000000,-0.0199024000000000,-151.934484000000000000000,US cash open,13:30,-3398579,3398579,False,US cash open,13:30,-4492288,4492288,False,US cash open,13:30,-3398579,3398579,False,166,False,False,False,45,False,False,False
matched_lot,btcusdt_microprice_20260413_12_5h_5sessions_hs2.00_rq5000,2026-04-13 12:00,2026-04-13 12:00,btcusdt_microprice_20260413_12_5h_5sessions_hs2.00_rq5000:2026-04-13 12:00:fill-000002:fill-000007:4,fill-000002,fill-000007,buy,sell,1776082507712,1776084359391,1776084359391,1851679,0.0001599999999999999999999999991,-0.01413875199999999999999999992,-0.009599999999999999999999999946,0.004538751999999999999999999974,-0.009921599999999999999999999944,-88.36720000000000000000000000,US cash open,13:30,-2640609,2640609,False,US cash open,13:30,-4492288,4492288,False,US cash open,13:30,-2640609,2640609,False,238,False,False,False,58,False,False,False
matched_lot,btcusdt_microprice_20260413_12_5h_5sessions_hs2.00_rq5000,2026-04-13 12:00,2026-04-13 12:00,btcusdt_microprice_20260413_12_5h_5sessions_hs2.00_rq5000:2026-04-13 12:00:fill-000005:fill-000007:5,fill-000005,fill-000007,buy,sell,1776084079965,1776084359391,1776084359391,279426,0.0008400000000000000000000000009,0.04003440000000000000000000005,0.06384000000000000000000000007,0.02380560000000000000000000002,0.06215160000000000000000000007,47.66000000000000000000000001,US cash open,13:30,-2640609,2640609,False,US cash open,13:30,-2920035,2920035,False,US cash open,13:30,-2640609,2640609,False,458,False,False,False,104,False,False,False
matched_lot,btcusdt_microprice_20260413_12_5h_5sessions_hs2.00_rq5000,2026-04-13 12:00,2026-04-13 12:00,btcusdt_microprice_20260413_12_5h_5sessions_hs2.00_rq5000:2026-04-13 12:00:fill-000005:fill-000009:6,fill-000005,fill-000009,buy,sell,1776084079965,1776084859180,1776084859180,779215,0.0001599999999999999999999999991,0.05593593599999999999999999968,0.06047999999999999999999999966,0.004544063999999999999999999976,0.05929759999999999999999999967,349.5996000000000000000000000,US cash open,13:30,-2140820,2140820,False,US cash open,13:30,-2920035,2920035,False,US cash open,13:30,-2140820,2140820,False,660,False,False,False,121,False,False,False
matched_lot,btcusdt_microprice_20260413_12_5h_5sessions_hs2.00_rq5000,2026-04-13 12:00,2026-04-13 12:00,btcusdt_microprice_20260413_12_5h_5sessions_hs2.00_rq5000:2026-04-13 12:00:fill-000006:fill-000009:7,fill-000006,fill-000009,buy,sell,1776084127293,1776084859180,1776084859180,731887,0.0000011394101876675603217158199,0.0004005368473190348525469176654,0.0004328961126005361930294914546,0.00003235926528150134048257378918,0.0004221970509383378016085799057,351.5299860000000000000000000,US cash open,13:30,-2140820,2140820,False,US cash open,13:30,-2872707,2872707,False,US cash open,13:30,-2140820,2140820,False,661,False,False,False,122,False,False,False
matched_lot,btcusdt_microprice_20260413_12_5h_5sessions_hs2.00_rq5000,2026-04-13 12:00,2026-04-13 12:00,btcusdt_microprice_20260413_12_5h_5sessions_hs2.00_rq5000:2026-04-13 12:00:fill-000006:fill-000010:8,fill-000006,fill-000010,buy,sell,1776084127293,1776084926235,1776084926235,798942,0.0000788605898123324396782841801,0.02945644802195710455764074985,0.03169643686327077747989276051,0.002239988841313672922252010662,0.03105884899463806970509383292,373.5255860000000000000000000,US cash open,13:30,-2073765,2073765,False,US cash open,13:30,-2872707,2872707,False,US cash open,13:30,-2073765,2073765,False,670,False,False,False,123,False,False,False
matched_lot,btcusdt_microprice_20260413_12_5h_5sessions_hs2.00_rq5000,2026-04-13 12:00,2026-04-13 12:00,btcusdt_microprice_20260413_12_5h_5sessions_hs2.00_rq5000:2026-04-13 12:00:fill-000008:fill-000010:9,fill-000008,fill-000010,buy,sell,1776084857815,1776084926235,1776084926235,68420,0.00000012759170653907496012759355,-0.000000315100223285486443381184775,0.000003318660287081339712918708236,0.000003633760510366826156299893011,0.000002502711323763955342902747484,-2.469597999999999999999999993,US cash open,13:30,-2073765,2073765,False,US cash open,13:30,-2142185,2142185,False,US cash open,13:30,-2073765,2073765,False,397,False,False,False,96,False,False,False
matched_lot,btcusdt_microprice_20260413_12_5h_5sessions_hs2.00_rq5000,2026-04-13 12:00,2026-04-13 12:00,btcusdt_microprice_20260413_12_5h_5sessions_hs2.00_rq5000:2026-04-13 12:00:fill-000010:fill-000011:10,fill-000010,fill-000011,sell,buy,1776084926235,1776084966065,1776084966065,39830,0.0007210118184811284853615882264,0.03859691626220437762698239629,0.05912296911545253579965023456,0.02052605285324815817266783827,0.05338010998125034741374518433,53.53159999999999999999999999,US cash open,13:30,-2033935,2033935,False,US cash open,13:30,-2073765,2073765,False,US cash open,13:30,-2033935,2033935,False,469,False,False,False,105,False,False,False
matched_lot,btcusdt_microprice_20260413_12_5h_5sessions_hs2.00_rq5000,2026-04-13 12:00,2026-04-13 12:00,btcusdt_microprice_20260413_12_5h_5sessions_hs2.00_rq5000:2026-04-13 12:00:fill-000011:fill-000013:11,fill-000011,fill-000013,buy,sell,1776084966065,1776085043407,1776085043407,77342,0.0002789881815188715146384117736,-0.01927916246924013665653287493,-0.01134365946055731578519782271,0.007935503008682820871335052219,-0.01385455309422715941694352867,-69.10386799999999999999999999,US cash open,13:30,-1956593,1956593,False,US cash open,13:30,-2033935,2033935,False,US cash open,13:30,-1956593,1956593,False,272,False,False,False,69,False,False,False
matched_lot,btcusdt_microprice_20260413_12_5h_5sessions_hs2.00_rq5000,2026-04-13 12:00,2026-04-13 12:00,btcusdt_microprice_20260413_12_5h_5sessions_hs2.00_rq5000:2026-04-13 12:00:fill-000012:fill-000013:12,fill-000012,fill-000013,buy,sell,1776084996815,1776085043407,1776085043407,46592,0.00008000,-0.00367833952000000000,-0.0014032000000000,0.00227513952000000000,-0.0021328000000000,-45.979244000000,US cash open,13:30,-1956593,1956593,False,US cash open,13:30,-2003185,2003185,False,US cash open,13:30,-1956593,1956593,False,308,False,False,False,81,False,False,False
matched_lot,btcusdt_microprice_20260413_12_5h_5sessions_hs2.00_rq5000,2026-04-13 12:00,2026-04-13 12:00,btcusdt_microprice_20260413_12_5h_5sessions_hs2.00_rq5000:2026-04-13 12:00:fill-000013:fill-000014:13,fill-000013,fill-000014,sell,buy,1776085043407,1776085166365,1776085166365,122958,0.00008000,-0.002007605440000000000000000000,0.0002672000000000,0.002274805440000000000000000000,-0.0004624000000000,-25.0950680000000000000000,US cash open,13:30,-1833635,1833635,False,US cash open,13:30,-1956593,1956593,False,US cash open,13:30,-1833635,1833635,False,355,False,False,False,92,False,False,False
matched_lot,btcusdt_microprice_20260413_12_5h_5sessions_hs2.00_rq5000,2026-04-13 12:00,2026-04-13 13:00,btcusdt_microprice_20260413_12_5h_5sessions_hs2.00_rq5000:2026-04-13 13:00:fill-000001:fill-000002:14,fill-000001,fill-000002,buy,sell,1776085223050,1776085366493,1776085366493,143443,0.001,0.023944200000000,0.05240000000,0.028455800000000,0.05039000000,23.944200000000,US cash open,13:30,-1633507,1633507,True,US cash open,13:30,-1776950,1776950,True,US cash open,13:30,-1633507,1633507,True,439,False,False,False,101,False,False,False
matched_lot,btcusdt_microprice_20260413_12_5h_5sessions_hs2.00_rq5000,2026-04-13 12:00,2026-04-13 13:00,btcusdt_microprice_20260413_12_5h_5sessions_hs2.00_rq5000:2026-04-13 13:00:fill-000003:fill-000009:15,fill-000003,fill-000009,sell,buy,1776085709348,1776086324008,1776086324008,614660,0.00008000000000000000000000000,-0.008033915200000000000000000000,-0.005758400000000000000000000000,0.00227551520000000000000000,-0.006079200000000000000000000000,-100.42394,US cash open,13:30,-675992,675992,True,US cash open,13:30,-1290652,1290652,True,US cash open,13:30,-675992,675992,True,221,False,False,False,54,False,False,False
matched_lot,btcusdt_microprice_20260413_12_5h_5sessions_hs2.00_rq5000,2026-04-13 12:00,2026-04-13 13:00,btcusdt_microprice_20260413_12_5h_5sessions_hs2.00_rq5000:2026-04-13 13:00:fill-000004:fill-000010:16,fill-000004,fill-000010,sell,buy,1776085834082,1776086605047,1776086605047,770965,0.00086000,-0.10875869600000000000,-0.0842800000000000,0.02447869600000000000,-0.0877286000000000,-126.463600000000,US cash open,13:30,-394953,394953,True,US cash open,13:30,-1165918,1165918,True,US cash open,13:30,-394953,394953,True,191,False,False,False,50,False,False,False
matched_lot,btcusdt_microprice_20260413_12_5h_5sessions_hs2.00_rq5000,2026-04-13 12:00,2026-04-13 13:00,btcusdt_microprice_20260413_12_5h_5sessions_hs2.00_rq5000:2026-04-13 13:00:fill-000005:fill-000010:17,fill-000005,fill-000010,sell,buy,1776086050139,1776086605047,1776086605047,554908,0.00014000,-0.007626920000000000000000000001,-0.0036400000000000,0.003986920000000000000000000001,-0.0039214000000000,-54.47800000000000000000000001,US cash open,13:30,-394953,394953,True,US cash open,13:30,-949861,949861,True,US cash open,13:30,-394953,394953,True,295,False,False,False,77,False,False,False
matched_lot,btcusdt_microprice_20260413_12_5h_5sessions_hs2.00_rq5000,2026-04-13 12:00,2026-04-13 13:00,btcusdt_microprice_20260413_12_5h_5sessions_hs2.00_rq5000:2026-04-13 13:00:fill-000005:fill-000013:18,fill-000005,fill-000013,sell,buy,1776086050139,1776087301306,1776087301306,1251167,0.0008543100278973205596764775848,0.05646656957800436841763802685,0.08077501313769165891741095564,0.02430844355968729049977292879,0.08076647003741268571181419086,66.09610999999999999999999999,US cash open,13:30,301306,301306,True,US cash open,13:30,-949861,949861,True,US cash open,13:30,301306,301306,True,486,False,False,False,109,False,False,False
matched_lot,btcusdt_microprice_20260413_12_5h_5sessions_hs2.00_rq5000,2026-04-13 12:00,2026-04-13 13:00,btcusdt_microprice_20260413_12_5h_5sessions_hs2.00_rq5000:2026-04-13 13:00:fill-000006:fill-000013:19,fill-000006,fill-000013,sell,buy,1776086063489,1776087301306,1776087301306,1237817,0.0001456899721026794403235224152,0.01050350542664518500897471941,0.01464912669492441772453017885,0.004145621268279232715555459442,0.01435628985099803204947989880,72.09491000000000000000000002,US cash open,13:30,301306,301306,True,US cash open,13:30,-936511,936511,True,US cash open,13:30,301306,301306,True,500,False,False,False,110,False,False,False
matched_lot,btcusdt_microprice_20260413_12_5h_5sessions_hs2.00_rq5000,2026-04-13 12:00,2026-04-13 13:00,btcusdt_microprice_20260413_12_5h_5sessions_hs2.00_rq5000:2026-04-13 13:00:fill-000006:fill-000015:20,fill-000006,fill-000015,sell,buy,1776086063489,1776087458283,1776087458283,1394794,0.0008543100278973205596764775848,0.1158082170376938215004000778,0.1401068445751605717869423239,0.02429862753746675028654224606,0.1376976902964901278086546571,135.5575999999999999999999999,US cash open,13:30,458283,458283,True,US cash open,13:30,-936511,936511,True,US cash open,13:30,458283,458283,True,548,False,False,False,114,False,False,False
matched_lot,btcusdt_microprice_20260413_12_5h_5sessions_hs2.00_rq5000,2026-04-13 12:00,2026-04-13 13:00,btcusdt_microprice_20260413_12_5h_5sessions_hs2.00_rq5000:2026-04-13 13:00:fill-000007:fill-000015:21,fill-000007,fill-000015,sell,buy,1776086074724,1776087458283,1776087458283,1383559,0.0001456899721026794403235224152,0.02087679781830410241993036484,0.02502079580891416708116173959,0.004143997990610064661231374754,0.02460995008758461105944940638,143.2960520000000000000000001,US cash open,13:30,458283,458283,True,US cash open,13:30,-925276,925276,True,US cash open,13:30,458283,458283,True,553,False,False,False,115,False,False,False
matched_lot,btcusdt_microprice_20260413_12_5h_5sessions_hs2.00_rq5000,2026-04-13 12:00,2026-04-13 13:00,btcusdt_microprice_20260413_12_5h_5sessions_hs2.00_rq5000:2026-04-13 13:00:fill-000007:fill-000017:22,fill-000007,fill-000017,sell,buy,1776086074724,1776088153241,1776088153241,2078517,0.0000143100278973205596764775848,-0.002665956108006747258926061283,-0.002257979301918211111351398106,0.0004079768060885361475746631773,-0.002315362513786466555654073222,-186.2998540000000000000000000,US cash open,13:30,1153241,1153241,True,US cash open,13:30,-925276,925276,True,US cash open,13:30,1153241,1153241,True,136,False,False,False,36,False,False,False
matched_lot,btcusdt_microprice_20260413_12_5h_5sessions_hs2.00_rq5000,2026-04-13 12:00,2026-04-13 13:00,btcusdt_microprice_20260413_12_5h_5sessions_hs2.00_rq5000:2026-04-13 13:00:fill-000008:fill-000017:23,fill-000008,fill-000017,sell,buy,1776086203259,1776088153241,1776088153241,1949982,0.0002256899721026794403235224185,-0.04965926555480590817672628261,-0.04322640035682619320516424882,0.006432865197979714971562033789,-0.04368003720075257888021452888,-220.0331060000000000000000000,US cash open,13:30,1153241,1153241,True,US cash open,13:30,-796741,796741,True,US cash open,13:30,1153241,1153241,True,111,False,False,False,29,False,False,False
matched_lot,btcusdt_microprice_20260413_12_5h_5sessions_hs2.00_rq5000,2026-04-13 12:00,2026-04-13 13:00,btcusdt_microprice_20260413_12_5h_5sessions_hs2.00_rq5000:2026-04-13 13:00:fill-000008:fill-000018:24,fill-000008,fill-000018,sell,buy,1776086203259,1776088291247,1776088291247,2087988,0.000070000,-0.02173578386000000000000000000,-0.01973930000000000,0.001996483860000000000000000000,-0.01988000000000000,-310.51119800000000000000,US cash open,13:30,1291247,1291247,True,US cash open,13:30,-796741,796741,True,US cash open,13:30,1291247,1291247,True,64,False,False,True,15,False,False,False
matched_lot,btcusdt_microprice_20260413_12_5h_5sessions_hs2.00_rq5000,2026-04-13 12:00,2026-04-13 13:00,btcusdt_microprice_20260413_12_5h_5sessions_hs2.00_rq5000:2026-04-13 13:00:fill-000008:fill-000019:25,fill-000008,fill-000019,sell,buy,1776086203259,1776088384374,1776088384374,2181115,0.0007043100278973205596764775815,-0.2012046349295214203845072546,-0.1811203667740749551264029749,0.02008426815544646525810427966,-0.1811274098743539283319997397,-285.6762320000000000000000001,US cash open,13:30,1384374,1384374,True,US cash open,13:30,-796741,796741,True,US cash open,13:30,1384374,1384374,True,71,False,False,False,17,False,False,False
matched_lot,btcusdt_microprice_20260413_12_5h_5sessions_hs2.00_rq5000,2026-04-13 12:00,2026-04-13 13:00,btcusdt_microprice_20260413_12_5h_5sessions_hs2.00_rq5000:2026-04-13 13:00:fill-000011:fill-000019:26,fill-000011,fill-000019,sell,buy,1776087071613,1776088384374,1776088384374,1312761,0.0002956899721026794403235224185,-0.08920169041621072208646006891,-0.08077067277956791591877338384,0.008431017636642806167686685072,-0.08103383685473930062066131879,-301.6730320000000000000000000,US cash open,13:30,1384374,1384374,True,US cash open,13:30,71613,71613,True,US cash open,13:30,1384374,1384374,True,66,False,False,True,16,False,False,False
matched_lot,btcusdt_microprice_20260413_12_5h_5sessions_hs2.00_rq5000,2026-04-13 12:00,2026-04-13 13:00,btcusdt_microprice_20260413_12_5h_5sessions_hs2.00_rq5000:2026-04-13 13:00:fill-000011:fill-000021:27,fill-000011,fill-000021,sell,buy,1776087071613,1776088622397,1776088622397,1550784,0.0005843100278973205596764775815,-0.2807836384651248891676218059,-0.2641022895093099197681711021,0.01668134895581496939945070382,-0.2646982857377651867390411093,-480.5387980000000000000000000,US cash open,13:30,1622397,1622397,True,US cash open,13:30,71613,71613,True,US cash open,13:30,1622397,1622397,True,33,False,True,True,8,False,False,True
matched_lot,btcusdt_microprice_20260413_12_5h_5sessions_hs2.00_rq5000,2026-04-13 12:00,2026-04-13 13:00,btcusdt_microprice_20260413_12_5h_5sessions_hs2.00_rq5000:2026-04-13 13:00:fill-000012:fill-000021:28,fill-000012,fill-000021,sell,buy,1776087071665,1776088622397,1776088622397,1550732,0.00012000,-0.05766465576000000000,-0.0542388000000000,0.00342585576000000000,-0.0542340000000000,-480.538798000000,US cash open,13:30,1622397,1622397,True,US cash open,13:30,71665,71665,True,US cash open,13:30,1622397,1622397,True,34,False,True,True,9,False,False,True
matched_lot,btcusdt_microprice_20260413_12_5h_5sessions_hs2.00_rq5000,2026-04-13 12:00,2026-04-13 13:00,btcusdt_microprice_20260413_12_5h_5sessions_hs2.00_rq5000:2026-04-13 13:00:fill-000014:fill-000021:29,fill-000014,fill-000021,sell,buy,1776087414714,1776088622397,1776088622397,1207683,0.0002956899721026794403235224185,-0.1763836805314331437468912890,-0.1679489472546008953093574985,0.008434733276832248437533790454,-0.1679903438506952704310027916,-596.5155980000000000000000002,US cash open,13:30,1622397,1622397,True,US cash open,13:30,414714,414714,True,US cash open,13:30,1622397,1622397,True,21,False,True,True,5,False,True,True
matched_lot,btcusdt_microprice_20260413_12_5h_5sessions_hs2.00_rq5000,2026-04-13 12:00,2026-04-13 13:00,btcusdt_microprice_20260413_12_5h_5sessions_hs2.00_rq5000:2026-04-13 13:00:fill-000014:fill-000023:30,fill-000014,fill-000023,sell,buy,1776087414714,1776088699462,1776088699462,1284748,0.00007002610270615810782015768221,-0.04205182296308011932665672312,-0.04005423048689537609205199265,0.001997592476184743234604730465,-0.04019218190922650756445770329,-600.5163980000000000000000001,US cash open,13:30,1699462,1699462,True,US cash open,13:30,414714,414714,True,US cash open,13:30,1699462,1699462,True,20,False,True,True,4,False,True,True
matched_lot,btcusdt_microprice_20260413_12_5h_5sessions_hs2.00_rq5000,2026-04-13 12:00,2026-04-13 14:00,btcusdt_microprice_20260413_12_5h_5sessions_hs2.00_rq5000:2026-04-13 14:00:fill-000001:fill-000003:31,fill-000001,fill-000003,sell,buy,1776088842597,1776088868432,1776088868432,25835,0.00007000,-0.00613811814000000000,-0.0041307000000000,0.00200741814000000000,-0.0046606000000000,-87.687402000000,US cash open,13:30,1868432,1868432,False,US cash open,13:30,1842597,1842597,False,US cash open,13:30,1868432,1868432,False,240,False,False,False,59,False,False,False
matched_lot,btcusdt_microprice_20260413_12_5h_5sessions_hs2.00_rq5000,2026-04-13 12:00,2026-04-13 14:00,btcusdt_microprice_20260413_12_5h_5sessions_hs2.00_rq5000:2026-04-13 14:00:fill-000001:fill-000005:32,fill-000001,fill-000005,sell,buy,1776088842597,1776088916802,1776088916802,74205,0.00007000,0.00247500414000000000,0.0044807000000000,0.00200569586000000000,0.0039508000000000,35.357202000000,US cash open,13:30,1916802,1916802,False,US cash open,13:30,1842597,1842597,False,US cash open,13:30,1916802,1916802,False,448,False,False,False,102,False,False,False
matched_lot,btcusdt_microprice_20260413_12_5h_5sessions_hs2.00_rq5000,2026-04-13 12:00,2026-04-13 14:00,btcusdt_microprice_20260413_12_5h_5sessions_hs2.00_rq5000:2026-04-13 14:00:fill-000001:fill-000006:33,fill-000001,fill-000006,sell,buy,1776088842597,1776089030829,1776089030829,188232,0.00024000,0.03490301088000000000,0.0417744000000000,0.00687138912000000000,0.0399576000000000,145.429212000000,US cash open,13:30,2030829,2030829,False,US cash open,13:30,1842597,1842597,False,US cash open,13:30,2030829,2030829,False,554,False,False,False,116,False,False,False
matched_lot,btcusdt_microprice_20260413_12_5h_5sessions_hs2.00_rq5000,2026-04-13 12:00,2026-04-13 14:00,btcusdt_microprice_20260413_12_5h_5sessions_hs2.00_rq5000:2026-04-13 14:00:fill-000001:fill-000007:34,fill-000001,fill-000007,sell,buy,1776088842597,1776089032860,1776089032860,190263,0.00062000,0.09016611144000000000,0.1079172000000000,0.01775108856000000000,0.1044638000000000,145.429212000000,US cash open,13:30,2032860,2032860,False,US cash open,13:30,1842597,1842597,False,US cash open,13:30,2032860,2032860,False,555,False,False,False,117,False,False,False
matched_lot,btcusdt_microprice_20260413_12_5h_5sessions_hs2.00_rq5000,2026-04-13 12:00,2026-04-13 14:00,btcusdt_microprice_20260413_12_5h_5sessions_hs2.00_rq5000:2026-04-13 14:00:fill-000002:fill-000007:35,fill-000002,fill-000007,sell,buy,1776088843711,1776089032860,1776089032860,189149,0.00007000,0.01073923298000000000,0.0127435000000000,0.00200426702000000000,0.0126028000000000,153.417614000000,US cash open,13:30,2032860,2032860,False,US cash open,13:30,1843711,1843711,False,US cash open,13:30,2032860,2032860,False,560,False,False,False,119,False,False,False
matched_lot,btcusdt_microprice_20260413_12_5h_5sessions_hs2.00_rq5000,2026-04-13 12:00,2026-04-13 14:00,btcusdt_microprice_20260413_12_5h_5sessions_hs2.00_rq5000:2026-04-13 14:00:fill-000004:fill-000007:36,fill-000004,fill-000007,sell,buy,1776088913057,1776089032860,1776089032860,119803,0.00007000,0.005265627920000000000000000000,0.0072688000000000,0.002003172080000000000000000000,0.0072310000000000,75.2232560000000000000000,US cash open,13:30,2032860,2032860,False,US cash open,13:30,1913057,1913057,False,US cash open,13:30,2032860,2032860,False,505,False,False,False,111,False,False,False
matched_lot,btcusdt_microprice_20260413_12_5h_5sessions_hs2.00_rq5000,2026-04-13 12:00,2026-04-13 14:00,btcusdt_microprice_20260413_12_5h_5sessions_hs2.00_rq5000:2026-04-13 14:00:fill-000004:fill-000008:37,fill-000004,fill-000008,sell,buy,1776088913057,1776089051766,1776089051766,138709,0.00008000,0.004493555680000000000000000000,0.0067832000000000,0.002289644320000000000000000000,0.0067392000000000,56.1694460000000000000000,US cash open,13:30,2051766,2051766,False,US cash open,13:30,1913057,1913057,False,US cash open,13:30,2051766,2051766,False,474,False,False,False,106,False,False,False
matched_lot,btcusdt_microprice_20260413_12_5h_5sessions_hs2.00_rq5000,2026-04-13 12:00,2026-04-13 14:00,btcusdt_microprice_20260413_12_5h_5sessions_hs2.00_rq5000:2026-04-13 14:00:fill-000004:fill-000016:38,fill-000004,fill-000016,sell,buy,1776088913057,1776089689465,1776089689465,776408,0.0001299999999999999999999999989,-0.007911014019999999999999999933,-0.004187299999999999999999999965,0.003723714019999999999999999968,-0.004419999999999999999999999963,-60.85395400000000000000000000,US cash open,13:30,2689465,2689465,False,US cash open,13:30,1913057,1913057,False,US cash open,13:30,2689465,2689465,False,286,False,False,False,71,False,False,False
matched_lot,btcusdt_microprice_20260413_12_5h_5sessions_hs2.00_rq5000,2026-04-13 12:00,2026-04-13 14:00,btcusdt_microprice_20260413_12_5h_5sessions_hs2.00_rq5000:2026-04-13 14:00:fill-000004:fill-000017:39,fill-000004,fill-000017,sell,buy,1776088913057,1776089715810,1776089715810,802753,0.0000700000000000000000000000033,-0.003841093060000000000000000182,-0.001836100000000000000000000087,0.002004993060000000000000000095,-0.002013900000000000000000000096,-54.87275800000000000000000001,US cash open,13:30,2715810,2715810,False,US cash open,13:30,1913057,1913057,False,US cash open,13:30,2715810,2715810,False,293,False,False,False,75,False,False,False
matched_lot,btcusdt_microprice_20260413_12_5h_5sessions_hs2.00_rq5000,2026-04-13 12:00,2026-04-13 14:00,btcusdt_microprice_20260413_12_5h_5sessions_hs2.00_rq5000:2026-04-13 14:00:fill-000009:fill-000017:40,fill-000009,fill-000017,sell,buy,1776089104499,1776089715810,1776089715810,611311,0.0002459944367176634214186369925,-0.02918478046417246175243393562,-0.02214195924895688456189151569,0.007042821215215577190542419935,-0.02274956550764951321279554906,-118.6400020000000000000000000,US cash open,13:30,2715810,2715810,False,US cash open,13:30,2104499,2104499,False,US cash open,13:30,2715810,2715810,False,198,False,False,False,51,False,False,False
matched_lot,btcusdt_microprice_20260413_12_5h_5sessions_hs2.00_rq5000,2026-04-13 12:00,2026-04-13 14:00,btcusdt_microprice_20260413_12_5h_5sessions_hs2.00_rq5000:2026-04-13 14:00:fill-000009:fill-000019:41,fill-000009,fill-000019,sell,buy,1776089104499,1776089733351,1776089733351,628852,0.00008000,-0.01092908768000000000000000000,-0.0086384000000000,0.002290687679999999999999999999,-0.0088360000000000,-136.613596000000000000000,US cash open,13:30,2733351,2733351,False,US cash open,13:30,2104499,2104499,False,US cash open,13:30,2733351,2733351,False,179,False,False,False,47,False,False,False
matched_lot,btcusdt_microprice_20260413_12_5h_5sessions_hs2.00_rq5000,2026-04-13 12:00,2026-04-13 14:00,btcusdt_microprice_20260413_12_5h_5sessions_hs2.00_rq5000:2026-04-13 14:00:fill-000009:fill-000021:42,fill-000009,fill-000021,sell,buy,1776089104499,1776089884301,1776089884301,779802,0.00040000,0.00535856000000000000000000000,0.0168000000000000,0.01144144000000000000000000000,0.0132800000000000,13.396400000000000000000,US cash open,13:30,2884301,2884301,False,US cash open,13:30,2104499,2104499,False,US cash open,13:30,2884301,2884301,False,421,False,False,False,99,False,False,False
matched_lot,btcusdt_microprice_20260413_12_5h_5sessions_hs2.00_rq5000,2026-04-13 12:00,2026-04-13 14:00,btcusdt_microprice_20260413_12_5h_5sessions_hs2.00_rq5000:2026-04-13 14:00:fill-000009:fill-000025:43,fill-000009,fill-000025,sell,buy,1776089104499,1776089975659,1776089975659,871160,0.0002740055632823365785813630075,0.01134711893465924895688456204,0.01918312948539638386648122416,0.007836010550737134909596662124,0.01850633574408901251738525753,41.41200200000000000000000004,US cash open,13:30,2975659,2975659,False,US cash open,13:30,2104499,2104499,False,US cash open,13:30,2975659,2975659,False,451,False,False,False,103,False,False,False
matched_lot,btcusdt_microprice_20260413_12_5h_5sessions_hs2.00_rq5000,2026-04-13 12:00,2026-04-13 14:00,btcusdt_microprice_20260413_12_5h_5sessions_hs2.00_rq5000:2026-04-13 14:00:fill-000010:fill-000025:44,fill-000010,fill-000025,sell,buy,1776089314842,1776089975659,1776089975659,660817,0.0000859944367176634214186369925,-0.001870840100778859527121001318,0.0005873420027816411682892906588,0.002458182103560500695410291977,0.0004144931849791376912378303038,-21.75536200000000000000000000,US cash open,13:30,2975659,2975659,False,US cash open,13:30,2314842,2314842,False,US cash open,13:30,2975659,2975659,False,362,False,False,False,94,False,False,False
matched_lot,btcusdt_microprice_20260413_12_5h_5sessions_hs2.00_rq5000,2026-04-13 12:00,2026-04-13 14:00,btcusdt_microprice_20260413_12_5h_5sessions_hs2.00_rq5000:2026-04-13 14:00:fill-000010:fill-000027:45,fill-000010,fill-000027,sell,buy,1776089314842,1776090379965,1776090379965,1065123,0.0009140055632823365785813630075,-0.1551935417133240611961057029,-0.1290393054242002781641168294,0.02615423628912378303198887353,-0.1290484454798331015299026430,-169.7949640000000000000000000,US cash open,13:30,3379965,3379965,False,US cash open,13:30,2314842,2314842,False,US cash open,13:30,3379965,3379965,False,149,False,False,False,39,False,False,False
matched_lot,btcusdt_microprice_20260413_12_5h_5sessions_hs2.00_rq5000,2026-04-13 12:00,2026-04-13 14:00,btcusdt_microprice_20260413_12_5h_5sessions_hs2.00_rq5000:2026-04-13 14:00:fill-000011:fill-000027:46,fill-000011,fill-000027,sell,buy,1776089337615,1776090379965,1776090379965,1042350,0.0000859944367176634214186369925,-0.01088892515716272600834492308,-0.008427454798331015299026425265,0.002461470358831710709318497819,-0.008457552851182197496522948212,-126.6236000000000000000000000,US cash open,13:30,3379965,3379965,False,US cash open,13:30,2337615,2337615,False,US cash open,13:30,3379965,3379965,False,190,False,False,False,49,False,False,False
matched_lot,btcusdt_microprice_20260413_12_5h_5sessions_hs2.00_rq5000,2026-04-13 12:00,2026-04-13 14:00,btcusdt_microprice_20260413_12_5h_5sessions_hs2.00_rq5000:2026-04-13 14:00:fill-000011:fill-000029:47,fill-000011,fill-000029,sell,buy,1776089337615,1776090401439,1776090401439,1063824,0.0003542219187177934188238800705,-0.04980941030274488906311941190,-0.03966931267720568497408632910,0.01014009762553920408903308280,-0.04050173418619249950832244726,-140.6163980000000000000000000,US cash open,13:30,3401439,3401439,False,US cash open,13:30,2337615,2337615,False,US cash open,13:30,3401439,3401439,False,175,False,False,False,46,False,False,False
matched_lot,btcusdt_microprice_20260413_12_5h_5sessions_hs2.00_rq5000,2026-04-13 12:00,2026-04-13 14:00,btcusdt_microprice_20260413_12_5h_5sessions_hs2.00_rq5000:2026-04-13 14:00:fill-000011:fill-000033:48,fill-000011,fill-000033,sell,buy,1776089337615,1776090498979,1776090498979,1161364,0.00006999999999999999999999999878,-0.01516421185999999999999999974,-0.01315929999999999999999999977,0.002004911859999999999999999965,-0.01332379999999999999999999977,-216.6315980000000000000000001,US cash open,13:30,3498979,3498979,False,US cash open,13:30,2337615,2337615,False,US cash open,13:30,3498979,3498979,False,116,False,False,False,31,False,False,False
matched_lot,btcusdt_microprice_20260413_12_5h_5sessions_hs2.00_rq5000,2026-04-13 12:00,2026-04-13 14:00,btcusdt_microprice_20260413_12_5h_5sessions_hs2.00_rq5000:2026-04-13 14:00:fill-000011:fill-000038:49,fill-000011,fill-000038,sell,buy,1776089337615,1776090686315,1776090686315,1348700,0.0004897836445645431597574829382,-0.1002240343807595260175596081,-0.08619702360691395068571942229,0.01402701077384557533184018585,-0.08734801517164062711114950719,-204.6291979999999999999999999,US cash open,13:30,3686315,3686315,False,US cash open,13:30,2337615,2337615,False,US cash open,13:30,3686315,3686315,False,123,False,False,False,33,False,False,False
matched_lot,btcusdt_microprice_20260413_12_5h_5sessions_hs2.00_rq5000,2026-04-13 12:00,2026-04-13 14:00,btcusdt_microprice_20260413_12_5h_5sessions_hs2.00_rq5000:2026-04-13 14:00:fill-000012:fill-000038:50,fill-000012,fill-000038,sell,buy,1776089422916,1776090686315,1776090686315,1263399,0.0000702163554354568402425170662,-0.01605317199118534795542763827,-0.01404256892353701348010098807,0.002010603067648334475326650196,-0.01426936775159353907408431820,-228.6243980000000000000000001,US cash open,13:30,3686315,3686315,False,US cash open,13:30,2422916,2422916,False,US cash open,13:30,3686315,3686315,False,102,False,False,False,25,False,False,False
matched_lot,btcusdt_microprice_20260413_12_5h_5sessions_hs2.00_rq5000,2026-04-13 12:00,2026-04-13 14:00,btcusdt_microprice_20260413_12_5h_5sessions_hs2.00_rq5000:2026-04-13 14:00:fill-000012:fill-000039:51,fill-000012,fill-000039,sell,buy,1776089422916,1776090832622,1776090832622,1409706,0.00008000,-0.02049119200000000000000000000,-0.0182000000000000,0.002291192000000000000000000000,-0.0184560000000000,-256.139900000000000000000,US cash open,13:30,3832622,3832622,False,US cash open,13:30,2422916,2422916,False,US cash open,13:30,3832622,3832622,False,85,False,False,False,19,False,False,False
matched_lot,btcusdt_microprice_20260413_12_5h_5sessions_hs2.00_rq5000,2026-04-13 12:00,2026-04-13 14:00,btcusdt_microprice_20260413_12_5h_5sessions_hs2.00_rq5000:2026-04-13 14:00:fill-000012:fill-000040:52,fill-000012,fill-000040,sell,buy,1776089422916,1776090835012,1776090835012,1412096,0.00008000,-0.02049119200000000000000000000,-0.0182000000000000,0.002291192000000000000000000000,-0.0184584000000000,-256.139900000000000000000,US cash open,13:30,3835012,3835012,False,US cash open,13:30,2422916,2422916,False,US cash open,13:30,3835012,3835012,False,86,False,False,False,20,False,False,False
matched_lot,btcusdt_microprice_20260413_12_5h_5sessions_hs2.00_rq5000,2026-04-13 12:00,2026-04-13 14:00,btcusdt_microprice_20260413_12_5h_5sessions_hs2.00_rq5000:2026-04-13 14:00:fill-000012:fill-000041:53,fill-000012,fill-000041,sell,buy,1776089422916,1776090843312,1776090843312,1420396,0.00008000,-0.01980945568000000000000000000,-0.0175184000000000,0.002291055680000000000000000000,-0.0178408000000000,-247.618196000000000000000,US cash open,13:30,3843312,3843312,False,US cash open,13:30,2422916,2422916,False,US cash open,13:30,3843312,3843312,False,90,False,False,False,22,False,False,False
matched_lot,btcusdt_microprice_20260413_12_5h_5sessions_hs2.00_rq5000,2026-04-13 12:00,2026-04-13 14:00,btcusdt_microprice_20260413_12_5h_5sessions_hs2.00_rq5000:2026-04-13 14:00:fill-000012:fill-000045:54,fill-000012,fill-000045,sell,buy,1776089422916,1776091098595,1776091098595,1675679,0.00028000,-0.09258054344000000000000000000,-0.0845572000000000,0.008023343440000000000000000000,-0.0854616000000000,-330.644798000000000000000,US cash open,13:30,4098595,4098595,False,US cash open,13:30,2422916,2422916,False,US cash open,13:30,4098595,4098595,False,57,False,False,True,14,False,False,False
matched_lot,btcusdt_microprice_20260413_12_5h_5sessions_hs2.00_rq5000,2026-04-13 12:00,2026-04-13 14:00,btcusdt_microprice_20260413_12_5h_5sessions_hs2.00_rq5000:2026-04-13 14:00:fill-000012:fill-000046:55,fill-000012,fill-000046,sell,buy,1776089422916,1776091694365,1776091694365,2271449,0.00038000,-0.2385351967600000000000000000,-0.2276238000000000,0.01091139676000000000000000000,-0.2281786000000000,-627.72420200000000000000,US cash open,13:30,4694365,4694365,False,US cash open,13:30,2422916,2422916,False,US cash open,13:30,4694365,4694365,False,15,False,True,True,2,False,True,True
matched_lot,btcusdt_microprice_20260413_12_5h_5sessions_hs2.00_rq5000,2026-04-13 12:00,2026-04-13 14:00,btcusdt_microprice_20260413_12_5h_5sessions_hs2.00_rq5000:2026-04-13 14:00:fill-000012:fill-000047:56,fill-000012,fill-000047,sell,buy,1776089422916,1776091719741,1776091719741,2296825,0.0000297836445645431597574829338,-0.01824847470550178230611518300,-0.01739335058924755986677245851,0.0008551241162542224393427244937,-0.01750891113015798732663149229,-612.7011979999999999999999999,US cash open,13:30,4719741,4719741,False,US cash open,13:30,2422916,2422916,False,US cash open,13:30,4719741,4719741,False,17,False,True,True,3,False,True,True
matched_lot,btcusdt_microprice_20260413_12_5h_5sessions_hs2.00_rq5000,2026-04-13 12:00,2026-04-13 14:00,btcusdt_microprice_20260413_12_5h_5sessions_hs2.00_rq5000:2026-04-13 14:00:fill-000013:fill-000047:57,fill-000013,fill-000047,sell,buy,1776089520980,1776091719741,1776091719741,2198761,0.0001966666666666666666666666666,-0.09729587693999999999999999997,-0.09164469999999999999999999997,0.005651176939999999999999999999,-0.09232713333333333333333333330,-494.7247980000000000000000000,US cash open,13:30,4719741,4719741,False,US cash open,13:30,2520980,2520980,False,US cash open,13:30,4719741,4719741,False,29,False,True,True,6,False,True,True
matched_lot,btcusdt_microprice_20260413_12_5h_5sessions_hs2.00_rq5000,2026-04-13 12:00,2026-04-13 14:00,btcusdt_microprice_20260413_12_5h_5sessions_hs2.00_rq5000:2026-04-13 14:00:fill-000014:fill-000047:58,fill-000014,fill-000047,sell,buy,1776089520996,1776091719741,1776091719741,2198745,0.0000535496887687901735758504032,-0.02649235895910258732669752840,-0.02495361946936853298461052939,0.001538739489734054342086999014,-0.02513943688939623488691873029,-494.7247980000000000000000000,US cash open,13:30,4719741,4719741,False,US cash open,13:30,2520996,2520996,False,US cash open,13:30,4719741,4719741,False,30,False,True,True,7,False,False,True
matched_lot,btcusdt_microprice_20260413_12_5h_5sessions_hs2.00_rq5000,2026-04-13 12:00,2026-04-13 14:00,btcusdt_microprice_20260413_12_5h_5sessions_hs2.00_rq5000:2026-04-13 14:00:fill-000014:fill-000048:59,fill-000014,fill-000048,sell,buy,1776089520996,1776091954406,1776091954406,2433410,0.00028000,-0.09875499144000000000000000000,-0.0907172000000000,0.008037791440000000000000000001,-0.0915068000000000,-352.696398000000000000000,US cash open,13:30,4954406,4954406,False,US cash open,13:30,2520996,2520996,False,US cash open,13:30,4954406,4954406,False,52,False,False,True,13,False,False,False
matched_lot,btcusdt_microprice_20260413_12_5h_5sessions_hs2.00_rq5000,2026-04-13 12:00,2026-04-13 14:00,btcusdt_microprice_20260413_12_5h_5sessions_hs2.00_rq5000:2026-04-13 14:00:fill-000014:fill-000050:60,fill-000014,fill-000050,sell,buy,1776089520996,1776092140195,1776092140195,2619199,0.0004697836445645431597574829302,-0.2117390042039853456641673568,-0.1982440001697915679860602217,0.01349500403419377767810713514,-0.1995687900474635796965763236,-450.7159979999999999999999999,US cash open,13:30,5140195,5140195,False,US cash open,13:30,2520996,2520996,False,US cash open,13:30,5140195,5140195,False,41,False,False,True,11,False,False,True
matched_lot,btcusdt_microprice_20260413_12_5h_5sessions_hs2.00_rq5000,2026-04-13 12:00,2026-04-13 14:00,btcusdt_microprice_20260413_12_5h_5sessions_hs2.00_rq5000:2026-04-13 14:00:fill-000015:fill-000050:61,fill-000015,fill-000050,sell,buy,1776089590042,1776092140195,1776092140195,2550153,0.00008000,-0.03626923744000000000,-0.0339712000000000,0.00229803744000000000,-0.0344240000000000,-453.365468000000,US cash open,13:30,5140195,5140195,False,US cash open,13:30,2590042,2590042,False,US cash open,13:30,5140195,5140195,False,39,False,False,True,10,False,False,True
matched_lot,btcusdt_microprice_20260413_12_5h_5sessions_hs2.00_rq5000,2026-04-13 12:00,2026-04-13 14:00,btcusdt_microprice_20260413_12_5h_5sessions_hs2.00_rq5000:2026-04-13 14:00:fill-000018:fill-000050:62,fill-000018,fill-000050,sell,buy,1776089727393,1776092140195,1776092140195,2412802,0.0000702163554354568402425170698,-0.02968196997541230136734752329,-0.02766454187801564048714930033,0.002017428097396660880198222958,-0.02796015273439891378457029719,-422.7215980000000000000000000,US cash open,13:30,5140195,5140195,False,US cash open,13:30,2727393,2727393,False,US cash open,13:30,5140195,5140195,False,43,False,False,True,12,False,False,True
matched_lot,btcusdt_microprice_20260413_12_5h_5sessions_hs2.00_rq5000,2026-04-13 12:00,2026-04-13 14:00,btcusdt_microprice_20260413_12_5h_5sessions_hs2.00_rq5000:2026-04-13 14:00:fill-000018:fill-000053:63,fill-000018,fill-000053,sell,buy,1776089727393,1776092386115,1776092386115,2658722,0.00007002235618188350832368558000,-0.05383254308691045550720587934,-0.05181584335103197732444409234,0.002016699735878478182761787005,-0.05211063747055770689448680863,-768.7907979999999999999999999,US cash open,13:30,5386115,5386115,False,US cash open,13:30,2727393,2727393,False,US cash open,13:30,5386115,5386115,False,6,True,True,True,1,True,True,True
matched_lot,btcusdt_microprice_20260413_12_5h_5sessions_hs2.00_rq5000,2026-04-13 12:00,2026-04-13 15:00,btcusdt_microprice_20260413_12_5h_5sessions_hs2.00_rq5000:2026-04-13 15:00:fill-000001:fill-000003:64,fill-000001,fill-000003,buy,sell,1776092663550,1776093093940,1776093093940,430390,0.00007000,-0.01190284648000000000,-0.0098854000000000,0.00201744648000000000,-0.0100268000000000,-170.040664000000,US cash open,13:30,6093940,6093940,False,US cash open,13:30,5663550,5663550,False,US cash open,13:30,6093940,6093940,False,148,False,False,False,38,False,False,False
matched_lot,btcusdt_microprice_20260413_12_5h_5sessions_hs2.00_rq5000,2026-04-13 12:00,2026-04-13 15:00,btcusdt_microprice_20260413_12_5h_5sessions_hs2.00_rq5000:2026-04-13 15:00:fill-000001:fill-000004:65,fill-000001,fill-000004,buy,sell,1776092663550,1776093198101,1776093198101,534551,0.00001000,-0.00224529764000000000,-0.0019572000000000,0.00028809764000000000,-0.0019774000000000,-224.529764000000,US cash open,13:30,6198101,6198101,False,US cash open,13:30,5663550,5663550,False,US cash open,13:30,6198101,6198101,False,107,False,False,False,27,False,False,False
matched_lot,btcusdt_microprice_20260413_12_5h_5sessions_hs2.00_rq5000,2026-04-13 12:00,2026-04-13 15:00,btcusdt_microprice_20260413_12_5h_5sessions_hs2.00_rq5000:2026-04-13 15:00:fill-000002:fill-000004:66,fill-000002,fill-000004,buy,sell,1776092731687,1776093198101,1776093198101,466414,0.00007000,-0.01740722144000000000,-0.0153902000000000,0.00201702144000000000,-0.0156709000000000,-248.674592000000,US cash open,13:30,6198101,6198101,False,US cash open,13:30,5731687,5731687,False,US cash open,13:30,6198101,6198101,False,89,False,False,False,21,False,False,False
matched_lot,btcusdt_microprice_20260413_12_5h_5sessions_hs2.00_rq5000,2026-04-13 12:00,2026-04-13 15:00,btcusdt_microprice_20260413_12_5h_5sessions_hs2.00_rq5000:2026-04-13 15:00:fill-000005:fill-000009:67,fill-000005,fill-000009,sell,buy,1776093213066,1776093984109,1776093984109,771043,0.00004000,0.00004928008000000000,0.0012004000000000,0.00115111992000000000,0.0011200000000000,1.232002000000,US cash open,13:30,6984109,6984109,False,US cash open,13:30,6213066,6213066,False,US cash open,13:30,6984109,6984109,False,402,False,False,False,97,False,False,False
matched_lot,btcusdt_microprice_20260413_12_5h_5sessions_hs2.00_rq5000,2026-04-13 12:00,2026-04-13 15:00,btcusdt_microprice_20260413_12_5h_5sessions_hs2.00_rq5000:2026-04-13 15:00:fill-000006:fill-000009:68,fill-000006,fill-000009,sell,buy,1776093909536,1776093984109,1776093984109,74573,0.00015000,-0.01121142000000000000,-0.0068970000000000,0.00431442000000000000,-0.0071985000000000,-74.742800000000,US cash open,13:30,6984109,6984109,False,US cash open,13:30,6909536,6909536,False,US cash open,13:30,6984109,6984109,False,260,False,False,False,62,False,False,False
matched_lot,btcusdt_microprice_20260413_12_5h_5sessions_hs2.00_rq5000,2026-04-13 12:00,2026-04-13 15:00,btcusdt_microprice_20260413_12_5h_5sessions_hs2.00_rq5000:2026-04-13 15:00:fill-000007:fill-000009:69,fill-000007,fill-000009,sell,buy,1776093909655,1776093984109,1776093984109,74454,0.00009000,-0.00672685200000000000,-0.0041382000000000,0.00258865200000000000,-0.0043191000000000,-74.742800000000,US cash open,13:30,6984109,6984109,False,US cash open,13:30,6909655,6909655,False,US cash open,13:30,6984109,6984109,False,261,False,False,False,63,False,False,False
matched_lot,btcusdt_microprice_20260413_12_5h_5sessions_hs2.00_rq5000,2026-04-13 12:00,2026-04-13 15:00,btcusdt_microprice_20260413_12_5h_5sessions_hs2.00_rq5000:2026-04-13 15:00:fill-000007:fill-000010:70,fill-000007,fill-000010,sell,buy,1776093909655,1776094200378,1776094200378,290723,0.00026000,-0.02559115936000000000,-0.0181116000000000,0.00747955936000000000,-0.0186342000000000,-98.427536000000,US cash open,13:30,7200378,7200378,False,US cash open,13:30,6909655,6909655,False,US cash open,13:30,7200378,7200378,False,225,False,False,False,55,False,False,False
matched_lot,btcusdt_microprice_20260413_12_5h_5sessions_hs2.00_rq5000,2026-04-13 12:00,2026-04-13 15:00,btcusdt_microprice_20260413_12_5h_5sessions_hs2.00_rq5000:2026-04-13 15:00:fill-000008:fill-000010:71,fill-000008,fill-000010,sell,buy,1776093909716,1776094200378,1776094200378,290662,0.00002000,-0.00196855072000000000,-0.0013932000000000,0.00057535072000000000,-0.0014334000000000,-98.427536000000,US cash open,13:30,7200378,7200378,False,US cash open,13:30,6909716,6909716,False,US cash open,13:30,7200378,7200378,False,226,False,False,False,56,False,False,False
matched_lot,btcusdt_microprice_20260413_12_5h_5sessions_hs2.00_rq5000,2026-04-13 12:00,2026-04-13 15:00,btcusdt_microprice_20260413_12_5h_5sessions_hs2.00_rq5000:2026-04-13 15:00:fill-000008:fill-000012:72,fill-000008,fill-000012,sell,buy,1776093909716,1776094338765,1776094338765,429049,0.00022000,0.02017850692000000000,0.0264990000000000,0.00632049308000000000,0.0257642000000000,91.720486000000,US cash open,13:30,7338765,7338765,False,US cash open,13:30,6909716,6909716,False,US cash open,13:30,7338765,7338765,False,515,False,False,False,112,False,False,False
matched_lot,btcusdt_microprice_20260413_12_5h_5sessions_hs2.00_rq5000,2026-04-13 12:00,2026-04-13 15:00,btcusdt_microprice_20260413_12_5h_5sessions_hs2.00_rq5000:2026-04-13 15:00:fill-000008:fill-000013:73,fill-000008,fill-000013,sell,buy,1776093909716,1776094695265,1776094695265,785549,0.00008000,0.01578492800000000000,0.0180816000000000,0.00229667200000000000,0.0180800000000000,197.311600000000,US cash open,13:30,7695265,7695265,False,US cash open,13:30,6909716,6909716,False,US cash open,13:30,7695265,7695265,False,588,False,False,False,120,False,False,False
matched_lot,btcusdt_microprice_20260413_12_5h_5sessions_hs2.00_rq5000,2026-04-13 12:00,2026-04-13 15:00,btcusdt_microprice_20260413_12_5h_5sessions_hs2.00_rq5000:2026-04-13 15:00:fill-000008:fill-000014:74,fill-000008,fill-000014,sell,buy,1776093909716,1776094769410,1776094769410,859694,0.00018000,0.01823083164000000000,0.0234018000000000,0.00517096836000000000,0.0231876000000000,101.282398000000,US cash open,13:30,7769410,7769410,False,US cash open,13:30,6909716,6909716,False,US cash open,13:30,7769410,7769410,False,526,False,False,False,113,False,False,False
matched_lot,btcusdt_microprice_20260413_12_5h_5sessions_hs2.00_rq5000,2026-04-13 12:00,2026-04-13 15:00,btcusdt_microprice_20260413_12_5h_5sessions_hs2.00_rq5000:2026-04-13 15:00:fill-000011:fill-000014:75,fill-000011,fill-000014,sell,buy,1776094267014,1776094769410,1776094769410,502396,0.00082000,-0.02517498400000000000,-0.0016400000000000,0.02353498400000000000,-0.0042476000000000,-30.701200000000,US cash open,13:30,7769410,7769410,False,US cash open,13:30,7267014,7267014,False,US cash open,13:30,7769410,7769410,False,334,False,False,False,88,False,False,False
matched_lot,btcusdt_microprice_20260413_12_5h_5sessions_hs2.00_rq5000,2026-04-13 12:00,2026-04-13 15:00,btcusdt_microprice_20260413_12_5h_5sessions_hs2.00_rq5000:2026-04-13 15:00:fill-000011:fill-000017:76,fill-000011,fill-000017,sell,buy,1776094267014,1776094809013,1776094809013,541999,0.00008000,-0.00187277936000000000,0.0004232000000000,0.00229597936000000000,-0.0001592000000000,-23.409742000000,US cash open,13:30,7809013,7809013,False,US cash open,13:30,7267014,7267014,False,US cash open,13:30,7809013,7809013,False,360,False,False,False,93,False,False,False
matched_lot,btcusdt_microprice_20260413_12_5h_5sessions_hs2.00_rq5000,2026-04-13 12:00,2026-04-13 15:00,btcusdt_microprice_20260413_12_5h_5sessions_hs2.00_rq5000:2026-04-13 15:00:fill-000011:fill-000018:77,fill-000011,fill-000018,sell,buy,1776094267014,1776094986574,1776094986574,719560,0.00010000,-0.00547060000000000000,-0.0026000000000000,0.00287060000000000000,-0.0030000000000000,-54.706000000000,US cash open,13:30,7986574,7986574,False,US cash open,13:30,7267014,7267014,False,US cash open,13:30,7986574,7986574,False,294,False,False,False,76,False,False,False
matched_lot,btcusdt_microprice_20260413_12_5h_5sessions_hs2.00_rq5000,2026-04-13 12:00,2026-04-13 15:00,btcusdt_microprice_20260413_12_5h_5sessions_hs2.00_rq5000:2026-04-13 15:00:fill-000015:fill-000018:78,fill-000015,fill-000018,sell,buy,1776094773807,1776094986574,1776094986574,212767,0.0002800139493836649870470008793,-0.01475572764232926239075355123,-0.006717534645714123039257551094,0.008038192996615139351496000135,-0.009579277208415179206877900080,-52.69640200000000000000000000,US cash open,13:30,7986574,7986574,False,US cash open,13:30,7773807,7773807,False,US cash open,13:30,7986574,7986574,False,298,False,False,False,79,False,False,False
matched_lot,btcusdt_microprice_20260413_12_5h_5sessions_hs2.00_rq5000,2026-04-13 12:00,2026-04-13 15:00,btcusdt_microprice_20260413_12_5h_5sessions_hs2.00_rq5000:2026-04-13 15:00:fill-000016:fill-000018:79,fill-000016,fill-000018,sell,buy,1776094804824,1776094986574,1776094986574,181750,0.00008000,-0.00447885952000000000,-0.0021824000000000,0.00229645952000000000,-0.0025032000000000,-55.985744000000,US cash open,13:30,7986574,7986574,False,US cash open,13:30,7804824,7804824,False,US cash open,13:30,7986574,7986574,False,291,False,False,False,74,False,False,False
matched_lot,btcusdt_microprice_20260413_12_5h_5sessions_hs2.00_rq5000,2026-04-13 12:00,2026-04-13 15:00,btcusdt_microprice_20260413_12_5h_5sessions_hs2.00_rq5000:2026-04-13 15:00:fill-000018:fill-000019:80,fill-000018,fill-000019,buy,sell,1776094986574,1776095034558,1776095034558,47984,0.00032000,-0.004708480000000000000000000001,0.0044800000000000,0.009188480000000000000000000001,0.0031968000000000,-14.71400000000000000000000000,US cash open,13:30,8034558,8034558,False,US cash open,13:30,7986574,7986574,False,US cash open,13:30,8034558,8034558,False,377,False,False,False,95,False,False,False
matched_lot,btcusdt_microprice_20260413_12_5h_5sessions_hs2.00_rq5000,2026-04-13 12:00,2026-04-13 15:00,btcusdt_microprice_20260413_12_5h_5sessions_hs2.00_rq5000:2026-04-13 15:00:fill-000018:fill-000020:81,fill-000018,fill-000020,buy,sell,1776094986574,1776095746815,1776095746815,760241,0.0002199860506163350129529991207,0.001736015078745694195348307596,0.008053689313064024824209297809,0.006317674234318330628860990213,0.007171545250092521422267771335,7.891478000000000000000000004,US cash open,13:30,8746815,8746815,False,US cash open,13:30,7986574,7986574,False,US cash open,13:30,8746815,8746815,False,411,False,False,False,98,False,False,False
matched_lot,btcusdt_microprice_20260413_12_5h_5sessions_hs2.00_rq5000,2026-04-13 12:00,2026-04-13 15:00,btcusdt_microprice_20260413_12_5h_5sessions_hs2.00_rq5000:2026-04-13 15:00:fill-000020:fill-000021:82,fill-000020,fill-000021,sell,buy,1776095746815,1776095832758,1776095832758,85943,0.00008000,0.001912374400000000000000000001,0.0042096000000000,0.002297225599999999999999999999,0.0040480000000000,23.90468000000000000000000001,US cash open,13:30,8832758,8832758,False,US cash open,13:30,8746815,8746815,False,US cash open,13:30,8832758,8832758,False,438,False,False,False,100,False,False,False
matched_lot,btcusdt_microprice_20260413_12_5h_5sessions_hs2.00_rq5000,2026-04-13 12:00,2026-04-13 16:00,btcusdt_microprice_20260413_12_5h_5sessions_hs2.00_rq5000:2026-04-13 16:00:fill-000001:fill-000002:83,fill-000001,fill-000002,sell,buy,1776096101365,1776096129586,1776096129586,28221,0.00007000000000000000000000000155,-0.003692359720000000000000000081,-0.001680000000000000000000000037,0.002012359720000000000000000044,-0.001960700000000000000000000043,-52.74799599999999999999999999,US cash open,13:30,9129586,9129586,False,US cash open,13:30,9101365,9101365,False,US cash open,13:30,9129586,9129586,False,297,False,False,False,78,False,False,False
matched_lot,btcusdt_microprice_20260413_12_5h_5sessions_hs2.00_rq5000,2026-04-13 12:00,2026-04-13 16:00,btcusdt_microprice_20260413_12_5h_5sessions_hs2.00_rq5000:2026-04-13 16:00:fill-000001:fill-000004:84,fill-000001,fill-000004,sell,buy,1776096101365,1776096233065,1776096233065,131700,0.00000999999999999999999999999845,-0.0002674279599999999999999999588,0.00001999999999999999999999999690,0.0002874279599999999999999999557,-0.00000009999999999999999999999998225,-26.74279600000000000000000003,US cash open,13:30,9233065,9233065,False,US cash open,13:30,9101365,9101365,False,US cash open,13:30,9233065,9233065,False,346,False,False,False,90,False,False,False
matched_lot,btcusdt_microprice_20260413_12_5h_5sessions_hs2.00_rq5000,2026-04-13 12:00,2026-04-13 16:00,btcusdt_microprice_20260413_12_5h_5sessions_hs2.00_rq5000:2026-04-13 16:00:fill-000003:fill-000004:85,fill-000003,fill-000004,sell,buy,1776096230396,1776096233065,1776096233065,2669,0.0009900000000000000000000000016,-0.02646547002000000000000000004,0.001989900000000000000000000003,0.02845537002000000000000000004,0.001980000000000000000000000003,-26.73279800000000000000000000,US cash open,13:30,9233065,9233065,False,US cash open,13:30,9230396,9230396,False,US cash open,13:30,9233065,9233065,False,347,False,False,False,91,False,False,False
matched_lot,btcusdt_microprice_20260413_12_5h_5sessions_hs2.00_rq5000,2026-04-13 12:00,2026-04-13 16:00,btcusdt_microprice_20260413_12_5h_5sessions_hs2.00_rq5000:2026-04-13 16:00:fill-000003:fill-000006:86,fill-000003,fill-000006,sell,buy,1776096230396,1776096464423,1776096464423,234027,0.0000099999999999999999999999984,-0.0009674679799999999999999998482,-0.0006798999999999999999999998912,0.0002875679799999999999999999570,-0.0006999999999999999999999998880,-96.74679800000000000000000030,US cash open,13:30,9464423,9464423,False,US cash open,13:30,9230396,9230396,False,US cash open,13:30,9464423,9464423,False,228,False,False,False,57,False,False,False
matched_lot,btcusdt_microprice_20260413_12_5h_5sessions_hs2.00_rq5000,2026-04-13 12:00,2026-04-13 16:00,btcusdt_microprice_20260413_12_5h_5sessions_hs2.00_rq5000:2026-04-13 16:00:fill-000005:fill-000006:87,fill-000005,fill-000006,sell,buy,1776096363046,1776096464423,1776096464423,101377,0.0003400000000000000000000000016,-0.07594629912000000000000000036,-0.06617760000000000000000000031,0.009768699120000000000000000046,-0.06754100000000000000000000031,-223.3714680000000000000000000,US cash open,13:30,9464423,9464423,False,US cash open,13:30,9363046,9363046,False,US cash open,13:30,9464423,9464423,False,108,False,False,False,28,False,False,False
matched_lot,btcusdt_microprice_20260413_12_5h_5sessions_hs2.00_rq5000,2026-04-13 12:00,2026-04-13 16:00,btcusdt_microprice_20260413_12_5h_5sessions_hs2.00_rq5000:2026-04-13 16:00:fill-000005:fill-000010:88,fill-000005,fill-000010,sell,buy,1776096363046,1776096651947,1776096651947,288901,0.0006599999999999999999999999984,-0.1883599541999999999999999996,-0.1693889999999999999999999996,0.01897095419999999999999999995,-0.1786817999999999999999999996,-285.3938700000000000000000001,US cash open,13:30,9651947,9651947,False,US cash open,13:30,9363046,9363046,False,US cash open,13:30,9651947,9651947,False,72,False,False,False,18,False,False,False
matched_lot,btcusdt_microprice_20260413_12_5h_5sessions_hs2.00_rq5000,2026-04-13 12:00,2026-04-13 16:00,btcusdt_microprice_20260413_12_5h_5sessions_hs2.00_rq5000:2026-04-13 16:00:fill-000007:fill-000010:89,fill-000007,fill-000010,sell,buy,1776096476106,1776096651947,1776096651947,175841,0.0003400000000000000000000000016,-0.05466139200000000000000000026,-0.04488000000000000000000000021,0.009781392000000000000000000046,-0.04966720000000000000000000023,-160.7688000000000000000000000,US cash open,13:30,9651947,9651947,False,US cash open,13:30,9476106,9476106,False,US cash open,13:30,9651947,9651947,False,156,False,False,False,41,False,False,False
matched_lot,btcusdt_microprice_20260413_12_5h_5sessions_hs2.00_rq5000,2026-04-13 12:00,2026-04-13 16:00,btcusdt_microprice_20260413_12_5h_5sessions_hs2.00_rq5000:2026-04-13 16:00:fill-000007:fill-000011:90,fill-000007,fill-000011,sell,buy,1776096476106,1776096775347,1776096775347,299241,0.0005599999999999999999999999999,-0.08778447887999999999999999999,-0.07167439999999999999999999999,0.01611007888000000000000000000,-0.07391999999999999999999999999,-156.7579980000000000000000000,US cash open,13:30,9775347,9775347,False,US cash open,13:30,9476106,9476106,False,US cash open,13:30,9775347,9775347,False,158,False,False,False,42,False,False,False
matched_lot,btcusdt_microprice_20260413_12_5h_5sessions_hs2.00_rq5000,2026-04-13 12:00,2026-04-13 16:00,btcusdt_microprice_20260413_12_5h_5sessions_hs2.00_rq5000:2026-04-13 16:00:fill-000007:fill-000013:91,fill-000007,fill-000013,sell,buy,1776096476106,1776096903511,1776096903511,427405,0.00008000,-0.01743761904000000000000000000,-0.0151352000000000,0.002302419040000000000000000000,-0.0156096000000000,-217.970238000000000000000,US cash open,13:30,9903511,9903511,False,US cash open,13:30,9476106,9476106,False,US cash open,13:30,9903511,9903511,False,115,False,False,False,30,False,False,False
matched_lot,btcusdt_microprice_20260413_12_5h_5sessions_hs2.00_rq5000,2026-04-13 12:00,2026-04-13 16:00,btcusdt_microprice_20260413_12_5h_5sessions_hs2.00_rq5000:2026-04-13 16:00:fill-000007:fill-000014:92,fill-000007,fill-000014,sell,buy,1776096476106,1776096909065,1776096909065,432959,0.0000199999999999999999999999985,-0.003935519999999999999999999705,-0.003359999999999999999999999748,0.0005755199999999999999999999574,-0.003402199999999999999999999745,-196.7760000000000000000000000,US cash open,13:30,9909065,9909065,False,US cash open,13:30,9476106,9476106,False,US cash open,13:30,9909065,9909065,False,130,False,False,False,34,False,False,False
matched_lot,btcusdt_microprice_20260413_12_5h_5sessions_hs2.00_rq5000,2026-04-13 12:00,2026-04-13 16:00,btcusdt_microprice_20260413_12_5h_5sessions_hs2.00_rq5000:2026-04-13 16:00:fill-000008:fill-000014:93,fill-000008,fill-000014,sell,buy,1776096531420,1776096909065,1776096909065,377645,0.0002099600000000000000000000000,-0.04094353408584000000000000000,-0.03490165080000000000000000000,0.006041883285840000000000000000,-0.03534466640000000000000000000,-195.006354,US cash open,13:30,9909065,9909065,False,US cash open,13:30,9531420,9531420,False,US cash open,13:30,9909065,9909065,False,135,False,False,False,35,False,False,False
matched_lot,btcusdt_microprice_20260413_12_5h_5sessions_hs2.00_rq5000,2026-04-13 12:00,2026-04-13 16:00,btcusdt_microprice_20260413_12_5h_5sessions_hs2.00_rq5000:2026-04-13 16:00:fill-000009:fill-000014:94,fill-000009,fill-000014,sell,buy,1776096584970,1776096909065,1776096909065,324095,0.00007994722955145118733509234829,-0.008559465867546174142480211083,-0.006257469656992084432717678101,0.002301996210554089709762532982,-0.006426158311345646437994722956,-107.0639460000000000000000000,US cash open,13:30,9909065,9909065,False,US cash open,13:30,9584970,9584970,False,US cash open,13:30,9909065,9909065,False,213,False,False,False,52,False,False,False
matched_lot,btcusdt_microprice_20260413_12_5h_5sessions_hs2.00_rq5000,2026-04-13 12:00,2026-04-13 16:00,btcusdt_microprice_20260413_12_5h_5sessions_hs2.00_rq5000:2026-04-13 16:00:fill-000012:fill-000014:95,fill-000012,fill-000014,sell,buy,1776096854719,1776096909065,1776096909065,54346,0.0006900927704485488126649076532,-0.02540093469467018469656992090,-0.005520742163588390501319261226,0.01988019253108179419525065967,-0.005596652368337730870712401068,-36.80800000000000000000000000,US cash open,13:30,9909065,9909065,False,US cash open,13:30,9854719,9854719,False,US cash open,13:30,9909065,9909065,False,327,False,False,False,86,False,False,False
matched_lot,btcusdt_microprice_20260413_12_5h_5sessions_hs2.00_rq5000,2026-04-13 12:00,2026-04-13 16:00,btcusdt_microprice_20260413_12_5h_5sessions_hs2.00_rq5000:2026-04-13 16:00:fill-000012:fill-000015:96,fill-000012,fill-000015,sell,buy,1776096854719,1776096950157,1776096950157,95438,0.0001633008660323290935089783934,0.01064924139604665777754490258,0.01535028140703893478984396898,0.004701040010992277012299066398,0.01534864839837861149890887920,65.21239999999999999999999999,US cash open,13:30,9950157,9950157,False,US cash open,13:30,9854719,9854719,False,US cash open,13:30,9950157,9950157,False,484,False,False,False,107,False,False,False
matched_lot,btcusdt_microprice_20260413_12_5h_5sessions_hs2.00_rq5000,2026-04-13 12:00,2026-04-13 16:00,btcusdt_microprice_20260413_12_5h_5sessions_hs2.00_rq5000:2026-04-13 16:00:fill-000012:fill-000016:97,fill-000012,fill-000016,sell,buy,1776096854719,1776096950397,1776096950397,95678,0.0001466063635191220938261139534,0.009560552820354397631426073576,0.01378099817079747681965471162,0.004220445350443079188228638044,0.01377953210716228559871645048,65.21240000000000000000000001,US cash open,13:30,9950397,9950397,False,US cash open,13:30,9854719,9854719,False,US cash open,13:30,9950397,9950397,False,485,False,False,False,108,False,False,False
matched_lot,btcusdt_microprice_20260413_12_5h_5sessions_hs2.00_rq5000,2026-04-13 12:00,2026-04-13 16:00,btcusdt_microprice_20260413_12_5h_5sessions_hs2.00_rq5000:2026-04-13 16:00:fill-000016:fill-000018:98,fill-000016,fill-000018,buy,sell,1776096950397,1776097357699,1776097357699,407302,0.0000333936364808779061738860466,0.005048957546453631199541935593,0.006010854566558023111299488388,0.0009618970201043919117575527951,0.005943733357231458519889977435,151.1952000000000000000000000,US cash open,13:30,10357699,10357699,False,US cash open,13:30,9950397,9950397,False,US cash open,13:30,10357699,10357699,False,559,False,False,False,118,False,False,False
matched_lot,btcusdt_microprice_20260413_12_5h_5sessions_hs2.00_rq5000,2026-04-13 12:00,2026-04-13 16:00,btcusdt_microprice_20260413_12_5h_5sessions_hs2.00_rq5000:2026-04-13 16:00:fill-000017:fill-000018:99,fill-000017,fill-000018,buy,sell,1776097194254,1776097357699,1776097357699,163445,0.00007000,-0.00248935008000000000,-0.0004704000000000,0.00201895008000000000,-0.0007511000000000,-35.562144000000,US cash open,13:30,10357699,10357699,False,US cash open,13:30,10194254,10194254,False,US cash open,13:30,10357699,10357699,False,328,False,False,False,87,False,False,False
matched_lot,btcusdt_microprice_20260413_12_5h_5sessions_hs2.00_rq5000,2026-04-13 12:00,2026-04-13 16:00,btcusdt_microprice_20260413_12_5h_5sessions_hs2.00_rq5000:2026-04-13 16:00:fill-000018:fill-000020:100,fill-000018,fill-000020,sell,buy,1776097357699,1776097657838,1776097657838,300139,0.000141176470588235294117647059,-0.008590192941176470588235294127,-0.004517647058823529411764705888,0.004072545882352941176470588239,-0.005083764705882352941176470594,-60.84719999999999999999999999,US cash open,13:30,10657838,10657838,False,US cash open,13:30,10357699,10357699,False,US cash open,13:30,10657838,10657838,False,287,False,False,False,72,False,False,False
matched_lot,btcusdt_microprice_20260413_12_5h_5sessions_hs2.00_rq5000,2026-04-13 12:00,2026-04-13 16:00,btcusdt_microprice_20260413_12_5h_5sessions_hs2.00_rq5000:2026-04-13 16:00:fill-000018:fill-000021:101,fill-000018,fill-000021,sell,buy,1776097357699,1776097731632,1776097731632,373933,0.00046000,-0.03259063200000000000000000000,-0.0193200000000000,0.01327063200000000000000000000,-0.0211646000000000,-70.849200000000000000000,US cash open,13:30,10731632,10731632,False,US cash open,13:30,10357699,10357699,False,US cash open,13:30,10731632,10731632,False,270,False,False,False,68,False,False,False
matched_lot,btcusdt_microprice_20260413_12_5h_5sessions_hs2.00_rq5000,2026-04-13 12:00,2026-04-13 16:00,btcusdt_microprice_20260413_12_5h_5sessions_hs2.00_rq5000:2026-04-13 16:00:fill-000018:fill-000022:102,fill-000018,fill-000022,sell,buy,1776097357699,1776097832738,1776097832738,475039,0.0002954298929308867997084668944,-0.06643331943250872878866935112,-0.05790130471552450387486242663,0.008532014716984224913806924491,-0.05908597858617735994169337887,-224.8699980000000000000000000,US cash open,13:30,10832738,10832738,False,US cash open,13:30,10357699,10357699,False,US cash open,13:30,10832738,10832738,False,106,False,False,False,26,False,False,False
matched_lot,btcusdt_microprice_20260413_12_5h_5sessions_hs2.00_rq5000,2026-04-13 12:00,2026-04-13 16:00,btcusdt_microprice_20260413_12_5h_5sessions_hs2.00_rq5000:2026-04-13 16:00:fill-000019:fill-000022:103,fill-000019,fill-000022,sell,buy,1776097563565,1776097832738,1776097832738,269173,0.0000700000000000000000000000000,-0.005170214420000000000000000000,-0.003146500000000000000000000000,0.00202371442000000000000000,-0.003427200000000000000000000000,-73.860206,US cash open,13:30,10832738,10832738,False,US cash open,13:30,10563565,10563565,False,US cash open,13:30,10832738,10832738,False,262,False,False,False,64,False,False,False
matched_lot,btcusdt_microprice_20260413_12_5h_5sessions_hs2.00_rq5000,2026-04-13 12:00,2026-04-13 16:00,btcusdt_microprice_20260413_12_5h_5sessions_hs2.00_rq5000:2026-04-13 16:00:fill-000022:fill-000024:104,fill-000022,fill-000024,buy,sell,1776097832738,1776098178999,1776098178999,346261,0.0000345701070691132002915331056,-0.001966817843547298772106367897,-0.0009672715957937873441570962947,0.0009995462477535114279492716021,-0.001037103212073396008745993168,-56.89360000000000000000000001,US cash open,13:30,11178999,11178999,False,US cash open,13:30,10832738,10832738,False,US cash open,13:30,11178999,11178999,False,290,False,False,False,73,False,False,False
matched_lot,btcusdt_microprice_20260413_12_5h_5sessions_hs2.00_rq5000,2026-04-13 12:00,2026-04-13 16:00,btcusdt_microprice_20260413_12_5h_5sessions_hs2.00_rq5000:2026-04-13 16:00:fill-000023:fill-000024:105,fill-000023,fill-000024,buy,sell,1776097887465,1776098178999,1776098178999,291534,0.0000454298929308867997084668944,-0.003137662529780987358816164616,-0.001824010201175105008294945810,0.001313652328605882350521218806,-0.001915778584895496343706048936,-69.06603399999999999999999999,US cash open,13:30,11178999,11178999,False,US cash open,13:30,10887465,10887465,False,US cash open,13:30,11178999,11178999,False,273,False,False,False,70,False,False,False
matched_lot,btcusdt_microprice_20260413_12_5h_5sessions_hs2.00_rq5000,2026-04-13 12:00,2026-04-13 16:00,btcusdt_microprice_20260413_12_5h_5sessions_hs2.00_rq5000:2026-04-13 16:00:fill-000023:fill-000026:106,fill-000023,fill-000026,buy,sell,1776097887465,1776098229435,1776098229435,341970,0.0000345701070691132002915331056,-0.002655139304408205824206250327,-0.001655562427539831161961520427,0.0009995768768683746622447299002,-0.001746827510202290010731167826,-76.80448599999999999999999998,US cash open,13:30,11229435,11229435,False,US cash open,13:30,10887465,10887465,False,US cash open,13:30,11229435,11229435,False,249,False,False,False,60,False,False,False
matched_lot,btcusdt_microprice_20260413_12_5h_5sessions_hs2.00_rq5000,2026-04-13 12:00,2026-04-13 16:00,btcusdt_microprice_20260413_12_5h_5sessions_hs2.00_rq5000:2026-04-13 16:00:fill-000025:fill-000026:107,fill-000025,fill-000026,buy,sell,1776098229074,1776098229435,1776098229435,361,0.0005254298929308867997084668943,-0.01413117740800909262008016114,0.001056114084791082467414018458,0.01518729149280017508749417960,0.0007198389533153149156005996461,-26.89450600000000000000000000,US cash open,13:30,11229435,11229435,False,US cash open,13:30,11229074,11229074,False,US cash open,13:30,11229435,11229435,False,345,False,False,False,89,False,False,False
matched_lot,btcusdt_microprice_20260413_12_5h_5sessions_hs2.00_rq5000,2026-04-13 12:00,2026-04-13 16:00,btcusdt_microprice_20260413_12_5h_5sessions_hs2.00_rq5000:2026-04-13 16:00:fill-000025:fill-000027:108,fill-000025,fill-000027,buy,sell,1776098229074,1776098351257,1776098351257,122183,0.0004745701070691132002915331057,-0.03566624616040335633915652741,-0.02195361315301717664548632147,0.01371263300738617969367020594,-0.02290749906822609417807230302,-75.15485200000000000000000000,US cash open,13:30,11351257,11351257,False,US cash open,13:30,11229074,11229074,False,US cash open,13:30,11351257,11351257,False,259,False,False,False,61,False,False,False
matched_lot,btcusdt_microprice_20260413_12_5h_5sessions_hs2.00_rq5000,2026-04-13 12:00,2026-04-13 16:00,btcusdt_microprice_20260413_12_5h_5sessions_hs2.00_rq5000:2026-04-13 16:00:fill-000027:fill-000028:109,fill-000027,fill-000028,sell,buy,1776098351257,1776098405580,1776098405580,54323,0.0005254298929308867997084668943,-0.05406694615454542404472112681,-0.03888181207688562317842655018,0.01518513407765980086629457663,-0.04098878594753847924525750242,-102.9004000000000000000000000,US cash open,13:30,11405580,11405580,False,US cash open,13:30,11351257,11351257,False,US cash open,13:30,11405580,11405580,False,218,False,False,False,53,False,False,False
matched_lot,btcusdt_microprice_20260413_12_5h_5sessions_hs2.00_rq5000,2026-04-13 12:00,2026-04-13 16:00,btcusdt_microprice_20260413_12_5h_5sessions_hs2.00_rq5000:2026-04-13 16:00:fill-000028:fill-000029:110,fill-000028,fill-000029,buy,sell,1776098405580,1776098486130,1776098486130,80550,0.00024000,-0.01211781216000000000000000000,-0.0051792000000000,0.006938612160000000000000000000,-0.0061416000000000,-50.490884000000000000000,US cash open,13:30,11486130,11486130,False,US cash open,13:30,11405580,11405580,False,US cash open,13:30,11486130,11486130,False,300,False,False,False,80,False,False,False
matched_lot,btcusdt_microprice_20260413_12_5h_5sessions_hs2.00_rq5000,2026-04-13 12:00,2026-04-13 16:00,btcusdt_microprice_20260413_12_5h_5sessions_hs2.00_rq5000:2026-04-13 16:00:fill-000028:fill-000030:111,fill-000028,fill-000030,buy,sell,1776098405580,1776098496595,1776098496595,91015,0.0001145701070691132002915331057,-0.005144427176757535057716820094,-0.001831976012035120072661614360,0.003312451164722414985055205734,-0.002291402141382264005830662114,-44.90200199999999999999999999,US cash open,13:30,11496595,11496595,False,US cash open,13:30,11405580,11405580,False,US cash open,13:30,11496595,11496595,False,311,False,False,False,84,False,False,False
matched_lot,btcusdt_microprice_20260413_12_5h_5sessions_hs2.00_rq5000,2026-04-13 12:00,2026-04-13 16:00,btcusdt_microprice_20260413_12_5h_5sessions_hs2.00_rq5000:2026-04-13 16:00:fill-000030:fill-000034:112,fill-000030,fill-000034,sell,buy,1776098496595,1776098721165,1776098721165,224570,0.0000454298929308867997084668943,-0.003315819671020466138364093047,-0.002002095381464181263152136032,0.001313724289556284875211957015,-0.002180180561753257518009326258,-72.98761800000000000000000000,US cash close,20:00,-11678835,11678835,False,US cash open,13:30,11496595,11496595,False,US cash close,20:00,-11678835,11678835,False,266,False,False,False,66,False,False,False
matched_lot,btcusdt_microprice_20260413_12_5h_5sessions_hs2.00_rq5000,2026-04-13 12:00,2026-04-13 16:00,btcusdt_microprice_20260413_12_5h_5sessions_hs2.00_rq5000:2026-04-13 16:00:fill-000031:fill-000034:113,fill-000031,fill-000034,sell,buy,1776098496599,1776098721165,1776098721165,224566,0.00084000,-0.06130959912000000000,-0.0370188000000000,0.02429079912000000000,-0.0403116000000000,-72.987618000000,US cash close,20:00,-11678835,11678835,False,US cash open,13:30,11496599,11496599,False,US cash close,20:00,-11678835,11678835,False,267,False,False,False,67,False,False,False
matched_lot,btcusdt_microprice_20260413_12_5h_5sessions_hs2.00_rq5000,2026-04-13 12:00,2026-04-13 16:00,btcusdt_microprice_20260413_12_5h_5sessions_hs2.00_rq5000:2026-04-13 16:00:fill-000032:fill-000034:114,fill-000032,fill-000034,sell,buy,1776098616568,1776098721165,1776098721165,104597,0.0001145701070691132002915331057,-0.008363344680910010855412421701,-0.005050250319606509868850779299,0.003313094361303500986561642402,-0.005499365139317433613993589073,-72.99761600000000000000000000,US cash close,20:00,-11678835,11678835,False,US cash open,13:30,11616568,11616568,False,US cash close,20:00,-11678835,11678835,False,265,False,False,False,65,False,False,False
matched_lot,btcusdt_microprice_20260413_12_5h_5sessions_hs2.00_rq5000,2026-04-13 12:00,2026-04-13 16:00,btcusdt_microprice_20260413_12_5h_5sessions_hs2.00_rq5000:2026-04-13 16:00:fill-000032:fill-000035:115,fill-000032,fill-000035,sell,buy,1776098616568,1776098738286,1776098738286,121718,0.0000354298929308867997084668943,-0.001591227351311987948506665157,-0.0005668782868941887953354703088,0.001024349064417799153171194848,-0.0007089521575470448621664225550,-44.91200000000000000000000001,US cash close,20:00,-11661714,11661714,False,US cash open,13:30,11616568,11616568,False,US cash close,20:00,-11661714,11661714,False,309,False,False,False,82,False,False,False
matched_lot,btcusdt_microprice_20260413_12_5h_5sessions_hs2.00_rq5000,2026-04-13 12:00,2026-04-13 16:00,btcusdt_microprice_20260413_12_5h_5sessions_hs2.00_rq5000:2026-04-13 16:00:fill-000033:fill-000035:116,fill-000033,fill-000035,sell,buy,1776098616600,1776098738286,1776098738286,121686,0.0003074272499262560574343902485,-0.01380717264868801205149333484,-0.004918835998820096918950243976,0.008888336649867915132543090865,-0.006151619271024383709262148872,-44.91200000000000000000000000,US cash close,20:00,-11661714,11661714,False,US cash open,13:30,11616600,11616600,False,US cash close,20:00,-11661714,11661714,False,310,False,False,False,83,False,False,False
matched_lot,btcusdt_microprice_20260413_12_5h_5sessions_hs2.00_rq5000,2026-04-13 12:00,2026-04-13 16:00,btcusdt_microprice_20260413_12_5h_5sessions_hs2.00_rq5000:2026-04-13 16:00:fill-000033:fill-000036:117,fill-000033,fill-000036,sell,buy,1776098616600,1776098881576,1776098881576,264976,0.00035000,-0.05377180900000000000000000000,-0.0436450000000000,0.01012680900000000000000000000,-0.0455280000000000,-153.633740000000000000000,US cash close,20:00,-11518424,11518424,False,US cash open,13:30,11616600,11616600,False,US cash close,20:00,-11518424,11518424,False,164,False,False,False,44,False,False,False
matched_lot,btcusdt_microprice_20260413_12_5h_5sessions_hs2.00_rq5000,2026-04-13 12:00,2026-04-13 16:00,btcusdt_microprice_20260413_12_5h_5sessions_hs2.00_rq5000:2026-04-13 16:00:fill-000033:fill-000037:118,fill-000033,fill-000037,sell,buy,1776098616600,1776098903055,1776098903055,286455,0.0001925727500737439425656097515,-0.03346101046014458256874477372,-0.02788838566567959776235160421,0.005572624794464984806393169505,-0.02866060239347531097203969931,-173.7577640000000000000000000,US cash close,20:00,-11496945,11496945,False,US cash open,13:30,11616600,11616600,False,US cash close,20:00,-11496945,11496945,False,144,False,False,False,37,False,False,False
matched_lot,btcusdt_microprice_20260413_12_5h_5sessions_hs2.00_rq5000,2026-04-13 12:00,2026-04-13 16:00,btcusdt_microprice_20260413_12_5h_5sessions_hs2.00_rq5000:2026-04-13 16:00:fill-000037:fill-000038:119,fill-000037,fill-000038,buy,sell,1776098903055,1776099000072,1776099000072,97017,0.00000009858287122612446087492194,-0.00001310224877387553912507687936,-0.00001024867529266789895255688488,0.000002853573481207640172519994481,-0.00001064399260628465804066532186,-132.9059360000000000000000000,US cash close,20:00,-11399928,11399928,False,US cash close,20:00,-11496945,11496945,False,US cash close,20:00,-11399928,11399928,False,182,False,False,False,48,False,False,False
matched_lot,btcusdt_microprice_20260413_12_5h_5sessions_hs2.00_rq5000,2026-04-13 12:00,2026-04-13 16:00,btcusdt_microprice_20260413_12_5h_5sessions_hs2.00_rq5000:2026-04-13 16:00:fill-000037:fill-000040:120,fill-000037,fill-000040,buy,sell,1776098903055,1776099141868,1776099141868,238813,0.0008073286670550299329735153266,-0.1305936175847230389827048469,-0.1072293935582490756975423057,0.02336422402647396328516254121,-0.1088521241790296858628190715,-161.7601640000000000000000000,US cash close,20:00,-11258132,11258132,False,US cash close,20:00,-11496945,11496945,False,US cash close,20:00,-11258132,11258132,False,155,False,False,False,40,False,False,False
matched_lot,btcusdt_microprice_20260413_12_5h_5sessions_hs2.00_rq5000,2026-04-13 12:00,2026-04-13 16:00,btcusdt_microprice_20260413_12_5h_5sessions_hs2.00_rq5000:2026-04-13 16:00:fill-000039:fill-000040:121,fill-000039,fill-000040,buy,sell,1776099120249,1776099141868,1776099141868,21619,0.0001926713329449700670264846734,-0.007112500789930159018296087015,-0.001541370663559760536211877387,0.005571130126370398482084209628,-0.001928640042779150370935111580,-36.91520000000000000000000000,US cash close,20:00,-11258132,11258132,False,US cash close,20:00,-11279751,11279751,False,US cash close,20:00,-11258132,11258132,False,326,False,False,False,85,False,False,False
matched_lot,btcusdt_microprice_20260413_12_5h_5sessions_hs2.00_rq5000,2026-04-13 12:00,2026-04-13 16:00,btcusdt_microprice_20260413_12_5h_5sessions_hs2.00_rq5000:2026-04-13 16:00:fill-000039:fill-000042:122,fill-000039,fill-000042,buy,sell,1776099120249,1776099378356,1776099378356,258107,0.0008073286670550299329735153266,-0.1896218050717503885251141965,-0.1663097054133361661925441573,0.02331209965841422233257003917,-0.1695470933682268362237679537,-234.8756000000000000000000001,US cash close,20:00,-11021644,11021644,False,US cash close,20:00,-11279751,11279751,False,US cash close,20:00,-11021644,11021644,False,96,False,False,False,23,False,False,False
matched_lot,btcusdt_microprice_20260413_12_5h_5sessions_hs2.00_rq5000,2026-04-13 12:00,2026-04-13 16:00,btcusdt_microprice_20260413_12_5h_5sessions_hs2.00_rq5000:2026-04-13 16:00:fill-000041:fill-000042:123,fill-000041,fill-000042,buy,sell,1776099160643,1776099378356,1776099378356,217713,0.0001892537313432835820895522391,-0.04407060762149253731343283589,-0.03860586865671641791044776125,0.005464738964776119402985074636,-0.03898626865671641791044776125,-232.8651980000000000000000000,US cash close,20:00,-11021644,11021644,False,US cash close,20:00,-11239357,11239357,False,US cash close,20:00,-11021644,11021644,False,98,False,False,False,24,False,False,False
matched_lot,btcusdt_microprice_20260414_12_5h_5sessions_hs2.00_rq5000,2026-04-14 12:00,2026-04-14 12:00,btcusdt_microprice_20260414_12_5h_5sessions_hs2.00_rq5000:2026-04-14 12:00:fill-000001:fill-000002:1,fill-000001,fill-000002,buy,sell,1776168058815,1776169552580,1776169552580,1493765,0.00051000,-0.05085883302000000000,-0.0356949000000000,0.01516393302000000000,-0.0358071000000000,-99.723202000000,US cash open,13:30,-3847420,3847420,False,US cash open,13:30,-5341185,5341185,False,US cash open,13:30,-3847420,3847420,False,223,False,False,False,43,False,False,False
matched_lot,btcusdt_microprice_20260414_12_5h_5sessions_hs2.00_rq5000,2026-04-14 12:00,2026-04-14 12:00,btcusdt_microprice_20260414_12_5h_5sessions_hs2.00_rq5000:2026-04-14 12:00:fill-000001:fill-000006:2,fill-000001,fill-000006,buy,sell,1776168058815,1776169771272,1776169771272,1712457,0.00028000,-0.03072473600000000000,-0.0224000000000000,0.00832473600000000000,-0.0229628000000000,-109.731200000000,US cash open,13:30,-3628728,3628728,False,US cash open,13:30,-5341185,5341185,False,US cash open,13:30,-3628728,3628728,False,208,False,False,False,37,False,False,False
matched_lot,btcusdt_microprice_20260414_12_5h_5sessions_hs2.00_rq5000,2026-04-14 12:00,2026-04-14 12:00,btcusdt_microprice_20260414_12_5h_5sessions_hs2.00_rq5000:2026-04-14 12:00:fill-000001:fill-000008:3,fill-000001,fill-000008,buy,sell,1776168058815,1776169958811,1776169958811,1899996,0.00021000,-0.00495357072000000000,0.0012936000000000,0.00624717072000000000,0.0008715000000000,-23.588432000000,US cash open,13:30,-3441189,3441189,False,US cash open,13:30,-5341185,5341185,False,US cash open,13:30,-3441189,3441189,False,359,False,False,False,61,False,False,False
matched_lot,btcusdt_microprice_20260414_12_5h_5sessions_hs2.00_rq5000,2026-04-14 12:00,2026-04-14 12:00,btcusdt_microprice_20260414_12_5h_5sessions_hs2.00_rq5000:2026-04-14 12:00:fill-000003:fill-000008:4,fill-000003,fill-000008,buy,sell,1776169576052,1776169958811,1776169958811,382759,0.00007000,0.00189361858000000000,0.0039753000000000,0.00208168142000000000,0.0036946000000000,27.051694000000,US cash open,13:30,-3441189,3441189,False,US cash open,13:30,-3823948,3823948,False,US cash open,13:30,-3441189,3441189,False,444,False,False,False,70,False,False,False
matched_lot,btcusdt_microprice_20260414_12_5h_5sessions_hs2.00_rq5000,2026-04-14 12:00,2026-04-14 12:00,btcusdt_microprice_20260414_12_5h_5sessions_hs2.00_rq5000:2026-04-14 12:00:fill-000004:fill-000009:5,fill-000004,fill-000009,buy,sell,1776169576398,1776170132195,1776170132195,555797,0.00004727812032884902840059790759,0.000035888915697869955156950672,0.001441509888826606875934230202,0.001405620973128736920777279530,0.001251924626307922272047832592,0.7591019999999999999999999821,US cash open,13:30,-3267805,3267805,False,US cash open,13:30,-3823602,3823602,False,US cash open,13:30,-3267805,3267805,False,401,False,False,False,66,False,False,False
matched_lot,btcusdt_microprice_20260414_12_5h_5sessions_hs2.00_rq5000,2026-04-14 12:00,2026-04-14 13:00,btcusdt_microprice_20260414_12_5h_5sessions_hs2.00_rq5000:2026-04-14 13:00:fill-000001:fill-000004:6,fill-000001,fill-000004,sell,buy,1776171677570,1776171962461,1776171962461,284891,0.00042788771929824561403508772,-0.04639865694298947368421052640,-0.03364053249122807017543859655,0.01275812445176140350877192985,-0.03450486568421052631578947375,-108.4365240000000000000000000,US cash open,13:30,-1437539,1437539,True,US cash open,13:30,-1722430,1722430,True,US cash open,13:30,-1437539,1437539,True,211,False,False,False,39,False,False,False
matched_lot,btcusdt_microprice_20260414_12_5h_5sessions_hs2.00_rq5000,2026-04-14 12:00,2026-04-14 13:00,btcusdt_microprice_20260414_12_5h_5sessions_hs2.00_rq5000:2026-04-14 13:00:fill-000001:fill-000005:7,fill-000001,fill-000005,sell,buy,1776171677570,1776172042865,1776172042865,365295,0.00000000000000000000000000000011,-0.00000000000000000000000000001270147230000000000000000000,-0.0000000000000000000000000000094215000000,0.000000000000000000000000000003279972300000000000000000000,-0.0000000000000000000000000000098626000000,-115.467930000000000000000000,US cash open,13:30,-1357135,1357135,True,US cash open,13:30,-1722430,1722430,True,US cash open,13:30,-1357135,1357135,True,203,False,False,False,35,False,False,False
matched_lot,btcusdt_microprice_20260414_12_5h_5sessions_hs2.00_rq5000,2026-04-14 12:00,2026-04-14 13:00,btcusdt_microprice_20260414_12_5h_5sessions_hs2.00_rq5000:2026-04-14 13:00:fill-000001:fill-000006:8,fill-000001,fill-000006,sell,buy,1776171677570,1776172388796,1776172388796,711226,0.0002021122807017543859649122799,-0.02017177534875789473684210518,-0.01414583852631578947368421047,0.006025936822442105263157894713,-0.01495630877192982456140350871,-99.80479799999999999999999998,US cash open,13:30,-1011204,1011204,True,US cash open,13:30,-1722430,1722430,True,US cash open,13:30,-1011204,1011204,True,222,False,False,False,42,False,False,False
matched_lot,btcusdt_microprice_20260414_12_5h_5sessions_hs2.00_rq5000,2026-04-14 12:00,2026-04-14 13:00,btcusdt_microprice_20260414_12_5h_5sessions_hs2.00_rq5000:2026-04-14 13:00:fill-000002:fill-000006:9,fill-000002,fill-000006,sell,buy,1776171723448,1776172388796,1776172388796,665348,0.0000778877192982456140350877201,-0.007306335240715789473684210601,-0.004984035157894736842105263209,0.002322300082821052631578947392,-0.005296364912280701754385964967,-93.80599799999999999999999999,US cash open,13:30,-1011204,1011204,True,US cash open,13:30,-1676552,1676552,True,US cash open,13:30,-1011204,1011204,True,232,False,False,False,47,False,False,False
matched_lot,btcusdt_microprice_20260414_12_5h_5sessions_hs2.00_rq5000,2026-04-14 12:00,2026-04-14 13:00,btcusdt_microprice_20260414_12_5h_5sessions_hs2.00_rq5000:2026-04-14 13:00:fill-000002:fill-000007:10,fill-000002,fill-000007,sell,buy,1776171723448,1776172540315,1776172540315,816867,0.0002290248334342822531798909752,-0.02506885855806178073894609328,-0.01823953773470623864324651726,0.006829320823355542095699576015,-0.01893806347668079951544518474,-109.4591280000000000000000000,US cash open,13:30,-859685,859685,True,US cash open,13:30,-1676552,1676552,True,US cash open,13:30,-859685,859685,True,210,False,False,False,38,False,False,False
matched_lot,btcusdt_microprice_20260414_12_5h_5sessions_hs2.00_rq5000,2026-04-14 12:00,2026-04-14 13:00,btcusdt_microprice_20260414_12_5h_5sessions_hs2.00_rq5000:2026-04-14 13:00:fill-000002:fill-000008:11,fill-000002,fill-000008,sell,buy,1776171723448,1776172595915,1776172595915,872467,0.00008000,-0.007665312000000000000000000001,-0.0052800000000000,0.002385312000000000000000000001,-0.0056008000000000,-95.81640000000000000000000001,US cash open,13:30,-804085,804085,True,US cash open,13:30,-1676552,1676552,True,US cash open,13:30,-804085,804085,True,229,False,False,False,45,False,False,False
matched_lot,btcusdt_microprice_20260414_12_5h_5sessions_hs2.00_rq5000,2026-04-14 12:00,2026-04-14 13:00,btcusdt_microprice_20260414_12_5h_5sessions_hs2.00_rq5000:2026-04-14 13:00:fill-000002:fill-000010:12,fill-000002,fill-000010,sell,buy,1776171723448,1776173416884,1776173416884,1693436,0.000280000,-0.02514545544000000000000000000,-0.01679720000000000,0.008348255440000000000000000002,-0.01833160000000000,-89.80519800000000000000,US cash open,13:30,16884,16884,True,US cash open,13:30,-1676552,1676552,True,US cash open,13:30,16884,16884,True,237,False,False,False,49,False,False,False
matched_lot,btcusdt_microprice_20260414_12_5h_5sessions_hs2.00_rq5000,2026-04-14 12:00,2026-04-14 13:00,btcusdt_microprice_20260414_12_5h_5sessions_hs2.00_rq5000:2026-04-14 13:00:fill-000002:fill-000013:13,fill-000002,fill-000013,sell,buy,1776171723448,1776173704582,1776173704582,1981134,0.00028000,-0.07331508744000000000000000000,-0.0649572000000000,0.008357887440000000000000000004,-0.0660800000000000,-261.839598000000000000000,US cash open,13:30,304582,304582,True,US cash open,13:30,-1676552,1676552,True,US cash open,13:30,304582,304582,True,81,False,False,False,22,False,False,False
matched_lot,btcusdt_microprice_20260414_12_5h_5sessions_hs2.00_rq5000,2026-04-14 12:00,2026-04-14 13:00,btcusdt_microprice_20260414_12_5h_5sessions_hs2.00_rq5000:2026-04-14 13:00:fill-000002:fill-000017:14,fill-000002,fill-000017,sell,buy,1776171723448,1776173981302,1776173981302,2257854,0.0000530874472674721327850213047,-0.02239661719311677133475724406,-0.02081027932884907605172835144,0.001586337864267695283028892618,-0.02102315999239163930419628688,-421.8816000000000000000000000,US cash open,13:30,581302,581302,True,US cash open,13:30,-1676552,1676552,True,US cash open,13:30,581302,581302,True,44,False,False,True,16,False,False,False
matched_lot,btcusdt_microprice_20260414_12_5h_5sessions_hs2.00_rq5000,2026-04-14 12:00,2026-04-14 13:00,btcusdt_microprice_20260414_12_5h_5sessions_hs2.00_rq5000:2026-04-14 13:00:fill-000003:fill-000017:15,fill-000003,fill-000017,sell,buy,1776171838265,1776173981302,1776173981302,2143037,0.00007000,-0.02459489956000000000,-0.0225022000000000,0.00209269956000000000,-0.0227829000000000,-351.355708000000,US cash open,13:30,581302,581302,True,US cash open,13:30,-1561735,1561735,True,US cash open,13:30,581302,581302,True,53,False,False,True,19,False,False,False
matched_lot,btcusdt_microprice_20260414_12_5h_5sessions_hs2.00_rq5000,2026-04-14 12:00,2026-04-14 13:00,btcusdt_microprice_20260414_12_5h_5sessions_hs2.00_rq5000:2026-04-14 13:00:fill-000009:fill-000017:16,fill-000009,fill-000017,sell,buy,1776172749548,1776173981302,1776173981302,1231754,0.00042000,-0.11587833684000000000,-0.1033158000000000,0.01256253684000000000,-0.1046682000000000,-275.900802000000,US cash open,13:30,581302,581302,True,US cash open,13:30,-650452,650452,True,US cash open,13:30,581302,581302,True,77,False,False,False,20,False,False,False
matched_lot,btcusdt_microprice_20260414_12_5h_5sessions_hs2.00_rq5000,2026-04-14 12:00,2026-04-14 13:00,btcusdt_microprice_20260414_12_5h_5sessions_hs2.00_rq5000:2026-04-14 13:00:fill-000011:fill-000017:17,fill-000011,fill-000017,sell,buy,1776173422568,1776173981302,1776173981302,558734,0.0001388500527325278672149786953,-0.05247010196711604875301518516,-0.04831981835091969779081258596,0.004150283616196350962202599195,-0.04887660706237713453834465052,-377.8904000000000000000000000,US cash open,13:30,581302,581302,True,US cash open,13:30,22568,22568,True,US cash open,13:30,581302,581302,True,48,False,False,True,18,False,False,False
matched_lot,btcusdt_microprice_20260414_12_5h_5sessions_hs2.00_rq5000,2026-04-14 12:00,2026-04-14 13:00,btcusdt_microprice_20260414_12_5h_5sessions_hs2.00_rq5000:2026-04-14 13:00:fill-000011:fill-000023:18,fill-000011,fill-000023,sell,buy,1776173422568,1776174918585,1776174918585,1496017,0.0000011499472674721327850213047,-0.0009406205241586579638071550008,-0.0009061469472953659132689378906,0.00003447357686329205053821711017,-0.0009107582358379291657368733224,-817.9683979999999999999999995,US cash open,13:30,1518585,1518585,True,US cash open,13:30,22568,22568,True,US cash open,13:30,1518585,1518585,True,2,True,True,True,1,True,True,True
matched_lot,btcusdt_microprice_20260414_12_5h_5sessions_hs2.00_rq5000,2026-04-14 12:00,2026-04-14 13:00,btcusdt_microprice_20260414_12_5h_5sessions_hs2.00_rq5000:2026-04-14 13:00:fill-000012:fill-000023:19,fill-000012,fill-000023,sell,buy,1776173599476,1776174918585,1776174918585,1319109,0.0000688500527325278672149786983,-0.03707604958939311183015078787,-0.03500818631290844464280021872,0.002067863276484667187350569148,-0.03559685426377155790748828659,-538.5043020000000000000000000,US cash open,13:30,1518585,1518585,True,US cash open,13:30,199476,199476,True,US cash open,13:30,1518585,1518585,True,27,False,True,True,13,False,False,False
matched_lot,btcusdt_microprice_20260414_12_5h_5sessions_hs2.00_rq5000,2026-04-14 12:00,2026-04-14 13:00,btcusdt_microprice_20260414_12_5h_5sessions_hs2.00_rq5000:2026-04-14 13:00:fill-000012:fill-000024:20,fill-000012,fill-000024,sell,buy,1776173599476,1776174955419,1776174955419,1355943,0.0000211499472674721327850213017,-0.01240452655716674901973285503,-0.01176909965645754300955295354,0.0006354269007092060101799014864,-0.01207471639447251532829651135,-586.5039000000000000000000000,US cash open,13:30,1555419,1555419,True,US cash open,13:30,199476,199476,True,US cash open,13:30,1555419,1555419,True,22,False,True,True,10,False,False,True
matched_lot,btcusdt_microprice_20260414_12_5h_5sessions_hs2.00_rq5000,2026-04-14 12:00,2026-04-14 13:00,btcusdt_microprice_20260414_12_5h_5sessions_hs2.00_rq5000:2026-04-14 13:00:fill-000014:fill-000024:21,fill-000014,fill-000024,sell,buy,1776173713640,1776174955419,1776174955419,1241779,0.0009788500527325278672149786983,-0.6401781106122214325183036356,-0.6107828559040427385848024082,0.02939525470817869393350122744,-0.6185255598211570340144728897,-654.0103960000000000000000000,US cash open,13:30,1555419,1555419,True,US cash open,13:30,313640,313640,True,US cash open,13:30,1555419,1555419,True,12,False,True,True,7,False,False,True
matched_lot,btcusdt_microprice_20260414_12_5h_5sessions_hs2.00_rq5000,2026-04-14 12:00,2026-04-14 13:00,btcusdt_microprice_20260414_12_5h_5sessions_hs2.00_rq5000:2026-04-14 13:00:fill-000014:fill-000025:22,fill-000014,fill-000025,sell,buy,1776173713640,1776174962402,1776174962402,1248762,0.0000211499472674721327850213017,-0.01392980614493299462314174039,-0.01329464535286030794733654004,0.0006351607920726866758052003481,-0.01333715674686792693423443286,-658.6213180000000000000000003,US cash open,13:30,1562402,1562402,True,US cash open,13:30,313640,313640,True,US cash open,13:30,1562402,1562402,True,11,False,True,True,6,False,False,True
matched_lot,btcusdt_microprice_20260414_12_5h_5sessions_hs2.00_rq5000,2026-04-14 12:00,2026-04-14 13:00,btcusdt_microprice_20260414_12_5h_5sessions_hs2.00_rq5000:2026-04-14 13:00:fill-000015:fill-000025:23,fill-000015,fill-000025,sell,buy,1776173848682,1776174962402,1776174962402,1113720,0.0001388500527325278672149786983,-0.07007097319588187568406176143,-0.06589684652633040050155674043,0.004174126669551475182505020996,-0.06645224673726051197041665522,-504.6521180000000000000000001,US cash open,13:30,1562402,1562402,True,US cash open,13:30,448682,448682,True,US cash open,13:30,1562402,1562402,True,28,False,True,True,14,False,False,False
matched_lot,btcusdt_microprice_20260414_12_5h_5sessions_hs2.00_rq5000,2026-04-14 12:00,2026-04-14 13:00,btcusdt_microprice_20260414_12_5h_5sessions_hs2.00_rq5000:2026-04-14 13:00:fill-000015:fill-000026:24,fill-000015,fill-000026,sell,buy,1776173848682,1776175099303,1776175099303,1250621,0.0006208621774832994709145177037,-0.3525657501679069030924006345,-0.3338934704287436224631184759,0.01867227973916328062928215863,-0.3351414034054850543996566565,-567.8647580000000000000000000,US cash open,13:30,1699303,1699303,True,US cash open,13:30,448682,448682,True,US cash open,13:30,1699303,1699303,True,25,False,True,True,12,False,False,False
matched_lot,btcusdt_microprice_20260414_12_5h_5sessions_hs2.00_rq5000,2026-04-14 12:00,2026-04-14 13:00,btcusdt_microprice_20260414_12_5h_5sessions_hs2.00_rq5000:2026-04-14 13:00:fill-000016:fill-000026:25,fill-000016,fill-000026,sell,buy,1776173907297,1776175099303,1776175099303,1192006,0.0000291378225167005290854822963,-0.01782815030998977322270463429,-0.01695209376199120081664274516,0.0008760565479985724060618891303,-0.01695267651844153482722445480,-611.8559579999999999999999998,US cash open,13:30,1699303,1699303,True,US cash open,13:30,507297,507297,True,US cash open,13:30,1699303,1699303,True,18,False,True,True,8,False,False,True
matched_lot,btcusdt_microprice_20260414_12_5h_5sessions_hs2.00_rq5000,2026-04-14 12:00,2026-04-14 14:00,btcusdt_microprice_20260414_12_5h_5sessions_hs2.00_rq5000:2026-04-14 14:00:fill-000001:fill-000003:26,fill-000001,fill-000003,buy,sell,1776175320452,1776175422636,1776175422636,102184,0.00007000,-0.00677310788000000000,-0.0046606000000000,0.00211250788000000000,-0.0050589000000000,-96.758684000000,US cash open,13:30,2022636,2022636,False,US cash open,13:30,1920452,1920452,False,US cash open,13:30,2022636,2022636,False,227,False,False,False,44,False,False,False
matched_lot,btcusdt_microprice_20260414_12_5h_5sessions_hs2.00_rq5000,2026-04-14 12:00,2026-04-14 14:00,btcusdt_microprice_20260414_12_5h_5sessions_hs2.00_rq5000:2026-04-14 14:00:fill-000001:fill-000004:27,fill-000001,fill-000004,buy,sell,1776175320452,1776175504919,1776175504919,184467,0.00049000,-0.04124878800000000000,-0.0264600000000000,0.01478878800000000000,-0.0282975000000000,-84.181200000000,US cash open,13:30,2104919,2104919,False,US cash open,13:30,1920452,1920452,False,US cash open,13:30,2104919,2104919,False,242,False,False,False,51,False,False,False
matched_lot,btcusdt_microprice_20260414_12_5h_5sessions_hs2.00_rq5000,2026-04-14 12:00,2026-04-14 14:00,btcusdt_microprice_20260414_12_5h_5sessions_hs2.00_rq5000:2026-04-14 14:00:fill-000001:fill-000005:28,fill-000001,fill-000005,buy,sell,1776175320452,1776175627274,1776175627274,306822,0.00016000000000000000000000000,0.01244582400000000000000000000,0.01728000000000000000000000000,0.0048341760000000000000000,0.01659840000000000000000000000,77.7864,US cash open,13:30,2227274,2227274,False,US cash open,13:30,1920452,1920452,False,US cash open,13:30,2227274,2227274,False,507,False,False,False,80,False,False,False
matched_lot,btcusdt_microprice_20260414_12_5h_5sessions_hs2.00_rq5000,2026-04-14 12:00,2026-04-14 14:00,btcusdt_microprice_20260414_12_5h_5sessions_hs2.00_rq5000:2026-04-14 14:00:fill-000001:fill-000006:29,fill-000001,fill-000006,buy,sell,1776175320452,1776175929291,1776175929291,608839,0.00028000000000000000000000000,-0.005651520560000000000000000000,0.002802800000000000000000000000,0.0084543205600000000000000,0.001472800000000000000000000000,-20.184002,US cash open,13:30,2529291,2529291,False,US cash open,13:30,1920452,1920452,False,US cash open,13:30,2529291,2529291,False,368,False,False,False,62,False,False,False
matched_lot,btcusdt_microprice_20260414_12_5h_5sessions_hs2.00_rq5000,2026-04-14 12:00,2026-04-14 14:00,btcusdt_microprice_20260414_12_5h_5sessions_hs2.00_rq5000:2026-04-14 14:00:fill-000002:fill-000006:30,fill-000002,fill-000006,buy,sell,1776175389395,1776175929291,1776175929291,539896,0.00023000000000000000000000000,0.01167484232000000000000000000,0.01861620000000000000000000000,0.006941357680000000000000000000,0.01884850000000000000000000000,50.760184,US cash open,13:30,2529291,2529291,False,US cash open,13:30,1989395,1989395,False,US cash open,13:30,2529291,2529291,False,462,False,False,False,74,False,False,False
matched_lot,btcusdt_microprice_20260414_12_5h_5sessions_hs2.00_rq5000,2026-04-14 12:00,2026-04-14 14:00,btcusdt_microprice_20260414_12_5h_5sessions_hs2.00_rq5000:2026-04-14 14:00:fill-000002:fill-000008:31,fill-000002,fill-000008,buy,sell,1776175389395,1776175934260,1776175934260,544865,0.00077000000000000000000000000,0.03753795122000000000000000000,0.06077610000000000000000000000,0.02323814878000000000000000000,0.06309380000000000000000000000,48.750586,US cash open,13:30,2534260,2534260,False,US cash open,13:30,1989395,1989395,False,US cash open,13:30,2534260,2534260,False,459,False,False,False,72,False,False,False
matched_lot,btcusdt_microprice_20260414_12_5h_5sessions_hs2.00_rq5000,2026-04-14 12:00,2026-04-14 14:00,btcusdt_microprice_20260414_12_5h_5sessions_hs2.00_rq5000:2026-04-14 14:00:fill-000007:fill-000008:32,fill-000007,fill-000008,buy,sell,1776175930731,1776175934260,1776175934260,3529,0.00021000,-0.00592090800000000000,0.0004200000000000,0.00634090800000000000,-0.0008400000000000,-28.194800000000,US cash open,13:30,2534260,2534260,False,US cash open,13:30,2530731,2530731,False,US cash open,13:30,2534260,2534260,False,343,False,False,False,59,False,False,False
matched_lot,btcusdt_microprice_20260414_12_5h_5sessions_hs2.00_rq5000,2026-04-14 12:00,2026-04-14 14:00,btcusdt_microprice_20260414_12_5h_5sessions_hs2.00_rq5000:2026-04-14 14:00:fill-000008:fill-000010:33,fill-000008,fill-000010,sell,buy,1776175934260,1776176013591,1776176013591,79331,0.00002000000000000000000000000,-0.002284039960000000000000000000,-0.001679800000000000000000000000,0.000604239960000000000000000,-0.001685600000000000000000000000,-114.201998,US cash open,13:30,2613591,2613591,False,US cash open,13:30,2534260,2534260,False,US cash open,13:30,2613591,2613591,False,204,False,False,False,36,False,False,False
matched_lot,btcusdt_microprice_20260414_12_5h_5sessions_hs2.00_rq5000,2026-04-14 12:00,2026-04-14 14:00,btcusdt_microprice_20260414_12_5h_5sessions_hs2.00_rq5000:2026-04-14 14:00:fill-000009:fill-000010:34,fill-000009,fill-000010,sell,buy,1776175937641,1776176013591,1776176013591,75950,0.00026000000000000000000000000,-0.02727240360000000000000000000,-0.01941680000000000000000000000,0.0078556036000000000000000,-0.01994980000000000000000000000,-104.89386,US cash open,13:30,2613591,2613591,False,US cash open,13:30,2537641,2537641,False,US cash open,13:30,2613591,2613591,False,216,False,False,False,41,False,False,False
matched_lot,btcusdt_microprice_20260414_12_5h_5sessions_hs2.00_rq5000,2026-04-14 12:00,2026-04-14 14:00,btcusdt_microprice_20260414_12_5h_5sessions_hs2.00_rq5000:2026-04-14 14:00:fill-000009:fill-000011:35,fill-000009,fill-000011,sell,buy,1776175937641,1776176067789,1776176067789,130148,0.00002000000000000000000000000,-0.002362930200000000000000000000,-0.001758600000000000000000000000,0.0006043302000000000000000000000,-0.001945200000000000000000000000,-118.14651,US cash open,13:30,2667789,2667789,False,US cash open,13:30,2537641,2537641,False,US cash open,13:30,2667789,2667789,False,199,False,False,False,33,False,False,False
matched_lot,btcusdt_microprice_20260414_12_5h_5sessions_hs2.00_rq5000,2026-04-14 12:00,2026-04-14 14:00,btcusdt_microprice_20260414_12_5h_5sessions_hs2.00_rq5000:2026-04-14 14:00:fill-000011:fill-000012:36,fill-000011,fill-000012,buy,sell,1776176067789,1776176194515,1776176194515,126726,0.00098000000000000000000000000,-0.06611731504000000000000000000,-0.03649520000000000000000000000,0.02962211504000000000000000000,-0.04391380000000000000000000000,-67.466648,US cash open,13:30,2794515,2794515,False,US cash open,13:30,2667789,2667789,False,US cash open,13:30,2794515,2794515,False,274,False,False,False,53,False,False,False
matched_lot,btcusdt_microprice_20260414_12_5h_5sessions_hs2.00_rq5000,2026-04-14 12:00,2026-04-14 14:00,btcusdt_microprice_20260414_12_5h_5sessions_hs2.00_rq5000:2026-04-14 14:00:fill-000012:fill-000014:37,fill-000012,fill-000014,sell,buy,1776176194515,1776176261720,1776176261720,67205,0.00002000000000000000000000000,-0.002964655960000000000000000000,-0.002359800000000000000000000000,0.0006048559599999999999999999999,-0.002400200000000000000000000000,-148.232798,US cash open,13:30,2861720,2861720,False,US cash open,13:30,2794515,2794515,False,US cash open,13:30,2861720,2861720,False,170,False,False,False,29,False,False,False
matched_lot,btcusdt_microprice_20260414_12_5h_5sessions_hs2.00_rq5000,2026-04-14 12:00,2026-04-14 14:00,btcusdt_microprice_20260414_12_5h_5sessions_hs2.00_rq5000:2026-04-14 14:00:fill-000013:fill-000014:38,fill-000013,fill-000014,sell,buy,1776176258718,1776176261720,1776176261720,3002,0.00004999999999999999999999999957,-0.001312859899999999999999999989,0.0002004999999999999999999999983,0.001513359899999999999999999987,0.0000989999999999999999999999992,-26.25719800000000000000000001,US cash open,13:30,2861720,2861720,False,US cash open,13:30,2858718,2858718,False,US cash open,13:30,2861720,2861720,False,348,False,False,False,60,False,False,False
matched_lot,btcusdt_microprice_20260414_12_5h_5sessions_hs2.00_rq5000,2026-04-14 12:00,2026-04-14 14:00,btcusdt_microprice_20260414_12_5h_5sessions_hs2.00_rq5000:2026-04-14 14:00:fill-000013:fill-000020:39,fill-000013,fill-000020,sell,buy,1776176258718,1776176627861,1776176627861,369143,0.0007000000000000000000000000004,-0.06102556600000000000000000004,-0.03983000000000000000000000002,0.02119556600000000000000000002,-0.04571700000000000000000000002,-87.17938000000000000000000001,US cash open,13:30,3227861,3227861,False,US cash open,13:30,2858718,2858718,False,US cash open,13:30,3227861,3227861,False,241,False,False,False,50,False,False,False
matched_lot,btcusdt_microprice_20260414_12_5h_5sessions_hs2.00_rq5000,2026-04-14 12:00,2026-04-14 14:00,btcusdt_microprice_20260414_12_5h_5sessions_hs2.00_rq5000:2026-04-14 14:00:fill-000015:fill-000020:40,fill-000015,fill-000020,sell,buy,1776176375687,1776176627861,1776176627861,252174,0.0002999999999999999999999999996,-0.06274349459999999999999999992,-0.05366699999999999999999999993,0.009076494599999999999999999988,-0.05618999999999999999999999993,-209.1449820000000000000000000,US cash open,13:30,3227861,3227861,False,US cash open,13:30,2975687,2975687,False,US cash open,13:30,3227861,3227861,False,121,False,False,False,24,False,False,False
matched_lot,btcusdt_microprice_20260414_12_5h_5sessions_hs2.00_rq5000,2026-04-14 12:00,2026-04-14 14:00,btcusdt_microprice_20260414_12_5h_5sessions_hs2.00_rq5000:2026-04-14 14:00:fill-000015:fill-000021:41,fill-000015,fill-000021,sell,buy,1776176375687,1776176660666,1776176660666,284979,0.0002175384615384615384615384619,-0.03572764720430769230769230775,-0.02914797846153846153846153851,0.006579668742769230769230769241,-0.02946776000000000000000000005,-164.2360020000000000000000000,US cash open,13:30,3260666,3260666,False,US cash open,13:30,2975687,2975687,False,US cash open,13:30,3260666,3260666,False,151,False,False,False,28,False,False,False
matched_lot,btcusdt_microprice_20260414_12_5h_5sessions_hs2.00_rq5000,2026-04-14 12:00,2026-04-14 14:00,btcusdt_microprice_20260414_12_5h_5sessions_hs2.00_rq5000:2026-04-14 14:00:fill-000016:fill-000021:42,fill-000016,fill-000021,sell,buy,1776176410256,1776176660666,1776176660666,250410,0.0007824615384615384615384615381,-0.09722397599999999999999999996,-0.07355138461538461538461538458,0.02367259138461538461538461538,-0.07546059076923076923076923074,-124.2540000000000000000000000,US cash open,13:30,3260666,3260666,False,US cash open,13:30,3010256,3010256,False,US cash open,13:30,3260666,3260666,False,194,False,False,False,32,False,False,False
matched_lot,btcusdt_microprice_20260414_12_5h_5sessions_hs2.00_rq5000,2026-04-14 12:00,2026-04-14 14:00,btcusdt_microprice_20260414_12_5h_5sessions_hs2.00_rq5000:2026-04-14 14:00:fill-000016:fill-000022:43,fill-000016,fill-000022,sell,buy,1776176410256,1776176784703,1776176784703,374447,0.0002175384615384615384615384619,-0.03094432362646153846153846159,-0.02436213230769230769230769235,0.006582191318769230769230769241,-0.02468626461538461538461538466,-142.2475980000000000000000000,US cash open,13:30,3384703,3384703,False,US cash open,13:30,3010256,3010256,False,US cash open,13:30,3384703,3384703,False,172,False,False,False,30,False,False,False
matched_lot,btcusdt_microprice_20260414_12_5h_5sessions_hs2.00_rq5000,2026-04-14 12:00,2026-04-14 14:00,btcusdt_microprice_20260414_12_5h_5sessions_hs2.00_rq5000:2026-04-14 14:00:fill-000017:fill-000022:44,fill-000017,fill-000022,sell,buy,1776176421551,1776176784703,1776176784703,363152,0.0000624615384615384615384615354,-0.008010717167384615384615384223,-0.006120606153846153846153845854,0.001890111013538461538461538369,-0.006276135384615384615384615077,-128.2503980000000000000000000,US cash open,13:30,3384703,3384703,False,US cash open,13:30,3021551,3021551,False,US cash open,13:30,3384703,3384703,False,186,False,False,False,31,False,False,False
matched_lot,btcusdt_microprice_20260414_12_5h_5sessions_hs2.00_rq5000,2026-04-14 12:00,2026-04-14 14:00,btcusdt_microprice_20260414_12_5h_5sessions_hs2.00_rq5000:2026-04-14 14:00:fill-000017:fill-000025:45,fill-000017,fill-000025,sell,buy,1776176421551,1776176905540,1776176905540,483989,0.00007000,-0.01275898400000000000000000000,-0.0106400000000000,0.002118984000000000000000000000,-0.0109193000000000,-182.271200000000000000000,US cash open,13:30,3505540,3505540,False,US cash open,13:30,3021551,3021551,False,US cash open,13:30,3505540,3505540,False,139,False,False,False,25,False,False,False
matched_lot,btcusdt_microprice_20260414_12_5h_5sessions_hs2.00_rq5000,2026-04-14 12:00,2026-04-14 14:00,btcusdt_microprice_20260414_12_5h_5sessions_hs2.00_rq5000:2026-04-14 14:00:fill-000017:fill-000027:46,fill-000017,fill-000027,sell,buy,1776176421551,1776177162898,1776177162898,741347,0.000070000,-0.03250223186000000000000000000,-0.03037930000000000,0.002122931860000000000000000000,-0.03065860000000000,-464.31759800000000000000,US cash open,13:30,3762898,3762898,False,US cash open,13:30,3021551,3021551,False,US cash open,13:30,3762898,3762898,False,36,False,False,True,15,False,False,False
matched_lot,btcusdt_microprice_20260414_12_5h_5sessions_hs2.00_rq5000,2026-04-14 12:00,2026-04-14 14:00,btcusdt_microprice_20260414_12_5h_5sessions_hs2.00_rq5000:2026-04-14 14:00:fill-000017:fill-000028:47,fill-000017,fill-000028,sell,buy,1776176421551,1776177187873,1776177187873,766322,0.00058000,-0.2239275333200000000000000000,-0.2063466000000000,0.01758093332000000000000000000,-0.2086608000000000,-386.08195400000000000000,US cash open,13:30,3787873,3787873,False,US cash open,13:30,3021551,3021551,False,US cash open,13:30,3787873,3787873,False,46,False,False,True,17,False,False,False
matched_lot,btcusdt_microprice_20260414_12_5h_5sessions_hs2.00_rq5000,2026-04-14 12:00,2026-04-14 14:00,btcusdt_microprice_20260414_12_5h_5sessions_hs2.00_rq5000:2026-04-14 14:00:fill-000017:fill-000029:48,fill-000017,fill-000029,sell,buy,1776176421551,1776177234421,1776177234421,812870,0.0002075384615384615384615384646,-0.02412800646153846153846153882,-0.01784830769230769230769230796,0.006279698769230769230769230862,-0.01826130923076923076923076950,-116.2580000000000000000000000,US cash open,13:30,3834421,3834421,False,US cash open,13:30,3021551,3021551,False,US cash open,13:30,3834421,3834421,False,201,False,False,False,34,False,False,False
matched_lot,btcusdt_microprice_20260414_12_5h_5sessions_hs2.00_rq5000,2026-04-14 12:00,2026-04-14 14:00,btcusdt_microprice_20260414_12_5h_5sessions_hs2.00_rq5000:2026-04-14 14:00:fill-000018:fill-000029:49,fill-000018,fill-000029,sell,buy,1776176464508,1776177234421,1776177234421,769913,0.0007924615384615384615384615354,-0.07478647985815384615384615355,-0.05080470923076923076923076903,0.02398177062738461538461538452,-0.05239755692307692307692307672,-94.37237799999999999999999999,US cash open,13:30,3834421,3834421,False,US cash open,13:30,3064508,3064508,False,US cash open,13:30,3834421,3834421,False,230,False,False,False,46,False,False,False
matched_lot,btcusdt_microprice_20260414_12_5h_5sessions_hs2.00_rq5000,2026-04-14 12:00,2026-04-14 14:00,btcusdt_microprice_20260414_12_5h_5sessions_hs2.00_rq5000:2026-04-14 14:00:fill-000018:fill-000030:50,fill-000018,fill-000030,sell,buy,1776176464508,1776177257799,1776177257799,793291,0.0002075384615384615384615384646,-0.003888700868615384615384615446,0.002388767692307692307692307728,0.006277468560923076923076923174,0.001249381538461538461538461557,-18.73725400000000000000000002,US cash open,13:30,3857799,3857799,False,US cash open,13:30,3064508,3064508,False,US cash open,13:30,3857799,3857799,False,372,False,False,False,63,False,False,False
matched_lot,btcusdt_microprice_20260414_12_5h_5sessions_hs2.00_rq5000,2026-04-14 12:00,2026-04-14 14:00,btcusdt_microprice_20260414_12_5h_5sessions_hs2.00_rq5000:2026-04-14 14:00:fill-000019:fill-000030:51,fill-000019,fill-000030,sell,buy,1776176621883,1776177257799,1776177257799,635916,0.00016000000000000000000000000,0.01237656384000000000000000000,0.01721920000000000000000000000,0.004842636160000000000000000000,0.01642400000000000000000000000,77.353524,US cash open,13:30,3857799,3857799,False,US cash open,13:30,3221883,3221883,False,US cash open,13:30,3857799,3857799,False,506,False,False,False,79,False,False,False
matched_lot,btcusdt_microprice_20260414_12_5h_5sessions_hs2.00_rq5000,2026-04-14 12:00,2026-04-14 14:00,btcusdt_microprice_20260414_12_5h_5sessions_hs2.00_rq5000:2026-04-14 14:00:fill-000023:fill-000030:52,fill-000023,fill-000030,sell,buy,1776176791765,1776177257799,1776177257799,466034,0.00040000,0.01974364960000000000,0.0318480000000000,0.01210435040000000000,0.0296520000000000,49.359124000000,US cash open,13:30,3857799,3857799,False,US cash open,13:30,3391765,3391765,False,US cash open,13:30,3857799,3857799,False,460,False,False,False,73,False,False,False
matched_lot,btcusdt_microprice_20260414_12_5h_5sessions_hs2.00_rq5000,2026-04-14 12:00,2026-04-14 14:00,btcusdt_microprice_20260414_12_5h_5sessions_hs2.00_rq5000:2026-04-14 14:00:fill-000024:fill-000030:53,fill-000024,fill-000030,sell,buy,1776176822000,1776177257799,1776177257799,435799,0.0002324615384615384615384615354,0.03703975297907692307692307643,0.04407935692307692307692307634,0.007039603943999999999999999907,0.04280314307692307692307692251,159.3371240000000000000000000,US cash open,13:30,3857799,3857799,False,US cash open,13:30,3422000,3422000,False,US cash open,13:30,3857799,3857799,False,564,False,False,False,84,False,False,False
matched_lot,btcusdt_microprice_20260414_12_5h_5sessions_hs2.00_rq5000,2026-04-14 12:00,2026-04-14 14:00,btcusdt_microprice_20260414_12_5h_5sessions_hs2.00_rq5000:2026-04-14 14:00:fill-000024:fill-000033:54,fill-000024,fill-000033,sell,buy,1776176822000,1776177304523,1776177304523,482523,0.0000475384615384615384615384646,0.003313868218153846153846154060,0.004754321538461538461538461845,0.001440453320307692307692307785,0.004565118461538461538461538755,69.70920200000000000000000001,US cash open,13:30,3904523,3904523,False,US cash open,13:30,3422000,3422000,False,US cash open,13:30,3904523,3904523,False,493,False,False,False,78,False,False,False
matched_lot,btcusdt_microprice_20260414_12_5h_5sessions_hs2.00_rq5000,2026-04-14 12:00,2026-04-14 14:00,btcusdt_microprice_20260414_12_5h_5sessions_hs2.00_rq5000:2026-04-14 14:00:fill-000026:fill-000033:55,fill-000026,fill-000033,sell,buy,1776177059171,1776177304523,1776177304523,245352,0.000160000000000000000000000000,0.03514867232000000000000000000,0.04000160000000000000000000000,0.004852927679999999999999999999,0.03936480000000000000000000000,219.679202,US cash open,13:30,3904523,3904523,False,US cash open,13:30,3659171,3659171,False,US cash open,13:30,3904523,3904523,False,600,False,False,False,90,False,False,False
matched_lot,btcusdt_microprice_20260414_12_5h_5sessions_hs2.00_rq5000,2026-04-14 12:00,2026-04-14 14:00,btcusdt_microprice_20260414_12_5h_5sessions_hs2.00_rq5000:2026-04-14 14:00:fill-000031:fill-000033:56,fill-000031,fill-000033,sell,buy,1776177300048,1776177304523,1776177304523,4475,0.00070000,-0.06318115860000000000000000000,-0.0419930000000000,0.02118815860000000000000000000,-0.0447790000000000,-90.258798000000000000000,US cash open,13:30,3904523,3904523,False,US cash open,13:30,3900048,3900048,False,US cash open,13:30,3904523,3904523,False,235,False,False,False,48,False,False,False
matched_lot,btcusdt_microprice_20260414_12_5h_5sessions_hs2.00_rq5000,2026-04-14 12:00,2026-04-14 14:00,btcusdt_microprice_20260414_12_5h_5sessions_hs2.00_rq5000:2026-04-14 14:00:fill-000032:fill-000033:57,fill-000032,fill-000033,sell,buy,1776177303093,1776177304523,1776177304523,1430,0.0000836866404952357441281988754,-0.002365921583395627778925647790,0.0001682101473954238456976797396,0.002534131730791051624623327530,-0.0001648626817756144159325517845,-28.27119800000000000000000000,US cash open,13:30,3904523,3904523,False,US cash open,13:30,3903093,3903093,False,US cash open,13:30,3904523,3904523,False,342,False,False,False,58,False,False,False
matched_lot,btcusdt_microprice_20260414_12_5h_5sessions_hs2.00_rq5000,2026-04-14 12:00,2026-04-14 14:00,btcusdt_microprice_20260414_12_5h_5sessions_hs2.00_rq5000:2026-04-14 14:00:fill-000032:fill-000034:58,fill-000032,fill-000034,sell,buy,1776177303093,1776177354288,1776177354288,51195,0.0001200000000000000000000000001,-0.007953455760000000000000000008,-0.004318800000000000000000000004,0.003634655760000000000000000004,-0.004800000000000000000000000004,-66.27879800000000000000000001,US cash open,13:30,3954288,3954288,False,US cash open,13:30,3903093,3903093,False,US cash open,13:30,3954288,3954288,False,275,False,False,False,54,False,False,False
matched_lot,btcusdt_microprice_20260414_12_5h_5sessions_hs2.00_rq5000,2026-04-14 12:00,2026-04-14 14:00,btcusdt_microprice_20260414_12_5h_5sessions_hs2.00_rq5000:2026-04-14 14:00:fill-000032:fill-000038:59,fill-000032,fill-000038,sell,buy,1776177303093,1776177586011,1776177586011,282918,0.00006999999999999999999999999735,0.01619104941999999999999999939,0.01830709999999999999999999931,0.002116050579999999999999999920,0.01802639999999999999999999933,231.3007060000000000000000000,US cash open,13:30,4186011,4186011,False,US cash open,13:30,3903093,3903093,False,US cash open,13:30,4186011,4186011,False,607,False,False,False,93,False,False,False
matched_lot,btcusdt_microprice_20260414_12_5h_5sessions_hs2.00_rq5000,2026-04-14 12:00,2026-04-14 14:00,btcusdt_microprice_20260414_12_5h_5sessions_hs2.00_rq5000:2026-04-14 14:00:fill-000032:fill-000039:60,fill-000032,fill-000039,sell,buy,1776177303093,1776177594779,1776177594779,291686,0.00056000,0.1280440985600000000000000000,0.1449728000000000,0.01692870144000000000000000000,0.1420216000000000,228.65017600000000000000,US cash open,13:30,4194779,4194779,False,US cash open,13:30,3903093,3903093,False,US cash open,13:30,4194779,4194779,False,605,False,False,False,92,False,False,False
matched_lot,btcusdt_microprice_20260414_12_5h_5sessions_hs2.00_rq5000,2026-04-14 12:00,2026-04-14 14:00,btcusdt_microprice_20260414_12_5h_5sessions_hs2.00_rq5000:2026-04-14 14:00:fill-000032:fill-000040:61,fill-000032,fill-000040,sell,buy,1776177303093,1776177600245,1776177600245,297152,0.0001663133595047642558718011272,0.04253889931534678040416345639,0.04756562081836257717933512238,0.005026721503015796775171665989,0.04689870424674847251328919986,255.7756000000000000000000000,US cash open,13:30,4200245,4200245,False,US cash open,13:30,3903093,3903093,False,US cash open,13:30,4200245,4200245,False,620,False,False,False,94,False,False,False
matched_lot,btcusdt_microprice_20260414_12_5h_5sessions_hs2.00_rq5000,2026-04-14 12:00,2026-04-14 14:00,btcusdt_microprice_20260414_12_5h_5sessions_hs2.00_rq5000:2026-04-14 14:00:fill-000035:fill-000040:62,fill-000035,fill-000040,sell,buy,1776177483549,1776177600245,1776177600245,116696,0.00058000,0.03701791884000000000,0.0545258000000000,0.01750788116000000000,0.0533542000000000,63.823998000000,US cash open,13:30,4200245,4200245,False,US cash open,13:30,4083549,4083549,False,US cash open,13:30,4200245,4200245,False,482,False,False,False,77,False,False,False
matched_lot,btcusdt_microprice_20260414_12_5h_5sessions_hs2.00_rq5000,2026-04-14 12:00,2026-04-14 14:00,btcusdt_microprice_20260414_12_5h_5sessions_hs2.00_rq5000:2026-04-14 14:00:fill-000036:fill-000040:63,fill-000036,fill-000040,sell,buy,1776177514579,1776177600245,1776177600245,85666,0.0001741860465116279069767441860,-0.01022149779162790697674418604,-0.004967786046511627906976744185,0.005253711745116279069767441860,-0.005593113953488372093023255813,-58.68149599999999999999999998,US cash open,13:30,4200245,4200245,False,US cash open,13:30,4114579,4114579,False,US cash open,13:30,4200245,4200245,False,288,False,False,False,56,False,False,False
matched_lot,btcusdt_microprice_20260414_12_5h_5sessions_hs2.00_rq5000,2026-04-14 12:00,2026-04-14 14:00,btcusdt_microprice_20260414_12_5h_5sessions_hs2.00_rq5000:2026-04-14 14:00:fill-000037:fill-000040:64,fill-000037,fill-000040,sell,buy,1776177534244,1776177600245,1776177600245,66001,0.0000795005939836078371514546868,-0.005100789910225872274772193287,-0.002703020195442666463149459351,0.002397769714783205811622733936,-0.002862816389349718215823883271,-64.16040000000000000000000000,US cash open,13:30,4200245,4200245,False,US cash open,13:30,4134244,4134244,False,US cash open,13:30,4200245,4200245,False,278,False,False,False,55,False,False,False
matched_lot,btcusdt_microprice_20260414_12_5h_5sessions_hs2.00_rq5000,2026-04-14 12:00,2026-04-14 14:00,btcusdt_microprice_20260414_12_5h_5sessions_hs2.00_rq5000:2026-04-14 14:00:fill-000037:fill-000045:65,fill-000037,fill-000045,sell,buy,1776177534244,1776177752782,1776177752782,218538,0.00014000,-0.004260711840000000000000000000,-0.0000392000000000,0.004221511840000000000000000000,-0.0003206000000000,-30.4336560000000000000000,US cash open,13:30,4352782,4352782,False,US cash open,13:30,4134244,4134244,False,US cash open,13:30,4352782,4352782,False,336,False,False,False,57,False,False,False
matched_lot,btcusdt_microprice_20260414_12_5h_5sessions_hs2.00_rq5000,2026-04-14 12:00,2026-04-14 14:00,btcusdt_microprice_20260414_12_5h_5sessions_hs2.00_rq5000:2026-04-14 14:00:fill-000037:fill-000050:66,fill-000037,fill-000050,sell,buy,1776177534244,1776178098208,1776178098208,563964,0.0005599999999999999999999999991,-0.00567817488000000000000000000,0.01120559999999999999999999998,0.01688377487999999999999999998,0.01053359999999999999999999998,-10.13959800000000000000000002,US cash open,13:30,4698208,4698208,False,US cash open,13:30,4134244,4134244,False,US cash open,13:30,4698208,4698208,False,384,False,False,False,65,False,False,False
matched_lot,btcusdt_microprice_20260414_12_5h_5sessions_hs2.00_rq5000,2026-04-14 12:00,2026-04-14 14:00,btcusdt_microprice_20260414_12_5h_5sessions_hs2.00_rq5000:2026-04-14 14:00:fill-000037:fill-000051:67,fill-000037,fill-000051,sell,buy,1776177534244,1776178197035,1776178197035,662791,0.0002204994060163921628485453141,0.03613658925487763288686641851,0.04277688476718007959261779094,0.006640295512302446705751372426,0.04233368096108713134529221486,163.8852000000000000000000000,US cash open,13:30,4797035,4797035,False,US cash open,13:30,4134244,4134244,False,US cash open,13:30,4797035,4797035,False,569,False,False,False,86,False,False,False
matched_lot,btcusdt_microprice_20260414_12_5h_5sessions_hs2.00_rq5000,2026-04-14 12:00,2026-04-14 14:00,btcusdt_microprice_20260414_12_5h_5sessions_hs2.00_rq5000:2026-04-14 14:00:fill-000041:fill-000051:68,fill-000041,fill-000051,sell,buy,1776177672595,1776178197035,1776178197035,524440,0.00022000,0.01304074772000000000,0.0196614000000000,0.00662065228000000000,0.0192170000000000,59.276126000000,US cash open,13:30,4797035,4797035,False,US cash open,13:30,4272595,4272595,False,US cash open,13:30,4797035,4797035,False,479,False,False,False,76,False,False,False
matched_lot,btcusdt_microprice_20260414_12_5h_5sessions_hs2.00_rq5000,2026-04-14 12:00,2026-04-14 14:00,btcusdt_microprice_20260414_12_5h_5sessions_hs2.00_rq5000:2026-04-14 14:00:fill-000042:fill-000051:69,fill-000042,fill-000051,sell,buy,1776177741655,1776178197035,1776178197035,455380,0.00007000,0.01049285986000000000,0.0126007000000000,0.00210784014000000000,0.0124124000000000,149.897998000000,US cash open,13:30,4797035,4797035,False,US cash open,13:30,4341655,4341655,False,US cash open,13:30,4797035,4797035,False,557,False,False,False,82,False,False,False
matched_lot,btcusdt_microprice_20260414_12_5h_5sessions_hs2.00_rq5000,2026-04-14 12:00,2026-04-14 14:00,btcusdt_microprice_20260414_12_5h_5sessions_hs2.00_rq5000:2026-04-14 14:00:fill-000043:fill-000051:70,fill-000043,fill-000051,sell,buy,1776177741737,1776178197035,1776178197035,455298,0.0002895005939836078371514546859,0.04339555945795365960611308021,0.05211300192298924676563335801,0.008717442465035587159520277804,0.05153110572908219501295893409,149.8979980000000000000000000,US cash open,13:30,4797035,4797035,False,US cash open,13:30,4341737,4341737,False,US cash open,13:30,4797035,4797035,False,558,False,False,False,83,False,False,False
matched_lot,btcusdt_microprice_20260414_12_5h_5sessions_hs2.00_rq5000,2026-04-14 12:00,2026-04-14 15:00,btcusdt_microprice_20260414_12_5h_5sessions_hs2.00_rq5000:2026-04-14 15:00:fill-000001:fill-000003:71,fill-000001,fill-000003,sell,buy,1776179003545,1776179095499,1776179095499,91954,0.00016000,0.000700143680000000000000000000,0.0055024000000000,0.004802256320000000000000000000,0.0051920000000000,4.3758980000000000000000,US cash open,13:30,5695499,5695499,False,US cash open,13:30,5603545,5603545,False,US cash open,13:30,5695499,5695499,False,404,False,False,False,67,False,False,False
matched_lot,btcusdt_microprice_20260414_12_5h_5sessions_hs2.00_rq5000,2026-04-14 12:00,2026-04-14 15:00,btcusdt_microprice_20260414_12_5h_5sessions_hs2.00_rq5000:2026-04-14 15:00:fill-000001:fill-000006:72,fill-000001,fill-000006,sell,buy,1776179003545,1776179346501,1776179346501,342956,0.00008000,0.02568233728000000000000000000,0.0280784000000000,0.002396062720000000000000000000,0.0278304000000000,321.029216000000000000000,US cash open,13:30,5946501,5946501,False,US cash open,13:30,5603545,5603545,False,US cash open,13:30,5946501,5946501,False,651,False,False,False,99,False,False,False
matched_lot,btcusdt_microprice_20260414_12_5h_5sessions_hs2.00_rq5000,2026-04-14 12:00,2026-04-14 15:00,btcusdt_microprice_20260414_12_5h_5sessions_hs2.00_rq5000:2026-04-14 15:00:fill-000001:fill-000008:73,fill-000001,fill-000008,sell,buy,1776179003545,1776179523715,1776179523715,520170,0.0002800475909894393328196528188,0.06280903730092462493767846765,0.07120210000906495036939672918,0.008393062708140325431718261534,0.07033395247699768843765580544,224.2798700000000000000000000,US cash open,13:30,6123715,6123715,False,US cash open,13:30,5603545,5603545,False,US cash open,13:30,6123715,6123715,False,604,False,False,False,91,False,False,False
matched_lot,btcusdt_microprice_20260414_12_5h_5sessions_hs2.00_rq5000,2026-04-14 12:00,2026-04-14 15:00,btcusdt_microprice_20260414_12_5h_5sessions_hs2.00_rq5000:2026-04-14 15:00:fill-000001:fill-000011:74,fill-000001,fill-000011,sell,buy,1776179003545,1776179855946,1776179855946,852401,0.0000409102127055063321555306228,0.008968699293785668921238321130,0.01019482500621217797315823120,0.001226125712426509051919910070,0.01006800334682510834347608627,219.2288600000000000000000000,US cash open,13:30,6455946,6455946,False,US cash open,13:30,5603545,5603545,False,US cash open,13:30,6455946,6455946,False,599,False,False,False,89,False,False,False
matched_lot,btcusdt_microprice_20260414_12_5h_5sessions_hs2.00_rq5000,2026-04-14 12:00,2026-04-14 15:00,btcusdt_microprice_20260414_12_5h_5sessions_hs2.00_rq5000:2026-04-14 15:00:fill-000002:fill-000011:75,fill-000002,fill-000011,sell,buy,1776179031020,1776179855946,1776179855946,824926,0.000035000,0.009003793890000000000,0.01005305000000000,0.001049256110000000000,0.00991270000000000,257.251254000000,US cash open,13:30,6455946,6455946,False,US cash open,13:30,5631020,5631020,False,US cash open,13:30,6455946,6455946,False,621,False,False,False,95,False,False,False
matched_lot,btcusdt_microprice_20260414_12_5h_5sessions_hs2.00_rq5000,2026-04-14 12:00,2026-04-14 15:00,btcusdt_microprice_20260414_12_5h_5sessions_hs2.00_rq5000:2026-04-14 15:00:fill-000004:fill-000011:76,fill-000004,fill-000011,sell,buy,1776179160952,1776179855946,1776179855946,694994,0.0002040897872944936678444693772,0.003840755502605711610481676986,0.009949377130606566307417882138,0.006108621628000854696936205152,0.009130977083555646699361559936,18.81895000000000000000000000,US cash open,13:30,6455946,6455946,False,US cash open,13:30,5760952,5760952,False,US cash open,13:30,6455946,6455946,False,429,False,False,False,68,False,False,False
matched_lot,btcusdt_microprice_20260414_12_5h_5sessions_hs2.00_rq5000,2026-04-14 12:00,2026-04-14 15:00,btcusdt_microprice_20260414_12_5h_5sessions_hs2.00_rq5000:2026-04-14 15:00:fill-000004:fill-000015:77,fill-000004,fill-000015,sell,buy,1776179160952,1776179992026,1776179992026,831074,0.00008000,0.002236062080000000000000000000,0.0046304000000000,0.002394337920000000000000000000,0.0043096000000000,27.9507760000000000000000,US cash open,13:30,6592026,6592026,False,US cash open,13:30,5760952,5760952,False,US cash open,13:30,6592026,6592026,False,445,False,False,False,71,False,False,False
matched_lot,btcusdt_microprice_20260414_12_5h_5sessions_hs2.00_rq5000,2026-04-14 12:00,2026-04-14 15:00,btcusdt_microprice_20260414_12_5h_5sessions_hs2.00_rq5000:2026-04-14 15:00:fill-000004:fill-000017:78,fill-000004,fill-000017,sell,buy,1776179160952,1776180125815,1776180125815,964863,0.00007000,-0.005051847080000000000000000000,-0.0029554000000000,0.002096447080000000000000000000,-0.0031143000000000,-72.1692440000000000000000,US cash open,13:30,6725815,6725815,False,US cash open,13:30,5760952,5760952,False,US cash open,13:30,6725815,6725815,False,268,False,False,False,52,False,False,False
matched_lot,btcusdt_microprice_20260414_12_5h_5sessions_hs2.00_rq5000,2026-04-14 12:00,2026-04-14 15:00,btcusdt_microprice_20260414_12_5h_5sessions_hs2.00_rq5000:2026-04-14 15:00:fill-000004:fill-000019:79,fill-000004,fill-000019,sell,buy,1776179160952,1776180418082,1776180418082,1257130,0.0002059102127055063321555306228,-0.02206044514322732490130931751,-0.01589215021661097871576385347,0.006168294926616346185545464042,-0.01671785016956005910770753127,-107.1362360000000000000000000,US cash open,13:30,7018082,7018082,False,US cash open,13:30,5760952,5760952,False,US cash open,13:30,7018082,7018082,False,212,False,False,False,40,False,False,False
matched_lot,btcusdt_microprice_20260414_12_5h_5sessions_hs2.00_rq5000,2026-04-14 12:00,2026-04-14 15:00,btcusdt_microprice_20260414_12_5h_5sessions_hs2.00_rq5000:2026-04-14 15:00:fill-000005:fill-000019:80,fill-000005,fill-000019,sell,buy,1776179246601,1776180418082,1776180418082,1171481,0.00036000,-0.00617912424000000000,0.0046116000000000,0.01079072424000000000,0.0031680000000000,-17.164234000000,US cash open,13:30,7018082,7018082,False,US cash open,13:30,5846601,5846601,False,US cash open,13:30,7018082,7018082,False,373,False,False,False,64,False,False,False
matched_lot,btcusdt_microprice_20260414_12_5h_5sessions_hs2.00_rq5000,2026-04-14 12:00,2026-04-14 15:00,btcusdt_microprice_20260414_12_5h_5sessions_hs2.00_rq5000:2026-04-14 15:00:fill-000007:fill-000019:81,fill-000007,fill-000019,sell,buy,1776179405745,1776180418082,1776180418082,1012337,0.0000840897872944936678444693772,-0.02162000869732789046532575499,-0.01910351787756307146090655311,0.002516490819764819004419201877,-0.01944071792461399106896287531,-257.1062360000000000000000000,US cash open,13:30,7018082,7018082,False,US cash open,13:30,6005745,6005745,False,US cash open,13:30,7018082,7018082,False,84,False,False,False,23,False,False,False
matched_lot,btcusdt_microprice_20260414_12_5h_5sessions_hs2.00_rq5000,2026-04-14 12:00,2026-04-14 15:00,btcusdt_microprice_20260414_12_5h_5sessions_hs2.00_rq5000:2026-04-14 15:00:fill-000007:fill-000024:82,fill-000007,fill-000024,sell,buy,1776179405745,1776181514113,1776181514113,2108368,0.00007000,-0.04068617336000000000000000000,-0.0385868000000000,0.002099373360000000000000000000,-0.0388675000000000,-581.231048000000000000000,US cash open,13:30,8114113,8114113,False,US cash open,13:30,6005745,6005745,False,US cash open,13:30,8114113,8114113,False,24,False,True,True,11,False,False,False
matched_lot,btcusdt_microprice_20260414_12_5h_5sessions_hs2.00_rq5000,2026-04-14 12:00,2026-04-14 15:00,btcusdt_microprice_20260414_12_5h_5sessions_hs2.00_rq5000:2026-04-14 15:00:fill-000007:fill-000025:83,fill-000007,fill-000025,sell,buy,1776179405745,1776181597295,1776181597295,2191550,0.0008459102127055063321555306228,-0.5092254268857463450529008687,-0.4838521825654225669296419609,0.02537324432032377812325890784,-0.4872442825183716473215856387,-601.9851979999999999999999999,US cash open,13:30,8197295,8197295,False,US cash open,13:30,6005745,6005745,False,US cash open,13:30,8197295,8197295,False,19,False,True,True,9,False,False,True
matched_lot,btcusdt_microprice_20260414_12_5h_5sessions_hs2.00_rq5000,2026-04-14 12:00,2026-04-14 15:00,btcusdt_microprice_20260414_12_5h_5sessions_hs2.00_rq5000:2026-04-14 15:00:fill-000009:fill-000025:84,fill-000009,fill-000025,sell,buy,1776179579551,1776181597295,1776181597295,2017744,0.0000141687304232193001950413117,-0.009690969516755336044803571524,-0.009266208009481190134555067439,0.0004247615072741459102485040851,-0.009323024618478299528337183099,-683.9687980000000000000000000,US cash open,13:30,8197295,8197295,False,US cash open,13:30,6179551,6179551,False,US cash open,13:30,8197295,8197295,False,9,False,True,True,4,False,True,True
matched_lot,btcusdt_microprice_20260414_12_5h_5sessions_hs2.00_rq5000,2026-04-14 12:00,2026-04-14 15:00,btcusdt_microprice_20260414_12_5h_5sessions_hs2.00_rq5000:2026-04-14 15:00:fill-000009:fill-000027:85,fill-000009,fill-000027,sell,buy,1776179579551,1776182044965,1776182044965,2465414,0.0001200000000000000000000000023,-0.09287841576000000000000000178,-0.08927880000000000000000000171,0.003599615760000000000000000069,-0.08976000000000000000000000171,-773.9867980000000000000000000,US cash open,13:30,8644965,8644965,False,US cash open,13:30,6179551,6179551,False,US cash open,13:30,8644965,8644965,False,5,True,True,True,3,False,True,True
matched_lot,btcusdt_microprice_20260414_12_5h_5sessions_hs2.00_rq5000,2026-04-14 12:00,2026-04-14 15:00,btcusdt_microprice_20260414_12_5h_5sessions_hs2.00_rq5000:2026-04-14 15:00:fill-000009:fill-000031:86,fill-000009,fill-000031,sell,buy,1776179579551,1776182285547,1776182285547,2705996,0.0003158244420756859109996718513,-0.2513934760055068349683501745,-0.2419183643855546509666386414,0.009475111619952184001711533144,-0.2431848203982781514697473256,-795.9911979999999999999999999,US cash open,13:30,8885547,8885547,False,US cash open,13:30,6179551,6179551,False,US cash open,13:30,8885547,8885547,False,4,True,True,True,2,False,True,True
matched_lot,btcusdt_microprice_20260414_12_5h_5sessions_hs2.00_rq5000,2026-04-14 12:00,2026-04-14 15:00,btcusdt_microprice_20260414_12_5h_5sessions_hs2.00_rq5000:2026-04-14 15:00:fill-000010:fill-000031:87,fill-000010,fill-000031,sell,buy,1776179602123,1776182285547,1776182285547,2683424,0.0006841755579243140890003281487,-0.4666173075938420332468416240,-0.4460756220110735428873239497,0.02054168558276849035951767433,-0.4474508148825014142062146092,-682.0139980000000000000000000,US cash open,13:30,8885547,8885547,False,US cash open,13:30,6202123,6202123,False,US cash open,13:30,8885547,8885547,False,10,False,True,True,5,False,True,True
matched_lot,btcusdt_microprice_20260414_12_5h_5sessions_hs2.00_rq5000,2026-04-14 12:00,2026-04-14 16:00,btcusdt_microprice_20260414_12_5h_5sessions_hs2.00_rq5000:2026-04-14 16:00:fill-000001:fill-000004:88,fill-000001,fill-000004,sell,buy,1776182523801,1776183031280,1776183031280,507479,0.00007000,-0.01863456000000000000,-0.0165200000000000,0.00211456000000000000,-0.0167405000000000,-266.208000000000,US cash open,13:30,9631280,9631280,False,US cash open,13:30,9123801,9123801,False,US cash open,13:30,9631280,9631280,False,78,False,False,False,21,False,False,False
matched_lot,btcusdt_microprice_20260414_12_5h_5sessions_hs2.00_rq5000,2026-04-14 12:00,2026-04-14 16:00,btcusdt_microprice_20260414_12_5h_5sessions_hs2.00_rq5000:2026-04-14 16:00:fill-000002:fill-000004:89,fill-000002,fill-000004,sell,buy,1776182788311,1776183031280,1776183031280,242969,0.000283661450706229297524112021,-0.04885410393849161197882573622,-0.04027992600028456024842390698,0.008574177938207051730401829236,-0.04073378432141452712446248621,-172.2268000000000000000000000,US cash open,13:30,9631280,9631280,False,US cash open,13:30,9388311,9388311,False,US cash open,13:30,9631280,9631280,False,145,False,False,False,26,False,False,False
matched_lot,btcusdt_microprice_20260414_12_5h_5sessions_hs2.00_rq5000,2026-04-14 12:00,2026-04-14 16:00,btcusdt_microprice_20260414_12_5h_5sessions_hs2.00_rq5000:2026-04-14 16:00:fill-000003:fill-000004:90,fill-000003,fill-000004,sell,buy,1776182788609,1776183031280,1776183031280,242671,0.000646338549293770702475887979,-0.1113168200615083880211742638,-0.09178007399971543975157609302,0.01953674606179294826959817076,-0.09281421567858547287553751379,-172.2268000000000000000000000,US cash open,13:30,9631280,9631280,False,US cash open,13:30,9388609,9388609,False,US cash open,13:30,9631280,9631280,False,146,False,False,False,27,False,False,False
matched_lot,btcusdt_microprice_20260414_12_5h_5sessions_hs2.00_rq5000,2026-04-14 12:00,2026-04-14 16:00,btcusdt_microprice_20260414_12_5h_5sessions_hs2.00_rq5000:2026-04-14 16:00:fill-000003:fill-000007:91,fill-000003,fill-000007,sell,buy,1776182788609,1776183440215,1776183440215,651606,0.00000000000000000000000000000001,0.00000000000000000000000000000018951428000000,0.0000000000000000000000000000004914000000,0.00000000000000000000000000000030188572000000,0.0000000000000000000000000000004713000000,18.951428000000,US cash open,13:30,10040215,10040215,False,US cash open,13:30,9388609,9388609,False,US cash open,13:30,10040215,10040215,False,431,False,False,False,69,False,False,False
matched_lot,btcusdt_microprice_20260414_12_5h_5sessions_hs2.00_rq5000,2026-04-14 12:00,2026-04-14 16:00,btcusdt_microprice_20260414_12_5h_5sessions_hs2.00_rq5000:2026-04-14 16:00:fill-000003:fill-000012:92,fill-000003,fill-000012,sell,buy,1776182788609,1776184100292,1776184100292,1311683,0.00006999999999999999999999999999,0.01244972414000000000000000000,0.01456070000000000000000000000,0.002110975860000000000000000000,0.01455930000000000000000000000,177.8532020000000000000000000,US cash open,13:30,10700292,10700292,False,US cash open,13:30,9388609,9388609,False,US cash open,13:30,10700292,10700292,False,575,False,False,False,88,False,False,False
matched_lot,btcusdt_microprice_20260414_12_5h_5sessions_hs2.00_rq5000,2026-04-14 12:00,2026-04-14 16:00,btcusdt_microprice_20260414_12_5h_5sessions_hs2.00_rq5000:2026-04-14 16:00:fill-000005:fill-000012:93,fill-000005,fill-000012,sell,buy,1776183123727,1776184100292,1776184100292,976565,0.00007000,0.01903680646000000000,0.0211491000000000,0.00211229354000000000,0.0210077000000000,271.954378000000,US cash open,13:30,10700292,10700292,False,US cash open,13:30,9723727,9723727,False,US cash open,13:30,10700292,10700292,False,626,False,False,False,96,False,False,False
matched_lot,btcusdt_microprice_20260414_12_5h_5sessions_hs2.00_rq5000,2026-04-14 12:00,2026-04-14 16:00,btcusdt_microprice_20260414_12_5h_5sessions_hs2.00_rq5000:2026-04-14 16:00:fill-000006:fill-000012:94,fill-000006,fill-000012,sell,buy,1776183256962,1776184100292,1776184100292,843330,0.0005100000000000000000000000000,0.08254676502000000000000000000,0.09792510000000000000000000000,0.0153783349800000000000000,0.09786390000000000000000000000,161.856402,US cash open,13:30,10700292,10700292,False,US cash open,13:30,9856962,9856962,False,US cash open,13:30,10700292,10700292,False,567,False,False,False,85,False,False,False
matched_lot,btcusdt_microprice_20260414_12_5h_5sessions_hs2.00_rq5000,2026-04-14 12:00,2026-04-14 16:00,btcusdt_microprice_20260414_12_5h_5sessions_hs2.00_rq5000:2026-04-14 16:00:fill-000006:fill-000016:95,fill-000006,fill-000016,sell,buy,1776183256962,1776184523015,1776184523015,1266053,0.00007000,0.02005999380000000000,0.0221690000000000,0.00210900620000000000,0.0220969000000000,286.571340000000,US cash open,13:30,11123015,11123015,False,US cash open,13:30,9856962,9856962,False,US cash open,13:30,11123015,11123015,False,637,False,False,False,97,False,False,False
matched_lot,btcusdt_microprice_20260414_12_5h_5sessions_hs2.00_rq5000,2026-04-14 12:00,2026-04-14 16:00,btcusdt_microprice_20260414_12_5h_5sessions_hs2.00_rq5000:2026-04-14 16:00:fill-000006:fill-000017:96,fill-000006,fill-000017,sell,buy,1776183256962,1776184541898,1776184541898,1284936,0.0002000000000000000000000000000,0.06237728040000000000000000000,0.06840200000000000000000000000,0.0060247196000000000000000,0.06798000000000000000000000000,311.886402,US cash open,13:30,11141898,11141898,False,US cash open,13:30,9856962,9856962,False,US cash open,13:30,11141898,11141898,False,649,False,False,False,98,False,False,False
matched_lot,btcusdt_microprice_20260414_12_5h_5sessions_hs2.00_rq5000,2026-04-14 12:00,2026-04-14 16:00,btcusdt_microprice_20260414_12_5h_5sessions_hs2.00_rq5000:2026-04-14 16:00:fill-000008:fill-000017:97,fill-000008,fill-000017,sell,buy,1776183618390,1776184541898,1776184541898,923508,0.0004500000000000000000000000000,0.07826130090000000000000000000,0.09180450000000000000000000000,0.01354319910000000000000000000,0.09000000000000000000000000000,173.914002,US cash open,13:30,11141898,11141898,False,US cash open,13:30,10218390,10218390,False,US cash open,13:30,11141898,11141898,False,573,False,False,False,87,False,False,False
matched_lot,btcusdt_microprice_20260414_12_5h_5sessions_hs2.00_rq5000,2026-04-14 12:00,2026-04-14 16:00,btcusdt_microprice_20260414_12_5h_5sessions_hs2.00_rq5000:2026-04-14 16:00:fill-000008:fill-000026:98,fill-000008,fill-000026,sell,buy,1776183618390,1776184927574,1776184927574,1309184,0.00007000,0.00647554068000000000,0.0085834000000000,0.00210785932000000000,0.0083027000000000,92.507724000000,US cash open,13:30,11527574,11527574,False,US cash open,13:30,10218390,10218390,False,US cash open,13:30,11527574,11527574,False,517,False,False,False,81,False,False,False
matched_lot,btcusdt_microprice_20260414_12_5h_5sessions_hs2.00_rq5000,2026-04-14 12:00,2026-04-14 16:00,btcusdt_microprice_20260414_12_5h_5sessions_hs2.00_rq5000:2026-04-14 16:00:fill-000008:fill-000027:99,fill-000008,fill-000027,sell,buy,1776183618390,1776185061912,1776185061912,1443522,0.00007000,0.00409366440000000000,0.0062020000000000,0.00210833560000000000,0.0059213000000000,58.480920000000,US cash open,13:30,11661912,11661912,False,US cash open,13:30,10218390,10218390,False,US cash open,13:30,11661912,11661912,False,478,False,False,False,75,False,False,False
matched_lot,btcusdt_microprice_20260414_12_5h_5sessions_hs2.00_rq5000,2026-04-14 12:00,2026-04-14 16:00,btcusdt_microprice_20260414_12_5h_5sessions_hs2.00_rq5000:2026-04-14 16:00:fill-000008:fill-000033:100,fill-000008,fill-000033,sell,buy,1776183618390,1776185817015,1776185817015,2198625,0.0002099999999999999999999999985,0.1096144559999999999999999992,0.1159199999999999999999999992,0.006305543999999999999999999956,0.1150778999999999999999999992,521.9735999999999999999999999,US cash close,20:00,-10982985,10982985,False,US cash open,13:30,10218390,10218390,False,US cash close,20:00,-10982985,10982985,False,690,False,False,False,100,False,False,False
matched_lot,btcusdt_microprice_20260414_12_5h_5sessions_hs2.00_rq5000,2026-04-14 12:00,2026-04-14 16:00,btcusdt_microprice_20260414_12_5h_5sessions_hs2.00_rq5000:2026-04-14 16:00:fill-000008:fill-000035:101,fill-000008,fill-000035,sell,buy,1776183618390,1776185867377,1776185867377,2248987,0.0002000000000000000000000000015,0.1227984000000000000000000010,0.1288000000000000000000000010,0.006001600000000000000000000044,0.1279980000000000000000000010,613.9920000000000000000000004,US cash close,20:00,-10932623,10932623,False,US cash open,13:30,10218390,10218390,False,US cash close,20:00,-10932623,10932623,False,694,False,False,False,102,False,False,False
matched_lot,btcusdt_microprice_20260414_12_5h_5sessions_hs2.00_rq5000,2026-04-14 12:00,2026-04-14 16:00,btcusdt_microprice_20260414_12_5h_5sessions_hs2.00_rq5000:2026-04-14 16:00:fill-000009:fill-000035:102,fill-000009,fill-000035,sell,buy,1776183961599,1776185867377,1776185867377,1905778,0.0007999999999999999999999999985,0.4496019199999999999999999991,0.4735999999999999999999999991,0.02399807999999999999999999996,0.4719919999999999999999999991,562.0023999999999999999999999,US cash close,20:00,-10932623,10932623,False,US cash open,13:30,10561599,10561599,False,US cash close,20:00,-10932623,10932623,False,693,False,False,False,101,False,False,False
matched_lot,btcusdt_microprice_20260414_12_5h_5sessions_hs2.00_rq5000,2026-04-14 12:00,2026-04-14 16:00,btcusdt_microprice_20260414_12_5h_5sessions_hs2.00_rq5000:2026-04-14 16:00:fill-000009:fill-000037:103,fill-000009,fill-000037,sell,buy,1776183961599,1776185936422,1776185936422,1974823,0.0002000000000000000000000000015,0.1462572500000000000000000011,0.1522500000000000000000000011,0.005992750000000000000000000042,0.1499440000000000000000000011,731.2862500000000000000000000,US cash close,20:00,-10863578,10863578,False,US cash open,13:30,10561599,10561599,False,US cash close,20:00,-10863578,10863578,False,695,False,False,False,103,False,False,False
matched_lot,btcusdt_microprice_20260414_12_5h_5sessions_hs2.00_rq5000,2026-04-14 12:00,2026-04-14 16:00,btcusdt_microprice_20260414_12_5h_5sessions_hs2.00_rq5000:2026-04-14 16:00:fill-000010:fill-000037:104,fill-000010,fill-000037,sell,buy,1776184022770,1776185936422,1776185936422,1913652,0.0007999999999999999999999999985,0.6266206799999999999999999988,0.6505999999999999999999999988,0.02397931999999999999999999996,0.6413759999999999999999999988,783.2758500000000000000000000,US cash close,20:00,-10863578,10863578,False,US cash open,13:30,10622770,10622770,False,US cash close,20:00,-10863578,10863578,False,696,False,False,False,104,False,False,False
matched_lot,btcusdt_microprice_20260415_12_5h_5sessions_hs2.00_rq5000,2026-04-15 12:00,2026-04-15 12:00,btcusdt_microprice_20260415_12_5h_5sessions_hs2.00_rq5000:2026-04-15 12:00:fill-000001:fill-000008:1,fill-000001,fill-000008,buy,sell,1776254441866,1776254793766,1776254793766,351900,0.00007000,-0.00977798472000000000,-0.0077028000000000,0.00207518472000000000,-0.0079751000000000,-139.685496000000,US cash open,13:30,-5006234,5006234,False,US cash open,13:30,-5358134,5358134,False,US cash open,13:30,-5006234,5006234,False,176,False,False,False,27,False,False,False
matched_lot,btcusdt_microprice_20260415_12_5h_5sessions_hs2.00_rq5000,2026-04-15 12:00,2026-04-15 12:00,btcusdt_microprice_20260415_12_5h_5sessions_hs2.00_rq5000:2026-04-15 12:00:fill-000001:fill-000010:2,fill-000001,fill-000010,buy,sell,1776254441866,1776255024525,1776255024525,582659,0.00001000,-0.00025018434000000000,0.0000465000000000,0.00029668434000000000,0.0000064000000000,-25.018434000000,US cash open,13:30,-4775475,4775475,False,US cash open,13:30,-5358134,5358134,False,US cash open,13:30,-4775475,4775475,False,356,False,False,False,60,False,False,False
matched_lot,btcusdt_microprice_20260415_12_5h_5sessions_hs2.00_rq5000,2026-04-15 12:00,2026-04-15 12:00,btcusdt_microprice_20260415_12_5h_5sessions_hs2.00_rq5000:2026-04-15 12:00:fill-000002:fill-000010:3,fill-000002,fill-000010,buy,sell,1776254705818,1776255024525,1776255024525,318707,0.00034000,0.00331449612000000000,0.0133994000000000,0.01008490388000000000,0.0127160000000000,9.748518000000,US cash open,13:30,-4775475,4775475,False,US cash open,13:30,-5094182,5094182,False,US cash open,13:30,-4775475,4775475,False,415,False,False,False,66,False,False,False
matched_lot,btcusdt_microprice_20260415_12_5h_5sessions_hs2.00_rq5000,2026-04-15 12:00,2026-04-15 12:00,btcusdt_microprice_20260415_12_5h_5sessions_hs2.00_rq5000:2026-04-15 12:00:fill-000002:fill-000011:4,fill-000002,fill-000011,buy,sell,1776254705818,1776255848207,1776255848207,1142389,0.00008000,0.00594524816000000000,0.0083192000000000,0.00237395184000000000,0.0081584000000000,74.315602000000,US cash open,13:30,-3951793,3951793,False,US cash open,13:30,-5094182,5094182,False,US cash open,13:30,-3951793,3951793,False,504,False,False,False,83,False,False,False
matched_lot,btcusdt_microprice_20260415_12_5h_5sessions_hs2.00_rq5000,2026-04-15 12:00,2026-04-15 12:00,btcusdt_microprice_20260415_12_5h_5sessions_hs2.00_rq5000:2026-04-15 12:00:fill-000002:fill-000013:5,fill-000002,fill-000013,buy,sell,1776254705818,1776256203095,1776256203095,1497277,0.00058000,0.01527441600000000000,0.0324800000000000,0.01720558400000000000,0.0313142000000000,26.335200000000,US cash open,13:30,-3596905,3596905,False,US cash open,13:30,-5094182,5094182,False,US cash open,13:30,-3596905,3596905,False,441,False,False,False,70,False,False,False
matched_lot,btcusdt_microprice_20260415_12_5h_5sessions_hs2.00_rq5000,2026-04-15 12:00,2026-04-15 12:00,btcusdt_microprice_20260415_12_5h_5sessions_hs2.00_rq5000:2026-04-15 12:00:fill-000003:fill-000013:6,fill-000003,fill-000013,buy,sell,1776254742656,1776256203095,1776256203095,1460439,0.00021000,0.01556619876000000000,0.0217938000000000,0.00622760124000000000,0.0209517000000000,74.124756000000,US cash open,13:30,-3596905,3596905,False,US cash open,13:30,-5057344,5057344,False,US cash open,13:30,-3596905,3596905,False,502,False,False,False,81,False,False,False
matched_lot,btcusdt_microprice_20260415_12_5h_5sessions_hs2.00_rq5000,2026-04-15 12:00,2026-04-15 12:00,btcusdt_microprice_20260415_12_5h_5sessions_hs2.00_rq5000:2026-04-15 12:00:fill-000004:fill-000013:7,fill-000004,fill-000013,buy,sell,1776254742658,1776256203095,1776256203095,1460437,0.00021000,0.01556619876000000000,0.0217938000000000,0.00622760124000000000,0.0209517000000000,74.124756000000,US cash open,13:30,-3596905,3596905,False,US cash open,13:30,-5057342,5057342,False,US cash open,13:30,-3596905,3596905,False,503,False,False,False,82,False,False,False
matched_lot,btcusdt_microprice_20260415_12_5h_5sessions_hs2.00_rq5000,2026-04-15 12:00,2026-04-15 12:00,btcusdt_microprice_20260415_12_5h_5sessions_hs2.00_rq5000:2026-04-15 12:00:fill-000004:fill-000021:8,fill-000004,fill-000021,buy,sell,1776254742658,1776257275646,1776257275646,2532988,0.0004199999999999999999999999993,0.09246112931999999999999999982,0.1049285999999999999999999998,0.01246747067999999999999999998,0.1032443999999999999999999998,220.1455459999999999999999999,US cash open,13:30,-2524354,2524354,False,US cash open,13:30,-5057342,5057342,False,US cash open,13:30,-2524354,2524354,False,601,False,False,False,102,False,False,False
matched_lot,btcusdt_microprice_20260415_12_5h_5sessions_hs2.00_rq5000,2026-04-15 12:00,2026-04-15 13:00,btcusdt_microprice_20260415_12_5h_5sessions_hs2.00_rq5000:2026-04-15 13:00:fill-000001:fill-000003:9,fill-000001,fill-000003,sell,buy,1776258008869,1776258477393,1776258477393,468524,0.0000700000000000000000000000007,-0.002360092420000000000000000023,-0.0002807000000000000000000000028,0.002079392420000000000000000020,-0.0005614000000000000000000000056,-33.71560599999999999999999999,US cash open,13:30,-1322607,1322607,True,US cash open,13:30,-1791131,1791131,True,US cash open,13:30,-1322607,1322607,True,329,False,False,False,55,False,False,False
matched_lot,btcusdt_microprice_20260415_12_5h_5sessions_hs2.00_rq5000,2026-04-15 12:00,2026-04-15 13:00,btcusdt_microprice_20260415_12_5h_5sessions_hs2.00_rq5000:2026-04-15 13:00:fill-000002:fill-000003:10,fill-000002,fill-000003,sell,buy,1776258421073,1776258477393,1776258477393,56320,0.0002399999999999999999999999993,-0.006174528959999999999999999983,0.0009551999999999999999999999972,0.007129728959999999999999999980,0.0001799999999999999999999999995,-25.72720400000000000000000000,US cash open,13:30,-1322607,1322607,True,US cash open,13:30,-1378927,1378927,True,US cash open,13:30,-1322607,1322607,True,351,False,False,False,58,False,False,False
matched_lot,btcusdt_microprice_20260415_12_5h_5sessions_hs2.00_rq5000,2026-04-15 12:00,2026-04-15 13:00,btcusdt_microprice_20260415_12_5h_5sessions_hs2.00_rq5000:2026-04-15 13:00:fill-000002:fill-000004:11,fill-000002,fill-000004,sell,buy,1776258421073,1776258611965,1776258611965,190892,0.00023000,-0.02107958878000000000000000000,-0.0142439000000000,0.006835688779999999999999999999,-0.0149868000000000,-91.650386000000000000000,US cash open,13:30,-1188035,1188035,True,US cash open,13:30,-1378927,1378927,True,US cash open,13:30,-1188035,1188035,True,234,False,False,False,37,False,False,False
matched_lot,btcusdt_microprice_20260415_12_5h_5sessions_hs2.00_rq5000,2026-04-15 12:00,2026-04-15 13:00,btcusdt_microprice_20260415_12_5h_5sessions_hs2.00_rq5000:2026-04-15 13:00:fill-000002:fill-000005:12,fill-000002,fill-000005,sell,buy,1776258421073,1776258900525,1776258900525,479452,0.0003000000000000000000000000007,-0.02391840060000000000000000006,-0.01500300000000000000000000004,0.008915400600000000000000000020,-0.01596900000000000000000000004,-79.72800200000000000000000001,US cash open,13:30,-899475,899475,True,US cash open,13:30,-1378927,1378927,True,US cash open,13:30,-899475,899475,True,247,False,False,False,39,False,False,False
matched_lot,btcusdt_microprice_20260415_12_5h_5sessions_hs2.00_rq5000,2026-04-15 12:00,2026-04-15 13:00,btcusdt_microprice_20260415_12_5h_5sessions_hs2.00_rq5000:2026-04-15 13:00:fill-000005:fill-000008:13,fill-000005,fill-000008,buy,sell,1776258900525,1776259680179,1776259680179,779654,0.00044000,0.01860214048000000000000000000,0.0316888000000000,0.01308665952000000000000000000,0.0289652000000000,42.277592000000000000000,US cash open,13:30,-119821,119821,True,US cash open,13:30,-899475,899475,True,US cash open,13:30,-119821,119821,True,452,False,False,False,72,False,False,False
matched_lot,btcusdt_microprice_20260415_12_5h_5sessions_hs2.00_rq5000,2026-04-15 12:00,2026-04-15 13:00,btcusdt_microprice_20260415_12_5h_5sessions_hs2.00_rq5000:2026-04-15 13:00:fill-000005:fill-000009:14,fill-000005,fill-000009,buy,sell,1776258900525,1776259748468,1776259748468,847943,0.00008000,0.004180447680000000000000000000,0.0065600000000000,0.002379552320000000000000000000,0.0062400000000000,52.2555960000000000000000,US cash open,13:30,-51532,51532,True,US cash open,13:30,-899475,899475,True,US cash open,13:30,-51532,51532,True,465,False,False,False,73,False,False,False
matched_lot,btcusdt_microprice_20260415_12_5h_5sessions_hs2.00_rq5000,2026-04-15 12:00,2026-04-15 13:00,btcusdt_microprice_20260415_12_5h_5sessions_hs2.00_rq5000:2026-04-15 13:00:fill-000005:fill-000012:15,fill-000005,fill-000012,buy,sell,1776258900525,1776260153515,1776260153515,1252990,0.0001799999999999999999999999993,-0.03522686435999999999999999986,-0.02988179999999999999999999988,0.005345064359999999999999999979,-0.03060179999999999999999999988,-195.7048020000000000000000000,US cash open,13:30,353515,353515,True,US cash open,13:30,-899475,899475,True,US cash open,13:30,353515,353515,True,132,False,False,False,20,False,False,False
matched_lot,btcusdt_microprice_20260415_12_5h_5sessions_hs2.00_rq5000,2026-04-15 12:00,2026-04-15 13:00,btcusdt_microprice_20260415_12_5h_5sessions_hs2.00_rq5000:2026-04-15 13:00:fill-000006:fill-000012:16,fill-000006,fill-000012,buy,sell,1776259163615,1776260153515,1776260153515,989900,0.00007000,-0.01245448722000000000,-0.0103761000000000,0.00207838722000000000,-0.0106568000000000,-177.921246000000,US cash open,13:30,353515,353515,True,US cash open,13:30,-636385,636385,True,US cash open,13:30,353515,353515,True,142,False,False,False,23,False,False,False
matched_lot,btcusdt_microprice_20260415_12_5h_5sessions_hs2.00_rq5000,2026-04-15 12:00,2026-04-15 13:00,btcusdt_microprice_20260415_12_5h_5sessions_hs2.00_rq5000:2026-04-15 13:00:fill-000007:fill-000012:17,fill-000007,fill-000012,buy,sell,1776259365065,1776260153515,1776260153515,788450,0.00016000,-0.02615173632000000000,-0.0214016000000000,0.00475013632000000000,-0.0220432000000000,-163.448352000000,US cash open,13:30,353515,353515,True,US cash open,13:30,-434935,434935,True,US cash open,13:30,353515,353515,True,154,False,False,False,24,False,False,False
matched_lot,btcusdt_microprice_20260415_12_5h_5sessions_hs2.00_rq5000,2026-04-15 12:00,2026-04-15 13:00,btcusdt_microprice_20260415_12_5h_5sessions_hs2.00_rq5000:2026-04-15 13:00:fill-000010:fill-000012:18,fill-000010,fill-000012,buy,sell,1776259818315,1776260153515,1776260153515,335200,0.00049000,-0.10000727520000000000,-0.0854560000000000,0.01455127520000000000,-0.0871122000000000,-204.096480000000,US cash open,13:30,353515,353515,True,US cash open,13:30,18315,18315,True,US cash open,13:30,353515,353515,True,125,False,False,False,17,False,False,False
matched_lot,btcusdt_microprice_20260415_12_5h_5sessions_hs2.00_rq5000,2026-04-15 12:00,2026-04-15 13:00,btcusdt_microprice_20260415_12_5h_5sessions_hs2.00_rq5000:2026-04-15 13:00:fill-000011:fill-000012:19,fill-000011,fill-000012,buy,sell,1776260040150,1776260153515,1776260153515,113365,0.0001000000000000000000000000007,-0.01499556540000000000000000010,-0.01202700000000000000000000008,0.002968565400000000000000000020,-0.01265200000000000000000000008,-149.9556540000000000000000000,US cash open,13:30,353515,353515,True,US cash open,13:30,240150,240150,True,US cash open,13:30,353515,353515,True,169,False,False,False,26,False,False,False
matched_lot,btcusdt_microprice_20260415_12_5h_5sessions_hs2.00_rq5000,2026-04-15 12:00,2026-04-15 13:00,btcusdt_microprice_20260415_12_5h_5sessions_hs2.00_rq5000:2026-04-15 13:00:fill-000011:fill-000015:20,fill-000011,fill-000015,buy,sell,1776260040150,1776260341032,1776260341032,300882,0.0000099999999999999999999999993,-0.002218112799999999999999999846,-0.001921399999999999999999999866,0.0002967127999999999999999999796,-0.002041699999999999999999999858,-221.8112800000000000000000001,US cash open,13:30,541032,541032,True,US cash open,13:30,240150,240150,True,US cash open,13:30,541032,541032,True,109,False,False,False,15,False,False,False
matched_lot,btcusdt_microprice_20260415_12_5h_5sessions_hs2.00_rq5000,2026-04-15 12:00,2026-04-15 13:00,btcusdt_microprice_20260415_12_5h_5sessions_hs2.00_rq5000:2026-04-15 13:00:fill-000013:fill-000015:21,fill-000013,fill-000015,buy,sell,1776260268236,1776260341032,1776260341032,72796,0.0002100000000000000000000000007,-0.01754836356000000000000000006,-0.01132320000000000000000000004,0.006225163560000000000000000020,-0.01296120000000000000000000004,-83.56363600000000000000000001,US cash open,13:30,541032,541032,True,US cash open,13:30,468236,468236,True,US cash open,13:30,541032,541032,True,245,False,False,False,38,False,False,False
matched_lot,btcusdt_microprice_20260415_12_5h_5sessions_hs2.00_rq5000,2026-04-15 12:00,2026-04-15 13:00,btcusdt_microprice_20260415_12_5h_5sessions_hs2.00_rq5000:2026-04-15 13:00:fill-000013:fill-000020:22,fill-000013,fill-000020,buy,sell,1776260268236,1776261051515,1776261051515,783279,0.0001099999999999999999999999993,-0.02548304109999999999999999984,-0.02222549999999999999999999986,0.003257541099999999999999999980,-0.02222769999999999999999999986,-231.6640100000000000000000000,US cash open,13:30,1251515,1251515,True,US cash open,13:30,468236,468236,True,US cash open,13:30,1251515,1251515,True,99,False,False,False,12,False,False,False
matched_lot,btcusdt_microprice_20260415_12_5h_5sessions_hs2.00_rq5000,2026-04-15 12:00,2026-04-15 13:00,btcusdt_microprice_20260415_12_5h_5sessions_hs2.00_rq5000:2026-04-15 13:00:fill-000014:fill-000020:23,fill-000014,fill-000020,buy,sell,1776260268265,1776261051515,1776261051515,783250,0.0000300000000000000000000000007,-0.006949920300000000000000000162,-0.006061500000000000000000000141,0.0008884203000000000000000000208,-0.006062100000000000000000000141,-231.6640100000000000000000000,US cash open,13:30,1251515,1251515,True,US cash open,13:30,468265,468265,True,US cash open,13:30,1251515,1251515,True,100,False,False,False,13,False,False,False
matched_lot,btcusdt_microprice_20260415_12_5h_5sessions_hs2.00_rq5000,2026-04-15 12:00,2026-04-15 13:00,btcusdt_microprice_20260415_12_5h_5sessions_hs2.00_rq5000:2026-04-15 13:00:fill-000014:fill-000021:24,fill-000014,fill-000021,buy,sell,1776260268265,1776261079142,1776261079142,810877,0.0000100000000000000000000000024,-0.002636476120000000000000000633,-0.002340400000000000000000000562,0.0002960761200000000000000000711,-0.002360600000000000000000000567,-263.6476120000000000000000000,US cash open,13:30,1279142,1279142,True,US cash open,13:30,468265,468265,True,US cash open,13:30,1279142,1279142,True,79,False,False,False,4,False,True,True
matched_lot,btcusdt_microprice_20260415_12_5h_5sessions_hs2.00_rq5000,2026-04-15 12:00,2026-04-15 13:00,btcusdt_microprice_20260415_12_5h_5sessions_hs2.00_rq5000:2026-04-15 13:00:fill-000014:fill-000022:25,fill-000014,fill-000022,buy,sell,1776260268265,1776261079142,1776261079142,810877,0.00013000,-0.03427418956000000000000000000,-0.0304252000000000,0.003848989560000000000000000000,-0.0306878000000000,-263.647612000000000000000,US cash open,13:30,1279142,1279142,True,US cash open,13:30,468265,468265,True,US cash open,13:30,1279142,1279142,True,80,False,False,False,5,False,True,True
matched_lot,btcusdt_microprice_20260415_12_5h_5sessions_hs2.00_rq5000,2026-04-15 12:00,2026-04-15 13:00,btcusdt_microprice_20260415_12_5h_5sessions_hs2.00_rq5000:2026-04-15 13:00:fill-000014:fill-000023:26,fill-000014,fill-000023,buy,sell,1776260268265,1776261106715,1776261106715,838450,0.0005099999999999999999999999969,-0.1252872170999999999999999992,-0.1101854999999999999999999993,0.01510171709999999999999999991,-0.1101956999999999999999999993,-245.6612099999999999999999999,US cash open,13:30,1306715,1306715,True,US cash open,13:30,468265,468265,True,US cash open,13:30,1306715,1306715,True,91,False,False,False,8,False,False,True
matched_lot,btcusdt_microprice_20260415_12_5h_5sessions_hs2.00_rq5000,2026-04-15 12:00,2026-04-15 13:00,btcusdt_microprice_20260415_12_5h_5sessions_hs2.00_rq5000:2026-04-15 13:00:fill-000016:fill-000023:27,fill-000016,fill-000023,buy,sell,1776260415949,1776261106715,1776261106715,690766,0.0004700000000000000000000000031,-0.1025801931000000000000000007,-0.08866550000000000000000000058,0.01391469310000000000000000009,-0.08971360000000000000000000059,-218.2557300000000000000000000,US cash open,13:30,1306715,1306715,True,US cash open,13:30,615949,615949,True,US cash open,13:30,1306715,1306715,True,113,False,False,False,16,False,False,False
matched_lot,btcusdt_microprice_20260415_12_5h_5sessions_hs2.00_rq5000,2026-04-15 12:00,2026-04-15 13:00,btcusdt_microprice_20260415_12_5h_5sessions_hs2.00_rq5000:2026-04-15 13:00:fill-000016:fill-000027:28,fill-000016,fill-000027,buy,sell,1776260415949,1776261265765,1776261265765,849816,0.0001599999999999999999999999969,-0.03779874111999999999999999927,-0.03306239999999999999999999936,0.004736341119999999999999999909,-0.03373919999999999999999999934,-236.2421320000000000000000000,US cash open,13:30,1465765,1465765,True,US cash open,13:30,615949,615949,True,US cash open,13:30,1465765,1465765,True,93,False,False,False,9,False,False,True
matched_lot,btcusdt_microprice_20260415_12_5h_5sessions_hs2.00_rq5000,2026-04-15 12:00,2026-04-15 13:00,btcusdt_microprice_20260415_12_5h_5sessions_hs2.00_rq5000:2026-04-15 13:00:fill-000017:fill-000027:29,fill-000017,fill-000027,buy,sell,1776260876055,1776261265765,1776261265765,389710,0.0001200000000000000000000000032,-0.01506720000000000000000000040,-0.01151760000000000000000000031,0.003549600000000000000000000095,-0.01182240000000000000000000032,-125.5600000000000000000000000,US cash open,13:30,1465765,1465765,True,US cash open,13:30,1076055,1076055,True,US cash open,13:30,1465765,1465765,True,193,False,False,False,32,False,False,False
matched_lot,btcusdt_microprice_20260415_12_5h_5sessions_hs2.00_rq5000,2026-04-15 12:00,2026-04-15 13:00,btcusdt_microprice_20260415_12_5h_5sessions_hs2.00_rq5000:2026-04-15 13:00:fill-000017:fill-000029:30,fill-000017,fill-000029,buy,sell,1776260876055,1776261393975,1776261393975,517920,0.0001400653366001633415004083566,-0.01954712619297631548244078911,-0.01540438571928596429821491106,0.004142740473690351184225878046,-0.01586520067670050169175125455,-139.5572000000000000000000000,US cash open,13:30,1593975,1593975,True,US cash open,13:30,1076055,1076055,True,US cash open,13:30,1593975,1593975,True,177,False,False,False,28,False,False,False
matched_lot,btcusdt_microprice_20260415_12_5h_5sessions_hs2.00_rq5000,2026-04-15 12:00,2026-04-15 13:00,btcusdt_microprice_20260415_12_5h_5sessions_hs2.00_rq5000:2026-04-15 13:00:fill-000017:fill-000030:31,fill-000017,fill-000030,buy,sell,1776260876055,1776261475106,1776261475106,599051,0.0002999346633998366584995916402,-0.007675327436532493291331233073,0.001202738000233345000583362477,0.008878065436765838291914595550,0.001040773281997433204993582992,-25.58999800000000000000000000,US cash open,13:30,1675106,1675106,True,US cash open,13:30,1076055,1076055,True,US cash open,13:30,1675106,1675106,True,353,False,False,False,59,False,False,False
matched_lot,btcusdt_microprice_20260415_12_5h_5sessions_hs2.00_rq5000,2026-04-15 12:00,2026-04-15 13:00,btcusdt_microprice_20260415_12_5h_5sessions_hs2.00_rq5000:2026-04-15 13:00:fill-000018:fill-000030:32,fill-000018,fill-000030,buy,sell,1776261041375,1776261475106,1776261475106,433731,0.00060000,0.00864480000000000000,0.0264000000000000,0.01775520000000000000,0.0251940000000000,14.408000000000,US cash open,13:30,1675106,1675106,True,US cash open,13:30,1241375,1241375,True,US cash open,13:30,1675106,1675106,True,425,False,False,False,68,False,False,False
matched_lot,btcusdt_microprice_20260415_12_5h_5sessions_hs2.00_rq5000,2026-04-15 12:00,2026-04-15 13:00,btcusdt_microprice_20260415_12_5h_5sessions_hs2.00_rq5000:2026-04-15 13:00:fill-000019:fill-000030:33,fill-000019,fill-000030,buy,sell,1776261041377,1776261475106,1776261475106,433729,0.0001000653366001633415004083598,0.001441741369735153424337883648,0.004402874810407187026017967831,0.002961133440672033601680084183,0.004201743483840858709602147028,14.40800000000000000000000000,US cash open,13:30,1675106,1675106,True,US cash open,13:30,1241377,1241377,True,US cash open,13:30,1675106,1675106,True,426,False,False,False,69,False,False,False
matched_lot,btcusdt_microprice_20260415_12_5h_5sessions_hs2.00_rq5000,2026-04-15 12:00,2026-04-15 13:00,btcusdt_microprice_20260415_12_5h_5sessions_hs2.00_rq5000:2026-04-15 13:00:fill-000019:fill-000031:34,fill-000019,fill-000031,buy,sell,1776261041377,1776261597165,1776261597165,555788,0.00007000,0.004926376280000000000000000000,0.0069986000000000,0.002072223720000000000000000000,0.0067557000000000,70.3768040000000000000000,US cash open,13:30,1797165,1797165,True,US cash open,13:30,1241377,1241377,True,US cash open,13:30,1797165,1797165,True,496,False,False,False,80,False,False,False
matched_lot,btcusdt_microprice_20260415_12_5h_5sessions_hs2.00_rq5000,2026-04-15 12:00,2026-04-15 14:00,btcusdt_microprice_20260415_12_5h_5sessions_hs2.00_rq5000:2026-04-15 14:00:fill-000001:fill-000004:35,fill-000001,fill-000004,buy,sell,1776261869415,1776262228642,1776262228642,359227,0.00007000,-0.00114639308000000000,0.0009254000000000,0.00207179308000000000,0.0007847000000000,-16.377044000000,US cash open,13:30,2428642,2428642,False,US cash open,13:30,2069415,2069415,False,US cash open,13:30,2428642,2428642,False,374,False,False,False,61,False,False,False
matched_lot,btcusdt_microprice_20260415_12_5h_5sessions_hs2.00_rq5000,2026-04-15 12:00,2026-04-15 14:00,btcusdt_microprice_20260415_12_5h_5sessions_hs2.00_rq5000:2026-04-15 14:00:fill-000001:fill-000006:36,fill-000001,fill-000006,buy,sell,1776261869415,1776262634122,1776262634122,764707,0.00006999999999999999999999999960,0.02130441585999999999999999988,0.02338069999999999999999999987,0.002076284139999999999999999988,0.02323999999999999999999999987,304.3487980000000000000000000,US cash open,13:30,2834122,2834122,False,US cash open,13:30,2069415,2069415,False,US cash open,13:30,2834122,2834122,False,646,False,False,False,108,False,False,False
matched_lot,btcusdt_microprice_20260415_12_5h_5sessions_hs2.00_rq5000,2026-04-15 12:00,2026-04-15 14:00,btcusdt_microprice_20260415_12_5h_5sessions_hs2.00_rq5000:2026-04-15 14:00:fill-000001:fill-000007:37,fill-000001,fill-000007,buy,sell,1776261869415,1776262646237,1776262646237,776822,0.0008600000000000000000000000004,0.2978441440000000000000000002,0.3233600000000000000000000002,0.02551585600000000000000000002,0.3233514000000000000000000002,346.3304000000000000000000001,US cash open,13:30,2846237,2846237,False,US cash open,13:30,2069415,2069415,False,US cash open,13:30,2846237,2846237,False,657,False,False,False,110,False,False,False
matched_lot,btcusdt_microprice_20260415_12_5h_5sessions_hs2.00_rq5000,2026-04-15 12:00,2026-04-15 14:00,btcusdt_microprice_20260415_12_5h_5sessions_hs2.00_rq5000:2026-04-15 14:00:fill-000002:fill-000007:38,fill-000002,fill-000007,buy,sell,1776261949865,1776262646237,1776262646237,696372,0.0001399999999999999999999999996,0.05240703999999999999999999985,0.05655999999999999999999999984,0.004152959999999999999999999988,0.05645779999999999999999999984,374.3360000000000000000000000,US cash open,13:30,2846237,2846237,False,US cash open,13:30,2149865,2149865,False,US cash open,13:30,2846237,2846237,False,671,False,False,False,111,False,False,False
matched_lot,btcusdt_microprice_20260415_12_5h_5sessions_hs2.00_rq5000,2026-04-15 12:00,2026-04-15 14:00,btcusdt_microprice_20260415_12_5h_5sessions_hs2.00_rq5000:2026-04-15 14:00:fill-000002:fill-000008:39,fill-000002,fill-000008,buy,sell,1776261949865,1776262723345,1776262723345,773480,0.00007000,0.01668612386000000000000000000,0.0187607000000000,0.002074576140000000000000000000,0.0185696000000000,238.373198000000000000000,US cash open,13:30,2923345,2923345,False,US cash open,13:30,2149865,2149865,False,US cash open,13:30,2923345,2923345,False,610,False,False,False,103,False,False,False
matched_lot,btcusdt_microprice_20260415_12_5h_5sessions_hs2.00_rq5000,2026-04-15 12:00,2026-04-15 14:00,btcusdt_microprice_20260415_12_5h_5sessions_hs2.00_rq5000:2026-04-15 14:00:fill-000002:fill-000009:40,fill-000002,fill-000009,buy,sell,1776261949865,1776262749131,1776262749131,799266,0.00007000,0.01864573186000000000000000000,0.0207207000000000,0.002074968140000000000000000000,0.0205296000000000,266.367598000000000000000,US cash open,13:30,2949131,2949131,False,US cash open,13:30,2149865,2149865,False,US cash open,13:30,2949131,2949131,False,623,False,False,False,104,False,False,False
matched_lot,btcusdt_microprice_20260415_12_5h_5sessions_hs2.00_rq5000,2026-04-15 12:00,2026-04-15 14:00,btcusdt_microprice_20260415_12_5h_5sessions_hs2.00_rq5000:2026-04-15 14:00:fill-000002:fill-000012:41,fill-000002,fill-000012,buy,sell,1776261949865,1776262901778,1776262901778,951913,0.00007000,0.01901595780000000000000000000,0.0210910000000000,0.002075042200000000000000000000,0.0208999000000000,271.656540000000000000000,US cash open,13:30,3101778,3101778,False,US cash open,13:30,2149865,2149865,False,US cash open,13:30,3101778,3101778,False,624,False,False,False,105,False,False,False
matched_lot,btcusdt_microprice_20260415_12_5h_5sessions_hs2.00_rq5000,2026-04-15 12:00,2026-04-15 14:00,btcusdt_microprice_20260415_12_5h_5sessions_hs2.00_rq5000:2026-04-15 14:00:fill-000002:fill-000013:42,fill-000002,fill-000013,buy,sell,1776261949865,1776262901779,1776262901779,951914,0.0006500000000000000000000000004,0.1765767510000000000000000001,0.1958450000000000000000000001,0.01926824900000000000000000002,0.1940705000000000000000000001,271.6565400000000000000000000,US cash open,13:30,3101779,3101779,False,US cash open,13:30,2149865,2149865,False,US cash open,13:30,3101779,3101779,False,625,False,False,False,106,False,False,False
matched_lot,btcusdt_microprice_20260415_12_5h_5sessions_hs2.00_rq5000,2026-04-15 12:00,2026-04-15 14:00,btcusdt_microprice_20260415_12_5h_5sessions_hs2.00_rq5000:2026-04-15 14:00:fill-000003:fill-000013:43,fill-000003,fill-000013,buy,sell,1776261981435,1776262901779,1776262901779,920344,0.0002799999999999999999999999996,0.09286719119999999999999999991,0.1011639999999999999999999999,0.008296808799999999999999999988,0.1006011999999999999999999999,331.6685400000000000000000002,US cash open,13:30,3101779,3101779,False,US cash open,13:30,2181435,2181435,False,US cash open,13:30,3101779,3101779,False,653,False,False,False,109,False,False,False
matched_lot,btcusdt_microprice_20260415_12_5h_5sessions_hs2.00_rq5000,2026-04-15 12:00,2026-04-15 14:00,btcusdt_microprice_20260415_12_5h_5sessions_hs2.00_rq5000:2026-04-15 14:00:fill-000003:fill-000015:44,fill-000003,fill-000015,buy,sell,1776261981435,1776263060846,1776263060846,1079411,0.0007200000000000000000000000004,0.3213688320000000000000000002,0.3427200000000000000000000002,0.02135116800000000000000000002,0.3426984000000000000000000002,446.3456000000000000000000000,US cash open,13:30,3260846,3260846,False,US cash open,13:30,2181435,2181435,False,US cash open,13:30,3260846,3260846,False,684,False,False,False,113,False,False,False
matched_lot,btcusdt_microprice_20260415_12_5h_5sessions_hs2.00_rq5000,2026-04-15 12:00,2026-04-15 14:00,btcusdt_microprice_20260415_12_5h_5sessions_hs2.00_rq5000:2026-04-15 14:00:fill-000005:fill-000015:45,fill-000005,fill-000015,buy,sell,1776262511178,1776263060846,1776263060846,549668,0.00003428571428571428571428571427,0.006714703199999999999999999997,0.007733142857142857142857142854,0.001018439657142857142857142857,0.007663542857142857142857142854,195.8455100000000000000000000,US cash open,13:30,3260846,3260846,False,US cash open,13:30,2711178,2711178,False,US cash open,13:30,3260846,3260846,False,584,False,False,False,96,False,False,False
matched_lot,btcusdt_microprice_20260415_12_5h_5sessions_hs2.00_rq5000,2026-04-15 12:00,2026-04-15 14:00,btcusdt_microprice_20260415_12_5h_5sessions_hs2.00_rq5000:2026-04-15 14:00:fill-000010:fill-000015:46,fill-000010,fill-000015,buy,sell,1776262765277,1776263060846,1776263060846,295569,0.00023000,0.01617599476000000000,0.0230138000000000,0.00683780524000000000,0.0225469000000000,70.330412000000,US cash open,13:30,3260846,3260846,False,US cash open,13:30,2965277,2965277,False,US cash open,13:30,3260846,3260846,False,495,False,False,False,79,False,False,False
matched_lot,btcusdt_microprice_20260415_12_5h_5sessions_hs2.00_rq5000,2026-04-15 12:00,2026-04-15 14:00,btcusdt_microprice_20260415_12_5h_5sessions_hs2.00_rq5000:2026-04-15 14:00:fill-000011:fill-000015:47,fill-000011,fill-000015,buy,sell,1776262765687,1776263060846,1776263060846,295159,0.0000157142857142857142857142853,0.001105192188571428571428571399,0.001572371428571428571428571387,0.0004671792399999999999999999878,0.001571899999999999999999999959,70.33041199999999999999999997,US cash open,13:30,3260846,3260846,False,US cash open,13:30,2965687,2965687,False,US cash open,13:30,3260846,3260846,False,494,False,False,False,78,False,False,False
matched_lot,btcusdt_microprice_20260415_12_5h_5sessions_hs2.00_rq5000,2026-04-15 12:00,2026-04-15 14:00,btcusdt_microprice_20260415_12_5h_5sessions_hs2.00_rq5000:2026-04-15 14:00:fill-000011:fill-000017:48,fill-000011,fill-000017,buy,sell,1776262765687,1776263188965,1776263188965,423278,0.00007000000000000000000000000018,0.01131075106000000000000000002,0.01339310000000000000000000003,0.002082348940000000000000000005,0.01326850000000000000000000003,161.5821579999999999999999999,US cash open,13:30,3388965,3388965,False,US cash open,13:30,2965687,2965687,False,US cash open,13:30,3388965,3388965,False,566,False,False,False,93,False,False,False
matched_lot,btcusdt_microprice_20260415_12_5h_5sessions_hs2.00_rq5000,2026-04-15 12:00,2026-04-15 14:00,btcusdt_microprice_20260415_12_5h_5sessions_hs2.00_rq5000:2026-04-15 14:00:fill-000011:fill-000018:49,fill-000011,fill-000018,buy,sell,1776262765687,1776263390554,1776263390554,624867,0.000000000000000000000000000003,0.0000000000000000000000000003363061680000000000000000000,0.00000000000000000000000000042552000000,0.00000000000000000000000000008921383200000000000000000000,0.00000000000000000000000000041949000000,112.1020560000000000000000000,US cash open,13:30,3590554,3590554,False,US cash open,13:30,2965687,2965687,False,US cash open,13:30,3590554,3590554,False,533,False,False,False,86,False,False,False
matched_lot,btcusdt_microprice_20260415_12_5h_5sessions_hs2.00_rq5000,2026-04-15 12:00,2026-04-15 14:00,btcusdt_microprice_20260415_12_5h_5sessions_hs2.00_rq5000:2026-04-15 14:00:fill-000011:fill-000019:50,fill-000011,fill-000019,buy,sell,1776262765687,1776263439670,1776263439670,673983,0.00031000,0.03042490288000000000000000000,0.0396428000000000,0.009217897120000000000000000002,0.0390197000000000,98.144848000000000000000,US cash open,13:30,3639670,3639670,False,US cash open,13:30,2965687,2965687,False,US cash open,13:30,3639670,3639670,False,523,False,False,False,85,False,False,False
matched_lot,btcusdt_microprice_20260415_12_5h_5sessions_hs2.00_rq5000,2026-04-15 12:00,2026-04-15 14:00,btcusdt_microprice_20260415_12_5h_5sessions_hs2.00_rq5000:2026-04-15 14:00:fill-000011:fill-000022:51,fill-000011,fill-000022,buy,sell,1776262765687,1776263680365,1776263680365,914678,0.00029000,0.008180563019999999999999999999,0.0167997000000000,0.008619136980000000000000000001,0.0167939000000000,28.20883800000000000000000000,US cash open,13:30,3880365,3880365,False,US cash open,13:30,2965687,2965687,False,US cash open,13:30,3880365,3880365,False,446,False,False,False,71,False,False,False
matched_lot,btcusdt_microprice_20260415_12_5h_5sessions_hs2.00_rq5000,2026-04-15 12:00,2026-04-15 14:00,btcusdt_microprice_20260415_12_5h_5sessions_hs2.00_rq5000:2026-04-15 14:00:fill-000011:fill-000024:52,fill-000011,fill-000024,buy,sell,1776262765687,1776264116056,1776264116056,1350369,0.00007004292973541265113019099131,-0.01650200147654634659190467794,-0.01442394052041352724724023084,0.002078060956132819344664447105,-0.01456472680918170667601191473,-235.5983899999999999999999999,US cash open,13:30,4316056,4316056,False,US cash open,13:30,2965687,2965687,False,US cash open,13:30,4316056,4316056,False,94,False,False,False,10,False,False,True
matched_lot,btcusdt_microprice_20260415_12_5h_5sessions_hs2.00_rq5000,2026-04-15 12:00,2026-04-15 14:00,btcusdt_microprice_20260415_12_5h_5sessions_hs2.00_rq5000:2026-04-15 14:00:fill-000011:fill-000026:53,fill-000011,fill-000026,buy,sell,1776262765687,1776264300031,1776264300031,1534344,0.00000000000000000000000000000001,-0.000000000000000000000000000003388277400000000000000000000,-0.0000000000000000000000000000030918000000,0.0000000000000000000000000000002964774000000000000000000005,-0.0000000000000000000000000000031119000000,-338.8277400000000000000000000,US cash open,13:30,4500031,4500031,False,US cash open,13:30,2965687,2965687,False,US cash open,13:30,4500031,4500031,False,54,False,False,True,1,True,True,True
matched_lot,btcusdt_microprice_20260415_12_5h_5sessions_hs2.00_rq5000,2026-04-15 12:00,2026-04-15 14:00,btcusdt_microprice_20260415_12_5h_5sessions_hs2.00_rq5000:2026-04-15 14:00:fill-000011:fill-000030:54,fill-000011,fill-000030,buy,sell,1776262765687,1776264638515,1776264638515,1872828,0.00001424278455030163458409472018,-0.001647211988040751958747402872,-0.001224309759943928508848782147,0.0004229022280968234498986207246,-0.001230006873764049162682420035,-115.6523840000000000000000001,US cash open,13:30,4838515,4838515,False,US cash open,13:30,2965687,2965687,False,US cash open,13:30,4838515,4838515,False,202,False,False,False,33,False,False,False
matched_lot,btcusdt_microprice_20260415_12_5h_5sessions_hs2.00_rq5000,2026-04-15 12:00,2026-04-15 14:00,btcusdt_microprice_20260415_12_5h_5sessions_hs2.00_rq5000:2026-04-15 14:00:fill-000014:fill-000030:55,fill-000014,fill-000030,buy,sell,1776263038965,1776264638515,1776264638515,1599550,0.00005575721544969836541590527982,-0.009978034832603819870334676818,-0.008321764405867481038323863013,0.001656270426736338832010813805,-0.008455581722946757115322035685,-178.9550420000000000000000000,US cash open,13:30,4838515,4838515,False,US cash open,13:30,3238965,3238965,False,US cash open,13:30,4838515,4838515,False,141,False,False,False,22,False,False,False
matched_lot,btcusdt_microprice_20260415_12_5h_5sessions_hs2.00_rq5000,2026-04-15 12:00,2026-04-15 14:00,btcusdt_microprice_20260415_12_5h_5sessions_hs2.00_rq5000:2026-04-15 14:00:fill-000014:fill-000033:56,fill-000014,fill-000033,buy,sell,1776263038965,1776264787906,1776264787906,1748941,0.00007993214588634435962680237489,-0.01879954449370653095843935538,-0.01642605597964376590330788804,0.002373488514062765055131467345,-0.01674658388464800678541136556,-235.1937919999999999999999999,US cash open,13:30,4987906,4987906,False,US cash open,13:30,3238965,3238965,False,US cash open,13:30,4987906,4987906,False,95,False,False,False,11,False,False,True
matched_lot,btcusdt_microprice_20260415_12_5h_5sessions_hs2.00_rq5000,2026-04-15 12:00,2026-04-15 14:00,btcusdt_microprice_20260415_12_5h_5sessions_hs2.00_rq5000:2026-04-15 14:00:fill-000014:fill-000035:57,fill-000014,fill-000035,buy,sell,1776263038965,1776264931265,1776264931265,1892300,0.0005043106386639572749572923437,-0.09931462330527661423955916949,-0.08433586810377357509110799864,0.01497875520150303914845117085,-0.08586897244531200520697816737,-196.9314460000000000000000000,US cash open,13:30,5131265,5131265,False,US cash open,13:30,3238965,3238965,False,US cash open,13:30,5131265,5131265,False,129,False,False,False,18,False,False,False
matched_lot,btcusdt_microprice_20260415_12_5h_5sessions_hs2.00_rq5000,2026-04-15 12:00,2026-04-15 14:00,btcusdt_microprice_20260415_12_5h_5sessions_hs2.00_rq5000:2026-04-15 14:00:fill-000016:fill-000035:58,fill-000016,fill-000035,buy,sell,1776263154964,1776264931265,1776264931265,1776301,0.00020000,-0.06766794440000000000,-0.0617220000000000,0.00594594440000000000,-0.0623300000000000,-338.339722000000,US cash open,13:30,5131265,5131265,False,US cash open,13:30,3354964,3354964,False,US cash open,13:30,5131265,5131265,False,55,False,False,True,2,False,True,True
matched_lot,btcusdt_microprice_20260415_12_5h_5sessions_hs2.00_rq5000,2026-04-15 12:00,2026-04-15 14:00,btcusdt_microprice_20260415_12_5h_5sessions_hs2.00_rq5000:2026-04-15 14:00:fill-000020:fill-000035:59,fill-000020,fill-000035,buy,sell,1776263583058,1776264931265,1776264931265,1348207,0.00020000,-0.05154272000000000000,-0.0456000000000000,0.00594272000000000000,-0.0462080000000000,-257.713600000000,US cash open,13:30,5131265,5131265,False,US cash open,13:30,3783058,3783058,False,US cash open,13:30,5131265,5131265,False,83,False,False,False,7,False,False,True
matched_lot,btcusdt_microprice_20260415_12_5h_5sessions_hs2.00_rq5000,2026-04-15 12:00,2026-04-15 14:00,btcusdt_microprice_20260415_12_5h_5sessions_hs2.00_rq5000:2026-04-15 14:00:fill-000021:fill-000035:60,fill-000021,fill-000035,buy,sell,1776263583058,1776264931265,1776264931265,1348207,0.0000956893613360427250427076563,-0.02466044979161238042456634386,-0.02181717438461774130973734564,0.002843275406994639114828998217,-0.02210807004307931119386717691,-257.7136000000000000000000001,US cash open,13:30,5131265,5131265,False,US cash open,13:30,3783058,3783058,False,US cash open,13:30,5131265,5131265,False,82,False,False,False,6,False,True,True
matched_lot,btcusdt_microprice_20260415_12_5h_5sessions_hs2.00_rq5000,2026-04-15 12:00,2026-04-15 15:00,btcusdt_microprice_20260415_12_5h_5sessions_hs2.00_rq5000:2026-04-15 15:00:fill-000001:fill-000002:61,fill-000001,fill-000002,sell,buy,1776265310216,1776265470971,1776265470971,160755,0.00007000,-0.002790392920000000000000000000,-0.0007140000000000,0.002076392920000000000000000000,-0.0009947000000000,-39.8627560000000000000000,US cash open,13:30,5670971,5670971,False,US cash open,13:30,5510216,5510216,False,US cash open,13:30,5670971,5670971,False,321,False,False,False,51,False,False,False
matched_lot,btcusdt_microprice_20260415_12_5h_5sessions_hs2.00_rq5000,2026-04-15 12:00,2026-04-15 15:00,btcusdt_microprice_20260415_12_5h_5sessions_hs2.00_rq5000:2026-04-15 15:00:fill-000002:fill-000003:62,fill-000002,fill-000003,buy,sell,1776265470971,1776265618680,1776265618680,147709,0.000014358639810940203568604613,-0.001574264009786431169137120306,-0.001148547598477106883452682994,0.0004257164113093242856844373125,-0.001206269330517086501798473538,-109.6387980000000000000000000,US cash open,13:30,5818680,5818680,False,US cash open,13:30,5670971,5670971,False,US cash open,13:30,5818680,5818680,False,209,False,False,False,35,False,False,False
matched_lot,btcusdt_microprice_20260415_12_5h_5sessions_hs2.00_rq5000,2026-04-15 12:00,2026-04-15 15:00,btcusdt_microprice_20260415_12_5h_5sessions_hs2.00_rq5000:2026-04-15 15:00:fill-000002:fill-000004:63,fill-000002,fill-000004,buy,sell,1776265470971,1776265621569,1776265621569,150598,0.0000556413601890597964313953884,-0.005877930922545480892974443409,-0.004228186960766653930821735565,0.001649743961778826962152707844,-0.004340026094746664121648840296,-105.6395980000000000000000000,US cash open,13:30,5821569,5821569,False,US cash open,13:30,5670971,5670971,False,US cash open,13:30,5821569,5821569,False,215,False,False,False,36,False,False,False
matched_lot,btcusdt_microprice_20260415_12_5h_5sessions_hs2.00_rq5000,2026-04-15 12:00,2026-04-15 15:00,btcusdt_microprice_20260415_12_5h_5sessions_hs2.00_rq5000:2026-04-15 15:00:fill-000004:fill-000005:64,fill-000004,fill-000005,sell,buy,1776265621569,1776265628041,1776265628041,6472,0.00040000,-0.01265392000000000000000000000,-0.0008000000000000,0.01185392000000000000000000000,-0.0016000000000000,-31.634800000000000000000,US cash open,13:30,5828041,5828041,False,US cash open,13:30,5821569,5821569,False,US cash open,13:30,5828041,5828041,False,333,False,False,False,56,False,False,False
matched_lot,btcusdt_microprice_20260415_12_5h_5sessions_hs2.00_rq5000,2026-04-15 12:00,2026-04-15 15:00,btcusdt_microprice_20260415_12_5h_5sessions_hs2.00_rq5000:2026-04-15 15:00:fill-000004:fill-000010:65,fill-000004,fill-000010,sell,buy,1776265621569,1776266005790,1776266005790,384221,0.00035000,-0.01527302000000000000000000000,-0.0049000000000000,0.01037302000000000000000000000,-0.0056035000000000,-43.637200000000000000000,US cash open,13:30,6205790,6205790,False,US cash open,13:30,5821569,5821569,False,US cash open,13:30,6205790,6205790,False,315,False,False,False,49,False,False,False
matched_lot,btcusdt_microprice_20260415_12_5h_5sessions_hs2.00_rq5000,2026-04-15 12:00,2026-04-15 15:00,btcusdt_microprice_20260415_12_5h_5sessions_hs2.00_rq5000:2026-04-15 15:00:fill-000004:fill-000018:66,fill-000004,fill-000018,sell,buy,1776265621569,1776267292339,1776267292339,1670770,0.0001943586398109402035686046116,0.07316568800918104462474978650,0.07890960776324172264885347231,0.005743919754060678024103685807,0.07851894689722173283968057704,376.4468000000000000000000000,US cash open,13:30,7492339,7492339,False,US cash open,13:30,5821569,5821569,False,US cash open,13:30,7492339,7492339,False,672,False,False,False,112,False,False,False
matched_lot,btcusdt_microprice_20260415_12_5h_5sessions_hs2.00_rq5000,2026-04-15 12:00,2026-04-15 15:00,btcusdt_microprice_20260415_12_5h_5sessions_hs2.00_rq5000:2026-04-15 15:00:fill-000006:fill-000018:67,fill-000006,fill-000018,sell,buy,1776265695019,1776267292339,1776267292339,1597320,0.0008056413601890597964313953884,0.2307878911182869767727603936,0.2545826698197428956723209427,0.02379477870145591889956054907,0.2529633306857628854814938379,286.4647999999999999999999999,US cash open,13:30,7492339,7492339,False,US cash open,13:30,5895019,5895019,False,US cash open,13:30,7492339,7492339,False,636,False,False,False,107,False,False,False
matched_lot,btcusdt_microprice_20260415_12_5h_5sessions_hs2.00_rq5000,2026-04-15 12:00,2026-04-15 15:00,btcusdt_microprice_20260415_12_5h_5sessions_hs2.00_rq5000:2026-04-15 15:00:fill-000006:fill-000020:68,fill-000006,fill-000020,sell,buy,1776265695019,1776267690295,1776267690295,1995276,0.00016000,0.02182956800000000000000000000,0.0265600000000000,0.004730432000000000000000000002,0.0262384000000000,136.434800000000000000000,US cash open,13:30,7890295,7890295,False,US cash open,13:30,5895019,5895019,False,US cash open,13:30,7890295,7890295,False,549,False,False,False,90,False,False,False
matched_lot,btcusdt_microprice_20260415_12_5h_5sessions_hs2.00_rq5000,2026-04-15 12:00,2026-04-15 15:00,btcusdt_microprice_20260415_12_5h_5sessions_hs2.00_rq5000:2026-04-15 15:00:fill-000006:fill-000021:69,fill-000006,fill-000021,sell,buy,1776265695019,1776267690312,1776267690312,1995293,0.0000343586398109402035686046116,0.004687714150877664485841856463,0.005703534208616073792388365526,0.001015820057738409306546509063,0.005634473342596083983215470257,136.4348000000000000000000000,US cash open,13:30,7890312,7890312,False,US cash open,13:30,5895019,5895019,False,US cash open,13:30,7890312,7890312,False,550,False,False,False,91,False,False,False
matched_lot,btcusdt_microprice_20260415_12_5h_5sessions_hs2.00_rq5000,2026-04-15 12:00,2026-04-15 15:00,btcusdt_microprice_20260415_12_5h_5sessions_hs2.00_rq5000:2026-04-15 15:00:fill-000007:fill-000021:70,fill-000007,fill-000021,sell,buy,1776265715305,1776267690312,1776267690312,1975007,0.00065000,0.09258833870000000000,0.1118065000000000,0.01921816130000000000,0.1092000000000000,142.443598000000,US cash open,13:30,7890312,7890312,False,US cash open,13:30,5915305,5915305,False,US cash open,13:30,7890312,7890312,False,552,False,False,False,92,False,False,False
matched_lot,btcusdt_microprice_20260415_12_5h_5sessions_hs2.00_rq5000,2026-04-15 12:00,2026-04-15 15:00,btcusdt_microprice_20260415_12_5h_5sessions_hs2.00_rq5000:2026-04-15 15:00:fill-000008:fill-000021:71,fill-000008,fill-000021,sell,buy,1776265822441,1776267690312,1776267690312,1867871,0.00007000,0.00899124786000000000,0.0110607000000000,0.00206945214000000000,0.0107800000000000,128.446398000000,US cash open,13:30,7890312,7890312,False,US cash open,13:30,6022441,6022441,False,US cash open,13:30,7890312,7890312,False,542,False,False,False,88,False,False,False
matched_lot,btcusdt_microprice_20260415_12_5h_5sessions_hs2.00_rq5000,2026-04-15 12:00,2026-04-15 15:00,btcusdt_microprice_20260415_12_5h_5sessions_hs2.00_rq5000:2026-04-15 15:00:fill-000009:fill-000021:72,fill-000009,fill-000021,sell,buy,1776265841279,1776267690312,1776267690312,1849033,0.0000856413601890597964313953884,0.01048657884460319795139333710,0.01301834316233897965553641299,0.002531764317735781704143075893,0.01267492130798084987184651749,122.4475980000000000000000000,US cash open,13:30,7890312,7890312,False,US cash open,13:30,6041279,6041279,False,US cash open,13:30,7890312,7890312,False,537,False,False,False,87,False,False,False
matched_lot,btcusdt_microprice_20260415_12_5h_5sessions_hs2.00_rq5000,2026-04-15 12:00,2026-04-15 15:00,btcusdt_microprice_20260415_12_5h_5sessions_hs2.00_rq5000:2026-04-15 15:00:fill-000009:fill-000023:73,fill-000009,fill-000023,sell,buy,1776265841279,1776267841908,1776267841908,2000629,0.0009143586398109402035686046116,0.04977219637075143941917301629,0.07681526933051708650179847342,0.02704307295976564708262545713,0.07314869118487521628548836892,54.43399800000000000000000000,US cash open,13:30,8041908,8041908,False,US cash open,13:30,6041279,6041279,False,US cash open,13:30,8041908,8041908,False,471,False,False,False,75,False,False,False
matched_lot,btcusdt_microprice_20260415_12_5h_5sessions_hs2.00_rq5000,2026-04-15 12:00,2026-04-15 15:00,btcusdt_microprice_20260415_12_5h_5sessions_hs2.00_rq5000:2026-04-15 15:00:fill-000011:fill-000023:74,fill-000011,fill-000023,sell,buy,1776266245929,1776267841908,1776267841908,1595979,0.0000856413601890597964313953884,0.01829831680435348182785508046,0.02083397369319257667786555614,0.002535656888839094850010475675,0.02049055183883444689417566064,213.6621460000000000000000000,US cash open,13:30,8041908,8041908,False,US cash open,13:30,6445929,6445929,False,US cash open,13:30,8041908,8041908,False,598,False,False,False,101,False,False,False
matched_lot,btcusdt_microprice_20260415_12_5h_5sessions_hs2.00_rq5000,2026-04-15 12:00,2026-04-15 15:00,btcusdt_microprice_20260415_12_5h_5sessions_hs2.00_rq5000:2026-04-15 15:00:fill-000011:fill-000024:75,fill-000011,fill-000024,sell,buy,1776266245929,1776267934936,1776267934936,1689007,0.0000643586398109402035686046116,0.01265218339367745434737385560,0.01455792432523467404721836314,0.001905740931557219699844507541,0.01442791987281657483600978182,196.5887319999999999999999999,US cash open,13:30,8134936,8134936,False,US cash open,13:30,6445929,6445929,False,US cash open,13:30,8134936,8134936,False,586,False,False,False,97,False,False,False
matched_lot,btcusdt_microprice_20260415_12_5h_5sessions_hs2.00_rq5000,2026-04-15 12:00,2026-04-15 15:00,btcusdt_microprice_20260415_12_5h_5sessions_hs2.00_rq5000:2026-04-15 15:00:fill-000012:fill-000024:76,fill-000012,fill-000024,sell,buy,1776266245931,1776267934936,1776267934936,1689005,0.0000661819007296003369719359296,0.01301061594578200511208560399,0.01497034594503559622305190728,0.001959729999253591110966303290,0.01483665850556180354236859670,196.5887320000000000000000001,US cash open,13:30,8134936,8134936,False,US cash open,13:30,6445931,6445931,False,US cash open,13:30,8134936,8134936,False,587,False,False,False,98,False,False,False
matched_lot,btcusdt_microprice_20260415_12_5h_5sessions_hs2.00_rq5000,2026-04-15 12:00,2026-04-15 15:00,btcusdt_microprice_20260415_12_5h_5sessions_hs2.00_rq5000:2026-04-15 15:00:fill-000012:fill-000025:77,fill-000012,fill-000025,sell,buy,1776266245931,1776268023438,1776268023438,1777507,0.0004838180992703996630280640704,0.08982399720282752147735427634,0.1041515222299389354600513524,0.01432752502711141398269707606,0.1031790478504054321373649436,185.6565459999999999999999999,US cash open,13:30,8223438,8223438,False,US cash open,13:30,6445931,6445931,False,US cash open,13:30,8223438,8223438,False,579,False,False,False,95,False,False,False
matched_lot,btcusdt_microprice_20260415_12_5h_5sessions_hs2.00_rq5000,2026-04-15 12:00,2026-04-15 15:00,btcusdt_microprice_20260415_12_5h_5sessions_hs2.00_rq5000:2026-04-15 15:00:fill-000013:fill-000025:78,fill-000013,fill-000025,sell,buy,1776266271315,1776268023438,1776268023438,1752123,0.0005161819007296003369719359296,0.1065308595091366685850768698,0.1218189285721856795253768794,0.01528806906304901094030000959,0.1218137667531783835220071600,206.3824000000000000000000000,US cash open,13:30,8223438,8223438,False,US cash open,13:30,6471315,6471315,False,US cash open,13:30,8223438,8223438,False,595,False,False,False,100,False,False,False
matched_lot,btcusdt_microprice_20260415_12_5h_5sessions_hs2.00_rq5000,2026-04-15 12:00,2026-04-15 15:00,btcusdt_microprice_20260415_12_5h_5sessions_hs2.00_rq5000:2026-04-15 15:00:fill-000013:fill-000026:79,fill-000013,fill-000026,sell,buy,1776266271315,1776268287915,1776268287915,2016600,0.0002819351828187122381680177803,0.04793606611032531472710818494,0.05628835924975589835024474984,0.008352293139430583623136564899,0.05572166953229028675152703410,170.0251300000000000000000000,US cash open,13:30,8487915,8487915,False,US cash open,13:30,6471315,6471315,False,US cash open,13:30,8487915,8487915,False,571,False,False,False,94,False,False,False
matched_lot,btcusdt_microprice_20260415_12_5h_5sessions_hs2.00_rq5000,2026-04-15 12:00,2026-04-15 15:00,btcusdt_microprice_20260415_12_5h_5sessions_hs2.00_rq5000:2026-04-15 15:00:fill-000013:fill-000027:80,fill-000013,fill-000027,sell,buy,1776266271315,1776268404936,1776268404936,2133621,0.0002018829164516874248600462901,0.04067565668042734375694542779,0.04665514199198496388515669764,0.005979485311557620128211269846,0.04665312316282044701090809718,201.4814200000000000000000000,US cash open,13:30,8604936,8604936,False,US cash open,13:30,6471315,6471315,False,US cash open,13:30,8604936,8604936,False,591,False,False,False,99,False,False,False
matched_lot,btcusdt_microprice_20260415_12_5h_5sessions_hs2.00_rq5000,2026-04-15 12:00,2026-04-15 15:00,btcusdt_microprice_20260415_12_5h_5sessions_hs2.00_rq5000:2026-04-15 15:00:fill-000014:fill-000027:81,fill-000014,fill-000027,sell,buy,1776266904811,1776268404936,1776268404936,1500125,0.00031000,0.02111351100000000000,0.0302870000000000,0.00917348900000000000,0.0296639000000000,68.108100000000,US cash open,13:30,8604936,8604936,False,US cash open,13:30,7104811,7104811,False,US cash open,13:30,8604936,8604936,False,491,False,False,False,77,False,False,False
matched_lot,btcusdt_microprice_20260415_12_5h_5sessions_hs2.00_rq5000,2026-04-15 12:00,2026-04-15 15:00,btcusdt_microprice_20260415_12_5h_5sessions_hs2.00_rq5000:2026-04-15 15:00:fill-000015:fill-000027:82,fill-000015,fill-000027,sell,buy,1776267198437,1776268404936,1776268404936,1206499,0.00028000,-0.06380435376000000000,-0.0555352000000000,0.00826915376000000000,-0.0560980000000000,-227.872692000000,US cash open,13:30,8604936,8604936,False,US cash open,13:30,7398437,7398437,False,US cash open,13:30,8604936,8604936,False,103,False,False,False,14,False,False,False
matched_lot,btcusdt_microprice_20260415_12_5h_5sessions_hs2.00_rq5000,2026-04-15 12:00,2026-04-15 15:00,btcusdt_microprice_20260415_12_5h_5sessions_hs2.00_rq5000:2026-04-15 15:00:fill-000016:fill-000027:83,fill-000016,fill-000027,sell,buy,1776267248679,1776268404936,1776268404936,1156257,0.0002081170835483125751399537099,-0.06252215546649200589465813881,-0.05637891793323787660541346001,0.006143237533254129289244678800,-0.05657662916260877355179641604,-300.4181800000000000000000000,US cash open,13:30,8604936,8604936,False,US cash open,13:30,7448679,7448679,False,US cash open,13:30,8604936,8604936,False,67,False,False,True,3,False,True,True
matched_lot,btcusdt_microprice_20260415_12_5h_5sessions_hs2.00_rq5000,2026-04-15 12:00,2026-04-15 16:00,btcusdt_microprice_20260415_12_5h_5sessions_hs2.00_rq5000:2026-04-15 16:00:fill-000001:fill-000002:84,fill-000001,fill-000002,buy,sell,1776268822151,1776268879936,1776268879936,57785,0.00077000,0.00499452800000000000,0.0277200000000000,0.02272547200000000000,0.0254100000000000,6.486400000000,US cash open,13:30,9079936,9079936,False,US cash open,13:30,9022151,9022151,False,US cash open,13:30,9079936,9079936,False,409,False,False,False,65,False,False,False
matched_lot,btcusdt_microprice_20260415_12_5h_5sessions_hs2.00_rq5000,2026-04-15 12:00,2026-04-15 16:00,btcusdt_microprice_20260415_12_5h_5sessions_hs2.00_rq5000:2026-04-15 16:00:fill-000002:fill-000012:85,fill-000002,fill-000012,sell,buy,1776268879936,1776269298865,1776269298865,418929,0.00023000,-0.04274367334000000000000000000,-0.0359467000000000,0.006796973340000000000000000001,-0.0368690000000000,-185.842058000000000000000,US cash open,13:30,9498865,9498865,False,US cash open,13:30,9079936,9079936,False,US cash open,13:30,9498865,9498865,False,137,False,False,False,21,False,False,False
matched_lot,btcusdt_microprice_20260415_12_5h_5sessions_hs2.00_rq5000,2026-04-15 12:00,2026-04-15 16:00,btcusdt_microprice_20260415_12_5h_5sessions_hs2.00_rq5000:2026-04-15 16:00:fill-000003:fill-000012:86,fill-000003,fill-000012,sell,buy,1776268885772,1776269298865,1776269298865,413093,0.0004000000000000000000000000049,-0.05114146320000000000000000062,-0.03931600000000000000000000048,0.01182546320000000000000000014,-0.04069600000000000000000000050,-127.8536580000000000000000000,US cash open,13:30,9498865,9498865,False,US cash open,13:30,9085772,9085772,False,US cash open,13:30,9498865,9498865,False,188,False,False,False,30,False,False,False
matched_lot,btcusdt_microprice_20260415_12_5h_5sessions_hs2.00_rq5000,2026-04-15 12:00,2026-04-15 16:00,btcusdt_microprice_20260415_12_5h_5sessions_hs2.00_rq5000:2026-04-15 16:00:fill-000003:fill-000014:87,fill-000003,fill-000014,sell,buy,1776268885772,1776269408790,1776269408790,523018,0.0005999999999999999999999999951,-0.08133911999999999999999999934,-0.06359999999999999999999999948,0.01773911999999999999999999986,-0.06506999999999999999999999947,-135.5652000000000000000000000,US cash open,13:30,9608790,9608790,False,US cash open,13:30,9085772,9085772,False,US cash open,13:30,9608790,9608790,False,181,False,False,False,29,False,False,False
matched_lot,btcusdt_microprice_20260415_12_5h_5sessions_hs2.00_rq5000,2026-04-15 12:00,2026-04-15 16:00,btcusdt_microprice_20260415_12_5h_5sessions_hs2.00_rq5000:2026-04-15 16:00:fill-000004:fill-000014:88,fill-000004,fill-000014,sell,buy,1776268895325,1776269408790,1776269408790,513465,0.00007000,-0.00878970400000000000,-0.0067200000000000,0.00206970400000000000,-0.0068481000000000,-125.567200000000,US cash open,13:30,9608790,9608790,False,US cash open,13:30,9095325,9095325,False,US cash open,13:30,9608790,9608790,False,192,False,False,False,31,False,False,False
matched_lot,btcusdt_microprice_20260415_12_5h_5sessions_hs2.00_rq5000,2026-04-15 12:00,2026-04-15 16:00,btcusdt_microprice_20260415_12_5h_5sessions_hs2.00_rq5000:2026-04-15 16:00:fill-000005:fill-000014:89,fill-000005,fill-000014,sell,buy,1776269080346,1776269408790,1776269408790,328444,0.0003300000000000000000000000049,-0.02361744066000000000000000035,-0.01385670000000000000000000021,0.009760740660000000000000000143,-0.01485000000000000000000000022,-71.56800200000000000000000000,US cash open,13:30,9608790,9608790,False,US cash open,13:30,9280346,9280346,False,US cash open,13:30,9608790,9608790,False,269,False,False,False,48,False,False,False
matched_lot,btcusdt_microprice_20260415_12_5h_5sessions_hs2.00_rq5000,2026-04-15 12:00,2026-04-15 16:00,btcusdt_microprice_20260415_12_5h_5sessions_hs2.00_rq5000:2026-04-15 16:00:fill-000005:fill-000016:90,fill-000005,fill-000016,sell,buy,1776269080346,1776269488028,1776269488028,407682,0.0000199999999999999999999999951,-0.002231520039999999999999999454,-0.001639799999999999999999999598,0.0005917200399999999999999998564,-0.001719999999999999999999999578,-111.5760020000000000000000000,US cash open,13:30,9688028,9688028,False,US cash open,13:30,9280346,9280346,False,US cash open,13:30,9688028,9688028,False,207,False,False,False,34,False,False,False
matched_lot,btcusdt_microprice_20260415_12_5h_5sessions_hs2.00_rq5000,2026-04-15 12:00,2026-04-15 16:00,btcusdt_microprice_20260415_12_5h_5sessions_hs2.00_rq5000:2026-04-15 16:00:fill-000006:fill-000016:91,fill-000006,fill-000016,sell,buy,1776269296352,1776269488028,1776269488028,191676,0.00007000,-0.005270528200000000000000000000,-0.0031990000000000,0.002071528200000000000000000000,-0.0033397000000000,-75.2932600000000000000000,US cash open,13:30,9688028,9688028,False,US cash open,13:30,9496352,9496352,False,US cash open,13:30,9688028,9688028,False,252,False,False,False,40,False,False,False
matched_lot,btcusdt_microprice_20260415_12_5h_5sessions_hs2.00_rq5000,2026-04-15 12:00,2026-04-15 16:00,btcusdt_microprice_20260415_12_5h_5sessions_hs2.00_rq5000:2026-04-15 16:00:fill-000007:fill-000016:92,fill-000007,fill-000016,sell,buy,1776269296648,1776269488028,1776269488028,191380,0.00016000,-0.01204692160000000000000000000,-0.0073120000000000,0.004734921600000000000000000000,-0.0076336000000000,-75.293260000000000000000,US cash open,13:30,9688028,9688028,False,US cash open,13:30,9496648,9496648,False,US cash open,13:30,9688028,9688028,False,253,False,False,False,41,False,False,False
matched_lot,btcusdt_microprice_20260415_12_5h_5sessions_hs2.00_rq5000,2026-04-15 12:00,2026-04-15 16:00,btcusdt_microprice_20260415_12_5h_5sessions_hs2.00_rq5000:2026-04-15 16:00:fill-000008:fill-000016:93,fill-000008,fill-000016,sell,buy,1776269296902,1776269488028,1776269488028,191126,0.00020000,-0.01505865200000000000000000000,-0.0091400000000000,0.005918652000000000000000000000,-0.0095420000000000,-75.293260000000000000000,US cash open,13:30,9688028,9688028,False,US cash open,13:30,9496902,9496902,False,US cash open,13:30,9688028,9688028,False,254,False,False,False,42,False,False,False
matched_lot,btcusdt_microprice_20260415_12_5h_5sessions_hs2.00_rq5000,2026-04-15 12:00,2026-04-15 16:00,btcusdt_microprice_20260415_12_5h_5sessions_hs2.00_rq5000:2026-04-15 16:00:fill-000009:fill-000016:94,fill-000009,fill-000016,sell,buy,1776269297399,1776269488028,1776269488028,190629,0.0001019789842381786339754816161,-0.007678330174781085814360770946,-0.004660439579684763572679509856,0.003017890595096322241681261090,-0.004865417338003502626970227904,-75.29326000000000000000000000,US cash open,13:30,9688028,9688028,False,US cash open,13:30,9497399,9497399,False,US cash open,13:30,9688028,9688028,False,255,False,False,False,43,False,False,False
matched_lot,btcusdt_microprice_20260415_12_5h_5sessions_hs2.00_rq5000,2026-04-15 12:00,2026-04-15 16:00,btcusdt_microprice_20260415_12_5h_5sessions_hs2.00_rq5000:2026-04-15 16:00:fill-000009:fill-000017:95,fill-000009,fill-000017,sell,buy,1776269297399,1776269488030,1776269488030,190631,0.0002180210157618213660245183839,-0.01641551302521891418563922905,-0.009963560420315236427320490144,0.006451952604903677758318738910,-0.01040178266199649737302977210,-75.29325999999999999999999998,US cash open,13:30,9688030,9688030,False,US cash open,13:30,9497399,9497399,False,US cash open,13:30,9688030,9688030,False,258,False,False,False,46,False,False,False
matched_lot,btcusdt_microprice_20260415_12_5h_5sessions_hs2.00_rq5000,2026-04-15 12:00,2026-04-15 16:00,btcusdt_microprice_20260415_12_5h_5sessions_hs2.00_rq5000:2026-04-15 16:00:fill-000010:fill-000017:96,fill-000010,fill-000017,sell,buy,1776269297437,1776269488030,1776269488030,190593,0.00014000,-0.01054105640000000000000000000,-0.0063980000000000,0.004143056400000000000000000000,-0.0066794000000000,-75.293260000000000000000,US cash open,13:30,9688030,9688030,False,US cash open,13:30,9497437,9497437,False,US cash open,13:30,9688030,9688030,False,256,False,False,False,44,False,False,False
matched_lot,btcusdt_microprice_20260415_12_5h_5sessions_hs2.00_rq5000,2026-04-15 12:00,2026-04-15 16:00,btcusdt_microprice_20260415_12_5h_5sessions_hs2.00_rq5000:2026-04-15 16:00:fill-000011:fill-000017:97,fill-000011,fill-000017,sell,buy,1776269297498,1776269488030,1776269488030,190532,0.0000900000000000000000000000049,-0.006776393400000000000000000369,-0.004113000000000000000000000224,0.002663393400000000000000000145,-0.004293900000000000000000000234,-75.29326000000000000000000000,US cash open,13:30,9688030,9688030,False,US cash open,13:30,9497498,9497498,False,US cash open,13:30,9688030,9688030,False,257,False,False,False,45,False,False,False
matched_lot,btcusdt_microprice_20260415_12_5h_5sessions_hs2.00_rq5000,2026-04-15 12:00,2026-04-15 16:00,btcusdt_microprice_20260415_12_5h_5sessions_hs2.00_rq5000:2026-04-15 16:00:fill-000011:fill-000018:98,fill-000011,fill-000018,sell,buy,1776269297498,1776269526701,1776269526701,229203,0.0000199999999999999999999999951,-0.0007575155599999999999999998139,-0.0001657999999999999999999999594,0.0005917155599999999999999998545,-0.0002059999999999999999999999496,-37.87577799999999999999999997,US cash open,13:30,9726701,9726701,False,US cash open,13:30,9497498,9497498,False,US cash open,13:30,9726701,9726701,False,324,False,False,False,54,False,False,False
matched_lot,btcusdt_microprice_20260415_12_5h_5sessions_hs2.00_rq5000,2026-04-15 12:00,2026-04-15 16:00,btcusdt_microprice_20260415_12_5h_5sessions_hs2.00_rq5000:2026-04-15 16:00:fill-000013:fill-000018:99,fill-000013,fill-000018,sell,buy,1776269342758,1776269526701,1776269526701,183943,0.00007000000000000000000000000024,-0.002671600400000000000000000010,-0.0006006000000000000000000000021,0.002071000400000000000000000008,-0.0008813000000000000000000000031,-38.16572000000000000000000001,US cash open,13:30,9726701,9726701,False,US cash open,13:30,9542758,9542758,False,US cash open,13:30,9726701,9726701,False,322,False,False,False,52,False,False,False
matched_lot,btcusdt_microprice_20260415_12_5h_5sessions_hs2.00_rq5000,2026-04-15 12:00,2026-04-15 16:00,btcusdt_microprice_20260415_12_5h_5sessions_hs2.00_rq5000:2026-04-15 16:00:fill-000015:fill-000018:100,fill-000015,fill-000018,sell,buy,1776269430936,1776269526701,1776269526701,95765,0.0001900000000000000000000000047,-0.007694098260000000000000000191,-0.002072900000000000000000000051,0.005621198260000000000000000140,-0.002834800000000000000000000069,-40.49525400000000000000000000,US cash open,13:30,9726701,9726701,False,US cash open,13:30,9630936,9630936,False,US cash open,13:30,9726701,9726701,False,318,False,False,False,50,False,False,False
matched_lot,btcusdt_microprice_20260415_12_5h_5sessions_hs2.00_rq5000,2026-04-15 12:00,2026-04-15 16:00,btcusdt_microprice_20260415_12_5h_5sessions_hs2.00_rq5000:2026-04-15 16:00:fill-000015:fill-000019:101,fill-000015,fill-000019,sell,buy,1776269430936,1776269526965,1776269526965,96029,0.00014000,-0.005306663040000000000000000000,-0.0011648000000000,0.004141863040000000000000000000,-0.0014462000000000,-37.9047360000000000000000,US cash open,13:30,9726965,9726965,False,US cash open,13:30,9630936,9630936,False,US cash open,13:30,9726965,9726965,False,323,False,False,False,53,False,False,False
matched_lot,btcusdt_microprice_20260415_12_5h_5sessions_hs2.00_rq5000,2026-04-15 12:00,2026-04-15 16:00,btcusdt_microprice_20260415_12_5h_5sessions_hs2.00_rq5000:2026-04-15 16:00:fill-000015:fill-000024:102,fill-000015,fill-000024,sell,buy,1776269430936,1776270102815,1776270102815,671879,0.00007000,-0.01370644170000000000000000000,-0.0116333000000000,0.002073141700000000000000000000,-0.0119140000000000,-195.806310000000000000000,US cash open,13:30,10302815,10302815,False,US cash open,13:30,9630936,9630936,False,US cash open,13:30,10302815,10302815,False,131,False,False,False,19,False,False,False
matched_lot,btcusdt_microprice_20260415_12_5h_5sessions_hs2.00_rq5000,2026-04-15 12:00,2026-04-15 16:00,btcusdt_microprice_20260415_12_5h_5sessions_hs2.00_rq5000:2026-04-15 16:00:fill-000015:fill-000026:103,fill-000015,fill-000026,sell,buy,1776269430936,1776270630786,1776270630786,1199850,0.0005999999999999999999999999953,-0.09235076039999999999999999928,-0.07458599999999999999999999942,0.01776476039999999999999999986,-0.07579799999999999999999999941,-153.9179340000000000000000000,US cash open,13:30,10830786,10830786,False,US cash open,13:30,9630936,9630936,False,US cash open,13:30,10830786,10830786,False,162,False,False,False,25,False,False,False
matched_lot,btcusdt_microprice_20260415_12_5h_5sessions_hs2.00_rq5000,2026-04-15 12:00,2026-04-15 16:00,btcusdt_microprice_20260415_12_5h_5sessions_hs2.00_rq5000:2026-04-15 16:00:fill-000020:fill-000026:104,fill-000020,fill-000026,sell,buy,1776269725385,1776270630786,1776270630786,905401,0.0000500000000000000000000000047,-0.001523131500000000000000000143,-0.00004150000000000000000000000390,0.001481631500000000000000000139,0.0002275000000000000000000000214,-30.46263000000000000000000000,US cash open,13:30,10830786,10830786,False,US cash open,13:30,9925385,9925385,False,US cash open,13:30,10830786,10830786,False,335,False,False,False,57,False,False,False
matched_lot,btcusdt_microprice_20260415_12_5h_5sessions_hs2.00_rq5000,2026-04-15 12:00,2026-04-15 16:00,btcusdt_microprice_20260415_12_5h_5sessions_hs2.00_rq5000:2026-04-15 16:00:fill-000020:fill-000028:105,fill-000020,fill-000028,sell,buy,1776269725385,1776271145703,1776271145703,1420318,0.0001299999999999999999999999953,-0.001360922159999999999999999951,0.002490799999999999999999999910,0.003851722159999999999999999861,0.002931499999999999999999999894,-10.46863200000000000000000000,US cash open,13:30,11345703,11345703,False,US cash open,13:30,9925385,9925385,False,US cash open,13:30,11345703,11345703,False,381,False,False,False,62,False,False,False
matched_lot,btcusdt_microprice_20260415_12_5h_5sessions_hs2.00_rq5000,2026-04-15 12:00,2026-04-15 16:00,btcusdt_microprice_20260415_12_5h_5sessions_hs2.00_rq5000:2026-04-15 16:00:fill-000021:fill-000028:106,fill-000021,fill-000028,sell,buy,1776269725451,1776271145703,1776271145703,1420252,0.00016000,-0.00167498112000000000,0.0030656000000000,0.00474058112000000000,0.0027440000000000,-10.468632000000,US cash open,13:30,11345703,11345703,False,US cash open,13:30,9925451,9925451,False,US cash open,13:30,11345703,11345703,False,382,False,False,False,63,False,False,False
matched_lot,btcusdt_microprice_20260415_12_5h_5sessions_hs2.00_rq5000,2026-04-15 12:00,2026-04-15 16:00,btcusdt_microprice_20260415_12_5h_5sessions_hs2.00_rq5000:2026-04-15 16:00:fill-000022:fill-000028:107,fill-000022,fill-000028,sell,buy,1776269725609,1776271145703,1776271145703,1420094,0.00008000,-0.00083749056000000000,0.0015328000000000,0.00237029056000000000,0.0013720000000000,-10.468632000000,US cash open,13:30,11345703,11345703,False,US cash open,13:30,9925609,9925609,False,US cash open,13:30,11345703,11345703,False,383,False,False,False,64,False,False,False
matched_lot,btcusdt_microprice_20260415_12_5h_5sessions_hs2.00_rq5000,2026-04-15 12:00,2026-04-15 16:00,btcusdt_microprice_20260415_12_5h_5sessions_hs2.00_rq5000:2026-04-15 16:00:fill-000023:fill-000028:108,fill-000023,fill-000028,sell,buy,1776269913864,1776271145703,1776271145703,1231839,0.0001400000000000000000000000014,-0.01030484028000000000000000010,-0.006158600000000000000000000062,0.004146240280000000000000000041,-0.006461000000000000000000000065,-73.60600199999999999999999998,US cash open,13:30,11345703,11345703,False,US cash open,13:30,10113864,10113864,False,US cash open,13:30,11345703,11345703,False,263,False,False,False,47,False,False,False
matched_lot,btcusdt_microprice_20260415_12_5h_5sessions_hs2.00_rq5000,2026-04-15 12:00,2026-04-15 16:00,btcusdt_microprice_20260415_12_5h_5sessions_hs2.00_rq5000:2026-04-15 16:00:fill-000025:fill-000028:109,fill-000025,fill-000028,sell,buy,1776270196265,1776271145703,1776271145703,949438,0.0001900000000000000000000000033,0.001969768000000000000000000034,0.007600000000000000000000000132,0.005630232000000000000000000098,0.007218100000000000000000000125,10.36720000000000000000000000,US cash open,13:30,11345703,11345703,False,US cash open,13:30,10396265,10396265,False,US cash open,13:30,11345703,11345703,False,418,False,False,False,67,False,False,False
matched_lot,btcusdt_microprice_20260415_12_5h_5sessions_hs2.00_rq5000,2026-04-15 12:00,2026-04-15 16:00,btcusdt_microprice_20260415_12_5h_5sessions_hs2.00_rq5000:2026-04-15 16:00:fill-000025:fill-000031:110,fill-000025,fill-000031,sell,buy,1776270196265,1776271358965,1776271358965,1162700,0.0008099999999999999999999999967,0.1072371959999999999999999996,0.1312199999999999999999999995,0.02398280399999999999999999990,0.1295918999999999999999999995,132.3916000000000000000000000,US cash open,13:30,11558965,11558965,False,US cash open,13:30,10396265,10396265,False,US cash open,13:30,11558965,11558965,False,543,False,False,False,89,False,False,False
matched_lot,btcusdt_microprice_20260415_12_5h_5sessions_hs2.00_rq5000,2026-04-15 12:00,2026-04-15 16:00,btcusdt_microprice_20260415_12_5h_5sessions_hs2.00_rq5000:2026-04-15 16:00:fill-000027:fill-000031:111,fill-000027,fill-000031,sell,buy,1776270897965,1776271358965,1776271358965,461000,0.0001900000000000000000000000033,0.009957444000000000000000000172,0.01558000000000000000000000027,0.005622556000000000000000000098,0.01501570000000000000000000026,52.40760000000000000000000000,US cash open,13:30,11558965,11558965,False,US cash open,13:30,11097965,11097965,False,US cash open,13:30,11558965,11558965,False,467,False,False,False,74,False,False,False
matched_lot,btcusdt_microprice_20260415_12_5h_5sessions_hs2.00_rq5000,2026-04-15 12:00,2026-04-15 16:00,btcusdt_microprice_20260415_12_5h_5sessions_hs2.00_rq5000:2026-04-15 16:00:fill-000027:fill-000033:112,fill-000027,fill-000033,sell,buy,1776270897965,1776271578802,1776271578802,680837,0.00031000,0.01777186104000000000000000000,0.0269452000000000,0.009173338959999999999999999999,0.0260245000000000,57.328584000000000000000,US cash close,20:00,-11621198,11621198,False,US cash open,13:30,11097965,11097965,False,US cash close,20:00,-11621198,11621198,False,475,False,False,False,76,False,False,False
matched_lot,btcusdt_microprice_20260415_12_5h_5sessions_hs2.00_rq5000,2026-04-15 12:00,2026-04-15 16:00,btcusdt_microprice_20260415_12_5h_5sessions_hs2.00_rq5000:2026-04-15 16:00:fill-000027:fill-000036:113,fill-000027,fill-000036,sell,buy,1776270897965,1776272237450,1776272237450,1339485,0.0003099148882602762568084265499,0.02926402385869462234594499902,0.03843254529315685860681297645,0.009168521434462236260867977434,0.03751209807502383812409194960,94.42600200000000000000000001,US cash close,20:00,-10962550,10962550,False,US cash open,13:30,11097965,11097965,False,US cash close,20:00,-10962550,10962550,False,520,False,False,False,84,False,False,False
matched_lot,btcusdt_microprice_20260416_12_5h_5sessions_hs2.00_rq5000,2026-04-16 12:00,2026-04-16 12:00,btcusdt_microprice_20260416_12_5h_5sessions_hs2.00_rq5000:2026-04-16 12:00:fill-000001:fill-000003:1,fill-000001,fill-000003,sell,buy,1776340857816,1776341111091,1776341111091,253275,0.00007000,-0.00916068986000000000,-0.0070693000000000,0.00209138986000000000,-0.0072100000000000,-130.866998000000,US cash open,13:30,-5088909,5088909,False,US cash open,13:30,-5342184,5342184,False,US cash open,13:30,-5088909,5088909,False,184,False,False,False,29,False,False,False
matched_lot,btcusdt_microprice_20260416_12_5h_5sessions_hs2.00_rq5000,2026-04-16 12:00,2026-04-16 12:00,btcusdt_microprice_20260416_12_5h_5sessions_hs2.00_rq5000:2026-04-16 12:00:fill-000001:fill-000004:2,fill-000001,fill-000004,sell,buy,1776340857816,1776341162688,1776341162688,304872,0.00010869352663519892110586648,-0.009790987012194875252865811925,-0.006544437238705327039784220761,0.003246549773489548213081591164,-0.006762911227242076871207012385,-90.07884200000000000000000000,US cash open,13:30,-5037312,5037312,False,US cash open,13:30,-5342184,5342184,False,US cash open,13:30,-5037312,5037312,False,236,False,False,False,34,False,False,False
matched_lot,btcusdt_microprice_20260416_12_5h_5sessions_hs2.00_rq5000,2026-04-16 12:00,2026-04-16 12:00,btcusdt_microprice_20260416_12_5h_5sessions_hs2.00_rq5000:2026-04-16 12:00:fill-000001:fill-000005:3,fill-000001,fill-000005,sell,buy,1776340857816,1776341259444,1776341259444,401628,0.00082130647336480107889413352,-0.02616452458327714093054619037,-0.001642612946729602157788267040,0.02452191163654753877275792333,-0.001650826011463250168577208376,-31.85720000000000000000000000,US cash open,13:30,-4940556,4940556,False,US cash open,13:30,-5342184,5342184,False,US cash open,13:30,-4940556,4940556,False,332,False,False,False,50,False,False,False
matched_lot,btcusdt_microprice_20260416_12_5h_5sessions_hs2.00_rq5000,2026-04-16 12:00,2026-04-16 12:00,btcusdt_microprice_20260416_12_5h_5sessions_hs2.00_rq5000:2026-04-16 12:00:fill-000002:fill-000005:4,fill-000002,fill-000005,sell,buy,1776340933304,1776341259444,1776341259444,326140,0.00007000,-0.00007793450000000000,0.0020125000000000,0.00209043450000000000,0.0018718000000000,-1.113350000000,US cash open,13:30,-4940556,4940556,False,US cash open,13:30,-5266696,5266696,False,US cash open,13:30,-4940556,4940556,False,400,False,False,False,67,False,False,False
matched_lot,btcusdt_microprice_20260416_12_5h_5sessions_hs2.00_rq5000,2026-04-16 12:00,2026-04-16 12:00,btcusdt_microprice_20260416_12_5h_5sessions_hs2.00_rq5000:2026-04-16 12:00:fill-000005:fill-000010:5,fill-000005,fill-000010,buy,sell,1776341259444,1776343373219,1776343373219,2113775,0.00010869352663519892110586648,-0.005201420023600809170600134534,-0.001956483479433580579905596640,0.003244936544167228590694537894,-0.001957570414699932569116655304,-47.85400000000000000000000000,US cash open,13:30,-2826781,2826781,False,US cash open,13:30,-4940556,4940556,False,US cash open,13:30,-2826781,2826781,False,303,False,False,False,42,False,False,False
matched_lot,btcusdt_microprice_20260416_12_5h_5sessions_hs2.00_rq5000,2026-04-16 12:00,2026-04-16 12:00,btcusdt_microprice_20260416_12_5h_5sessions_hs2.00_rq5000:2026-04-16 12:00:fill-000006:fill-000010:6,fill-000006,fill-000010,buy,sell,1776341636401,1776343373219,1776343373219,1736818,0.00024000,-0.03617869776000000000,-0.0290088000000000,0.00716989776000000000,-0.0294912000000000,-150.744574000000,US cash open,13:30,-2826781,2826781,False,US cash open,13:30,-4563599,4563599,False,US cash open,13:30,-2826781,2826781,False,168,False,False,False,27,False,False,False
matched_lot,btcusdt_microprice_20260416_12_5h_5sessions_hs2.00_rq5000,2026-04-16 12:00,2026-04-16 12:00,btcusdt_microprice_20260416_12_5h_5sessions_hs2.00_rq5000:2026-04-16 12:00:fill-000007:fill-000010:7,fill-000007,fill-000010,buy,sell,1776341895766,1776343373219,1776343373219,1477453,0.00007000,-0.01277016370000000000,-0.0106785000000000,0.00209166370000000000,-0.0108192000000000,-182.430910000000,US cash open,13:30,-2826781,2826781,False,US cash open,13:30,-4304234,4304234,False,US cash open,13:30,-2826781,2826781,False,138,False,False,False,23,False,False,False
matched_lot,btcusdt_microprice_20260416_12_5h_5sessions_hs2.00_rq5000,2026-04-16 12:00,2026-04-16 12:00,btcusdt_microprice_20260416_12_5h_5sessions_hs2.00_rq5000:2026-04-16 12:00:fill-000008:fill-000010:8,fill-000008,fill-000010,buy,sell,1776342043269,1776343373219,1776343373219,1329950,0.00058130647336480107889413352,-0.09603035520664868509777478199,-0.07866239197572488199595414793,0.01736796323092380310182063406,-0.07983081798718813216453135631,-165.1974640000000000000000000,US cash open,13:30,-2826781,2826781,False,US cash open,13:30,-4156731,4156731,False,US cash open,13:30,-2826781,2826781,False,150,False,False,False,24,False,False,False
matched_lot,btcusdt_microprice_20260416_12_5h_5sessions_hs2.00_rq5000,2026-04-16 12:00,2026-04-16 12:00,btcusdt_microprice_20260416_12_5h_5sessions_hs2.00_rq5000:2026-04-16 12:00:fill-000008:fill-000014:9,fill-000008,fill-000014,buy,sell,1776342043269,1776344253281,1776344253281,2210012,0.00041869352663519892110586648,-0.08191796293369521240728253406,-0.06941101284558327714093054505,0.01250695008811193526635198901,-0.07108997388739042481456506963,-195.6513720000000000000000000,US cash open,13:30,-1946719,1946719,False,US cash open,13:30,-4156731,4156731,False,US cash open,13:30,-1946719,1946719,False,133,False,False,False,21,False,False,False
matched_lot,btcusdt_microprice_20260416_12_5h_5sessions_hs2.00_rq5000,2026-04-16 12:00,2026-04-16 12:00,btcusdt_microprice_20260416_12_5h_5sessions_hs2.00_rq5000:2026-04-16 12:00:fill-000009:fill-000014:10,fill-000009,fill-000014,buy,sell,1776343111115,1776344253281,1776344253281,1142166,0.00016130647336480107889413352,-0.02046134126907956844234659560,-0.01564511485165205664194201010,0.004816226417427511800404585505,-0.01629195380984490896830748552,-126.8476139999999999999999999,US cash open,13:30,-1946719,1946719,False,US cash open,13:30,-3088885,3088885,False,US cash open,13:30,-1946719,1946719,False,189,False,False,False,30,False,False,False
matched_lot,btcusdt_microprice_20260416_12_5h_5sessions_hs2.00_rq5000,2026-04-16 12:00,2026-04-16 13:00,btcusdt_microprice_20260416_12_5h_5sessions_hs2.00_rq5000:2026-04-16 13:00:fill-000001:fill-000002:11,fill-000001,fill-000002,buy,sell,1776344428020,1776344600669,1776344600669,172649,0.00007000,0.00047236672000000000,0.0025620000000000,0.00208963328000000000,0.0022813000000000,6.748096000000,US cash open,13:30,-1599331,1599331,True,US cash open,13:30,-1771980,1771980,True,US cash open,13:30,-1599331,1599331,True,410,False,False,False,71,False,False,False
matched_lot,btcusdt_microprice_20260416_12_5h_5sessions_hs2.00_rq5000,2026-04-16 12:00,2026-04-16 13:00,btcusdt_microprice_20260416_12_5h_5sessions_hs2.00_rq5000:2026-04-16 13:00:fill-000001:fill-000003:12,fill-000001,fill-000003,buy,sell,1776344428020,1776344697734,1776344697734,269714,0.00001000,-0.00009308692000000000,0.0002054000000000,0.00029848692000000000,0.0001653000000000,-9.308692000000,US cash open,13:30,-1502266,1502266,True,US cash open,13:30,-1771980,1771980,True,US cash open,13:30,-1502266,1502266,True,386,False,False,False,61,False,False,False
matched_lot,btcusdt_microprice_20260416_12_5h_5sessions_hs2.00_rq5000,2026-04-16 12:00,2026-04-16 13:00,btcusdt_microprice_20260416_12_5h_5sessions_hs2.00_rq5000:2026-04-16 13:00:fill-000003:fill-000005:13,fill-000003,fill-000005,sell,buy,1776344697734,1776344944115,1776344944115,246381,0.00007000,-0.00959939764000000000,-0.0075082000000000,0.00209119764000000000,-0.0077007000000000,-137.134252000000,US cash open,13:30,-1255885,1255885,True,US cash open,13:30,-1502266,1502266,True,US cash open,13:30,-1255885,1255885,True,178,False,False,False,28,False,False,False
matched_lot,btcusdt_microprice_20260416_12_5h_5sessions_hs2.00_rq5000,2026-04-16 12:00,2026-04-16 13:00,btcusdt_microprice_20260416_12_5h_5sessions_hs2.00_rq5000:2026-04-16 13:00:fill-000003:fill-000010:14,fill-000003,fill-000010,sell,buy,1776344697734,1776346411194,1776346411194,1713460,0.0004700000000000000000000000000,-0.1061692400000000000000000000,-0.09212000000000000000000000000,0.0140492400000000000000000,-0.09328560000000000000000000000,-225.892,US cash open,13:30,211194,211194,True,US cash open,13:30,-1502266,1502266,True,US cash open,13:30,211194,211194,True,104,False,False,False,15,False,False,False
matched_lot,btcusdt_microprice_20260416_12_5h_5sessions_hs2.00_rq5000,2026-04-16 12:00,2026-04-16 13:00,btcusdt_microprice_20260416_12_5h_5sessions_hs2.00_rq5000:2026-04-16 13:00:fill-000003:fill-000011:15,fill-000003,fill-000011,sell,buy,1776344697734,1776346414109,1776346414109,1716375,0.0004500000000000000000000000000,-0.1016514000000000000000000000,-0.08820000000000000000000000000,0.01345140,-0.09068850000000000000000000000,-225.892,US cash open,13:30,214109,214109,True,US cash open,13:30,-1502266,1502266,True,US cash open,13:30,214109,214109,True,105,False,False,False,16,False,False,False
matched_lot,btcusdt_microprice_20260416_12_5h_5sessions_hs2.00_rq5000,2026-04-16 12:00,2026-04-16 13:00,btcusdt_microprice_20260416_12_5h_5sessions_hs2.00_rq5000:2026-04-16 13:00:fill-000004:fill-000011:16,fill-000004,fill-000011,sell,buy,1776344841401,1776346414109,1776346414109,1572708,0.0000800000000000000000000000000,-0.01247248000000000000000000000,-0.01008000000000000000000000000,0.002392480000000000000000000000,-0.01052240000000000000000000000,-155.906,US cash open,13:30,214109,214109,True,US cash open,13:30,-1358599,1358599,True,US cash open,13:30,214109,214109,True,160,False,False,False,25,False,False,False
matched_lot,btcusdt_microprice_20260416_12_5h_5sessions_hs2.00_rq5000,2026-04-16 12:00,2026-04-16 13:00,btcusdt_microprice_20260416_12_5h_5sessions_hs2.00_rq5000:2026-04-16 13:00:fill-000004:fill-000013:17,fill-000004,fill-000013,sell,buy,1776344841401,1776346541924,1776346541924,1700523,0.00006991941673062164236377590176,-0.006174757371312356101304681504,-0.004084692325402916346891788181,0.002090065045909439754412893323,-0.004293751381427475057559478127,-88.31248400000000000000000000,US cash open,13:30,341924,341924,True,US cash open,13:30,-1358599,1358599,True,US cash open,13:30,341924,341924,True,239,False,False,False,35,False,False,False
matched_lot,btcusdt_microprice_20260416_12_5h_5sessions_hs2.00_rq5000,2026-04-16 12:00,2026-04-16 13:00,btcusdt_microprice_20260416_12_5h_5sessions_hs2.00_rq5000:2026-04-16 13:00:fill-000004:fill-000014:18,fill-000004,fill-000014,sell,buy,1776344841401,1776346618671,1776346618671,1777270,0.0002598707629520462532592676567,-0.005735149716830291350187053623,0.002029590658655481237954880399,0.007764740375485772588141934022,0.001099253327287155651286702188,-22.06923800000000000000000001,US cash open,13:30,418671,418671,True,US cash open,13:30,-1358599,1358599,True,US cash open,13:30,418671,418671,True,361,False,False,False,56,False,False,False
matched_lot,btcusdt_microprice_20260416_12_5h_5sessions_hs2.00_rq5000,2026-04-16 12:00,2026-04-16 13:00,btcusdt_microprice_20260416_12_5h_5sessions_hs2.00_rq5000:2026-04-16 13:00:fill-000004:fill-000015:19,fill-000004,fill-000015,sell,buy,1776344841401,1776346787844,1776346787844,1946443,0.0005902098203173321043769564415,0.03077684638675911361666322857,0.04840310736422440587995419777,0.01762626097746529226329096920,0.04699840799186915547153704143,52.14560200000000000000000000,US cash open,13:30,587844,587844,True,US cash open,13:30,-1358599,1358599,True,US cash open,13:30,587844,587844,True,464,False,False,False,81,False,False,False
matched_lot,btcusdt_microprice_20260416_12_5h_5sessions_hs2.00_rq5000,2026-04-16 12:00,2026-04-16 13:00,btcusdt_microprice_20260416_12_5h_5sessions_hs2.00_rq5000:2026-04-16 13:00:fill-000006:fill-000015:20,fill-000006,fill-000015,sell,buy,1776345187617,1776346787844,1776346787844,1600227,0.0000597901796826678956230435585,0.007340528490365989798119206043,0.009126970928559254266857599205,0.001786442438193264468738393162,0.008984670300914504675274755536,122.7714740000000000000000000,US cash open,13:30,587844,587844,True,US cash open,13:30,-1012383,1012383,True,US cash open,13:30,587844,587844,True,538,False,False,False,91,False,False,False
matched_lot,btcusdt_microprice_20260416_12_5h_5sessions_hs2.00_rq5000,2026-04-16 12:00,2026-04-16 13:00,btcusdt_microprice_20260416_12_5h_5sessions_hs2.00_rq5000:2026-04-16 13:00:fill-000006:fill-000016:21,fill-000006,fill-000016,sell,buy,1776345187617,1776346896678,1776346896678,1709061,0.00021000,0.01883592060000000000000000000,0.0251118000000000,0.006275879400000000000000000000,0.0242697000000000,89.694860000000000000000,US cash open,13:30,696678,696678,True,US cash open,13:30,-1012383,1012383,True,US cash open,13:30,696678,696678,True,514,False,False,False,86,False,False,False
matched_lot,btcusdt_microprice_20260416_12_5h_5sessions_hs2.00_rq5000,2026-04-16 12:00,2026-04-16 13:00,btcusdt_microprice_20260416_12_5h_5sessions_hs2.00_rq5000:2026-04-16 13:00:fill-000006:fill-000019:22,fill-000006,fill-000019,sell,buy,1776345187617,1776347121591,1776347121591,1933974,0.0000402098203173321043769564415,0.007188417018769348210851398275,0.008389376911008170257208191955,0.001200959892238822046356793680,0.008228135531535668518656596625,178.7726720000000000000000000,US cash open,13:30,921591,921591,True,US cash open,13:30,-1012383,1012383,True,US cash open,13:30,921591,921591,True,576,False,False,False,103,False,False,False
matched_lot,btcusdt_microprice_20260416_12_5h_5sessions_hs2.00_rq5000,2026-04-16 12:00,2026-04-16 13:00,btcusdt_microprice_20260416_12_5h_5sessions_hs2.00_rq5000:2026-04-16 13:00:fill-000007:fill-000019:23,fill-000007,fill-000019,sell,buy,1776345510955,1776347121591,1776347121591,1610636,0.00028000,0.07647186400000000000,0.0848400000000000,0.00836813600000000000,0.0837172000000000,273.113800000000,US cash open,13:30,921591,921591,True,US cash open,13:30,-689045,689045,True,US cash open,13:30,921591,921591,True,627,False,False,False,115,False,False,False
matched_lot,btcusdt_microprice_20260416_12_5h_5sessions_hs2.00_rq5000,2026-04-16 12:00,2026-04-16 13:00,btcusdt_microprice_20260416_12_5h_5sessions_hs2.00_rq5000:2026-04-16 13:00:fill-000008:fill-000019:24,fill-000008,fill-000019,sell,buy,1776346060452,1776347121591,1776347121591,1061139,0.00053000,0.18979130400000000000,0.2056400000000000,0.01584869600000000000,0.2035147000000000,358.096800000000,US cash open,13:30,921591,921591,True,US cash open,13:30,-139548,139548,True,US cash open,13:30,921591,921591,True,664,False,False,False,131,False,False,False
matched_lot,btcusdt_microprice_20260416_12_5h_5sessions_hs2.00_rq5000,2026-04-16 12:00,2026-04-16 13:00,btcusdt_microprice_20260416_12_5h_5sessions_hs2.00_rq5000:2026-04-16 13:00:fill-000009:fill-000019:25,fill-000009,fill-000019,sell,buy,1776346060454,1776347121591,1776347121591,1061137,0.0001497901796826678956230435585,0.05363938401578838888534590456,0.05811858971687514350174090070,0.004479205701086754616394996139,0.05751793109634764524029249604,358.0968000000000000000000000,US cash open,13:30,921591,921591,True,US cash open,13:30,-139546,139546,True,US cash open,13:30,921591,921591,True,665,False,False,False,132,False,False,False
matched_lot,btcusdt_microprice_20260416_12_5h_5sessions_hs2.00_rq5000,2026-04-16 12:00,2026-04-16 13:00,btcusdt_microprice_20260416_12_5h_5sessions_hs2.00_rq5000:2026-04-16 13:00:fill-000009:fill-000020:26,fill-000009,fill-000020,sell,buy,1776346060454,1776347127240,1776347127240,1066786,0.0003202098203173321043769564415,0.1180610149243944041651111129,0.1276356343784885768046548376,0.009574619454094172639543724713,0.1263515929990160750661032422,368.6989200000000000000000001,US cash open,13:30,927240,927240,True,US cash open,13:30,-139546,139546,True,US cash open,13:30,927240,927240,True,669,False,False,False,133,False,False,False
matched_lot,btcusdt_microprice_20260416_12_5h_5sessions_hs2.00_rq5000,2026-04-16 12:00,2026-04-16 13:00,btcusdt_microprice_20260416_12_5h_5sessions_hs2.00_rq5000:2026-04-16 13:00:fill-000012:fill-000020:27,fill-000012,fill-000020,sell,buy,1776346420915,1776347127240,1776347127240,706325,0.0001897901796826678956230435585,0.04227350743739928429009715965,0.04794289728963873711333703331,0.005669389852239452823239873660,0.04737732255418438678438036351,222.7381180000000000000000000,US cash open,13:30,927240,927240,True,US cash open,13:30,220915,220915,True,US cash open,13:30,927240,927240,True,602,False,False,False,108,False,False,False
matched_lot,btcusdt_microprice_20260416_12_5h_5sessions_hs2.00_rq5000,2026-04-16 12:00,2026-04-16 13:00,btcusdt_microprice_20260416_12_5h_5sessions_hs2.00_rq5000:2026-04-16 13:00:fill-000012:fill-000021:28,fill-000012,fill-000021,sell,buy,1776346420915,1776347429146,1776347429146,1008231,0.0003702820757180546583841819786,0.1429921246651375904358369452,0.1540410463194679184344035449,0.01104892165433032799856659967,0.1536781698852642248691870466,386.1707979999999999999999999,US cash open,13:30,1229146,1229146,True,US cash open,13:30,220915,220915,True,US cash open,13:30,1229146,1229146,True,677,False,False,False,134,False,False,False
matched_lot,btcusdt_microprice_20260416_12_5h_5sessions_hs2.00_rq5000,2026-04-16 12:00,2026-04-16 13:00,btcusdt_microprice_20260416_12_5h_5sessions_hs2.00_rq5000:2026-04-16 13:00:fill-000017:fill-000021:29,fill-000017,fill-000021,sell,buy,1776347015356,1776347429146,1776347429146,413790,0.00014000,0.01537705064000000000,0.0195468000000000,0.00416974936000000000,0.0192654000000000,109.836076000000,US cash open,13:30,1229146,1229146,True,US cash open,13:30,815356,815356,True,US cash open,13:30,1229146,1229146,True,532,False,False,False,90,False,False,False
matched_lot,btcusdt_microprice_20260416_12_5h_5sessions_hs2.00_rq5000,2026-04-16 12:00,2026-04-16 13:00,btcusdt_microprice_20260416_12_5h_5sessions_hs2.00_rq5000:2026-04-16 13:00:fill-000018:fill-000021:30,fill-000018,fill-000021,sell,buy,1776347109133,1776347429146,1776347429146,320013,0.0002800000000000000000000000035,0.04431738808000000000000000056,0.05265960000000000000000000066,0.008342211920000000000000000103,0.05208000000000000000000000065,158.2763860000000000000000000,US cash open,13:30,1229146,1229146,True,US cash open,13:30,909133,909133,True,US cash open,13:30,1229146,1229146,True,563,False,False,False,101,False,False,False
matched_lot,btcusdt_microprice_20260416_12_5h_5sessions_hs2.00_rq5000,2026-04-16 12:00,2026-04-16 13:00,btcusdt_microprice_20260416_12_5h_5sessions_hs2.00_rq5000:2026-04-16 13:00:fill-000021:fill-000022:31,fill-000021,fill-000022,buy,sell,1776347429146,1776347550506,1776347550506,121360,0.0002097179242819453416158180179,-0.07920760783752052107164849024,-0.07298183765011697888230467023,0.006225770187403542189343820006,-0.07400945547909851105622217852,-377.6864000000000000000000000,US cash open,13:30,1350506,1350506,True,US cash open,13:30,1229146,1229146,True,US cash open,13:30,1350506,1350506,True,49,False,False,True,1,True,True,True
matched_lot,btcusdt_microprice_20260416_12_5h_5sessions_hs2.00_rq5000,2026-04-16 12:00,2026-04-16 13:00,btcusdt_microprice_20260416_12_5h_5sessions_hs2.00_rq5000:2026-04-16 13:00:fill-000022:fill-000023:32,fill-000022,fill-000023,sell,buy,1776347550506,1776347646869,1776347646869,96363,0.0007902820757180546583841819821,0.2579910608592921026700130984,0.2813404189556274583847687856,0.02334935809633535571475568717,0.2758874726331728812419179299,326.4543999999999999999999999,US cash open,13:30,1446869,1446869,True,US cash open,13:30,1350506,1350506,True,US cash open,13:30,1446869,1446869,True,652,False,False,False,127,False,False,False
matched_lot,btcusdt_microprice_20260416_12_5h_5sessions_hs2.00_rq5000,2026-04-16 12:00,2026-04-16 13:00,btcusdt_microprice_20260416_12_5h_5sessions_hs2.00_rq5000:2026-04-16 13:00:fill-000023:fill-000028:33,fill-000023,fill-000028,buy,sell,1776347646869,1776347897491,1776347897491,250622,0.0002097179242819453416158180179,0.000947673356245254609693558460,0.007130409425586141614937812609,0.006182736069340887005244254149,0.006708876397779431478290018393,4.518800000000000000000000003,US cash open,13:30,1697491,1697491,True,US cash open,13:30,1446869,1446869,True,US cash open,13:30,1697491,1697491,True,405,False,False,False,69,False,False,False
matched_lot,btcusdt_microprice_20260416_12_5h_5sessions_hs2.00_rq5000,2026-04-16 12:00,2026-04-16 13:00,btcusdt_microprice_20260416_12_5h_5sessions_hs2.00_rq5000:2026-04-16 13:00:fill-000024:fill-000028:34,fill-000024,fill-000028,buy,sell,1776347657746,1776347897491,1776347897491,239745,0.00014000,0.00931436800000000000,0.0134400000000000,0.00412563200000000000,0.0131586000000000,66.531200000000,US cash open,13:30,1697491,1697491,True,US cash open,13:30,1457746,1457746,True,US cash open,13:30,1697491,1697491,True,487,False,False,False,83,False,False,False
matched_lot,btcusdt_microprice_20260416_12_5h_5sessions_hs2.00_rq5000,2026-04-16 12:00,2026-04-16 13:00,btcusdt_microprice_20260416_12_5h_5sessions_hs2.00_rq5000:2026-04-16 13:00:fill-000025:fill-000028:35,fill-000025,fill-000028,buy,sell,1776347689092,1776347897491,1776347897491,208399,0.0006502820757180546583841819821,0.08619124755680412386273637031,0.1053456962663248546582374811,0.01915444870952073079550111079,0.1040386292941315647948852753,132.5444000000000000000000000,US cash open,13:30,1697491,1697491,True,US cash open,13:30,1489092,1489092,True,US cash open,13:30,1697491,1697491,True,544,False,False,False,94,False,False,False
matched_lot,btcusdt_microprice_20260416_12_5h_5sessions_hs2.00_rq5000,2026-04-16 12:00,2026-04-16 14:00,btcusdt_microprice_20260416_12_5h_5sessions_hs2.00_rq5000:2026-04-16 14:00:fill-000001:fill-000006:36,fill-000001,fill-000006,sell,buy,1776348090183,1776348422865,1776348422865,332682,0.00007000,-0.01428775054000000000,-0.0122241000000000,0.00206365054000000000,-0.0123648000000000,-204.110722000000,US cash open,13:30,2222865,2222865,False,US cash open,13:30,1890183,1890183,False,US cash open,13:30,2222865,2222865,False,124,False,False,False,20,False,False,False
matched_lot,btcusdt_microprice_20260416_12_5h_5sessions_hs2.00_rq5000,2026-04-16 12:00,2026-04-16 14:00,btcusdt_microprice_20260416_12_5h_5sessions_hs2.00_rq5000:2026-04-16 14:00:fill-000001:fill-000008:37,fill-000001,fill-000008,sell,buy,1776348090183,1776348529818,1776348529818,439635,0.00001000,-0.00297009298000000000,-0.0026751000000000,0.00029499298000000000,-0.0026752000000000,-297.009298000000,US cash open,13:30,2329818,2329818,False,US cash open,13:30,1890183,1890183,False,US cash open,13:30,2329818,2329818,False,68,False,False,True,7,False,True,True
matched_lot,btcusdt_microprice_20260416_12_5h_5sessions_hs2.00_rq5000,2026-04-16 12:00,2026-04-16 14:00,btcusdt_microprice_20260416_12_5h_5sessions_hs2.00_rq5000:2026-04-16 14:00:fill-000002:fill-000008:38,fill-000002,fill-000008,sell,buy,1776348090595,1776348529818,1776348529818,439223,0.00069000,-0.20493641562000000000,-0.1845819000000000,0.02035451562000000000,-0.1845888000000000,-297.009298000000,US cash open,13:30,2329818,2329818,False,US cash open,13:30,1890595,1890595,False,US cash open,13:30,2329818,2329818,False,69,False,False,True,8,False,False,True
matched_lot,btcusdt_microprice_20260416_12_5h_5sessions_hs2.00_rq5000,2026-04-16 12:00,2026-04-16 14:00,btcusdt_microprice_20260416_12_5h_5sessions_hs2.00_rq5000:2026-04-16 14:00:fill-000002:fill-000009:39,fill-000002,fill-000009,sell,buy,1776348090595,1776348644802,1776348644802,554207,0.00023000,-0.08349517454000000000,-0.0767073000000000,0.00678787454000000000,-0.0767096000000000,-363.022498000000,US cash open,13:30,2444802,2444802,False,US cash open,13:30,1890595,1890595,False,US cash open,13:30,2444802,2444802,False,50,False,False,True,2,False,True,True
matched_lot,btcusdt_microprice_20260416_12_5h_5sessions_hs2.00_rq5000,2026-04-16 12:00,2026-04-16 14:00,btcusdt_microprice_20260416_12_5h_5sessions_hs2.00_rq5000:2026-04-16 14:00:fill-000003:fill-000009:40,fill-000003,fill-000009,sell,buy,1776348111687,1776348644802,1776348644802,533115,0.00077000,-0.24141224800000000000,-0.2186800000000000,0.02273224800000000000,-0.2256562000000000,-313.522400000000,US cash open,13:30,2444802,2444802,False,US cash open,13:30,1911687,1911687,False,US cash open,13:30,2444802,2444802,False,62,False,False,True,5,False,True,True
matched_lot,btcusdt_microprice_20260416_12_5h_5sessions_hs2.00_rq5000,2026-04-16 12:00,2026-04-16 14:00,btcusdt_microprice_20260416_12_5h_5sessions_hs2.00_rq5000:2026-04-16 14:00:fill-000003:fill-000010:41,fill-000003,fill-000010,sell,buy,1776348111687,1776348648518,1776348648518,536831,0.00023000,-0.07165006000000000000,-0.0648600000000000,0.00679006000000000000,-0.0669967000000000,-311.522000000000,US cash open,13:30,2448518,2448518,False,US cash open,13:30,1911687,1911687,False,US cash open,13:30,2448518,2448518,False,63,False,False,True,6,False,True,True
matched_lot,btcusdt_microprice_20260416_12_5h_5sessions_hs2.00_rq5000,2026-04-16 12:00,2026-04-16 14:00,btcusdt_microprice_20260416_12_5h_5sessions_hs2.00_rq5000:2026-04-16 14:00:fill-000004:fill-000010:42,fill-000004,fill-000010,sell,buy,1776348342557,1776348648518,1776348648518,305961,0.0002800000000000000000000000005,-0.09946531168000000000000000017,-0.09120160000000000000000000016,0.008263711680000000000000000014,-0.09182880000000000000000000016,-355.2332560000000000000000000,US cash open,13:30,2448518,2448518,False,US cash open,13:30,2142557,2142557,False,US cash open,13:30,2448518,2448518,False,51,False,False,True,3,False,True,True
matched_lot,btcusdt_microprice_20260416_12_5h_5sessions_hs2.00_rq5000,2026-04-16 12:00,2026-04-16 14:00,btcusdt_microprice_20260416_12_5h_5sessions_hs2.00_rq5000:2026-04-16 14:00:fill-000005:fill-000010:43,fill-000005,fill-000010,sell,buy,1776348399565,1776348648518,1776348648518,248953,0.00028000,-0.05474985656000000000,-0.0464772000000000,0.00827265656000000000,-0.0471044000000000,-195.535202000000,US cash open,13:30,2448518,2448518,False,US cash open,13:30,2199565,2199565,False,US cash open,13:30,2448518,2448518,False,134,False,False,False,22,False,False,False
matched_lot,btcusdt_microprice_20260416_12_5h_5sessions_hs2.00_rq5000,2026-04-16 12:00,2026-04-16 14:00,btcusdt_microprice_20260416_12_5h_5sessions_hs2.00_rq5000:2026-04-16 14:00:fill-000007:fill-000010:44,fill-000007,fill-000010,sell,buy,1776348498509,1776348648518,1776348648518,150009,0.0002099999999999999999999999995,-0.01541182355999999999999999996,-0.009202199999999999999999999978,0.006209623559999999999999999985,-0.009254699999999999999999999978,-73.38963599999999999999999998,US cash open,13:30,2448518,2448518,False,US cash open,13:30,2298509,2298509,False,US cash open,13:30,2448518,2448518,False,264,False,False,False,38,False,False,False
matched_lot,btcusdt_microprice_20260416_12_5h_5sessions_hs2.00_rq5000,2026-04-16 12:00,2026-04-16 14:00,btcusdt_microprice_20260416_12_5h_5sessions_hs2.00_rq5000:2026-04-16 14:00:fill-000007:fill-000013:45,fill-000007,fill-000013,sell,buy,1776348498509,1776348914308,1776348914308,415799,0.00021000,0.000553468859999999999999999999,0.0067599000000000,0.006206431140000000000000000001,0.0063357000000000,2.635565999999999999999999995,US cash open,13:30,2714308,2714308,False,US cash open,13:30,2298509,2298509,False,US cash open,13:30,2714308,2714308,False,403,False,False,False,68,False,False,False
matched_lot,btcusdt_microprice_20260416_12_5h_5sessions_hs2.00_rq5000,2026-04-16 12:00,2026-04-16 14:00,btcusdt_microprice_20260416_12_5h_5sessions_hs2.00_rq5000:2026-04-16 14:00:fill-000007:fill-000014:46,fill-000007,fill-000014,sell,buy,1776348498509,1776348947386,1776348947386,448877,0.0002300000000000000000000000005,0.006124983720000000000000000016,0.01292140000000000000000000003,0.006796416280000000000000000014,0.01245910000000000000000000003,26.63036400000000000000000001,US cash open,13:30,2747386,2747386,False,US cash open,13:30,2298509,2298509,False,US cash open,13:30,2747386,2747386,False,442,False,False,False,77,False,False,False
matched_lot,btcusdt_microprice_20260416_12_5h_5sessions_hs2.00_rq5000,2026-04-16 12:00,2026-04-16 14:00,btcusdt_microprice_20260416_12_5h_5sessions_hs2.00_rq5000:2026-04-16 14:00:fill-000011:fill-000014:47,fill-000011,fill-000014,sell,buy,1776348877398,1776348947386,1776348947386,69988,0.0005166217228464419475655430779,-0.01732108750814981273408239723,-0.002061320674157303370786516881,0.01525976683399250936329588035,-0.004127807565543071161048689192,-33.52760200000000000000000000,US cash open,13:30,2747386,2747386,False,US cash open,13:30,2677398,2677398,False,US cash open,13:30,2747386,2747386,False,330,False,False,False,48,False,False,False
matched_lot,btcusdt_microprice_20260416_12_5h_5sessions_hs2.00_rq5000,2026-04-16 12:00,2026-04-16 14:00,btcusdt_microprice_20260416_12_5h_5sessions_hs2.00_rq5000:2026-04-16 14:00:fill-000012:fill-000014:48,fill-000012,fill-000014,sell,buy,1776348903268,1776348947386,1776348947386,44118,0.0002533782771535580524344569216,-0.01102844204683146067415730306,-0.003544762097378277153558052333,0.007483679949453183520599250723,-0.004923139925093632958801497987,-43.52560200000000000000000002,US cash open,13:30,2747386,2747386,False,US cash open,13:30,2703268,2703268,False,US cash open,13:30,2747386,2747386,False,316,False,False,False,46,False,False,False
matched_lot,btcusdt_microprice_20260416_12_5h_5sessions_hs2.00_rq5000,2026-04-16 12:00,2026-04-16 14:00,btcusdt_microprice_20260416_12_5h_5sessions_hs2.00_rq5000:2026-04-16 14:00:fill-000012:fill-000015:49,fill-000012,fill-000015,sell,buy,1776348903268,1776348969894,1776348969894,66626,0.0000266217228464419475655430784,-0.0008924560412584269662921350732,-0.0001062206741573033707865168828,0.0007862353671011235955056181904,-0.0002513090636704119850187266601,-33.52360199999999999999999996,US cash open,13:30,2769894,2769894,False,US cash open,13:30,2703268,2703268,False,US cash open,13:30,2769894,2769894,False,331,False,False,False,49,False,False,False
matched_lot,btcusdt_microprice_20260416_12_5h_5sessions_hs2.00_rq5000,2026-04-16 12:00,2026-04-16 14:00,btcusdt_microprice_20260416_12_5h_5sessions_hs2.00_rq5000:2026-04-16 14:00:fill-000015:fill-000020:50,fill-000015,fill-000020,buy,sell,1776348969894,1776349291065,1776349291065,321171,0.00031000,-0.07848259584000000000000000000,-0.0693408000000000,0.009141795839999999999999999999,-0.0705839000000000,-253.169664000000000000000,US cash open,13:30,3091065,3091065,False,US cash open,13:30,2769894,2769894,False,US cash open,13:30,3091065,3091065,False,87,False,False,False,13,False,False,True
matched_lot,btcusdt_microprice_20260416_12_5h_5sessions_hs2.00_rq5000,2026-04-16 12:00,2026-04-16 14:00,btcusdt_microprice_20260416_12_5h_5sessions_hs2.00_rq5000:2026-04-16 14:00:fill-000015:fill-000022:51,fill-000015,fill-000022,buy,sell,1776348969894,1776349314565,1776349314565,344671,0.0000133782771535580524344569216,-0.003712134804284644194756552298,-0.003317678951310861423220971988,0.0003944558529737827715355803102,-0.003344703071161048689138574970,-277.4748020000000000000000000,US cash open,13:30,3114565,3114565,False,US cash open,13:30,2769894,2769894,False,US cash open,13:30,3114565,3114565,False,73,False,False,False,9,False,False,True
matched_lot,btcusdt_microprice_20260416_12_5h_5sessions_hs2.00_rq5000,2026-04-16 12:00,2026-04-16 14:00,btcusdt_microprice_20260416_12_5h_5sessions_hs2.00_rq5000:2026-04-16 14:00:fill-000016:fill-000022:52,fill-000016,fill-000022,buy,sell,1776348969903,1776349314565,1776349314565,344662,0.00013000,-0.03607172426000000000,-0.0322387000000000,0.00383302426000000000,-0.0325013000000000,-277.474802000000,US cash open,13:30,3114565,3114565,False,US cash open,13:30,2769903,2769903,False,US cash open,13:30,3114565,3114565,False,74,False,False,False,10,False,False,True
matched_lot,btcusdt_microprice_20260416_12_5h_5sessions_hs2.00_rq5000,2026-04-16 12:00,2026-04-16 14:00,btcusdt_microprice_20260416_12_5h_5sessions_hs2.00_rq5000:2026-04-16 14:00:fill-000017:fill-000022:53,fill-000017,fill-000022,buy,sell,1776348969903,1776349314565,1776349314565,344662,0.00013000,-0.03607172426000000000,-0.0322387000000000,0.00383302426000000000,-0.0325013000000000,-277.474802000000,US cash open,13:30,3114565,3114565,False,US cash open,13:30,2769903,2769903,False,US cash open,13:30,3114565,3114565,False,75,False,False,False,11,False,False,True
matched_lot,btcusdt_microprice_20260416_12_5h_5sessions_hs2.00_rq5000,2026-04-16 12:00,2026-04-16 14:00,btcusdt_microprice_20260416_12_5h_5sessions_hs2.00_rq5000:2026-04-16 14:00:fill-000018:fill-000022:54,fill-000018,fill-000022,buy,sell,1776348969931,1776349314565,1776349314565,344634,0.0001666217228464419475655430784,-0.04623332955571535580524344770,-0.04132052104868913857677902801,0.004912808507026217228464419688,-0.04132385348314606741573033888,-277.4748020000000000000000000,US cash open,13:30,3114565,3114565,False,US cash open,13:30,2769931,2769931,False,US cash open,13:30,3114565,3114565,False,76,False,False,False,12,False,False,True
matched_lot,btcusdt_microprice_20260416_12_5h_5sessions_hs2.00_rq5000,2026-04-16 12:00,2026-04-16 14:00,btcusdt_microprice_20260416_12_5h_5sessions_hs2.00_rq5000:2026-04-16 14:00:fill-000018:fill-000027:55,fill-000018,fill-000027,buy,sell,1776348969931,1776349596225,1776349596225,626294,0.0002233782771535580524344569216,-0.07180852169020224719101123363,-0.06522422314606741573033707654,0.006584298544134831460674157090,-0.06544536764044943820224718889,-321.4660020000000000000000000,US cash open,13:30,3396225,3396225,False,US cash open,13:30,2769931,2769931,False,US cash open,13:30,3396225,3396225,False,59,False,False,True,4,False,True,True
matched_lot,btcusdt_microprice_20260416_12_5h_5sessions_hs2.00_rq5000,2026-04-16 12:00,2026-04-16 14:00,btcusdt_microprice_20260416_12_5h_5sessions_hs2.00_rq5000:2026-04-16 14:00:fill-000019:fill-000027:56,fill-000019,fill-000027,buy,sell,1776349217481,1776349596225,1776349596225,378744,0.0000566217228464419475655430791,-0.001438576901258426966292135033,0.0002270531086142322097378277472,0.001665630009872659176029962780,0.0001421205243445692883895131286,-25.40680200000000000000000000,US cash open,13:30,3396225,3396225,False,US cash open,13:30,3017481,3017481,False,US cash open,13:30,3396225,3396225,False,354,False,False,False,55,False,False,False
matched_lot,btcusdt_microprice_20260416_12_5h_5sessions_hs2.00_rq5000,2026-04-16 12:00,2026-04-16 14:00,btcusdt_microprice_20260416_12_5h_5sessions_hs2.00_rq5000:2026-04-16 14:00:fill-000019:fill-000028:57,fill-000019,fill-000028,buy,sell,1776349217481,1776349826351,1776349826351,608870,0.00028000,0.05783030400000000000000000000,0.0660800000000000,0.008249695999999999999999999999,0.0659008000000000,206.536800000000000000000,US cash open,13:30,3626351,3626351,False,US cash open,13:30,3017481,3017481,False,US cash open,13:30,3626351,3626351,False,596,False,False,False,107,False,False,False
matched_lot,btcusdt_microprice_20260416_12_5h_5sessions_hs2.00_rq5000,2026-04-16 12:00,2026-04-16 14:00,btcusdt_microprice_20260416_12_5h_5sessions_hs2.00_rq5000:2026-04-16 14:00:fill-000019:fill-000029:58,fill-000019,fill-000029,buy,sell,1776349217481,1776349842665,1776349842665,625184,0.0004333782771535580524344569209,0.1080144468527940074906367021,0.1207868596254681647940074884,0.01277241277267415730337078628,0.1205571691385767790262172262,249.2382579999999999999999999,US cash open,13:30,3642665,3642665,False,US cash open,13:30,3017481,3017481,False,US cash open,13:30,3642665,3642665,False,617,False,False,False,113,False,False,False
matched_lot,btcusdt_microprice_20260416_12_5h_5sessions_hs2.00_rq5000,2026-04-16 12:00,2026-04-16 14:00,btcusdt_microprice_20260416_12_5h_5sessions_hs2.00_rq5000:2026-04-16 14:00:fill-000021:fill-000029:59,fill-000021,fill-000029,buy,sell,1776349301565,1776349842665,1776349842665,541100,0.0000766217228464419475655430791,0.01527594155426217228464419634,0.01753488127340823970037453365,0.002258939719146067415730337313,0.01738010539325842696629213663,199.3682860000000000000000000,US cash open,13:30,3642665,3642665,False,US cash open,13:30,3101565,3101565,False,US cash open,13:30,3642665,3642665,False,589,False,False,False,104,False,False,False
matched_lot,btcusdt_microprice_20260416_12_5h_5sessions_hs2.00_rq5000,2026-04-16 12:00,2026-04-16 14:00,btcusdt_microprice_20260416_12_5h_5sessions_hs2.00_rq5000:2026-04-16 14:00:fill-000021:fill-000031:60,fill-000021,fill-000031,buy,sell,1776349301565,1776349990137,1776349990137,688572,0.0000033782771535580524344569209,0.0007859954556254681647940056435,0.0008856153558052434456928818139,0.00009961990017977528089887617039,0.0008720684644194756554307095611,232.6616260000000000000000000,US cash open,13:30,3790137,3790137,False,US cash open,13:30,3101565,3101565,False,US cash open,13:30,3790137,3790137,False,608,False,False,False,110,False,False,False
matched_lot,btcusdt_microprice_20260416_12_5h_5sessions_hs2.00_rq5000,2026-04-16 12:00,2026-04-16 14:00,btcusdt_microprice_20260416_12_5h_5sessions_hs2.00_rq5000:2026-04-16 14:00:fill-000023:fill-000031:61,fill-000023,fill-000031,buy,sell,1776349533459,1776349990137,1776349990137,456678,0.0002666666666666666666666666666,0.07534175946666666666666666665,0.08320266666666666666666666665,0.007860907199999999999999999999,0.08213333333333333333333333331,282.5315980000000000000000000,US cash open,13:30,3790137,3790137,False,US cash open,13:30,3333459,3333459,False,US cash open,13:30,3790137,3790137,False,633,False,False,False,118,False,False,False
matched_lot,btcusdt_microprice_20260416_12_5h_5sessions_hs2.00_rq5000,2026-04-16 12:00,2026-04-16 14:00,btcusdt_microprice_20260416_12_5h_5sessions_hs2.00_rq5000:2026-04-16 14:00:fill-000024:fill-000031:62,fill-000024,fill-000031,buy,sell,1776349580162,1776349990137,1776349990137,409975,0.0001296244131455399061032863850,0.03869610149089201877934272301,0.04251680751173708920187793428,0.003820706020845070422535211269,0.04225626244131455399061032865,298.5247960000000000000000000,US cash open,13:30,3790137,3790137,False,US cash open,13:30,3380162,3380162,False,US cash open,13:30,3790137,3790137,False,643,False,False,False,123,False,False,False
matched_lot,btcusdt_microprice_20260416_12_5h_5sessions_hs2.00_rq5000,2026-04-16 12:00,2026-04-16 14:00,btcusdt_microprice_20260416_12_5h_5sessions_hs2.00_rq5000:2026-04-16 14:00:fill-000025:fill-000031:63,fill-000025,fill-000031,buy,sell,1776349580162,1776349990137,1776349990137,409975,0.0000403306430342353747955900275,0.01203969698434393627683705466,0.01322845091522920293295352902,0.001188753930885266656116474361,0.01314738632273038982961439306,298.5247960000000000000000000,US cash open,13:30,3790137,3790137,False,US cash open,13:30,3380162,3380162,False,US cash open,13:30,3790137,3790137,False,644,False,False,False,124,False,False,False
matched_lot,btcusdt_microprice_20260416_12_5h_5sessions_hs2.00_rq5000,2026-04-16 12:00,2026-04-16 14:00,btcusdt_microprice_20260416_12_5h_5sessions_hs2.00_rq5000:2026-04-16 14:00:fill-000025:fill-000033:64,fill-000025,fill-000033,buy,sell,1776349580162,1776350160333,1776350160333,580171,0.00007000,0.02365628370000000000000000000,0.0257201000000000,0.002063816300000000000000000000,0.0255794000000000,337.946910000000000000000,US cash open,13:30,3960333,3960333,False,US cash open,13:30,3380162,3380162,False,US cash open,13:30,3960333,3960333,False,654,False,False,False,128,False,False,False
matched_lot,btcusdt_microprice_20260416_12_5h_5sessions_hs2.00_rq5000,2026-04-16 12:00,2026-04-16 14:00,btcusdt_microprice_20260416_12_5h_5sessions_hs2.00_rq5000:2026-04-16 14:00:fill-000025:fill-000035:65,fill-000025,fill-000035,buy,sell,1776349580162,1776350382915,1776350382915,802753,0.0000196693569657646252044099725,0.006854865276143693622408606176,0.007434820239489370681014925505,0.0005799549633456770586063193295,0.007395284831988183784354061460,348.5047980000000000000000000,US cash open,13:30,4182915,4182915,False,US cash open,13:30,3380162,3380162,False,US cash open,13:30,4182915,4182915,False,659,False,False,False,130,False,False,False
matched_lot,btcusdt_microprice_20260416_12_5h_5sessions_hs2.00_rq5000,2026-04-16 12:00,2026-04-16 14:00,btcusdt_microprice_20260416_12_5h_5sessions_hs2.00_rq5000:2026-04-16 14:00:fill-000026:fill-000035:66,fill-000026,fill-000035,buy,sell,1776349580229,1776350382915,1776350382915,802686,0.0004603306430342353747955900275,0.1604274377638563063775913938,0.1740003797605106293189850745,0.01357294199665432294139368067,0.1730751151680118162156459385,348.5047979999999999999999999,US cash open,13:30,4182915,4182915,False,US cash open,13:30,3380229,3380229,False,US cash open,13:30,4182915,4182915,False,658,False,False,False,129,False,False,False
matched_lot,btcusdt_microprice_20260416_12_5h_5sessions_hs2.00_rq5000,2026-04-16 12:00,2026-04-16 14:00,btcusdt_microprice_20260416_12_5h_5sessions_hs2.00_rq5000:2026-04-16 14:00:fill-000026:fill-000038:67,fill-000026,fill-000038,buy,sell,1776349580229,1776350528965,1776350528965,948736,0.0002800449438202247191011235875,0.08304038185510112359550561560,0.09129465168539325842696628952,0.008254269830292134831460673918,0.09073176134831460674157303111,296.5251960000000000000000000,US cash open,13:30,4328965,4328965,False,US cash open,13:30,3380229,3380229,False,US cash open,13:30,4328965,4328965,False,642,False,False,False,122,False,False,False
matched_lot,btcusdt_microprice_20260416_12_5h_5sessions_hs2.00_rq5000,2026-04-16 12:00,2026-04-16 14:00,btcusdt_microprice_20260416_12_5h_5sessions_hs2.00_rq5000:2026-04-16 14:00:fill-000030:fill-000038:68,fill-000030,fill-000038,buy,sell,1776349891858,1776350528965,1776350528965,637107,0.0000499550561797752808988763615,-0.002313086750292134831460672167,-0.0008372467415730337078651678187,0.001475840008719101123595504348,-0.001037566516853932584269662028,-46.30335600000000000000000001,US cash open,13:30,4328965,4328965,False,US cash open,13:30,3691858,3691858,False,US cash open,13:30,4328965,4328965,False,307,False,False,False,45,False,False,False
matched_lot,btcusdt_microprice_20260416_12_5h_5sessions_hs2.00_rq5000,2026-04-16 12:00,2026-04-16 14:00,btcusdt_microprice_20260416_12_5h_5sessions_hs2.00_rq5000:2026-04-16 14:00:fill-000030:fill-000040:69,fill-000030,fill-000040,buy,sell,1776349891858,1776350966708,1776350966708,1074850,0.0000900449438202247191011236385,0.01281779924364044943820225331,0.01548142719101123595505618717,0.002663627947370786516853933856,0.01512034696629213483146068137,142.3489060000000000000000000,US cash open,13:30,4766708,4766708,False,US cash open,13:30,3691858,3691858,False,US cash open,13:30,4766708,4766708,False,551,False,False,False,98,False,False,False
matched_lot,btcusdt_microprice_20260416_12_5h_5sessions_hs2.00_rq5000,2026-04-16 12:00,2026-04-16 14:00,btcusdt_microprice_20260416_12_5h_5sessions_hs2.00_rq5000:2026-04-16 14:00:fill-000032:fill-000040:70,fill-000032,fill-000040,buy,sell,1776350133715,1776350966708,1776350966708,832993,0.00014000,0.01779622040000000000,0.0219380000000000,0.00414177960000000000,0.0216566000000000,127.115860000000,US cash open,13:30,4766708,4766708,False,US cash open,13:30,3933715,3933715,False,US cash open,13:30,4766708,4766708,False,541,False,False,False,93,False,False,False
matched_lot,btcusdt_microprice_20260416_12_5h_5sessions_hs2.00_rq5000,2026-04-16 12:00,2026-04-16 14:00,btcusdt_microprice_20260416_12_5h_5sessions_hs2.00_rq5000:2026-04-16 14:00:fill-000034:fill-000040:71,fill-000034,fill-000040,buy,sell,1776350335367,1776350966708,1776350966708,631341,0.0002799550561797752808988763615,0.02606635212314606741573033308,0.03435048539325842696629212956,0.008284133270112359550561796480,0.03322786561797752808988763536,93.10906000000000000000000002,US cash open,13:30,4766708,4766708,False,US cash open,13:30,4135367,4135367,False,US cash open,13:30,4766708,4766708,False,518,False,False,False,87,False,False,False
matched_lot,btcusdt_microprice_20260416_12_5h_5sessions_hs2.00_rq5000,2026-04-16 12:00,2026-04-16 14:00,btcusdt_microprice_20260416_12_5h_5sessions_hs2.00_rq5000:2026-04-16 14:00:fill-000034:fill-000041:72,fill-000034,fill-000041,buy,sell,1776350335367,1776351005765,1776351005765,670398,0.00049000,0.05373621652000000000000000000,0.0682374000000000,0.01450118348000000000000000000,0.0662725000000000,109.665748000000000000000,US cash open,13:30,4805765,4805765,False,US cash open,13:30,4135367,4135367,False,US cash open,13:30,4805765,4805765,False,531,False,False,False,89,False,False,False
matched_lot,btcusdt_microprice_20260416_12_5h_5sessions_hs2.00_rq5000,2026-04-16 12:00,2026-04-16 14:00,btcusdt_microprice_20260416_12_5h_5sessions_hs2.00_rq5000:2026-04-16 14:00:fill-000034:fill-000042:73,fill-000034,fill-000042,buy,sell,1776350335367,1776351033597,1776351033597,698230,0.0002300449438202247191011236385,0.03091822448539325842696629791,0.03772737078651685393258427671,0.006809146301123595505617978800,0.03680489056179775280898877091,134.4008000000000000000000000,US cash open,13:30,4833597,4833597,False,US cash open,13:30,4135367,4135367,False,US cash open,13:30,4833597,4833597,False,546,False,False,False,96,False,False,False
matched_lot,btcusdt_microprice_20260416_12_5h_5sessions_hs2.00_rq5000,2026-04-16 12:00,2026-04-16 14:00,btcusdt_microprice_20260416_12_5h_5sessions_hs2.00_rq5000:2026-04-16 14:00:fill-000036:fill-000042:74,fill-000036,fill-000042,buy,sell,1776350527819,1776351033597,1776351033597,505778,0.000739220505617977528089887641,0.1496288751123595505617977529,0.1714991573033707865168539327,0.02187028219101123595505617979,0.1700059318820224719101123597,202.4144000000000000000000000,US cash open,13:30,4833597,4833597,False,US cash open,13:30,4327819,4327819,False,US cash open,13:30,4833597,4833597,False,592,False,False,False,105,False,False,False
matched_lot,btcusdt_microprice_20260416_12_5h_5sessions_hs2.00_rq5000,2026-04-16 12:00,2026-04-16 14:00,btcusdt_microprice_20260416_12_5h_5sessions_hs2.00_rq5000:2026-04-16 14:00:fill-000037:fill-000042:75,fill-000037,fill-000042,buy,sell,1776350528074,1776351033597,1776351033597,505523,0.0000307345505617977528089887205,0.006221115611235955056179766467,0.007130415730337078651685383156,0.0009093001191011235955056166893,0.007068639283707865168539315827,202.4144000000000000000000000,US cash open,13:30,4833597,4833597,False,US cash open,13:30,4328074,4328074,False,US cash open,13:30,4833597,4833597,False,593,False,False,False,106,False,False,False
matched_lot,btcusdt_microprice_20260416_12_5h_5sessions_hs2.00_rq5000,2026-04-16 12:00,2026-04-16 14:00,btcusdt_microprice_20260416_12_5h_5sessions_hs2.00_rq5000:2026-04-16 14:00:fill-000037:fill-000043:76,fill-000037,fill-000043,buy,sell,1776350528074,1776351078180,1776351078180,550106,0.0002300449438202247191011236385,0.05406467454125842696629214493,0.06087219258426966292134832598,0.006807518043011235955056181049,0.06079167685393258426966293270,235.0178780000000000000000000,US cash open,13:30,4878180,4878180,False,US cash open,13:30,4328074,4328074,False,US cash open,13:30,4878180,4878180,False,609,False,False,False,111,False,False,False
matched_lot,btcusdt_microprice_20260416_12_5h_5sessions_hs2.00_rq5000,2026-04-16 12:00,2026-04-16 14:00,btcusdt_microprice_20260416_12_5h_5sessions_hs2.00_rq5000:2026-04-16 14:00:fill-000039:fill-000043:77,fill-000039,fill-000043,buy,sell,1776350684881,1776351078180,1776351078180,393299,0.0001899550561797752808988763615,0.02564352949964044943820224139,0.03126850179775280898876403787,0.005624972298112359550561796479,0.03082210741573033707865167843,134.9978780000000000000000000,US cash open,13:30,4878180,4878180,False,US cash open,13:30,4484881,4484881,False,US cash open,13:30,4878180,4878180,False,547,False,False,False,97,False,False,False
matched_lot,btcusdt_microprice_20260416_12_5h_5sessions_hs2.00_rq5000,2026-04-16 12:00,2026-04-16 15:00,btcusdt_microprice_20260416_12_5h_5sessions_hs2.00_rq5000:2026-04-16 15:00:fill-000001:fill-000004:78,fill-000001,fill-000004,buy,sell,1776351602947,1776352162572,1776352162572,559625,0.00014000,0.04222616356000000000,0.0463778000000000,0.00415163644000000000,0.0458514000000000,301.615454000000,US cash open,13:30,5962572,5962572,False,US cash open,13:30,5402947,5402947,False,US cash open,13:30,5962572,5962572,False,645,False,False,False,125,False,False,False
matched_lot,btcusdt_microprice_20260416_12_5h_5sessions_hs2.00_rq5000,2026-04-16 12:00,2026-04-16 15:00,btcusdt_microprice_20260416_12_5h_5sessions_hs2.00_rq5000:2026-04-16 15:00:fill-000002:fill-000004:79,fill-000002,fill-000004,buy,sell,1776351745530,1776352162572,1776352162572,417042,0.00026000,0.08173308052000000000000000000,0.0894426000000000,0.007709519479999999999999999999,0.0888186000000000,314.358002000000000000000,US cash open,13:30,5962572,5962572,False,US cash open,13:30,5545530,5545530,False,US cash open,13:30,5962572,5962572,False,650,False,False,False,126,False,False,False
matched_lot,btcusdt_microprice_20260416_12_5h_5sessions_hs2.00_rq5000,2026-04-16 12:00,2026-04-16 15:00,btcusdt_microprice_20260416_12_5h_5sessions_hs2.00_rq5000:2026-04-16 15:00:fill-000002:fill-000005:80,fill-000002,fill-000005,buy,sell,1776351745530,1776352199840,1776352199840,454310,0.0002298715512156759944950521,0.06518563204388229897109902341,0.07200036727177403499574021876,0.006814735227891736024641195347,0.07091767226554820106166852337,283.5741600000000000000000000,US cash open,13:30,5999840,5999840,False,US cash open,13:30,5545530,5545530,False,US cash open,13:30,5999840,5999840,False,634,False,False,False,119,False,False,False
matched_lot,btcusdt_microprice_20260416_12_5h_5sessions_hs2.00_rq5000,2026-04-16 12:00,2026-04-16 15:00,btcusdt_microprice_20260416_12_5h_5sessions_hs2.00_rq5000:2026-04-16 15:00:fill-000003:fill-000005:81,fill-000003,fill-000005,buy,sell,1776352030919,1776352199840,1776352199840,168921,0.000141176470588235294117647059,0.02252320348235294117647058826,0.02671200000000000000000000003,0.004188796517647058823529411769,0.02619388235294117647058823533,159.5393580000000000000000000,US cash open,13:30,5999840,5999840,False,US cash open,13:30,5830919,5830919,False,US cash open,13:30,5999840,5999840,False,565,False,False,False,102,False,False,False
matched_lot,btcusdt_microprice_20260416_12_5h_5sessions_hs2.00_rq5000,2026-04-16 12:00,2026-04-16 15:00,btcusdt_microprice_20260416_12_5h_5sessions_hs2.00_rq5000:2026-04-16 15:00:fill-000005:fill-000007:82,fill-000005,fill-000007,sell,buy,1776352199840,1776352412400,1776352412400,212560,0.000068951978196088711387300841,-0.003260187295163510059636935589,-0.001211486256905278659074875776,0.002048701038258231400562059813,-0.001467298096012767778321761896,-47.28199799999999999999999999,US cash open,13:30,6212400,6212400,False,US cash open,13:30,5999840,5999840,False,US cash open,13:30,6212400,6212400,False,306,False,False,False,44,False,False,False
matched_lot,btcusdt_microprice_20260416_12_5h_5sessions_hs2.00_rq5000,2026-04-16 12:00,2026-04-16 15:00,btcusdt_microprice_20260416_12_5h_5sessions_hs2.00_rq5000:2026-04-16 15:00:fill-000006:fill-000007:83,fill-000006,fill-000007,sell,buy,1776352380215,1776352412400,1776352412400,32185,0.0002108513605174548921009864692,-0.01612721005335029560019921884,-0.009863626645006539852484147029,0.006263583408343755747715071808,-0.01049828924016407907770811630,-76.48615600000000000000000001,US cash open,13:30,6212400,6212400,False,US cash open,13:30,6180215,6180215,False,US cash open,13:30,6212400,6212400,False,250,False,False,False,37,False,False,False
matched_lot,btcusdt_microprice_20260416_12_5h_5sessions_hs2.00_rq5000,2026-04-16 12:00,2026-04-16 15:00,btcusdt_microprice_20260416_12_5h_5sessions_hs2.00_rq5000:2026-04-16 15:00:fill-000007:fill-000012:84,fill-000007,fill-000012,buy,sell,1776352412400,1776353061017,1776353061017,648617,0.00008000,0.000704542560000000000000000000,0.0030824000000000,0.002377857440000000000000000000,0.0027376000000000,8.8067820000000000000000,US cash open,13:30,6861017,6861017,False,US cash open,13:30,6212400,6212400,False,US cash open,13:30,6861017,6861017,False,412,False,False,False,72,False,False,False
matched_lot,btcusdt_microprice_20260416_12_5h_5sessions_hs2.00_rq5000,2026-04-16 12:00,2026-04-16 15:00,btcusdt_microprice_20260416_12_5h_5sessions_hs2.00_rq5000:2026-04-16 15:00:fill-000007:fill-000013:85,fill-000007,fill-000013,buy,sell,1776352412400,1776353094499,1776353094499,682099,0.0002901966612864563965117126898,0.01262060752866882799709652905,0.02124819953939433735258760315,0.008627592010725509355491074096,0.02037470758892210359908734796,43.48984399999999999999999999,US cash open,13:30,6894499,6894499,False,US cash open,13:30,6212400,6212400,False,US cash open,13:30,6894499,6894499,False,453,False,False,False,79,False,False,False
matched_lot,btcusdt_microprice_20260416_12_5h_5sessions_hs2.00_rq5000,2026-04-16 12:00,2026-04-16 15:00,btcusdt_microprice_20260416_12_5h_5sessions_hs2.00_rq5000:2026-04-16 15:00:fill-000008:fill-000013:86,fill-000008,fill-000013,buy,sell,1776352485539,1776353094499,1776353094499,608960,0.00015000,-0.000897007199999999999999999999,0.0035640000000000,0.004461007199999999999999999999,0.0029625000000000,-5.980047999999999999999999993,US cash open,13:30,6894499,6894499,False,US cash open,13:30,6285539,6285539,False,US cash open,13:30,6894499,6894499,False,393,False,False,False,65,False,False,False
matched_lot,btcusdt_microprice_20260416_12_5h_5sessions_hs2.00_rq5000,2026-04-16 12:00,2026-04-16 15:00,btcusdt_microprice_20260416_12_5h_5sessions_hs2.00_rq5000:2026-04-16 15:00:fill-000009:fill-000013:87,fill-000009,fill-000013,buy,sell,1776352684322,1776353094499,1776353094499,410177,0.0000096475235312393794036597573,0.0008516718003095749264997989823,0.001138407776686246769631851361,0.0002867359763766718431320523787,0.001114964294505335077680958151,88.27879999999999999999999995,US cash open,13:30,6894499,6894499,False,US cash open,13:30,6484322,6484322,False,US cash open,13:30,6894499,6894499,False,512,False,False,False,84,False,False,False
matched_lot,btcusdt_microprice_20260416_12_5h_5sessions_hs2.00_rq5000,2026-04-16 12:00,2026-04-16 15:00,btcusdt_microprice_20260416_12_5h_5sessions_hs2.00_rq5000:2026-04-16 15:00:fill-000009:fill-000014:88,fill-000009,fill-000014,buy,sell,1776352684322,1776353094500,1776353094500,410178,0.0001303524764687606205963402427,0.01150736019969042507350020102,0.01538159222331375323036814864,0.003874232023623328156867947622,0.01506483570549466492231904185,88.27880000000000000000000002,US cash open,13:30,6894500,6894500,False,US cash open,13:30,6484322,6484322,False,US cash open,13:30,6894500,6894500,False,513,False,False,False,85,False,False,False
matched_lot,btcusdt_microprice_20260416_12_5h_5sessions_hs2.00_rq5000,2026-04-16 12:00,2026-04-16 15:00,btcusdt_microprice_20260416_12_5h_5sessions_hs2.00_rq5000:2026-04-16 15:00:fill-000010:fill-000014:89,fill-000010,fill-000014,buy,sell,1776352940068,1776353094500,1776353094500,154432,0.0004198033387135436034882873102,-0.00240967116421574028402276916,0.01007528012912504648371889544,0.01248495129334078676774166460,0.008391868740883736633730863326,-5.739999999999999999999999999,US cash open,13:30,6894500,6894500,False,US cash open,13:30,6740068,6740068,False,US cash open,13:30,6894500,6894500,False,395,False,False,False,66,False,False,False
matched_lot,btcusdt_microprice_20260416_12_5h_5sessions_hs2.00_rq5000,2026-04-16 12:00,2026-04-16 15:00,btcusdt_microprice_20260416_12_5h_5sessions_hs2.00_rq5000:2026-04-16 15:00:fill-000010:fill-000018:90,fill-000010,fill-000018,buy,sell,1776352940068,1776353996616,1776353996616,1056548,0.00028000,0.07901947144000000000000000000,0.0873628000000000,0.008343328559999999999999999999,0.0867440000000000,282.212398000000000000000,US cash open,13:30,7796616,7796616,False,US cash open,13:30,6740068,6740068,False,US cash open,13:30,7796616,7796616,False,632,False,False,False,117,False,False,False
matched_lot,btcusdt_microprice_20260416_12_5h_5sessions_hs2.00_rq5000,2026-04-16 12:00,2026-04-16 15:00,btcusdt_microprice_20260416_12_5h_5sessions_hs2.00_rq5000:2026-04-16 15:00:fill-000010:fill-000019:91,fill-000010,fill-000019,buy,sell,1776352940068,1776354103892,1776354103892,1163824,0.0001200000000000000000000000055,0.01610903976000000000000000074,0.01968120000000000000000000090,0.003572160240000000000000000164,0.01915320000000000000000000088,134.2419980000000000000000000,US cash open,13:30,7903892,7903892,False,US cash open,13:30,6740068,6740068,False,US cash open,13:30,7903892,7903892,False,545,False,False,False,95,False,False,False
matched_lot,btcusdt_microprice_20260416_12_5h_5sessions_hs2.00_rq5000,2026-04-16 12:00,2026-04-16 15:00,btcusdt_microprice_20260416_12_5h_5sessions_hs2.00_rq5000:2026-04-16 15:00:fill-000010:fill-000020:92,fill-000010,fill-000020,buy,sell,1776352940068,1776354166215,1776354166215,1226147,0.0000001619651774868403293291964,0.00002012320118774463490349601886,0.00002494425698474827911998953756,0.000004821055797003644216493518702,0.00002408098258874342016466492075,124.2439980000000000000000000,US cash open,13:30,7966215,7966215,False,US cash open,13:30,6740068,6740068,False,US cash open,13:30,7966215,7966215,False,539,False,False,False,92,False,False,False
matched_lot,btcusdt_microprice_20260416_12_5h_5sessions_hs2.00_rq5000,2026-04-16 12:00,2026-04-16 15:00,btcusdt_microprice_20260416_12_5h_5sessions_hs2.00_rq5000:2026-04-16 15:00:fill-000010:fill-000022:93,fill-000010,fill-000022,buy,sell,1776352940068,1776354487621,1776354487621,1547553,0.0001800346961089695561823834879,0.05044622594688237475706116398,0.05581075579378056241653888125,0.005364529846898187659477717267,0.05544888605460153360861229044,280.2028000000000000000000000,US cash open,13:30,8287621,8287621,False,US cash open,13:30,6740068,6740068,False,US cash open,13:30,8287621,8287621,False,631,False,False,False,116,False,False,False
matched_lot,btcusdt_microprice_20260416_12_5h_5sessions_hs2.00_rq5000,2026-04-16 12:00,2026-04-16 15:00,btcusdt_microprice_20260416_12_5h_5sessions_hs2.00_rq5000:2026-04-16 15:00:fill-000011:fill-000022:94,fill-000011,fill-000022,buy,sell,1776353020693,1776354487621,1776354487621,1466928,0.00014000,0.03978850400000000000,0.0439600000000000,0.00417149600000000000,0.0436786000000000,284.203600000000,US cash open,13:30,8287621,8287621,False,US cash open,13:30,6820693,6820693,False,US cash open,13:30,8287621,8287621,False,635,False,False,False,120,False,False,False
matched_lot,btcusdt_microprice_20260416_12_5h_5sessions_hs2.00_rq5000,2026-04-16 12:00,2026-04-16 15:00,btcusdt_microprice_20260416_12_5h_5sessions_hs2.00_rq5000:2026-04-16 15:00:fill-000015:fill-000022:95,fill-000015,fill-000022,buy,sell,1776353301021,1776354487621,1776354487621,1186600,0.000210000000000000000000000000,0.06094300800000000000000000000,0.06720000000000000000000000000,0.006256992000000000000000000000,0.06719790000000000000000000000,290.2048,US cash open,13:30,8287621,8287621,False,US cash open,13:30,7101021,7101021,False,US cash open,13:30,8287621,8287621,False,638,False,False,False,121,False,False,False
matched_lot,btcusdt_microprice_20260416_12_5h_5sessions_hs2.00_rq5000,2026-04-16 12:00,2026-04-16 15:00,btcusdt_microprice_20260416_12_5h_5sessions_hs2.00_rq5000:2026-04-16 15:00:fill-000016:fill-000022:96,fill-000016,fill-000022,buy,sell,1776353632415,1776354487621,1776354487621,855206,0.0004699653038910304438176165121,0.1974938956263708362298320409,0.2114843867509636997179274304,0.01399049112459286348809538947,0.2114796870979247894134892542,420.2307999999999999999999998,US cash open,13:30,8287621,8287621,False,US cash open,13:30,7432415,7432415,False,US cash open,13:30,8287621,8287621,False,682,False,False,False,135,False,False,False
matched_lot,btcusdt_microprice_20260416_12_5h_5sessions_hs2.00_rq5000,2026-04-16 12:00,2026-04-16 16:00,btcusdt_microprice_20260416_12_5h_5sessions_hs2.00_rq5000:2026-04-16 16:00:fill-000001:fill-000003:97,fill-000001,fill-000003,sell,buy,1776355266960,1776355512736,1776355512736,245776,0.00006996561162186820127728261632,-0.001496109796047441925749175380,0.0005954073549020983928696750649,0.002091517150949540318618850445,0.0004190940136149905256509228718,-21.38350199999999999999999999,US cash open,13:30,9312736,9312736,False,US cash open,13:30,9066960,9066960,False,US cash open,13:30,9312736,9312736,False,367,False,False,False,57,False,False,False
matched_lot,btcusdt_microprice_20260416_12_5h_5sessions_hs2.00_rq5000,2026-04-16 12:00,2026-04-16 16:00,btcusdt_microprice_20260416_12_5h_5sessions_hs2.00_rq5000:2026-04-16 16:00:fill-000001:fill-000005:98,fill-000001,fill-000005,sell,buy,1776355266960,1776355575235,1776355575235,308275,0.00000003438837813179872271738268,-0.000001440446696610288441294084399,-0.0000004123166538002666853814183332,0.000001028130042810021755912666066,-0.0000005502140501087795634781228800,-41.88760200000000000000000632,US cash open,13:30,9375235,9375235,False,US cash open,13:30,9066960,9066960,False,US cash open,13:30,9375235,9375235,False,317,False,False,False,47,False,False,False
matched_lot,btcusdt_microprice_20260416_12_5h_5sessions_hs2.00_rq5000,2026-04-16 12:00,2026-04-16 16:00,btcusdt_microprice_20260416_12_5h_5sessions_hs2.00_rq5000:2026-04-16 16:00:fill-000002:fill-000005:99,fill-000002,fill-000005,sell,buy,1776355443853,1776355575235,1776355575235,131382,0.00006996561162186820127728261732,-0.000602002313453575689522071733,0.001490267527545792687206119749,0.002092269840999368376728191482,0.001247486855217910028773949067,-8.604260000000000000000000001,US cash open,13:30,9375235,9375235,False,US cash open,13:30,9243853,9243853,False,US cash open,13:30,9375235,9375235,False,388,False,False,False,62,False,False,False
matched_lot,btcusdt_microprice_20260416_12_5h_5sessions_hs2.00_rq5000,2026-04-16 12:00,2026-04-16 16:00,btcusdt_microprice_20260416_12_5h_5sessions_hs2.00_rq5000:2026-04-16 16:00:fill-000002:fill-000007:100,fill-000002,fill-000007,sell,buy,1776355443853,1776355749920,1776355749920,306067,0.00009003438837813179872271738268,-0.009239604440592322268229349326,-0.006545500035090181767141553721,0.002694104405502140501087795605,-0.006733671906800477226472033051,-102.6230600000000000000000000,US cash open,13:30,9549920,9549920,False,US cash open,13:30,9243853,9243853,False,US cash open,13:30,9549920,9549920,False,219,False,False,False,33,False,False,False
matched_lot,btcusdt_microprice_20260416_12_5h_5sessions_hs2.00_rq5000,2026-04-16 12:00,2026-04-16 16:00,btcusdt_microprice_20260416_12_5h_5sessions_hs2.00_rq5000:2026-04-16 16:00:fill-000004:fill-000007:101,fill-000004,fill-000007,sell,buy,1776355556187,1776355749920,1776355749920,193733,0.0003299656116218682012772826173,-0.03956934415944978594989122056,-0.02969690504596813811495543556,0.009872439113481647834935784998,-0.03056471460453365148431468885,-119.9196000000000000000000000,US cash open,13:30,9549920,9549920,False,US cash open,13:30,9356187,9356187,False,US cash open,13:30,9549920,9549920,False,197,False,False,False,31,False,False,False
matched_lot,btcusdt_microprice_20260416_12_5h_5sessions_hs2.00_rq5000,2026-04-16 12:00,2026-04-16 16:00,btcusdt_microprice_20260416_12_5h_5sessions_hs2.00_rq5000:2026-04-16 16:00:fill-000004:fill-000008:102,fill-000004,fill-000008,sell,buy,1776355556187,1776355773167,1776355773167,216980,0.0006700343883781317987227173827,-0.04282082570622499824549091157,-0.02278116920485648115657239101,0.02003965650136851708891852056,-0.02412793832549652607200505295,-63.90839999999999999999999998,US cash open,13:30,9573167,9573167,False,US cash open,13:30,9356187,9356187,False,US cash open,13:30,9573167,9573167,False,282,False,False,False,41,False,False,False
matched_lot,btcusdt_microprice_20260416_12_5h_5sessions_hs2.00_rq5000,2026-04-16 12:00,2026-04-16 16:00,btcusdt_microprice_20260416_12_5h_5sessions_hs2.00_rq5000:2026-04-16 16:00:fill-000006:fill-000008:103,fill-000006,fill-000008,sell,buy,1776355631663,1776355773167,1776355773167,141504,0.0003299656116218682012772826173,-0.005252392605796898027931784702,0.004619518562706154817881956642,0.009871911168503052845813741344,0.003144572278756403958172503343,-15.91800000000000000000000000,US cash open,13:30,9573167,9573167,False,US cash open,13:30,9431663,9431663,False,US cash open,13:30,9573167,9573167,False,375,False,False,False,58,False,False,False
matched_lot,btcusdt_microprice_20260416_12_5h_5sessions_hs2.00_rq5000,2026-04-16 12:00,2026-04-16 16:00,btcusdt_microprice_20260416_12_5h_5sessions_hs2.00_rq5000:2026-04-16 16:00:fill-000006:fill-000010:104,fill-000006,fill-000010,sell,buy,1776355631663,1776355910714,1776355910714,279051,0.00006999999999999999999999999975,-0.004474231859999999999999999985,-0.002379299999999999999999999992,0.002094931859999999999999999993,-0.002832199999999999999999999990,-63.91759800000000000000000001,US cash open,13:30,9710714,9710714,False,US cash open,13:30,9431663,9431663,False,US cash open,13:30,9710714,9710714,False,281,False,False,False,40,False,False,False
matched_lot,btcusdt_microprice_20260416_12_5h_5sessions_hs2.00_rq5000,2026-04-16 12:00,2026-04-16 16:00,btcusdt_microprice_20260416_12_5h_5sessions_hs2.00_rq5000:2026-04-16 16:00:fill-000006:fill-000011:105,fill-000006,fill-000011,sell,buy,1776355631663,1776355946117,1776355946117,314454,0.00002003438837813179872271738295,0.0004826284160291950312302617548,0.001081856972419117131026738679,0.0005992285563899220997964769242,0.0009804829672257702294897887212,24.08999999999999999999999998,US cash open,13:30,9746117,9746117,False,US cash open,13:30,9431663,9431663,False,US cash open,13:30,9746117,9746117,False,440,False,False,False,76,False,False,False
matched_lot,btcusdt_microprice_20260416_12_5h_5sessions_hs2.00_rq5000,2026-04-16 12:00,2026-04-16 16:00,btcusdt_microprice_20260416_12_5h_5sessions_hs2.00_rq5000:2026-04-16 16:00:fill-000009:fill-000011:106,fill-000009,fill-000011,sell,buy,1776355836215,1776355946117,1776355946117,109902,0.0001799656116218682012772826170,0.002536075398975366692399466639,0.007918486911362200856200435148,0.005382411512386834163800968509,0.007810507544389079935434065578,14.09200000000000000000000000,US cash open,13:30,9746117,9746117,False,US cash open,13:30,9636215,9636215,False,US cash open,13:30,9746117,9746117,False,423,False,False,False,73,False,False,False
matched_lot,btcusdt_microprice_20260416_12_5h_5sessions_hs2.00_rq5000,2026-04-16 12:00,2026-04-16 16:00,btcusdt_microprice_20260416_12_5h_5sessions_hs2.00_rq5000:2026-04-16 16:00:fill-000009:fill-000012:107,fill-000009,fill-000012,sell,buy,1776355836215,1776355946117,1776355946117,109902,0.00043000,0.00605956000000000000000000000,0.0189200000000000,0.01286044000000000000000000000,0.0186620000000000,14.092000000000000000000,US cash open,13:30,9746117,9746117,False,US cash open,13:30,9636215,9636215,False,US cash open,13:30,9746117,9746117,False,424,False,False,False,74,False,False,False
matched_lot,btcusdt_microprice_20260416_12_5h_5sessions_hs2.00_rq5000,2026-04-16 12:00,2026-04-16 16:00,btcusdt_microprice_20260416_12_5h_5sessions_hs2.00_rq5000:2026-04-16 16:00:fill-000009:fill-000014:108,fill-000009,fill-000014,sell,buy,1776355836215,1776356193230,1776356193230,357015,0.0003900343883781317987227173830,0.00783703897255947785809530492,0.01950171941890658993613586915,0.01166468044634711207804056423,0.01949781907502280861814864197,20.09320000000000000000000000,US cash open,13:30,9993230,9993230,False,US cash open,13:30,9636215,9636215,False,US cash open,13:30,9993230,9993230,False,434,False,False,False,75,False,False,False
matched_lot,btcusdt_microprice_20260416_12_5h_5sessions_hs2.00_rq5000,2026-04-16 12:00,2026-04-16 16:00,btcusdt_microprice_20260416_12_5h_5sessions_hs2.00_rq5000:2026-04-16 16:00:fill-000013:fill-000014:109,fill-000013,fill-000014,sell,buy,1776355985276,1776356193230,1776356193230,207954,0.0006099656116218682012772826170,-0.04262976463751842234542774936,-0.02439862446487472805109130468,0.01823114017264369429433644468,-0.02562465534423468313565864274,-69.88880000000000000000000000,US cash open,13:30,9993230,9993230,False,US cash open,13:30,9785276,9785276,False,US cash open,13:30,9993230,9993230,False,271,False,False,False,39,False,False,False
matched_lot,btcusdt_microprice_20260416_12_5h_5sessions_hs2.00_rq5000,2026-04-16 12:00,2026-04-16 16:00,btcusdt_microprice_20260416_12_5h_5sessions_hs2.00_rq5000:2026-04-16 16:00:fill-000013:fill-000016:110,fill-000013,fill-000016,sell,buy,1776355985276,1776356368644,1776356368644,383368,0.0003900343883781317987227173830,-0.06002847656396940136149905246,-0.04836426415888834304161695549,0.01166421240508105831988209697,-0.04915213362341216927503684460,-153.9056000000000000000000000,US cash open,13:30,10168644,10168644,False,US cash open,13:30,9785276,9785276,False,US cash open,13:30,10168644,10168644,False,163,False,False,False,26,False,False,False
matched_lot,btcusdt_microprice_20260416_12_5h_5sessions_hs2.00_rq5000,2026-04-16 12:00,2026-04-16 16:00,btcusdt_microprice_20260416_12_5h_5sessions_hs2.00_rq5000:2026-04-16 16:00:fill-000015:fill-000016:111,fill-000015,fill-000016,sell,buy,1776356342382,1776356368644,1776356368644,26262,0.00007000,-0.000421762740000000000000000000,0.0016737000000000,0.002095462740000000000000000000,0.0015323000000000,-6.0251820000000000000000,US cash open,13:30,10168644,10168644,False,US cash open,13:30,10142382,10142382,False,US cash open,13:30,10168644,10168644,False,392,False,False,False,64,False,False,False
matched_lot,btcusdt_microprice_20260416_12_5h_5sessions_hs2.00_rq5000,2026-04-16 12:00,2026-04-16 16:00,btcusdt_microprice_20260416_12_5h_5sessions_hs2.00_rq5000:2026-04-16 16:00:fill-000016:fill-000018:112,fill-000016,fill-000018,buy,sell,1776356368644,1776356625423,1776356625423,256779,0.0002761818278380844174934988330,-0.05907628667678281832959354199,-0.05082021814048591366297872026,0.008256068536296904666614821729,-0.05113506542422132989892130893,-213.9035980000000000000000000,US cash open,13:30,10425423,10425423,False,US cash open,13:30,10168644,10168644,False,US cash open,13:30,10425423,10425423,False,118,False,False,False,18,False,False,False
matched_lot,btcusdt_microprice_20260416_12_5h_5sessions_hs2.00_rq5000,2026-04-16 12:00,2026-04-16 16:00,btcusdt_microprice_20260416_12_5h_5sessions_hs2.00_rq5000:2026-04-16 16:00:fill-000017:fill-000018:113,fill-000017,fill-000018,buy,sell,1776356368647,1776356625423,1776356625423,256776,0.0002238181721619155825065011670,-0.04787551232321718167040645801,-0.04118478185951408633702127974,0.006690730463703095333385178273,-0.04143993457577867010107869107,-213.9035980000000000000000000,US cash open,13:30,10425423,10425423,False,US cash open,13:30,10168647,10168647,False,US cash open,13:30,10425423,10425423,False,119,False,False,False,19,False,False,False
matched_lot,btcusdt_microprice_20260416_12_5h_5sessions_hs2.00_rq5000,2026-04-16 12:00,2026-04-16 16:00,btcusdt_microprice_20260416_12_5h_5sessions_hs2.00_rq5000:2026-04-16 16:00:fill-000017:fill-000020:114,fill-000017,fill-000020,buy,sell,1776356368647,1776357066794,1776357066794,698147,0.0000399656116218682012772826170,-0.009986862811986806091655554945,-0.008792434556811004281002175740,0.001194428255175801810653379205,-0.008860775752684398905186329015,-249.8864000000000000000000000,US cash open,13:30,10866794,10866794,False,US cash open,13:30,10168647,10168647,False,US cash open,13:30,10866794,10866794,False,88,False,False,False,14,False,False,True
matched_lot,btcusdt_microprice_20260416_12_5h_5sessions_hs2.00_rq5000,2026-04-16 12:00,2026-04-16 16:00,btcusdt_microprice_20260416_12_5h_5sessions_hs2.00_rq5000:2026-04-16 16:00:fill-000019:fill-000020:115,fill-000019,fill-000020,buy,sell,1776356714213,1776357066794,1776357066794,352581,0.0009600343883781317987227173830,-0.07858150278503754649449084142,-0.04992178819566285353358130392,0.02865971458937469296090953750,-0.05347391543266194118885535823,-81.85280000000000000000000001,US cash open,13:30,10866794,10866794,False,US cash open,13:30,10514213,10514213,False,US cash open,13:30,10866794,10866794,False,246,False,False,False,36,False,False,False
matched_lot,btcusdt_microprice_20260416_12_5h_5sessions_hs2.00_rq5000,2026-04-16 12:00,2026-04-16 16:00,btcusdt_microprice_20260416_12_5h_5sessions_hs2.00_rq5000:2026-04-16 16:00:fill-000019:fill-000021:116,fill-000019,fill-000021,buy,sell,1776356714213,1776357093824,1776357093824,379611,0.0000399656116218682012772826170,-0.004709771480946031300442136366,-0.003516973822724401712400870296,0.001192797658221629588041266070,-0.003597304702084356796968208356,-117.8455999999999999999999999,US cash open,13:30,10893824,10893824,False,US cash open,13:30,10514213,10514213,False,US cash open,13:30,10893824,10893824,False,200,False,False,False,32,False,False,False
matched_lot,btcusdt_microprice_20260416_12_5h_5sessions_hs2.00_rq5000,2026-04-16 12:00,2026-04-16 16:00,btcusdt_microprice_20260416_12_5h_5sessions_hs2.00_rq5000:2026-04-16 16:00:fill-000021:fill-000023:117,fill-000021,fill-000023,sell,buy,1776357093824,1776357201265,1776357201265,107441,0.00065000,0.03418251200000000000000000000,0.0535600000000000,0.01937748800000000000000000000,0.0535470000000000,52.588480000000000000000,US cash open,13:30,11001265,11001265,False,US cash open,13:30,10893824,10893824,False,US cash open,13:30,11001265,11001265,False,468,False,False,False,82,False,False,False
matched_lot,btcusdt_microprice_20260416_12_5h_5sessions_hs2.00_rq5000,2026-04-16 12:00,2026-04-16 16:00,btcusdt_microprice_20260416_12_5h_5sessions_hs2.00_rq5000:2026-04-16 16:00:fill-000021:fill-000026:118,fill-000021,fill-000026,sell,buy,1776357093824,1776357303480,1776357303480,209656,0.00007000,0.01611568000000000000000000000,0.0182000000000000,0.002084320000000000000000000000,0.0180593000000000,230.224000000000000000000,US cash open,13:30,11103480,11103480,False,US cash open,13:30,10893824,10893824,False,US cash open,13:30,11103480,11103480,False,606,False,False,False,109,False,False,False
matched_lot,btcusdt_microprice_20260416_12_5h_5sessions_hs2.00_rq5000,2026-04-16 12:00,2026-04-16 16:00,btcusdt_microprice_20260416_12_5h_5sessions_hs2.00_rq5000:2026-04-16 16:00:fill-000021:fill-000028:119,fill-000021,fill-000028,sell,buy,1776357093824,1776357463665,1776357463665,369841,0.0002021860465116279069767441860,0.02956105573953488372093023256,0.03558474418604651162790697674,0.006023688446511627906976744185,0.03517835023255813953488372093,146.2072000000000000000000000,US cash open,13:30,11263665,11263665,False,US cash open,13:30,10893824,10893824,False,US cash open,13:30,11263665,11263665,False,556,False,False,False,99,False,False,False
matched_lot,btcusdt_microprice_20260416_12_5h_5sessions_hs2.00_rq5000,2026-04-16 12:00,2026-04-16 16:00,btcusdt_microprice_20260416_12_5h_5sessions_hs2.00_rq5000:2026-04-16 16:00:fill-000021:fill-000032:120,fill-000021,fill-000032,sell,buy,1776357093824,1776357965461,1776357965461,871637,0.0000378483418665038917459731970,0.009470714888571535823811381139,0.01059753572262108968887249516,0.001126820834049553865061114021,0.01052146055546941686646308903,250.2280000000000000000000000,US cash close,20:00,-11634539,11634539,False,US cash open,13:30,10893824,10893824,False,US cash close,20:00,-11634539,11634539,False,618,False,False,False,114,False,False,False
matched_lot,btcusdt_microprice_20260416_12_5h_5sessions_hs2.00_rq5000,2026-04-16 12:00,2026-04-16 16:00,btcusdt_microprice_20260416_12_5h_5sessions_hs2.00_rq5000:2026-04-16 16:00:fill-000022:fill-000032:121,fill-000022,fill-000032,sell,buy,1776357107179,1776357965461,1776357965461,858282,0.00037000,0.09110835526000000000,0.1021237000000000,0.01101534474000000000,0.1013763000000000,246.238798000000,US cash close,20:00,-11634539,11634539,False,US cash open,13:30,10907179,10907179,False,US cash close,20:00,-11634539,11634539,False,616,False,False,False,112,False,False,False
matched_lot,btcusdt_microprice_20260416_12_5h_5sessions_hs2.00_rq5000,2026-04-16 12:00,2026-04-16 16:00,btcusdt_microprice_20260416_12_5h_5sessions_hs2.00_rq5000:2026-04-16 16:00:fill-000024:fill-000032:122,fill-000024,fill-000032,sell,buy,1776357208315,1776357965461,1776357965461,757146,0.0005921516581334961082540268030,0.09133773524244900090908052314,0.1089559050965632839187409318,0.01761816985411428300966040866,0.1074873689843922135702709454,154.2472000000000000000000001,US cash close,20:00,-11634539,11634539,False,US cash open,13:30,11008315,11008315,False,US cash close,20:00,-11634539,11634539,False,562,False,False,False,100,False,False,False
matched_lot,btcusdt_microprice_20260416_12_5h_5sessions_hs2.00_rq5000,2026-04-16 12:00,2026-04-16 16:00,btcusdt_microprice_20260416_12_5h_5sessions_hs2.00_rq5000:2026-04-16 16:00:fill-000024:fill-000033:123,fill-000024,fill-000033,sell,buy,1776357208315,1776358064421,1776358064421,856106,0.0004078483418665038917459731970,0.04296577138261085314840535519,0.05510438946958334081379843865,0.01213861808697248766539308346,0.05490454378206875390684291178,105.3474220000000000000000000,US cash close,20:00,-11535579,11535579,False,US cash open,13:30,11008315,11008315,False,US cash close,20:00,-11535579,11535579,False,530,False,False,False,88,False,False,False
matched_lot,btcusdt_microprice_20260416_12_5h_5sessions_hs2.00_rq5000,2026-04-16 12:00,2026-04-16 16:00,btcusdt_microprice_20260416_12_5h_5sessions_hs2.00_rq5000:2026-04-16 16:00:fill-000025:fill-000033:124,fill-000025,fill-000033,sell,buy,1776357300931,1776358064421,1776358064421,763490,0.00007000,-0.00334123692000000000,-0.0012600000000000,0.00208123692000000000,-0.0015057000000000,-47.731956000000,US cash close,20:00,-11535579,11535579,False,US cash open,13:30,11100931,11100931,False,US cash close,20:00,-11535579,11535579,False,304,False,False,False,43,False,False,False
matched_lot,btcusdt_microprice_20260416_12_5h_5sessions_hs2.00_rq5000,2026-04-16 12:00,2026-04-16 16:00,btcusdt_microprice_20260416_12_5h_5sessions_hs2.00_rq5000:2026-04-16 16:00:fill-000027:fill-000033:125,fill-000027,fill-000033,sell,buy,1776357404015,1776358064421,1776358064421,660406,0.000070000,0.002895915400000000000,0.00497840000000000,0.002082484600000000000,0.00478030000000000,41.370220000000,US cash close,20:00,-11535579,11535579,False,US cash open,13:30,11204015,11204015,False,US cash close,20:00,-11535579,11535579,False,450,False,False,False,78,False,False,False
matched_lot,btcusdt_microprice_20260416_12_5h_5sessions_hs2.00_rq5000,2026-04-16 12:00,2026-04-16 16:00,btcusdt_microprice_20260416_12_5h_5sessions_hs2.00_rq5000:2026-04-16 16:00:fill-000029:fill-000033:126,fill-000029,fill-000033,sell,buy,1776357841465,1776358064421,1776358064421,222956,0.0001021516581334961082540268030,-0.002667821306278661742072475114,0.0003697890024432559118795770269,0.003037610308721917653952052141,0.0001634426530135937732064428849,-26.11627999999999999999999999,US cash close,20:00,-11535579,11535579,False,US cash open,13:30,11641465,11641465,False,US cash close,20:00,-11535579,11535579,False,349,False,False,False,54,False,False,False
matched_lot,btcusdt_microprice_20260416_12_5h_5sessions_hs2.00_rq5000,2026-04-16 12:00,2026-04-16 16:00,btcusdt_microprice_20260416_12_5h_5sessions_hs2.00_rq5000:2026-04-16 16:00:fill-000029:fill-000034:127,fill-000029,fill-000034,sell,buy,1776357841465,1776358110835,1776358110835,269370,0.0003748301958221376269130880700,-0.004956642810153592981285856534,0.006188446533023492220335084036,0.01114508934317708520162094057,0.005435037839420995590239777016,-13.22370199999999999999999999,US cash close,20:00,-11489165,11489165,False,US cash open,13:30,11641465,11641465,False,US cash close,20:00,-11489165,11489165,False,380,False,False,False,60,False,False,False
matched_lot,btcusdt_microprice_20260416_12_5h_5sessions_hs2.00_rq5000,2026-04-16 12:00,2026-04-16 16:00,btcusdt_microprice_20260416_12_5h_5sessions_hs2.00_rq5000:2026-04-16 16:00:fill-000029:fill-000035:128,fill-000029,fill-000035,sell,buy,1776357841465,1776358111969,1776358111969,270504,0.0000830308996524661073648667370,-0.001097975873796115368893003000,0.001370840153262215432593949828,0.002468816027058330801486952828,0.001203948044960758556790567686,-13.22370200000000000000000000,US cash close,20:00,-11488031,11488031,False,US cash open,13:30,11641465,11641465,False,US cash close,20:00,-11488031,11488031,False,379,False,False,False,59,False,False,False
matched_lot,btcusdt_microprice_20260416_12_5h_5sessions_hs2.00_rq5000,2026-04-16 12:00,2026-04-16 16:00,btcusdt_microprice_20260416_12_5h_5sessions_hs2.00_rq5000:2026-04-16 16:00:fill-000030:fill-000035:129,fill-000030,fill-000035,sell,buy,1776357902483,1776358111969,1776358111969,209486,0.0000569691003475338926351332630,-0.001647008821619800845197148848,0.00004671466228497779196080927566,0.001693723483904778637157958124,-0.00006779322941356533223580858296,-28.91056399999999999999999999,US cash close,20:00,-11488031,11488031,False,US cash close,20:00,-11697517,11697517,False,US cash close,20:00,-11488031,11488031,False,341,False,False,False,53,False,False,False
matched_lot,btcusdt_microprice_20260416_12_5h_5sessions_hs2.00_rq5000,2026-04-16 12:00,2026-04-16 16:00,btcusdt_microprice_20260416_12_5h_5sessions_hs2.00_rq5000:2026-04-16 16:00:fill-000030:fill-000036:130,fill-000030,fill-000036,sell,buy,1776357902483,1776358112175,1776358112175,209692,0.00020000,-0.005782112799999999999999999999,0.0001640000000000,0.005946112799999999999999999999,-0.0002380000000000,-28.91056400000000000000000000,US cash close,20:00,-11487825,11487825,False,US cash close,20:00,-11697517,11697517,False,US cash close,20:00,-11487825,11487825,False,340,False,False,False,52,False,False,False
matched_lot,btcusdt_microprice_20260416_12_5h_5sessions_hs2.00_rq5000,2026-04-16 12:00,2026-04-16 16:00,btcusdt_microprice_20260416_12_5h_5sessions_hs2.00_rq5000:2026-04-16 16:00:fill-000030:fill-000037:131,fill-000030,fill-000037,sell,buy,1776357902483,1776358112812,1776358112812,210329,0.0001830308996524661073648667370,-0.005291526538380199154802851153,0.0001500853377150222080391907243,0.005441611876095221362842041877,-0.0002178067705864346677641914171,-28.91056400000000000000000001,US cash close,20:00,-11487188,11487188,False,US cash close,20:00,-11697517,11697517,False,US cash close,20:00,-11487188,11487188,False,339,False,False,False,51,False,False,False
matched_lot,btcusdt_microprice_20260416_12_5h_5sessions_hs2.00_rq5000,2026-04-16 12:00,2026-04-16 16:00,btcusdt_microprice_20260416_12_5h_5sessions_hs2.00_rq5000:2026-04-16 16:00:fill-000031:fill-000037:132,fill-000031,fill-000037,sell,buy,1776357919874,1776358112812,1776358112812,192938,0.00007000,0.000438368000000000000000000000,0.0025200000000000,0.002081632000000000000000000000,0.0023793000000000,6.2624000000000000000000,US cash close,20:00,-11487188,11487188,False,US cash close,20:00,-11680126,11680126,False,US cash close,20:00,-11487188,11487188,False,408,False,False,False,70,False,False,False
matched_lot,btcusdt_microprice_20260416_12_5h_5sessions_hs2.00_rq5000,2026-04-16 12:00,2026-04-16 16:00,btcusdt_microprice_20260416_12_5h_5sessions_hs2.00_rq5000:2026-04-16 16:00:fill-000037:fill-000039:133,fill-000037,fill-000039,buy,sell,1776358112812,1776358457282,1776358457282,344470,0.0000321389045253962657220451930,-0.007103087937857894933652790394,-0.006148815213798813557941686325,0.0009542727240590813757111040688,-0.006213414411894860052042997163,-221.0121360000000000000000000,US cash close,20:00,-11142718,11142718,False,US cash close,20:00,-11487188,11487188,False,US cash close,20:00,-11142718,11142718,False,110,False,False,False,17,False,False,False
matched_lot,btcusdt_microprice_20260416_12_5h_5sessions_hs2.00_rq5000,2026-04-16 12:00,2026-04-16 16:00,btcusdt_microprice_20260416_12_5h_5sessions_hs2.00_rq5000:2026-04-16 16:00:fill-000038:fill-000039:134,fill-000038,fill-000039,buy,sell,1776358444774,1776358457282,1776358457282,12508,0.00003779807296656514906895159157,-0.0002634274706565092897516108092,0.0008572602948816975808838220968,0.001120687765538206870635432906,0.0007056900222857713331173262146,-6.969335999999999999999999995,US cash close,20:00,-11142718,11142718,False,US cash close,20:00,-11155226,11155226,False,US cash close,20:00,-11142718,11142718,False,390,False,False,False,63,False,False,False
matched_lot,btcusdt_microprice_20260416_12_5h_5sessions_hs2.00_rq5000,2026-04-16 12:00,2026-04-16 16:00,btcusdt_microprice_20260416_12_5h_5sessions_hs2.00_rq5000:2026-04-16 16:00:fill-000038:fill-000041:135,fill-000038,fill-000041,buy,sell,1776358444774,1776358775608,1776358775608,330834,0.00007000,0.003121324500000000000000000000,0.0051975000000000,0.002076175500000000000000000000,0.0049168000000000,44.5903500000000000000000,US cash close,20:00,-10824392,10824392,False,US cash close,20:00,-11155226,11155226,False,US cash close,20:00,-10824392,10824392,False,454,False,False,False,80,False,False,False
matched_lot,btcusdt_microprice_20260416_17_5h_5sessions_hs2.00_rq5000,2026-04-16 17:00,2026-04-16 17:00,btcusdt_microprice_20260416_17_5h_5sessions_hs2.00_rq5000:2026-04-16 17:00:fill-000001:fill-000002:1,fill-000001,fill-000002,buy,sell,1776358851941,1776359012289,1776359012289,160348,0.000066141732283464566929133857,-0.007517404724409448818897637651,-0.005555905511811023622047243988,0.001961499212598425196850393663,-0.005688850393700787401574803040,-113.6560000000000000000000000,US cash close,20:00,-10587711,10587711,False,US cash close,20:00,-10748059,10748059,False,US cash close,20:00,-10587711,10587711,False,205,False,False,False,22,False,False,False
matched_lot,btcusdt_microprice_20260416_17_5h_5sessions_hs2.00_rq5000,2026-04-16 17:00,2026-04-16 17:00,btcusdt_microprice_20260416_17_5h_5sessions_hs2.00_rq5000:2026-04-16 17:00:fill-000001:fill-000003:2,fill-000001,fill-000003,buy,sell,1776358851941,1776359100379,1776359100379,248438,0.0001247555555555555555555555556,-0.006943595058400000000000000001,-0.003242396888888888888888888890,0.003701198169511111111111111111,-0.003493155555555555555555555557,-55.65760199999999999999999999,US cash close,20:00,-10499621,10499621,False,US cash close,20:00,-10748059,10748059,False,US cash close,20:00,-10499621,10499621,False,292,False,False,False,35,False,False,False
matched_lot,btcusdt_microprice_20260416_17_5h_5sessions_hs2.00_rq5000,2026-04-16 17:00,2026-04-16 17:00,btcusdt_microprice_20260416_17_5h_5sessions_hs2.00_rq5000:2026-04-16 17:00:fill-000001:fill-000008:3,fill-000001,fill-000008,buy,sell,1776358851941,1776359342575,1776359342575,490634,0.00049000,-0.1025848594400000000000000000,-0.0880628000000000,0.01452205944000000000000000000,-0.0890477000000000,-209.35685600000000000000,US cash close,20:00,-10257425,10257425,False,US cash close,20:00,-10748059,10748059,False,US cash close,20:00,-10257425,10257425,False,120,False,False,False,5,False,True,True
matched_lot,btcusdt_microprice_20260416_17_5h_5sessions_hs2.00_rq5000,2026-04-16 17:00,2026-04-16 17:00,btcusdt_microprice_20260416_17_5h_5sessions_hs2.00_rq5000:2026-04-16 17:00:fill-000001:fill-000009:4,fill-000001,fill-000009,buy,sell,1776358851941,1776359367562,1776359367562,515621,0.0003191027121609798775153105874,-0.05094053647890533683289588821,-0.04148016155380577427821522326,0.009460374925099562554680664952,-0.04148335258092738407699037636,-159.6368020000000000000000000,US cash close,20:00,-10232438,10232438,False,US cash close,20:00,-10748059,10748059,False,US cash close,20:00,-10232438,10232438,False,157,False,False,False,12,False,False,False
matched_lot,btcusdt_microprice_20260416_17_5h_5sessions_hs2.00_rq5000,2026-04-16 17:00,2026-04-16 17:00,btcusdt_microprice_20260416_17_5h_5sessions_hs2.00_rq5000:2026-04-16 17:00:fill-000004:fill-000009:5,fill-000004,fill-000009,buy,sell,1776359119794,1776359367562,1776359367562,247768,0.0006808972878390201224846894126,-0.1032479977827219597550306210,-0.08306266014348206474190726144,0.02018533763923989501312335955,-0.08306946911636045494313210834,-151.6352020000000000000000000,US cash close,20:00,-10232438,10232438,False,US cash close,20:00,-10480206,10480206,False,US cash close,20:00,-10232438,10232438,False,167,False,False,False,15,False,False,False
matched_lot,btcusdt_microprice_20260416_17_5h_5sessions_hs2.00_rq5000,2026-04-16 17:00,2026-04-16 17:00,btcusdt_microprice_20260416_17_5h_5sessions_hs2.00_rq5000:2026-04-16 17:00:fill-000004:fill-000010:6,fill-000004,fill-000010,buy,sell,1776359119794,1776359398480,1776359398480,278686,0.000075000000,-0.009873689999999999999999999998,-0.00765000000000000000,0.002223689999999999999999999998,-0.00780075000000000000,-131.6492000000000000000000000,US cash close,20:00,-10201520,10201520,False,US cash close,20:00,-10480206,10480206,False,US cash close,20:00,-10201520,10201520,False,183,False,False,False,18,False,False,False
matched_lot,btcusdt_microprice_20260416_17_5h_5sessions_hs2.00_rq5000,2026-04-16 17:00,2026-04-16 17:00,btcusdt_microprice_20260416_17_5h_5sessions_hs2.00_rq5000:2026-04-16 17:00:fill-000004:fill-000018:7,fill-000004,fill-000018,buy,sell,1776359119794,1776359969830,1776359969830,850036,0.0000141027121609798775153105874,-0.001602812724689413823272091128,-0.001184627821522309711286089342,0.0004181849031671041119860017861,-0.001212974272965879265091863623,-113.6528000000000000000000000,US cash close,20:00,-9630170,9630170,False,US cash close,20:00,-10480206,10480206,False,US cash close,20:00,-9630170,9630170,False,206,False,False,False,23,False,False,False
matched_lot,btcusdt_microprice_20260416_17_5h_5sessions_hs2.00_rq5000,2026-04-16 17:00,2026-04-16 17:00,btcusdt_microprice_20260416_17_5h_5sessions_hs2.00_rq5000:2026-04-16 17:00:fill-000005:fill-000018:8,fill-000005,fill-000018,buy,sell,1776359129782,1776359969830,1776359969830,840048,0.00007000,-0.00711482786000000000,-0.0050393000000000,0.00207552786000000000,-0.0053200000000000,-101.640398000000,US cash close,20:00,-9630170,9630170,False,US cash close,20:00,-10470218,10470218,False,US cash close,20:00,-9630170,9630170,False,220,False,False,False,26,False,False,False
matched_lot,btcusdt_microprice_20260416_17_5h_5sessions_hs2.00_rq5000,2026-04-16 17:00,2026-04-16 17:00,btcusdt_microprice_20260416_17_5h_5sessions_hs2.00_rq5000:2026-04-16 17:00:fill-000006:fill-000018:9,fill-000006,fill-000018,buy,sell,1776359282202,1776359969830,1776359969830,687628,0.0004058972878390201224846894126,0.02044910536132983377077865261,0.03247178302712160979877515301,0.01202267766579177602799650040,0.03088878360454943132108486430,50.38000000000000000000000001,US cash close,20:00,-9630170,9630170,False,US cash close,20:00,-10317798,10317798,False,US cash close,20:00,-9630170,9630170,False,461,False,False,False,75,False,False,False
matched_lot,btcusdt_microprice_20260416_17_5h_5sessions_hs2.00_rq5000,2026-04-16 17:00,2026-04-16 17:00,btcusdt_microprice_20260416_17_5h_5sessions_hs2.00_rq5000:2026-04-16 17:00:fill-000006:fill-000020:10,fill-000006,fill-000020,buy,sell,1776359282202,1776360607905,1776360607905,1325703,0.0003941027121609798775153105874,0.07186998857123464566929133880,0.08355371600524934383202099763,0.01168372743401469816272965883,0.08280097982502187226596675441,182.3635980000000000000000000,US cash close,20:00,-8992095,8992095,False,US cash close,20:00,-10317798,10317798,False,US cash close,20:00,-8992095,8992095,False,578,False,False,False,97,False,False,False
matched_lot,btcusdt_microprice_20260416_17_5h_5sessions_hs2.00_rq5000,2026-04-16 17:00,2026-04-16 17:00,btcusdt_microprice_20260416_17_5h_5sessions_hs2.00_rq5000:2026-04-16 17:00:fill-000007:fill-000020:11,fill-000007,fill-000020,buy,sell,1776359307860,1776360607905,1776360607905,1300045,0.00007000,0.01192598400000000000,0.0140014000000000,0.00207541600000000000,0.0138600000000000,170.371200000000,US cash close,20:00,-8992095,8992095,False,US cash close,20:00,-10292140,10292140,False,US cash close,20:00,-8992095,8992095,False,572,False,False,False,96,False,False,False
matched_lot,btcusdt_microprice_20260416_17_5h_5sessions_hs2.00_rq5000,2026-04-16 17:00,2026-04-16 17:00,btcusdt_microprice_20260416_17_5h_5sessions_hs2.00_rq5000:2026-04-16 17:00:fill-000011:fill-000020:12,fill-000011,fill-000020,buy,sell,1776359434953,1776360607905,1776360607905,1172952,0.0001158972878390201224846894126,0.01070260435207244094488188965,0.01414062808923884514435695523,0.003438023737166404199475065581,0.01408963328258967629046369189,92.34559799999999999999999999,US cash close,20:00,-8992095,8992095,False,US cash close,20:00,-10165047,10165047,False,US cash close,20:00,-8992095,8992095,False,516,False,False,False,88,False,False,False
matched_lot,btcusdt_microprice_20260416_17_5h_5sessions_hs2.00_rq5000,2026-04-16 17:00,2026-04-16 17:00,btcusdt_microprice_20260416_17_5h_5sessions_hs2.00_rq5000:2026-04-16 17:00:fill-000011:fill-000027:13,fill-000011,fill-000027,buy,sell,1776359434953,1776361248382,1776361248382,1813429,0.00058000,0.09415232684000000000000000000,0.1113658000000000,0.01721347316000000000000000000,0.1099564000000000,162.331598000000000000000,US cash close,20:00,-8351618,8351618,False,US cash close,20:00,-10165047,10165047,False,US cash close,20:00,-8351618,8351618,False,568,False,False,False,94,False,False,False
matched_lot,btcusdt_microprice_20260416_17_5h_5sessions_hs2.00_rq5000,2026-04-16 17:00,2026-04-16 17:00,btcusdt_microprice_20260416_17_5h_5sessions_hs2.00_rq5000:2026-04-16 17:00:fill-000011:fill-000029:14,fill-000011,fill-000029,buy,sell,1776359434953,1776361565785,1776361565785,2130832,0.0001441027121609798775153105874,0.02916978659512965879265091888,0.03344768051968503937007874044,0.004277893924555380577427821557,0.03309751092913385826771653571,202.4235780000000000000000000,US cash close,20:00,-8034215,8034215,False,US cash close,20:00,-10165047,10165047,False,US cash close,20:00,-8034215,8034215,False,594,False,False,False,100,False,False,False
matched_lot,btcusdt_microprice_20260416_17_5h_5sessions_hs2.00_rq5000,2026-04-16 17:00,2026-04-16 17:00,btcusdt_microprice_20260416_17_5h_5sessions_hs2.00_rq5000:2026-04-16 17:00:fill-000012:fill-000029:15,fill-000012,fill-000029,buy,sell,1776359484136,1776361565785,1776361565785,2081649,0.00007000,0.01306973052000000000,0.0151480000000000,0.00207826948000000000,0.0149611000000000,186.710436000000,US cash close,20:00,-8034215,8034215,False,US cash close,20:00,-10115864,10115864,False,US cash close,20:00,-8034215,8034215,False,580,False,False,False,98,False,False,False
matched_lot,btcusdt_microprice_20260416_17_5h_5sessions_hs2.00_rq5000,2026-04-16 17:00,2026-04-16 17:00,btcusdt_microprice_20260416_17_5h_5sessions_hs2.00_rq5000:2026-04-16 17:00:fill-000013:fill-000029:16,fill-000013,fill-000029,buy,sell,1776359501439,1776361565785,1776361565785,2064346,0.0000658972878390201224846894126,0.01291799689884514435695538034,0.01487433581102362204724409421,0.001956338912178477690288713875,0.01461008768678915135608048967,196.0323000000000000000000000,US cash close,20:00,-8034215,8034215,False,US cash close,20:00,-10098561,10098561,False,US cash close,20:00,-8034215,8034215,False,585,False,False,False,99,False,False,False
matched_lot,btcusdt_microprice_20260416_17_5h_5sessions_hs2.00_rq5000,2026-04-16 17:00,2026-04-16 17:00,btcusdt_microprice_20260416_17_5h_5sessions_hs2.00_rq5000:2026-04-16 17:00:fill-000013:fill-000031:17,fill-000013,fill-000031,buy,sell,1776359501439,1776362341638,1776362341638,2840199,0.0000000000000000000000000000005,0.00000000000000000000000000004043766800000000000000000001,0.000000000000000000000000000055270000000,0.00000000000000000000000000001483233199999999999999999999,0.000000000000000000000000000053265000000,80.87533600000000000000000002,US cash close,20:00,-7258362,7258362,False,US cash close,20:00,-10098561,10098561,False,US cash close,20:00,-7258362,7258362,False,510,False,False,False,86,False,False,False
matched_lot,btcusdt_microprice_20260416_17_5h_5sessions_hs2.00_rq5000,2026-04-16 17:00,2026-04-16 17:00,btcusdt_microprice_20260416_17_5h_5sessions_hs2.00_rq5000:2026-04-16 17:00:fill-000013:fill-000032:18,fill-000013,fill-000032,buy,sell,1776359501439,1776362345982,1776362345982,2844543,0.0000041027121609798775153105869,0.0004264388641704286964129484567,0.0005481633718285214348206475157,0.0001217245076580927384076990590,0.0005382348083989501312335958954,103.9407220000000000000000000,US cash close,20:00,-7254018,7254018,False,US cash close,20:00,-10098561,10098561,False,US cash close,20:00,-7254018,7254018,False,529,False,False,False,92,False,False,False
matched_lot,btcusdt_microprice_20260416_17_5h_5sessions_hs2.00_rq5000,2026-04-16 17:00,2026-04-16 17:00,btcusdt_microprice_20260416_17_5h_5sessions_hs2.00_rq5000:2026-04-16 17:00:fill-000014:fill-000032:19,fill-000014,fill-000032,buy,sell,1776359588186,1776362345982,1776362345982,2757796,0.0000658972878390201224846894131,0.003843235262432195975503062075,0.005798961329833770778652668353,0.001955726067401574803149606278,0.005639489893263342082239719974,58.32160000000000000000000000,US cash close,20:00,-7254018,7254018,False,US cash close,20:00,-10011814,10011814,False,US cash close,20:00,-7254018,7254018,False,477,False,False,False,78,False,False,False
matched_lot,btcusdt_microprice_20260416_17_5h_5sessions_hs2.00_rq5000,2026-04-16 17:00,2026-04-16 18:00,btcusdt_microprice_20260416_17_5h_5sessions_hs2.00_rq5000:2026-04-16 18:00:fill-000001:fill-000004:20,fill-000001,fill-000004,sell,buy,1776362455512,1776362869203,1776362869203,413691,0.00015000,-0.00019153440000000000,0.0042720000000000,0.00446353440000000000,0.0035985000000000,-1.276896000000,US cash close,20:00,-6730797,6730797,False,US cash close,20:00,-7144488,7144488,False,US cash close,20:00,-6730797,6730797,False,399,False,False,False,60,False,False,False
matched_lot,btcusdt_microprice_20260416_17_5h_5sessions_hs2.00_rq5000,2026-04-16 17:00,2026-04-16 18:00,btcusdt_microprice_20260416_17_5h_5sessions_hs2.00_rq5000:2026-04-16 18:00:fill-000002:fill-000004:21,fill-000002,fill-000004,sell,buy,1776362484472,1776362869203,1776362869203,384731,0.00040000,0.02409232000000000000,0.0360000000000000,0.01190768000000000000,0.0343960000000000,60.230800000000,US cash close,20:00,-6730797,6730797,False,US cash close,20:00,-7115528,7115528,False,US cash close,20:00,-6730797,6730797,False,480,False,False,False,79,False,False,False
matched_lot,btcusdt_microprice_20260416_17_5h_5sessions_hs2.00_rq5000,2026-04-16 17:00,2026-04-16 18:00,btcusdt_microprice_20260416_17_5h_5sessions_hs2.00_rq5000:2026-04-16 18:00:fill-000003:fill-000004:22,fill-000003,fill-000004,sell,buy,1776362830400,1776362869203,1776362869203,38803,0.00045000,-0.00978876000000000000,0.0036000000000000,0.01338876000000000000,0.0017955000000000,-21.752800000000,US cash close,20:00,-6730797,6730797,False,US cash close,20:00,-6769600,6769600,False,US cash close,20:00,-6730797,6730797,False,363,False,False,False,47,False,False,False
matched_lot,btcusdt_microprice_20260416_17_5h_5sessions_hs2.00_rq5000,2026-04-16 17:00,2026-04-16 18:00,btcusdt_microprice_20260416_17_5h_5sessions_hs2.00_rq5000:2026-04-16 18:00:fill-000003:fill-000005:23,fill-000003,fill-000005,sell,buy,1776362830400,1776362971140,1776362971140,140740,0.00055000,0.03314498000000000000,0.0495000000000000,0.01635502000000000000,0.0483945000000000,60.263600000000,US cash close,20:00,-6628860,6628860,False,US cash close,20:00,-6769600,6769600,False,US cash close,20:00,-6628860,6628860,False,481,False,False,False,80,False,False,False
matched_lot,btcusdt_microprice_20260416_17_5h_5sessions_hs2.00_rq5000,2026-04-16 17:00,2026-04-16 18:00,btcusdt_microprice_20260416_17_5h_5sessions_hs2.00_rq5000:2026-04-16 18:00:fill-000005:fill-000006:24,fill-000005,fill-000006,buy,sell,1776362971140,1776362997465,1776362997465,26325,0.00028000,-0.02343532856000000000,-0.0151172000000000,0.00831812856000000000,-0.0156800000000000,-83.697602000000,US cash close,20:00,-6602535,6602535,False,US cash close,20:00,-6628860,6628860,False,US cash close,20:00,-6602535,6602535,False,244,False,False,False,29,False,False,False
matched_lot,btcusdt_microprice_20260416_17_5h_5sessions_hs2.00_rq5000,2026-04-16 17:00,2026-04-16 18:00,btcusdt_microprice_20260416_17_5h_5sessions_hs2.00_rq5000:2026-04-16 18:00:fill-000005:fill-000009:25,fill-000005,fill-000009,buy,sell,1776362971140,1776363088665,1776363088665,117525,0.00017000,-0.004370564340000000000000000001,0.0006817000000000,0.005052264340000000000000000001,0.0003400000000000,-25.70920200000000000000000001,US cash close,20:00,-6511335,6511335,False,US cash close,20:00,-6628860,6628860,False,US cash close,20:00,-6511335,6511335,False,352,False,False,False,44,False,False,False
matched_lot,btcusdt_microprice_20260416_17_5h_5sessions_hs2.00_rq5000,2026-04-16 17:00,2026-04-16 18:00,btcusdt_microprice_20260416_17_5h_5sessions_hs2.00_rq5000:2026-04-16 18:00:fill-000007:fill-000009:26,fill-000007,fill-000009,buy,sell,1776363017273,1776363088665,1776363088665,71392,0.0001099999999999999999999999998,-0.001067660219999999999999999998,0.002201099999999999999999999996,0.003268760219999999999999999994,0.001759999999999999999999999996,-9.706001999999999999999999999,US cash close,20:00,-6511335,6511335,False,US cash close,20:00,-6582727,6582727,False,US cash close,20:00,-6511335,6511335,False,385,False,False,False,55,False,False,False
matched_lot,btcusdt_microprice_20260416_17_5h_5sessions_hs2.00_rq5000,2026-04-16 17:00,2026-04-16 18:00,btcusdt_microprice_20260416_17_5h_5sessions_hs2.00_rq5000:2026-04-16 18:00:fill-000007:fill-000011:27,fill-000007,fill-000011,buy,sell,1776363017273,1776363245815,1776363245815,228542,0.00065000,0.05106162230000000000000000000,0.0703885000000000,0.01932687770000000000000000000,0.0690755000000000,78.556342000000000000000,US cash close,20:00,-6354185,6354185,False,US cash close,20:00,-6582727,6582727,False,US cash close,20:00,-6354185,6354185,False,508,False,False,False,84,False,False,False
matched_lot,btcusdt_microprice_20260416_17_5h_5sessions_hs2.00_rq5000,2026-04-16 17:00,2026-04-16 18:00,btcusdt_microprice_20260416_17_5h_5sessions_hs2.00_rq5000:2026-04-16 18:00:fill-000007:fill-000012:28,fill-000007,fill-000012,buy,sell,1776363017273,1776363392848,1776363392848,375575,0.0002400000000000000000000000002,0.02410367184000000000000000002,0.03124080000000000000000000003,0.007137128160000000000000000005,0.03075840000000000000000000003,100.4319660000000000000000000,US cash close,20:00,-6207152,6207152,False,US cash close,20:00,-6582727,6582727,False,US cash close,20:00,-6207152,6207152,False,525,False,False,False,89,False,False,False
matched_lot,btcusdt_microprice_20260416_17_5h_5sessions_hs2.00_rq5000,2026-04-16 17:00,2026-04-16 18:00,btcusdt_microprice_20260416_17_5h_5sessions_hs2.00_rq5000:2026-04-16 18:00:fill-000008:fill-000012:29,fill-000008,fill-000012,buy,sell,1776363020607,1776363392848,1776363392848,372241,0.00058000,0.05941657344000000000,0.0766644000000000,0.01724782656000000000,0.0766528000000000,102.442368000000,US cash close,20:00,-6207152,6207152,False,US cash close,20:00,-6579393,6579393,False,US cash close,20:00,-6207152,6207152,False,527,False,False,False,90,False,False,False
matched_lot,btcusdt_microprice_20260416_17_5h_5sessions_hs2.00_rq5000,2026-04-16 17:00,2026-04-16 18:00,btcusdt_microprice_20260416_17_5h_5sessions_hs2.00_rq5000:2026-04-16 18:00:fill-000010:fill-000012:30,fill-000010,fill-000012,buy,sell,1776363104458,1776363392848,1776363392848,288390,0.0001799999999999999999999999998,0.008328804479999999999999999986,0.01368359999999999999999999998,0.005354795519999999999999999994,0.01128059999999999999999999998,46.27113599999999999999999997,US cash close,20:00,-6207152,6207152,False,US cash close,20:00,-6495542,6495542,False,US cash close,20:00,-6207152,6207152,False,457,False,False,False,74,False,False,False
matched_lot,btcusdt_microprice_20260416_17_5h_5sessions_hs2.00_rq5000,2026-04-16 17:00,2026-04-16 18:00,btcusdt_microprice_20260416_17_5h_5sessions_hs2.00_rq5000:2026-04-16 18:00:fill-000010:fill-000013:31,fill-000010,fill-000013,buy,sell,1776363104458,1776363487509,1776363487509,383051,0.00049000,0.00778473486000000000000000000,0.0223587000000000,0.01457396514000000000000000000,0.0124558000000000,15.887214000000000000000,US cash close,20:00,-6112491,6112491,False,US cash close,20:00,-6495542,6495542,False,US cash close,20:00,-6112491,6112491,False,427,False,False,False,65,False,False,False
matched_lot,btcusdt_microprice_20260416_17_5h_5sessions_hs2.00_rq5000,2026-04-16 17:00,2026-04-16 18:00,btcusdt_microprice_20260416_17_5h_5sessions_hs2.00_rq5000:2026-04-16 18:00:fill-000010:fill-000014:32,fill-000010,fill-000014,buy,sell,1776363104458,1776363491849,1776363491849,387391,0.00016000,0.006048452800000000000000000001,0.0108080000000000,0.004759547199999999999999999999,0.0083520000000000,37.80283000000000000000000001,US cash close,20:00,-6108151,6108151,False,US cash close,20:00,-6495542,6495542,False,US cash close,20:00,-6108151,6108151,False,449,False,False,False,73,False,False,False
matched_lot,btcusdt_microprice_20260416_17_5h_5sessions_hs2.00_rq5000,2026-04-16 17:00,2026-04-16 18:00,btcusdt_microprice_20260416_17_5h_5sessions_hs2.00_rq5000:2026-04-16 18:00:fill-000010:fill-000017:33,fill-000010,fill-000017,buy,sell,1776363104458,1776363982148,1776363982148,877690,0.00007000,-0.003484575500000000000000000000,-0.0014035000000000,0.002081075500000000000000000000,-0.0024780000000000,-49.7796500000000000000000,US cash close,20:00,-5617852,5617852,False,US cash close,20:00,-6495542,6495542,False,US cash close,20:00,-5617852,5617852,False,302,False,False,False,37,False,False,False
matched_lot,btcusdt_microprice_20260416_17_5h_5sessions_hs2.00_rq5000,2026-04-16 17:00,2026-04-16 18:00,btcusdt_microprice_20260416_17_5h_5sessions_hs2.00_rq5000:2026-04-16 18:00:fill-000010:fill-000018:34,fill-000010,fill-000018,buy,sell,1776363104458,1776364019715,1776364019715,915257,0.0001000000000000000000000000002,-0.002786403400000000000000000006,0.0001870000000000000000000000004,0.002973403400000000000000000006,-0.001149000000000000000000000003,-27.86403400000000000000000000,US cash close,20:00,-5580285,5580285,False,US cash close,20:00,-6495542,6495542,False,US cash close,20:00,-5580285,5580285,False,344,False,False,False,43,False,False,False
matched_lot,btcusdt_microprice_20260416_17_5h_5sessions_hs2.00_rq5000,2026-04-16 17:00,2026-04-16 18:00,btcusdt_microprice_20260416_17_5h_5sessions_hs2.00_rq5000:2026-04-16 18:00:fill-000015:fill-000018:35,fill-000015,fill-000018,buy,sell,1776363686087,1776364019715,1776364019715,333628,0.00007000,-0.01064692132000000000,-0.0085638000000000,0.00208312132000000000,-0.0087052000000000,-152.098876000000,US cash close,20:00,-5580285,5580285,False,US cash close,20:00,-5913913,5913913,False,US cash close,20:00,-5580285,5580285,False,165,False,False,False,14,False,False,False
matched_lot,btcusdt_microprice_20260416_17_5h_5sessions_hs2.00_rq5000,2026-04-16 17:00,2026-04-16 18:00,btcusdt_microprice_20260416_17_5h_5sessions_hs2.00_rq5000:2026-04-16 18:00:fill-000016:fill-000018:36,fill-000016,fill-000018,buy,sell,1776363776008,1776364019715,1776364019715,243707,0.00007000,-0.00726104428000000000,-0.0051786000000000,0.00208244428000000000,-0.0053200000000000,-103.729204000000,US cash close,20:00,-5580285,5580285,False,US cash close,20:00,-5823992,5823992,False,US cash close,20:00,-5580285,5580285,False,217,False,False,False,25,False,False,False
matched_lot,btcusdt_microprice_20260416_17_5h_5sessions_hs2.00_rq5000,2026-04-16 17:00,2026-04-16 18:00,btcusdt_microprice_20260416_17_5h_5sessions_hs2.00_rq5000:2026-04-16 18:00:fill-000018:fill-000019:37,fill-000018,fill-000019,sell,buy,1776364019715,1776364412523,1776364412523,392808,0.0000599999999999999999999999998,-0.005022912119999999999999999983,-0.003238199999999999999999999989,0.001784712119999999999999999994,-0.003359399999999999999999999989,-83.71520200000000000000000000,US cash close,20:00,-5187477,5187477,False,US cash close,20:00,-5580285,5580285,False,US cash close,20:00,-5187477,5187477,False,243,False,False,False,28,False,False,False
matched_lot,btcusdt_microprice_20260416_17_5h_5sessions_hs2.00_rq5000,2026-04-16 17:00,2026-04-16 18:00,btcusdt_microprice_20260416_17_5h_5sessions_hs2.00_rq5000:2026-04-16 18:00:fill-000019:fill-000020:38,fill-000019,fill-000020,buy,sell,1776364412523,1776364447396,1776364447396,34873,0.0004000769019500137324910738812,-0.002300761447580335072782202692,0.009605846415819829717110683888,0.01190660786340016478989288658,0.008001538039000274649821477624,-5.750797999999999999999999995,US cash close,20:00,-5152604,5152604,False,US cash close,20:00,-5187477,5187477,False,US cash close,20:00,-5152604,5152604,False,394,False,False,False,59,False,False,False
matched_lot,btcusdt_microprice_20260416_17_5h_5sessions_hs2.00_rq5000,2026-04-16 17:00,2026-04-16 18:00,btcusdt_microprice_20260416_17_5h_5sessions_hs2.00_rq5000:2026-04-16 18:00:fill-000020:fill-000021:39,fill-000020,fill-000021,sell,buy,1776364447396,1776364812707,1776364812707,365311,0.00035000,-0.05452678000000000000000000000,-0.0441000000000000,0.01042678000000000000000000000,-0.0455035000000000,-155.790800000000000000000,US cash close,20:00,-4787293,4787293,False,US cash close,20:00,-5152604,5152604,False,US cash close,20:00,-4787293,4787293,False,161,False,False,False,13,False,False,False
matched_lot,btcusdt_microprice_20260416_17_5h_5sessions_hs2.00_rq5000,2026-04-16 17:00,2026-04-16 18:00,btcusdt_microprice_20260416_17_5h_5sessions_hs2.00_rq5000:2026-04-16 18:00:fill-000020:fill-000025:40,fill-000020,fill-000025,sell,buy,1776364447396,1776365603210,1776365603210,1155814,0.0002499230980499862675089261188,-0.1558681279948695413347981321,-0.1483993371601208459214501508,0.007468790834748695413347981313,-0.1494015287833012908541609446,-623.6643559999999999999999999,US cash close,20:00,-3996790,3996790,False,US cash close,20:00,-5152604,5152604,False,US cash close,20:00,-3996790,3996790,False,16,False,True,True,1,True,True,True
matched_lot,btcusdt_microprice_20260416_17_5h_5sessions_hs2.00_rq5000,2026-04-16 17:00,2026-04-16 18:00,btcusdt_microprice_20260416_17_5h_5sessions_hs2.00_rq5000:2026-04-16 18:00:fill-000022:fill-000025:41,fill-000022,fill-000025,sell,buy,1776365182711,1776365603210,1776365603210,420499,0.0000300769019500137324910738812,-0.01009777706194452073606152169,-0.009197215847294699258445482132,0.0009005612146498214776160395614,-0.009317523455094754188409777657,-335.7319539999999999999999999,US cash close,20:00,-3996790,3996790,False,US cash close,20:00,-4417289,4417289,False,US cash close,20:00,-3996790,3996790,False,56,False,False,True,2,False,True,True
matched_lot,btcusdt_microprice_20260416_17_5h_5sessions_hs2.00_rq5000,2026-04-16 17:00,2026-04-16 19:00,btcusdt_microprice_20260416_17_5h_5sessions_hs2.00_rq5000:2026-04-16 19:00:fill-000001:fill-000007:42,fill-000001,fill-000007,buy,sell,1776366010315,1776366478214,1776366478214,467899,0.00007000,-0.01217904800000000000,-0.0100800000000000,0.00209904800000000000,-0.0102207000000000,-173.986400000000,US cash close,20:00,-3121786,3121786,False,US cash close,20:00,-3589685,3589685,False,US cash close,20:00,-3121786,3121786,False,143,False,False,False,8,False,False,True
matched_lot,btcusdt_microprice_20260416_17_5h_5sessions_hs2.00_rq5000,2026-04-16 17:00,2026-04-16 19:00,btcusdt_microprice_20260416_17_5h_5sessions_hs2.00_rq5000:2026-04-16 19:00:fill-000001:fill-000012:43,fill-000001,fill-000012,buy,sell,1776366010315,1776366981313,1776366981313,970998,0.00015000,-0.03509616000000000000,-0.0306000000000000,0.00449616000000000000,-0.0309015000000000,-233.974400000000,US cash close,20:00,-2618687,2618687,False,US cash close,20:00,-3589685,3589685,False,US cash close,20:00,-2618687,2618687,False,97,False,False,False,3,False,True,True
matched_lot,btcusdt_microprice_20260416_17_5h_5sessions_hs2.00_rq5000,2026-04-16 17:00,2026-04-16 19:00,btcusdt_microprice_20260416_17_5h_5sessions_hs2.00_rq5000:2026-04-16 19:00:fill-000001:fill-000013:44,fill-000001,fill-000013,buy,sell,1776366010315,1776367289565,1776367289565,1279250,0.00024000,-0.04115205696000000000,-0.0339552000000000,0.00719685696000000000,-0.0344376000000000,-171.466904000000,US cash close,20:00,-2310435,2310435,False,US cash close,20:00,-3589685,3589685,False,US cash close,20:00,-2310435,2310435,False,147,False,False,False,9,False,False,True
matched_lot,btcusdt_microprice_20260416_17_5h_5sessions_hs2.00_rq5000,2026-04-16 17:00,2026-04-16 19:00,btcusdt_microprice_20260416_17_5h_5sessions_hs2.00_rq5000:2026-04-16 19:00:fill-000001:fill-000014:45,fill-000001,fill-000014,buy,sell,1776366010315,1776367312581,1776367312581,1302266,0.000066141732283464566929133858,-0.008994878740157480314960629885,-0.007011023622047244094488188948,0.001983855118110236220472440937,-0.007143968503937007874015748002,-135.9940000000000000000000000,US cash close,20:00,-2287419,2287419,False,US cash close,20:00,-3589685,3589685,False,US cash close,20:00,-2287419,2287419,False,180,False,False,False,17,False,False,False
matched_lot,btcusdt_microprice_20260416_17_5h_5sessions_hs2.00_rq5000,2026-04-16 17:00,2026-04-16 19:00,btcusdt_microprice_20260416_17_5h_5sessions_hs2.00_rq5000:2026-04-16 19:00:fill-000001:fill-000015:46,fill-000001,fill-000015,buy,sell,1776366010315,1776367486207,1776367486207,1475892,0.00007000,-0.007420000000000000000000000000,-0.0053200000000000,0.002100000000000000000000000000,-0.0054607000000000,-106.0000000000000000000000,US cash close,20:00,-2113793,2113793,False,US cash close,20:00,-3589685,3589685,False,US cash close,20:00,-2113793,2113793,False,214,False,False,False,24,False,False,False
matched_lot,btcusdt_microprice_20260416_17_5h_5sessions_hs2.00_rq5000,2026-04-16 17:00,2026-04-16 19:00,btcusdt_microprice_20260416_17_5h_5sessions_hs2.00_rq5000:2026-04-16 19:00:fill-000001:fill-000018:47,fill-000001,fill-000018,buy,sell,1776366010315,1776367660818,1776367660818,1650503,0.000403858267716535433070866142,-0.05007697130708661417322834649,-0.03796267716535433070866141735,0.01211429414173228346456692914,-0.03796671574803149606299212601,-123.9964000000000000000000000,US cash close,20:00,-1939182,1939182,False,US cash close,20:00,-3589685,3589685,False,US cash close,20:00,-1939182,1939182,False,195,False,False,False,20,False,False,False
matched_lot,btcusdt_microprice_20260416_17_5h_5sessions_hs2.00_rq5000,2026-04-16 17:00,2026-04-16 19:00,btcusdt_microprice_20260416_17_5h_5sessions_hs2.00_rq5000:2026-04-16 19:00:fill-000002:fill-000018:48,fill-000002,fill-000018,buy,sell,1776366095015,1776367660818,1776367660818,1565803,0.000436141732283464566929133858,-0.04099313587401574803149606296,-0.02791307086614173228346456691,0.01308006500787401574803149605,-0.02792179370078740157480314959,-93.99039999999999999999999998,US cash close,20:00,-1939182,1939182,False,US cash close,20:00,-3504985,3504985,False,US cash close,20:00,-1939182,1939182,False,231,False,False,False,27,False,False,False
matched_lot,btcusdt_microprice_20260416_17_5h_5sessions_hs2.00_rq5000,2026-04-16 17:00,2026-04-16 19:00,btcusdt_microprice_20260416_17_5h_5sessions_hs2.00_rq5000:2026-04-16 19:00:fill-000002:fill-000020:49,fill-000002,fill-000020,buy,sell,1776366095015,1776367818235,1776367818235,1723220,0.000257608267716535433070866142,-0.01699853966875984251968503939,-0.009271321555118110236220472451,0.007727218113641732283464566936,-0.009791690255905511811023622058,-65.98600200000000000000000001,US cash close,20:00,-1781765,1781765,True,US cash close,20:00,-3504985,3504985,False,US cash close,20:00,-1781765,1781765,True,276,False,False,False,31,False,False,False
matched_lot,btcusdt_microprice_20260416_17_5h_5sessions_hs2.00_rq5000,2026-04-16 17:00,2026-04-16 19:00,btcusdt_microprice_20260416_17_5h_5sessions_hs2.00_rq5000:2026-04-16 19:00:fill-000003:fill-000020:50,fill-000003,fill-000020,buy,sell,1776366195891,1776367818235,1776367818235,1622344,0.00012000,-0.004797696240000000000000000000,-0.0011988000000000,0.003598896240000000000000000000,-0.0016200000000000,-39.9808020000000000000000,US cash close,20:00,-1781765,1781765,True,US cash close,20:00,-3404109,3404109,False,US cash close,20:00,-1781765,1781765,True,319,False,False,False,38,False,False,False
matched_lot,btcusdt_microprice_20260416_17_5h_5sessions_hs2.00_rq5000,2026-04-16 17:00,2026-04-16 19:00,btcusdt_microprice_20260416_17_5h_5sessions_hs2.00_rq5000:2026-04-16 19:00:fill-000004:fill-000020:51,fill-000004,fill-000020,buy,sell,1776366195895,1776367818235,1776367818235,1622340,0.0002524627107726367259788912287,-0.01009366165178405595929030639,-0.002522102480618640892529123375,0.007571559171165415066761183019,-0.003408246595430595800715031588,-39.98080199999999999999999998,US cash close,20:00,-1781765,1781765,True,US cash close,20:00,-3404105,3404105,False,US cash close,20:00,-1781765,1781765,True,320,False,False,False,39,False,False,False
matched_lot,btcusdt_microprice_20260416_17_5h_5sessions_hs2.00_rq5000,2026-04-16 17:00,2026-04-16 19:00,btcusdt_microprice_20260416_17_5h_5sessions_hs2.00_rq5000:2026-04-16 19:00:fill-000004:fill-000021:52,fill-000004,fill-000021,buy,sell,1776366195895,1776368099910,1776368099910,1904015,0.00007000,-0.000560503860000000000000000000,0.0015393000000000,0.002099803860000000000000000000,0.0012936000000000,-8.0071980000000000000000,US cash close,20:00,-1500090,1500090,True,US cash close,20:00,-3404105,3404105,False,US cash close,20:00,-1500090,1500090,True,389,False,False,False,57,False,False,False
matched_lot,btcusdt_microprice_20260416_17_5h_5sessions_hs2.00_rq5000,2026-04-16 17:00,2026-04-16 19:00,btcusdt_microprice_20260416_17_5h_5sessions_hs2.00_rq5000:2026-04-16 19:00:fill-000004:fill-000023:53,fill-000004,fill-000023,buy,sell,1776366195895,1776368122805,1776368122805,1926910,0.00007000000000000000000000000470,-0.002047706360000000000000000138,0.00005180000000000000000000000348,0.002099506360000000000000000141,-0.0001939000000000000000000000130,-29.25294800000000000000000001,US cash close,20:00,-1477195,1477195,True,US cash close,20:00,-3404105,3404105,False,US cash close,20:00,-1477195,1477195,True,338,False,False,False,42,False,False,False
matched_lot,btcusdt_microprice_20260416_17_5h_5sessions_hs2.00_rq5000,2026-04-16 17:00,2026-04-16 19:00,btcusdt_microprice_20260416_17_5h_5sessions_hs2.00_rq5000:2026-04-16 19:00:fill-000004:fill-000024:54,fill-000004,fill-000024,buy,sell,1776366195895,1776368458020,1776368458020,2262125,0.000125373134328358208955223881,0.02055723223880597014925373140,0.02432238805970149253731343291,0.003765155820895522388059701505,0.02388232835820895522388059709,163.9683999999999999999999999,US cash close,20:00,-1141980,1141980,True,US cash close,20:00,-3404105,3404105,False,US cash close,20:00,-1141980,1141980,True,570,False,False,False,95,False,False,False
matched_lot,btcusdt_microprice_20260416_17_5h_5sessions_hs2.00_rq5000,2026-04-16 17:00,2026-04-16 19:00,btcusdt_microprice_20260416_17_5h_5sessions_hs2.00_rq5000:2026-04-16 19:00:fill-000004:fill-000025:55,fill-000004,fill-000025,buy,sell,1776366195895,1776368480727,1776368480727,2284832,0.0003621641548990050650658848856,0.08798872305951601797092590426,0.09887081428742838276298657377,0.01088209122791236479206066951,0.09788210614455409893535670804,242.9526000000000000000000000,US cash close,20:00,-1119273,1119273,True,US cash close,20:00,-3404105,3404105,False,US cash close,20:00,-1119273,1119273,True,614,False,False,False,101,False,False,False
matched_lot,btcusdt_microprice_20260416_17_5h_5sessions_hs2.00_rq5000,2026-04-16 17:00,2026-04-16 19:00,btcusdt_microprice_20260416_17_5h_5sessions_hs2.00_rq5000:2026-04-16 19:00:fill-000005:fill-000025:56,fill-000005,fill-000025,buy,sell,1776366345456,1776368480727,1776368480727,2135271,0.00058000,0.16064225316000000000,0.1780658000000000,0.01742354684000000000,0.1773466000000000,276.969402000000,US cash close,20:00,-1119273,1119273,True,US cash close,20:00,-3254544,3254544,False,US cash close,20:00,-1119273,1119273,True,630,False,False,False,103,False,False,False
matched_lot,btcusdt_microprice_20260416_17_5h_5sessions_hs2.00_rq5000,2026-04-16 17:00,2026-04-16 19:00,btcusdt_microprice_20260416_17_5h_5sessions_hs2.00_rq5000:2026-04-16 19:00:fill-000006:fill-000025:57,fill-000006,fill-000025,buy,sell,1776366417311,1776368480727,1776368480727,2063416,0.0000578358451009949349341151144,0.02076051181556033726124349845,0.02249698702738500979067209720,0.001736475211824672529428598754,0.02239346086465422885714003114,358.9557960000000000000000001,US cash close,20:00,-1119273,1119273,True,US cash close,20:00,-3182689,3182689,False,US cash close,20:00,-1119273,1119273,True,666,False,False,False,105,False,False,False
matched_lot,btcusdt_microprice_20260416_17_5h_5sessions_hs2.00_rq5000,2026-04-16 17:00,2026-04-16 19:00,btcusdt_microprice_20260416_17_5h_5sessions_hs2.00_rq5000:2026-04-16 19:00:fill-000006:fill-000026:58,fill-000006,fill-000026,buy,sell,1776366417311,1776368552159,1776368552159,2134848,0.0003021641548990050650658848856,0.1242213048875078605117542898,0.1332966952921470944031644584,0.009075390404639233891410168555,0.1331244617238546615160769040,411.1053639999999999999999997,US cash close,20:00,-1047841,1047841,True,US cash close,20:00,-3182689,3182689,False,US cash close,20:00,-1047841,1047841,True,680,False,False,False,109,False,False,False
matched_lot,btcusdt_microprice_20260416_17_5h_5sessions_hs2.00_rq5000,2026-04-16 17:00,2026-04-16 19:00,btcusdt_microprice_20260416_17_5h_5sessions_hs2.00_rq5000:2026-04-16 19:00:fill-000008:fill-000026:59,fill-000008,fill-000026,buy,sell,1776366552130,1776368552159,1776368552159,2000029,0.0006978358451009949349341151144,0.2855020677961975095230819282,0.3064615897345529356256659936,0.02095952193835542610258406536,0.3064546113761019256763166524,409.1249679999999999999999999,US cash close,20:00,-1047841,1047841,True,US cash close,20:00,-3047870,3047870,False,US cash close,20:00,-1047841,1047841,True,679,False,False,False,108,False,False,False
matched_lot,btcusdt_microprice_20260416_17_5h_5sessions_hs2.00_rq5000,2026-04-16 17:00,2026-04-16 19:00,btcusdt_microprice_20260416_17_5h_5sessions_hs2.00_rq5000:2026-04-16 19:00:fill-000008:fill-000029:60,fill-000008,fill-000029,buy,sell,1776366552130,1776369131072,1776369131072,2578942,0.0003021641548990050650658848856,0.1062881886315392008255642931,0.1153602310573421537408535316,0.009072042425802952915289238548,0.1147528811059951535600711030,351.7564440000000000000000001,US cash close,20:00,-468928,468928,True,US cash close,20:00,-3047870,3047870,False,US cash close,20:00,-468928,468928,True,662,False,False,False,104,False,False,False
matched_lot,btcusdt_microprice_20260416_17_5h_5sessions_hs2.00_rq5000,2026-04-16 17:00,2026-04-16 19:00,btcusdt_microprice_20260416_17_5h_5sessions_hs2.00_rq5000:2026-04-16 19:00:fill-000009:fill-000029:61,fill-000009,fill-000029,buy,sell,1776366592202,1776369131072,1776369131072,2538870,0.0003278358451009949349341151144,0.1185842691546701499082898822,0.1284264139598637558110902549,0.009842144805193605902800372690,0.1277641855527597460425233424,361.7184359999999999999999999,US cash close,20:00,-468928,468928,True,US cash close,20:00,-3007798,3007798,False,US cash close,20:00,-468928,468928,True,667,False,False,False,106,False,False,False
matched_lot,btcusdt_microprice_20260416_17_5h_5sessions_hs2.00_rq5000,2026-04-16 17:00,2026-04-16 19:00,btcusdt_microprice_20260416_17_5h_5sessions_hs2.00_rq5000:2026-04-16 19:00:fill-000009:fill-000031:62,fill-000009,fill-000031,buy,sell,1776366592202,1776369426462,1776369426462,2834260,0.0000421641548990050650658848856,0.02116262751370835261720378875,0.02242964384007473441244812374,0.001267016326366381795244334986,0.02234447224717874418101503627,501.9103919999999999999999998,US cash close,20:00,-173538,173538,True,US cash close,20:00,-3007798,3007798,False,US cash close,20:00,-173538,173538,True,687,False,False,False,111,False,False,False
matched_lot,btcusdt_microprice_20260416_17_5h_5sessions_hs2.00_rq5000,2026-04-16 17:00,2026-04-16 19:00,btcusdt_microprice_20260416_17_5h_5sessions_hs2.00_rq5000:2026-04-16 19:00:fill-000010:fill-000031:63,fill-000010,fill-000031,buy,sell,1776366592415,1776369426462,1776369426462,2834047,0.00014000,0.07110902316000000000,0.0753158000000000,0.00420677684000000000,0.0747544000000000,507.921594000000,US cash close,20:00,-173538,173538,True,US cash close,20:00,-3007585,3007585,False,US cash close,20:00,-173538,173538,True,689,False,False,False,112,False,False,False
matched_lot,btcusdt_microprice_20260416_17_5h_5sessions_hs2.00_rq5000,2026-04-16 17:00,2026-04-16 19:00,btcusdt_microprice_20260416_17_5h_5sessions_hs2.00_rq5000:2026-04-16 19:00:fill-000011:fill-000031:64,fill-000011,fill-000031,buy,sell,1776366939233,1776369426462,1776369426462,2487229,0.00014000,0.06757611672000000000,0.0717836000000000,0.00420748328000000000,0.0712222000000000,482.686548000000,US cash close,20:00,-173538,173538,True,US cash close,20:00,-2660767,2660767,False,US cash close,20:00,-173538,173538,True,686,False,False,False,110,False,False,False
matched_lot,btcusdt_microprice_20260416_17_5h_5sessions_hs2.00_rq5000,2026-04-16 17:00,2026-04-16 19:00,btcusdt_microprice_20260416_17_5h_5sessions_hs2.00_rq5000:2026-04-16 19:00:fill-000016:fill-000031:65,fill-000016,fill-000031,buy,sell,1776367508769,1776369426462,1776369426462,1917693,0.0006778358451009949349341151144,0.2466799186895203595070409880,0.2670673229697920043640413551,0.02038740428027164485700036711,0.2648372430394097310281081164,363.9228000000000000000000001,US cash close,20:00,-173538,173538,True,US cash close,20:00,-2091231,2091231,False,US cash close,20:00,-173538,173538,True,668,False,False,False,107,False,False,False
matched_lot,btcusdt_microprice_20260416_17_5h_5sessions_hs2.00_rq5000,2026-04-16 17:00,2026-04-16 20:00,btcusdt_microprice_20260416_17_5h_5sessions_hs2.00_rq5000:2026-04-16 20:00:fill-000001:fill-000002:66,fill-000001,fill-000002,buy,sell,1776369681848,1776369687718,1776369687718,5870,0.00015000,-0.00803890320000000000,-0.0035130000000000,0.00452590320000000000,-0.0036810000000000,-53.592688000000,US cash close,20:00,87718,87718,True,US cash close,20:00,81848,81848,True,US cash close,20:00,87718,87718,True,296,False,False,False,36,False,False,False
matched_lot,btcusdt_microprice_20260416_17_5h_5sessions_hs2.00_rq5000,2026-04-16 17:00,2026-04-16 20:00,btcusdt_microprice_20260416_17_5h_5sessions_hs2.00_rq5000:2026-04-16 20:00:fill-000002:fill-000005:67,fill-000002,fill-000005,sell,buy,1776369687718,1776370700393,1776370700393,1012675,0.0000400000000000000000000000000,0.002234367920000000000000000000,0.003440400000000000000000000000,0.001206032080000000000000000000,0.003396000000000000000000000000,55.859198,US cash close,20:00,1100393,1100393,True,US cash close,20:00,87718,87718,True,US cash close,20:00,1100393,1100393,True,473,False,False,False,76,False,False,False
matched_lot,btcusdt_microprice_20260416_17_5h_5sessions_hs2.00_rq5000,2026-04-16 17:00,2026-04-16 20:00,btcusdt_microprice_20260416_17_5h_5sessions_hs2.00_rq5000:2026-04-16 20:00:fill-000003:fill-000005:68,fill-000003,fill-000005,sell,buy,1776370274828,1776370700393,1776370700393,425565,0.0009600000000000000000000000000,-0.06156172800000000000000000000,-0.03264000000000000000000000000,0.02892172800000000000000000000,-0.03456960000000000000000000000,-64.1268,US cash close,20:00,1100393,1100393,True,US cash close,20:00,674828,674828,True,US cash close,20:00,1100393,1100393,True,279,False,False,False,32,False,False,False
matched_lot,btcusdt_microprice_20260416_17_5h_5sessions_hs2.00_rq5000,2026-04-16 17:00,2026-04-16 20:00,btcusdt_microprice_20260416_17_5h_5sessions_hs2.00_rq5000:2026-04-16 20:00:fill-000003:fill-000006:69,fill-000003,fill-000006,sell,buy,1776370274828,1776370784123,1776370784123,509295,0.0000400000000000000000000000000,0.000875616000000000000000000000,0.002080000000000000000000000000,0.001204384000000000000000000000,0.001919600000000000000000000000,21.8904,US cash close,20:00,1184123,1184123,True,US cash close,20:00,674828,674828,True,US cash close,20:00,1184123,1184123,True,436,False,False,False,69,False,False,False
matched_lot,btcusdt_microprice_20260416_17_5h_5sessions_hs2.00_rq5000,2026-04-16 17:00,2026-04-16 20:00,btcusdt_microprice_20260416_17_5h_5sessions_hs2.00_rq5000:2026-04-16 20:00:fill-000004:fill-000006:70,fill-000004,fill-000006,sell,buy,1776370291442,1776370784123,1776370784123,492681,0.0009600000000000000000000000000,0.09971904000000000000000000000,0.1286400000000000000000000000,0.02892096000000000000000000000,0.1267104000000000000000000000,103.874,US cash close,20:00,1184123,1184123,True,US cash close,20:00,691442,691442,True,US cash close,20:00,1184123,1184123,True,528,False,False,False,91,False,False,False
matched_lot,btcusdt_microprice_20260416_17_5h_5sessions_hs2.00_rq5000,2026-04-16 17:00,2026-04-16 20:00,btcusdt_microprice_20260416_17_5h_5sessions_hs2.00_rq5000:2026-04-16 20:00:fill-000004:fill-000012:71,fill-000004,fill-000012,sell,buy,1776370291442,1776371468566,1776371468566,1177124,0.0000400000000000000000000000000,0.00983649608000000000000000000,0.01104040000000000000000000000,0.00120390392000000000000000,0.01091080000000000000000000000,245.912402,US cash close,20:00,1868566,1868566,False,US cash close,20:00,691442,691442,True,US cash close,20:00,1868566,1868566,False,615,False,False,False,102,False,False,False
matched_lot,btcusdt_microprice_20260416_17_5h_5sessions_hs2.00_rq5000,2026-04-16 17:00,2026-04-16 20:00,btcusdt_microprice_20260416_17_5h_5sessions_hs2.00_rq5000:2026-04-16 20:00:fill-000007:fill-000012:72,fill-000007,fill-000012,sell,buy,1776370906169,1776371468566,1776371468566,562397,0.00028000,-0.00169041544000000000,0.0067228000000000,0.00841321544000000000,0.0052556000000000,-6.037198000000,US cash close,20:00,1868566,1868566,False,US cash close,20:00,1306169,1306169,True,US cash close,20:00,1868566,1868566,False,391,False,False,False,58,False,False,False
matched_lot,btcusdt_microprice_20260416_17_5h_5sessions_hs2.00_rq5000,2026-04-16 17:00,2026-04-16 20:00,btcusdt_microprice_20260416_17_5h_5sessions_hs2.00_rq5000:2026-04-16 20:00:fill-000008:fill-000012:73,fill-000008,fill-000012,sell,buy,1776371237338,1776371468566,1776371468566,231228,0.00014000,0.00178626588000000000,0.0059934000000000,0.00420713412000000000,0.0052598000000000,12.759042000000,US cash close,20:00,1868566,1868566,False,US cash close,20:00,1637338,1637338,True,US cash close,20:00,1868566,1868566,False,420,False,False,False,64,False,False,False
matched_lot,btcusdt_microprice_20260416_17_5h_5sessions_hs2.00_rq5000,2026-04-16 17:00,2026-04-16 20:00,btcusdt_microprice_20260416_17_5h_5sessions_hs2.00_rq5000:2026-04-16 20:00:fill-000009:fill-000012:74,fill-000009,fill-000012,sell,buy,1776371255900,1776371468566,1776371468566,212666,0.0001000000000000000000000000000,0.002701619000000000000000000000,0.005707000000000000000000000000,0.003005381000000000000000000000,0.004839000000000000000000000000,27.01619,US cash close,20:00,1868566,1868566,False,US cash close,20:00,1655900,1655900,True,US cash close,20:00,1868566,1868566,False,443,False,False,False,71,False,False,False
matched_lot,btcusdt_microprice_20260416_17_5h_5sessions_hs2.00_rq5000,2026-04-16 17:00,2026-04-16 20:00,btcusdt_microprice_20260416_17_5h_5sessions_hs2.00_rq5000:2026-04-16 20:00:fill-000009:fill-000014:75,fill-000009,fill-000014,sell,buy,1776371255900,1776371560525,1776371560525,304625,0.00007000,0.00403356170000000000,0.0061369000000000,0.00210333830000000000,0.0057127000000000,57.622310000000,US cash close,20:00,1960525,1960525,False,US cash close,20:00,1655900,1655900,True,US cash close,20:00,1960525,1960525,False,476,False,False,False,77,False,False,False
matched_lot,btcusdt_microprice_20260416_17_5h_5sessions_hs2.00_rq5000,2026-04-16 17:00,2026-04-16 20:00,btcusdt_microprice_20260416_17_5h_5sessions_hs2.00_rq5000:2026-04-16 20:00:fill-000009:fill-000015:76,fill-000009,fill-000015,sell,buy,1776371255900,1776371983170,1776371983170,727270,0.0008300000000000000000000000000,0.07056476404000000000000000000,0.09549980000000000000000000000,0.02493503596000000000000000000,0.08931630000000000000000000000,85.017788,US cash close,20:00,2383170,2383170,False,US cash close,20:00,1655900,1655900,True,US cash close,20:00,2383170,2383170,False,511,False,False,False,87,False,False,False
matched_lot,btcusdt_microprice_20260416_17_5h_5sessions_hs2.00_rq5000,2026-04-16 17:00,2026-04-16 20:00,btcusdt_microprice_20260416_17_5h_5sessions_hs2.00_rq5000:2026-04-16 20:00:fill-000010:fill-000015:77,fill-000010,fill-000015,sell,buy,1776371367765,1776371983170,1776371983170,615405,0.0001700000000000000000000000000,0.01204460574000000000000000000,0.01715130000000000000000000000,0.005106694260000000000000000000,0.01646960000000000000000000000,70.850622,US cash close,20:00,2383170,2383170,False,US cash close,20:00,1767765,1767765,True,US cash close,20:00,2383170,2383170,False,499,False,False,False,82,False,False,False
matched_lot,btcusdt_microprice_20260416_17_5h_5sessions_hs2.00_rq5000,2026-04-16 17:00,2026-04-16 20:00,btcusdt_microprice_20260416_17_5h_5sessions_hs2.00_rq5000:2026-04-16 20:00:fill-000010:fill-000018:78,fill-000010,fill-000018,sell,buy,1776371367765,1776372472918,1776372472918,1105153,0.0001100000000000000000000000012,-0.001525294980000000000000000017,0.001780900000000000000000000019,0.003306194980000000000000000036,0.001339800000000000000000000015,-13.86631800000000000000000000,US cash close,20:00,2872918,2872918,False,US cash close,20:00,1767765,1767765,True,US cash close,20:00,2872918,2872918,False,378,False,False,False,54,False,False,False
matched_lot,btcusdt_microprice_20260416_17_5h_5sessions_hs2.00_rq5000,2026-04-16 17:00,2026-04-16 20:00,btcusdt_microprice_20260416_17_5h_5sessions_hs2.00_rq5000:2026-04-16 20:00:fill-000011:fill-000018:79,fill-000011,fill-000018,sell,buy,1776371387115,1776372472918,1776372472918,1085803,0.00006991891444646698659606155883,0.000886458007188482541783882178,0.002988334403441999007115671024,0.002101876396253516465331788846,0.002707959556511666390865464172,12.67837200000000000000000000,US cash close,20:00,2872918,2872918,False,US cash close,20:00,1787115,1787115,True,US cash close,20:00,2872918,2872918,False,419,False,False,False,63,False,False,False
matched_lot,btcusdt_microprice_20260416_17_5h_5sessions_hs2.00_rq5000,2026-04-16 17:00,2026-04-16 20:00,btcusdt_microprice_20260416_17_5h_5sessions_hs2.00_rq5000:2026-04-16 20:00:fill-000013:fill-000018:80,fill-000013,fill-000018,sell,buy,1776371476551,1776372472918,1776372472918,996367,0.0001200810855535330134039384400,-0.007533472067234817143802746906,-0.003925450686744994208174747604,0.003608021380489822935627999302,-0.004301304484527552540129074921,-62.73654200000000000000000000,US cash close,20:00,2872918,2872918,False,US cash close,20:00,1876551,1876551,False,US cash close,20:00,2872918,2872918,False,284,False,False,False,34,False,False,False
matched_lot,btcusdt_microprice_20260416_17_5h_5sessions_hs2.00_rq5000,2026-04-16 17:00,2026-04-16 20:00,btcusdt_microprice_20260416_17_5h_5sessions_hs2.00_rq5000:2026-04-16 20:00:fill-000013:fill-000022:81,fill-000013,fill-000022,sell,buy,1776371476551,1776372823220,1776372823220,1346669,0.00016000,-0.02050874048000000000000000000,-0.0156992000000000,0.004809540480000000000000000000,-0.0162000000000000,-128.179628000000000000000,US cash close,20:00,3223220,3223220,False,US cash close,20:00,1876551,1876551,False,US cash close,20:00,3223220,3223220,False,187,False,False,False,19,False,False,False
matched_lot,btcusdt_microprice_20260416_17_5h_5sessions_hs2.00_rq5000,2026-04-16 17:00,2026-04-16 20:00,btcusdt_microprice_20260416_17_5h_5sessions_hs2.00_rq5000:2026-04-16 20:00:fill-000013:fill-000023:82,fill-000013,fill-000023,sell,buy,1776371476551,1776372857069,1776372857069,1380518,0.0000700823840044319574050690665,-0.008553442976091281319020746266,-0.006446878504567695761692303427,0.002106564471523585557328442839,-0.006666236366501567788370169605,-122.0484020000000000000000000,US cash close,20:00,3257069,3257069,False,US cash close,20:00,1876551,1876551,False,US cash close,20:00,3257069,3257069,False,196,False,False,False,21,False,False,False
matched_lot,btcusdt_microprice_20260416_17_5h_5sessions_hs2.00_rq5000,2026-04-16 17:00,2026-04-16 20:00,btcusdt_microprice_20260416_17_5h_5sessions_hs2.00_rq5000:2026-04-16 20:00:fill-000016:fill-000023:83,fill-000016,fill-000023,sell,buy,1776372031715,1776372857069,1776372857069,825354,0.000700000000000000000000000000,-0.1533203014000000000000000000,-0.1322930000000000000000000000,0.02102730140000000000000000000,-0.1337000000000000000000000000,-219.029002,US cash close,20:00,3257069,3257069,False,US cash close,20:00,2431715,2431715,False,US cash close,20:00,3257069,3257069,False,112,False,False,False,4,False,True,True
matched_lot,btcusdt_microprice_20260416_17_5h_5sessions_hs2.00_rq5000,2026-04-16 17:00,2026-04-16 20:00,btcusdt_microprice_20260416_17_5h_5sessions_hs2.00_rq5000:2026-04-16 20:00:fill-000017:fill-000023:84,fill-000017,fill-000023,sell,buy,1776372282565,1776372857069,1776372857069,574504,0.00014000,-0.02008357680000000000,-0.0158760000000000,0.00420757680000000000,-0.0164374000000000,-143.454120000000,US cash close,20:00,3257069,3257069,False,US cash close,20:00,2682565,2682565,False,US cash close,20:00,3257069,3257069,False,171,False,False,False,16,False,False,False
matched_lot,btcusdt_microprice_20260416_17_5h_5sessions_hs2.00_rq5000,2026-04-16 17:00,2026-04-16 20:00,btcusdt_microprice_20260416_17_5h_5sessions_hs2.00_rq5000:2026-04-16 20:00:fill-000019:fill-000023:85,fill-000019,fill-000023,sell,buy,1776372656783,1776372857069,1776372857069,200286,0.00007000,-0.00140551600000000000,0.0007000000000000,0.00210551600000000000,0.0004193000000000,-20.078800000000,US cash close,20:00,3257069,3257069,False,US cash close,20:00,3056783,3056783,False,US cash close,20:00,3257069,3257069,False,369,False,False,False,51,False,False,False
matched_lot,btcusdt_microprice_20260416_17_5h_5sessions_hs2.00_rq5000,2026-04-16 17:00,2026-04-16 20:00,btcusdt_microprice_20260416_17_5h_5sessions_hs2.00_rq5000:2026-04-16 20:00:fill-000020:fill-000023:86,fill-000020,fill-000023,sell,buy,1776372656783,1776372857069,1776372857069,200286,0.0000199176159955680425949309335,-0.0003999218280518116136550992275,0.0001991761599556804259493093350,0.0005990979880074920396044085625,0.0001193065198134525751436362916,-20.07880000000000000000000000,US cash close,20:00,3257069,3257069,False,US cash close,20:00,3056783,3056783,False,US cash close,20:00,3257069,3257069,False,370,False,False,False,52,False,False,False
matched_lot,btcusdt_microprice_20260416_17_5h_5sessions_hs2.00_rq5000,2026-04-16 17:00,2026-04-16 21:00,btcusdt_microprice_20260416_17_5h_5sessions_hs2.00_rq5000:2026-04-16 21:00:fill-000001:fill-000005:87,fill-000001,fill-000005,sell,buy,1776373206108,1776374007749,1776374007749,801641,0.001,0.067921200000000,0.09800000000,0.030078800000000,0.09594000000,67.921200000000,US cash close,20:00,4407749,4407749,False,US cash close,20:00,3606108,3606108,False,US cash close,20:00,4407749,4407749,False,490,False,False,False,81,False,False,False
matched_lot,btcusdt_microprice_20260416_17_5h_5sessions_hs2.00_rq5000,2026-04-16 17:00,2026-04-16 21:00,btcusdt_microprice_20260416_17_5h_5sessions_hs2.00_rq5000:2026-04-16 21:00:fill-000002:fill-000009:88,fill-000002,fill-000009,sell,buy,1776373496603,1776374173215,1776374173215,676612,0.0001399999392885936524861754552,0.004663864177500885581177283376,0.008871796152718179758048938596,0.004207931975217294176871655220,0.008588996275355220580026864176,33.31332999999999999999999999,US cash close,20:00,4573215,4573215,False,US cash close,20:00,3896603,3896603,False,US cash close,20:00,4573215,4573215,False,447,False,False,False,72,False,False,False
matched_lot,btcusdt_microprice_20260416_17_5h_5sessions_hs2.00_rq5000,2026-04-16 17:00,2026-04-16 21:00,btcusdt_microprice_20260416_17_5h_5sessions_hs2.00_rq5000:2026-04-16 21:00:fill-000003:fill-000009:89,fill-000003,fill-000009,sell,buy,1776373690153,1776374173215,1776374173215,483062,0.0004395826423911016772392204157,0.03250502728730377652599295596,0.04572099063509848544965131544,0.01321596334779470892365835948,0.04531217877767476088981884045,73.94520200000000000000000000,US cash close,20:00,4573215,4573215,False,US cash close,20:00,4090153,4090153,False,US cash close,20:00,4573215,4573215,False,501,False,False,False,83,False,False,False
matched_lot,btcusdt_microprice_20260416_17_5h_5sessions_hs2.00_rq5000,2026-04-16 17:00,2026-04-16 21:00,btcusdt_microprice_20260416_17_5h_5sessions_hs2.00_rq5000:2026-04-16 21:00:fill-000003:fill-000010:90,fill-000003,fill-000010,sell,buy,1776373690153,1776374387781,1776374387781,697628,0.0005604173576088983227607795843,0.04499953666355689112440790058,0.06184765958571801889987963492,0.01684812292216112777547173434,0.06021124090150003579741815853,80.29647199999999999999999998,US cash close,20:00,4787781,4787781,False,US cash close,20:00,4090153,4090153,False,US cash close,20:00,4787781,4787781,False,509,False,False,False,85,False,False,False
matched_lot,btcusdt_microprice_20260416_17_5h_5sessions_hs2.00_rq5000,2026-04-16 17:00,2026-04-16 21:00,btcusdt_microprice_20260416_17_5h_5sessions_hs2.00_rq5000:2026-04-16 21:00:fill-000004:fill-000010:91,fill-000004,fill-000010,sell,buy,1776373881136,1776374387781,1776374387781,506645,0.00016000,0.01996121248000000000,0.0247728000000000,0.00481158752000000000,0.0241312000000000,124.757578000000,US cash close,20:00,4787781,4787781,False,US cash close,20:00,4281136,4281136,False,US cash close,20:00,4787781,4787781,False,540,False,False,False,93,False,False,False
matched_lot,btcusdt_microprice_20260416_17_5h_5sessions_hs2.00_rq5000,2026-04-16 17:00,2026-04-16 21:00,btcusdt_microprice_20260416_17_5h_5sessions_hs2.00_rq5000:2026-04-16 21:00:fill-000006:fill-000010:92,fill-000006,fill-000010,sell,buy,1776374168883,1776374387781,1776374387781,218898,0.0000047353652066295071096620013,-0.0001026775299020940512357112109,0.00003958765312742267943677433087,0.0001422651830295167306724855418,0.00003006956906209737014635370825,-21.68312799999999999999999999,US cash close,20:00,4787781,4787781,False,US cash close,20:00,4568883,4568883,False,US cash close,20:00,4787781,4787781,False,366,False,False,False,50,False,False,False
matched_lot,btcusdt_microprice_20260416_17_5h_5sessions_hs2.00_rq5000,2026-04-16 17:00,2026-04-16 21:00,btcusdt_microprice_20260416_17_5h_5sessions_hs2.00_rq5000:2026-04-16 21:00:fill-000007:fill-000010:93,fill-000007,fill-000010,sell,buy,1776374168948,1776374387781,1776374387781,218833,0.00006000,-0.00130098768000000000,0.0005016000000000,0.00180258768000000000,0.0003810000000000,-21.683128000000,US cash close,20:00,4787781,4787781,False,US cash close,20:00,4568948,4568948,False,US cash close,20:00,4787781,4787781,False,365,False,False,False,49,False,False,False
matched_lot,btcusdt_microprice_20260416_17_5h_5sessions_hs2.00_rq5000,2026-04-16 17:00,2026-04-16 21:00,btcusdt_microprice_20260416_17_5h_5sessions_hs2.00_rq5000:2026-04-16 21:00:fill-000008:fill-000010:94,fill-000008,fill-000010,sell,buy,1776374169198,1776374387781,1776374387781,218583,0.0002148472771844721701295584144,-0.004658561011642389677356991685,0.001796123237262187342283108344,0.006454684248904577019640100029,0.001364280210121398280322695931,-21.68312800000000000000000001,US cash close,20:00,4787781,4787781,False,US cash close,20:00,4569198,4569198,False,US cash close,20:00,4787781,4787781,False,364,False,False,False,48,False,False,False
matched_lot,btcusdt_microprice_20260416_17_5h_5sessions_hs2.00_rq5000,2026-04-16 17:00,2026-04-16 21:00,btcusdt_microprice_20260416_17_5h_5sessions_hs2.00_rq5000:2026-04-16 21:00:fill-000008:fill-000011:95,fill-000008,fill-000011,sell,buy,1776374169198,1776374400329,1776374400329,231131,0.0007204173576088983227607795843,0.00429541645300729535962887219,0.02593502487392033961938806503,0.02163960842091304425975919284,0.02448698598512645399063889806,5.962399999999999999999999995,US cash close,20:00,4800329,4800329,False,US cash close,20:00,4569198,4569198,False,US cash close,20:00,4800329,4800329,False,407,False,False,False,61,False,False,False
matched_lot,btcusdt_microprice_20260416_17_5h_5sessions_hs2.00_rq5000,2026-04-16 17:00,2026-04-16 21:00,btcusdt_microprice_20260416_17_5h_5sessions_hs2.00_rq5000:2026-04-16 21:00:fill-000011:fill-000015:96,fill-000011,fill-000015,buy,sell,1776374400329,1776374940814,1776374940814,540485,0.0001895826423911016772392204157,-0.03450404091518050525753811566,-0.02881656164344745494036150319,0.005687479271733050317176612472,-0.02919762275465356931161233622,-182.0000000000000000000000000,US cash close,20:00,5340814,5340814,False,US cash close,20:00,4800329,4800329,False,US cash close,20:00,5340814,5340814,False,140,False,False,False,7,False,False,True
matched_lot,btcusdt_microprice_20260416_17_5h_5sessions_hs2.00_rq5000,2026-04-16 17:00,2026-04-16 21:00,btcusdt_microprice_20260416_17_5h_5sessions_hs2.00_rq5000:2026-04-16 21:00:fill-000012:fill-000015:97,fill-000012,fill-000015,buy,sell,1776374407741,1776374940814,1776374940814,533073,0.0001926454138713227855147476247,-0.03159315435140700006239075736,-0.02581448545875725325897618171,0.005778668892649746803414575649,-0.02611501230439651680437918801,-163.9964000000000000000000000,US cash close,20:00,5340814,5340814,False,US cash close,20:00,4807741,4807741,False,US cash close,20:00,5340814,5340814,False,153,False,False,False,11,False,False,True
matched_lot,btcusdt_microprice_20260416_17_5h_5sessions_hs2.00_rq5000,2026-04-16 17:00,2026-04-16 21:00,btcusdt_microprice_20260416_17_5h_5sessions_hs2.00_rq5000:2026-04-16 21:00:fill-000012:fill-000016:98,fill-000012,fill-000016,buy,sell,1776374407741,1776374941934,1776374941934,534193,0.0006177719437375755372460319596,-0.1013123747939649328364151557,-0.08278144046083512199096828259,0.01853093433312981084544687307,-0.08374516469306573982907209245,-163.9964000000000000000000001,US cash close,20:00,5341934,5341934,False,US cash close,20:00,4807741,4807741,False,US cash close,20:00,5341934,5341934,False,152,False,False,False,10,False,False,True
matched_lot,btcusdt_microprice_20260416_17_5h_5sessions_hs2.00_rq5000,2026-04-16 17:00,2026-04-16 21:00,btcusdt_microprice_20260416_17_5h_5sessions_hs2.00_rq5000:2026-04-16 21:00:fill-000012:fill-000020:99,fill-000012,fill-000020,buy,sell,1776374407741,1776375092108,1776375092108,684367,0.0000295826423911016772392204157,-0.006034515889133005377344989847,-0.005147379776051691839624352332,0.0008871361130813135377206375148,-0.005535208217799034828230531981,-203.9884000000000000000000000,US cash close,20:00,5492108,5492108,False,US cash close,20:00,4807741,4807741,False,US cash close,20:00,5492108,5492108,False,126,False,False,False,6,False,True,True
matched_lot,btcusdt_microprice_20260416_17_5h_5sessions_hs2.00_rq5000,2026-04-16 17:00,2026-04-16 21:00,btcusdt_microprice_20260416_17_5h_5sessions_hs2.00_rq5000:2026-04-16 21:00:fill-000013:fill-000020:100,fill-000013,fill-000020,buy,sell,1776374661448,1776375092108,1776375092108,430660,0.00056000,-0.04365939200000000000000000000,-0.0268800000000000,0.01677939200000000000000000000,-0.0344736000000000,-77.963200000000000000000,US cash close,20:00,5492108,5492108,False,US cash close,20:00,5061448,5061448,False,US cash close,20:00,5492108,5492108,False,248,False,False,False,30,False,False,False
matched_lot,btcusdt_microprice_20260416_17_5h_5sessions_hs2.00_rq5000,2026-04-16 17:00,2026-04-16 21:00,btcusdt_microprice_20260416_17_5h_5sessions_hs2.00_rq5000:2026-04-16 21:00:fill-000014:fill-000020:101,fill-000014,fill-000020,buy,sell,1776374823083,1776375092108,1776375092108,269025,0.0001832316103307722917479125437,-0.01171956708940032808911318546,-0.006229874751246257919429026486,0.005489692338154070169684158976,-0.008714495387331530195530720578,-63.96040000000000000000000000,US cash close,20:00,5492108,5492108,False,US cash close,20:00,5223083,5223083,False,US cash close,20:00,5492108,5492108,False,280,False,False,False,33,False,False,False
matched_lot,btcusdt_microprice_20260416_17_5h_5sessions_hs2.00_rq5000,2026-04-16 17:00,2026-04-16 21:00,btcusdt_microprice_20260416_17_5h_5sessions_hs2.00_rq5000:2026-04-16 21:00:fill-000014:fill-000021:102,fill-000014,fill-000021,buy,sell,1776374823083,1776375133595,1776375133595,310512,0.0007267683896692277082520874563,-0.01451298332698274195162758484,0.007267683896692277082520874563,0.02178066722367501903414845940,0.004353342654118673972430003863,-19.96920000000000000000000001,US cash close,20:00,5533595,5533595,False,US cash close,20:00,5223083,5223083,False,US cash close,20:00,5533595,5533595,False,371,False,False,False,53,False,False,False
matched_lot,btcusdt_microprice_20260416_17_5h_5sessions_hs2.00_rq5000,2026-04-16 17:00,2026-04-16 21:00,btcusdt_microprice_20260416_17_5h_5sessions_hs2.00_rq5000:2026-04-16 21:00:fill-000017:fill-000021:103,fill-000017,fill-000021,buy,sell,1776375001339,1776375133595,1776375133595,132256,0.00017775000,-0.00425888964450000000000,0.0010682775000000000,0.00532716714450000000000,0.0003555000000000000,-23.959998000000,US cash close,20:00,5533595,5533595,False,US cash close,20:00,5401339,5401339,False,US cash close,20:00,5533595,5533595,False,358,False,False,False,46,False,False,False
matched_lot,btcusdt_microprice_20260416_17_5h_5sessions_hs2.00_rq5000,2026-04-16 17:00,2026-04-16 21:00,btcusdt_microprice_20260416_17_5h_5sessions_hs2.00_rq5000:2026-04-16 21:00:fill-000018:fill-000021:104,fill-000018,fill-000021,buy,sell,1776375014665,1776375133595,1776375133595,118930,0.0000954816103307722917479125437,0.001531334066484926015053021375,0.004392154075215525420403977010,0.002860820008730599405350955635,0.004200236038450673113990672797,16.03799999999999999999999999,US cash close,20:00,5533595,5533595,False,US cash close,20:00,5414665,5414665,False,US cash close,20:00,5533595,5533595,False,428,False,False,False,66,False,False,False
matched_lot,btcusdt_microprice_20260416_17_5h_5sessions_hs2.00_rq5000,2026-04-16 17:00,2026-04-16 21:00,btcusdt_microprice_20260416_17_5h_5sessions_hs2.00_rq5000:2026-04-16 21:00:fill-000018:fill-000023:105,fill-000018,fill-000023,buy,sell,1776375014665,1776375459405,1776375459405,444740,0.00058000,0.01162157600000000000000000000,0.0290000000000000,0.01737842400000000000000000000,0.0278342000000000,20.037200000000000000000,US cash close,20:00,5859405,5859405,False,US cash close,20:00,5414665,5414665,False,US cash close,20:00,5859405,5859405,False,432,False,False,False,67,False,False,False
matched_lot,btcusdt_microprice_20260416_17_5h_5sessions_hs2.00_rq5000,2026-04-16 17:00,2026-04-16 21:00,btcusdt_microprice_20260416_17_5h_5sessions_hs2.00_rq5000:2026-04-16 21:00:fill-000018:fill-000024:106,fill-000018,fill-000024,buy,sell,1776375014665,1776375459416,1776375459416,444751,0.0002345183896692277082520874563,0.004699091877480249435788726784,0.01172591948346138541260437282,0.007026827605981135976815646036,0.01125453752022623771901767703,20.03720000000000000000000002,US cash close,20:00,5859416,5859416,False,US cash close,20:00,5414665,5414665,False,US cash close,20:00,5859416,5859416,False,433,False,False,False,68,False,False,False
matched_lot,btcusdt_microprice_20260416_17_5h_5sessions_hs2.00_rq5000,2026-04-16 17:00,2026-04-16 21:00,btcusdt_microprice_20260416_17_5h_5sessions_hs2.00_rq5000:2026-04-16 21:00:fill-000019:fill-000024:107,fill-000019,fill-000024,buy,sell,1776375089832,1776375459416,1776375459416,369584,0.0000500000000000000000000000115,0.001102380100000000000000000253,0.002600500000000000000000000598,0.001498119900000000000000000345,0.002400000000000000000000000552,22.04760199999999999999999999,US cash close,20:00,5859416,5859416,False,US cash close,20:00,5489832,5489832,False,US cash close,20:00,5859416,5859416,False,437,False,False,False,70,False,False,False
matched_lot,btcusdt_microprice_20260416_17_5h_5sessions_hs2.00_rq5000,2026-04-16 17:00,2026-04-16 21:00,btcusdt_microprice_20260416_17_5h_5sessions_hs2.00_rq5000:2026-04-16 21:00:fill-000022:fill-000024:108,fill-000022,fill-000024,buy,sell,1776375152806,1776375459416,1776375459416,306610,0.0001354816103307722917479125322,-0.004060763210122171746101832746,0.000000000000000000000000000000000000000,0.004060763210122171746101832746,-0.0005432812574263968899091292542,-29.97280000000000000000000001,US cash close,20:00,5859416,5859416,False,US cash close,20:00,5552806,5552806,False,US cash close,20:00,5859416,5859416,False,337,False,False,False,41,False,False,False
matched_lot,btcusdt_microprice_20260416_17_5h_5sessions_hs2.00_rq5000,2026-04-16 17:00,2026-04-16 21:00,btcusdt_microprice_20260416_17_5h_5sessions_hs2.00_rq5000:2026-04-16 21:00:fill-000022:fill-000027:109,fill-000022,fill-000027,buy,sell,1776375152806,1776376301481,1776376301481,1148675,0.00007000,0.000634857300000000000000000000,0.0027335000000000,0.002098642700000000000000000000,0.0024528000000000,9.0693900000000000000000,US cash close,20:00,6701481,6701481,False,US cash close,20:00,5552806,5552806,False,US cash close,20:00,6701481,6701481,False,413,False,False,False,62,False,False,False
matched_lot,btcusdt_microprice_20260416_17_5h_5sessions_hs2.00_rq5000,2026-04-16 17:00,2026-04-16 21:00,btcusdt_microprice_20260416_17_5h_5sessions_hs2.00_rq5000:2026-04-16 21:00:fill-000022:fill-000028:110,fill-000022,fill-000028,buy,sell,1776375152806,1776376490024,1776376490024,1337218,0.0001169064493707202455655203036,-0.001027261413065594885153558397,0.002477247662165562003533375233,0.003504509075231156888686933630,0.002008452800188973818815638815,-8.787037999999999999999999996,US cash close,20:00,6890024,6890024,False,US cash close,20:00,5552806,5552806,False,US cash close,20:00,6890024,6890024,False,387,False,False,False,56,False,False,False
matched_lot,btcusdt_microprice_20260416_17_5h_5sessions_hs2.00_rq5000,2026-04-16 17:00,2026-04-16 21:00,btcusdt_microprice_20260416_17_5h_5sessions_hs2.00_rq5000:2026-04-16 21:00:fill-000025:fill-000028:111,fill-000025,fill-000028,buy,sell,1776375849736,1776376490024,1776376490024,640288,0.00008000,-0.00296501536000000000,-0.0005664000000000,0.00239861536000000000,-0.0007672000000000,-37.062692000000,US cash close,20:00,6890024,6890024,False,US cash close,20:00,6249736,6249736,False,US cash close,20:00,6890024,6890024,False,325,False,False,False,40,False,False,False
matched_lot,btcusdt_microprice_20260416_17_5h_5sessions_hs2.00_rq5000,2026-04-16 17:00,2026-04-16 21:00,btcusdt_microprice_20260416_17_5h_5sessions_hs2.00_rq5000:2026-04-16 21:00:fill-000026:fill-000028:112,fill-000026,fill-000028,buy,sell,1776375893463,1776376490024,1776376490024,596561,0.0000430935506292797544344796964,-0.001068299376364894881012307080,0.0002236555277659619255149496243,0.001291954904130856806527256704,0.00005085038974255011023268604172,-24.79023800000000000000000000,US cash close,20:00,6890024,6890024,False,US cash close,20:00,6293463,6293463,False,US cash close,20:00,6890024,6890024,False,357,False,False,False,45,False,False,False
matched_lot,btcusdt_microprice_20260417_12_5h_5sessions_hs2.00_rq5000,2026-04-17 12:00,2026-04-17 12:00,btcusdt_microprice_20260417_12_5h_5sessions_hs2.00_rq5000:2026-04-17 12:00:fill-000001:fill-000002:1,fill-000001,fill-000002,buy,sell,1776427261594,1776427361365,1776427361365,99771,0.00007002190139900773253475170898,-0.005337013167067447369597282388,-0.003220307245340365619273231096,0.002116705921727081750324051292,-0.003501095069950386626737585448,-76.21919800000000000000000001,US cash open,13:30,-5238635,5238635,False,US cash open,13:30,-5338406,5338406,False,US cash open,13:30,-5238635,5238635,False,251,False,False,False,34,False,False,False
matched_lot,btcusdt_microprice_20260417_12_5h_5sessions_hs2.00_rq5000,2026-04-17 12:00,2026-04-17 12:00,btcusdt_microprice_20260417_12_5h_5sessions_hs2.00_rq5000:2026-04-17 12:00:fill-000002:fill-000003:2,fill-000002,fill-000003,sell,buy,1776427361365,1776427372265,1776427372265,10900,0.000070000000000000000000000000,-0.003515680000000000000000000000,-0.001400000000000000000000000000,0.002115680000000000000000000000,-0.001680700000000000000000000000,-50.224,US cash open,13:30,-5227735,5227735,False,US cash open,13:30,-5238635,5238635,False,US cash open,13:30,-5227735,5227735,False,301,False,False,False,40,False,False,False
matched_lot,btcusdt_microprice_20260417_12_5h_5sessions_hs2.00_rq5000,2026-04-17 12:00,2026-04-17 12:00,btcusdt_microprice_20260417_12_5h_5sessions_hs2.00_rq5000:2026-04-17 12:00:fill-000002:fill-000009:3,fill-000002,fill-000009,sell,buy,1776427361365,1776429026258,1776429026258,1664893,0.0002599746790520131457619773562,-0.08166240594565567324026522442,-0.07379121290212341129307965278,0.007871193043532261947185571635,-0.07483371136512198400758518198,-314.1167680000000000000000000,US cash open,13:30,-3573742,3573742,False,US cash open,13:30,-5238635,5238635,False,US cash open,13:30,-3573742,3573742,False,61,False,False,True,20,False,False,False
matched_lot,btcusdt_microprice_20260417_12_5h_5sessions_hs2.00_rq5000,2026-04-17 12:00,2026-04-17 12:00,btcusdt_microprice_20260417_12_5h_5sessions_hs2.00_rq5000:2026-04-17 12:00:fill-000004:fill-000009:4,fill-000004,fill-000009,sell,buy,1776428500798,1776429026258,1776429026258,525460,0.00014000,-0.01990116352000000000,-0.0156576000000000,0.00424356352000000000,-0.0162190000000000,-142.151168000000,US cash open,13:30,-3573742,3573742,False,US cash open,13:30,-4099202,4099202,False,US cash open,13:30,-3573742,3573742,False,173,False,False,False,29,False,False,False
matched_lot,btcusdt_microprice_20260417_12_5h_5sessions_hs2.00_rq5000,2026-04-17 12:00,2026-04-17 12:00,btcusdt_microprice_20260417_12_5h_5sessions_hs2.00_rq5000:2026-04-17 12:00:fill-000005:fill-000009:5,fill-000005,fill-000009,sell,buy,1776428830924,1776429026258,1776429026258,195334,0.0006000253209479868542380226438,-0.1308871042094997901004859718,-0.1127087562868698507000701734,0.01817834792262993940041579840,-0.1151148578238712779855646442,-218.1359680000000000000000000,US cash open,13:30,-3573742,3573742,False,US cash open,13:30,-3769076,3769076,False,US cash open,13:30,-3573742,3573742,False,114,False,False,False,25,False,False,False
matched_lot,btcusdt_microprice_20260417_12_5h_5sessions_hs2.00_rq5000,2026-04-17 12:00,2026-04-17 12:00,btcusdt_microprice_20260417_12_5h_5sessions_hs2.00_rq5000:2026-04-17 12:00:fill-000005:fill-000011:6,fill-000005,fill-000011,sell,buy,1776428830924,1776429159565,1776429159565,328641,0.0003999746790520131457619773562,-0.09691418471404602682864372298,-0.08479463195902678690153919951,0.01211955275501923992710452347,-0.08639853042202535961604472871,-242.3008000000000000000000000,US cash open,13:30,-3440435,3440435,False,US cash open,13:30,-3769076,3769076,False,US cash open,13:30,-3440435,3440435,False,92,False,False,False,23,False,False,False
matched_lot,btcusdt_microprice_20260417_12_5h_5sessions_hs2.00_rq5000,2026-04-17 12:00,2026-04-17 12:00,btcusdt_microprice_20260417_12_5h_5sessions_hs2.00_rq5000:2026-04-17 12:00:fill-000006:fill-000011:7,fill-000006,fill-000011,sell,buy,1776428857665,1776429159565,1776429159565,301900,0.0006000253209479868542380226438,-0.1297890770729752444928097259,-0.1116047096963255548882722117,0.01818436737664968960453751424,-0.1140108112333269821737666825,-216.3059999999999999999999999,US cash open,13:30,-3440435,3440435,False,US cash open,13:30,-3742335,3742335,False,US cash open,13:30,-3440435,3440435,False,117,False,False,False,26,False,False,False
matched_lot,btcusdt_microprice_20260417_12_5h_5sessions_hs2.00_rq5000,2026-04-17 12:00,2026-04-17 12:00,btcusdt_microprice_20260417_12_5h_5sessions_hs2.00_rq5000:2026-04-17 12:00:fill-000006:fill-000013:8,fill-000006,fill-000013,sell,buy,1776428857665,1776429275733,1776429275733,418068,0.0003999746790520131457619773562,-0.08077613835529948758777756207,-0.06865565365927805647004341319,0.01212048469602143111773414888,-0.07025955212227662918454894239,-201.9531300000000000000000000,US cash open,13:30,-3324267,3324267,False,US cash open,13:30,-3742335,3742335,False,US cash open,13:30,-3324267,3324267,False,127,False,False,False,27,False,False,False
matched_lot,btcusdt_microprice_20260417_12_5h_5sessions_hs2.00_rq5000,2026-04-17 12:00,2026-04-17 12:00,btcusdt_microprice_20260417_12_5h_5sessions_hs2.00_rq5000:2026-04-17 12:00:fill-000007:fill-000013:9,fill-000007,fill-000013,sell,buy,1776428858783,1776429275733,1776429275733,416950,0.0006000253209479868542380226438,-0.1187773703811653233847537377,-0.1005942450569299961130044962,0.01818312532423532727174924154,-0.1018002959520354496900229217,-197.9539299999999999999999999,US cash open,13:30,-3324267,3324267,False,US cash open,13:30,-3741217,3741217,False,US cash open,13:30,-3324267,3324267,False,128,False,False,False,28,False,False,False
matched_lot,btcusdt_microprice_20260417_12_5h_5sessions_hs2.00_rq5000,2026-04-17 12:00,2026-04-17 12:00,btcusdt_microprice_20260417_12_5h_5sessions_hs2.00_rq5000:2026-04-17 12:00:fill-000007:fill-000015:10,fill-000007,fill-000015,sell,buy,1776428858783,1776429720962,1776429720962,862179,0.00008387115686182769587766889248,-0.004383509071409738435851797375,-0.001844326739391591032349938946,0.002539182332018147403501858429,-0.002012907764683864701064053419,-52.26479799999999999999999998,US cash open,13:30,-2879038,2879038,False,US cash open,13:30,-3741217,3741217,False,US cash open,13:30,-2879038,2879038,False,299,False,False,False,39,False,False,False
matched_lot,btcusdt_microprice_20260417_12_5h_5sessions_hs2.00_rq5000,2026-04-17 12:00,2026-04-17 12:00,btcusdt_microprice_20260417_12_5h_5sessions_hs2.00_rq5000:2026-04-17 12:00:fill-000007:fill-000016:11,fill-000007,fill-000016,sell,buy,1776428858783,1776429788665,1776429788665,929882,0.0003161035221901854498843084637,-0.01968591583073374122535510133,-0.01011531271008593439629787084,0.009570603120647806829057230494,-0.01075068078968820715056533085,-62.27679999999999999999999999,US cash open,13:30,-2811335,2811335,False,US cash open,13:30,-3741217,3741217,False,US cash open,13:30,-2811335,2811335,False,285,False,False,False,37,False,False,False
matched_lot,btcusdt_microprice_20260417_12_5h_5sessions_hs2.00_rq5000,2026-04-17 12:00,2026-04-17 12:00,btcusdt_microprice_20260417_12_5h_5sessions_hs2.00_rq5000:2026-04-17 12:00:fill-000008:fill-000016:12,fill-000008,fill-000016,sell,buy,1776429016406,1776429788665,1776429788665,772259,0.00040000,0.02227984000000000000,0.0344000000000000,0.01212016000000000000,0.0327960000000000,55.699600000000,US cash open,13:30,-2811335,2811335,False,US cash open,13:30,-3583594,3583594,False,US cash open,13:30,-2811335,2811335,False,472,False,False,False,61,False,False,False
matched_lot,btcusdt_microprice_20260417_12_5h_5sessions_hs2.00_rq5000,2026-04-17 12:00,2026-04-17 12:00,btcusdt_microprice_20260417_12_5h_5sessions_hs2.00_rq5000:2026-04-17 12:00:fill-000010:fill-000016:13,fill-000010,fill-000016,sell,buy,1776429029382,1776429788665,1776429788665,759283,0.000212199577784995128288405330,0.02069820782262910035725885062,0.02712971601981162715167262144,0.006431508197182526794413770815,0.02627879571289379668723611606,97.54122999999999999999999997,US cash open,13:30,-2811335,2811335,False,US cash open,13:30,-3570618,3570618,False,US cash open,13:30,-2811335,2811335,False,522,False,False,False,70,False,False,False
matched_lot,btcusdt_microprice_20260417_12_5h_5sessions_hs2.00_rq5000,2026-04-17 12:00,2026-04-17 12:00,btcusdt_microprice_20260417_12_5h_5sessions_hs2.00_rq5000:2026-04-17 12:00:fill-000012:fill-000016:14,fill-000012,fill-000016,sell,buy,1776429267758,1776429788665,1776429788665,520907,0.0000716969000248194218272862063,0.007147521320994268017499623735,0.009320597003226524837547206819,0.002173075682232256820047583084,0.009040262124129480898202517752,99.69080000000000000000000000,US cash open,13:30,-2811335,2811335,False,US cash open,13:30,-3332242,3332242,False,US cash open,13:30,-2811335,2811335,False,524,False,False,False,71,False,False,False
matched_lot,btcusdt_microprice_20260417_12_5h_5sessions_hs2.00_rq5000,2026-04-17 12:00,2026-04-17 12:00,btcusdt_microprice_20260417_12_5h_5sessions_hs2.00_rq5000:2026-04-17 12:00:fill-000012:fill-000018:15,fill-000012,fill-000018,sell,buy,1776429267758,1776430125663,1776430125663,857905,0.0000683030999751805781727137937,-0.02195421503438105690132292383,-0.01987825118577680366560489538,0.002075963848604253235718028453,-0.02036661835059934479953979901,-321.4234059999999999999999999,US cash open,13:30,-2474337,2474337,False,US cash open,13:30,-3332242,3332242,False,US cash open,13:30,-2474337,2474337,False,60,False,False,True,19,False,False,False
matched_lot,btcusdt_microprice_20260417_12_5h_5sessions_hs2.00_rq5000,2026-04-17 12:00,2026-04-17 12:00,btcusdt_microprice_20260417_12_5h_5sessions_hs2.00_rq5000:2026-04-17 12:00:fill-000014:fill-000018:16,fill-000014,fill-000018,sell,buy,1776429544415,1776430125663,1776430125663,581248,0.00007000,-0.03327818228000000000,-0.0311528000000000,0.00212538228000000000,-0.0316603000000000,-475.402604000000,US cash open,13:30,-2474337,2474337,False,US cash open,13:30,-3055585,3055585,False,US cash open,13:30,-2474337,2474337,False,35,False,True,True,11,False,False,True
matched_lot,btcusdt_microprice_20260417_12_5h_5sessions_hs2.00_rq5000,2026-04-17 12:00,2026-04-17 12:00,btcusdt_microprice_20260417_12_5h_5sessions_hs2.00_rq5000:2026-04-17 12:00:fill-000017:fill-000018:17,fill-000017,fill-000018,sell,buy,1776429846849,1776430125663,1776430125663,278814,0.0000216969000248194218272862063,-0.009183712658506191929322412872,-0.008524712019751550835940750455,0.0006590006387546410933816624171,-0.008638620744881852800534003038,-423.2730320000000000000000000,US cash open,13:30,-2474337,2474337,False,US cash open,13:30,-2753151,2753151,False,US cash open,13:30,-2474337,2474337,False,42,False,False,True,15,False,False,False
matched_lot,btcusdt_microprice_20260417_12_5h_5sessions_hs2.00_rq5000,2026-04-17 12:00,2026-04-17 12:00,btcusdt_microprice_20260417_12_5h_5sessions_hs2.00_rq5000:2026-04-17 12:00:fill-000017:fill-000019:18,fill-000017,fill-000019,sell,buy,1776429846849,1776430256615,1776430256615,409766,0.00007995724211651523249599144842,-0.03312878359294494922501336184,-0.03070038268305718866916087654,0.002428400909887760555852485303,-0.03080192838054516301443078568,-414.3312440000000000000000000,US cash open,13:30,-2343385,2343385,False,US cash open,13:30,-2753151,2753151,False,US cash open,13:30,-2343385,2343385,False,45,False,False,True,16,False,False,False
matched_lot,btcusdt_microprice_20260417_12_5h_5sessions_hs2.00_rq5000,2026-04-17 12:00,2026-04-17 12:00,btcusdt_microprice_20260417_12_5h_5sessions_hs2.00_rq5000:2026-04-17 12:00:fill-000017:fill-000020:19,fill-000017,fill-000020,sell,buy,1776429846849,1776430534884,1776430534884,688035,0.00008000,-0.03606948400000000000000000000,-0.0336392000000000,0.002430284000000000000000000001,-0.0336712000000000,-450.868550000000000000000,US cash open,13:30,-2065116,2065116,False,US cash open,13:30,-2753151,2753151,False,US cash open,13:30,-2065116,2065116,False,40,False,False,True,14,False,False,False
matched_lot,btcusdt_microprice_20260417_12_5h_5sessions_hs2.00_rq5000,2026-04-17 12:00,2026-04-17 12:00,btcusdt_microprice_20260417_12_5h_5sessions_hs2.00_rq5000:2026-04-17 12:00:fill-000017:fill-000021:20,fill-000017,fill-000021,sell,buy,1776429846849,1776430584861,1776430584861,738012,0.0008183458578586653456767223453,-0.3750070106407256989816570024,-0.3501456422019871414546991899,0.02486136843873855752695781245,-0.3501538256605657281081559571,-458.2500260000000000000000001,US cash open,13:30,-2015139,2015139,False,US cash open,13:30,-2753151,2753151,False,US cash open,13:30,-2015139,2015139,False,38,False,False,True,13,False,False,False
matched_lot,btcusdt_microprice_20260417_12_5h_5sessions_hs2.00_rq5000,2026-04-17 12:00,2026-04-17 13:00,btcusdt_microprice_20260417_12_5h_5sessions_hs2.00_rq5000:2026-04-17 13:00:fill-000001:fill-000002:21,fill-000001,fill-000002,sell,buy,1776430834939,1776430849842,1776430849842,14903,0.00006000,-0.00266679744000000000,-0.0008400000000000,0.00182679744000000000,-0.0021438000000000,-44.446624000000,US cash open,13:30,-1750158,1750158,True,US cash open,13:30,-1765061,1765061,True,US cash open,13:30,-1750158,1750158,True,312,False,False,False,42,False,False,False
matched_lot,btcusdt_microprice_20260417_12_5h_5sessions_hs2.00_rq5000,2026-04-17 12:00,2026-04-17 13:00,btcusdt_microprice_20260417_12_5h_5sessions_hs2.00_rq5000:2026-04-17 13:00:fill-000001:fill-000003:22,fill-000001,fill-000003,sell,buy,1776430834939,1776430849842,1776430849842,14903,0.00022000,-0.00977825728000000000,-0.0030800000000000,0.00669825728000000000,-0.0078606000000000,-44.446624000000,US cash open,13:30,-1750158,1750158,True,US cash open,13:30,-1765061,1765061,True,US cash open,13:30,-1750158,1750158,True,313,False,False,False,43,False,False,False
matched_lot,btcusdt_microprice_20260417_12_5h_5sessions_hs2.00_rq5000,2026-04-17 12:00,2026-04-17 13:00,btcusdt_microprice_20260417_12_5h_5sessions_hs2.00_rq5000:2026-04-17 13:00:fill-000003:fill-000004:23,fill-000003,fill-000004,buy,sell,1776430849842,1776431131912,1776431131912,282070,0.00021000,-0.00117272358000000000,0.0052227000000000,0.00639542358000000000,0.0008148000000000,-5.584398000000,US cash open,13:30,-1468088,1468088,True,US cash open,13:30,-1750158,1750158,True,US cash open,13:30,-1468088,1468088,True,396,False,False,False,47,False,False,False
matched_lot,btcusdt_microprice_20260417_12_5h_5sessions_hs2.00_rq5000,2026-04-17 12:00,2026-04-17 13:00,btcusdt_microprice_20260417_12_5h_5sessions_hs2.00_rq5000:2026-04-17 13:00:fill-000003:fill-000005:24,fill-000003,fill-000005,buy,sell,1776430849842,1776431184739,1776431184739,334897,0.00040000,0.00559267520000000000,0.0177760000000000,0.01218332480000000000,0.0103520000000000,13.981688000000,US cash open,13:30,-1415261,1415261,True,US cash open,13:30,-1750158,1750158,True,US cash open,13:30,-1415261,1415261,True,422,False,False,False,53,False,False,False
matched_lot,btcusdt_microprice_20260417_12_5h_5sessions_hs2.00_rq5000,2026-04-17 12:00,2026-04-17 13:00,btcusdt_microprice_20260417_12_5h_5sessions_hs2.00_rq5000:2026-04-17 13:00:fill-000003:fill-000007:25,fill-000003,fill-000007,buy,sell,1776430849842,1776431214469,1776431214469,364627,0.00011000,0.01941161024000000000000000000,0.0227656000000000,0.003353989760000000000000000000,0.0205568000000000,176.469184000000000000000,US cash open,13:30,-1385531,1385531,True,US cash open,13:30,-1750158,1750158,True,US cash open,13:30,-1385531,1385531,True,574,False,False,False,76,False,False,False
matched_lot,btcusdt_microprice_20260417_12_5h_5sessions_hs2.00_rq5000,2026-04-17 12:00,2026-04-17 13:00,btcusdt_microprice_20260417_12_5h_5sessions_hs2.00_rq5000:2026-04-17 13:00:fill-000006:fill-000007:26,fill-000006,fill-000007,buy,sell,1776431210949,1776431214469,1776431214469,3520,0.0001699648695153427014625752796,-0.007480987415090335531975910525,-0.002291126441066819615715514769,0.005189860974023515916260395756,-0.003231032169486664754803556066,-44.01490400000000000000000000,US cash open,13:30,-1385531,1385531,True,US cash open,13:30,-1389051,1389051,True,US cash open,13:30,-1385531,1385531,True,314,False,False,False,44,False,False,False
matched_lot,btcusdt_microprice_20260417_12_5h_5sessions_hs2.00_rq5000,2026-04-17 12:00,2026-04-17 13:00,btcusdt_microprice_20260417_12_5h_5sessions_hs2.00_rq5000:2026-04-17 13:00:fill-000006:fill-000010:27,fill-000006,fill-000010,buy,sell,1776431210949,1776431243337,1776431243337,32388,0.0001409181072506591932704985651,-0.008097466435312330204776748435,-0.003794924628260252074774526358,0.004302541807052078130002222077,-0.004080988385979090237113638445,-57.46221400000000000000000000,US cash open,13:30,-1356663,1356663,True,US cash open,13:30,-1389051,1389051,True,US cash open,13:30,-1356663,1356663,True,289,False,False,False,38,False,False,False
matched_lot,btcusdt_microprice_20260417_12_5h_5sessions_hs2.00_rq5000,2026-04-17 12:00,2026-04-17 13:00,btcusdt_microprice_20260417_12_5h_5sessions_hs2.00_rq5000:2026-04-17 13:00:fill-000006:fill-000013:28,fill-000006,fill-000013,buy,sell,1776431210949,1776431356876,1776431356876,145927,0.00010091229838709677419354839,0.02133528157236895161290322642,0.02442178533266129032258064586,0.003086503760292338709677419443,0.02401712701612903225806451682,211.4239980000000000000000000,US cash open,13:30,-1243124,1243124,True,US cash open,13:30,-1389051,1389051,True,US cash open,13:30,-1243124,1243124,True,597,False,False,False,82,False,False,False
matched_lot,btcusdt_microprice_20260417_12_5h_5sessions_hs2.00_rq5000,2026-04-17 12:00,2026-04-17 13:00,btcusdt_microprice_20260417_12_5h_5sessions_hs2.00_rq5000:2026-04-17 13:00:fill-000006:fill-000014:29,fill-000006,fill-000014,buy,sell,1776431210949,1776431369661,1776431369661,158712,0.00043966421825813221406086044,0.1289964264428121720881427071,0.1424512067156348373557187826,0.01345478027282266526757607553,0.1406881532004197271773347322,293.3976000000000000000000002,US cash open,13:30,-1230339,1230339,True,US cash open,13:30,-1389051,1389051,True,US cash open,13:30,-1230339,1230339,True,641,False,False,False,93,False,False,False
matched_lot,btcusdt_microprice_20260417_12_5h_5sessions_hs2.00_rq5000,2026-04-17 12:00,2026-04-17 13:00,btcusdt_microprice_20260417_12_5h_5sessions_hs2.00_rq5000:2026-04-17 13:00:fill-000006:fill-000015:30,fill-000006,fill-000015,buy,sell,1776431210949,1776431546878,1776431546878,335929,0.0000585405065887691170125173253,0.02021972694526139128505761509,0.02201181588244307568787663949,0.001792088937181684402819024402,0.02177706845102211152865644501,345.3971980000000000000000001,US cash open,13:30,-1053122,1053122,True,US cash open,13:30,-1389051,1389051,True,US cash open,13:30,-1053122,1053122,True,656,False,False,False,97,False,False,False
matched_lot,btcusdt_microprice_20260417_12_5h_5sessions_hs2.00_rq5000,2026-04-17 12:00,2026-04-17 13:00,btcusdt_microprice_20260417_12_5h_5sessions_hs2.00_rq5000:2026-04-17 13:00:fill-000008:fill-000015:31,fill-000008,fill-000015,buy,sell,1776431229256,1776431546878,1776431546878,317622,0.0009414594934112308829874826747,0.3192921723965516516576668838,0.3481140622837367312934515938,0.02882188988718507963578470996,0.3462123141070460449098168788,339.1459480000000000000000000,US cash open,13:30,-1053122,1053122,True,US cash open,13:30,-1370744,1370744,True,US cash open,13:30,-1053122,1053122,True,655,False,False,False,96,False,False,False
matched_lot,btcusdt_microprice_20260417_12_5h_5sessions_hs2.00_rq5000,2026-04-17 12:00,2026-04-17 13:00,btcusdt_microprice_20260417_12_5h_5sessions_hs2.00_rq5000:2026-04-17 13:00:fill-000008:fill-000016:32,fill-000008,fill-000016,buy,sell,1776431229256,1776431567286,1776431567286,338030,0.0000585405065887691170125173253,0.02260404384437368789858962164,0.02439675612086952951496659532,0.001792712276495841616376973682,0.02433177615855599579508270109,386.1265500000000000000000001,US cash open,13:30,-1032714,1032714,True,US cash open,13:30,-1370744,1370744,True,US cash open,13:30,-1032714,1032714,True,676,False,False,False,102,False,False,False
matched_lot,btcusdt_microprice_20260417_12_5h_5sessions_hs2.00_rq5000,2026-04-17 12:00,2026-04-17 13:00,btcusdt_microprice_20260417_12_5h_5sessions_hs2.00_rq5000:2026-04-17 13:00:fill-000009:fill-000016:33,fill-000009,fill-000016,buy,sell,1776431239719,1776431567286,1776431567286,327567,0.0000114594934112308829874826747,0.004828040262829055985402718791,0.005178888857337572948533045177,0.0003508485945085169631303263864,0.005166168819651106668416939408,421.3135860000000000000000000,US cash open,13:30,-1032714,1032714,True,US cash open,13:30,-1360281,1360281,True,US cash open,13:30,-1032714,1032714,True,683,False,False,False,105,False,False,False
matched_lot,btcusdt_microprice_20260417_12_5h_5sessions_hs2.00_rq5000,2026-04-17 12:00,2026-04-17 13:00,btcusdt_microprice_20260417_12_5h_5sessions_hs2.00_rq5000:2026-04-17 13:00:fill-000009:fill-000018:34,fill-000009,fill-000018,buy,sell,1776431239719,1776431650596,1776431650596,410877,0.00006998495039773948831352314260,0.03193389407783777143032648422,0.03407707204766731164962068859,0.002143177969829540219294204368,0.03393640229736785527811050707,456.2965879999999999999999999,US cash open,13:30,-949404,949404,True,US cash open,13:30,-1360281,1360281,True,US cash open,13:30,-949404,949404,True,685,False,False,False,106,False,False,False
matched_lot,btcusdt_microprice_20260417_12_5h_5sessions_hs2.00_rq5000,2026-04-17 12:00,2026-04-17 13:00,btcusdt_microprice_20260417_12_5h_5sessions_hs2.00_rq5000:2026-04-17 13:00:fill-000009:fill-000019:35,fill-000009,fill-000019,buy,sell,1776431239719,1776431675249,1776431675249,435530,0.0009185555561910296286989941827,0.4650615421508494648351483763,0.4932000347856495385373509465,0.02813849263480007370220257019,0.4931724781189638076484899767,506.2965860000000000000000000,US cash open,13:30,-924751,924751,True,US cash open,13:30,-1360281,1360281,True,US cash open,13:30,-924751,924751,True,688,False,False,False,107,False,False,False
matched_lot,btcusdt_microprice_20260417_12_5h_5sessions_hs2.00_rq5000,2026-04-17 12:00,2026-04-17 13:00,btcusdt_microprice_20260417_12_5h_5sessions_hs2.00_rq5000:2026-04-17 13:00:fill-000011:fill-000019:36,fill-000011,fill-000019,buy,sell,1776431260752,1776431675249,1776431675249,414497,0.0000814444438089703713010058173,0.04360229274134663189065685416,0.04609674075143914045265628253,0.002494448010092508561999428372,0.04608045186267734637839608136,535.3623980000000000000000000,US cash open,13:30,-924751,924751,True,US cash open,13:30,-1339248,1339248,True,US cash open,13:30,-924751,924751,True,692,False,False,False,109,False,False,False
matched_lot,btcusdt_microprice_20260417_12_5h_5sessions_hs2.00_rq5000,2026-04-17 12:00,2026-04-17 13:00,btcusdt_microprice_20260417_12_5h_5sessions_hs2.00_rq5000:2026-04-17 13:00:fill-000011:fill-000020:37,fill-000011,fill-000020,buy,sell,1776431260752,1776431690701,1776431690701,429949,0.0001285555561910296286989941827,0.06856675114849378526379663707,0.07250404813617880028994572910,0.003937296987685015026149092030,0.07222251146812044540309493184,533.3627980000000000000000000,US cash open,13:30,-909299,909299,True,US cash open,13:30,-1339248,1339248,True,US cash open,13:30,-909299,909299,True,691,False,False,False,108,False,False,False
matched_lot,btcusdt_microprice_20260417_12_5h_5sessions_hs2.00_rq5000,2026-04-17 12:00,2026-04-17 13:00,btcusdt_microprice_20260417_12_5h_5sessions_hs2.00_rq5000:2026-04-17 13:00:fill-000012:fill-000020:38,fill-000012,fill-000020,buy,sell,1776431290213,1776431690701,1776431690701,400488,0.00040000,0.15333712000000000000,0.1656000000000000,0.01226288000000000000,0.1639960000000000,383.342800000000,US cash open,13:30,-909299,909299,True,US cash open,13:30,-1309787,1309787,True,US cash open,13:30,-909299,909299,True,674,False,False,False,100,False,False,False
matched_lot,btcusdt_microprice_20260417_12_5h_5sessions_hs2.00_rq5000,2026-04-17 12:00,2026-04-17 13:00,btcusdt_microprice_20260417_12_5h_5sessions_hs2.00_rq5000:2026-04-17 13:00:fill-000017:fill-000020:39,fill-000017,fill-000020,buy,sell,1776431640207,1776431690701,1776431690701,50494,0.0004714444438089703713010058173,0.02555558236533064359152842412,0.04003977661269585363459442406,0.01448419424736521004306599994,0.03814928439302188244567739074,54.20698599999999999999999999,US cash open,13:30,-909299,909299,True,US cash open,13:30,-959793,959793,True,US cash open,13:30,-909299,909299,True,470,False,False,False,60,False,False,False
matched_lot,btcusdt_microprice_20260417_12_5h_5sessions_hs2.00_rq5000,2026-04-17 12:00,2026-04-17 13:00,btcusdt_microprice_20260417_12_5h_5sessions_hs2.00_rq5000:2026-04-17 13:00:fill-000017:fill-000021:40,fill-000017,fill-000021,buy,sell,1776431640207,1776431722482,1776431722482,82275,0.0005285555561910296286989941827,0.08129029270306738003091544506,0.09753964233949260768011238648,0.01624934963642522764919694142,0.09542013455916657886902941980,153.7970640000000000000000000,US cash open,13:30,-877518,877518,True,US cash open,13:30,-959793,959793,True,US cash open,13:30,-877518,877518,True,561,False,False,False,75,False,False,False
matched_lot,btcusdt_microprice_20260417_12_5h_5sessions_hs2.00_rq5000,2026-04-17 12:00,2026-04-17 13:00,btcusdt_microprice_20260417_12_5h_5sessions_hs2.00_rq5000:2026-04-17 13:00:fill-000021:fill-000022:41,fill-000021,fill-000022,sell,buy,1776431722482,1776431742756,1776431742756,20274,0.00007000,0.006779897460000000000000000000,0.0089327000000000,0.002152802540000000000000000000,0.0087374000000000,96.8556780000000000000000,US cash open,13:30,-857244,857244,True,US cash open,13:30,-877518,877518,True,US cash open,13:30,-857244,857244,True,521,False,False,False,69,False,False,False
matched_lot,btcusdt_microprice_20260417_12_5h_5sessions_hs2.00_rq5000,2026-04-17 12:00,2026-04-17 13:00,btcusdt_microprice_20260417_12_5h_5sessions_hs2.00_rq5000:2026-04-17 13:00:fill-000021:fill-000029:42,fill-000021,fill-000029,sell,buy,1776431722482,1776432223383,1776432223383,500901,0.000263875000,0.01869566988225000000000000000,0.02681233875000000000,0.008116668867749999999999999999,0.02575420000000000000,70.85047800000000000,US cash open,13:30,-376617,376617,True,US cash open,13:30,-877518,877518,True,US cash open,13:30,-376617,376617,True,498,False,False,False,67,False,False,False
matched_lot,btcusdt_microprice_20260417_12_5h_5sessions_hs2.00_rq5000,2026-04-17 12:00,2026-04-17 13:00,btcusdt_microprice_20260417_12_5h_5sessions_hs2.00_rq5000:2026-04-17 13:00:fill-000021:fill-000033:43,fill-000021,fill-000033,sell,buy,1776431722482,1776432647178,1776432647178,924696,0.0001375694438089703713010058173,0.05504928320446102962266632795,0.05927179486509488447503835638,0.004222511660633854852372028430,0.05763196709489195764913036704,400.1563260000000000000000000,US cash open,13:30,47178,47178,True,US cash open,13:30,-877518,877518,True,US cash open,13:30,47178,47178,True,678,False,False,False,103,False,False,False
matched_lot,btcusdt_microprice_20260417_12_5h_5sessions_hs2.00_rq5000,2026-04-17 12:00,2026-04-17 13:00,btcusdt_microprice_20260417_12_5h_5sessions_hs2.00_rq5000:2026-04-17 13:00:fill-000023:fill-000033:44,fill-000023,fill-000033,sell,buy,1776431908453,1776432647178,1776432647178,738725,0.0005624305561910296286989941827,0.1353141810108042593027222724,0.1525592883668167867846021721,0.01724510735601252748187989968,0.1458551161370197136105101615,240.5882460000000000000000000,US cash open,13:30,47178,47178,True,US cash open,13:30,-691547,691547,True,US cash open,13:30,47178,47178,True,612,False,False,False,85,False,False,False
matched_lot,btcusdt_microprice_20260417_12_5h_5sessions_hs2.00_rq5000,2026-04-17 12:00,2026-04-17 13:00,btcusdt_microprice_20260417_12_5h_5sessions_hs2.00_rq5000:2026-04-17 13:00:fill-000023:fill-000034:45,fill-000023,fill-000034,sell,buy,1776431908453,1776432649691,1776432649691,741238,0.000300000000000000000000000000,0.07217647380000000000000000000,0.08137500000000000000000000000,0.009198526199999999999999999999,0.08044200000000000000000000000,240.588246,US cash open,13:30,49691,49691,True,US cash open,13:30,-691547,691547,True,US cash open,13:30,49691,49691,True,613,False,False,False,86,False,False,False
matched_lot,btcusdt_microprice_20260417_12_5h_5sessions_hs2.00_rq5000,2026-04-17 12:00,2026-04-17 13:00,btcusdt_microprice_20260417_12_5h_5sessions_hs2.00_rq5000:2026-04-17 13:00:fill-000023:fill-000035:46,fill-000023,fill-000035,sell,buy,1776431908453,1776432699131,1776432699131,790678,0.0001375694438089703713010058173,0.04888821805458748399574325590,0.05310318100470065302590125554,0.004214962950113169030157999638,0.05231765948055143220577251233,355.3711980000000000000000000,US cash open,13:30,99131,99131,True,US cash open,13:30,-691547,691547,True,US cash open,13:30,99131,99131,True,663,False,False,False,98,False,False,False
matched_lot,btcusdt_microprice_20260417_12_5h_5sessions_hs2.00_rq5000,2026-04-17 12:00,2026-04-17 13:00,btcusdt_microprice_20260417_12_5h_5sessions_hs2.00_rq5000:2026-04-17 13:00:fill-000024:fill-000035:47,fill-000024,fill-000035,sell,buy,1776431924109,1776432699131,1776432699131,775022,0.0002624305561910296286989941827,0.1095250777096587863019707833,0.1175688891735812736571493938,0.008043811463922487355178610496,0.1160966537533495974401480365,417.3487999999999999999999998,US cash open,13:30,99131,99131,True,US cash open,13:30,-675891,675891,True,US cash open,13:30,99131,99131,True,681,False,False,False,104,False,False,False
matched_lot,btcusdt_microprice_20260417_12_5h_5sessions_hs2.00_rq5000,2026-04-17 12:00,2026-04-17 13:00,btcusdt_microprice_20260417_12_5h_5sessions_hs2.00_rq5000:2026-04-17 13:00:fill-000024:fill-000040:48,fill-000024,fill-000040,sell,buy,1776431924109,1776433025015,1776433025015,1100906,0.00007000,0.01927382828000000000000000000,0.0214214000000000,0.002147571720000000000000000000,0.0212863000000000,275.340404000000000000000,US cash open,13:30,425015,425015,True,US cash open,13:30,-675891,675891,True,US cash open,13:30,425015,425015,True,628,False,False,False,89,False,False,False
matched_lot,btcusdt_microprice_20260417_12_5h_5sessions_hs2.00_rq5000,2026-04-17 12:00,2026-04-17 13:00,btcusdt_microprice_20260417_12_5h_5sessions_hs2.00_rq5000:2026-04-17 13:00:fill-000024:fill-000041:49,fill-000024,fill-000041,sell,buy,1776431924109,1776433136531,1776433136531,1212422,0.00007000,0.02165360414000000000000000000,0.0238007000000000,0.002147095860000000000000000000,0.0235270000000000,309.337202000000000000000,US cash open,13:30,536531,536531,True,US cash open,13:30,-675891,675891,True,US cash open,13:30,536531,536531,True,648,False,False,False,95,False,False,False
matched_lot,btcusdt_microprice_20260417_12_5h_5sessions_hs2.00_rq5000,2026-04-17 12:00,2026-04-17 13:00,btcusdt_microprice_20260417_12_5h_5sessions_hs2.00_rq5000:2026-04-17 13:00:fill-000024:fill-000044:50,fill-000024,fill-000044,sell,buy,1776431924109,1776433610562,1776433610562,1686453,0.00007000,-0.004531631860000000000000000000,-0.0023793000000000,0.002152331860000000000000000000,-0.0026537000000000,-64.7375980000000000000000,US cash open,13:30,1010562,1010562,True,US cash open,13:30,-675891,675891,True,US cash open,13:30,1010562,1010562,True,277,False,False,False,35,False,False,False
matched_lot,btcusdt_microprice_20260417_12_5h_5sessions_hs2.00_rq5000,2026-04-17 12:00,2026-04-17 13:00,btcusdt_microprice_20260417_12_5h_5sessions_hs2.00_rq5000:2026-04-17 13:00:fill-000024:fill-000045:51,fill-000024,fill-000045,sell,buy,1776431924109,1776433730339,1776433730339,1806230,0.0002800000000000000000000000008,0.002552807600000000000000000004,0.01115800000000000000000000003,0.008605192400000000000000000026,0.01006320000000000000000000003,9.117169999999999999999999988,US cash open,13:30,1130339,1130339,True,US cash open,13:30,-675891,675891,True,US cash open,13:30,1130339,1130339,True,414,False,False,False,50,False,False,False
matched_lot,btcusdt_microprice_20260417_12_5h_5sessions_hs2.00_rq5000,2026-04-17 12:00,2026-04-17 13:00,btcusdt_microprice_20260417_12_5h_5sessions_hs2.00_rq5000:2026-04-17 13:00:fill-000024:fill-000047:52,fill-000024,fill-000047,sell,buy,1776431924109,1776433904993,1776433904993,1980884,0.0000090421743117239687428249673,-0.004402019804525203151006964482,-0.004123231486146129746728185089,0.0002787883183790734042787793934,-0.004173686818805549492313148407,-486.8320000000000000000000002,US cash open,13:30,1304993,1304993,True,US cash open,13:30,-675891,675891,True,US cash open,13:30,1304993,1304993,True,31,False,True,True,9,False,False,True
matched_lot,btcusdt_microprice_20260417_12_5h_5sessions_hs2.00_rq5000,2026-04-17 12:00,2026-04-17 13:00,btcusdt_microprice_20260417_12_5h_5sessions_hs2.00_rq5000:2026-04-17 13:00:fill-000025:fill-000047:53,fill-000025,fill-000047,sell,buy,1776431924111,1776433904993,1776433904993,1980882,0.0002385272694972464025581808492,-0.1161227076638834606502042991,-0.1087684348907443595665304672,0.007354272773139101083673831942,-0.1100994170545389944928051163,-486.8319999999999999999999997,US cash open,13:30,1304993,1304993,True,US cash open,13:30,-675889,675889,True,US cash open,13:30,1304993,1304993,True,32,False,True,True,10,False,False,True
matched_lot,btcusdt_microprice_20260417_12_5h_5sessions_hs2.00_rq5000,2026-04-17 12:00,2026-04-17 13:00,btcusdt_microprice_20260417_12_5h_5sessions_hs2.00_rq5000:2026-04-17 13:00:fill-000026:fill-000047:54,fill-000026,fill-000047,sell,buy,1776431940379,1776433904993,1776433904993,1964614,0.0001524305561910296286989941835,-0.08213440017644128809722569689,-0.07743624685060496167537603516,0.004698153325836326421849661729,-0.07830205240977000996638632212,-538.8315980000000000000000000,US cash open,13:30,1304993,1304993,True,US cash open,13:30,-659621,659621,True,US cash open,13:30,1304993,1304993,True,26,False,True,True,8,False,False,True
matched_lot,btcusdt_microprice_20260417_12_5h_5sessions_hs2.00_rq5000,2026-04-17 12:00,2026-04-17 14:00,btcusdt_microprice_20260417_12_5h_5sessions_hs2.00_rq5000:2026-04-17 14:00:fill-000001:fill-000002:55,fill-000001,fill-000002,buy,sell,1776434636617,1776434737153,1776434737153,100536,0.00014000,-0.00666553132000000000,-0.0023366000000000,0.00432893132000000000,-0.0026180000000000,-47.610938000000,US cash open,13:30,2137153,2137153,False,US cash open,13:30,2036617,2036617,False,US cash open,13:30,2137153,2137153,False,305,False,False,False,41,False,False,False
matched_lot,btcusdt_microprice_20260417_12_5h_5sessions_hs2.00_rq5000,2026-04-17 12:00,2026-04-17 14:00,btcusdt_microprice_20260417_12_5h_5sessions_hs2.00_rq5000:2026-04-17 14:00:fill-000002:fill-000004:56,fill-000002,fill-000004,sell,buy,1776434737153,1776434775870,1776434775870,38717,0.00028000,-0.00417603200000000000,0.0044800000000000,0.00865603200000000000,0.0023660000000000,-14.914400000000,US cash open,13:30,2175870,2175870,False,US cash open,13:30,2137153,2137153,False,US cash open,13:30,2175870,2175870,False,376,False,False,False,46,False,False,False
matched_lot,btcusdt_microprice_20260417_12_5h_5sessions_hs2.00_rq5000,2026-04-17 12:00,2026-04-17 14:00,btcusdt_microprice_20260417_12_5h_5sessions_hs2.00_rq5000:2026-04-17 14:00:fill-000002:fill-000006:57,fill-000002,fill-000006,sell,buy,1776434737153,1776435019563,1776435019563,282410,0.00058000,0.06600477604000000000,0.0839202000000000,0.01791542396000000000,0.0839144000000000,113.801338000000,US cash open,13:30,2419563,2419563,False,US cash open,13:30,2137153,2137153,False,US cash open,13:30,2419563,2419563,False,534,False,False,False,72,False,False,False
matched_lot,btcusdt_microprice_20260417_12_5h_5sessions_hs2.00_rq5000,2026-04-17 12:00,2026-04-17 14:00,btcusdt_microprice_20260417_12_5h_5sessions_hs2.00_rq5000:2026-04-17 14:00:fill-000003:fill-000006:58,fill-000003,fill-000006,sell,buy,1776434739678,1776435019563,1776435019563,279885,0.00042000,0.05115588996000000000,0.0641298000000000,0.01297391004000000000,0.0599256000000000,121.799738000000,US cash open,13:30,2419563,2419563,False,US cash open,13:30,2139678,2139678,False,US cash open,13:30,2419563,2419563,False,536,False,False,False,74,False,False,False
matched_lot,btcusdt_microprice_20260417_12_5h_5sessions_hs2.00_rq5000,2026-04-17 12:00,2026-04-17 14:00,btcusdt_microprice_20260417_12_5h_5sessions_hs2.00_rq5000:2026-04-17 14:00:fill-000003:fill-000008:59,fill-000003,fill-000008,sell,buy,1776434739678,1776435188072,1776435188072,448394,0.00007000,0.01561980014000000000,0.0177807000000000,0.00216089986000000000,0.0169400000000000,223.140002000000,US cash open,13:30,2588072,2588072,False,US cash open,13:30,2139678,2139678,False,US cash open,13:30,2588072,2588072,False,603,False,False,False,83,False,False,False
matched_lot,btcusdt_microprice_20260417_12_5h_5sessions_hs2.00_rq5000,2026-04-17 12:00,2026-04-17 14:00,btcusdt_microprice_20260417_12_5h_5sessions_hs2.00_rq5000:2026-04-17 14:00:fill-000003:fill-000009:60,fill-000003,fill-000009,sell,buy,1776434739678,1776435309137,1776435309137,569459,0.00007000,0.01274922614000000000,0.0149107000000000,0.00216147386000000000,0.0140700000000000,182.131802000000,US cash open,13:30,2709137,2709137,False,US cash open,13:30,2139678,2139678,False,US cash open,13:30,2709137,2709137,False,577,False,False,False,77,False,False,False
matched_lot,btcusdt_microprice_20260417_12_5h_5sessions_hs2.00_rq5000,2026-04-17 12:00,2026-04-17 14:00,btcusdt_microprice_20260417_12_5h_5sessions_hs2.00_rq5000:2026-04-17 14:00:fill-000003:fill-000011:61,fill-000003,fill-000011,sell,buy,1776434739678,1776435355165,1776435355165,615487,0.00007000,0.00449877638000000000,0.0066619000000000,0.00216312362000000000,0.0059304000000000,64.268234000000,US cash open,13:30,2755165,2755165,False,US cash open,13:30,2139678,2139678,False,US cash open,13:30,2755165,2755165,False,483,False,False,False,62,False,False,False
matched_lot,btcusdt_microprice_20260417_12_5h_5sessions_hs2.00_rq5000,2026-04-17 12:00,2026-04-17 14:00,btcusdt_microprice_20260417_12_5h_5sessions_hs2.00_rq5000:2026-04-17 14:00:fill-000003:fill-000013:62,fill-000003,fill-000013,sell,buy,1776434739678,1776435471007,1776435471007,731329,0.00014000,0.00963748072000000000,0.0139636000000000,0.00432611928000000000,0.0125580000000000,68.839148000000,US cash open,13:30,2871007,2871007,False,US cash open,13:30,2139678,2139678,False,US cash open,13:30,2871007,2871007,False,492,False,False,False,65,False,False,False
matched_lot,btcusdt_microprice_20260417_12_5h_5sessions_hs2.00_rq5000,2026-04-17 12:00,2026-04-17 14:00,btcusdt_microprice_20260417_12_5h_5sessions_hs2.00_rq5000:2026-04-17 14:00:fill-000003:fill-000017:63,fill-000003,fill-000017,sell,buy,1776434739678,1776436076222,1776436076222,1336544,0.00007000,-0.03232578706000000000,-0.0301553000000000,0.00217048706000000000,-0.0308574000000000,-461.796958000000,US cash open,13:30,3476222,3476222,False,US cash open,13:30,2139678,2139678,False,US cash open,13:30,3476222,3476222,False,37,False,False,True,12,False,False,False
matched_lot,btcusdt_microprice_20260417_12_5h_5sessions_hs2.00_rq5000,2026-04-17 12:00,2026-04-17 14:00,btcusdt_microprice_20260417_12_5h_5sessions_hs2.00_rq5000:2026-04-17 14:00:fill-000003:fill-000022:64,fill-000003,fill-000022,sell,buy,1776434739678,1776436724188,1776436724188,1984510,0.00016000,-0.09360345568000000000,-0.0886384000000000,0.00496505568000000000,-0.0902480000000000,-585.021598000000,US cash open,13:30,4124188,4124188,False,US cash open,13:30,2139678,2139678,False,US cash open,13:30,4124188,4124188,False,23,False,True,True,7,False,False,True
matched_lot,btcusdt_microprice_20260417_12_5h_5sessions_hs2.00_rq5000,2026-04-17 12:00,2026-04-17 14:00,btcusdt_microprice_20260417_12_5h_5sessions_hs2.00_rq5000:2026-04-17 14:00:fill-000005:fill-000022:65,fill-000005,fill-000022,sell,buy,1776434807956,1776436724188,1776436724188,1916232,0.00012000,-0.07788105576000000000,-0.0741588000000000,0.00372225576000000000,-0.0744060000000000,-649.008798000000,US cash open,13:30,4124188,4124188,False,US cash open,13:30,2207956,2207956,False,US cash open,13:30,4124188,4124188,False,13,False,True,True,5,False,True,True
matched_lot,btcusdt_microprice_20260417_12_5h_5sessions_hs2.00_rq5000,2026-04-17 12:00,2026-04-17 14:00,btcusdt_microprice_20260417_12_5h_5sessions_hs2.00_rq5000:2026-04-17 14:00:fill-000005:fill-000025:66,fill-000005,fill-000025,sell,buy,1776434807956,1776437143765,1776437143765,2335809,0.0001288135593220338983050847458,-0.09313653152542372881355932206,-0.08913898305084745762711864409,0.003997548474576271186440677967,-0.08965552542372881355932203393,-723.0336000000000000000000000,US cash open,13:30,4543765,4543765,False,US cash open,13:30,2207956,2207956,False,US cash open,13:30,4543765,4543765,False,8,False,True,True,4,False,True,True
matched_lot,btcusdt_microprice_20260417_12_5h_5sessions_hs2.00_rq5000,2026-04-17 12:00,2026-04-17 14:00,btcusdt_microprice_20260417_12_5h_5sessions_hs2.00_rq5000:2026-04-17 14:00:fill-000005:fill-000027:67,fill-000005,fill-000027,sell,buy,1776434807956,1776437241815,1776437241815,2433859,0.0002411864406779661016949152542,-0.1522936286664406779661016949,-0.1448131627118644067796610169,0.007480465954576271186440677964,-0.1455415457627118644067796610,-631.4352840000000000000000000,US cash open,13:30,4641815,4641815,False,US cash open,13:30,2207956,2207956,False,US cash open,13:30,4641815,4641815,False,14,False,True,True,6,False,False,True
matched_lot,btcusdt_microprice_20260417_12_5h_5sessions_hs2.00_rq5000,2026-04-17 12:00,2026-04-17 14:00,btcusdt_microprice_20260417_12_5h_5sessions_hs2.00_rq5000:2026-04-17 14:00:fill-000007:fill-000027:68,fill-000007,fill-000027,sell,buy,1776435088579,1776437241815,1776437241815,2153236,0.0001788135593220338983050847458,-0.1298912935135593220338983051,-0.1243487372881355932203389831,0.005542556225423728813559322036,-0.1248887542372881355932203390,-726.4062859999999999999999999,US cash open,13:30,4641815,4641815,False,US cash open,13:30,2488579,2488579,False,US cash open,13:30,4641815,4641815,False,7,True,True,True,3,False,True,True
matched_lot,btcusdt_microprice_20260417_12_5h_5sessions_hs2.00_rq5000,2026-04-17 12:00,2026-04-17 14:00,btcusdt_microprice_20260417_12_5h_5sessions_hs2.00_rq5000:2026-04-17 14:00:fill-000007:fill-000028:69,fill-000007,fill-000028,sell,buy,1776435088579,1776437418615,1776437418615,2330036,0.0000311864406779661016949152489,-0.02488367916745762711864406354,-0.02391656949152542372881355523,0.0009671096759322033898305083091,-0.02404162711864406779661016537,-797.9005820000000000000000001,US cash open,13:30,4818615,4818615,False,US cash open,13:30,2488579,2488579,False,US cash open,13:30,4818615,4818615,False,3,True,True,True,2,False,True,True
matched_lot,btcusdt_microprice_20260417_12_5h_5sessions_hs2.00_rq5000,2026-04-17 12:00,2026-04-17 14:00,btcusdt_microprice_20260417_12_5h_5sessions_hs2.00_rq5000:2026-04-17 14:00:fill-000010:fill-000028:70,fill-000010,fill-000028,sell,buy,1776435309935,1776437418615,1776437418615,2108680,0.0000388135593220338983050847511,-0.03302606879288135593220339437,-0.03182284915254237288135593658,0.001203219640338983050847457793,-0.03194472372881355932203390270,-850.8899819999999999999999999,US cash open,13:30,4818615,4818615,False,US cash open,13:30,2709935,2709935,False,US cash open,13:30,4818615,4818615,False,1,True,True,True,1,True,True,True
matched_lot,btcusdt_microprice_20260417_12_5h_5sessions_hs2.00_rq5000,2026-04-17 12:00,2026-04-17 15:00,btcusdt_microprice_20260417_12_5h_5sessions_hs2.00_rq5000:2026-04-17 15:00:fill-000001:fill-000002:71,fill-000001,fill-000002,sell,buy,1776438106900,1776438502293,1776438502293,395393,0.00021000,0.01071319284000000000,0.0172452000000000,0.00653200716000000000,0.0168084000000000,51.015204000000,US cash open,13:30,5902293,5902293,False,US cash open,13:30,5506900,5506900,False,US cash open,13:30,5902293,5902293,False,463,False,False,False,58,False,False,False
matched_lot,btcusdt_microprice_20260417_12_5h_5sessions_hs2.00_rq5000,2026-04-17 12:00,2026-04-17 15:00,btcusdt_microprice_20260417_12_5h_5sessions_hs2.00_rq5000:2026-04-17 15:00:fill-000001:fill-000004:72,fill-000001,fill-000004,sell,buy,1776438106900,1776438692870,1776438692870,585970,0.00014000,-0.01383546612000000000,-0.0094766000000000,0.00435886612000000000,-0.0104916000000000,-98.824758000000,US cash open,13:30,6092870,6092870,False,US cash open,13:30,5506900,5506900,False,US cash open,13:30,6092870,6092870,False,224,False,False,False,32,False,False,False
matched_lot,btcusdt_microprice_20260417_12_5h_5sessions_hs2.00_rq5000,2026-04-17 12:00,2026-04-17 15:00,btcusdt_microprice_20260417_12_5h_5sessions_hs2.00_rq5000:2026-04-17 15:00:fill-000001:fill-000008:73,fill-000001,fill-000008,sell,buy,1776438106900,1776438992777,1776438992777,885877,0.00007109969788519637462235649561,-0.01010208738329909365558912389,-0.007887800483383685800604229623,0.002214286899915407854984894264,-0.008172910271903323262839879171,-142.0834080000000000000000000,US cash open,13:30,6392777,6392777,False,US cash open,13:30,5506900,5506900,False,US cash open,13:30,6392777,6392777,False,174,False,False,False,30,False,False,False
matched_lot,btcusdt_microprice_20260417_12_5h_5sessions_hs2.00_rq5000,2026-04-17 12:00,2026-04-17 15:00,btcusdt_microprice_20260417_12_5h_5sessions_hs2.00_rq5000:2026-04-17 15:00:fill-000001:fill-000015:74,fill-000001,fill-000015,sell,buy,1776438106900,1776439685199,1776439685199,1578299,0.00019000,0.01341383280000000000000000000,0.0193230000000000,0.005909167199999999999999999999,0.0185611000000000,70.599120000000000000000,US cash open,13:30,7085199,7085199,False,US cash open,13:30,5506900,5506900,False,US cash open,13:30,7085199,7085199,False,497,False,False,False,66,False,False,False
matched_lot,btcusdt_microprice_20260417_12_5h_5sessions_hs2.00_rq5000,2026-04-17 12:00,2026-04-17 15:00,btcusdt_microprice_20260417_12_5h_5sessions_hs2.00_rq5000:2026-04-17 15:00:fill-000001:fill-000016:75,fill-000001,fill-000016,sell,buy,1776438106900,1776439852171,1776439852171,1745271,0.00007000,0.003662082480000000000000000000,0.0058394000000000,0.002177317520000000000000000000,0.0055587000000000,52.3154640000000000000000,US cash open,13:30,7252171,7252171,False,US cash open,13:30,5506900,5506900,False,US cash open,13:30,7252171,7252171,False,466,False,False,False,59,False,False,False
matched_lot,btcusdt_microprice_20260417_12_5h_5sessions_hs2.00_rq5000,2026-04-17 12:00,2026-04-17 15:00,btcusdt_microprice_20260417_12_5h_5sessions_hs2.00_rq5000:2026-04-17 15:00:fill-000001:fill-000017:76,fill-000001,fill-000017,sell,buy,1776438106900,1776440260118,1776440260118,2153218,0.00014000,-0.003649829400000000000000000001,0.0007070000000000,0.004356829400000000000000000001,0.0001456000000000,-26.07021000000000000000000001,US cash open,13:30,7660118,7660118,False,US cash open,13:30,5506900,5506900,False,US cash open,13:30,7660118,7660118,False,350,False,False,False,45,False,False,False
matched_lot,btcusdt_microprice_20260417_12_5h_5sessions_hs2.00_rq5000,2026-04-17 12:00,2026-04-17 15:00,btcusdt_microprice_20260417_12_5h_5sessions_hs2.00_rq5000:2026-04-17 15:00:fill-000001:fill-000019:77,fill-000001,fill-000019,sell,buy,1776438106900,1776440463646,1776440463646,2356746,0.0001789003021148036253776435044,0.01680836141583081570996978851,0.02237148277945619335347432023,0.005563121363625377643504531717,0.02087050924471299093655589122,93.95379000000000000000000002,US cash open,13:30,7863646,7863646,False,US cash open,13:30,5506900,5506900,False,US cash open,13:30,7863646,7863646,False,519,False,False,False,68,False,False,False
matched_lot,btcusdt_microprice_20260417_12_5h_5sessions_hs2.00_rq5000,2026-04-17 12:00,2026-04-17 15:00,btcusdt_microprice_20260417_12_5h_5sessions_hs2.00_rq5000:2026-04-17 15:00:fill-000003:fill-000019:78,fill-000003,fill-000019,sell,buy,1776438510154,1776440463646,1776440463646,1953492,0.00021000,0.001149012900000000000000000001,0.0076755000000000,0.006526487099999999999999999999,0.0035154000000000,5.471490000000000000000000005,US cash open,13:30,7863646,7863646,False,US cash open,13:30,5910154,5910154,False,US cash open,13:30,7863646,7863646,False,406,False,False,False,49,False,False,False
matched_lot,btcusdt_microprice_20260417_12_5h_5sessions_hs2.00_rq5000,2026-04-17 12:00,2026-04-17 15:00,btcusdt_microprice_20260417_12_5h_5sessions_hs2.00_rq5000:2026-04-17 15:00:fill-000005:fill-000019:79,fill-000005,fill-000019,sell,buy,1776438707641,1776440463646,1776440463646,1756005,0.0000102158176509681125518670469,0.001929612673839581745736896780,0.002247479883212984761410750318,0.0003178672093734030156738535377,0.002182200808423298522204319889,188.8848000000000000000000000,US cash open,13:30,7863646,7863646,False,US cash open,13:30,6107641,6107641,False,US cash open,13:30,7863646,7863646,False,581,False,False,False,78,False,False,False
matched_lot,btcusdt_microprice_20260417_12_5h_5sessions_hs2.00_rq5000,2026-04-17 12:00,2026-04-17 15:00,btcusdt_microprice_20260417_12_5h_5sessions_hs2.00_rq5000:2026-04-17 15:00:fill-000005:fill-000022:80,fill-000005,fill-000022,sell,buy,1776438707641,1776440772868,1776440772868,2065227,0.0009897841823490318874481329531,0.2364641941068273579624824885,0.2672516270760620999298703787,0.03078743296923474196738789024,0.2652621608695405458360996314,238.9048020000000000000000001,US cash open,13:30,8172868,8172868,False,US cash open,13:30,6107641,6107641,False,US cash open,13:30,8172868,8172868,False,611,False,False,False,84,False,False,False
matched_lot,btcusdt_microprice_20260417_12_5h_5sessions_hs2.00_rq5000,2026-04-17 12:00,2026-04-17 15:00,btcusdt_microprice_20260417_12_5h_5sessions_hs2.00_rq5000:2026-04-17 15:00:fill-000006:fill-000022:81,fill-000006,fill-000022,sell,buy,1776438798132,1776440772868,1776440772868,1974736,0.0000102158176509681125518670469,0.002052280187160252359823370844,0.002369967536848092430907636210,0.0003176873496878400710842653665,0.002335642389540839572733362932,200.8924060000000000000000000,US cash open,13:30,8172868,8172868,False,US cash open,13:30,6198132,6198132,False,US cash open,13:30,8172868,8172868,False,590,False,False,False,81,False,False,False
matched_lot,btcusdt_microprice_20260417_12_5h_5sessions_hs2.00_rq5000,2026-04-17 12:00,2026-04-17 15:00,btcusdt_microprice_20260417_12_5h_5sessions_hs2.00_rq5000:2026-04-17 15:00:fill-000006:fill-000024:82,fill-000006,fill-000024,sell,buy,1776438798132,1776440966015,1776440966015,2167883,0.0000597841823490318874481329531,0.01169207277237287862902431703,0.01355128061305505792786829648,0.001859207840682179298843979447,0.01346877844141339392318987301,195.5713420000000000000000000,US cash open,13:30,8366015,8366015,False,US cash open,13:30,6198132,6198132,False,US cash open,13:30,8366015,8366015,False,583,False,False,False,80,False,False,False
matched_lot,btcusdt_microprice_20260417_12_5h_5sessions_hs2.00_rq5000,2026-04-17 12:00,2026-04-17 15:00,btcusdt_microprice_20260417_12_5h_5sessions_hs2.00_rq5000:2026-04-17 15:00:fill-000007:fill-000024:83,fill-000007,fill-000024,sell,buy,1776438836728,1776440966015,1776440966015,2129287,0.0000102158176509681125518670469,0.001957372482911992832826136974,0.002275062590870598665300791345,0.0003176901079586058324746543705,0.002274653958164559940798716663,191.6021360000000000000000000,US cash open,13:30,8366015,8366015,False,US cash open,13:30,6236728,6236728,False,US cash open,13:30,8366015,8366015,False,582,False,False,False,79,False,False,False
matched_lot,btcusdt_microprice_20260417_12_5h_5sessions_hs2.00_rq5000,2026-04-17 12:00,2026-04-17 15:00,btcusdt_microprice_20260417_12_5h_5sessions_hs2.00_rq5000:2026-04-17 15:00:fill-000007:fill-000025:84,fill-000007,fill-000025,sell,buy,1776438836728,1776440982001,1776440982001,2145273,0.00020000,0.05858647960000000000000000000,0.0648020000000000,0.006215520400000000000000000001,0.0643980000000000,292.932398000000000000000,US cash open,13:30,8382001,8382001,False,US cash open,13:30,6236728,6236728,False,US cash open,13:30,8382001,8382001,False,640,False,False,False,92,False,False,False
matched_lot,btcusdt_microprice_20260417_12_5h_5sessions_hs2.00_rq5000,2026-04-17 12:00,2026-04-17 15:00,btcusdt_microprice_20260417_12_5h_5sessions_hs2.00_rq5000:2026-04-17 15:00:fill-000007:fill-000026:85,fill-000007,fill-000026,sell,buy,1776438836728,1776440982001,1776440982001,2145273,0.0007897841823490318874481329531,0.2313533744379711837686476865,0.2558979729229098218520695581,0.02454459848493863808342187156,0.2543026088745647774394243295,292.9323979999999999999999999,US cash open,13:30,8382001,8382001,False,US cash open,13:30,6236728,6236728,False,US cash open,13:30,8382001,8382001,False,639,False,False,False,91,False,False,False
matched_lot,btcusdt_microprice_20260417_12_5h_5sessions_hs2.00_rq5000,2026-04-17 12:00,2026-04-17 15:00,btcusdt_microprice_20260417_12_5h_5sessions_hs2.00_rq5000:2026-04-17 15:00:fill-000009:fill-000026:86,fill-000009,fill-000026,sell,buy,1776439029440,1776440982001,1776440982001,1952561,0.0000102158176509681125518670469,0.003932313352617979152042420953,0.004249984459155754183827728851,0.0003176711065377750317853078978,0.004209019030375372052494741993,384.9239960000000000000000000,US cash open,13:30,8382001,8382001,False,US cash open,13:30,6429440,6429440,False,US cash open,13:30,8382001,8382001,False,675,False,False,False,101,False,False,False
matched_lot,btcusdt_microprice_20260417_12_5h_5sessions_hs2.00_rq5000,2026-04-17 12:00,2026-04-17 15:00,btcusdt_microprice_20260417_12_5h_5sessions_hs2.00_rq5000:2026-04-17 15:00:fill-000009:fill-000027:87,fill-000009,fill-000027,sell,buy,1776439029440,1776441043044,1776441043044,2013604,0.0009897841823490318874481329531,0.3775168453388409099026296438,0.4082958730607991438912293245,0.03077902772195823398859968069,0.4063064068542775897974585772,381.4132940000000000000000000,US cash open,13:30,8443044,8443044,False,US cash open,13:30,6429440,6429440,False,US cash open,13:30,8443044,8443044,False,673,False,False,False,99,False,False,False
matched_lot,btcusdt_microprice_20260417_12_5h_5sessions_hs2.00_rq5000,2026-04-17 12:00,2026-04-17 15:00,btcusdt_microprice_20260417_12_5h_5sessions_hs2.00_rq5000:2026-04-17 15:00:fill-000010:fill-000027:88,fill-000010,fill-000027,sell,buy,1776439194564,1776441043044,1776441043044,1848480,0.0000102158176509681125518670469,0.002816035595877907033023007287,0.003133497748081449163034179296,0.0003174621522035421300111720093,0.003112963954603003256804926532,275.6544500000000000000000001,US cash open,13:30,8443044,8443044,False,US cash open,13:30,6594564,6594564,False,US cash open,13:30,8443044,8443044,False,629,False,False,False,90,False,False,False
matched_lot,btcusdt_microprice_20260417_12_5h_5sessions_hs2.00_rq5000,2026-04-17 12:00,2026-04-17 15:00,btcusdt_microprice_20260417_12_5h_5sessions_hs2.00_rq5000:2026-04-17 15:00:fill-000010:fill-000028:89,fill-000010,fill-000028,sell,buy,1776439194564,1776441043486,1776441043486,1848922,0.0000597841823490318874481329531,0.01526113058752156844681080454,0.01711920061564528097077287112,0.001858070028123712523962066580,0.01687946604442566310210585798,255.2703740000000000000000000,US cash open,13:30,8443486,8443486,False,US cash open,13:30,6594564,6594564,False,US cash open,13:30,8443486,8443486,False,619,False,False,False,87,False,False,False
matched_lot,btcusdt_microprice_20260417_12_5h_5sessions_hs2.00_rq5000,2026-04-17 12:00,2026-04-17 15:00,btcusdt_microprice_20260417_12_5h_5sessions_hs2.00_rq5000:2026-04-17 15:00:fill-000011:fill-000028:90,fill-000011,fill-000028,sell,buy,1776439215698,1776441043486,1776441043486,1827788,0.0000102158176509681125518670469,0.003156888108923094074831410227,0.003474501741270764760015501321,0.0003176136323476706851840910940,0.003453967947792318853786248557,309.0196220000000000000000000,US cash open,13:30,8443486,8443486,False,US cash open,13:30,6615698,6615698,False,US cash open,13:30,8443486,8443486,False,647,False,False,False,94,False,False,False
matched_lot,btcusdt_microprice_20260417_12_5h_5sessions_hs2.00_rq5000,2026-04-17 12:00,2026-04-17 15:00,btcusdt_microprice_20260417_12_5h_5sessions_hs2.00_rq5000:2026-04-17 15:00:fill-000011:fill-000029:91,fill-000011,fill-000029,sell,buy,1776439215698,1776441318715,1776441318715,2103017,0.0001210871590509068558617378452,0.005431582476114718652018802173,0.009202624087868921045492076235,0.003771041611754202393473274062,0.009148134866296012960354294205,44.85679999999999999999999999,US cash open,13:30,8718715,8718715,False,US cash open,13:30,6615698,6615698,False,US cash open,13:30,8718715,8718715,False,456,False,False,False,57,False,False,False
matched_lot,btcusdt_microprice_20260417_12_5h_5sessions_hs2.00_rq5000,2026-04-17 12:00,2026-04-17 15:00,btcusdt_microprice_20260417_12_5h_5sessions_hs2.00_rq5000:2026-04-17 15:00:fill-000012:fill-000029:92,fill-000012,fill-000029,sell,buy,1776439215807,1776441318715,1776441318715,2102908,0.0001424642428182520226429350520,0.006390490047249767329289609038,0.01082728245418715372086306395,0.004436792406937386391573454912,0.01076317354491894031067374317,44.85679999999999999999999998,US cash open,13:30,8718715,8718715,False,US cash open,13:30,6615807,6615807,False,US cash open,13:30,8718715,8718715,False,455,False,False,False,56,False,False,False
matched_lot,btcusdt_microprice_20260417_12_5h_5sessions_hs2.00_rq5000,2026-04-17 12:00,2026-04-17 15:00,btcusdt_microprice_20260417_12_5h_5sessions_hs2.00_rq5000:2026-04-17 15:00:fill-000012:fill-000030:93,fill-000012,fill-000030,sell,buy,1776439215807,1776441363556,1776441363556,2147749,0.0002279569892473118279569892473,0.01524147784946236559139784946,0.02233978494623655913978494624,0.007098307096774193548387096775,0.02188159139784946236559139785,66.86119999999999999999999999,US cash open,13:30,8763556,8763556,False,US cash open,13:30,6615807,6615807,False,US cash open,13:30,8763556,8763556,False,488,False,False,False,63,False,False,False
matched_lot,btcusdt_microprice_20260417_12_5h_5sessions_hs2.00_rq5000,2026-04-17 12:00,2026-04-17 15:00,btcusdt_microprice_20260417_12_5h_5sessions_hs2.00_rq5000:2026-04-17 15:00:fill-000012:fill-000033:94,fill-000012,fill-000033,sell,buy,1776439215807,1776441461551,1776441461551,2245744,0.0004982757912325611809864708086,0.00939329590599975035948455309,0.02491378956162805904932354043,0.01552049365562830868983898734,0.02393716901081223913459005765,18.85159999999999999999999999,US cash open,13:30,8861551,8861551,False,US cash open,13:30,6615807,6615807,False,US cash open,13:30,8861551,8861551,False,430,False,False,False,54,False,False,False
matched_lot,btcusdt_microprice_20260417_12_5h_5sessions_hs2.00_rq5000,2026-04-17 12:00,2026-04-17 15:00,btcusdt_microprice_20260417_12_5h_5sessions_hs2.00_rq5000:2026-04-17 15:00:fill-000013:fill-000033:95,fill-000013,fill-000033,sell,buy,1776439219081,1776441461551,1776441461551,2242470,0.0003990086741016109045848822800,0.00831980966542750929368029740,0.02074845105328376703841387856,0.01242864138785625774473358116,0.01916837670384138785625774473,20.85120000000000000000000001,US cash open,13:30,8861551,8861551,False,US cash open,13:30,6619081,6619081,False,US cash open,13:30,8861551,8861551,False,435,False,False,False,55,False,False,False
matched_lot,btcusdt_microprice_20260417_12_5h_5sessions_hs2.00_rq5000,2026-04-17 12:00,2026-04-17 15:00,btcusdt_microprice_20260417_12_5h_5sessions_hs2.00_rq5000:2026-04-17 15:00:fill-000014:fill-000033:96,fill-000014,fill-000033,sell,buy,1776439563079,1776441461551,1776441461551,1898472,0.0000127155346658279144286469114,-0.001165840173445081920744276169,-0.0007700527793625384977988569544,0.0003957873940825434229454192146,-0.0007952295380008777683675778390,-91.68628800000000000000000001,US cash open,13:30,8861551,8861551,False,US cash open,13:30,6963079,6963079,False,US cash open,13:30,8861551,8861551,False,233,False,False,False,33,False,False,False
matched_lot,btcusdt_microprice_20260417_12_5h_5sessions_hs2.00_rq5000,2026-04-17 12:00,2026-04-17 15:00,btcusdt_microprice_20260417_12_5h_5sessions_hs2.00_rq5000:2026-04-17 15:00:fill-000014:fill-000034:97,fill-000014,fill-000034,sell,buy,1776439563079,1776441488336,1776441488336,1925257,0.0001272844653341720855713530886,-0.008105562324192228319578637773,-0.004144382191280643106203256565,0.003961180132911585213375381208,-0.004402769655909012439913103335,-63.68068800000000000000000000,US cash open,13:30,8888336,8888336,False,US cash open,13:30,6963079,6963079,False,US cash open,13:30,8888336,8888336,False,283,False,False,False,36,False,False,False
matched_lot,btcusdt_microprice_20260417_12_5h_5sessions_hs2.00_rq5000,2026-04-17 12:00,2026-04-17 15:00,btcusdt_microprice_20260417_12_5h_5sessions_hs2.00_rq5000:2026-04-17 15:00:fill-000018:fill-000034:98,fill-000018,fill-000034,sell,buy,1776440292507,1776441488336,1776441488336,1195829,0.00021000,-0.02709160020000000000,-0.0205590000000000,0.00653260020000000000,-0.0214011000000000,-129.007620000000,US cash open,13:30,8888336,8888336,False,US cash open,13:30,7692507,7692507,False,US cash open,13:30,8888336,8888336,False,185,False,False,False,31,False,False,False
matched_lot,btcusdt_microprice_20260417_12_5h_5sessions_hs2.00_rq5000,2026-04-17 12:00,2026-04-17 15:00,btcusdt_microprice_20260417_12_5h_5sessions_hs2.00_rq5000:2026-04-17 15:00:fill-000020:fill-000034:99,fill-000020,fill-000034,sell,buy,1776440585565,1776441488336,1776441488336,902771,0.0006627155346658279144286469114,-0.2524728935670230202266236734,-0.2318907927349198455377278408,0.02058210083210317468889583257,-0.2342831958150634843088152562,-380.9672180000000000000000001,US cash open,13:30,8888336,8888336,False,US cash open,13:30,7985565,7985565,False,US cash open,13:30,8888336,8888336,False,47,False,False,True,17,False,False,False
matched_lot,btcusdt_microprice_20260417_12_5h_5sessions_hs2.00_rq5000,2026-04-17 12:00,2026-04-17 16:00,btcusdt_microprice_20260417_12_5h_5sessions_hs2.00_rq5000:2026-04-17 16:00:fill-000001:fill-000002:100,fill-000001,fill-000002,buy,sell,1776441606799,1776441793764,1776441793764,186965,0.00021000,0.01416402036000000000,0.0207018000000000,0.00653777964000000000,0.0197673000000000,67.447716000000,US cash open,13:30,9193764,9193764,False,US cash open,13:30,9006799,9006799,False,US cash open,13:30,9193764,9193764,False,489,False,False,False,64,False,False,False
matched_lot,btcusdt_microprice_20260417_12_5h_5sessions_hs2.00_rq5000,2026-04-17 12:00,2026-04-17 16:00,btcusdt_microprice_20260417_12_5h_5sessions_hs2.00_rq5000:2026-04-17 16:00:fill-000002:fill-000005:101,fill-000002,fill-000005,sell,buy,1776441793764,1776443179754,1776443179754,1385990,0.00007000,-0.02260372380000000000,-0.0204190000000000,0.00218472380000000000,-0.0206185000000000,-322.910340000000,US cash open,13:30,10579754,10579754,False,US cash open,13:30,9193764,9193764,False,US cash open,13:30,10579754,10579754,False,58,False,False,True,18,False,False,False
matched_lot,btcusdt_microprice_20260417_12_5h_5sessions_hs2.00_rq5000,2026-04-17 12:00,2026-04-17 16:00,btcusdt_microprice_20260417_12_5h_5sessions_hs2.00_rq5000:2026-04-17 16:00:fill-000002:fill-000008:102,fill-000002,fill-000008,sell,buy,1776441793764,1776443439532,1776443439532,1645768,0.00021000,-0.06470254980000000000,-0.0581490000000000,0.00655354980000000000,-0.0587475000000000,-308.107380000000,US cash open,13:30,10839532,10839532,False,US cash open,13:30,9193764,9193764,False,US cash open,13:30,10839532,10839532,False,65,False,False,True,21,False,False,False
matched_lot,btcusdt_microprice_20260417_12_5h_5sessions_hs2.00_rq5000,2026-04-17 12:00,2026-04-17 16:00,btcusdt_microprice_20260417_12_5h_5sessions_hs2.00_rq5000:2026-04-17 16:00:fill-000002:fill-000011:103,fill-000002,fill-000011,sell,buy,1776441793764,1776444108463,1776444108463,2314699,0.00051000,-0.14844262572000000000,-0.1325286000000000,0.01591402572000000000,-0.1339821000000000,-291.063972000000,US cash open,13:30,11508463,11508463,False,US cash open,13:30,9193764,9193764,False,US cash open,13:30,11508463,11508463,False,70,False,False,True,22,False,False,False
matched_lot,btcusdt_microprice_20260417_12_5h_5sessions_hs2.00_rq5000,2026-04-17 12:00,2026-04-17 16:00,btcusdt_microprice_20260417_12_5h_5sessions_hs2.00_rq5000:2026-04-17 16:00:fill-000003:fill-000011:104,fill-000003,fill-000011,sell,buy,1776442015310,1776444108463,1776444108463,2093153,0.00014000,-0.03205949432000000000,-0.0276892000000000,0.00437029432000000000,-0.0282506000000000,-228.996388000000,US cash open,13:30,11508463,11508463,False,US cash open,13:30,9415310,9415310,False,US cash open,13:30,11508463,11508463,False,101,False,False,False,24,False,False,False
matched_lot,btcusdt_microprice_20260417_12_5h_5sessions_hs2.00_rq5000,2026-04-17 12:00,2026-04-17 16:00,btcusdt_microprice_20260417_12_5h_5sessions_hs2.00_rq5000:2026-04-17 16:00:fill-000004:fill-000011:105,fill-000004,fill-000011,sell,buy,1776443154534,1776444108463,1776444108463,953929,0.00035000,-0.00055015870000000000,0.0103915000000000,0.01094165870000000000,0.0096845000000000,-1.571882000000,US cash open,13:30,11508463,11508463,False,US cash open,13:30,10554534,10554534,False,US cash open,13:30,11508463,11508463,False,398,False,False,False,48,False,False,False
matched_lot,btcusdt_microprice_20260417_12_5h_5sessions_hs2.00_rq5000,2026-04-17 12:00,2026-04-17 16:00,btcusdt_microprice_20260417_12_5h_5sessions_hs2.00_rq5000:2026-04-17 16:00:fill-000004:fill-000012:106,fill-000004,fill-000012,sell,buy,1776443154534,1776444108776,1776444108776,954242,0.00065000,0.00669531980000000000,0.0270140000000000,0.02031868020000000000,0.0257010000000000,10.300492000000,US cash open,13:30,11508776,11508776,False,US cash open,13:30,10554534,10554534,False,US cash open,13:30,11508776,11508776,False,417,False,False,False,52,False,False,False
matched_lot,btcusdt_microprice_20260417_12_5h_5sessions_hs2.00_rq5000,2026-04-17 12:00,2026-04-17 16:00,btcusdt_microprice_20260417_12_5h_5sessions_hs2.00_rq5000:2026-04-17 16:00:fill-000006:fill-000012:107,fill-000006,fill-000012,sell,buy,1776443381634,1776444108776,1776444108776,727142,0.00035000,0.00341271070000000000,0.0143535000000000,0.01094078930000000000,0.0136465000000000,9.750602000000,US cash open,13:30,11508776,11508776,False,US cash open,13:30,10781634,10781634,False,US cash open,13:30,11508776,11508776,False,416,False,False,False,51,False,False,False
matched_lot,btcusdt_microprice_20260417_12_5h_5sessions_hs2.00_rq5000,2026-04-17 12:00,2026-04-17 16:00,btcusdt_microprice_20260417_12_5h_5sessions_hs2.00_rq5000:2026-04-17 16:00:fill-000006:fill-000013:108,fill-000006,fill-000013,sell,buy,1776443381634,1776444369292,1776444369292,987658,0.00007000,0.00821114756000000000,0.0103978000000000,0.00218665244000000000,0.0102564000000000,117.302108000000,US cash close,20:00,-11630708,11630708,False,US cash open,13:30,10781634,10781634,False,US cash close,20:00,-11630708,11630708,False,535,False,False,False,73,False,False,False
matched_lot,btcusdt_microprice_20260417_12_5h_5sessions_hs2.00_rq5000,2026-04-17 12:00,2026-04-17 16:00,btcusdt_microprice_20260417_12_5h_5sessions_hs2.00_rq5000:2026-04-17 16:00:fill-000006:fill-000015:109,fill-000006,fill-000015,sell,buy,1776443381634,1776444867414,1776444867414,1485780,0.0003968732803260480516663707476,0.1046917582398006720163442724,0.1170776176961841752415793705,0.01238585945638350322523509811,0.1162759336699255581772133016,263.7913999999999999999999999,US cash close,20:00,-11132586,11132586,False,US cash open,13:30,10781634,10781634,False,US cash close,20:00,-11132586,11132586,False,622,False,False,False,88,False,False,False
