session,order_id,side,price,queued_time_ms,initial_queue_ahead,total_trade_queue_drained,total_cancel_queue_drained,first_fill_time_ms,first_queue_ahead_before_trade,first_queue_ahead_before_fill,filled_quantity,final_status
2026-04-18 13:00,ord-000001,buy,76204.97,1776517200124,0,0,0,,,,0,cancelled
2026-04-18 13:00,ord-000002,sell,76208.98,1776517200124,0,0,0,,,,0,cancelled
2026-04-18 13:00,ord-000003,buy,76193.13,1776517205124,0,0,0,,,,0,cancelled
2026-04-18 13:00,ord-000004,sell,76197.14,1776517205124,0,0,0,,,,0,cancelled
2026-04-18 13:00,ord-000005,buy,76202.21,1776517210124,0,0,0,,,,0,cancelled
2026-04-18 13:00,ord-000006,sell,76206.22,1776517210124,0,0,0,,,,0,cancelled
2026-04-18 13:00,ord-000007,buy,76204.97,1776517219124,0,0,0,,,,0,cancelled
2026-04-18 13:00,ord-000008,sell,76208.98,1776517219124,0,0,0,,,,0,cancelled
2026-04-18 13:00,ord-000009,buy,76194.79,1776517224131,0,0,0,,,,0,cancelled
2026-04-18 13:00,ord-000010,sell,76198.80,1776517224131,0,0,0,,,,0,cancelled
2026-04-18 13:00,ord-000011,buy,76180.06,1776517229225,0,0,0,,,,0,cancelled
2026-04-18 13:00,ord-000012,sell,76184.07,1776517229225,0,0,0,,,,0,cancelled
2026-04-18 13:00,ord-000013,buy,76168.38,1776517234324,0,0,0,,,,0,cancelled
2026-04-18 13:00,ord-000014,sell,76172.39,1776517234324,0,0,0,,,,0,cancelled
2026-04-18 13:00,ord-000015,buy,76163.32,1776517239324,0,0,0,,,,0,cancelled
2026-04-18 13:00,ord-000016,sell,76167.33,1776517239324,0,0,0,,,,0,cancelled
2026-04-18 13:00,ord-000017,buy,76172.51,1776517244324,0,0,0,,,,0,cancelled
2026-04-18 13:00,ord-000018,sell,76176.52,1776517244324,0,0,0,,,,0,cancelled
2026-04-18 13:00,ord-000019,buy,76173.91,1776517249324,0,0,0,,,,0,cancelled
2026-04-18 13:00,ord-000020,sell,76177.92,1776517249324,0,0,0,,,,0,cancelled
2026-04-18 13:00,ord-000021,buy,76166.50,1776517257324,0,0,0,,,,0,cancelled
2026-04-18 13:00,ord-000022,sell,76170.51,1776517257324,0,0,0,,,,0,cancelled
2026-04-18 13:00,ord-000023,buy,76166.48,1776517262324,0,0,0,,,,0,cancelled
2026-04-18 13:00,ord-000024,sell,76170.49,1776517262324,0,0,0,,,,0,cancelled
2026-04-18 13:00,ord-000025,buy,76164.84,1776517267324,0,0,0,,,,0,cancelled
2026-04-18 13:00,ord-000026,sell,76168.85,1776517267324,0,0,0,,,,0,cancelled
2026-04-18 13:00,ord-000027,buy,76164.81,1776517272324,0,0,0,,,,0,cancelled
2026-04-18 13:00,ord-000028,sell,76168.82,1776517272324,0,0,0,,,,0,cancelled
2026-04-18 13:00,ord-000029,buy,76161.50,1776517277324,0,0,0,,,,0,cancelled
2026-04-18 13:00,ord-000030,sell,76165.51,1776517277324,0,0,0,,,,0,cancelled
2026-04-18 13:00,ord-000031,buy,76161.49,1776517282324,0,0,0,,,,0,cancelled
2026-04-18 13:00,ord-000032,sell,76165.50,1776517282324,0,0,0,,,,0,cancelled
2026-04-18 13:00,ord-000033,buy,76161.02,1776517328324,0,0,0,,,,0,cancelled
2026-04-18 13:00,ord-000034,sell,76165.03,1776517328324,0,0,0,,,,0,cancelled
2026-04-18 13:00,ord-000035,buy,76159.53,1776517333324,0,0,0,,,,0,cancelled
2026-04-18 13:00,ord-000036,sell,76163.54,1776517333324,0,0,0,,,,0,cancelled
2026-04-18 13:00,ord-000037,buy,76171.78,1776517373424,0,0,0,,,,0,cancelled
2026-04-18 13:00,ord-000038,sell,76175.79,1776517373424,0,0,0,,,,0,cancelled
2026-04-18 13:00,ord-000039,buy,76185.01,1776517378424,0,0,0,,,,0,cancelled
2026-04-18 13:00,ord-000040,sell,76189.02,1776517378424,0,0,0,,,,0,cancelled
2026-04-18 13:00,ord-000041,buy,76191.76,1776517391024,0,0,0,,,,0,cancelled
2026-04-18 13:00,ord-000042,sell,76195.77,1776517391024,0,0,0,,,,0,cancelled
2026-04-18 13:00,ord-000043,buy,76197.99,1776517396024,0,0,0,,,,0,cancelled
2026-04-18 13:00,ord-000044,sell,76202.00,1776517396024,0.00040000,0.00040000,0,,,,0,cancelled
2026-04-18 13:00,ord-000045,buy,76205.19,1776517414224,0,0,0,,,,0,cancelled
2026-04-18 13:00,ord-000046,sell,76209.20,1776517414224,0,0,0,,,,0,cancelled
2026-04-18 13:00,ord-000047,buy,76194.77,1776517421033,0,0,0,,,,0,cancelled
2026-04-18 13:00,ord-000048,sell,76198.78,1776517421033,0.93796000,0,0,,,,0,cancelled
2026-04-18 13:00,ord-000049,buy,76191.96,1776517426124,0,0,0,,,,0,cancelled
2026-04-18 13:00,ord-000050,sell,76195.97,1776517426124,0,0,0,,,,0,cancelled
2026-04-18 13:00,ord-000051,buy,76185.31,1776517431124,0,0,0,,,,0,cancelled
2026-04-18 13:00,ord-000052,sell,76189.32,1776517431124,0,0,0,,,,0,cancelled
2026-04-18 13:00,ord-000053,buy,76183.99,1776517441124,0,0,0,,,,0,cancelled
2026-04-18 13:00,ord-000054,sell,76188.00,1776517441124,0,0,0,,,,0,cancelled
2026-04-18 13:00,ord-000055,buy,76180.52,1776517446124,0.00132000,0,0,,,,0,cancelled
2026-04-18 13:00,ord-000056,sell,76184.53,1776517446124,0,0,0,,,,0,cancelled
2026-04-18 13:00,ord-000057,buy,76180.50,1776517451124,0,0,0,,,,0,cancelled
2026-04-18 13:00,ord-000058,sell,76184.51,1776517451124,0,0,0,,,,0,cancelled
2026-04-18 13:00,ord-000059,buy,76166.13,1776517456124,0,0,0,,,,0,cancelled
2026-04-18 13:00,ord-000060,sell,76170.14,1776517456124,0,0,0,,,,0,cancelled
2026-04-18 13:00,ord-000061,buy,76160.24,1776517466431,0,0,0,,,,0,cancelled
2026-04-18 13:00,ord-000062,sell,76164.25,1776517466431,0,0,0,,,,0,cancelled
2026-04-18 13:00,ord-000063,buy,76149.55,1776517471524,0,0,0,,,,0,cancelled
2026-04-18 13:00,ord-000064,sell,76153.56,1776517471524,0,0,0,,,,0,cancelled
2026-04-18 13:00,ord-000065,buy,76148.00,1776517476524,0.00040000,0,0,,,,0,cancelled
2026-04-18 13:00,ord-000066,sell,76152.01,1776517476524,0,0,0,,,,0,cancelled
2026-04-18 13:00,ord-000067,buy,76133.47,1776517481524,0,0,0,,,,0,cancelled
2026-04-18 13:00,ord-000068,sell,76137.48,1776517481524,0,0,0,,,,0,cancelled
2026-04-18 13:00,ord-000069,buy,76147.63,1776517486524,0,0,0,,,,0,cancelled
2026-04-18 13:00,ord-000070,sell,76151.64,1776517486524,0,0,0,,,,0,cancelled
2026-04-18 13:00,ord-000071,buy,76149.54,1776517491524,0,0,0,,,,0,cancelled
2026-04-18 13:00,ord-000072,sell,76153.55,1776517491524,0,0,0,,,,0,cancelled
2026-04-18 13:00,ord-000073,buy,76153.35,1776517538724,0,0,0,,,,0,cancelled
2026-04-18 13:00,ord-000074,sell,76157.36,1776517538724,0,0,0,,,,0,cancelled
2026-04-18 13:00,ord-000075,buy,76168.27,1776517562542,0,0,0,,,,0,cancelled
2026-04-18 13:00,ord-000076,sell,76172.28,1776517562542,0,0,0,,,,0,cancelled
2026-04-18 13:00,ord-000077,buy,76172.54,1776517567624,0,0,0,,,,0,cancelled
2026-04-18 13:00,ord-000078,sell,76176.55,1776517567624,0,0,0,,,,0,cancelled
2026-04-18 13:00,ord-000079,buy,76176.15,1776517645324,0,0,0,,,,0,cancelled
2026-04-18 13:00,ord-000080,sell,76180.16,1776517645324,0,0,0,,,,0,cancelled
2026-04-18 13:00,ord-000081,buy,76183.71,1776517650324,0,0,0,,,,0,cancelled
2026-04-18 13:00,ord-000082,sell,76187.72,1776517650324,0,0,0,,,,0,cancelled
2026-04-18 13:00,ord-000083,buy,76177.32,1776517667829,0,0,0,,,,0,cancelled
2026-04-18 13:00,ord-000084,sell,76181.33,1776517667829,0,0,0,,,,0,cancelled
2026-04-18 13:00,ord-000085,buy,76170.91,1776517672924,0,0,0,,,,0,cancelled
2026-04-18 13:00,ord-000086,sell,76174.92,1776517672924,0,0,0,,,,0,cancelled
2026-04-18 13:00,ord-000087,buy,76161.30,1776517677924,0,0,0,,,,0,cancelled
2026-04-18 13:00,ord-000088,sell,76165.31,1776517677924,0,0,0,,,,0,cancelled
2026-04-18 13:00,ord-000089,buy,76168.66,1776517684224,0,0,0,,,,0,cancelled
2026-04-18 13:00,ord-000090,sell,76172.67,1776517684224,0,0,0,,,,0,cancelled
2026-04-18 13:00,ord-000091,buy,76183.70,1776517689224,0,0,0,,,,0,cancelled
2026-04-18 13:00,ord-000092,sell,76187.71,1776517689224,0,0,0,,,,0,cancelled
2026-04-18 13:00,ord-000093,buy,76185.30,1776517704224,0,0,0,,,,0,cancelled
2026-04-18 13:00,ord-000094,sell,76189.31,1776517704224,0,0,0,,,,0,cancelled
2026-04-18 13:00,ord-000095,buy,76195.12,1776517709224,0,0,0,,,,0,cancelled
2026-04-18 13:00,ord-000096,sell,76199.13,1776517709224,0,0,0,,,,0,cancelled
2026-04-18 13:00,ord-000097,buy,76187.76,1776517716424,0,0,0,,,,0,cancelled
2026-04-18 13:00,ord-000098,sell,76191.77,1776517716424,0,0,0,,,,0,cancelled
2026-04-18 13:00,ord-000099,buy,76186.51,1776517721424,0,0,0,,,,0,cancelled
2026-04-18 13:00,ord-000100,sell,76190.52,1776517721424,0,0,0,,,,0,cancelled
2026-04-18 13:00,ord-000101,buy,76186.27,1776517726424,0,0,0,,,,0,cancelled
2026-04-18 13:00,ord-000102,sell,76190.28,1776517726424,0,0,0,,,,0,cancelled
2026-04-18 13:00,ord-000103,buy,76186.25,1776517731424,0,0,0,,,,0,cancelled
2026-04-18 13:00,ord-000104,sell,76190.26,1776517731424,0,0,0,,,,0,cancelled
2026-04-18 13:00,ord-000105,buy,76186.24,1776517739224,0,0,0,,,,0,cancelled
2026-04-18 13:00,ord-000106,sell,76190.25,1776517739224,0,0,0,,,,0,cancelled
2026-04-18 13:00,ord-000107,buy,76178.55,1776517744224,0,0,0,,,,0,cancelled
2026-04-18 13:00,ord-000108,sell,76182.56,1776517744224,0,0,0,,,,0,cancelled
2026-04-18 13:00,ord-000109,buy,76178.01,1776517749224,0,0,0,,,,0,cancelled
2026-04-18 13:00,ord-000110,sell,76182.02,1776517749224,0,0,0,,,,0,cancelled
2026-04-18 13:00,ord-000111,buy,76178.00,1776517755824,0.00040000,0.00040000,0,,,,0,cancelled
2026-04-18 13:00,ord-000112,sell,76182.01,1776517755824,0.00007000,0,0,,,,0,cancelled
2026-04-18 13:00,ord-000113,buy,76170.94,1776517760824,0,0,0,,,,0,cancelled
2026-04-18 13:00,ord-000114,sell,76174.95,1776517760824,0,0,0,,,,0,cancelled
2026-04-18 13:00,ord-000115,buy,76170.93,1776517775324,0,0,0,,,,0,cancelled
2026-04-18 13:00,ord-000116,sell,76174.94,1776517775324,0,0,0,,,,0,cancelled
2026-04-18 13:00,ord-000117,buy,76157.99,1776517780324,0,0,0,,,,0,cancelled
2026-04-18 13:00,ord-000118,sell,76162.00,1776517780324,0.04115000,0,0,,,,0,cancelled
2026-04-18 13:00,ord-000119,buy,76155.95,1776517785324,0,0,0,,,,0,cancelled
2026-04-18 13:00,ord-000120,sell,76159.96,1776517785324,0.05021000,0,0,,,,0,cancelled
2026-04-18 13:00,ord-000121,buy,76155.94,1776517790324,0,0,0,,,,0,cancelled
2026-04-18 13:00,ord-000122,sell,76159.95,1776517790324,0.01812000,0.00049000,0,,,,0,cancelled
2026-04-18 13:00,ord-000123,buy,76157.97,1776517806124,0,0,0,,,,0,cancelled
2026-04-18 13:00,ord-000124,sell,76161.98,1776517806124,0,0,0,,,,0,cancelled
2026-04-18 13:00,ord-000125,buy,76171.37,1776517811124,0,0,0,,,,0,cancelled
2026-04-18 13:00,ord-000126,sell,76175.38,1776517811124,0,0,0,,,,0,cancelled
2026-04-18 13:00,ord-000127,buy,76163.78,1776517816124,0,0,0,,,,0,cancelled
2026-04-18 13:00,ord-000128,sell,76167.79,1776517816124,0,0,0,,,,0,cancelled
2026-04-18 13:00,ord-000129,buy,76162.31,1776517826724,0,0,0,,,,0,cancelled
2026-04-18 13:00,ord-000130,sell,76166.32,1776517826724,0,0,0,,,,0,cancelled
2026-04-18 13:00,ord-000131,buy,76160.71,1776517880524,0,0,0,,,,0,cancelled
2026-04-18 13:00,ord-000132,sell,76164.72,1776517880524,0,0,0,,,,0,cancelled
2026-04-18 13:00,ord-000133,buy,76160.70,1776517885524,0,0,0,,,,0,cancelled
2026-04-18 13:00,ord-000134,sell,76164.71,1776517885524,0,0,0,,,,0,cancelled
2026-04-18 13:00,ord-000135,buy,76159.44,1776517890524,0,0,0,,,,0,cancelled
2026-04-18 13:00,ord-000136,sell,76163.45,1776517890524,0,0,0,,,,0,cancelled
2026-04-18 13:00,ord-000137,buy,76156.21,1776517895525,0,0,0,,,,0,cancelled
2026-04-18 13:00,ord-000138,sell,76160.22,1776517895525,0,0,0,,,,0,cancelled
2026-04-18 13:00,ord-000139,buy,76156.19,1776517900624,0,0,0,,,,0,cancelled
2026-04-18 13:00,ord-000140,sell,76160.20,1776517900624,0.00656000,0,0,,,,0,cancelled
2026-04-18 13:00,ord-000141,buy,76151.95,1776517905624,0,0,0,,,,0,cancelled
2026-04-18 13:00,ord-000142,sell,76155.96,1776517905624,0,0,0,,,,0,cancelled
2026-04-18 13:00,ord-000143,buy,76149.59,1776517910624,0,0,0,,,,0,cancelled
2026-04-18 13:00,ord-000144,sell,76153.60,1776517910624,0,0,0,,,,0,cancelled
2026-04-18 13:00,ord-000145,buy,76158.03,1776517949524,0,0,0,,,,0,cancelled
2026-04-18 13:00,ord-000146,sell,76162.04,1776517949524,0,0,0,,,,0,cancelled
2026-04-18 13:00,ord-000147,buy,76158.04,1776517954524,0,0,0,,,,0,cancelled
2026-04-18 13:00,ord-000148,sell,76162.05,1776517954524,0,0,0,,,,0,cancelled
2026-04-18 13:00,ord-000149,buy,76166.68,1776517980824,0,0,0,,,,0,cancelled
2026-04-18 13:00,ord-000150,sell,76170.69,1776517980824,0,0,0,,,,0,cancelled
2026-04-18 13:00,ord-000151,buy,76182.81,1776517985824,0,0,0,,,,0,cancelled
2026-04-18 13:00,ord-000152,sell,76186.82,1776517985824,0,0,0,,,,0,cancelled
2026-04-18 13:00,ord-000153,buy,76180.43,1776518006824,0,0,0,,,,0,cancelled
2026-04-18 13:00,ord-000154,sell,76184.44,1776518006824,0,0,0,,,,0,cancelled
2026-04-18 13:00,ord-000155,buy,76169.75,1776518013624,0,0,0,,,,0,cancelled
2026-04-18 13:00,ord-000156,sell,76173.76,1776518013624,0,0,0,,,,0,cancelled
2026-04-18 13:00,ord-000157,buy,76162.13,1776518020724,0,0,0,,,,0,cancelled
2026-04-18 13:00,ord-000158,sell,76166.14,1776518020724,0,0,0,,,,0,cancelled
2026-04-18 13:00,ord-000159,buy,76154.96,1776518025724,0.00132000,0,0,,,,0,cancelled
2026-04-18 13:00,ord-000160,sell,76158.97,1776518025724,0,0,0,,,,0,cancelled
2026-04-18 13:00,ord-000161,buy,76151.54,1776518030724,0.00026000,0,0,,,,0,cancelled
2026-04-18 13:00,ord-000162,sell,76155.55,1776518030724,0,0,0,,,,0,cancelled
2026-04-18 13:00,ord-000163,buy,76148.19,1776518035725,0.00008000,0,0,,,,0,cancelled
2026-04-18 13:00,ord-000164,sell,76152.20,1776518035725,0,0,0,,,,0,cancelled
2026-04-18 13:00,ord-000165,buy,76148.18,1776518041224,0,0,0,,,,0,cancelled
2026-04-18 13:00,ord-000166,sell,76152.19,1776518041224,0,0,0,,,,0,cancelled
2026-04-18 13:00,ord-000167,buy,76148.17,1776518046224,0,0,0,,,,0,cancelled
2026-04-18 13:00,ord-000168,sell,76152.18,1776518046224,0,0,0,,,,0,cancelled
2026-04-18 13:00,ord-000169,buy,76153.32,1776518051324,0,0,0,,,,0,cancelled
2026-04-18 13:00,ord-000170,sell,76157.33,1776518051324,0,0,0,,,,0,cancelled
2026-04-18 13:00,ord-000171,buy,76160.94,1776518056324,0,0,0,,,,0,cancelled
2026-04-18 13:00,ord-000172,sell,76164.95,1776518056324,0,0,0,,,,0,cancelled
2026-04-18 13:00,ord-000173,buy,76160.21,1776518079424,0,0,0,,,,0,cancelled
2026-04-18 13:00,ord-000174,sell,76164.22,1776518079424,0,0,0,,,,0,cancelled
2026-04-18 13:00,ord-000175,buy,76160.19,1776518084424,0,0,0,,,,0,cancelled
2026-04-18 13:00,ord-000176,sell,76164.20,1776518084424,0,0,0,,,,0,cancelled
2026-04-18 13:00,ord-000177,buy,76159.80,1776518089424,0,0,0,,,,0,cancelled
2026-04-18 13:00,ord-000178,sell,76163.81,1776518089424,0,0,0,,,,0,cancelled
2026-04-18 13:00,ord-000179,buy,76159.78,1776518094424,0,0,0,,,,0,cancelled
2026-04-18 13:00,ord-000180,sell,76163.79,1776518094424,0.00525000,0,0,,,,0,cancelled
2026-04-18 13:00,ord-000181,buy,76153.33,1776518099424,0,0,0,,,,0,cancelled
2026-04-18 13:00,ord-000182,sell,76157.34,1776518099424,0,0,0,,,,0,cancelled
2026-04-18 13:00,ord-000183,buy,76149.59,1776518114024,0,0,0,,,,0,cancelled
2026-04-18 13:00,ord-000184,sell,76153.60,1776518114024,0,0,0,,,,0,cancelled
2026-04-18 13:00,ord-000185,buy,76143.38,1776518119024,0,0,0,,,,0,cancelled
2026-04-18 13:00,ord-000186,sell,76147.39,1776518119024,0,0,0,,,,0,cancelled
2026-04-18 13:00,ord-000187,buy,76140.31,1776518124824,0,0,0,,,,0,cancelled
2026-04-18 13:00,ord-000188,sell,76144.32,1776518124824,0,0,0,,,,0,cancelled
2026-04-18 13:00,ord-000189,buy,76131.24,1776518129824,0,0,0,,,,0,cancelled
2026-04-18 13:00,ord-000190,sell,76135.25,1776518129824,0,0,0,,,,0,cancelled
2026-04-18 13:00,ord-000191,buy,76129.12,1776518153224,0,0,0,,,,0,cancelled
2026-04-18 13:00,ord-000192,sell,76133.13,1776518153224,0,0,0,,,,0,cancelled
2026-04-18 13:00,ord-000193,buy,76128.00,1776518160324,0.00040000,0.00040000,0,,,,0,cancelled
2026-04-18 13:00,ord-000194,sell,76132.01,1776518160324,0,0,0,,,,0,cancelled
2026-04-18 13:00,ord-000195,buy,76124.00,1776518181724,0.00040000,0.00040000,0,,,,0,cancelled
2026-04-18 13:00,ord-000196,sell,76128.01,1776518181724,0,0,0,,,,0,cancelled
2026-04-18 13:00,ord-000197,buy,76122.04,1776518186724,0,0,0,,,,0,cancelled
2026-04-18 13:00,ord-000198,sell,76126.05,1776518186724,0.04858000,0,0,,,,0,cancelled
2026-04-18 13:00,ord-000199,buy,76112.38,1776518191724,0,0,0,,,,0,cancelled
2026-04-18 13:00,ord-000200,sell,76116.39,1776518191724,0,0,0,,,,0,cancelled
2026-04-18 13:00,ord-000201,buy,76108.64,1776518196724,0,0,0,,,,0,cancelled
2026-04-18 13:00,ord-000202,sell,76112.65,1776518196724,0,0,0,,,,0,cancelled
2026-04-18 13:00,ord-000203,buy,76098.00,1776518201724,0.00040000,0.00040000,0,,,,0,cancelled
2026-04-18 13:00,ord-000204,sell,76102.01,1776518201724,0,0,0,,,,0,cancelled
2026-04-18 13:00,ord-000205,buy,76093.86,1776518206724,0,0,0,,,,0,cancelled
2026-04-18 13:00,ord-000206,sell,76097.87,1776518206724,0,0,0,,,,0,cancelled
2026-04-18 13:00,ord-000207,buy,76098.00,1776518211724,0,0,0,,,,0,cancelled
2026-04-18 13:00,ord-000208,sell,76102.01,1776518211724,0,0,0,,,,0,cancelled
2026-04-18 13:00,ord-000209,buy,76077.33,1776518216724,0,0,0,,,,0,cancelled
2026-04-18 13:00,ord-000210,sell,76081.34,1776518216724,0,0,0,,,,0,cancelled
2026-04-18 13:00,ord-000211,buy,76077.14,1776518230524,0,0,0,,,,0,cancelled
2026-04-18 13:00,ord-000212,sell,76081.15,1776518230524,0,0,0,,,,0,cancelled
2026-04-18 13:00,ord-000213,buy,76072.39,1776518235524,0,0,0,,,,0,cancelled
2026-04-18 13:00,ord-000214,sell,76076.40,1776518235524,0,0,0,,,,0,cancelled
2026-04-18 13:00,ord-000215,buy,76056.73,1776518240524,0,0,0,,,,0,cancelled
2026-04-18 13:00,ord-000216,sell,76060.74,1776518240524,0,0,0,,,,0,cancelled
2026-04-18 13:00,ord-000217,buy,76055.82,1776518245524,0,0,0,,,,0,cancelled
2026-04-18 13:00,ord-000218,sell,76059.83,1776518245524,0,0,0,,,,0,cancelled
2026-04-18 13:00,ord-000219,buy,76071.31,1776518250524,0,0,0,,,,0,cancelled
2026-04-18 13:00,ord-000220,sell,76075.32,1776518250524,0,0,0,,,,0,cancelled
2026-04-18 13:00,ord-000221,buy,76055.83,1776518255524,0,0,0,,,,0,cancelled
2026-04-18 13:00,ord-000222,sell,76059.84,1776518255524,0,0,0,,,,0,cancelled
2026-04-18 13:00,ord-000223,buy,76061.62,1776518263824,0,0,0,,,,0,cancelled
2026-04-18 13:00,ord-000224,sell,76065.63,1776518263824,0,0,0,,,,0,cancelled
2026-04-18 13:00,ord-000225,buy,76068.21,1776518268824,0,0,0,,,,0,cancelled
2026-04-18 13:00,ord-000226,sell,76072.22,1776518268824,0.00008000,0.00008000,0,,,,0,cancelled
2026-04-18 13:00,ord-000227,buy,76087.12,1776518273824,0,0,0,,,,0,cancelled
2026-04-18 13:00,ord-000228,sell,76091.13,1776518273824,0,0,0,,,,0,cancelled
2026-04-18 13:00,ord-000229,buy,76097.69,1776518278824,0,0,0,,,,0,cancelled
2026-04-18 13:00,ord-000230,sell,76101.70,1776518278824,0,0,0,,,,0,cancelled
2026-04-18 13:00,ord-000231,buy,76084.68,1776518283824,0,0,0,,,,0,cancelled
2026-04-18 13:00,ord-000232,sell,76088.69,1776518283824,0,0,0,,,,0,cancelled
2026-04-18 13:00,ord-000233,buy,76091.58,1776518290324,0,0,0,,,,0,cancelled
2026-04-18 13:00,ord-000234,sell,76095.59,1776518290324,0,0,0,,,,0,cancelled
2026-04-18 13:00,ord-000235,buy,76100.55,1776518295324,0,0,0,,,,0,cancelled
2026-04-18 13:00,ord-000236,sell,76104.56,1776518295324,0,0,0,,,,0,cancelled
2026-04-18 13:00,ord-000237,buy,76107.61,1776518300324,0,0,0,,,,0,cancelled
2026-04-18 13:00,ord-000238,sell,76111.62,1776518300324,0,0,0,,,,0,cancelled
2026-04-18 13:00,ord-000239,buy,76111.99,1776518305524,0,0,0,,,,0,cancelled
2026-04-18 13:00,ord-000240,sell,76116.00,1776518305524,0.00040000,0,0,,,,0,cancelled
2026-04-18 13:00,ord-000241,buy,76110.81,1776518312425,0,0,0,,,,0,cancelled
2026-04-18 13:00,ord-000242,sell,76114.82,1776518312425,0,0,0,,,,0,cancelled
2026-04-18 13:00,ord-000243,buy,76101.61,1776518317524,0,0,0,,,,0,cancelled
2026-04-18 13:00,ord-000244,sell,76105.62,1776518317524,0,0,0,,,,0,cancelled
2026-04-18 13:00,ord-000245,buy,76108.64,1776518336524,0,0,0,,,,0,cancelled
2026-04-18 13:00,ord-000246,sell,76112.65,1776518336524,0,0,0,,,,0,cancelled
2026-04-18 13:00,ord-000247,buy,76112.14,1776518346624,0,0,0,,,,0,cancelled
2026-04-18 13:00,ord-000248,sell,76116.15,1776518346624,0,0,0,,,,0,cancelled
2026-04-18 13:00,ord-000249,buy,76119.99,1776518351624,0,0,0,,,,0,cancelled
2026-04-18 13:00,ord-000250,sell,76124.00,1776518351624,0.00040000,0,0,,,,0,cancelled
2026-04-18 13:00,ord-000251,buy,76109.07,1776518356624,0,0,0,,,,0,cancelled
2026-04-18 13:00,ord-000252,sell,76113.08,1776518356624,0,0,0,,,,0,cancelled
2026-04-18 13:00,ord-000253,buy,76123.11,1776518361624,0,0,0,,,,0,cancelled
2026-04-18 13:00,ord-000254,sell,76127.12,1776518361624,0,0,0,,,,0,cancelled
2026-04-18 13:00,ord-000255,buy,76115.41,1776518366624,0,0,0,,,,0,cancelled
2026-04-18 13:00,ord-000256,sell,76119.42,1776518366624,0,0,0,,,,0,cancelled
2026-04-18 13:00,ord-000257,buy,76111.36,1776518371624,0,0,0,,,,0,cancelled
2026-04-18 13:00,ord-000258,sell,76115.37,1776518371624,0,0,0,,,,0,cancelled
2026-04-18 13:00,ord-000259,buy,76117.95,1776518391424,0,0,0,,,,0,cancelled
2026-04-18 13:00,ord-000260,sell,76121.96,1776518391424,0,0,0,,,,0,cancelled
2026-04-18 13:00,ord-000261,buy,76121.99,1776518399224,0,0,0,,,,0,cancelled
2026-04-18 13:00,ord-000262,sell,76126.00,1776518399224,0.00079000,0,0,,,,0,cancelled
2026-04-18 13:00,ord-000263,buy,76127.99,1776518404224,0,0,0,,,,0,cancelled
2026-04-18 13:00,ord-000264,sell,76132.00,1776518404224,0.00040000,0.00040000,0,,,,0,cancelled
2026-04-18 13:00,ord-000265,buy,76143.08,1776518409224,0,0,0,,,,0,cancelled
2026-04-18 13:00,ord-000266,sell,76147.09,1776518409224,0,0,0,,,,0,cancelled
2026-04-18 13:00,ord-000267,buy,76136.89,1776518414224,0,0,0,,,,0,cancelled
2026-04-18 13:00,ord-000268,sell,76140.90,1776518414224,0,0,0,,,,0,cancelled
2026-04-18 13:00,ord-000269,buy,76129.27,1776518419224,0,0,0,,,,0,cancelled
2026-04-18 13:00,ord-000270,sell,76133.28,1776518419224,0,0,0,,,,0,cancelled
2026-04-18 13:00,ord-000271,buy,76131.10,1776518437224,0,0,0,,,,0,cancelled
2026-04-18 13:00,ord-000272,sell,76135.11,1776518437224,0,0,0,,,,0,cancelled
2026-04-18 13:00,ord-000273,buy,76142.85,1776518442224,0,0,0,,,,0,cancelled
2026-04-18 13:00,ord-000274,sell,76146.86,1776518442224,0,0,0,,,,0,cancelled
2026-04-18 13:00,ord-000275,buy,76152.59,1776518461630,0,0,0,,,,0,cancelled
2026-04-18 13:00,ord-000276,sell,76156.60,1776518461630,0,0,0,,,,0,cancelled
2026-04-18 13:00,ord-000277,buy,76179.90,1776518466724,0,0,0,,,,0,cancelled
2026-04-18 13:00,ord-000278,sell,76183.91,1776518466724,0,0,0,,,,0,cancelled
2026-04-18 13:00,ord-000279,buy,76185.56,1776518490124,0,0,0,,,,0,cancelled
2026-04-18 13:00,ord-000280,sell,76189.57,1776518490124,0,0,0,,,,0,cancelled
2026-04-18 13:00,ord-000281,buy,76186.51,1776518504324,0,0,0,,,,0,cancelled
2026-04-18 13:00,ord-000282,sell,76190.52,1776518504324,0,0,0,,,,0,cancelled
2026-04-18 13:00,ord-000283,buy,76200.70,1776518509324,0,0,0,,,,0,cancelled
2026-04-18 13:00,ord-000284,sell,76204.71,1776518509324,0.00007000,0,0,,,,0,cancelled
2026-04-18 13:00,ord-000285,buy,76210.69,1776518514324,0,0,0,,,,0,cancelled
2026-04-18 13:00,ord-000286,sell,76214.70,1776518514324,0,0,0,,,,0,cancelled
2026-04-18 13:00,ord-000287,buy,76204.89,1776518527024,0,0,0,,,,0,cancelled
2026-04-18 13:00,ord-000288,sell,76208.90,1776518527024,0,0,0,,,,0,cancelled
2026-04-18 13:00,ord-000289,buy,76183.16,1776518532024,0,0,0,,,,0,cancelled
2026-04-18 13:00,ord-000290,sell,76187.17,1776518532024,0,0,0,,,,0,cancelled
2026-04-18 13:00,ord-000291,buy,76186.70,1776518541924,0,0,0,,,,0,cancelled
2026-04-18 13:00,ord-000292,sell,76190.71,1776518541924,0,0,0,,,,0,cancelled
2026-04-18 13:00,ord-000293,buy,76186.72,1776518546924,0,0,0,,,,0,cancelled
2026-04-18 13:00,ord-000294,sell,76190.73,1776518546924,0,0,0,,,,0,cancelled
2026-04-18 13:00,ord-000295,buy,76183.17,1776518552024,0,0,0,,,,0,cancelled
2026-04-18 13:00,ord-000296,sell,76187.18,1776518552024,0,0,0,,,,0,cancelled
2026-04-18 13:00,ord-000297,buy,76180.75,1776518557524,0,0,0,,,,0,cancelled
2026-04-18 13:00,ord-000298,sell,76184.76,1776518557524,0,0,0,,,,0,cancelled
2026-04-18 13:00,ord-000299,buy,76171.53,1776518585824,0,0,0,,,,0,cancelled
2026-04-18 13:00,ord-000300,sell,76175.54,1776518585824,1.26025000,0,0,,,,0,cancelled
2026-04-18 13:00,ord-000301,buy,76170.00,1776518590824,0.00040000,0,0,,,,0,cancelled
2026-04-18 13:00,ord-000302,sell,76174.01,1776518590824,0.00007000,0,0,,,,0,cancelled
2026-04-18 13:00,ord-000303,buy,76168.02,1776518595824,0,0,0,,,,0,cancelled
2026-04-18 13:00,ord-000304,sell,76172.03,1776518595824,0,0,0,,,,0,cancelled
2026-04-18 13:00,ord-000305,buy,76169.99,1776518616724,0,0,0,,,,0,cancelled
2026-04-18 13:00,ord-000306,sell,76174.00,1776518616724,0,0,0,,,,0,cancelled
2026-04-18 13:00,ord-000307,buy,76171.53,1776518621724,0,0,0,,,,0,cancelled
2026-04-18 13:00,ord-000308,sell,76175.54,1776518621724,0,0,0,,,,0,cancelled
2026-04-18 13:00,ord-000309,buy,76170.50,1776518653424,0,0,0,,,,0,cancelled
2026-04-18 13:00,ord-000310,sell,76174.51,1776518653424,0,0,0,,,,0,cancelled
2026-04-18 13:00,ord-000311,buy,76141.74,1776518658424,0,0,0,,,,0,cancelled
2026-04-18 13:00,ord-000312,sell,76145.75,1776518658424,0,0,0,,,,0,cancelled
2026-04-18 13:00,ord-000313,buy,76142.98,1776518735724,0,0,0,,,,0,cancelled
2026-04-18 13:00,ord-000314,sell,76146.99,1776518735724,0,0,0,,,,0,cancelled
2026-04-18 13:00,ord-000315,buy,76163.73,1776518740724,0,0,0,,,,0,cancelled
2026-04-18 13:00,ord-000316,sell,76167.74,1776518740724,0,0,0,,,,0,cancelled
2026-04-18 13:00,ord-000317,buy,76162.76,1776518747824,0,0,0,,,,0,cancelled
2026-04-18 13:00,ord-000318,sell,76166.77,1776518747824,0,0,0,,,,0,cancelled
2026-04-18 13:00,ord-000319,buy,76157.43,1776518752824,0,0,0,,,,0,cancelled
2026-04-18 13:00,ord-000320,sell,76161.44,1776518752824,0,0,0,,,,0,cancelled
2026-04-18 13:00,ord-000321,buy,76148.30,1776518765224,0,0,0,,,,0,cancelled
2026-04-18 13:00,ord-000322,sell,76152.31,1776518765224,0,0,0,,,,0,cancelled
2026-04-18 13:00,ord-000323,buy,76148.28,1776518818624,0,0,0,,,,0,cancelled
2026-04-18 13:00,ord-000324,sell,76152.29,1776518818624,0,0,0,,,,0,cancelled
2026-04-18 13:00,ord-000325,buy,76134.04,1776518823624,0,0,0,,,,0,cancelled
2026-04-18 13:00,ord-000326,sell,76138.05,1776518823624,0,0,0,,,,0,cancelled
2026-04-18 13:00,ord-000327,buy,76128.00,1776518887724,0.00040000,0.00040000,0,,,,0,cancelled
2026-04-18 13:00,ord-000328,sell,76132.01,1776518887724,0,0,0,,,,0,cancelled
2026-04-18 13:00,ord-000329,buy,76086.56,1776518892724,0,0,0,,,,0,cancelled
2026-04-18 13:00,ord-000330,sell,76090.57,1776518892724,0,0,0,,,,0,cancelled
2026-04-18 13:00,ord-000331,buy,76076.05,1776518897724,0,0,0,,,,0,cancelled
2026-04-18 13:00,ord-000332,sell,76080.06,1776518897724,0,0,0,,,,0,cancelled
2026-04-18 13:00,ord-000333,buy,76073.00,1776518902724,0,0,0,,,,0,cancelled
2026-04-18 13:00,ord-000334,sell,76077.01,1776518902724,0,0,0,,,,0,cancelled
2026-04-18 13:00,ord-000335,buy,76067.24,1776518918324,0,0,0,,,,0,cancelled
2026-04-18 13:00,ord-000336,sell,76071.25,1776518918324,0,0,0,,,,0,cancelled
2026-04-18 13:00,ord-000337,buy,76060.01,1776518923324,0,0,0,,,,0,cancelled
2026-04-18 13:00,ord-000338,sell,76064.02,1776518923324,0,0,0,,,,0,cancelled
2026-04-18 13:00,ord-000339,buy,76073.00,1776518928324,0,0,0,,,,0,cancelled
2026-04-18 13:00,ord-000340,sell,76077.01,1776518928324,0,0,0,,,,0,cancelled
2026-04-18 13:00,ord-000341,buy,76082.87,1776518937424,0,0,0,,,,0,cancelled
2026-04-18 13:00,ord-000342,sell,76086.88,1776518937424,0,0,0,,,,0,cancelled
2026-04-18 13:00,ord-000343,buy,76098.94,1776518959232,0,0,0,,,,0,cancelled
2026-04-18 13:00,ord-000344,sell,76102.95,1776518959232,0,0,0,,,,0,cancelled
2026-04-18 13:00,ord-000345,buy,76096.34,1776518993424,0,0,0,,,,0,cancelled
2026-04-18 13:00,ord-000346,sell,76100.35,1776518993424,0,0,0,,,,0,cancelled
2026-04-18 13:00,ord-000347,buy,76086.91,1776518998424,0,0,0,,,,0,cancelled
2026-04-18 13:00,ord-000348,sell,76090.92,1776518998424,0,0,0,,,,0,cancelled
2026-04-18 13:00,ord-000349,buy,76089.99,1776519003424,0,0,0,,,,0,cancelled
2026-04-18 13:00,ord-000350,sell,76094.00,1776519003424,0,0,0,,,,0,cancelled
2026-04-18 13:00,ord-000351,buy,76021.14,1776519008430,0,0,0,,,,0,cancelled
2026-04-18 13:00,ord-000352,sell,76025.15,1776519008430,0,0,0,,,,0,cancelled
2026-04-18 13:00,ord-000353,buy,76028.94,1776519013524,0,0,0,,,,0,cancelled
2026-04-18 13:00,ord-000354,sell,76032.95,1776519013524,0,0,0,,,,0,cancelled
2026-04-18 13:00,ord-000355,buy,76025.55,1776519033724,0,0,0,,,,0,cancelled
2026-04-18 13:00,ord-000356,sell,76029.56,1776519033724,0,0,0,,,,0,cancelled
2026-04-18 13:00,ord-000357,buy,76008.00,1776519038724,0,0,0,,,,0,cancelled
2026-04-18 13:00,ord-000358,sell,76012.01,1776519038724,0,0,0,,,,0,cancelled
2026-04-18 13:00,ord-000359,buy,76011.66,1776519045024,0,0,0,,,,0,cancelled
2026-04-18 13:00,ord-000360,sell,76015.67,1776519045024,0,0,0,,,,0,cancelled
2026-04-18 13:00,ord-000361,buy,76020.03,1776519050024,0,0,0,,,,0,cancelled
2026-04-18 13:00,ord-000362,sell,76024.04,1776519050024,0,0,0,,,,0,cancelled
2026-04-18 13:00,ord-000363,buy,76020.02,1776519064424,0,0,0,,,,0,cancelled
2026-04-18 13:00,ord-000364,sell,76024.03,1776519064424,0,0,0,,,,0,cancelled
2026-04-18 13:00,ord-000365,buy,76020.03,1776519071224,0,0,0,,,,0,cancelled
2026-04-18 13:00,ord-000366,sell,76024.04,1776519071224,0,0,0,,,,0,cancelled
2026-04-18 13:00,ord-000367,buy,76019.32,1776519080224,0,0,0,,,,0,cancelled
2026-04-18 13:00,ord-000368,sell,76023.33,1776519080224,0,0,0,,,,0,cancelled
2026-04-18 13:00,ord-000369,buy,76019.02,1776519085224,0,0,0,,,,0,cancelled
2026-04-18 13:00,ord-000370,sell,76023.03,1776519085224,0,0,0,,,,0,cancelled
2026-04-18 13:00,ord-000371,buy,76015.81,1776519090924,0,0,0,,,,0,cancelled
2026-04-18 13:00,ord-000372,sell,76019.82,1776519090924,0,0,0,,,,0,cancelled
2026-04-18 13:00,ord-000373,buy,75998.00,1776519095924,0.00120000,0.00120000,0,,,,0,cancelled
2026-04-18 13:00,ord-000374,sell,76002.01,1776519095924,0.01784000,0,0,,,,0,cancelled
2026-04-18 13:00,ord-000375,buy,75983.66,1776519100924,0,0,0,,,,0,cancelled
2026-04-18 13:00,ord-000376,sell,75987.67,1776519100924,0,0,0,,,,0,cancelled
2026-04-18 13:00,ord-000377,buy,75998.73,1776519105924,0,0,0,,,,0,cancelled
2026-04-18 13:00,ord-000378,sell,76002.74,1776519105924,0,0,0,,,,0,cancelled
2026-04-18 13:00,ord-000379,buy,75999.36,1776519115124,0,0,0,,,,0,cancelled
2026-04-18 13:00,ord-000380,sell,76003.37,1776519115124,0,0,0,,,,0,cancelled
2026-04-18 13:00,ord-000381,buy,76010.86,1776519120124,0,0,0,,,,0,cancelled
2026-04-18 13:00,ord-000382,sell,76014.87,1776519120124,0,0,0,,,,0,cancelled
2026-04-18 13:00,ord-000383,buy,76028.95,1776519125124,0,0,0,,,,0,cancelled
2026-04-18 13:00,ord-000384,sell,76032.96,1776519125124,0,0,0,,,,0,cancelled
2026-04-18 13:00,ord-000385,buy,76035.03,1776519130124,0,0,0,,,,0,cancelled
2026-04-18 13:00,ord-000386,sell,76039.04,1776519130124,0,0,0,,,,0,cancelled
2026-04-18 13:00,ord-000387,buy,76043.99,1776519135124,0,0,0,,,,0,cancelled
2026-04-18 13:00,ord-000388,sell,76048.00,1776519135124,0.00040000,0.00040000,0,,,,0,cancelled
2026-04-18 13:00,ord-000389,buy,76055.16,1776519153924,0,0,0,,,,0,cancelled
2026-04-18 13:00,ord-000390,sell,76059.17,1776519153924,0,0,0,,,,0,cancelled
2026-04-18 13:00,ord-000391,buy,76061.96,1776519185224,0,0,0,,,,0,cancelled
2026-04-18 13:00,ord-000392,sell,76065.97,1776519185224,0,0,0,,,,0,cancelled
2026-04-18 13:00,ord-000393,buy,76058.05,1776519200124,0,0,0,,,,0,cancelled
2026-04-18 13:00,ord-000394,sell,76062.06,1776519200124,0,0,0,,,,0,cancelled
2026-04-18 13:00,ord-000395,buy,76053.26,1776519205124,0,0,0,,,,0,cancelled
2026-04-18 13:00,ord-000396,sell,76057.27,1776519205124,0,0,0,,,,0,cancelled
2026-04-18 13:00,ord-000397,buy,76053.24,1776519210124,0,0,0,,,,0,cancelled
2026-04-18 13:00,ord-000398,sell,76057.25,1776519210124,0,0,0,,,,0,cancelled
2026-04-18 13:00,ord-000399,buy,76050.66,1776519240324,0,0,0,,,,0,cancelled
2026-04-18 13:00,ord-000400,sell,76054.67,1776519240324,0,0,0,,,,0,cancelled
2026-04-18 13:00,ord-000401,buy,76039.16,1776519245324,0,0,0,,,,0,cancelled
2026-04-18 13:00,ord-000402,sell,76043.17,1776519245324,0,0,0,,,,0,cancelled
2026-04-18 13:00,ord-000403,buy,76031.58,1776519250324,0,0,0,,,,0,cancelled
2026-04-18 13:00,ord-000404,sell,76035.59,1776519250324,0,0,0,,,,0,cancelled
2026-04-18 13:00,ord-000405,buy,76012.84,1776519258724,0,0,0,,,,0,cancelled
2026-04-18 13:00,ord-000406,sell,76016.85,1776519258724,0,0,0,,,,0,cancelled
2026-04-18 13:00,ord-000407,buy,76027.53,1776519263724,0,0,0,,,,0,cancelled
2026-04-18 13:00,ord-000408,sell,76031.54,1776519263724,0,0,0,,,,0,cancelled
2026-04-18 13:00,ord-000409,buy,76023.74,1776519268724,0,0,0,,,,0,cancelled
2026-04-18 13:00,ord-000410,sell,76027.75,1776519268724,0,0,0,,,,0,cancelled
2026-04-18 13:00,ord-000411,buy,75997.29,1776519273724,0,0,0,,,,0,cancelled
2026-04-18 13:00,ord-000412,sell,76001.30,1776519273724,0,0,0,,,,0,cancelled
2026-04-18 13:00,ord-000413,buy,76004.20,1776519316124,0,0,0,,,,0,cancelled
2026-04-18 13:00,ord-000414,sell,76008.21,1776519316124,0,0,0,,,,0,cancelled
2026-04-18 13:00,ord-000415,buy,76012.75,1776519321124,0,0,0,,,,0,cancelled
2026-04-18 13:00,ord-000416,sell,76016.76,1776519321124,0,0,0,,,,0,cancelled
2026-04-18 13:00,ord-000417,buy,76007.06,1776519338724,0,0,0,,,,0,cancelled
2026-04-18 13:00,ord-000418,sell,76011.07,1776519338724,0,0,0,,,,0,cancelled
2026-04-18 13:00,ord-000419,buy,75997.29,1776519343724,0,0,0,,,,0,cancelled
2026-04-18 13:00,ord-000420,sell,76001.30,1776519343724,0,0,0,,,,0,cancelled
2026-04-18 13:00,ord-000421,buy,75993.54,1776519348724,0,0,0,,,,0,cancelled
2026-04-18 13:00,ord-000422,sell,75997.55,1776519348724,0,0,0,,,,0,cancelled
2026-04-18 13:00,ord-000423,buy,75987.72,1776519353724,0,0,0,,,,0,cancelled
2026-04-18 13:00,ord-000424,sell,75991.73,1776519353724,0,0,0,,,,0,cancelled
2026-04-18 13:00,ord-000425,buy,75962.29,1776519358724,0,0,0,,,,0,cancelled
2026-04-18 13:00,ord-000426,sell,75966.30,1776519358724,0,0,0,,,,0,cancelled
2026-04-18 13:00,ord-000427,buy,75984.65,1776519363724,0,0,0,,,,0,cancelled
2026-04-18 13:00,ord-000428,sell,75988.66,1776519363724,2.89356000,0,0,,,,0,cancelled
2026-04-18 13:00,ord-000429,buy,75984.05,1776519369332,0,0,0,,,,0,cancelled
2026-04-18 13:00,ord-000430,sell,75988.06,1776519369332,0,0,0,,,,0,cancelled
2026-04-18 13:00,ord-000431,buy,75977.07,1776519375124,0,0,0,,,,0,cancelled
2026-04-18 13:00,ord-000432,sell,75981.08,1776519375124,0,0,0,,,,0,cancelled
2026-04-18 13:00,ord-000433,buy,75993.51,1776519380124,0,0,0,,,,0,cancelled
2026-04-18 13:00,ord-000434,sell,75997.52,1776519380124,0.00014000,0,0,,,,0,cancelled
2026-04-18 13:00,ord-000435,buy,75993.02,1776519395829,0.00014000,0.00014000,0,1776519395857,0.00014000,0.00000000,0.00007000,cancelled
2026-04-18 13:00,ord-000436,sell,75997.03,1776519395829,0,0,0,,,,0,cancelled
2026-04-18 13:00,ord-000437,buy,75952.71,1776519400924,0,0,0,,,,0,cancelled
2026-04-18 13:00,ord-000438,sell,75956.72,1776519400924,0,0,0,,,,0,cancelled
2026-04-18 13:00,ord-000439,buy,75949.14,1776519405924,0,0,0,,,,0,cancelled
2026-04-18 13:00,ord-000440,sell,75953.15,1776519405924,0,0,0,,,,0,cancelled
2026-04-18 13:00,ord-000441,buy,75943.87,1776519410924,0,0,0,,,,0,cancelled
2026-04-18 13:00,ord-000442,sell,75947.88,1776519410924,0,0,0,,,,0,cancelled
2026-04-18 13:00,ord-000443,buy,75932.23,1776519416324,0,0,0,,,,0,cancelled
2026-04-18 13:00,ord-000444,sell,75936.24,1776519416324,0,0,0,,,,0,cancelled
2026-04-18 13:00,ord-000445,buy,75936.09,1776519421324,0,0,0,,,,0,cancelled
2026-04-18 13:00,ord-000446,sell,75940.10,1776519421324,0,0,0,,,,0,cancelled
2026-04-18 13:00,ord-000447,buy,75922.75,1776519426324,0,0,0,,,,0,cancelled
2026-04-18 13:00,ord-000448,sell,75926.76,1776519426324,0.00348000,0.00003000,0,,,,0,cancelled
2026-04-18 13:00,ord-000449,buy,75924.75,1776519433224,0.65233000,0,0,,,,0,cancelled
2026-04-18 13:00,ord-000450,sell,75928.76,1776519433224,0,0,0,,,,0,cancelled
2026-04-18 13:00,ord-000451,buy,75942.65,1776519438224,0,0,0,,,,0,cancelled
2026-04-18 13:00,ord-000452,sell,75946.66,1776519438224,0,0,0,,,,0,cancelled
2026-04-18 13:00,ord-000453,buy,75945.89,1776519443224,0,0,0,,,,0,cancelled
2026-04-18 13:00,ord-000454,sell,75949.90,1776519443224,0,0,0,,,,0,cancelled
2026-04-18 13:00,ord-000455,buy,75968.65,1776519448224,0,0,0,,,,0,cancelled
2026-04-18 13:00,ord-000456,sell,75972.66,1776519448224,0,0,0,,,,0,cancelled
2026-04-18 13:00,ord-000457,buy,75972.84,1776519453224,0,0,0,,,,0,cancelled
2026-04-18 13:00,ord-000458,sell,75976.85,1776519453224,0,0,0,,,,0,cancelled
2026-04-18 13:00,ord-000459,buy,75968.84,1776519458224,0,0,0,,,,0,cancelled
2026-04-18 13:00,ord-000460,sell,75972.85,1776519458224,0,0,0,,,,0,cancelled
2026-04-18 13:00,ord-000461,buy,75982.05,1776519463224,0,0,0,,,,0,cancelled
2026-04-18 13:00,ord-000462,sell,75986.06,1776519463224,0.07045000,0,0,,,,0,cancelled
2026-04-18 13:00,ord-000463,buy,75975.84,1776519478724,0,0,0,,,,0,cancelled
2026-04-18 13:00,ord-000464,sell,75979.85,1776519478724,0,0,0,,,,0,cancelled
2026-04-18 13:00,ord-000465,buy,75973.64,1776519483724,0,0,0,,,,0,cancelled
2026-04-18 13:00,ord-000466,sell,75977.65,1776519483724,0,0,0,,,,0,cancelled
2026-04-18 13:00,ord-000467,buy,75982.79,1776519493924,0,0,0,,,,0,cancelled
2026-04-18 13:00,ord-000468,sell,75986.80,1776519493924,0,0,0,,,,0,cancelled
2026-04-18 13:00,ord-000469,buy,75991.37,1776519498924,0,0,0,,,,0,cancelled
2026-04-18 13:00,ord-000470,sell,75995.38,1776519498924,0,0,0,,,,0,cancelled
2026-04-18 13:00,ord-000471,buy,75990.35,1776519517924,0,0,0,,,,0,cancelled
2026-04-18 13:00,ord-000472,sell,75994.36,1776519517924,0,0,0,,,,0,cancelled
2026-04-18 13:00,ord-000473,buy,75982.80,1776519522924,0,0,0,,,,0,cancelled
2026-04-18 13:00,ord-000474,sell,75986.81,1776519522924,0,0,0,,,,0,cancelled
2026-04-18 13:00,ord-000475,buy,75975.32,1776519527924,0,0,0,,,,0,cancelled
2026-04-18 13:00,ord-000476,sell,75979.33,1776519527924,0,0,0,,,,0,cancelled
2026-04-18 13:00,ord-000477,buy,75973.92,1776519534624,0,0,0,,,,0,cancelled
2026-04-18 13:00,ord-000478,sell,75977.93,1776519534624,0,0,0,,,,0,cancelled
2026-04-18 13:00,ord-000479,buy,75968.73,1776519539624,0,0,0,,,,0,cancelled
2026-04-18 13:00,ord-000480,sell,75972.74,1776519539624,0,0,0,,,,0,cancelled
2026-04-18 13:00,ord-000481,buy,75981.82,1776519544624,0,0,0,,,,0,cancelled
2026-04-18 13:00,ord-000482,sell,75985.83,1776519544624,0,0,0,,,,0,cancelled
2026-04-18 13:00,ord-000483,buy,75958.00,1776519549624,0.00040000,0.00040000,0,,,,0,cancelled
2026-04-18 13:00,ord-000484,sell,75962.01,1776519549624,0,0,0,,,,0,cancelled
2026-04-18 13:00,ord-000485,buy,75950.40,1776519554624,0,0,0,,,,0,cancelled
2026-04-18 13:00,ord-000486,sell,75954.41,1776519554624,0,0,0,,,,0,cancelled
2026-04-18 13:00,ord-000487,buy,75933.34,1776519559624,0,0,0,,,,0,cancelled
2026-04-18 13:00,ord-000488,sell,75937.35,1776519559624,0,0,0,,,,0,cancelled
2026-04-18 13:00,ord-000489,buy,75922.88,1776519564624,0,0,0,,,,0,cancelled
2026-04-18 13:00,ord-000490,sell,75926.89,1776519564624,0,0,0,,,,0,cancelled
2026-04-18 13:00,ord-000491,buy,75919.86,1776519569624,0,0,0,,,,0,cancelled
2026-04-18 13:00,ord-000492,sell,75923.87,1776519569624,0,0,0,,,,0,cancelled
2026-04-18 13:00,ord-000493,buy,75911.44,1776519574624,0,0,0,,,,0,cancelled
2026-04-18 13:00,ord-000494,sell,75915.45,1776519574624,0,0,0,,,,0,cancelled
2026-04-18 13:00,ord-000495,buy,75900.25,1776519579624,0.08667000,0,0,,,,0,cancelled
2026-04-18 13:00,ord-000496,sell,75904.26,1776519579624,0,0,0,,,,0,cancelled
2026-04-18 13:00,ord-000497,buy,75882.96,1776519584624,0,0,0,,,,0,cancelled
2026-04-18 13:00,ord-000498,sell,75886.97,1776519584624,0,0,0,,,,0,cancelled
2026-04-18 13:00,ord-000499,buy,75885.72,1776519589624,0,0,0,,,,0,cancelled
2026-04-18 13:00,ord-000500,sell,75889.73,1776519589624,0,0,0,,,,0,cancelled
2026-04-18 13:00,ord-000501,buy,75883.83,1776519594624,0,0,0,,,,0,cancelled
2026-04-18 13:00,ord-000502,sell,75887.84,1776519594624,0,0,0,,,,0,cancelled
2026-04-18 13:00,ord-000503,buy,75865.10,1776519599624,0,0,0,,,,0,cancelled
2026-04-18 13:00,ord-000504,sell,75869.11,1776519599624,0,0,0,,,,0,cancelled
2026-04-18 13:00,ord-000505,buy,75869.96,1776519604624,0,0,0,,,,0,cancelled
2026-04-18 13:00,ord-000506,sell,75873.97,1776519604624,0,0,0,,,,0,cancelled
2026-04-18 13:00,ord-000507,buy,75874.21,1776519609624,0,0,0,,,,0,cancelled
2026-04-18 13:00,ord-000508,sell,75878.22,1776519609624,0,0,0,,,,0,cancelled
2026-04-18 13:00,ord-000509,buy,75852.66,1776519614624,0,0,0,,,,0,cancelled
2026-04-18 13:00,ord-000510,sell,75856.67,1776519614624,0,0,0,,,,0,cancelled
2026-04-18 13:00,ord-000511,buy,75827.19,1776519619624,0,0,0,,,,0,cancelled
2026-04-18 13:00,ord-000512,sell,75831.20,1776519619624,0,0,0,,,,0,cancelled
2026-04-18 13:00,ord-000513,buy,75834.94,1776519624624,0,0,0,,,,0,cancelled
2026-04-18 13:00,ord-000514,sell,75838.95,1776519624624,0,0,0,,,,0,cancelled
2026-04-18 13:00,ord-000515,buy,75834.59,1776519629624,0,0,0,,,,0,cancelled
2026-04-18 13:00,ord-000516,sell,75838.60,1776519629624,0,0,0,,,,0,cancelled
2026-04-18 13:00,ord-000517,buy,75841.78,1776519634624,0,0,0,,,,0,cancelled
2026-04-18 13:00,ord-000518,sell,75845.79,1776519634624,0,0,0,,,,0,cancelled
2026-04-18 13:00,ord-000519,buy,75840.62,1776519639624,0,0,0,,,,0,cancelled
2026-04-18 13:00,ord-000520,sell,75844.63,1776519639624,0,0,0,,,,0,cancelled
2026-04-18 13:00,ord-000521,buy,75832.44,1776519644624,0,0,0,,,,0,cancelled
2026-04-18 13:00,ord-000522,sell,75836.45,1776519644624,0,0,0,,,,0,cancelled
2026-04-18 13:00,ord-000523,buy,75826.28,1776519649624,0,0,0,,,,0,cancelled
2026-04-18 13:00,ord-000524,sell,75830.29,1776519649624,0,0,0,,,,0,cancelled
2026-04-18 13:00,ord-000525,buy,75826.27,1776519657824,0,0,0,,,,0,cancelled
2026-04-18 13:00,ord-000526,sell,75830.28,1776519657824,0,0,0,,,,0,cancelled
2026-04-18 13:00,ord-000527,buy,75823.27,1776519662824,0,0,0,,,,0,cancelled
2026-04-18 13:00,ord-000528,sell,75827.28,1776519662824,0,0,0,,,,0,cancelled
2026-04-18 13:00,ord-000529,buy,75820.01,1776519667824,0,0,0,,,,0,cancelled
2026-04-18 13:00,ord-000530,sell,75824.02,1776519667824,0,0,0,,,,0,cancelled
2026-04-18 13:00,ord-000531,buy,75808.67,1776519672824,0,0,0,,,,0,cancelled
2026-04-18 13:00,ord-000532,sell,75812.68,1776519672824,0,0,0,,,,0,cancelled
2026-04-18 13:00,ord-000533,buy,75823.26,1776519677824,0,0,0,,,,0,cancelled
2026-04-18 13:00,ord-000534,sell,75827.27,1776519677824,0,0,0,,,,0,cancelled
2026-04-18 13:00,ord-000535,buy,75832.44,1776519682824,0,0,0,,,,0,cancelled
2026-04-18 13:00,ord-000536,sell,75836.45,1776519682824,0,0,0,,,,0,cancelled
2026-04-18 13:00,ord-000537,buy,75852.55,1776519687824,0,0,0,,,,0,cancelled
2026-04-18 13:00,ord-000538,sell,75856.56,1776519687824,0,0,0,,,,0,cancelled
2026-04-18 13:00,ord-000539,buy,75874.21,1776519692824,0,0,0,,,,0,cancelled
2026-04-18 13:00,ord-000540,sell,75878.22,1776519692824,0,0,0,,,,0,cancelled
2026-04-18 13:00,ord-000541,buy,75872.31,1776519697824,0,0,0,,,,0,cancelled
2026-04-18 13:00,ord-000542,sell,75876.32,1776519697824,0.00665000,0,0,,,,0,cancelled
2026-04-18 13:00,ord-000543,buy,75854.01,1776519702825,0,0,0,,,,0,cancelled
2026-04-18 13:00,ord-000544,sell,75858.02,1776519702825,0,0,0,,,,0,cancelled
2026-04-18 13:00,ord-000545,buy,75862.67,1776519707924,0,0,0,,,,0,cancelled
2026-04-18 13:00,ord-000546,sell,75866.68,1776519707924,0,0,0,,,,0,cancelled
2026-04-18 13:00,ord-000547,buy,75870.26,1776519723824,0,0,0,,,,0,cancelled
2026-04-18 13:00,ord-000548,sell,75874.27,1776519723824,0,0,0,,,,0,cancelled
2026-04-18 13:00,ord-000549,buy,75888.69,1776519728824,0,0,0,,,,0,cancelled
2026-04-18 13:00,ord-000550,sell,75892.70,1776519728824,0,0,0,,,,0,cancelled
2026-04-18 13:00,ord-000551,buy,75896.28,1776519735324,0,0,0,,,,0,cancelled
2026-04-18 13:00,ord-000552,sell,75900.29,1776519735324,0,0,0,,,,0,cancelled
2026-04-18 13:00,ord-000553,buy,75905.49,1776519740324,0,0,0,,,,0,cancelled
2026-04-18 13:00,ord-000554,sell,75909.50,1776519740324,0,0,0,,,,0,cancelled
2026-04-18 13:00,ord-000555,buy,75910.51,1776519747224,0,0,0,,,,0,cancelled
2026-04-18 13:00,ord-000556,sell,75914.52,1776519747224,0,0,0,,,,0,cancelled
2026-04-18 13:00,ord-000557,buy,75896.30,1776519754524,0,0,0,,,,0,cancelled
2026-04-18 13:00,ord-000558,sell,75900.31,1776519754524,0,0,0,,,,0,cancelled
2026-04-18 13:00,ord-000559,buy,75902.43,1776519759524,0,0,0,,,,0,cancelled
2026-04-18 13:00,ord-000560,sell,75906.44,1776519759524,0,0,0,,,,0,cancelled
2026-04-18 13:00,ord-000561,buy,75906.97,1776519765331,0,0,0,,,,0,cancelled
2026-04-18 13:00,ord-000562,sell,75910.98,1776519765331,0,0,0,,,,0,cancelled
2026-04-18 13:00,ord-000563,buy,75919.42,1776519770424,0,0,0,,,,0,cancelled
2026-04-18 13:00,ord-000564,sell,75923.43,1776519770424,0,0,0,,,,0,cancelled
2026-04-18 13:00,ord-000565,buy,75919.85,1776519775424,0,0,0,,,,0,cancelled
2026-04-18 13:00,ord-000566,sell,75923.86,1776519775424,0,0,0,,,,0,cancelled
2026-04-18 13:00,ord-000567,buy,75914.59,1776519780424,0,0,0,,,,0,cancelled
2026-04-18 13:00,ord-000568,sell,75918.60,1776519780424,0,0,0,,,,0,cancelled
2026-04-18 13:00,ord-000569,buy,75919.85,1776519785424,0,0,0,,,,0,cancelled
2026-04-18 13:00,ord-000570,sell,75923.86,1776519785424,0,0,0,,,,0,cancelled
2026-04-18 13:00,ord-000571,buy,75942.85,1776519790424,0,0,0,,,,0,cancelled
2026-04-18 13:00,ord-000572,sell,75946.86,1776519790424,0,0,0,,,,0,cancelled
2026-04-18 13:00,ord-000573,buy,75955.72,1776519795424,0,0,0,,,,0,cancelled
2026-04-18 13:00,ord-000574,sell,75959.73,1776519795424,0,0,0,,,,0,cancelled
2026-04-18 13:00,ord-000575,buy,75951.76,1776519813224,0,0,0,,,,0,cancelled
2026-04-18 13:00,ord-000576,sell,75955.77,1776519813224,0,0,0,,,,0,cancelled
2026-04-18 13:00,ord-000577,buy,75936.00,1776519818225,0.00040000,0,0,,,,0,cancelled
2026-04-18 13:00,ord-000578,sell,75940.01,1776519818225,0,0,0,,,,0,cancelled
2026-04-18 13:00,ord-000579,buy,75942.39,1776519829524,0,0,0,,,,0,cancelled
2026-04-18 13:00,ord-000580,sell,75946.40,1776519829524,0,0,0,,,,0,cancelled
2026-04-18 13:00,ord-000581,buy,75945.35,1776519834524,0,0,0,,,,0,cancelled
2026-04-18 13:00,ord-000582,sell,75949.36,1776519834524,0,0,0,,,,0,cancelled
2026-04-18 13:00,ord-000583,buy,75957.51,1776519839524,0,0,0,,,,0,cancelled
2026-04-18 13:00,ord-000584,sell,75961.52,1776519839524,0,0,0,,,,0,cancelled
2026-04-18 13:00,ord-000585,buy,75969.15,1776519844524,0,0,0,,,,0,cancelled
2026-04-18 13:00,ord-000586,sell,75973.16,1776519844524,0,0,0,,,,0,cancelled
2026-04-18 13:00,ord-000587,buy,75963.36,1776519849524,0,0,0,,,,0,cancelled
2026-04-18 13:00,ord-000588,sell,75967.37,1776519849524,0,0,0,,,,0,cancelled
2026-04-18 13:00,ord-000589,buy,75963.35,1776519854524,0,0,0,,,,0,cancelled
2026-04-18 13:00,ord-000590,sell,75967.36,1776519854524,0,0,0,,,,0,cancelled
2026-04-18 13:00,ord-000591,buy,75953.35,1776519877024,0,0,0,,,,0,cancelled
2026-04-18 13:00,ord-000592,sell,75957.36,1776519877024,0,0,0,,,,0,cancelled
2026-04-18 13:00,ord-000593,buy,75953.26,1776519882024,0,0,0,,,,0,cancelled
2026-04-18 13:00,ord-000594,sell,75957.27,1776519882024,0,0,0,,,,0,cancelled
2026-04-18 13:00,ord-000595,buy,75947.95,1776519887024,0,0,0,,,,0,cancelled
2026-04-18 13:00,ord-000596,sell,75951.96,1776519887024,0,0,0,,,,0,cancelled
2026-04-18 13:00,ord-000597,buy,75951.83,1776519902024,0,0,0,,,,0,cancelled
2026-04-18 13:00,ord-000598,sell,75955.84,1776519902024,0,0,0,,,,0,cancelled
2026-04-18 13:00,ord-000599,buy,75961.99,1776519907024,0,0,0,,,,0,cancelled
2026-04-18 13:00,ord-000600,sell,75966.00,1776519907024,0.00047000,0,0,,,,0,cancelled
2026-04-18 13:00,ord-000601,buy,75960.92,1776519915424,0,0,0,,,,0,cancelled
2026-04-18 13:00,ord-000602,sell,75964.93,1776519915424,0,0,0,,,,0,cancelled
2026-04-18 13:00,ord-000603,buy,75937.07,1776519920424,0,0,0,,,,0,cancelled
2026-04-18 13:00,ord-000604,sell,75941.08,1776519920424,0,0,0,,,,0,cancelled
2026-04-18 13:00,ord-000605,buy,75941.96,1776519925424,0,0,0,,,,0,cancelled
2026-04-18 13:00,ord-000606,sell,75945.97,1776519925424,0,0,0,,,,0,cancelled
2026-04-18 13:00,ord-000607,buy,75942.94,1776519930424,0,0,0,,,,0,cancelled
2026-04-18 13:00,ord-000608,sell,75946.95,1776519930424,0,0,0,,,,0,cancelled
2026-04-18 13:00,ord-000609,buy,75941.68,1776519935424,0.00007000,0,0,,,,0,cancelled
2026-04-18 13:00,ord-000610,sell,75945.69,1776519935424,0,0,0,,,,0,cancelled
2026-04-18 13:00,ord-000611,buy,75934.23,1776519963124,0,0,0,,,,0,cancelled
2026-04-18 13:00,ord-000612,sell,75938.24,1776519963124,0,0,0,,,,0,cancelled
2026-04-18 13:00,ord-000613,buy,75930.39,1776519968124,0,0,0,,,,0,cancelled
2026-04-18 13:00,ord-000614,sell,75934.40,1776519968124,0,0,0,,,,0,cancelled
2026-04-18 13:00,ord-000615,buy,75939.91,1776519973124,0,0,0,,,,0,cancelled
2026-04-18 13:00,ord-000616,sell,75943.92,1776519973124,0,0,0,,,,0,cancelled
2026-04-18 13:00,ord-000617,buy,75902.39,1776519978124,0,0,0,,,,0,cancelled
2026-04-18 13:00,ord-000618,sell,75906.40,1776519978124,0,0,0,,,,0,cancelled
2026-04-18 13:00,ord-000619,buy,75907.22,1776519983124,0,0,0,,,,0,cancelled
2026-04-18 13:00,ord-000620,sell,75911.23,1776519983124,0,0,0,,,,0,cancelled
2026-04-18 13:00,ord-000621,buy,75914.99,1776519988124,0,0,0,,,,0,cancelled
2026-04-18 13:00,ord-000622,sell,75919.00,1776519988124,0,0,0,,,,0,cancelled
2026-04-18 13:00,ord-000623,buy,75897.99,1776519993924,0,0,0,,,,0,cancelled
2026-04-18 13:00,ord-000624,sell,75902.00,1776519993924,0,0,0,,,,0,cancelled
2026-04-18 13:00,ord-000625,buy,75907.87,1776520000224,0,0,0,,,,0,cancelled
2026-04-18 13:00,ord-000626,sell,75911.88,1776520000224,0,0,0,,,,0,cancelled
2026-04-18 13:00,ord-000627,buy,75912.02,1776520006824,0,0,0,,,,0,cancelled
2026-04-18 13:00,ord-000628,sell,75916.03,1776520006824,0,0,0,,,,0,cancelled
2026-04-18 13:00,ord-000629,buy,75911.53,1776520025524,0,0,0,,,,0,cancelled
2026-04-18 13:00,ord-000630,sell,75915.54,1776520025524,0,0,0,,,,0,cancelled
2026-04-18 13:00,ord-000631,buy,75907.87,1776520030524,0,0,0,,,,0,cancelled
2026-04-18 13:00,ord-000632,sell,75911.88,1776520030524,0,0,0,,,,0,cancelled
2026-04-18 13:00,ord-000633,buy,75933.33,1776520035524,0.00007000,0,0,,,,0,cancelled
2026-04-18 13:00,ord-000634,sell,75937.34,1776520035524,0,0,0,,,,0,cancelled
2026-04-18 13:00,ord-000635,buy,75935.99,1776520047824,0.68656000,0,0,,,,0,cancelled
2026-04-18 13:00,ord-000636,sell,75940.00,1776520047824,0.00040000,0.00040000,0,,,,0,cancelled
2026-04-18 13:00,ord-000637,buy,75943.86,1776520052824,0,0,0,,,,0,cancelled
2026-04-18 13:00,ord-000638,sell,75947.87,1776520052824,0,0,0,,,,0,cancelled
2026-04-18 13:00,ord-000639,buy,75956.69,1776520057824,0,0,0,,,,0,cancelled
2026-04-18 13:00,ord-000640,sell,75960.70,1776520057824,0,0,0,,,,0,cancelled
2026-04-18 13:00,ord-000641,buy,75961.98,1776520062824,0,0,0,,,,0,cancelled
2026-04-18 13:00,ord-000642,sell,75965.99,1776520062824,0,0,0,,,,0,cancelled
2026-04-18 13:00,ord-000643,buy,75962.01,1776520067824,0,0,0,,,,0,cancelled
2026-04-18 13:00,ord-000644,sell,75966.02,1776520067824,0,0,0,,,,0,cancelled
2026-04-18 13:00,ord-000645,buy,75973.99,1776520072824,0,0,0,,,,0,cancelled
2026-04-18 13:00,ord-000646,sell,75978.00,1776520072824,0.00040000,0,0,,,,0,cancelled
2026-04-18 13:00,ord-000647,buy,75968.69,1776520077824,0,0,0,,,,0,cancelled
2026-04-18 13:00,ord-000648,sell,75972.70,1776520077824,0,0,0,,,,0,cancelled
2026-04-18 13:00,ord-000649,buy,75961.99,1776520082824,0,0,0,,,,0,cancelled
2026-04-18 13:00,ord-000650,sell,75966.00,1776520082824,0,0,0,,,,0,cancelled
2026-04-18 13:00,ord-000651,buy,75966.40,1776520087824,0,0,0,,,,0,cancelled
2026-04-18 13:00,ord-000652,sell,75970.41,1776520087824,0,0,0,,,,0,cancelled
2026-04-18 13:00,ord-000653,buy,75978.90,1776520092824,0,0,0,,,,0,cancelled
2026-04-18 13:00,ord-000654,sell,75982.91,1776520092824,0,0,0,,,,0,cancelled
2026-04-18 13:00,ord-000655,buy,75981.83,1776520097824,0,0,0,,,,0,cancelled
2026-04-18 13:00,ord-000656,sell,75985.84,1776520097824,0,0,0,,,,0,cancelled
2026-04-18 13:00,ord-000657,buy,75989.29,1776520102824,0,0,0,,,,0,cancelled
2026-04-18 13:00,ord-000658,sell,75993.30,1776520102824,0,0,0,,,,0,cancelled
2026-04-18 13:00,ord-000659,buy,75979.18,1776520107824,0,0,0,,,,0,cancelled
2026-04-18 13:00,ord-000660,sell,75983.19,1776520107824,0,0,0,,,,0,cancelled
2026-04-18 13:00,ord-000661,buy,75989.29,1776520115124,0,0,0,,,,0,cancelled
2026-04-18 13:00,ord-000662,sell,75993.30,1776520115124,0,0,0,,,,0,cancelled
2026-04-18 13:00,ord-000663,buy,75993.53,1776520120124,0,0,0,,,,0,cancelled
2026-04-18 13:00,ord-000664,sell,75997.54,1776520120124,0,0,0,,,,0,cancelled
2026-04-18 13:00,ord-000665,buy,75995.29,1776520130824,0,0,0,,,,0,cancelled
2026-04-18 13:00,ord-000666,sell,75999.30,1776520130824,0,0,0,,,,0,cancelled
2026-04-18 13:00,ord-000667,buy,75997.99,1776520137324,0,0,0,,,,0,cancelled
2026-04-18 13:00,ord-000668,sell,76002.00,1776520137324,0.00080000,0,0,,,,0,cancelled
2026-04-18 13:00,ord-000669,buy,75998.99,1776520142324,0,0,0,,,,0,cancelled
2026-04-18 13:00,ord-000670,sell,76003.00,1776520142324,0,0,0,,,,0,cancelled
2026-04-18 13:00,ord-000671,buy,76010.06,1776520147324,0,0,0,,,,0,cancelled
2026-04-18 13:00,ord-000672,sell,76014.07,1776520147324,0,0,0,,,,0,cancelled
2026-04-18 13:00,ord-000673,buy,76032.36,1776520152330,0,0,0,,,,0,cancelled
2026-04-18 13:00,ord-000674,sell,76036.37,1776520152330,0,0,0,,,,0,cancelled
2026-04-18 13:00,ord-000675,buy,76033.70,1776520157424,0,0,0,,,,0,cancelled
2026-04-18 13:00,ord-000676,sell,76037.71,1776520157424,0,0,0,,,,0,cancelled
2026-04-18 13:00,ord-000677,buy,76035.95,1776520162424,0,0,0,,,,0,cancelled
2026-04-18 13:00,ord-000678,sell,76039.96,1776520162424,0,0,0,,,,0,cancelled
2026-04-18 13:00,ord-000679,buy,76013.73,1776520167424,0,0,0,,,,0,cancelled
2026-04-18 13:00,ord-000680,sell,76017.74,1776520167424,0,0,0,,,,0,cancelled
2026-04-18 13:00,ord-000681,buy,76019.03,1776520172424,0,0,0,,,,0,cancelled
2026-04-18 13:00,ord-000682,sell,76023.04,1776520172424,0,0,0,,,,0,cancelled
2026-04-18 13:00,ord-000683,buy,76028.95,1776520183933,0,0,0,,,,0,cancelled
2026-04-18 13:00,ord-000684,sell,76032.96,1776520183933,0,0,0,,,,0,cancelled
2026-04-18 13:00,ord-000685,buy,76038.90,1776520189024,0,0,0,,,,0,cancelled
2026-04-18 13:00,ord-000686,sell,76042.91,1776520189024,0,0,0,,,,0,cancelled
2026-04-18 13:00,ord-000687,buy,76046.63,1776520202824,0,0,0,,,,0,cancelled
2026-04-18 13:00,ord-000688,sell,76050.64,1776520202824,0,0,0,,,,0,cancelled
2026-04-18 13:00,ord-000689,buy,76047.99,1776520207824,0.08879000,0,0,,,,0,cancelled
2026-04-18 13:00,ord-000690,sell,76052.00,1776520207824,0.00120000,0.00120000,0,,,,0,cancelled
2026-04-18 13:00,ord-000691,buy,76069.55,1776520212824,0,0,0,,,,0,cancelled
2026-04-18 13:00,ord-000692,sell,76073.56,1776520212824,0.00007000,0.00007000,0,1776520213445,0.00007000,0.00000000,0.00007000,cancelled
2026-04-18 13:00,ord-000693,buy,76079.99,1776520217824,0,0,0,,,,0,cancelled
2026-04-18 13:00,ord-000694,sell,76084.00,1776520217824,0.00120000,0.00120000,0,,,,0,cancelled
2026-04-18 13:00,ord-000695,buy,76087.26,1776520222824,0.00007000,0,0,,,,0,cancelled
2026-04-18 13:00,ord-000696,sell,76091.27,1776520222824,0,0,0,,,,0,cancelled
2026-04-18 13:00,ord-000697,buy,76093.93,1776520229127,0,0,0,,,,0,cancelled
2026-04-18 13:00,ord-000698,sell,76097.94,1776520229127,0,0,0,,,,0,cancelled
2026-04-18 13:00,ord-000699,buy,76100.23,1776520234224,0,0,0,,,,0,cancelled
2026-04-18 13:00,ord-000700,sell,76104.24,1776520234224,0,0,0,,,,0,cancelled
2026-04-18 13:00,ord-000701,buy,76143.99,1776520239224,0,0,0,,,,0,cancelled
2026-04-18 13:00,ord-000702,sell,76148.00,1776520239224,0.00120000,0,0,,,,0,cancelled
2026-04-18 13:00,ord-000703,buy,76135.45,1776520244224,0,0,0,,,,0,cancelled
2026-04-18 13:00,ord-000704,sell,76139.46,1776520244224,0,0,0,,,,0,cancelled
2026-04-18 13:00,ord-000705,buy,76131.80,1776520251124,0,0,0,,,,0,cancelled
2026-04-18 13:00,ord-000706,sell,76135.81,1776520251124,0,0,0,,,,0,cancelled
2026-04-18 13:00,ord-000707,buy,76124.45,1776520257424,0,0,0,,,,0,cancelled
2026-04-18 13:00,ord-000708,sell,76128.46,1776520257424,0,0,0,,,,0,cancelled
2026-04-18 13:00,ord-000709,buy,76128.85,1776520269224,0,0,0,,,,0,cancelled
2026-04-18 13:00,ord-000710,sell,76132.86,1776520269224,0,0,0,,,,0,cancelled
2026-04-18 13:00,ord-000711,buy,76129.55,1776520278524,0,0,0,,,,0,cancelled
2026-04-18 13:00,ord-000712,sell,76133.56,1776520278524,0,0,0,,,,0,cancelled
2026-04-18 13:00,ord-000713,buy,76135.95,1776520283524,0,0,0,,,,0,cancelled
2026-04-18 13:00,ord-000714,sell,76139.96,1776520283524,0,0,0,,,,0,cancelled
2026-04-18 13:00,ord-000715,buy,76128.86,1776520288524,0,0,0,,,,0,cancelled
2026-04-18 13:00,ord-000716,sell,76132.87,1776520288524,0.00007000,0,0,,,,0,cancelled
2026-04-18 13:00,ord-000717,buy,76124.45,1776520295124,0,0,0,,,,0,cancelled
2026-04-18 13:00,ord-000718,sell,76128.46,1776520295124,0,0,0,,,,0,cancelled
2026-04-18 13:00,ord-000719,buy,76129.01,1776520300124,0,0,0,,,,0,cancelled
2026-04-18 13:00,ord-000720,sell,76133.02,1776520300124,0,0,0,,,,0,cancelled
2026-04-18 13:00,ord-000721,buy,76119.39,1776520305124,0,0,0,,,,0,cancelled
2026-04-18 13:00,ord-000722,sell,76123.40,1776520305124,0,0,0,,,,0,cancelled
2026-04-18 13:00,ord-000723,buy,76128.68,1776520314324,0,0,0,,,,0,cancelled
2026-04-18 13:00,ord-000724,sell,76132.69,1776520314324,0,0,0,,,,0,cancelled
2026-04-18 13:00,ord-000725,buy,76136.30,1776520319325,0,0,0,,,,0,cancelled
2026-04-18 13:00,ord-000726,sell,76140.31,1776520319325,0,0,0,,,,0,cancelled
2026-04-18 13:00,ord-000727,buy,76125.92,1776520324424,0,0,0,,,,0,cancelled
2026-04-18 13:00,ord-000728,sell,76129.93,1776520324424,0,0,0,,,,0,cancelled
2026-04-18 13:00,ord-000729,buy,76133.54,1776520329424,0,0,0,,,,0,cancelled
2026-04-18 13:00,ord-000730,sell,76137.55,1776520329424,0,0,0,,,,0,cancelled
2026-04-18 13:00,ord-000731,buy,76126.93,1776520334424,0,0,0,,,,0,cancelled
2026-04-18 13:00,ord-000732,sell,76130.94,1776520334424,0,0,0,,,,0,cancelled
2026-04-18 13:00,ord-000733,buy,76142.21,1776520339424,0,0,0,,,,0,cancelled
2026-04-18 13:00,ord-000734,sell,76146.22,1776520339424,0,0,0,,,,0,cancelled
2026-04-18 13:00,ord-000735,buy,76153.67,1776520344424,0,0,0,,,,0,cancelled
2026-04-18 13:00,ord-000736,sell,76157.68,1776520344424,0,0,0,,,,0,cancelled
2026-04-18 13:00,ord-000737,buy,76153.43,1776520349424,0,0,0,,,,0,cancelled
2026-04-18 13:00,ord-000738,sell,76157.44,1776520349424,0,0,0,,,,0,cancelled
2026-04-18 13:00,ord-000739,buy,76147.99,1776520354724,0,0,0,,,,0,cancelled
2026-04-18 13:00,ord-000740,sell,76152.00,1776520354724,0,0,0,,,,0,cancelled
2026-04-18 13:00,ord-000741,buy,76151.26,1776520359724,0,0,0,,,,0,cancelled
2026-04-18 13:00,ord-000742,sell,76155.27,1776520359724,0,0,0,,,,0,cancelled
2026-04-18 13:00,ord-000743,buy,76147.66,1776520376424,0,0,0,,,,0,cancelled
2026-04-18 13:00,ord-000744,sell,76151.67,1776520376424,0,0,0,,,,0,cancelled
2026-04-18 13:00,ord-000745,buy,76136.45,1776520381425,0,0,0,,,,0,cancelled
2026-04-18 13:00,ord-000746,sell,76140.46,1776520381425,0,0,0,,,,0,cancelled
2026-04-18 13:00,ord-000747,buy,76146.47,1776520386524,0,0,0,,,,0,cancelled
2026-04-18 13:00,ord-000748,sell,76150.48,1776520386524,0,0,0,,,,0,cancelled
2026-04-18 13:00,ord-000749,buy,76153.43,1776520391524,0,0,0,,,,0,cancelled
2026-04-18 13:00,ord-000750,sell,76157.44,1776520391524,0,0,0,,,,0,cancelled
2026-04-18 13:00,ord-000751,buy,76153.99,1776520396524,0,0,0,,,,0,cancelled
2026-04-18 13:00,ord-000752,sell,76158.00,1776520396524,0.00120000,0.00120000,0,,,,0,cancelled
2026-04-18 13:00,ord-000753,buy,76163.10,1776520401524,0,0,0,,,,0,cancelled
2026-04-18 13:00,ord-000754,sell,76167.11,1776520401524,0,0,0,,,,0,cancelled
2026-04-18 13:00,ord-000755,buy,76161.26,1776520406924,0,0,0,,,,0,cancelled
2026-04-18 13:00,ord-000756,sell,76165.27,1776520406924,0,0,0,,,,0,cancelled
2026-04-18 13:00,ord-000757,buy,76162.74,1776520416224,0,0,0,,,,0,cancelled
2026-04-18 13:00,ord-000758,sell,76166.75,1776520416224,0,0,0,,,,0,cancelled
2026-04-18 13:00,ord-000759,buy,76152.00,1776520421224,0.00040000,0,0,,,,0,cancelled
2026-04-18 13:00,ord-000760,sell,76156.01,1776520421224,0,0,0,,,,0,cancelled
2026-04-18 13:00,ord-000761,buy,76154.66,1776520427624,0,0,0,,,,0,cancelled
2026-04-18 13:00,ord-000762,sell,76158.67,1776520427624,0,0,0,,,,0,cancelled
2026-04-18 13:00,ord-000763,buy,76152.00,1776520433224,0.00040000,0.00040000,0,,,,0,cancelled
2026-04-18 13:00,ord-000764,sell,76156.01,1776520433224,0,0,0,,,,0,cancelled
2026-04-18 13:00,ord-000765,buy,76140.35,1776520438224,0,0,0,,,,0,cancelled
2026-04-18 13:00,ord-000766,sell,76144.36,1776520438224,0,0,0,,,,0,cancelled
2026-04-18 13:00,ord-000767,buy,76145.63,1776520458924,0,0,0,,,,0,cancelled
2026-04-18 13:00,ord-000768,sell,76149.64,1776520458924,0,0,0,,,,0,cancelled
2026-04-18 13:00,ord-000769,buy,76153.47,1776520463924,0,0,0,,,,0,cancelled
2026-04-18 13:00,ord-000770,sell,76157.48,1776520463924,0,0,0,,,,0,cancelled
2026-04-18 13:00,ord-000771,buy,76160.87,1776520474524,0,0,0,,,,0,cancelled
2026-04-18 13:00,ord-000772,sell,76164.88,1776520474524,0,0,0,,,,0,cancelled
2026-04-18 13:00,ord-000773,buy,76153.44,1776520479524,0,0,0,,,,0,cancelled
2026-04-18 13:00,ord-000774,sell,76157.45,1776520479524,0,0,0,,,,0,cancelled
2026-04-18 13:00,ord-000775,buy,76142.89,1776520484526,0,0,0,,,,0,cancelled
2026-04-18 13:00,ord-000776,sell,76146.90,1776520484526,0,0,0,,,,0,cancelled
2026-04-18 13:00,ord-000777,buy,76142.63,1776520508124,0,0,0,,,,0,cancelled
2026-04-18 13:00,ord-000778,sell,76146.64,1776520508124,0,0,0,,,,0,cancelled
2026-04-18 13:00,ord-000779,buy,76126.81,1776520513124,0,0,0,,,,0,cancelled
2026-04-18 13:00,ord-000780,sell,76130.82,1776520513124,0,0,0,,,,0,cancelled
2026-04-18 13:00,ord-000781,buy,76124.65,1776520518124,0,0,0,,,,0,cancelled
2026-04-18 13:00,ord-000782,sell,76128.66,1776520518124,0,0,0,,,,0,cancelled
2026-04-18 13:00,ord-000783,buy,76126.81,1776520550324,0,0,0,,,,0,cancelled
2026-04-18 13:00,ord-000784,sell,76130.82,1776520550324,0,0,0,,,,0,cancelled
2026-04-18 13:00,ord-000785,buy,76136.54,1776520574828,0,0,0,,,,0,cancelled
2026-04-18 13:00,ord-000786,sell,76140.55,1776520574828,0,0,0,,,,0,cancelled
2026-04-18 13:00,ord-000787,buy,76144.16,1776520579924,0,0,0,,,,0,cancelled
2026-04-18 13:00,ord-000788,sell,76148.17,1776520579924,0,0,0,,,,0,cancelled
2026-04-18 13:00,ord-000789,buy,76136.54,1776520587724,0,0,0,,,,0,cancelled
2026-04-18 13:00,ord-000790,sell,76140.55,1776520587724,0,0,0,,,,0,cancelled
2026-04-18 13:00,ord-000791,buy,76131.55,1776520594724,0,0,0,,,,0,cancelled
2026-04-18 13:00,ord-000792,sell,76135.56,1776520594724,0,0,0,,,,0,cancelled
2026-04-18 13:00,ord-000793,buy,76131.54,1776520606024,0,0,0,,,,0,cancelled
2026-04-18 13:00,ord-000794,sell,76135.55,1776520606024,0,0,0,,,,0,cancelled
2026-04-18 13:00,ord-000795,buy,76120.25,1776520611024,0,0,0,,,,0,cancelled
2026-04-18 13:00,ord-000796,sell,76124.26,1776520611024,0,0,0,,,,0,cancelled
2026-04-18 13:00,ord-000797,buy,76118.00,1776520632225,0.00040000,0.00040000,0,,,,0,cancelled
2026-04-18 13:00,ord-000798,sell,76122.01,1776520632225,0,0,0,,,,0,cancelled
2026-04-18 13:00,ord-000799,buy,76102.58,1776520669324,0,0,0,,,,0,cancelled
2026-04-18 13:00,ord-000800,sell,76106.59,1776520669324,0,0,0,,,,0,cancelled
2026-04-18 13:00,ord-000801,buy,76111.20,1776520680424,0.53745000,0,0,,,,0,cancelled
2026-04-18 13:00,ord-000802,sell,76115.21,1776520680424,0,0,0,,,,0,cancelled
2026-04-18 13:00,ord-000803,buy,76117.27,1776520685424,0,0,0,,,,0,cancelled
2026-04-18 13:00,ord-000804,sell,76121.28,1776520685424,0,0,0,,,,0,cancelled
2026-04-18 13:00,ord-000805,buy,76129.75,1776520732824,0,0,0,,,,0,cancelled
2026-04-18 13:00,ord-000806,sell,76133.76,1776520732824,0,0,0,,,,0,cancelled
2026-04-18 13:00,ord-000807,buy,76129.76,1776520737824,0,0,0,,,,0,cancelled
2026-04-18 13:00,ord-000808,sell,76133.77,1776520737824,0,0,0,,,,0,cancelled
2026-04-18 13:00,ord-000809,buy,76130.46,1776520744124,0,0,0,,,,0,cancelled
2026-04-18 13:00,ord-000810,sell,76134.47,1776520744124,0,0,0,,,,0,cancelled
2026-04-18 13:00,ord-000811,buy,76139.74,1776520749124,0,0,0,,,,0,cancelled
2026-04-18 13:00,ord-000812,sell,76143.75,1776520749124,0,0,0,,,,0,cancelled
2026-04-18 13:00,ord-000813,buy,76129.76,1776520764024,0,0,0,,,,0,cancelled
2026-04-18 13:00,ord-000814,sell,76133.77,1776520764024,0,0,0,,,,0,cancelled
2026-04-18 13:00,ord-000815,buy,76120.87,1776520769024,0,0,0,,,,0,expired
2026-04-18 13:00,ord-000816,sell,76124.88,1776520769024,0,0,0,,,,0,expired
2026-04-18 14:00,ord-000001,buy,76120.87,1776520800224,0,0,0,,,,0,cancelled
2026-04-18 14:00,ord-000002,sell,76124.88,1776520800224,0.00075000,0.00075000,0,,,,0,cancelled
2026-04-18 14:00,ord-000003,buy,76134.23,1776520805224,0,0,0,,,,0,cancelled
2026-04-18 14:00,ord-000004,sell,76138.24,1776520805224,0,0,0,,,,0,cancelled
2026-04-18 14:00,ord-000005,buy,76138.33,1776520810224,0.00300000,0,0,,,,0,cancelled
2026-04-18 14:00,ord-000006,sell,76142.34,1776520810224,0,0,0,,,,0,cancelled
2026-04-18 14:00,ord-000007,buy,76144.15,1776520820624,0,0,0,,,,0,cancelled
2026-04-18 14:00,ord-000008,sell,76148.16,1776520820624,0,0,0,,,,0,cancelled
2026-04-18 14:00,ord-000009,buy,76153.06,1776520826624,0,0,0,,,,0,cancelled
2026-04-18 14:00,ord-000010,sell,76157.07,1776520826624,0,0,0,,,,0,cancelled
2026-04-18 14:00,ord-000011,buy,76151.10,1776520833824,0,0,0,,,,0,cancelled
2026-04-18 14:00,ord-000012,sell,76155.11,1776520833824,0,0,0,,,,0,cancelled
2026-04-18 14:00,ord-000013,buy,76144.21,1776520838824,0,0,0,,,,0,cancelled
2026-04-18 14:00,ord-000014,sell,76148.22,1776520838824,0,0,0,,,,0,cancelled
2026-04-18 14:00,ord-000015,buy,76157.13,1776520843824,0.04858000,0,0,,,,0,cancelled
2026-04-18 14:00,ord-000016,sell,76161.14,1776520843824,0,0,0,,,,0,cancelled
2026-04-18 14:00,ord-000017,buy,76165.85,1776520851224,0,0,0,,,,0,cancelled
2026-04-18 14:00,ord-000018,sell,76169.86,1776520851224,0,0,0,,,,0,cancelled
2026-04-18 14:00,ord-000019,buy,76164.60,1776520858224,0,0,0,,,,0,cancelled
2026-04-18 14:00,ord-000020,sell,76168.61,1776520858224,0,0,0,,,,0,cancelled
2026-04-18 14:00,ord-000021,buy,76156.00,1776520863224,0.00040000,0,0,,,,0,cancelled
2026-04-18 14:00,ord-000022,sell,76160.01,1776520863224,0,0,0,,,,0,cancelled
2026-04-18 14:00,ord-000023,buy,76167.99,1776520868224,0,0,0,,,,0,cancelled
2026-04-18 14:00,ord-000024,sell,76172.00,1776520868224,0.00120000,0,0,,,,0,cancelled
2026-04-18 14:00,ord-000025,buy,76167.46,1776520883724,0,0,0,,,,0,cancelled
2026-04-18 14:00,ord-000026,sell,76171.47,1776520883724,0,0,0,,,,0,cancelled
2026-04-18 14:00,ord-000027,buy,76161.15,1776520888724,0,0,0,,,,0,cancelled
2026-04-18 14:00,ord-000028,sell,76165.16,1776520888724,0,0,0,,,,0,cancelled
2026-04-18 14:00,ord-000029,buy,76161.66,1776520923024,0,0,0,,,,0,cancelled
2026-04-18 14:00,ord-000030,sell,76165.67,1776520923024,0,0,0,,,,0,cancelled
2026-04-18 14:00,ord-000031,buy,76164.29,1776520930324,0,0,0,,,,0,cancelled
2026-04-18 14:00,ord-000032,sell,76168.30,1776520930324,0,0,0,,,,0,cancelled
2026-04-18 14:00,ord-000033,buy,76161.66,1776520935324,0,0,0,,,,0,cancelled
2026-04-18 14:00,ord-000034,sell,76165.67,1776520935324,0,0,0,,,,0,cancelled
2026-04-18 14:00,ord-000035,buy,76156.68,1776520958824,0,0,0,,,,0,cancelled
2026-04-18 14:00,ord-000036,sell,76160.69,1776520958824,0,0,0,,,,0,cancelled
2026-04-18 14:00,ord-000037,buy,76148.01,1776520963824,0,0,0,,,,0,cancelled
2026-04-18 14:00,ord-000038,sell,76152.02,1776520963824,0,0,0,,,,0,cancelled
2026-04-18 14:00,ord-000039,buy,76140.49,1776520968824,0.00014000,0.00007000,0,,,,0,cancelled
2026-04-18 14:00,ord-000040,sell,76144.50,1776520968824,0,0,0,,,,0,cancelled
2026-04-18 14:00,ord-000041,buy,76132.71,1776520999429,0,0,0,,,,0,cancelled
2026-04-18 14:00,ord-000042,sell,76136.72,1776520999429,0,0,0,,,,0,cancelled
2026-04-18 14:00,ord-000043,buy,76124.64,1776521004524,0,0,0,,,,0,cancelled
2026-04-18 14:00,ord-000044,sell,76128.65,1776521004524,0,0,0,,,,0,cancelled
2026-04-18 14:00,ord-000045,buy,76117.27,1776521023724,0,0,0,,,,0,cancelled
2026-04-18 14:00,ord-000046,sell,76121.28,1776521023724,0,0,0,,,,0,cancelled
2026-04-18 14:00,ord-000047,buy,76122.16,1776521048024,0,0,0,,,,0,cancelled
2026-04-18 14:00,ord-000048,sell,76126.17,1776521048024,0,0,0,,,,0,cancelled
2026-04-18 14:00,ord-000049,buy,76124.37,1776521053024,0,0,0,,,,0,cancelled
2026-04-18 14:00,ord-000050,sell,76128.38,1776521053024,0,0,0,,,,0,cancelled
2026-04-18 14:00,ord-000051,buy,76117.27,1776521080724,0,0,0,,,,0,cancelled
2026-04-18 14:00,ord-000052,sell,76121.28,1776521080724,0,0,0,,,,0,cancelled
2026-04-18 14:00,ord-000053,buy,76112.47,1776521085724,0,0,0,,,,0,cancelled
2026-04-18 14:00,ord-000054,sell,76116.48,1776521085724,0,0,0,,,,0,cancelled
2026-04-18 14:00,ord-000055,buy,76106.85,1776521090724,0.05154000,0,0,,,,0,cancelled
2026-04-18 14:00,ord-000056,sell,76110.86,1776521090724,0,0,0,,,,0,cancelled
2026-04-18 14:00,ord-000057,buy,76110.84,1776521102324,0,0,0,,,,0,cancelled
2026-04-18 14:00,ord-000058,sell,76114.85,1776521102324,0,0,0,,,,0,cancelled
2026-04-18 14:00,ord-000059,buy,76121.06,1776521107325,0.04097000,0,0,,,,0,cancelled
2026-04-18 14:00,ord-000060,sell,76125.07,1776521107325,0,0,0,,,,0,cancelled
2026-04-18 14:00,ord-000061,buy,76116.88,1776521112424,0,0,0,,,,0,cancelled
2026-04-18 14:00,ord-000062,sell,76120.89,1776521112424,0,0,0,,,,0,cancelled
2026-04-18 14:00,ord-000063,buy,76116.22,1776521117424,0,0,0,,,,0,cancelled
2026-04-18 14:00,ord-000064,sell,76120.23,1776521117424,0,0,0,,,,0,cancelled
2026-04-18 14:00,ord-000065,buy,76099.23,1776521122424,0,0,0,,,,0,cancelled
2026-04-18 14:00,ord-000066,sell,76103.24,1776521122424,0,0,0,,,,0,cancelled
2026-04-18 14:00,ord-000067,buy,76095.01,1776521127424,0,0,0,,,,0,cancelled
2026-04-18 14:00,ord-000068,sell,76099.02,1776521127424,0,0,0,,,,0,cancelled
2026-04-18 14:00,ord-000069,buy,76094.00,1776521134624,0.00040000,0,0,,,,0,cancelled
2026-04-18 14:00,ord-000070,sell,76098.01,1776521134624,0,0,0,,,,0,cancelled
2026-04-18 14:00,ord-000071,buy,76093.79,1776521139624,0,0,0,,,,0,cancelled
2026-04-18 14:00,ord-000072,sell,76097.80,1776521139624,0,0,0,,,,0,cancelled
2026-04-18 14:00,ord-000073,buy,76090.39,1776521157924,0,0,0,,,,0,cancelled
2026-04-18 14:00,ord-000074,sell,76094.40,1776521157924,0,0,0,,,,0,cancelled
2026-04-18 14:00,ord-000075,buy,76079.67,1776521162924,0,0,0,,,,0,cancelled
2026-04-18 14:00,ord-000076,sell,76083.68,1776521162924,0,0,0,,,,0,cancelled
2026-04-18 14:00,ord-000077,buy,76091.09,1776521169024,0,0,0,,,,0,cancelled
2026-04-18 14:00,ord-000078,sell,76095.10,1776521169024,0,0,0,,,,0,cancelled
2026-04-18 14:00,ord-000079,buy,76099.91,1776521174024,0,0,0,,,,0,cancelled
2026-04-18 14:00,ord-000080,sell,76103.92,1776521174024,0.00014000,0,0,,,,0,cancelled
2026-04-18 14:00,ord-000081,buy,76092.80,1776521179024,0,0,0,,,,0,cancelled
2026-04-18 14:00,ord-000082,sell,76096.81,1776521179024,0,0,0,,,,0,cancelled
2026-04-18 14:00,ord-000083,buy,76096.17,1776521193024,0,0,0,,,,0,cancelled
2026-04-18 14:00,ord-000084,sell,76100.18,1776521193024,0,0,0,,,,0,cancelled
2026-04-18 14:00,ord-000085,buy,76103.71,1776521198024,0,0,0,,,,0,cancelled
2026-04-18 14:00,ord-000086,sell,76107.72,1776521198024,0,0,0,,,,0,cancelled
2026-04-18 14:00,ord-000087,buy,76107.95,1776521204324,0,0,0,,,,0,cancelled
2026-04-18 14:00,ord-000088,sell,76111.96,1776521204324,0,0,0,,,,0,cancelled
2026-04-18 14:00,ord-000089,buy,76127.33,1776521209324,0,0,0,,,,0,cancelled
2026-04-18 14:00,ord-000090,sell,76131.34,1776521209324,0,0,0,,,,0,cancelled
2026-04-18 14:00,ord-000091,buy,76123.17,1776521228424,0,0,0,,,,0,cancelled
2026-04-18 14:00,ord-000092,sell,76127.18,1776521228424,0,0,0,,,,0,cancelled
2026-04-18 14:00,ord-000093,buy,76119.71,1776521233424,0,0,0,,,,0,cancelled
2026-04-18 14:00,ord-000094,sell,76123.72,1776521233424,0,0,0,,,,0,cancelled
2026-04-18 14:00,ord-000095,buy,76133.29,1776521238424,0,0,0,,,,0,cancelled
2026-04-18 14:00,ord-000096,sell,76137.30,1776521238424,0,0,0,,,,0,cancelled
2026-04-18 14:00,ord-000097,buy,76132.52,1776521243424,0,0,0,,,,0,cancelled
2026-04-18 14:00,ord-000098,sell,76136.53,1776521243424,0,0,0,,,,0,cancelled
2026-04-18 14:00,ord-000099,buy,76128.00,1776521248424,0,0,0,,,,0,cancelled
2026-04-18 14:00,ord-000100,sell,76132.01,1776521248424,0,0,0,,,,0,cancelled
2026-04-18 14:00,ord-000101,buy,76128.68,1776521284527,0,0,0,,,,0,cancelled
2026-04-18 14:00,ord-000102,sell,76132.69,1776521284527,0,0,0,,,,0,cancelled
2026-04-18 14:00,ord-000103,buy,76127.02,1776521289624,0,0,0,,,,0,cancelled
2026-04-18 14:00,ord-000104,sell,76131.03,1776521289624,0,0,0,,,,0,cancelled
2026-04-18 14:00,ord-000105,buy,76119.52,1776521294624,0,0,0,,,,0,cancelled
2026-04-18 14:00,ord-000106,sell,76123.53,1776521294624,0,0,0,,,,0,cancelled
2026-04-18 14:00,ord-000107,buy,76125.90,1776521306224,0,0,0,,,,0,cancelled
2026-04-18 14:00,ord-000108,sell,76129.91,1776521306224,0,0,0,,,,0,cancelled
2026-04-18 14:00,ord-000109,buy,76131.98,1776521311224,0,0,0,,,,0,cancelled
2026-04-18 14:00,ord-000110,sell,76135.99,1776521311224,0,0,0,,,,0,cancelled
2026-04-18 14:00,ord-000111,buy,76137.99,1776521316224,0,0,0,,,,0,cancelled
2026-04-18 14:00,ord-000112,sell,76142.00,1776521316224,0.00080000,0.00080000,0,1776521318034,0.00080000,0.00000000,0.00007000,cancelled
2026-04-18 14:00,ord-000113,buy,76147.99,1776521321224,0,0,0,,,,0,cancelled
2026-04-18 14:00,ord-000114,sell,76152.00,1776521321224,0.00080000,0.00080000,0,,,,0,cancelled
2026-04-18 14:00,ord-000115,buy,76159.03,1776521326224,0,0,0,,,,0,cancelled
2026-04-18 14:00,ord-000116,sell,76163.04,1776521326224,0,0,0,,,,0,cancelled
2026-04-18 14:00,ord-000117,buy,76157.13,1776521331224,0,0,0,,,,0,cancelled
2026-04-18 14:00,ord-000118,sell,76161.14,1776521331224,0,0,0,,,,0,cancelled
2026-04-18 14:00,ord-000119,buy,76160.86,1776521345524,0,0,0,,,,0,cancelled
2026-04-18 14:00,ord-000120,sell,76164.87,1776521345524,0,0,0,,,,0,cancelled
2026-04-18 14:00,ord-000121,buy,76167.99,1776521350524,0,0,0,,,,0,cancelled
2026-04-18 14:00,ord-000122,sell,76172.00,1776521350524,0.00127000,0,0,,,,0,cancelled
2026-04-18 14:00,ord-000123,buy,76136.01,1776521355524,0,0,0,,,,0,cancelled
2026-04-18 14:00,ord-000124,sell,76140.02,1776521355524,0,0,0,,,,0,cancelled
2026-04-18 14:00,ord-000125,buy,76130.47,1776521360524,0,0,0,,,,0,cancelled
2026-04-18 14:00,ord-000126,sell,76134.48,1776521360524,0,0,0,,,,0,cancelled
2026-04-18 14:00,ord-000127,buy,76130.46,1776521374824,0,0,0,,,,0,cancelled
2026-04-18 14:00,ord-000128,sell,76134.47,1776521374824,0,0,0,,,,0,cancelled
2026-04-18 14:00,ord-000129,buy,76124.31,1776521379824,0,0,0,,,,0,cancelled
2026-04-18 14:00,ord-000130,sell,76128.32,1776521379824,0,0,0,,,,0,cancelled
2026-04-18 14:00,ord-000131,buy,76130.46,1776521402924,0,0,0,,,,0,cancelled
2026-04-18 14:00,ord-000132,sell,76134.47,1776521402924,0,0,0,,,,0,cancelled
2026-04-18 14:00,ord-000133,buy,76136.70,1776521407925,0.00007000,0,0,,,,0,cancelled
2026-04-18 14:00,ord-000134,sell,76140.71,1776521407925,0,0,0,,,,0,cancelled
2026-04-18 14:00,ord-000135,buy,76130.08,1776521413024,0,0,0,,,,0,cancelled
2026-04-18 14:00,ord-000136,sell,76134.09,1776521413024,0,0,0,,,,0,cancelled
2026-04-18 14:00,ord-000137,buy,76138.33,1776521425824,0.00300000,0,0,,,,0,cancelled
2026-04-18 14:00,ord-000138,sell,76142.34,1776521425824,0,0,0,,,,0,cancelled
2026-04-18 14:00,ord-000139,buy,76139.09,1776521430824,0,0,0,,,,0,cancelled
2026-04-18 14:00,ord-000140,sell,76143.10,1776521430824,0,0,0,,,,0,cancelled
2026-04-18 14:00,ord-000141,buy,76149.02,1776521448624,0,0,0,,,,0,cancelled
2026-04-18 14:00,ord-000142,sell,76153.03,1776521448624,0,0,0,,,,0,cancelled
2026-04-18 14:00,ord-000143,buy,76143.97,1776521453624,0,0,0,,,,0,cancelled
2026-04-18 14:00,ord-000144,sell,76147.98,1776521453624,0,0,0,,,,0,cancelled
2026-04-18 14:00,ord-000145,buy,76145.88,1776521609024,0,0,0,,,,0,cancelled
2026-04-18 14:00,ord-000146,sell,76149.89,1776521609024,0,0,0,,,,0,cancelled
2026-04-18 14:00,ord-000147,buy,76143.97,1776521642024,0,0,0,,,,0,cancelled
2026-04-18 14:00,ord-000148,sell,76147.98,1776521642024,0,0,0,,,,0,cancelled
2026-04-18 14:00,ord-000149,buy,76147.99,1776521647024,0,0,0,,,,0,cancelled
2026-04-18 14:00,ord-000150,sell,76152.00,1776521647024,0.00047000,0,0,,,,0,cancelled
2026-04-18 14:00,ord-000151,buy,76143.97,1776521652024,0,0,0,,,,0,cancelled
2026-04-18 14:00,ord-000152,sell,76147.98,1776521652024,0,0,0,,,,0,cancelled
2026-04-18 14:00,ord-000153,buy,76147.99,1776521667624,0,0,0,,,,0,cancelled
2026-04-18 14:00,ord-000154,sell,76152.00,1776521667624,0.05668000,0.00040000,0,,,,0,cancelled
2026-04-18 14:00,ord-000155,buy,76153.29,1776521672624,0,0,0,,,,0,cancelled
2026-04-18 14:00,ord-000156,sell,76157.30,1776521672624,0,0,0,,,,0,cancelled
2026-04-18 14:00,ord-000157,buy,76161.99,1776521677624,0,0,0,,,,0,cancelled
2026-04-18 14:00,ord-000158,sell,76166.00,1776521677624,0.00040000,0.00040000,0,,,,0,cancelled
2026-04-18 14:00,ord-000159,buy,76164.34,1776521682624,0,0,0,,,,0,cancelled
2026-04-18 14:00,ord-000160,sell,76168.35,1776521682624,0,0,0,,,,0,cancelled
2026-04-18 14:00,ord-000161,buy,76167.32,1776521687624,0,0,0,,,,0,cancelled
2026-04-18 14:00,ord-000162,sell,76171.33,1776521687624,0,0,0,,,,0,cancelled
2026-04-18 14:00,ord-000163,buy,76177.52,1776521776524,0,0,0,,,,0,cancelled
2026-04-18 14:00,ord-000164,sell,76181.53,1776521776524,0,0,0,,,,0,cancelled
2026-04-18 14:00,ord-000165,buy,76179.71,1776521781524,0,0,0,,,,0,cancelled
2026-04-18 14:00,ord-000166,sell,76183.72,1776521781524,0,0,0,,,,0,cancelled
2026-04-18 14:00,ord-000167,buy,76182.51,1776521812824,0,0,0,,,,0,cancelled
2026-04-18 14:00,ord-000168,sell,76186.52,1776521812824,0,0,0,,,,0,cancelled
2026-04-18 14:00,ord-000169,buy,76187.60,1776521817824,0,0,0,,,,0,cancelled
2026-04-18 14:00,ord-000170,sell,76191.61,1776521817824,0,0,0,,,,0,cancelled
2026-04-18 14:00,ord-000171,buy,76176.38,1776521822825,0,0,0,,,,0,cancelled
2026-04-18 14:00,ord-000172,sell,76180.39,1776521822825,0,0,0,,,,0,cancelled
2026-04-18 14:00,ord-000173,buy,76172.06,1776521892324,0,0,0,,,,0,cancelled
2026-04-18 14:00,ord-000174,sell,76176.07,1776521892324,0,0,0,,,,0,cancelled
2026-04-18 14:00,ord-000175,buy,76164.07,1776521897324,0,0,0,,,,0,cancelled
2026-04-18 14:00,ord-000176,sell,76168.08,1776521897324,0,0,0,,,,0,cancelled
2026-04-18 14:00,ord-000177,buy,76167.29,1776521902324,0,0,0,,,,0,cancelled
2026-04-18 14:00,ord-000178,sell,76171.30,1776521902324,0,0,0,,,,0,cancelled
2026-04-18 14:00,ord-000179,buy,76173.95,1776521907324,0,0,0,,,,0,cancelled
2026-04-18 14:00,ord-000180,sell,76177.96,1776521907324,0,0,0,,,,0,cancelled
2026-04-18 14:00,ord-000181,buy,76176.20,1776521940528,0,0,0,,,,0,cancelled
2026-04-18 14:00,ord-000182,sell,76180.21,1776521940528,0,0,0,,,,0,cancelled
2026-04-18 14:00,ord-000183,buy,76162.66,1776521945624,0,0,0,,,,0,cancelled
2026-04-18 14:00,ord-000184,sell,76166.67,1776521945624,0,0,0,,,,0,cancelled
2026-04-18 14:00,ord-000185,buy,76167.32,1776521950624,0,0,0,,,,0,cancelled
2026-04-18 14:00,ord-000186,sell,76171.33,1776521950624,0,0,0,,,,0,cancelled
2026-04-18 14:00,ord-000187,buy,76167.31,1776521975724,0,0,0,,,,0,cancelled
2026-04-18 14:00,ord-000188,sell,76171.32,1776521975724,0,0,0,,,,0,cancelled
2026-04-18 14:00,ord-000189,buy,76160.59,1776521980724,0,0,0,,,,0,cancelled
2026-04-18 14:00,ord-000190,sell,76164.60,1776521980724,0,0,0,,,,0,cancelled
2026-04-18 14:00,ord-000191,buy,76158.71,1776522031524,0,0,0,,,,0,cancelled
2026-04-18 14:00,ord-000192,sell,76162.72,1776522031524,0,0,0,,,,0,cancelled
2026-04-18 14:00,ord-000193,buy,76149.51,1776522036524,0,0,0,,,,0,cancelled
2026-04-18 14:00,ord-000194,sell,76153.52,1776522036524,0,0,0,,,,0,cancelled
2026-04-18 14:00,ord-000195,buy,76149.50,1776522071624,0,0,0,,,,0,cancelled
2026-04-18 14:00,ord-000196,sell,76153.51,1776522071624,0,0,0,,,,0,cancelled
2026-04-18 14:00,ord-000197,buy,76143.48,1776522092028,0,0,0,,,,0,cancelled
2026-04-18 14:00,ord-000198,sell,76147.49,1776522092028,0,0,0,,,,0,cancelled
2026-04-18 14:00,ord-000199,buy,76130.51,1776522097124,0,0,0,,,,0,cancelled
2026-04-18 14:00,ord-000200,sell,76134.52,1776522097124,0,0,0,,,,0,cancelled
2026-04-18 14:00,ord-000201,buy,76118.00,1776522102124,0.00080000,0.00080000,0,,,,0,cancelled
2026-04-18 14:00,ord-000202,sell,76122.01,1776522102124,0,0,0,,,,0,cancelled
2026-04-18 14:00,ord-000203,buy,76098.13,1776522107124,0,0,0,,,,0,cancelled
2026-04-18 14:00,ord-000204,sell,76102.14,1776522107124,0,0,0,,,,0,cancelled
2026-04-18 14:00,ord-000205,buy,76097.42,1776522112124,0,0,0,,,,0,cancelled
2026-04-18 14:00,ord-000206,sell,76101.43,1776522112124,0,0,0,,,,0,cancelled
2026-04-18 14:00,ord-000207,buy,76088.00,1776522117124,0.00080000,0.00080000,0,,,,0,cancelled
2026-04-18 14:00,ord-000208,sell,76092.01,1776522117124,0,0,0,,,,0,cancelled
2026-04-18 14:00,ord-000209,buy,76083.11,1776522133224,0,0,0,,,,0,cancelled
2026-04-18 14:00,ord-000210,sell,76087.12,1776522133224,0,0,0,,,,0,cancelled
2026-04-18 14:00,ord-000211,buy,76080.00,1776522146828,0.00277000,0.00277000,0,,,,0,cancelled
2026-04-18 14:00,ord-000212,sell,76084.01,1776522146828,1.21436000,0,0,,,,0,cancelled
2026-04-18 14:00,ord-000213,buy,76071.37,1776522151924,0,0,0,,,,0,cancelled
2026-04-18 14:00,ord-000214,sell,76075.38,1776522151924,0,0,0,,,,0,cancelled
2026-04-18 14:00,ord-000215,buy,76059.82,1776522158633,0,0,0,,,,0,cancelled
2026-04-18 14:00,ord-000216,sell,76063.83,1776522158633,0.00526000,0,0,,,,0,cancelled
2026-04-18 14:00,ord-000217,buy,76059.75,1776522163724,0,0,0,,,,0,cancelled
2026-04-18 14:00,ord-000218,sell,76063.76,1776522163724,0,0,0,,,,0,cancelled
2026-04-18 14:00,ord-000219,buy,76070.43,1776522168724,0,0,0,,,,0,cancelled
2026-04-18 14:00,ord-000220,sell,76074.44,1776522168724,0,0,0,,,,0,cancelled
2026-04-18 14:00,ord-000221,buy,76058.74,1776522173724,0,0,0,,,,0,cancelled
2026-04-18 14:00,ord-000222,sell,76062.75,1776522173724,0,0,0,,,,0,cancelled
2026-04-18 14:00,ord-000223,buy,76033.00,1776522178724,0,0,0,,,,0,cancelled
2026-04-18 14:00,ord-000224,sell,76037.01,1776522178724,0,0,0,,,,0,cancelled
2026-04-18 14:00,ord-000225,buy,76023.50,1776522185928,0,0,0,,,,0,cancelled
2026-04-18 14:00,ord-000226,sell,76027.51,1776522185928,0,0,0,,,,0,cancelled
2026-04-18 14:00,ord-000227,buy,75984.05,1776522191024,0,0,0,,,,0,cancelled
2026-04-18 14:00,ord-000228,sell,75988.06,1776522191024,0,0,0,,,,0,cancelled
2026-04-18 14:00,ord-000229,buy,75989.11,1776522196024,0,0,0,,,,0,cancelled
2026-04-18 14:00,ord-000230,sell,75993.12,1776522196024,0,0,0,,,,0,cancelled
2026-04-18 14:00,ord-000231,buy,75997.79,1776522201024,0,0,0,,,,0,cancelled
2026-04-18 14:00,ord-000232,sell,76001.80,1776522201024,0,0,0,,,,0,cancelled
2026-04-18 14:00,ord-000233,buy,76005.89,1776522206024,0,0,0,,,,0,cancelled
2026-04-18 14:00,ord-000234,sell,76009.90,1776522206024,0,0,0,,,,0,cancelled
2026-04-18 14:00,ord-000235,buy,76000.48,1776522211024,0,0,0,,,,0,cancelled
2026-04-18 14:00,ord-000236,sell,76004.49,1776522211024,0,0,0,,,,0,cancelled
2026-04-18 14:00,ord-000237,buy,75991.64,1776522216224,0,0,0,,,,0,cancelled
2026-04-18 14:00,ord-000238,sell,75995.65,1776522216224,0,0,0,,,,0,cancelled
2026-04-18 14:00,ord-000239,buy,75986.02,1776522222724,0,0,0,,,,0,cancelled
2026-04-18 14:00,ord-000240,sell,75990.03,1776522222724,0,0,0,,,,0,cancelled
2026-04-18 14:00,ord-000241,buy,75991.81,1776522227724,0,0,0,,,,0,cancelled
2026-04-18 14:00,ord-000242,sell,75995.82,1776522227724,0,0,0,,,,0,cancelled
2026-04-18 14:00,ord-000243,buy,75997.86,1776522248124,0,0,0,,,,0,cancelled
2026-04-18 14:00,ord-000244,sell,76001.87,1776522248124,0,0,0,,,,0,cancelled
2026-04-18 14:00,ord-000245,buy,76000.48,1776522253124,0,0,0,,,,0,cancelled
2026-04-18 14:00,ord-000246,sell,76004.49,1776522253124,0,0,0,,,,0,cancelled
2026-04-18 14:00,ord-000247,buy,76005.89,1776522258124,0,0,0,,,,0,cancelled
2026-04-18 14:00,ord-000248,sell,76009.90,1776522258124,0,0,0,,,,0,cancelled
2026-04-18 14:00,ord-000249,buy,76013.18,1776522263124,0,0,0,,,,0,cancelled
2026-04-18 14:00,ord-000250,sell,76017.19,1776522263124,0,0,0,,,,0,cancelled
2026-04-18 14:00,ord-000251,buy,76004.05,1776522268124,0,0,0,,,,0,cancelled
2026-04-18 14:00,ord-000252,sell,76008.06,1776522268124,0,0,0,,,,0,cancelled
2026-04-18 14:00,ord-000253,buy,76013.39,1776522273124,0,0,0,,,,0,cancelled
2026-04-18 14:00,ord-000254,sell,76017.40,1776522273124,0.00007000,0.00007000,0,,,,0,cancelled
2026-04-18 14:00,ord-000255,buy,76016.32,1776522292924,0,0,0,,,,0,cancelled
2026-04-18 14:00,ord-000256,sell,76020.33,1776522292924,0,0,0,,,,0,cancelled
2026-04-18 14:00,ord-000257,buy,76021.99,1776522297924,0,0,0,,,,0,cancelled
2026-04-18 14:00,ord-000258,sell,76026.00,1776522297924,0.00080000,0,0,,,,0,cancelled
2026-04-18 14:00,ord-000259,buy,76017.99,1776522309324,0,0,0,,,,0,cancelled
2026-04-18 14:00,ord-000260,sell,76022.00,1776522309324,0,0,0,,,,0,cancelled
2026-04-18 14:00,ord-000261,buy,76028.60,1776522314324,0,0,0,,,,0,cancelled
2026-04-18 14:00,ord-000262,sell,76032.61,1776522314324,0,0,0,,,,0,cancelled
2026-04-18 14:00,ord-000263,buy,76042.21,1776522319324,0,0,0,,,,0,cancelled
2026-04-18 14:00,ord-000264,sell,76046.22,1776522319324,0,0,0,,,,0,cancelled
2026-04-18 14:00,ord-000265,buy,76057.43,1776522324324,0,0,0,,,,0,cancelled
2026-04-18 14:00,ord-000266,sell,76061.44,1776522324324,0,0,0,,,,0,cancelled
2026-04-18 14:00,ord-000267,buy,76078.48,1776522329324,0,0,0,,,,0,cancelled
2026-04-18 14:00,ord-000268,sell,76082.49,1776522329324,0,0,0,,,,0,cancelled
2026-04-18 14:00,ord-000269,buy,76090.36,1776522334735,0,0,0,,,,0,cancelled
2026-04-18 14:00,ord-000270,sell,76094.37,1776522334735,0,0,0,,,,0,cancelled
2026-04-18 14:00,ord-000271,buy,76089.18,1776522339824,0,0,0,,,,0,cancelled
2026-04-18 14:00,ord-000272,sell,76093.19,1776522339824,0,0,0,,,,0,cancelled
2026-04-18 14:00,ord-000273,buy,76087.78,1776522344824,0.00007000,0,0,,,,0,cancelled
2026-04-18 14:00,ord-000274,sell,76091.79,1776522344824,0,0,0,,,,0,cancelled
2026-04-18 14:00,ord-000275,buy,76086.00,1776522349824,0.00132000,0,0,,,,0,cancelled
2026-04-18 14:00,ord-000276,sell,76090.01,1776522349824,0,0,0,,,,0,cancelled
2026-04-18 14:00,ord-000277,buy,76085.01,1776522354824,0,0,0,,,,0,cancelled
2026-04-18 14:00,ord-000278,sell,76089.02,1776522354824,0,0,0,,,,0,cancelled
2026-04-18 14:00,ord-000279,buy,76085.00,1776522359824,0,0,0,,,,0,cancelled
2026-04-18 14:00,ord-000280,sell,76089.01,1776522359824,0,0,0,,,,0,cancelled
2026-04-18 14:00,ord-000281,buy,76107.61,1776522364824,0,0,0,,,,0,cancelled
2026-04-18 14:00,ord-000282,sell,76111.62,1776522364824,0,0,0,,,,0,cancelled
2026-04-18 14:00,ord-000283,buy,76121.99,1776522369824,0,0,0,,,,0,cancelled
2026-04-18 14:00,ord-000284,sell,76126.00,1776522369824,0.00120000,0,0,,,,0,cancelled
2026-04-18 14:00,ord-000285,buy,76121.88,1776522384024,0,0,0,,,,0,cancelled
2026-04-18 14:00,ord-000286,sell,76125.89,1776522384024,0,0,0,,,,0,cancelled
2026-04-18 14:00,ord-000287,buy,76120.41,1776522398124,0,0,0,,,,0,cancelled
2026-04-18 14:00,ord-000288,sell,76124.42,1776522398124,0,0,0,,,,0,cancelled
2026-04-18 14:00,ord-000289,buy,76120.40,1776522403124,0,0,0,,,,0,cancelled
2026-04-18 14:00,ord-000290,sell,76124.41,1776522403124,0,0,0,,,,0,cancelled
2026-04-18 14:00,ord-000291,buy,76112.43,1776522421324,0,0,0,,,,0,cancelled
2026-04-18 14:00,ord-000292,sell,76116.44,1776522421324,0,0,0,,,,0,cancelled
2026-04-18 14:00,ord-000293,buy,76119.12,1776522434324,0,0,0,,,,0,cancelled
2026-04-18 14:00,ord-000294,sell,76123.13,1776522434324,0.00048000,0,0,,,,0,cancelled
2026-04-18 14:00,ord-000295,buy,76120.39,1776522454424,0,0,0,,,,0,cancelled
2026-04-18 14:00,ord-000296,sell,76124.40,1776522454424,0,0,0,,,,0,cancelled
2026-04-18 14:00,ord-000297,buy,76130.45,1776522469424,0,0,0,,,,0,cancelled
2026-04-18 14:00,ord-000298,sell,76134.46,1776522469424,0,0,0,,,,0,cancelled
2026-04-18 14:00,ord-000299,buy,76131.83,1776522474424,0,0,0,,,,0,cancelled
2026-04-18 14:00,ord-000300,sell,76135.84,1776522474424,0,0,0,,,,0,cancelled
2026-04-18 14:00,ord-000301,buy,76134.32,1776522481324,0,0,0,,,,0,cancelled
2026-04-18 14:00,ord-000302,sell,76138.33,1776522481324,0,0,0,,,,0,cancelled
2026-04-18 14:00,ord-000303,buy,76137.70,1776522486324,0,0,0,,,,0,cancelled
2026-04-18 14:00,ord-000304,sell,76141.71,1776522486324,0,0,0,,,,0,cancelled
2026-04-18 14:00,ord-000305,buy,76146.71,1776522491324,0,0,0,,,,0,cancelled
2026-04-18 14:00,ord-000306,sell,76150.72,1776522491324,0,0,0,,,,0,cancelled
2026-04-18 14:00,ord-000307,buy,76146.00,1776522554724,0,0,0,,,,0,cancelled
2026-04-18 14:00,ord-000308,sell,76150.01,1776522554724,0,0,0,,,,0,cancelled
2026-04-18 14:00,ord-000309,buy,76144.81,1776522559724,0,0,0,,,,0,cancelled
2026-04-18 14:00,ord-000310,sell,76148.82,1776522559724,0,0,0,,,,0,cancelled
2026-04-18 14:00,ord-000311,buy,76146.71,1776522587824,0,0,0,,,,0,cancelled
2026-04-18 14:00,ord-000312,sell,76150.72,1776522587824,0,0,0,,,,0,cancelled
2026-04-18 14:00,ord-000313,buy,76147.99,1776522617424,0,0,0,,,,0,cancelled
2026-04-18 14:00,ord-000314,sell,76152.00,1776522617424,0.00120000,0,0,,,,0,cancelled
2026-04-18 14:00,ord-000315,buy,76149.50,1776522633824,0,0,0,,,,0,cancelled
2026-04-18 14:00,ord-000316,sell,76153.51,1776522633824,0,0,0,,,,0,cancelled
2026-04-18 14:00,ord-000317,buy,76160.59,1776522638824,0,0,0,,,,0,cancelled
2026-04-18 14:00,ord-000318,sell,76164.60,1776522638824,0,0,0,,,,0,cancelled
2026-04-18 14:00,ord-000319,buy,76163.75,1776522643824,0,0,0,,,,0,cancelled
2026-04-18 14:00,ord-000320,sell,76167.76,1776522643824,0,0,0,,,,0,cancelled
2026-04-18 14:00,ord-000321,buy,76165.81,1776522649224,0,0,0,,,,0,cancelled
2026-04-18 14:00,ord-000322,sell,76169.82,1776522649224,0.00007000,0.00007000,0,1776522650061,0.00007000,0.00000000,0.00007000,cancelled
2026-04-18 14:00,ord-000323,buy,76171.99,1776522654224,0.00007000,0.00007000,0,1776522676003,0.00007000,0.00000000,0.00007000,cancelled
2026-04-18 14:00,ord-000324,sell,76176.00,1776522654224,0.00120000,0,0,,,,0,cancelled
2026-04-18 14:00,ord-000325,buy,76168.22,1776522676024,0,0,0,,,,0,cancelled
2026-04-18 14:00,ord-000326,sell,76172.23,1776522676024,0,0,0,,,,0,cancelled
2026-04-18 14:00,ord-000327,buy,76165.22,1776522681024,0,0,0,,,,0,cancelled
2026-04-18 14:00,ord-000328,sell,76169.23,1776522681024,0,0,0,,,,0,cancelled
2026-04-18 14:00,ord-000329,buy,76157.19,1776522686024,0.00007000,0,0,,,,0,cancelled
2026-04-18 14:00,ord-000330,sell,76161.20,1776522686024,0,0,0,,,,0,cancelled
2026-04-18 14:00,ord-000331,buy,76164.78,1776522692424,0,0,0,,,,0,cancelled
2026-04-18 14:00,ord-000332,sell,76168.79,1776522692424,0.00007000,0.00007000,0,1776522692515,0.00007000,0.00000000,0.00007000,cancelled
2026-04-18 14:00,ord-000333,buy,76173.39,1776522697424,0,0,0,,,,0,cancelled
2026-04-18 14:00,ord-000334,sell,76177.40,1776522697424,0,0,0,,,,0,cancelled
2026-04-18 14:00,ord-000335,buy,76174.94,1776522702724,0,0,0,,,,0,cancelled
2026-04-18 14:00,ord-000336,sell,76178.95,1776522702724,0,0,0,,,,0,cancelled
2026-04-18 14:00,ord-000337,buy,76174.95,1776522719924,0,0,0,,,,0,cancelled
2026-04-18 14:00,ord-000338,sell,76178.96,1776522719924,0,0,0,,,,0,cancelled
2026-04-18 14:00,ord-000339,buy,76176.15,1776522724924,0,0,0,,,,0,cancelled
2026-04-18 14:00,ord-000340,sell,76180.16,1776522724924,0,0,0,,,,0,cancelled
2026-04-18 14:00,ord-000341,buy,76192.00,1776522729925,0.05014000,0,0,,,,0,cancelled
2026-04-18 14:00,ord-000342,sell,76196.01,1776522729925,0,0,0,,,,0,cancelled
2026-04-18 14:00,ord-000343,buy,76197.99,1776522735024,0,0,0,,,,0,cancelled
2026-04-18 14:00,ord-000344,sell,76202.00,1776522735024,0.00080000,0,0,,,,0,cancelled
2026-04-18 14:00,ord-000345,buy,76192.00,1776522751124,0.00054000,0.00040000,0,,,,0,cancelled
2026-04-18 14:00,ord-000346,sell,76196.01,1776522751124,0,0,0,,,,0,cancelled
2026-04-18 14:00,ord-000347,buy,76186.53,1776522756124,0,0,0,,,,0,cancelled
2026-04-18 14:00,ord-000348,sell,76190.54,1776522756124,0,0,0,,,,0,cancelled
2026-04-18 14:00,ord-000349,buy,76197.99,1776522761124,0,0,0,,,,0,cancelled
2026-04-18 14:00,ord-000350,sell,76202.00,1776522761124,0.00080000,0,0,,,,0,cancelled
2026-04-18 14:00,ord-000351,buy,76195.73,1776522766124,0,0,0,,,,0,cancelled
2026-04-18 14:00,ord-000352,sell,76199.74,1776522766124,0,0,0,,,,0,cancelled
2026-04-18 14:00,ord-000353,buy,76193.28,1776522793924,0,0,0,,,,0,cancelled
2026-04-18 14:00,ord-000354,sell,76197.29,1776522793924,0,0,0,,,,0,cancelled
2026-04-18 14:00,ord-000355,buy,76189.73,1776522798924,0,0,0,,,,0,cancelled
2026-04-18 14:00,ord-000356,sell,76193.74,1776522798924,0,0,0,,,,0,cancelled
2026-04-18 14:00,ord-000357,buy,76195.80,1776522815424,0,0,0,,,,0,cancelled
2026-04-18 14:00,ord-000358,sell,76199.81,1776522815424,0,0,0,,,,0,cancelled
2026-04-18 14:00,ord-000359,buy,76176.15,1776522824432,0,0,0,,,,0,cancelled
2026-04-18 14:00,ord-000360,sell,76180.16,1776522824432,0,0,0,,,,0,cancelled
2026-04-18 14:00,ord-000361,buy,76170.36,1776522829524,0,0,0,,,,0,cancelled
2026-04-18 14:00,ord-000362,sell,76174.37,1776522829524,0,0,0,,,,0,cancelled
2026-04-18 14:00,ord-000363,buy,76177.81,1776522834524,0,0,0,,,,0,cancelled
2026-04-18 14:00,ord-000364,sell,76181.82,1776522834524,0,0,0,,,,0,cancelled
2026-04-18 14:00,ord-000365,buy,76180.63,1776522840924,0,0,0,,,,0,cancelled
2026-04-18 14:00,ord-000366,sell,76184.64,1776522840924,0,0,0,,,,0,cancelled
2026-04-18 14:00,ord-000367,buy,76195.52,1776522845924,0,0,0,,,,0,cancelled
2026-04-18 14:00,ord-000368,sell,76199.53,1776522845924,0,0,0,,,,0,cancelled
2026-04-18 14:00,ord-000369,buy,76187.58,1776522850924,0,0,0,,,,0,cancelled
2026-04-18 14:00,ord-000370,sell,76191.59,1776522850924,0,0,0,,,,0,cancelled
2026-04-18 14:00,ord-000371,buy,76195.51,1776522857624,0,0,0,,,,0,cancelled
2026-04-18 14:00,ord-000372,sell,76199.52,1776522857624,0,0,0,,,,0,cancelled
2026-04-18 14:00,ord-000373,buy,76195.80,1776522863224,0,0,0,,,,0,cancelled
2026-04-18 14:00,ord-000374,sell,76199.81,1776522863224,0,0,0,,,,0,cancelled
2026-04-18 14:00,ord-000375,buy,76203.24,1776522868224,0,0,0,,,,0,cancelled
2026-04-18 14:00,ord-000376,sell,76207.25,1776522868224,0,0,0,,,,0,cancelled
2026-04-18 14:00,ord-000377,buy,76199.81,1776522873227,0,0,0,,,,0,cancelled
2026-04-18 14:00,ord-000378,sell,76203.82,1776522873227,0,0,0,,,,0,cancelled
2026-04-18 14:00,ord-000379,buy,76198.01,1776522878324,0,0,0,,,,0,cancelled
2026-04-18 14:00,ord-000380,sell,76202.02,1776522878324,0,0,0,,,,0,cancelled
2026-04-18 14:00,ord-000381,buy,76206.56,1776522888124,0,0,0,,,,0,cancelled
2026-04-18 14:00,ord-000382,sell,76210.57,1776522888124,0,0,0,,,,0,cancelled
2026-04-18 14:00,ord-000383,buy,76213.80,1776522893124,0,0,0,,,,0,cancelled
2026-04-18 14:00,ord-000384,sell,76217.81,1776522893124,0,0,0,,,,0,cancelled
2026-04-18 14:00,ord-000385,buy,76216.67,1776522898124,0,0,0,,,,0,cancelled
2026-04-18 14:00,ord-000386,sell,76220.68,1776522898124,0,0,0,,,,0,cancelled
2026-04-18 14:00,ord-000387,buy,76227.70,1776522903124,0,0,0,,,,0,cancelled
2026-04-18 14:00,ord-000388,sell,76231.71,1776522903124,0,0,0,,,,0,cancelled
2026-04-18 14:00,ord-000389,buy,76227.69,1776522908124,0,0,0,,,,0,cancelled
2026-04-18 14:00,ord-000390,sell,76231.70,1776522908124,0,0,0,,,,0,cancelled
2026-04-18 14:00,ord-000391,buy,76227.70,1776522913724,0,0,0,,,,0,cancelled
2026-04-18 14:00,ord-000392,sell,76231.71,1776522913724,0,0,0,,,,0,cancelled
2026-04-18 14:00,ord-000393,buy,76232.63,1776522927025,0,0,0,,,,0,cancelled
2026-04-18 14:00,ord-000394,sell,76236.64,1776522927025,0,0,0,,,,0,cancelled
2026-04-18 14:00,ord-000395,buy,76239.19,1776522937440,0,0,0,,,,0,cancelled
2026-04-18 14:00,ord-000396,sell,76243.20,1776522937440,0,0,0,,,,0,cancelled
2026-04-18 14:00,ord-000397,buy,76238.41,1776522942524,0,0,0,,,,0,cancelled
2026-04-18 14:00,ord-000398,sell,76242.42,1776522942524,0,0,0,,,,0,cancelled
2026-04-18 14:00,ord-000399,buy,76235.57,1776522947524,0,0,0,,,,0,cancelled
2026-04-18 14:00,ord-000400,sell,76239.58,1776522947524,0,0,0,,,,0,cancelled
2026-04-18 14:00,ord-000401,buy,76228.09,1776522952524,0,0,0,,,,0,cancelled
2026-04-18 14:00,ord-000402,sell,76232.10,1776522952524,0,0,0,,,,0,cancelled
2026-04-18 14:00,ord-000403,buy,76238.41,1776522957524,0,0,0,,,,0,cancelled
2026-04-18 14:00,ord-000404,sell,76242.42,1776522957524,0,0,0,,,,0,cancelled
2026-04-18 14:00,ord-000405,buy,76243.25,1776522967024,0,0,0,,,,0,cancelled
2026-04-18 14:00,ord-000406,sell,76247.26,1776522967024,0,0,0,,,,0,cancelled
2026-04-18 14:00,ord-000407,buy,76257.06,1776522972027,0,0,0,,,,0,cancelled
2026-04-18 14:00,ord-000408,sell,76261.07,1776522972027,0,0,0,,,,0,cancelled
2026-04-18 14:00,ord-000409,buy,76255.49,1776522995124,0,0,0,,,,0,cancelled
2026-04-18 14:00,ord-000410,sell,76259.50,1776522995124,0,0,0,,,,0,cancelled
2026-04-18 14:00,ord-000411,buy,76242.00,1776523000124,0.00120000,0,0,,,,0,cancelled
2026-04-18 14:00,ord-000412,sell,76246.01,1776523000124,0,0,0,,,,0,cancelled
2026-04-18 14:00,ord-000413,buy,76249.63,1776523005124,0,0,0,,,,0,cancelled
2026-04-18 14:00,ord-000414,sell,76253.64,1776523005124,0,0,0,,,,0,cancelled
2026-04-18 14:00,ord-000415,buy,76242.01,1776523010124,0,0,0,,,,0,cancelled
2026-04-18 14:00,ord-000416,sell,76246.02,1776523010124,0,0,0,,,,0,cancelled
2026-04-18 14:00,ord-000417,buy,76236.21,1776523022524,0.00014000,0,0,,,,0,cancelled
2026-04-18 14:00,ord-000418,sell,76240.22,1776523022524,0,0,0,,,,0,cancelled
2026-04-18 14:00,ord-000419,buy,76232.35,1776523034039,0,0,0,,,,0,cancelled
2026-04-18 14:00,ord-000420,sell,76236.36,1776523034039,0,0,0,,,,0,cancelled
2026-04-18 14:00,ord-000421,buy,76218.44,1776523039124,0.00008000,0.00008000,0,1776523041903,0.00008000,0.00000000,0.00100000,filled
2026-04-18 14:00,ord-000422,sell,76222.45,1776523039124,0,0,0,,,,0,cancelled
2026-04-18 14:00,ord-000423,buy,76212.26,1776523042024,0,0,0,,,,0,cancelled
2026-04-18 14:00,ord-000424,sell,76216.27,1776523042024,0,0,0,,,,0,cancelled
2026-04-18 14:00,ord-000425,buy,76214.00,1776523056524,0.00120000,0,0,,,,0,cancelled
2026-04-18 14:00,ord-000426,sell,76218.01,1776523056524,0,0,0,,,,0,cancelled
2026-04-18 14:00,ord-000427,buy,76224.07,1776523061524,0,0,0,,,,0,cancelled
2026-04-18 14:00,ord-000428,sell,76228.08,1776523061524,0,0,0,,,,0,cancelled
2026-04-18 14:00,ord-000429,buy,76231.70,1776523066524,0,0,0,,,,0,cancelled
2026-04-18 14:00,ord-000430,sell,76235.71,1776523066524,0,0,0,,,,0,cancelled
2026-04-18 14:00,ord-000431,buy,76233.99,1776523073224,0,0,0,,,,0,cancelled
2026-04-18 14:00,ord-000432,sell,76238.00,1776523073224,0.00120000,0.00120000,0,,,,0,cancelled
2026-04-18 14:00,ord-000433,buy,76236.20,1776523078224,0,0,0,,,,0,cancelled
2026-04-18 14:00,ord-000434,sell,76240.21,1776523078224,0,0,0,,,,0,cancelled
2026-04-18 14:00,ord-000435,buy,76243.99,1776523087924,0,0,0,,,,0,cancelled
2026-04-18 14:00,ord-000436,sell,76248.00,1776523087924,0.00120000,0,0,,,,0,cancelled
2026-04-18 14:00,ord-000437,buy,76233.99,1776523095924,0,0,0,,,,0,cancelled
2026-04-18 14:00,ord-000438,sell,76238.00,1776523095924,0,0,0,,,,0,cancelled
2026-04-18 14:00,ord-000439,buy,76224.37,1776523100924,0,0,0,,,,0,cancelled
2026-04-18 14:00,ord-000440,sell,76228.38,1776523100924,0,0,0,,,,0,cancelled
2026-04-18 14:00,ord-000441,buy,76228.08,1776523112624,0,0,0,,,,0,cancelled
2026-04-18 14:00,ord-000442,sell,76232.09,1776523112624,0,0,0,,,,0,cancelled
2026-04-18 14:00,ord-000443,buy,76229.23,1776523117624,0,0,0,,,,0,cancelled
2026-04-18 14:00,ord-000444,sell,76233.24,1776523117624,0,0,0,,,,0,cancelled
2026-04-18 14:00,ord-000445,buy,76225.79,1776523129224,0,0,0,,,,0,cancelled
2026-04-18 14:00,ord-000446,sell,76229.80,1776523129224,0,0,0,,,,0,cancelled
2026-04-18 14:00,ord-000447,buy,76229.42,1776523154524,0,0,0,,,,0,cancelled
2026-04-18 14:00,ord-000448,sell,76233.43,1776523154524,0,0,0,,,,0,cancelled
2026-04-18 14:00,ord-000449,buy,76232.68,1776523159824,2.27067000,0,0,,,,0,cancelled
2026-04-18 14:00,ord-000450,sell,76236.69,1776523159824,0,0,0,,,,0,cancelled
2026-04-18 14:00,ord-000451,buy,76239.99,1776523164824,0,0,0,,,,0,cancelled
2026-04-18 14:00,ord-000452,sell,76244.00,1776523164824,0.00120000,0.00120000,0,,,,0,cancelled
2026-04-18 14:00,ord-000453,buy,76248.55,1776523177524,0,0,0,,,,0,cancelled
2026-04-18 14:00,ord-000454,sell,76252.56,1776523177524,0,0,0,,,,0,cancelled
2026-04-18 14:00,ord-000455,buy,76242.46,1776523186724,0,0,0,,,,0,cancelled
2026-04-18 14:00,ord-000456,sell,76246.47,1776523186724,0,0,0,,,,0,cancelled
2026-04-18 14:00,ord-000457,buy,76270.11,1776523198169,0,0,0,,,,0,cancelled
2026-04-18 14:00,ord-000458,sell,76274.12,1776523198169,0,0,0,,,,0,cancelled
2026-04-18 14:00,ord-000459,buy,76254.25,1776523203224,0,0,0,,,,0,cancelled
2026-04-18 14:00,ord-000460,sell,76258.26,1776523203224,0,0,0,,,,0,cancelled
2026-04-18 14:00,ord-000461,buy,76283.39,1776523208224,0,0,0,,,,0,cancelled
2026-04-18 14:00,ord-000462,sell,76287.40,1776523208224,0.00132000,0,0,,,,0,cancelled
2026-04-18 14:00,ord-000463,buy,76274.11,1776523213224,0,0,0,,,,0,cancelled
2026-04-18 14:00,ord-000464,sell,76278.12,1776523213224,0,0,0,,,,0,cancelled
2026-04-18 14:00,ord-000465,buy,76266.86,1776523218224,0,0,0,,,,0,cancelled
2026-04-18 14:00,ord-000466,sell,76270.87,1776523218224,0,0,0,,,,0,cancelled
2026-04-18 14:00,ord-000467,buy,76257.43,1776523223224,0,0,0,,,,0,cancelled
2026-04-18 14:00,ord-000468,sell,76261.44,1776523223224,0,0,0,,,,0,cancelled
2026-04-18 14:00,ord-000469,buy,76257.42,1776523240324,0,0,0,,,,0,cancelled
2026-04-18 14:00,ord-000470,sell,76261.43,1776523240324,0,0,0,,,,0,cancelled
2026-04-18 14:00,ord-000471,buy,76252.00,1776523245325,0.00127000,0.00127000,0,,,,0,cancelled
2026-04-18 14:00,ord-000472,sell,76256.01,1776523245325,0,0,0,,,,0,cancelled
2026-04-18 14:00,ord-000473,buy,76247.20,1776523253524,0.00300000,0,0,,,,0,cancelled
2026-04-18 14:00,ord-000474,sell,76251.21,1776523253524,0,0,0,,,,0,cancelled
2026-04-18 14:00,ord-000475,buy,76244.78,1776523278224,0,0,0,,,,0,cancelled
2026-04-18 14:00,ord-000476,sell,76248.79,1776523278224,0,0,0,,,,0,cancelled
2026-04-18 14:00,ord-000477,buy,76234.91,1776523283224,0,0,0,,,,0,cancelled
2026-04-18 14:00,ord-000478,sell,76238.92,1776523283224,0,0,0,,,,0,cancelled
2026-04-18 14:00,ord-000479,buy,76230.50,1776523311224,0,0,0,,,,0,cancelled
2026-04-18 14:00,ord-000480,sell,76234.51,1776523311224,0,0,0,,,,0,cancelled
2026-04-18 14:00,ord-000481,buy,76219.01,1776523316224,0,0,0,,,,0,cancelled
2026-04-18 14:00,ord-000482,sell,76223.02,1776523316224,0,0,0,,,,0,cancelled
2026-04-18 14:00,ord-000483,buy,76216.49,1776523321924,0,0,0,,,,0,cancelled
2026-04-18 14:00,ord-000484,sell,76220.50,1776523321924,0,0,0,,,,0,cancelled
2026-04-18 14:00,ord-000485,buy,76221.99,1776523342924,0,0,0,,,,0,cancelled
2026-04-18 14:00,ord-000486,sell,76226.00,1776523342924,0.00080000,0.00080000,0,,,,0,cancelled
2026-04-18 14:00,ord-000487,buy,76227.67,1776523355924,0,0,0,,,,0,cancelled
2026-04-18 14:00,ord-000488,sell,76231.68,1776523355924,0,0,0,,,,0,cancelled
2026-04-18 14:00,ord-000489,buy,76222.28,1776523360924,0,0,0,,,,0,cancelled
2026-04-18 14:00,ord-000490,sell,76226.29,1776523360924,0,0,0,,,,0,cancelled
2026-04-18 14:00,ord-000491,buy,76234.91,1776523385024,0,0,0,,,,0,cancelled
2026-04-18 14:00,ord-000492,sell,76238.92,1776523385024,0,0,0,,,,0,cancelled
2026-04-18 14:00,ord-000493,buy,76246.62,1776523390024,0,0,0,,,,0,cancelled
2026-04-18 14:00,ord-000494,sell,76250.63,1776523390024,0,0,0,,,,0,cancelled
2026-04-18 14:00,ord-000495,buy,76248.47,1776523398324,0,0,0,,,,0,cancelled
2026-04-18 14:00,ord-000496,sell,76252.48,1776523398324,0,0,0,,,,0,cancelled
2026-04-18 14:00,ord-000497,buy,76249.69,1776523403324,0,0,0,,,,0,cancelled
2026-04-18 14:00,ord-000498,sell,76253.70,1776523403324,0,0,0,,,,0,cancelled
2026-04-18 14:00,ord-000499,buy,76245.21,1776523408324,0,0,0,,,,0,cancelled
2026-04-18 14:00,ord-000500,sell,76249.22,1776523408324,0,0,0,,,,0,cancelled
2026-04-18 14:00,ord-000501,buy,76245.99,1776523423924,0,0,0,,,,0,cancelled
2026-04-18 14:00,ord-000502,sell,76250.00,1776523423924,0,0,0,,,,0,cancelled
2026-04-18 14:00,ord-000503,buy,76250.38,1776523428925,0,0,0,,,,0,cancelled
2026-04-18 14:00,ord-000504,sell,76254.39,1776523428925,0,0,0,,,,0,cancelled
2026-04-18 14:00,ord-000505,buy,76246.66,1776523434024,0,0,0,,,,0,cancelled
2026-04-18 14:00,ord-000506,sell,76250.67,1776523434024,0,0,0,,,,0,cancelled
2026-04-18 14:00,ord-000507,buy,76250.06,1776523472524,0,0,0,,,,0,cancelled
2026-04-18 14:00,ord-000508,sell,76254.07,1776523472524,0,0,0,,,,0,cancelled
2026-04-18 14:00,ord-000509,buy,76278.65,1776523477974,0,0,0,,,,0,cancelled
2026-04-18 14:00,ord-000510,sell,76282.66,1776523477974,0,0,0,,,,0,cancelled
2026-04-18 14:00,ord-000511,buy,76187.94,1776523483024,0,0,0,,,,0,cancelled
2026-04-18 14:00,ord-000512,sell,76191.95,1776523483024,0,0,0,,,,0,cancelled
2026-04-18 14:00,ord-000513,buy,76186.00,1776523490724,0.00574000,0,0,,,,0,cancelled
2026-04-18 14:00,ord-000514,sell,76190.01,1776523490724,0,0,0,,,,0,cancelled
2026-04-18 14:00,ord-000515,buy,76184.00,1776523495724,0.00120000,0,0,,,,0,cancelled
2026-04-18 14:00,ord-000516,sell,76188.01,1776523495724,0.17642000,0.17642000,0,1776523498551,0.17642000,0.00000000,0.00024000,cancelled
2026-04-18 14:00,ord-000517,buy,76191.41,1776523500724,0,0,0,,,,0,cancelled
2026-04-18 14:00,ord-000518,sell,76195.42,1776523500724,0,0,0,,,,0,cancelled
2026-04-18 14:00,ord-000519,buy,76185.37,1776523505724,0,0,0,,,,0,cancelled
2026-04-18 14:00,ord-000520,sell,76189.38,1776523505724,0,0,0,,,,0,cancelled
2026-04-18 14:00,ord-000521,buy,76184.60,1776523510724,0,0,0,,,,0,cancelled
2026-04-18 14:00,ord-000522,sell,76188.61,1776523510724,0,0,0,,,,0,cancelled
2026-04-18 14:00,ord-000523,buy,76165.45,1776523515724,0,0,0,,,,0,cancelled
2026-04-18 14:00,ord-000524,sell,76169.46,1776523515724,0,0,0,,,,0,cancelled
2026-04-18 14:00,ord-000525,buy,76169.61,1776523520724,0,0,0,,,,0,cancelled
2026-04-18 14:00,ord-000526,sell,76173.62,1776523520724,0,0,0,,,,0,cancelled
2026-04-18 14:00,ord-000527,buy,76175.73,1776523528824,0,0,0,,,,0,cancelled
2026-04-18 14:00,ord-000528,sell,76179.74,1776523528824,0,0,0,,,,0,cancelled
2026-04-18 14:00,ord-000529,buy,76189.53,1776523533824,0,0,0,,,,0,cancelled
2026-04-18 14:00,ord-000530,sell,76193.54,1776523533824,0,0,0,,,,0,cancelled
2026-04-18 14:00,ord-000531,buy,76202.70,1776523538824,0,0,0,,,,0,cancelled
2026-04-18 14:00,ord-000532,sell,76206.71,1776523538824,0,0,0,,,,0,cancelled
2026-04-18 14:00,ord-000533,buy,76208.72,1776523545324,0,0,0,,,,0,cancelled
2026-04-18 14:00,ord-000534,sell,76212.73,1776523545324,0,0,0,,,,0,cancelled
2026-04-18 14:00,ord-000535,buy,76217.19,1776523550325,0,0,0,,,,0,cancelled
2026-04-18 14:00,ord-000536,sell,76221.20,1776523550325,0,0,0,,,,0,cancelled
2026-04-18 14:00,ord-000537,buy,76212.00,1776523555424,0.00080000,0.00080000,0,,,,0,cancelled
2026-04-18 14:00,ord-000538,sell,76216.01,1776523555424,0,0,0,,,,0,cancelled
2026-04-18 14:00,ord-000539,buy,76209.35,1776523568524,0,0,0,,,,0,cancelled
2026-04-18 14:00,ord-000540,sell,76213.36,1776523568524,0.12924000,0,0,,,,0,cancelled
2026-04-18 14:00,ord-000541,buy,76195.73,1776523573524,0,0,0,,,,0,cancelled
2026-04-18 14:00,ord-000542,sell,76199.74,1776523573524,0,0,0,,,,0,cancelled
2026-04-18 14:00,ord-000543,buy,76201.80,1776523582724,0,0,0,,,,0,cancelled
2026-04-18 14:00,ord-000544,sell,76205.81,1776523582724,0,0,0,,,,0,cancelled
2026-04-18 14:00,ord-000545,buy,76207.41,1776523636324,0,0,0,,,,0,cancelled
2026-04-18 14:00,ord-000546,sell,76211.42,1776523636324,0,0,0,,,,0,cancelled
2026-04-18 14:00,ord-000547,buy,76201.80,1776523641324,0,0,0,,,,0,cancelled
2026-04-18 14:00,ord-000548,sell,76205.81,1776523641324,0,0,0,,,,0,cancelled
2026-04-18 14:00,ord-000549,buy,76191.14,1776523646324,0,0,0,,,,0,cancelled
2026-04-18 14:00,ord-000550,sell,76195.15,1776523646324,0,0,0,,,,0,cancelled
2026-04-18 14:00,ord-000551,buy,76189.54,1776523659924,0,0,0,,,,0,cancelled
2026-04-18 14:00,ord-000552,sell,76193.55,1776523659924,0,0,0,,,,0,cancelled
2026-04-18 14:00,ord-000553,buy,76181.07,1776523664924,0,0,0,,,,0,cancelled
2026-04-18 14:00,ord-000554,sell,76185.08,1776523664924,0,0,0,,,,0,cancelled
2026-04-18 14:00,ord-000555,buy,76176.35,1776523670224,0,0,0,,,,0,cancelled
2026-04-18 14:00,ord-000556,sell,76180.36,1776523670224,0,0,0,,,,0,cancelled
2026-04-18 14:00,ord-000557,buy,76170.79,1776523675224,0,0,0,,,,0,cancelled
2026-04-18 14:00,ord-000558,sell,76174.80,1776523675224,0,0,0,,,,0,cancelled
2026-04-18 14:00,ord-000559,buy,76170.28,1776523686824,0,0,0,,,,0,cancelled
2026-04-18 14:00,ord-000560,sell,76174.29,1776523686824,0,0,0,,,,0,cancelled
2026-04-18 14:00,ord-000561,buy,76167.55,1776523691824,0,0,0,,,,0,cancelled
2026-04-18 14:00,ord-000562,sell,76171.56,1776523691824,0,0,0,,,,0,cancelled
2026-04-18 14:00,ord-000563,buy,76165.46,1776523700024,0,0,0,,,,0,cancelled
2026-04-18 14:00,ord-000564,sell,76169.47,1776523700024,0,0,0,,,,0,cancelled
2026-04-18 14:00,ord-000565,buy,76177.09,1776523707626,0,0,0,,,,0,cancelled
2026-04-18 14:00,ord-000566,sell,76181.10,1776523707626,0,0,0,,,,0,cancelled
2026-04-18 14:00,ord-000567,buy,76183.24,1776523712724,0,0,0,,,,0,cancelled
2026-04-18 14:00,ord-000568,sell,76187.25,1776523712724,0,0,0,,,,0,cancelled
2026-04-18 14:00,ord-000569,buy,76185.41,1776523720524,0,0,0,,,,0,cancelled
2026-04-18 14:00,ord-000570,sell,76189.42,1776523720524,0,0,0,,,,0,cancelled
2026-04-18 14:00,ord-000571,buy,76191.38,1776523783124,0,0,0,,,,0,cancelled
2026-04-18 14:00,ord-000572,sell,76195.39,1776523783124,0,0,0,,,,0,cancelled
2026-04-18 14:00,ord-000573,buy,76186.98,1776523794424,0,0,0,,,,0,cancelled
2026-04-18 14:00,ord-000574,sell,76190.99,1776523794424,0,0,0,,,,0,cancelled
2026-04-18 14:00,ord-000575,buy,76192.56,1776523800124,0,0,0,,,,0,cancelled
2026-04-18 14:00,ord-000576,sell,76196.57,1776523800124,0,0,0,,,,0,cancelled
2026-04-18 14:00,ord-000577,buy,76199.50,1776523805124,0,0,0,,,,0,cancelled
2026-04-18 14:00,ord-000578,sell,76203.51,1776523805124,0,0,0,,,,0,cancelled
2026-04-18 14:00,ord-000579,buy,76207.41,1776523816924,0,0,0,,,,0,cancelled
2026-04-18 14:00,ord-000580,sell,76211.42,1776523816924,0,0,0,,,,0,cancelled
2026-04-18 14:00,ord-000581,buy,76205.10,1776523821924,0,0,0,,,,0,cancelled
2026-04-18 14:00,ord-000582,sell,76209.11,1776523821924,0,0,0,,,,0,cancelled
2026-04-18 14:00,ord-000583,buy,76207.40,1776523833224,0,0,0,,,,0,cancelled
2026-04-18 14:00,ord-000584,sell,76211.41,1776523833224,0,0,0,,,,0,cancelled
2026-04-18 14:00,ord-000585,buy,76211.48,1776523838224,0,0,0,,,,0,cancelled
2026-04-18 14:00,ord-000586,sell,76215.49,1776523838224,0,0,0,,,,0,cancelled
2026-04-18 14:00,ord-000587,buy,76211.49,1776523843224,0,0,0,,,,0,cancelled
2026-04-18 14:00,ord-000588,sell,76215.50,1776523843224,0,0,0,,,,0,cancelled
2026-04-18 14:00,ord-000589,buy,76218.49,1776523848224,0,0,0,,,,0,cancelled
2026-04-18 14:00,ord-000590,sell,76222.50,1776523848224,0,0,0,,,,0,cancelled
2026-04-18 14:00,ord-000591,buy,76218.50,1776523894324,0,0,0,,,,0,cancelled
2026-04-18 14:00,ord-000592,sell,76222.51,1776523894324,0,0,0,,,,0,cancelled
2026-04-18 14:00,ord-000593,buy,76212.97,1776523901424,0,0,0,,,,0,cancelled
2026-04-18 14:00,ord-000594,sell,76216.98,1776523901424,0,0,0,,,,0,cancelled
2026-04-18 14:00,ord-000595,buy,76221.89,1776523927432,0,0,0,,,,0,cancelled
2026-04-18 14:00,ord-000596,sell,76225.90,1776523927432,0,0,0,,,,0,cancelled
2026-04-18 14:00,ord-000597,buy,76232.38,1776523932524,0,0,0,,,,0,cancelled
2026-04-18 14:00,ord-000598,sell,76236.39,1776523932524,0,0,0,,,,0,cancelled
2026-04-18 14:00,ord-000599,buy,76232.37,1776523937524,0,0,0,,,,0,cancelled
2026-04-18 14:00,ord-000600,sell,76236.38,1776523937524,0,0,0,,,,0,cancelled
2026-04-18 14:00,ord-000601,buy,76248.24,1776523948524,0,0,0,,,,0,cancelled
2026-04-18 14:00,ord-000602,sell,76252.25,1776523948524,0,0,0,,,,0,cancelled
2026-04-18 14:00,ord-000603,buy,76243.29,1776523953524,0,0,0,,,,0,cancelled
2026-04-18 14:00,ord-000604,sell,76247.30,1776523953524,0,0,0,,,,0,cancelled
2026-04-18 14:00,ord-000605,buy,76250.38,1776523958524,0,0,0,,,,0,cancelled
2026-04-18 14:00,ord-000606,sell,76254.39,1776523958524,0,0,0,,,,0,cancelled
2026-04-18 14:00,ord-000607,buy,76245.04,1776523963524,0,0,0,,,,0,cancelled
2026-04-18 14:00,ord-000608,sell,76249.05,1776523963524,0,0,0,,,,0,cancelled
2026-04-18 14:00,ord-000609,buy,76252.71,1776523968524,0,0,0,,,,0,cancelled
2026-04-18 14:00,ord-000610,sell,76256.72,1776523968524,0,0,0,,,,0,cancelled
2026-04-18 14:00,ord-000611,buy,76253.03,1776523983724,0,0,0,,,,0,cancelled
2026-04-18 14:00,ord-000612,sell,76257.04,1776523983724,0,0,0,,,,0,cancelled
2026-04-18 14:00,ord-000613,buy,76252.71,1776523991224,0,0,0,,,,0,cancelled
2026-04-18 14:00,ord-000614,sell,76256.72,1776523991224,0,0,0,,,,0,cancelled
2026-04-18 14:00,ord-000615,buy,76249.34,1776523999228,0,0,0,,,,0,cancelled
2026-04-18 14:00,ord-000616,sell,76253.35,1776523999228,0,0,0,,,,0,cancelled
2026-04-18 14:00,ord-000617,buy,76242.00,1776524004325,0.00120000,0.00120000,0,1776524008119,0.00120000,0.00000000,0.001,filled
2026-04-18 14:00,ord-000618,sell,76246.01,1776524004325,0,0,0,,,,0,cancelled
2026-04-18 14:00,ord-000619,buy,76238.00,1776524008224,0.00120000,0.00120000,0,,,,0,cancelled
2026-04-18 14:00,ord-000620,sell,76242.01,1776524008224,0.08255000,0,0,,,,0,cancelled
2026-04-18 14:00,ord-000621,buy,76226.00,1776524013224,0.00120000,0.00120000,0,,,,0,cancelled
2026-04-18 14:00,ord-000622,sell,76230.01,1776524013224,0.00307000,0,0,,,,0,cancelled
2026-04-18 14:00,ord-000623,buy,76218.37,1776524043824,0,0,0,,,,0,cancelled
2026-04-18 14:00,ord-000624,sell,76222.38,1776524043824,0,0,0,,,,0,cancelled
2026-04-18 14:00,ord-000625,buy,76233.51,1776524049879,0,0,0,,,,0,cancelled
2026-04-18 14:00,ord-000626,sell,76237.52,1776524049879,0,0,0,,,,0,cancelled
2026-04-18 14:00,ord-000627,buy,76234.27,1776524054924,0,0,0,,,,0,cancelled
2026-04-18 14:00,ord-000628,sell,76238.28,1776524054924,0,0,0,,,,0,cancelled
2026-04-18 14:00,ord-000629,buy,76235.40,1776524070924,0,0,0,,,,0,cancelled
2026-04-18 14:00,ord-000630,sell,76239.41,1776524070924,0,0,0,,,,0,cancelled
2026-04-18 14:00,ord-000631,buy,76234.27,1776524083325,0,0,0,,,,0,cancelled
2026-04-18 14:00,ord-000632,sell,76238.28,1776524083325,0,0,0,,,,0,cancelled
2026-04-18 14:00,ord-000633,buy,76232.14,1776524088426,0,0,0,,,,0,cancelled
2026-04-18 14:00,ord-000634,sell,76236.15,1776524088426,0,0,0,,,,0,cancelled
2026-04-18 14:00,ord-000635,buy,76235.40,1776524093524,0,0,0,,,,0,cancelled
2026-04-18 14:00,ord-000636,sell,76239.41,1776524093524,0,0,0,,,,0,cancelled
2026-04-18 14:00,ord-000637,buy,76233.33,1776524104524,0,0,0,,,,0,cancelled
2026-04-18 14:00,ord-000638,sell,76237.34,1776524104524,0,0,0,,,,0,cancelled
2026-04-18 14:00,ord-000639,buy,76235.40,1776524110024,0,0,0,,,,0,cancelled
2026-04-18 14:00,ord-000640,sell,76239.41,1776524110024,0,0,0,,,,0,cancelled
2026-04-18 14:00,ord-000641,buy,76244.75,1776524115024,0,0,0,,,,0,cancelled
2026-04-18 14:00,ord-000642,sell,76248.76,1776524115024,0,0,0,,,,0,cancelled
2026-04-18 14:00,ord-000643,buy,76247.22,1776524120024,0,0,0,,,,0,cancelled
2026-04-18 14:00,ord-000644,sell,76251.23,1776524120024,0,0,0,,,,0,cancelled
2026-04-18 14:00,ord-000645,buy,76246.08,1776524144724,0,0,0,,,,0,cancelled
2026-04-18 14:00,ord-000646,sell,76250.09,1776524144724,0,0,0,,,,0,cancelled
2026-04-18 14:00,ord-000647,buy,76239.59,1776524149724,0,0,0,,,,0,cancelled
2026-04-18 14:00,ord-000648,sell,76243.60,1776524149724,0,0,0,,,,0,cancelled
2026-04-18 14:00,ord-000649,buy,76248.63,1776524169049,0,0,0,,,,0,cancelled
2026-04-18 14:00,ord-000650,sell,76252.64,1776524169049,0,0,0,,,,0,cancelled
2026-04-18 14:00,ord-000651,buy,76244.31,1776524177124,0,0,0,,,,0,cancelled
2026-04-18 14:00,ord-000652,sell,76248.32,1776524177124,0,0,0,,,,0,cancelled
2026-04-18 14:00,ord-000653,buy,76239.49,1776524182124,0,0,0,,,,0,cancelled
2026-04-18 14:00,ord-000654,sell,76243.50,1776524182124,0,0,0,,,,0,cancelled
2026-04-18 14:00,ord-000655,buy,76237.68,1776524191424,0,0,0,,,,0,cancelled
2026-04-18 14:00,ord-000656,sell,76241.69,1776524191424,0,0,0,,,,0,cancelled
2026-04-18 14:00,ord-000657,buy,76234.64,1776524201324,0.00086000,0,0,,,,0,cancelled
2026-04-18 14:00,ord-000658,sell,76238.65,1776524201324,0,0,0,,,,0,cancelled
2026-04-18 14:00,ord-000659,buy,76237.68,1776524216224,0,0,0,,,,0,cancelled
2026-04-18 14:00,ord-000660,sell,76241.69,1776524216224,0,0,0,,,,0,cancelled
2026-04-18 14:00,ord-000661,buy,76248.74,1776524225727,0,0,0,,,,0,cancelled
2026-04-18 14:00,ord-000662,sell,76252.75,1776524225727,0,0,0,,,,0,cancelled
2026-04-18 14:00,ord-000663,buy,76244.73,1776524241124,0,0,0,,,,0,cancelled
2026-04-18 14:00,ord-000664,sell,76248.74,1776524241124,0,0,0,,,,0,cancelled
2026-04-18 14:00,ord-000665,buy,76237.40,1776524246124,0,0,0,,,,0,cancelled
2026-04-18 14:00,ord-000666,sell,76241.41,1776524246124,0,0,0,,,,0,cancelled
2026-04-18 14:00,ord-000667,buy,76234.65,1776524261924,0,0,0,,,,0,cancelled
2026-04-18 14:00,ord-000668,sell,76238.66,1776524261924,0,0,0,,,,0,cancelled
2026-04-18 14:00,ord-000669,buy,76226.01,1776524266924,0,0,0,,,,0,cancelled
2026-04-18 14:00,ord-000670,sell,76230.02,1776524266924,0.07319000,0,0,,,,0,cancelled
2026-04-18 14:00,ord-000671,buy,76213.23,1776524271924,0,0,0,,,,0,cancelled
2026-04-18 14:00,ord-000672,sell,76217.24,1776524271924,0,0,0,,,,0,cancelled
2026-04-18 14:00,ord-000673,buy,76225.93,1776524276924,0,0,0,,,,0,cancelled
2026-04-18 14:00,ord-000674,sell,76229.94,1776524276924,0,0,0,,,,0,cancelled
2026-04-18 14:00,ord-000675,buy,76225.94,1776524285924,0,0,0,,,,0,cancelled
2026-04-18 14:00,ord-000676,sell,76229.95,1776524285924,0,0,0,,,,0,cancelled
2026-04-18 14:00,ord-000677,buy,76238.30,1776524290924,0,0,0,,,,0,cancelled
2026-04-18 14:00,ord-000678,sell,76242.31,1776524290924,0,0,0,,,,0,cancelled
2026-04-18 14:00,ord-000679,buy,76238.72,1776524302824,0,0,0,,,,0,cancelled
2026-04-18 14:00,ord-000680,sell,76242.73,1776524302824,0,0,0,,,,0,cancelled
2026-04-18 14:00,ord-000681,buy,76238.91,1776524307824,0,0,0,,,,0,cancelled
2026-04-18 14:00,ord-000682,sell,76242.92,1776524307824,0,0,0,,,,0,cancelled
2026-04-18 14:00,ord-000683,buy,76244.75,1776524336524,0,0,0,,,,0,cancelled
2026-04-18 14:00,ord-000684,sell,76248.76,1776524336524,0,0,0,,,,0,cancelled
2026-04-18 14:00,ord-000685,buy,76247.99,1776524341524,0,0,0,,,,0,expired
2026-04-18 14:00,ord-000686,sell,76252.00,1776524341524,0.00120000,0,0,,,,0,expired
2026-04-18 15:00,ord-000001,buy,76247.99,1776524400224,0,0,0,,,,0,cancelled
2026-04-18 15:00,ord-000002,sell,76252.00,1776524400224,0.00120000,0,0,,,,0,cancelled
2026-04-18 15:00,ord-000003,buy,76240.51,1776524405224,0,0,0,,,,0,cancelled
2026-04-18 15:00,ord-000004,sell,76244.52,1776524405224,0,0,0,,,,0,cancelled
2026-04-18 15:00,ord-000005,buy,76237.48,1776524410224,0,0,0,,,,0,cancelled
2026-04-18 15:00,ord-000006,sell,76241.49,1776524410224,0,0,0,,,,0,cancelled
2026-04-18 15:00,ord-000007,buy,76220.86,1776524415224,0,0,0,,,,0,cancelled
2026-04-18 15:00,ord-000008,sell,76224.87,1776524415224,0,0,0,,,,0,cancelled
2026-04-18 15:00,ord-000009,buy,76215.76,1776524420224,0,0,0,,,,0,cancelled
2026-04-18 15:00,ord-000010,sell,76219.77,1776524420224,0,0,0,,,,0,cancelled
2026-04-18 15:00,ord-000011,buy,76220.85,1776524427724,0,0,0,,,,0,cancelled
2026-04-18 15:00,ord-000012,sell,76224.86,1776524427724,0,0,0,,,,0,cancelled
2026-04-18 15:00,ord-000013,buy,76225.75,1776524441124,0,0,0,,,,0,cancelled
2026-04-18 15:00,ord-000014,sell,76229.76,1776524441124,0,0,0,,,,0,cancelled
2026-04-18 15:00,ord-000015,buy,76225.76,1776524446124,0,0,0,,,,0,cancelled
2026-04-18 15:00,ord-000016,sell,76229.77,1776524446124,0,0,0,,,,0,cancelled
2026-04-18 15:00,ord-000017,buy,76237.17,1776524454024,0,0,0,,,,0,cancelled
2026-04-18 15:00,ord-000018,sell,76241.18,1776524454024,0,0,0,,,,0,cancelled
2026-04-18 15:00,ord-000019,buy,76247.85,1776524471724,0,0,0,,,,0,cancelled
2026-04-18 15:00,ord-000020,sell,76251.86,1776524471724,0,0,0,,,,0,cancelled
2026-04-18 15:00,ord-000021,buy,76252.95,1776524484124,0,0,0,,,,0,cancelled
2026-04-18 15:00,ord-000022,sell,76256.96,1776524484124,0,0,0,,,,0,cancelled
2026-04-18 15:00,ord-000023,buy,76284.00,1776524489124,0,0,0,,,,0,cancelled
2026-04-18 15:00,ord-000024,sell,76288.01,1776524489124,0,0,0,,,,0,cancelled
2026-04-18 15:00,ord-000025,buy,76288.88,1776524494124,0,0,0,,,,0,cancelled
2026-04-18 15:00,ord-000026,sell,76292.89,1776524494124,0,0,0,,,,0,cancelled
2026-04-18 15:00,ord-000027,buy,76282.46,1776524499124,0,0,0,,,,0,cancelled
2026-04-18 15:00,ord-000028,sell,76286.47,1776524499124,0,0,0,,,,0,cancelled
2026-04-18 15:00,ord-000029,buy,76286.89,1776524511324,0,0,0,,,,0,cancelled
2026-04-18 15:00,ord-000030,sell,76290.90,1776524511324,0,0,0,,,,0,cancelled
2026-04-18 15:00,ord-000031,buy,76361.74,1776524516324,0,0,0,,,,0,cancelled
2026-04-18 15:00,ord-000032,sell,76365.75,1776524516324,0,0,0,,,,0,cancelled
2026-04-18 15:00,ord-000033,buy,76333.96,1776524521324,0,0,0,,,,0,cancelled
2026-04-18 15:00,ord-000034,sell,76337.97,1776524521324,0,0,0,,,,0,cancelled
2026-04-18 15:00,ord-000035,buy,76339.13,1776524526324,0,0,0,,,,0,cancelled
2026-04-18 15:00,ord-000036,sell,76343.14,1776524526324,0,0,0,,,,0,cancelled
2026-04-18 15:00,ord-000037,buy,76328.71,1776524531324,0,0,0,,,,0,cancelled
2026-04-18 15:00,ord-000038,sell,76332.72,1776524531324,0,0,0,,,,0,cancelled
2026-04-18 15:00,ord-000039,buy,76327.15,1776524540324,0,0,0,,,,0,cancelled
2026-04-18 15:00,ord-000040,sell,76331.16,1776524540324,0,0,0,,,,0,cancelled
2026-04-18 15:00,ord-000041,buy,76292.33,1776524545324,0,0,0,,,,0,cancelled
2026-04-18 15:00,ord-000042,sell,76296.34,1776524545324,0,0,0,,,,0,cancelled
2026-04-18 15:00,ord-000043,buy,76294.27,1776524550324,0,0,0,,,,0,cancelled
2026-04-18 15:00,ord-000044,sell,76298.28,1776524550324,0,0,0,,,,0,cancelled
2026-04-18 15:00,ord-000045,buy,76316.99,1776524555324,0,0,0,,,,0,cancelled
2026-04-18 15:00,ord-000046,sell,76321.00,1776524555324,0,0,0,,,,0,cancelled
2026-04-18 15:00,ord-000047,buy,76307.20,1776524570124,0,0,0,,,,0,cancelled
2026-04-18 15:00,ord-000048,sell,76311.21,1776524570124,0,0,0,,,,0,cancelled
2026-04-18 15:00,ord-000049,buy,76301.10,1776524580524,0,0,0,,,,0,cancelled
2026-04-18 15:00,ord-000050,sell,76305.11,1776524580524,0,0,0,,,,0,cancelled
2026-04-18 15:00,ord-000051,buy,76290.63,1776524585524,0,0,0,,,,0,cancelled
2026-04-18 15:00,ord-000052,sell,76294.64,1776524585524,0,0,0,,,,0,cancelled
2026-04-18 15:00,ord-000053,buy,76313.82,1776524590524,0,0,0,,,,0,cancelled
2026-04-18 15:00,ord-000054,sell,76317.83,1776524590524,0,0,0,,,,0,cancelled
2026-04-18 15:00,ord-000055,buy,76311.91,1776524600025,0,0,0,,,,0,cancelled
2026-04-18 15:00,ord-000056,sell,76315.92,1776524600025,0,0,0,,,,0,cancelled
2026-04-18 15:00,ord-000057,buy,76299.18,1776524605124,0,0,0,,,,0,cancelled
2026-04-18 15:00,ord-000058,sell,76303.19,1776524605124,0,0,0,,,,0,cancelled
2026-04-18 15:00,ord-000059,buy,76296.70,1776524619524,0,0,0,,,,0,cancelled
2026-04-18 15:00,ord-000060,sell,76300.71,1776524619524,0,0,0,,,,0,cancelled
2026-04-18 15:00,ord-000061,buy,76293.55,1776524624524,0,0,0,,,,0,cancelled
2026-04-18 15:00,ord-000062,sell,76297.56,1776524624524,0,0,0,,,,0,cancelled
2026-04-18 15:00,ord-000063,buy,76284.24,1776524629524,0,0,0,,,,0,cancelled
2026-04-18 15:00,ord-000064,sell,76288.25,1776524629524,0,0,0,,,,0,cancelled
2026-04-18 15:00,ord-000065,buy,76281.95,1776524657324,0,0,0,,,,0,cancelled
2026-04-18 15:00,ord-000066,sell,76285.96,1776524657324,0.00007000,0.00007000,0,,,,0,cancelled
2026-04-18 15:00,ord-000067,buy,76284.24,1776524679824,0,0,0,,,,0,cancelled
2026-04-18 15:00,ord-000068,sell,76288.25,1776524679824,0,0,0,,,,0,cancelled
2026-04-18 15:00,ord-000069,buy,76294.88,1776524684824,0,0,0,,,,0,cancelled
2026-04-18 15:00,ord-000070,sell,76298.89,1776524684824,0,0,0,,,,0,cancelled
2026-04-18 15:00,ord-000071,buy,76301.94,1776524694024,0,0,0,,,,0,cancelled
2026-04-18 15:00,ord-000072,sell,76305.95,1776524694024,0,0,0,,,,0,cancelled
2026-04-18 15:00,ord-000073,buy,76307.70,1776524699024,0,0,0,,,,0,cancelled
2026-04-18 15:00,ord-000074,sell,76311.71,1776524699024,0,0,0,,,,0,cancelled
2026-04-18 15:00,ord-000075,buy,76298.70,1776524704024,0,0,0,,,,0,cancelled
2026-04-18 15:00,ord-000076,sell,76302.71,1776524704024,0,0,0,,,,0,cancelled
2026-04-18 15:00,ord-000077,buy,76290.00,1776524709024,0.00120000,0.00120000,0,,,,0,cancelled
2026-04-18 15:00,ord-000078,sell,76294.01,1776524709024,0,0,0,,,,0,cancelled
2026-04-18 15:00,ord-000079,buy,76287.25,1776524714024,0,0,0,,,,0,cancelled
2026-04-18 15:00,ord-000080,sell,76291.26,1776524714024,0,0,0,,,,0,cancelled
2026-04-18 15:00,ord-000081,buy,76287.24,1776524719024,0,0,0,,,,0,cancelled
2026-04-18 15:00,ord-000082,sell,76291.25,1776524719024,0,0,0,,,,0,cancelled
2026-04-18 15:00,ord-000083,buy,76278.00,1776524724025,0.00120000,0.00120000,0,,,,0,cancelled
2026-04-18 15:00,ord-000084,sell,76282.01,1776524724025,0,0,0,,,,0,cancelled
2026-04-18 15:00,ord-000085,buy,76270.10,1776524742024,0,0,0,,,,0,cancelled
2026-04-18 15:00,ord-000086,sell,76274.11,1776524742024,0,0,0,,,,0,cancelled
2026-04-18 15:00,ord-000087,buy,76267.66,1776524765624,0,0,0,,,,0,cancelled
2026-04-18 15:00,ord-000088,sell,76271.67,1776524765624,0,0,0,,,,0,cancelled
2026-04-18 15:00,ord-000089,buy,76266.77,1776524770624,0,0,0,,,,0,cancelled
2026-04-18 15:00,ord-000090,sell,76270.78,1776524770624,0,0,0,,,,0,cancelled
2026-04-18 15:00,ord-000091,buy,76266.00,1776524842225,0.00120000,0,0,,,,0,cancelled
2026-04-18 15:00,ord-000092,sell,76270.01,1776524842225,0,0,0,,,,0,cancelled
2026-04-18 15:00,ord-000093,buy,76260.00,1776524847324,0.00120000,0.00120000,0,,,,0,cancelled
2026-04-18 15:00,ord-000094,sell,76264.01,1776524847324,0,0,0,,,,0,cancelled
2026-04-18 15:00,ord-000095,buy,76255.03,1776524854924,0,0,0,,,,0,cancelled
2026-04-18 15:00,ord-000096,sell,76259.04,1776524854924,0,0,0,,,,0,cancelled
2026-04-18 15:00,ord-000097,buy,76248.00,1776524859924,0.00120000,0.00120000,0,,,,0,cancelled
2026-04-18 15:00,ord-000098,sell,76252.01,1776524859924,0,0,0,,,,0,cancelled
2026-04-18 15:00,ord-000099,buy,76243.85,1776524864924,0,0,0,,,,0,cancelled
2026-04-18 15:00,ord-000100,sell,76247.86,1776524864924,0,0,0,,,,0,cancelled
2026-04-18 15:00,ord-000101,buy,76241.94,1776524883124,0,0,0,,,,0,cancelled
2026-04-18 15:00,ord-000102,sell,76245.95,1776524883124,0,0,0,,,,0,cancelled
2026-04-18 15:00,ord-000103,buy,76256.45,1776524888124,0,0,0,,,,0,cancelled
2026-04-18 15:00,ord-000104,sell,76260.46,1776524888124,0,0,0,,,,0,cancelled
2026-04-18 15:00,ord-000105,buy,76254.54,1776524919524,0,0,0,,,,0,cancelled
2026-04-18 15:00,ord-000106,sell,76258.55,1776524919524,0,0,0,,,,0,cancelled
2026-04-18 15:00,ord-000107,buy,76248.73,1776524926924,0,0,0,,,,0,cancelled
2026-04-18 15:00,ord-000108,sell,76252.74,1776524926924,0,0,0,,,,0,cancelled
2026-04-18 15:00,ord-000109,buy,76242.93,1776524931924,0,0,0,,,,0,cancelled
2026-04-18 15:00,ord-000110,sell,76246.94,1776524931924,0,0,0,,,,0,cancelled
2026-04-18 15:00,ord-000111,buy,76238.12,1776524939424,0,0,0,,,,0,cancelled
2026-04-18 15:00,ord-000112,sell,76242.13,1776524939424,0,0,0,,,,0,cancelled
2026-04-18 15:00,ord-000113,buy,76238.00,1776524972124,0.00120000,0.00120000,0,1776524982798,0.00120000,0.00000000,0.00014000,cancelled
2026-04-18 15:00,ord-000114,sell,76242.01,1776524972124,0,0,0,,,,0,cancelled
2026-04-18 15:00,ord-000115,buy,76235.47,1776524982824,0,0,0,,,,0,cancelled
2026-04-18 15:00,ord-000116,sell,76239.48,1776524982824,0,0,0,,,,0,cancelled
2026-04-18 15:00,ord-000117,buy,76220.00,1776524987824,0.00120000,0.00120000,0,,,,0,cancelled
2026-04-18 15:00,ord-000118,sell,76224.01,1776524987824,0,0,0,,,,0,cancelled
2026-04-18 15:00,ord-000119,buy,76212.98,1776524992824,0,0,0,,,,0,cancelled
2026-04-18 15:00,ord-000120,sell,76216.99,1776524992824,0,0,0,,,,0,cancelled
2026-04-18 15:00,ord-000121,buy,76203.29,1776525012134,0,0,0,,,,0,cancelled
2026-04-18 15:00,ord-000122,sell,76207.30,1776525012134,0,0,0,,,,0,cancelled
2026-04-18 15:00,ord-000123,buy,76200.99,1776525017224,0,0,0,,,,0,cancelled
2026-04-18 15:00,ord-000124,sell,76205.00,1776525017224,0,0,0,,,,0,cancelled
2026-04-18 15:00,ord-000125,buy,76180.94,1776525022224,0,0,0,,,,0,cancelled
2026-04-18 15:00,ord-000126,sell,76184.95,1776525022224,0,0,0,,,,0,cancelled
2026-04-18 15:00,ord-000127,buy,76158.72,1776525027224,0,0,0,,,,0,cancelled
2026-04-18 15:00,ord-000128,sell,76162.73,1776525027224,0,0,0,,,,0,cancelled
2026-04-18 15:00,ord-000129,buy,76155.62,1776525032224,0,0,0,,,,0,cancelled
2026-04-18 15:00,ord-000130,sell,76159.63,1776525032224,0,0,0,,,,0,cancelled
2026-04-18 15:00,ord-000131,buy,76148.00,1776525037224,0.00120000,0.00120000,0,,,,0,cancelled
2026-04-18 15:00,ord-000132,sell,76152.01,1776525037224,0,0,0,,,,0,cancelled
2026-04-18 15:00,ord-000133,buy,76144.82,1776525048724,0,0,0,,,,0,cancelled
2026-04-18 15:00,ord-000134,sell,76148.83,1776525048724,0,0,0,,,,0,cancelled
2026-04-18 15:00,ord-000135,buy,76134.96,1776525053724,0,0,0,,,,0,cancelled
2026-04-18 15:00,ord-000136,sell,76138.97,1776525053724,0.00007000,0,0,,,,0,cancelled
2026-04-18 15:00,ord-000137,buy,76127.34,1776525061224,0.00066000,0,0,,,,0,cancelled
2026-04-18 15:00,ord-000138,sell,76131.35,1776525061224,0.00420000,0.00420000,0,1776525061658,0.00420000,0.00000000,0.00100000,filled
2026-04-18 15:00,ord-000139,buy,76134.94,1776525061724,0,0,0,,,,0,cancelled
2026-04-18 15:00,ord-000140,sell,76138.95,1776525061724,0,0,0,,,,0,cancelled
2026-04-18 15:00,ord-000141,buy,76140.24,1776525066724,0.14284000,0,0,,,,0,cancelled
2026-04-18 15:00,ord-000142,sell,76144.25,1776525066724,0,0,0,,,,0,cancelled
2026-04-18 15:00,ord-000143,buy,76154.31,1776525071724,0,0,0,,,,0,cancelled
2026-04-18 15:00,ord-000144,sell,76158.32,1776525071724,0.00008000,0.00008000,0,,,,0,cancelled
2026-04-18 15:00,ord-000145,buy,76157.90,1776525076724,0,0,0,,,,0,cancelled
2026-04-18 15:00,ord-000146,sell,76161.91,1776525076724,0,0,0,,,,0,cancelled
2026-04-18 15:00,ord-000147,buy,76154.24,1776525085624,0,0,0,,,,0,cancelled
2026-04-18 15:00,ord-000148,sell,76158.25,1776525085624,0,0,0,,,,0,cancelled
2026-04-18 15:00,ord-000149,buy,76148.00,1776525090624,0.00120000,0,0,,,,0,cancelled
2026-04-18 15:00,ord-000150,sell,76152.01,1776525090624,0,0,0,,,,0,cancelled
2026-04-18 15:00,ord-000151,buy,76148.70,1776525100124,0,0,0,,,,0,cancelled
2026-04-18 15:00,ord-000152,sell,76152.71,1776525100124,0,0,0,,,,0,cancelled
2026-04-18 15:00,ord-000153,buy,76150.61,1776525105124,0,0,0,,,,0,cancelled
2026-04-18 15:00,ord-000154,sell,76154.62,1776525105124,0,0,0,,,,0,cancelled
2026-04-18 15:00,ord-000155,buy,76159.44,1776525110124,0,0,0,,,,0,cancelled
2026-04-18 15:00,ord-000156,sell,76163.45,1776525110124,0,0,0,,,,0,cancelled
2026-04-18 15:00,ord-000157,buy,76165.83,1776525115124,0,0,0,,,,0,cancelled
2026-04-18 15:00,ord-000158,sell,76169.84,1776525115124,0,0,0,,,,0,cancelled
2026-04-18 15:00,ord-000159,buy,76166.90,1776525120124,0,0,0,,,,0,cancelled
2026-04-18 15:00,ord-000160,sell,76170.91,1776525120124,0,0,0,,,,0,cancelled
2026-04-18 15:00,ord-000161,buy,76173.52,1776525125124,0,0,0,,,,0,cancelled
2026-04-18 15:00,ord-000162,sell,76177.53,1776525125124,0.00014000,0.00014000,0,1776525127119,0.00014000,0.00000000,0.00021000,cancelled
2026-04-18 15:00,ord-000163,buy,76177.99,1776525130124,0,0,0,,,,0,cancelled
2026-04-18 15:00,ord-000164,sell,76182.00,1776525130124,0.00120000,0,0,,,,0,cancelled
2026-04-18 15:00,ord-000165,buy,76178.00,1776525140624,0,0,0,,,,0,cancelled
2026-04-18 15:00,ord-000166,sell,76182.01,1776525140624,0,0,0,,,,0,cancelled
2026-04-18 15:00,ord-000167,buy,76170.64,1776525145624,0,0,0,,,,0,cancelled
2026-04-18 15:00,ord-000168,sell,76174.65,1776525145624,0,0,0,,,,0,cancelled
2026-04-18 15:00,ord-000169,buy,76168.43,1776525150624,0,0,0,,,,0,cancelled
2026-04-18 15:00,ord-000170,sell,76172.44,1776525150624,0,0,0,,,,0,cancelled
2026-04-18 15:00,ord-000171,buy,76147.33,1776525155624,0,0,0,,,,0,cancelled
2026-04-18 15:00,ord-000172,sell,76151.34,1776525155624,0,0,0,,,,0,cancelled
2026-04-18 15:00,ord-000173,buy,76143.94,1776525160624,0,0,0,,,,0,cancelled
2026-04-18 15:00,ord-000174,sell,76147.95,1776525160624,0.23603000,0.00007000,0,,,,0,cancelled
2026-04-18 15:00,ord-000175,buy,76145.95,1776525178424,0.17924000,0,0,,,,0,cancelled
2026-04-18 15:00,ord-000176,sell,76149.96,1776525178424,0,0,0,,,,0,cancelled
2026-04-18 15:00,ord-000177,buy,76161.55,1776525183424,0,0,0,,,,0,cancelled
2026-04-18 15:00,ord-000178,sell,76165.56,1776525183424,0,0,0,,,,0,cancelled
2026-04-18 15:00,ord-000179,buy,76161.81,1776525230624,0,0,0,,,,0,cancelled
2026-04-18 15:00,ord-000180,sell,76165.82,1776525230624,0,0,0,,,,0,cancelled
2026-04-18 15:00,ord-000181,buy,76167.99,1776525235624,0,0,0,,,,0,cancelled
2026-04-18 15:00,ord-000182,sell,76172.00,1776525235624,0.00120000,0.00120000,0,,,,0,cancelled
2026-04-18 15:00,ord-000183,buy,76172.91,1776525266824,0,0,0,,,,0,cancelled
2026-04-18 15:00,ord-000184,sell,76176.92,1776525266824,0,0,0,,,,0,cancelled
2026-04-18 15:00,ord-000185,buy,76191.42,1776525271824,0,0,0,,,,0,cancelled
2026-04-18 15:00,ord-000186,sell,76195.43,1776525271824,0,0,0,,,,0,cancelled
2026-04-18 15:00,ord-000187,buy,76197.99,1776525276824,0,0,0,,,,0,cancelled
2026-04-18 15:00,ord-000188,sell,76202.00,1776525276824,0.00120000,0.00120000,0,,,,0,cancelled
2026-04-18 15:00,ord-000189,buy,76221.48,1776525281824,0,0,0,,,,0,cancelled
2026-04-18 15:00,ord-000190,sell,76225.49,1776525281824,0,0,0,,,,0,cancelled
2026-04-18 15:00,ord-000191,buy,76221.47,1776525299124,0,0,0,,,,0,cancelled
2026-04-18 15:00,ord-000192,sell,76225.48,1776525299124,0,0,0,,,,0,cancelled
2026-04-18 15:00,ord-000193,buy,76216.00,1776525304124,0.00080000,0.00080000,0,1776525304450,0.00080000,0.00000000,0.001,filled
2026-04-18 15:00,ord-000194,sell,76220.01,1776525304124,0,0,0,,,,0,cancelled
2026-04-18 15:00,ord-000195,buy,76208.37,1776525304524,0,0,0,,,,0,cancelled
2026-04-18 15:00,ord-000196,sell,76212.38,1776525304524,0,0,0,,,,0,cancelled
2026-04-18 15:00,ord-000197,buy,76217.99,1776525321430,0,0,0,,,,0,cancelled
2026-04-18 15:00,ord-000198,sell,76222.00,1776525321430,0.00120000,0,0,,,,0,cancelled
2026-04-18 15:00,ord-000199,buy,76219.77,1776525326524,0,0,0,,,,0,cancelled
2026-04-18 15:00,ord-000200,sell,76223.78,1776525326524,0,0,0,,,,0,cancelled
2026-04-18 15:00,ord-000201,buy,76224.92,1776525331524,0,0,0,,,,0,cancelled
2026-04-18 15:00,ord-000202,sell,76228.93,1776525331524,0,0,0,,,,0,cancelled
2026-04-18 15:00,ord-000203,buy,76219.77,1776525338424,0,0,0,,,,0,cancelled
2026-04-18 15:00,ord-000204,sell,76223.78,1776525338424,0,0,0,,,,0,cancelled
2026-04-18 15:00,ord-000205,buy,76212.00,1776525359025,0.00120000,0,0,,,,0,cancelled
2026-04-18 15:00,ord-000206,sell,76216.01,1776525359025,0,0,0,,,,0,cancelled
2026-04-18 15:00,ord-000207,buy,76234.57,1776525364124,0,0,0,,,,0,cancelled
2026-04-18 15:00,ord-000208,sell,76238.58,1776525364124,0,0,0,,,,0,cancelled
2026-04-18 15:00,ord-000209,buy,76226.94,1776525398024,0,0,0,,,,0,cancelled
2026-04-18 15:00,ord-000210,sell,76230.95,1776525398024,0,0,0,,,,0,cancelled
2026-04-18 15:00,ord-000211,buy,76226.31,1776525403024,0,0,0,,,,0,cancelled
2026-04-18 15:00,ord-000212,sell,76230.32,1776525403024,0,0,0,,,,0,cancelled
2026-04-18 15:00,ord-000213,buy,76226.62,1776525412224,0,0,0,,,,0,cancelled
2026-04-18 15:00,ord-000214,sell,76230.63,1776525412224,0,0,0,,,,0,cancelled
2026-04-18 15:00,ord-000215,buy,76223.25,1776525440324,0,0,0,,,,0,cancelled
2026-04-18 15:00,ord-000216,sell,76227.26,1776525440324,0,0,0,,,,0,cancelled
2026-04-18 15:00,ord-000217,buy,76196.77,1776525445324,0,0,0,,,,0,cancelled
2026-04-18 15:00,ord-000218,sell,76200.78,1776525445324,0,0,0,,,,0,cancelled
2026-04-18 15:00,ord-000219,buy,76189.93,1776525450324,0,0,0,,,,0,cancelled
2026-04-18 15:00,ord-000220,sell,76193.94,1776525450324,0,0,0,,,,0,cancelled
2026-04-18 15:00,ord-000221,buy,76185.53,1776525455324,0,0,0,,,,0,cancelled
2026-04-18 15:00,ord-000222,sell,76189.54,1776525455324,0,0,0,,,,0,cancelled
2026-04-18 15:00,ord-000223,buy,76177.98,1776525460324,0,0,0,,,,0,cancelled
2026-04-18 15:00,ord-000224,sell,76181.99,1776525460324,0,0,0,,,,0,cancelled
2026-04-18 15:00,ord-000225,buy,76175.79,1776525476724,0,0,0,,,,0,cancelled
2026-04-18 15:00,ord-000226,sell,76179.80,1776525476724,0,0,0,,,,0,cancelled
2026-04-18 15:00,ord-000227,buy,76167.48,1776525481724,0,0,0,,,,0,cancelled
2026-04-18 15:00,ord-000228,sell,76171.49,1776525481724,0,0,0,,,,0,cancelled
2026-04-18 15:00,ord-000229,buy,76164.13,1776525486724,0,0,0,,,,0,cancelled
2026-04-18 15:00,ord-000230,sell,76168.14,1776525486724,0,0,0,,,,0,cancelled
2026-04-18 15:00,ord-000231,buy,76157.84,1776525491724,0,0,0,,,,0,cancelled
2026-04-18 15:00,ord-000232,sell,76161.85,1776525491724,0,0,0,,,,0,cancelled
2026-04-18 15:00,ord-000233,buy,76161.96,1776525496724,0,0,0,,,,0,cancelled
2026-04-18 15:00,ord-000234,sell,76165.97,1776525496724,0,0,0,,,,0,cancelled
2026-04-18 15:00,ord-000235,buy,76170.33,1776525501724,0.00007000,0.00007000,0,,,,0,cancelled
2026-04-18 15:00,ord-000236,sell,76174.34,1776525501724,0,0,0,,,,0,cancelled
2026-04-18 15:00,ord-000237,buy,76163.07,1776525509824,0,0,0,,,,0,cancelled
2026-04-18 15:00,ord-000238,sell,76167.08,1776525509824,0,0,0,,,,0,cancelled
2026-04-18 15:00,ord-000239,buy,76150.58,1776525514824,0,0,0,,,,0,cancelled
2026-04-18 15:00,ord-000240,sell,76154.59,1776525514824,0,0,0,,,,0,cancelled
2026-04-18 15:00,ord-000241,buy,76146.27,1776525519824,0,0,0,,,,0,cancelled
2026-04-18 15:00,ord-000242,sell,76150.28,1776525519824,0,0,0,,,,0,cancelled
2026-04-18 15:00,ord-000243,buy,76146.59,1776525529424,0,0,0,,,,0,cancelled
2026-04-18 15:00,ord-000244,sell,76150.60,1776525529424,0,0,0,,,,0,cancelled
2026-04-18 15:00,ord-000245,buy,76153.01,1776525542024,0,0,0,,,,0,cancelled
2026-04-18 15:00,ord-000246,sell,76157.02,1776525542024,0,0,0,,,,0,cancelled
2026-04-18 15:00,ord-000247,buy,76155.13,1776525547024,0,0,0,,,,0,cancelled
2026-04-18 15:00,ord-000248,sell,76159.14,1776525547024,0.00007000,0.00007000,0,,,,0,cancelled
2026-04-18 15:00,ord-000249,buy,76169.28,1776525552024,0,0,0,,,,0,cancelled
2026-04-18 15:00,ord-000250,sell,76173.29,1776525552024,0,0,0,,,,0,cancelled
2026-04-18 15:00,ord-000251,buy,76164.06,1776525563024,0,0,0,,,,0,cancelled
2026-04-18 15:00,ord-000252,sell,76168.07,1776525563024,0,0,0,,,,0,cancelled
2026-04-18 15:00,ord-000253,buy,76163.29,1776525569824,0,0,0,,,,0,cancelled
2026-04-18 15:00,ord-000254,sell,76167.30,1776525569824,0,0,0,,,,0,cancelled
2026-04-18 15:00,ord-000255,buy,76150.38,1776525574824,0,0,0,,,,0,cancelled
2026-04-18 15:00,ord-000256,sell,76154.39,1776525574824,0,0,0,,,,0,cancelled
2026-04-18 15:00,ord-000257,buy,76155.40,1776525591624,0,0,0,,,,0,cancelled
2026-04-18 15:00,ord-000258,sell,76159.41,1776525591624,0,0,0,,,,0,cancelled
2026-04-18 15:00,ord-000259,buy,76157.14,1776525596625,0,0,0,,,,0,cancelled
2026-04-18 15:00,ord-000260,sell,76161.15,1776525596625,0,0,0,,,,0,cancelled
2026-04-18 15:00,ord-000261,buy,76166.65,1776525606324,0,0,0,,,,0,cancelled
2026-04-18 15:00,ord-000262,sell,76170.66,1776525606324,0,0,0,,,,0,cancelled
2026-04-18 15:00,ord-000263,buy,76164.75,1776525613324,0,0,0,,,,0,cancelled
2026-04-18 15:00,ord-000264,sell,76168.76,1776525613324,0,0,0,,,,0,cancelled
2026-04-18 15:00,ord-000265,buy,76158.00,1776525618324,0.00127000,0.00120000,0,,,,0,cancelled
2026-04-18 15:00,ord-000266,sell,76162.01,1776525618324,0,0,0,,,,0,cancelled
2026-04-18 15:00,ord-000267,buy,76155.57,1776525643024,0,0,0,,,,0,cancelled
2026-04-18 15:00,ord-000268,sell,76159.58,1776525643024,0,0,0,,,,0,cancelled
2026-04-18 15:00,ord-000269,buy,76147.95,1776525651224,0.00007000,0.00007000,0,,,,0,cancelled
2026-04-18 15:00,ord-000270,sell,76151.96,1776525651224,0,0,0,,,,0,cancelled
2026-04-18 15:00,ord-000271,buy,76143.00,1776525656224,0,0,0,,,,0,cancelled
2026-04-18 15:00,ord-000272,sell,76147.01,1776525656224,0,0,0,,,,0,cancelled
2026-04-18 15:00,ord-000273,buy,76142.98,1776525672624,0,0,0,,,,0,cancelled
2026-04-18 15:00,ord-000274,sell,76146.99,1776525672624,0,0,0,,,,0,cancelled
2026-04-18 15:00,ord-000275,buy,76142.96,1776525677624,0,0,0,,,,0,cancelled
2026-04-18 15:00,ord-000276,sell,76146.97,1776525677624,0,0,0,,,,0,cancelled
2026-04-18 15:00,ord-000277,buy,76143.00,1776525682624,0,0,0,,,,0,cancelled
2026-04-18 15:00,ord-000278,sell,76147.01,1776525682624,0,0,0,,,,0,cancelled
2026-04-18 15:00,ord-000279,buy,76144.32,1776525718024,0,0,0,,,,0,cancelled
2026-04-18 15:00,ord-000280,sell,76148.33,1776525718024,0,0,0,,,,0,cancelled
2026-04-18 15:00,ord-000281,buy,76152.03,1776525723024,0,0,0,,,,0,cancelled
2026-04-18 15:00,ord-000282,sell,76156.04,1776525723024,0,0,0,,,,0,cancelled
2026-04-18 15:00,ord-000283,buy,76163.47,1776525728024,0,0,0,,,,0,cancelled
2026-04-18 15:00,ord-000284,sell,76167.48,1776525728024,0,0,0,,,,0,cancelled
2026-04-18 15:00,ord-000285,buy,76164.93,1776525733024,0,0,0,,,,0,cancelled
2026-04-18 15:00,ord-000286,sell,76168.94,1776525733024,0,0,0,,,,0,cancelled
2026-04-18 15:00,ord-000287,buy,76170.69,1776525772024,0,0,0,,,,0,cancelled
2026-04-18 15:00,ord-000288,sell,76174.70,1776525772024,0,0,0,,,,0,cancelled
2026-04-18 15:00,ord-000289,buy,76199.01,1776525777024,0,0,0,,,,0,cancelled
2026-04-18 15:00,ord-000290,sell,76203.02,1776525777024,0,0,0,,,,0,cancelled
2026-04-18 15:00,ord-000291,buy,76209.28,1776525783524,0,0,0,,,,0,cancelled
2026-04-18 15:00,ord-000292,sell,76213.29,1776525783524,0,0,0,,,,0,cancelled
2026-04-18 15:00,ord-000293,buy,76220.54,1776525788524,0,0,0,,,,0,cancelled
2026-04-18 15:00,ord-000294,sell,76224.55,1776525788524,0,0,0,,,,0,cancelled
2026-04-18 15:00,ord-000295,buy,76213.32,1776525799524,0,0,0,,,,0,cancelled
2026-04-18 15:00,ord-000296,sell,76217.33,1776525799524,0,0,0,,,,0,cancelled
2026-04-18 15:00,ord-000297,buy,76207.05,1776525840524,0,0,0,,,,0,cancelled
2026-04-18 15:00,ord-000298,sell,76211.06,1776525840524,0,0,0,,,,0,cancelled
2026-04-18 15:00,ord-000299,buy,76209.35,1776525850224,0,0,0,,,,0,cancelled
2026-04-18 15:00,ord-000300,sell,76213.36,1776525850224,0,0,0,,,,0,cancelled
2026-04-18 15:00,ord-000301,buy,76205.69,1776525855224,0,0,0,,,,0,cancelled
2026-04-18 15:00,ord-000302,sell,76209.70,1776525855224,0,0,0,,,,0,cancelled
2026-04-18 15:00,ord-000303,buy,76211.98,1776525863124,0,0,0,,,,0,cancelled
2026-04-18 15:00,ord-000304,sell,76215.99,1776525863124,0,0,0,,,,0,cancelled
2026-04-18 15:00,ord-000305,buy,76221.43,1776525868124,0,0,0,,,,0,cancelled
2026-04-18 15:00,ord-000306,sell,76225.44,1776525868124,0,0,0,,,,0,cancelled
2026-04-18 15:00,ord-000307,buy,76231.05,1776525873624,0,0,0,,,,0,cancelled
2026-04-18 15:00,ord-000308,sell,76235.06,1776525873624,0,0,0,,,,0,cancelled
2026-04-18 15:00,ord-000309,buy,76234.57,1776525878624,0,0,0,,,,0,cancelled
2026-04-18 15:00,ord-000310,sell,76238.58,1776525878624,0,0,0,,,,0,cancelled
2026-04-18 15:00,ord-000311,buy,76244.75,1776525900625,0,0,0,,,,0,cancelled
2026-04-18 15:00,ord-000312,sell,76248.76,1776525900625,0,0,0,,,,0,cancelled
2026-04-18 15:00,ord-000313,buy,76263.99,1776525905724,0,0,0,,,,0,cancelled
2026-04-18 15:00,ord-000314,sell,76268.00,1776525905724,0.00120000,0,0,,,,0,cancelled
2026-04-18 15:00,ord-000315,buy,76265.62,1776525916024,0,0,0,,,,0,cancelled
2026-04-18 15:00,ord-000316,sell,76269.63,1776525916024,0,0,0,,,,0,cancelled
2026-04-18 15:00,ord-000317,buy,76263.67,1776525921024,0,0,0,,,,0,cancelled
2026-04-18 15:00,ord-000318,sell,76267.68,1776525921024,0,0,0,,,,0,cancelled
2026-04-18 15:00,ord-000319,buy,76261.44,1776525926024,0,0,0,,,,0,cancelled
2026-04-18 15:00,ord-000320,sell,76265.45,1776525926024,0,0,0,,,,0,cancelled
2026-04-18 15:00,ord-000321,buy,76254.86,1776525934924,0,0,0,,,,0,cancelled
2026-04-18 15:00,ord-000322,sell,76258.87,1776525934924,0,0,0,,,,0,cancelled
2026-04-18 15:00,ord-000323,buy,76246.80,1776525939924,0.00066000,0.00066000,0,,,,0,cancelled
2026-04-18 15:00,ord-000324,sell,76250.81,1776525939924,0,0,0,,,,0,cancelled
2026-04-18 15:00,ord-000325,buy,76237.08,1776525944924,0,0,0,,,,0,cancelled
2026-04-18 15:00,ord-000326,sell,76241.09,1776525944924,0,0,0,,,,0,cancelled
2026-04-18 15:00,ord-000327,buy,76237.07,1776525949924,0,0,0,,,,0,cancelled
2026-04-18 15:00,ord-000328,sell,76241.08,1776525949924,0,0,0,,,,0,cancelled
2026-04-18 15:00,ord-000329,buy,76227.23,1776525954924,0,0,0,,,,0,cancelled
2026-04-18 15:00,ord-000330,sell,76231.24,1776525954924,0,0,0,,,,0,cancelled
2026-04-18 15:00,ord-000331,buy,76200.83,1776525959924,0,0,0,,,,0,cancelled
2026-04-18 15:00,ord-000332,sell,76204.84,1776525959924,0,0,0,,,,0,cancelled
2026-04-18 15:00,ord-000333,buy,76199.01,1776525964924,0,0,0,,,,0,cancelled
2026-04-18 15:00,ord-000334,sell,76203.02,1776525964924,0,0,0,,,,0,cancelled
2026-04-18 15:00,ord-000335,buy,76196.40,1776525982124,0,0,0,,,,0,cancelled
2026-04-18 15:00,ord-000336,sell,76200.41,1776525982124,0,0,0,,,,0,cancelled
2026-04-18 15:00,ord-000337,buy,76199.01,1776525987124,0,0,0,,,,0,cancelled
2026-04-18 15:00,ord-000338,sell,76203.02,1776525987124,0,0,0,,,,0,cancelled
2026-04-18 15:00,ord-000339,buy,76200.83,1776525993524,0,0,0,,,,0,cancelled
2026-04-18 15:00,ord-000340,sell,76204.84,1776525993524,0,0,0,,,,0,cancelled
2026-04-18 15:00,ord-000341,buy,76197.20,1776526001524,0,0,0,,,,0,cancelled
2026-04-18 15:00,ord-000342,sell,76201.21,1776526001524,0,0,0,,,,0,cancelled
2026-04-18 15:00,ord-000343,buy,76192.48,1776526006524,0,0,0,,,,0,cancelled
2026-04-18 15:00,ord-000344,sell,76196.49,1776526006524,0,0,0,,,,0,cancelled
2026-04-18 15:00,ord-000345,buy,76199.00,1776526011524,0,0,0,,,,0,cancelled
2026-04-18 15:00,ord-000346,sell,76203.01,1776526011524,0,0,0,,,,0,cancelled
2026-04-18 15:00,ord-000347,buy,76200.99,1776526016524,0,0,0,,,,0,cancelled
2026-04-18 15:00,ord-000348,sell,76205.00,1776526016524,0,0,0,,,,0,cancelled
2026-04-18 15:00,ord-000349,buy,76209.03,1776526021524,0,0,0,,,,0,cancelled
2026-04-18 15:00,ord-000350,sell,76213.04,1776526021524,0,0,0,,,,0,cancelled
2026-04-18 15:00,ord-000351,buy,76211.86,1776526037924,0,0,0,,,,0,cancelled
2026-04-18 15:00,ord-000352,sell,76215.87,1776526037924,0,0,0,,,,0,cancelled
2026-04-18 15:00,ord-000353,buy,76220.28,1776526042924,0,0,0,,,,0,cancelled
2026-04-18 15:00,ord-000354,sell,76224.29,1776526042924,0,0,0,,,,0,cancelled
2026-04-18 15:00,ord-000355,buy,76209.04,1776526047924,0,0,0,,,,0,cancelled
2026-04-18 15:00,ord-000356,sell,76213.05,1776526047924,0,0,0,,,,0,cancelled
2026-04-18 15:00,ord-000357,buy,76215.92,1776526054224,0,0,0,,,,0,cancelled
2026-04-18 15:00,ord-000358,sell,76219.93,1776526054224,0,0,0,,,,0,cancelled
2026-04-18 15:00,ord-000359,buy,76213.24,1776526083724,0,0,0,,,,0,cancelled
2026-04-18 15:00,ord-000360,sell,76217.25,1776526083724,0,0,0,,,,0,cancelled
2026-04-18 15:00,ord-000361,buy,76204.00,1776526088724,0.00120000,0.00120000,0,,,,0,cancelled
2026-04-18 15:00,ord-000362,sell,76208.01,1776526088724,0,0,0,,,,0,cancelled
2026-04-18 15:00,ord-000363,buy,76192.26,1776526093724,0,0,0,,,,0,cancelled
2026-04-18 15:00,ord-000364,sell,76196.27,1776526093724,0,0,0,,,,0,cancelled
2026-04-18 15:00,ord-000365,buy,76202.28,1776526105524,0,0,0,,,,0,cancelled
2026-04-18 15:00,ord-000366,sell,76206.29,1776526105524,0,0,0,,,,0,cancelled
2026-04-18 15:00,ord-000367,buy,76210.04,1776526110524,0,0,0,,,,0,cancelled
2026-04-18 15:00,ord-000368,sell,76214.05,1776526110524,0,0,0,,,,0,cancelled
2026-04-18 15:00,ord-000369,buy,76215.92,1776526115524,0,0,0,,,,0,cancelled
2026-04-18 15:00,ord-000370,sell,76219.93,1776526115524,0,0,0,,,,0,cancelled
2026-04-18 15:00,ord-000371,buy,76213.08,1776526127924,0,0,0,,,,0,cancelled
2026-04-18 15:00,ord-000372,sell,76217.09,1776526127924,0,0,0,,,,0,cancelled
2026-04-18 15:00,ord-000373,buy,76208.47,1776526132924,0,0,0,,,,0,cancelled
2026-04-18 15:00,ord-000374,sell,76212.48,1776526132924,0,0,0,,,,0,cancelled
2026-04-18 15:00,ord-000375,buy,76204.00,1776526234124,0.00120000,0.00120000,0,,,,0,cancelled
2026-04-18 15:00,ord-000376,sell,76208.01,1776526234124,0,0,0,,,,0,cancelled
2026-04-18 15:00,ord-000377,buy,76194.81,1776526239124,0,0,0,,,,0,cancelled
2026-04-18 15:00,ord-000378,sell,76198.82,1776526239124,0,0,0,,,,0,cancelled
2026-04-18 15:00,ord-000379,buy,76194.12,1776526258224,0,0,0,,,,0,cancelled
2026-04-18 15:00,ord-000380,sell,76198.13,1776526258224,0,0,0,,,,0,cancelled
2026-04-18 15:00,ord-000381,buy,76189.00,1776526263224,0,0,0,,,,0,cancelled
2026-04-18 15:00,ord-000382,sell,76193.01,1776526263224,0,0,0,,,,0,cancelled
2026-04-18 15:00,ord-000383,buy,76197.97,1776526270524,0,0,0,,,,0,cancelled
2026-04-18 15:00,ord-000384,sell,76201.98,1776526270524,0,0,0,,,,0,cancelled
2026-04-18 15:00,ord-000385,buy,76198.82,1776526278226,0,0,0,,,,0,cancelled
2026-04-18 15:00,ord-000386,sell,76202.83,1776526278226,0,0,0,,,,0,cancelled
2026-04-18 15:00,ord-000387,buy,76204.62,1776526283324,0,0,0,,,,0,cancelled
2026-04-18 15:00,ord-000388,sell,76208.63,1776526283324,0,0,0,,,,0,cancelled
2026-04-18 15:00,ord-000389,buy,76204.51,1776526296924,0,0,0,,,,0,cancelled
2026-04-18 15:00,ord-000390,sell,76208.52,1776526296924,0,0,0,,,,0,cancelled
2026-04-18 15:00,ord-000391,buy,76197.97,1776526301924,0,0,0,,,,0,cancelled
2026-04-18 15:00,ord-000392,sell,76201.98,1776526301924,0,0,0,,,,0,cancelled
2026-04-18 15:00,ord-000393,buy,76204.62,1776526322324,0,0,0,,,,0,cancelled
2026-04-18 15:00,ord-000394,sell,76208.63,1776526322324,0,0,0,,,,0,cancelled
2026-04-18 15:00,ord-000395,buy,76211.73,1776526333425,0,0,0,,,,0,cancelled
2026-04-18 15:00,ord-000396,sell,76215.74,1776526333425,0,0,0,,,,0,cancelled
2026-04-18 15:00,ord-000397,buy,76208.07,1776526352024,0,0,0,,,,0,cancelled
2026-04-18 15:00,ord-000398,sell,76212.08,1776526352024,0,0,0,,,,0,cancelled
2026-04-18 15:00,ord-000399,buy,76206.39,1776526357024,0,0,0,,,,0,cancelled
2026-04-18 15:00,ord-000400,sell,76210.40,1776526357024,0,0,0,,,,0,cancelled
2026-04-18 15:00,ord-000401,buy,76211.73,1776526374524,0,0,0,,,,0,cancelled
2026-04-18 15:00,ord-000402,sell,76215.74,1776526374524,0,0,0,,,,0,cancelled
2026-04-18 15:00,ord-000403,buy,76226.28,1776526379524,0.00007000,0,0,,,,0,cancelled
2026-04-18 15:00,ord-000404,sell,76230.29,1776526379524,0,0,0,,,,0,cancelled
2026-04-18 15:00,ord-000405,buy,76233.83,1776526385024,0,0,0,,,,0,cancelled
2026-04-18 15:00,ord-000406,sell,76237.84,1776526385024,0,0,0,,,,0,cancelled
2026-04-18 15:00,ord-000407,buy,76226.28,1776526409524,0.00007000,0.00007000,0,,,,0,cancelled
2026-04-18 15:00,ord-000408,sell,76230.29,1776526409524,0,0,0,,,,0,cancelled
2026-04-18 15:00,ord-000409,buy,76218.65,1776526456024,0,0,0,1776526463342,0,0,0.00007000,cancelled
2026-04-18 15:00,ord-000410,sell,76222.66,1776526456024,0,0,0,,,,0,cancelled
2026-04-18 15:00,ord-000411,buy,76214.14,1776526463424,0,0,0,,,,0,cancelled
2026-04-18 15:00,ord-000412,sell,76218.15,1776526463424,0,0,0,,,,0,cancelled
2026-04-18 15:00,ord-000413,buy,76211.34,1776526468424,0,0,0,,,,0,cancelled
2026-04-18 15:00,ord-000414,sell,76215.35,1776526468424,0,0,0,,,,0,cancelled
2026-04-18 15:00,ord-000415,buy,76195.24,1776526478024,0,0,0,,,,0,cancelled
2026-04-18 15:00,ord-000416,sell,76199.25,1776526478024,0,0,0,,,,0,cancelled
2026-04-18 15:00,ord-000417,buy,76204.35,1776526488624,0,0,0,,,,0,cancelled
2026-04-18 15:00,ord-000418,sell,76208.36,1776526488624,0,0,0,,,,0,cancelled
2026-04-18 15:00,ord-000419,buy,76217.36,1776526493624,0,0,0,,,,0,cancelled
2026-04-18 15:00,ord-000420,sell,76221.37,1776526493624,0,0,0,,,,0,cancelled
2026-04-18 15:00,ord-000421,buy,76218.65,1776526499824,0,0,0,,,,0,cancelled
2026-04-18 15:00,ord-000422,sell,76222.66,1776526499824,0,0,0,,,,0,cancelled
2026-04-18 15:00,ord-000423,buy,76225.19,1776526504824,0,0,0,,,,0,cancelled
2026-04-18 15:00,ord-000424,sell,76229.20,1776526504824,0,0,0,,,,0,cancelled
2026-04-18 15:00,ord-000425,buy,76218.65,1776526522024,0,0,0,1776526523965,0,0,0.00007000,cancelled
2026-04-18 15:00,ord-000426,sell,76222.66,1776526522024,0,0,0,,,,0,cancelled
2026-04-18 15:00,ord-000427,buy,76216.29,1776526527024,0.00066000,0,0,,,,0,cancelled
2026-04-18 15:00,ord-000428,sell,76220.30,1776526527024,0,0,0,,,,0,cancelled
2026-04-18 15:00,ord-000429,buy,76214.83,1776526533524,0,0,0,,,,0,cancelled
2026-04-18 15:00,ord-000430,sell,76218.84,1776526533524,0,0,0,,,,0,cancelled
2026-04-18 15:00,ord-000431,buy,76211.33,1776526538524,0,0,0,,,,0,cancelled
2026-04-18 15:00,ord-000432,sell,76215.34,1776526538524,0,0,0,,,,0,cancelled
2026-04-18 15:00,ord-000433,buy,76211.32,1776526555724,0,0,0,,,,0,cancelled
2026-04-18 15:00,ord-000434,sell,76215.33,1776526555724,0,0,0,,,,0,cancelled
2026-04-18 15:00,ord-000435,buy,76208.00,1776526560724,0.00120000,0.00120000,0,,,,0,cancelled
2026-04-18 15:00,ord-000436,sell,76212.01,1776526560724,1.68507000,0,0,,,,0,cancelled
2026-04-18 15:00,ord-000437,buy,76204.05,1776526565724,0,0,0,,,,0,cancelled
2026-04-18 15:00,ord-000438,sell,76208.06,1776526565724,0,0,0,,,,0,cancelled
2026-04-18 15:00,ord-000439,buy,76211.32,1776526570724,0,0,0,,,,0,cancelled
2026-04-18 15:00,ord-000440,sell,76215.33,1776526570724,0,0,0,,,,0,cancelled
2026-04-18 15:00,ord-000441,buy,76202.07,1776526581924,0,0,0,,,,0,cancelled
2026-04-18 15:00,ord-000442,sell,76206.08,1776526581924,0.06661000,0,0,,,,0,cancelled
2026-04-18 15:00,ord-000443,buy,76204.08,1776526611324,0.46875000,0.00083000,0,,,,0,cancelled
2026-04-18 15:00,ord-000444,sell,76208.09,1776526611324,0,0,0,,,,0,cancelled
2026-04-18 15:00,ord-000445,buy,76199.04,1776526643324,0,0,0,,,,0,cancelled
2026-04-18 15:00,ord-000446,sell,76203.05,1776526643324,0,0,0,,,,0,cancelled
2026-04-18 15:00,ord-000447,buy,76172.74,1776526648324,0,0,0,,,,0,cancelled
2026-04-18 15:00,ord-000448,sell,76176.75,1776526648324,0,0,0,,,,0,cancelled
2026-04-18 15:00,ord-000449,buy,76170.40,1776526711024,0,0,0,,,,0,cancelled
2026-04-18 15:00,ord-000450,sell,76174.41,1776526711024,0,0,0,,,,0,cancelled
2026-04-18 15:00,ord-000451,buy,76167.44,1776526716025,0,0,0,,,,0,cancelled
2026-04-18 15:00,ord-000452,sell,76171.45,1776526716025,0,0,0,,,,0,cancelled
2026-04-18 15:00,ord-000453,buy,76179.79,1776526721025,0,0,0,,,,0,cancelled
2026-04-18 15:00,ord-000454,sell,76183.80,1776526721025,0,0,0,,,,0,cancelled
2026-04-18 15:00,ord-000455,buy,76184.85,1776526726124,0,0,0,,,,0,cancelled
2026-04-18 15:00,ord-000456,sell,76188.86,1776526726124,0,0,0,,,,0,cancelled
2026-04-18 15:00,ord-000457,buy,76187.53,1776526737124,0.34555000,0,0,,,,0,cancelled
2026-04-18 15:00,ord-000458,sell,76191.54,1776526737124,0,0,0,,,,0,cancelled
2026-04-18 15:00,ord-000459,buy,76191.14,1776526742124,0,0,0,,,,0,cancelled
2026-04-18 15:00,ord-000460,sell,76195.15,1776526742124,0,0,0,,,,0,cancelled
2026-04-18 15:00,ord-000461,buy,76184.85,1776526755224,0,0,0,,,,0,cancelled
2026-04-18 15:00,ord-000462,sell,76188.86,1776526755224,0,0,0,,,,0,cancelled
2026-04-18 15:00,ord-000463,buy,76182.00,1776526801024,0.00120000,0,0,,,,0,cancelled
2026-04-18 15:00,ord-000464,sell,76186.01,1776526801024,0.59264000,0,0,,,,0,cancelled
2026-04-18 15:00,ord-000465,buy,76181.95,1776526824424,0,0,0,,,,0,cancelled
2026-04-18 15:00,ord-000466,sell,76185.96,1776526824424,0,0,0,,,,0,cancelled
2026-04-18 15:00,ord-000467,buy,76172.74,1776526829424,0,0,0,,,,0,cancelled
2026-04-18 15:00,ord-000468,sell,76176.75,1776526829424,0,0,0,,,,0,cancelled
2026-04-18 15:00,ord-000469,buy,76168.44,1776526834424,0,0,0,,,,0,cancelled
2026-04-18 15:00,ord-000470,sell,76172.45,1776526834424,0,0,0,,,,0,cancelled
2026-04-18 15:00,ord-000471,buy,76164.93,1776526852224,0,0,0,,,,0,cancelled
2026-04-18 15:00,ord-000472,sell,76168.94,1776526852224,0,0,0,,,,0,cancelled
2026-04-18 15:00,ord-000473,buy,76161.96,1776526857224,0,0,0,,,,0,cancelled
2026-04-18 15:00,ord-000474,sell,76165.97,1776526857224,0,0,0,,,,0,cancelled
2026-04-18 15:00,ord-000475,buy,76159.72,1776526862224,0,0,0,,,,0,cancelled
2026-04-18 15:00,ord-000476,sell,76163.73,1776526862224,0,0,0,,,,0,cancelled
2026-04-18 15:00,ord-000477,buy,76157.97,1776526868424,0,0,0,,,,0,cancelled
2026-04-18 15:00,ord-000478,sell,76161.98,1776526868424,0,0,0,,,,0,cancelled
2026-04-18 15:00,ord-000479,buy,76153.32,1776526884224,0,0,0,,,,0,cancelled
2026-04-18 15:00,ord-000480,sell,76157.33,1776526884224,0,0,0,,,,0,cancelled
2026-04-18 15:00,ord-000481,buy,76151.28,1776526897124,0,0,0,,,,0,cancelled
2026-04-18 15:00,ord-000482,sell,76155.29,1776526897124,0,0,0,,,,0,cancelled
2026-04-18 15:00,ord-000483,buy,76148.30,1776526902124,0,0,0,,,,0,cancelled
2026-04-18 15:00,ord-000484,sell,76152.31,1776526902124,0,0,0,,,,0,cancelled
2026-04-18 15:00,ord-000485,buy,76153.32,1776526922024,0,0,0,,,,0,cancelled
2026-04-18 15:00,ord-000486,sell,76157.33,1776526922024,0,0,0,,,,0,cancelled
2026-04-18 15:00,ord-000487,buy,76165.80,1776526930524,0,0,0,,,,0,cancelled
2026-04-18 15:00,ord-000488,sell,76169.81,1776526930524,0,0,0,,,,0,cancelled
2026-04-18 15:00,ord-000489,buy,76168.55,1776526940124,0,0,0,,,,0,cancelled
2026-04-18 15:00,ord-000490,sell,76172.56,1776526940124,0,0,0,,,,0,cancelled
2026-04-18 15:00,ord-000491,buy,76168.54,1776526989324,0,0,0,,,,0,cancelled
2026-04-18 15:00,ord-000492,sell,76172.55,1776526989324,0,0,0,,,,0,cancelled
2026-04-18 15:00,ord-000493,buy,76148.30,1776526994324,0.00346000,0,0,,,,0,cancelled
2026-04-18 15:00,ord-000494,sell,76152.31,1776526994324,0,0,0,,,,0,cancelled
2026-04-18 15:00,ord-000495,buy,76149.67,1776527002924,0,0,0,,,,0,cancelled
2026-04-18 15:00,ord-000496,sell,76153.68,1776527002924,0,0,0,,,,0,cancelled
2026-04-18 15:00,ord-000497,buy,76153.97,1776527007924,0,0,0,,,,0,cancelled
2026-04-18 15:00,ord-000498,sell,76157.98,1776527007924,0,0,0,,,,0,cancelled
2026-04-18 15:00,ord-000499,buy,76148.30,1776527012924,0,0,0,,,,0,cancelled
2026-04-18 15:00,ord-000500,sell,76152.31,1776527012924,0,0,0,,,,0,cancelled
2026-04-18 15:00,ord-000501,buy,76142.26,1776527063524,0,0,0,,,,0,cancelled
2026-04-18 15:00,ord-000502,sell,76146.27,1776527063524,0,0,0,,,,0,cancelled
2026-04-18 15:00,ord-000503,buy,76136.00,1776527068524,0.00120000,0.00120000,0,,,,0,cancelled
2026-04-18 15:00,ord-000504,sell,76140.01,1776527068524,0.00007000,0,0,,,,0,cancelled
2026-04-18 15:00,ord-000505,buy,76129.00,1776527087424,0,0,0,,,,0,cancelled
2026-04-18 15:00,ord-000506,sell,76133.01,1776527087424,0,0,0,,,,0,cancelled
2026-04-18 15:00,ord-000507,buy,76130.83,1776527101424,0,0,0,,,,0,cancelled
2026-04-18 15:00,ord-000508,sell,76134.84,1776527101424,0,0,0,,,,0,cancelled
2026-04-18 15:00,ord-000509,buy,76137.51,1776527106424,0,0,0,,,,0,cancelled
2026-04-18 15:00,ord-000510,sell,76141.52,1776527106424,0,0,0,,,,0,cancelled
2026-04-18 15:00,ord-000511,buy,76141.18,1776527111624,0,0,0,,,,0,cancelled
2026-04-18 15:00,ord-000512,sell,76145.19,1776527111624,0,0,0,,,,0,cancelled
2026-04-18 15:00,ord-000513,buy,76142.07,1776527182624,0,0,0,,,,0,cancelled
2026-04-18 15:00,ord-000514,sell,76146.08,1776527182624,0,0,0,,,,0,cancelled
2026-04-18 15:00,ord-000515,buy,76148.30,1776527228524,0,0,0,,,,0,cancelled
2026-04-18 15:00,ord-000516,sell,76152.31,1776527228524,0,0,0,,,,0,cancelled
2026-04-18 15:00,ord-000517,buy,76153.18,1776527267924,0,0,0,,,,0,cancelled
2026-04-18 15:00,ord-000518,sell,76157.19,1776527267924,0,0,0,,,,0,cancelled
2026-04-18 15:00,ord-000519,buy,76153.19,1776527272924,0,0,0,,,,0,cancelled
2026-04-18 15:00,ord-000520,sell,76157.20,1776527272924,0,0,0,,,,0,cancelled
2026-04-18 15:00,ord-000521,buy,76150.21,1776527277925,0,0,0,,,,0,cancelled
2026-04-18 15:00,ord-000522,sell,76154.22,1776527277925,0,0,0,,,,0,cancelled
2026-04-18 15:00,ord-000523,buy,76149.90,1776527283124,0,0,0,,,,0,cancelled
2026-04-18 15:00,ord-000524,sell,76153.91,1776527283124,0,0,0,,,,0,cancelled
2026-04-18 15:00,ord-000525,buy,76148.29,1776527301024,0,0,0,,,,0,cancelled
2026-04-18 15:00,ord-000526,sell,76152.30,1776527301024,0,0,0,,,,0,cancelled
2026-04-18 15:00,ord-000527,buy,76142.01,1776527306024,0.00007000,0.00007000,0,,,,0,cancelled
2026-04-18 15:00,ord-000528,sell,76146.02,1776527306024,0,0,0,,,,0,cancelled
2026-04-18 15:00,ord-000529,buy,76129.00,1776527311024,0,0,0,,,,0,cancelled
2026-04-18 15:00,ord-000530,sell,76133.01,1776527311024,0,0,0,,,,0,cancelled
2026-04-18 15:00,ord-000531,buy,76116.69,1776527385830,0,0,0,,,,0,cancelled
2026-04-18 15:00,ord-000532,sell,76120.70,1776527385830,0,0,0,,,,0,cancelled
2026-04-18 15:00,ord-000533,buy,76110.03,1776527390924,0,0,0,,,,0,cancelled
2026-04-18 15:00,ord-000534,sell,76114.04,1776527390924,0,0,0,,,,0,cancelled
2026-04-18 15:00,ord-000535,buy,76115.85,1776527395924,0,0,0,,,,0,cancelled
2026-04-18 15:00,ord-000536,sell,76119.86,1776527395924,0,0,0,1776527396190,0,0,0.00007000,cancelled
2026-04-18 15:00,ord-000537,buy,76129.97,1776527400924,0,0,0,,,,0,cancelled
2026-04-18 15:00,ord-000538,sell,76133.98,1776527400924,0,0,0,,,,0,cancelled
2026-04-18 15:00,ord-000539,buy,76137.59,1776527422624,0,0,0,,,,0,cancelled
2026-04-18 15:00,ord-000540,sell,76141.60,1776527422624,0,0,0,,,,0,cancelled
2026-04-18 15:00,ord-000541,buy,76140.22,1776527427624,0,0,0,,,,0,cancelled
2026-04-18 15:00,ord-000542,sell,76144.23,1776527427624,0,0,0,,,,0,cancelled
2026-04-18 15:00,ord-000543,buy,76133.04,1776527432624,0,0,0,,,,0,cancelled
2026-04-18 15:00,ord-000544,sell,76137.05,1776527432624,0,0,0,,,,0,cancelled
2026-04-18 15:00,ord-000545,buy,76133.02,1776527437624,0,0,0,,,,0,cancelled
2026-04-18 15:00,ord-000546,sell,76137.03,1776527437624,0,0,0,,,,0,cancelled
2026-04-18 15:00,ord-000547,buy,76131.20,1776527442624,0,0,0,,,,0,cancelled
2026-04-18 15:00,ord-000548,sell,76135.21,1776527442624,0,0,0,,,,0,cancelled
2026-04-18 15:00,ord-000549,buy,76130.43,1776527475624,0,0,0,,,,0,cancelled
2026-04-18 15:00,ord-000550,sell,76134.44,1776527475624,0,0,0,,,,0,cancelled
2026-04-18 15:00,ord-000551,buy,76121.04,1776527480624,0,0,0,,,,0,cancelled
2026-04-18 15:00,ord-000552,sell,76125.05,1776527480624,0,0,0,,,,0,cancelled
2026-04-18 15:00,ord-000553,buy,76104.22,1776527485624,0.72407000,0.11102000,0,,,,0,cancelled
2026-04-18 15:00,ord-000554,sell,76108.23,1776527485624,0,0,0,,,,0,cancelled
2026-04-18 15:00,ord-000555,buy,76102.22,1776527490624,0,0,0,,,,0,cancelled
2026-04-18 15:00,ord-000556,sell,76106.23,1776527490624,0.45949000,0,0,,,,0,cancelled
2026-04-18 15:00,ord-000557,buy,76100.90,1776527495824,0,0,0,,,,0,cancelled
2026-04-18 15:00,ord-000558,sell,76104.91,1776527495824,0,0,0,,,,0,cancelled
2026-04-18 15:00,ord-000559,buy,76092.83,1776527500824,0,0,0,,,,0,cancelled
2026-04-18 15:00,ord-000560,sell,76096.84,1776527500824,0,0,0,,,,0,cancelled
2026-04-18 15:00,ord-000561,buy,76092.82,1776527505824,0,0,0,,,,0,cancelled
2026-04-18 15:00,ord-000562,sell,76096.83,1776527505824,0,0,0,,,,0,cancelled
2026-04-18 15:00,ord-000563,buy,76092.53,1776527512224,0,0,0,,,,0,cancelled
2026-04-18 15:00,ord-000564,sell,76096.54,1776527512224,0,0,0,,,,0,cancelled
2026-04-18 15:00,ord-000565,buy,76084.80,1776527517224,0,0,0,,,,0,cancelled
2026-04-18 15:00,ord-000566,sell,76088.81,1776527517224,0,0,0,,,,0,cancelled
2026-04-18 15:00,ord-000567,buy,76083.00,1776527522224,0,0,0,,,,0,cancelled
2026-04-18 15:00,ord-000568,sell,76087.01,1776527522224,0,0,0,,,,0,cancelled
2026-04-18 15:00,ord-000569,buy,76073.03,1776527531248,0,0,0,,,,0,cancelled
2026-04-18 15:00,ord-000570,sell,76077.04,1776527531248,0,0,0,,,,0,cancelled
2026-04-18 15:00,ord-000571,buy,76069.82,1776527536324,0.01621000,0,0,,,,0,cancelled
2026-04-18 15:00,ord-000572,sell,76073.83,1776527536324,0,0,0,,,,0,cancelled
2026-04-18 15:00,ord-000573,buy,76079.15,1776527541324,0,0,0,,,,0,cancelled
2026-04-18 15:00,ord-000574,sell,76083.16,1776527541324,0,0,0,,,,0,cancelled
2026-04-18 15:00,ord-000575,buy,76007.10,1776527556601,0,0,0,,,,0,cancelled
2026-04-18 15:00,ord-000576,sell,76011.11,1776527556601,0,0,0,,,,0,cancelled
2026-04-18 15:00,ord-000577,buy,76031.74,1776527561624,0,0,0,,,,0,cancelled
2026-04-18 15:00,ord-000578,sell,76035.75,1776527561624,0,0,0,,,,0,cancelled
2026-04-18 15:00,ord-000579,buy,76035.76,1776527570124,0,0,0,,,,0,cancelled
2026-04-18 15:00,ord-000580,sell,76039.77,1776527570124,0,0,0,,,,0,cancelled
2026-04-18 15:00,ord-000581,buy,76042.58,1776527575124,0,0,0,,,,0,cancelled
2026-04-18 15:00,ord-000582,sell,76046.59,1776527575124,0,0,0,,,,0,cancelled
2026-04-18 15:00,ord-000583,buy,76050.19,1776527597425,0,0,0,,,,0,cancelled
2026-04-18 15:00,ord-000584,sell,76054.20,1776527597425,0,0,0,,,,0,cancelled
2026-04-18 15:00,ord-000585,buy,76061.73,1776527602524,0,0,0,,,,0,cancelled
2026-04-18 15:00,ord-000586,sell,76065.74,1776527602524,0,0,0,,,,0,cancelled
2026-04-18 15:00,ord-000587,buy,76061.99,1776527607524,0,0,0,,,,0,cancelled
2026-04-18 15:00,ord-000588,sell,76066.00,1776527607524,0.00120000,0.00120000,0,,,,0,cancelled
2026-04-18 15:00,ord-000589,buy,76065.97,1776527612524,0,0,0,,,,0,cancelled
2026-04-18 15:00,ord-000590,sell,76069.98,1776527612524,0,0,0,,,,0,cancelled
2026-04-18 15:00,ord-000591,buy,76065.98,1776527627224,0,0,0,,,,0,cancelled
2026-04-18 15:00,ord-000592,sell,76069.99,1776527627224,0,0,0,,,,0,cancelled
2026-04-18 15:00,ord-000593,buy,76087.25,1776527632224,0,0,0,,,,0,cancelled
2026-04-18 15:00,ord-000594,sell,76091.26,1776527632224,0,0,0,,,,0,cancelled
2026-04-18 15:00,ord-000595,buy,76092.83,1776527637224,0,0,0,,,,0,cancelled
2026-04-18 15:00,ord-000596,sell,76096.84,1776527637224,0,0,0,,,,0,cancelled
2026-04-18 15:00,ord-000597,buy,76102.00,1776527642224,0,0,0,,,,0,cancelled
2026-04-18 15:00,ord-000598,sell,76106.01,1776527642224,0,0,0,,,,0,cancelled
2026-04-18 15:00,ord-000599,buy,76092.86,1776527657832,0,0,0,,,,0,cancelled
2026-04-18 15:00,ord-000600,sell,76096.87,1776527657832,0,0,0,,,,0,cancelled
2026-04-18 15:00,ord-000601,buy,76092.83,1776527662924,0,0,0,,,,0,cancelled
2026-04-18 15:00,ord-000602,sell,76096.84,1776527662924,0,0,0,,,,0,cancelled
2026-04-18 15:00,ord-000603,buy,76093.72,1776527670024,0,0,0,,,,0,cancelled
2026-04-18 15:00,ord-000604,sell,76097.73,1776527670024,0,0,0,,,,0,cancelled
2026-04-18 15:00,ord-000605,buy,76107.61,1776527675024,0,0,0,,,,0,cancelled
2026-04-18 15:00,ord-000606,sell,76111.62,1776527675024,0,0,0,,,,0,cancelled
2026-04-18 15:00,ord-000607,buy,76120.40,1776527680024,0,0,0,,,,0,cancelled
2026-04-18 15:00,ord-000608,sell,76124.41,1776527680024,0,0,0,,,,0,cancelled
2026-04-18 15:00,ord-000609,buy,76114.68,1776527685024,0,0,0,,,,0,cancelled
2026-04-18 15:00,ord-000610,sell,76118.69,1776527685024,0,0,0,,,,0,cancelled
2026-04-18 15:00,ord-000611,buy,76118.34,1776527699624,0,0,0,,,,0,cancelled
2026-04-18 15:00,ord-000612,sell,76122.35,1776527699624,0,0,0,,,,0,cancelled
2026-04-18 15:00,ord-000613,buy,76122.01,1776527709224,0,0,0,,,,0,cancelled
2026-04-18 15:00,ord-000614,sell,76126.02,1776527709224,0,0,0,,,,0,cancelled
2026-04-18 15:00,ord-000615,buy,76129.59,1776527714224,0,0,0,,,,0,cancelled
2026-04-18 15:00,ord-000616,sell,76133.60,1776527714224,0,0,0,,,,0,cancelled
2026-04-18 15:00,ord-000617,buy,76130.15,1776527746124,0,0,0,,,,0,cancelled
2026-04-18 15:00,ord-000618,sell,76134.16,1776527746124,0,0,0,,,,0,cancelled
2026-04-18 15:00,ord-000619,buy,76145.09,1776527751124,0,0,0,,,,0,cancelled
2026-04-18 15:00,ord-000620,sell,76149.10,1776527751124,0,0,0,,,,0,cancelled
2026-04-18 15:00,ord-000621,buy,76163.24,1776527756124,0,0,0,,,,0,cancelled
2026-04-18 15:00,ord-000622,sell,76167.25,1776527756124,0,0,0,,,,0,cancelled
2026-04-18 15:00,ord-000623,buy,76176.15,1776527761124,0,0,0,,,,0,cancelled
2026-04-18 15:00,ord-000624,sell,76180.16,1776527761124,0,0,0,,,,0,cancelled
2026-04-18 15:00,ord-000625,buy,76181.31,1776527766324,0,0,0,,,,0,cancelled
2026-04-18 15:00,ord-000626,sell,76185.32,1776527766324,0,0,0,,,,0,cancelled
2026-04-18 15:00,ord-000627,buy,76189.52,1776527771324,0,0,0,,,,0,cancelled
2026-04-18 15:00,ord-000628,sell,76193.53,1776527771324,0,0,0,,,,0,cancelled
2026-04-18 15:00,ord-000629,buy,76194.96,1776527776324,0,0,0,,,,0,cancelled
2026-04-18 15:00,ord-000630,sell,76198.97,1776527776324,0,0,0,,,,0,cancelled
2026-04-18 15:00,ord-000631,buy,76192.11,1776527781824,0,0,0,,,,0,cancelled
2026-04-18 15:00,ord-000632,sell,76196.12,1776527781824,0,0,0,,,,0,cancelled
2026-04-18 15:00,ord-000633,buy,76187.37,1776527805525,0,0,0,,,,0,cancelled
2026-04-18 15:00,ord-000634,sell,76191.38,1776527805525,0,0,0,,,,0,cancelled
2026-04-18 15:00,ord-000635,buy,76173.70,1776527810624,0,0,0,,,,0,cancelled
2026-04-18 15:00,ord-000636,sell,76177.71,1776527810624,0,0,0,,,,0,cancelled
2026-04-18 15:00,ord-000637,buy,76167.93,1776527815624,0,0,0,,,,0,cancelled
2026-04-18 15:00,ord-000638,sell,76171.94,1776527815624,0,0,0,,,,0,cancelled
2026-04-18 15:00,ord-000639,buy,76172.27,1776527833624,0,0,0,,,,0,cancelled
2026-04-18 15:00,ord-000640,sell,76176.28,1776527833624,0,0,0,,,,0,cancelled
2026-04-18 15:00,ord-000641,buy,76167.47,1776527897224,0,0,0,,,,0,cancelled
2026-04-18 15:00,ord-000642,sell,76171.48,1776527897224,0,0,0,,,,0,cancelled
2026-04-18 15:00,ord-000643,buy,76166.97,1776527902225,0,0,0,,,,0,cancelled
2026-04-18 15:00,ord-000644,sell,76170.98,1776527902225,0,0,0,,,,0,cancelled
2026-04-18 15:00,ord-000645,buy,76165.05,1776527909224,0,0,0,,,,0,cancelled
2026-04-18 15:00,ord-000646,sell,76169.06,1776527909224,0,0,0,,,,0,cancelled
2026-04-18 15:00,ord-000647,buy,76167.77,1776527926424,0,0,0,,,,0,cancelled
2026-04-18 15:00,ord-000648,sell,76171.78,1776527926424,0,0,0,,,,0,cancelled
2026-04-18 15:00,ord-000649,buy,76172.27,1776527931424,0,0,0,,,,0,cancelled
2026-04-18 15:00,ord-000650,sell,76176.28,1776527931424,0,0,0,,,,0,cancelled
2026-04-18 15:00,ord-000651,buy,76157.72,1776527936424,0,0,0,,,,0,cancelled
2026-04-18 15:00,ord-000652,sell,76161.73,1776527936424,0.00007000,0,0,,,,0,cancelled
2026-04-18 15:00,ord-000653,buy,76165.33,1776527960324,0,0,0,,,,0,expired
2026-04-18 15:00,ord-000654,sell,76169.34,1776527960324,0,0,0,,,,0,expired
2026-04-18 16:00,ord-000001,buy,76165.33,1776528000224,0,0,0,,,,0,cancelled
2026-04-18 16:00,ord-000002,sell,76169.34,1776528000224,0,0,0,,,,0,cancelled
2026-04-18 16:00,ord-000003,buy,76151.79,1776528005224,0,0,0,,,,0,cancelled
2026-04-18 16:00,ord-000004,sell,76155.80,1776528005224,0,0,0,,,,0,cancelled
2026-04-18 16:00,ord-000005,buy,76131.19,1776528010224,0,0,0,,,,0,cancelled
2026-04-18 16:00,ord-000006,sell,76135.20,1776528010224,0,0,0,,,,0,cancelled
2026-04-18 16:00,ord-000007,buy,76149.48,1776528015224,0,0,0,,,,0,cancelled
2026-04-18 16:00,ord-000008,sell,76153.49,1776528015224,0,0,0,,,,0,cancelled
2026-04-18 16:00,ord-000009,buy,76159.44,1776528020224,0,0,0,,,,0,cancelled
2026-04-18 16:00,ord-000010,sell,76163.45,1776528020224,0,0,0,,,,0,cancelled
2026-04-18 16:00,ord-000011,buy,76157.14,1776528030824,0,0,0,,,,0,cancelled
2026-04-18 16:00,ord-000012,sell,76161.15,1776528030824,0,0,0,,,,0,cancelled
2026-04-18 16:00,ord-000013,buy,76151.40,1776528035824,0,0,0,,,,0,cancelled
2026-04-18 16:00,ord-000014,sell,76155.41,1776528035824,0.00007000,0,0,,,,0,cancelled
2026-04-18 16:00,ord-000015,buy,76092.55,1776528040855,0,0,0,,,,0,cancelled
2026-04-18 16:00,ord-000016,sell,76096.56,1776528040855,0,0,0,,,,0,cancelled
2026-04-18 16:00,ord-000017,buy,76046.04,1776528050675,0,0,0,,,,0,cancelled
2026-04-18 16:00,ord-000018,sell,76050.05,1776528050675,0,0,0,,,,0,cancelled
2026-04-18 16:00,ord-000019,buy,76041.15,1776528055724,0,0,0,,,,0,cancelled
2026-04-18 16:00,ord-000020,sell,76045.16,1776528055724,0,0,0,,,,0,cancelled
2026-04-18 16:00,ord-000021,buy,76030.79,1776528060724,0,0,0,,,,0,cancelled
2026-04-18 16:00,ord-000022,sell,76034.80,1776528060724,0,0,0,,,,0,cancelled
2026-04-18 16:00,ord-000023,buy,76036.99,1776528065724,0,0,0,,,,0,cancelled
2026-04-18 16:00,ord-000024,sell,76041.00,1776528065724,0,0,0,,,,0,cancelled
2026-04-18 16:00,ord-000025,buy,76043.43,1776528070724,0,0,0,,,,0,cancelled
2026-04-18 16:00,ord-000026,sell,76047.44,1776528070724,0,0,0,,,,0,cancelled
2026-04-18 16:00,ord-000027,buy,76055.73,1776528075724,0,0,0,,,,0,cancelled
2026-04-18 16:00,ord-000028,sell,76059.74,1776528075724,0,0,0,,,,0,cancelled
2026-04-18 16:00,ord-000029,buy,76059.62,1776528080724,0,0,0,,,,0,cancelled
2026-04-18 16:00,ord-000030,sell,76063.63,1776528080724,0,0,0,,,,0,cancelled
2026-04-18 16:00,ord-000031,buy,76069.52,1776528085724,0,0,0,,,,0,cancelled
2026-04-18 16:00,ord-000032,sell,76073.53,1776528085724,0,0,0,,,,0,cancelled
2026-04-18 16:00,ord-000033,buy,76058.92,1776528090724,0,0,0,,,,0,cancelled
2026-04-18 16:00,ord-000034,sell,76062.93,1776528090724,0,0,0,,,,0,cancelled
2026-04-18 16:00,ord-000035,buy,76062.77,1776528096424,0,0,0,,,,0,cancelled
2026-04-18 16:00,ord-000036,sell,76066.78,1776528096424,0,0,0,,,,0,cancelled
2026-04-18 16:00,ord-000037,buy,76051.18,1776528105937,0,0,0,,,,0,cancelled
2026-04-18 16:00,ord-000038,sell,76055.19,1776528105937,0,0,0,,,,0,cancelled
2026-04-18 16:00,ord-000039,buy,76047.85,1776528117424,0,0,0,,,,0,cancelled
2026-04-18 16:00,ord-000040,sell,76051.86,1776528117424,0,0,0,,,,0,cancelled
2026-04-18 16:00,ord-000041,buy,76045.09,1776528122424,0,0,0,,,,0,cancelled
2026-04-18 16:00,ord-000042,sell,76049.10,1776528122424,0,0,0,,,,0,cancelled
2026-04-18 16:00,ord-000043,buy,76063.99,1776528127424,0,0,0,,,,0,cancelled
2026-04-18 16:00,ord-000044,sell,76068.00,1776528127424,0.00120000,0.00120000,0,,,,0,cancelled
2026-04-18 16:00,ord-000045,buy,76066.62,1776528132424,0,0,0,,,,0,cancelled
2026-04-18 16:00,ord-000046,sell,76070.63,1776528132424,0,0,0,,,,0,cancelled
2026-04-18 16:00,ord-000047,buy,76071.21,1776528139924,0,0,0,,,,0,cancelled
2026-04-18 16:00,ord-000048,sell,76075.22,1776528139924,0,0,0,,,,0,cancelled
2026-04-18 16:00,ord-000049,buy,76083.24,1776528144924,0,0,0,,,,0,cancelled
2026-04-18 16:00,ord-000050,sell,76087.25,1776528144924,0,0,0,,,,0,cancelled
2026-04-18 16:00,ord-000051,buy,76080.63,1776528196724,0,0,0,,,,0,cancelled
2026-04-18 16:00,ord-000052,sell,76084.64,1776528196724,0,0,0,,,,0,cancelled
2026-04-18 16:00,ord-000053,buy,76050.52,1776528201724,0,0,0,,,,0,cancelled
2026-04-18 16:00,ord-000054,sell,76054.53,1776528201724,0,0,0,,,,0,cancelled
2026-04-18 16:00,ord-000055,buy,76047.14,1776528206724,0,0,0,,,,0,cancelled
2026-04-18 16:00,ord-000056,sell,76051.15,1776528206724,0,0,0,,,,0,cancelled
2026-04-18 16:00,ord-000057,buy,76039.52,1776528211724,0,0,0,,,,0,cancelled
2026-04-18 16:00,ord-000058,sell,76043.53,1776528211724,0,0,0,,,,0,cancelled
2026-04-18 16:00,ord-000059,buy,76039.16,1776528216724,0,0,0,,,,0,cancelled
2026-04-18 16:00,ord-000060,sell,76043.17,1776528216724,0,0,0,,,,0,cancelled
2026-04-18 16:00,ord-000061,buy,76031.78,1776528221724,0,0,0,,,,0,cancelled
2026-04-18 16:00,ord-000062,sell,76035.79,1776528221724,0,0,0,,,,0,cancelled
2026-04-18 16:00,ord-000063,buy,76031.24,1776528226725,0,0,0,,,,0,cancelled
2026-04-18 16:00,ord-000064,sell,76035.25,1776528226725,0.00019000,0,0,,,,0,cancelled
2026-04-18 16:00,ord-000065,buy,76037.28,1776528231824,0,0,0,,,,0,cancelled
2026-04-18 16:00,ord-000066,sell,76041.29,1776528231824,0,0,0,,,,0,cancelled
2026-04-18 16:00,ord-000067,buy,76035.38,1776528243224,0,0,0,,,,0,cancelled
2026-04-18 16:00,ord-000068,sell,76039.39,1776528243224,0,0,0,,,,0,cancelled
2026-04-18 16:00,ord-000069,buy,76040.88,1776528258924,0,0,0,,,,0,cancelled
2026-04-18 16:00,ord-000070,sell,76044.89,1776528258924,0,0,0,,,,0,cancelled
2026-04-18 16:00,ord-000071,buy,76035.38,1776528280124,0,0,0,,,,0,cancelled
2026-04-18 16:00,ord-000072,sell,76039.39,1776528280124,0,0,0,,,,0,cancelled
2026-04-18 16:00,ord-000073,buy,76035.06,1776528287024,0,0,0,,,,0,cancelled
2026-04-18 16:00,ord-000074,sell,76039.07,1776528287024,0,0,0,,,,0,cancelled
2026-04-18 16:00,ord-000075,buy,76033.16,1776528292024,0,0,0,,,,0,cancelled
2026-04-18 16:00,ord-000076,sell,76037.17,1776528292024,0,0,0,,,,0,cancelled
2026-04-18 16:00,ord-000077,buy,76039.67,1776528301228,0,0,0,,,,0,cancelled
2026-04-18 16:00,ord-000078,sell,76043.68,1776528301228,0,0,0,,,,0,cancelled
2026-04-18 16:00,ord-000079,buy,76044.31,1776528306324,0,0,0,,,,0,cancelled
2026-04-18 16:00,ord-000080,sell,76048.32,1776528306324,0,0,0,,,,0,cancelled
2026-04-18 16:00,ord-000081,buy,76047.99,1776528311524,0,0,0,,,,0,cancelled
2026-04-18 16:00,ord-000082,sell,76052.00,1776528311524,0.00120000,0.00120000,0,1776528312229,0.00120000,0.00000000,0.001,filled
2026-04-18 16:00,ord-000083,buy,76052.06,1776528312324,0,0,0,,,,0,cancelled
2026-04-18 16:00,ord-000084,sell,76056.07,1776528312324,0,0,0,,,,0,cancelled
2026-04-18 16:00,ord-000085,buy,76070.27,1776528317324,0,0,0,,,,0,cancelled
2026-04-18 16:00,ord-000086,sell,76074.28,1776528317324,0,0,0,,,,0,cancelled
2026-04-18 16:00,ord-000087,buy,76072.29,1776528331524,2.88085000,0.00051000,0,,,,0,cancelled
2026-04-18 16:00,ord-000088,sell,76076.30,1776528331524,0,0,0,,,,0,cancelled
2026-04-18 16:00,ord-000089,buy,76069.15,1776528350624,0,0,0,,,,0,cancelled
2026-04-18 16:00,ord-000090,sell,76073.16,1776528350624,0,0,0,,,,0,cancelled
2026-04-18 16:00,ord-000091,buy,76062.66,1776528355624,0,0,0,,,,0,cancelled
2026-04-18 16:00,ord-000092,sell,76066.67,1776528355624,0,0,0,,,,0,cancelled
2026-04-18 16:00,ord-000093,buy,76065.89,1776528362124,0.44244000,0,0,,,,0,cancelled
2026-04-18 16:00,ord-000094,sell,76069.90,1776528362124,0,0,0,,,,0,cancelled
2026-04-18 16:00,ord-000095,buy,76066.23,1776528367124,0,0,0,,,,0,cancelled
2026-04-18 16:00,ord-000096,sell,76070.24,1776528367124,0,0,0,,,,0,cancelled
2026-04-18 16:00,ord-000097,buy,76066.24,1776528374424,0,0,0,,,,0,cancelled
2026-04-18 16:00,ord-000098,sell,76070.25,1776528374424,0,0,0,,,,0,cancelled
2026-04-18 16:00,ord-000099,buy,76092.66,1776528379424,0,0,0,,,,0,cancelled
2026-04-18 16:00,ord-000100,sell,76096.67,1776528379424,0,0,0,,,,0,cancelled
2026-04-18 16:00,ord-000101,buy,76088.89,1776528410524,0,0,0,,,,0,cancelled
2026-04-18 16:00,ord-000102,sell,76092.90,1776528410524,0,0,0,,,,0,cancelled
2026-04-18 16:00,ord-000103,buy,76087.00,1776528420624,0,0,0,,,,0,cancelled
2026-04-18 16:00,ord-000104,sell,76091.01,1776528420624,0,0,0,,,,0,cancelled
2026-04-18 16:00,ord-000105,buy,76097.28,1776528425624,0,0,0,,,,0,cancelled
2026-04-18 16:00,ord-000106,sell,76101.29,1776528425624,0,0,0,,,,0,cancelled
2026-04-18 16:00,ord-000107,buy,76094.79,1776528437924,0,0,0,,,,0,cancelled
2026-04-18 16:00,ord-000108,sell,76098.80,1776528437924,0,0,0,,,,0,cancelled
2026-04-18 16:00,ord-000109,buy,76090.56,1776528442924,0,0,0,,,,0,cancelled
2026-04-18 16:00,ord-000110,sell,76094.57,1776528442924,0,0,0,,,,0,cancelled
2026-04-18 16:00,ord-000111,buy,76097.99,1776528447925,0,0,0,,,,0,cancelled
2026-04-18 16:00,ord-000112,sell,76102.00,1776528447925,0.00120000,0,0,,,,0,cancelled
2026-04-18 16:00,ord-000113,buy,76090.56,1776528463324,0,0,0,,,,0,cancelled
2026-04-18 16:00,ord-000114,sell,76094.57,1776528463324,0,0,0,,,,0,cancelled
2026-04-18 16:00,ord-000115,buy,76093.65,1776528483224,0,0,0,,,,0,cancelled
2026-04-18 16:00,ord-000116,sell,76097.66,1776528483224,0,0,0,,,,0,cancelled
2026-04-18 16:00,ord-000117,buy,76097.99,1776528505724,0,0,0,,,,0,cancelled
2026-04-18 16:00,ord-000118,sell,76102.00,1776528505724,0.00120000,0.00120000,0,,,,0,cancelled
2026-04-18 16:00,ord-000119,buy,76107.30,1776528510724,0,0,0,,,,0,cancelled
2026-04-18 16:00,ord-000120,sell,76111.31,1776528510724,0,0,0,,,,0,cancelled
2026-04-18 16:00,ord-000121,buy,76115.27,1776528515724,0,0,0,1776528529980,0,0,0.001,filled
2026-04-18 16:00,ord-000122,sell,76119.28,1776528515724,0,0,0,,,,0,cancelled
2026-04-18 16:00,ord-000123,buy,76107.03,1776528530024,0,0,0,,,,0,cancelled
2026-04-18 16:00,ord-000124,sell,76111.04,1776528530024,0,0,0,,,,0,cancelled
2026-04-18 16:00,ord-000125,buy,76099.17,1776528535024,0,0,0,,,,0,cancelled
2026-04-18 16:00,ord-000126,sell,76103.18,1776528535024,0,0,0,,,,0,cancelled
2026-04-18 16:00,ord-000127,buy,76106.00,1776528540024,0,0,0,,,,0,cancelled
2026-04-18 16:00,ord-000128,sell,76110.01,1776528540024,0,0,0,,,,0,cancelled
2026-04-18 16:00,ord-000129,buy,76117.22,1776528548324,0,0,0,,,,0,cancelled
2026-04-18 16:00,ord-000130,sell,76121.23,1776528548324,0,0,0,,,,0,cancelled
2026-04-18 16:00,ord-000131,buy,76119.75,1776528588524,0,0,0,,,,0,cancelled
2026-04-18 16:00,ord-000132,sell,76123.76,1776528588524,0,0,0,,,,0,cancelled
2026-04-18 16:00,ord-000133,buy,76126.48,1776528593524,0,0,0,,,,0,cancelled
2026-04-18 16:00,ord-000134,sell,76130.49,1776528593524,0,0,0,,,,0,cancelled
2026-04-18 16:00,ord-000135,buy,76132.95,1776528614228,0,0,0,,,,0,cancelled
2026-04-18 16:00,ord-000136,sell,76136.96,1776528614228,0,0,0,,,,0,cancelled
2026-04-18 16:00,ord-000137,buy,76139.98,1776528624324,0,0,0,,,,0,cancelled
2026-04-18 16:00,ord-000138,sell,76143.99,1776528624324,0,0,0,,,,0,cancelled
2026-04-18 16:00,ord-000139,buy,76153.99,1776528629324,0,0,0,,,,0,cancelled
2026-04-18 16:00,ord-000140,sell,76158.00,1776528629324,0.00120000,0.00120000,0,1776528629505,0.00092000,0.00000000,0.001,filled
2026-04-18 16:00,ord-000141,buy,76156.63,1776528629524,0,0,0,,,,0,cancelled
2026-04-18 16:00,ord-000142,sell,76160.64,1776528629524,0,0,0,,,,0,cancelled
2026-04-18 16:00,ord-000143,buy,76161.99,1776528634524,0,0,0,,,,0,cancelled
2026-04-18 16:00,ord-000144,sell,76166.00,1776528634524,0.00120000,0.00120000,0,,,,0,cancelled
2026-04-18 16:00,ord-000145,buy,76167.55,1776528640024,0,0,0,,,,0,cancelled
2026-04-18 16:00,ord-000146,sell,76171.56,1776528640024,0,0,0,,,,0,cancelled
2026-04-18 16:00,ord-000147,buy,76163.17,1776528649524,0,0,0,,,,0,cancelled
2026-04-18 16:00,ord-000148,sell,76167.18,1776528649524,0,0,0,,,,0,cancelled
2026-04-18 16:00,ord-000149,buy,76162.60,1776528654524,0,0,0,,,,0,cancelled
2026-04-18 16:00,ord-000150,sell,76166.61,1776528654524,0,0,0,,,,0,cancelled
2026-04-18 16:00,ord-000151,buy,76164.42,1776528660524,0,0,0,,,,0,cancelled
2026-04-18 16:00,ord-000152,sell,76168.43,1776528660524,0,0,0,,,,0,cancelled
2026-04-18 16:00,ord-000153,buy,76185.99,1776528665524,0,0,0,,,,0,cancelled
2026-04-18 16:00,ord-000154,sell,76190.00,1776528665524,0.15247000,0,0,,,,0,cancelled
2026-04-18 16:00,ord-000155,buy,76186.97,1776528679424,0,0,0,,,,0,cancelled
2026-04-18 16:00,ord-000156,sell,76190.98,1776528679424,0,0,0,,,,0,cancelled
2026-04-18 16:00,ord-000157,buy,76191.54,1776528684424,0,0,0,,,,0,cancelled
2026-04-18 16:00,ord-000158,sell,76195.55,1776528684424,0,0,0,,,,0,cancelled
2026-04-18 16:00,ord-000159,buy,76189.34,1776528689424,0,0,0,,,,0,cancelled
2026-04-18 16:00,ord-000160,sell,76193.35,1776528689424,0,0,0,,,,0,cancelled
2026-04-18 16:00,ord-000161,buy,76182.56,1776528706424,0,0,0,,,,0,cancelled
2026-04-18 16:00,ord-000162,sell,76186.57,1776528706424,0,0,0,,,,0,cancelled
2026-04-18 16:00,ord-000163,buy,76184.53,1776528744324,0,0,0,,,,0,cancelled
2026-04-18 16:00,ord-000164,sell,76188.54,1776528744324,0,0,0,,,,0,cancelled
2026-04-18 16:00,ord-000165,buy,76195.93,1776528749324,0,0,0,,,,0,cancelled
2026-04-18 16:00,ord-000166,sell,76199.94,1776528749324,0,0,0,,,,0,cancelled
2026-04-18 16:00,ord-000167,buy,76195.94,1776528756824,0,0,0,,,,0,cancelled
2026-04-18 16:00,ord-000168,sell,76199.95,1776528756824,0,0,0,,,,0,cancelled
2026-04-18 16:00,ord-000169,buy,76196.83,1776528761824,0,0,0,,,,0,cancelled
2026-04-18 16:00,ord-000170,sell,76200.84,1776528761824,0,0,0,,,,0,cancelled
2026-04-18 16:00,ord-000171,buy,76197.99,1776528786524,0,0,0,,,,0,cancelled
2026-04-18 16:00,ord-000172,sell,76202.00,1776528786524,0.00120000,0.00120000,0,,,,0,cancelled
2026-04-18 16:00,ord-000173,buy,76204.62,1776528849233,0,0,0,,,,0,cancelled
2026-04-18 16:00,ord-000174,sell,76208.63,1776528849233,0,0,0,,,,0,cancelled
2026-04-18 16:00,ord-000175,buy,76209.55,1776528854324,0,0,0,,,,0,cancelled
2026-04-18 16:00,ord-000176,sell,76213.56,1776528854324,0,0,0,,,,0,cancelled
2026-04-18 16:00,ord-000177,buy,76209.56,1776528871324,0,0,0,,,,0,cancelled
2026-04-18 16:00,ord-000178,sell,76213.57,1776528871324,0,0,0,,,,0,cancelled
2026-04-18 16:00,ord-000179,buy,76192.23,1776528899448,0,0,0,,,,0,cancelled
2026-04-18 16:00,ord-000180,sell,76196.24,1776528899448,0,0,0,,,,0,cancelled
2026-04-18 16:00,ord-000181,buy,76134.81,1776528904524,0,0,0,,,,0,cancelled
2026-04-18 16:00,ord-000182,sell,76138.82,1776528904524,0,0,0,,,,0,cancelled
2026-04-18 16:00,ord-000183,buy,76105.81,1776528909524,0,0,0,,,,0,cancelled
2026-04-18 16:00,ord-000184,sell,76109.82,1776528909524,0,0,0,,,,0,cancelled
2026-04-18 16:00,ord-000185,buy,76129.99,1776528914524,0,0,0,,,,0,cancelled
2026-04-18 16:00,ord-000186,sell,76134.00,1776528914524,0.00120000,0,0,,,,0,cancelled
2026-04-18 16:00,ord-000187,buy,76127.87,1776528928424,0,0,0,,,,0,cancelled
2026-04-18 16:00,ord-000188,sell,76131.88,1776528928424,0,0,0,,,,0,cancelled
2026-04-18 16:00,ord-000189,buy,76114.75,1776528933424,0,0,0,,,,0,cancelled
2026-04-18 16:00,ord-000190,sell,76118.76,1776528933424,0,0,0,,,,0,cancelled
2026-04-18 16:00,ord-000191,buy,76121.40,1776528938424,0,0,0,,,,0,cancelled
2026-04-18 16:00,ord-000192,sell,76125.41,1776528938424,0,0,0,,,,0,cancelled
2026-04-18 16:00,ord-000193,buy,76119.62,1776528943424,0,0,0,,,,0,cancelled
2026-04-18 16:00,ord-000194,sell,76123.63,1776528943424,0,0,0,,,,0,cancelled
2026-04-18 16:00,ord-000195,buy,76111.34,1776528948424,0,0,0,,,,0,cancelled
2026-04-18 16:00,ord-000196,sell,76115.35,1776528948424,0,0,0,,,,0,cancelled
2026-04-18 16:00,ord-000197,buy,76117.85,1776528959124,0,0,0,,,,0,cancelled
2026-04-18 16:00,ord-000198,sell,76121.86,1776528959124,0,0,0,,,,0,cancelled
2026-04-18 16:00,ord-000199,buy,76125.03,1776528971824,0,0,0,,,,0,cancelled
2026-04-18 16:00,ord-000200,sell,76129.04,1776528971824,0,0,0,,,,0,cancelled
2026-04-18 16:00,ord-000201,buy,76125.06,1776528976824,0,0,0,,,,0,cancelled
2026-04-18 16:00,ord-000202,sell,76129.07,1776528976824,0,0,0,,,,0,cancelled
2026-04-18 16:00,ord-000203,buy,76132.12,1776528989624,0,0,0,,,,0,cancelled
2026-04-18 16:00,ord-000204,sell,76136.13,1776528989624,0,0,0,,,,0,cancelled
2026-04-18 16:00,ord-000205,buy,76094.52,1776529003371,0,0,0,,,,0,cancelled
2026-04-18 16:00,ord-000206,sell,76098.53,1776529003371,0,0,0,,,,0,cancelled
2026-04-18 16:00,ord-000207,buy,76060.76,1776529008424,0,0,0,,,,0,cancelled
2026-04-18 16:00,ord-000208,sell,76064.77,1776529008424,0,0,0,,,,0,cancelled
2026-04-18 16:00,ord-000209,buy,76068.61,1776529013424,0,0,0,,,,0,cancelled
2026-04-18 16:00,ord-000210,sell,76072.62,1776529013424,0,0,0,,,,0,cancelled
2026-04-18 16:00,ord-000211,buy,76060.77,1776529018424,0,0,0,,,,0,cancelled
2026-04-18 16:00,ord-000212,sell,76064.78,1776529018424,0.08007000,0,0,,,,0,cancelled
2026-04-18 16:00,ord-000213,buy,76068.29,1776529023424,0,0,0,,,,0,cancelled
2026-04-18 16:00,ord-000214,sell,76072.30,1776529023424,0,0,0,,,,0,cancelled
2026-04-18 16:00,ord-000215,buy,75986.46,1776529030287,0,0,0,,,,0,cancelled
2026-04-18 16:00,ord-000216,sell,75990.47,1776529030287,0,0,0,,,,0,cancelled
2026-04-18 16:00,ord-000217,buy,75920.47,1776529035324,0.19492000,0,0,,,,0,cancelled
2026-04-18 16:00,ord-000218,sell,75924.48,1776529035324,0,0,0,,,,0,cancelled
2026-04-18 16:00,ord-000219,buy,75928.20,1776529040324,0,0,0,,,,0,cancelled
2026-04-18 16:00,ord-000220,sell,75932.21,1776529040324,0,0,0,,,,0,cancelled
2026-04-18 16:00,ord-000221,buy,75941.32,1776529045324,0,0,0,,,,0,cancelled
2026-04-18 16:00,ord-000222,sell,75945.33,1776529045324,0,0,0,,,,0,cancelled
2026-04-18 16:00,ord-000223,buy,75941.97,1776529051324,0,0,0,,,,0,cancelled
2026-04-18 16:00,ord-000224,sell,75945.98,1776529051324,0.00007000,0.00007000,0,1776529051475,0.00007000,0.00000000,0.00007000,cancelled
2026-04-18 16:00,ord-000225,buy,75885.98,1776529056324,0,0,0,,,,0,cancelled
2026-04-18 16:00,ord-000226,sell,75889.99,1776529056324,0,0,0,,,,0,cancelled
2026-04-18 16:00,ord-000227,buy,75892.43,1776529061324,0,0,0,,,,0,cancelled
2026-04-18 16:00,ord-000228,sell,75896.44,1776529061324,0,0,0,,,,0,cancelled
2026-04-18 16:00,ord-000229,buy,75909.75,1776529066324,0,0,0,,,,0,cancelled
2026-04-18 16:00,ord-000230,sell,75913.76,1776529066324,0,0,0,,,,0,cancelled
2026-04-18 16:00,ord-000231,buy,75932.50,1776529071324,0,0,0,,,,0,cancelled
2026-04-18 16:00,ord-000232,sell,75936.51,1776529071324,0,0,0,,,,0,cancelled
2026-04-18 16:00,ord-000233,buy,75855.56,1776529076324,0.01548000,0,0,,,,0,cancelled
2026-04-18 16:00,ord-000234,sell,75859.57,1776529076324,0,0,0,,,,0,cancelled
2026-04-18 16:00,ord-000235,buy,75855.55,1776529081324,0,0,0,,,,0,cancelled
2026-04-18 16:00,ord-000236,sell,75859.56,1776529081324,0,0,0,,,,0,cancelled
2026-04-18 16:00,ord-000237,buy,75848.00,1776529086324,0.00120000,0.00120000,0,,,,0,cancelled
2026-04-18 16:00,ord-000238,sell,75852.01,1776529086324,0,0,0,,,,0,cancelled
2026-04-18 16:00,ord-000239,buy,75749.19,1776529093082,0,0,0,,,,0,cancelled
2026-04-18 16:00,ord-000240,sell,75753.20,1776529093082,0,0,0,,,,0,cancelled
2026-04-18 16:00,ord-000241,buy,75785.74,1776529098124,0,0,0,,,,0,cancelled
2026-04-18 16:00,ord-000242,sell,75789.75,1776529098124,0,0,0,,,,0,cancelled
2026-04-18 16:00,ord-000243,buy,75831.99,1776529103124,0.07932000,0,0,,,,0,cancelled
2026-04-18 16:00,ord-000244,sell,75836.00,1776529103124,0.00120000,0.00120000,0,,,,0,cancelled
2026-04-18 16:00,ord-000245,buy,75830.90,1776529108124,0.00007000,0,0,,,,0,cancelled
2026-04-18 16:00,ord-000246,sell,75834.91,1776529108124,0,0,0,,,,0,cancelled
2026-04-18 16:00,ord-000247,buy,75849.71,1776529113124,0,0,0,,,,0,cancelled
2026-04-18 16:00,ord-000248,sell,75853.72,1776529113124,0,0,0,,,,0,cancelled
2026-04-18 16:00,ord-000249,buy,75820.22,1776529118124,0,0,0,,,,0,cancelled
2026-04-18 16:00,ord-000250,sell,75824.23,1776529118124,0,0,0,,,,0,cancelled
2026-04-18 16:00,ord-000251,buy,75798.97,1776529123124,0,0,0,,,,0,cancelled
2026-04-18 16:00,ord-000252,sell,75802.98,1776529123124,0,0,0,,,,0,cancelled
2026-04-18 16:00,ord-000253,buy,75814.15,1776529128124,0,0,0,,,,0,cancelled
2026-04-18 16:00,ord-000254,sell,75818.16,1776529128124,0,0,0,,,,0,cancelled
2026-04-18 16:00,ord-000255,buy,75828.44,1776529133124,0,0,0,,,,0,cancelled
2026-04-18 16:00,ord-000256,sell,75832.45,1776529133124,0,0,0,,,,0,cancelled
2026-04-18 16:00,ord-000257,buy,75841.04,1776529138124,0,0,0,,,,0,cancelled
2026-04-18 16:00,ord-000258,sell,75845.05,1776529138124,0,0,0,,,,0,cancelled
2026-04-18 16:00,ord-000259,buy,75836.05,1776529147424,0,0,0,,,,0,cancelled
2026-04-18 16:00,ord-000260,sell,75840.06,1776529147424,0,0,0,,,,0,cancelled
2026-04-18 16:00,ord-000261,buy,75842.80,1776529152424,0,0,0,,,,0,cancelled
2026-04-18 16:00,ord-000262,sell,75846.81,1776529152424,0,0,0,,,,0,cancelled
2026-04-18 16:00,ord-000263,buy,75885.99,1776529157424,0,0,0,,,,0,cancelled
2026-04-18 16:00,ord-000264,sell,75890.00,1776529157424,0.00170000,0,0,,,,0,cancelled
2026-04-18 16:00,ord-000265,buy,75887.99,1776529163424,0.49685000,0,0,,,,0,cancelled
2026-04-18 16:00,ord-000266,sell,75892.00,1776529163424,0.00120000,0.00120000,0,,,,0,cancelled
2026-04-18 16:00,ord-000267,buy,75964.69,1776529168424,0,0,0,,,,0,cancelled
2026-04-18 16:00,ord-000268,sell,75968.70,1776529168424,0,0,0,,,,0,cancelled
2026-04-18 16:00,ord-000269,buy,75979.93,1776529173424,0,0,0,,,,0,cancelled
2026-04-18 16:00,ord-000270,sell,75983.94,1776529173424,0,0,0,,,,0,cancelled
2026-04-18 16:00,ord-000271,buy,75979.97,1776529178424,0,0,0,,,,0,cancelled
2026-04-18 16:00,ord-000272,sell,75983.98,1776529178424,0,0,0,,,,0,cancelled
2026-04-18 16:00,ord-000273,buy,75992.58,1776529183424,0,0,0,,,,0,cancelled
2026-04-18 16:00,ord-000274,sell,75996.59,1776529183424,0,0,0,,,,0,cancelled
2026-04-18 16:00,ord-000275,buy,75977.51,1776529188424,0,0,0,,,,0,cancelled
2026-04-18 16:00,ord-000276,sell,75981.52,1776529188424,0,0,0,,,,0,cancelled
2026-04-18 16:00,ord-000277,buy,75974.37,1776529201624,0,0,0,,,,0,cancelled
2026-04-18 16:00,ord-000278,sell,75978.38,1776529201624,0,0,0,,,,0,cancelled
2026-04-18 16:00,ord-000279,buy,75951.21,1776529206624,0,0,0,,,,0,cancelled
2026-04-18 16:00,ord-000280,sell,75955.22,1776529206624,0,0,0,,,,0,cancelled
2026-04-18 16:00,ord-000281,buy,75941.75,1776529211624,0,0,0,,,,0,cancelled
2026-04-18 16:00,ord-000282,sell,75945.76,1776529211624,0,0,0,,,,0,cancelled
2026-04-18 16:00,ord-000283,buy,75932.00,1776529216624,0.04865000,0.00014000,0,,,,0,cancelled
2026-04-18 16:00,ord-000284,sell,75936.01,1776529216624,0.00007000,0,0,,,,0,cancelled
2026-04-18 16:00,ord-000285,buy,75923.04,1776529221624,0,0,0,,,,0,cancelled
2026-04-18 16:00,ord-000286,sell,75927.05,1776529221624,0,0,0,,,,0,cancelled
2026-04-18 16:00,ord-000287,buy,75931.26,1776529226624,0,0,0,,,,0,cancelled
2026-04-18 16:00,ord-000288,sell,75935.27,1776529226624,0,0,0,,,,0,cancelled
2026-04-18 16:00,ord-000289,buy,75926.64,1776529235224,0,0,0,,,,0,cancelled
2026-04-18 16:00,ord-000290,sell,75930.65,1776529235224,0,0,0,,,,0,cancelled
2026-04-18 16:00,ord-000291,buy,75911.00,1776529240224,0,0,0,,,,0,cancelled
2026-04-18 16:00,ord-000292,sell,75915.01,1776529240224,0,0,0,,,,0,cancelled
2026-04-18 16:00,ord-000293,buy,75911.80,1776529246124,0,0,0,,,,0,cancelled
2026-04-18 16:00,ord-000294,sell,75915.81,1776529246124,0,0,0,,,,0,cancelled
2026-04-18 16:00,ord-000295,buy,75992.61,1776529251124,0,0,0,,,,0,cancelled
2026-04-18 16:00,ord-000296,sell,75996.62,1776529251124,0,0,0,,,,0,cancelled
2026-04-18 16:00,ord-000297,buy,76020.79,1776529256124,0,0,0,,,,0,cancelled
2026-04-18 16:00,ord-000298,sell,76024.80,1776529256124,0,0,0,,,,0,cancelled
2026-04-18 16:00,ord-000299,buy,76030.01,1776529261124,0,0,0,,,,0,cancelled
2026-04-18 16:00,ord-000300,sell,76034.02,1776529261124,0,0,0,,,,0,cancelled
2026-04-18 16:00,ord-000301,buy,75992.61,1776529266124,0,0,0,,,,0,cancelled
2026-04-18 16:00,ord-000302,sell,75996.62,1776529266124,0,0,0,,,,0,cancelled
2026-04-18 16:00,ord-000303,buy,76005.57,1776529271124,0,0,0,,,,0,cancelled
2026-04-18 16:00,ord-000304,sell,76009.58,1776529271124,0,0,0,,,,0,cancelled
2026-04-18 16:00,ord-000305,buy,76107.61,1776529276126,0,0,0,,,,0,cancelled
2026-04-18 16:00,ord-000306,sell,76111.62,1776529276126,0,0,0,,,,0,cancelled
2026-04-18 16:00,ord-000307,buy,76091.30,1776529281224,0,0,0,,,,0,cancelled
2026-04-18 16:00,ord-000308,sell,76095.31,1776529281224,0,0,0,,,,0,cancelled
2026-04-18 16:00,ord-000309,buy,76087.19,1776529286225,0,0,0,,,,0,cancelled
2026-04-18 16:00,ord-000310,sell,76091.20,1776529286225,0,0,0,,,,0,cancelled
2026-04-18 16:00,ord-000311,buy,76066.00,1776529291324,0.00252000,0.00252000,0,,,,0,cancelled
2026-04-18 16:00,ord-000312,sell,76070.01,1776529291324,0,0,0,,,,0,cancelled
2026-04-18 16:00,ord-000313,buy,76071.60,1776529296324,0,0,0,,,,0,cancelled
2026-04-18 16:00,ord-000314,sell,76075.61,1776529296324,0,0,0,,,,0,cancelled
2026-04-18 16:00,ord-000315,buy,76076.86,1776529301324,0,0,0,,,,0,cancelled
2026-04-18 16:00,ord-000316,sell,76080.87,1776529301324,0,0,0,,,,0,cancelled
2026-04-18 16:00,ord-000317,buy,76089.08,1776529306324,0,0,0,,,,0,cancelled
2026-04-18 16:00,ord-000318,sell,76093.09,1776529306324,0,0,0,,,,0,cancelled
2026-04-18 16:00,ord-000319,buy,76096.69,1776529311324,0,0,0,,,,0,cancelled
2026-04-18 16:00,ord-000320,sell,76100.70,1776529311324,0,0,0,,,,0,cancelled
2026-04-18 16:00,ord-000321,buy,76094.54,1776529316324,0,0,0,,,,0,cancelled
2026-04-18 16:00,ord-000322,sell,76098.55,1776529316324,0,0,0,,,,0,cancelled
2026-04-18 16:00,ord-000323,buy,76074.03,1776529321324,0,0,0,,,,0,cancelled
2026-04-18 16:00,ord-000324,sell,76078.04,1776529321324,0,0,0,,,,0,cancelled
2026-04-18 16:00,ord-000325,buy,76089.99,1776529326324,0,0,0,,,,0,cancelled
2026-04-18 16:00,ord-000326,sell,76094.00,1776529326324,0.00120000,0,0,,,,0,cancelled
2026-04-18 16:00,ord-000327,buy,76074.08,1776529331324,0,0,0,,,,0,cancelled
2026-04-18 16:00,ord-000328,sell,76078.09,1776529331324,0,0,0,,,,0,cancelled
2026-04-18 16:00,ord-000329,buy,76066.47,1776529336324,0,0,0,,,,0,cancelled
2026-04-18 16:00,ord-000330,sell,76070.48,1776529336324,0,0,0,,,,0,cancelled
2026-04-18 16:00,ord-000331,buy,76072.82,1776529341324,0,0,0,,,,0,cancelled
2026-04-18 16:00,ord-000332,sell,76076.83,1776529341324,0,0,0,,,,0,cancelled
2026-04-18 16:00,ord-000333,buy,76080.43,1776529348624,0,0,0,,,,0,cancelled
2026-04-18 16:00,ord-000334,sell,76084.44,1776529348624,0,0,0,,,,0,cancelled
2026-04-18 16:00,ord-000335,buy,76084.82,1776529366824,0,0,0,,,,0,cancelled
2026-04-18 16:00,ord-000336,sell,76088.83,1776529366824,0,0,0,,,,0,cancelled
2026-04-18 16:00,ord-000337,buy,76078.05,1776529378524,0,0,0,,,,0,cancelled
2026-04-18 16:00,ord-000338,sell,76082.06,1776529378524,0,0,0,,,,0,cancelled
2026-04-18 16:00,ord-000339,buy,76084.81,1776529383524,0,0,0,,,,0,cancelled
2026-04-18 16:00,ord-000340,sell,76088.82,1776529383524,0,0,0,,,,0,cancelled
2026-04-18 16:00,ord-000341,buy,76096.17,1776529388524,0,0,0,,,,0,cancelled
2026-04-18 16:00,ord-000342,sell,76100.18,1776529388524,0,0,0,,,,0,cancelled
2026-04-18 16:00,ord-000343,buy,76095.24,1776529408826,0,0,0,,,,0,cancelled
2026-04-18 16:00,ord-000344,sell,76099.25,1776529408826,0,0,0,,,,0,cancelled
2026-04-18 16:00,ord-000345,buy,76072.82,1776529413924,0,0,0,,,,0,cancelled
2026-04-18 16:00,ord-000346,sell,76076.83,1776529413924,0,0,0,,,,0,cancelled
2026-04-18 16:00,ord-000347,buy,76088.04,1776529418924,0,0,0,,,,0,cancelled
2026-04-18 16:00,ord-000348,sell,76092.05,1776529418924,0,0,0,,,,0,cancelled
2026-04-18 16:00,ord-000349,buy,76093.99,1776529423924,0,0,0,,,,0,cancelled
2026-04-18 16:00,ord-000350,sell,76098.00,1776529423924,0.00120000,0,0,,,,0,cancelled
2026-04-18 16:00,ord-000351,buy,76089.39,1776529428924,0,0,0,,,,0,cancelled
2026-04-18 16:00,ord-000352,sell,76093.40,1776529428924,0,0,0,,,,0,cancelled
2026-04-18 16:00,ord-000353,buy,76067.05,1776529433924,0,0,0,,,,0,cancelled
2026-04-18 16:00,ord-000354,sell,76071.06,1776529433924,0,0,0,,,,0,cancelled
2026-04-18 16:00,ord-000355,buy,76062.56,1776529438924,0,0,0,,,,0,cancelled
2026-04-18 16:00,ord-000356,sell,76066.57,1776529438924,0,0,0,,,,0,cancelled
2026-04-18 16:00,ord-000357,buy,76054.56,1776529443924,0,0,0,,,,0,cancelled
2026-04-18 16:00,ord-000358,sell,76058.57,1776529443924,0,0,0,,,,0,cancelled
2026-04-18 16:00,ord-000359,buy,76052.20,1776529451124,0,0,0,,,,0,cancelled
2026-04-18 16:00,ord-000360,sell,76056.21,1776529451124,0,0,0,,,,0,cancelled
2026-04-18 16:00,ord-000361,buy,76048.28,1776529469224,0,0,0,,,,0,cancelled
2026-04-18 16:00,ord-000362,sell,76052.29,1776529469224,0,0,0,,,,0,cancelled
2026-04-18 16:00,ord-000363,buy,76042.57,1776529474224,0,0,0,,,,0,cancelled
2026-04-18 16:00,ord-000364,sell,76046.58,1776529474224,0,0,0,,,,0,cancelled
2026-04-18 16:00,ord-000365,buy,76042.00,1776529482725,0.00120000,0.00120000,0,1776529482804,0.00120000,0.00000000,0.00098000,cancelled
2026-04-18 16:00,ord-000366,sell,76046.01,1776529482725,0,0,0,,,,0,cancelled
2026-04-18 16:00,ord-000367,buy,76039.16,1776529487824,0,0,0,,,,0,cancelled
2026-04-18 16:00,ord-000368,sell,76043.17,1776529487824,0,0,0,,,,0,cancelled
2026-04-18 16:00,ord-000369,buy,76039.15,1776529503624,0,0,0,,,,0,cancelled
2026-04-18 16:00,ord-000370,sell,76043.16,1776529503624,0,0,0,,,,0,cancelled
2026-04-18 16:00,ord-000371,buy,76022.00,1776529508624,0.00120000,0,0,,,,0,cancelled
2026-04-18 16:00,ord-000372,sell,76026.01,1776529508624,0,0,0,,,,0,cancelled
2026-04-18 16:00,ord-000373,buy,76027.06,1776529517824,0,0,0,,,,0,cancelled
2026-04-18 16:00,ord-000374,sell,76031.07,1776529517824,0,0,0,,,,0,cancelled
2026-04-18 16:00,ord-000375,buy,76028.44,1776529546224,0,0,0,,,,0,cancelled
2026-04-18 16:00,ord-000376,sell,76032.45,1776529546224,0,0,0,,,,0,cancelled
2026-04-18 16:00,ord-000377,buy,76028.89,1776529556024,0,0,0,,,,0,cancelled
2026-04-18 16:00,ord-000378,sell,76032.90,1776529556024,0,0,0,,,,0,cancelled
2026-04-18 16:00,ord-000379,buy,76049.37,1776529561024,0,0,0,,,,0,cancelled
2026-04-18 16:00,ord-000380,sell,76053.38,1776529561024,0,0,0,,,,0,cancelled
2026-04-18 16:00,ord-000381,buy,76070.87,1776529566024,0,0,0,,,,0,cancelled
2026-04-18 16:00,ord-000382,sell,76074.88,1776529566024,0,0,0,,,,0,cancelled
2026-04-18 16:00,ord-000383,buy,76073.99,1776529573824,0,0,0,,,,0,cancelled
2026-04-18 16:00,ord-000384,sell,76078.00,1776529573824,0.00120000,0.00120000,0,1776529576771,0.00104000,0.00000000,0.001,filled
2026-04-18 16:00,ord-000385,buy,76081.69,1776529576824,0,0,0,,,,0,cancelled
2026-04-18 16:00,ord-000386,sell,76085.70,1776529576824,0,0,0,,,,0,cancelled
2026-04-18 16:00,ord-000387,buy,76095.75,1776529581824,0,0,0,,,,0,cancelled
2026-04-18 16:00,ord-000388,sell,76099.76,1776529581824,0,0,0,,,,0,cancelled
2026-04-18 16:00,ord-000389,buy,76096.77,1776529607024,0,0,0,,,,0,cancelled
2026-04-18 16:00,ord-000390,sell,76100.78,1776529607024,0,0,0,,,,0,cancelled
2026-04-18 16:00,ord-000391,buy,76101.99,1776529612024,0,0,0,,,,0,cancelled
2026-04-18 16:00,ord-000392,sell,76106.00,1776529612024,0.00120000,0.00120000,0,,,,0,cancelled
2026-04-18 16:00,ord-000393,buy,76107.61,1776529617024,0,0,0,,,,0,cancelled
2026-04-18 16:00,ord-000394,sell,76111.62,1776529617024,0,0,0,,,,0,cancelled
2026-04-18 16:00,ord-000395,buy,76108.39,1776529622024,0,0,0,,,,0,cancelled
2026-04-18 16:00,ord-000396,sell,76112.40,1776529622024,0.00008000,0.00008000,0,,,,0,cancelled
2026-04-18 16:00,ord-000397,buy,76117.34,1776529627024,0,0,0,,,,0,cancelled
2026-04-18 16:00,ord-000398,sell,76121.35,1776529627024,0,0,0,,,,0,cancelled
2026-04-18 16:00,ord-000399,buy,76122.99,1776529632024,0,0,0,,,,0,cancelled
2026-04-18 16:00,ord-000400,sell,76127.00,1776529632024,0,0,0,,,,0,cancelled
2026-04-18 16:00,ord-000401,buy,76108.40,1776529637024,0,0,0,,,,0,cancelled
2026-04-18 16:00,ord-000402,sell,76112.41,1776529637024,0.00007000,0,0,,,,0,cancelled
2026-04-18 16:00,ord-000403,buy,76103.86,1776529643224,0,0,0,,,,0,cancelled
2026-04-18 16:00,ord-000404,sell,76107.87,1776529643224,0,0,0,,,,0,cancelled
2026-04-18 16:00,ord-000405,buy,76102.92,1776529648224,0,0,0,,,,0,cancelled
2026-04-18 16:00,ord-000406,sell,76106.93,1776529648224,0,0,0,,,,0,cancelled
2026-04-18 16:00,ord-000407,buy,76098.86,1776529664224,0,0,0,,,,0,cancelled
2026-04-18 16:00,ord-000408,sell,76102.87,1776529664224,0,0,0,,,,0,cancelled
2026-04-18 16:00,ord-000409,buy,76109.19,1776529674624,0,0,0,,,,0,cancelled
2026-04-18 16:00,ord-000410,sell,76113.20,1776529674624,0,0,0,,,,0,cancelled
2026-04-18 16:00,ord-000411,buy,76105.55,1776529688724,0,0,0,,,,0,cancelled
2026-04-18 16:00,ord-000412,sell,76109.56,1776529688724,0,0,0,,,,0,cancelled
2026-04-18 16:00,ord-000413,buy,76103.41,1776529693724,0,0,0,,,,0,cancelled
2026-04-18 16:00,ord-000414,sell,76107.42,1776529693724,0,0,0,,,,0,cancelled
2026-04-18 16:00,ord-000415,buy,76109.19,1776529698924,0,0,0,,,,0,cancelled
2026-04-18 16:00,ord-000416,sell,76113.20,1776529698924,0,0,0,,,,0,cancelled
2026-04-18 16:00,ord-000417,buy,76109.20,1776529703925,0,0,0,,,,0,cancelled
2026-04-18 16:00,ord-000418,sell,76113.21,1776529703925,0,0,0,,,,0,cancelled
2026-04-18 16:00,ord-000419,buy,76108.02,1776529709024,0,0,0,,,,0,cancelled
2026-04-18 16:00,ord-000420,sell,76112.03,1776529709024,0,0,0,,,,0,cancelled
2026-04-18 16:00,ord-000421,buy,76111.40,1776529721224,0,0,0,,,,0,cancelled
2026-04-18 16:00,ord-000422,sell,76115.41,1776529721224,0,0,0,,,,0,cancelled
2026-04-18 16:00,ord-000423,buy,76115.15,1776529726224,0,0,0,,,,0,cancelled
2026-04-18 16:00,ord-000424,sell,76119.16,1776529726224,0,0,0,,,,0,cancelled
2026-04-18 16:00,ord-000425,buy,76111.40,1776529741424,0,0,0,,,,0,cancelled
2026-04-18 16:00,ord-000426,sell,76115.41,1776529741424,0.00300000,0,0,,,,0,cancelled
2026-04-18 16:00,ord-000427,buy,76109.11,1776529746424,0,0,0,,,,0,cancelled
2026-04-18 16:00,ord-000428,sell,76113.12,1776529746424,0,0,0,,,,0,cancelled
2026-04-18 16:00,ord-000429,buy,76102.88,1776529757324,0,0,0,,,,0,cancelled
2026-04-18 16:00,ord-000430,sell,76106.89,1776529757324,0,0,0,,,,0,cancelled
2026-04-18 16:00,ord-000431,buy,76092.05,1776529762324,0,0,0,,,,0,cancelled
2026-04-18 16:00,ord-000432,sell,76096.06,1776529762324,0,0,0,,,,0,cancelled
2026-04-18 16:00,ord-000433,buy,76080.66,1776529789031,0,0,0,,,,0,cancelled
2026-04-18 16:00,ord-000434,sell,76084.67,1776529789031,0,0,0,,,,0,cancelled
2026-04-18 16:00,ord-000435,buy,76086.88,1776529800824,0,0,0,,,,0,cancelled
2026-04-18 16:00,ord-000436,sell,76090.89,1776529800824,0,0,0,,,,0,cancelled
2026-04-18 16:00,ord-000437,buy,76104.59,1776529805824,0,0,0,,,,0,cancelled
2026-04-18 16:00,ord-000438,sell,76108.60,1776529805824,0,0,0,,,,0,cancelled
2026-04-18 16:00,ord-000439,buy,76107.61,1776529830824,0,0,0,,,,0,cancelled
2026-04-18 16:00,ord-000440,sell,76111.62,1776529830824,0,0,0,,,,0,cancelled
2026-04-18 16:00,ord-000441,buy,76121.02,1776529835824,0,0,0,,,,0,cancelled
2026-04-18 16:00,ord-000442,sell,76125.03,1776529835824,0,0,0,,,,0,cancelled
2026-04-18 16:00,ord-000443,buy,76122.99,1776529844624,0,0,0,,,,0,cancelled
2026-04-18 16:00,ord-000444,sell,76127.00,1776529844624,0,0,0,,,,0,cancelled
2026-04-18 16:00,ord-000445,buy,76123.59,1776529849624,0,0,0,,,,0,cancelled
2026-04-18 16:00,ord-000446,sell,76127.60,1776529849624,0,0,0,,,,0,cancelled
2026-04-18 16:00,ord-000447,buy,76123.99,1776529854624,0,0,0,,,,0,cancelled
2026-04-18 16:00,ord-000448,sell,76128.00,1776529854624,0.00120000,0,0,,,,0,cancelled
2026-04-18 16:00,ord-000449,buy,76122.68,1776529873527,0,0,0,,,,0,cancelled
2026-04-18 16:00,ord-000450,sell,76126.69,1776529873527,0,0,0,,,,0,cancelled
2026-04-18 16:00,ord-000451,buy,76112.85,1776529878624,0,0,0,,,,0,cancelled
2026-04-18 16:00,ord-000452,sell,76116.86,1776529878624,0,0,0,,,,0,cancelled
2026-04-18 16:00,ord-000453,buy,76099.44,1776529883624,0,0,0,,,,0,cancelled
2026-04-18 16:00,ord-000454,sell,76103.45,1776529883624,0,0,0,,,,0,cancelled
2026-04-18 16:00,ord-000455,buy,76090.54,1776529898257,0,0,0,,,,0,cancelled
2026-04-18 16:00,ord-000456,sell,76094.55,1776529898257,0,0,0,,,,0,cancelled
2026-04-18 16:00,ord-000457,buy,76080.66,1776529903324,0,0,0,,,,0,cancelled
2026-04-18 16:00,ord-000458,sell,76084.67,1776529903324,0,0,0,,,,0,cancelled
2026-04-18 16:00,ord-000459,buy,76060.67,1776529908324,0,0,0,,,,0,cancelled
2026-04-18 16:00,ord-000460,sell,76064.68,1776529908324,0,0,0,,,,0,cancelled
2026-04-18 16:00,ord-000461,buy,76052.20,1776529913324,0,0,0,,,,0,cancelled
2026-04-18 16:00,ord-000462,sell,76056.21,1776529913324,0,0,0,,,,0,cancelled
2026-04-18 16:00,ord-000463,buy,76050.00,1776529978424,0.00133000,0.00133000,0,,,,0,cancelled
2026-04-18 16:00,ord-000464,sell,76054.01,1776529978424,0.12392000,0,0,,,,0,cancelled
2026-04-18 16:00,ord-000465,buy,76032.06,1776529983424,0,0,0,,,,0,cancelled
2026-04-18 16:00,ord-000466,sell,76036.07,1776529983424,0,0,0,,,,0,cancelled
2026-04-18 16:00,ord-000467,buy,76029.32,1776529988424,0,0,0,,,,0,cancelled
2026-04-18 16:00,ord-000468,sell,76033.33,1776529988424,0,0,0,,,,0,cancelled
2026-04-18 16:00,ord-000469,buy,76020.00,1776529993424,0.00120000,0,0,,,,0,cancelled
2026-04-18 16:00,ord-000470,sell,76024.01,1776529993424,0,0,0,,,,0,cancelled
2026-04-18 16:00,ord-000471,buy,76019.65,1776529998424,0,0,0,,,,0,cancelled
2026-04-18 16:00,ord-000472,sell,76023.66,1776529998424,0,0,0,,,,0,cancelled
2026-04-18 16:00,ord-000473,buy,76016.52,1776530003924,0,0,0,,,,0,cancelled
2026-04-18 16:00,ord-000474,sell,76020.53,1776530003924,0,0,0,,,,0,cancelled
2026-04-18 16:00,ord-000475,buy,76000.93,1776530008924,0,0,0,,,,0,cancelled
2026-04-18 16:00,ord-000476,sell,76004.94,1776530008924,0,0,0,,,,0,cancelled
2026-04-18 16:00,ord-000477,buy,75994.82,1776530013924,0,0,0,,,,0,cancelled
2026-04-18 16:00,ord-000478,sell,75998.83,1776530013924,0,0,0,,,,0,cancelled
2026-04-18 16:00,ord-000479,buy,75997.99,1776530019624,0,0,0,,,,0,cancelled
2026-04-18 16:00,ord-000480,sell,76002.00,1776530019624,0.00120000,0.00120000,0,,,,0,cancelled
2026-04-18 16:00,ord-000481,buy,76003.62,1776530024624,0,0,0,,,,0,cancelled
2026-04-18 16:00,ord-000482,sell,76007.63,1776530024624,0,0,0,,,,0,cancelled
2026-04-18 16:00,ord-000483,buy,75994.48,1776530029624,0,0,0,,,,0,cancelled
2026-04-18 16:00,ord-000484,sell,75998.49,1776530029624,0,0,0,,,,0,cancelled
2026-04-18 16:00,ord-000485,buy,76000.09,1776530047824,0,0,0,,,,0,cancelled
2026-04-18 16:00,ord-000486,sell,76004.10,1776530047824,0,0,0,,,,0,cancelled
2026-04-18 16:00,ord-000487,buy,76019.44,1776530052824,0,0,0,,,,0,cancelled
2026-04-18 16:00,ord-000488,sell,76023.45,1776530052824,0,0,0,,,,0,cancelled
2026-04-18 16:00,ord-000489,buy,76019.99,1776530057824,0,0,0,,,,0,cancelled
2026-04-18 16:00,ord-000490,sell,76024.00,1776530057824,0.00120000,0.00120000,0,,,,0,cancelled
2026-04-18 16:00,ord-000491,buy,76025.83,1776530062824,0,0,0,,,,0,cancelled
2026-04-18 16:00,ord-000492,sell,76029.84,1776530062824,0,0,0,,,,0,cancelled
2026-04-18 16:00,ord-000493,buy,76021.93,1776530067824,0,0,0,,,,0,cancelled
2026-04-18 16:00,ord-000494,sell,76025.94,1776530067824,0,0,0,,,,0,cancelled
2026-04-18 16:00,ord-000495,buy,76021.04,1776530072824,0,0,0,,,,0,cancelled
2026-04-18 16:00,ord-000496,sell,76025.05,1776530072824,0,0,0,,,,0,cancelled
2026-04-18 16:00,ord-000497,buy,76016.52,1776530077824,0,0,0,,,,0,cancelled
2026-04-18 16:00,ord-000498,sell,76020.53,1776530077824,0,0,0,,,,0,cancelled
2026-04-18 16:00,ord-000499,buy,76021.03,1776530086624,0,0,0,,,,0,cancelled
2026-04-18 16:00,ord-000500,sell,76025.04,1776530086624,0,0,0,,,,0,cancelled
2026-04-18 16:00,ord-000501,buy,76039.13,1776530091625,0,0,0,,,,0,cancelled
2026-04-18 16:00,ord-000502,sell,76043.14,1776530091625,0,0,0,,,,0,cancelled
2026-04-18 16:00,ord-000503,buy,76040.35,1776530101524,0,0,0,,,,0,cancelled
2026-04-18 16:00,ord-000504,sell,76044.36,1776530101524,0,0,0,,,,0,cancelled
2026-04-18 16:00,ord-000505,buy,76057.99,1776530106524,0,0,0,,,,0,cancelled
2026-04-18 16:00,ord-000506,sell,76062.00,1776530106524,0.00120000,0,0,,,,0,cancelled
2026-04-18 16:00,ord-000507,buy,76059.99,1776530118124,0.21765000,0,0,,,,0,cancelled
2026-04-18 16:00,ord-000508,sell,76064.00,1776530118124,0.00120000,0.00120000,0,,,,0,cancelled
2026-04-18 16:00,ord-000509,buy,76075.81,1776530123124,0,0,0,,,,0,cancelled
2026-04-18 16:00,ord-000510,sell,76079.82,1776530123124,0,0,0,,,,0,cancelled
2026-04-18 16:00,ord-000511,buy,76075.82,1776530138424,0,0,0,,,,0,cancelled
2026-04-18 16:00,ord-000512,sell,76079.83,1776530138424,0,0,0,,,,0,cancelled
2026-04-18 16:00,ord-000513,buy,76079.94,1776530143424,0,0,0,,,,0,cancelled
2026-04-18 16:00,ord-000514,sell,76083.95,1776530143424,0,0,0,,,,0,cancelled
2026-04-18 16:00,ord-000515,buy,76081.93,1776530149224,0.00010000,0,0,,,,0,cancelled
2026-04-18 16:00,ord-000516,sell,76085.94,1776530149224,0,0,0,,,,0,cancelled
2026-04-18 16:00,ord-000517,buy,76093.31,1776530154224,0,0,0,,,,0,cancelled
2026-04-18 16:00,ord-000518,sell,76097.32,1776530154224,0,0,0,,,,0,cancelled
2026-04-18 16:00,ord-000519,buy,76086.74,1776530159224,0,0,0,,,,0,cancelled
2026-04-18 16:00,ord-000520,sell,76090.75,1776530159224,0,0,0,,,,0,cancelled
2026-04-18 16:00,ord-000521,buy,76079.94,1776530174424,0,0,0,,,,0,cancelled
2026-04-18 16:00,ord-000522,sell,76083.95,1776530174424,0,0,0,,,,0,cancelled
2026-04-18 16:00,ord-000523,buy,76075.81,1776530199624,0,0,0,,,,0,cancelled
2026-04-18 16:00,ord-000524,sell,76079.82,1776530199624,0,0,0,,,,0,cancelled
2026-04-18 16:00,ord-000525,buy,76070.92,1776530204624,0,0,0,,,,0,cancelled
2026-04-18 16:00,ord-000526,sell,76074.93,1776530204624,0,0,0,,,,0,cancelled
2026-04-18 16:00,ord-000527,buy,76061.98,1776530209624,0,0,0,,,,0,cancelled
2026-04-18 16:00,ord-000528,sell,76065.99,1776530209624,0,0,0,,,,0,cancelled
2026-04-18 16:00,ord-000529,buy,76061.97,1776530246424,0,0,0,,,,0,cancelled
2026-04-18 16:00,ord-000530,sell,76065.98,1776530246424,0,0,0,,,,0,cancelled
2026-04-18 16:00,ord-000531,buy,76061.21,1776530251424,0,0,0,,,,0,cancelled
2026-04-18 16:00,ord-000532,sell,76065.22,1776530251424,0,0,0,,,,0,cancelled
2026-04-18 16:00,ord-000533,buy,76061.97,1776530261324,0,0,0,,,,0,cancelled
2026-04-18 16:00,ord-000534,sell,76065.98,1776530261324,0,0,0,,,,0,cancelled
2026-04-18 16:00,ord-000535,buy,76071.63,1776530266324,0,0,0,,,,0,cancelled
2026-04-18 16:00,ord-000536,sell,76075.64,1776530266324,0,0,0,,,,0,cancelled
2026-04-18 16:00,ord-000537,buy,76066.80,1776530275724,0,0,0,,,,0,cancelled
2026-04-18 16:00,ord-000538,sell,76070.81,1776530275724,0,0,0,,,,0,cancelled
2026-04-18 16:00,ord-000539,buy,76059.04,1776530280724,0,0,0,,,,0,cancelled
2026-04-18 16:00,ord-000540,sell,76063.05,1776530280724,0,0,0,,,,0,cancelled
2026-04-18 16:00,ord-000541,buy,76062.11,1776530289224,0,0,0,,,,0,cancelled
2026-04-18 16:00,ord-000542,sell,76066.12,1776530289224,0,0,0,1776530293223,0,0,0.00007000,cancelled
2026-04-18 16:00,ord-000543,buy,76066.53,1776530294224,0,0,0,,,,0,cancelled
2026-04-18 16:00,ord-000544,sell,76070.54,1776530294224,0,0,0,,,,0,cancelled
2026-04-18 16:00,ord-000545,buy,76067.99,1776530334824,0,0,0,,,,0,cancelled
2026-04-18 16:00,ord-000546,sell,76072.00,1776530334824,0.00120000,0.00120000,0,,,,0,cancelled
2026-04-18 16:00,ord-000547,buy,76079.93,1776530342124,0,0,0,,,,0,cancelled
2026-04-18 16:00,ord-000548,sell,76083.94,1776530342124,0.00192000,0,0,,,,0,cancelled
2026-04-18 16:00,ord-000549,buy,76082.46,1776530349724,0,0,0,,,,0,cancelled
2026-04-18 16:00,ord-000550,sell,76086.47,1776530349724,0,0,0,,,,0,cancelled
2026-04-18 16:00,ord-000551,buy,76090.75,1776530354724,0,0,0,,,,0,cancelled
2026-04-18 16:00,ord-000552,sell,76094.76,1776530354724,0,0,0,,,,0,cancelled
2026-04-18 16:00,ord-000553,buy,76083.53,1776530380924,0,0,0,,,,0,cancelled
2026-04-18 16:00,ord-000554,sell,76087.54,1776530380924,0,0,0,,,,0,cancelled
2026-04-18 16:00,ord-000555,buy,76068.19,1776530385924,0,0,0,,,,0,cancelled
2026-04-18 16:00,ord-000556,sell,76072.20,1776530385924,0,0,0,,,,0,cancelled
2026-04-18 16:00,ord-000557,buy,76058.00,1776530390924,0.00120000,0,0,,,,0,cancelled
2026-04-18 16:00,ord-000558,sell,76062.01,1776530390924,0,0,0,,,,0,cancelled
2026-04-18 16:00,ord-000559,buy,76057.99,1776530434724,0,0,0,1776530439135,0,0,0.001,filled
2026-04-18 16:00,ord-000560,sell,76062.00,1776530434724,0,0,0,,,,0,cancelled
2026-04-18 16:00,ord-000561,buy,76053.78,1776530439224,0,0,0,,,,0,cancelled
2026-04-18 16:00,ord-000562,sell,76057.79,1776530439224,0,0,0,,,,0,cancelled
2026-04-18 16:00,ord-000563,buy,76051.17,1776530445124,0,0,0,,,,0,cancelled
2026-04-18 16:00,ord-000564,sell,76055.18,1776530445124,0,0,0,,,,0,cancelled
2026-04-18 16:00,ord-000565,buy,76041.45,1776530450124,0,0,0,,,,0,cancelled
2026-04-18 16:00,ord-000566,sell,76045.46,1776530450124,0,0,0,,,,0,cancelled
2026-04-18 16:00,ord-000567,buy,76039.17,1776530455124,0,0,0,,,,0,cancelled
2026-04-18 16:00,ord-000568,sell,76043.18,1776530455124,0.24005000,0.00035000,0,,,,0,cancelled
2026-04-18 16:00,ord-000569,buy,76043.59,1776530509724,0,0,0,,,,0,cancelled
2026-04-18 16:00,ord-000570,sell,76047.60,1776530509724,0.00007000,0.00007000,0,,,,0,cancelled
2026-04-18 16:00,ord-000571,buy,76049.99,1776530514724,0,0,0,,,,0,cancelled
2026-04-18 16:00,ord-000572,sell,76054.00,1776530514724,0.00127000,0,0,,,,0,cancelled
2026-04-18 16:00,ord-000573,buy,76030.40,1776530521051,0,0,0,,,,0,cancelled
2026-04-18 16:00,ord-000574,sell,76034.41,1776530521051,0,0,0,,,,0,cancelled
2026-04-18 16:00,ord-000575,buy,76026.31,1776530527824,0,0,0,,,,0,cancelled
2026-04-18 16:00,ord-000576,sell,76030.32,1776530527824,0,0,0,,,,0,cancelled
2026-04-18 16:00,ord-000577,buy,76022.17,1776530553724,0,0,0,,,,0,cancelled
2026-04-18 16:00,ord-000578,sell,76026.18,1776530553724,0,0,0,,,,0,cancelled
2026-04-18 16:00,ord-000579,buy,76012.39,1776530558724,0,0,0,,,,0,cancelled
2026-04-18 16:00,ord-000580,sell,76016.40,1776530558724,0,0,0,,,,0,cancelled
2026-04-18 16:00,ord-000581,buy,76008.75,1776530605024,0,0,0,,,,0,cancelled
2026-04-18 16:00,ord-000582,sell,76012.76,1776530605024,0,0,0,,,,0,cancelled
2026-04-18 16:00,ord-000583,buy,76003.22,1776530610524,0,0,0,,,,0,cancelled
2026-04-18 16:00,ord-000584,sell,76007.23,1776530610524,0,0,0,,,,0,cancelled
2026-04-18 16:00,ord-000585,buy,75996.37,1776530615524,0,0,0,,,,0,cancelled
2026-04-18 16:00,ord-000586,sell,76000.38,1776530615524,0,0,0,,,,0,cancelled
2026-04-18 16:00,ord-000587,buy,75998.93,1776530630424,0,0,0,,,,0,cancelled
2026-04-18 16:00,ord-000588,sell,76002.94,1776530630424,0,0,0,,,,0,cancelled
2026-04-18 16:00,ord-000589,buy,76003.97,1776530641624,0,0,0,,,,0,cancelled
2026-04-18 16:00,ord-000590,sell,76007.98,1776530641624,0,0,0,,,,0,cancelled
2026-04-18 16:00,ord-000591,buy,76008.61,1776530646624,0,0,0,,,,0,cancelled
2026-04-18 16:00,ord-000592,sell,76012.62,1776530646624,0,0,0,,,,0,cancelled
2026-04-18 16:00,ord-000593,buy,76008.62,1776530659624,0,0,0,,,,0,cancelled
2026-04-18 16:00,ord-000594,sell,76012.63,1776530659624,0,0,0,,,,0,cancelled
2026-04-18 16:00,ord-000595,buy,76017.99,1776530664624,0,0,0,,,,0,cancelled
2026-04-18 16:00,ord-000596,sell,76022.00,1776530664624,0.00120000,0,0,,,,0,cancelled
2026-04-18 16:00,ord-000597,buy,76010.42,1776530669624,0,0,0,,,,0,cancelled
2026-04-18 16:00,ord-000598,sell,76014.43,1776530669624,0,0,0,,,,0,cancelled
2026-04-18 16:00,ord-000599,buy,76000.49,1776530674624,0,0,0,,,,0,cancelled
2026-04-18 16:00,ord-000600,sell,76004.50,1776530674624,0,0,0,,,,0,cancelled
2026-04-18 16:00,ord-000601,buy,75985.41,1776530679624,0,0,0,,,,0,cancelled
2026-04-18 16:00,ord-000602,sell,75989.42,1776530679624,0,0,0,,,,0,cancelled
2026-04-18 16:00,ord-000603,buy,75993.01,1776530720424,0,0,0,,,,0,cancelled
2026-04-18 16:00,ord-000604,sell,75997.02,1776530720424,0,0,0,,,,0,cancelled
2026-04-18 16:00,ord-000605,buy,76002.93,1776530725424,0,0,0,,,,0,cancelled
2026-04-18 16:00,ord-000606,sell,76006.94,1776530725424,0,0,0,,,,0,cancelled
2026-04-18 16:00,ord-000607,buy,76008.55,1776530734424,0,0,0,,,,0,cancelled
2026-04-18 16:00,ord-000608,sell,76012.56,1776530734424,0,0,0,,,,0,cancelled
2026-04-18 16:00,ord-000609,buy,76016.94,1776530744224,0,0,0,,,,0,cancelled
2026-04-18 16:00,ord-000610,sell,76020.95,1776530744224,0,0,0,,,,0,cancelled
2026-04-18 16:00,ord-000611,buy,76006.95,1776530749224,0,0,0,,,,0,cancelled
2026-04-18 16:00,ord-000612,sell,76010.96,1776530749224,0,0,0,,,,0,cancelled
2026-04-18 16:00,ord-000613,buy,76007.19,1776530766524,0,0,0,,,,0,cancelled
2026-04-18 16:00,ord-000614,sell,76011.20,1776530766524,0,0,0,,,,0,cancelled
2026-04-18 16:00,ord-000615,buy,76013.85,1776530771524,0,0,0,,,,0,cancelled
2026-04-18 16:00,ord-000616,sell,76017.86,1776530771524,0,0,0,,,,0,cancelled
2026-04-18 16:00,ord-000617,buy,76003.63,1776530776524,0,0,0,,,,0,cancelled
2026-04-18 16:00,ord-000618,sell,76007.64,1776530776524,0,0,0,,,,0,cancelled
2026-04-18 16:00,ord-000619,buy,76003.64,1776530787524,0,0,0,,,,0,cancelled
2026-04-18 16:00,ord-000620,sell,76007.65,1776530787524,0,0,0,,,,0,cancelled
2026-04-18 16:00,ord-000621,buy,75989.46,1776530803826,0,0,0,,,,0,cancelled
2026-04-18 16:00,ord-000622,sell,75993.47,1776530803826,0,0,0,,,,0,cancelled
2026-04-18 16:00,ord-000623,buy,75989.45,1776530820124,0,0,0,,,,0,cancelled
2026-04-18 16:00,ord-000624,sell,75993.46,1776530820124,0,0,0,,,,0,cancelled
2026-04-18 16:00,ord-000625,buy,75988.00,1776530826524,0.00120000,0.00120000,0,,,,0,cancelled
2026-04-18 16:00,ord-000626,sell,75992.01,1776530826524,0,0,0,,,,0,cancelled
2026-04-18 16:00,ord-000627,buy,75974.63,1776530872451,0,0,0,,,,0,cancelled
2026-04-18 16:00,ord-000628,sell,75978.64,1776530872451,0,0,0,,,,0,cancelled
2026-04-18 16:00,ord-000629,buy,75957.99,1776530877524,0,0,0,,,,0,cancelled
2026-04-18 16:00,ord-000630,sell,75962.00,1776530877524,0,0,0,,,,0,cancelled
2026-04-18 16:00,ord-000631,buy,75956.00,1776530882524,0.00120000,0.00120000,0,,,,0,cancelled
2026-04-18 16:00,ord-000632,sell,75960.01,1776530882524,0.00021000,0,0,,,,0,cancelled
2026-04-18 16:00,ord-000633,buy,75953.33,1776530897324,0,0,0,,,,0,cancelled
2026-04-18 16:00,ord-000634,sell,75957.34,1776530897324,0,0,0,,,,0,cancelled
2026-04-18 16:00,ord-000635,buy,75938.20,1776530902324,0,0,0,,,,0,cancelled
2026-04-18 16:00,ord-000636,sell,75942.21,1776530902324,0,0,0,,,,0,cancelled
2026-04-18 16:00,ord-000637,buy,75936.35,1776530907324,0,0,0,,,,0,cancelled
2026-04-18 16:00,ord-000638,sell,75940.36,1776530907324,0,0,0,,,,0,cancelled
2026-04-18 16:00,ord-000639,buy,75928.14,1776530912324,0,0,0,,,,0,cancelled
2026-04-18 16:00,ord-000640,sell,75932.15,1776530912324,0,0,0,,,,0,cancelled
2026-04-18 16:00,ord-000641,buy,75921.75,1776530928624,0,0,0,,,,0,cancelled
2026-04-18 16:00,ord-000642,sell,75925.76,1776530928624,0,0,0,,,,0,cancelled
2026-04-18 16:00,ord-000643,buy,75933.49,1776530957225,0,0,0,,,,0,cancelled
2026-04-18 16:00,ord-000644,sell,75937.50,1776530957225,0,0,0,,,,0,cancelled
2026-04-18 16:00,ord-000645,buy,75937.85,1776530962324,0,0,0,,,,0,cancelled
2026-04-18 16:00,ord-000646,sell,75941.86,1776530962324,0,0,0,,,,0,cancelled
2026-04-18 16:00,ord-000647,buy,75937.41,1776530983424,0,0,0,,,,0,cancelled
2026-04-18 16:00,ord-000648,sell,75941.42,1776530983424,0,0,0,,,,0,cancelled
2026-04-18 16:00,ord-000649,buy,75933.49,1776530995524,0,0,0,,,,0,cancelled
2026-04-18 16:00,ord-000650,sell,75937.50,1776530995524,0,0,0,,,,0,cancelled
2026-04-18 16:00,ord-000651,buy,75925.99,1776531011324,0,0,0,,,,0,cancelled
2026-04-18 16:00,ord-000652,sell,75930.00,1776531011324,0,0,0,,,,0,cancelled
2026-04-18 16:00,ord-000653,buy,75922.46,1776531016324,0,0,0,,,,0,cancelled
2026-04-18 16:00,ord-000654,sell,75926.47,1776531016324,0,0,0,,,,0,cancelled
2026-04-18 16:00,ord-000655,buy,75919.68,1776531021324,0,0,0,,,,0,cancelled
2026-04-18 16:00,ord-000656,sell,75923.69,1776531021324,0,0,0,,,,0,cancelled
2026-04-18 16:00,ord-000657,buy,75887.69,1776531026324,0,0,0,,,,0,cancelled
2026-04-18 16:00,ord-000658,sell,75891.70,1776531026324,0,0,0,,,,0,cancelled
2026-04-18 16:00,ord-000659,buy,75894.24,1776531031324,0,0,0,1776531041587,0,0,0.00007000,cancelled
2026-04-18 16:00,ord-000660,sell,75898.25,1776531031324,0,0,0,,,,0,cancelled
2026-04-18 16:00,ord-000661,buy,75886.13,1776531041624,0,0,0,,,,0,cancelled
2026-04-18 16:00,ord-000662,sell,75890.14,1776531041624,0,0,0,,,,0,cancelled
2026-04-18 16:00,ord-000663,buy,75887.79,1776531046624,0,0,0,,,,0,cancelled
2026-04-18 16:00,ord-000664,sell,75891.80,1776531046624,0,0,0,,,,0,cancelled
2026-04-18 16:00,ord-000665,buy,75893.18,1776531051624,0,0,0,,,,0,cancelled
2026-04-18 16:00,ord-000666,sell,75897.19,1776531051624,0,0,0,,,,0,cancelled
2026-04-18 16:00,ord-000667,buy,75890.99,1776531056624,0,0,0,,,,0,cancelled
2026-04-18 16:00,ord-000668,sell,75895.00,1776531056624,0,0,0,,,,0,cancelled
2026-04-18 16:00,ord-000669,buy,75901.57,1776531064924,0,0,0,,,,0,cancelled
2026-04-18 16:00,ord-000670,sell,75905.58,1776531064924,0.03950000,0,0,,,,0,cancelled
2026-04-18 16:00,ord-000671,buy,75894.00,1776531069924,0.00120000,0.00120000,0,,,,0,cancelled
2026-04-18 16:00,ord-000672,sell,75898.01,1776531069924,0,0,0,,,,0,cancelled
2026-04-18 16:00,ord-000673,buy,75878.00,1776531074924,0.00120000,0.00120000,0,,,,0,cancelled
2026-04-18 16:00,ord-000674,sell,75882.01,1776531074924,0,0,0,,,,0,cancelled
2026-04-18 16:00,ord-000675,buy,75865.95,1776531079924,0,0,0,,,,0,cancelled
2026-04-18 16:00,ord-000676,sell,75869.96,1776531079924,0,0,0,,,,0,cancelled
2026-04-18 16:00,ord-000677,buy,75865.67,1776531084924,0,0,0,,,,0,cancelled
2026-04-18 16:00,ord-000678,sell,75869.68,1776531084924,0,0,0,,,,0,cancelled
2026-04-18 16:00,ord-000679,buy,75866.19,1776531095424,0,0,0,,,,0,cancelled
2026-04-18 16:00,ord-000680,sell,75870.20,1776531095424,0,0,0,,,,0,cancelled
2026-04-18 16:00,ord-000681,buy,75866.20,1776531107224,0,0,0,,,,0,cancelled
2026-04-18 16:00,ord-000682,sell,75870.21,1776531107224,0,0,0,,,,0,cancelled
2026-04-18 16:00,ord-000683,buy,75870.41,1776531112224,0,0,0,,,,0,cancelled
2026-04-18 16:00,ord-000684,sell,75874.42,1776531112224,0,0,0,,,,0,cancelled
2026-04-18 16:00,ord-000685,buy,75868.05,1776531117224,0,0,0,,,,0,cancelled
2026-04-18 16:00,ord-000686,sell,75872.06,1776531117224,0,0,0,,,,0,cancelled
2026-04-18 16:00,ord-000687,buy,75858.89,1776531126024,0,0,0,,,,0,cancelled
2026-04-18 16:00,ord-000688,sell,75862.90,1776531126024,0,0,0,,,,0,cancelled
2026-04-18 16:00,ord-000689,buy,75873.54,1776531131024,0,0,0,,,,0,cancelled
2026-04-18 16:00,ord-000690,sell,75877.55,1776531131024,0,0,0,,,,0,cancelled
2026-04-18 16:00,ord-000691,buy,75877.31,1776531139824,0,0,0,,,,0,cancelled
2026-04-18 16:00,ord-000692,sell,75881.32,1776531139824,0,0,0,,,,0,cancelled
2026-04-18 16:00,ord-000693,buy,75880.71,1776531160724,0,0,0,,,,0,cancelled
2026-04-18 16:00,ord-000694,sell,75884.72,1776531160724,0,0,0,,,,0,cancelled
2026-04-18 16:00,ord-000695,buy,75873.55,1776531165724,0,0,0,,,,0,cancelled
2026-04-18 16:00,ord-000696,sell,75877.56,1776531165724,0,0,0,,,,0,cancelled
2026-04-18 16:00,ord-000697,buy,75874.70,1776531223724,0,0,0,,,,0,cancelled
2026-04-18 16:00,ord-000698,sell,75878.71,1776531223724,0,0,0,,,,0,cancelled
2026-04-18 16:00,ord-000699,buy,75882.49,1776531228724,0.00007000,0,0,,,,0,cancelled
2026-04-18 16:00,ord-000700,sell,75886.50,1776531228724,0,0,0,,,,0,cancelled
2026-04-18 16:00,ord-000701,buy,75887.16,1776531236624,0,0,0,,,,0,cancelled
2026-04-18 16:00,ord-000702,sell,75891.17,1776531236624,0,0,0,,,,0,cancelled
2026-04-18 16:00,ord-000703,buy,75898.68,1776531264924,0,0,0,,,,0,cancelled
2026-04-18 16:00,ord-000704,sell,75902.69,1776531264924,0,0,0,,,,0,cancelled
2026-04-18 16:00,ord-000705,buy,75893.58,1776531269925,0,0,0,,,,0,cancelled
2026-04-18 16:00,ord-000706,sell,75897.59,1776531269925,0,0,0,,,,0,cancelled
2026-04-18 16:00,ord-000707,buy,75895.78,1776531275024,0,0,0,,,,0,cancelled
2026-04-18 16:00,ord-000708,sell,75899.79,1776531275024,0,0,0,,,,0,cancelled
2026-04-18 16:00,ord-000709,buy,75894.74,1776531287324,0,0,0,,,,0,cancelled
2026-04-18 16:00,ord-000710,sell,75898.75,1776531287324,0,0,0,,,,0,cancelled
2026-04-18 16:00,ord-000711,buy,75904.74,1776531292324,0,0,0,,,,0,cancelled
2026-04-18 16:00,ord-000712,sell,75908.75,1776531292324,0,0,0,,,,0,cancelled
2026-04-18 16:00,ord-000713,buy,75903.70,1776531297325,0,0,0,,,,0,cancelled
2026-04-18 16:00,ord-000714,sell,75907.71,1776531297325,0,0,0,,,,0,cancelled
2026-04-18 16:00,ord-000715,buy,75904.74,1776531303124,0,0,0,,,,0,cancelled
2026-04-18 16:00,ord-000716,sell,75908.75,1776531303124,0,0,0,,,,0,cancelled
2026-04-18 16:00,ord-000717,buy,75913.99,1776531308124,0.00007000,0,0,,,,0,cancelled
2026-04-18 16:00,ord-000718,sell,75918.00,1776531308124,0.00120000,0.00120000,0,1776531309050,0.00026000,0.00000000,0.001,filled
2026-04-18 16:00,ord-000719,buy,75919.68,1776531309124,0,0,0,,,,0,cancelled
2026-04-18 16:00,ord-000720,sell,75923.69,1776531309124,0,0,0,,,,0,cancelled
2026-04-18 16:00,ord-000721,buy,75919.99,1776531314124,0.00014000,0,0,,,,0,cancelled
2026-04-18 16:00,ord-000722,sell,75924.00,1776531314124,0.00120000,0.00120000,0,,,,0,cancelled
2026-04-18 16:00,ord-000723,buy,75933.49,1776531319124,0,0,0,,,,0,cancelled
2026-04-18 16:00,ord-000724,sell,75937.50,1776531319124,0,0,0,,,,0,cancelled
2026-04-18 16:00,ord-000725,buy,75937.41,1776531324124,0,0,0,,,,0,cancelled
2026-04-18 16:00,ord-000726,sell,75941.42,1776531324124,0,0,0,,,,0,cancelled
2026-04-18 16:00,ord-000727,buy,75935.14,1776531329524,0,0,0,,,,0,cancelled
2026-04-18 16:00,ord-000728,sell,75939.15,1776531329524,0,0,0,,,,0,cancelled
2026-04-18 16:00,ord-000729,buy,75915.99,1776531334524,0.14350000,0,0,,,,0,cancelled
2026-04-18 16:00,ord-000730,sell,75920.00,1776531334524,0,0,0,,,,0,cancelled
2026-04-18 16:00,ord-000731,buy,75917.27,1776531342824,0,0,0,,,,0,cancelled
2026-04-18 16:00,ord-000732,sell,75921.28,1776531342824,0,0,0,,,,0,cancelled
2026-04-18 16:00,ord-000733,buy,75919.94,1776531347824,0,0,0,,,,0,cancelled
2026-04-18 16:00,ord-000734,sell,75923.95,1776531347824,0,0,0,,,,0,cancelled
2026-04-18 16:00,ord-000735,buy,75926.68,1776531365824,0,0,0,,,,0,cancelled
2026-04-18 16:00,ord-000736,sell,75930.69,1776531365824,0,0,0,,,,0,cancelled
2026-04-18 16:00,ord-000737,buy,75931.29,1776531371324,0,0,0,,,,0,cancelled
2026-04-18 16:00,ord-000738,sell,75935.30,1776531371324,0,0,0,,,,0,cancelled
2026-04-18 16:00,ord-000739,buy,75933.33,1776531376324,0.00007000,0.00007000,0,1776531377454,0.00007000,0.00000000,0.00063000,cancelled
2026-04-18 16:00,ord-000740,sell,75937.34,1776531376324,0,0,0,,,,0,cancelled
2026-04-18 16:00,ord-000741,buy,75925.61,1776531381324,0,0,0,,,,0,cancelled
2026-04-18 16:00,ord-000742,sell,75929.62,1776531381324,0,0,0,,,,0,cancelled
2026-04-18 16:00,ord-000743,buy,75912.09,1776531386324,0,0,0,,,,0,cancelled
2026-04-18 16:00,ord-000744,sell,75916.10,1776531386324,0,0,0,,,,0,cancelled
2026-04-18 16:00,ord-000745,buy,75907.42,1776531391324,0,0,0,,,,0,cancelled
2026-04-18 16:00,ord-000746,sell,75911.43,1776531391324,0,0,0,,,,0,cancelled
2026-04-18 16:00,ord-000747,buy,75910.22,1776531405224,0,0,0,,,,0,cancelled
2026-04-18 16:00,ord-000748,sell,75914.23,1776531405224,0,0,0,,,,0,cancelled
2026-04-18 16:00,ord-000749,buy,75919.90,1776531410224,0,0,0,,,,0,cancelled
2026-04-18 16:00,ord-000750,sell,75923.91,1776531410224,0,0,0,,,,0,cancelled
2026-04-18 16:00,ord-000751,buy,75910.22,1776531428724,0,0,0,,,,0,cancelled
2026-04-18 16:00,ord-000752,sell,75914.23,1776531428724,0,0,0,,,,0,cancelled
2026-04-18 16:00,ord-000753,buy,75884.23,1776531433724,0,0,0,,,,0,cancelled
2026-04-18 16:00,ord-000754,sell,75888.24,1776531433724,0,0,0,,,,0,cancelled
2026-04-18 16:00,ord-000755,buy,75891.40,1776531451824,0,0,0,,,,0,cancelled
2026-04-18 16:00,ord-000756,sell,75895.41,1776531451824,0,0,0,,,,0,cancelled
2026-04-18 16:00,ord-000757,buy,75888.58,1776531466324,0,0,0,,,,0,cancelled
2026-04-18 16:00,ord-000758,sell,75892.59,1776531466324,0,0,0,,,,0,cancelled
2026-04-18 16:00,ord-000759,buy,75883.87,1776531471324,0,0,0,,,,0,cancelled
2026-04-18 16:00,ord-000760,sell,75887.88,1776531471324,0,0,0,,,,0,cancelled
2026-04-18 16:00,ord-000761,buy,75905.43,1776531487157,0,0,0,,,,0,cancelled
2026-04-18 16:00,ord-000762,sell,75909.44,1776531487157,0,0,0,,,,0,cancelled
2026-04-18 16:00,ord-000763,buy,75901.90,1776531500124,0,0,0,,,,0,cancelled
2026-04-18 16:00,ord-000764,sell,75905.91,1776531500124,0,0,0,,,,0,cancelled
2026-04-18 16:00,ord-000765,buy,75908.36,1776531508624,0,0,0,,,,0,cancelled
2026-04-18 16:00,ord-000766,sell,75912.37,1776531508624,0,0,0,,,,0,cancelled
2026-04-18 16:00,ord-000767,buy,75942.43,1776531513624,0,0,0,,,,0,cancelled
2026-04-18 16:00,ord-000768,sell,75946.44,1776531513624,0,0,0,,,,0,cancelled
2026-04-18 16:00,ord-000769,buy,75940.70,1776531518624,0,0,0,,,,0,cancelled
2026-04-18 16:00,ord-000770,sell,75944.71,1776531518624,0,0,0,,,,0,cancelled
2026-04-18 16:00,ord-000771,buy,75942.43,1776531562324,0,0,0,,,,0,cancelled
2026-04-18 16:00,ord-000772,sell,75946.44,1776531562324,0,0,0,,,,0,cancelled
2026-04-18 16:00,ord-000773,buy,75941.34,1776531567324,0,0,0,,,,0,expired
2026-04-18 16:00,ord-000774,sell,75945.35,1776531567324,0,0,0,,,,0,expired
2026-04-18 17:00,ord-000001,buy,75936.00,1776531600224,0.00120000,0.00120000,0,,,,0,cancelled
2026-04-18 17:00,ord-000002,sell,75940.01,1776531600224,0,0,0,,,,0,cancelled
2026-04-18 17:00,ord-000003,buy,75919.73,1776531605224,0,0,0,,,,0,cancelled
2026-04-18 17:00,ord-000004,sell,75923.74,1776531605224,0,0,0,,,,0,cancelled
2026-04-18 17:00,ord-000005,buy,75889.98,1776531610224,0,0,0,,,,0,cancelled
2026-04-18 17:00,ord-000006,sell,75893.99,1776531610224,0,0,0,,,,0,cancelled
2026-04-18 17:00,ord-000007,buy,75890.56,1776531615224,0,0,0,,,,0,cancelled
2026-04-18 17:00,ord-000008,sell,75894.57,1776531615224,0,0,0,,,,0,cancelled
2026-04-18 17:00,ord-000009,buy,75883.85,1776531637224,0,0,0,,,,0,cancelled
2026-04-18 17:00,ord-000010,sell,75887.86,1776531637224,0,0,0,,,,0,cancelled
2026-04-18 17:00,ord-000011,buy,75878.00,1776531642224,0.00120000,0.00120000,0,,,,0,cancelled
2026-04-18 17:00,ord-000012,sell,75882.01,1776531642224,0,0,0,,,,0,cancelled
2026-04-18 17:00,ord-000013,buy,75871.77,1776531647224,0,0,0,,,,0,cancelled
2026-04-18 17:00,ord-000014,sell,75875.78,1776531647224,0,0,0,,,,0,cancelled
2026-04-18 17:00,ord-000015,buy,75869.18,1776531652224,0,0,0,,,,0,cancelled
2026-04-18 17:00,ord-000016,sell,75873.19,1776531652224,0,0,0,,,,0,cancelled
2026-04-18 17:00,ord-000017,buy,75865.68,1776531658324,0,0,0,,,,0,cancelled
2026-04-18 17:00,ord-000018,sell,75869.69,1776531658324,0,0,0,,,,0,cancelled
2026-04-18 17:00,ord-000019,buy,75870.21,1776531663324,0,0,0,,,,0,cancelled
2026-04-18 17:00,ord-000020,sell,75874.22,1776531663324,0,0,0,,,,0,cancelled
2026-04-18 17:00,ord-000021,buy,75890.55,1776531668324,0,0,0,,,,0,cancelled
2026-04-18 17:00,ord-000022,sell,75894.56,1776531668324,0,0,0,,,,0,cancelled
2026-04-18 17:00,ord-000023,buy,75897.99,1776531686724,0,0,0,,,,0,cancelled
2026-04-18 17:00,ord-000024,sell,75902.00,1776531686724,0.00120000,0,0,,,,0,cancelled
2026-04-18 17:00,ord-000025,buy,75891.26,1776531691724,0,0,0,,,,0,cancelled
2026-04-18 17:00,ord-000026,sell,75895.27,1776531691724,0,0,0,,,,0,cancelled
2026-04-18 17:00,ord-000027,buy,75888.68,1776531696724,0,0,0,,,,0,cancelled
2026-04-18 17:00,ord-000028,sell,75892.69,1776531696724,0,0,0,,,,0,cancelled
2026-04-18 17:00,ord-000029,buy,75879.99,1776531701724,0,0,0,,,,0,cancelled
2026-04-18 17:00,ord-000030,sell,75884.00,1776531701724,0,0,0,,,,0,cancelled
2026-04-18 17:00,ord-000031,buy,75889.99,1776531706724,0,0,0,,,,0,cancelled
2026-04-18 17:00,ord-000032,sell,75894.00,1776531706724,0.00120000,0,0,,,,0,cancelled
2026-04-18 17:00,ord-000033,buy,75882.40,1776531711725,0,0,0,,,,0,cancelled
2026-04-18 17:00,ord-000034,sell,75886.41,1776531711725,0,0,0,,,,0,cancelled
2026-04-18 17:00,ord-000035,buy,75880.28,1776531716824,0,0,0,,,,0,cancelled
2026-04-18 17:00,ord-000036,sell,75884.29,1776531716824,0,0,0,,,,0,cancelled
2026-04-18 17:00,ord-000037,buy,75888.41,1776531723924,0,0,0,,,,0,cancelled
2026-04-18 17:00,ord-000038,sell,75892.42,1776531723924,0,0,0,,,,0,cancelled
2026-04-18 17:00,ord-000039,buy,75909.33,1776531728924,0,0,0,,,,0,cancelled
2026-04-18 17:00,ord-000040,sell,75913.34,1776531728924,0,0,0,,,,0,cancelled
2026-04-18 17:00,ord-000041,buy,75910.93,1776531737724,0,0,0,,,,0,cancelled
2026-04-18 17:00,ord-000042,sell,75914.94,1776531737724,0,0,0,,,,0,cancelled
2026-04-18 17:00,ord-000043,buy,75906.73,1776531743524,0,0,0,,,,0,cancelled
2026-04-18 17:00,ord-000044,sell,75910.74,1776531743524,0,0,0,,,,0,cancelled
2026-04-18 17:00,ord-000045,buy,75905.24,1776531748524,0,0,0,,,,0,cancelled
2026-04-18 17:00,ord-000046,sell,75909.25,1776531748524,0,0,0,,,,0,cancelled
2026-04-18 17:00,ord-000047,buy,75897.30,1776531753524,0,0,0,,,,0,cancelled
2026-04-18 17:00,ord-000048,sell,75901.31,1776531753524,0,0,0,,,,0,cancelled
2026-04-18 17:00,ord-000049,buy,75904.33,1776531768925,0,0,0,,,,0,cancelled
2026-04-18 17:00,ord-000050,sell,75908.34,1776531768925,0,0,0,,,,0,cancelled
2026-04-18 17:00,ord-000051,buy,75905.24,1776531781524,0.01622000,0,0,,,,0,cancelled
2026-04-18 17:00,ord-000052,sell,75909.25,1776531781524,0,0,0,,,,0,cancelled
2026-04-18 17:00,ord-000053,buy,75900.93,1776531824124,0,0,0,,,,0,cancelled
2026-04-18 17:00,ord-000054,sell,75904.94,1776531824124,0,0,0,,,,0,cancelled
2026-04-18 17:00,ord-000055,buy,75889.10,1776531829124,0,0,0,,,,0,cancelled
2026-04-18 17:00,ord-000056,sell,75893.11,1776531829124,0,0,0,,,,0,cancelled
2026-04-18 17:00,ord-000057,buy,75905.23,1776531834124,0,0,0,,,,0,cancelled
2026-04-18 17:00,ord-000058,sell,75909.24,1776531834124,0,0,0,,,,0,cancelled
2026-04-18 17:00,ord-000059,buy,75901.99,1776531839124,0,0,0,,,,0,cancelled
2026-04-18 17:00,ord-000060,sell,75906.00,1776531839124,0,0,0,,,,0,cancelled
2026-04-18 17:00,ord-000061,buy,75902.83,1776531845325,0,0,0,,,,0,cancelled
2026-04-18 17:00,ord-000062,sell,75906.84,1776531845325,0,0,0,,,,0,cancelled
2026-04-18 17:00,ord-000063,buy,75905.23,1776531850424,0.19598000,0,0,,,,0,cancelled
2026-04-18 17:00,ord-000064,sell,75909.24,1776531850424,0,0,0,1776531856146,0,0,0.00056000,cancelled
2026-04-18 17:00,ord-000065,buy,75910.27,1776531856224,0,0,0,,,,0,cancelled
2026-04-18 17:00,ord-000066,sell,75914.28,1776531856224,0,0,0,,,,0,cancelled
2026-04-18 17:00,ord-000067,buy,75917.82,1776531861224,0,0,0,,,,0,cancelled
2026-04-18 17:00,ord-000068,sell,75921.83,1776531861224,0,0,0,,,,0,cancelled
2026-04-18 17:00,ord-000069,buy,75930.99,1776531874524,0,0,0,,,,0,cancelled
2026-04-18 17:00,ord-000070,sell,75935.00,1776531874524,39.50604000,0,0,,,,0,cancelled
2026-04-18 17:00,ord-000071,buy,75925.87,1776531882124,0,0,0,1776531883700,0,0,0.00007000,cancelled
2026-04-18 17:00,ord-000072,sell,75929.88,1776531882124,0,0,0,,,,0,cancelled
2026-04-18 17:00,ord-000073,buy,75903.21,1776531887124,0,0,0,,,,0,cancelled
2026-04-18 17:00,ord-000074,sell,75907.22,1776531887124,0,0,0,,,,0,cancelled
2026-04-18 17:00,ord-000075,buy,75902.39,1776531897924,0,0,0,,,,0,cancelled
2026-04-18 17:00,ord-000076,sell,75906.40,1776531897924,0,0,0,,,,0,cancelled
2026-04-18 17:00,ord-000077,buy,75902.00,1776531902924,0.00120000,0.00120000,0,,,,0,cancelled
2026-04-18 17:00,ord-000078,sell,75906.01,1776531902924,0,0,0,,,,0,cancelled
2026-04-18 17:00,ord-000079,buy,75894.87,1776531907924,0,0,0,,,,0,cancelled
2026-04-18 17:00,ord-000080,sell,75898.88,1776531907924,0,0,0,,,,0,cancelled
2026-04-18 17:00,ord-000081,buy,75889.10,1776531912924,0,0,0,,,,0,cancelled
2026-04-18 17:00,ord-000082,sell,75893.11,1776531912924,0,0,0,,,,0,cancelled
2026-04-18 17:00,ord-000083,buy,75881.80,1776531920324,0,0,0,,,,0,cancelled
2026-04-18 17:00,ord-000084,sell,75885.81,1776531920324,0,0,0,,,,0,cancelled
2026-04-18 17:00,ord-000085,buy,75862.63,1776531925324,0,0,0,,,,0,cancelled
2026-04-18 17:00,ord-000086,sell,75866.64,1776531925324,0,0,0,,,,0,cancelled
2026-04-18 17:00,ord-000087,buy,75850.77,1776531930324,0,0,0,,,,0,cancelled
2026-04-18 17:00,ord-000088,sell,75854.78,1776531930324,0,0,0,,,,0,cancelled
2026-04-18 17:00,ord-000089,buy,75850.01,1776531935324,0,0,0,1776531937581,0,0,0.00021000,cancelled
2026-04-18 17:00,ord-000090,sell,75854.02,1776531935324,0,0,0,,,,0,cancelled
2026-04-18 17:00,ord-000091,buy,75840.62,1776531940324,0,0,0,,,,0,cancelled
2026-04-18 17:00,ord-000092,sell,75844.63,1776531940324,0,0,0,,,,0,cancelled
2026-04-18 17:00,ord-000093,buy,75849.99,1776531958424,0,0,0,,,,0,cancelled
2026-04-18 17:00,ord-000094,sell,75854.00,1776531958424,0.00120000,0.00120000,0,,,,0,cancelled
2026-04-18 17:00,ord-000095,buy,75862.63,1776531963424,0,0,0,,,,0,cancelled
2026-04-18 17:00,ord-000096,sell,75866.64,1776531963424,0,0,0,,,,0,cancelled
2026-04-18 17:00,ord-000097,buy,75869.91,1776531995824,0,0,0,,,,0,cancelled
2026-04-18 17:00,ord-000098,sell,75873.92,1776531995824,0,0,0,,,,0,cancelled
2026-04-18 17:00,ord-000099,buy,75877.21,1776532000824,0,0,0,,,,0,cancelled
2026-04-18 17:00,ord-000100,sell,75881.22,1776532000824,0,0,0,,,,0,cancelled
2026-04-18 17:00,ord-000101,buy,75876.39,1776532011824,0,0,0,,,,0,cancelled
2026-04-18 17:00,ord-000102,sell,75880.40,1776532011824,0,0,0,,,,0,cancelled
2026-04-18 17:00,ord-000103,buy,75866.55,1776532023624,0.00021000,0,0,,,,0,cancelled
2026-04-18 17:00,ord-000104,sell,75870.56,1776532023624,0,0,0,,,,0,cancelled
2026-04-18 17:00,ord-000105,buy,75866.53,1776532043324,0,0,0,,,,0,cancelled
2026-04-18 17:00,ord-000106,sell,75870.54,1776532043324,0,0,0,,,,0,cancelled
2026-04-18 17:00,ord-000107,buy,75862.63,1776532048324,0,0,0,,,,0,cancelled
2026-04-18 17:00,ord-000108,sell,75866.64,1776532048324,0,0,0,,,,0,cancelled
2026-04-18 17:00,ord-000109,buy,75852.90,1776532053324,0,0,0,,,,0,cancelled
2026-04-18 17:00,ord-000110,sell,75856.91,1776532053324,0,0,0,,,,0,cancelled
2026-04-18 17:00,ord-000111,buy,75844.96,1776532059224,0,0,0,,,,0,cancelled
2026-04-18 17:00,ord-000112,sell,75848.97,1776532059224,0,0,0,,,,0,cancelled
2026-04-18 17:00,ord-000113,buy,75814.24,1776532064224,0,0,0,,,,0,cancelled
2026-04-18 17:00,ord-000114,sell,75818.25,1776532064224,0,0,0,,,,0,cancelled
2026-04-18 17:00,ord-000115,buy,75811.00,1776532069224,0,0,0,,,,0,cancelled
2026-04-18 17:00,ord-000116,sell,75815.01,1776532069224,0,0,0,,,,0,cancelled
2026-04-18 17:00,ord-000117,buy,75806.42,1776532076330,0,0,0,,,,0,cancelled
2026-04-18 17:00,ord-000118,sell,75810.43,1776532076330,0,0,0,,,,0,cancelled
2026-04-18 17:00,ord-000119,buy,75806.40,1776532081424,0.00008000,0,0,,,,0,cancelled
2026-04-18 17:00,ord-000120,sell,75810.41,1776532081424,0,0,0,,,,0,cancelled
2026-04-18 17:00,ord-000121,buy,75817.99,1776532086424,0.00007000,0,0,,,,0,cancelled
2026-04-18 17:00,ord-000122,sell,75822.00,1776532086424,0.00120000,0.00120000,0,,,,0,cancelled
2026-04-18 17:00,ord-000123,buy,75842.72,1776532091424,0,0,0,,,,0,cancelled
2026-04-18 17:00,ord-000124,sell,75846.73,1776532091424,0,0,0,,,,0,cancelled
2026-04-18 17:00,ord-000125,buy,75844.11,1776532110124,0,0,0,,,,0,cancelled
2026-04-18 17:00,ord-000126,sell,75848.12,1776532110124,0,0,0,,,,0,cancelled
2026-04-18 17:00,ord-000127,buy,75844.86,1776532120624,0,0,0,,,,0,cancelled
2026-04-18 17:00,ord-000128,sell,75848.87,1776532120624,0,0,0,,,,0,cancelled
2026-04-18 17:00,ord-000129,buy,75847.78,1776532135024,0,0,0,,,,0,cancelled
2026-04-18 17:00,ord-000130,sell,75851.79,1776532135024,0,0,0,,,,0,cancelled
2026-04-18 17:00,ord-000131,buy,75850.00,1776532140024,0.21499000,0,0,,,,0,cancelled
2026-04-18 17:00,ord-000132,sell,75854.01,1776532140024,0,0,0,,,,0,cancelled
2026-04-18 17:00,ord-000133,buy,75855.58,1776532162724,0,0,0,,,,0,cancelled
2026-04-18 17:00,ord-000134,sell,75859.59,1776532162724,0,0,0,,,,0,cancelled
2026-04-18 17:00,ord-000135,buy,75866.15,1776532167724,0,0,0,,,,0,cancelled
2026-04-18 17:00,ord-000136,sell,75870.16,1776532167724,0,0,0,,,,0,cancelled
2026-04-18 17:00,ord-000137,buy,75862.35,1776532203724,0,0,0,,,,0,cancelled
2026-04-18 17:00,ord-000138,sell,75866.36,1776532203724,0,0,0,,,,0,cancelled
2026-04-18 17:00,ord-000139,buy,75855.57,1776532208724,0,0,0,,,,0,cancelled
2026-04-18 17:00,ord-000140,sell,75859.58,1776532208724,0,0,0,,,,0,cancelled
2026-04-18 17:00,ord-000141,buy,75850.00,1776532219524,0.00252000,0,0,,,,0,cancelled
2026-04-18 17:00,ord-000142,sell,75854.01,1776532219524,0,0,0,,,,0,cancelled
2026-04-18 17:00,ord-000143,buy,75855.57,1776532224824,0,0,0,,,,0,cancelled
2026-04-18 17:00,ord-000144,sell,75859.58,1776532224824,0,0,0,,,,0,cancelled
2026-04-18 17:00,ord-000145,buy,75862.04,1776532237724,0,0,0,,,,0,cancelled
2026-04-18 17:00,ord-000146,sell,75866.05,1776532237724,0,0,0,,,,0,cancelled
2026-04-18 17:00,ord-000147,buy,75866.15,1776532264924,0,0,0,,,,0,cancelled
2026-04-18 17:00,ord-000148,sell,75870.16,1776532264924,0,0,0,,,,0,cancelled
2026-04-18 17:00,ord-000149,buy,75875.13,1776532277924,0,0,0,,,,0,cancelled
2026-04-18 17:00,ord-000150,sell,75879.14,1776532277924,0,0,0,,,,0,cancelled
2026-04-18 17:00,ord-000151,buy,75879.51,1776532290724,0,0,0,,,,0,cancelled
2026-04-18 17:00,ord-000152,sell,75883.52,1776532290724,0,0,0,,,,0,cancelled
2026-04-18 17:00,ord-000153,buy,75928.49,1776532295724,0,0,0,,,,0,cancelled
2026-04-18 17:00,ord-000154,sell,75932.50,1776532295724,0,0,0,,,,0,cancelled
2026-04-18 17:00,ord-000155,buy,75922.33,1776532302324,0,0,0,,,,0,cancelled
2026-04-18 17:00,ord-000156,sell,75926.34,1776532302324,0,0,0,,,,0,cancelled
2026-04-18 17:00,ord-000157,buy,75933.33,1776532313727,0,0,0,,,,0,cancelled
2026-04-18 17:00,ord-000158,sell,75937.34,1776532313727,0,0,0,,,,0,cancelled
2026-04-18 17:00,ord-000159,buy,75943.29,1776532318824,0,0,0,,,,0,cancelled
2026-04-18 17:00,ord-000160,sell,75947.30,1776532318824,0.00008000,0.00008000,0,,,,0,cancelled
2026-04-18 17:00,ord-000161,buy,75956.22,1776532323824,0,0,0,,,,0,cancelled
2026-04-18 17:00,ord-000162,sell,75960.23,1776532323824,0,0,0,,,,0,cancelled
2026-04-18 17:00,ord-000163,buy,75915.29,1776532328824,0,0,0,,,,0,cancelled
2026-04-18 17:00,ord-000164,sell,75919.30,1776532328824,0,0,0,,,,0,cancelled
2026-04-18 17:00,ord-000165,buy,75877.39,1776532333824,0.11586000,0,0,,,,0,cancelled
2026-04-18 17:00,ord-000166,sell,75881.40,1776532333824,0,0,0,,,,0,cancelled
2026-04-18 17:00,ord-000167,buy,75880.26,1776532338824,0,0,0,,,,0,cancelled
2026-04-18 17:00,ord-000168,sell,75884.27,1776532338824,0,0,0,,,,0,cancelled
2026-04-18 17:00,ord-000169,buy,75888.41,1776532343824,0,0,0,,,,0,cancelled
2026-04-18 17:00,ord-000170,sell,75892.42,1776532343824,0,0,0,,,,0,cancelled
2026-04-18 17:00,ord-000171,buy,75870.45,1776532348824,0,0,0,,,,0,cancelled
2026-04-18 17:00,ord-000172,sell,75874.46,1776532348824,0,0,0,,,,0,cancelled
2026-04-18 17:00,ord-000173,buy,75875.12,1776532360424,0,0,0,,,,0,cancelled
2026-04-18 17:00,ord-000174,sell,75879.13,1776532360424,0,0,0,,,,0,cancelled
2026-04-18 17:00,ord-000175,buy,75884.16,1776532365424,0,0,0,,,,0,cancelled
2026-04-18 17:00,ord-000176,sell,75888.17,1776532365424,0,0,0,,,,0,cancelled
2026-04-18 17:00,ord-000177,buy,75888.65,1776532370424,0,0,0,,,,0,cancelled
2026-04-18 17:00,ord-000178,sell,75892.66,1776532370424,0,0,0,,,,0,cancelled
2026-04-18 17:00,ord-000179,buy,75890.93,1776532389024,0,0,0,,,,0,cancelled
2026-04-18 17:00,ord-000180,sell,75894.94,1776532389024,0,0,0,,,,0,cancelled
2026-04-18 17:00,ord-000181,buy,75863.58,1776532394024,0,0,0,,,,0,cancelled
2026-04-18 17:00,ord-000182,sell,75867.59,1776532394024,0,0,0,,,,0,cancelled
2026-04-18 17:00,ord-000183,buy,75831.77,1776532399024,0,0,0,,,,0,cancelled
2026-04-18 17:00,ord-000184,sell,75835.78,1776532399024,0,0,0,1776532400606,0,0,0.001,filled
2026-04-18 17:00,ord-000185,buy,75837.99,1776532400624,0.00014000,0,0,,,,0,cancelled
2026-04-18 17:00,ord-000186,sell,75842.00,1776532400624,0.00080000,0,0,,,,0,cancelled
2026-04-18 17:00,ord-000187,buy,75798.00,1776532405624,0.00120000,0.00120000,0,,,,0,cancelled
2026-04-18 17:00,ord-000188,sell,75802.01,1776532405624,0.01810000,0,0,,,,0,cancelled
2026-04-18 17:00,ord-000189,buy,75787.52,1776532410624,0,0,0,,,,0,cancelled
2026-04-18 17:00,ord-000190,sell,75791.53,1776532410624,0,0,0,,,,0,cancelled
2026-04-18 17:00,ord-000191,buy,75776.69,1776532415624,0,0,0,,,,0,cancelled
2026-04-18 17:00,ord-000192,sell,75780.70,1776532415624,0,0,0,,,,0,cancelled
2026-04-18 17:00,ord-000193,buy,75787.99,1776532420624,0.00133000,0,0,,,,0,cancelled
2026-04-18 17:00,ord-000194,sell,75792.00,1776532420624,0.00120000,0.00120000,0,,,,0,cancelled
2026-04-18 17:00,ord-000195,buy,75804.16,1776532425624,0,0,0,,,,0,cancelled
2026-04-18 17:00,ord-000196,sell,75808.17,1776532425624,0,0,0,,,,0,cancelled
2026-04-18 17:00,ord-000197,buy,75798.00,1776532434224,0.00120000,0,0,,,,0,cancelled
2026-04-18 17:00,ord-000198,sell,75802.01,1776532434224,0,0,0,,,,0,cancelled
2026-04-18 17:00,ord-000199,buy,75804.15,1776532439224,0,0,0,,,,0,cancelled
2026-04-18 17:00,ord-000200,sell,75808.16,1776532439224,0,0,0,,,,0,cancelled
2026-04-18 17:00,ord-000201,buy,75811.32,1776532446324,0,0,0,,,,0,cancelled
2026-04-18 17:00,ord-000202,sell,75815.33,1776532446324,0,0,0,,,,0,cancelled
2026-04-18 17:00,ord-000203,buy,75820.68,1776532451324,0,0,0,,,,0,cancelled
2026-04-18 17:00,ord-000204,sell,75824.69,1776532451324,0,0,0,,,,0,cancelled
2026-04-18 17:00,ord-000205,buy,75831.77,1776532456324,0,0,0,,,,0,cancelled
2026-04-18 17:00,ord-000206,sell,75835.78,1776532456324,0,0,0,,,,0,cancelled
2026-04-18 17:00,ord-000207,buy,75834.05,1776532475224,0,0,0,,,,0,cancelled
2026-04-18 17:00,ord-000208,sell,75838.06,1776532475224,0,0,0,,,,0,cancelled
2026-04-18 17:00,ord-000209,buy,75834.07,1776532480224,0,0,0,,,,0,cancelled
2026-04-18 17:00,ord-000210,sell,75838.08,1776532480224,0,0,0,,,,0,cancelled
2026-04-18 17:00,ord-000211,buy,75828.00,1776532499724,0.00120000,0,0,,,,0,cancelled
2026-04-18 17:00,ord-000212,sell,75832.01,1776532499724,0,0,0,,,,0,cancelled
2026-04-18 17:00,ord-000213,buy,75832.62,1776532507124,0,0,0,,,,0,cancelled
2026-04-18 17:00,ord-000214,sell,75836.63,1776532507124,0,0,0,,,,0,cancelled
2026-04-18 17:00,ord-000215,buy,75834.06,1776532512624,0,0,0,,,,0,cancelled
2026-04-18 17:00,ord-000216,sell,75838.07,1776532512624,0,0,0,,,,0,cancelled
2026-04-18 17:00,ord-000217,buy,75855.88,1776532517624,0,0,0,,,,0,cancelled
2026-04-18 17:00,ord-000218,sell,75859.89,1776532517624,0,0,0,,,,0,cancelled
2026-04-18 17:00,ord-000219,buy,75863.20,1776532522624,0.00300000,0,0,,,,0,cancelled
2026-04-18 17:00,ord-000220,sell,75867.21,1776532522624,0,0,0,,,,0,cancelled
2026-04-18 17:00,ord-000221,buy,75866.97,1776532528824,0,0,0,,,,0,cancelled
2026-04-18 17:00,ord-000222,sell,75870.98,1776532528824,0,0,0,,,,0,cancelled
2026-04-18 17:00,ord-000223,buy,75870.79,1776532533824,0,0,0,,,,0,cancelled
2026-04-18 17:00,ord-000224,sell,75874.80,1776532533824,0,0,0,,,,0,cancelled
2026-04-18 17:00,ord-000225,buy,75865.00,1776532603424,0,0,0,,,,0,cancelled
2026-04-18 17:00,ord-000226,sell,75869.01,1776532603424,0,0,0,,,,0,cancelled
2026-04-18 17:00,ord-000227,buy,75865.32,1776532628724,0,0,0,,,,0,cancelled
2026-04-18 17:00,ord-000228,sell,75869.33,1776532628724,0,0,0,,,,0,cancelled
2026-04-18 17:00,ord-000229,buy,75870.79,1776532633724,0,0,0,,,,0,cancelled
2026-04-18 17:00,ord-000230,sell,75874.80,1776532633724,0,0,0,,,,0,cancelled
2026-04-18 17:00,ord-000231,buy,75881.47,1776532641770,0,0,0,,,,0,cancelled
2026-04-18 17:00,ord-000232,sell,75885.48,1776532641770,0,0,0,,,,0,cancelled
2026-04-18 17:00,ord-000233,buy,75885.76,1776532646824,0,0,0,,,,0,cancelled
2026-04-18 17:00,ord-000234,sell,75889.77,1776532646824,0,0,0,,,,0,cancelled
2026-04-18 17:00,ord-000235,buy,75890.87,1776532651824,0,0,0,,,,0,cancelled
2026-04-18 17:00,ord-000236,sell,75894.88,1776532651824,0,0,0,,,,0,cancelled
2026-04-18 17:00,ord-000237,buy,75883.98,1776532673324,0,0,0,,,,0,cancelled
2026-04-18 17:00,ord-000238,sell,75887.99,1776532673324,0,0,0,,,,0,cancelled
2026-04-18 17:00,ord-000239,buy,75878.17,1776532678624,0,0,0,,,,0,cancelled
2026-04-18 17:00,ord-000240,sell,75882.18,1776532678624,0,0,0,,,,0,cancelled
2026-04-18 17:00,ord-000241,buy,75866.43,1776532683624,0,0,0,,,,0,cancelled
2026-04-18 17:00,ord-000242,sell,75870.44,1776532683624,0,0,0,,,,0,cancelled
2026-04-18 17:00,ord-000243,buy,75862.16,1776532714124,0,0,0,,,,0,cancelled
2026-04-18 17:00,ord-000244,sell,75866.17,1776532714124,0,0,0,,,,0,cancelled
2026-04-18 17:00,ord-000245,buy,75856.44,1776532719124,0,0,0,,,,0,cancelled
2026-04-18 17:00,ord-000246,sell,75860.45,1776532719124,0,0,0,,,,0,cancelled
2026-04-18 17:00,ord-000247,buy,75850.71,1776532724124,0,0,0,,,,0,cancelled
2026-04-18 17:00,ord-000248,sell,75854.72,1776532724124,0,0,0,,,,0,cancelled
2026-04-18 17:00,ord-000249,buy,75847.52,1776532729124,0,0,0,,,,0,cancelled
2026-04-18 17:00,ord-000250,sell,75851.53,1776532729124,0,0,0,,,,0,cancelled
2026-04-18 17:00,ord-000251,buy,75853.97,1776532737524,0,0,0,,,,0,cancelled
2026-04-18 17:00,ord-000252,sell,75857.98,1776532737524,0,0,0,,,,0,cancelled
2026-04-18 17:00,ord-000253,buy,75862.70,1776532742524,0,0,0,,,,0,cancelled
2026-04-18 17:00,ord-000254,sell,75866.71,1776532742524,0,0,0,,,,0,cancelled
2026-04-18 17:00,ord-000255,buy,75866.49,1776532762824,0,0,0,,,,0,cancelled
2026-04-18 17:00,ord-000256,sell,75870.50,1776532762824,0.00220000,0,0,,,,0,cancelled
2026-04-18 17:00,ord-000257,buy,75871.99,1776532782524,0,0,0,,,,0,cancelled
2026-04-18 17:00,ord-000258,sell,75876.00,1776532782524,0.00120000,0.00120000,0,,,,0,cancelled
2026-04-18 17:00,ord-000259,buy,75876.69,1776532787524,0,0,0,,,,0,cancelled
2026-04-18 17:00,ord-000260,sell,75880.70,1776532787524,0,0,0,,,,0,cancelled
2026-04-18 17:00,ord-000261,buy,75876.04,1776532825724,0,0,0,,,,0,cancelled
2026-04-18 17:00,ord-000262,sell,75880.05,1776532825724,0,0,0,,,,0,cancelled
2026-04-18 17:00,ord-000263,buy,75874.25,1776532834524,0,0,0,,,,0,cancelled
2026-04-18 17:00,ord-000264,sell,75878.26,1776532834524,0,0,0,,,,0,cancelled
2026-04-18 17:00,ord-000265,buy,75861.79,1776532863327,0,0,0,,,,0,cancelled
2026-04-18 17:00,ord-000266,sell,75865.80,1776532863327,0,0,0,,,,0,cancelled
2026-04-18 17:00,ord-000267,buy,75862.25,1776532872424,0,0,0,,,,0,cancelled
2026-04-18 17:00,ord-000268,sell,75866.26,1776532872424,0,0,0,,,,0,cancelled
2026-04-18 17:00,ord-000269,buy,75871.27,1776532877424,0,0,0,,,,0,cancelled
2026-04-18 17:00,ord-000270,sell,75875.28,1776532877424,0,0,0,,,,0,cancelled
2026-04-18 17:00,ord-000271,buy,75878.48,1776532905024,0,0,0,,,,0,cancelled
2026-04-18 17:00,ord-000272,sell,75882.49,1776532905024,0,0,0,,,,0,cancelled
2026-04-18 17:00,ord-000273,buy,75873.78,1776532931424,0,0,0,,,,0,cancelled
2026-04-18 17:00,ord-000274,sell,75877.79,1776532931424,0,0,0,,,,0,cancelled
2026-04-18 17:00,ord-000275,buy,75856.21,1776532938047,0,0,0,,,,0,cancelled
2026-04-18 17:00,ord-000276,sell,75860.22,1776532938047,0,0,0,,,,0,cancelled
2026-04-18 17:00,ord-000277,buy,75845.88,1776532943124,0,0,0,,,,0,cancelled
2026-04-18 17:00,ord-000278,sell,75849.89,1776532943124,0,0,0,,,,0,cancelled
2026-04-18 17:00,ord-000279,buy,75827.78,1776532957242,0,0,0,,,,0,cancelled
2026-04-18 17:00,ord-000280,sell,75831.79,1776532957242,0,0,0,,,,0,cancelled
2026-04-18 17:00,ord-000281,buy,75811.18,1776532962324,0,0,0,1776532969452,0,0,0.00007000,cancelled
2026-04-18 17:00,ord-000282,sell,75815.19,1776532962324,0,0,0,,,,0,cancelled
2026-04-18 17:00,ord-000283,buy,75804.50,1776532969524,0,0,0,,,,0,cancelled
2026-04-18 17:00,ord-000284,sell,75808.51,1776532969524,0,0,0,,,,0,cancelled
2026-04-18 17:00,ord-000285,buy,75798.00,1776532974524,0.00120000,0,0,,,,0,cancelled
2026-04-18 17:00,ord-000286,sell,75802.01,1776532974524,0,0,0,,,,0,cancelled
2026-04-18 17:00,ord-000287,buy,75809.88,1776532981324,0,0,0,,,,0,cancelled
2026-04-18 17:00,ord-000288,sell,75813.89,1776532981324,0,0,0,,,,0,cancelled
2026-04-18 17:00,ord-000289,buy,75813.77,1776532986324,0,0,0,,,,0,cancelled
2026-04-18 17:00,ord-000290,sell,75817.78,1776532986324,0,0,0,,,,0,cancelled
2026-04-18 17:00,ord-000291,buy,75811.36,1776533000624,0,0,0,,,,0,cancelled
2026-04-18 17:00,ord-000292,sell,75815.37,1776533000624,0,0,0,,,,0,cancelled
2026-04-18 17:00,ord-000293,buy,75817.19,1776533017424,0,0,0,,,,0,cancelled
2026-04-18 17:00,ord-000294,sell,75821.20,1776533017424,0,0,0,,,,0,cancelled
2026-04-18 17:00,ord-000295,buy,75825.84,1776533022424,0,0,0,,,,0,cancelled
2026-04-18 17:00,ord-000296,sell,75829.85,1776533022424,0,0,0,,,,0,cancelled
2026-04-18 17:00,ord-000297,buy,75834.74,1776533070642,0,0,0,,,,0,cancelled
2026-04-18 17:00,ord-000298,sell,75838.75,1776533070642,0,0,0,,,,0,cancelled
2026-04-18 17:00,ord-000299,buy,75840.61,1776533075724,0,0,0,,,,0,cancelled
2026-04-18 17:00,ord-000300,sell,75844.62,1776533075724,0,0,0,,,,0,cancelled
2026-04-18 17:00,ord-000301,buy,75841.76,1776533080724,0,0,0,,,,0,cancelled
2026-04-18 17:00,ord-000302,sell,75845.77,1776533080724,0,0,0,,,,0,cancelled
2026-04-18 17:00,ord-000303,buy,75845.91,1776533085725,0,0,0,,,,0,cancelled
2026-04-18 17:00,ord-000304,sell,75849.92,1776533085725,0,0,0,,,,0,cancelled
2026-04-18 17:00,ord-000305,buy,75849.32,1776533108824,0,0,0,,,,0,cancelled
2026-04-18 17:00,ord-000306,sell,75853.33,1776533108824,0,0,0,,,,0,cancelled
2026-04-18 17:00,ord-000307,buy,75822.32,1776533113824,0,0,0,,,,0,cancelled
2026-04-18 17:00,ord-000308,sell,75826.33,1776533113824,0,0,0,,,,0,cancelled
2026-04-18 17:00,ord-000309,buy,75812.84,1776533145524,0,0,0,,,,0,cancelled
2026-04-18 17:00,ord-000310,sell,75816.85,1776533145524,0,0,0,,,,0,cancelled
2026-04-18 17:00,ord-000311,buy,75819.90,1776533151624,0,0,0,,,,0,cancelled
2026-04-18 17:00,ord-000312,sell,75823.91,1776533151624,0,0,0,,,,0,cancelled
2026-04-18 17:00,ord-000313,buy,75821.21,1776533159324,0,0,0,,,,0,cancelled
2026-04-18 17:00,ord-000314,sell,75825.22,1776533159324,0,0,0,,,,0,cancelled
2026-04-18 17:00,ord-000315,buy,75837.11,1776533164324,0,0,0,,,,0,cancelled
2026-04-18 17:00,ord-000316,sell,75841.12,1776533164324,0,0,0,,,,0,cancelled
2026-04-18 17:00,ord-000317,buy,75849.31,1776533169324,0,0,0,,,,0,cancelled
2026-04-18 17:00,ord-000318,sell,75853.32,1776533169324,0,0,0,,,,0,cancelled
2026-04-18 17:00,ord-000319,buy,75848.00,1776533211724,0,0,0,,,,0,cancelled
2026-04-18 17:00,ord-000320,sell,75852.01,1776533211724,0,0,0,,,,0,cancelled
2026-04-18 17:00,ord-000321,buy,75845.01,1776533216724,0,0,0,,,,0,cancelled
2026-04-18 17:00,ord-000322,sell,75849.02,1776533216724,0,0,0,,,,0,cancelled
2026-04-18 17:00,ord-000323,buy,75849.31,1776533225324,0,0,0,,,,0,cancelled
2026-04-18 17:00,ord-000324,sell,75853.32,1776533225324,0,0,0,,,,0,cancelled
2026-04-18 17:00,ord-000325,buy,75856.78,1776533230524,0,0,0,,,,0,cancelled
2026-04-18 17:00,ord-000326,sell,75860.79,1776533230524,0,0,0,,,,0,cancelled
2026-04-18 17:00,ord-000327,buy,75856.79,1776533254224,0,0,0,,,,0,cancelled
2026-04-18 17:00,ord-000328,sell,75860.80,1776533254224,0,0,0,,,,0,cancelled
2026-04-18 17:00,ord-000329,buy,75860.46,1776533259224,0,0,0,,,,0,cancelled
2026-04-18 17:00,ord-000330,sell,75864.47,1776533259224,0.00007000,0,0,,,,0,cancelled
2026-04-18 17:00,ord-000331,buy,75850.34,1776533276224,0,0,0,,,,0,cancelled
2026-04-18 17:00,ord-000332,sell,75854.35,1776533276224,0,0,0,,,,0,cancelled
2026-04-18 17:00,ord-000333,buy,75850.33,1776533281224,0,0,0,,,,0,cancelled
2026-04-18 17:00,ord-000334,sell,75854.34,1776533281224,0,0,0,,,,0,cancelled
2026-04-18 17:00,ord-000335,buy,75854.93,1776533308624,0,0,0,,,,0,cancelled
2026-04-18 17:00,ord-000336,sell,75858.94,1776533308624,0,0,0,,,,0,cancelled
2026-04-18 17:00,ord-000337,buy,75860.45,1776533313624,0,0,0,,,,0,cancelled
2026-04-18 17:00,ord-000338,sell,75864.46,1776533313624,0,0,0,,,,0,cancelled
2026-04-18 17:00,ord-000339,buy,75860.46,1776533320224,0,0,0,,,,0,cancelled
2026-04-18 17:00,ord-000340,sell,75864.47,1776533320224,0.00007000,0,0,,,,0,cancelled
2026-04-18 17:00,ord-000341,buy,75860.47,1776533330624,0,0,0,,,,0,cancelled
2026-04-18 17:00,ord-000342,sell,75864.48,1776533330624,0,0,0,,,,0,cancelled
2026-04-18 17:00,ord-000343,buy,75870.10,1776533336624,0,0,0,,,,0,cancelled
2026-04-18 17:00,ord-000344,sell,75874.11,1776533336624,0.00008000,0,0,,,,0,cancelled
2026-04-18 17:00,ord-000345,buy,75884.03,1776533341624,0,0,0,,,,0,cancelled
2026-04-18 17:00,ord-000346,sell,75888.04,1776533341624,0,0,0,,,,0,cancelled
2026-04-18 17:00,ord-000347,buy,75886.24,1776533350024,0,0,0,,,,0,cancelled
2026-04-18 17:00,ord-000348,sell,75890.25,1776533350024,0,0,0,,,,0,cancelled
2026-04-18 17:00,ord-000349,buy,75887.99,1776533369026,0,0,0,,,,0,cancelled
2026-04-18 17:00,ord-000350,sell,75892.00,1776533369026,0.00120000,0.00120000,0,,,,0,cancelled
2026-04-18 17:00,ord-000351,buy,75894.01,1776533374124,0,0,0,,,,0,cancelled
2026-04-18 17:00,ord-000352,sell,75898.02,1776533374124,0,0,0,,,,0,cancelled
2026-04-18 17:00,ord-000353,buy,75871.84,1776533379124,0,0,0,,,,0,cancelled
2026-04-18 17:00,ord-000354,sell,75875.85,1776533379124,0,0,0,,,,0,cancelled
2026-04-18 17:00,ord-000355,buy,75860.47,1776533384124,0.00007000,0.00007000,0,,,,0,cancelled
2026-04-18 17:00,ord-000356,sell,75864.48,1776533384124,0.12938000,0,0,,,,0,cancelled
2026-04-18 17:00,ord-000357,buy,75850.34,1776533389124,0,0,0,,,,0,cancelled
2026-04-18 17:00,ord-000358,sell,75854.35,1776533389124,0,0,0,,,,0,cancelled
2026-04-18 17:00,ord-000359,buy,75859.45,1776533394124,0,0,0,,,,0,cancelled
2026-04-18 17:00,ord-000360,sell,75863.46,1776533394124,0,0,0,,,,0,cancelled
2026-04-18 17:00,ord-000361,buy,75858.74,1776533399124,0,0,0,,,,0,cancelled
2026-04-18 17:00,ord-000362,sell,75862.75,1776533399124,0.00007000,0,0,,,,0,cancelled
2026-04-18 17:00,ord-000363,buy,75851.86,1776533404124,0,0,0,,,,0,cancelled
2026-04-18 17:00,ord-000364,sell,75855.87,1776533404124,0,0,0,,,,0,cancelled
2026-04-18 17:00,ord-000365,buy,75876.11,1776533409124,0,0,0,,,,0,cancelled
2026-04-18 17:00,ord-000366,sell,75880.12,1776533409124,0,0,0,,,,0,cancelled
2026-04-18 17:00,ord-000367,buy,75855.01,1776533414124,0,0,0,,,,0,cancelled
2026-04-18 17:00,ord-000368,sell,75859.02,1776533414124,0,0,0,,,,0,cancelled
2026-04-18 17:00,ord-000369,buy,75860.45,1776533436824,0,0,0,,,,0,cancelled
2026-04-18 17:00,ord-000370,sell,75864.46,1776533436824,0,0,0,,,,0,cancelled
2026-04-18 17:00,ord-000371,buy,75868.84,1776533441824,0,0,0,,,,0,cancelled
2026-04-18 17:00,ord-000372,sell,75872.85,1776533441824,0,0,0,,,,0,cancelled
2026-04-18 17:00,ord-000373,buy,75875.22,1776533453124,0,0,0,,,,0,cancelled
2026-04-18 17:00,ord-000374,sell,75879.23,1776533453124,0.03953000,0,0,,,,0,cancelled
2026-04-18 17:00,ord-000375,buy,75879.15,1776533458124,0,0,0,,,,0,cancelled
2026-04-18 17:00,ord-000376,sell,75883.16,1776533458124,0,0,0,,,,0,cancelled
2026-04-18 17:00,ord-000377,buy,75888.00,1776533463124,0,0,0,,,,0,cancelled
2026-04-18 17:00,ord-000378,sell,75892.01,1776533463124,0,0,0,,,,0,cancelled
2026-04-18 17:00,ord-000379,buy,75882.00,1776533474024,0.00120000,0.00120000,0,,,,0,cancelled
2026-04-18 17:00,ord-000380,sell,75886.01,1776533474024,0,0,0,,,,0,cancelled
2026-04-18 17:00,ord-000381,buy,75868.84,1776533479024,0,0,0,,,,0,cancelled
2026-04-18 17:00,ord-000382,sell,75872.85,1776533479024,0,0,0,,,,0,cancelled
2026-04-18 17:00,ord-000383,buy,75860.47,1776533484024,0.00007000,0,0,,,,0,cancelled
2026-04-18 17:00,ord-000384,sell,75864.48,1776533484024,0,0,0,,,,0,cancelled
2026-04-18 17:00,ord-000385,buy,75863.73,1776533495624,0,0,0,,,,0,cancelled
2026-04-18 17:00,ord-000386,sell,75867.74,1776533495624,0,0,0,,,,0,cancelled
2026-04-18 17:00,ord-000387,buy,75866.19,1776533501524,0,0,0,,,,0,cancelled
2026-04-18 17:00,ord-000388,sell,75870.20,1776533501524,0,0,0,,,,0,cancelled
2026-04-18 17:00,ord-000389,buy,75879.99,1776533506524,1.36244000,0.01820000,0,,,,0,cancelled
2026-04-18 17:00,ord-000390,sell,75884.00,1776533506524,0.00120000,0,0,,,,0,cancelled
2026-04-18 17:00,ord-000391,buy,75875.99,1776533511524,0.00007000,0.00007000,0,1776533512402,0.00007000,0.00000000,0.00028000,cancelled
2026-04-18 17:00,ord-000392,sell,75880.00,1776533511524,0.00862000,0,0,,,,0,cancelled
2026-04-18 17:00,ord-000393,buy,75856.85,1776533516524,0,0,0,,,,0,cancelled
2026-04-18 17:00,ord-000394,sell,75860.86,1776533516524,0,0,0,,,,0,cancelled
2026-04-18 17:00,ord-000395,buy,75852.00,1776533522124,0.00120000,0,0,,,,0,cancelled
2026-04-18 17:00,ord-000396,sell,75856.01,1776533522124,0,0,0,,,,0,cancelled
2026-04-18 17:00,ord-000397,buy,75858.45,1776533527124,0,0,0,,,,0,cancelled
2026-04-18 17:00,ord-000398,sell,75862.46,1776533527124,0,0,0,,,,0,cancelled
2026-04-18 17:00,ord-000399,buy,75862.55,1776533532124,0,0,0,,,,0,cancelled
2026-04-18 17:00,ord-000400,sell,75866.56,1776533532124,0,0,0,,,,0,cancelled
2026-04-18 17:00,ord-000401,buy,75863.73,1776533542924,0,0,0,,,,0,cancelled
2026-04-18 17:00,ord-000402,sell,75867.74,1776533542924,0,0,0,,,,0,cancelled
2026-04-18 17:00,ord-000403,buy,75873.25,1776533547924,0,0,0,,,,0,cancelled
2026-04-18 17:00,ord-000404,sell,75877.26,1776533547924,0,0,0,,,,0,cancelled
2026-04-18 17:00,ord-000405,buy,75873.26,1776533554724,0,0,0,,,,0,cancelled
2026-04-18 17:00,ord-000406,sell,75877.27,1776533554724,0,0,0,,,,0,cancelled
2026-04-18 17:00,ord-000407,buy,75879.59,1776533559724,0.00014000,0,0,,,,0,cancelled
2026-04-18 17:00,ord-000408,sell,75883.60,1776533559724,0,0,0,,,,0,cancelled
2026-04-18 17:00,ord-000409,buy,75881.97,1776533564724,0,0,0,,,,0,cancelled
2026-04-18 17:00,ord-000410,sell,75885.98,1776533564724,0,0,0,,,,0,cancelled
2026-04-18 17:00,ord-000411,buy,75882.78,1776533577324,0,0,0,,,,0,cancelled
2026-04-18 17:00,ord-000412,sell,75886.79,1776533577324,0,0,0,,,,0,cancelled
2026-04-18 17:00,ord-000413,buy,75887.24,1776533582325,0,0,0,,,,0,cancelled
2026-04-18 17:00,ord-000414,sell,75891.25,1776533582325,0,0,0,,,,0,cancelled
2026-04-18 17:00,ord-000415,buy,75887.25,1776533587424,0.00014000,0,0,,,,0,cancelled
2026-04-18 17:00,ord-000416,sell,75891.26,1776533587424,0,0,0,,,,0,cancelled
2026-04-18 17:00,ord-000417,buy,75889.58,1776533592424,0,0,0,,,,0,cancelled
2026-04-18 17:00,ord-000418,sell,75893.59,1776533592424,0,0,0,,,,0,cancelled
2026-04-18 17:00,ord-000419,buy,75894.03,1776533597424,0,0,0,,,,0,cancelled
2026-04-18 17:00,ord-000420,sell,75898.04,1776533597424,0.00007000,0,0,,,,0,cancelled
2026-04-18 17:00,ord-000421,buy,75887.92,1776533624624,0,0,0,,,,0,cancelled
2026-04-18 17:00,ord-000422,sell,75891.93,1776533624624,0,0,0,,,,0,cancelled
2026-04-18 17:00,ord-000423,buy,75894.03,1776533673924,0,0,0,,,,0,cancelled
2026-04-18 17:00,ord-000424,sell,75898.04,1776533673924,0.00007000,0,0,,,,0,cancelled
2026-04-18 17:00,ord-000425,buy,75888.92,1776533743324,0,0,0,,,,0,cancelled
2026-04-18 17:00,ord-000426,sell,75892.93,1776533743324,0,0,0,,,,0,cancelled
2026-04-18 17:00,ord-000427,buy,75888.00,1776533849424,0.00120000,0.00120000,0,,,,0,cancelled
2026-04-18 17:00,ord-000428,sell,75892.01,1776533849424,0,0,0,,,,0,cancelled
2026-04-18 17:00,ord-000429,buy,75886.17,1776533933524,0,0,0,,,,0,cancelled
2026-04-18 17:00,ord-000430,sell,75890.18,1776533933524,0,0,0,,,,0,cancelled
2026-04-18 17:00,ord-000431,buy,75879.68,1776533938524,0,0,0,,,,0,cancelled
2026-04-18 17:00,ord-000432,sell,75883.69,1776533938524,0,0,0,,,,0,cancelled
2026-04-18 17:00,ord-000433,buy,75882.60,1776533943524,0,0,0,,,,0,cancelled
2026-04-18 17:00,ord-000434,sell,75886.61,1776533943524,0,0,0,,,,0,cancelled
2026-04-18 17:00,ord-000435,buy,75888.41,1776533979224,0,0,0,,,,0,cancelled
2026-04-18 17:00,ord-000436,sell,75892.42,1776533979224,0,0,0,,,,0,cancelled
2026-04-18 17:00,ord-000437,buy,75886.48,1776533999424,0,0,0,,,,0,cancelled
2026-04-18 17:00,ord-000438,sell,75890.49,1776533999424,0,0,0,,,,0,cancelled
2026-04-18 17:00,ord-000439,buy,75879.47,1776534004424,0,0,0,,,,0,cancelled
2026-04-18 17:00,ord-000440,sell,75883.48,1776534004424,0,0,0,,,,0,cancelled
2026-04-18 17:00,ord-000441,buy,75878.73,1776534009924,0,0,0,,,,0,cancelled
2026-04-18 17:00,ord-000442,sell,75882.74,1776534009924,0,0,0,,,,0,cancelled
2026-04-18 17:00,ord-000443,buy,75877.47,1776534017324,0,0,0,,,,0,cancelled
2026-04-18 17:00,ord-000444,sell,75881.48,1776534017324,0.19446000,0,0,,,,0,cancelled
2026-04-18 17:00,ord-000445,buy,75872.83,1776534022324,0.00014000,0,0,,,,0,cancelled
2026-04-18 17:00,ord-000446,sell,75876.84,1776534022324,0,0,0,,,,0,cancelled
2026-04-18 17:00,ord-000447,buy,75875.21,1776534037132,0,0,0,,,,0,cancelled
2026-04-18 17:00,ord-000448,sell,75879.22,1776534037132,0,0,0,,,,0,cancelled
2026-04-18 17:00,ord-000449,buy,75881.18,1776534042224,0,0,0,,,,0,cancelled
2026-04-18 17:00,ord-000450,sell,75885.19,1776534042224,0,0,0,,,,0,cancelled
2026-04-18 17:00,ord-000451,buy,75885.99,1776534075324,0,0,0,,,,0,cancelled
2026-04-18 17:00,ord-000452,sell,75890.00,1776534075324,0.00120000,0,0,,,,0,cancelled
2026-04-18 17:00,ord-000453,buy,75879.00,1776534219424,0,0,0,,,,0,cancelled
2026-04-18 17:00,ord-000454,sell,75883.01,1776534219424,0,0,0,,,,0,cancelled
2026-04-18 17:00,ord-000455,buy,75883.98,1776534257024,0,0,0,,,,0,cancelled
2026-04-18 17:00,ord-000456,sell,75887.99,1776534257024,0.00014000,0,0,,,,0,cancelled
2026-04-18 17:00,ord-000457,buy,75878.50,1776534298024,0,0,0,,,,0,cancelled
2026-04-18 17:00,ord-000458,sell,75882.51,1776534298024,0,0,0,,,,0,cancelled
2026-04-18 17:00,ord-000459,buy,75876.69,1776534303024,0,0,0,,,,0,cancelled
2026-04-18 17:00,ord-000460,sell,75880.70,1776534303024,0,0,0,,,,0,cancelled
2026-04-18 17:00,ord-000461,buy,75883.98,1776534308024,0,0,0,1776534368074,0,0,0.00021000,cancelled
2026-04-18 17:00,ord-000462,sell,75887.99,1776534308024,0,0,0,,,,0,cancelled
2026-04-18 17:00,ord-000463,buy,75881.97,1776534368124,0,0,0,,,,0,cancelled
2026-04-18 17:00,ord-000464,sell,75885.98,1776534368124,0.05000000,0.00397000,0,,,,0,cancelled
2026-04-18 17:00,ord-000465,buy,75885.12,1776534373124,0,0,0,,,,0,cancelled
2026-04-18 17:00,ord-000466,sell,75889.13,1776534373124,0,0,0,,,,0,cancelled
2026-04-18 17:00,ord-000467,buy,75886.58,1776534404824,0,0,0,,,,0,cancelled
2026-04-18 17:00,ord-000468,sell,75890.59,1776534404824,0,0,0,,,,0,cancelled
2026-04-18 17:00,ord-000469,buy,75890.15,1776534445824,0,0,0,,,,0,cancelled
2026-04-18 17:00,ord-000470,sell,75894.16,1776534445824,0,0,0,,,,0,cancelled
2026-04-18 17:00,ord-000471,buy,75893.63,1776534456924,0,0,0,,,,0,cancelled
2026-04-18 17:00,ord-000472,sell,75897.64,1776534456924,0,0,0,,,,0,cancelled
2026-04-18 17:00,ord-000473,buy,75892.69,1776534578824,0,0,0,,,,0,cancelled
2026-04-18 17:00,ord-000474,sell,75896.70,1776534578824,0,0,0,,,,0,cancelled
2026-04-18 17:00,ord-000475,buy,75890.00,1776534583824,39.51960000,0.00040000,0,,,,0,cancelled
2026-04-18 17:00,ord-000476,sell,75894.01,1776534583824,0,0,0,,,,0,cancelled
2026-04-18 17:00,ord-000477,buy,75886.58,1776534638524,0,0,0,,,,0,cancelled
2026-04-18 17:00,ord-000478,sell,75890.59,1776534638524,0,0,0,,,,0,cancelled
2026-04-18 17:00,ord-000479,buy,75889.52,1776534671624,0,0,0,,,,0,cancelled
2026-04-18 17:00,ord-000480,sell,75893.53,1776534671624,0.08014000,0,0,,,,0,cancelled
2026-04-18 17:00,ord-000481,buy,75886.43,1776534701524,0,0,0,,,,0,cancelled
2026-04-18 17:00,ord-000482,sell,75890.44,1776534701524,0,0,0,,,,0,cancelled
2026-04-18 17:00,ord-000483,buy,75878.80,1776534706524,0,0,0,,,,0,cancelled
2026-04-18 17:00,ord-000484,sell,75882.81,1776534706524,0,0,0,,,,0,cancelled
2026-04-18 17:00,ord-000485,buy,75884.92,1776534737024,0,0,0,,,,0,cancelled
2026-04-18 17:00,ord-000486,sell,75888.93,1776534737024,0,0,0,,,,0,cancelled
2026-04-18 17:00,ord-000487,buy,75888.62,1776534742024,0,0,0,,,,0,cancelled
2026-04-18 17:00,ord-000488,sell,75892.63,1776534742024,0,0,0,,,,0,cancelled
2026-04-18 17:00,ord-000489,buy,75890.19,1776534750727,0,0,0,,,,0,cancelled
2026-04-18 17:00,ord-000490,sell,75894.20,1776534750727,0,0,0,,,,0,cancelled
2026-04-18 17:00,ord-000491,buy,75889.52,1776534779824,0,0,0,,,,0,cancelled
2026-04-18 17:00,ord-000492,sell,75893.53,1776534779824,0,0,0,,,,0,cancelled
2026-04-18 17:00,ord-000493,buy,75888.22,1776534784824,0,0,0,,,,0,cancelled
2026-04-18 17:00,ord-000494,sell,75892.23,1776534784824,0,0,0,,,,0,cancelled
2026-04-18 17:00,ord-000495,buy,75883.44,1776534809224,0,0,0,,,,0,cancelled
2026-04-18 17:00,ord-000496,sell,75887.45,1776534809224,0,0,0,,,,0,cancelled
2026-04-18 17:00,ord-000497,buy,75881.17,1776534822524,0,0,0,,,,0,cancelled
2026-04-18 17:00,ord-000498,sell,75885.18,1776534822524,0,0,0,,,,0,cancelled
2026-04-18 17:00,ord-000499,buy,75873.77,1776534848024,0,0,0,,,,0,cancelled
2026-04-18 17:00,ord-000500,sell,75877.78,1776534848024,0,0,0,,,,0,cancelled
2026-04-18 17:00,ord-000501,buy,75868.00,1776534912724,0.00120000,0.00120000,0,,,,0,cancelled
2026-04-18 17:00,ord-000502,sell,75872.01,1776534912724,0,0,0,,,,0,cancelled
2026-04-18 17:00,ord-000503,buy,75865.41,1776534935124,0,0,0,,,,0,cancelled
2026-04-18 17:00,ord-000504,sell,75869.42,1776534935124,0,0,0,,,,0,cancelled
2026-04-18 17:00,ord-000505,buy,75864.40,1776534943324,0,0,0,,,,0,cancelled
2026-04-18 17:00,ord-000506,sell,75868.41,1776534943324,0,0,0,,,,0,cancelled
2026-04-18 17:00,ord-000507,buy,75856.85,1776534948324,0,0,0,,,,0,cancelled
2026-04-18 17:00,ord-000508,sell,75860.86,1776534948324,0,0,0,,,,0,cancelled
2026-04-18 17:00,ord-000509,buy,75850.70,1776534953324,0,0,0,,,,0,cancelled
2026-04-18 17:00,ord-000510,sell,75854.71,1776534953324,0,0,0,,,,0,cancelled
2026-04-18 17:00,ord-000511,buy,75845.44,1776534958324,0,0,0,,,,0,cancelled
2026-04-18 17:00,ord-000512,sell,75849.45,1776534958324,0,0,0,,,,0,cancelled
2026-04-18 17:00,ord-000513,buy,75852.96,1776534976424,0,0,0,,,,0,cancelled
2026-04-18 17:00,ord-000514,sell,75856.97,1776534976424,0,0,0,,,,0,cancelled
2026-04-18 17:00,ord-000515,buy,75846.00,1776535179824,0.00467000,0.00467000,0,1776535179892,0.00467000,0.00000000,0.001,filled
2026-04-18 17:00,ord-000516,sell,75850.01,1776535179824,0,0,0,,,,0,cancelled
2026-04-18 17:00,ord-000517,buy,75843.54,1776535179924,0.00231000,0.00231000,0,,,,0,cancelled
2026-04-18 17:00,ord-000518,sell,75847.55,1776535179924,0,0,0,,,,0,cancelled
2026-04-18 17:00,ord-000519,buy,75834.09,1776535184924,0,0,0,,,,0,cancelled
2026-04-18 17:00,ord-000520,sell,75838.10,1776535184924,0,0,0,,,,0,cancelled
2026-04-18 17:00,ord-000521,buy,75826.50,1776535189924,0,0,0,,,,0,expired
2026-04-18 17:00,ord-000522,sell,75830.51,1776535189924,0,0,0,,,,0,expired
