session,order_id,side,price,queued_time_ms,initial_queue_ahead,total_trade_queue_drained,total_cancel_queue_drained,first_fill_time_ms,first_queue_ahead_before_trade,first_queue_ahead_before_fill,filled_quantity,final_status
2026-04-18 19:00,ord-000001,buy,75624.02,1776538801230,0,0,0,,,,0,cancelled
2026-04-18 19:00,ord-000002,sell,75628.03,1776538801230,0,0,0,,,,0,cancelled
2026-04-18 19:00,ord-000003,buy,75629.52,1776538811182,0,0,0,,,,0,cancelled
2026-04-18 19:00,ord-000004,sell,75633.53,1776538811182,0,0,0,,,,0,cancelled
2026-04-18 19:00,ord-000005,buy,75642.52,1776538816224,0,0,0,,,,0,cancelled
2026-04-18 19:00,ord-000006,sell,75646.53,1776538816224,0,0,0,,,,0,cancelled
2026-04-18 19:00,ord-000007,buy,75639.98,1776538824224,0,0,0,,,,0,cancelled
2026-04-18 19:00,ord-000008,sell,75643.99,1776538824224,0,0,0,,,,0,cancelled
2026-04-18 19:00,ord-000009,buy,75632.34,1776538829224,0,0,0,,,,0,cancelled
2026-04-18 19:00,ord-000010,sell,75636.35,1776538829224,0,0,0,,,,0,cancelled
2026-04-18 19:00,ord-000011,buy,75636.42,1776538851124,0,0,0,,,,0,cancelled
2026-04-18 19:00,ord-000012,sell,75640.43,1776538851124,0,0,0,,,,0,cancelled
2026-04-18 19:00,ord-000013,buy,75660.91,1776538856124,0,0,0,,,,0,cancelled
2026-04-18 19:00,ord-000014,sell,75664.92,1776538856124,0,0,0,,,,0,cancelled
2026-04-18 19:00,ord-000015,buy,75669.45,1776538861124,0,0,0,,,,0,cancelled
2026-04-18 19:00,ord-000016,sell,75673.46,1776538861124,0,0,0,,,,0,cancelled
2026-04-18 19:00,ord-000017,buy,75668.30,1776538873224,0,0,0,,,,0,cancelled
2026-04-18 19:00,ord-000018,sell,75672.31,1776538873224,0,0,0,,,,0,cancelled
2026-04-18 19:00,ord-000019,buy,75662.16,1776538878224,0,0,0,,,,0,cancelled
2026-04-18 19:00,ord-000020,sell,75666.17,1776538878224,0,0,0,,,,0,cancelled
2026-04-18 19:00,ord-000021,buy,75665.94,1776538888156,0,0,0,,,,0,cancelled
2026-04-18 19:00,ord-000022,sell,75669.95,1776538888156,0,0,0,,,,0,cancelled
2026-04-18 19:00,ord-000023,buy,75678.51,1776538893224,0,0,0,,,,0,cancelled
2026-04-18 19:00,ord-000024,sell,75682.52,1776538893224,0,0,0,,,,0,cancelled
2026-04-18 19:00,ord-000025,buy,75674.40,1776538909924,0,0,0,,,,0,cancelled
2026-04-18 19:00,ord-000026,sell,75678.41,1776538909924,0,0,0,,,,0,cancelled
2026-04-18 19:00,ord-000027,buy,75667.39,1776538914924,0,0,0,,,,0,cancelled
2026-04-18 19:00,ord-000028,sell,75671.40,1776538914924,0,0,0,,,,0,cancelled
2026-04-18 19:00,ord-000029,buy,75673.11,1776538921024,0,0,0,,,,0,cancelled
2026-04-18 19:00,ord-000030,sell,75677.12,1776538921024,0,0,0,,,,0,cancelled
2026-04-18 19:00,ord-000031,buy,75678.51,1776538926024,0,0,0,,,,0,cancelled
2026-04-18 19:00,ord-000032,sell,75682.52,1776538926024,0,0,0,,,,0,cancelled
2026-04-18 19:00,ord-000033,buy,75701.39,1776538931024,0,0,0,,,,0,cancelled
2026-04-18 19:00,ord-000034,sell,75705.40,1776538931024,0,0,0,,,,0,cancelled
2026-04-18 19:00,ord-000035,buy,75726.48,1776538936024,0,0,0,,,,0,cancelled
2026-04-18 19:00,ord-000036,sell,75730.49,1776538936024,0,0,0,,,,0,cancelled
2026-04-18 19:00,ord-000037,buy,75723.59,1776538960924,0,0,0,,,,0,cancelled
2026-04-18 19:00,ord-000038,sell,75727.60,1776538960924,0,0,0,,,,0,cancelled
2026-04-18 19:00,ord-000039,buy,75708.97,1776538965924,0,0,0,,,,0,cancelled
2026-04-18 19:00,ord-000040,sell,75712.98,1776538965924,0,0,0,,,,0,cancelled
2026-04-18 19:00,ord-000041,buy,75710.85,1776538983424,0,0,0,,,,0,cancelled
2026-04-18 19:00,ord-000042,sell,75714.86,1776538983424,0,0,0,,,,0,cancelled
2026-04-18 19:00,ord-000043,buy,75716.55,1776538988424,0,0,0,,,,0,cancelled
2026-04-18 19:00,ord-000044,sell,75720.56,1776538988424,0,0,0,,,,0,cancelled
2026-04-18 19:00,ord-000045,buy,75716.13,1776539011624,0,0,0,,,,0,cancelled
2026-04-18 19:00,ord-000046,sell,75720.14,1776539011624,0,0,0,,,,0,cancelled
2026-04-18 19:00,ord-000047,buy,75710.05,1776539016624,0,0,0,,,,0,cancelled
2026-04-18 19:00,ord-000048,sell,75714.06,1776539016624,0,0,0,,,,0,cancelled
2026-04-18 19:00,ord-000049,buy,75698.00,1776539021624,0.00120000,0,0,,,,0,cancelled
2026-04-18 19:00,ord-000050,sell,75702.01,1776539021624,0,0,0,,,,0,cancelled
2026-04-18 19:00,ord-000051,buy,75705.58,1776539029124,0,0,0,,,,0,cancelled
2026-04-18 19:00,ord-000052,sell,75709.59,1776539029124,0.00014000,0,0,,,,0,cancelled
2026-04-18 19:00,ord-000053,buy,75705.77,1776539048524,0,0,0,,,,0,cancelled
2026-04-18 19:00,ord-000054,sell,75709.78,1776539048524,0,0,0,,,,0,cancelled
2026-04-18 19:00,ord-000055,buy,75717.58,1776539053524,0,0,0,,,,0,cancelled
2026-04-18 19:00,ord-000056,sell,75721.59,1776539053524,0,0,0,,,,0,cancelled
2026-04-18 19:00,ord-000057,buy,75686.05,1776539058524,0,0,0,,,,0,cancelled
2026-04-18 19:00,ord-000058,sell,75690.06,1776539058524,0,0,0,,,,0,cancelled
2026-04-18 19:00,ord-000059,buy,75697.88,1776539063524,0,0,0,,,,0,cancelled
2026-04-18 19:00,ord-000060,sell,75701.89,1776539063524,0,0,0,,,,0,cancelled
2026-04-18 19:00,ord-000061,buy,75704.71,1776539068524,0,0,0,,,,0,cancelled
2026-04-18 19:00,ord-000062,sell,75708.72,1776539068524,0,0,0,,,,0,cancelled
2026-04-18 19:00,ord-000063,buy,75707.80,1776539088424,0,0,0,,,,0,cancelled
2026-04-18 19:00,ord-000064,sell,75711.81,1776539088424,0,0,0,,,,0,cancelled
2026-04-18 19:00,ord-000065,buy,75709.54,1776539093424,0,0,0,,,,0,cancelled
2026-04-18 19:00,ord-000066,sell,75713.55,1776539093424,0,0,0,,,,0,cancelled
2026-04-18 19:00,ord-000067,buy,75708.23,1776539119224,0,0,0,,,,0,cancelled
2026-04-18 19:00,ord-000068,sell,75712.24,1776539119224,0,0,0,,,,0,cancelled
2026-04-18 19:00,ord-000069,buy,75682.89,1776539124224,0,0,0,,,,0,cancelled
2026-04-18 19:00,ord-000070,sell,75686.90,1776539124224,0,0,0,,,,0,cancelled
2026-04-18 19:00,ord-000071,buy,75687.51,1776539129224,0,0,0,,,,0,cancelled
2026-04-18 19:00,ord-000072,sell,75691.52,1776539129224,0,0,0,,,,0,cancelled
2026-04-18 19:00,ord-000073,buy,75694.28,1776539134224,0,0,0,,,,0,cancelled
2026-04-18 19:00,ord-000074,sell,75698.29,1776539134224,0,0,0,,,,0,cancelled
2026-04-18 19:00,ord-000075,buy,75683.65,1776539139224,0,0,0,,,,0,cancelled
2026-04-18 19:00,ord-000076,sell,75687.66,1776539139224,0,0,0,,,,0,cancelled
2026-04-18 19:00,ord-000077,buy,75687.82,1776539146324,0,0,0,,,,0,cancelled
2026-04-18 19:00,ord-000078,sell,75691.83,1776539146324,0,0,0,,,,0,cancelled
2026-04-18 19:00,ord-000079,buy,75693.21,1776539151324,0,0,0,,,,0,cancelled
2026-04-18 19:00,ord-000080,sell,75697.22,1776539151324,0,0,0,,,,0,cancelled
2026-04-18 19:00,ord-000081,buy,75700.59,1776539156324,0.00007000,0,0,,,,0,cancelled
2026-04-18 19:00,ord-000082,sell,75704.60,1776539156324,0,0,0,,,,0,cancelled
2026-04-18 19:00,ord-000083,buy,75701.73,1776539164924,0,0,0,,,,0,cancelled
2026-04-18 19:00,ord-000084,sell,75705.74,1776539164924,0,0,0,,,,0,cancelled
2026-04-18 19:00,ord-000085,buy,75698.66,1776539182724,0,0,0,,,,0,cancelled
2026-04-18 19:00,ord-000086,sell,75702.67,1776539182724,0,0,0,,,,0,cancelled
2026-04-18 19:00,ord-000087,buy,75692.01,1776539187724,0,0,0,,,,0,cancelled
2026-04-18 19:00,ord-000088,sell,75696.02,1776539187724,0,0,0,,,,0,cancelled
2026-04-18 19:00,ord-000089,buy,75702.52,1776539256824,0,0,0,,,,0,cancelled
2026-04-18 19:00,ord-000090,sell,75706.53,1776539256824,0,0,0,,,,0,cancelled
2026-04-18 19:00,ord-000091,buy,75717.75,1776539261824,0,0,0,,,,0,cancelled
2026-04-18 19:00,ord-000092,sell,75721.76,1776539261824,0,0,0,,,,0,cancelled
2026-04-18 19:00,ord-000093,buy,75706.00,1776539266824,0.00120000,0,0,,,,0,cancelled
2026-04-18 19:00,ord-000094,sell,75710.01,1776539266824,0,0,0,,,,0,cancelled
2026-04-18 19:00,ord-000095,buy,75708.24,1776539288024,0,0,0,,,,0,cancelled
2026-04-18 19:00,ord-000096,sell,75712.25,1776539288024,0,0,0,,,,0,cancelled
2026-04-18 19:00,ord-000097,buy,75717.75,1776539293024,0,0,0,,,,0,cancelled
2026-04-18 19:00,ord-000098,sell,75721.76,1776539293024,0,0,0,,,,0,cancelled
2026-04-18 19:00,ord-000099,buy,75723.45,1776539298024,0,0,0,,,,0,cancelled
2026-04-18 19:00,ord-000100,sell,75727.46,1776539298024,0,0,0,,,,0,cancelled
2026-04-18 19:00,ord-000101,buy,75727.93,1776539303924,0,0,0,,,,0,cancelled
2026-04-18 19:00,ord-000102,sell,75731.94,1776539303924,0,0,0,,,,0,cancelled
2026-04-18 19:00,ord-000103,buy,75733.28,1776539308924,0,0,0,,,,0,cancelled
2026-04-18 19:00,ord-000104,sell,75737.29,1776539308924,0,0,0,,,,0,cancelled
2026-04-18 19:00,ord-000105,buy,75762.27,1776539313924,0,0,0,,,,0,cancelled
2026-04-18 19:00,ord-000106,sell,75766.28,1776539313924,0,0,0,,,,0,cancelled
2026-04-18 19:00,ord-000107,buy,75764.65,1776539326224,0,0,0,,,,0,cancelled
2026-04-18 19:00,ord-000108,sell,75768.66,1776539326224,0,0,0,,,,0,cancelled
2026-04-18 19:00,ord-000109,buy,75762.70,1776539332924,0,0,0,,,,0,cancelled
2026-04-18 19:00,ord-000110,sell,75766.71,1776539332924,0,0,0,,,,0,cancelled
2026-04-18 19:00,ord-000111,buy,75764.64,1776539337924,0,0,0,,,,0,cancelled
2026-04-18 19:00,ord-000112,sell,75768.65,1776539337924,0,0,0,,,,0,cancelled
2026-04-18 19:00,ord-000113,buy,75762.27,1776539342924,0,0,0,,,,0,cancelled
2026-04-18 19:00,ord-000114,sell,75766.28,1776539342924,0,0,0,,,,0,cancelled
2026-04-18 19:00,ord-000115,buy,75759.15,1776539355824,0,0,0,,,,0,cancelled
2026-04-18 19:00,ord-000116,sell,75763.16,1776539355824,0,0,0,,,,0,cancelled
2026-04-18 19:00,ord-000117,buy,75742.45,1776539360824,0,0,0,,,,0,cancelled
2026-04-18 19:00,ord-000118,sell,75746.46,1776539360824,0,0,0,,,,0,cancelled
2026-04-18 19:00,ord-000119,buy,75740.00,1776539371824,0.00120000,0,0,,,,0,cancelled
2026-04-18 19:00,ord-000120,sell,75744.01,1776539371824,0,0,0,,,,0,cancelled
2026-04-18 19:00,ord-000121,buy,75739.15,1776539414024,0,0,0,,,,0,cancelled
2026-04-18 19:00,ord-000122,sell,75743.16,1776539414024,0,0,0,,,,0,cancelled
2026-04-18 19:00,ord-000123,buy,75733.28,1776539419024,0,0,0,,,,0,cancelled
2026-04-18 19:00,ord-000124,sell,75737.29,1776539419024,0,0,0,,,,0,cancelled
2026-04-18 19:00,ord-000125,buy,75743.81,1776539430124,0,0,0,,,,0,cancelled
2026-04-18 19:00,ord-000126,sell,75747.82,1776539430124,0,0,0,,,,0,cancelled
2026-04-18 19:00,ord-000127,buy,75750.03,1776539435124,0,0,0,,,,0,cancelled
2026-04-18 19:00,ord-000128,sell,75754.04,1776539435124,0,0,0,,,,0,cancelled
2026-04-18 19:00,ord-000129,buy,75756.45,1776539440124,0,0,0,,,,0,cancelled
2026-04-18 19:00,ord-000130,sell,75760.46,1776539440124,0,0,0,,,,0,cancelled
2026-04-18 19:00,ord-000131,buy,75762.70,1776539445524,0,0,0,,,,0,cancelled
2026-04-18 19:00,ord-000132,sell,75766.71,1776539445524,0,0,0,,,,0,cancelled
2026-04-18 19:00,ord-000133,buy,75751.72,1776539455224,0,0,0,,,,0,cancelled
2026-04-18 19:00,ord-000134,sell,75755.73,1776539455224,0,0,0,,,,0,cancelled
2026-04-18 19:00,ord-000135,buy,75743.43,1776539460224,0,0,0,,,,0,cancelled
2026-04-18 19:00,ord-000136,sell,75747.44,1776539460224,0,0,0,,,,0,cancelled
2026-04-18 19:00,ord-000137,buy,75747.62,1776539465224,0,0,0,,,,0,cancelled
2026-04-18 19:00,ord-000138,sell,75751.63,1776539465224,0,0,0,,,,0,cancelled
2026-04-18 19:00,ord-000139,buy,75751.72,1776539474324,0,0,0,,,,0,cancelled
2026-04-18 19:00,ord-000140,sell,75755.73,1776539474324,0,0,0,,,,0,cancelled
2026-04-18 19:00,ord-000141,buy,75752.84,1776539497824,0,0,0,,,,0,cancelled
2026-04-18 19:00,ord-000142,sell,75756.85,1776539497824,0,0,0,,,,0,cancelled
2026-04-18 19:00,ord-000143,buy,75762.70,1776539502824,0,0,0,,,,0,cancelled
2026-04-18 19:00,ord-000144,sell,75766.71,1776539502824,0,0,0,,,,0,cancelled
2026-04-18 19:00,ord-000145,buy,75782.51,1776539511240,0,0,0,,,,0,cancelled
2026-04-18 19:00,ord-000146,sell,75786.52,1776539511240,0,0,0,,,,0,cancelled
2026-04-18 19:00,ord-000147,buy,75785.76,1776539516324,0,0,0,,,,0,cancelled
2026-04-18 19:00,ord-000148,sell,75789.77,1776539516324,0,0,0,,,,0,cancelled
2026-04-18 19:00,ord-000149,buy,75780.04,1776539521324,0,0,0,,,,0,cancelled
2026-04-18 19:00,ord-000150,sell,75784.05,1776539521324,0,0,0,,,,0,cancelled
2026-04-18 19:00,ord-000151,buy,75770.31,1776539526324,0,0,0,,,,0,cancelled
2026-04-18 19:00,ord-000152,sell,75774.32,1776539526324,0,0,0,,,,0,cancelled
2026-04-18 19:00,ord-000153,buy,75757.31,1776539531324,0,0,0,,,,0,cancelled
2026-04-18 19:00,ord-000154,sell,75761.32,1776539531324,0,0,0,,,,0,cancelled
2026-04-18 19:00,ord-000155,buy,75756.61,1776539537924,0,0,0,,,,0,cancelled
2026-04-18 19:00,ord-000156,sell,75760.62,1776539537924,0,0,0,,,,0,cancelled
2026-04-18 19:00,ord-000157,buy,75751.03,1776539542924,0,0,0,,,,0,cancelled
2026-04-18 19:00,ord-000158,sell,75755.04,1776539542924,0,0,0,,,,0,cancelled
2026-04-18 19:00,ord-000159,buy,75756.12,1776539582124,0,0,0,,,,0,cancelled
2026-04-18 19:00,ord-000160,sell,75760.13,1776539582124,0,0,0,,,,0,cancelled
2026-04-18 19:00,ord-000161,buy,75756.99,1776539587625,0,0,0,,,,0,cancelled
2026-04-18 19:00,ord-000162,sell,75761.00,1776539587625,0,0,0,,,,0,cancelled
2026-04-18 19:00,ord-000163,buy,75756.15,1776539605224,0,0,0,,,,0,cancelled
2026-04-18 19:00,ord-000164,sell,75760.16,1776539605224,0,0,0,,,,0,cancelled
2026-04-18 19:00,ord-000165,buy,75749.87,1776539610224,0,0,0,,,,0,cancelled
2026-04-18 19:00,ord-000166,sell,75753.88,1776539610224,0,0,0,,,,0,cancelled
2026-04-18 19:00,ord-000167,buy,75750.52,1776539646624,0,0,0,,,,0,cancelled
2026-04-18 19:00,ord-000168,sell,75754.53,1776539646624,0,0,0,,,,0,cancelled
2026-04-18 19:00,ord-000169,buy,75741.47,1776539668924,0,0,0,,,,0,cancelled
2026-04-18 19:00,ord-000170,sell,75745.48,1776539668924,0,0,0,,,,0,cancelled
2026-04-18 19:00,ord-000171,buy,75735.74,1776539673924,0,0,0,,,,0,cancelled
2026-04-18 19:00,ord-000172,sell,75739.75,1776539673924,0,0,0,,,,0,cancelled
2026-04-18 19:00,ord-000173,buy,75743.32,1776539679225,0,0,0,,,,0,cancelled
2026-04-18 19:00,ord-000174,sell,75747.33,1776539679225,0,0,0,,,,0,cancelled
2026-04-18 19:00,ord-000175,buy,75743.34,1776539684324,0,0,0,,,,0,cancelled
2026-04-18 19:00,ord-000176,sell,75747.35,1776539684324,0,0,0,,,,0,cancelled
2026-04-18 19:00,ord-000177,buy,75743.35,1776539700924,0,0,0,,,,0,cancelled
2026-04-18 19:00,ord-000178,sell,75747.36,1776539700924,0,0,0,,,,0,cancelled
2026-04-18 19:00,ord-000179,buy,75751.21,1776539708824,0,0,0,,,,0,cancelled
2026-04-18 19:00,ord-000180,sell,75755.22,1776539708824,0,0,0,,,,0,cancelled
2026-04-18 19:00,ord-000181,buy,75754.65,1776539731524,0,0,0,,,,0,cancelled
2026-04-18 19:00,ord-000182,sell,75758.66,1776539731524,0,0,0,,,,0,cancelled
2026-04-18 19:00,ord-000183,buy,75756.99,1776539736524,0,0,0,,,,0,cancelled
2026-04-18 19:00,ord-000184,sell,75761.00,1776539736524,0,0,0,,,,0,cancelled
2026-04-18 19:00,ord-000185,buy,75761.71,1776539741524,0,0,0,,,,0,cancelled
2026-04-18 19:00,ord-000186,sell,75765.72,1776539741524,0,0,0,,,,0,cancelled
2026-04-18 19:00,ord-000187,buy,75767.82,1776539746524,0,0,0,,,,0,cancelled
2026-04-18 19:00,ord-000188,sell,75771.83,1776539746524,0,0,0,,,,0,cancelled
2026-04-18 19:00,ord-000189,buy,75772.36,1776539751524,0,0,0,,,,0,cancelled
2026-04-18 19:00,ord-000190,sell,75776.37,1776539751524,0,0,0,,,,0,cancelled
2026-04-18 19:00,ord-000191,buy,75780.93,1776539776024,0,0,0,,,,0,cancelled
2026-04-18 19:00,ord-000192,sell,75784.94,1776539776024,0,0,0,,,,0,cancelled
2026-04-18 19:00,ord-000193,buy,75784.13,1776539781024,0,0,0,,,,0,cancelled
2026-04-18 19:00,ord-000194,sell,75788.14,1776539781024,0,0,0,,,,0,cancelled
2026-04-18 19:00,ord-000195,buy,75789.79,1776539786425,0,0,0,,,,0,cancelled
2026-04-18 19:00,ord-000196,sell,75793.80,1776539786425,0,0,0,,,,0,cancelled
2026-04-18 19:00,ord-000197,buy,75794.31,1776539791524,0,0,0,,,,0,cancelled
2026-04-18 19:00,ord-000198,sell,75798.32,1776539791524,0,0,0,,,,0,cancelled
2026-04-18 19:00,ord-000199,buy,75790.15,1776539808824,0,0,0,,,,0,cancelled
2026-04-18 19:00,ord-000200,sell,75794.16,1776539808824,0,0,0,,,,0,cancelled
2026-04-18 19:00,ord-000201,buy,75784.13,1776539813824,0,0,0,,,,0,cancelled
2026-04-18 19:00,ord-000202,sell,75788.14,1776539813824,0,0,0,,,,0,cancelled
2026-04-18 19:00,ord-000203,buy,75774.00,1776539827324,0.00120000,0.00120000,0,,,,0,cancelled
2026-04-18 19:00,ord-000204,sell,75778.01,1776539827324,0,0,0,,,,0,cancelled
2026-04-18 19:00,ord-000205,buy,75754.53,1776539832324,0,0,0,,,,0,cancelled
2026-04-18 19:00,ord-000206,sell,75758.54,1776539832324,0,0,0,,,,0,cancelled
2026-04-18 19:00,ord-000207,buy,75757.99,1776539884824,0,0,0,,,,0,cancelled
2026-04-18 19:00,ord-000208,sell,75762.00,1776539884824,0.00040000,0.00040000,0,,,,0,cancelled
2026-04-18 19:00,ord-000209,buy,75772.37,1776539889824,0,0,0,,,,0,cancelled
2026-04-18 19:00,ord-000210,sell,75776.38,1776539889824,0,0,0,,,,0,cancelled
2026-04-18 19:00,ord-000211,buy,75789.99,1776539894824,0,0,0,,,,0,cancelled
2026-04-18 19:00,ord-000212,sell,75794.00,1776539894824,0.00120000,0,0,,,,0,cancelled
2026-04-18 19:00,ord-000213,buy,75782.59,1776539899824,0,0,0,,,,0,cancelled
2026-04-18 19:00,ord-000214,sell,75786.60,1776539899824,0,0,0,,,,0,cancelled
2026-04-18 19:00,ord-000215,buy,75782.43,1776539933024,0,0,0,,,,0,cancelled
2026-04-18 19:00,ord-000216,sell,75786.44,1776539933024,0,0,0,,,,0,cancelled
2026-04-18 19:00,ord-000217,buy,75781.47,1776539959424,0,0,0,,,,0,cancelled
2026-04-18 19:00,ord-000218,sell,75785.48,1776539959424,0,0,0,,,,0,cancelled
2026-04-18 19:00,ord-000219,buy,75780.24,1776539964424,0,0,0,,,,0,cancelled
2026-04-18 19:00,ord-000220,sell,75784.25,1776539964424,0,0,0,,,,0,cancelled
2026-04-18 19:00,ord-000221,buy,75772.37,1776539969424,0,0,0,,,,0,cancelled
2026-04-18 19:00,ord-000222,sell,75776.38,1776539969424,0,0,0,,,,0,cancelled
2026-04-18 19:00,ord-000223,buy,75760.86,1776539974424,0,0,0,,,,0,cancelled
2026-04-18 19:00,ord-000224,sell,75764.87,1776539974424,0,0,0,,,,0,cancelled
2026-04-18 19:00,ord-000225,buy,75754.92,1776539979424,0,0,0,,,,0,cancelled
2026-04-18 19:00,ord-000226,sell,75758.93,1776539979424,0,0,0,,,,0,cancelled
2026-04-18 19:00,ord-000227,buy,75751.21,1776539999324,0,0,0,,,,0,cancelled
2026-04-18 19:00,ord-000228,sell,75755.22,1776539999324,0,0,0,,,,0,cancelled
2026-04-18 19:00,ord-000229,buy,75748.00,1776540004324,0.00120000,0.00120000,0,,,,0,cancelled
2026-04-18 19:00,ord-000230,sell,75752.01,1776540004324,0,0,0,,,,0,cancelled
2026-04-18 19:00,ord-000231,buy,75741.42,1776540009324,0.00019000,0,0,,,,0,cancelled
2026-04-18 19:00,ord-000232,sell,75745.43,1776540009324,0,0,0,,,,0,cancelled
2026-04-18 19:00,ord-000233,buy,75737.70,1776540014325,0.00014000,0,0,,,,0,cancelled
2026-04-18 19:00,ord-000234,sell,75741.71,1776540014325,0,0,0,,,,0,cancelled
2026-04-18 19:00,ord-000235,buy,75728.61,1776540019325,0,0,0,,,,0,cancelled
2026-04-18 19:00,ord-000236,sell,75732.62,1776540019325,0,0,0,,,,0,cancelled
2026-04-18 19:00,ord-000237,buy,75734.17,1776540050724,0,0,0,,,,0,cancelled
2026-04-18 19:00,ord-000238,sell,75738.18,1776540050724,0,0,0,,,,0,cancelled
2026-04-18 19:00,ord-000239,buy,75732.64,1776540077624,0,0,0,,,,0,cancelled
2026-04-18 19:00,ord-000240,sell,75736.65,1776540077624,0,0,0,,,,0,cancelled
2026-04-18 19:00,ord-000241,buy,75728.60,1776540082624,0,0,0,,,,0,cancelled
2026-04-18 19:00,ord-000242,sell,75732.61,1776540082624,0,0,0,,,,0,cancelled
2026-04-18 19:00,ord-000243,buy,75721.35,1776540143824,0,0,0,,,,0,cancelled
2026-04-18 19:00,ord-000244,sell,75725.36,1776540143824,0,0,0,,,,0,cancelled
2026-04-18 19:00,ord-000245,buy,75708.42,1776540148825,0,0,0,,,,0,cancelled
2026-04-18 19:00,ord-000246,sell,75712.43,1776540148825,0,0,0,,,,0,cancelled
2026-04-18 19:00,ord-000247,buy,75706.00,1776540159724,0.00120000,0.00120000,0,,,,0,cancelled
2026-04-18 19:00,ord-000248,sell,75710.01,1776540159724,0,0,0,,,,0,cancelled
2026-04-18 19:00,ord-000249,buy,75694.00,1776540164724,0.00120000,0.00120000,0,,,,0,cancelled
2026-04-18 19:00,ord-000250,sell,75698.01,1776540164724,0,0,0,,,,0,cancelled
2026-04-18 19:00,ord-000251,buy,75679.36,1776540169724,0,0,0,,,,0,cancelled
2026-04-18 19:00,ord-000252,sell,75683.37,1776540169724,0,0,0,,,,0,cancelled
2026-04-18 19:00,ord-000253,buy,75665.54,1776540174724,0,0,0,,,,0,cancelled
2026-04-18 19:00,ord-000254,sell,75669.55,1776540174724,0,0,0,,,,0,cancelled
2026-04-18 19:00,ord-000255,buy,75669.16,1776540179724,0,0,0,,,,0,cancelled
2026-04-18 19:00,ord-000256,sell,75673.17,1776540179724,0,0,0,,,,0,cancelled
2026-04-18 19:00,ord-000257,buy,75673.11,1776540184725,0,0,0,,,,0,cancelled
2026-04-18 19:00,ord-000258,sell,75677.12,1776540184725,0,0,0,,,,0,cancelled
2026-04-18 19:00,ord-000259,buy,75674.98,1776540189824,0,0,0,,,,0,cancelled
2026-04-18 19:00,ord-000260,sell,75678.99,1776540189824,0,0,0,,,,0,cancelled
2026-04-18 19:00,ord-000261,buy,75669.16,1776540209924,0,0,0,,,,0,cancelled
2026-04-18 19:00,ord-000262,sell,75673.17,1776540209924,0,0,0,,,,0,cancelled
2026-04-18 19:00,ord-000263,buy,75665.54,1776540214924,0,0,0,,,,0,cancelled
2026-04-18 19:00,ord-000264,sell,75669.55,1776540214924,0,0,0,,,,0,cancelled
2026-04-18 19:00,ord-000265,buy,75648.01,1776540220425,0,0,0,,,,0,cancelled
2026-04-18 19:00,ord-000266,sell,75652.02,1776540220425,0,0,0,,,,0,cancelled
2026-04-18 19:00,ord-000267,buy,75648.00,1776540225524,0.00120000,0.00120000,0,,,,0,cancelled
2026-04-18 19:00,ord-000268,sell,75652.01,1776540225524,0,0,0,,,,0,cancelled
2026-04-18 19:00,ord-000269,buy,75640.46,1776540230524,0,0,0,,,,0,cancelled
2026-04-18 19:00,ord-000270,sell,75644.47,1776540230524,0,0,0,,,,0,cancelled
2026-04-18 19:00,ord-000271,buy,75640.44,1776540243924,0,0,0,,,,0,cancelled
2026-04-18 19:00,ord-000272,sell,75644.45,1776540243924,0,0,0,,,,0,cancelled
2026-04-18 19:00,ord-000273,buy,75628.68,1776540248924,0,0,0,,,,0,cancelled
2026-04-18 19:00,ord-000274,sell,75632.69,1776540248924,0,0,0,,,,0,cancelled
2026-04-18 19:00,ord-000275,buy,75620.00,1776540253924,0.00420000,0,0,,,,0,cancelled
2026-04-18 19:00,ord-000276,sell,75624.01,1776540253924,0,0,0,,,,0,cancelled
2026-04-18 19:00,ord-000277,buy,75621.91,1776540277124,0,0,0,,,,0,cancelled
2026-04-18 19:00,ord-000278,sell,75625.92,1776540277124,0,0,0,,,,0,cancelled
2026-04-18 19:00,ord-000279,buy,75623.74,1776540290225,0,0,0,,,,0,cancelled
2026-04-18 19:00,ord-000280,sell,75627.75,1776540290225,0,0,0,,,,0,cancelled
2026-04-18 19:00,ord-000281,buy,75633.29,1776540295324,0,0,0,,,,0,cancelled
2026-04-18 19:00,ord-000282,sell,75637.30,1776540295324,0,0,0,,,,0,cancelled
2026-04-18 19:00,ord-000283,buy,75636.31,1776540301624,0,0,0,,,,0,cancelled
2026-04-18 19:00,ord-000284,sell,75640.32,1776540301624,0,0,0,,,,0,cancelled
2026-04-18 19:00,ord-000285,buy,75642.06,1776540306624,0,0,0,,,,0,cancelled
2026-04-18 19:00,ord-000286,sell,75646.07,1776540306624,0,0,0,,,,0,cancelled
2026-04-18 19:00,ord-000287,buy,75648.12,1776540311624,0,0,0,,,,0,cancelled
2026-04-18 19:00,ord-000288,sell,75652.13,1776540311624,0,0,0,,,,0,cancelled
2026-04-18 19:00,ord-000289,buy,75650.67,1776540325224,0,0,0,,,,0,cancelled
2026-04-18 19:00,ord-000290,sell,75654.68,1776540325224,0,0,0,,,,0,cancelled
2026-04-18 19:00,ord-000291,buy,75652.25,1776540330224,0,0,0,,,,0,cancelled
2026-04-18 19:00,ord-000292,sell,75656.26,1776540330224,0,0,0,,,,0,cancelled
2026-04-18 19:00,ord-000293,buy,75655.75,1776540349324,0,0,0,,,,0,cancelled
2026-04-18 19:00,ord-000294,sell,75659.76,1776540349324,0,0,0,,,,0,cancelled
2026-04-18 19:00,ord-000295,buy,75665.17,1776540354324,0,0,0,,,,0,cancelled
2026-04-18 19:00,ord-000296,sell,75669.18,1776540354324,0,0,0,,,,0,cancelled
2026-04-18 19:00,ord-000297,buy,75668.17,1776540360824,0,0,0,,,,0,cancelled
2026-04-18 19:00,ord-000298,sell,75672.18,1776540360824,0,0,0,,,,0,cancelled
2026-04-18 19:00,ord-000299,buy,75671.57,1776540368324,0,0,0,,,,0,cancelled
2026-04-18 19:00,ord-000300,sell,75675.58,1776540368324,0,0,0,,,,0,cancelled
2026-04-18 19:00,ord-000301,buy,75674.98,1776540373324,0,0,0,,,,0,cancelled
2026-04-18 19:00,ord-000302,sell,75678.99,1776540373324,0,0,0,,,,0,cancelled
2026-04-18 19:00,ord-000303,buy,75673.71,1776540397524,0,0,0,,,,0,cancelled
2026-04-18 19:00,ord-000304,sell,75677.72,1776540397524,0,0,0,,,,0,cancelled
2026-04-18 19:00,ord-000305,buy,75674.98,1776540434824,0,0,0,,,,0,cancelled
2026-04-18 19:00,ord-000306,sell,75678.99,1776540434824,0,0,0,,,,0,cancelled
2026-04-18 19:00,ord-000307,buy,75683.92,1776540439824,0,0,0,,,,0,cancelled
2026-04-18 19:00,ord-000308,sell,75687.93,1776540439824,0,0,0,,,,0,cancelled
2026-04-18 19:00,ord-000309,buy,75692.62,1776540499824,0,0,0,,,,0,cancelled
2026-04-18 19:00,ord-000310,sell,75696.63,1776540499824,0,0,0,,,,0,cancelled
2026-04-18 19:00,ord-000311,buy,75692.31,1776540526624,0,0,0,,,,0,cancelled
2026-04-18 19:00,ord-000312,sell,75696.32,1776540526624,0,0,0,,,,0,cancelled
2026-04-18 19:00,ord-000313,buy,75690.22,1776540531624,0,0,0,,,,0,cancelled
2026-04-18 19:00,ord-000314,sell,75694.23,1776540531624,0,0,0,,,,0,cancelled
2026-04-18 19:00,ord-000315,buy,75692.62,1776540559024,0,0,0,,,,0,cancelled
2026-04-18 19:00,ord-000316,sell,75696.63,1776540559024,0,0,0,,,,0,cancelled
2026-04-18 19:00,ord-000317,buy,75691.97,1776540564024,0,0,0,,,,0,cancelled
2026-04-18 19:00,ord-000318,sell,75695.98,1776540564024,0,0,0,,,,0,cancelled
2026-04-18 19:00,ord-000319,buy,75692.62,1776540628924,0,0,0,,,,0,cancelled
2026-04-18 19:00,ord-000320,sell,75696.63,1776540628924,0,0,0,,,,0,cancelled
2026-04-18 19:00,ord-000321,buy,75685.05,1776540682924,0,0,0,,,,0,cancelled
2026-04-18 19:00,ord-000322,sell,75689.06,1776540682924,0,0,0,,,,0,cancelled
2026-04-18 19:00,ord-000323,buy,75663.11,1776540687924,0,0,0,,,,0,cancelled
2026-04-18 19:00,ord-000324,sell,75667.12,1776540687924,0,0,0,,,,0,cancelled
2026-04-18 19:00,ord-000325,buy,75662.70,1776540696224,0,0,0,,,,0,cancelled
2026-04-18 19:00,ord-000326,sell,75666.71,1776540696224,0,0,0,,,,0,cancelled
2026-04-18 19:00,ord-000327,buy,75659.20,1776540701224,0,0,0,,,,0,cancelled
2026-04-18 19:00,ord-000328,sell,75663.21,1776540701224,0,0,0,,,,0,cancelled
2026-04-18 19:00,ord-000329,buy,75654.57,1776540706224,0,0,0,,,,0,cancelled
2026-04-18 19:00,ord-000330,sell,75658.58,1776540706224,0,0,0,,,,0,cancelled
2026-04-18 19:00,ord-000331,buy,75651.86,1776540713124,0.00007000,0,0,,,,0,cancelled
2026-04-18 19:00,ord-000332,sell,75655.87,1776540713124,0,0,0,,,,0,cancelled
2026-04-18 19:00,ord-000333,buy,75651.70,1776540722124,0.00067000,0.00067000,0,,,,0,cancelled
2026-04-18 19:00,ord-000334,sell,75655.71,1776540722124,0,0,0,,,,0,cancelled
2026-04-18 19:00,ord-000335,buy,75640.58,1776540727124,0,0,0,,,,0,cancelled
2026-04-18 19:00,ord-000336,sell,75644.59,1776540727124,0,0,0,,,,0,cancelled
2026-04-18 19:00,ord-000337,buy,75638.67,1776540732124,0,0,0,,,,0,cancelled
2026-04-18 19:00,ord-000338,sell,75642.68,1776540732124,0,0,0,,,,0,cancelled
2026-04-18 19:00,ord-000339,buy,75636.31,1776540737125,0,0,0,,,,0,cancelled
2026-04-18 19:00,ord-000340,sell,75640.32,1776540737125,0,0,0,,,,0,cancelled
2026-04-18 19:00,ord-000341,buy,75636.00,1776540743524,0.00120000,0.00120000,0,,,,0,cancelled
2026-04-18 19:00,ord-000342,sell,75640.01,1776540743524,0.00007000,0,0,,,,0,cancelled
2026-04-18 19:00,ord-000343,buy,75629.73,1776540759724,0,0,0,,,,0,cancelled
2026-04-18 19:00,ord-000344,sell,75633.74,1776540759724,0,0,0,,,,0,cancelled
2026-04-18 19:00,ord-000345,buy,75626.00,1776540764724,0.00120000,0,0,,,,0,cancelled
2026-04-18 19:00,ord-000346,sell,75630.01,1776540764724,0,0,0,,,,0,cancelled
2026-04-18 19:00,ord-000347,buy,75624.73,1776540769724,0,0,0,,,,0,cancelled
2026-04-18 19:00,ord-000348,sell,75628.74,1776540769724,0,0,0,,,,0,cancelled
2026-04-18 19:00,ord-000349,buy,75621.81,1776540780524,0,0,0,,,,0,cancelled
2026-04-18 19:00,ord-000350,sell,75625.82,1776540780524,0,0,0,,,,0,cancelled
2026-04-18 19:00,ord-000351,buy,75617.45,1776540785524,0,0,0,,,,0,cancelled
2026-04-18 19:00,ord-000352,sell,75621.46,1776540785524,0,0,0,,,,0,cancelled
2026-04-18 19:00,ord-000353,buy,75615.18,1776540821625,0,0,0,,,,0,cancelled
2026-04-18 19:00,ord-000354,sell,75619.19,1776540821625,0,0,0,,,,0,cancelled
2026-04-18 19:00,ord-000355,buy,75608.00,1776540826724,0.00120000,0,0,,,,0,cancelled
2026-04-18 19:00,ord-000356,sell,75612.01,1776540826724,0.00007000,0.00007000,0,1776540829873,0.00007000,0.00000000,0.00028000,cancelled
2026-04-18 19:00,ord-000357,buy,75615.20,1776540831724,0,0,0,,,,0,cancelled
2026-04-18 19:00,ord-000358,sell,75619.21,1776540831724,0,0,0,,,,0,cancelled
2026-04-18 19:00,ord-000359,buy,75617.44,1776540840224,0,0,0,,,,0,cancelled
2026-04-18 19:00,ord-000360,sell,75621.45,1776540840224,0,0,0,,,,0,cancelled
2026-04-18 19:00,ord-000361,buy,75623.99,1776540851324,0,0,0,,,,0,cancelled
2026-04-18 19:00,ord-000362,sell,75628.00,1776540851324,0.00120000,0,0,,,,0,cancelled
2026-04-18 19:00,ord-000363,buy,75619.79,1776540859224,0,0,0,,,,0,cancelled
2026-04-18 19:00,ord-000364,sell,75623.80,1776540859224,0.00300000,0,0,,,,0,cancelled
2026-04-18 19:00,ord-000365,buy,75613.40,1776540864224,0,0,0,,,,0,cancelled
2026-04-18 19:00,ord-000366,sell,75617.41,1776540864224,0.00014000,0,0,,,,0,cancelled
2026-04-18 19:00,ord-000367,buy,75610.38,1776540872824,0,0,0,,,,0,cancelled
2026-04-18 19:00,ord-000368,sell,75614.39,1776540872824,0,0,0,,,,0,cancelled
2026-04-18 19:00,ord-000369,buy,75606.95,1776540877825,0,0,0,,,,0,cancelled
2026-04-18 19:00,ord-000370,sell,75610.96,1776540877825,0,0,0,,,,0,cancelled
2026-04-18 19:00,ord-000371,buy,75609.84,1776540901324,0,0,0,,,,0,cancelled
2026-04-18 19:00,ord-000372,sell,75613.85,1776540901324,0,0,0,,,,0,cancelled
2026-04-18 19:00,ord-000373,buy,75620.87,1776540925624,0,0,0,,,,0,cancelled
2026-04-18 19:00,ord-000374,sell,75624.88,1776540925624,0,0,0,,,,0,cancelled
2026-04-18 19:00,ord-000375,buy,75618.00,1776540953124,0.00040000,0,0,,,,0,cancelled
2026-04-18 19:00,ord-000376,sell,75622.01,1776540953124,0,0,0,,,,0,cancelled
2026-04-18 19:00,ord-000377,buy,75606.00,1776540958124,0.00120000,0.00120000,0,,,,0,cancelled
2026-04-18 19:00,ord-000378,sell,75610.01,1776540958124,0.05876000,0,0,,,,0,cancelled
2026-04-18 19:00,ord-000379,buy,75595.96,1776540963124,0,0,0,,,,0,cancelled
2026-04-18 19:00,ord-000380,sell,75599.97,1776540963124,0,0,0,,,,0,cancelled
2026-04-18 19:00,ord-000381,buy,75584.21,1776540968125,0,0,0,,,,0,cancelled
2026-04-18 19:00,ord-000382,sell,75588.22,1776540968125,0,0,0,,,,0,cancelled
2026-04-18 19:00,ord-000383,buy,75581.95,1776540993024,0,0,0,,,,0,cancelled
2026-04-18 19:00,ord-000384,sell,75585.96,1776540993024,0,0,0,,,,0,cancelled
2026-04-18 19:00,ord-000385,buy,75579.22,1776540998024,0,0,0,,,,0,cancelled
2026-04-18 19:00,ord-000386,sell,75583.23,1776540998024,0,0,0,,,,0,cancelled
2026-04-18 19:00,ord-000387,buy,75585.87,1776541035724,0.05000000,0,0,,,,0,cancelled
2026-04-18 19:00,ord-000388,sell,75589.88,1776541035724,0,0,0,,,,0,cancelled
2026-04-18 19:00,ord-000389,buy,75589.99,1776541045324,0,0,0,,,,0,cancelled
2026-04-18 19:00,ord-000390,sell,75594.00,1776541045324,0.00120000,0.00120000,0,,,,0,cancelled
2026-04-18 19:00,ord-000391,buy,75597.99,1776541071224,0,0,0,,,,0,cancelled
2026-04-18 19:00,ord-000392,sell,75602.00,1776541071224,0.00120000,0.00120000,0,,,,0,cancelled
2026-04-18 19:00,ord-000393,buy,75603.99,1776541081624,0,0,0,,,,0,cancelled
2026-04-18 19:00,ord-000394,sell,75608.00,1776541081624,0.00120000,0,0,,,,0,cancelled
2026-04-18 19:00,ord-000395,buy,75605.59,1776541086624,0,0,0,,,,0,cancelled
2026-04-18 19:00,ord-000396,sell,75609.60,1776541086624,0,0,0,,,,0,cancelled
2026-04-18 19:00,ord-000397,buy,75613.66,1776541095625,0,0,0,,,,0,cancelled
2026-04-18 19:00,ord-000398,sell,75617.67,1776541095625,0,0,0,,,,0,cancelled
2026-04-18 19:00,ord-000399,buy,75626.78,1776541159051,0,0,0,,,,0,cancelled
2026-04-18 19:00,ord-000400,sell,75630.79,1776541159051,0.00008000,0,0,,,,0,cancelled
2026-04-18 19:00,ord-000401,buy,75620.13,1776541164124,0,0,0,,,,0,cancelled
2026-04-18 19:00,ord-000402,sell,75624.14,1776541164124,0,0,0,,,,0,cancelled
2026-04-18 19:00,ord-000403,buy,75608.50,1776541181124,0,0,0,,,,0,cancelled
2026-04-18 19:00,ord-000404,sell,75612.51,1776541181124,0,0,0,,,,0,cancelled
2026-04-18 19:00,ord-000405,buy,75596.00,1776541186124,0.00120000,0.00120000,0,,,,0,cancelled
2026-04-18 19:00,ord-000406,sell,75600.01,1776541186124,0,0,0,,,,0,cancelled
2026-04-18 19:00,ord-000407,buy,75588.60,1776541191124,0,0,0,,,,0,cancelled
2026-04-18 19:00,ord-000408,sell,75592.61,1776541191124,0,0,0,,,,0,cancelled
2026-04-18 19:00,ord-000409,buy,75593.37,1776541230824,0,0,0,,,,0,cancelled
2026-04-18 19:00,ord-000410,sell,75597.38,1776541230824,0,0,0,,,,0,cancelled
2026-04-18 19:00,ord-000411,buy,75603.56,1776541235824,0,0,0,,,,0,cancelled
2026-04-18 19:00,ord-000412,sell,75607.57,1776541235824,0,0,0,,,,0,cancelled
2026-04-18 19:00,ord-000413,buy,75604.55,1776541248524,0.04858000,0,0,,,,0,cancelled
2026-04-18 19:00,ord-000414,sell,75608.56,1776541248524,0,0,0,,,,0,cancelled
2026-04-18 19:00,ord-000415,buy,75598.51,1776541274124,0,0,0,,,,0,cancelled
2026-04-18 19:00,ord-000416,sell,75602.52,1776541274124,0,0,0,,,,0,cancelled
2026-04-18 19:00,ord-000417,buy,75593.43,1776541299124,0,0,0,,,,0,cancelled
2026-04-18 19:00,ord-000418,sell,75597.44,1776541299124,0,0,0,,,,0,cancelled
2026-04-18 19:00,ord-000419,buy,75580.59,1776541326431,0,0,0,,,,0,cancelled
2026-04-18 19:00,ord-000420,sell,75584.60,1776541326431,0,0,0,,,,0,cancelled
2026-04-18 19:00,ord-000421,buy,75581.99,1776541331524,0,0,0,,,,0,cancelled
2026-04-18 19:00,ord-000422,sell,75586.00,1776541331524,0.00040000,0.00040000,0,1776541333014,0.00040000,0.00000000,0.00080000,cancelled
2026-04-18 19:00,ord-000423,buy,75597.99,1776541336524,0,0,0,,,,0,cancelled
2026-04-18 19:00,ord-000424,sell,75602.00,1776541336524,0.00120000,0,0,,,,0,cancelled
2026-04-18 19:00,ord-000425,buy,75590.37,1776541360424,0,0,0,,,,0,cancelled
2026-04-18 19:00,ord-000426,sell,75594.38,1776541360424,0,0,0,,,,0,cancelled
2026-04-18 19:00,ord-000427,buy,75597.99,1776541368024,0.40983000,0.00140000,0,,,,0,cancelled
2026-04-18 19:00,ord-000428,sell,75602.00,1776541368024,0.00120000,0,0,,,,0,cancelled
2026-04-18 19:00,ord-000429,buy,75593.50,1776541388824,0,0,0,,,,0,cancelled
2026-04-18 19:00,ord-000430,sell,75597.51,1776541388824,0,0,0,,,,0,cancelled
2026-04-18 19:00,ord-000431,buy,75597.99,1776541411624,0,0,0,,,,0,cancelled
2026-04-18 19:00,ord-000432,sell,75602.00,1776541411624,0.00120000,0,0,,,,0,cancelled
2026-04-18 19:00,ord-000433,buy,75594.16,1776541499724,0,0,0,,,,0,cancelled
2026-04-18 19:00,ord-000434,sell,75598.17,1776541499724,0,0,0,,,,0,cancelled
2026-04-18 19:00,ord-000435,buy,75591.36,1776541504724,0,0,0,,,,0,cancelled
2026-04-18 19:00,ord-000436,sell,75595.37,1776541504724,0,0,0,,,,0,cancelled
2026-04-18 19:00,ord-000437,buy,75591.35,1776541509724,0,0,0,,,,0,cancelled
2026-04-18 19:00,ord-000438,sell,75595.36,1776541509724,0,0,0,,,,0,cancelled
2026-04-18 19:00,ord-000439,buy,75584.55,1776541514724,0,0,0,,,,0,cancelled
2026-04-18 19:00,ord-000440,sell,75588.56,1776541514724,0,0,0,,,,0,cancelled
2026-04-18 19:00,ord-000441,buy,75580.33,1776541525941,0.00132000,0,0,,,,0,cancelled
2026-04-18 19:00,ord-000442,sell,75584.34,1776541525941,0,0,0,,,,0,cancelled
2026-04-18 19:00,ord-000443,buy,75574.29,1776541531024,0,0,0,,,,0,cancelled
2026-04-18 19:00,ord-000444,sell,75578.30,1776541531024,0,0,0,,,,0,cancelled
2026-04-18 19:00,ord-000445,buy,75582.99,1776541550724,0.00300000,0,0,,,,0,cancelled
2026-04-18 19:00,ord-000446,sell,75587.00,1776541550724,0,0,0,,,,0,cancelled
2026-04-18 19:00,ord-000447,buy,75585.79,1776541555724,0,0,0,,,,0,cancelled
2026-04-18 19:00,ord-000448,sell,75589.80,1776541555724,0.00008000,0.00008000,0,,,,0,cancelled
2026-04-18 19:00,ord-000449,buy,75594.18,1776541560724,0,0,0,,,,0,cancelled
2026-04-18 19:00,ord-000450,sell,75598.19,1776541560724,0,0,0,,,,0,cancelled
2026-04-18 19:00,ord-000451,buy,75604.55,1776541680825,0,0,0,,,,0,cancelled
2026-04-18 19:00,ord-000452,sell,75608.56,1776541680825,0,0,0,,,,0,cancelled
2026-04-18 19:00,ord-000453,buy,75603.82,1776541709824,0,0,0,,,,0,cancelled
2026-04-18 19:00,ord-000454,sell,75607.83,1776541709824,0,0,0,,,,0,cancelled
2026-04-18 19:00,ord-000455,buy,75631.20,1776541714824,0,0,0,,,,0,cancelled
2026-04-18 19:00,ord-000456,sell,75635.21,1776541714824,0,0,0,,,,0,cancelled
2026-04-18 19:00,ord-000457,buy,75640.29,1776541719824,0,0,0,,,,0,cancelled
2026-04-18 19:00,ord-000458,sell,75644.30,1776541719824,0,0,0,,,,0,cancelled
2026-04-18 19:00,ord-000459,buy,75636.31,1776541793624,0,0,0,,,,0,cancelled
2026-04-18 19:00,ord-000460,sell,75640.32,1776541793624,0,0,0,,,,0,cancelled
2026-04-18 19:00,ord-000461,buy,75632.73,1776541798624,0,0,0,,,,0,cancelled
2026-04-18 19:00,ord-000462,sell,75636.74,1776541798624,0,0,0,,,,0,cancelled
2026-04-18 19:00,ord-000463,buy,75631.44,1776541807724,0,0,0,,,,0,cancelled
2026-04-18 19:00,ord-000464,sell,75635.45,1776541807724,0.00014000,0,0,,,,0,cancelled
2026-04-18 19:00,ord-000465,buy,75631.45,1776541828724,0,0,0,,,,0,cancelled
2026-04-18 19:00,ord-000466,sell,75635.46,1776541828724,0,0,0,,,,0,cancelled
2026-04-18 19:00,ord-000467,buy,75640.29,1776541833724,0,0,0,,,,0,cancelled
2026-04-18 19:00,ord-000468,sell,75644.30,1776541833724,0,0,0,,,,0,cancelled
2026-04-18 19:00,ord-000469,buy,75635.08,1776541924732,0,0,0,,,,0,cancelled
2026-04-18 19:00,ord-000470,sell,75639.09,1776541924732,0,0,0,,,,0,cancelled
2026-04-18 19:00,ord-000471,buy,75621.59,1776541929824,0,0,0,,,,0,cancelled
2026-04-18 19:00,ord-000472,sell,75625.60,1776541929824,0,0,0,,,,0,cancelled
2026-04-18 19:00,ord-000473,buy,75612.58,1776541935024,0,0,0,,,,0,cancelled
2026-04-18 19:00,ord-000474,sell,75616.59,1776541935024,0,0,0,,,,0,cancelled
2026-04-18 19:00,ord-000475,buy,75616.71,1776541944224,0,0,0,,,,0,cancelled
2026-04-18 19:00,ord-000476,sell,75620.72,1776541944224,0,0,0,,,,0,cancelled
2026-04-18 19:00,ord-000477,buy,75617.99,1776541949224,0,0,0,,,,0,cancelled
2026-04-18 19:00,ord-000478,sell,75622.00,1776541949224,0.00080000,0,0,,,,0,cancelled
2026-04-18 19:00,ord-000479,buy,75616.10,1776542032824,0,0,0,,,,0,cancelled
2026-04-18 19:00,ord-000480,sell,75620.11,1776542032824,0,0,0,,,,0,cancelled
2026-04-18 19:00,ord-000481,buy,75611.43,1776542037824,0,0,0,,,,0,cancelled
2026-04-18 19:00,ord-000482,sell,75615.44,1776542037824,0,0,0,,,,0,cancelled
2026-04-18 19:00,ord-000483,buy,75609.55,1776542044424,0,0,0,,,,0,cancelled
2026-04-18 19:00,ord-000484,sell,75613.56,1776542044424,0,0,0,,,,0,cancelled
2026-04-18 19:00,ord-000485,buy,75608.00,1776542053324,0.00120000,0,0,,,,0,cancelled
2026-04-18 19:00,ord-000486,sell,75612.01,1776542053324,0,0,0,,,,0,cancelled
2026-04-18 19:00,ord-000487,buy,75606.89,1776542058324,0,0,0,,,,0,cancelled
2026-04-18 19:00,ord-000488,sell,75610.90,1776542058324,0,0,0,,,,0,cancelled
2026-04-18 19:00,ord-000489,buy,75598.00,1776542066924,0.00120000,0.00120000,0,1776542074807,0.00120000,0.00000000,0.00023000,cancelled
2026-04-18 19:00,ord-000490,sell,75602.01,1776542066924,0,0,0,,,,0,cancelled
2026-04-18 19:00,ord-000491,buy,75593.52,1776542074824,0,0,0,,,,0,cancelled
2026-04-18 19:00,ord-000492,sell,75597.53,1776542074824,0,0,0,,,,0,cancelled
2026-04-18 19:00,ord-000493,buy,75588.00,1776542079824,0.00120000,0.00120000,0,,,,0,cancelled
2026-04-18 19:00,ord-000494,sell,75592.01,1776542079824,0,0,0,,,,0,cancelled
2026-04-18 19:00,ord-000495,buy,75584.21,1776542087124,0,0,0,,,,0,cancelled
2026-04-18 19:00,ord-000496,sell,75588.22,1776542087124,0,0,0,,,,0,cancelled
2026-04-18 19:00,ord-000497,buy,75574.00,1776542092124,0.00120000,0,0,,,,0,cancelled
2026-04-18 19:00,ord-000498,sell,75578.01,1776542092124,0,0,0,,,,0,cancelled
2026-04-18 19:00,ord-000499,buy,75589.67,1776542097124,0,0,0,,,,0,cancelled
2026-04-18 19:00,ord-000500,sell,75593.68,1776542097124,0,0,0,,,,0,cancelled
2026-04-18 19:00,ord-000501,buy,75593.39,1776542105024,0,0,0,,,,0,cancelled
2026-04-18 19:00,ord-000502,sell,75597.40,1776542105024,0,0,0,,,,0,cancelled
2026-04-18 19:00,ord-000503,buy,75598.00,1776542110024,0,0,0,,,,0,cancelled
2026-04-18 19:00,ord-000504,sell,75602.01,1776542110024,0,0,0,,,,0,cancelled
2026-04-18 19:00,ord-000505,buy,75608.51,1776542115024,0,0,0,,,,0,cancelled
2026-04-18 19:00,ord-000506,sell,75612.52,1776542115024,0,0,0,,,,0,cancelled
2026-04-18 19:00,ord-000507,buy,75606.96,1776542131924,0.00007000,0.00007000,0,1776542131937,0.00007000,0.00000000,0.00098000,cancelled
2026-04-18 19:00,ord-000508,sell,75610.97,1776542131924,0,0,0,,,,0,cancelled
2026-04-18 19:00,ord-000509,buy,75598.12,1776542136924,0,0,0,,,,0,cancelled
2026-04-18 19:00,ord-000510,sell,75602.13,1776542136924,0,0,0,,,,0,cancelled
2026-04-18 19:00,ord-000511,buy,75597.64,1776542146924,0,0,0,,,,0,cancelled
2026-04-18 19:00,ord-000512,sell,75601.65,1776542146924,0,0,0,,,,0,cancelled
2026-04-18 19:00,ord-000513,buy,75642.39,1776542157660,0,0,0,,,,0,cancelled
2026-04-18 19:00,ord-000514,sell,75646.40,1776542157660,0,0,0,,,,0,cancelled
2026-04-18 19:00,ord-000515,buy,75657.94,1776542162724,0,0,0,,,,0,cancelled
2026-04-18 19:00,ord-000516,sell,75661.95,1776542162724,0,0,0,,,,0,cancelled
2026-04-18 19:00,ord-000517,buy,75657.46,1776542167724,0,0,0,,,,0,cancelled
2026-04-18 19:00,ord-000518,sell,75661.47,1776542167724,0,0,0,,,,0,cancelled
2026-04-18 19:00,ord-000519,buy,75638.20,1776542172724,0,0,0,,,,0,cancelled
2026-04-18 19:00,ord-000520,sell,75642.21,1776542172724,0,0,0,,,,0,cancelled
2026-04-18 19:00,ord-000521,buy,75644.26,1776542191424,0,0,0,,,,0,cancelled
2026-04-18 19:00,ord-000522,sell,75648.27,1776542191424,0,0,0,,,,0,cancelled
2026-04-18 19:00,ord-000523,buy,75651.00,1776542196424,0,0,0,,,,0,cancelled
2026-04-18 19:00,ord-000524,sell,75655.01,1776542196424,0,0,0,,,,0,cancelled
2026-04-18 19:00,ord-000525,buy,75657.94,1776542201424,0,0,0,,,,0,cancelled
2026-04-18 19:00,ord-000526,sell,75661.95,1776542201424,0,0,0,,,,0,cancelled
2026-04-18 19:00,ord-000527,buy,75663.65,1776542206424,0,0,0,,,,0,cancelled
2026-04-18 19:00,ord-000528,sell,75667.66,1776542206424,0,0,0,,,,0,cancelled
2026-04-18 19:00,ord-000529,buy,75664.96,1776542211424,0,0,0,,,,0,cancelled
2026-04-18 19:00,ord-000530,sell,75668.97,1776542211424,0,0,0,,,,0,cancelled
2026-04-18 19:00,ord-000531,buy,75658.11,1776542224124,0,0,0,,,,0,cancelled
2026-04-18 19:00,ord-000532,sell,75662.12,1776542224124,0,0,0,,,,0,cancelled
2026-04-18 19:00,ord-000533,buy,75654.00,1776542229124,0.00605000,0.00605000,0,1776542246415,0.00605000,0.00000000,0.00017000,cancelled
2026-04-18 19:00,ord-000534,sell,75658.01,1776542229124,0.01197000,0,0,,,,0,cancelled
2026-04-18 19:00,ord-000535,buy,75647.85,1776542246524,0,0,0,,,,0,cancelled
2026-04-18 19:00,ord-000536,sell,75651.86,1776542246524,0.00007000,0.00007000,0,1776542280817,0.00007000,0.00000000,0.00049000,cancelled
2026-04-18 19:00,ord-000537,buy,75650.43,1776542280924,0,0,0,,,,0,cancelled
2026-04-18 19:00,ord-000538,sell,75654.44,1776542280924,0,0,0,,,,0,cancelled
2026-04-18 19:00,ord-000539,buy,75653.94,1776542285924,0,0,0,,,,0,cancelled
2026-04-18 19:00,ord-000540,sell,75657.95,1776542285924,0,0,0,,,,0,cancelled
2026-04-18 19:00,ord-000541,buy,75655.99,1776542295324,0,0,0,,,,0,cancelled
2026-04-18 19:00,ord-000542,sell,75660.00,1776542295324,0.00120000,0,0,,,,0,cancelled
2026-04-18 19:00,ord-000543,buy,75675.96,1776542300324,0,0,0,,,,0,cancelled
2026-04-18 19:00,ord-000544,sell,75679.97,1776542300324,0,0,0,,,,0,cancelled
2026-04-18 19:00,ord-000545,buy,75667.42,1776542322024,0,0,0,,,,0,cancelled
2026-04-18 19:00,ord-000546,sell,75671.43,1776542322024,0,0,0,,,,0,cancelled
2026-04-18 19:00,ord-000547,buy,75665.74,1776542375824,0,0,0,,,,0,cancelled
2026-04-18 19:00,ord-000548,sell,75669.75,1776542375824,0,0,0,,,,0,cancelled
2026-04-18 19:00,ord-000549,buy,75658.89,1776542380824,0,0,0,,,,0,cancelled
2026-04-18 19:00,ord-000550,sell,75662.90,1776542380824,0,0,0,,,,0,cancelled
2026-04-18 19:00,ord-000551,buy,75658.06,1776542394424,0,0,0,,,,0,cancelled
2026-04-18 19:00,ord-000552,sell,75662.07,1776542394424,0,0,0,,,,0,cancelled
2026-04-18 19:00,ord-000553,buy,75647.85,1776542399424,0,0,0,,,,0,expired
2026-04-18 19:00,ord-000554,sell,75651.86,1776542399424,0.00007000,0,0,,,,0,expired
2026-04-18 20:00,ord-000001,buy,75647.85,1776542400124,0,0,0,,,,0,cancelled
2026-04-18 20:00,ord-000002,sell,75651.86,1776542400124,0.00007000,0.00007000,0,,,,0,cancelled
2026-04-18 20:00,ord-000003,buy,75653.57,1776542405124,0,0,0,,,,0,cancelled
2026-04-18 20:00,ord-000004,sell,75657.58,1776542405124,0,0,0,,,,0,cancelled
2026-04-18 20:00,ord-000005,buy,75653.58,1776542414224,0,0,0,,,,0,cancelled
2026-04-18 20:00,ord-000006,sell,75657.59,1776542414224,0,0,0,,,,0,cancelled
2026-04-18 20:00,ord-000007,buy,75653.59,1776542419224,0,0,0,,,,0,cancelled
2026-04-18 20:00,ord-000008,sell,75657.60,1776542419224,0,0,0,,,,0,cancelled
2026-04-18 20:00,ord-000009,buy,75647.86,1776542452424,0,0,0,,,,0,cancelled
2026-04-18 20:00,ord-000010,sell,75651.87,1776542452424,0,0,0,,,,0,cancelled
2026-04-18 20:00,ord-000011,buy,75638.01,1776542461129,0,0,0,,,,0,cancelled
2026-04-18 20:00,ord-000012,sell,75642.02,1776542461129,0,0,0,,,,0,cancelled
2026-04-18 20:00,ord-000013,buy,75632.73,1776542466224,0,0,0,,,,0,cancelled
2026-04-18 20:00,ord-000014,sell,75636.74,1776542466224,0,0,0,,,,0,cancelled
2026-04-18 20:00,ord-000015,buy,75619.60,1776542471224,0,0,0,,,,0,cancelled
2026-04-18 20:00,ord-000016,sell,75623.61,1776542471224,0,0,0,,,,0,cancelled
2026-04-18 20:00,ord-000017,buy,75614.10,1776542479124,0,0,0,,,,0,cancelled
2026-04-18 20:00,ord-000018,sell,75618.11,1776542479124,0,0,0,,,,0,cancelled
2026-04-18 20:00,ord-000019,buy,75606.66,1776542484624,0,0,0,,,,0,cancelled
2026-04-18 20:00,ord-000020,sell,75610.67,1776542484624,0,0,0,,,,0,cancelled
2026-04-18 20:00,ord-000021,buy,75614.30,1776542540124,0.00300000,0,0,,,,0,cancelled
2026-04-18 20:00,ord-000022,sell,75618.31,1776542540124,0,0,0,,,,0,cancelled
2026-04-18 20:00,ord-000023,buy,75616.74,1776542545124,0,0,0,,,,0,cancelled
2026-04-18 20:00,ord-000024,sell,75620.75,1776542545124,0,0,0,,,,0,cancelled
2026-04-18 20:00,ord-000025,buy,75619.14,1776542576624,0,0,0,,,,0,cancelled
2026-04-18 20:00,ord-000026,sell,75623.15,1776542576624,0,0,0,,,,0,cancelled
2026-04-18 20:00,ord-000027,buy,75629.91,1776542581624,0,0,0,,,,0,cancelled
2026-04-18 20:00,ord-000028,sell,75633.92,1776542581624,0,0,0,,,,0,cancelled
2026-04-18 20:00,ord-000029,buy,75635.91,1776542586624,0,0,0,,,,0,cancelled
2026-04-18 20:00,ord-000030,sell,75639.92,1776542586624,0,0,0,,,,0,cancelled
2026-04-18 20:00,ord-000031,buy,75639.27,1776542595324,0,0,0,,,,0,cancelled
2026-04-18 20:00,ord-000032,sell,75643.28,1776542595324,0,0,0,,,,0,cancelled
2026-04-18 20:00,ord-000033,buy,75643.95,1776542600324,0,0,0,,,,0,cancelled
2026-04-18 20:00,ord-000034,sell,75647.96,1776542600324,0,0,0,,,,0,cancelled
2026-04-18 20:00,ord-000035,buy,75633.99,1776542607924,0,0,0,,,,0,cancelled
2026-04-18 20:00,ord-000036,sell,75638.00,1776542607924,0,0,0,,,,0,cancelled
2026-04-18 20:00,ord-000037,buy,75612.74,1776542612924,0,0,0,,,,0,cancelled
2026-04-18 20:00,ord-000038,sell,75616.75,1776542612924,0,0,0,,,,0,cancelled
2026-04-18 20:00,ord-000039,buy,75606.44,1776542617924,0,0,0,,,,0,cancelled
2026-04-18 20:00,ord-000040,sell,75610.45,1776542617924,0,0,0,,,,0,cancelled
2026-04-18 20:00,ord-000041,buy,75611.85,1776542642024,0,0,0,,,,0,cancelled
2026-04-18 20:00,ord-000042,sell,75615.86,1776542642024,0,0,0,,,,0,cancelled
2026-04-18 20:00,ord-000043,buy,75617.98,1776542647024,0,0,0,,,,0,cancelled
2026-04-18 20:00,ord-000044,sell,75621.99,1776542647024,0,0,0,,,,0,cancelled
2026-04-18 20:00,ord-000045,buy,75624.97,1776542654524,0,0,0,,,,0,cancelled
2026-04-18 20:00,ord-000046,sell,75628.98,1776542654524,0,0,0,,,,0,cancelled
2026-04-18 20:00,ord-000047,buy,75643.32,1776542671344,0,0,0,,,,0,cancelled
2026-04-18 20:00,ord-000048,sell,75647.33,1776542671344,0,0,0,,,,0,cancelled
2026-04-18 20:00,ord-000049,buy,75632.56,1776542676424,0,0,0,,,,0,cancelled
2026-04-18 20:00,ord-000050,sell,75636.57,1776542676424,0,0,0,,,,0,cancelled
2026-04-18 20:00,ord-000051,buy,75626.29,1776542681425,0,0,0,,,,0,cancelled
2026-04-18 20:00,ord-000052,sell,75630.30,1776542681425,0,0,0,,,,0,cancelled
2026-04-18 20:00,ord-000053,buy,75613.12,1776542686524,0,0,0,,,,0,cancelled
2026-04-18 20:00,ord-000054,sell,75617.13,1776542686524,0,0,0,,,,0,cancelled
2026-04-18 20:00,ord-000055,buy,75614.87,1776542700424,0.00163000,0,0,,,,0,cancelled
2026-04-18 20:00,ord-000056,sell,75618.88,1776542700424,0,0,0,,,,0,cancelled
2026-04-18 20:00,ord-000057,buy,75628.67,1776542705424,0.00133000,0,0,,,,0,cancelled
2026-04-18 20:00,ord-000058,sell,75632.68,1776542705424,0,0,0,,,,0,cancelled
2026-04-18 20:00,ord-000059,buy,75639.74,1776542710424,0,0,0,,,,0,cancelled
2026-04-18 20:00,ord-000060,sell,75643.75,1776542710424,0,0,0,,,,0,cancelled
2026-04-18 20:00,ord-000061,buy,75636.08,1776542715725,0,0,0,,,,0,cancelled
2026-04-18 20:00,ord-000062,sell,75640.09,1776542715725,0,0,0,,,,0,cancelled
2026-04-18 20:00,ord-000063,buy,75614.28,1776542720824,0,0,0,,,,0,cancelled
2026-04-18 20:00,ord-000064,sell,75618.29,1776542720824,0.00007000,0,0,,,,0,cancelled
2026-04-18 20:00,ord-000065,buy,75606.71,1776542729024,0,0,0,,,,0,cancelled
2026-04-18 20:00,ord-000066,sell,75610.72,1776542729024,0,0,0,,,,0,cancelled
2026-04-18 20:00,ord-000067,buy,75620.88,1776542734024,0,0,0,,,,0,cancelled
2026-04-18 20:00,ord-000068,sell,75624.89,1776542734024,0,0,0,,,,0,cancelled
2026-04-18 20:00,ord-000069,buy,75630.64,1776542764724,0,0,0,,,,0,cancelled
2026-04-18 20:00,ord-000070,sell,75634.65,1776542764724,0,0,0,,,,0,cancelled
2026-04-18 20:00,ord-000071,buy,75639.71,1776542773524,0,0,0,,,,0,cancelled
2026-04-18 20:00,ord-000072,sell,75643.72,1776542773524,0,0,0,,,,0,cancelled
2026-04-18 20:00,ord-000073,buy,75643.32,1776542778524,0,0,0,,,,0,cancelled
2026-04-18 20:00,ord-000074,sell,75647.33,1776542778524,0,0,0,,,,0,cancelled
2026-04-18 20:00,ord-000075,buy,75672.30,1776542783524,0,0,0,,,,0,cancelled
2026-04-18 20:00,ord-000076,sell,75676.31,1776542783524,0,0,0,,,,0,cancelled
2026-04-18 20:00,ord-000077,buy,75676.89,1776542792033,0,0,0,,,,0,cancelled
2026-04-18 20:00,ord-000078,sell,75680.90,1776542792033,0,0,0,,,,0,cancelled
2026-04-18 20:00,ord-000079,buy,75677.92,1776542797124,0,0,0,,,,0,cancelled
2026-04-18 20:00,ord-000080,sell,75681.93,1776542797124,0,0,0,,,,0,cancelled
2026-04-18 20:00,ord-000081,buy,75683.00,1776542802124,0,0,0,,,,0,cancelled
2026-04-18 20:00,ord-000082,sell,75687.01,1776542802124,0,0,0,,,,0,cancelled
2026-04-18 20:00,ord-000083,buy,75683.99,1776542809324,0,0,0,,,,0,cancelled
2026-04-18 20:00,ord-000084,sell,75688.00,1776542809324,0.00120000,0.00120000,0,,,,0,cancelled
2026-04-18 20:00,ord-000085,buy,75695.87,1776542814324,0,0,0,,,,0,cancelled
2026-04-18 20:00,ord-000086,sell,75699.88,1776542814324,0,0,0,,,,0,cancelled
2026-04-18 20:00,ord-000087,buy,75697.67,1776542819324,0,0,0,,,,0,cancelled
2026-04-18 20:00,ord-000088,sell,75701.68,1776542819324,0,0,0,,,,0,cancelled
2026-04-18 20:00,ord-000089,buy,75692.28,1776542824424,0,0,0,,,,0,cancelled
2026-04-18 20:00,ord-000090,sell,75696.29,1776542824424,0,0,0,,,,0,cancelled
2026-04-18 20:00,ord-000091,buy,75678.35,1776542829425,0,0,0,,,,0,cancelled
2026-04-18 20:00,ord-000092,sell,75682.36,1776542829425,0,0,0,,,,0,cancelled
2026-04-18 20:00,ord-000093,buy,75680.27,1776542837124,0,0,0,,,,0,cancelled
2026-04-18 20:00,ord-000094,sell,75684.28,1776542837124,0,0,0,,,,0,cancelled
2026-04-18 20:00,ord-000095,buy,75681.98,1776542842124,0,0,0,,,,0,cancelled
2026-04-18 20:00,ord-000096,sell,75685.99,1776542842124,0,0,0,,,,0,cancelled
2026-04-18 20:00,ord-000097,buy,75685.93,1776542847124,0,0,0,,,,0,cancelled
2026-04-18 20:00,ord-000098,sell,75689.94,1776542847124,0,0,0,,,,0,cancelled
2026-04-18 20:00,ord-000099,buy,75677.30,1776542852124,0,0,0,,,,0,cancelled
2026-04-18 20:00,ord-000100,sell,75681.31,1776542852124,0,0,0,,,,0,cancelled
2026-04-18 20:00,ord-000101,buy,75680.76,1776542865624,0,0,0,,,,0,cancelled
2026-04-18 20:00,ord-000102,sell,75684.77,1776542865624,0,0,0,,,,0,cancelled
2026-04-18 20:00,ord-000103,buy,75685.82,1776542873524,0,0,0,,,,0,cancelled
2026-04-18 20:00,ord-000104,sell,75689.83,1776542873524,0,0,0,,,,0,cancelled
2026-04-18 20:00,ord-000105,buy,75684.66,1776542880924,0,0,0,,,,0,cancelled
2026-04-18 20:00,ord-000106,sell,75688.67,1776542880924,0,0,0,,,,0,cancelled
2026-04-18 20:00,ord-000107,buy,75682.86,1776542885924,0,0,0,,,,0,cancelled
2026-04-18 20:00,ord-000108,sell,75686.87,1776542885924,0,0,0,,,,0,cancelled
2026-04-18 20:00,ord-000109,buy,75685.93,1776542892424,0,0,0,,,,0,cancelled
2026-04-18 20:00,ord-000110,sell,75689.94,1776542892424,0,0,0,,,,0,cancelled
2026-04-18 20:00,ord-000111,buy,75693.61,1776542897424,0,0,0,,,,0,cancelled
2026-04-18 20:00,ord-000112,sell,75697.62,1776542897424,0,0,0,,,,0,cancelled
2026-04-18 20:00,ord-000113,buy,75697.99,1776542915024,0,0,0,,,,0,cancelled
2026-04-18 20:00,ord-000114,sell,75702.00,1776542915024,0.00120000,0.00120000,0,,,,0,cancelled
2026-04-18 20:00,ord-000115,buy,75707.90,1776542937224,0,0,0,,,,0,cancelled
2026-04-18 20:00,ord-000116,sell,75711.91,1776542937224,0,0,0,,,,0,cancelled
2026-04-18 20:00,ord-000117,buy,75680.84,1776542942224,0,0,0,,,,0,cancelled
2026-04-18 20:00,ord-000118,sell,75684.85,1776542942224,0,0,0,,,,0,cancelled
2026-04-18 20:00,ord-000119,buy,75670.00,1776543004024,0.00120000,0,0,,,,0,cancelled
2026-04-18 20:00,ord-000120,sell,75674.01,1776543004024,0,0,0,,,,0,cancelled
2026-04-18 20:00,ord-000121,buy,75675.92,1776543009024,0,0,0,,,,0,cancelled
2026-04-18 20:00,ord-000122,sell,75679.93,1776543009024,0,0,0,,,,0,cancelled
2026-04-18 20:00,ord-000123,buy,75683.50,1776543014024,0,0,0,,,,0,cancelled
2026-04-18 20:00,ord-000124,sell,75687.51,1776543014024,0,0,0,,,,0,cancelled
2026-04-18 20:00,ord-000125,buy,75687.88,1776543019024,0,0,0,,,,0,cancelled
2026-04-18 20:00,ord-000126,sell,75691.89,1776543019024,0,0,0,,,,0,cancelled
2026-04-18 20:00,ord-000127,buy,75690.08,1776543024024,0,0,0,,,,0,cancelled
2026-04-18 20:00,ord-000128,sell,75694.09,1776543024024,0,0,0,,,,0,cancelled
2026-04-18 20:00,ord-000129,buy,75690.88,1776543029024,0,0,0,,,,0,cancelled
2026-04-18 20:00,ord-000130,sell,75694.89,1776543029024,0,0,0,,,,0,cancelled
2026-04-18 20:00,ord-000131,buy,75693.60,1776543036824,0,0,0,,,,0,cancelled
2026-04-18 20:00,ord-000132,sell,75697.61,1776543036824,0,0,0,,,,0,cancelled
2026-04-18 20:00,ord-000133,buy,75695.96,1776543041824,0,0,0,,,,0,cancelled
2026-04-18 20:00,ord-000134,sell,75699.97,1776543041824,0,0,0,,,,0,cancelled
2026-04-18 20:00,ord-000135,buy,75689.81,1776543046824,0,0,0,,,,0,cancelled
2026-04-18 20:00,ord-000136,sell,75693.82,1776543046824,0,0,0,,,,0,cancelled
2026-04-18 20:00,ord-000137,buy,75676.80,1776543052425,0,0,0,,,,0,cancelled
2026-04-18 20:00,ord-000138,sell,75680.81,1776543052425,0,0,0,,,,0,cancelled
2026-04-18 20:00,ord-000139,buy,75684.37,1776543069224,0,0,0,,,,0,cancelled
2026-04-18 20:00,ord-000140,sell,75688.38,1776543069224,0,0,0,,,,0,cancelled
2026-04-18 20:00,ord-000141,buy,75684.38,1776543082924,0,0,0,,,,0,cancelled
2026-04-18 20:00,ord-000142,sell,75688.39,1776543082924,0,0,0,,,,0,cancelled
2026-04-18 20:00,ord-000143,buy,75695.96,1776543092524,0,0,0,,,,0,cancelled
2026-04-18 20:00,ord-000144,sell,75699.97,1776543092524,0,0,0,,,,0,cancelled
2026-04-18 20:00,ord-000145,buy,75693.59,1776543112224,0,0,0,,,,0,cancelled
2026-04-18 20:00,ord-000146,sell,75697.60,1776543112224,0,0,0,,,,0,cancelled
2026-04-18 20:00,ord-000147,buy,75689.72,1776543117224,0,0,0,,,,0,cancelled
2026-04-18 20:00,ord-000148,sell,75693.73,1776543117224,0,0,0,,,,0,cancelled
2026-04-18 20:00,ord-000149,buy,75695.05,1776543191325,0,0,0,,,,0,cancelled
2026-04-18 20:00,ord-000150,sell,75699.06,1776543191325,0,0,0,,,,0,cancelled
2026-04-18 20:00,ord-000151,buy,75695.96,1776543196424,0,0,0,,,,0,cancelled
2026-04-18 20:00,ord-000152,sell,75699.97,1776543196424,0,0,0,,,,0,cancelled
2026-04-18 20:00,ord-000153,buy,75691.36,1776543219024,0,0,0,,,,0,cancelled
2026-04-18 20:00,ord-000154,sell,75695.37,1776543219024,0,0,0,,,,0,cancelled
2026-04-18 20:00,ord-000155,buy,75695.96,1776543224032,0,0,0,,,,0,cancelled
2026-04-18 20:00,ord-000156,sell,75699.97,1776543224032,0,0,0,,,,0,cancelled
2026-04-18 20:00,ord-000157,buy,75692.05,1776543267624,0,0,0,,,,0,cancelled
2026-04-18 20:00,ord-000158,sell,75696.06,1776543267624,0,0,0,,,,0,cancelled
2026-04-18 20:00,ord-000159,buy,75686.81,1776543272624,0,0,0,,,,0,cancelled
2026-04-18 20:00,ord-000160,sell,75690.82,1776543272624,0,0,0,,,,0,cancelled
2026-04-18 20:00,ord-000161,buy,75695.96,1776543277624,0,0,0,,,,0,cancelled
2026-04-18 20:00,ord-000162,sell,75699.97,1776543277624,0,0,0,,,,0,cancelled
2026-04-18 20:00,ord-000163,buy,75704.33,1776543311828,0,0,0,,,,0,cancelled
2026-04-18 20:00,ord-000164,sell,75708.34,1776543311828,0,0,0,,,,0,cancelled
2026-04-18 20:00,ord-000165,buy,75721.47,1776543316924,0,0,0,,,,0,cancelled
2026-04-18 20:00,ord-000166,sell,75725.48,1776543316924,0,0,0,,,,0,cancelled
2026-04-18 20:00,ord-000167,buy,75715.78,1776543333624,0,0,0,,,,0,cancelled
2026-04-18 20:00,ord-000168,sell,75719.79,1776543333624,0,0,0,,,,0,cancelled
2026-04-18 20:00,ord-000169,buy,75706.02,1776543338624,0,0,0,,,,0,cancelled
2026-04-18 20:00,ord-000170,sell,75710.03,1776543338624,0,0,0,,,,0,cancelled
2026-04-18 20:00,ord-000171,buy,75711.73,1776543371724,0,0,0,,,,0,cancelled
2026-04-18 20:00,ord-000172,sell,75715.74,1776543371724,0,0,0,,,,0,cancelled
2026-04-18 20:00,ord-000173,buy,75719.03,1776543376724,0,0,0,,,,0,cancelled
2026-04-18 20:00,ord-000174,sell,75723.04,1776543376724,0,0,0,,,,0,cancelled
2026-04-18 20:00,ord-000175,buy,75721.47,1776543381725,0,0,0,,,,0,cancelled
2026-04-18 20:00,ord-000176,sell,75725.48,1776543381725,0,0,0,,,,0,cancelled
2026-04-18 20:00,ord-000177,buy,75725.07,1776543393924,0,0,0,,,,0,cancelled
2026-04-18 20:00,ord-000178,sell,75729.08,1776543393924,0,0,0,,,,0,cancelled
2026-04-18 20:00,ord-000179,buy,75725.99,1776543398924,0,0,0,,,,0,cancelled
2026-04-18 20:00,ord-000180,sell,75730.00,1776543398924,0.00120000,0,0,,,,0,cancelled
2026-04-18 20:00,ord-000181,buy,75726.41,1776543407124,0,0,0,,,,0,cancelled
2026-04-18 20:00,ord-000182,sell,75730.42,1776543407124,0,0,0,,,,0,cancelled
2026-04-18 20:00,ord-000183,buy,75728.60,1776543421724,0,0,0,,,,0,cancelled
2026-04-18 20:00,ord-000184,sell,75732.61,1776543421724,0,0,0,,,,0,cancelled
2026-04-18 20:00,ord-000185,buy,75731.91,1776543426724,0,0,0,,,,0,cancelled
2026-04-18 20:00,ord-000186,sell,75735.92,1776543426724,0,0,0,,,,0,cancelled
2026-04-18 20:00,ord-000187,buy,75726.58,1776543436630,0,0,0,,,,0,cancelled
2026-04-18 20:00,ord-000188,sell,75730.59,1776543436630,0,0,0,,,,0,cancelled
2026-04-18 20:00,ord-000189,buy,75712.67,1776543441724,0,0,0,,,,0,cancelled
2026-04-18 20:00,ord-000190,sell,75716.68,1776543441724,0,0,0,,,,0,cancelled
2026-04-18 20:00,ord-000191,buy,75720.25,1776543473124,0,0,0,,,,0,cancelled
2026-04-18 20:00,ord-000192,sell,75724.26,1776543473124,0,0,0,,,,0,cancelled
2026-04-18 20:00,ord-000193,buy,75728.74,1776543478124,0,0,0,,,,0,cancelled
2026-04-18 20:00,ord-000194,sell,75732.75,1776543478124,0,0,0,,,,0,cancelled
2026-04-18 20:00,ord-000195,buy,75726.62,1776543488324,0,0,0,,,,0,cancelled
2026-04-18 20:00,ord-000196,sell,75730.63,1776543488324,0,0,0,,,,0,cancelled
2026-04-18 20:00,ord-000197,buy,75726.63,1776543499324,0.00014000,0,0,,,,0,cancelled
2026-04-18 20:00,ord-000198,sell,75730.64,1776543499324,0,0,0,,,,0,cancelled
2026-04-18 20:00,ord-000199,buy,75736.68,1776543504324,0,0,0,,,,0,cancelled
2026-04-18 20:00,ord-000200,sell,75740.69,1776543504324,0,0,0,,,,0,cancelled
2026-04-18 20:00,ord-000201,buy,75733.90,1776543533624,0,0,0,,,,0,cancelled
2026-04-18 20:00,ord-000202,sell,75737.91,1776543533624,0,0,0,,,,0,cancelled
2026-04-18 20:00,ord-000203,buy,75736.67,1776543545824,0,0,0,,,,0,cancelled
2026-04-18 20:00,ord-000204,sell,75740.68,1776543545824,0,0,0,,,,0,cancelled
2026-04-18 20:00,ord-000205,buy,75738.77,1776543553224,0,0,0,,,,0,cancelled
2026-04-18 20:00,ord-000206,sell,75742.78,1776543553224,0,0,0,,,,0,cancelled
2026-04-18 20:00,ord-000207,buy,75747.99,1776543558224,0.01798000,0,0,,,,0,cancelled
2026-04-18 20:00,ord-000208,sell,75752.00,1776543558224,0.00120000,0.00120000,0,,,,0,cancelled
2026-04-18 20:00,ord-000209,buy,75770.09,1776543563224,0,0,0,,,,0,cancelled
2026-04-18 20:00,ord-000210,sell,75774.10,1776543563224,0,0,0,,,,0,cancelled
2026-04-18 20:00,ord-000211,buy,75767.97,1776543578724,0,0,0,,,,0,cancelled
2026-04-18 20:00,ord-000212,sell,75771.98,1776543578724,0,0,0,,,,0,cancelled
2026-04-18 20:00,ord-000213,buy,75752.08,1776543585648,0,0,0,,,,0,cancelled
2026-04-18 20:00,ord-000214,sell,75756.09,1776543585648,0,0,0,,,,0,cancelled
2026-04-18 20:00,ord-000215,buy,75702.49,1776543590724,0,0,0,,,,0,cancelled
2026-04-18 20:00,ord-000216,sell,75706.50,1776543590724,0,0,0,,,,0,cancelled
2026-04-18 20:00,ord-000217,buy,75687.16,1776543595724,0,0,0,,,,0,cancelled
2026-04-18 20:00,ord-000218,sell,75691.17,1776543595724,0,0,0,,,,0,cancelled
2026-04-18 20:00,ord-000219,buy,75678.87,1776543600724,0,0,0,,,,0,cancelled
2026-04-18 20:00,ord-000220,sell,75682.88,1776543600724,0,0,0,,,,0,cancelled
2026-04-18 20:00,ord-000221,buy,75693.68,1776543605724,0,0,0,,,,0,cancelled
2026-04-18 20:00,ord-000222,sell,75697.69,1776543605724,0,0,0,,,,0,cancelled
2026-04-18 20:00,ord-000223,buy,75697.67,1776543631224,0,0,0,,,,0,cancelled
2026-04-18 20:00,ord-000224,sell,75701.68,1776543631224,0,0,0,,,,0,cancelled
2026-04-18 20:00,ord-000225,buy,75701.99,1776543636224,0,0,0,,,,0,cancelled
2026-04-18 20:00,ord-000226,sell,75706.00,1776543636224,0.00120000,0,0,,,,0,cancelled
2026-04-18 20:00,ord-000227,buy,75696.48,1776543642424,0,0,0,,,,0,cancelled
2026-04-18 20:00,ord-000228,sell,75700.49,1776543642424,0,0,0,,,,0,cancelled
2026-04-18 20:00,ord-000229,buy,75692.00,1776543647424,0.00120000,0,0,,,,0,cancelled
2026-04-18 20:00,ord-000230,sell,75696.01,1776543647424,0,0,0,,,,0,cancelled
2026-04-18 20:00,ord-000231,buy,75713.18,1776543670350,0,0,0,,,,0,cancelled
2026-04-18 20:00,ord-000232,sell,75717.19,1776543670350,0,0,0,,,,0,cancelled
2026-04-18 20:00,ord-000233,buy,75716.48,1776543675424,0,0,0,,,,0,cancelled
2026-04-18 20:00,ord-000234,sell,75720.49,1776543675424,0,0,0,,,,0,cancelled
2026-04-18 20:00,ord-000235,buy,75710.20,1776543680424,0,0,0,,,,0,cancelled
2026-04-18 20:00,ord-000236,sell,75714.21,1776543680424,0,0,0,,,,0,cancelled
2026-04-18 20:00,ord-000237,buy,75707.26,1776543687824,0,0,0,,,,0,cancelled
2026-04-18 20:00,ord-000238,sell,75711.27,1776543687824,0,0,0,,,,0,cancelled
2026-04-18 20:00,ord-000239,buy,75707.25,1776543692824,0,0,0,,,,0,cancelled
2026-04-18 20:00,ord-000240,sell,75711.26,1776543692824,0,0,0,,,,0,cancelled
2026-04-18 20:00,ord-000241,buy,75714.66,1776543704624,0,0,0,,,,0,cancelled
2026-04-18 20:00,ord-000242,sell,75718.67,1776543704624,0,0,0,,,,0,cancelled
2026-04-18 20:00,ord-000243,buy,75714.64,1776543711524,0,0,0,,,,0,cancelled
2026-04-18 20:00,ord-000244,sell,75718.65,1776543711524,0,0,0,,,,0,cancelled
2026-04-18 20:00,ord-000245,buy,75711.88,1776543716525,0,0,0,,,,0,cancelled
2026-04-18 20:00,ord-000246,sell,75715.89,1776543716525,0,0,0,,,,0,cancelled
2026-04-18 20:00,ord-000247,buy,75708.03,1776543721624,0,0,0,,,,0,cancelled
2026-04-18 20:00,ord-000248,sell,75712.04,1776543721624,0,0,0,,,,0,cancelled
2026-04-18 20:00,ord-000249,buy,75702.00,1776543726624,0.00120000,0.00120000,0,1776543727256,0.00120000,0.00000000,0.00070000,cancelled
2026-04-18 20:00,ord-000250,sell,75706.01,1776543726624,1.11629000,0,0,,,,0,cancelled
2026-04-18 20:00,ord-000251,buy,75695.99,1776543731624,0,0,0,,,,0,cancelled
2026-04-18 20:00,ord-000252,sell,75700.00,1776543731624,0,0,0,,,,0,cancelled
2026-04-18 20:00,ord-000253,buy,75695.77,1776543736624,0,0,0,,,,0,cancelled
2026-04-18 20:00,ord-000254,sell,75699.78,1776543736624,0,0,0,,,,0,cancelled
2026-04-18 20:00,ord-000255,buy,75681.16,1776543741624,0,0,0,,,,0,cancelled
2026-04-18 20:00,ord-000256,sell,75685.17,1776543741624,0,0,0,,,,0,cancelled
2026-04-18 20:00,ord-000257,buy,75678.44,1776543756424,0,0,0,,,,0,cancelled
2026-04-18 20:00,ord-000258,sell,75682.45,1776543756424,0,0,0,,,,0,cancelled
2026-04-18 20:00,ord-000259,buy,75674.98,1776543761424,0,0,0,,,,0,cancelled
2026-04-18 20:00,ord-000260,sell,75678.99,1776543761424,0,0,0,,,,0,cancelled
2026-04-18 20:00,ord-000261,buy,75674.96,1776543777624,0,0,0,,,,0,cancelled
2026-04-18 20:00,ord-000262,sell,75678.97,1776543777624,0,0,0,,,,0,cancelled
2026-04-18 20:00,ord-000263,buy,75672.60,1776543782624,0,0,0,,,,0,cancelled
2026-04-18 20:00,ord-000264,sell,75676.61,1776543782624,0,0,0,,,,0,cancelled
2026-04-18 20:00,ord-000265,buy,75668.45,1776543787624,0,0,0,,,,0,cancelled
2026-04-18 20:00,ord-000266,sell,75672.46,1776543787624,0,0,0,,,,0,cancelled
2026-04-18 20:00,ord-000267,buy,75666.00,1776543792624,0.00120000,0.00120000,0,,,,0,cancelled
2026-04-18 20:00,ord-000268,sell,75670.01,1776543792624,0,0,0,,,,0,cancelled
2026-04-18 20:00,ord-000269,buy,75664.01,1776543797624,0,0,0,,,,0,cancelled
2026-04-18 20:00,ord-000270,sell,75668.02,1776543797624,0,0,0,,,,0,cancelled
2026-04-18 20:00,ord-000271,buy,75668.48,1776543802624,0,0,0,,,,0,cancelled
2026-04-18 20:00,ord-000272,sell,75672.49,1776543802624,0,0,0,,,,0,cancelled
2026-04-18 20:00,ord-000273,buy,75677.94,1776543807624,0,0,0,,,,0,cancelled
2026-04-18 20:00,ord-000274,sell,75681.95,1776543807624,0,0,0,,,,0,cancelled
2026-04-18 20:00,ord-000275,buy,75679.70,1776543816324,0,0,0,,,,0,cancelled
2026-04-18 20:00,ord-000276,sell,75683.71,1776543816324,0,0,0,,,,0,cancelled
2026-04-18 20:00,ord-000277,buy,75675.31,1776543821324,0,0,0,,,,0,cancelled
2026-04-18 20:00,ord-000278,sell,75679.32,1776543821324,0,0,0,,,,0,cancelled
2026-04-18 20:00,ord-000279,buy,75669.47,1776543828535,0,0,0,,,,0,cancelled
2026-04-18 20:00,ord-000280,sell,75673.48,1776543828535,0,0,0,,,,0,cancelled
2026-04-18 20:00,ord-000281,buy,75675.27,1776543833626,0,0,0,,,,0,cancelled
2026-04-18 20:00,ord-000282,sell,75679.28,1776543833626,0,0,0,,,,0,cancelled
2026-04-18 20:00,ord-000283,buy,75677.40,1776543838724,0,0,0,,,,0,cancelled
2026-04-18 20:00,ord-000284,sell,75681.41,1776543838724,0,0,0,,,,0,cancelled
2026-04-18 20:00,ord-000285,buy,75696.32,1776543849824,0,0,0,,,,0,cancelled
2026-04-18 20:00,ord-000286,sell,75700.33,1776543849824,0,0,0,,,,0,cancelled
2026-04-18 20:00,ord-000287,buy,75689.21,1776543867724,0,0,0,,,,0,cancelled
2026-04-18 20:00,ord-000288,sell,75693.22,1776543867724,0,0,0,,,,0,cancelled
2026-04-18 20:00,ord-000289,buy,75692.63,1776543872724,0,0,0,,,,0,cancelled
2026-04-18 20:00,ord-000290,sell,75696.64,1776543872724,0,0,0,,,,0,cancelled
2026-04-18 20:00,ord-000291,buy,75696.24,1776543885324,0,0,0,,,,0,cancelled
2026-04-18 20:00,ord-000292,sell,75700.25,1776543885324,0,0,0,,,,0,cancelled
2026-04-18 20:00,ord-000293,buy,75693.49,1776543916424,0,0,0,,,,0,cancelled
2026-04-18 20:00,ord-000294,sell,75697.50,1776543916424,0,0,0,,,,0,cancelled
2026-04-18 20:00,ord-000295,buy,75700.66,1776543941624,0,0,0,,,,0,cancelled
2026-04-18 20:00,ord-000296,sell,75704.67,1776543941624,0,0,0,,,,0,cancelled
2026-04-18 20:00,ord-000297,buy,75708.02,1776543948325,0,0,0,,,,0,cancelled
2026-04-18 20:00,ord-000298,sell,75712.03,1776543948325,0,0,0,,,,0,cancelled
2026-04-18 20:00,ord-000299,buy,75703.40,1776543972426,0,0,0,1776543976123,0,0,0.00007000,cancelled
2026-04-18 20:00,ord-000300,sell,75707.41,1776543972426,0,0,0,,,,0,cancelled
2026-04-18 20:00,ord-000301,buy,75700.43,1776543977524,0,0,0,,,,0,cancelled
2026-04-18 20:00,ord-000302,sell,75704.44,1776543977524,0,0,0,,,,0,cancelled
2026-04-18 20:00,ord-000303,buy,75700.44,1776544023324,0,0,0,,,,0,cancelled
2026-04-18 20:00,ord-000304,sell,75704.45,1776544023324,0,0,0,,,,0,cancelled
2026-04-18 20:00,ord-000305,buy,75720.38,1776544028324,0,0,0,,,,0,cancelled
2026-04-18 20:00,ord-000306,sell,75724.39,1776544028324,0,0,0,,,,0,cancelled
2026-04-18 20:00,ord-000307,buy,75716.00,1776544165424,0.00080000,0,0,,,,0,cancelled
2026-04-18 20:00,ord-000308,sell,75720.01,1776544165424,0,0,0,,,,0,cancelled
2026-04-18 20:00,ord-000309,buy,75731.91,1776544207727,0,0,0,,,,0,cancelled
2026-04-18 20:00,ord-000310,sell,75735.92,1776544207727,0,0,0,,,,0,cancelled
2026-04-18 20:00,ord-000311,buy,75743.10,1776544212824,0,0,0,,,,0,cancelled
2026-04-18 20:00,ord-000312,sell,75747.11,1776544212824,0,0,0,,,,0,cancelled
2026-04-18 20:00,ord-000313,buy,75746.05,1776544229324,0,0,0,,,,0,cancelled
2026-04-18 20:00,ord-000314,sell,75750.06,1776544229324,0,0,0,,,,0,cancelled
2026-04-18 20:00,ord-000315,buy,75747.99,1776544234324,0.00007000,0.00007000,0,1776544263279,0.00007000,0.00000000,0.00007000,cancelled
2026-04-18 20:00,ord-000316,sell,75752.00,1776544234324,0.00120000,0,0,,,,0,cancelled
2026-04-18 20:00,ord-000317,buy,75745.22,1776544263324,0,0,0,,,,0,cancelled
2026-04-18 20:00,ord-000318,sell,75749.23,1776544263324,0,0,0,,,,0,cancelled
2026-04-18 20:00,ord-000319,buy,75745.19,1776544268324,0,0,0,,,,0,cancelled
2026-04-18 20:00,ord-000320,sell,75749.20,1776544268324,0.00300000,0,0,,,,0,cancelled
2026-04-18 20:00,ord-000321,buy,75738.40,1776544289624,0,0,0,,,,0,cancelled
2026-04-18 20:00,ord-000322,sell,75742.41,1776544289624,3.40563000,0,0,,,,0,cancelled
2026-04-18 20:00,ord-000323,buy,75732.83,1776544294624,0,0,0,,,,0,cancelled
2026-04-18 20:00,ord-000324,sell,75736.84,1776544294624,0,0,0,,,,0,cancelled
2026-04-18 20:00,ord-000325,buy,75728.04,1776544342024,0,0,0,,,,0,cancelled
2026-04-18 20:00,ord-000326,sell,75732.05,1776544342024,0,0,0,,,,0,cancelled
2026-04-18 20:00,ord-000327,buy,75732.83,1776544377024,0,0,0,,,,0,cancelled
2026-04-18 20:00,ord-000328,sell,75736.84,1776544377024,0,0,0,,,,0,cancelled
2026-04-18 20:00,ord-000329,buy,75735.11,1776544382024,0,0,0,,,,0,cancelled
2026-04-18 20:00,ord-000330,sell,75739.12,1776544382024,0,0,0,,,,0,cancelled
2026-04-18 20:00,ord-000331,buy,75736.83,1776544387024,0,0,0,,,,0,cancelled
2026-04-18 20:00,ord-000332,sell,75740.84,1776544387024,0,0,0,,,,0,cancelled
2026-04-18 20:00,ord-000333,buy,75730.76,1776544420524,0,0,0,,,,0,cancelled
2026-04-18 20:00,ord-000334,sell,75734.77,1776544420524,0,0,0,,,,0,cancelled
2026-04-18 20:00,ord-000335,buy,75736.28,1776544465424,0,0,0,,,,0,cancelled
2026-04-18 20:00,ord-000336,sell,75740.29,1776544465424,0,0,0,,,,0,cancelled
2026-04-18 20:00,ord-000337,buy,75741.99,1776544470424,0.01632000,0,0,,,,0,cancelled
2026-04-18 20:00,ord-000338,sell,75746.00,1776544470424,0.00120000,0.00120000,0,,,,0,cancelled
2026-04-18 20:00,ord-000339,buy,75746.84,1776544521324,0,0,0,,,,0,cancelled
2026-04-18 20:00,ord-000340,sell,75750.85,1776544521324,0,0,0,,,,0,cancelled
2026-04-18 20:00,ord-000341,buy,75747.99,1776544526324,0,0,0,,,,0,cancelled
2026-04-18 20:00,ord-000342,sell,75752.00,1776544526324,0.00120000,0,0,,,,0,cancelled
2026-04-18 20:00,ord-000343,buy,75748.00,1776544536324,0,0,0,,,,0,cancelled
2026-04-18 20:00,ord-000344,sell,75752.01,1776544536324,0,0,0,1776544540332,0,0,0.001,filled
2026-04-18 20:00,ord-000345,buy,75750.81,1776544540424,0,0,0,,,,0,cancelled
2026-04-18 20:00,ord-000346,sell,75754.82,1776544540424,0,0,0,,,,0,cancelled
2026-04-18 20:00,ord-000347,buy,75754.29,1776544545424,0,0,0,,,,0,cancelled
2026-04-18 20:00,ord-000348,sell,75758.30,1776544545424,0,0,0,,,,0,cancelled
2026-04-18 20:00,ord-000349,buy,75750.82,1776544550624,0,0,0,,,,0,cancelled
2026-04-18 20:00,ord-000350,sell,75754.83,1776544550624,0,0,0,,,,0,cancelled
2026-04-18 20:00,ord-000351,buy,75747.70,1776544555624,0,0,0,,,,0,cancelled
2026-04-18 20:00,ord-000352,sell,75751.71,1776544555624,0,0,0,,,,0,cancelled
2026-04-18 20:00,ord-000353,buy,75747.69,1776544563324,0,0,0,,,,0,cancelled
2026-04-18 20:00,ord-000354,sell,75751.70,1776544563324,0,0,0,,,,0,cancelled
2026-04-18 20:00,ord-000355,buy,75742.00,1776544574224,0.00120000,0.00120000,0,1776544609483,0.00120000,0.00000000,0.00049000,cancelled
2026-04-18 20:00,ord-000356,sell,75746.01,1776544574224,0,0,0,,,,0,cancelled
2026-04-18 20:00,ord-000357,buy,75736.25,1776544609529,0,0,0,,,,0,cancelled
2026-04-18 20:00,ord-000358,sell,75740.26,1776544609529,0,0,0,,,,0,cancelled
2026-04-18 20:00,ord-000359,buy,75730.76,1776544614624,0,0,0,,,,0,cancelled
2026-04-18 20:00,ord-000360,sell,75734.77,1776544614624,0,0,0,,,,0,cancelled
2026-04-18 20:00,ord-000361,buy,75728.41,1776544619624,0,0,0,,,,0,cancelled
2026-04-18 20:00,ord-000362,sell,75732.42,1776544619624,0,0,0,,,,0,cancelled
2026-04-18 20:00,ord-000363,buy,75704.00,1776544624624,0.00120000,0,0,,,,0,cancelled
2026-04-18 20:00,ord-000364,sell,75708.01,1776544624624,0,0,0,,,,0,cancelled
2026-04-18 20:00,ord-000365,buy,75703.99,1776544630524,0,0,0,,,,0,cancelled
2026-04-18 20:00,ord-000366,sell,75708.00,1776544630524,0,0,0,,,,0,cancelled
2026-04-18 20:00,ord-000367,buy,75704.00,1776544648824,0.00120000,0,0,,,,0,cancelled
2026-04-18 20:00,ord-000368,sell,75708.01,1776544648824,0,0,0,,,,0,cancelled
2026-04-18 20:00,ord-000369,buy,75711.48,1776544685324,0,0,0,,,,0,cancelled
2026-04-18 20:00,ord-000370,sell,75715.49,1776544685324,0,0,0,,,,0,cancelled
2026-04-18 20:00,ord-000371,buy,75719.12,1776544690324,0,0,0,,,,0,cancelled
2026-04-18 20:00,ord-000372,sell,75723.13,1776544690324,0,0,0,,,,0,cancelled
2026-04-18 20:00,ord-000373,buy,75728.17,1776544731624,0,0,0,,,,0,cancelled
2026-04-18 20:00,ord-000374,sell,75732.18,1776544731624,0,0,0,,,,0,cancelled
2026-04-18 20:00,ord-000375,buy,75726.29,1776544758424,0,0,0,,,,0,cancelled
2026-04-18 20:00,ord-000376,sell,75730.30,1776544758424,0,0,0,,,,0,cancelled
2026-04-18 20:00,ord-000377,buy,75715.05,1776544763424,0,0,0,,,,0,cancelled
2026-04-18 20:00,ord-000378,sell,75719.06,1776544763424,0,0,0,,,,0,cancelled
2026-04-18 20:00,ord-000379,buy,75747.19,1776544794764,0,0,0,,,,0,cancelled
2026-04-18 20:00,ord-000380,sell,75751.20,1776544794764,0,0,0,,,,0,cancelled
2026-04-18 20:00,ord-000381,buy,75756.79,1776544799824,0.00858000,0,0,,,,0,cancelled
2026-04-18 20:00,ord-000382,sell,75760.80,1776544799824,0,0,0,,,,0,cancelled
2026-04-18 20:00,ord-000383,buy,75760.58,1776544804824,0,0,0,,,,0,cancelled
2026-04-18 20:00,ord-000384,sell,75764.59,1776544804824,0,0,0,,,,0,cancelled
2026-04-18 20:00,ord-000385,buy,75756.79,1776544812524,0,0,0,,,,0,cancelled
2026-04-18 20:00,ord-000386,sell,75760.80,1776544812524,0,0,0,,,,0,cancelled
2026-04-18 20:00,ord-000387,buy,75747.19,1776544817524,0,0,0,,,,0,cancelled
2026-04-18 20:00,ord-000388,sell,75751.20,1776544817524,0.00007000,0,0,,,,0,cancelled
2026-04-18 20:00,ord-000389,buy,75747.20,1776544838324,0,0,0,,,,0,cancelled
2026-04-18 20:00,ord-000390,sell,75751.21,1776544838324,0,0,0,,,,0,cancelled
2026-04-18 20:00,ord-000391,buy,75749.70,1776544843324,0,0,0,,,,0,cancelled
2026-04-18 20:00,ord-000392,sell,75753.71,1776544843324,0,0,0,,,,0,cancelled
2026-04-18 20:00,ord-000393,buy,75761.26,1776544848324,0.00007000,0,0,,,,0,cancelled
2026-04-18 20:00,ord-000394,sell,75765.27,1776544848324,0,0,0,,,,0,cancelled
2026-04-18 20:00,ord-000395,buy,75759.27,1776544863224,0,0,0,,,,0,cancelled
2026-04-18 20:00,ord-000396,sell,75763.28,1776544863224,0,0,0,,,,0,cancelled
2026-04-18 20:00,ord-000397,buy,75754.67,1776544872724,0,0,0,,,,0,cancelled
2026-04-18 20:00,ord-000398,sell,75758.68,1776544872724,0,0,0,,,,0,cancelled
2026-04-18 20:00,ord-000399,buy,75758.02,1776544898824,0,0,0,,,,0,cancelled
2026-04-18 20:00,ord-000400,sell,75762.03,1776544898824,0,0,0,,,,0,cancelled
2026-04-18 20:00,ord-000401,buy,75775.96,1776544903824,0.10765000,0,0,,,,0,cancelled
2026-04-18 20:00,ord-000402,sell,75779.97,1776544903824,0,0,0,,,,0,cancelled
2026-04-18 20:00,ord-000403,buy,75778.32,1776544972924,0,0,0,,,,0,cancelled
2026-04-18 20:00,ord-000404,sell,75782.33,1776544972924,0,0,0,,,,0,cancelled
2026-04-18 20:00,ord-000405,buy,75781.00,1776544977924,0,0,0,,,,0,cancelled
2026-04-18 20:00,ord-000406,sell,75785.01,1776544977924,0,0,0,,,,0,cancelled
2026-04-18 20:00,ord-000407,buy,75785.29,1776545028324,0,0,0,,,,0,cancelled
2026-04-18 20:00,ord-000408,sell,75789.30,1776545028324,0,0,0,,,,0,cancelled
2026-04-18 20:00,ord-000409,buy,75787.67,1776545038124,0,0,0,,,,0,cancelled
2026-04-18 20:00,ord-000410,sell,75791.68,1776545038124,0,0,0,,,,0,cancelled
2026-04-18 20:00,ord-000411,buy,75790.13,1776545116224,0,0,0,,,,0,cancelled
2026-04-18 20:00,ord-000412,sell,75794.14,1776545116224,0,0,0,,,,0,cancelled
2026-04-18 20:00,ord-000413,buy,75807.87,1776545121224,0,0,0,,,,0,cancelled
2026-04-18 20:00,ord-000414,sell,75811.88,1776545121224,0,0,0,,,,0,cancelled
2026-04-18 20:00,ord-000415,buy,75827.45,1776545126224,0,0,0,,,,0,cancelled
2026-04-18 20:00,ord-000416,sell,75831.46,1776545126224,0,0,0,,,,0,cancelled
2026-04-18 20:00,ord-000417,buy,75825.55,1776545169524,0,0,0,,,,0,cancelled
2026-04-18 20:00,ord-000418,sell,75829.56,1776545169524,0,0,0,,,,0,cancelled
2026-04-18 20:00,ord-000419,buy,75822.57,1776545174524,0,0,0,,,,0,cancelled
2026-04-18 20:00,ord-000420,sell,75826.58,1776545174524,0,0,0,,,,0,cancelled
2026-04-18 20:00,ord-000421,buy,75809.27,1776545195024,0,0,0,,,,0,cancelled
2026-04-18 20:00,ord-000422,sell,75813.28,1776545195024,0,0,0,,,,0,cancelled
2026-04-18 20:00,ord-000423,buy,75807.39,1776545200024,0,0,0,,,,0,cancelled
2026-04-18 20:00,ord-000424,sell,75811.40,1776545200024,0,0,0,,,,0,cancelled
2026-04-18 20:00,ord-000425,buy,75813.61,1776545205024,0,0,0,,,,0,cancelled
2026-04-18 20:00,ord-000426,sell,75817.62,1776545205024,0,0,0,,,,0,cancelled
2026-04-18 20:00,ord-000427,buy,75805.60,1776545210024,0,0,0,,,,0,cancelled
2026-04-18 20:00,ord-000428,sell,75809.61,1776545210024,0,0,0,,,,0,cancelled
2026-04-18 20:00,ord-000429,buy,75805.33,1776545218524,0,0,0,,,,0,cancelled
2026-04-18 20:00,ord-000430,sell,75809.34,1776545218524,0,0,0,,,,0,cancelled
2026-04-18 20:00,ord-000431,buy,75795.49,1776545223524,0,0,0,,,,0,cancelled
2026-04-18 20:00,ord-000432,sell,75799.50,1776545223524,0,0,0,,,,0,cancelled
2026-04-18 20:00,ord-000433,buy,75790.59,1776545268125,0,0,0,,,,0,cancelled
2026-04-18 20:00,ord-000434,sell,75794.60,1776545268125,0,0,0,,,,0,cancelled
2026-04-18 20:00,ord-000435,buy,75788.67,1776545273224,0,0,0,,,,0,cancelled
2026-04-18 20:00,ord-000436,sell,75792.68,1776545273224,0,0,0,,,,0,cancelled
2026-04-18 20:00,ord-000437,buy,75787.68,1776545278224,0,0,0,,,,0,cancelled
2026-04-18 20:00,ord-000438,sell,75791.69,1776545278224,0,0,0,,,,0,cancelled
2026-04-18 20:00,ord-000439,buy,75788.67,1776545312324,0,0,0,,,,0,cancelled
2026-04-18 20:00,ord-000440,sell,75792.68,1776545312324,0,0,0,,,,0,cancelled
2026-04-18 20:00,ord-000441,buy,75786.00,1776545332128,0.00120000,0.00120000,0,,,,0,cancelled
2026-04-18 20:00,ord-000442,sell,75790.01,1776545332128,0,0,0,,,,0,cancelled
2026-04-18 20:00,ord-000443,buy,75778.32,1776545337224,0,0,0,,,,0,cancelled
2026-04-18 20:00,ord-000444,sell,75782.33,1776545337224,0,0,0,,,,0,cancelled
2026-04-18 20:00,ord-000445,buy,75782.35,1776545342224,0,0,0,,,,0,cancelled
2026-04-18 20:00,ord-000446,sell,75786.36,1776545342224,0,0,0,,,,0,cancelled
2026-04-18 20:00,ord-000447,buy,75788.67,1776545349424,0,0,0,,,,0,cancelled
2026-04-18 20:00,ord-000448,sell,75792.68,1776545349424,0,0,0,,,,0,cancelled
2026-04-18 20:00,ord-000449,buy,75797.10,1776545368334,0,0,0,,,,0,cancelled
2026-04-18 20:00,ord-000450,sell,75801.11,1776545368334,0,0,0,,,,0,cancelled
2026-04-18 20:00,ord-000451,buy,75805.60,1776545373424,0,0,0,,,,0,cancelled
2026-04-18 20:00,ord-000452,sell,75809.61,1776545373424,0,0,0,,,,0,cancelled
2026-04-18 20:00,ord-000453,buy,75803.78,1776545387124,0,0,0,,,,0,cancelled
2026-04-18 20:00,ord-000454,sell,75807.79,1776545387124,0,0,0,,,,0,cancelled
2026-04-18 20:00,ord-000455,buy,75805.60,1776545396624,0,0,0,,,,0,cancelled
2026-04-18 20:00,ord-000456,sell,75809.61,1776545396624,0,0,0,,,,0,cancelled
2026-04-18 20:00,ord-000457,buy,75821.72,1776545401624,0,0,0,,,,0,cancelled
2026-04-18 20:00,ord-000458,sell,75825.73,1776545401624,0,0,0,,,,0,cancelled
2026-04-18 20:00,ord-000459,buy,75827.44,1776545486224,0,0,0,,,,0,cancelled
2026-04-18 20:00,ord-000460,sell,75831.45,1776545486224,0,0,0,,,,0,cancelled
2026-04-18 20:00,ord-000461,buy,75830.99,1776545491224,0,0,0,,,,0,cancelled
2026-04-18 20:00,ord-000462,sell,75835.00,1776545491224,0,0,0,,,,0,cancelled
2026-04-18 20:00,ord-000463,buy,75832.30,1776545522224,0,0,0,,,,0,cancelled
2026-04-18 20:00,ord-000464,sell,75836.31,1776545522224,0,0,0,,,,0,cancelled
2026-04-18 20:00,ord-000465,buy,75823.46,1776545527224,0,0,0,,,,0,cancelled
2026-04-18 20:00,ord-000466,sell,75827.47,1776545527224,0,0,0,,,,0,cancelled
2026-04-18 20:00,ord-000467,buy,75815.54,1776545532224,0,0,0,,,,0,cancelled
2026-04-18 20:00,ord-000468,sell,75819.55,1776545532224,0,0,0,,,,0,cancelled
2026-04-18 20:00,ord-000469,buy,75814.00,1776545543024,0.00120000,0,0,,,,0,cancelled
2026-04-18 20:00,ord-000470,sell,75818.01,1776545543024,0.00007000,0,0,,,,0,cancelled
2026-04-18 20:00,ord-000471,buy,75812.03,1776545551924,0,0,0,,,,0,cancelled
2026-04-18 20:00,ord-000472,sell,75816.04,1776545551924,0,0,0,,,,0,cancelled
2026-04-18 20:00,ord-000473,buy,75805.72,1776545556924,0,0,0,,,,0,cancelled
2026-04-18 20:00,ord-000474,sell,75809.73,1776545556924,0,0,0,,,,0,cancelled
2026-04-18 20:00,ord-000475,buy,75803.64,1776545561924,0,0,0,,,,0,cancelled
2026-04-18 20:00,ord-000476,sell,75807.65,1776545561924,0,0,0,,,,0,cancelled
2026-04-18 20:00,ord-000477,buy,75800.44,1776545566924,0,0,0,,,,0,cancelled
2026-04-18 20:00,ord-000478,sell,75804.45,1776545566924,0,0,0,1776545592952,0,0,0.00028000,cancelled
2026-04-18 20:00,ord-000479,buy,75804.35,1776545593024,0,0,0,,,,0,cancelled
2026-04-18 20:00,ord-000480,sell,75808.36,1776545593024,0,0,0,,,,0,cancelled
2026-04-18 20:00,ord-000481,buy,75802.61,1776545598024,0,0,0,,,,0,cancelled
2026-04-18 20:00,ord-000482,sell,75806.62,1776545598024,0,0,0,,,,0,cancelled
2026-04-18 20:00,ord-000483,buy,75789.57,1776545603024,0,0,0,,,,0,cancelled
2026-04-18 20:00,ord-000484,sell,75793.58,1776545603024,0,0,0,,,,0,cancelled
2026-04-18 20:00,ord-000485,buy,75796.75,1776545620926,0,0,0,,,,0,cancelled
2026-04-18 20:00,ord-000486,sell,75800.76,1776545620926,0,0,0,,,,0,cancelled
2026-04-18 20:00,ord-000487,buy,75799.85,1776545626024,0,0,0,,,,0,cancelled
2026-04-18 20:00,ord-000488,sell,75803.86,1776545626024,0,0,0,,,,0,cancelled
2026-04-18 20:00,ord-000489,buy,75794.45,1776545636224,0,0,0,,,,0,cancelled
2026-04-18 20:00,ord-000490,sell,75798.46,1776545636224,0,0,0,,,,0,cancelled
2026-04-18 20:00,ord-000491,buy,75793.36,1776545647024,0,0,0,,,,0,cancelled
2026-04-18 20:00,ord-000492,sell,75797.37,1776545647024,0,0,0,,,,0,cancelled
2026-04-18 20:00,ord-000493,buy,75790.33,1776545652024,0,0,0,1776545655095,0,0,0.00021000,cancelled
2026-04-18 20:00,ord-000494,sell,75794.34,1776545652024,0,0,0,,,,0,cancelled
2026-04-18 20:00,ord-000495,buy,75788.32,1776545657024,0,0,0,,,,0,cancelled
2026-04-18 20:00,ord-000496,sell,75792.33,1776545657024,0,0,0,,,,0,cancelled
2026-04-18 20:00,ord-000497,buy,75785.95,1776545662024,0,0,0,,,,0,cancelled
2026-04-18 20:00,ord-000498,sell,75789.96,1776545662024,0,0,0,1776545693792,0,0,0.00007000,cancelled
2026-04-18 20:00,ord-000499,buy,75813.69,1776545693838,0,0,0,,,,0,cancelled
2026-04-18 20:00,ord-000500,sell,75817.70,1776545693838,0,0,0,,,,0,cancelled
2026-04-18 20:00,ord-000501,buy,75813.98,1776545698924,0,0,0,,,,0,cancelled
2026-04-18 20:00,ord-000502,sell,75817.99,1776545698924,0,0,0,,,,0,cancelled
2026-04-18 20:00,ord-000503,buy,75798.83,1776545703924,0,0,0,,,,0,cancelled
2026-04-18 20:00,ord-000504,sell,75802.84,1776545703924,0,0,0,,,,0,cancelled
2026-04-18 20:00,ord-000505,buy,75796.16,1776545708924,0,0,0,,,,0,cancelled
2026-04-18 20:00,ord-000506,sell,75800.17,1776545708924,0,0,0,,,,0,cancelled
2026-04-18 20:00,ord-000507,buy,75758.24,1776545713924,0,0,0,,,,0,cancelled
2026-04-18 20:00,ord-000508,sell,75762.25,1776545713924,0,0,0,,,,0,cancelled
2026-04-18 20:00,ord-000509,buy,75749.96,1776545718924,0,0,0,,,,0,cancelled
2026-04-18 20:00,ord-000510,sell,75753.97,1776545718924,0,0,0,,,,0,cancelled
2026-04-18 20:00,ord-000511,buy,75747.92,1776545784024,0,0,0,,,,0,cancelled
2026-04-18 20:00,ord-000512,sell,75751.93,1776545784024,0,0,0,,,,0,cancelled
2026-04-18 20:00,ord-000513,buy,75743.13,1776545789025,0,0,0,,,,0,cancelled
2026-04-18 20:00,ord-000514,sell,75747.14,1776545789025,0,0,0,,,,0,cancelled
2026-04-18 20:00,ord-000515,buy,75735.63,1776545794124,0,0,0,,,,0,cancelled
2026-04-18 20:00,ord-000516,sell,75739.64,1776545794124,0,0,0,,,,0,cancelled
2026-04-18 20:00,ord-000517,buy,75730.00,1776545799124,0.00120000,0,0,,,,0,cancelled
2026-04-18 20:00,ord-000518,sell,75734.01,1776545799124,0.00007000,0,0,,,,0,cancelled
2026-04-18 20:00,ord-000519,buy,75733.70,1776545836224,0,0,0,,,,0,cancelled
2026-04-18 20:00,ord-000520,sell,75737.71,1776545836224,0,0,0,,,,0,cancelled
2026-04-18 20:00,ord-000521,buy,75734.91,1776545870324,0,0,0,,,,0,cancelled
2026-04-18 20:00,ord-000522,sell,75738.92,1776545870324,0,0,0,,,,0,cancelled
2026-04-18 20:00,ord-000523,buy,75736.97,1776545889224,0,0,0,,,,0,cancelled
2026-04-18 20:00,ord-000524,sell,75740.98,1776545889224,0,0,0,,,,0,cancelled
2026-04-18 20:00,ord-000525,buy,75740.16,1776545894224,0,0,0,,,,0,cancelled
2026-04-18 20:00,ord-000526,sell,75744.17,1776545894224,0,0,0,,,,0,cancelled
2026-04-18 20:00,ord-000527,buy,75741.12,1776545900924,0,0,0,,,,0,cancelled
2026-04-18 20:00,ord-000528,sell,75745.13,1776545900924,0,0,0,,,,0,cancelled
2026-04-18 20:00,ord-000529,buy,75745.19,1776545905924,0,0,0,,,,0,cancelled
2026-04-18 20:00,ord-000530,sell,75749.20,1776545905924,0,0,0,,,,0,cancelled
2026-04-18 20:00,ord-000531,buy,75747.92,1776545914224,0,0,0,,,,0,cancelled
2026-04-18 20:00,ord-000532,sell,75751.93,1776545914224,0,0,0,,,,0,cancelled
2026-04-18 20:00,ord-000533,buy,75756.41,1776545919224,0,0,0,,,,0,cancelled
2026-04-18 20:00,ord-000534,sell,75760.42,1776545919224,0,0,0,,,,0,cancelled
2026-04-18 20:00,ord-000535,buy,75756.43,1776545939124,0,0,0,,,,0,cancelled
2026-04-18 20:00,ord-000536,sell,75760.44,1776545939124,0,0,0,,,,0,cancelled
2026-04-18 20:00,ord-000537,buy,75760.10,1776545945824,0,0,0,,,,0,cancelled
2026-04-18 20:00,ord-000538,sell,75764.11,1776545945824,0,0,0,,,,0,cancelled
2026-04-18 20:00,ord-000539,buy,75764.53,1776545950824,0,0,0,,,,0,cancelled
2026-04-18 20:00,ord-000540,sell,75768.54,1776545950824,0,0,0,,,,0,cancelled
2026-04-18 20:00,ord-000541,buy,75756.43,1776545987681,0,0,0,,,,0,cancelled
2026-04-18 20:00,ord-000542,sell,75760.44,1776545987681,0,0,0,,,,0,cancelled
2026-04-18 20:00,ord-000543,buy,75752.77,1776545992724,0,0,0,,,,0,expired
2026-04-18 20:00,ord-000544,sell,75756.78,1776545992724,0,0,0,,,,0,expired
2026-04-18 21:00,ord-000001,buy,75752.77,1776546000124,0,0,0,,,,0,cancelled
2026-04-18 21:00,ord-000002,sell,75756.78,1776546000124,0,0,0,,,,0,cancelled
2026-04-18 21:00,ord-000003,buy,75749.01,1776546005124,0,0,0,,,,0,cancelled
2026-04-18 21:00,ord-000004,sell,75753.02,1776546005124,0,0,0,,,,0,cancelled
2026-04-18 21:00,ord-000005,buy,75744.09,1776546011824,0,0,0,,,,0,cancelled
2026-04-18 21:00,ord-000006,sell,75748.10,1776546011824,0,0,0,,,,0,cancelled
2026-04-18 21:00,ord-000007,buy,75747.99,1776546016824,0,0,0,,,,0,cancelled
2026-04-18 21:00,ord-000008,sell,75752.00,1776546016824,0.00120000,0.00120000,0,,,,0,cancelled
2026-04-18 21:00,ord-000009,buy,75752.17,1776546038624,0.67941000,0,0,,,,0,cancelled
2026-04-18 21:00,ord-000010,sell,75756.18,1776546038624,0,0,0,,,,0,cancelled
2026-04-18 21:00,ord-000011,buy,75756.42,1776546043625,0,0,0,,,,0,cancelled
2026-04-18 21:00,ord-000012,sell,75760.43,1776546043625,0,0,0,,,,0,cancelled
2026-04-18 21:00,ord-000013,buy,75764.30,1776546049024,0,0,0,,,,0,cancelled
2026-04-18 21:00,ord-000014,sell,75768.31,1776546049024,0,0,0,,,,0,cancelled
2026-04-18 21:00,ord-000015,buy,75764.53,1776546065224,0.00132000,0,0,,,,0,cancelled
2026-04-18 21:00,ord-000016,sell,75768.54,1776546065224,0,0,0,,,,0,cancelled
2026-04-18 21:00,ord-000017,buy,75781.71,1776546070224,0,0,0,,,,0,cancelled
2026-04-18 21:00,ord-000018,sell,75785.72,1776546070224,0,0,0,,,,0,cancelled
2026-04-18 21:00,ord-000019,buy,75788.95,1776546075224,0,0,0,,,,0,cancelled
2026-04-18 21:00,ord-000020,sell,75792.96,1776546075224,0,0,0,,,,0,cancelled
2026-04-18 21:00,ord-000021,buy,75789.59,1776546080224,0,0,0,,,,0,cancelled
2026-04-18 21:00,ord-000022,sell,75793.60,1776546080224,0.00007000,0,0,,,,0,cancelled
2026-04-18 21:00,ord-000023,buy,75788.47,1776546089124,0,0,0,,,,0,cancelled
2026-04-18 21:00,ord-000024,sell,75792.48,1776546089124,0,0,0,,,,0,cancelled
2026-04-18 21:00,ord-000025,buy,75794.21,1776546094124,0,0,0,,,,0,cancelled
2026-04-18 21:00,ord-000026,sell,75798.22,1776546094124,0,0,0,,,,0,cancelled
2026-04-18 21:00,ord-000027,buy,75795.31,1776546110924,0,0,0,,,,0,cancelled
2026-04-18 21:00,ord-000028,sell,75799.32,1776546110924,0,0,0,,,,0,cancelled
2026-04-18 21:00,ord-000029,buy,75800.44,1776546115924,0,0,0,,,,0,cancelled
2026-04-18 21:00,ord-000030,sell,75804.45,1776546115924,0,0,0,,,,0,cancelled
2026-04-18 21:00,ord-000031,buy,75813.98,1776546120924,0,0,0,,,,0,cancelled
2026-04-18 21:00,ord-000032,sell,75817.99,1776546120924,0,0,0,,,,0,cancelled
2026-04-18 21:00,ord-000033,buy,75812.00,1776546125924,0.00080000,0,0,,,,0,cancelled
2026-04-18 21:00,ord-000034,sell,75816.01,1776546125924,0,0,0,,,,0,cancelled
2026-04-18 21:00,ord-000035,buy,75817.26,1776546139124,0,0,0,,,,0,cancelled
2026-04-18 21:00,ord-000036,sell,75821.27,1776546139124,0,0,0,,,,0,cancelled
2026-04-18 21:00,ord-000037,buy,75820.87,1776546157424,0,0,0,,,,0,cancelled
2026-04-18 21:00,ord-000038,sell,75824.88,1776546157424,0,0,0,,,,0,cancelled
2026-04-18 21:00,ord-000039,buy,75821.72,1776546168524,0,0,0,,,,0,cancelled
2026-04-18 21:00,ord-000040,sell,75825.73,1776546168524,0,0,0,,,,0,cancelled
2026-04-18 21:00,ord-000041,buy,75834.63,1776546173724,0.00007000,0,0,,,,0,cancelled
2026-04-18 21:00,ord-000042,sell,75838.64,1776546173724,0,0,0,,,,0,cancelled
2026-04-18 21:00,ord-000043,buy,75835.43,1776546187024,0,0,0,,,,0,cancelled
2026-04-18 21:00,ord-000044,sell,75839.44,1776546187024,0,0,0,,,,0,cancelled
2026-04-18 21:00,ord-000045,buy,75837.09,1776546192024,0,0,0,,,,0,cancelled
2026-04-18 21:00,ord-000046,sell,75841.10,1776546192024,0,0,0,,,,0,cancelled
2026-04-18 21:00,ord-000047,buy,75835.00,1776546203524,0,0,0,,,,0,cancelled
2026-04-18 21:00,ord-000048,sell,75839.01,1776546203524,0,0,0,,,,0,cancelled
2026-04-18 21:00,ord-000049,buy,75833.13,1776546208724,0,0,0,,,,0,cancelled
2026-04-18 21:00,ord-000050,sell,75837.14,1776546208724,0,0,0,,,,0,cancelled
2026-04-18 21:00,ord-000051,buy,75831.03,1776546213724,0,0,0,,,,0,cancelled
2026-04-18 21:00,ord-000052,sell,75835.04,1776546213724,0,0,0,,,,0,cancelled
2026-04-18 21:00,ord-000053,buy,75830.26,1776546218724,0,0,0,,,,0,cancelled
2026-04-18 21:00,ord-000054,sell,75834.27,1776546218724,0,0,0,,,,0,cancelled
2026-04-18 21:00,ord-000055,buy,75822.01,1776546223724,0,0,0,,,,0,cancelled
2026-04-18 21:00,ord-000056,sell,75826.02,1776546223724,0,0,0,,,,0,cancelled
2026-04-18 21:00,ord-000057,buy,75818.09,1776546228724,0,0,0,,,,0,cancelled
2026-04-18 21:00,ord-000058,sell,75822.10,1776546228724,0,0,0,,,,0,cancelled
2026-04-18 21:00,ord-000059,buy,75814.00,1776546255724,0.13487000,0.00279000,0,,,,0,cancelled
2026-04-18 21:00,ord-000060,sell,75818.01,1776546255724,0,0,0,,,,0,cancelled
2026-04-18 21:00,ord-000061,buy,75800.85,1776546260724,0,0,0,,,,0,cancelled
2026-04-18 21:00,ord-000062,sell,75804.86,1776546260724,0,0,0,,,,0,cancelled
2026-04-18 21:00,ord-000063,buy,75804.80,1776546311224,0,0,0,,,,0,cancelled
2026-04-18 21:00,ord-000064,sell,75808.81,1776546311224,0,0,0,,,,0,cancelled
2026-04-18 21:00,ord-000065,buy,75813.24,1776546316224,0,0,0,,,,0,cancelled
2026-04-18 21:00,ord-000066,sell,75817.25,1776546316224,0,0,0,,,,0,cancelled
2026-04-18 21:00,ord-000067,buy,75814.23,1776546329224,0,0,0,,,,0,cancelled
2026-04-18 21:00,ord-000068,sell,75818.24,1776546329224,0,0,0,,,,0,cancelled
2026-04-18 21:00,ord-000069,buy,75827.95,1776546338324,0,0,0,,,,0,cancelled
2026-04-18 21:00,ord-000070,sell,75831.96,1776546338324,0,0,0,,,,0,cancelled
2026-04-18 21:00,ord-000071,buy,75820.07,1776546343324,0,0,0,,,,0,cancelled
2026-04-18 21:00,ord-000072,sell,75824.08,1776546343324,0,0,0,,,,0,cancelled
2026-04-18 21:00,ord-000073,buy,75806.52,1776546348324,0,0,0,,,,0,cancelled
2026-04-18 21:00,ord-000074,sell,75810.53,1776546348324,0,0,0,,,,0,cancelled
2026-04-18 21:00,ord-000075,buy,75800.85,1776546363324,0,0,0,,,,0,cancelled
2026-04-18 21:00,ord-000076,sell,75804.86,1776546363324,0,0,0,,,,0,cancelled
2026-04-18 21:00,ord-000077,buy,75788.96,1776546368324,0,0,0,,,,0,cancelled
2026-04-18 21:00,ord-000078,sell,75792.97,1776546368324,0,0,0,,,,0,cancelled
2026-04-18 21:00,ord-000079,buy,75791.59,1776546388324,0,0,0,,,,0,cancelled
2026-04-18 21:00,ord-000080,sell,75795.60,1776546388324,0,0,0,,,,0,cancelled
2026-04-18 21:00,ord-000081,buy,75799.99,1776546393324,0,0,0,,,,0,cancelled
2026-04-18 21:00,ord-000082,sell,75804.00,1776546393324,0.00120000,0.00120000,0,,,,0,cancelled
2026-04-18 21:00,ord-000083,buy,75803.77,1776546411124,0,0,0,,,,0,cancelled
2026-04-18 21:00,ord-000084,sell,75807.78,1776546411124,0,0,0,,,,0,cancelled
2026-04-18 21:00,ord-000085,buy,75813.69,1776546416124,0,0,0,,,,0,cancelled
2026-04-18 21:00,ord-000086,sell,75817.70,1776546416124,0,0,0,,,,0,cancelled
2026-04-18 21:00,ord-000087,buy,75820.87,1776546481324,0,0,0,,,,0,cancelled
2026-04-18 21:00,ord-000088,sell,75824.88,1776546481324,0,0,0,,,,0,cancelled
2026-04-18 21:00,ord-000089,buy,75818.07,1776546503724,0,0,0,,,,0,cancelled
2026-04-18 21:00,ord-000090,sell,75822.08,1776546503724,0.00014000,0,0,,,,0,cancelled
2026-04-18 21:00,ord-000091,buy,75816.77,1776546516624,0,0,0,,,,0,cancelled
2026-04-18 21:00,ord-000092,sell,75820.78,1776546516624,0,0,0,,,,0,cancelled
2026-04-18 21:00,ord-000093,buy,75813.96,1776546521624,0,0,0,,,,0,cancelled
2026-04-18 21:00,ord-000094,sell,75817.97,1776546521624,0,0,0,,,,0,cancelled
2026-04-18 21:00,ord-000095,buy,75820.82,1776546528324,0,0,0,,,,0,cancelled
2026-04-18 21:00,ord-000096,sell,75824.83,1776546528324,0,0,0,,,,0,cancelled
2026-04-18 21:00,ord-000097,buy,75820.87,1776546533324,0,0,0,,,,0,cancelled
2026-04-18 21:00,ord-000098,sell,75824.88,1776546533324,0,0,0,,,,0,cancelled
2026-04-18 21:00,ord-000099,buy,75820.88,1776546539224,0,0,0,,,,0,cancelled
2026-04-18 21:00,ord-000100,sell,75824.89,1776546539224,0,0,0,,,,0,cancelled
2026-04-18 21:00,ord-000101,buy,75830.00,1776546545724,0,0,0,,,,0,cancelled
2026-04-18 21:00,ord-000102,sell,75834.01,1776546545724,0,0,0,,,,0,cancelled
2026-04-18 21:00,ord-000103,buy,75820.82,1776546594424,0,0,0,,,,0,cancelled
2026-04-18 21:00,ord-000104,sell,75824.83,1776546594424,0,0,0,,,,0,cancelled
2026-04-18 21:00,ord-000105,buy,75817.97,1776546617424,0,0,0,,,,0,cancelled
2026-04-18 21:00,ord-000106,sell,75821.98,1776546617424,0,0,0,,,,0,cancelled
2026-04-18 21:00,ord-000107,buy,75815.40,1776546626124,0,0,0,,,,0,cancelled
2026-04-18 21:00,ord-000108,sell,75819.41,1776546626124,0,0,0,,,,0,cancelled
2026-04-18 21:00,ord-000109,buy,75811.49,1776546657124,0,0,0,,,,0,cancelled
2026-04-18 21:00,ord-000110,sell,75815.50,1776546657124,0,0,0,,,,0,cancelled
2026-04-18 21:00,ord-000111,buy,75810.07,1776546724524,0,0,0,,,,0,cancelled
2026-04-18 21:00,ord-000112,sell,75814.08,1776546724524,0,0,0,,,,0,cancelled
2026-04-18 21:00,ord-000113,buy,75779.98,1776546729524,0,0,0,,,,0,cancelled
2026-04-18 21:00,ord-000114,sell,75783.99,1776546729524,0,0,0,,,,0,cancelled
2026-04-18 21:00,ord-000115,buy,75781.37,1776546747824,0,0,0,,,,0,cancelled
2026-04-18 21:00,ord-000116,sell,75785.38,1776546747824,0,0,0,,,,0,cancelled
2026-04-18 21:00,ord-000117,buy,75786.61,1776546752824,0,0,0,,,,0,cancelled
2026-04-18 21:00,ord-000118,sell,75790.62,1776546752824,0,0,0,,,,0,cancelled
2026-04-18 21:00,ord-000119,buy,75783.31,1776546765724,0,0,0,,,,0,cancelled
2026-04-18 21:00,ord-000120,sell,75787.32,1776546765724,0,0,0,,,,0,cancelled
2026-04-18 21:00,ord-000121,buy,75773.22,1776546780124,0,0,0,,,,0,cancelled
2026-04-18 21:00,ord-000122,sell,75777.23,1776546780124,0,0,0,,,,0,cancelled
2026-04-18 21:00,ord-000123,buy,75725.70,1776546785124,0,0,0,,,,0,cancelled
2026-04-18 21:00,ord-000124,sell,75729.71,1776546785124,0,0,0,,,,0,cancelled
2026-04-18 21:00,ord-000125,buy,75718.98,1776546790124,0,0,0,,,,0,cancelled
2026-04-18 21:00,ord-000126,sell,75722.99,1776546790124,0,0,0,,,,0,cancelled
2026-04-18 21:00,ord-000127,buy,75714.98,1776546795124,0,0,0,,,,0,cancelled
2026-04-18 21:00,ord-000128,sell,75718.99,1776546795124,0,0,0,,,,0,cancelled
2026-04-18 21:00,ord-000129,buy,75713.37,1776546800124,0,0,0,,,,0,cancelled
2026-04-18 21:00,ord-000130,sell,75717.38,1776546800124,0,0,0,,,,0,cancelled
2026-04-18 21:00,ord-000131,buy,75708.22,1776546805124,0,0,0,,,,0,cancelled
2026-04-18 21:00,ord-000132,sell,75712.23,1776546805124,0,0,0,,,,0,cancelled
2026-04-18 21:00,ord-000133,buy,75720.47,1776546810124,0,0,0,,,,0,cancelled
2026-04-18 21:00,ord-000134,sell,75724.48,1776546810124,0,0,0,,,,0,cancelled
2026-04-18 21:00,ord-000135,buy,75729.47,1776546816324,0,0,0,,,,0,cancelled
2026-04-18 21:00,ord-000136,sell,75733.48,1776546816324,0,0,0,,,,0,cancelled
2026-04-18 21:00,ord-000137,buy,75735.99,1776546821324,0,0,0,,,,0,cancelled
2026-04-18 21:00,ord-000138,sell,75740.00,1776546821324,0.00120000,0.00120000,0,,,,0,cancelled
2026-04-18 21:00,ord-000139,buy,75745.09,1776546826324,0,0,0,,,,0,cancelled
2026-04-18 21:00,ord-000140,sell,75749.10,1776546826324,0,0,0,,,,0,cancelled
2026-04-18 21:00,ord-000141,buy,75752.49,1776546831325,0,0,0,,,,0,cancelled
2026-04-18 21:00,ord-000142,sell,75756.50,1776546831325,0,0,0,,,,0,cancelled
2026-04-18 21:00,ord-000143,buy,75739.72,1776546838124,0,0,0,,,,0,cancelled
2026-04-18 21:00,ord-000144,sell,75743.73,1776546838124,0,0,0,,,,0,cancelled
2026-04-18 21:00,ord-000145,buy,75748.34,1776546844925,0,0,0,,,,0,cancelled
2026-04-18 21:00,ord-000146,sell,75752.35,1776546844925,0,0,0,,,,0,cancelled
2026-04-18 21:00,ord-000147,buy,75743.89,1776546851624,0,0,0,,,,0,cancelled
2026-04-18 21:00,ord-000148,sell,75747.90,1776546851624,0,0,0,,,,0,cancelled
2026-04-18 21:00,ord-000149,buy,75741.41,1776546863524,0,0,0,,,,0,cancelled
2026-04-18 21:00,ord-000150,sell,75745.42,1776546863524,0,0,0,,,,0,cancelled
2026-04-18 21:00,ord-000151,buy,75748.27,1776546894224,0,0,0,,,,0,cancelled
2026-04-18 21:00,ord-000152,sell,75752.28,1776546894224,0,0,0,,,,0,cancelled
2026-04-18 21:00,ord-000153,buy,75728.29,1776546899224,0,0,0,,,,0,cancelled
2026-04-18 21:00,ord-000154,sell,75732.30,1776546899224,0,0,0,,,,0,cancelled
2026-04-18 21:00,ord-000155,buy,75726.22,1776546907424,0,0,0,,,,0,cancelled
2026-04-18 21:00,ord-000156,sell,75730.23,1776546907424,0,0,0,,,,0,cancelled
2026-04-18 21:00,ord-000157,buy,75729.86,1776546912424,0,0,0,,,,0,cancelled
2026-04-18 21:00,ord-000158,sell,75733.87,1776546912424,0,0,0,,,,0,cancelled
2026-04-18 21:00,ord-000159,buy,75738.15,1776546917424,0,0,0,,,,0,cancelled
2026-04-18 21:00,ord-000160,sell,75742.16,1776546917424,0,0,0,,,,0,cancelled
2026-04-18 21:00,ord-000161,buy,75741.99,1776546925324,0,0,0,,,,0,cancelled
2026-04-18 21:00,ord-000162,sell,75746.00,1776546925324,0.00120000,0.00120000,0,,,,0,cancelled
2026-04-18 21:00,ord-000163,buy,75745.74,1776546930324,0,0,0,,,,0,cancelled
2026-04-18 21:00,ord-000164,sell,75749.75,1776546930324,0,0,0,,,,0,cancelled
2026-04-18 21:00,ord-000165,buy,75747.63,1776546935324,0,0,0,,,,0,cancelled
2026-04-18 21:00,ord-000166,sell,75751.64,1776546935324,0,0,0,,,,0,cancelled
2026-04-18 21:00,ord-000167,buy,75746.65,1776546961424,0.00302000,0.00302000,0,,,,0,cancelled
2026-04-18 21:00,ord-000168,sell,75750.66,1776546961424,0,0,0,,,,0,cancelled
2026-04-18 21:00,ord-000169,buy,75728.41,1776546966424,0,0,0,,,,0,cancelled
2026-04-18 21:00,ord-000170,sell,75732.42,1776546966424,0,0,0,,,,0,cancelled
2026-04-18 21:00,ord-000171,buy,75721.74,1776546971424,0,0,0,,,,0,cancelled
2026-04-18 21:00,ord-000172,sell,75725.75,1776546971424,0,0,0,,,,0,cancelled
2026-04-18 21:00,ord-000173,buy,75716.10,1776546990224,0,0,0,,,,0,cancelled
2026-04-18 21:00,ord-000174,sell,75720.11,1776546990224,0,0,0,,,,0,cancelled
2026-04-18 21:00,ord-000175,buy,75712.25,1776547016424,0,0,0,,,,0,cancelled
2026-04-18 21:00,ord-000176,sell,75716.26,1776547016424,0,0,0,,,,0,cancelled
2026-04-18 21:00,ord-000177,buy,75709.61,1776547021424,0,0,0,,,,0,cancelled
2026-04-18 21:00,ord-000178,sell,75713.62,1776547021424,0,0,0,,,,0,cancelled
2026-04-18 21:00,ord-000179,buy,75707.98,1776547026424,0,0,0,,,,0,cancelled
2026-04-18 21:00,ord-000180,sell,75711.99,1776547026424,0,0,0,,,,0,cancelled
2026-04-18 21:00,ord-000181,buy,75706.09,1776547031424,0,0,0,,,,0,cancelled
2026-04-18 21:00,ord-000182,sell,75710.10,1776547031424,0,0,0,,,,0,cancelled
2026-04-18 21:00,ord-000183,buy,75701.03,1776547067324,0,0,0,,,,0,cancelled
2026-04-18 21:00,ord-000184,sell,75705.04,1776547067324,0,0,0,,,,0,cancelled
2026-04-18 21:00,ord-000185,buy,75681.37,1776547072324,0,0,0,,,,0,cancelled
2026-04-18 21:00,ord-000186,sell,75685.38,1776547072324,0,0,0,,,,0,cancelled
2026-04-18 21:00,ord-000187,buy,75692.62,1776547080324,0,0,0,,,,0,cancelled
2026-04-18 21:00,ord-000188,sell,75696.63,1776547080324,0,0,0,,,,0,cancelled
2026-04-18 21:00,ord-000189,buy,75690.36,1776547108725,0,0,0,,,,0,cancelled
2026-04-18 21:00,ord-000190,sell,75694.37,1776547108725,0,0,0,,,,0,cancelled
2026-04-18 21:00,ord-000191,buy,75679.69,1776547113824,0,0,0,,,,0,cancelled
2026-04-18 21:00,ord-000192,sell,75683.70,1776547113824,0,0,0,,,,0,cancelled
2026-04-18 21:00,ord-000193,buy,75678.23,1776547118824,0,0,0,,,,0,cancelled
2026-04-18 21:00,ord-000194,sell,75682.24,1776547118824,0,0,0,,,,0,cancelled
2026-04-18 21:00,ord-000195,buy,75675.47,1776547123824,0,0,0,,,,0,cancelled
2026-04-18 21:00,ord-000196,sell,75679.48,1776547123824,0,0,0,,,,0,cancelled
2026-04-18 21:00,ord-000197,buy,75668.99,1776547128824,0,0,0,,,,0,cancelled
2026-04-18 21:00,ord-000198,sell,75673.00,1776547128824,0,0,0,,,,0,cancelled
2026-04-18 21:00,ord-000199,buy,75667.52,1776547137224,0,0,0,,,,0,cancelled
2026-04-18 21:00,ord-000200,sell,75671.53,1776547137224,0,0,0,,,,0,cancelled
2026-04-18 21:00,ord-000201,buy,75659.40,1776547142224,0,0,0,,,,0,cancelled
2026-04-18 21:00,ord-000202,sell,75663.41,1776547142224,0,0,0,,,,0,cancelled
2026-04-18 21:00,ord-000203,buy,75652.28,1776547147224,0,0,0,,,,0,cancelled
2026-04-18 21:00,ord-000204,sell,75656.29,1776547147224,0,0,0,,,,0,cancelled
2026-04-18 21:00,ord-000205,buy,75653.57,1776547157024,0,0,0,,,,0,cancelled
2026-04-18 21:00,ord-000206,sell,75657.58,1776547157024,0,0,0,,,,0,cancelled
2026-04-18 21:00,ord-000207,buy,75653.80,1776547162024,0,0,0,,,,0,cancelled
2026-04-18 21:00,ord-000208,sell,75657.81,1776547162024,0,0,0,,,,0,cancelled
2026-04-18 21:00,ord-000209,buy,75652.08,1776547180124,0,0,0,,,,0,cancelled
2026-04-18 21:00,ord-000210,sell,75656.09,1776547180124,0,0,0,,,,0,cancelled
2026-04-18 21:00,ord-000211,buy,75629.58,1776547185124,0,0,0,,,,0,cancelled
2026-04-18 21:00,ord-000212,sell,75633.59,1776547185124,0,0,0,,,,0,cancelled
2026-04-18 21:00,ord-000213,buy,75623.78,1776547190124,0,0,0,,,,0,cancelled
2026-04-18 21:00,ord-000214,sell,75627.79,1776547190124,0,0,0,,,,0,cancelled
2026-04-18 21:00,ord-000215,buy,75622.15,1776547195124,0,0,0,,,,0,cancelled
2026-04-18 21:00,ord-000216,sell,75626.16,1776547195124,0,0,0,,,,0,cancelled
2026-04-18 21:00,ord-000217,buy,75618.83,1776547208224,0,0,0,,,,0,cancelled
2026-04-18 21:00,ord-000218,sell,75622.84,1776547208224,0,0,0,,,,0,cancelled
2026-04-18 21:00,ord-000219,buy,75616.25,1776547224524,0,0,0,,,,0,cancelled
2026-04-18 21:00,ord-000220,sell,75620.26,1776547224524,0,0,0,,,,0,cancelled
2026-04-18 21:00,ord-000221,buy,75611.49,1776547229524,0,0,0,,,,0,cancelled
2026-04-18 21:00,ord-000222,sell,75615.50,1776547229524,0,0,0,,,,0,cancelled
2026-04-18 21:00,ord-000223,buy,75603.27,1776547234524,0,0,0,,,,0,cancelled
2026-04-18 21:00,ord-000224,sell,75607.28,1776547234524,0,0,0,,,,0,cancelled
2026-04-18 21:00,ord-000225,buy,75597.64,1776547249224,0,0,0,,,,0,cancelled
2026-04-18 21:00,ord-000226,sell,75601.65,1776547249224,0,0,0,,,,0,cancelled
2026-04-18 21:00,ord-000227,buy,75607.55,1776547261225,0,0,0,,,,0,cancelled
2026-04-18 21:00,ord-000228,sell,75611.56,1776547261225,0,0,0,,,,0,cancelled
2026-04-18 21:00,ord-000229,buy,75610.84,1776547266324,0,0,0,,,,0,cancelled
2026-04-18 21:00,ord-000230,sell,75614.85,1776547266324,0,0,0,,,,0,cancelled
2026-04-18 21:00,ord-000231,buy,75618.76,1776547271324,0,0,0,,,,0,cancelled
2026-04-18 21:00,ord-000232,sell,75622.77,1776547271324,0,0,0,,,,0,cancelled
2026-04-18 21:00,ord-000233,buy,75624.24,1776547276324,0,0,0,,,,0,cancelled
2026-04-18 21:00,ord-000234,sell,75628.25,1776547276324,0,0,0,,,,0,cancelled
2026-04-18 21:00,ord-000235,buy,75630.63,1776547281324,0,0,0,,,,0,cancelled
2026-04-18 21:00,ord-000236,sell,75634.64,1776547281324,0,0,0,,,,0,cancelled
2026-04-18 21:00,ord-000237,buy,75630.69,1776547290124,0,0,0,,,,0,cancelled
2026-04-18 21:00,ord-000238,sell,75634.70,1776547290124,0,0,0,,,,0,cancelled
2026-04-18 21:00,ord-000239,buy,75630.67,1776547305424,0,0,0,,,,0,cancelled
2026-04-18 21:00,ord-000240,sell,75634.68,1776547305424,0,0,0,,,,0,cancelled
2026-04-18 21:00,ord-000241,buy,75630.69,1776547335624,0,0,0,,,,0,cancelled
2026-04-18 21:00,ord-000242,sell,75634.70,1776547335624,0,0,0,,,,0,cancelled
2026-04-18 21:00,ord-000243,buy,75636.52,1776547340625,0,0,0,,,,0,cancelled
2026-04-18 21:00,ord-000244,sell,75640.53,1776547340625,0,0,0,,,,0,cancelled
2026-04-18 21:00,ord-000245,buy,75643.95,1776547345724,0,0,0,,,,0,cancelled
2026-04-18 21:00,ord-000246,sell,75647.96,1776547345724,0,0,0,,,,0,cancelled
2026-04-18 21:00,ord-000247,buy,75641.58,1776547367424,0,0,0,,,,0,cancelled
2026-04-18 21:00,ord-000248,sell,75645.59,1776547367424,0,0,0,,,,0,cancelled
2026-04-18 21:00,ord-000249,buy,75638.37,1776547372424,0,0,0,,,,0,cancelled
2026-04-18 21:00,ord-000250,sell,75642.38,1776547372424,0,0,0,,,,0,cancelled
2026-04-18 21:00,ord-000251,buy,75646.42,1776547384724,0,0,0,,,,0,cancelled
2026-04-18 21:00,ord-000252,sell,75650.43,1776547384724,0,0,0,,,,0,cancelled
2026-04-18 21:00,ord-000253,buy,75645.25,1776547427024,0,0,0,,,,0,cancelled
2026-04-18 21:00,ord-000254,sell,75649.26,1776547427024,0,0,0,,,,0,cancelled
2026-04-18 21:00,ord-000255,buy,75633.20,1776547432024,0,0,0,,,,0,cancelled
2026-04-18 21:00,ord-000256,sell,75637.21,1776547432024,0,0,0,,,,0,cancelled
2026-04-18 21:00,ord-000257,buy,75643.45,1776547437024,0.00007000,0,0,,,,0,cancelled
2026-04-18 21:00,ord-000258,sell,75647.46,1776547437024,0.00008000,0.00008000,0,,,,0,cancelled
2026-04-18 21:00,ord-000259,buy,75646.42,1776547442024,0,0,0,,,,0,cancelled
2026-04-18 21:00,ord-000260,sell,75650.43,1776547442024,0,0,0,,,,0,cancelled
2026-04-18 21:00,ord-000261,buy,75639.57,1776547500126,0.00081000,0,0,,,,0,cancelled
2026-04-18 21:00,ord-000262,sell,75643.58,1776547500126,0,0,0,,,,0,cancelled
2026-04-18 21:00,ord-000263,buy,75647.49,1776547507224,0,0,0,,,,0,cancelled
2026-04-18 21:00,ord-000264,sell,75651.50,1776547507224,0,0,0,,,,0,cancelled
2026-04-18 21:00,ord-000265,buy,75661.00,1776547512224,0,0,0,,,,0,cancelled
2026-04-18 21:00,ord-000266,sell,75665.01,1776547512224,0,0,0,,,,0,cancelled
2026-04-18 21:00,ord-000267,buy,75662.19,1776547524624,0,0,0,,,,0,cancelled
2026-04-18 21:00,ord-000268,sell,75666.20,1776547524624,0,0,0,,,,0,cancelled
2026-04-18 21:00,ord-000269,buy,75673.85,1776547529624,0,0,0,,,,0,cancelled
2026-04-18 21:00,ord-000270,sell,75677.86,1776547529624,0,0,0,,,,0,cancelled
2026-04-18 21:00,ord-000271,buy,75674.77,1776547547924,0,0,0,,,,0,cancelled
2026-04-18 21:00,ord-000272,sell,75678.78,1776547547924,0,0,0,,,,0,cancelled
2026-04-18 21:00,ord-000273,buy,75683.99,1776547552924,0,0,0,,,,0,cancelled
2026-04-18 21:00,ord-000274,sell,75688.00,1776547552924,0.00120000,0,0,,,,0,cancelled
2026-04-18 21:00,ord-000275,buy,75680.62,1776547581524,0,0,0,,,,0,cancelled
2026-04-18 21:00,ord-000276,sell,75684.63,1776547581524,0,0,0,,,,0,cancelled
2026-04-18 21:00,ord-000277,buy,75671.73,1776547586524,0,0,0,,,,0,cancelled
2026-04-18 21:00,ord-000278,sell,75675.74,1776547586524,0,0,0,,,,0,cancelled
2026-04-18 21:00,ord-000279,buy,75666.31,1776547597624,0,0,0,,,,0,cancelled
2026-04-18 21:00,ord-000280,sell,75670.32,1776547597624,0,0,0,,,,0,cancelled
2026-04-18 21:00,ord-000281,buy,75661.00,1776547602625,0,0,0,,,,0,cancelled
2026-04-18 21:00,ord-000282,sell,75665.01,1776547602625,0,0,0,,,,0,cancelled
2026-04-18 21:00,ord-000283,buy,75664.20,1776547626524,0,0,0,,,,0,cancelled
2026-04-18 21:00,ord-000284,sell,75668.21,1776547626524,0,0,0,,,,0,cancelled
2026-04-18 21:00,ord-000285,buy,75671.72,1776547631524,0,0,0,,,,0,cancelled
2026-04-18 21:00,ord-000286,sell,75675.73,1776547631524,0,0,0,,,,0,cancelled
2026-04-18 21:00,ord-000287,buy,75675.86,1776547648524,0,0,0,,,,0,cancelled
2026-04-18 21:00,ord-000288,sell,75679.87,1776547648524,0,0,0,,,,0,cancelled
2026-04-18 21:00,ord-000289,buy,75683.99,1776547653524,0,0,0,,,,0,cancelled
2026-04-18 21:00,ord-000290,sell,75688.00,1776547653524,0.00120000,0.00120000,0,,,,0,cancelled
2026-04-18 21:00,ord-000291,buy,75691.87,1776547704024,0,0,0,,,,0,cancelled
2026-04-18 21:00,ord-000292,sell,75695.88,1776547704024,0,0,0,,,,0,cancelled
2026-04-18 21:00,ord-000293,buy,75688.06,1776547710524,0,0,0,,,,0,cancelled
2026-04-18 21:00,ord-000294,sell,75692.07,1776547710524,0,0,0,,,,0,cancelled
2026-04-18 21:00,ord-000295,buy,75683.99,1776547718324,0,0,0,,,,0,cancelled
2026-04-18 21:00,ord-000296,sell,75688.00,1776547718324,0,0,0,,,,0,cancelled
2026-04-18 21:00,ord-000297,buy,75689.80,1776547733424,0,0,0,,,,0,cancelled
2026-04-18 21:00,ord-000298,sell,75693.81,1776547733424,0,0,0,,,,0,cancelled
2026-04-18 21:00,ord-000299,buy,75691.87,1776547743624,0,0,0,,,,0,cancelled
2026-04-18 21:00,ord-000300,sell,75695.88,1776547743624,0,0,0,,,,0,cancelled
2026-04-18 21:00,ord-000301,buy,75698.53,1776547748624,0,0,0,,,,0,cancelled
2026-04-18 21:00,ord-000302,sell,75702.54,1776547748624,0,0,0,,,,0,cancelled
2026-04-18 21:00,ord-000303,buy,75700.95,1776547753624,0,0,0,,,,0,cancelled
2026-04-18 21:00,ord-000304,sell,75704.96,1776547753624,0,0,0,,,,0,cancelled
2026-04-18 21:00,ord-000305,buy,75729.19,1776547795155,0,0,0,,,,0,cancelled
2026-04-18 21:00,ord-000306,sell,75733.20,1776547795155,0,0,0,,,,0,cancelled
2026-04-18 21:00,ord-000307,buy,75739.20,1776547800224,0,0,0,,,,0,cancelled
2026-04-18 21:00,ord-000308,sell,75743.21,1776547800224,0,0,0,,,,0,cancelled
2026-04-18 21:00,ord-000309,buy,75731.16,1776547805224,0,0,0,,,,0,cancelled
2026-04-18 21:00,ord-000310,sell,75735.17,1776547805224,0,0,0,,,,0,cancelled
2026-04-18 21:00,ord-000311,buy,75728.55,1776547810224,0,0,0,,,,0,cancelled
2026-04-18 21:00,ord-000312,sell,75732.56,1776547810224,0,0,0,,,,0,cancelled
2026-04-18 21:00,ord-000313,buy,75727.78,1776547823124,0,0,0,,,,0,cancelled
2026-04-18 21:00,ord-000314,sell,75731.79,1776547823124,0,0,0,,,,0,cancelled
2026-04-18 21:00,ord-000315,buy,75725.35,1776547828124,0,0,0,,,,0,cancelled
2026-04-18 21:00,ord-000316,sell,75729.36,1776547828124,0,0,0,,,,0,cancelled
2026-04-18 21:00,ord-000317,buy,75722.17,1776547839824,0,0,0,,,,0,cancelled
2026-04-18 21:00,ord-000318,sell,75726.18,1776547839824,0,0,0,,,,0,cancelled
2026-04-18 21:00,ord-000319,buy,75721.80,1776547860424,0,0,0,,,,0,cancelled
2026-04-18 21:00,ord-000320,sell,75725.81,1776547860424,0,0,0,,,,0,cancelled
2026-04-18 21:00,ord-000321,buy,75716.96,1776547865424,0,0,0,,,,0,cancelled
2026-04-18 21:00,ord-000322,sell,75720.97,1776547865424,0,0,0,,,,0,cancelled
2026-04-18 21:00,ord-000323,buy,75718.00,1776547910624,0.00120000,0,0,,,,0,cancelled
2026-04-18 21:00,ord-000324,sell,75722.01,1776547910624,0,0,0,,,,0,cancelled
2026-04-18 21:00,ord-000325,buy,75725.61,1776547915625,0,0,0,,,,0,cancelled
2026-04-18 21:00,ord-000326,sell,75729.62,1776547915625,0,0,0,,,,0,cancelled
2026-04-18 21:00,ord-000327,buy,75723.37,1776547939824,0,0,0,,,,0,cancelled
2026-04-18 21:00,ord-000328,sell,75727.38,1776547939824,0,0,0,,,,0,cancelled
2026-04-18 21:00,ord-000329,buy,75721.42,1776547944824,0,0,0,,,,0,cancelled
2026-04-18 21:00,ord-000330,sell,75725.43,1776547944824,0,0,0,,,,0,cancelled
2026-04-18 21:00,ord-000331,buy,75713.02,1776548027124,0,0,0,,,,0,cancelled
2026-04-18 21:00,ord-000332,sell,75717.03,1776548027124,0,0,0,,,,0,cancelled
2026-04-18 21:00,ord-000333,buy,75711.03,1776548032124,0,0,0,,,,0,cancelled
2026-04-18 21:00,ord-000334,sell,75715.04,1776548032124,0,0,0,,,,0,cancelled
2026-04-18 21:00,ord-000335,buy,75707.57,1776548037124,0,0,0,,,,0,cancelled
2026-04-18 21:00,ord-000336,sell,75711.58,1776548037124,0,0,0,,,,0,cancelled
2026-04-18 21:00,ord-000337,buy,75706.00,1776548042125,0.00120000,0.00120000,0,,,,0,cancelled
2026-04-18 21:00,ord-000338,sell,75710.01,1776548042125,0.02597000,0,0,,,,0,cancelled
2026-04-18 21:00,ord-000339,buy,75699.48,1776548128326,0,0,0,,,,0,cancelled
2026-04-18 21:00,ord-000340,sell,75703.49,1776548128326,0,0,0,,,,0,cancelled
2026-04-18 21:00,ord-000341,buy,75699.15,1776548210024,0,0,0,,,,0,cancelled
2026-04-18 21:00,ord-000342,sell,75703.16,1776548210024,0,0,0,,,,0,cancelled
2026-04-18 21:00,ord-000343,buy,75698.35,1776548231424,0,0,0,,,,0,cancelled
2026-04-18 21:00,ord-000344,sell,75702.36,1776548231424,0,0,0,,,,0,cancelled
2026-04-18 21:00,ord-000345,buy,75687.74,1776548236424,0,0,0,,,,0,cancelled
2026-04-18 21:00,ord-000346,sell,75691.75,1776548236424,0,0,0,,,,0,cancelled
2026-04-18 21:00,ord-000347,buy,75691.57,1776548275224,0,0,0,,,,0,cancelled
2026-04-18 21:00,ord-000348,sell,75695.58,1776548275224,0,0,0,,,,0,cancelled
2026-04-18 21:00,ord-000349,buy,75698.78,1776548280224,0,0,0,,,,0,cancelled
2026-04-18 21:00,ord-000350,sell,75702.79,1776548280224,0,0,0,,,,0,cancelled
2026-04-18 21:00,ord-000351,buy,75680.47,1776548285224,0,0,0,,,,0,cancelled
2026-04-18 21:00,ord-000352,sell,75684.48,1776548285224,0,0,0,,,,0,cancelled
2026-04-18 21:00,ord-000353,buy,75680.46,1776548300624,0,0,0,,,,0,cancelled
2026-04-18 21:00,ord-000354,sell,75684.47,1776548300624,0,0,0,,,,0,cancelled
2026-04-18 21:00,ord-000355,buy,75678.00,1776548305624,0.00120000,0.00120000,0,,,,0,cancelled
2026-04-18 21:00,ord-000356,sell,75682.01,1776548305624,0,0,0,,,,0,cancelled
2026-04-18 21:00,ord-000357,buy,75671.55,1776548310624,0,0,0,,,,0,cancelled
2026-04-18 21:00,ord-000358,sell,75675.56,1776548310624,0,0,0,,,,0,cancelled
2026-04-18 21:00,ord-000359,buy,75670.00,1776548315624,0.00120000,0,0,,,,0,cancelled
2026-04-18 21:00,ord-000360,sell,75674.01,1776548315624,0,0,0,,,,0,cancelled
2026-04-18 21:00,ord-000361,buy,75668.51,1776548320624,0,0,0,,,,0,cancelled
2026-04-18 21:00,ord-000362,sell,75672.52,1776548320624,0,0,0,,,,0,cancelled
2026-04-18 21:00,ord-000363,buy,75663.11,1776548329924,0,0,0,,,,0,cancelled
2026-04-18 21:00,ord-000364,sell,75667.12,1776548329924,0,0,0,,,,0,cancelled
2026-04-18 21:00,ord-000365,buy,75671.55,1776548348824,0,0,0,,,,0,cancelled
2026-04-18 21:00,ord-000366,sell,75675.56,1776548348824,0,0,0,,,,0,cancelled
2026-04-18 21:00,ord-000367,buy,75691.51,1776548353824,0,0,0,,,,0,cancelled
2026-04-18 21:00,ord-000368,sell,75695.52,1776548353824,0,0,0,,,,0,cancelled
2026-04-18 21:00,ord-000369,buy,75687.25,1776548361224,0,0,0,,,,0,cancelled
2026-04-18 21:00,ord-000370,sell,75691.26,1776548361224,0,0,0,,,,0,cancelled
2026-04-18 21:00,ord-000371,buy,75685.82,1776548390726,0,0,0,,,,0,cancelled
2026-04-18 21:00,ord-000372,sell,75689.83,1776548390726,0,0,0,,,,0,cancelled
2026-04-18 21:00,ord-000373,buy,75683.33,1776548395824,0,0,0,,,,0,cancelled
2026-04-18 21:00,ord-000374,sell,75687.34,1776548395824,0,0,0,,,,0,cancelled
2026-04-18 21:00,ord-000375,buy,75682.89,1776548482224,0,0,0,,,,0,cancelled
2026-04-18 21:00,ord-000376,sell,75686.90,1776548482224,0,0,0,,,,0,cancelled
2026-04-18 21:00,ord-000377,buy,75682.88,1776548495624,0,0,0,,,,0,cancelled
2026-04-18 21:00,ord-000378,sell,75686.89,1776548495624,0,0,0,,,,0,cancelled
2026-04-18 21:00,ord-000379,buy,75668.00,1776548500624,0.00120000,0,0,,,,0,cancelled
2026-04-18 21:00,ord-000380,sell,75672.01,1776548500624,0.00007000,0,0,,,,0,cancelled
2026-04-18 21:00,ord-000381,buy,75666.88,1776548505624,0,0,0,,,,0,cancelled
2026-04-18 21:00,ord-000382,sell,75670.89,1776548505624,0,0,0,,,,0,cancelled
2026-04-18 21:00,ord-000383,buy,75666.70,1776548514324,0,0,0,,,,0,cancelled
2026-04-18 21:00,ord-000384,sell,75670.71,1776548514324,0,0,0,,,,0,cancelled
2026-04-18 21:00,ord-000385,buy,75670.24,1776548523324,0,0,0,,,,0,cancelled
2026-04-18 21:00,ord-000386,sell,75674.25,1776548523324,0,0,0,1776548524195,0,0,0.001,filled
2026-04-18 21:00,ord-000387,buy,75676.17,1776548524224,0,0,0,,,,0,cancelled
2026-04-18 21:00,ord-000388,sell,75680.18,1776548524224,0,0,0,,,,0,cancelled
2026-04-18 21:00,ord-000389,buy,75682.89,1776548529224,0.00014000,0,0,,,,0,cancelled
2026-04-18 21:00,ord-000390,sell,75686.90,1776548529224,0,0,0,,,,0,cancelled
2026-04-18 21:00,ord-000391,buy,75687.25,1776548534224,0,0,0,,,,0,cancelled
2026-04-18 21:00,ord-000392,sell,75691.26,1776548534224,0,0,0,,,,0,cancelled
2026-04-18 21:00,ord-000393,buy,75692.97,1776548554224,0,0,0,,,,0,cancelled
2026-04-18 21:00,ord-000394,sell,75696.98,1776548554224,0,0,0,,,,0,cancelled
2026-04-18 21:00,ord-000395,buy,75697.67,1776548573724,0,0,0,,,,0,cancelled
2026-04-18 21:00,ord-000396,sell,75701.68,1776548573724,0,0,0,,,,0,cancelled
2026-04-18 21:00,ord-000397,buy,75706.42,1776548578724,0,0,0,,,,0,cancelled
2026-04-18 21:00,ord-000398,sell,75710.43,1776548578724,0,0,0,,,,0,cancelled
2026-04-18 21:00,ord-000399,buy,75707.22,1776548592524,0,0,0,,,,0,cancelled
2026-04-18 21:00,ord-000400,sell,75711.23,1776548592524,0,0,0,,,,0,cancelled
2026-04-18 21:00,ord-000401,buy,75711.75,1776548597524,0,0,0,,,,0,cancelled
2026-04-18 21:00,ord-000402,sell,75715.76,1776548597524,0,0,0,,,,0,cancelled
2026-04-18 21:00,ord-000403,buy,75720.38,1776548602524,0,0,0,,,,0,cancelled
2026-04-18 21:00,ord-000404,sell,75724.39,1776548602524,0,0,0,,,,0,cancelled
2026-04-18 21:00,ord-000405,buy,75721.42,1776548610624,0,0,0,,,,0,cancelled
2026-04-18 21:00,ord-000406,sell,75725.43,1776548610624,0,0,0,,,,0,cancelled
2026-04-18 21:00,ord-000407,buy,75731.07,1776548615624,0,0,0,,,,0,cancelled
2026-04-18 21:00,ord-000408,sell,75735.08,1776548615624,0,0,0,,,,0,cancelled
2026-04-18 21:00,ord-000409,buy,75737.69,1776548627527,0,0,0,,,,0,cancelled
2026-04-18 21:00,ord-000410,sell,75741.70,1776548627527,0,0,0,,,,0,cancelled
2026-04-18 21:00,ord-000411,buy,75739.61,1776548632624,0,0,0,,,,0,cancelled
2026-04-18 21:00,ord-000412,sell,75743.62,1776548632624,0,0,0,,,,0,cancelled
2026-04-18 21:00,ord-000413,buy,75745.66,1776548637624,0,0,0,,,,0,cancelled
2026-04-18 21:00,ord-000414,sell,75749.67,1776548637624,0,0,0,,,,0,cancelled
2026-04-18 21:00,ord-000415,buy,75738.00,1776548642624,0.00120000,0.00120000,0,,,,0,cancelled
2026-04-18 21:00,ord-000416,sell,75742.01,1776548642624,0,0,0,,,,0,cancelled
2026-04-18 21:00,ord-000417,buy,75722.75,1776548647624,0,0,0,,,,0,cancelled
2026-04-18 21:00,ord-000418,sell,75726.76,1776548647624,0,0,0,,,,0,cancelled
2026-04-18 21:00,ord-000419,buy,75721.42,1776548653824,0,0,0,,,,0,cancelled
2026-04-18 21:00,ord-000420,sell,75725.43,1776548653824,0,0,0,,,,0,cancelled
2026-04-18 21:00,ord-000421,buy,75722.74,1776548700324,0,0,0,,,,0,cancelled
2026-04-18 21:00,ord-000422,sell,75726.75,1776548700324,0,0,0,,,,0,cancelled
2026-04-18 21:00,ord-000423,buy,75734.97,1776548705324,0,0,0,,,,0,cancelled
2026-04-18 21:00,ord-000424,sell,75738.98,1776548705324,0,0,0,,,,0,cancelled
2026-04-18 21:00,ord-000425,buy,75745.75,1776548710324,0,0,0,,,,0,cancelled
2026-04-18 21:00,ord-000426,sell,75749.76,1776548710324,0,0,0,,,,0,cancelled
2026-04-18 21:00,ord-000427,buy,75746.73,1776548715324,0,0,0,,,,0,cancelled
2026-04-18 21:00,ord-000428,sell,75750.74,1776548715324,0,0,0,,,,0,cancelled
2026-04-18 21:00,ord-000429,buy,75758.48,1776548720324,0,0,0,,,,0,cancelled
2026-04-18 21:00,ord-000430,sell,75762.49,1776548720324,0,0,0,,,,0,cancelled
2026-04-18 21:00,ord-000431,buy,75765.84,1776548725324,0,0,0,,,,0,cancelled
2026-04-18 21:00,ord-000432,sell,75769.85,1776548725324,0,0,0,,,,0,cancelled
2026-04-18 21:00,ord-000433,buy,75767.87,1776548730324,0,0,0,,,,0,cancelled
2026-04-18 21:00,ord-000434,sell,75771.88,1776548730324,0,0,0,,,,0,cancelled
2026-04-18 21:00,ord-000435,buy,75763.67,1776548735324,0,0,0,,,,0,cancelled
2026-04-18 21:00,ord-000436,sell,75767.68,1776548735324,0,0,0,,,,0,cancelled
2026-04-18 21:00,ord-000437,buy,75767.87,1776548740324,0,0,0,,,,0,cancelled
2026-04-18 21:00,ord-000438,sell,75771.88,1776548740324,0,0,0,,,,0,cancelled
2026-04-18 21:00,ord-000439,buy,75768.02,1776548745324,0.01609000,0,0,,,,0,cancelled
2026-04-18 21:00,ord-000440,sell,75772.03,1776548745324,0,0,0,,,,0,cancelled
2026-04-18 21:00,ord-000441,buy,75775.46,1776548752324,0,0,0,,,,0,cancelled
2026-04-18 21:00,ord-000442,sell,75779.47,1776548752324,0,0,0,,,,0,cancelled
2026-04-18 21:00,ord-000443,buy,75770.32,1776548762324,0,0,0,,,,0,cancelled
2026-04-18 21:00,ord-000444,sell,75774.33,1776548762324,0,0,0,,,,0,cancelled
2026-04-18 21:00,ord-000445,buy,75768.00,1776548767324,0.00120000,0.00120000,0,,,,0,cancelled
2026-04-18 21:00,ord-000446,sell,75772.01,1776548767324,0,0,0,,,,0,cancelled
2026-04-18 21:00,ord-000447,buy,75763.67,1776548781924,0,0,0,,,,0,cancelled
2026-04-18 21:00,ord-000448,sell,75767.68,1776548781924,0,0,0,,,,0,cancelled
2026-04-18 21:00,ord-000449,buy,75761.28,1776548786924,0,0,0,,,,0,cancelled
2026-04-18 21:00,ord-000450,sell,75765.29,1776548786924,0,0,0,,,,0,cancelled
2026-04-18 21:00,ord-000451,buy,75758.95,1776548791924,0,0,0,,,,0,cancelled
2026-04-18 21:00,ord-000452,sell,75762.96,1776548791924,0,0,0,,,,0,cancelled
2026-04-18 21:00,ord-000453,buy,75758.53,1776548809524,0,0,0,,,,0,cancelled
2026-04-18 21:00,ord-000454,sell,75762.54,1776548809524,0,0,0,,,,0,cancelled
2026-04-18 21:00,ord-000455,buy,75758.48,1776548814524,0,0,0,,,,0,cancelled
2026-04-18 21:00,ord-000456,sell,75762.49,1776548814524,0,0,0,,,,0,cancelled
2026-04-18 21:00,ord-000457,buy,75756.89,1776548819524,0,0,0,,,,0,cancelled
2026-04-18 21:00,ord-000458,sell,75760.90,1776548819524,0,0,0,,,,0,cancelled
2026-04-18 21:00,ord-000459,buy,75756.64,1776548830624,0,0,0,,,,0,cancelled
2026-04-18 21:00,ord-000460,sell,75760.65,1776548830624,0,0,0,,,,0,cancelled
2026-04-18 21:00,ord-000461,buy,75751.73,1776548837424,0,0,0,,,,0,cancelled
2026-04-18 21:00,ord-000462,sell,75755.74,1776548837424,0,0,0,,,,0,cancelled
2026-04-18 21:00,ord-000463,buy,75741.48,1776548842427,0,0,0,,,,0,cancelled
2026-04-18 21:00,ord-000464,sell,75745.49,1776548842427,0,0,0,,,,0,cancelled
2026-04-18 21:00,ord-000465,buy,75739.22,1776548847525,0,0,0,,,,0,cancelled
2026-04-18 21:00,ord-000466,sell,75743.23,1776548847525,0,0,0,,,,0,cancelled
2026-04-18 21:00,ord-000467,buy,75732.88,1776548853524,0,0,0,,,,0,cancelled
2026-04-18 21:00,ord-000468,sell,75736.89,1776548853524,0,0,0,,,,0,cancelled
2026-04-18 21:00,ord-000469,buy,75733.98,1776548871124,0,0,0,,,,0,cancelled
2026-04-18 21:00,ord-000470,sell,75737.99,1776548871124,0,0,0,,,,0,cancelled
2026-04-18 21:00,ord-000471,buy,75754.79,1776548876124,0,0,0,,,,0,cancelled
2026-04-18 21:00,ord-000472,sell,75758.80,1776548876124,0,0,0,,,,0,cancelled
2026-04-18 21:00,ord-000473,buy,75757.99,1776548889224,0,0,0,,,,0,cancelled
2026-04-18 21:00,ord-000474,sell,75762.00,1776548889224,0.00120000,0.00120000,0,,,,0,cancelled
2026-04-18 21:00,ord-000475,buy,75760.26,1776548908124,0,0,0,,,,0,cancelled
2026-04-18 21:00,ord-000476,sell,75764.27,1776548908124,0,0,0,,,,0,cancelled
2026-04-18 21:00,ord-000477,buy,75762.46,1776548918024,0,0,0,,,,0,cancelled
2026-04-18 21:00,ord-000478,sell,75766.47,1776548918024,0,0,0,,,,0,cancelled
2026-04-18 21:00,ord-000479,buy,75777.44,1776548923025,0,0,0,,,,0,cancelled
2026-04-18 21:00,ord-000480,sell,75781.45,1776548923025,0.00056000,0.00056000,0,,,,0,cancelled
2026-04-18 21:00,ord-000481,buy,75791.60,1776548934724,0,0,0,,,,0,cancelled
2026-04-18 21:00,ord-000482,sell,75795.61,1776548934724,0.03958000,0,0,,,,0,cancelled
2026-04-18 21:00,ord-000483,buy,75793.99,1776548939724,0,0,0,,,,0,cancelled
2026-04-18 21:00,ord-000484,sell,75798.00,1776548939724,0.00120000,0.00120000,0,,,,0,cancelled
2026-04-18 21:00,ord-000485,buy,75799.73,1776548946924,0,0,0,,,,0,cancelled
2026-04-18 21:00,ord-000486,sell,75803.74,1776548946924,0.00007000,0,0,,,,0,cancelled
2026-04-18 21:00,ord-000487,buy,75781.38,1776548951924,0,0,0,,,,0,cancelled
2026-04-18 21:00,ord-000488,sell,75785.39,1776548951924,0,0,0,,,,0,cancelled
2026-04-18 21:00,ord-000489,buy,75776.13,1776548956924,0,0,0,,,,0,cancelled
2026-04-18 21:00,ord-000490,sell,75780.14,1776548956924,0,0,0,,,,0,cancelled
2026-04-18 21:00,ord-000491,buy,75772.99,1776548961924,0,0,0,,,,0,cancelled
2026-04-18 21:00,ord-000492,sell,75777.00,1776548961924,0,0,0,,,,0,cancelled
2026-04-18 21:00,ord-000493,buy,75766.41,1776548966924,0,0,0,,,,0,cancelled
2026-04-18 21:00,ord-000494,sell,75770.42,1776548966924,0,0,0,,,,0,cancelled
2026-04-18 21:00,ord-000495,buy,75769.36,1776548999224,0,0,0,,,,0,cancelled
2026-04-18 21:00,ord-000496,sell,75773.37,1776548999224,0,0,0,,,,0,cancelled
2026-04-18 21:00,ord-000497,buy,75775.24,1776549004224,0,0,0,,,,0,cancelled
2026-04-18 21:00,ord-000498,sell,75779.25,1776549004224,0,0,0,,,,0,cancelled
2026-04-18 21:00,ord-000499,buy,75781.88,1776549009225,0,0,0,,,,0,cancelled
2026-04-18 21:00,ord-000500,sell,75785.89,1776549009225,0,0,0,,,,0,cancelled
2026-04-18 21:00,ord-000501,buy,75783.99,1776549014226,0,0,0,,,,0,cancelled
2026-04-18 21:00,ord-000502,sell,75788.00,1776549014226,0.00120000,0.00120000,0,,,,0,cancelled
2026-04-18 21:00,ord-000503,buy,75789.99,1776549019324,0,0,0,,,,0,cancelled
2026-04-18 21:00,ord-000504,sell,75794.00,1776549019324,0.00120000,0,0,,,,0,cancelled
2026-04-18 21:00,ord-000505,buy,75772.99,1776549024324,0,0,0,,,,0,cancelled
2026-04-18 21:00,ord-000506,sell,75777.00,1776549024324,0,0,0,,,,0,cancelled
2026-04-18 21:00,ord-000507,buy,75767.31,1776549035124,0,0,0,,,,0,cancelled
2026-04-18 21:00,ord-000508,sell,75771.32,1776549035124,0,0,0,,,,0,cancelled
2026-04-18 21:00,ord-000509,buy,75766.19,1776549043024,0,0,0,,,,0,cancelled
2026-04-18 21:00,ord-000510,sell,75770.20,1776549043024,0,0,0,,,,0,cancelled
2026-04-18 21:00,ord-000511,buy,75764.55,1776549048024,0,0,0,,,,0,cancelled
2026-04-18 21:00,ord-000512,sell,75768.56,1776549048024,0,0,0,,,,0,cancelled
2026-04-18 21:00,ord-000513,buy,75749.81,1776549053024,0,0,0,,,,0,cancelled
2026-04-18 21:00,ord-000514,sell,75753.82,1776549053024,0,0,0,,,,0,cancelled
2026-04-18 21:00,ord-000515,buy,75747.15,1776549058024,0,0,0,,,,0,cancelled
2026-04-18 21:00,ord-000516,sell,75751.16,1776549058024,0,0,0,,,,0,cancelled
2026-04-18 21:00,ord-000517,buy,75746.80,1776549063024,0,0,0,,,,0,cancelled
2026-04-18 21:00,ord-000518,sell,75750.81,1776549063024,0,0,0,,,,0,cancelled
2026-04-18 21:00,ord-000519,buy,75745.99,1776549068025,0,0,0,,,,0,cancelled
2026-04-18 21:00,ord-000520,sell,75750.00,1776549068025,0.00007000,0.00007000,0,1776549071765,0.00007000,0.00000000,0.00028000,cancelled
2026-04-18 21:00,ord-000521,buy,75752.16,1776549073124,0,0,0,,,,0,cancelled
2026-04-18 21:00,ord-000522,sell,75756.17,1776549073124,0,0,0,,,,0,cancelled
2026-04-18 21:00,ord-000523,buy,75759.35,1776549078124,0,0,0,,,,0,cancelled
2026-04-18 21:00,ord-000524,sell,75763.36,1776549078124,0,0,0,,,,0,cancelled
2026-04-18 21:00,ord-000525,buy,75769.31,1776549083124,0,0,0,,,,0,cancelled
2026-04-18 21:00,ord-000526,sell,75773.32,1776549083124,0,0,0,,,,0,cancelled
2026-04-18 21:00,ord-000527,buy,75776.02,1776549091525,0,0,0,,,,0,cancelled
2026-04-18 21:00,ord-000528,sell,75780.03,1776549091525,0,0,0,,,,0,cancelled
2026-04-18 21:00,ord-000529,buy,75772.04,1776549097424,0,0,0,,,,0,cancelled
2026-04-18 21:00,ord-000530,sell,75776.05,1776549097424,0,0,0,,,,0,cancelled
2026-04-18 21:00,ord-000531,buy,75767.98,1776549102425,0,0,0,,,,0,cancelled
2026-04-18 21:00,ord-000532,sell,75771.99,1776549102425,0,0,0,,,,0,cancelled
2026-04-18 21:00,ord-000533,buy,75764.16,1776549119424,0,0,0,,,,0,cancelled
2026-04-18 21:00,ord-000534,sell,75768.17,1776549119424,0,0,0,,,,0,cancelled
2026-04-18 21:00,ord-000535,buy,75767.99,1776549129224,0,0,0,,,,0,cancelled
2026-04-18 21:00,ord-000536,sell,75772.00,1776549129224,0.00040000,0,0,,,,0,cancelled
2026-04-18 21:00,ord-000537,buy,75764.00,1776549134224,0.00212000,0,0,,,,0,cancelled
2026-04-18 21:00,ord-000538,sell,75768.01,1776549134224,0,0,0,,,,0,cancelled
2026-04-18 21:00,ord-000539,buy,75762.89,1776549139224,0,0,0,,,,0,cancelled
2026-04-18 21:00,ord-000540,sell,75766.90,1776549139224,0,0,0,,,,0,cancelled
2026-04-18 21:00,ord-000541,buy,75766.86,1776549152624,0,0,0,,,,0,cancelled
2026-04-18 21:00,ord-000542,sell,75770.87,1776549152624,0,0,0,,,,0,cancelled
2026-04-18 21:00,ord-000543,buy,75767.99,1776549166224,0,0,0,,,,0,cancelled
2026-04-18 21:00,ord-000544,sell,75772.00,1776549166224,0.00080000,0.00080000,0,,,,0,cancelled
2026-04-18 21:00,ord-000545,buy,75771.65,1776549179224,0,0,0,,,,0,cancelled
2026-04-18 21:00,ord-000546,sell,75775.66,1776549179224,0,0,0,,,,0,cancelled
2026-04-18 21:00,ord-000547,buy,75773.82,1776549184824,0,0,0,,,,0,cancelled
2026-04-18 21:00,ord-000548,sell,75777.83,1776549184824,0,0,0,,,,0,cancelled
2026-04-18 21:00,ord-000549,buy,75776.02,1776549189824,0,0,0,,,,0,cancelled
2026-04-18 21:00,ord-000550,sell,75780.03,1776549189824,0,0,0,,,,0,cancelled
2026-04-18 21:00,ord-000551,buy,75777.47,1776549210424,0,0,0,,,,0,cancelled
2026-04-18 21:00,ord-000552,sell,75781.48,1776549210424,0,0,0,,,,0,cancelled
2026-04-18 21:00,ord-000553,buy,75782.96,1776549215424,0,0,0,,,,0,cancelled
2026-04-18 21:00,ord-000554,sell,75786.97,1776549215424,0,0,0,,,,0,cancelled
2026-04-18 21:00,ord-000555,buy,75769.10,1776549220424,0,0,0,,,,0,cancelled
2026-04-18 21:00,ord-000556,sell,75773.11,1776549220424,0,0,0,,,,0,cancelled
2026-04-18 21:00,ord-000557,buy,75765.52,1776549226324,0.00047000,0,0,,,,0,cancelled
2026-04-18 21:00,ord-000558,sell,75769.53,1776549226324,0,0,0,,,,0,cancelled
2026-04-18 21:00,ord-000559,buy,75764.62,1776549231324,0,0,0,,,,0,cancelled
2026-04-18 21:00,ord-000560,sell,75768.63,1776549231324,0,0,0,,,,0,cancelled
2026-04-18 21:00,ord-000561,buy,75763.81,1776549236325,0,0,0,,,,0,cancelled
2026-04-18 21:00,ord-000562,sell,75767.82,1776549236325,0,0,0,,,,0,cancelled
2026-04-18 21:00,ord-000563,buy,75765.52,1776549250824,0,0,0,,,,0,cancelled
2026-04-18 21:00,ord-000564,sell,75769.53,1776549250824,0,0,0,,,,0,cancelled
2026-04-18 21:00,ord-000565,buy,75771.17,1776549255825,0,0,0,,,,0,cancelled
2026-04-18 21:00,ord-000566,sell,75775.18,1776549255825,0,0,0,,,,0,cancelled
2026-04-18 21:00,ord-000567,buy,75771.18,1776549260924,0,0,0,,,,0,cancelled
2026-04-18 21:00,ord-000568,sell,75775.19,1776549260924,0,0,0,,,,0,cancelled
2026-04-18 21:00,ord-000569,buy,75773.82,1776549265924,0,0,0,,,,0,cancelled
2026-04-18 21:00,ord-000570,sell,75777.83,1776549265924,0,0,0,,,,0,cancelled
2026-04-18 21:00,ord-000571,buy,75765.84,1776549270924,0,0,0,,,,0,cancelled
2026-04-18 21:00,ord-000572,sell,75769.85,1776549270924,0,0,0,,,,0,cancelled
2026-04-18 21:00,ord-000573,buy,75764.52,1776549275924,0,0,0,,,,0,cancelled
2026-04-18 21:00,ord-000574,sell,75768.53,1776549275924,0,0,0,,,,0,cancelled
2026-04-18 21:00,ord-000575,buy,75769.37,1776549280924,0,0,0,,,,0,cancelled
2026-04-18 21:00,ord-000576,sell,75773.38,1776549280924,0,0,0,,,,0,cancelled
2026-04-18 21:00,ord-000577,buy,75773.48,1776549301524,0,0,0,,,,0,cancelled
2026-04-18 21:00,ord-000578,sell,75777.49,1776549301524,0,0,0,,,,0,cancelled
2026-04-18 21:00,ord-000579,buy,75778.60,1776549306524,0,0,0,,,,0,cancelled
2026-04-18 21:00,ord-000580,sell,75782.61,1776549306524,0.00422000,0,0,,,,0,cancelled
2026-04-18 21:00,ord-000581,buy,75788.58,1776549311524,0,0,0,,,,0,cancelled
2026-04-18 21:00,ord-000582,sell,75792.59,1776549311524,0,0,0,,,,0,cancelled
2026-04-18 21:00,ord-000583,buy,75791.99,1776549325925,0.00014000,0,0,,,,0,cancelled
2026-04-18 21:00,ord-000584,sell,75796.00,1776549325925,0.00120000,0.00120000,0,,,,0,cancelled
2026-04-18 21:00,ord-000585,buy,75799.99,1776549345124,0.00007000,0.00007000,0,1776549347139,0.00007000,0.00000000,0.00007000,cancelled
2026-04-18 21:00,ord-000586,sell,75804.00,1776549345124,0.00120000,0,0,,,,0,cancelled
2026-04-18 21:00,ord-000587,buy,75796.68,1776549350124,0,0,0,,,,0,cancelled
2026-04-18 21:00,ord-000588,sell,75800.69,1776549350124,0,0,0,,,,0,cancelled
2026-04-18 21:00,ord-000589,buy,75798.09,1776549355124,0,0,0,,,,0,cancelled
2026-04-18 21:00,ord-000590,sell,75802.10,1776549355124,0,0,0,,,,0,cancelled
2026-04-18 21:00,ord-000591,buy,75798.10,1776549362224,0,0,0,,,,0,cancelled
2026-04-18 21:00,ord-000592,sell,75802.11,1776549362224,0,0,0,,,,0,cancelled
2026-04-18 21:00,ord-000593,buy,75798.98,1776549367225,0,0,0,,,,0,cancelled
2026-04-18 21:00,ord-000594,sell,75802.99,1776549367225,0,0,0,,,,0,cancelled
2026-04-18 21:00,ord-000595,buy,75799.99,1776549372225,0,0,0,,,,0,cancelled
2026-04-18 21:00,ord-000596,sell,75804.00,1776549372225,0.00120000,0,0,,,,0,cancelled
2026-04-18 21:00,ord-000597,buy,75800.95,1776549383624,0,0,0,,,,0,cancelled
2026-04-18 21:00,ord-000598,sell,75804.96,1776549383624,0,0,0,,,,0,cancelled
2026-04-18 21:00,ord-000599,buy,75804.83,1776549388624,0,0,0,,,,0,cancelled
2026-04-18 21:00,ord-000600,sell,75808.84,1776549388624,0,0,0,,,,0,cancelled
2026-04-18 21:00,ord-000601,buy,75811.32,1776549393624,0,0,0,,,,0,cancelled
2026-04-18 21:00,ord-000602,sell,75815.33,1776549393624,0,0,0,,,,0,cancelled
2026-04-18 21:00,ord-000603,buy,75809.90,1776549417924,0,0,0,,,,0,cancelled
2026-04-18 21:00,ord-000604,sell,75813.91,1776549417924,0,0,0,,,,0,cancelled
2026-04-18 21:00,ord-000605,buy,75808.85,1776549422924,0,0,0,,,,0,cancelled
2026-04-18 21:00,ord-000606,sell,75812.86,1776549422924,0,0,0,,,,0,cancelled
2026-04-18 21:00,ord-000607,buy,75805.40,1776549432324,0,0,0,,,,0,cancelled
2026-04-18 21:00,ord-000608,sell,75809.41,1776549432324,0,0,0,,,,0,cancelled
2026-04-18 21:00,ord-000609,buy,75804.98,1776549437324,0,0,0,,,,0,cancelled
2026-04-18 21:00,ord-000610,sell,75808.99,1776549437324,0,0,0,,,,0,cancelled
2026-04-18 21:00,ord-000611,buy,75803.68,1776549452124,0,0,0,,,,0,cancelled
2026-04-18 21:00,ord-000612,sell,75807.69,1776549452124,0,0,0,,,,0,cancelled
2026-04-18 21:00,ord-000613,buy,75802.89,1776549457724,0,0,0,,,,0,cancelled
2026-04-18 21:00,ord-000614,sell,75806.90,1776549457724,0,0,0,,,,0,cancelled
2026-04-18 21:00,ord-000615,buy,75809.57,1776549519626,0,0,0,,,,0,cancelled
2026-04-18 21:00,ord-000616,sell,75813.58,1776549519626,0,0,0,,,,0,cancelled
2026-04-18 21:00,ord-000617,buy,75819.34,1776549578824,0,0,0,,,,0,expired
2026-04-18 21:00,ord-000618,sell,75823.35,1776549578824,0,0,0,,,,0,expired
2026-04-18 22:00,ord-000001,buy,75819.34,1776549600424,0,0,0,,,,0,cancelled
2026-04-18 22:00,ord-000002,sell,75823.35,1776549600424,0,0,0,,,,0,cancelled
2026-04-18 22:00,ord-000003,buy,75782.97,1776549605424,0,0,0,,,,0,cancelled
2026-04-18 22:00,ord-000004,sell,75786.98,1776549605424,0,0,0,,,,0,cancelled
2026-04-18 22:00,ord-000005,buy,75778.42,1776549612424,0,0,0,,,,0,cancelled
2026-04-18 22:00,ord-000006,sell,75782.43,1776549612424,0,0,0,,,,0,cancelled
2026-04-18 22:00,ord-000007,buy,75780.40,1776549630624,0,0,0,,,,0,cancelled
2026-04-18 22:00,ord-000008,sell,75784.41,1776549630624,0,0,0,,,,0,cancelled
2026-04-18 22:00,ord-000009,buy,75778.42,1776549646924,0,0,0,,,,0,cancelled
2026-04-18 22:00,ord-000010,sell,75782.43,1776549646924,0,0,0,,,,0,cancelled
2026-04-18 22:00,ord-000011,buy,75769.96,1776549662924,0,0,0,,,,0,cancelled
2026-04-18 22:00,ord-000012,sell,75773.97,1776549662924,0,0,0,,,,0,cancelled
2026-04-18 22:00,ord-000013,buy,75775.38,1776549700124,0,0,0,,,,0,cancelled
2026-04-18 22:00,ord-000014,sell,75779.39,1776549700124,0,0,0,,,,0,cancelled
2026-04-18 22:00,ord-000015,buy,75778.42,1776549705124,0,0,0,,,,0,cancelled
2026-04-18 22:00,ord-000016,sell,75782.43,1776549705124,0,0,0,,,,0,cancelled
2026-04-18 22:00,ord-000017,buy,75780.40,1776549734224,0,0,0,,,,0,cancelled
2026-04-18 22:00,ord-000018,sell,75784.41,1776549734224,0,0,0,,,,0,cancelled
2026-04-18 22:00,ord-000019,buy,75773.77,1776549759924,0,0,0,,,,0,cancelled
2026-04-18 22:00,ord-000020,sell,75777.78,1776549759924,0,0,0,,,,0,cancelled
2026-04-18 22:00,ord-000021,buy,75771.30,1776549764924,0,0,0,,,,0,cancelled
2026-04-18 22:00,ord-000022,sell,75775.31,1776549764924,0,0,0,,,,0,cancelled
2026-04-18 22:00,ord-000023,buy,75765.86,1776549769924,0,0,0,,,,0,cancelled
2026-04-18 22:00,ord-000024,sell,75769.87,1776549769924,0,0,0,,,,0,cancelled
2026-04-18 22:00,ord-000025,buy,75763.81,1776549774924,0,0,0,,,,0,cancelled
2026-04-18 22:00,ord-000026,sell,75767.82,1776549774924,0,0,0,,,,0,cancelled
2026-04-18 22:00,ord-000027,buy,75762.90,1776549779925,0,0,0,,,,0,cancelled
2026-04-18 22:00,ord-000028,sell,75766.91,1776549779925,0,0,0,,,,0,cancelled
2026-04-18 22:00,ord-000029,buy,75762.60,1776549785024,0,0,0,,,,0,cancelled
2026-04-18 22:00,ord-000030,sell,75766.61,1776549785024,0,0,0,,,,0,cancelled
2026-04-18 22:00,ord-000031,buy,75761.23,1776549790024,0,0,0,,,,0,cancelled
2026-04-18 22:00,ord-000032,sell,75765.24,1776549790024,0,0,0,,,,0,cancelled
2026-04-18 22:00,ord-000033,buy,75760.26,1776549795024,0,0,0,,,,0,cancelled
2026-04-18 22:00,ord-000034,sell,75764.27,1776549795024,0.00007000,0,0,,,,0,cancelled
2026-04-18 22:00,ord-000035,buy,75690.84,1776549800024,0,0,0,,,,0,cancelled
2026-04-18 22:00,ord-000036,sell,75694.85,1776549800024,0,0,0,,,,0,cancelled
2026-04-18 22:00,ord-000037,buy,75707.99,1776549805024,0.00007000,0,0,,,,0,cancelled
2026-04-18 22:00,ord-000038,sell,75712.00,1776549805024,0.00120000,0.00120000,0,,,,0,cancelled
2026-04-18 22:00,ord-000039,buy,75725.40,1776549810024,0,0,0,,,,0,cancelled
2026-04-18 22:00,ord-000040,sell,75729.41,1776549810024,0,0,0,,,,0,cancelled
2026-04-18 22:00,ord-000041,buy,75720.07,1776549815024,0,0,0,,,,0,cancelled
2026-04-18 22:00,ord-000042,sell,75724.08,1776549815024,0,0,0,,,,0,cancelled
2026-04-18 22:00,ord-000043,buy,75714.34,1776549820024,0,0,0,,,,0,cancelled
2026-04-18 22:00,ord-000044,sell,75718.35,1776549820024,0,0,0,,,,0,cancelled
2026-04-18 22:00,ord-000045,buy,75706.00,1776549825024,0.15523000,0,0,,,,0,cancelled
2026-04-18 22:00,ord-000046,sell,75710.01,1776549825024,0,0,0,,,,0,cancelled
2026-04-18 22:00,ord-000047,buy,75704.38,1776549833924,0,0,0,,,,0,cancelled
2026-04-18 22:00,ord-000048,sell,75708.39,1776549833924,0,0,0,,,,0,cancelled
2026-04-18 22:00,ord-000049,buy,75686.53,1776549838924,0,0,0,,,,0,cancelled
2026-04-18 22:00,ord-000050,sell,75690.54,1776549838924,0,0,0,,,,0,cancelled
2026-04-18 22:00,ord-000051,buy,75691.58,1776549843924,0,0,0,,,,0,cancelled
2026-04-18 22:00,ord-000052,sell,75695.59,1776549843924,0,0,0,,,,0,cancelled
2026-04-18 22:00,ord-000053,buy,75683.43,1776549848925,0,0,0,,,,0,cancelled
2026-04-18 22:00,ord-000054,sell,75687.44,1776549848925,0,0,0,,,,0,cancelled
2026-04-18 22:00,ord-000055,buy,75666.00,1776549854024,0.00120000,0.00120000,0,,,,0,cancelled
2026-04-18 22:00,ord-000056,sell,75670.01,1776549854024,0.00007000,0,0,,,,0,cancelled
2026-04-18 22:00,ord-000057,buy,75661.00,1776549859024,0,0,0,,,,0,cancelled
2026-04-18 22:00,ord-000058,sell,75665.01,1776549859024,0,0,0,,,,0,cancelled
2026-04-18 22:00,ord-000059,buy,75666.00,1776549876724,0,0,0,,,,0,cancelled
2026-04-18 22:00,ord-000060,sell,75670.01,1776549876724,0,0,0,1776549876770,0,0,0.001,filled
2026-04-18 22:00,ord-000061,buy,75671.23,1776549876824,0,0,0,,,,0,cancelled
2026-04-18 22:00,ord-000062,sell,75675.24,1776549876824,0,0,0,,,,0,cancelled
2026-04-18 22:00,ord-000063,buy,75677.95,1776549904424,0,0,0,,,,0,cancelled
2026-04-18 22:00,ord-000064,sell,75681.96,1776549904424,0,0,0,,,,0,cancelled
2026-04-18 22:00,ord-000065,buy,75691.55,1776549909824,0,0,0,,,,0,cancelled
2026-04-18 22:00,ord-000066,sell,75695.56,1776549909824,0,0,0,,,,0,cancelled
2026-04-18 22:00,ord-000067,buy,75690.85,1776549942525,0,0,0,,,,0,cancelled
2026-04-18 22:00,ord-000068,sell,75694.86,1776549942525,0,0,0,,,,0,cancelled
2026-04-18 22:00,ord-000069,buy,75679.12,1776549947624,0,0,0,,,,0,cancelled
2026-04-18 22:00,ord-000070,sell,75683.13,1776549947624,0,0,0,,,,0,cancelled
2026-04-18 22:00,ord-000071,buy,75666.97,1776549953124,0.00067000,0,0,,,,0,cancelled
2026-04-18 22:00,ord-000072,sell,75670.98,1776549953124,0,0,0,,,,0,cancelled
2026-04-18 22:00,ord-000073,buy,75665.75,1776549958124,0,0,0,,,,0,cancelled
2026-04-18 22:00,ord-000074,sell,75669.76,1776549958124,0,0,0,,,,0,cancelled
2026-04-18 22:00,ord-000075,buy,75664.96,1776549963124,0,0,0,,,,0,cancelled
2026-04-18 22:00,ord-000076,sell,75668.97,1776549963124,0.00026000,0,0,,,,0,cancelled
2026-04-18 22:00,ord-000077,buy,75648.00,1776549968124,0.00120000,0,0,,,,0,cancelled
2026-04-18 22:00,ord-000078,sell,75652.01,1776549968124,0,0,0,,,,0,cancelled
2026-04-18 22:00,ord-000079,buy,75652.37,1776549982924,0,0,0,,,,0,cancelled
2026-04-18 22:00,ord-000080,sell,75656.38,1776549982924,0,0,0,,,,0,cancelled
2026-04-18 22:00,ord-000081,buy,75638.35,1776549987924,0,0,0,,,,0,cancelled
2026-04-18 22:00,ord-000082,sell,75642.36,1776549987924,0,0,0,,,,0,cancelled
2026-04-18 22:00,ord-000083,buy,75633.03,1776550019725,0,0,0,,,,0,cancelled
2026-04-18 22:00,ord-000084,sell,75637.04,1776550019725,0,0,0,,,,0,cancelled
2026-04-18 22:00,ord-000085,buy,75627.05,1776550024824,0,0,0,,,,0,cancelled
2026-04-18 22:00,ord-000086,sell,75631.06,1776550024824,0,0,0,,,,0,cancelled
2026-04-18 22:00,ord-000087,buy,75632.50,1776550044324,0,0,0,,,,0,cancelled
2026-04-18 22:00,ord-000088,sell,75636.51,1776550044324,0,0,0,,,,0,cancelled
2026-04-18 22:00,ord-000089,buy,75635.85,1776550049324,0,0,0,,,,0,cancelled
2026-04-18 22:00,ord-000090,sell,75639.86,1776550049324,0,0,0,,,,0,cancelled
2026-04-18 22:00,ord-000091,buy,75638.95,1776550054324,0,0,0,,,,0,cancelled
2026-04-18 22:00,ord-000092,sell,75642.96,1776550054324,0,0,0,,,,0,cancelled
2026-04-18 22:00,ord-000093,buy,75643.20,1776550073924,0,0,0,,,,0,cancelled
2026-04-18 22:00,ord-000094,sell,75647.21,1776550073924,0,0,0,,,,0,cancelled
2026-04-18 22:00,ord-000095,buy,75652.25,1776550078924,0,0,0,,,,0,cancelled
2026-04-18 22:00,ord-000096,sell,75656.26,1776550078924,0,0,0,,,,0,cancelled
2026-04-18 22:00,ord-000097,buy,75656.44,1776550083924,0,0,0,,,,0,cancelled
2026-04-18 22:00,ord-000098,sell,75660.45,1776550083924,0.00007000,0,0,,,,0,cancelled
2026-04-18 22:00,ord-000099,buy,75652.25,1776550088924,0,0,0,,,,0,cancelled
2026-04-18 22:00,ord-000100,sell,75656.26,1776550088924,0,0,0,,,,0,cancelled
2026-04-18 22:00,ord-000101,buy,75644.81,1776550139324,0,0,0,,,,0,cancelled
2026-04-18 22:00,ord-000102,sell,75648.82,1776550139324,0,0,0,,,,0,cancelled
2026-04-18 22:00,ord-000103,buy,75638.95,1776550144324,0,0,0,,,,0,cancelled
2026-04-18 22:00,ord-000104,sell,75642.96,1776550144324,0.16225000,0,0,,,,0,cancelled
2026-04-18 22:00,ord-000105,buy,75621.19,1776550149324,0,0,0,,,,0,cancelled
2026-04-18 22:00,ord-000106,sell,75625.20,1776550149324,0,0,0,,,,0,cancelled
2026-04-18 22:00,ord-000107,buy,75625.69,1776550180424,0,0,0,,,,0,cancelled
2026-04-18 22:00,ord-000108,sell,75629.70,1776550180424,0,0,0,,,,0,cancelled
2026-04-18 22:00,ord-000109,buy,75628.24,1776550188324,0,0,0,,,,0,cancelled
2026-04-18 22:00,ord-000110,sell,75632.25,1776550188324,0,0,0,,,,0,cancelled
2026-04-18 22:00,ord-000111,buy,75630.42,1776550193324,0,0,0,,,,0,cancelled
2026-04-18 22:00,ord-000112,sell,75634.43,1776550193324,0,0,0,,,,0,cancelled
2026-04-18 22:00,ord-000113,buy,75636.91,1776550204524,0,0,0,,,,0,cancelled
2026-04-18 22:00,ord-000114,sell,75640.92,1776550204524,0,0,0,,,,0,cancelled
2026-04-18 22:00,ord-000115,buy,75643.82,1776550209524,0,0,0,,,,0,cancelled
2026-04-18 22:00,ord-000116,sell,75647.83,1776550209524,0,0,0,,,,0,cancelled
2026-04-18 22:00,ord-000117,buy,75635.48,1776550323524,0,0,0,,,,0,cancelled
2026-04-18 22:00,ord-000118,sell,75639.49,1776550323524,0,0,0,,,,0,cancelled
2026-04-18 22:00,ord-000119,buy,75643.09,1776550343124,0,0,0,,,,0,cancelled
2026-04-18 22:00,ord-000120,sell,75647.10,1776550343124,0,0,0,,,,0,cancelled
2026-04-18 22:00,ord-000121,buy,75671.76,1776550348124,0,0,0,,,,0,cancelled
2026-04-18 22:00,ord-000122,sell,75675.77,1776550348124,0,0,0,,,,0,cancelled
2026-04-18 22:00,ord-000123,buy,75664.21,1776550381824,0,0,0,,,,0,cancelled
2026-04-18 22:00,ord-000124,sell,75668.22,1776550381824,0,0,0,,,,0,cancelled
2026-04-18 22:00,ord-000125,buy,75663.66,1776550405824,0,0,0,,,,0,cancelled
2026-04-18 22:00,ord-000126,sell,75667.67,1776550405824,0,0,0,,,,0,cancelled
2026-04-18 22:00,ord-000127,buy,75656.65,1776550410824,0,0,0,,,,0,cancelled
2026-04-18 22:00,ord-000128,sell,75660.66,1776550410824,0,0,0,,,,0,cancelled
2026-04-18 22:00,ord-000129,buy,75653.28,1776550433324,0,0,0,,,,0,cancelled
2026-04-18 22:00,ord-000130,sell,75657.29,1776550433324,0,0,0,,,,0,cancelled
2026-04-18 22:00,ord-000131,buy,75646.40,1776550441724,0,0,0,,,,0,cancelled
2026-04-18 22:00,ord-000132,sell,75650.41,1776550441724,0,0,0,,,,0,cancelled
2026-04-18 22:00,ord-000133,buy,75649.51,1776550458424,0,0,0,,,,0,cancelled
2026-04-18 22:00,ord-000134,sell,75653.52,1776550458424,0,0,0,,,,0,cancelled
2026-04-18 22:00,ord-000135,buy,75659.36,1776550463424,0,0,0,,,,0,cancelled
2026-04-18 22:00,ord-000136,sell,75663.37,1776550463424,0,0,0,,,,0,cancelled
2026-04-18 22:00,ord-000137,buy,75664.21,1776550468424,0,0,0,,,,0,cancelled
2026-04-18 22:00,ord-000138,sell,75668.22,1776550468424,0,0,0,,,,0,cancelled
2026-04-18 22:00,ord-000139,buy,75656.65,1776550493624,0.00014000,0,0,,,,0,cancelled
2026-04-18 22:00,ord-000140,sell,75660.66,1776550493624,0,0,0,,,,0,cancelled
2026-04-18 22:00,ord-000141,buy,75608.34,1776550498624,0,0,0,,,,0,cancelled
2026-04-18 22:00,ord-000142,sell,75612.35,1776550498624,0,0,0,,,,0,cancelled
2026-04-18 22:00,ord-000143,buy,75606.89,1776550511924,0,0,0,,,,0,cancelled
2026-04-18 22:00,ord-000144,sell,75610.90,1776550511924,0,0,0,,,,0,cancelled
2026-04-18 22:00,ord-000145,buy,75622.35,1776550516924,0,0,0,,,,0,cancelled
2026-04-18 22:00,ord-000146,sell,75626.36,1776550516924,0,0,0,,,,0,cancelled
2026-04-18 22:00,ord-000147,buy,75626.01,1776550521924,0,0,0,,,,0,cancelled
2026-04-18 22:00,ord-000148,sell,75630.02,1776550521924,0,0,0,,,,0,cancelled
2026-04-18 22:00,ord-000149,buy,75625.96,1776550557324,0,0,0,,,,0,cancelled
2026-04-18 22:00,ord-000150,sell,75629.97,1776550557324,0,0,0,,,,0,cancelled
2026-04-18 22:00,ord-000151,buy,75616.89,1776550562324,0,0,0,,,,0,cancelled
2026-04-18 22:00,ord-000152,sell,75620.90,1776550562324,0,0,0,,,,0,cancelled
2026-04-18 22:00,ord-000153,buy,75622.94,1776550577024,0,0,0,,,,0,cancelled
2026-04-18 22:00,ord-000154,sell,75626.95,1776550577024,0,0,0,,,,0,cancelled
2026-04-18 22:00,ord-000155,buy,75633.20,1776550582024,0,0,0,,,,0,cancelled
2026-04-18 22:00,ord-000156,sell,75637.21,1776550582024,0,0,0,,,,0,cancelled
2026-04-18 22:00,ord-000157,buy,75647.47,1776550587024,0,0,0,,,,0,cancelled
2026-04-18 22:00,ord-000158,sell,75651.48,1776550587024,0,0,0,,,,0,cancelled
2026-04-18 22:00,ord-000159,buy,75644.52,1776550606924,0,0,0,,,,0,cancelled
2026-04-18 22:00,ord-000160,sell,75648.53,1776550606924,0,0,0,,,,0,cancelled
2026-04-18 22:00,ord-000161,buy,75633.21,1776550611924,0.00007000,0,0,,,,0,cancelled
2026-04-18 22:00,ord-000162,sell,75637.22,1776550611924,0,0,0,,,,0,cancelled
2026-04-18 22:00,ord-000163,buy,75637.28,1776550635624,0,0,0,,,,0,cancelled
2026-04-18 22:00,ord-000164,sell,75641.29,1776550635624,0,0,0,1776550635640,0,0,0.00007000,cancelled
2026-04-18 22:00,ord-000165,buy,75647.47,1776550640624,0,0,0,,,,0,cancelled
2026-04-18 22:00,ord-000166,sell,75651.48,1776550640624,0,0,0,,,,0,cancelled
2026-04-18 22:00,ord-000167,buy,75655.31,1776550648424,0,0,0,,,,0,cancelled
2026-04-18 22:00,ord-000168,sell,75659.32,1776550648424,0.00007000,0.00007000,0,,,,0,cancelled
2026-04-18 22:00,ord-000169,buy,75657.39,1776550653424,0,0,0,,,,0,cancelled
2026-04-18 22:00,ord-000170,sell,75661.40,1776550653424,0,0,0,,,,0,cancelled
2026-04-18 22:00,ord-000171,buy,75658.82,1776550673026,0,0,0,,,,0,cancelled
2026-04-18 22:00,ord-000172,sell,75662.83,1776550673026,0,0,0,,,,0,cancelled
2026-04-18 22:00,ord-000173,buy,75667.53,1776550678124,0,0,0,,,,0,cancelled
2026-04-18 22:00,ord-000174,sell,75671.54,1776550678124,0,0,0,,,,0,cancelled
2026-04-18 22:00,ord-000175,buy,75666.54,1776550711024,0,0,0,,,,0,cancelled
2026-04-18 22:00,ord-000176,sell,75670.55,1776550711024,0,0,0,,,,0,cancelled
2026-04-18 22:00,ord-000177,buy,75662.60,1776550732824,0,0,0,,,,0,cancelled
2026-04-18 22:00,ord-000178,sell,75666.61,1776550732824,0,0,0,,,,0,cancelled
2026-04-18 22:00,ord-000179,buy,75658.00,1776550740524,0.00120000,0,0,,,,0,cancelled
2026-04-18 22:00,ord-000180,sell,75662.01,1776550740524,1.40779000,0,0,,,,0,cancelled
2026-04-18 22:00,ord-000181,buy,75647.80,1776550745524,0,0,0,,,,0,cancelled
2026-04-18 22:00,ord-000182,sell,75651.81,1776550745524,0,0,0,,,,0,cancelled
2026-04-18 22:00,ord-000183,buy,75645.53,1776550773324,0,0,0,,,,0,cancelled
2026-04-18 22:00,ord-000184,sell,75649.54,1776550773324,0,0,0,,,,0,cancelled
2026-04-18 22:00,ord-000185,buy,75643.96,1776550837624,0,0,0,,,,0,cancelled
2026-04-18 22:00,ord-000186,sell,75647.97,1776550837624,0,0,0,,,,0,cancelled
2026-04-18 22:00,ord-000187,buy,75637.96,1776550842624,0.01607000,0,0,,,,0,cancelled
2026-04-18 22:00,ord-000188,sell,75641.97,1776550842624,0,0,0,,,,0,cancelled
2026-04-18 22:00,ord-000189,buy,75645.99,1776550847624,0.02028000,0,0,,,,0,cancelled
2026-04-18 22:00,ord-000190,sell,75650.00,1776550847624,0.00120000,0.00120000,0,,,,0,cancelled
2026-04-18 22:00,ord-000191,buy,75656.43,1776550852624,0,0,0,,,,0,cancelled
2026-04-18 22:00,ord-000192,sell,75660.44,1776550852624,0,0,0,,,,0,cancelled
2026-04-18 22:00,ord-000193,buy,75667.53,1776550889424,0,0,0,,,,0,cancelled
2026-04-18 22:00,ord-000194,sell,75671.54,1776550889424,0,0,0,,,,0,cancelled
2026-04-18 22:00,ord-000195,buy,75670.84,1776550940924,0,0,0,,,,0,cancelled
2026-04-18 22:00,ord-000196,sell,75674.85,1776550940924,0,0,0,,,,0,cancelled
2026-04-18 22:00,ord-000197,buy,75679.57,1776550945925,0,0,0,,,,0,cancelled
2026-04-18 22:00,ord-000198,sell,75683.58,1776550945925,0,0,0,,,,0,cancelled
2026-04-18 22:00,ord-000199,buy,75687.51,1776550951024,0,0,0,,,,0,cancelled
2026-04-18 22:00,ord-000200,sell,75691.52,1776550951024,0.00026000,0,0,,,,0,cancelled
2026-04-18 22:00,ord-000201,buy,75683.30,1776550956024,0,0,0,,,,0,cancelled
2026-04-18 22:00,ord-000202,sell,75687.31,1776550956024,0,0,0,,,,0,cancelled
2026-04-18 22:00,ord-000203,buy,75678.81,1776551026124,0,0,0,,,,0,cancelled
2026-04-18 22:00,ord-000204,sell,75682.82,1776551026124,0,0,0,,,,0,cancelled
2026-04-18 22:00,ord-000205,buy,75665.23,1776551031125,0,0,0,,,,0,cancelled
2026-04-18 22:00,ord-000206,sell,75669.24,1776551031125,0,0,0,,,,0,cancelled
2026-04-18 22:00,ord-000207,buy,75665.24,1776551047324,0,0,0,,,,0,cancelled
2026-04-18 22:00,ord-000208,sell,75669.25,1776551047324,0,0,0,,,,0,cancelled
2026-04-18 22:00,ord-000209,buy,75684.95,1776551052324,0,0,0,,,,0,cancelled
2026-04-18 22:00,ord-000210,sell,75688.96,1776551052324,0,0,0,,,,0,cancelled
2026-04-18 22:00,ord-000211,buy,75687.51,1776551075724,0,0,0,,,,0,cancelled
2026-04-18 22:00,ord-000212,sell,75691.52,1776551075724,0,0,0,,,,0,cancelled
2026-04-18 22:00,ord-000213,buy,75691.14,1776551100124,0,0,0,,,,0,cancelled
2026-04-18 22:00,ord-000214,sell,75695.15,1776551100124,0,0,0,,,,0,cancelled
2026-04-18 22:00,ord-000215,buy,75695.93,1776551105124,0,0,0,,,,0,cancelled
2026-04-18 22:00,ord-000216,sell,75699.94,1776551105124,0,0,0,,,,0,cancelled
2026-04-18 22:00,ord-000217,buy,75696.07,1776551262724,0,0,0,,,,0,cancelled
2026-04-18 22:00,ord-000218,sell,75700.08,1776551262724,0,0,0,,,,0,cancelled
2026-04-18 22:00,ord-000219,buy,75696.47,1776551267724,0,0,0,,,,0,cancelled
2026-04-18 22:00,ord-000220,sell,75700.48,1776551267724,0,0,0,,,,0,cancelled
2026-04-18 22:00,ord-000221,buy,75697.99,1776551272724,0,0,0,,,,0,cancelled
2026-04-18 22:00,ord-000222,sell,75702.00,1776551272724,0.00120000,0.00120000,0,,,,0,cancelled
2026-04-18 22:00,ord-000223,buy,75705.09,1776551279624,0,0,0,,,,0,cancelled
2026-04-18 22:00,ord-000224,sell,75709.10,1776551279624,0,0,0,,,,0,cancelled
2026-04-18 22:00,ord-000225,buy,75703.20,1776551315324,0,0,0,,,,0,cancelled
2026-04-18 22:00,ord-000226,sell,75707.21,1776551315324,0,0,0,,,,0,cancelled
2026-04-18 22:00,ord-000227,buy,75711.99,1776551326424,0,0,0,,,,0,cancelled
2026-04-18 22:00,ord-000228,sell,75716.00,1776551326424,0.00120000,0,0,,,,0,cancelled
2026-04-18 22:00,ord-000229,buy,75705.10,1776551380624,0,0,0,,,,0,cancelled
2026-04-18 22:00,ord-000230,sell,75709.11,1776551380624,0,0,0,,,,0,cancelled
2026-04-18 22:00,ord-000231,buy,75720.25,1776551392824,0,0,0,,,,0,cancelled
2026-04-18 22:00,ord-000232,sell,75724.26,1776551392824,0,0,0,,,,0,cancelled
2026-04-18 22:00,ord-000233,buy,75724.45,1776551457324,0,0,0,,,,0,cancelled
2026-04-18 22:00,ord-000234,sell,75728.46,1776551457324,0,0,0,,,,0,cancelled
2026-04-18 22:00,ord-000235,buy,75727.49,1776551462324,0,0,0,,,,0,cancelled
2026-04-18 22:00,ord-000236,sell,75731.50,1776551462324,0,0,0,,,,0,cancelled
2026-04-18 22:00,ord-000237,buy,75728.94,1776551467324,0,0,0,,,,0,cancelled
2026-04-18 22:00,ord-000238,sell,75732.95,1776551467324,0,0,0,,,,0,cancelled
2026-04-18 22:00,ord-000239,buy,75732.37,1776551472324,0,0,0,,,,0,cancelled
2026-04-18 22:00,ord-000240,sell,75736.38,1776551472324,0,0,0,,,,0,cancelled
2026-04-18 22:00,ord-000241,buy,75736.01,1776551477324,0,0,0,,,,0,cancelled
2026-04-18 22:00,ord-000242,sell,75740.02,1776551477324,0,0,0,,,,0,cancelled
2026-04-18 22:00,ord-000243,buy,75737.74,1776551482324,0,0,0,,,,0,cancelled
2026-04-18 22:00,ord-000244,sell,75741.75,1776551482324,0,0,0,,,,0,cancelled
2026-04-18 22:00,ord-000245,buy,75738.67,1776551491524,0,0,0,,,,0,cancelled
2026-04-18 22:00,ord-000246,sell,75742.68,1776551491524,0,0,0,,,,0,cancelled
2026-04-18 22:00,ord-000247,buy,75739.99,1776551496524,0.43795000,0,0,,,,0,cancelled
2026-04-18 22:00,ord-000248,sell,75744.00,1776551496524,0.00120000,0.00120000,0,,,,0,cancelled
2026-04-18 22:00,ord-000249,buy,75735.85,1776551505524,0,0,0,,,,0,cancelled
2026-04-18 22:00,ord-000250,sell,75739.86,1776551505524,0,0,0,,,,0,cancelled
2026-04-18 22:00,ord-000251,buy,75762.53,1776551510524,0,0,0,,,,0,cancelled
2026-04-18 22:00,ord-000252,sell,75766.54,1776551510524,0,0,0,,,,0,cancelled
2026-04-18 22:00,ord-000253,buy,75763.47,1776551551824,0,0,0,,,,0,cancelled
2026-04-18 22:00,ord-000254,sell,75767.48,1776551551824,0,0,0,,,,0,cancelled
2026-04-18 22:00,ord-000255,buy,75779.99,1776551556824,0,0,0,,,,0,cancelled
2026-04-18 22:00,ord-000256,sell,75784.00,1776551556824,0.00120000,0.00120000,0,,,,0,cancelled
2026-04-18 22:00,ord-000257,buy,75780.11,1776551562224,0,0,0,,,,0,cancelled
2026-04-18 22:00,ord-000258,sell,75784.12,1776551562224,0,0,0,,,,0,cancelled
2026-04-18 22:00,ord-000259,buy,75788.44,1776551567224,0,0,0,,,,0,cancelled
2026-04-18 22:00,ord-000260,sell,75792.45,1776551567224,0,0,0,,,,0,cancelled
2026-04-18 22:00,ord-000261,buy,75786.55,1776551575624,0,0,0,,,,0,cancelled
2026-04-18 22:00,ord-000262,sell,75790.56,1776551575624,0,0,0,,,,0,cancelled
2026-04-18 22:00,ord-000263,buy,75779.22,1776551580624,0,0,0,,,,0,cancelled
2026-04-18 22:00,ord-000264,sell,75783.23,1776551580624,0,0,0,,,,0,cancelled
2026-04-18 22:00,ord-000265,buy,75783.24,1776551598024,0,0,0,,,,0,cancelled
2026-04-18 22:00,ord-000266,sell,75787.25,1776551598024,0,0,0,,,,0,cancelled
2026-04-18 22:00,ord-000267,buy,75788.43,1776551629225,0,0,0,,,,0,cancelled
2026-04-18 22:00,ord-000268,sell,75792.44,1776551629225,0,0,0,,,,0,cancelled
2026-04-18 22:00,ord-000269,buy,75788.44,1776551634524,0,0,0,,,,0,cancelled
2026-04-18 22:00,ord-000270,sell,75792.45,1776551634524,0,0,0,,,,0,cancelled
2026-04-18 22:00,ord-000271,buy,75790.85,1776551698124,0,0,0,,,,0,cancelled
2026-04-18 22:00,ord-000272,sell,75794.86,1776551698124,0,0,0,,,,0,cancelled
2026-04-18 22:00,ord-000273,buy,75805.59,1776551706644,0,0,0,,,,0,cancelled
2026-04-18 22:00,ord-000274,sell,75809.60,1776551706644,0,0,0,,,,0,cancelled
2026-04-18 22:00,ord-000275,buy,75813.69,1776551711724,0,0,0,,,,0,cancelled
2026-04-18 22:00,ord-000276,sell,75817.70,1776551711724,0,0,0,,,,0,cancelled
2026-04-18 22:00,ord-000277,buy,75808.42,1776551717325,0,0,0,,,,0,cancelled
2026-04-18 22:00,ord-000278,sell,75812.43,1776551717325,0,0,0,,,,0,cancelled
2026-04-18 22:00,ord-000279,buy,75785.02,1776551722424,0,0,0,,,,0,cancelled
2026-04-18 22:00,ord-000280,sell,75789.03,1776551722424,0,0,0,,,,0,cancelled
2026-04-18 22:00,ord-000281,buy,75797.96,1776551793524,0,0,0,,,,0,cancelled
2026-04-18 22:00,ord-000282,sell,75801.97,1776551793524,0,0,0,,,,0,cancelled
2026-04-18 22:00,ord-000283,buy,75801.55,1776551798524,0,0,0,,,,0,cancelled
2026-04-18 22:00,ord-000284,sell,75805.56,1776551798524,0,0,0,,,,0,cancelled
2026-04-18 22:00,ord-000285,buy,75796.65,1776551803524,0,0,0,,,,0,cancelled
2026-04-18 22:00,ord-000286,sell,75800.66,1776551803524,0,0,0,,,,0,cancelled
2026-04-18 22:00,ord-000287,buy,75800.42,1776551810424,0,0,0,,,,0,cancelled
2026-04-18 22:00,ord-000288,sell,75804.43,1776551810424,0,0,0,,,,0,cancelled
2026-04-18 22:00,ord-000289,buy,75803.27,1776551815425,0,0,0,,,,0,cancelled
2026-04-18 22:00,ord-000290,sell,75807.28,1776551815425,0,0,0,,,,0,cancelled
2026-04-18 22:00,ord-000291,buy,75799.06,1776551821324,0,0,0,,,,0,cancelled
2026-04-18 22:00,ord-000292,sell,75803.07,1776551821324,0,0,0,,,,0,cancelled
2026-04-18 22:00,ord-000293,buy,75790.96,1776551834224,0.00008000,0,0,,,,0,cancelled
2026-04-18 22:00,ord-000294,sell,75794.97,1776551834224,0,0,0,,,,0,cancelled
2026-04-18 22:00,ord-000295,buy,75791.38,1776551900424,0,0,0,,,,0,cancelled
2026-04-18 22:00,ord-000296,sell,75795.39,1776551900424,0,0,0,,,,0,cancelled
2026-04-18 22:00,ord-000297,buy,75799.43,1776551905424,0,0,0,,,,0,cancelled
2026-04-18 22:00,ord-000298,sell,75803.44,1776551905424,0,0,0,,,,0,cancelled
2026-04-18 22:00,ord-000299,buy,75799.99,1776551912924,0,0,0,,,,0,cancelled
2026-04-18 22:00,ord-000300,sell,75804.00,1776551912924,0.00120000,0.00120000,0,,,,0,cancelled
2026-04-18 22:00,ord-000301,buy,75807.27,1776551917924,0,0,0,,,,0,cancelled
2026-04-18 22:00,ord-000302,sell,75811.28,1776551917924,0,0,0,,,,0,cancelled
2026-04-18 22:00,ord-000303,buy,75783.79,1776551994657,0,0,0,,,,0,cancelled
2026-04-18 22:00,ord-000304,sell,75787.80,1776551994657,0,0,0,,,,0,cancelled
2026-04-18 22:00,ord-000305,buy,75747.85,1776551999724,0,0,0,,,,0,cancelled
2026-04-18 22:00,ord-000306,sell,75751.86,1776551999724,0,0,0,,,,0,cancelled
2026-04-18 22:00,ord-000307,buy,75772.50,1776552007243,0,0,0,,,,0,cancelled
2026-04-18 22:00,ord-000308,sell,75776.51,1776552007243,0,0,0,,,,0,cancelled
2026-04-18 22:00,ord-000309,buy,75772.94,1776552012324,0,0,0,,,,0,cancelled
2026-04-18 22:00,ord-000310,sell,75776.95,1776552012324,0,0,0,,,,0,cancelled
2026-04-18 22:00,ord-000311,buy,75772.93,1776552068324,0,0,0,,,,0,cancelled
2026-04-18 22:00,ord-000312,sell,75776.94,1776552068324,0,0,0,,,,0,cancelled
2026-04-18 22:00,ord-000313,buy,75766.90,1776552073324,0,0,0,,,,0,cancelled
2026-04-18 22:00,ord-000314,sell,75770.91,1776552073324,0,0,0,,,,0,cancelled
2026-04-18 22:00,ord-000315,buy,75763.59,1776552081024,0,0,0,,,,0,cancelled
2026-04-18 22:00,ord-000316,sell,75767.60,1776552081024,0,0,0,,,,0,cancelled
2026-04-18 22:00,ord-000317,buy,75748.81,1776552086024,0,0,0,,,,0,cancelled
2026-04-18 22:00,ord-000318,sell,75752.82,1776552086024,0,0,0,,,,0,cancelled
2026-04-18 22:00,ord-000319,buy,75747.49,1776552127424,0,0,0,,,,0,cancelled
2026-04-18 22:00,ord-000320,sell,75751.50,1776552127424,0,0,0,,,,0,cancelled
2026-04-18 22:00,ord-000321,buy,75744.67,1776552132424,0,0,0,,,,0,cancelled
2026-04-18 22:00,ord-000322,sell,75748.68,1776552132424,0,0,0,,,,0,cancelled
2026-04-18 22:00,ord-000323,buy,75737.20,1776552160524,0,0,0,,,,0,cancelled
2026-04-18 22:00,ord-000324,sell,75741.21,1776552160524,0,0,0,,,,0,cancelled
2026-04-18 22:00,ord-000325,buy,75743.10,1776552185424,0,0,0,,,,0,cancelled
2026-04-18 22:00,ord-000326,sell,75747.11,1776552185424,0,0,0,,,,0,cancelled
2026-04-18 22:00,ord-000327,buy,75747.24,1776552214324,0,0,0,,,,0,cancelled
2026-04-18 22:00,ord-000328,sell,75751.25,1776552214324,0,0,0,,,,0,cancelled
2026-04-18 22:00,ord-000329,buy,75748.02,1776552229124,0,0,0,,,,0,cancelled
2026-04-18 22:00,ord-000330,sell,75752.03,1776552229124,0,0,0,,,,0,cancelled
2026-04-18 22:00,ord-000331,buy,75768.28,1776552241741,0,0,0,,,,0,cancelled
2026-04-18 22:00,ord-000332,sell,75772.29,1776552241741,0,0,0,,,,0,cancelled
2026-04-18 22:00,ord-000333,buy,75775.85,1776552246824,0,0,0,,,,0,cancelled
2026-04-18 22:00,ord-000334,sell,75779.86,1776552246824,0,0,0,,,,0,cancelled
2026-04-18 22:00,ord-000335,buy,75773.96,1776552254524,0,0,0,,,,0,cancelled
2026-04-18 22:00,ord-000336,sell,75777.97,1776552254524,0,0,0,,,,0,cancelled
2026-04-18 22:00,ord-000337,buy,75771.07,1776552259524,0,0,0,,,,0,cancelled
2026-04-18 22:00,ord-000338,sell,75775.08,1776552259524,0,0,0,,,,0,cancelled
2026-04-18 22:00,ord-000339,buy,75773.77,1776552299024,0,0,0,,,,0,cancelled
2026-04-18 22:00,ord-000340,sell,75777.78,1776552299024,0,0,0,,,,0,cancelled
2026-04-18 22:00,ord-000341,buy,75782.16,1776552335731,0,0,0,,,,0,cancelled
2026-04-18 22:00,ord-000342,sell,75786.17,1776552335731,0,0,0,,,,0,cancelled
2026-04-18 22:00,ord-000343,buy,75788.58,1776552340824,0,0,0,,,,0,cancelled
2026-04-18 22:00,ord-000344,sell,75792.59,1776552340824,0,0,0,,,,0,cancelled
2026-04-18 22:00,ord-000345,buy,75806.25,1776552366739,0,0,0,,,,0,cancelled
2026-04-18 22:00,ord-000346,sell,75810.26,1776552366739,0,0,0,,,,0,cancelled
2026-04-18 22:00,ord-000347,buy,75799.64,1776552371824,0,0,0,,,,0,cancelled
2026-04-18 22:00,ord-000348,sell,75803.65,1776552371824,0,0,0,,,,0,cancelled
2026-04-18 22:00,ord-000349,buy,75802.78,1776552376824,0,0,0,,,,0,cancelled
2026-04-18 22:00,ord-000350,sell,75806.79,1776552376824,0,0,0,,,,0,cancelled
2026-04-18 22:00,ord-000351,buy,75793.21,1776552445824,0,0,0,,,,0,cancelled
2026-04-18 22:00,ord-000352,sell,75797.22,1776552445824,0,0,0,,,,0,cancelled
2026-04-18 22:00,ord-000353,buy,75806.12,1776552452224,0,0,0,,,,0,cancelled
2026-04-18 22:00,ord-000354,sell,75810.13,1776552452224,0,0,0,,,,0,cancelled
2026-04-18 22:00,ord-000355,buy,75821.37,1776552473532,0,0,0,,,,0,cancelled
2026-04-18 22:00,ord-000356,sell,75825.38,1776552473532,0,0,0,,,,0,cancelled
2026-04-18 22:00,ord-000357,buy,75822.23,1776552478624,0,0,0,,,,0,cancelled
2026-04-18 22:00,ord-000358,sell,75826.24,1776552478624,0,0,0,,,,0,cancelled
2026-04-18 22:00,ord-000359,buy,75814.67,1776552483624,0,0,0,,,,0,cancelled
2026-04-18 22:00,ord-000360,sell,75818.68,1776552483624,0,0,0,,,,0,cancelled
2026-04-18 22:00,ord-000361,buy,75819.61,1776552488624,0,0,0,,,,0,cancelled
2026-04-18 22:00,ord-000362,sell,75823.62,1776552488624,0,0,0,,,,0,cancelled
2026-04-18 22:00,ord-000363,buy,75815.73,1776552498724,0,0,0,,,,0,cancelled
2026-04-18 22:00,ord-000364,sell,75819.74,1776552498724,0,0,0,,,,0,cancelled
2026-04-18 22:00,ord-000365,buy,75815.20,1776552503724,0,0,0,,,,0,cancelled
2026-04-18 22:00,ord-000366,sell,75819.21,1776552503724,0,0,0,,,,0,cancelled
2026-04-18 22:00,ord-000367,buy,75810.80,1776552514424,0,0,0,,,,0,cancelled
2026-04-18 22:00,ord-000368,sell,75814.81,1776552514424,0,0,0,,,,0,cancelled
2026-04-18 22:00,ord-000369,buy,75808.85,1776552527724,0,0,0,,,,0,cancelled
2026-04-18 22:00,ord-000370,sell,75812.86,1776552527724,0,0,0,,,,0,cancelled
2026-04-18 22:00,ord-000371,buy,75801.41,1776552532724,0,0,0,,,,0,cancelled
2026-04-18 22:00,ord-000372,sell,75805.42,1776552532724,0,0,0,,,,0,cancelled
2026-04-18 22:00,ord-000373,buy,75808.85,1776552537724,0,0,0,,,,0,cancelled
2026-04-18 22:00,ord-000374,sell,75812.86,1776552537724,0,0,0,,,,0,cancelled
2026-04-18 22:00,ord-000375,buy,75822.23,1776552542724,0,0,0,,,,0,cancelled
2026-04-18 22:00,ord-000376,sell,75826.24,1776552542724,0,0,0,,,,0,cancelled
2026-04-18 22:00,ord-000377,buy,75824.72,1776552547724,0,0,0,,,,0,cancelled
2026-04-18 22:00,ord-000378,sell,75828.73,1776552547724,0,0,0,,,,0,cancelled
2026-04-18 22:00,ord-000379,buy,75860.95,1776552569949,0,0,0,,,,0,cancelled
2026-04-18 22:00,ord-000380,sell,75864.96,1776552569949,0,0,0,,,,0,cancelled
2026-04-18 22:00,ord-000381,buy,75835.17,1776552575024,0,0,0,,,,0,cancelled
2026-04-18 22:00,ord-000382,sell,75839.18,1776552575024,0,0,0,,,,0,cancelled
2026-04-18 22:00,ord-000383,buy,75832.07,1776552580024,0,0,0,,,,0,cancelled
2026-04-18 22:00,ord-000384,sell,75836.08,1776552580024,0,0,0,,,,0,cancelled
2026-04-18 22:00,ord-000385,buy,75831.50,1776552590624,0,0,0,,,,0,cancelled
2026-04-18 22:00,ord-000386,sell,75835.51,1776552590624,0,0,0,,,,0,cancelled
2026-04-18 22:00,ord-000387,buy,75830.26,1776552595624,0,0,0,,,,0,cancelled
2026-04-18 22:00,ord-000388,sell,75834.27,1776552595624,0,0,0,,,,0,cancelled
2026-04-18 22:00,ord-000389,buy,75828.28,1776552600624,0,0,0,,,,0,cancelled
2026-04-18 22:00,ord-000390,sell,75832.29,1776552600624,0,0,0,,,,0,cancelled
2026-04-18 22:00,ord-000391,buy,75824.72,1776552609924,0,0,0,,,,0,cancelled
2026-04-18 22:00,ord-000392,sell,75828.73,1776552609924,0,0,0,,,,0,cancelled
2026-04-18 22:00,ord-000393,buy,75832.06,1776552646024,0,0,0,,,,0,cancelled
2026-04-18 22:00,ord-000394,sell,75836.07,1776552646024,0,0,0,,,,0,cancelled
2026-04-18 22:00,ord-000395,buy,75838.41,1776552651024,0,0,0,,,,0,cancelled
2026-04-18 22:00,ord-000396,sell,75842.42,1776552651024,0,0,0,,,,0,cancelled
2026-04-18 22:00,ord-000397,buy,75840.16,1776552663124,0,0,0,,,,0,cancelled
2026-04-18 22:00,ord-000398,sell,75844.17,1776552663124,0,0,0,,,,0,cancelled
2026-04-18 22:00,ord-000399,buy,75843.85,1776552668124,0,0,0,,,,0,cancelled
2026-04-18 22:00,ord-000400,sell,75847.86,1776552668124,0,0,0,,,,0,cancelled
2026-04-18 22:00,ord-000401,buy,75849.60,1776552673124,0,0,0,,,,0,cancelled
2026-04-18 22:00,ord-000402,sell,75853.61,1776552673124,0,0,0,,,,0,cancelled
2026-04-18 22:00,ord-000403,buy,75856.83,1776552678124,0,0,0,,,,0,cancelled
2026-04-18 22:00,ord-000404,sell,75860.84,1776552678124,0,0,0,,,,0,cancelled
2026-04-18 22:00,ord-000405,buy,75857.39,1776552685224,0,0,0,,,,0,cancelled
2026-04-18 22:00,ord-000406,sell,75861.40,1776552685224,0,0,0,,,,0,cancelled
2026-04-18 22:00,ord-000407,buy,75864.20,1776552690224,0,0,0,,,,0,cancelled
2026-04-18 22:00,ord-000408,sell,75868.21,1776552690224,0,0,0,,,,0,cancelled
2026-04-18 22:00,ord-000409,buy,75871.09,1776552702624,0,0,0,,,,0,cancelled
2026-04-18 22:00,ord-000410,sell,75875.10,1776552702624,0,0,0,,,,0,cancelled
2026-04-18 22:00,ord-000411,buy,75840.41,1776552707624,0.00141000,0,0,,,,0,cancelled
2026-04-18 22:00,ord-000412,sell,75844.42,1776552707624,0,0,0,,,,0,cancelled
2026-04-18 22:00,ord-000413,buy,75853.34,1776552712624,0,0,0,,,,0,cancelled
2026-04-18 22:00,ord-000414,sell,75857.35,1776552712624,0,0,0,,,,0,cancelled
2026-04-18 22:00,ord-000415,buy,75844.18,1776552717624,0,0,0,,,,0,cancelled
2026-04-18 22:00,ord-000416,sell,75848.19,1776552717624,0,0,0,,,,0,cancelled
2026-04-18 22:00,ord-000417,buy,75824.73,1776552722624,0,0,0,,,,0,cancelled
2026-04-18 22:00,ord-000418,sell,75828.74,1776552722624,0,0,0,,,,0,cancelled
2026-04-18 22:00,ord-000419,buy,75819.47,1776552759624,0,0,0,,,,0,cancelled
2026-04-18 22:00,ord-000420,sell,75823.48,1776552759624,0,0,0,,,,0,cancelled
2026-04-18 22:00,ord-000421,buy,75816.63,1776552764624,0,0,0,,,,0,cancelled
2026-04-18 22:00,ord-000422,sell,75820.64,1776552764624,0,0,0,,,,0,cancelled
2026-04-18 22:00,ord-000423,buy,75802.78,1776552769624,0,0,0,,,,0,cancelled
2026-04-18 22:00,ord-000424,sell,75806.79,1776552769624,0,0,0,,,,0,cancelled
2026-04-18 22:00,ord-000425,buy,75807.55,1776552775924,0,0,0,,,,0,cancelled
2026-04-18 22:00,ord-000426,sell,75811.56,1776552775924,0,0,0,,,,0,cancelled
2026-04-18 22:00,ord-000427,buy,75803.63,1776553022524,0,0,0,,,,0,cancelled
2026-04-18 22:00,ord-000428,sell,75807.64,1776553022524,0,0,0,,,,0,cancelled
2026-04-18 22:00,ord-000429,buy,75802.31,1776553038824,0,0,0,,,,0,cancelled
2026-04-18 22:00,ord-000430,sell,75806.32,1776553038824,0,0,0,,,,0,cancelled
2026-04-18 22:00,ord-000431,buy,75798.30,1776553047224,0,0,0,,,,0,cancelled
2026-04-18 22:00,ord-000432,sell,75802.31,1776553047224,0,0,0,,,,0,cancelled
2026-04-18 22:00,ord-000433,buy,75788.60,1776553052224,0,0,0,,,,0,cancelled
2026-04-18 22:00,ord-000434,sell,75792.61,1776553052224,0,0,0,,,,0,cancelled
2026-04-18 22:00,ord-000435,buy,75783.66,1776553057225,0,0,0,,,,0,cancelled
2026-04-18 22:00,ord-000436,sell,75787.67,1776553057225,0,0,0,,,,0,cancelled
2026-04-18 22:00,ord-000437,buy,75793.19,1776553062324,0,0,0,,,,0,cancelled
2026-04-18 22:00,ord-000438,sell,75797.20,1776553062324,0,0,0,,,,0,cancelled
2026-04-18 22:00,ord-000439,buy,75808.79,1776553068338,0,0,0,,,,0,cancelled
2026-04-18 22:00,ord-000440,sell,75812.80,1776553068338,0,0,0,,,,0,cancelled
2026-04-18 22:00,ord-000441,buy,75828.89,1776553073424,0.00007000,0,0,,,,0,cancelled
2026-04-18 22:00,ord-000442,sell,75832.90,1776553073424,0.00008000,0,0,,,,0,cancelled
2026-04-18 22:00,ord-000443,buy,75828.88,1776553081024,0.00007000,0,0,,,,0,cancelled
2026-04-18 22:00,ord-000444,sell,75832.89,1776553081024,0,0,0,,,,0,cancelled
2026-04-18 22:00,ord-000445,buy,75818.00,1776553086024,0.00120000,0,0,,,,0,cancelled
2026-04-18 22:00,ord-000446,sell,75822.01,1776553086024,0,0,0,,,,0,cancelled
2026-04-18 22:00,ord-000447,buy,75816.76,1776553091024,0,0,0,,,,0,cancelled
2026-04-18 22:00,ord-000448,sell,75820.77,1776553091024,0,0,0,,,,0,cancelled
2026-04-18 22:00,ord-000449,buy,75816.64,1776553121424,0,0,0,,,,0,cancelled
2026-04-18 22:00,ord-000450,sell,75820.65,1776553121424,0,0,0,,,,0,cancelled
2026-04-18 22:00,ord-000451,buy,75809.97,1776553126424,0,0,0,,,,0,cancelled
2026-04-18 22:00,ord-000452,sell,75813.98,1776553126424,0,0,0,,,,0,cancelled
2026-04-18 22:00,ord-000453,buy,75805.30,1776553141124,0,0,0,,,,0,cancelled
2026-04-18 22:00,ord-000454,sell,75809.31,1776553141124,0,0,0,,,,0,cancelled
2026-04-18 22:00,ord-000455,buy,75812.09,1776553146124,0,0,0,,,,0,cancelled
2026-04-18 22:00,ord-000456,sell,75816.10,1776553146124,0,0,0,,,,0,cancelled
2026-04-18 22:00,ord-000457,buy,75827.40,1776553151124,0,0,0,,,,0,cancelled
2026-04-18 22:00,ord-000458,sell,75831.41,1776553151124,0,0,0,,,,0,cancelled
2026-04-18 22:00,ord-000459,buy,75821.79,1776553181624,0,0,0,,,,0,cancelled
2026-04-18 22:00,ord-000460,sell,75825.80,1776553181624,0,0,0,,,,0,cancelled
2026-04-18 22:00,ord-000461,buy,75815.72,1776553186624,0,0,0,,,,0,cancelled
2026-04-18 22:00,ord-000462,sell,75819.73,1776553186624,0,0,0,,,,0,cancelled
2026-04-18 22:00,ord-000463,buy,75804.66,1776553191625,0,0,0,,,,0,cancelled
2026-04-18 22:00,ord-000464,sell,75808.67,1776553191625,0,0,0,,,,0,cancelled
2026-04-18 22:00,ord-000465,buy,75811.52,1776553196724,0,0,0,,,,0,expired
2026-04-18 22:00,ord-000466,sell,75815.53,1776553196724,0,0,0,,,,0,expired
2026-04-18 23:00,ord-000001,buy,75811.52,1776553200124,0,0,0,,,,0,cancelled
2026-04-18 23:00,ord-000002,sell,75815.53,1776553200124,0,0,0,,,,0,cancelled
2026-04-18 23:00,ord-000003,buy,75816.59,1776553205124,0,0,0,,,,0,cancelled
2026-04-18 23:00,ord-000004,sell,75820.60,1776553205124,0,0,0,,,,0,cancelled
2026-04-18 23:00,ord-000005,buy,75812.54,1776553233224,0,0,0,,,,0,cancelled
2026-04-18 23:00,ord-000006,sell,75816.55,1776553233224,0,0,0,,,,0,cancelled
2026-04-18 23:00,ord-000007,buy,75805.31,1776553238224,0,0,0,,,,0,cancelled
2026-04-18 23:00,ord-000008,sell,75809.32,1776553238224,0,0,0,,,,0,cancelled
2026-04-18 23:00,ord-000009,buy,75812.32,1776553247824,0,0,0,,,,0,cancelled
2026-04-18 23:00,ord-000010,sell,75816.33,1776553247824,0,0,0,,,,0,cancelled
2026-04-18 23:00,ord-000011,buy,75820.78,1776553314524,0,0,0,,,,0,cancelled
2026-04-18 23:00,ord-000012,sell,75824.79,1776553314524,0,0,0,,,,0,cancelled
2026-04-18 23:00,ord-000013,buy,75828.89,1776553379024,0,0,0,,,,0,cancelled
2026-04-18 23:00,ord-000014,sell,75832.90,1776553379024,0.00008000,0.00008000,0,,,,0,cancelled
2026-04-18 23:00,ord-000015,buy,75834.07,1776553384024,0,0,0,,,,0,cancelled
2026-04-18 23:00,ord-000016,sell,75838.08,1776553384024,0,0,0,,,,0,cancelled
2026-04-18 23:00,ord-000017,buy,75835.60,1776553427224,0,0,0,,,,0,cancelled
2026-04-18 23:00,ord-000018,sell,75839.61,1776553427224,0,0,0,,,,0,cancelled
2026-04-18 23:00,ord-000019,buy,75846.58,1776553432224,0,0,0,,,,0,cancelled
2026-04-18 23:00,ord-000020,sell,75850.59,1776553432224,0,0,0,,,,0,cancelled
2026-04-18 23:00,ord-000021,buy,75849.64,1776553437224,0,0,0,,,,0,cancelled
2026-04-18 23:00,ord-000022,sell,75853.65,1776553437224,0,0,0,,,,0,cancelled
2026-04-18 23:00,ord-000023,buy,75856.53,1776553449624,0,0,0,,,,0,cancelled
2026-04-18 23:00,ord-000024,sell,75860.54,1776553449624,0,0,0,,,,0,cancelled
2026-04-18 23:00,ord-000025,buy,75861.85,1776553454625,0,0,0,,,,0,cancelled
2026-04-18 23:00,ord-000026,sell,75865.86,1776553454625,0.05707000,0,0,,,,0,cancelled
2026-04-18 23:00,ord-000027,buy,75851.87,1776553459724,0,0,0,,,,0,cancelled
2026-04-18 23:00,ord-000028,sell,75855.88,1776553459724,0,0,0,,,,0,cancelled
2026-04-18 23:00,ord-000029,buy,75857.01,1776553488524,0.00007000,0,0,,,,0,cancelled
2026-04-18 23:00,ord-000030,sell,75861.02,1776553488524,0,0,0,,,,0,cancelled
2026-04-18 23:00,ord-000031,buy,75856.00,1776553518627,0,0,0,,,,0,cancelled
2026-04-18 23:00,ord-000032,sell,75860.01,1776553518627,0,0,0,,,,0,cancelled
2026-04-18 23:00,ord-000033,buy,75839.49,1776553523724,0,0,0,,,,0,cancelled
2026-04-18 23:00,ord-000034,sell,75843.50,1776553523724,0,0,0,,,,0,cancelled
2026-04-18 23:00,ord-000035,buy,75837.80,1776553575124,0,0,0,,,,0,cancelled
2026-04-18 23:00,ord-000036,sell,75841.81,1776553575124,0,0,0,,,,0,cancelled
2026-04-18 23:00,ord-000037,buy,75834.94,1776553580124,0,0,0,,,,0,cancelled
2026-04-18 23:00,ord-000038,sell,75838.95,1776553580124,0,0,0,,,,0,cancelled
2026-04-18 23:00,ord-000039,buy,75843.71,1776553585125,0,0,0,,,,0,cancelled
2026-04-18 23:00,ord-000040,sell,75847.72,1776553585125,0,0,0,,,,0,cancelled
2026-04-18 23:00,ord-000041,buy,75844.99,1776553611224,0,0,0,,,,0,cancelled
2026-04-18 23:00,ord-000042,sell,75849.00,1776553611224,0,0,0,,,,0,cancelled
2026-04-18 23:00,ord-000043,buy,75847.99,1776553616225,0,0,0,,,,0,cancelled
2026-04-18 23:00,ord-000044,sell,75852.00,1776553616225,0.00120000,0.00120000,0,1776553620586,0.00120000,0.00000000,0.00093000,cancelled
2026-04-18 23:00,ord-000045,buy,75849.99,1776553621324,0.20995000,0,0,,,,0,cancelled
2026-04-18 23:00,ord-000046,sell,75854.00,1776553621324,0.00120000,0,0,,,,0,cancelled
2026-04-18 23:00,ord-000047,buy,75851.25,1776553637424,0,0,0,,,,0,cancelled
2026-04-18 23:00,ord-000048,sell,75855.26,1776553637424,0,0,0,,,,0,cancelled
2026-04-18 23:00,ord-000049,buy,75856.90,1776553642424,0,0,0,,,,0,cancelled
2026-04-18 23:00,ord-000050,sell,75860.91,1776553642424,0,0,0,,,,0,cancelled
2026-04-18 23:00,ord-000051,buy,75859.99,1776553647424,0,0,0,,,,0,cancelled
2026-04-18 23:00,ord-000052,sell,75864.00,1776553647424,0.00120000,0,0,,,,0,cancelled
2026-04-18 23:00,ord-000053,buy,75861.70,1776553659224,0,0,0,,,,0,cancelled
2026-04-18 23:00,ord-000054,sell,75865.71,1776553659224,0,0,0,,,,0,cancelled
2026-04-18 23:00,ord-000055,buy,75863.64,1776553664224,0,0,0,,,,0,cancelled
2026-04-18 23:00,ord-000056,sell,75867.65,1776553664224,0,0,0,,,,0,cancelled
2026-04-18 23:00,ord-000057,buy,75878.80,1776553671876,0,0,0,,,,0,cancelled
2026-04-18 23:00,ord-000058,sell,75882.81,1776553671876,0.00066000,0,0,,,,0,cancelled
2026-04-18 23:00,ord-000059,buy,75858.79,1776553676924,0,0,0,,,,0,cancelled
2026-04-18 23:00,ord-000060,sell,75862.80,1776553676924,0,0,0,,,,0,cancelled
2026-04-18 23:00,ord-000061,buy,75843.71,1776553681924,0,0,0,,,,0,cancelled
2026-04-18 23:00,ord-000062,sell,75847.72,1776553681924,0,0,0,,,,0,cancelled
2026-04-18 23:00,ord-000063,buy,75834.94,1776553686924,0,0,0,,,,0,cancelled
2026-04-18 23:00,ord-000064,sell,75838.95,1776553686924,0,0,0,,,,0,cancelled
2026-04-18 23:00,ord-000065,buy,75838.43,1776553704524,0,0,0,,,,0,cancelled
2026-04-18 23:00,ord-000066,sell,75842.44,1776553704524,0,0,0,,,,0,cancelled
2026-04-18 23:00,ord-000067,buy,75843.71,1776553709524,0,0,0,,,,0,cancelled
2026-04-18 23:00,ord-000068,sell,75847.72,1776553709524,0,0,0,,,,0,cancelled
2026-04-18 23:00,ord-000069,buy,75838.50,1776553724724,0,0,0,,,,0,cancelled
2026-04-18 23:00,ord-000070,sell,75842.51,1776553724724,0,0,0,,,,0,cancelled
2026-04-18 23:00,ord-000071,buy,75843.07,1776553730924,0,0,0,,,,0,cancelled
2026-04-18 23:00,ord-000072,sell,75847.08,1776553730924,0,0,0,,,,0,cancelled
2026-04-18 23:00,ord-000073,buy,75843.70,1776553742024,0,0,0,,,,0,cancelled
2026-04-18 23:00,ord-000074,sell,75847.71,1776553742024,0,0,0,,,,0,cancelled
2026-04-18 23:00,ord-000075,buy,75837.82,1776553760624,0,0,0,,,,0,cancelled
2026-04-18 23:00,ord-000076,sell,75841.83,1776553760624,0,0,0,,,,0,cancelled
2026-04-18 23:00,ord-000077,buy,75834.00,1776553812424,0.00120000,0.00120000,0,,,,0,cancelled
2026-04-18 23:00,ord-000078,sell,75838.01,1776553812424,0,0,0,,,,0,cancelled
2026-04-18 23:00,ord-000079,buy,75829.19,1776553817424,0,0,0,,,,0,cancelled
2026-04-18 23:00,ord-000080,sell,75833.20,1776553817424,0,0,0,,,,0,cancelled
2026-04-18 23:00,ord-000081,buy,75816.06,1776553822424,0,0,0,,,,0,cancelled
2026-04-18 23:00,ord-000082,sell,75820.07,1776553822424,0,0,0,,,,0,cancelled
2026-04-18 23:00,ord-000083,buy,75816.99,1776553835024,0,0,0,,,,0,cancelled
2026-04-18 23:00,ord-000084,sell,75821.00,1776553835024,0,0,0,,,,0,cancelled
2026-04-18 23:00,ord-000085,buy,75822.46,1776553840025,0,0,0,,,,0,cancelled
2026-04-18 23:00,ord-000086,sell,75826.47,1776553840025,0,0,0,,,,0,cancelled
2026-04-18 23:00,ord-000087,buy,75827.30,1776553845124,0,0,0,,,,0,cancelled
2026-04-18 23:00,ord-000088,sell,75831.31,1776553845124,0,0,0,,,,0,cancelled
2026-04-18 23:00,ord-000089,buy,75834.93,1776553850124,0,0,0,,,,0,cancelled
2026-04-18 23:00,ord-000090,sell,75838.94,1776553850124,0,0,0,,,,0,cancelled
2026-04-18 23:00,ord-000091,buy,75827.30,1776553860724,0,0,0,,,,0,cancelled
2026-04-18 23:00,ord-000092,sell,75831.31,1776553860724,0,0,0,,,,0,cancelled
2026-04-18 23:00,ord-000093,buy,75823.23,1776553865725,0,0,0,,,,0,cancelled
2026-04-18 23:00,ord-000094,sell,75827.24,1776553865725,0,0,0,,,,0,cancelled
2026-04-18 23:00,ord-000095,buy,75814.27,1776553877224,0,0,0,,,,0,cancelled
2026-04-18 23:00,ord-000096,sell,75818.28,1776553877224,0,0,0,,,,0,cancelled
2026-04-18 23:00,ord-000097,buy,75820.45,1776553898224,0,0,0,,,,0,cancelled
2026-04-18 23:00,ord-000098,sell,75824.46,1776553898224,0,0,0,,,,0,cancelled
2026-04-18 23:00,ord-000099,buy,75824.39,1776553903224,0,0,0,,,,0,cancelled
2026-04-18 23:00,ord-000100,sell,75828.40,1776553903224,0,0,0,,,,0,cancelled
2026-04-18 23:00,ord-000101,buy,75827.99,1776553924024,0,0,0,,,,0,cancelled
2026-04-18 23:00,ord-000102,sell,75832.00,1776553924024,0.00120000,0.00120000,0,,,,0,cancelled
2026-04-18 23:00,ord-000103,buy,75833.99,1776553976124,0,0,0,,,,0,cancelled
2026-04-18 23:00,ord-000104,sell,75838.00,1776553976124,0.00120000,0,0,,,,0,cancelled
2026-04-18 23:00,ord-000105,buy,75829.20,1776554086624,0,0,0,,,,0,cancelled
2026-04-18 23:00,ord-000106,sell,75833.21,1776554086624,0,0,0,,,,0,cancelled
2026-04-18 23:00,ord-000107,buy,75816.22,1776554091624,0,0,0,,,,0,cancelled
2026-04-18 23:00,ord-000108,sell,75820.23,1776554091624,0,0,0,,,,0,cancelled
2026-04-18 23:00,ord-000109,buy,75816.76,1776554108324,0,0,0,,,,0,cancelled
2026-04-18 23:00,ord-000110,sell,75820.77,1776554108324,0,0,0,,,,0,cancelled
2026-04-18 23:00,ord-000111,buy,75833.99,1776554113324,0,0,0,,,,0,cancelled
2026-04-18 23:00,ord-000112,sell,75838.00,1776554113324,0.00120000,0.00120000,0,,,,0,cancelled
2026-04-18 23:00,ord-000113,buy,75840.61,1776554121324,0,0,0,,,,0,cancelled
2026-04-18 23:00,ord-000114,sell,75844.62,1776554121324,0,0,0,,,,0,cancelled
2026-04-18 23:00,ord-000115,buy,75843.70,1776554134524,0,0,0,,,,0,cancelled
2026-04-18 23:00,ord-000116,sell,75847.71,1776554134524,0,0,0,,,,0,cancelled
2026-04-18 23:00,ord-000117,buy,75845.19,1776554291724,0,0,0,,,,0,cancelled
2026-04-18 23:00,ord-000118,sell,75849.20,1776554291724,0,0,0,,,,0,cancelled
2026-04-18 23:00,ord-000119,buy,75844.53,1776554311524,0,0,0,,,,0,cancelled
2026-04-18 23:00,ord-000120,sell,75848.54,1776554311524,0,0,0,,,,0,cancelled
2026-04-18 23:00,ord-000121,buy,75821.77,1776554316524,0,0,0,,,,0,cancelled
2026-04-18 23:00,ord-000122,sell,75825.78,1776554316524,0,0,0,,,,0,cancelled
2026-04-18 23:00,ord-000123,buy,75815.65,1776554383324,0,0,0,,,,0,cancelled
2026-04-18 23:00,ord-000124,sell,75819.66,1776554383324,0,0,0,,,,0,cancelled
2026-04-18 23:00,ord-000125,buy,75814.27,1776554388324,0,0,0,,,,0,cancelled
2026-04-18 23:00,ord-000126,sell,75818.28,1776554388324,0,0,0,,,,0,cancelled
2026-04-18 23:00,ord-000127,buy,75821.69,1776554495724,0,0,0,,,,0,cancelled
2026-04-18 23:00,ord-000128,sell,75825.70,1776554495724,0,0,0,,,,0,cancelled
2026-04-18 23:00,ord-000129,buy,75821.77,1776554500724,0,0,0,,,,0,cancelled
2026-04-18 23:00,ord-000130,sell,75825.78,1776554500724,0,0,0,,,,0,cancelled
2026-04-18 23:00,ord-000131,buy,75823.50,1776554559224,0,0,0,,,,0,cancelled
2026-04-18 23:00,ord-000132,sell,75827.51,1776554559224,0,0,0,,,,0,cancelled
2026-04-18 23:00,ord-000133,buy,75832.17,1776554564225,0,0,0,,,,0,cancelled
2026-04-18 23:00,ord-000134,sell,75836.18,1776554564225,0,0,0,,,,0,cancelled
2026-04-18 23:00,ord-000135,buy,75828.28,1776554618524,0,0,0,,,,0,cancelled
2026-04-18 23:00,ord-000136,sell,75832.29,1776554618524,0,0,0,,,,0,cancelled
2026-04-18 23:00,ord-000137,buy,75824.32,1776554623524,0.00008000,0,0,,,,0,cancelled
2026-04-18 23:00,ord-000138,sell,75828.33,1776554623524,0,0,0,,,,0,cancelled
2026-04-18 23:00,ord-000139,buy,75828.97,1776554651324,0,0,0,,,,0,cancelled
2026-04-18 23:00,ord-000140,sell,75832.98,1776554651324,0,0,0,,,,0,cancelled
2026-04-18 23:00,ord-000141,buy,75831.49,1776554662524,0,0,0,,,,0,cancelled
2026-04-18 23:00,ord-000142,sell,75835.50,1776554662524,0,0,0,,,,0,cancelled
2026-04-18 23:00,ord-000143,buy,75839.34,1776554667524,0,0,0,,,,0,cancelled
2026-04-18 23:00,ord-000144,sell,75843.35,1776554667524,0,0,0,,,,0,cancelled
2026-04-18 23:00,ord-000145,buy,75840.53,1776554695324,0,0,0,,,,0,cancelled
2026-04-18 23:00,ord-000146,sell,75844.54,1776554695324,0,0,0,,,,0,cancelled
2026-04-18 23:00,ord-000147,buy,75807.83,1776554712156,0,0,0,,,,0,cancelled
2026-04-18 23:00,ord-000148,sell,75811.84,1776554712156,0,0,0,,,,0,cancelled
2026-04-18 23:00,ord-000149,buy,75815.99,1776554717224,0.00879000,0,0,,,,0,cancelled
2026-04-18 23:00,ord-000150,sell,75820.00,1776554717224,0.00080000,0.00080000,0,1776554727416,0.00080000,0.00000000,0.00040000,cancelled
2026-04-18 23:00,ord-000151,buy,75817.65,1776554727424,0,0,0,,,,0,cancelled
2026-04-18 23:00,ord-000152,sell,75821.66,1776554727424,0,0,0,,,,0,cancelled
2026-04-18 23:00,ord-000153,buy,75823.00,1776554732424,0,0,0,,,,0,cancelled
2026-04-18 23:00,ord-000154,sell,75827.01,1776554732424,0,0,0,,,,0,cancelled
2026-04-18 23:00,ord-000155,buy,75827.10,1776554761024,0.00300000,0,0,,,,0,cancelled
2026-04-18 23:00,ord-000156,sell,75831.11,1776554761024,0,0,0,,,,0,cancelled
2026-04-18 23:00,ord-000157,buy,75827.99,1776554766024,0.00007000,0,0,,,,0,cancelled
2026-04-18 23:00,ord-000158,sell,75832.00,1776554766024,0.00120000,0.00120000,0,,,,0,cancelled
2026-04-18 23:00,ord-000159,buy,75829.89,1776554910624,0,0,0,,,,0,cancelled
2026-04-18 23:00,ord-000160,sell,75833.90,1776554910624,0,0,0,,,,0,cancelled
2026-04-18 23:00,ord-000161,buy,75830.84,1776554915624,0,0,0,,,,0,cancelled
2026-04-18 23:00,ord-000162,sell,75834.85,1776554915624,0,0,0,,,,0,cancelled
2026-04-18 23:00,ord-000163,buy,75830.79,1776554972624,0,0,0,,,,0,cancelled
2026-04-18 23:00,ord-000164,sell,75834.80,1776554972624,0,0,0,,,,0,cancelled
2026-04-18 23:00,ord-000165,buy,75825.40,1776554977624,0,0,0,,,,0,cancelled
2026-04-18 23:00,ord-000166,sell,75829.41,1776554977624,0,0,0,,,,0,cancelled
2026-04-18 23:00,ord-000167,buy,75822.17,1776554996324,0,0,0,,,,0,cancelled
2026-04-18 23:00,ord-000168,sell,75826.18,1776554996324,0,0,0,,,,0,cancelled
2026-04-18 23:00,ord-000169,buy,75811.28,1776555001324,0,0,0,,,,0,cancelled
2026-04-18 23:00,ord-000170,sell,75815.29,1776555001324,0,0,0,,,,0,cancelled
2026-04-18 23:00,ord-000171,buy,75808.26,1776555037324,0,0,0,,,,0,cancelled
2026-04-18 23:00,ord-000172,sell,75812.27,1776555037324,0,0,0,,,,0,cancelled
2026-04-18 23:00,ord-000173,buy,75790.90,1776555042324,0,0,0,,,,0,cancelled
2026-04-18 23:00,ord-000174,sell,75794.91,1776555042324,0,0,0,,,,0,cancelled
2026-04-18 23:00,ord-000175,buy,75790.08,1776555059224,0,0,0,,,,0,cancelled
2026-04-18 23:00,ord-000176,sell,75794.09,1776555059224,0,0,0,,,,0,cancelled
2026-04-18 23:00,ord-000177,buy,75789.26,1776555064224,0,0,0,,,,0,cancelled
2026-04-18 23:00,ord-000178,sell,75793.27,1776555064224,0,0,0,,,,0,cancelled
2026-04-18 23:00,ord-000179,buy,75783.53,1776555070124,0,0,0,,,,0,cancelled
2026-04-18 23:00,ord-000180,sell,75787.54,1776555070124,0,0,0,,,,0,cancelled
2026-04-18 23:00,ord-000181,buy,75778.50,1776555075124,0,0,0,,,,0,cancelled
2026-04-18 23:00,ord-000182,sell,75782.51,1776555075124,0.46180000,0,0,,,,0,cancelled
2026-04-18 23:00,ord-000183,buy,75776.68,1776555080124,0,0,0,,,,0,cancelled
2026-04-18 23:00,ord-000184,sell,75780.69,1776555080124,0,0,0,,,,0,cancelled
2026-04-18 23:00,ord-000185,buy,75771.74,1776555085125,0,0,0,,,,0,cancelled
2026-04-18 23:00,ord-000186,sell,75775.75,1776555085125,0.00007000,0.00007000,0,,,,0,cancelled
2026-04-18 23:00,ord-000187,buy,75778.20,1776555095624,0,0,0,,,,0,cancelled
2026-04-18 23:00,ord-000188,sell,75782.21,1776555095624,0,0,0,,,,0,cancelled
2026-04-18 23:00,ord-000189,buy,75770.63,1776555104824,0,0,0,,,,0,cancelled
2026-04-18 23:00,ord-000190,sell,75774.64,1776555104824,0,0,0,,,,0,cancelled
2026-04-18 23:00,ord-000191,buy,75770.64,1776555121924,0,0,0,,,,0,cancelled
2026-04-18 23:00,ord-000192,sell,75774.65,1776555121924,0,0,0,,,,0,cancelled
2026-04-18 23:00,ord-000193,buy,75765.12,1776555198924,0,0,0,,,,0,cancelled
2026-04-18 23:00,ord-000194,sell,75769.13,1776555198924,0,0,0,,,,0,cancelled
2026-04-18 23:00,ord-000195,buy,75755.73,1776555203924,0,0,0,,,,0,cancelled
2026-04-18 23:00,ord-000196,sell,75759.74,1776555203924,0,0,0,,,,0,cancelled
2026-04-18 23:00,ord-000197,buy,75754.61,1776555212624,0,0,0,,,,0,cancelled
2026-04-18 23:00,ord-000198,sell,75758.62,1776555212624,1.34548000,0,0,,,,0,cancelled
2026-04-18 23:00,ord-000199,buy,75750.20,1776555217624,0,0,0,,,,0,cancelled
2026-04-18 23:00,ord-000200,sell,75754.21,1776555217624,0,0,0,,,,0,cancelled
2026-04-18 23:00,ord-000201,buy,75743.10,1776555222624,0,0,0,,,,0,cancelled
2026-04-18 23:00,ord-000202,sell,75747.11,1776555222624,0,0,0,,,,0,cancelled
2026-04-18 23:00,ord-000203,buy,75750.04,1776555240924,0,0,0,,,,0,cancelled
2026-04-18 23:00,ord-000204,sell,75754.05,1776555240924,0,0,0,,,,0,cancelled
2026-04-18 23:00,ord-000205,buy,75755.99,1776555245924,0,0,0,,,,0,cancelled
2026-04-18 23:00,ord-000206,sell,75760.00,1776555245924,0.00120000,0.00120000,0,1776555247240,0.00120000,0.00000000,0.00077000,cancelled
2026-04-18 23:00,ord-000207,buy,75760.89,1776555250924,0,0,0,,,,0,cancelled
2026-04-18 23:00,ord-000208,sell,75764.90,1776555250924,0,0,0,,,,0,cancelled
2026-04-18 23:00,ord-000209,buy,75765.83,1776555255924,0,0,0,,,,0,cancelled
2026-04-18 23:00,ord-000210,sell,75769.84,1776555255924,0,0,0,,,,0,cancelled
2026-04-18 23:00,ord-000211,buy,75752.67,1776555335724,0.00007000,0.00007000,0,1776555335810,0.00007000,0.00000000,0.00007000,cancelled
2026-04-18 23:00,ord-000212,sell,75756.68,1776555335724,0,0,0,,,,0,cancelled
2026-04-18 23:00,ord-000213,buy,75727.05,1776555340724,0,0,0,,,,0,cancelled
2026-04-18 23:00,ord-000214,sell,75731.06,1776555340724,0,0,0,,,,0,cancelled
2026-04-18 23:00,ord-000215,buy,75728.94,1776555345724,0,0,0,,,,0,cancelled
2026-04-18 23:00,ord-000216,sell,75732.95,1776555345724,0,0,0,,,,0,cancelled
2026-04-18 23:00,ord-000217,buy,75720.41,1776555397725,0.00007000,0,0,,,,0,cancelled
2026-04-18 23:00,ord-000218,sell,75724.42,1776555397725,0,0,0,,,,0,cancelled
2026-04-18 23:00,ord-000219,buy,75727.06,1776555402824,0,0,0,,,,0,cancelled
2026-04-18 23:00,ord-000220,sell,75731.07,1776555402824,0,0,0,,,,0,cancelled
2026-04-18 23:00,ord-000221,buy,75730.92,1776555407824,0,0,0,,,,0,cancelled
2026-04-18 23:00,ord-000222,sell,75734.93,1776555407824,0,0,0,,,,0,cancelled
2026-04-18 23:00,ord-000223,buy,75742.02,1776555412824,0,0,0,,,,0,cancelled
2026-04-18 23:00,ord-000224,sell,75746.03,1776555412824,0,0,0,,,,0,cancelled
2026-04-18 23:00,ord-000225,buy,75743.11,1776555417824,0,0,0,,,,0,cancelled
2026-04-18 23:00,ord-000226,sell,75747.12,1776555417824,0,0,0,,,,0,cancelled
2026-04-18 23:00,ord-000227,buy,75737.18,1776555460924,0,0,0,,,,0,cancelled
2026-04-18 23:00,ord-000228,sell,75741.19,1776555460924,0,0,0,,,,0,cancelled
2026-04-18 23:00,ord-000229,buy,75734.94,1776555491924,0,0,0,,,,0,cancelled
2026-04-18 23:00,ord-000230,sell,75738.95,1776555491924,0,0,0,,,,0,cancelled
2026-04-18 23:00,ord-000231,buy,75734.00,1776555508024,0.00120000,0,0,,,,0,cancelled
2026-04-18 23:00,ord-000232,sell,75738.01,1776555508024,0,0,0,,,,0,cancelled
2026-04-18 23:00,ord-000233,buy,75732.98,1776555513224,0.00014000,0.00014000,0,1776555515146,0.00014000,0.00000000,0.00007000,cancelled
2026-04-18 23:00,ord-000234,sell,75736.99,1776555513224,0,0,0,,,,0,cancelled
2026-04-18 23:00,ord-000235,buy,75730.97,1776555518224,0,0,0,,,,0,cancelled
2026-04-18 23:00,ord-000236,sell,75734.98,1776555518224,0,0,0,,,,0,cancelled
2026-04-18 23:00,ord-000237,buy,75728.94,1776555523224,0,0,0,,,,0,cancelled
2026-04-18 23:00,ord-000238,sell,75732.95,1776555523224,1.34562000,0,0,,,,0,cancelled
2026-04-18 23:00,ord-000239,buy,75720.56,1776555528224,0,0,0,,,,0,cancelled
2026-04-18 23:00,ord-000240,sell,75724.57,1776555528224,0,0,0,,,,0,cancelled
2026-04-18 23:00,ord-000241,buy,75720.35,1776555545824,0,0,0,,,,0,cancelled
2026-04-18 23:00,ord-000242,sell,75724.36,1776555545824,0,0,0,,,,0,cancelled
2026-04-18 23:00,ord-000243,buy,75715.32,1776555550824,0,0,0,1776555557586,0,0,0.00028000,cancelled
2026-04-18 23:00,ord-000244,sell,75719.33,1776555550824,0,0,0,,,,0,cancelled
2026-04-18 23:00,ord-000245,buy,75712.87,1776555557624,0,0,0,,,,0,cancelled
2026-04-18 23:00,ord-000246,sell,75716.88,1776555557624,0,0,0,,,,0,cancelled
2026-04-18 23:00,ord-000247,buy,75706.19,1776555562624,0,0,0,,,,0,cancelled
2026-04-18 23:00,ord-000248,sell,75710.20,1776555562624,0,0,0,,,,0,cancelled
2026-04-18 23:00,ord-000249,buy,75700.30,1776555567624,0,0,0,,,,0,cancelled
2026-04-18 23:00,ord-000250,sell,75704.31,1776555567624,0,0,0,,,,0,cancelled
2026-04-18 23:00,ord-000251,buy,75696.70,1776555572624,0,0,0,,,,0,cancelled
2026-04-18 23:00,ord-000252,sell,75700.71,1776555572624,0,0,0,,,,0,cancelled
2026-04-18 23:00,ord-000253,buy,75697.68,1776555600624,0,0,0,,,,0,cancelled
2026-04-18 23:00,ord-000254,sell,75701.69,1776555600624,0,0,0,,,,0,cancelled
2026-04-18 23:00,ord-000255,buy,75704.88,1776555605625,0,0,0,,,,0,cancelled
2026-04-18 23:00,ord-000256,sell,75708.89,1776555605625,0,0,0,,,,0,cancelled
2026-04-18 23:00,ord-000257,buy,75703.77,1776555610724,0,0,0,,,,0,cancelled
2026-04-18 23:00,ord-000258,sell,75707.78,1776555610724,0,0,0,,,,0,cancelled
2026-04-18 23:00,ord-000259,buy,75727.48,1776555619944,0,0,0,,,,0,cancelled
2026-04-18 23:00,ord-000260,sell,75731.49,1776555619944,0,0,0,,,,0,cancelled
2026-04-18 23:00,ord-000261,buy,75727.54,1776555625024,0,0,0,,,,0,cancelled
2026-04-18 23:00,ord-000262,sell,75731.55,1776555625024,0,0,0,,,,0,cancelled
2026-04-18 23:00,ord-000263,buy,75727.53,1776555641724,0,0,0,,,,0,cancelled
2026-04-18 23:00,ord-000264,sell,75731.54,1776555641724,0,0,0,,,,0,cancelled
2026-04-18 23:00,ord-000265,buy,75749.07,1776555646724,0,0,0,,,,0,cancelled
2026-04-18 23:00,ord-000266,sell,75753.08,1776555646724,0,0,0,,,,0,cancelled
2026-04-18 23:00,ord-000267,buy,75759.55,1776555651724,0,0,0,,,,0,cancelled
2026-04-18 23:00,ord-000268,sell,75763.56,1776555651724,0,0,0,,,,0,cancelled
2026-04-18 23:00,ord-000269,buy,75753.68,1776555722724,0,0,0,,,,0,cancelled
2026-04-18 23:00,ord-000270,sell,75757.69,1776555722724,0,0,0,,,,0,cancelled
2026-04-18 23:00,ord-000271,buy,75752.00,1776555727724,0.00120000,0,0,,,,0,cancelled
2026-04-18 23:00,ord-000272,sell,75756.01,1776555727724,0,0,0,,,,0,cancelled
2026-04-18 23:00,ord-000273,buy,75751.99,1776555738724,0,0,0,,,,0,cancelled
2026-04-18 23:00,ord-000274,sell,75756.00,1776555738724,0,0,0,,,,0,cancelled
2026-04-18 23:00,ord-000275,buy,75751.97,1776555764124,0.00220000,0,0,,,,0,cancelled
2026-04-18 23:00,ord-000276,sell,75755.98,1776555764124,0,0,0,,,,0,cancelled
2026-04-18 23:00,ord-000277,buy,75751.08,1776555769124,0,0,0,,,,0,cancelled
2026-04-18 23:00,ord-000278,sell,75755.09,1776555769124,0,0,0,,,,0,cancelled
2026-04-18 23:00,ord-000279,buy,75754.29,1776555786524,0,0,0,,,,0,cancelled
2026-04-18 23:00,ord-000280,sell,75758.30,1776555786524,0,0,0,,,,0,cancelled
2026-04-18 23:00,ord-000281,buy,75759.55,1776555791524,0,0,0,,,,0,cancelled
2026-04-18 23:00,ord-000282,sell,75763.56,1776555791524,0,0,0,,,,0,cancelled
2026-04-18 23:00,ord-000283,buy,75761.61,1776555866224,0,0,0,,,,0,cancelled
2026-04-18 23:00,ord-000284,sell,75765.62,1776555866224,0,0,0,,,,0,cancelled
2026-04-18 23:00,ord-000285,buy,75760.26,1776555895224,0,0,0,,,,0,cancelled
2026-04-18 23:00,ord-000286,sell,75764.27,1776555895224,0,0,0,,,,0,cancelled
2026-04-18 23:00,ord-000287,buy,75751.35,1776555900224,0,0,0,,,,0,cancelled
2026-04-18 23:00,ord-000288,sell,75755.36,1776555900224,0,0,0,,,,0,cancelled
2026-04-18 23:00,ord-000289,buy,75750.00,1776555930124,0.10207000,0.00381000,0,,,,0,cancelled
2026-04-18 23:00,ord-000290,sell,75754.01,1776555930124,0.00007000,0,0,,,,0,cancelled
2026-04-18 23:00,ord-000291,buy,75748.00,1776555935124,0.00168000,0.00168000,0,,,,0,cancelled
2026-04-18 23:00,ord-000292,sell,75752.01,1776555935124,0.14950000,0,0,,,,0,cancelled
2026-04-18 23:00,ord-000293,buy,75740.31,1776555940124,0,0,0,,,,0,cancelled
2026-04-18 23:00,ord-000294,sell,75744.32,1776555940124,0,0,0,,,,0,cancelled
2026-04-18 23:00,ord-000295,buy,75745.05,1776555990124,0,0,0,,,,0,cancelled
2026-04-18 23:00,ord-000296,sell,75749.06,1776555990124,0,0,0,,,,0,cancelled
2026-04-18 23:00,ord-000297,buy,75747.89,1776556041924,0,0,0,,,,0,cancelled
2026-04-18 23:00,ord-000298,sell,75751.90,1776556041924,0,0,0,,,,0,cancelled
2026-04-18 23:00,ord-000299,buy,75752.53,1776556101824,0,0,0,,,,0,cancelled
2026-04-18 23:00,ord-000300,sell,75756.54,1776556101824,0,0,0,,,,0,cancelled
2026-04-18 23:00,ord-000301,buy,75761.40,1776556106824,0,0,0,,,,0,cancelled
2026-04-18 23:00,ord-000302,sell,75765.41,1776556106824,0,0,0,,,,0,cancelled
2026-04-18 23:00,ord-000303,buy,75758.71,1776556202324,0,0,0,,,,0,cancelled
2026-04-18 23:00,ord-000304,sell,75762.72,1776556202324,0,0,0,,,,0,cancelled
2026-04-18 23:00,ord-000305,buy,75748.00,1776556207324,0.00120000,0.00120000,0,,,,0,cancelled
2026-04-18 23:00,ord-000306,sell,75752.01,1776556207324,0.83774000,0,0,,,,0,cancelled
2026-04-18 23:00,ord-000307,buy,75745.95,1776556235724,0,0,0,,,,0,cancelled
2026-04-18 23:00,ord-000308,sell,75749.96,1776556235724,0,0,0,,,,0,cancelled
2026-04-18 23:00,ord-000309,buy,75739.04,1776556276224,0,0,0,,,,0,cancelled
2026-04-18 23:00,ord-000310,sell,75743.05,1776556276224,0,0,0,,,,0,cancelled
2026-04-18 23:00,ord-000311,buy,75738.00,1776556281224,0.00120000,0,0,,,,0,cancelled
2026-04-18 23:00,ord-000312,sell,75742.01,1776556281224,0,0,0,,,,0,cancelled
2026-04-18 23:00,ord-000313,buy,75736.81,1776556301024,0,0,0,,,,0,cancelled
2026-04-18 23:00,ord-000314,sell,75740.82,1776556301024,0,0,0,,,,0,cancelled
2026-04-18 23:00,ord-000315,buy,75735.61,1776556320624,0,0,0,,,,0,cancelled
2026-04-18 23:00,ord-000316,sell,75739.62,1776556320624,0,0,0,,,,0,cancelled
2026-04-18 23:00,ord-000317,buy,75731.33,1776556325624,0,0,0,,,,0,cancelled
2026-04-18 23:00,ord-000318,sell,75735.34,1776556325624,0,0,0,,,,0,cancelled
2026-04-18 23:00,ord-000319,buy,75729.82,1776556350824,0,0,0,,,,0,cancelled
2026-04-18 23:00,ord-000320,sell,75733.83,1776556350824,0,0,0,,,,0,cancelled
2026-04-18 23:00,ord-000321,buy,75723.49,1776556355824,0,0,0,,,,0,cancelled
2026-04-18 23:00,ord-000322,sell,75727.50,1776556355824,0,0,0,,,,0,cancelled
2026-04-18 23:00,ord-000323,buy,75721.30,1776556360824,0,0,0,,,,0,cancelled
2026-04-18 23:00,ord-000324,sell,75725.31,1776556360824,0,0,0,,,,0,cancelled
2026-04-18 23:00,ord-000325,buy,75720.41,1776556377425,0.00007000,0.00007000,0,,,,0,cancelled
2026-04-18 23:00,ord-000326,sell,75724.42,1776556377425,0,0,0,,,,0,cancelled
2026-04-18 23:00,ord-000327,buy,75710.16,1776556382524,0,0,0,,,,0,cancelled
2026-04-18 23:00,ord-000328,sell,75714.17,1776556382524,0,0,0,,,,0,cancelled
2026-04-18 23:00,ord-000329,buy,75715.76,1776556449224,0,0,0,,,,0,cancelled
2026-04-18 23:00,ord-000330,sell,75719.77,1776556449224,0,0,0,,,,0,cancelled
2026-04-18 23:00,ord-000331,buy,75716.98,1776556454224,0,0,0,,,,0,cancelled
2026-04-18 23:00,ord-000332,sell,75720.99,1776556454224,0,0,0,,,,0,cancelled
2026-04-18 23:00,ord-000333,buy,75712.23,1776556468724,0,0,0,,,,0,cancelled
2026-04-18 23:00,ord-000334,sell,75716.24,1776556468724,0,0,0,,,,0,cancelled
2026-04-18 23:00,ord-000335,buy,75703.76,1776556473724,0,0,0,,,,0,cancelled
2026-04-18 23:00,ord-000336,sell,75707.77,1776556473724,0,0,0,,,,0,cancelled
2026-04-18 23:00,ord-000337,buy,75705.81,1776556495124,0,0,0,,,,0,cancelled
2026-04-18 23:00,ord-000338,sell,75709.82,1776556495124,0,0,0,,,,0,cancelled
2026-04-18 23:00,ord-000339,buy,75703.93,1776556544624,0,0,0,,,,0,cancelled
2026-04-18 23:00,ord-000340,sell,75707.94,1776556544624,0,0,0,,,,0,cancelled
2026-04-18 23:00,ord-000341,buy,75698.00,1776556565024,0.00120000,0,0,,,,0,cancelled
2026-04-18 23:00,ord-000342,sell,75702.01,1776556565024,0,0,0,,,,0,cancelled
2026-04-18 23:00,ord-000343,buy,75702.97,1776556575524,0,0,0,,,,0,cancelled
2026-04-18 23:00,ord-000344,sell,75706.98,1776556575524,0,0,0,,,,0,cancelled
2026-04-18 23:00,ord-000345,buy,75705.81,1776556584424,0,0,0,,,,0,cancelled
2026-04-18 23:00,ord-000346,sell,75709.82,1776556584424,0,0,0,,,,0,cancelled
2026-04-18 23:00,ord-000347,buy,75705.99,1776556589424,0,0,0,,,,0,cancelled
2026-04-18 23:00,ord-000348,sell,75710.00,1776556589424,0.00120000,0.00120000,0,,,,0,cancelled
2026-04-18 23:00,ord-000349,buy,75711.35,1776556594424,0,0,0,,,,0,cancelled
2026-04-18 23:00,ord-000350,sell,75715.36,1776556594424,0,0,0,,,,0,cancelled
2026-04-18 23:00,ord-000351,buy,75712.53,1776556670124,0,0,0,,,,0,cancelled
2026-04-18 23:00,ord-000352,sell,75716.54,1776556670124,0,0,0,,,,0,cancelled
2026-04-18 23:00,ord-000353,buy,75706.01,1776556683824,0,0,0,,,,0,cancelled
2026-04-18 23:00,ord-000354,sell,75710.02,1776556683824,0,0,0,,,,0,cancelled
2026-04-18 23:00,ord-000355,buy,75700.46,1776556713724,0,0,0,,,,0,cancelled
2026-04-18 23:00,ord-000356,sell,75704.47,1776556713724,0,0,0,,,,0,cancelled
2026-04-18 23:00,ord-000357,buy,75700.45,1776556779124,0,0,0,,,,0,cancelled
2026-04-18 23:00,ord-000358,sell,75704.46,1776556779124,0,0,0,,,,0,cancelled
2026-04-18 23:00,ord-000359,buy,75686.34,1776556794924,0,0,0,,,,0,expired
2026-04-18 23:00,ord-000360,sell,75690.35,1776556794924,0,0,0,,,,0,expired
2026-04-18 23:00,ord-000361,buy,75689.75,,,0,0,,,,0,expired
2026-04-18 23:00,ord-000362,sell,75693.76,,,0,0,,,,0,expired
