source,run_dir,window,session,row_id,open_fill_id,close_fill_id,open_side,close_side,open_time_ms,close_time_ms,primary_timestamp_ms,hold_time_ms,quantity,net_pnl,realized_pnl,total_fees,inventory_pnl,net_pnl_per_btc,primary_nearest_boundary,primary_nearest_boundary_hhmm_utc,primary_boundary_signed_delta_ms,primary_boundary_abs_delta_ms,primary_within_30m_boundary,open_nearest_boundary,open_nearest_boundary_hhmm_utc,open_boundary_signed_delta_ms,open_boundary_abs_delta_ms,open_within_30m_boundary,close_nearest_boundary,close_nearest_boundary_hhmm_utc,close_boundary_signed_delta_ms,close_boundary_abs_delta_ms,close_within_30m_boundary,pooled_tail_rank,is_pooled_tail_1pct,is_pooled_tail_5pct,is_pooled_tail_10pct,window_tail_rank,is_window_tail_1pct,is_window_tail_5pct,is_window_tail_10pct
matched_lot,btcusdt_microprice_20260412_09_5h_5sessions_hs2.00_rq5000,2026-04-12 09:00,2026-04-12 09:00,btcusdt_microprice_20260412_09_5h_5sessions_hs2.00_rq5000:2026-04-12 09:00:fill-000001:fill-000002:1,fill-000001,fill-000002,buy,sell,1775984603985,1775984610029,1775984610029,6044,0.00007000000000000000000000000000,-0.001862616140000000000000000000,0.0001407000000000000000000000000,0.002003316140000000000000000000,-0.0001400000000000000000000000000,-26.608802,London,07:00,7410029,7410029,False,London,07:00,7403985,7403985,False,London,07:00,7410029,7410029,False,771,False,False,False,24,False,False,False
matched_lot,btcusdt_microprice_20260412_09_5h_5sessions_hs2.00_rq5000,2026-04-12 09:00,2026-04-12 09:00,btcusdt_microprice_20260412_09_5h_5sessions_hs2.00_rq5000:2026-04-12 09:00:fill-000001:fill-000004:2,fill-000001,fill-000004,buy,sell,1775984603985,1775985743345,1775985743345,1139360,0.0009300000000000000000000000000,0.03475261200000000000000000000,0.06138000000000000000000000000,0.02662738800000000000000000000,0.05951070000000000000000000000,37.3684,London,07:00,8543345,8543345,False,London,07:00,7403985,7403985,False,London,07:00,8543345,8543345,False,1067,False,False,False,36,False,False,False
matched_lot,btcusdt_microprice_20260412_09_5h_5sessions_hs2.00_rq5000,2026-04-12 09:00,2026-04-12 09:00,btcusdt_microprice_20260412_09_5h_5sessions_hs2.00_rq5000:2026-04-12 09:00:fill-000003:fill-000004:3,fill-000003,fill-000004,buy,sell,1775985097080,1775985743345,1775985743345,646265,0.0000505882352941176470588235293,0.000372450823529411764705882352,0.001821176470588235294117647055,0.001448725647058823529411764703,0.001719494117647058823529411761,7.362399999999999999999999998,London,07:00,8543345,8543345,False,London,07:00,7897080,7897080,False,London,07:00,8543345,8543345,False,933,False,False,False,31,False,False,False
matched_lot,btcusdt_microprice_20260412_09_5h_5sessions_hs2.00_rq5000,2026-04-12 09:00,2026-04-12 09:00,btcusdt_microprice_20260412_09_5h_5sessions_hs2.00_rq5000:2026-04-12 09:00:fill-000003:fill-000007:4,fill-000003,fill-000007,buy,sell,1775985097080,1775987367312,1775987367312,2270232,0.0000394117647058823529411764707,-0.003177376470588235294117647067,-0.002049411764705882352941176476,0.001127964705882352941176470591,-0.002207452941176470588235294124,-80.61999999999999999999999998,London,07:00,10167312,10167312,False,London,07:00,7897080,7897080,False,London,07:00,10167312,10167312,False,484,False,False,False,13,False,False,False
matched_lot,btcusdt_microprice_20260412_09_5h_5sessions_hs2.00_rq5000,2026-04-12 09:00,2026-04-12 09:00,btcusdt_microprice_20260412_09_5h_5sessions_hs2.00_rq5000:2026-04-12 09:00:fill-000005:fill-000007:5,fill-000005,fill-000007,buy,sell,1775986621009,1775987367312,1775987367312,746303,0.0001005882352941176470588235293,-0.01153010752941176470588235293,-0.008650588235294117647058823520,0.002879519294117647058823529409,-0.009053947058823529411764705872,-114.6268000000000000000000000,London,07:00,10167312,10167312,False,London,07:00,9421009,9421009,False,London,07:00,10167312,10167312,False,372,False,False,False,9,False,False,False
matched_lot,btcusdt_microprice_20260412_09_5h_5sessions_hs2.00_rq5000,2026-04-12 09:00,2026-04-12 09:00,btcusdt_microprice_20260412_09_5h_5sessions_hs2.00_rq5000:2026-04-12 09:00:fill-000005:fill-000008:6,fill-000005,fill-000008,buy,sell,1775986621009,1775987367322,1775987367322,746313,0.00086000,-0.09857904799999999999999999999,-0.0739600000000000,0.02461904799999999999999999999,-0.0756886000000000,-114.6268000000000000000000000,London,07:00,10167322,10167322,False,London,07:00,9421009,9421009,False,London,07:00,10167322,10167322,False,373,False,False,False,10,False,False,False
matched_lot,btcusdt_microprice_20260412_09_5h_5sessions_hs2.00_rq5000,2026-04-12 09:00,2026-04-12 10:00,btcusdt_microprice_20260412_09_5h_5sessions_hs2.00_rq5000:2026-04-12 10:00:fill-000001:fill-000003:7,fill-000001,fill-000003,sell,buy,1775988308456,1775989512531,1775989512531,1204075,0.00008000,-0.01034434128000000000,-0.0080536000000000,0.00229074128000000000,-0.0083744000000000,-129.304266000000,US cash open,13:30,-11087469,11087469,False,London,07:00,11108456,11108456,False,US cash open,13:30,-11087469,11087469,False,330,False,False,False,8,False,False,False
matched_lot,btcusdt_microprice_20260412_09_5h_5sessions_hs2.00_rq5000,2026-04-12 09:00,2026-04-12 10:00,btcusdt_microprice_20260412_09_5h_5sessions_hs2.00_rq5000:2026-04-12 10:00:fill-000002:fill-000003:8,fill-000002,fill-000003,sell,buy,1775988503625,1775989512531,1775989512531,1008906,0.00006000,-0.003758856000000000000000000000,-0.0020400000000000,0.001718856000000000000000000000,-0.0022122000000000,-62.6476000000000000000000,US cash open,13:30,-11087469,11087469,False,London,07:00,11303625,11303625,False,US cash open,13:30,-11087469,11087469,False,583,False,False,False,17,False,False,False
matched_lot,btcusdt_microprice_20260412_09_5h_5sessions_hs2.00_rq5000,2026-04-12 09:00,2026-04-12 10:00,btcusdt_microprice_20260412_09_5h_5sessions_hs2.00_rq5000:2026-04-12 10:00:fill-000002:fill-000004:9,fill-000002,fill-000004,sell,buy,1775988503625,1775989583315,1775989583315,1079690,0.000010000000000000000000000004,-0.0006263759800000000000000002505,-0.0003399000000000000000000001360,0.0002864759800000000000000001145,-0.0003487000000000000000000001396,-62.63759799999999999999999999,US cash open,13:30,-11016685,11016685,False,London,07:00,11303625,11303625,False,US cash open,13:30,-11016685,11016685,False,584,False,False,False,18,False,False,False
matched_lot,btcusdt_microprice_20260412_09_5h_5sessions_hs2.00_rq5000,2026-04-12 09:00,2026-04-12 10:00,btcusdt_microprice_20260412_09_5h_5sessions_hs2.00_rq5000:2026-04-12 10:00:fill-000004:fill-000007:10,fill-000004,fill-000007,buy,sell,1775989583315,1775990254260,1775990254260,670945,0.000469999999999999999999999996,-0.04967852247999999999999999957,-0.03621819999999999999999999969,0.01346032247999999999999999988,-0.03716759999999999999999999968,-105.6989840000000000000000000,US cash open,13:30,-10345740,10345740,False,US cash open,13:30,-11016685,11016685,False,US cash open,13:30,-10345740,10345740,False,394,False,False,False,11,False,False,False
matched_lot,btcusdt_microprice_20260412_09_5h_5sessions_hs2.00_rq5000,2026-04-12 09:00,2026-04-12 10:00,btcusdt_microprice_20260412_09_5h_5sessions_hs2.00_rq5000:2026-04-12 10:00:fill-000005:fill-000007:11,fill-000005,fill-000007,buy,sell,1775989675573,1775990254260,1775990254260,578687,0.00008000,-0.00709644688000000000,-0.0048056000000000,0.00229084688000000000,-0.0051264000000000,-88.705586000000,US cash open,13:30,-10345740,10345740,False,US cash open,13:30,-10924427,10924427,False,US cash open,13:30,-10345740,10345740,False,451,False,False,False,12,False,False,False
matched_lot,btcusdt_microprice_20260412_09_5h_5sessions_hs2.00_rq5000,2026-04-12 09:00,2026-04-12 10:00,btcusdt_microprice_20260412_09_5h_5sessions_hs2.00_rq5000:2026-04-12 10:00:fill-000006:fill-000007:12,fill-000006,fill-000007,buy,sell,1775989803625,1775990254260,1775990254260,450635,0.000010000000000000000000000004,-0.0007045193600000000000000002817,-0.0004182000000000000000000001673,0.0002863193600000000000000001144,-0.0004583000000000000000000001833,-70.45193599999999999999999999,US cash open,13:30,-10345740,10345740,False,US cash open,13:30,-10796375,10796375,False,US cash open,13:30,-10345740,10345740,False,535,False,False,False,15,False,False,False
matched_lot,btcusdt_microprice_20260412_09_5h_5sessions_hs2.00_rq5000,2026-04-12 09:00,2026-04-12 10:00,btcusdt_microprice_20260412_09_5h_5sessions_hs2.00_rq5000:2026-04-12 10:00:fill-000006:fill-000011:13,fill-000006,fill-000011,buy,sell,1775989803625,1775991237645,1775991237645,1434020,0.000069999999999999999999999996,-0.01591383863999999999999999910,-0.01391179999999999999999999921,0.002002038639999999999999999886,-0.01419249999999999999999999919,-227.3405520000000000000000001,US cash open,13:30,-9362355,9362355,False,US cash open,13:30,-10796375,10796375,False,US cash open,13:30,-9362355,9362355,False,141,False,False,True,1,True,True,True
matched_lot,btcusdt_microprice_20260412_09_5h_5sessions_hs2.00_rq5000,2026-04-12 09:00,2026-04-12 10:00,btcusdt_microprice_20260412_09_5h_5sessions_hs2.00_rq5000:2026-04-12 10:00:fill-000008:fill-000011:14,fill-000008,fill-000011,buy,sell,1775990324415,1775991237645,1775991237645,913230,0.000930000000000000000000000004,-0.1604990298600000000000000007,-0.1339107000000000000000000006,0.02658832986000000000000000012,-0.1357800000000000000000000006,-172.5796020000000000000000000,US cash open,13:30,-9362355,9362355,False,US cash open,13:30,-10275585,10275585,False,US cash open,13:30,-9362355,9362355,False,209,False,False,False,2,False,True,True
matched_lot,btcusdt_microprice_20260412_09_5h_5sessions_hs2.00_rq5000,2026-04-12 09:00,2026-04-12 11:00,btcusdt_microprice_20260412_09_5h_5sessions_hs2.00_rq5000:2026-04-12 11:00:fill-000001:fill-000002:15,fill-000001,fill-000002,buy,sell,1775991684017,1775991707657,1775991707657,23640,0.00028000,-0.01191713600000000000,-0.0039144000000000,0.00800273600000000000,-0.0046312000000000,-42.561200000000,US cash open,13:30,-8892343,8892343,False,US cash open,13:30,-8915983,8915983,False,US cash open,13:30,-8892343,8892343,False,679,False,False,False,22,False,False,False
matched_lot,btcusdt_microprice_20260412_09_5h_5sessions_hs2.00_rq5000,2026-04-12 09:00,2026-04-12 11:00,btcusdt_microprice_20260412_09_5h_5sessions_hs2.00_rq5000:2026-04-12 11:00:fill-000002:fill-000005:16,fill-000002,fill-000005,sell,buy,1775991707657,1775992158800,1775992158800,451143,0.00012000,-0.00630878424000000000,-0.0028788000000000,0.00342998424000000000,-0.0033600000000000,-52.573202000000,US cash open,13:30,-8441200,8441200,False,US cash open,13:30,-8892343,8892343,False,US cash open,13:30,-8441200,8441200,False,618,False,False,False,19,False,False,False
matched_lot,btcusdt_microprice_20260412_09_5h_5sessions_hs2.00_rq5000,2026-04-12 09:00,2026-04-12 11:00,btcusdt_microprice_20260412_09_5h_5sessions_hs2.00_rq5000:2026-04-12 11:00:fill-000003:fill-000005:17,fill-000003,fill-000005,sell,buy,1775991721066,1775992158800,1775992158800,437734,0.00016000,-0.00745350400000000000,-0.0028800000000000,0.00457350400000000000,-0.0035216000000000,-46.584400000000,US cash open,13:30,-8441200,8441200,False,US cash open,13:30,-8878934,8878934,False,US cash open,13:30,-8441200,8441200,False,660,False,False,False,21,False,False,False
matched_lot,btcusdt_microprice_20260412_09_5h_5sessions_hs2.00_rq5000,2026-04-12 09:00,2026-04-12 11:00,btcusdt_microprice_20260412_09_5h_5sessions_hs2.00_rq5000:2026-04-12 11:00:fill-000003:fill-000006:18,fill-000003,fill-000006,sell,buy,1775991721066,1775992190194,1775992190194,469128,0.00084000,-0.00397826688000000000,0.0200256000000000,0.02400386688000000000,0.0166572000000000,-4.736032000000,US cash open,13:30,-8409806,8409806,False,US cash open,13:30,-8878934,8878934,False,US cash open,13:30,-8409806,8409806,False,876,False,False,False,28,False,False,False
matched_lot,btcusdt_microprice_20260412_09_5h_5sessions_hs2.00_rq5000,2026-04-12 09:00,2026-04-12 11:00,btcusdt_microprice_20260412_09_5h_5sessions_hs2.00_rq5000:2026-04-12 11:00:fill-000004:fill-000006:19,fill-000004,fill-000006,sell,buy,1775991750240,1775992190194,1775992190194,439954,0.00016000,0.00340140288000000000,0.0079744000000000,0.00457299712000000000,0.0076528000000000,21.258768000000,US cash open,13:30,-8409806,8409806,False,US cash open,13:30,-8849760,8849760,False,US cash open,13:30,-8409806,8409806,False,1004,False,False,False,33,False,False,False
matched_lot,btcusdt_microprice_20260412_09_5h_5sessions_hs2.00_rq5000,2026-04-12 09:00,2026-04-12 11:00,btcusdt_microprice_20260412_09_5h_5sessions_hs2.00_rq5000:2026-04-12 11:00:fill-000004:fill-000011:20,fill-000004,fill-000011,sell,buy,1775991750240,1775993782590,1775993782590,2032350,0.00016000,0.00421276512000000000,0.0087856000000000,0.00457283488000000000,0.0084640000000000,26.329782000000,US cash open,13:30,-6817410,6817410,False,US cash open,13:30,-8849760,8849760,False,US cash open,13:30,-6817410,6817410,False,1029,False,False,False,34,False,False,False
matched_lot,btcusdt_microprice_20260412_09_5h_5sessions_hs2.00_rq5000,2026-04-12 09:00,2026-04-12 11:00,btcusdt_microprice_20260412_09_5h_5sessions_hs2.00_rq5000:2026-04-12 11:00:fill-000004:fill-000012:21,fill-000004,fill-000012,sell,buy,1775991750240,1775994191536,1775994191536,2441296,0.00068000,-0.01061385072000000000,0.0088264000000000,0.01944025072000000000,0.0088196000000000,-15.608604000000,US cash open,13:30,-6408464,6408464,False,US cash open,13:30,-8849760,8849760,False,US cash open,13:30,-6408464,6408464,False,827,False,False,False,25,False,False,False
matched_lot,btcusdt_microprice_20260412_09_5h_5sessions_hs2.00_rq5000,2026-04-12 09:00,2026-04-12 11:00,btcusdt_microprice_20260412_09_5h_5sessions_hs2.00_rq5000:2026-04-12 11:00:fill-000007:fill-000012:22,fill-000007,fill-000012,sell,buy,1775992410120,1775994191536,1775994191536,1781416,0.00032000,-0.00115552128000000000,0.0079936000000000,0.00914912128000000000,0.0076096000000000,-3.611004000000,US cash open,13:30,-6408464,6408464,False,US cash open,13:30,-8189880,8189880,False,US cash open,13:30,-6408464,6408464,False,883,False,False,False,29,False,False,False
matched_lot,btcusdt_microprice_20260412_09_5h_5sessions_hs2.00_rq5000,2026-04-12 09:00,2026-04-12 12:00,btcusdt_microprice_20260412_09_5h_5sessions_hs2.00_rq5000:2026-04-12 12:00:fill-000001:fill-000002:23,fill-000001,fill-000002,buy,sell,1775995384449,1775996540965,1775996540965,1156516,0.0003200367625940605433970934628,0.003663141424725142167844218573,0.01280467087138836234131770945,0.009141529446663220173473490877,0.01216139697857430064908955159,11.44600200000000000000000001,US cash open,13:30,-4059035,4059035,False,US cash open,13:30,-5215551,5215551,False,US cash open,13:30,-4059035,4059035,False,951,False,False,False,32,False,False,False
matched_lot,btcusdt_microprice_20260412_09_5h_5sessions_hs2.00_rq5000,2026-04-12 09:00,2026-04-12 12:00,btcusdt_microprice_20260412_09_5h_5sessions_hs2.00_rq5000:2026-04-12 12:00:fill-000002:fill-000003:24,fill-000002,fill-000003,sell,buy,1775996540965,1775997243252,1775997243252,702287,0.0006394083716204082884035057,0.02649836173669296028801808322,0.04475858601342858018824539900,0.01826022427673561990022731578,0.04347337518647155952855435254,41.44200000000000000000000000,US cash open,13:30,-3356748,3356748,False,US cash open,13:30,-4059035,4059035,False,US cash open,13:30,-3356748,3356748,False,1073,False,False,False,38,False,False,False
matched_lot,btcusdt_microprice_20260412_09_5h_5sessions_hs2.00_rq5000,2026-04-12 09:00,2026-04-12 13:00,btcusdt_microprice_20260412_09_5h_5sessions_hs2.00_rq5000:2026-04-12 13:00:fill-000001:fill-000002:25,fill-000001,fill-000002,sell,buy,1775998807587,1775998904622,1775998904622,97035,0.000479999999999999999999999999,0.05657623007999999999999999988,0.07020959999999999999999999985,0.01363336991999999999999999997,0.06905279999999999999999999985,117.8671460000000000000000000,US cash open,13:30,-1695378,1695378,True,US cash open,13:30,-1792413,1792413,True,US cash open,13:30,-1695378,1695378,True,1221,False,False,False,43,False,False,False
matched_lot,btcusdt_microprice_20260412_09_5h_5sessions_hs2.00_rq5000,2026-04-12 09:00,2026-04-12 13:00,btcusdt_microprice_20260412_09_5h_5sessions_hs2.00_rq5000:2026-04-12 13:00:fill-000002:fill-000006:26,fill-000002,fill-000006,buy,sell,1775998904622,1775999225015,1775999225015,320393,0.000520000000000000000000000001,0.03723532800000000000000000007,0.05200000000000000000000000010,0.01476467200000000000000000003,0.05018780000000000000000000010,71.60640000000000000000000000,US cash open,13:30,-1374985,1374985,True,US cash open,13:30,-1695378,1695378,True,US cash open,13:30,-1374985,1374985,True,1152,False,False,False,40,False,False,False
matched_lot,btcusdt_microprice_20260412_09_5h_5sessions_hs2.00_rq5000,2026-04-12 09:00,2026-04-12 13:00,btcusdt_microprice_20260412_09_5h_5sessions_hs2.00_rq5000:2026-04-12 13:00:fill-000003:fill-000006:27,fill-000003,fill-000006,buy,sell,1775998934410,1775999225015,1775999225015,290605,0.000039999999999999999999999999,0.003137910719999999999999999921,0.004273599999999999999999999893,0.001135689279999999999999999972,0.004213799999999999999999999894,78.44776799999999999999999999,US cash open,13:30,-1374985,1374985,True,US cash open,13:30,-1665590,1665590,True,US cash open,13:30,-1374985,1374985,True,1170,False,False,False,42,False,False,False
matched_lot,btcusdt_microprice_20260412_09_5h_5sessions_hs2.00_rq5000,2026-04-12 09:00,2026-04-12 13:00,btcusdt_microprice_20260412_09_5h_5sessions_hs2.00_rq5000:2026-04-12 13:00:fill-000003:fill-000008:28,fill-000003,fill-000008,buy,sell,1775998934410,1775999475150,1775999475150,540740,0.00008000000000000000000000000010,0.003873901920000000000000000006,0.006144800000000000000000000008,0.002270898080000000000000000002,0.005983200000000000000000000008,48.42377400000000000000000001,US cash open,13:30,-1124850,1124850,True,US cash open,13:30,-1665590,1665590,True,US cash open,13:30,-1124850,1124850,True,1094,False,False,False,39,False,False,False
matched_lot,btcusdt_microprice_20260412_09_5h_5sessions_hs2.00_rq5000,2026-04-12 09:00,2026-04-12 13:00,btcusdt_microprice_20260412_09_5h_5sessions_hs2.00_rq5000:2026-04-12 13:00:fill-000003:fill-000009:29,fill-000003,fill-000009,buy,sell,1775998934410,1775999567475,1775999567475,633065,0.0002000000000000000000000000009,0.01539361280000000000000000006,0.02107200000000000000000000009,0.005678387200000000000000000026,0.02066800000000000000000000009,76.96806399999999999999999995,US cash open,13:30,-1032525,1032525,True,US cash open,13:30,-1665590,1665590,True,US cash open,13:30,-1032525,1032525,True,1166,False,False,False,41,False,False,False
matched_lot,btcusdt_microprice_20260412_09_5h_5sessions_hs2.00_rq5000,2026-04-12 09:00,2026-04-12 13:00,btcusdt_microprice_20260412_09_5h_5sessions_hs2.00_rq5000:2026-04-12 13:00:fill-000004:fill-000009:30,fill-000004,fill-000009,buy,sell,1775998996570,1775999567475,1775999567475,570905,0.0001199999999999999999999999991,0.000253571519999999999999999999,0.003662399999999999999999999973,0.003408828479999999999999999974,0.003181199999999999999999999977,2.113096000000000000000000008,US cash open,13:30,-1032525,1032525,True,US cash open,13:30,-1603430,1603430,True,US cash open,13:30,-1032525,1032525,True,909,False,False,False,30,False,False,False
matched_lot,btcusdt_microprice_20260412_09_5h_5sessions_hs2.00_rq5000,2026-04-12 09:00,2026-04-12 13:00,btcusdt_microprice_20260412_09_5h_5sessions_hs2.00_rq5000:2026-04-12 13:00:fill-000004:fill-000010:31,fill-000004,fill-000010,buy,sell,1775998996570,1776000022572,1776000022572,1026002,0.0002800000000000000000000000009,0.007724640000000000000000000025,0.01568000000000000000000000005,0.007955360000000000000000000025,0.01455720000000000000000000005,27.58800000000000000000000000,US cash open,13:30,-577428,577428,True,US cash open,13:30,-1603430,1603430,True,US cash open,13:30,-577428,577428,True,1033,False,False,False,35,False,False,False
matched_lot,btcusdt_microprice_20260412_09_5h_5sessions_hs2.00_rq5000,2026-04-12 09:00,2026-04-12 13:00,btcusdt_microprice_20260412_09_5h_5sessions_hs2.00_rq5000:2026-04-12 13:00:fill-000005:fill-000010:32,fill-000005,fill-000010,buy,sell,1775999077625,1776000022572,1776000022572,944947,0.00040000,0.01503600000000000000,0.0264000000000000,0.01136400000000000000,0.0247960000000000,37.590000000000,US cash open,13:30,-577428,577428,True,US cash open,13:30,-1522375,1522375,True,US cash open,13:30,-577428,577428,True,1068,False,False,False,37,False,False,False
matched_lot,btcusdt_microprice_20260412_09_5h_5sessions_hs2.00_rq5000,2026-04-12 09:00,2026-04-12 13:00,btcusdt_microprice_20260412_09_5h_5sessions_hs2.00_rq5000:2026-04-12 13:00:fill-000007:fill-000010:33,fill-000007,fill-000010,buy,sell,1775999291819,1776000022572,1776000022572,730753,0.00008000000000000000000000000195,-0.000417484800000000000000000011,0.001856000000000000000000000045,0.002273484800000000000000000056,0.001535200000000000000000000037,-5.218560000000000000000000010,US cash open,13:30,-577428,577428,True,US cash open,13:30,-1308181,1308181,True,US cash open,13:30,-577428,577428,True,872,False,False,False,27,False,False,False
matched_lot,btcusdt_microprice_20260412_09_5h_5sessions_hs2.00_rq5000,2026-04-12 09:00,2026-04-12 13:00,btcusdt_microprice_20260412_09_5h_5sessions_hs2.00_rq5000:2026-04-12 13:00:fill-000010:fill-000011:34,fill-000010,fill-000011,sell,buy,1776000022572,1776000081488,1776000081488,58916,0.0002399999999999999999999999972,-0.007779359519999999999999999910,-0.0009575999999999999999999999888,0.006821759519999999999999999921,-0.001919999999999999999999999977,-32.41399800000000000000000000,US cash open,13:30,-518512,518512,True,US cash open,13:30,-577428,577428,True,US cash open,13:30,-518512,518512,True,725,False,False,False,23,False,False,False
matched_lot,btcusdt_microprice_20260412_09_5h_5sessions_hs2.00_rq5000,2026-04-12 09:00,2026-04-12 13:00,btcusdt_microprice_20260412_09_5h_5sessions_hs2.00_rq5000:2026-04-12 13:00:fill-000011:fill-000013:35,fill-000011,fill-000013,buy,sell,1776000081488,1776000347578,1776000347578,266090,0.00008000,-0.000646309280000000000000000000,0.0016280000000000,0.002274309280000000000000000000,0.0014224000000000,-8.0788660000000000000000,US cash open,13:30,-252422,252422,True,US cash open,13:30,-518512,518512,True,US cash open,13:30,-252422,252422,True,857,False,False,False,26,False,False,False
matched_lot,btcusdt_microprice_20260412_09_5h_5sessions_hs2.00_rq5000,2026-04-12 09:00,2026-04-12 13:00,btcusdt_microprice_20260412_09_5h_5sessions_hs2.00_rq5000:2026-04-12 13:00:fill-000011:fill-000016:36,fill-000011,fill-000016,buy,sell,1776000081488,1776001705116,1776001705116,1623628,0.0003200268828495820556979039804,-0.05004554791851136220439366613,-0.04095704046708951148821775141,0.009088507451421850716175914720,-0.04160349477044566724072751745,-156.3792000000000000000000000,US cash open,13:30,1105116,1105116,True,US cash open,13:30,-518512,518512,True,US cash open,13:30,1105116,1105116,True,256,False,False,False,3,False,False,True
matched_lot,btcusdt_microprice_20260412_09_5h_5sessions_hs2.00_rq5000,2026-04-12 09:00,2026-04-12 13:00,btcusdt_microprice_20260412_09_5h_5sessions_hs2.00_rq5000:2026-04-12 13:00:fill-000012:fill-000016:37,fill-000012,fill-000016,buy,sell,1776000081965,1776001705116,1776001705116,1623151,0.0000799731171504179443020960196,-0.01218697552551098416432141768,-0.009915866795480320914016885470,0.002271108730030663250304532207,-0.01007741249212416516150711943,-152.3884020000000000000000000,US cash open,13:30,1105116,1105116,True,US cash open,13:30,-518035,518035,True,US cash open,13:30,1105116,1105116,True,266,False,False,False,4,False,False,True
matched_lot,btcusdt_microprice_20260412_09_5h_5sessions_hs2.00_rq5000,2026-04-12 09:00,2026-04-12 13:00,btcusdt_microprice_20260412_09_5h_5sessions_hs2.00_rq5000:2026-04-12 13:00:fill-000012:fill-000021:38,fill-000012,fill-000021,buy,sell,1776000081965,1776002218658,1776002218658,2136693,0.0000000268828495820556979039804,-0.000003613108749527449909690773868,-0.000002849582055697903977821922400,0.0000007635266938295459318688514683,-0.000002903616583357835930608923004,-134.4020000000000000000000055,US cash open,13:30,1618658,1618658,True,US cash open,13:30,-518035,518035,True,US cash open,13:30,1618658,1618658,True,318,False,False,False,7,False,False,False
matched_lot,btcusdt_microprice_20260412_09_5h_5sessions_hs2.00_rq5000,2026-04-12 09:00,2026-04-12 13:00,btcusdt_microprice_20260412_09_5h_5sessions_hs2.00_rq5000:2026-04-12 13:00:fill-000014:fill-000021:39,fill-000014,fill-000021,buy,sell,1776000545266,1776002218658,1776002218658,1673392,0.00064000,-0.09369881600000000000,-0.0755200000000000,0.01817881600000000000,-0.0768064000000000,-146.404400000000,US cash open,13:30,1618658,1618658,True,US cash open,13:30,-54734,54734,True,US cash open,13:30,1618658,1618658,True,281,False,False,False,5,False,False,False
matched_lot,btcusdt_microprice_20260412_09_5h_5sessions_hs2.00_rq5000,2026-04-12 09:00,2026-04-12 13:00,btcusdt_microprice_20260412_09_5h_5sessions_hs2.00_rq5000:2026-04-12 13:00:fill-000015:fill-000021:40,fill-000015,fill-000021,buy,sell,1776001468242,1776002218658,1776002218658,750416,0.0003599731171504179443020960196,-0.02389803929062880665350527138,-0.01367897845171588188347964874,0.01021906083891292477002562264,-0.01368257818288738606292266970,-66.38839999999999999999999998,US cash open,13:30,1618658,1618658,True,US cash open,13:30,868242,868242,True,US cash open,13:30,1618658,1618658,True,558,False,False,False,16,False,False,False
matched_lot,btcusdt_microprice_20260412_09_5h_5sessions_hs2.00_rq5000,2026-04-12 09:00,2026-04-12 13:00,btcusdt_microprice_20260412_09_5h_5sessions_hs2.00_rq5000:2026-04-12 13:00:fill-000015:fill-000022:41,fill-000015,fill-000022,buy,sell,1776001468242,1776002341665,1776002341665,873423,0.0006400268828495820556979039804,-0.08940774640569244339900029439,-0.07124779259881547444029067110,0.01815995380687696895870962329,-0.07275185577351199227118074545,-139.6937360000000000000000000,US cash open,13:30,1741665,1741665,True,US cash open,13:30,868242,868242,True,US cash open,13:30,1741665,1741665,True,297,False,False,False,6,False,False,False
matched_lot,btcusdt_microprice_20260412_09_5h_5sessions_hs2.00_rq5000,2026-04-12 09:00,2026-04-12 13:00,btcusdt_microprice_20260412_09_5h_5sessions_hs2.00_rq5000:2026-04-12 13:00:fill-000017:fill-000022:42,fill-000017,fill-000022,buy,sell,1776002017340,1776002341665,1776002341665,324325,0.00008000,-0.006374538880000000000000000000,-0.0041056000000000,0.002268938880000000000000000000,-0.0044536000000000,-79.6817360000000000000000,US cash open,13:30,1741665,1741665,True,US cash open,13:30,1417340,1417340,True,US cash open,13:30,1741665,1741665,True,486,False,False,False,14,False,False,False
matched_lot,btcusdt_microprice_20260412_09_5h_5sessions_hs2.00_rq5000,2026-04-12 09:00,2026-04-12 13:00,btcusdt_microprice_20260412_09_5h_5sessions_hs2.00_rq5000:2026-04-12 13:00:fill-000018:fill-000022:43,fill-000018,fill-000022,buy,sell,1776002113067,1776002341665,1776002341665,228598,0.0000568548375805254711838164497,-0.002824305901973062047802873428,-0.001212145137216803045638966708,0.001612160764756259002163906720,-0.001345754005531037902920935364,-49.67573600000000000000000000,US cash open,13:30,1741665,1741665,True,US cash open,13:30,1513067,1513067,True,US cash open,13:30,1741665,1741665,True,637,False,False,False,20,False,False,False
matched_lot,btcusdt_microprice_20260412_15_5h_5sessions_hs2.00_rq5000,2026-04-12 15:00,2026-04-12 15:00,btcusdt_microprice_20260412_15_5h_5sessions_hs2.00_rq5000:2026-04-12 15:00:fill-000001:fill-000003:1,fill-000001,fill-000003,buy,sell,1776006106876,1776006434715,1776006434715,327839,0.00008000,-0.005158301280000000000000000000,-0.0028936000000000,0.002264701280000000000000000000,-0.0032460000000000,-64.4787660000000000000000,US cash open,13:30,5834715,5834715,False,US cash open,13:30,5506876,5506876,False,US cash open,13:30,5834715,5834715,False,572,False,False,False,4,False,False,False
matched_lot,btcusdt_microprice_20260412_15_5h_5sessions_hs2.00_rq5000,2026-04-12 15:00,2026-04-12 15:00,btcusdt_microprice_20260412_15_5h_5sessions_hs2.00_rq5000:2026-04-12 15:00:fill-000002:fill-000003:2,fill-000002,fill-000003,buy,sell,1776006351729,1776006434715,1776006434715,82986,0.00000000000000000000000000000074,-0.00000000000000000000000000003883251084000000000000000000,-0.0000000000000000000000000000178858000000,0.00000000000000000000000000002094671084000000000000000000,-0.0000000000000000000000000000208532000000,-52.476366000000000000000000,US cash open,13:30,5834715,5834715,False,US cash open,13:30,5751729,5751729,False,US cash open,13:30,5834715,5834715,False,619,False,False,False,9,False,False,False
matched_lot,btcusdt_microprice_20260412_15_5h_5sessions_hs2.00_rq5000,2026-04-12 15:00,2026-04-12 15:00,btcusdt_microprice_20260412_15_5h_5sessions_hs2.00_rq5000:2026-04-12 15:00:fill-000002:fill-000004:3,fill-000002,fill-000004,buy,sell,1776006351729,1776006659370,1776006659370,307641,0.00064000,-0.01317295744000000000000000000,0.0049472000000000,0.01812015744000000000000000000,0.0023808000000000,-20.582746000000000000000,US cash open,13:30,6059370,6059370,False,US cash open,13:30,5751729,5751729,False,US cash open,13:30,6059370,6059370,False,809,False,False,False,15,False,False,False
matched_lot,btcusdt_microprice_20260412_15_5h_5sessions_hs2.00_rq5000,2026-04-12 15:00,2026-04-12 15:00,btcusdt_microprice_20260412_15_5h_5sessions_hs2.00_rq5000:2026-04-12 15:00:fill-000002:fill-000006:4,fill-000002,fill-000006,buy,sell,1776006351729,1776007771016,1776007771016,1419287,0.0000799060343561885185728968,-0.004977698626410218763764499564,-0.002716006107766847746292762232,0.002261692518643371017471737332,-0.003511870209954485391278814360,-62.29440200000000000000000000,US cash open,13:30,7171016,7171016,False,US cash open,13:30,5751729,5751729,False,US cash open,13:30,7171016,7171016,False,585,False,False,False,8,False,False,False
matched_lot,btcusdt_microprice_20260412_15_5h_5sessions_hs2.00_rq5000,2026-04-12 15:00,2026-04-12 15:00,btcusdt_microprice_20260412_15_5h_5sessions_hs2.00_rq5000:2026-04-12 15:00:fill-000002:fill-000010:5,fill-000002,fill-000010,buy,sell,1776006351729,1776008018930,1776008018930,1667201,0.0001455681152733661029581388746,-0.004121208025127322414068461307,0.000000000000000000000000000000000000000,0.004121208025127322414068461307,-0.0002925919116994658669458591380,-28.31120000000000000000000000,US cash open,13:30,7418930,7418930,False,US cash open,13:30,5751729,5751729,False,US cash open,13:30,7418930,7418930,False,755,False,False,False,13,False,False,False
matched_lot,btcusdt_microprice_20260412_15_5h_5sessions_hs2.00_rq5000,2026-04-12 15:00,2026-04-12 15:00,btcusdt_microprice_20260412_15_5h_5sessions_hs2.00_rq5000:2026-04-12 15:00:fill-000002:fill-000011:6,fill-000002,fill-000011,buy,sell,1776006351729,1776008019140,1776008019140,1667411,0.00009000000000000000000000000000,-0.002548008000000000000000000001,0.0000000000000000000000000000000000000000,0.002548008000000000000000000001,-0.0001809000000000000000000000000,-28.31120000000000000000000001,US cash open,13:30,7419140,7419140,False,US cash open,13:30,5751729,5751729,False,US cash open,13:30,7419140,7419140,False,754,False,False,False,12,False,False,False
matched_lot,btcusdt_microprice_20260412_15_5h_5sessions_hs2.00_rq5000,2026-04-12 15:00,2026-04-12 15:00,btcusdt_microprice_20260412_15_5h_5sessions_hs2.00_rq5000:2026-04-12 15:00:fill-000002:fill-000012:7,fill-000002,fill-000012,buy,sell,1776006351729,1776008025152,1776008025152,1673423,0.00004452585037044537846896432470,-0.001082512474206268041337460661,0.0001781034014817815138758572988,0.001260615875688049555213317960,-0.00000044525850370445378468964324,-24.31199999999999999999999998,US cash open,13:30,7425152,7425152,False,US cash open,13:30,5751729,5751729,False,US cash open,13:30,7425152,7425152,False,791,False,False,False,14,False,False,False
matched_lot,btcusdt_microprice_20260412_15_5h_5sessions_hs2.00_rq5000,2026-04-12 15:00,2026-04-12 15:00,btcusdt_microprice_20260412_15_5h_5sessions_hs2.00_rq5000:2026-04-12 15:00:fill-000005:fill-000012:8,fill-000005,fill-000012,buy,sell,1776007151874,1776008025152,1776008025152,873278,0.0008154741496295546215310356753,-0.05242682818683916884090255437,-0.02933260516217507973647135324,0.02309422302466408910443120113,-0.03260265650218959376881080630,-64.28999399999999999999999999,US cash open,13:30,7425152,7425152,False,US cash open,13:30,6551874,6551874,False,US cash open,13:30,7425152,7425152,False,574,False,False,False,6,False,False,False
matched_lot,btcusdt_microprice_20260412_15_5h_5sessions_hs2.00_rq5000,2026-04-12 15:00,2026-04-12 15:00,btcusdt_microprice_20260412_15_5h_5sessions_hs2.00_rq5000:2026-04-12 15:00:fill-000005:fill-000014:9,fill-000005,fill-000014,buy,sell,1776007151874,1776008051101,1776008051101,899227,0.0000445258503704453784689643247,-0.002862566653160831159097445625,-0.001601594837824920263528646759,0.001260971815335910895568798866,-0.001780143497810406231189193701,-64.28999400000000000000000009,US cash open,13:30,7451101,7451101,False,US cash open,13:30,6551874,6551874,False,US cash open,13:30,7451101,7451101,False,573,False,False,False,5,False,False,False
matched_lot,btcusdt_microprice_20260412_15_5h_5sessions_hs2.00_rq5000,2026-04-12 15:00,2026-04-12 15:00,btcusdt_microprice_20260412_15_5h_5sessions_hs2.00_rq5000:2026-04-12 15:00:fill-000007:fill-000014:10,fill-000007,fill-000014,buy,sell,1776007904726,1776008051101,1776008051101,146375,0.0009554741496295546215310356753,0.04590333625840508975915689244,0.07294089658272019980767926345,0.02703756032431511004852237101,0.06910944524270568577533981039,48.04246800000000000000000000,US cash open,13:30,7451101,7451101,False,US cash open,13:30,7304726,7304726,False,US cash open,13:30,7451101,7451101,False,1092,False,False,False,20,False,False,False
matched_lot,btcusdt_microprice_20260412_15_5h_5sessions_hs2.00_rq5000,2026-04-12 15:00,2026-04-12 15:00,btcusdt_microprice_20260412_15_5h_5sessions_hs2.00_rq5000:2026-04-12 15:00:fill-000007:fill-000015:11,fill-000007,fill-000015,buy,sell,1776007904726,1776008168701,1776008168701,263975,0.0000445258503704453784689643247,0.003749309649492339778197702698,0.005009603425178809531543176172,0.001260293775686469753345473474,0.004888938370674902555892282852,84.20523399999999999999999998,US cash open,13:30,7568701,7568701,False,US cash open,13:30,7304726,7304726,False,US cash open,13:30,7568701,7568701,False,1177,False,False,False,21,False,False,False
matched_lot,btcusdt_microprice_20260412_15_5h_5sessions_hs2.00_rq5000,2026-04-12 15:00,2026-04-12 15:00,btcusdt_microprice_20260412_15_5h_5sessions_hs2.00_rq5000:2026-04-12 15:00:fill-000008:fill-000015:12,fill-000008,fill-000015,buy,sell,1776007982344,1776008168701,1776008168701,186357,0.00078000,0.01010957064000000000,0.0321984000000000,0.02208882936000000000,0.0300846000000000,12.960988000000,US cash open,13:30,7568701,7568701,False,US cash open,13:30,7382344,7382344,False,US cash open,13:30,7568701,7568701,False,963,False,False,False,18,False,False,False
matched_lot,btcusdt_microprice_20260412_15_5h_5sessions_hs2.00_rq5000,2026-04-12 15:00,2026-04-12 15:00,btcusdt_microprice_20260412_15_5h_5sessions_hs2.00_rq5000:2026-04-12 15:00:fill-000009:fill-000015:13,fill-000009,fill-000015,buy,sell,1776007991907,1776008168701,1776008168701,176794,0.0001754741496295546215310356753,0.003834595530903643828536284350,0.008803538086914755362212059830,0.004968942556011111533675775480,0.008328003141418662337862953150,21.85276600000000000000000000,US cash open,13:30,7568701,7568701,False,US cash open,13:30,7391907,7391907,False,US cash open,13:30,7568701,7568701,False,1007,False,False,False,19,False,False,False
matched_lot,btcusdt_microprice_20260412_15_5h_5sessions_hs2.00_rq5000,2026-04-12 15:00,2026-04-12 16:00,btcusdt_microprice_20260412_15_5h_5sessions_hs2.00_rq5000:2026-04-12 16:00:fill-000001:fill-000002:14,fill-000001,fill-000002,sell,buy,1776010219751,1776010928397,1776010928397,708646,0.00016000,-0.00189799936000000000,0.0026368000000000,0.00453479936000000000,0.0019952000000000,-11.862496000000,US cash open,13:30,10328397,10328397,False,US cash open,13:30,9619751,9619751,False,US cash open,13:30,10328397,10328397,False,846,False,False,False,17,False,False,False
matched_lot,btcusdt_microprice_20260412_15_5h_5sessions_hs2.00_rq5000,2026-04-12 15:00,2026-04-12 17:00,btcusdt_microprice_20260412_15_5h_5sessions_hs2.00_rq5000:2026-04-12 17:00:fill-000001:fill-000003:15,fill-000001,fill-000003,buy,sell,1776013488246,1776015568053,1776015568053,2079807,0.00008000,-0.00502869232000000000,-0.0027576000000000,0.00227109232000000000,-0.0030784000000000,-62.858654000000,US cash close,20:00,-8431947,8431947,False,US cash close,20:00,-10511754,10511754,False,US cash close,20:00,-8431947,8431947,False,582,False,False,False,7,False,False,False
matched_lot,btcusdt_microprice_20260412_15_5h_5sessions_hs2.00_rq5000,2026-04-12 15:00,2026-04-12 17:00,btcusdt_microprice_20260412_15_5h_5sessions_hs2.00_rq5000:2026-04-12 17:00:fill-000002:fill-000003:16,fill-000002,fill-000003,buy,sell,1776014629665,1776015568053,1776015568053,938388,0.00016000,-0.00703758080000000000,-0.0024960000000000,0.00454158080000000000,-0.0031376000000000,-43.984880000000,US cash close,20:00,-8431947,8431947,False,US cash close,20:00,-9370335,9370335,False,US cash close,20:00,-8431947,8431947,False,672,False,False,False,10,False,False,False
matched_lot,btcusdt_microprice_20260412_15_5h_5sessions_hs2.00_rq5000,2026-04-12 15:00,2026-04-12 17:00,btcusdt_microprice_20260412_15_5h_5sessions_hs2.00_rq5000:2026-04-12 17:00:fill-000002:fill-000004:17,fill-000002,fill-000004,buy,sell,1776014629665,1776015866867,1776015866867,1237202,0.00008000,-0.00113686688000000000,0.0011344000000000,0.00227126688000000000,0.0008136000000000,-14.210836000000,US cash close,20:00,-8133133,8133133,False,US cash close,20:00,-9370335,9370335,False,US cash close,20:00,-8133133,8133133,False,834,False,False,False,16,False,False,False
matched_lot,btcusdt_microprice_20260412_15_5h_5sessions_hs2.00_rq5000,2026-04-12 15:00,2026-04-12 17:00,btcusdt_microprice_20260412_15_5h_5sessions_hs2.00_rq5000:2026-04-12 17:00:fill-000002:fill-000005:18,fill-000002,fill-000005,buy,sell,1776014629665,1776016183189,1776016183189,1553524,0.00076000,-0.03072344992000000000,-0.0091504000000000,0.02157304992000000000,-0.0121980000000000,-40.425592000000,US cash close,20:00,-7816811,7816811,False,US cash close,20:00,-9370335,9370335,False,US cash close,20:00,-7816811,7816811,False,685,False,False,False,11,False,False,False
matched_lot,btcusdt_microprice_20260412_15_5h_5sessions_hs2.00_rq5000,2026-04-12 15:00,2026-04-12 18:00,btcusdt_microprice_20260412_15_5h_5sessions_hs2.00_rq5000:2026-04-12 18:00:fill-000001:fill-000003:19,fill-000001,fill-000003,buy,sell,1776016809365,1776016980305,1776016980305,170940,0.00032000,-0.03141121856000000000,-0.0223072000000000,0.00910401856000000000,-0.0235904000000000,-98.160058000000,US cash close,20:00,-7019695,7019695,False,US cash close,20:00,-7190635,7190635,False,US cash close,20:00,-7019695,7019695,False,421,False,False,False,1,True,True,True
matched_lot,btcusdt_microprice_20260412_15_5h_5sessions_hs2.00_rq5000,2026-04-12 15:00,2026-04-12 18:00,btcusdt_microprice_20260412_15_5h_5sessions_hs2.00_rq5000:2026-04-12 18:00:fill-000001:fill-000004:20,fill-000001,fill-000004,buy,sell,1776016809365,1776017390379,1776017390379,581014,0.00008000,-0.00627871952000000000,-0.0040024000000000,0.00227631952000000000,-0.0043232000000000,-78.483994000000,US cash close,20:00,-6609621,6609621,False,US cash close,20:00,-7190635,7190635,False,US cash close,20:00,-6609621,6609621,False,491,False,False,False,2,False,False,True
matched_lot,btcusdt_microprice_20260412_15_5h_5sessions_hs2.00_rq5000,2026-04-12 15:00,2026-04-12 18:00,btcusdt_microprice_20260412_15_5h_5sessions_hs2.00_rq5000:2026-04-12 18:00:fill-000002:fill-000004:21,fill-000002,fill-000004,buy,sell,1776016823132,1776017390379,1776017390379,567247,0.00056000,-0.03722969264000000000,-0.0212968000000000,0.01593289264000000000,-0.0235424000000000,-66.481594000000,US cash close,20:00,-6609621,6609621,False,US cash close,20:00,-7176868,7176868,False,US cash close,20:00,-6609621,6609621,False,557,False,False,False,3,False,False,False
matched_lot,btcusdt_microprice_20260413_02_5h_5sessions_hs2.00_rq5000,2026-04-13 02:00,2026-04-13 02:00,btcusdt_microprice_20260413_02_5h_5sessions_hs2.00_rq5000:2026-04-13 02:00:fill-000001:fill-000003:1,fill-000001,fill-000003,sell,buy,1776045627709,1776045855016,1776045855016,227307,0.00008000,0.00417621296000000000,0.0064552000000000,0.00227898704000000000,0.0062944000000000,52.202662000000,Singapore/Hong Kong,01:00,3855016,3855016,False,Singapore/Hong Kong,01:00,3627709,3627709,False,Singapore/Hong Kong,01:00,3855016,3855016,False,1109,False,False,False,23,False,False,False
matched_lot,btcusdt_microprice_20260413_02_5h_5sessions_hs2.00_rq5000,2026-04-13 02:00,2026-04-13 02:00,btcusdt_microprice_20260413_02_5h_5sessions_hs2.00_rq5000:2026-04-13 02:00:fill-000002:fill-000003:2,fill-000002,fill-000003,sell,buy,1776045717115,1776045855016,1776045855016,137901,0.00008000,0.00115841664000000000,0.0034368000000000,0.00227838336000000000,0.0034352000000000,14.480208000000,Singapore/Hong Kong,01:00,3855016,3855016,False,Singapore/Hong Kong,01:00,3717115,3717115,False,Singapore/Hong Kong,01:00,3855016,3855016,False,975,False,False,False,19,False,False,False
matched_lot,btcusdt_microprice_20260413_02_5h_5sessions_hs2.00_rq5000,2026-04-13 02:00,2026-04-13 02:00,btcusdt_microprice_20260413_02_5h_5sessions_hs2.00_rq5000:2026-04-13 02:00:fill-000003:fill-000005:3,fill-000003,fill-000005,buy,sell,1776045855016,1776046887786,1776046887786,1032770,0.00016000,-0.02151200000000000000,-0.0169600000000000,0.00455200000000000000,-0.0172816000000000,-134.450000000000,Singapore/Hong Kong,01:00,4887786,4887786,False,Singapore/Hong Kong,01:00,3855016,3855016,False,Singapore/Hong Kong,01:00,4887786,4887786,False,317,False,False,False,1,True,True,True
matched_lot,btcusdt_microprice_20260413_02_5h_5sessions_hs2.00_rq5000,2026-04-13 02:00,2026-04-13 02:00,btcusdt_microprice_20260413_02_5h_5sessions_hs2.00_rq5000:2026-04-13 02:00:fill-000003:fill-000006:4,fill-000003,fill-000006,buy,sell,1776045855016,1776047116846,1776047116846,1261830,0.00020000,-0.00089520000000000000,0.0048000000000000,0.00569520000000000000,0.0047980000000000,-4.476000000000,Singapore/Hong Kong,01:00,5116846,5116846,False,Singapore/Hong Kong,01:00,3855016,3855016,False,Singapore/Hong Kong,01:00,5116846,5116846,False,878,False,False,False,15,False,False,False
matched_lot,btcusdt_microprice_20260413_02_5h_5sessions_hs2.00_rq5000,2026-04-13 02:00,2026-04-13 02:00,btcusdt_microprice_20260413_02_5h_5sessions_hs2.00_rq5000:2026-04-13 02:00:fill-000003:fill-000007:5,fill-000003,fill-000007,buy,sell,1776045855016,1776047116848,1776047116848,1261832,0.00048000,-0.00214848000000000000,0.0115200000000000,0.01366848000000000000,0.0115152000000000,-4.476000000000,Singapore/Hong Kong,01:00,5116848,5116848,False,Singapore/Hong Kong,01:00,3855016,3855016,False,Singapore/Hong Kong,01:00,5116848,5116848,False,879,False,False,False,16,False,False,False
matched_lot,btcusdt_microprice_20260413_02_5h_5sessions_hs2.00_rq5000,2026-04-13 02:00,2026-04-13 02:00,btcusdt_microprice_20260413_02_5h_5sessions_hs2.00_rq5000:2026-04-13 02:00:fill-000004:fill-000007:6,fill-000004,fill-000007,buy,sell,1776046453526,1776047116848,1776047116848,663322,0.00032000,0.04209638400000000000,0.0512000000000000,0.00910361600000000000,0.0511968000000000,131.551200000000,Singapore/Hong Kong,01:00,5116848,5116848,False,Singapore/Hong Kong,01:00,4453526,4453526,False,Singapore/Hong Kong,01:00,5116848,5116848,False,1240,False,False,False,26,False,False,False
matched_lot,btcusdt_microprice_20260413_02_5h_5sessions_hs2.00_rq5000,2026-04-13 02:00,2026-04-13 02:00,btcusdt_microprice_20260413_02_5h_5sessions_hs2.00_rq5000:2026-04-13 02:00:fill-000004:fill-000013:7,fill-000004,fill-000013,buy,sell,1776046453526,1776048094389,1776048094389,1640863,0.00008000,-0.00037212432000000000,0.0019016000000000,0.00227372432000000000,0.0017408000000000,-4.651554000000,Singapore/Hong Kong,01:00,6094389,6094389,False,Singapore/Hong Kong,01:00,4453526,4453526,False,Singapore/Hong Kong,01:00,6094389,6094389,False,877,False,False,False,14,False,False,False
matched_lot,btcusdt_microprice_20260413_02_5h_5sessions_hs2.00_rq5000,2026-04-13 02:00,2026-04-13 03:00,btcusdt_microprice_20260413_02_5h_5sessions_hs2.00_rq5000:2026-04-13 03:00:fill-000001:fill-000003:8,fill-000001,fill-000003,buy,sell,1776049514494,1776050522777,1776050522777,1008283,0.001,-0.029432696000000,-0.00100000000,0.028432696000000,-0.00262000000,-29.432696000000,Singapore/Hong Kong,01:00,8522777,8522777,False,Singapore/Hong Kong,01:00,7514494,7514494,False,Singapore/Hong Kong,01:00,8522777,8522777,False,745,False,False,False,9,False,False,False
matched_lot,btcusdt_microprice_20260413_02_5h_5sessions_hs2.00_rq5000,2026-04-13 02:00,2026-04-13 03:00,btcusdt_microprice_20260413_02_5h_5sessions_hs2.00_rq5000:2026-04-13 03:00:fill-000002:fill-000006:9,fill-000002,fill-000006,buy,sell,1776049836709,1776052174681,1776052174681,2337972,0.0004006442953020134228187919457,-0.05304193848461744966442953012,-0.04166300026845637583892617443,0.01137893821616107382550335569,-0.04326958389261744966442953013,-132.3915980000000000000000000,Singapore/Hong Kong,01:00,10174681,10174681,False,Singapore/Hong Kong,01:00,7836709,7836709,False,Singapore/Hong Kong,01:00,10174681,10174681,False,323,False,False,False,2,False,False,True
matched_lot,btcusdt_microprice_20260413_02_5h_5sessions_hs2.00_rq5000,2026-04-13 02:00,2026-04-13 03:00,btcusdt_microprice_20260413_02_5h_5sessions_hs2.00_rq5000:2026-04-13 03:00:fill-000004:fill-000006:10,fill-000004,fill-000006,buy,sell,1776051313766,1776052174681,1776052174681,860915,0.00024000,-0.02337950496000000000,-0.0165648000000000,0.00681470496000000000,-0.0171960000000000,-97.414604000000,Singapore/Hong Kong,01:00,10174681,10174681,False,Singapore/Hong Kong,01:00,9313766,9313766,False,Singapore/Hong Kong,01:00,10174681,10174681,False,427,False,False,False,3,False,False,True
matched_lot,btcusdt_microprice_20260413_02_5h_5sessions_hs2.00_rq5000,2026-04-13 02:00,2026-04-13 03:00,btcusdt_microprice_20260413_02_5h_5sessions_hs2.00_rq5000:2026-04-13 03:00:fill-000005:fill-000006:11,fill-000005,fill-000006,buy,sell,1776051391741,1776052174681,1776052174681,782940,0.00008000,-0.00753151600000000000,-0.0052600000000000,0.00227151600000000000,-0.0054352000000000,-94.143950000000,Singapore/Hong Kong,01:00,10174681,10174681,False,Singapore/Hong Kong,01:00,9391741,9391741,False,Singapore/Hong Kong,01:00,10174681,10174681,False,434,False,False,False,4,False,False,False
matched_lot,btcusdt_microprice_20260413_02_5h_5sessions_hs2.00_rq5000,2026-04-13 02:00,2026-04-13 04:00,btcusdt_microprice_20260413_02_5h_5sessions_hs2.00_rq5000:2026-04-13 04:00:fill-000001:fill-000002:12,fill-000001,fill-000002,sell,buy,1776052988145,1776053267051,1776053267051,278906,0.00008000,0.00086125680000000000,0.0031320000000000,0.00227074320000000000,0.0029504000000000,10.765710000000,London,07:00,-10332949,10332949,False,London,07:00,-10611855,10611855,False,London,07:00,-10332949,10332949,False,950,False,False,False,18,False,False,False
matched_lot,btcusdt_microprice_20260413_02_5h_5sessions_hs2.00_rq5000,2026-04-13 02:00,2026-04-13 04:00,btcusdt_microprice_20260413_02_5h_5sessions_hs2.00_rq5000:2026-04-13 04:00:fill-000001:fill-000003:13,fill-000001,fill-000003,sell,buy,1776052988145,1776055811439,1776055811439,2823294,0.00002000,-0.00002753436000000000,0.0005402000000000,0.00056773436000000000,0.0004600000000000,-1.376718000000,London,07:00,-7788561,7788561,False,London,07:00,-10611855,10611855,False,London,07:00,-7788561,7788561,False,893,False,False,False,17,False,False,False
matched_lot,btcusdt_microprice_20260413_02_5h_5sessions_hs2.00_rq5000,2026-04-13 02:00,2026-04-13 05:00,btcusdt_microprice_20260413_02_5h_5sessions_hs2.00_rq5000:2026-04-13 05:00:fill-000001:fill-000003:14,fill-000001,fill-000003,sell,buy,1776057117534,1776057706999,1776057706999,589465,0.00008000,-0.00409844688000000000,-0.0018328000000000,0.00226564688000000000,-0.0021536000000000,-51.230586000000,London,07:00,-5893001,5893001,False,London,07:00,-6482466,6482466,False,London,07:00,-5893001,5893001,False,627,False,False,False,7,False,False,False
matched_lot,btcusdt_microprice_20260413_02_5h_5sessions_hs2.00_rq5000,2026-04-13 02:00,2026-04-13 05:00,btcusdt_microprice_20260413_02_5h_5sessions_hs2.00_rq5000:2026-04-13 05:00:fill-000001:fill-000004:15,fill-000001,fill-000004,sell,buy,1776057117534,1776058313989,1776058313989,1196455,0.00008000,-0.00370476816000000000,-0.0014392000000000,0.00226556816000000000,-0.0017600000000000,-46.309602000000,London,07:00,-5286011,5286011,False,London,07:00,-6482466,6482466,False,London,07:00,-5286011,5286011,False,661,False,False,False,8,False,False,False
matched_lot,btcusdt_microprice_20260413_02_5h_5sessions_hs2.00_rq5000,2026-04-13 02:00,2026-04-13 05:00,btcusdt_microprice_20260413_02_5h_5sessions_hs2.00_rq5000:2026-04-13 05:00:fill-000002:fill-000004:16,fill-000002,fill-000004,sell,buy,1776057297791,1776058313989,1776058313989,1016198,0.00024000,-0.00449882784000000000,0.0022992000000000,0.00679802784000000000,0.0013368000000000,-18.745116000000,London,07:00,-5286011,5286011,False,London,07:00,-6302209,6302209,False,London,07:00,-5286011,5286011,False,818,False,False,False,13,False,False,False
matched_lot,btcusdt_microprice_20260413_02_5h_5sessions_hs2.00_rq5000,2026-04-13 02:00,2026-04-13 05:00,btcusdt_microprice_20260413_02_5h_5sessions_hs2.00_rq5000:2026-04-13 05:00:fill-000004:fill-000006:17,fill-000004,fill-000006,buy,sell,1776058313989,1776058683228,1776058683228,369239,0.00008000,-0.00674416016000000000,-0.0044792000000000,0.00226496016000000000,-0.0046880000000000,-84.302002000000,London,07:00,-4916772,4916772,False,London,07:00,-5286011,5286011,False,London,07:00,-4916772,4916772,False,468,False,False,False,5,False,False,False
matched_lot,btcusdt_microprice_20260413_02_5h_5sessions_hs2.00_rq5000,2026-04-13 02:00,2026-04-13 05:00,btcusdt_microprice_20260413_02_5h_5sessions_hs2.00_rq5000:2026-04-13 05:00:fill-000004:fill-000008:18,fill-000004,fill-000008,buy,sell,1776058313989,1776059280953,1776059280953,966964,0.00051000,-0.01491393816000000000,-0.0004692000000000,0.01444473816000000000,-0.0025143000000000,-29.243016000000,London,07:00,-4319047,4319047,False,London,07:00,-5286011,5286011,False,London,07:00,-4319047,4319047,False,747,False,False,False,10,False,False,False
matched_lot,btcusdt_microprice_20260413_02_5h_5sessions_hs2.00_rq5000,2026-04-13 02:00,2026-04-13 05:00,btcusdt_microprice_20260413_02_5h_5sessions_hs2.00_rq5000:2026-04-13 05:00:fill-000004:fill-000009:19,fill-000004,fill-000009,buy,sell,1776058313989,1776059281267,1776059281267,967278,0.00009000,-0.00263187144000000000,-0.0000828000000000,0.00254907144000000000,-0.0002637000000000,-29.243016000000,London,07:00,-4318733,4318733,False,London,07:00,-5286011,5286011,False,London,07:00,-4318733,4318733,False,748,False,False,False,11,False,False,False
matched_lot,btcusdt_microprice_20260413_02_5h_5sessions_hs2.00_rq5000,2026-04-13 02:00,2026-04-13 05:00,btcusdt_microprice_20260413_02_5h_5sessions_hs2.00_rq5000:2026-04-13 05:00:fill-000005:fill-000009:20,fill-000005,fill-000009,buy,sell,1776058543977,1776059281267,1776059281267,737290,0.00032000,-0.00646438656000000000,0.0025984000000000,0.00906278656000000000,0.0019552000000000,-20.201208000000,London,07:00,-4318733,4318733,False,London,07:00,-5056023,5056023,False,London,07:00,-4318733,4318733,False,811,False,False,False,12,False,False,False
matched_lot,btcusdt_microprice_20260413_02_5h_5sessions_hs2.00_rq5000,2026-04-13 02:00,2026-04-13 05:00,btcusdt_microprice_20260413_02_5h_5sessions_hs2.00_rq5000:2026-04-13 05:00:fill-000007:fill-000009:21,fill-000007,fill-000009,buy,sell,1776059206815,1776059281267,1776059281267,74452,0.00008000,-0.00606818688000000000,-0.0038016000000000,0.00226658688000000000,-0.0038024000000000,-75.852336000000,London,07:00,-4318733,4318733,False,London,07:00,-4393185,4393185,False,London,07:00,-4318733,4318733,False,508,False,False,False,6,False,False,False
matched_lot,btcusdt_microprice_20260413_02_5h_5sessions_hs2.00_rq5000,2026-04-13 02:00,2026-04-13 06:00,btcusdt_microprice_20260413_02_5h_5sessions_hs2.00_rq5000:2026-04-13 06:00:fill-000001:fill-000004:22,fill-000001,fill-000004,buy,sell,1776060084986,1776060966130,1776060966130,881144,0.00008000,0.00375367520000000000,0.0060240000000000,0.00227032480000000000,0.0057688000000000,46.920940000000,London,07:00,-2633870,2633870,False,London,07:00,-3515014,3515014,False,London,07:00,-2633870,2633870,False,1087,False,False,False,22,False,False,False
matched_lot,btcusdt_microprice_20260413_02_5h_5sessions_hs2.00_rq5000,2026-04-13 02:00,2026-04-13 06:00,btcusdt_microprice_20260413_02_5h_5sessions_hs2.00_rq5000:2026-04-13 06:00:fill-000001:fill-000007:23,fill-000001,fill-000007,buy,sell,1776060084986,1776061954665,1776061954665,1869679,0.00092000,0.06772635200000000000,0.0938400000000000,0.02611364800000000000,0.0909052000000000,73.615600000000,London,07:00,-1645335,1645335,True,London,07:00,-3515014,3515014,False,London,07:00,-1645335,1645335,True,1155,False,False,False,24,False,False,False
matched_lot,btcusdt_microprice_20260413_02_5h_5sessions_hs2.00_rq5000,2026-04-13 02:00,2026-04-13 06:00,btcusdt_microprice_20260413_02_5h_5sessions_hs2.00_rq5000:2026-04-13 06:00:fill-000002:fill-000007:24,fill-000002,fill-000007,buy,sell,1776060239885,1776061954665,1776061954665,1714780,0.00008000,0.00268940816000000000,0.0049608000000000,0.00227139184000000000,0.0046400000000000,33.617602000000,London,07:00,-1645335,1645335,True,London,07:00,-3360115,3360115,False,London,07:00,-1645335,1645335,True,1056,False,False,False,21,False,False,False
matched_lot,btcusdt_microprice_20260413_02_5h_5sessions_hs2.00_rq5000,2026-04-13 02:00,2026-04-13 06:00,btcusdt_microprice_20260413_02_5h_5sessions_hs2.00_rq5000:2026-04-13 06:00:fill-000003:fill-000009:25,fill-000003,fill-000009,buy,sell,1776060268995,1776062669065,1776062669065,2400070,0.00010000,0.002246937200000000000000000000,0.0050860000000000,0.002839062800000000000000000000,0.0046850000000000,22.4693720000000000000000,London,07:00,-930935,930935,True,London,07:00,-3331005,3331005,False,London,07:00,-930935,930935,True,1013,False,False,False,20,False,False,False
matched_lot,btcusdt_microprice_20260413_02_5h_5sessions_hs2.00_rq5000,2026-04-13 02:00,2026-04-13 06:00,btcusdt_microprice_20260413_02_5h_5sessions_hs2.00_rq5000:2026-04-13 06:00:fill-000003:fill-000011:26,fill-000003,fill-000011,buy,sell,1776060268995,1776062792042,1776062792042,2523047,0.000080000,0.006917325600000000000000000000,0.00918960000000000,0.002272274400000000000000000000,0.00886880000000000,86.466570000000000000000,London,07:00,-807958,807958,True,London,07:00,-3331005,3331005,False,London,07:00,-807958,807958,True,1184,False,False,False,25,False,False,False
matched_lot,btcusdt_microprice_20260413_07_5h_5sessions_hs2.00_rq5000,2026-04-13 07:00,2026-04-13 07:00,btcusdt_microprice_20260413_07_5h_5sessions_hs2.00_rq5000:2026-04-13 07:00:fill-000001:fill-000002:1,fill-000001,fill-000002,sell,buy,1776064415415,1776064499609,1776064499609,84194,0.00040000000000000000000000000,-0.01453904080000000000000000000,-0.003196000000000000000000000000,0.01134304080000000000000000000,-0.004800000000000000000000000000,-36.347602,London,07:00,899609,899609,True,London,07:00,815415,815415,True,London,07:00,899609,899609,True,703,False,False,False,19,False,False,False
matched_lot,btcusdt_microprice_20260413_07_5h_5sessions_hs2.00_rq5000,2026-04-13 07:00,2026-04-13 07:00,btcusdt_microprice_20260413_07_5h_5sessions_hs2.00_rq5000:2026-04-13 07:00:fill-000002:fill-000004:2,fill-000002,fill-000004,buy,sell,1776064499609,1776065327616,1776065327616,828007,0.00060000000000000000000000000,-0.1153958400000000000000000000,-0.09840000000000000000000000000,0.01699584000000000000000000000,-0.1008060000000000000000000000,-192.3264,London,07:00,1727616,1727616,True,London,07:00,899609,899609,True,London,07:00,1727616,1727616,True,174,False,False,False,1,True,True,True
matched_lot,btcusdt_microprice_20260413_07_5h_5sessions_hs2.00_rq5000,2026-04-13 07:00,2026-04-13 07:00,btcusdt_microprice_20260413_07_5h_5sessions_hs2.00_rq5000:2026-04-13 07:00:fill-000003:fill-000004:3,fill-000003,fill-000004,buy,sell,1776064965174,1776065327616,1776065327616,362442,0.00008000,0.00061708800000000000,0.0028800000000000,0.00226291200000000000,0.0025592000000000,7.713600000000,London,07:00,1727616,1727616,True,London,07:00,1365174,1365174,True,London,07:00,1727616,1727616,True,936,False,False,False,28,False,False,False
matched_lot,btcusdt_microprice_20260413_07_5h_5sessions_hs2.00_rq5000,2026-04-13 07:00,2026-04-13 07:00,btcusdt_microprice_20260413_07_5h_5sessions_hs2.00_rq5000:2026-04-13 07:00:fill-000004:fill-000005:4,fill-000004,fill-000005,sell,buy,1776065327616,1776065394373,1776065394373,66757,0.00008000,-0.00038231184000000000,0.0018808000000000,0.00226311184000000000,0.0015600000000000,-4.778898000000,London,07:00,1794373,1794373,True,London,07:00,1727616,1727616,True,London,07:00,1794373,1794373,True,875,False,False,False,23,False,False,False
matched_lot,btcusdt_microprice_20260413_07_5h_5sessions_hs2.00_rq5000,2026-04-13 07:00,2026-04-13 07:00,btcusdt_microprice_20260413_07_5h_5sessions_hs2.00_rq5000:2026-04-13 07:00:fill-000004:fill-000006:5,fill-000004,fill-000006,sell,buy,1776065327616,1776065638289,1776065638289,310673,0.00024000000000000000000000000,0.001371168000000000000000000000,0.008160000000000000000000000000,0.006788832000000000000000000000,0.007197600000000000000000000000,5.7132,London,07:00,2038289,2038289,False,London,07:00,1727616,1727616,True,London,07:00,2038289,2038289,False,926,False,False,False,27,False,False,False
matched_lot,btcusdt_microprice_20260413_07_5h_5sessions_hs2.00_rq5000,2026-04-13 07:00,2026-04-13 07:00,btcusdt_microprice_20260413_07_5h_5sessions_hs2.00_rq5000:2026-04-13 07:00:fill-000006:fill-000007:6,fill-000006,fill-000007,buy,sell,1776065638289,1776066039591,1776066039591,401302,0.00076000000000000000000000000,0.03778294248000000000000000000,0.05928760000000000000000000000,0.02150465752000000000000000000,0.05624000000000000000000000000,49.714398,London,07:00,2439591,2439591,False,London,07:00,2038289,2038289,False,London,07:00,2439591,2439591,False,1097,False,False,False,29,False,False,False
matched_lot,btcusdt_microprice_20260413_07_5h_5sessions_hs2.00_rq5000,2026-04-13 07:00,2026-04-13 07:00,btcusdt_microprice_20260413_07_5h_5sessions_hs2.00_rq5000:2026-04-13 07:00:fill-000007:fill-000009:7,fill-000007,fill-000009,sell,buy,1776066039591,1776066247822,1776066247822,208231,0.00024000000000000000000000000,-0.01056344256000000000000000000,-0.003768000000000000000000000000,0.006795442560000000000000000000,-0.004250400000000000000000000000,-44.014344,London,07:00,2647822,2647822,False,London,07:00,2439591,2439591,False,London,07:00,2647822,2647822,False,670,False,False,False,17,False,False,False
matched_lot,btcusdt_microprice_20260413_07_5h_5sessions_hs2.00_rq5000,2026-04-13 07:00,2026-04-13 07:00,btcusdt_microprice_20260413_07_5h_5sessions_hs2.00_rq5000:2026-04-13 07:00:fill-000008:fill-000009:8,fill-000008,fill-000009,sell,buy,1776066113810,1776066247822,1776066247822,134012,0.00008000,-0.00352114752000000000,-0.0012560000000000,0.00226514752000000000,-0.0014168000000000,-44.014344000000,London,07:00,2647822,2647822,False,London,07:00,2513810,2513810,False,London,07:00,2647822,2647822,False,671,False,False,False,18,False,False,False
matched_lot,btcusdt_microprice_20260413_07_5h_5sessions_hs2.00_rq5000,2026-04-13 07:00,2026-04-13 07:00,btcusdt_microprice_20260413_07_5h_5sessions_hs2.00_rq5000:2026-04-13 07:00:fill-000009:fill-000010:9,fill-000009,fill-000010,buy,sell,1776066247822,1776066625174,1776066625174,377352,0.00008000,-0.00283808416000000000,-0.0005728000000000,0.00226528416000000000,-0.0006904000000000,-35.476052000000,London,07:00,3025174,3025174,False,London,07:00,2647822,2647822,False,London,07:00,3025174,3025174,False,709,False,False,False,20,False,False,False
matched_lot,btcusdt_microprice_20260413_07_5h_5sessions_hs2.00_rq5000,2026-04-13 07:00,2026-04-13 08:00,btcusdt_microprice_20260413_07_5h_5sessions_hs2.00_rq5000:2026-04-13 08:00:fill-000001:fill-000005:10,fill-000001,fill-000005,buy,sell,1776067688964,1776068441260,1776068441260,752296,0.00070000,-0.09680636000000000000,-0.0770000000000000,0.01980636000000000000,-0.0790510000000000,-138.294800000000,London,07:00,4841260,4841260,False,London,07:00,4088964,4088964,False,London,07:00,4841260,4841260,False,302,False,False,False,6,False,False,False
matched_lot,btcusdt_microprice_20260413_07_5h_5sessions_hs2.00_rq5000,2026-04-13 07:00,2026-04-13 08:00,btcusdt_microprice_20260413_07_5h_5sessions_hs2.00_rq5000:2026-04-13 08:00:fill-000002:fill-000005:11,fill-000002,fill-000005,buy,sell,1776067688966,1776068441260,1776068441260,752294,0.00030000,-0.04148844000000000000,-0.0330000000000000,0.00848844000000000000,-0.0338790000000000,-138.294800000000,London,07:00,4841260,4841260,False,London,07:00,4088966,4088966,False,London,07:00,4841260,4841260,False,303,False,False,False,7,False,False,False
matched_lot,btcusdt_microprice_20260413_07_5h_5sessions_hs2.00_rq5000,2026-04-13 07:00,2026-04-13 08:00,btcusdt_microprice_20260413_07_5h_5sessions_hs2.00_rq5000:2026-04-13 08:00:fill-000003:fill-000006:12,fill-000003,fill-000006,buy,sell,1776067791533,1776068535815,1776068535815,744282,0.00010000,-0.00655909400000000000,-0.0037300000000000,0.00282909400000000000,-0.0040060000000000,-65.590940000000,London,07:00,4935815,4935815,False,London,07:00,4191533,4191533,False,London,07:00,4935815,4935815,False,568,False,False,False,15,False,False,False
matched_lot,btcusdt_microprice_20260413_07_5h_5sessions_hs2.00_rq5000,2026-04-13 07:00,2026-04-13 08:00,btcusdt_microprice_20260413_07_5h_5sessions_hs2.00_rq5000:2026-04-13 08:00:fill-000003:fill-000009:13,fill-000003,fill-000009,buy,sell,1776067791533,1776069569434,1776069569434,1777901,0.000320000,-0.026328832640000000000,-0.01727680000000000,0.009052032640000000000,-0.01856000000000000,-82.277602000000,London,07:00,5969434,5969434,False,London,07:00,4191533,4191533,False,London,07:00,5969434,5969434,False,479,False,False,False,14,False,False,False
matched_lot,btcusdt_microprice_20260413_07_5h_5sessions_hs2.00_rq5000,2026-04-13 07:00,2026-04-13 08:00,btcusdt_microprice_20260413_07_5h_5sessions_hs2.00_rq5000:2026-04-13 08:00:fill-000003:fill-000011:14,fill-000003,fill-000011,buy,sell,1776067791533,1776070378541,1776070378541,2587008,0.00007996746314184036603965429588,-0.01409976634053889171326893747,-0.01183918291814946619217081851,0.002260583422389425521098118963,-0.01215985244534824605998983223,-176.3187900000000000000000000,London,07:00,6778541,6778541,False,London,07:00,4191533,4191533,False,London,07:00,6778541,6778541,False,204,False,False,False,2,False,True,True
matched_lot,btcusdt_microprice_20260413_07_5h_5sessions_hs2.00_rq5000,2026-04-13 07:00,2026-04-13 08:00,btcusdt_microprice_20260413_07_5h_5sessions_hs2.00_rq5000:2026-04-13 08:00:fill-000003:fill-000012:15,fill-000003,fill-000012,buy,sell,1776067791533,1776070381981,1776070381981,2590448,0.00050000,-0.08613480000000000000000000000,-0.0720000000000000,0.01413480000000000000000000000,-0.0740050000000000,-172.269600000000000000000,London,07:00,6781981,6781981,False,London,07:00,4191533,4191533,False,London,07:00,6781981,6781981,False,211,False,False,False,4,False,False,False
matched_lot,btcusdt_microprice_20260413_07_5h_5sessions_hs2.00_rq5000,2026-04-13 07:00,2026-04-13 08:00,btcusdt_microprice_20260413_07_5h_5sessions_hs2.00_rq5000:2026-04-13 08:00:fill-000003:fill-000013:16,fill-000003,fill-000013,buy,sell,1776067791533,1776070381983,1776070381983,2590450,0.0000000325368581596339603457041,-0.000005605111540416878495170307574,-0.000004685307574987290289781390400,0.0000009198039654295882053889171738,-0.000004815780376207422470767663840,-172.2696000000000000000000169,London,07:00,6781983,6781983,False,London,07:00,4191533,4191533,False,London,07:00,6781983,6781983,False,210,False,False,False,3,False,False,True
matched_lot,btcusdt_microprice_20260413_07_5h_5sessions_hs2.00_rq5000,2026-04-13 07:00,2026-04-13 08:00,btcusdt_microprice_20260413_07_5h_5sessions_hs2.00_rq5000:2026-04-13 08:00:fill-000004:fill-000013:17,fill-000004,fill-000013,buy,sell,1776068107080,1776070381983,1776070381983,2274903,0.0004999674631418403660396542959,-0.07712798066903914590747330961,-0.06299590035587188612099644128,0.01413208031316725978647686833,-0.06400083495678698525673614641,-154.2660000000000000000000000,London,07:00,6781983,6781983,False,London,07:00,4507080,4507080,False,London,07:00,6781983,6781983,False,262,False,False,False,5,False,False,False
matched_lot,btcusdt_microprice_20260413_07_5h_5sessions_hs2.00_rq5000,2026-04-13 07:00,2026-04-13 09:00,btcusdt_microprice_20260413_07_5h_5sessions_hs2.00_rq5000:2026-04-13 09:00:fill-000001:fill-000002:18,fill-000001,fill-000002,buy,sell,1776070809186,1776071058427,1776071058427,249241,0.00008000,0.00885003952000000000,0.0111144000000000,0.00226436048000000000,0.0103776000000000,110.625494000000,London,07:00,7458427,7458427,False,London,07:00,7209186,7209186,False,London,07:00,7458427,7458427,False,1211,False,False,False,30,False,False,False
matched_lot,btcusdt_microprice_20260413_07_5h_5sessions_hs2.00_rq5000,2026-04-13 07:00,2026-04-13 10:00,btcusdt_microprice_20260413_07_5h_5sessions_hs2.00_rq5000:2026-04-13 10:00:fill-000001:fill-000002:19,fill-000001,fill-000002,buy,sell,1776074522641,1776074736193,1776074736193,213552,0.00008000,-0.00011883664000000000,0.0021464000000000,0.00226523664000000000,0.0019848000000000,-1.485458000000,London,07:00,11136193,11136193,False,London,07:00,10922641,10922641,False,London,07:00,11136193,11136193,False,892,False,False,False,25,False,False,False
matched_lot,btcusdt_microprice_20260413_07_5h_5sessions_hs2.00_rq5000,2026-04-13 07:00,2026-04-13 10:00,btcusdt_microprice_20260413_07_5h_5sessions_hs2.00_rq5000:2026-04-13 10:00:fill-000003:fill-000004:20,fill-000003,fill-000004,sell,buy,1776074880523,1776074986275,1776074986275,105752,0.00008000,-0.00173060320000000000,0.0005360000000000,0.00226660320000000000,0.0002152000000000,-21.632540000000,London,07:00,11386275,11386275,False,London,07:00,11280523,11280523,False,London,07:00,11386275,11386275,False,803,False,False,False,22,False,False,False
matched_lot,btcusdt_microprice_20260413_07_5h_5sessions_hs2.00_rq5000,2026-04-13 07:00,2026-04-13 10:00,btcusdt_microprice_20260413_07_5h_5sessions_hs2.00_rq5000:2026-04-13 10:00:fill-000004:fill-000007:21,fill-000004,fill-000007,buy,sell,1776074986275,1776075931785,1776075931785,945510,0.00016000,-0.01643301152000000000,-0.0119024000000000,0.00453061152000000000,-0.0125440000000000,-102.706322000000,US cash open,13:30,-11068215,11068215,False,London,07:00,11386275,11386275,False,US cash open,13:30,-11068215,11068215,False,405,False,False,False,10,False,False,False
matched_lot,btcusdt_microprice_20260413_07_5h_5sessions_hs2.00_rq5000,2026-04-13 07:00,2026-04-13 10:00,btcusdt_microprice_20260413_07_5h_5sessions_hs2.00_rq5000:2026-04-13 10:00:fill-000004:fill-000008:22,fill-000004,fill-000008,buy,sell,1776074986275,1776075931947,1776075931947,945672,0.00008000,-0.00762862336000000000,-0.0053632000000000,0.00226542336000000000,-0.0055248000000000,-95.357792000000,US cash open,13:30,-11068053,11068053,False,London,07:00,11386275,11386275,False,US cash open,13:30,-11068053,11068053,False,431,False,False,False,12,False,False,False
matched_lot,btcusdt_microprice_20260413_07_5h_5sessions_hs2.00_rq5000,2026-04-13 07:00,2026-04-13 10:00,btcusdt_microprice_20260413_07_5h_5sessions_hs2.00_rq5000:2026-04-13 10:00:fill-000004:fill-000011:23,fill-000004,fill-000011,buy,sell,1776074986275,1776077149236,1776077149236,2162961,0.00032000,-0.03337792064000000000,-0.0243168000000000,0.00906112064000000000,-0.0256000000000000,-104.306002000000,US cash open,13:30,-9850764,9850764,False,London,07:00,11386275,11386275,False,US cash open,13:30,-9850764,9850764,False,400,False,False,False,9,False,False,False
matched_lot,btcusdt_microprice_20260413_07_5h_5sessions_hs2.00_rq5000,2026-04-13 07:00,2026-04-13 10:00,btcusdt_microprice_20260413_07_5h_5sessions_hs2.00_rq5000:2026-04-13 10:00:fill-000004:fill-000012:24,fill-000004,fill-000012,buy,sell,1776074986275,1776077149392,1776077149392,2163117,0.00008000,-0.00802534400000000000,-0.0057600000000000,0.00226534400000000000,-0.0060808000000000,-100.316800000000,US cash open,13:30,-9850608,9850608,False,London,07:00,11386275,11386275,False,US cash open,13:30,-9850608,9850608,False,412,False,False,False,11,False,False,False
matched_lot,btcusdt_microprice_20260413_07_5h_5sessions_hs2.00_rq5000,2026-04-13 07:00,2026-04-13 10:00,btcusdt_microprice_20260413_07_5h_5sessions_hs2.00_rq5000:2026-04-13 10:00:fill-000004:fill-000013:25,fill-000004,fill-000013,buy,sell,1776074986275,1776077222640,1776077222640,2236365,0.00008000,-0.00689277056000000000,-0.0046272000000000,0.00226557056000000000,-0.0049480000000000,-86.159632000000,US cash open,13:30,-9777360,9777360,False,London,07:00,11386275,11386275,False,US cash open,13:30,-9777360,9777360,False,463,False,False,False,13,False,False,False
matched_lot,btcusdt_microprice_20260413_07_5h_5sessions_hs2.00_rq5000,2026-04-13 07:00,2026-04-13 10:00,btcusdt_microprice_20260413_07_5h_5sessions_hs2.00_rq5000:2026-04-13 10:00:fill-000004:fill-000014:26,fill-000004,fill-000014,buy,sell,1776074986275,1776077505602,1776077505602,2519327,0.00008000,-0.00476039712000000000,-0.0024944000000000,0.00226599712000000000,-0.0028152000000000,-59.504964000000,US cash open,13:30,-9494398,9494398,False,London,07:00,11386275,11386275,False,US cash open,13:30,-9494398,9494398,False,598,False,False,False,16,False,False,False
matched_lot,btcusdt_microprice_20260413_07_5h_5sessions_hs2.00_rq5000,2026-04-13 07:00,2026-04-13 11:00,btcusdt_microprice_20260413_07_5h_5sessions_hs2.00_rq5000:2026-04-13 11:00:fill-000001:fill-000003:27,fill-000001,fill-000003,buy,sell,1776078243765,1776079230489,1776079230489,986724,0.00007999999999999999999999999985,0.000114180000000000000000000000,0.002381599999999999999999999996,0.002267419999999999999999999996,0.002060799999999999999999999996,1.427250000000000000000000003,US cash open,13:30,-7769511,7769511,False,US cash open,13:30,-8756235,8756235,False,US cash open,13:30,-7769511,7769511,False,905,False,False,False,26,False,False,False
matched_lot,btcusdt_microprice_20260413_07_5h_5sessions_hs2.00_rq5000,2026-04-13 07:00,2026-04-13 11:00,btcusdt_microprice_20260413_07_5h_5sessions_hs2.00_rq5000:2026-04-13 11:00:fill-000001:fill-000004:28,fill-000001,fill-000004,buy,sell,1776078243765,1776079396779,1776079396779,1153014,0.00000000000000000000000000000015,-0.00000000000000000000000000000059946500000000,0.0000000000000000000000000000035265000000,0.00000000000000000000000000000412596500000000,0.0000000000000000000000000000031590000000,-3.996433333333333333333333333,US cash open,13:30,-7603221,7603221,False,US cash open,13:30,-8756235,8756235,False,US cash open,13:30,-7603221,7603221,False,881,False,False,False,24,False,False,False
matched_lot,btcusdt_microprice_20260413_07_5h_5sessions_hs2.00_rq5000,2026-04-13 07:00,2026-04-13 11:00,btcusdt_microprice_20260413_07_5h_5sessions_hs2.00_rq5000:2026-04-13 11:00:fill-000002:fill-000004:29,fill-000002,fill-000004,buy,sell,1776078992765,1776079396779,1776079396779,404014,0.00008000,-0.00198764000000000000,0.0002800000000000,0.00226764000000000000,0.0000840000000000,-24.845500000000,US cash open,13:30,-7603221,7603221,False,US cash open,13:30,-8007235,8007235,False,US cash open,13:30,-7603221,7603221,False,789,False,False,False,21,False,False,False
matched_lot,btcusdt_microprice_20260413_07_5h_5sessions_hs2.00_rq5000,2026-04-13 07:00,2026-04-13 11:00,btcusdt_microprice_20260413_07_5h_5sessions_hs2.00_rq5000:2026-04-13 11:00:fill-000004:fill-000005:30,fill-000004,fill-000005,sell,buy,1776079396779,1776080904565,1776080904565,1507786,0.00008000,-0.009234689120000000000000000000,-0.0069656000000000,0.002269089120000000000000000000,-0.0071616000000000,-115.4336140000000000000000,US cash open,13:30,-6095435,6095435,False,US cash open,13:30,-7603221,7603221,False,US cash open,13:30,-6095435,6095435,False,368,False,False,False,8,False,False,False
matched_lot,btcusdt_microprice_20260413_12_5h_5sessions_hs2.00_rq5000,2026-04-13 12:00,2026-04-13 12:00,btcusdt_microprice_20260413_12_5h_5sessions_hs2.00_rq5000:2026-04-13 12:00:fill-000001:fill-000004:1,fill-000001,fill-000004,buy,sell,1776082171766,1776083601286,1776083601286,1429520,0.0003199999999999999999999999991,-0.06603315135999999999999999982,-0.05695679999999999999999999984,0.009076351359999999999999999975,-0.05787839999999999999999999984,-206.3535980000000000000000000,US cash open,13:30,-3398714,3398714,False,US cash open,13:30,-4828234,4828234,False,US cash open,13:30,-3398714,3398714,False,160,False,False,False,32,False,False,False
matched_lot,btcusdt_microprice_20260413_12_5h_5sessions_hs2.00_rq5000,2026-04-13 12:00,2026-04-13 12:00,btcusdt_microprice_20260413_12_5h_5sessions_hs2.00_rq5000:2026-04-13 12:00:fill-000002:fill-000004:2,fill-000002,fill-000004,buy,sell,1776082506925,1776083601286,1776083601286,1094361,0.0006800000000000000000000000009,-0.1063204480000000000000000001,-0.08704000000000000000000000012,0.01928044800000000000000000002,-0.08840680000000000000000000012,-156.3535999999999999999999999,US cash open,13:30,-3398714,3398714,False,US cash open,13:30,-4493075,4493075,False,US cash open,13:30,-3398714,3398714,False,257,False,False,False,39,False,False,False
matched_lot,btcusdt_microprice_20260413_12_5h_5sessions_hs2.00_rq5000,2026-04-13 12:00,2026-04-13 12:00,btcusdt_microprice_20260413_12_5h_5sessions_hs2.00_rq5000:2026-04-13 12:00:fill-000002:fill-000005:3,fill-000002,fill-000005,buy,sell,1776082506925,1776083601421,1776083601421,1094496,0.0001576943577939973954389896721,-0.02395921088114237257336684931,-0.01948786873618219812835034368,0.004471342144960174445016505633,-0.01961560116599533601865592532,-151.9344840000000000000000000,US cash open,13:30,-3398579,3398579,False,US cash open,13:30,-4493075,4493075,False,US cash open,13:30,-3398579,3398579,False,268,False,False,False,41,False,False,False
matched_lot,btcusdt_microprice_20260413_12_5h_5sessions_hs2.00_rq5000,2026-04-13 12:00,2026-04-13 12:00,btcusdt_microprice_20260413_12_5h_5sessions_hs2.00_rq5000:2026-04-13 12:00:fill-000003:fill-000005:4,fill-000003,fill-000005,buy,sell,1776082507712,1776083601421,1776083601421,1093709,0.0000023056422060026045610103279,-0.0003503065588576274266331506882,-0.0002849312638178018716496563219,0.00006537529503982555498349436628,-0.0002867988340046639813440746875,-151.9344840000000000000000000,US cash open,13:30,-3398579,3398579,False,US cash open,13:30,-4492288,4492288,False,US cash open,13:30,-3398579,3398579,False,269,False,False,False,42,False,False,False
matched_lot,btcusdt_microprice_20260413_12_5h_5sessions_hs2.00_rq5000,2026-04-13 12:00,2026-04-13 12:00,btcusdt_microprice_20260413_12_5h_5sessions_hs2.00_rq5000:2026-04-13 12:00:fill-000003:fill-000009:5,fill-000003,fill-000009,buy,sell,1776082507712,1776084359391,1776084359391,1851679,0.0001599999999999999999999999991,-0.01413875199999999999999999992,-0.009599999999999999999999999946,0.004538751999999999999999999974,-0.009921599999999999999999999944,-88.36720000000000000000000000,US cash open,13:30,-2640609,2640609,False,US cash open,13:30,-4492288,4492288,False,US cash open,13:30,-2640609,2640609,False,452,False,False,False,56,False,False,False
matched_lot,btcusdt_microprice_20260413_12_5h_5sessions_hs2.00_rq5000,2026-04-13 12:00,2026-04-13 12:00,btcusdt_microprice_20260413_12_5h_5sessions_hs2.00_rq5000:2026-04-13 12:00:fill-000006:fill-000009:6,fill-000006,fill-000009,buy,sell,1776084079965,1776084359391,1776084359391,279426,0.0008400000000000000000000000009,0.04003440000000000000000000005,0.06384000000000000000000000007,0.02380560000000000000000000002,0.06215160000000000000000000007,47.66000000000000000000000001,US cash open,13:30,-2640609,2640609,False,US cash open,13:30,-2920035,2920035,False,US cash open,13:30,-2640609,2640609,False,1089,False,False,False,96,False,False,False
matched_lot,btcusdt_microprice_20260413_12_5h_5sessions_hs2.00_rq5000,2026-04-13 12:00,2026-04-13 12:00,btcusdt_microprice_20260413_12_5h_5sessions_hs2.00_rq5000:2026-04-13 12:00:fill-000006:fill-000011:7,fill-000006,fill-000011,buy,sell,1776084079965,1776084859180,1776084859180,779215,0.0001599999999999999999999999991,0.05593593599999999999999999968,0.06047999999999999999999999966,0.004544063999999999999999999977,0.05929759999999999999999999967,349.5996000000000000000000000,US cash open,13:30,-2140820,2140820,False,US cash open,13:30,-2920035,2920035,False,US cash open,13:30,-2140820,2140820,False,1418,False,False,False,109,False,False,False
matched_lot,btcusdt_microprice_20260413_12_5h_5sessions_hs2.00_rq5000,2026-04-13 12:00,2026-04-13 12:00,btcusdt_microprice_20260413_12_5h_5sessions_hs2.00_rq5000:2026-04-13 12:00:fill-000007:fill-000011:8,fill-000007,fill-000011,buy,sell,1776084127293,1776084859180,1776084859180,731887,0.00008000,0.02812239888000000000,0.0303944000000000,0.00227200112000000000,0.0296432000000000,351.529986000000,US cash open,13:30,-2140820,2140820,False,US cash open,13:30,-2872707,2872707,False,US cash open,13:30,-2140820,2140820,False,1420,False,False,False,110,False,False,False
matched_lot,btcusdt_microprice_20260413_12_5h_5sessions_hs2.00_rq5000,2026-04-13 12:00,2026-04-13 12:00,btcusdt_microprice_20260413_12_5h_5sessions_hs2.00_rq5000:2026-04-13 12:00:fill-000008:fill-000011:9,fill-000008,fill-000011,buy,sell,1776084174518,1776084859180,1776084859180,684662,0.00000000000000000000000000000090,0.00000000000000000000000000033181507440000000,0.0000000000000000000000000003573720000000,0.00000000000000000000000000002555692560000000,0.0000000000000000000000000003489210000000,368.683416000000,US cash open,13:30,-2140820,2140820,False,US cash open,13:30,-2825482,2825482,False,US cash open,13:30,-2140820,2140820,False,1431,False,False,False,111,False,False,False
matched_lot,btcusdt_microprice_20260413_12_5h_5sessions_hs2.00_rq5000,2026-04-13 12:00,2026-04-13 12:00,btcusdt_microprice_20260413_12_5h_5sessions_hs2.00_rq5000:2026-04-13 12:00:fill-000010:fill-000011:10,fill-000010,fill-000011,buy,sell,1776084857815,1776084859180,1776084859180,1365,0.00000012759170653907496012759355,-0.000003121556363636363636363681464,0.0000005116427432216905901116501355,0.000003633199106858054226475331600,-0.0000004708133971291866028708201996,-24.46519800000000000000000000,US cash open,13:30,-2140820,2140820,False,US cash open,13:30,-2142185,2142185,False,US cash open,13:30,-2140820,2140820,False,790,False,False,False,78,False,False,False
matched_lot,btcusdt_microprice_20260413_12_5h_5sessions_hs2.00_rq5000,2026-04-13 12:00,2026-04-13 12:00,btcusdt_microprice_20260413_12_5h_5sessions_hs2.00_rq5000:2026-04-13 12:00:fill-000011:fill-000012:11,fill-000011,fill-000012,sell,buy,1776084859180,1776084966065,1776084966065,106885,0.0007598724082934609250398724064,0.02396333626794258373205741621,0.04559234449760765550239234438,0.02162900822966507177033492817,0.03854832727272727272727272717,31.53600000000000000000000000,US cash open,13:30,-2033935,2033935,False,US cash open,13:30,-2140820,2140820,False,US cash open,13:30,-2033935,2033935,False,1044,False,False,False,94,False,False,False
matched_lot,btcusdt_microprice_20260413_12_5h_5sessions_hs2.00_rq5000,2026-04-13 12:00,2026-04-13 12:00,btcusdt_microprice_20260413_12_5h_5sessions_hs2.00_rq5000:2026-04-13 12:00:fill-000012:fill-000014:12,fill-000012,fill-000014,buy,sell,1776084966065,1776085043407,1776085043407,77342,0.0002401275917065390749601275936,-0.01659374540044657097288676249,-0.009763587878787878787878787956,0.006830157521658692185007974536,-0.01192473620414673046251993630,-69.10386799999999999999999999,US cash open,13:30,-1956593,1956593,False,US cash open,13:30,-2033935,2033935,False,US cash open,13:30,-1956593,1956593,False,542,False,False,False,62,False,False,False
matched_lot,btcusdt_microprice_20260413_12_5h_5sessions_hs2.00_rq5000,2026-04-13 12:00,2026-04-13 12:00,btcusdt_microprice_20260413_12_5h_5sessions_hs2.00_rq5000:2026-04-13 12:00:fill-000013:fill-000014:13,fill-000013,fill-000014,buy,sell,1776084996815,1776085043407,1776085043407,46592,0.00008000,-0.00367833952000000000,-0.0014032000000000,0.00227513952000000000,-0.0021328000000000,-45.979244000000,US cash open,13:30,-1956593,1956593,False,US cash open,13:30,-2003185,2003185,False,US cash open,13:30,-1956593,1956593,False,662,False,False,False,71,False,False,False
matched_lot,btcusdt_microprice_20260413_12_5h_5sessions_hs2.00_rq5000,2026-04-13 12:00,2026-04-13 12:00,btcusdt_microprice_20260413_12_5h_5sessions_hs2.00_rq5000:2026-04-13 12:00:fill-000014:fill-000015:14,fill-000014,fill-000015,sell,buy,1776085043407,1776085166365,1776085166365,122958,0.000080000000000000000000000000,-0.002007605440000000000000000000,0.0002672000000000000000000000000,0.002274805440000000000000000000,-0.0004624000000000000000000000000,-25.095068,US cash open,13:30,-1833635,1833635,False,US cash open,13:30,-1956593,1956593,False,US cash open,13:30,-1833635,1833635,False,785,False,False,False,77,False,False,False
matched_lot,btcusdt_microprice_20260413_12_5h_5sessions_hs2.00_rq5000,2026-04-13 12:00,2026-04-13 13:00,btcusdt_microprice_20260413_12_5h_5sessions_hs2.00_rq5000:2026-04-13 13:00:fill-000001:fill-000002:15,fill-000001,fill-000002,buy,sell,1776085223050,1776085366493,1776085366493,143443,0.001,0.023944200000000,0.05240000000,0.028455800000000,0.05039000000,23.944200000000,US cash open,13:30,-1633507,1633507,True,US cash open,13:30,-1776950,1776950,True,US cash open,13:30,-1633507,1633507,True,1018,False,False,False,90,False,False,False
matched_lot,btcusdt_microprice_20260413_12_5h_5sessions_hs2.00_rq5000,2026-04-13 12:00,2026-04-13 13:00,btcusdt_microprice_20260413_12_5h_5sessions_hs2.00_rq5000:2026-04-13 13:00:fill-000003:fill-000004:16,fill-000003,fill-000004,sell,buy,1776085709348,1776085720715,1776085720715,11367,0.00000000000000000000000000000001,-0.00000000000000000000000000000033450548000000,-0.0000000000000000000000000000000502000000,0.00000000000000000000000000000028430548000000,-0.0000000000000000000000000000000903000000,-33.450548000000,US cash open,13:30,-1279285,1279285,True,US cash open,13:30,-1290652,1290652,True,US cash open,13:30,-1279285,1279285,True,721,False,False,False,73,False,False,False
matched_lot,btcusdt_microprice_20260413_12_5h_5sessions_hs2.00_rq5000,2026-04-13 12:00,2026-04-13 13:00,btcusdt_microprice_20260413_12_5h_5sessions_hs2.00_rq5000:2026-04-13 13:00:fill-000003:fill-000010:17,fill-000003,fill-000010,sell,buy,1776085709348,1776086324008,1776086324008,614660,0.00008000000000000000000000000,-0.008033915200000000000000000000,-0.005758400000000000000000000000,0.00227551520,-0.006079200000000000000000000000,-100.42394,US cash open,13:30,-675992,675992,True,US cash open,13:30,-1290652,1290652,True,US cash open,13:30,-675992,675992,True,410,False,False,False,55,False,False,False
matched_lot,btcusdt_microprice_20260413_12_5h_5sessions_hs2.00_rq5000,2026-04-13 12:00,2026-04-13 13:00,btcusdt_microprice_20260413_12_5h_5sessions_hs2.00_rq5000:2026-04-13 13:00:fill-000003:fill-000011:18,fill-000003,fill-000011,sell,buy,1776085709348,1776086605047,1776086605047,895699,0.0000800000000000000000000000000,-0.01300770976000000000000000000,-0.01073120000000000000000000000,0.002276509760000000000000000000,-0.01105200000000000000000000000,-162.596372,US cash open,13:30,-394953,394953,True,US cash open,13:30,-1290652,1290652,True,US cash open,13:30,-394953,394953,True,241,False,False,False,36,False,False,False
matched_lot,btcusdt_microprice_20260413_12_5h_5sessions_hs2.00_rq5000,2026-04-13 12:00,2026-04-13 13:00,btcusdt_microprice_20260413_12_5h_5sessions_hs2.00_rq5000:2026-04-13 13:00:fill-000005:fill-000011:19,fill-000005,fill-000011,sell,buy,1776085834082,1776086605047,1776086605047,770965,0.00086000,-0.10875869600000000000,-0.0842800000000000,0.02447869600000000000,-0.0877286000000000,-126.463600000000,US cash open,13:30,-394953,394953,True,US cash open,13:30,-1165918,1165918,True,US cash open,13:30,-394953,394953,True,338,False,False,False,48,False,False,False
matched_lot,btcusdt_microprice_20260413_12_5h_5sessions_hs2.00_rq5000,2026-04-13 12:00,2026-04-13 13:00,btcusdt_microprice_20260413_12_5h_5sessions_hs2.00_rq5000:2026-04-13 13:00:fill-000006:fill-000011:20,fill-000006,fill-000011,sell,buy,1776086050139,1776086605047,1776086605047,554908,0.0000600000000000000000000000000,-0.003268680000000000000000000000,-0.001560000000000000000000000000,0.001708680000000000000000000000,-0.001680600000000000000000000000,-54.478,US cash open,13:30,-394953,394953,True,US cash open,13:30,-949861,949861,True,US cash open,13:30,-394953,394953,True,613,False,False,False,67,False,False,False
matched_lot,btcusdt_microprice_20260413_12_5h_5sessions_hs2.00_rq5000,2026-04-13 12:00,2026-04-13 13:00,btcusdt_microprice_20260413_12_5h_5sessions_hs2.00_rq5000:2026-04-13 13:00:fill-000006:fill-000015:21,fill-000006,fill-000015,sell,buy,1776086050139,1776087458283,1776087458283,1408144,0.0009343100278973205596764775848,0.1210480860423433749270128241,0.1476209844077766484288834584,0.02657289836543327350187063429,0.1468548501849008455699487468,129.5588000000000000000000000,US cash open,13:30,458283,458283,True,US cash open,13:30,-949861,949861,True,US cash open,13:30,458283,458283,True,1237,False,False,False,101,False,False,False
matched_lot,btcusdt_microprice_20260413_12_5h_5sessions_hs2.00_rq5000,2026-04-13 12:00,2026-04-13 13:00,btcusdt_microprice_20260413_12_5h_5sessions_hs2.00_rq5000:2026-04-13 13:00:fill-000007:fill-000015:22,fill-000007,fill-000015,sell,buy,1776086063489,1776087458283,1776087458283,1394794,0.0000656899721026794403235224152,0.008904774962306178499599922148,0.01077315542483942821305767609,0.001868380462533249713457753942,0.01058790970350987219134534288,135.5576000000000000000000000,US cash open,13:30,458283,458283,True,US cash open,13:30,-936511,936511,True,US cash open,13:30,458283,458283,True,1248,False,False,False,102,False,False,False
matched_lot,btcusdt_microprice_20260413_12_5h_5sessions_hs2.00_rq5000,2026-04-13 12:00,2026-04-13 13:00,btcusdt_microprice_20260413_12_5h_5sessions_hs2.00_rq5000:2026-04-13 13:00:fill-000007:fill-000018:23,fill-000007,fill-000018,sell,buy,1776086063489,1776088215672,1776088215672,2152183,0.00045000,-0.1955503800000000000000000000,-0.1827000000000000,0.01285038000000000000000000000,-0.1845045000000000,-434.55640000000000000000,US cash open,13:30,1215672,1215672,True,US cash open,13:30,-936511,936511,True,US cash open,13:30,1215672,1215672,True,42,False,True,True,11,False,False,True
matched_lot,btcusdt_microprice_20260413_12_5h_5sessions_hs2.00_rq5000,2026-04-13 12:00,2026-04-13 13:00,btcusdt_microprice_20260413_12_5h_5sessions_hs2.00_rq5000:2026-04-13 13:00:fill-000007:fill-000019:24,fill-000007,fill-000019,sell,buy,1776086063489,1776088215678,1776088215678,2152189,0.00028000,-0.1216757920000000000000000000,-0.1136800000000000,0.007995792000000000000000000000,-0.1148028000000000,-434.55640000000000000000,US cash open,13:30,1215678,1215678,True,US cash open,13:30,-936511,936511,True,US cash open,13:30,1215678,1215678,True,43,False,True,True,12,False,False,False
matched_lot,btcusdt_microprice_20260413_12_5h_5sessions_hs2.00_rq5000,2026-04-13 12:00,2026-04-13 13:00,btcusdt_microprice_20260413_12_5h_5sessions_hs2.00_rq5000:2026-04-13 13:00:fill-000007:fill-000020:25,fill-000007,fill-000020,sell,buy,1776086063489,1776088215689,1776088215689,2152200,0.0002043100278973205596764775848,-0.08878423020695919205899526393,-0.08294987132631214722864989943,0.005834358880647044830345364502,-0.08376915453818040267295257455,-434.5564000000000000000000000,US cash open,13:30,1215689,1215689,True,US cash open,13:30,-936511,936511,True,US cash open,13:30,1215689,1215689,True,44,False,True,True,13,False,False,False
matched_lot,btcusdt_microprice_20260413_12_5h_5sessions_hs2.00_rq5000,2026-04-13 12:00,2026-04-13 13:00,btcusdt_microprice_20260413_12_5h_5sessions_hs2.00_rq5000:2026-04-13 13:00:fill-000008:fill-000020:26,fill-000008,fill-000020,sell,buy,1776086074724,1776088215689,1776088215689,2140965,0.0000656899721026794403235224152,-0.02803765909704288402067429339,-0.02616168828961311390324603708,0.001875970807429770117428256310,-0.02642510507774485845894336196,-426.8179480000000000000000000,US cash open,13:30,1215689,1215689,True,US cash open,13:30,-925276,925276,True,US cash open,13:30,1215689,1215689,True,48,False,True,True,15,False,False,False
matched_lot,btcusdt_microprice_20260413_12_5h_5sessions_hs2.00_rq5000,2026-04-13 12:00,2026-04-13 13:00,btcusdt_microprice_20260413_12_5h_5sessions_hs2.00_rq5000:2026-04-13 13:00:fill-000008:fill-000021:27,fill-000008,fill-000021,sell,buy,1776086074724,1776088250906,1776088250906,2176182,0.0000943100278973205596764775848,-0.04062958485366968707424147401,-0.03793620872169719512986310849,0.002693376131972491944378365519,-0.03831439193356545057416578361,-430.8087460000000000000000001,US cash open,13:30,1250906,1250906,True,US cash open,13:30,-925276,925276,True,US cash open,13:30,1250906,1250906,True,46,False,True,True,14,False,False,False
matched_lot,btcusdt_microprice_20260413_12_5h_5sessions_hs2.00_rq5000,2026-04-13 12:00,2026-04-13 13:00,btcusdt_microprice_20260413_12_5h_5sessions_hs2.00_rq5000:2026-04-13 13:00:fill-000009:fill-000021:28,fill-000009,fill-000021,sell,buy,1776086203259,1776088250906,1776088250906,2047647,0.0002556899721026794403235224152,-0.1187787305091429683614108692,-0.1114782709370472091866525378,0.007300459572095759174758331351,-0.1119922077809735948617028178,-464.5419980000000000000000002,US cash open,13:30,1250906,1250906,True,US cash open,13:30,-796741,796741,True,US cash open,13:30,1250906,1250906,True,33,False,True,True,8,False,False,True
matched_lot,btcusdt_microprice_20260413_12_5h_5sessions_hs2.00_rq5000,2026-04-13 12:00,2026-04-13 13:00,btcusdt_microprice_20260413_12_5h_5sessions_hs2.00_rq5000:2026-04-13 13:00:fill-000009:fill-000022:29,fill-000009,fill-000022,sell,buy,1776086203259,1776088291247,1776088291247,2087988,0.00007000,-0.02173578386000000000000000000,-0.0197393000000000,0.001996483860000000000000000000,-0.0198800000000000,-310.511198000000000000000,US cash open,13:30,1291247,1291247,True,US cash open,13:30,-796741,796741,True,US cash open,13:30,1291247,1291247,True,79,False,False,True,18,False,False,False
matched_lot,btcusdt_microprice_20260413_12_5h_5sessions_hs2.00_rq5000,2026-04-13 12:00,2026-04-13 13:00,btcusdt_microprice_20260413_12_5h_5sessions_hs2.00_rq5000:2026-04-13 13:00:fill-000009:fill-000023:30,fill-000009,fill-000023,sell,buy,1776086203259,1776088384531,1776088384531,2181272,0.0001600000000000000000000000000,-0.04476560864000000000000000000,-0.04020320000000000000000000000,0.004562408640000000000000000001,-0.04066560000000000000000000000,-279.785054,US cash open,13:30,1384531,1384531,True,US cash open,13:30,-796741,796741,True,US cash open,13:30,1384531,1384531,True,99,False,False,True,24,False,False,False
matched_lot,btcusdt_microprice_20260413_12_5h_5sessions_hs2.00_rq5000,2026-04-13 12:00,2026-04-13 13:00,btcusdt_microprice_20260413_12_5h_5sessions_hs2.00_rq5000:2026-04-13 13:00:fill-000009:fill-000026:31,fill-000009,fill-000026,sell,buy,1776086203259,1776088622397,1776088622397,2419138,0.0005143100278973205596764775848,-0.2389186079508570316385891308,-0.2242340290629527908133474622,0.01468457888790424082524166865,-0.2243060324668584156917021691,-464.5419979999999999999999999,US cash open,13:30,1622397,1622397,True,US cash open,13:30,-796741,796741,True,US cash open,13:30,1622397,1622397,True,34,False,True,True,9,False,False,True
matched_lot,btcusdt_microprice_20260413_12_5h_5sessions_hs2.00_rq5000,2026-04-13 12:00,2026-04-13 13:00,btcusdt_microprice_20260413_12_5h_5sessions_hs2.00_rq5000:2026-04-13 13:00:fill-000012:fill-000026:32,fill-000012,fill-000026,sell,buy,1776087071613,1776088622397,1776088622397,1550784,0.0004856899721026794403235224152,-0.2333928753948751108323781925,-0.2195270104906900802318288964,0.01386586490418503060054929608,-0.2200224142622348132609588892,-480.5387979999999999999999999,US cash open,13:30,1622397,1622397,True,US cash open,13:30,71613,71613,True,US cash open,13:30,1622397,1622397,True,27,False,True,True,6,False,True,True
matched_lot,btcusdt_microprice_20260413_12_5h_5sessions_hs2.00_rq5000,2026-04-13 12:00,2026-04-13 13:00,btcusdt_microprice_20260413_12_5h_5sessions_hs2.00_rq5000:2026-04-13 13:00:fill-000012:fill-000028:33,fill-000012,fill-000028,sell,buy,1776087071613,1776088699462,1776088699462,1627849,0.00014000,-0.06782994260000000000000000000,-0.0638330000000000,0.003996942600000000000000000000,-0.0642376000000000,-484.499590000000000000000,US cash open,13:30,1699462,1699462,True,US cash open,13:30,71613,71613,True,US cash open,13:30,1699462,1699462,True,26,False,True,True,5,False,True,True
matched_lot,btcusdt_microprice_20260413_12_5h_5sessions_hs2.00_rq5000,2026-04-13 12:00,2026-04-13 14:00,btcusdt_microprice_20260413_12_5h_5sessions_hs2.00_rq5000:2026-04-13 14:00:fill-000001:fill-000003:34,fill-000001,fill-000003,sell,buy,1776088842597,1776088868432,1776088868432,25835,0.0000699999999999999999999999994,-0.006138118139999999999999999947,-0.004130699999999999999999999965,0.002007418139999999999999999982,-0.004660599999999999999999999961,-87.68740199999999999999999999,US cash open,13:30,1868432,1868432,False,US cash open,13:30,1842597,1842597,False,US cash open,13:30,1868432,1868432,False,457,False,False,False,57,False,False,False
matched_lot,btcusdt_microprice_20260413_12_5h_5sessions_hs2.00_rq5000,2026-04-13 12:00,2026-04-13 14:00,btcusdt_microprice_20260413_12_5h_5sessions_hs2.00_rq5000:2026-04-13 14:00:fill-000001:fill-000004:35,fill-000001,fill-000004,sell,buy,1776088842597,1776088917115,1776088917115,74518,0.00043000,0.01896684936000000000000000000,0.0312868000000000,0.01231995064000000000000000000,0.0282768000000000,44.108952000000000000000,US cash open,13:30,1917115,1917115,False,US cash open,13:30,1842597,1842597,False,US cash open,13:30,1917115,1917115,False,1080,False,False,False,95,False,False,False
matched_lot,btcusdt_microprice_20260413_12_5h_5sessions_hs2.00_rq5000,2026-04-13 12:00,2026-04-13 14:00,btcusdt_microprice_20260413_12_5h_5sessions_hs2.00_rq5000:2026-04-13 14:00:fill-000001:fill-000005:36,fill-000001,fill-000005,sell,buy,1776088842597,1776089030829,1776089030829,188232,0.00024000,0.03490301088000000000000000000,0.0417744000000000,0.006871389120000000000000000000,0.0399576000000000,145.429212000000000000000,US cash open,13:30,2030829,2030829,False,US cash open,13:30,1842597,1842597,False,US cash open,13:30,2030829,2030829,False,1261,False,False,False,103,False,False,False
matched_lot,btcusdt_microprice_20260413_12_5h_5sessions_hs2.00_rq5000,2026-04-13 12:00,2026-04-13 14:00,btcusdt_microprice_20260413_12_5h_5sessions_hs2.00_rq5000:2026-04-13 14:00:fill-000001:fill-000006:37,fill-000001,fill-000006,sell,buy,1776088842597,1776089032860,1776089032860,190263,0.0002600000000000000000000000006,0.03781159512000000000000000008,0.04525560000000000000000000010,0.007444004880000000000000000019,0.04380740000000000000000000010,145.4292120000000000000000000,US cash open,13:30,2032860,2032860,False,US cash open,13:30,1842597,1842597,False,US cash open,13:30,2032860,2032860,False,1262,False,False,False,104,False,False,False
matched_lot,btcusdt_microprice_20260413_12_5h_5sessions_hs2.00_rq5000,2026-04-13 12:00,2026-04-13 14:00,btcusdt_microprice_20260413_12_5h_5sessions_hs2.00_rq5000:2026-04-13 14:00:fill-000002:fill-000006:38,fill-000002,fill-000006,sell,buy,1776088843711,1776089032860,1776089032860,189149,0.00007000,0.01073923298000000000,0.0127435000000000,0.00200426702000000000,0.0126028000000000,153.417614000000,US cash open,13:30,2032860,2032860,False,US cash open,13:30,1843711,1843711,False,US cash open,13:30,2032860,2032860,False,1273,False,False,False,105,False,False,False
matched_lot,btcusdt_microprice_20260413_12_5h_5sessions_hs2.00_rq5000,2026-04-13 12:00,2026-04-13 14:00,btcusdt_microprice_20260413_12_5h_5sessions_hs2.00_rq5000:2026-04-13 14:00:fill-000006:fill-000008:39,fill-000006,fill-000008,buy,sell,1776089032860,1776089104499,1776089104499,71639,0.0004299999999999999999999999994,0.00492608516000000000000000000,0.01722579999999999999999999998,0.01229971483999999999999999998,0.01702369999999999999999999998,11.45601200000000000000000002,US cash open,13:30,2104499,2104499,False,US cash open,13:30,2032860,2032860,False,US cash open,13:30,2104499,2104499,False,952,False,False,False,87,False,False,False
matched_lot,btcusdt_microprice_20260413_12_5h_5sessions_hs2.00_rq5000,2026-04-13 12:00,2026-04-13 14:00,btcusdt_microprice_20260413_12_5h_5sessions_hs2.00_rq5000:2026-04-13 14:00:fill-000007:fill-000008:40,fill-000007,fill-000008,buy,sell,1776089051766,1776089104499,1776089104499,52733,0.00008000,-0.00060782384000000000,0.0016808000000000,0.00228862384000000000,0.0016424000000000,-7.597798000000,US cash open,13:30,2104499,2104499,False,US cash open,13:30,2051766,2051766,False,US cash open,13:30,2104499,2104499,False,861,False,False,False,81,False,False,False
matched_lot,btcusdt_microprice_20260413_12_5h_5sessions_hs2.00_rq5000,2026-04-13 12:00,2026-04-13 14:00,btcusdt_microprice_20260413_12_5h_5sessions_hs2.00_rq5000:2026-04-13 14:00:fill-000008:fill-000013:41,fill-000008,fill-000013,sell,buy,1776089104499,1776089689465,1776089689465,584966,0.0001299999999999999999999999989,-0.01620075573999999999999999986,-0.01247869999999999999999999989,0.003722055739999999999999999968,-0.01270229999999999999999999989,-124.6211980000000000000000000,US cash open,13:30,2689465,2689465,False,US cash open,13:30,2104499,2104499,False,US cash open,13:30,2689465,2689465,False,345,False,False,False,50,False,False,False
matched_lot,btcusdt_microprice_20260413_12_5h_5sessions_hs2.00_rq5000,2026-04-13 12:00,2026-04-13 14:00,btcusdt_microprice_20260413_12_5h_5sessions_hs2.00_rq5000:2026-04-13 14:00:fill-000008:fill-000014:42,fill-000008,fill-000014,sell,buy,1776089104499,1776089715810,1776089715810,611311,0.0003159944367176634214186369958,-0.03748958060417246175243393602,-0.02844265924895688456189151599,0.009046921355215577190542420027,-0.02922316550764951321279554937,-118.6400020000000000000000000,US cash open,13:30,2715810,2715810,False,US cash open,13:30,2104499,2104499,False,US cash open,13:30,2715810,2715810,False,361,False,False,False,52,False,False,False
matched_lot,btcusdt_microprice_20260413_12_5h_5sessions_hs2.00_rq5000,2026-04-13 12:00,2026-04-13 14:00,btcusdt_microprice_20260413_12_5h_5sessions_hs2.00_rq5000:2026-04-13 14:00:fill-000008:fill-000016:43,fill-000008,fill-000016,sell,buy,1776089104499,1776089756300,1776089756300,651801,0.0000440055632823365785813630059,-0.005937814111821974965229485630,-0.004677791376912378303198887527,0.001260022734909596662030598103,-0.004786485118219749652294854152,-134.9332600000000000000000000,US cash open,13:30,2756300,2756300,False,US cash open,13:30,2104499,2104499,False,US cash open,13:30,2756300,2756300,False,315,False,False,False,47,False,False,False
matched_lot,btcusdt_microprice_20260413_12_5h_5sessions_hs2.00_rq5000,2026-04-13 12:00,2026-04-13 14:00,btcusdt_microprice_20260413_12_5h_5sessions_hs2.00_rq5000:2026-04-13 14:00:fill-000009:fill-000016:44,fill-000009,fill-000016,sell,buy,1776089314842,1776089756300,1776089756300,441458,0.0009559944367176634214186369941,-0.1893830944542976356050069538,-0.1620219371349095966620305978,0.02736115731938803894297635600,-0.1639434859527121001390820582,-198.1006240000000000000000000,US cash open,13:30,2756300,2756300,False,US cash open,13:30,2314842,2314842,False,US cash open,13:30,2756300,2756300,False,165,False,False,False,33,False,False,False
matched_lot,btcusdt_microprice_20260413_12_5h_5sessions_hs2.00_rq5000,2026-04-13 12:00,2026-04-13 14:00,btcusdt_microprice_20260413_12_5h_5sessions_hs2.00_rq5000:2026-04-13 14:00:fill-000009:fill-000018:45,fill-000009,fill-000018,sell,buy,1776089314842,1776089884301,1776089884301,569459,0.0000440055632823365785813630059,-0.002190199305924895688456189238,-0.0009320378303198887343532684650,0.001258161475605006954102920773,-0.001299044228094575799721835934,-49.77096400000000000000000001,US cash open,13:30,2884301,2884301,False,US cash open,13:30,2314842,2314842,False,US cash open,13:30,2884301,2884301,False,636,False,False,False,69,False,False,False
matched_lot,btcusdt_microprice_20260413_12_5h_5sessions_hs2.00_rq5000,2026-04-13 12:00,2026-04-13 14:00,btcusdt_microprice_20260413_12_5h_5sessions_hs2.00_rq5000:2026-04-13 14:00:fill-000010:fill-000018:46,fill-000010,fill-000018,sell,buy,1776089337615,1776089884301,1776089884301,546686,0.0003559944367176634214186369941,-0.002349420884561891515994436710,0.007831877607788595271210013870,0.01018129849235048678720445058,0.004741845897079276773296244761,-6.599600000000000000000000010,US cash open,13:30,2884301,2884301,False,US cash open,13:30,2337615,2337615,False,US cash open,13:30,2884301,2884301,False,865,False,False,False,82,False,False,False
matched_lot,btcusdt_microprice_20260413_12_5h_5sessions_hs2.00_rq5000,2026-04-13 12:00,2026-04-13 14:00,btcusdt_microprice_20260413_12_5h_5sessions_hs2.00_rq5000:2026-04-13 14:00:fill-000010:fill-000019:47,fill-000010,fill-000019,sell,buy,1776089337615,1776089975659,1776089975659,638044,0.0003600000000000000000000000021,0.00770976072000000000000000005,0.01800360000000000000000000011,0.01029383928000000000000000006,0.01715760000000000000000000011,21.41600200000000000000000001,US cash open,13:30,2975659,2975659,False,US cash open,13:30,2337615,2337615,False,US cash open,13:30,2975659,2975659,False,1005,False,False,False,88,False,False,False
matched_lot,btcusdt_microprice_20260413_12_5h_5sessions_hs2.00_rq5000,2026-04-13 12:00,2026-04-13 14:00,btcusdt_microprice_20260413_12_5h_5sessions_hs2.00_rq5000:2026-04-13 14:00:fill-000010:fill-000020:48,fill-000010,fill-000020,sell,buy,1776089337615,1776090401439,1776090401439,1063824,0.0002840055632823365785813630038,-0.03993583932072322670375521553,-0.03180578303198887343532684280,0.008130056288734353268428372730,-0.03247319610570236439499304586,-140.6163980000000000000000000,US cash open,13:30,3401439,3401439,False,US cash open,13:30,2337615,2337615,False,US cash open,13:30,3401439,3401439,False,294,False,False,False,45,False,False,False
matched_lot,btcusdt_microprice_20260413_12_5h_5sessions_hs2.00_rq5000,2026-04-13 12:00,2026-04-13 14:00,btcusdt_microprice_20260413_12_5h_5sessions_hs2.00_rq5000:2026-04-13 14:00:fill-000011:fill-000020:49,fill-000011,fill-000020,sell,buy,1776089422916,1776090401439,1776090401439,978523,0.0000701767666913309053013210971,-0.01155190970753315306843713730,-0.009543338502354089811926655995,0.002008571205179063256510481310,-0.009770009458767088636049923139,-164.6115979999999999999999999,US cash open,13:30,3401439,3401439,False,US cash open,13:30,2422916,2422916,False,US cash open,13:30,3401439,3401439,False,236,False,False,False,35,False,False,False
matched_lot,btcusdt_microprice_20260413_12_5h_5sessions_hs2.00_rq5000,2026-04-13 12:00,2026-04-13 14:00,btcusdt_microprice_20260413_12_5h_5sessions_hs2.00_rq5000:2026-04-13 14:00:fill-000011:fill-000024:50,fill-000011,fill-000024,sell,buy,1776089422916,1776090498979,1776090498979,1076063,0.00006999999999999999999999999878,-0.01684387585999999999999999971,-0.01483929999999999999999999974,0.002004575859999999999999999966,-0.01506539999999999999999999974,-240.6267980000000000000000001,US cash open,13:30,3498979,3498979,False,US cash open,13:30,2422916,2422916,False,US cash open,13:30,3498979,3498979,False,126,False,False,True,30,False,False,False
matched_lot,btcusdt_microprice_20260413_12_5h_5sessions_hs2.00_rq5000,2026-04-13 12:00,2026-04-13 14:00,btcusdt_microprice_20260413_12_5h_5sessions_hs2.00_rq5000:2026-04-13 14:00:fill-000011:fill-000028:51,fill-000011,fill-000028,sell,buy,1776089422916,1776090686315,1776090686315,1263399,0.0005600000000000000000000000044,-0.1280296628800000000000000010,-0.1119944000000000000000000009,0.01603526288000000000000000013,-0.1138032000000000000000000009,-228.6243980000000000000000000,US cash open,13:30,3686315,3686315,False,US cash open,13:30,2422916,2422916,False,US cash open,13:30,3686315,3686315,False,139,False,False,True,31,False,False,False
matched_lot,btcusdt_microprice_20260413_12_5h_5sessions_hs2.00_rq5000,2026-04-13 12:00,2026-04-13 14:00,btcusdt_microprice_20260413_12_5h_5sessions_hs2.00_rq5000:2026-04-13 14:00:fill-000011:fill-000029:52,fill-000011,fill-000029,sell,buy,1776089422916,1776090832622,1776090832622,1409706,0.00008000,-0.02049119200000000000000000000,-0.0182000000000000,0.002291192000000000000000000000,-0.0184560000000000,-256.139900000000000000000,US cash open,13:30,3832622,3832622,False,US cash open,13:30,2422916,2422916,False,US cash open,13:30,3832622,3832622,False,112,False,False,True,26,False,False,False
matched_lot,btcusdt_microprice_20260413_12_5h_5sessions_hs2.00_rq5000,2026-04-13 12:00,2026-04-13 14:00,btcusdt_microprice_20260413_12_5h_5sessions_hs2.00_rq5000:2026-04-13 14:00:fill-000011:fill-000030:53,fill-000011,fill-000030,sell,buy,1776089422916,1776090835012,1776090835012,1412096,0.00008000,-0.02049119200000000000000000000,-0.0182000000000000,0.002291192000000000000000000000,-0.0184584000000000,-256.139900000000000000000,US cash open,13:30,3835012,3835012,False,US cash open,13:30,2422916,2422916,False,US cash open,13:30,3835012,3835012,False,113,False,False,True,27,False,False,False
matched_lot,btcusdt_microprice_20260413_12_5h_5sessions_hs2.00_rq5000,2026-04-13 12:00,2026-04-13 14:00,btcusdt_microprice_20260413_12_5h_5sessions_hs2.00_rq5000:2026-04-13 14:00:fill-000011:fill-000031:54,fill-000011,fill-000031,sell,buy,1776089422916,1776090843312,1776090843312,1420396,0.00008000,-0.01980945568000000000000000000,-0.0175184000000000,0.002291055680000000000000000000,-0.0178408000000000,-247.618196000000000000000,US cash open,13:30,3843312,3843312,False,US cash open,13:30,2422916,2422916,False,US cash open,13:30,3843312,3843312,False,121,False,False,True,29,False,False,False
matched_lot,btcusdt_microprice_20260413_12_5h_5sessions_hs2.00_rq5000,2026-04-13 12:00,2026-04-13 14:00,btcusdt_microprice_20260413_12_5h_5sessions_hs2.00_rq5000:2026-04-13 14:00:fill-000011:fill-000037:55,fill-000011,fill-000037,sell,buy,1776089422916,1776091696938,1776091696938,2274022,0.0000598232333086690946986788997,-0.03664479143676175848317836807,-0.03492719653493336424887668880,0.001717594901828394234301679267,-0.03512042557852036542475342164,-612.5511680000000000000000000,US cash open,13:30,4696938,4696938,False,US cash open,13:30,2422916,2422916,False,US cash open,13:30,4696938,4696938,False,7,True,True,True,2,False,True,True
matched_lot,btcusdt_microprice_20260413_12_5h_5sessions_hs2.00_rq5000,2026-04-13 12:00,2026-04-13 14:00,btcusdt_microprice_20260413_12_5h_5sessions_hs2.00_rq5000:2026-04-13 14:00:fill-000012:fill-000037:56,fill-000012,fill-000037,sell,buy,1776089520996,1776091696938,1776091696938,2175942,0.0001801767666913309053013211003,-0.08911088258535511010063085327,-0.08393354499548958892556742136,0.005177337589865521175063431911,-0.08444164347755914207851714687,-494.5747680000000000000000000,US cash open,13:30,4696938,4696938,False,US cash open,13:30,2520996,2520996,False,US cash open,13:30,4696938,4696938,False,24,False,True,True,4,False,True,True
matched_lot,btcusdt_microprice_20260413_12_5h_5sessions_hs2.00_rq5000,2026-04-13 12:00,2026-04-13 14:00,btcusdt_microprice_20260413_12_5h_5sessions_hs2.00_rq5000:2026-04-13 14:00:fill-000012:fill-000038:57,fill-000012,fill-000038,sell,buy,1776089520996,1776091719741,1776091719741,2198745,0.0002800000000000000000000000036,-0.1385229434400000000000000018,-0.1304772000000000000000000017,0.008045743440000000000000000104,-0.1314488000000000000000000017,-494.7247980000000000000000001,US cash open,13:30,4719741,4719741,False,US cash open,13:30,2520996,2520996,False,US cash open,13:30,4719741,4719741,False,23,False,True,True,3,False,True,True
matched_lot,btcusdt_microprice_20260413_12_5h_5sessions_hs2.00_rq5000,2026-04-13 12:00,2026-04-13 14:00,btcusdt_microprice_20260413_12_5h_5sessions_hs2.00_rq5000:2026-04-13 14:00:fill-000012:fill-000039:58,fill-000012,fill-000039,sell,buy,1776089520996,1776091954406,1776091954406,2433410,0.00028000,-0.09875499144000000000000000000,-0.0907172000000000,0.008037791440000000000000000002,-0.0915068000000000,-352.696398000000000000000,US cash open,13:30,4954406,4954406,False,US cash open,13:30,2520996,2520996,False,US cash open,13:30,4954406,4954406,False,62,False,True,True,17,False,False,False
matched_lot,btcusdt_microprice_20260413_12_5h_5sessions_hs2.00_rq5000,2026-04-13 12:00,2026-04-13 14:00,btcusdt_microprice_20260413_12_5h_5sessions_hs2.00_rq5000:2026-04-13 14:00:fill-000012:fill-000041:59,fill-000012,fill-000041,sell,buy,1776089520996,1776092104465,1776092104465,2583469,0.00006000,-0.02872929708000000000000000000,-0.0270054000000000,0.001723897080000000000000000000,-0.0271746000000000,-478.821618000000000000000,US cash open,13:30,5104465,5104465,False,US cash open,13:30,2520996,2520996,False,US cash open,13:30,5104465,5104465,False,28,False,True,True,7,False,False,True
matched_lot,btcusdt_microprice_20260413_12_5h_5sessions_hs2.00_rq5000,2026-04-13 12:00,2026-04-13 14:00,btcusdt_microprice_20260413_12_5h_5sessions_hs2.00_rq5000:2026-04-13 14:00:fill-000012:fill-000042:60,fill-000012,fill-000042,sell,buy,1776089520996,1776092140195,1776092140195,2619199,0.0001998232333086690946986788961,-0.09006352802430363306887156794,-0.08432340622392527127189550737,0.005740121800378361796976060573,-0.08488690774185571811894578186,-450.7159980000000000000000000,US cash open,13:30,5140195,5140195,False,US cash open,13:30,2520996,2520996,False,US cash open,13:30,5140195,5140195,False,37,False,True,True,10,False,False,True
matched_lot,btcusdt_microprice_20260413_12_5h_5sessions_hs2.00_rq5000,2026-04-13 12:00,2026-04-13 14:00,btcusdt_microprice_20260413_12_5h_5sessions_hs2.00_rq5000:2026-04-13 14:00:fill-000015:fill-000042:61,fill-000015,fill-000042,sell,buy,1776089727393,1776092140195,1776092140195,2412802,0.0005001767666913309053013211039,-0.2114355220982325730357611285,-0.1970646443087174633796675017,0.01437087778951510965609362683,-0.1991703884964879664909860635,-422.7215979999999999999999999,US cash open,13:30,5140195,5140195,False,US cash open,13:30,2727393,2727393,False,US cash open,13:30,5140195,5140195,False,51,False,True,True,16,False,False,False
matched_lot,btcusdt_microprice_20260413_12_5h_5sessions_hs2.00_rq5000,2026-04-13 12:00,2026-04-13 14:00,btcusdt_microprice_20260413_12_5h_5sessions_hs2.00_rq5000:2026-04-13 14:00:fill-000015:fill-000043:62,fill-000015,fill-000043,sell,buy,1776089727393,1776092386115,1776092386115,2658722,0.00007004167253926064525502097185,-0.05384739332471287779560248646,-0.05183013726232748488226296896,0.002017256062385392913339517496,-0.05212501270371777219878660725,-768.7907980000000000000000001,US cash open,13:30,5386115,5386115,False,US cash open,13:30,2727393,2727393,False,US cash open,13:30,5386115,5386115,False,1,True,True,True,1,True,True,True
matched_lot,btcusdt_microprice_20260413_12_5h_5sessions_hs2.00_rq5000,2026-04-13 12:00,2026-04-13 15:00,btcusdt_microprice_20260413_12_5h_5sessions_hs2.00_rq5000:2026-04-13 15:00:fill-000001:fill-000004:63,fill-000001,fill-000004,buy,sell,1776092663550,1776093093940,1776093093940,430390,0.00007000,-0.01190284648000000000,-0.0098854000000000,0.00201744648000000000,-0.0100268000000000,-170.040664000000,US cash open,13:30,6093940,6093940,False,US cash open,13:30,5663550,5663550,False,US cash open,13:30,6093940,6093940,False,221,False,False,False,34,False,False,False
matched_lot,btcusdt_microprice_20260413_12_5h_5sessions_hs2.00_rq5000,2026-04-13 12:00,2026-04-13 15:00,btcusdt_microprice_20260413_12_5h_5sessions_hs2.00_rq5000:2026-04-13 15:00:fill-000001:fill-000005:64,fill-000001,fill-000005,buy,sell,1776092663550,1776093909536,1776093909536,1245986,0.00001000,-0.00267061256000000000,-0.0023826000000000,0.00028801256000000000,-0.0023828000000000,-267.061256000000,US cash open,13:30,6909536,6909536,False,US cash open,13:30,5663550,5663550,False,US cash open,13:30,6909536,6909536,False,104,False,False,True,25,False,False,False
matched_lot,btcusdt_microprice_20260413_12_5h_5sessions_hs2.00_rq5000,2026-04-13 12:00,2026-04-13 15:00,btcusdt_microprice_20260413_12_5h_5sessions_hs2.00_rq5000:2026-04-13 15:00:fill-000002:fill-000005:65,fill-000002,fill-000005,buy,sell,1776092731687,1776093909536,1776093909536,1177849,0.00007000,-0.02038442588000000000,-0.0183680000000000,0.00201642588000000000,-0.0185087000000000,-291.206084000000,US cash open,13:30,6909536,6909536,False,US cash open,13:30,5731687,5731687,False,US cash open,13:30,6909536,6909536,False,89,False,False,True,19,False,False,False
matched_lot,btcusdt_microprice_20260413_12_5h_5sessions_hs2.00_rq5000,2026-04-13 12:00,2026-04-13 15:00,btcusdt_microprice_20260413_12_5h_5sessions_hs2.00_rq5000:2026-04-13 15:00:fill-000003:fill-000005:66,fill-000003,fill-000005,buy,sell,1776092744885,1776093909536,1776093909536,1164651,0.00007000,-0.02035572014000000000,-0.0183393000000000,0.00201642014000000000,-0.0188489000000000,-290.796002000000,US cash open,13:30,6909536,6909536,False,US cash open,13:30,5744885,5744885,False,US cash open,13:30,6909536,6909536,False,90,False,False,True,20,False,False,False
matched_lot,btcusdt_microprice_20260413_12_5h_5sessions_hs2.00_rq5000,2026-04-13 12:00,2026-04-13 15:00,btcusdt_microprice_20260413_12_5h_5sessions_hs2.00_rq5000:2026-04-13 15:00:fill-000003:fill-000006:67,fill-000003,fill-000006,buy,sell,1776092744885,1776093909655,1776093909655,1164770,0.00035000,-0.10177860070000000000,-0.0916965000000000,0.01008210070000000000,-0.0942445000000000,-290.796002000000,US cash open,13:30,6909655,6909655,False,US cash open,13:30,5744885,5744885,False,US cash open,13:30,6909655,6909655,False,91,False,False,True,21,False,False,False
matched_lot,btcusdt_microprice_20260413_12_5h_5sessions_hs2.00_rq5000,2026-04-13 12:00,2026-04-13 15:00,btcusdt_microprice_20260413_12_5h_5sessions_hs2.00_rq5000:2026-04-13 15:00:fill-000003:fill-000007:68,fill-000003,fill-000007,buy,sell,1776092744885,1776093909716,1776093909716,1164831,0.00038000,-0.11050248076000000000,-0.0995562000000000,0.01094628076000000000,-0.1023226000000000,-290.796002000000,US cash open,13:30,6909716,6909716,False,US cash open,13:30,5744885,5744885,False,US cash open,13:30,6909716,6909716,False,92,False,False,True,22,False,False,False
matched_lot,btcusdt_microprice_20260413_12_5h_5sessions_hs2.00_rq5000,2026-04-13 12:00,2026-04-13 15:00,btcusdt_microprice_20260413_12_5h_5sessions_hs2.00_rq5000:2026-04-13 15:00:fill-000007:fill-000011:69,fill-000007,fill-000011,sell,buy,1776093909716,1776093984109,1776093984109,74393,0.00012000,-0.008969136000000000000000000000,-0.0055176000000000,0.003451536000000000000000000000,-0.0057588000000000,-74.7428000000000000000000,US cash open,13:30,6984109,6984109,False,US cash open,13:30,6909716,6909716,False,US cash open,13:30,6984109,6984109,False,518,False,False,False,59,False,False,False
matched_lot,btcusdt_microprice_20260413_12_5h_5sessions_hs2.00_rq5000,2026-04-13 12:00,2026-04-13 15:00,btcusdt_microprice_20260413_12_5h_5sessions_hs2.00_rq5000:2026-04-13 15:00:fill-000008:fill-000011:70,fill-000008,fill-000011,sell,buy,1776093978280,1776093984109,1776093984109,5829,0.0001600885478158205430932703662,-0.004284353431889020070838252662,0.0003217779811097992916174734361,0.004606131412998819362455726098,-0.0003201770956316410861865407323,-26.76239800000000000000000000,US cash open,13:30,6984109,6984109,False,US cash open,13:30,6978280,6978280,False,US cash open,13:30,6984109,6984109,False,769,False,False,False,76,False,False,False
matched_lot,btcusdt_microprice_20260413_12_5h_5sessions_hs2.00_rq5000,2026-04-13 12:00,2026-04-13 15:00,btcusdt_microprice_20260413_12_5h_5sessions_hs2.00_rq5000:2026-04-13 15:00:fill-000008:fill-000012:71,fill-000008,fill-000012,sell,buy,1776093978280,1776094707246,1776094707246,728966,0.0006799114521841794569067296338,0.1286873844840613931523022432,0.1482206965761511216056670602,0.01953331209208972845336481700,0.1454942516528925619834710744,189.2708000000000000000000000,US cash open,13:30,7707246,7707246,False,US cash open,13:30,6978280,6978280,False,US cash open,13:30,7707246,7707246,False,1318,False,False,False,106,False,False,False
matched_lot,btcusdt_microprice_20260413_12_5h_5sessions_hs2.00_rq5000,2026-04-13 12:00,2026-04-13 15:00,btcusdt_microprice_20260413_12_5h_5sessions_hs2.00_rq5000:2026-04-13 15:00:fill-000009:fill-000012:72,fill-000009,fill-000012,sell,buy,1776093978581,1776094707246,1776094707246,728665,0.00014000,0.02649791200000000000,0.0305200000000000,0.00402208800000000000,0.0302386000000000,189.270800000000,US cash open,13:30,7707246,7707246,False,US cash open,13:30,6978581,6978581,False,US cash open,13:30,7707246,7707246,False,1319,False,False,False,107,False,False,False
matched_lot,btcusdt_microprice_20260413_12_5h_5sessions_hs2.00_rq5000,2026-04-13 12:00,2026-04-13 15:00,btcusdt_microprice_20260413_12_5h_5sessions_hs2.00_rq5000:2026-04-13 15:00:fill-000010:fill-000012:73,fill-000010,fill-000012,sell,buy,1776093978896,1776094707246,1776094707246,728350,0.00002000,0.00378541600000000000,0.0043600000000000,0.00057458400000000000,0.0043198000000000,189.270800000000,US cash open,13:30,7707246,7707246,False,US cash open,13:30,6978896,6978896,False,US cash open,13:30,7707246,7707246,False,1320,False,False,False,108,False,False,False
matched_lot,btcusdt_microprice_20260413_12_5h_5sessions_hs2.00_rq5000,2026-04-13 12:00,2026-04-13 15:00,btcusdt_microprice_20260413_12_5h_5sessions_hs2.00_rq5000:2026-04-13 15:00:fill-000012:fill-000013:74,fill-000012,fill-000013,buy,sell,1776094707246,1776094804824,1776094804824,97578,0.0001600885478158205430932703662,0.001286640303577331759149940971,0.005880052361275088547815820551,0.004593412057697756788665879580,0.005236496399055489964580873679,8.037054000000000000000000008,US cash open,13:30,7804824,7804824,False,US cash open,13:30,7707246,7707246,False,US cash open,13:30,7804824,7804824,False,939,False,False,False,86,False,False,False
matched_lot,btcusdt_microprice_20260413_12_5h_5sessions_hs2.00_rq5000,2026-04-13 12:00,2026-04-13 15:00,btcusdt_microprice_20260413_12_5h_5sessions_hs2.00_rq5000:2026-04-13 15:00:fill-000013:fill-000014:75,fill-000013,fill-000014,sell,buy,1776094804824,1776094986574,1776094986574,181750,0.0002509776311512932253634848380,-0.01404866013300647715446718496,-0.006844160001495766255662231532,0.007204500131510710898804953433,-0.007853090078723965021623440581,-55.97574599999999999999999997,US cash open,13:30,7986574,7986574,False,US cash open,13:30,7804824,7804824,False,US cash open,13:30,7986574,7986574,False,609,False,False,False,66,False,False,False
matched_lot,btcusdt_microprice_20260413_12_5h_5sessions_hs2.00_rq5000,2026-04-13 12:00,2026-04-13 15:00,btcusdt_microprice_20260413_12_5h_5sessions_hs2.00_rq5000:2026-04-13 15:00:fill-000014:fill-000015:76,fill-000014,fill-000015,buy,sell,1776094986574,1776095034558,1776095034558,47984,0.00032000,-0.004708480000000000000000000000,0.0044800000000000,0.009188480000000000000000000000,0.0031968000000000,-14.7140000000000000000000,US cash open,13:30,8034558,8034558,False,US cash open,13:30,7986574,7986574,False,US cash open,13:30,8034558,8034558,False,832,False,False,False,80,False,False,False
matched_lot,btcusdt_microprice_20260413_12_5h_5sessions_hs2.00_rq5000,2026-04-13 12:00,2026-04-13 15:00,btcusdt_microprice_20260413_12_5h_5sessions_hs2.00_rq5000:2026-04-13 15:00:fill-000014:fill-000016:77,fill-000014,fill-000016,buy,sell,1776094986574,1776095746815,1776095746815,760241,0.00035000,0.00276201730000000000000000000,0.0128135000000000,0.01005148270000000000000000000,0.0114100000000000,7.891478000000000000000,US cash open,13:30,8746815,8746815,False,US cash open,13:30,7986574,7986574,False,US cash open,13:30,8746815,8746815,False,938,False,False,False,85,False,False,False
matched_lot,btcusdt_microprice_20260413_12_5h_5sessions_hs2.00_rq5000,2026-04-13 12:00,2026-04-13 15:00,btcusdt_microprice_20260413_12_5h_5sessions_hs2.00_rq5000:2026-04-13 15:00:fill-000014:fill-000018:78,fill-000014,fill-000018,buy,sell,1776094986574,1776095835015,1776095835015,848441,0.0000790223688487067746365151620,-0.003690155129594107176679679702,-0.001421612415588234875710907764,0.002268542714005872300968771938,-0.001663420864265277606098644160,-46.69760200000000000000000000,US cash open,13:30,8835015,8835015,False,US cash open,13:30,7986574,7986574,False,US cash open,13:30,8835015,8835015,False,659,False,False,False,70,False,False,False
matched_lot,btcusdt_microprice_20260413_12_5h_5sessions_hs2.00_rq5000,2026-04-13 12:00,2026-04-13 15:00,btcusdt_microprice_20260413_12_5h_5sessions_hs2.00_rq5000:2026-04-13 15:00:fill-000017:fill-000018:79,fill-000017,fill-000018,buy,sell,1776095832758,1776095835015,1776095835015,2257,0.00008000,-0.002454752000000000000000000000,-0.0001584000000000,0.002296352000000000000000000000,-0.0002440000000000,-30.6844000000000000000000,US cash open,13:30,8835015,8835015,False,US cash open,13:30,8832758,8832758,False,US cash open,13:30,8835015,8835015,False,736,False,False,False,75,False,False,False
matched_lot,btcusdt_microprice_20260413_12_5h_5sessions_hs2.00_rq5000,2026-04-13 12:00,2026-04-13 16:00,btcusdt_microprice_20260413_12_5h_5sessions_hs2.00_rq5000:2026-04-13 16:00:fill-000001:fill-000002:80,fill-000001,fill-000002,sell,buy,1776096101365,1776096129586,1776096129586,28221,0.00007000000000000000000000000155,-0.003692359720000000000000000081,-0.001680000000000000000000000037,0.002012359720000000000000000044,-0.001960700000000000000000000043,-52.74799599999999999999999999,US cash open,13:30,9129586,9129586,False,US cash open,13:30,9101365,9101365,False,US cash open,13:30,9129586,9129586,False,616,False,False,False,68,False,False,False
matched_lot,btcusdt_microprice_20260413_12_5h_5sessions_hs2.00_rq5000,2026-04-13 12:00,2026-04-13 16:00,btcusdt_microprice_20260413_12_5h_5sessions_hs2.00_rq5000:2026-04-13 16:00:fill-000001:fill-000004:81,fill-000001,fill-000004,sell,buy,1776096101365,1776096432062,1776096432062,330697,0.00000999999999999999999999999845,0.0000114277999999999999999999980,0.0002987999999999999999999999537,0.0002873721999999999999999999557,0.0002586999999999999999999999599,1.142779999999999999999999977,US cash open,13:30,9432062,9432062,False,US cash open,13:30,9101365,9101365,False,US cash open,13:30,9432062,9432062,False,903,False,False,False,83,False,False,False
matched_lot,btcusdt_microprice_20260413_12_5h_5sessions_hs2.00_rq5000,2026-04-13 12:00,2026-04-13 16:00,btcusdt_microprice_20260413_12_5h_5sessions_hs2.00_rq5000:2026-04-13 16:00:fill-000003:fill-000004:82,fill-000003,fill-000004,sell,buy,1776096363046,1776096432062,1776096432062,69016,0.0008300000000000000000000000016,-0.1041416703600000000000000002,-0.08031080000000000000000000015,0.02383087036000000000000000004,-0.08363910000000000000000000015,-125.4718920000000000000000000,US cash open,13:30,9432062,9432062,False,US cash open,13:30,9363046,9363046,False,US cash open,13:30,9432062,9432062,False,343,False,False,False,49,False,False,False
matched_lot,btcusdt_microprice_20260413_12_5h_5sessions_hs2.00_rq5000,2026-04-13 12:00,2026-04-13 16:00,btcusdt_microprice_20260413_12_5h_5sessions_hs2.00_rq5000:2026-04-13 16:00:fill-000003:fill-000007:83,fill-000003,fill-000007,sell,buy,1776096363046,1776096651947,1776096651947,288901,0.0001699999999999999999999999984,-0.04851695789999999999999999955,-0.04363049999999999999999999959,0.004886457899999999999999999957,-0.04602409999999999999999999957,-285.3938700000000000000000000,US cash open,13:30,9651947,9651947,False,US cash open,13:30,9363046,9363046,False,US cash open,13:30,9651947,9651947,False,96,False,False,True,23,False,False,False
matched_lot,btcusdt_microprice_20260413_12_5h_5sessions_hs2.00_rq5000,2026-04-13 12:00,2026-04-13 16:00,btcusdt_microprice_20260413_12_5h_5sessions_hs2.00_rq5000:2026-04-13 16:00:fill-000005:fill-000007:84,fill-000005,fill-000007,sell,buy,1776096476106,1776096651947,1776096651947,175841,0.0008300000000000000000000000016,-0.1334381040000000000000000002,-0.1095600000000000000000000002,0.02387810400000000000000000004,-0.1212464000000000000000000002,-160.7687999999999999999999999,US cash open,13:30,9651947,9651947,False,US cash open,13:30,9476106,9476106,False,US cash open,13:30,9651947,9651947,False,246,False,False,False,37,False,False,False
matched_lot,btcusdt_microprice_20260413_12_5h_5sessions_hs2.00_rq5000,2026-04-13 12:00,2026-04-13 16:00,btcusdt_microprice_20260413_12_5h_5sessions_hs2.00_rq5000:2026-04-13 16:00:fill-000005:fill-000008:85,fill-000005,fill-000008,sell,buy,1776096476106,1776096775347,1776096775347,299241,0.0001699999999999999999999999984,-0.02664885965999999999999999976,-0.02175829999999999999999999980,0.004890559659999999999999999957,-0.02243999999999999999999999980,-156.7579980000000000000000001,US cash open,13:30,9775347,9775347,False,US cash open,13:30,9476106,9476106,False,US cash open,13:30,9775347,9775347,False,254,False,False,False,38,False,False,False
matched_lot,btcusdt_microprice_20260413_12_5h_5sessions_hs2.00_rq5000,2026-04-13 12:00,2026-04-13 16:00,btcusdt_microprice_20260413_12_5h_5sessions_hs2.00_rq5000:2026-04-13 16:00:fill-000006:fill-000008:86,fill-000006,fill-000008,sell,buy,1776096531420,1776096775347,1776096775347,243927,0.00014000,-0.02169836928000000000000000000,-0.0176708000000000,0.004027569280000000000000000000,-0.0182322000000000,-154.988352000000000000000,US cash open,13:30,9775347,9775347,False,US cash open,13:30,9531420,9531420,False,US cash open,13:30,9775347,9775347,False,260,False,False,False,40,False,False,False
matched_lot,btcusdt_microprice_20260413_12_5h_5sessions_hs2.00_rq5000,2026-04-13 12:00,2026-04-13 16:00,btcusdt_microprice_20260413_12_5h_5sessions_hs2.00_rq5000:2026-04-13 16:00:fill-000008:fill-000009:87,fill-000008,fill-000009,buy,sell,1776096775347,1776096854719,1776096854719,79372,0.0002500000000000000000000000015,0.000802500500000000000000000004,0.008002500000000000000000000048,0.007199999500000000000000000044,0.007500000000000000000000000045,3.210001999999999999999999997,US cash open,13:30,9854719,9854719,False,US cash open,13:30,9775347,9775347,False,US cash open,13:30,9854719,9854719,False,914,False,False,False,84,False,False,False
matched_lot,btcusdt_microprice_20260413_12_5h_5sessions_hs2.00_rq5000,2026-04-13 12:00,2026-04-13 16:00,btcusdt_microprice_20260413_12_5h_5sessions_hs2.00_rq5000:2026-04-13 16:00:fill-000009:fill-000010:88,fill-000009,fill-000010,sell,buy,1776096854719,1776096950157,1776096950157,95438,0.0001633008660323290935089783934,0.01064924139604665777754490258,0.01535028140703893478984396898,0.004701040010992277012299066399,0.01534864839837861149890887920,65.21239999999999999999999999,US cash open,13:30,9950157,9950157,False,US cash open,13:30,9854719,9854719,False,US cash open,13:30,9950157,9950157,False,1140,False,False,False,98,False,False,False
matched_lot,btcusdt_microprice_20260413_12_5h_5sessions_hs2.00_rq5000,2026-04-13 12:00,2026-04-13 16:00,btcusdt_microprice_20260413_12_5h_5sessions_hs2.00_rq5000:2026-04-13 16:00:fill-000009:fill-000011:89,fill-000009,fill-000011,sell,buy,1776096854719,1776096950397,1776096950397,95678,0.0001800000000000000000000000000,0.01173823200000000000000000000,0.01692000000000000000000000000,0.005181768000000000000000000000,0.01691820000000000000000000000,65.2124,US cash open,13:30,9950397,9950397,False,US cash open,13:30,9854719,9854719,False,US cash open,13:30,9950397,9950397,False,1141,False,False,False,99,False,False,False
matched_lot,btcusdt_microprice_20260413_12_5h_5sessions_hs2.00_rq5000,2026-04-13 12:00,2026-04-13 16:00,btcusdt_microprice_20260413_12_5h_5sessions_hs2.00_rq5000:2026-04-13 16:00:fill-000009:fill-000013:90,fill-000009,fill-000013,sell,buy,1776096854719,1776097194254,1776097194254,339535,0.00007000,-0.008508146080000000000000000000,-0.0064904000000000,0.002017746080000000000000000000,-0.0066311000000000,-121.5449440000000000000000,US cash open,13:30,10194254,10194254,False,US cash open,13:30,9854719,9854719,False,US cash open,13:30,10194254,10194254,False,356,False,False,False,51,False,False,False
matched_lot,btcusdt_microprice_20260413_12_5h_5sessions_hs2.00_rq5000,2026-04-13 12:00,2026-04-13 16:00,btcusdt_microprice_20260413_12_5h_5sessions_hs2.00_rq5000:2026-04-13 16:00:fill-000009:fill-000015:91,fill-000009,fill-000015,sell,buy,1776096854719,1776097555675,1776097555675,700956,0.0003366991339676709064910216051,-0.08435011417874524776457609692,-0.07463609702661360984186475920,0.009714017152131637922711337718,-0.07531286228588862836391171263,-250.5207340000000000000000000,US cash open,13:30,10555675,10555675,False,US cash open,13:30,9854719,9854719,False,US cash open,13:30,10555675,10555675,False,116,False,False,True,28,False,False,False
matched_lot,btcusdt_microprice_20260413_12_5h_5sessions_hs2.00_rq5000,2026-04-13 12:00,2026-04-13 16:00,btcusdt_microprice_20260413_12_5h_5sessions_hs2.00_rq5000:2026-04-13 16:00:fill-000012:fill-000015:92,fill-000012,fill-000015,sell,buy,1776097184115,1776097555675,1776097555675,371560,0.0001233008660323290935089783949,-0.01840647485595999495550649464,-0.01484665727895274614941608853,0.003559817577007248806090406114,-0.01534232676040270910532218168,-149.2809860000000000000000000,US cash open,13:30,10555675,10555675,False,US cash open,13:30,10184115,10184115,False,US cash open,13:30,10555675,10555675,False,275,False,False,False,43,False,False,False
matched_lot,btcusdt_microprice_20260413_12_5h_5sessions_hs2.00_rq5000,2026-04-13 12:00,2026-04-13 16:00,btcusdt_microprice_20260413_12_5h_5sessions_hs2.00_rq5000:2026-04-13 16:00:fill-000012:fill-000016:93,fill-000012,fill-000016,sell,buy,1776097184115,1776097657838,1776097657838,473723,0.0000966991339676709064910216051,-0.004408537885767876479994110712,-0.001618743502618810974659701669,0.002789794383149065505334409043,-0.002007474021168848018753608521,-45.59025199999999999999999998,US cash open,13:30,10657838,10657838,False,US cash open,13:30,10184115,10184115,False,US cash open,13:30,10657838,10657838,False,665,False,False,False,72,False,False,False
matched_lot,btcusdt_microprice_20260413_12_5h_5sessions_hs2.00_rq5000,2026-04-13 12:00,2026-04-13 16:00,btcusdt_microprice_20260413_12_5h_5sessions_hs2.00_rq5000:2026-04-13 16:00:fill-000014:fill-000016:94,fill-000014,fill-000016,sell,buy,1776097357699,1776097657838,1776097657838,300139,0.0000444773366205643876266254539,-0.002706321396818805406794804319,-0.001423274771858060404052014525,0.001283046624960745002742789794,-0.001601628891706523598434782595,-60.84720000000000000000000001,US cash open,13:30,10657838,10657838,False,US cash open,13:30,10357699,10357699,False,US cash open,13:30,10657838,10657838,False,592,False,False,False,65,False,False,False
matched_lot,btcusdt_microprice_20260413_12_5h_5sessions_hs2.00_rq5000,2026-04-13 12:00,2026-04-13 16:00,btcusdt_microprice_20260413_12_5h_5sessions_hs2.00_rq5000:2026-04-13 16:00:fill-000014:fill-000017:95,fill-000014,fill-000017,sell,buy,1776097357699,1776097731632,1776097731632,373933,0.00046000,-0.03259063200000000000000000000,-0.0193200000000000,0.01327063200000000000000000000,-0.0211646000000000,-70.849200000000000000000,US cash open,13:30,10731632,10731632,False,US cash open,13:30,10357699,10357699,False,US cash open,13:30,10731632,10731632,False,531,False,False,False,61,False,False,False
matched_lot,btcusdt_microprice_20260413_12_5h_5sessions_hs2.00_rq5000,2026-04-13 12:00,2026-04-13 16:00,btcusdt_microprice_20260413_12_5h_5sessions_hs2.00_rq5000:2026-04-13 16:00:fill-000014:fill-000018:96,fill-000014,fill-000018,sell,buy,1776097357699,1776097756715,1776097756715,399016,0.0004955226633794356123733745461,-0.06750122303303791719521239297,-0.05319931314041620734440549127,0.01430190989262170985080690170,-0.05700492719517027284743300778,-136.2222720000000000000000000,US cash open,13:30,10756715,10756715,False,US cash open,13:30,10357699,10357699,False,US cash open,13:30,10756715,10756715,False,310,False,False,False,46,False,False,False
matched_lot,btcusdt_microprice_20260413_12_5h_5sessions_hs2.00_rq5000,2026-04-13 12:00,2026-04-13 16:00,btcusdt_microprice_20260413_12_5h_5sessions_hs2.00_rq5000:2026-04-13 16:00:fill-000018:fill-000020:97,fill-000018,fill-000020,buy,sell,1776097756715,1776098000677,1776098000677,243962,0.00008000,0.004939050240000000000000000000,0.0072512000000000,0.002312149760000000000000000000,0.0058672000000000,61.7381280000000000000000,US cash open,13:30,11000677,11000677,False,US cash open,13:30,10756715,10756715,False,US cash open,13:30,11000677,11000677,False,1132,False,False,False,97,False,False,False
matched_lot,btcusdt_microprice_20260413_12_5h_5sessions_hs2.00_rq5000,2026-04-13 12:00,2026-04-13 16:00,btcusdt_microprice_20260413_12_5h_5sessions_hs2.00_rq5000:2026-04-13 16:00:fill-000018:fill-000023:98,fill-000018,fill-000023,buy,sell,1776097756715,1776098229435,1776098229435,472720,0.0004244773366205643876266254539,0.01019410933666773602925067063,0.02245909588059406174932475277,0.01226498654392632572007408214,0.01978064388651830046340074616,24.01567400000000000000000002,US cash open,13:30,11229435,11229435,False,US cash open,13:30,10756715,10756715,False,US cash open,13:30,11229435,11229435,False,1019,False,False,False,91,False,False,False
matched_lot,btcusdt_microprice_20260413_12_5h_5sessions_hs2.00_rq5000,2026-04-13 12:00,2026-04-13 16:00,btcusdt_microprice_20260413_12_5h_5sessions_hs2.00_rq5000:2026-04-13 16:00:fill-000019:fill-000023:99,fill-000019,fill-000023,buy,sell,1776097832738,1776098229435,1776098229435,396697,0.0001355226633794356123733745460,-0.008759107826718178229567787071,-0.004840869535913440073976938783,0.003918238290804738155590848288,-0.005198649367235150090642647585,-64.63205199999999999999999999,US cash open,13:30,11229435,11229435,False,US cash open,13:30,10832738,10832738,False,US cash open,13:30,11229435,11229435,False,571,False,False,False,63,False,False,False
matched_lot,btcusdt_microprice_20260413_12_5h_5sessions_hs2.00_rq5000,2026-04-13 12:00,2026-04-13 16:00,btcusdt_microprice_20260413_12_5h_5sessions_hs2.00_rq5000:2026-04-13 16:00:fill-000019:fill-000024:100,fill-000019,fill-000024,buy,sell,1776097832738,1776098351257,1776098351257,518519,0.0002644773366205643876266254540,-0.02985748074774872983257127615,-0.02221345150276120291676027188,0.007644029244987526915811004267,-0.02327400562260966611114303996,-112.8923980000000000000000000,US cash open,13:30,11351257,11351257,False,US cash open,13:30,10832738,10832738,False,US cash open,13:30,11351257,11351257,False,377,False,False,False,53,False,False,False
matched_lot,btcusdt_microprice_20260413_12_5h_5sessions_hs2.00_rq5000,2026-04-13 12:00,2026-04-13 16:00,btcusdt_microprice_20260413_12_5h_5sessions_hs2.00_rq5000:2026-04-13 16:00:fill-000021:fill-000024:101,fill-000021,fill-000024,buy,sell,1776098001290,1776098351257,1776098351257,349967,0.00008000,-0.00887135984000000000,-0.0065592000000000,0.00231215984000000000,-0.0070272000000000,-110.891998000000,US cash open,13:30,11351257,11351257,False,US cash open,13:30,11001290,11001290,False,US cash open,13:30,11351257,11351257,False,380,False,False,False,54,False,False,False
matched_lot,btcusdt_microprice_20260413_12_5h_5sessions_hs2.00_rq5000,2026-04-13 12:00,2026-04-13 16:00,btcusdt_microprice_20260413_12_5h_5sessions_hs2.00_rq5000:2026-04-13 16:00:fill-000022:fill-000024:102,fill-000022,fill-000024,buy,sell,1776098229074,1776098351257,1776098351257,122183,0.0006555226633794356123733745460,-0.04926570874892730329145033275,-0.03032447840793269142839230650,0.01894123034099461186305802625,-0.03164207896132535700926278934,-75.15485200000000000000000001,US cash open,13:30,11351257,11351257,False,US cash open,13:30,11229074,11229074,False,US cash open,13:30,11351257,11351257,False,515,False,False,False,58,False,False,False
matched_lot,btcusdt_microprice_20260413_12_5h_5sessions_hs2.00_rq5000,2026-04-13 12:00,2026-04-13 16:00,btcusdt_microprice_20260413_12_5h_5sessions_hs2.00_rq5000:2026-04-13 16:00:fill-000022:fill-000026:103,fill-000022,fill-000026,buy,sell,1776098229074,1776098441414,1776098441414,212340,0.0002800000000000000000000000037,0.01968569400000000000000000026,0.02778440000000000000000000037,0.008098706000000000000000000107,0.02722160000000000000000000036,70.30605000000000000000000000,US cash open,13:30,11441414,11441414,False,US cash open,13:30,11229074,11229074,False,US cash open,13:30,11441414,11441414,False,1149,False,False,False,100,False,False,False
matched_lot,btcusdt_microprice_20260413_12_5h_5sessions_hs2.00_rq5000,2026-04-13 12:00,2026-04-13 16:00,btcusdt_microprice_20260413_12_5h_5sessions_hs2.00_rq5000:2026-04-13 16:00:fill-000022:fill-000027:104,fill-000022,fill-000027,buy,sell,1776098229074,1776098486130,1776098486130,257056,0.0000644773366205643876266254503,-0.001466558685819841506201838414,0.0003971803935826766277800127738,0.001863739079402518133981851188,0.0002675809469753422086504956186,-22.74533600000000000000000001,US cash open,13:30,11486130,11486130,False,US cash open,13:30,11229074,11229074,False,US cash open,13:30,11486130,11486130,False,796,False,False,False,79,False,False,False
matched_lot,btcusdt_microprice_20260413_12_5h_5sessions_hs2.00_rq5000,2026-04-13 12:00,2026-04-13 16:00,btcusdt_microprice_20260413_12_5h_5sessions_hs2.00_rq5000:2026-04-13 16:00:fill-000025:fill-000027:105,fill-000025,fill-000027,buy,sell,1776098353265,1776098486130,1776098486130,132865,0.0001755226633794356123733745497,0.004130735967113240587874782036,0.009202653240983809156736027641,0.005071917273870568568861245605,0.008007343903369852636473346958,23.53391800000000000000000000,US cash open,13:30,11486130,11486130,False,US cash open,13:30,11353265,11353265,False,US cash open,13:30,11486130,11486130,False,1016,False,False,False,89,False,False,False
matched_lot,btcusdt_microprice_20260413_12_5h_5sessions_hs2.00_rq5000,2026-04-13 12:00,2026-04-13 16:00,btcusdt_microprice_20260413_12_5h_5sessions_hs2.00_rq5000:2026-04-13 16:00:fill-000025:fill-000028:106,fill-000025,fill-000028,buy,sell,1776098353265,1776098496595,1776098496595,143330,0.00016000,0.004659648000000000000000000000,0.0092832000000000,0.004623552000000000000000000000,0.0081936000000000,29.1228000000000000000000,US cash open,13:30,11496595,11496595,False,US cash open,13:30,11353265,11353265,False,US cash open,13:30,11496595,11496595,False,1038,False,False,False,92,False,False,False
matched_lot,btcusdt_microprice_20260413_12_5h_5sessions_hs2.00_rq5000,2026-04-13 12:00,2026-04-13 16:00,btcusdt_microprice_20260413_12_5h_5sessions_hs2.00_rq5000:2026-04-13 16:00:fill-000025:fill-000029:107,fill-000025,fill-000029,buy,sell,1776098353265,1776098496599,1776098496599,143334,0.0006644773366205643876266254503,0.01935144057893337254797268767,0.03855297507072514577009680863,0.01920153449179177322212412096,0.03402788440833910229035948931,29.12280000000000000000000001,US cash open,13:30,11496599,11496599,False,US cash open,13:30,11353265,11353265,False,US cash open,13:30,11496599,11496599,False,1039,False,False,False,93,False,False,False
matched_lot,btcusdt_microprice_20260413_12_5h_5sessions_hs2.00_rq5000,2026-04-13 12:00,2026-04-13 16:00,btcusdt_microprice_20260413_12_5h_5sessions_hs2.00_rq5000:2026-04-13 16:00:fill-000029:fill-000030:108,fill-000029,fill-000030,sell,buy,1776098496599,1776098721165,1776098721165,224566,0.0001755226633794356123733745497,-0.01281098110508083553150393500,-0.007735283775131727437294616405,0.005075697329949108094209318599,-0.008423332615579115037798244640,-72.98761799999999999999999997,US cash close,20:00,-11678835,11678835,False,US cash open,13:30,11496599,11496599,False,US cash close,20:00,-11678835,11678835,False,524,False,False,False,60,False,False,False
matched_lot,btcusdt_microprice_20260413_12_5h_5sessions_hs2.00_rq5000,2026-04-13 12:00,2026-04-13 16:00,btcusdt_microprice_20260413_12_5h_5sessions_hs2.00_rq5000:2026-04-13 16:00:fill-000030:fill-000033:109,fill-000030,fill-000033,buy,sell,1776098721165,1776099000072,1776099000072,278907,0.00000009858287122612446087492194,-0.000003169024078866296980899535200,-0.0000003174368453481207640172486468,0.000002851587233518176216882286553,-0.0000007038817005545286506469426516,-32.14578800000000000000000000,US cash close,20:00,-11399928,11399928,False,US cash close,20:00,-11678835,11678835,False,US cash close,20:00,-11399928,11399928,False,729,False,False,False,74,False,False,False
matched_lot,btcusdt_microprice_20260413_12_5h_5sessions_hs2.00_rq5000,2026-04-13 12:00,2026-04-13 16:00,btcusdt_microprice_20260413_12_5h_5sessions_hs2.00_rq5000:2026-04-13 16:00:fill-000030:fill-000036:110,fill-000030,fill-000036,buy,sell,1776098721165,1776099141868,1776099141868,420703,0.0008243787537493382631657505284,-0.05028711716876969404252299288,-0.02644607042027877148235727695,0.02384104674849092256016571593,-0.02802887762747750094763551796,-61.00001599999999999999999999,US cash close,20:00,-11258132,11258132,False,US cash close,20:00,-11678835,11678835,False,US cash close,20:00,-11258132,11258132,False,591,False,False,False,64,False,False,False
matched_lot,btcusdt_microprice_20260413_12_5h_5sessions_hs2.00_rq5000,2026-04-13 12:00,2026-04-13 16:00,btcusdt_microprice_20260413_12_5h_5sessions_hs2.00_rq5000:2026-04-13 16:00:fill-000031:fill-000036:111,fill-000031,fill-000036,buy,sell,1776098881576,1776099141868,1776099141868,260292,0.0001756212462506617368342494716,-0.02487431542093320085089891496,-0.01979251445244957774121991545,0.005081800968483623109678999505,-0.02038611426477681441171967867,-141.6361400000000000000000000,US cash close,20:00,-11258132,11258132,False,US cash close,20:00,-11518424,11518424,False,US cash close,20:00,-11258132,11258132,False,292,False,False,False,44,False,False,False
matched_lot,btcusdt_microprice_20260414_02_5h_5sessions_hs2.00_rq5000,2026-04-14 02:00,2026-04-14 02:00,btcusdt_microprice_20260414_02_5h_5sessions_hs2.00_rq5000:2026-04-14 02:00:fill-000001:fill-000002:1,fill-000001,fill-000002,sell,buy,1776132151715,1776132232001,1776132232001,80286,0.00007000,-0.00284909870000000000,-0.0007665000000000,0.00208259870000000000,-0.0009261000000000,-40.701410000000,Singapore/Hong Kong,01:00,3832001,3832001,False,Singapore/Hong Kong,01:00,3751715,3751715,False,Singapore/Hong Kong,01:00,3832001,3832001,False,682,False,False,False,20,False,False,False
matched_lot,btcusdt_microprice_20260414_02_5h_5sessions_hs2.00_rq5000,2026-04-14 02:00,2026-04-14 02:00,btcusdt_microprice_20260414_02_5h_5sessions_hs2.00_rq5000:2026-04-14 02:00:fill-000002:fill-000007:2,fill-000002,fill-000007,buy,sell,1776132232001,1776133253528,1776133253528,1021527,0.00093000,0.11552050800000000000,0.1432200000000000,0.02769949200000000000,0.1394907000000000,124.215600000000,Singapore/Hong Kong,01:00,4853528,4853528,False,Singapore/Hong Kong,01:00,3832001,3832001,False,Singapore/Hong Kong,01:00,4853528,4853528,False,1229,False,False,False,45,False,False,False
matched_lot,btcusdt_microprice_20260414_02_5h_5sessions_hs2.00_rq5000,2026-04-14 02:00,2026-04-14 02:00,btcusdt_microprice_20260414_02_5h_5sessions_hs2.00_rq5000:2026-04-14 02:00:fill-000003:fill-000007:3,fill-000003,fill-000007,buy,sell,1776132561893,1776133253528,1776133253528,691635,0.00007000,0.00311987718000000000,0.0052059000000000,0.00208602282000000000,0.0049252000000000,44.569674000000,Singapore/Hong Kong,01:00,4853528,4853528,False,Singapore/Hong Kong,01:00,4161893,4161893,False,Singapore/Hong Kong,01:00,4853528,4853528,False,1082,False,False,False,43,False,False,False
matched_lot,btcusdt_microprice_20260414_02_5h_5sessions_hs2.00_rq5000,2026-04-14 02:00,2026-04-14 02:00,btcusdt_microprice_20260414_02_5h_5sessions_hs2.00_rq5000:2026-04-14 02:00:fill-000004:fill-000008:4,fill-000004,fill-000008,buy,sell,1776132697808,1776133284575,1776133284575,586767,0.00007000,0.00239503586000000000,0.0044807000000000,0.00208566414000000000,0.0042000000000000,34.214798000000,Singapore/Hong Kong,01:00,4884575,4884575,False,Singapore/Hong Kong,01:00,4297808,4297808,False,Singapore/Hong Kong,01:00,4884575,4884575,False,1058,False,False,False,41,False,False,False
matched_lot,btcusdt_microprice_20260414_02_5h_5sessions_hs2.00_rq5000,2026-04-14 02:00,2026-04-14 02:00,btcusdt_microprice_20260414_02_5h_5sessions_hs2.00_rq5000:2026-04-14 02:00:fill-000004:fill-000013:5,fill-000004,fill-000013,buy,sell,1776132697808,1776134050565,1776134050565,1352757,0.00001000,-0.00187750800000000000,-0.0015800000000000,0.00029750800000000000,-0.0016001000000000,-187.750800000000,Singapore/Hong Kong,01:00,5650565,5650565,False,Singapore/Hong Kong,01:00,4297808,4297808,False,Singapore/Hong Kong,01:00,5650565,5650565,False,183,False,False,False,2,False,True,True
matched_lot,btcusdt_microprice_20260414_02_5h_5sessions_hs2.00_rq5000,2026-04-14 02:00,2026-04-14 02:00,btcusdt_microprice_20260414_02_5h_5sessions_hs2.00_rq5000:2026-04-14 02:00:fill-000005:fill-000013:6,fill-000005,fill-000013,buy,sell,1776133093315,1776134050565,1776134050565,957250,0.00099000,-0.25343450154000000000,-0.2239677000000000,0.02946680154000000000,-0.2259576000000000,-255.994446000000,Singapore/Hong Kong,01:00,5650565,5650565,False,Singapore/Hong Kong,01:00,4693315,4693315,False,Singapore/Hong Kong,01:00,5650565,5650565,False,114,False,False,True,1,True,True,True
matched_lot,btcusdt_microprice_20260414_02_5h_5sessions_hs2.00_rq5000,2026-04-14 02:00,2026-04-14 02:00,btcusdt_microprice_20260414_02_5h_5sessions_hs2.00_rq5000:2026-04-14 02:00:fill-000005:fill-000014:7,fill-000005,fill-000014,buy,sell,1776133093315,1776134363252,1776134363252,1269937,0.00001000,-0.00162003248000000000,-0.0013222000000000,0.00029783248000000000,-0.0013424000000000,-162.003248000000,Singapore/Hong Kong,01:00,5963252,5963252,False,Singapore/Hong Kong,01:00,4693315,4693315,False,Singapore/Hong Kong,01:00,5963252,5963252,False,244,False,False,False,5,False,False,True
matched_lot,btcusdt_microprice_20260414_02_5h_5sessions_hs2.00_rq5000,2026-04-14 02:00,2026-04-14 02:00,btcusdt_microprice_20260414_02_5h_5sessions_hs2.00_rq5000:2026-04-14 02:00:fill-000006:fill-000014:8,fill-000006,fill-000014,buy,sell,1776133128831,1776134363252,1776134363252,1234421,0.00026000,-0.04576677352000000000,-0.0380224000000000,0.00774437352000000000,-0.0385476000000000,-176.026052000000,Singapore/Hong Kong,01:00,5963252,5963252,False,Singapore/Hong Kong,01:00,4728831,4728831,False,Singapore/Hong Kong,01:00,5963252,5963252,False,206,False,False,False,3,False,False,True
matched_lot,btcusdt_microprice_20260414_02_5h_5sessions_hs2.00_rq5000,2026-04-14 02:00,2026-04-14 02:00,btcusdt_microprice_20260414_02_5h_5sessions_hs2.00_rq5000:2026-04-14 02:00:fill-000009:fill-000014:9,fill-000009,fill-000014,buy,sell,1776133754991,1776134363252,1776134363252,608261,0.00001000,-0.00077846420000000000,-0.0004808000000000,0.00029766420000000000,-0.0005010000000000,-77.846420000000,Singapore/Hong Kong,01:00,5963252,5963252,False,Singapore/Hong Kong,01:00,5354991,5354991,False,Singapore/Hong Kong,01:00,5963252,5963252,False,497,False,False,False,14,False,False,False
matched_lot,btcusdt_microprice_20260414_02_5h_5sessions_hs2.00_rq5000,2026-04-14 02:00,2026-04-14 02:00,btcusdt_microprice_20260414_02_5h_5sessions_hs2.00_rq5000:2026-04-14 02:00:fill-000009:fill-000015:10,fill-000009,fill-000015,buy,sell,1776133754991,1776134858743,1776134858743,1103752,0.00013000,-0.008821594339999999999999999999,-0.0049517000000000,0.003869894339999999999999999999,-0.0054730000000000,-67.85841799999999999999999999,Singapore/Hong Kong,01:00,6458743,6458743,False,Singapore/Hong Kong,01:00,5354991,5354991,False,Singapore/Hong Kong,01:00,6458743,6458743,False,555,False,False,False,16,False,False,False
matched_lot,btcusdt_microprice_20260414_02_5h_5sessions_hs2.00_rq5000,2026-04-14 02:00,2026-04-14 02:00,btcusdt_microprice_20260414_02_5h_5sessions_hs2.00_rq5000:2026-04-14 02:00:fill-000010:fill-000015:11,fill-000010,fill-000015,buy,sell,1776133819353,1776134858743,1776134858743,1039390,0.0006694166032417330997134822904,-0.00117496002200988993661710411,0.01874366489076852679197750413,0.01991862491277841672859460824,0.01739813751825264326155340473,-1.755199999999999999999999991,Singapore/Hong Kong,01:00,6458743,6458743,False,Singapore/Hong Kong,01:00,5419353,5419353,False,Singapore/Hong Kong,01:00,6458743,6458743,False,890,False,False,False,29,False,False,False
matched_lot,btcusdt_microprice_20260414_02_5h_5sessions_hs2.00_rq5000,2026-04-14 02:00,2026-04-14 03:00,btcusdt_microprice_20260414_02_5h_5sessions_hs2.00_rq5000:2026-04-14 03:00:fill-000001:fill-000006:12,fill-000001,fill-000006,sell,buy,1776135605158,1776138121166,1776138121166,2516008,0.00007000,-0.01155164206000000000,-0.0094689000000000,0.00208274206000000000,-0.0097496000000000,-165.023458000000,Singapore/Hong Kong,01:00,9721166,9721166,False,Singapore/Hong Kong,01:00,7205158,7205158,False,Singapore/Hong Kong,01:00,9721166,9721166,False,235,False,False,False,4,False,False,True
matched_lot,btcusdt_microprice_20260414_02_5h_5sessions_hs2.00_rq5000,2026-04-14 02:00,2026-04-14 03:00,btcusdt_microprice_20260414_02_5h_5sessions_hs2.00_rq5000:2026-04-14 03:00:fill-000002:fill-000006:13,fill-000002,fill-000006,sell,buy,1776136019560,1776138121166,1776138121166,2101606,0.00042000,-0.04327925952000000000,-0.0307776000000000,0.01250165952000000000,-0.0316218000000000,-103.045856000000,Singapore/Hong Kong,01:00,9721166,9721166,False,Singapore/Hong Kong,01:00,7619560,7619560,False,Singapore/Hong Kong,01:00,9721166,9721166,False,403,False,False,False,12,False,False,False
matched_lot,btcusdt_microprice_20260414_02_5h_5sessions_hs2.00_rq5000,2026-04-14 02:00,2026-04-14 03:00,btcusdt_microprice_20260414_02_5h_5sessions_hs2.00_rq5000:2026-04-14 03:00:fill-000002:fill-000008:14,fill-000002,fill-000008,sell,buy,1776136019560,1776138697871,1776138697871,2678311,0.00058000,-0.05670358400000000000000000000,-0.0394400000000000,0.01726358400000000000000000000,-0.0406058000000000,-97.764800000000000000000,Singapore/Hong Kong,01:00,10297871,10297871,False,Singapore/Hong Kong,01:00,7619560,7619560,False,Singapore/Hong Kong,01:00,10297871,10297871,False,423,False,False,False,13,False,False,False
matched_lot,btcusdt_microprice_20260414_02_5h_5sessions_hs2.00_rq5000,2026-04-14 02:00,2026-04-14 03:00,btcusdt_microprice_20260414_02_5h_5sessions_hs2.00_rq5000:2026-04-14 03:00:fill-000003:fill-000008:15,fill-000003,fill-000008,sell,buy,1776136520604,1776138697871,1776138697871,2177267,0.0001001444043321299638989169673,-0.01219358267148014440433212994,-0.009213285198555956678700360992,0.002980297472924187725631768947,-0.009614864259927797833935018030,-121.7600000000000000000000000,Singapore/Hong Kong,01:00,10297871,10297871,False,Singapore/Hong Kong,01:00,8120604,8120604,False,Singapore/Hong Kong,01:00,10297871,10297871,False,355,False,False,False,9,False,False,False
matched_lot,btcusdt_microprice_20260414_02_5h_5sessions_hs2.00_rq5000,2026-04-14 02:00,2026-04-14 03:00,btcusdt_microprice_20260414_02_5h_5sessions_hs2.00_rq5000:2026-04-14 03:00:fill-000003:fill-000009:16,fill-000003,fill-000009,sell,buy,1776136520604,1776138821482,1776138821482,2300878,0.0005398555956678700361010830327,-0.05687741483321299638989169677,-0.04081308303249097472924187727,0.01606433180072202166064981950,-0.04297790397111913357400722023,-105.3567200000000000000000000,Singapore/Hong Kong,01:00,10421482,10421482,False,Singapore/Hong Kong,01:00,8120604,8120604,False,Singapore/Hong Kong,01:00,10421482,10421482,False,396,False,False,False,10,False,False,False
matched_lot,btcusdt_microprice_20260414_02_5h_5sessions_hs2.00_rq5000,2026-04-14 02:00,2026-04-14 03:00,btcusdt_microprice_20260414_02_5h_5sessions_hs2.00_rq5000:2026-04-14 03:00:fill-000004:fill-000009:17,fill-000004,fill-000009,sell,buy,1776136520606,1776138821482,1776138821482,2300876,0.00036000,-0.03792841920000000000,-0.0272160000000000,0.01071241920000000000,-0.0286596000000000,-105.356720000000,Singapore/Hong Kong,01:00,10421482,10421482,False,Singapore/Hong Kong,01:00,8120606,8120606,False,Singapore/Hong Kong,01:00,10421482,10421482,False,397,False,False,False,11,False,False,False
matched_lot,btcusdt_microprice_20260414_02_5h_5sessions_hs2.00_rq5000,2026-04-14 02:00,2026-04-14 03:00,btcusdt_microprice_20260414_02_5h_5sessions_hs2.00_rq5000:2026-04-14 03:00:fill-000005:fill-000009:18,fill-000005,fill-000009,sell,buy,1776136716401,1776138821482,1776138821482,2105081,0.00007009456264775413711583924378,-0.01053925848392434988179669035,-0.008454105200945626477541371192,0.002085153282978723404255319158,-0.008615322695035460992907801453,-150.3577180000000000000000000,Singapore/Hong Kong,01:00,10421482,10421482,False,Singapore/Hong Kong,01:00,8316401,8316401,False,Singapore/Hong Kong,01:00,10421482,10421482,False,271,False,False,False,7,False,False,False
matched_lot,btcusdt_microprice_20260414_02_5h_5sessions_hs2.00_rq5000,2026-04-14 02:00,2026-04-14 03:00,btcusdt_microprice_20260414_02_5h_5sessions_hs2.00_rq5000:2026-04-14 03:00:fill-000007:fill-000009:19,fill-000007,fill-000009,sell,buy,1776138218071,1776138821482,1776138821482,603411,0.00003004984168437582678307772352,0.0002632501956835735804934668088,0.001158120898515844364219815464,0.0008948707028322707837263486552,0.001037621033361497298819673792,8.760451999999999999999999988,Singapore/Hong Kong,01:00,10421482,10421482,False,Singapore/Hong Kong,01:00,9818071,9818071,False,Singapore/Hong Kong,01:00,10421482,10421482,False,941,False,False,False,34,False,False,False
matched_lot,btcusdt_microprice_20260414_02_5h_5sessions_hs2.00_rq5000,2026-04-14 02:00,2026-04-14 03:00,btcusdt_microprice_20260414_02_5h_5sessions_hs2.00_rq5000:2026-04-14 03:00:fill-000007:fill-000010:20,fill-000007,fill-000010,sell,buy,1776138218071,1776139010707,1776139010707,792636,0.00003995015831562417321692227648,0.000697217753454353039574638784,0.001886845977246929701035239118,0.001189628223792576661460600334,0.001726645842401276766435380790,17.45218999999999999999999999,Singapore/Hong Kong,01:00,10610707,10610707,False,Singapore/Hong Kong,01:00,9818071,9818071,False,Singapore/Hong Kong,01:00,10610707,10610707,False,986,False,False,False,38,False,False,False
matched_lot,btcusdt_microprice_20260414_02_5h_5sessions_hs2.00_rq5000,2026-04-14 02:00,2026-04-14 04:00,btcusdt_microprice_20260414_02_5h_5sessions_hs2.00_rq5000:2026-04-14 04:00:fill-000001:fill-000002:21,fill-000001,fill-000002,sell,buy,1776139690186,1776139936369,1776139936369,246183,0.00008000,0.003377472000000000000000000000,0.0057600000000000,0.002382528000000000000000000000,0.0054392000000000,42.2184000000000000000000,London,07:00,-10063631,10063631,False,London,07:00,-10309814,10309814,False,London,07:00,-10063631,10063631,False,1075,False,False,False,42,False,False,False
matched_lot,btcusdt_microprice_20260414_02_5h_5sessions_hs2.00_rq5000,2026-04-14 02:00,2026-04-14 04:00,btcusdt_microprice_20260414_02_5h_5sessions_hs2.00_rq5000:2026-04-14 04:00:fill-000002:fill-000003:22,fill-000002,fill-000003,buy,sell,1776139936369,1776140764806,1776140764806,828437,0.0001470270270270270270270270270,0.003211434309189189189189189188,0.007589535135135135135135135134,0.004378100825945945945945945946,0.006999956756756756756756756756,21.84247600000000000000000000,London,07:00,-9235194,9235194,False,London,07:00,-10063631,10063631,False,London,07:00,-9235194,9235194,False,1006,False,False,False,40,False,False,False
matched_lot,btcusdt_microprice_20260414_02_5h_5sessions_hs2.00_rq5000,2026-04-14 02:00,2026-04-14 04:00,btcusdt_microprice_20260414_02_5h_5sessions_hs2.00_rq5000:2026-04-14 04:00:fill-000003:fill-000006:23,fill-000003,fill-000006,sell,buy,1776140764806,1776140902618,1776140902618,137812,0.00007000,-0.002162164760000000000000000000,-0.0000770000000000,0.002085164760000000000000000000,-0.0002499000000000,-30.8880680000000000000000,London,07:00,-9097382,9097382,False,London,07:00,-9235194,9235194,False,London,07:00,-9097382,9097382,False,735,False,False,False,23,False,False,False
matched_lot,btcusdt_microprice_20260414_02_5h_5sessions_hs2.00_rq5000,2026-04-14 02:00,2026-04-14 04:00,btcusdt_microprice_20260414_02_5h_5sessions_hs2.00_rq5000:2026-04-14 04:00:fill-000003:fill-000007:24,fill-000003,fill-000007,sell,buy,1776140764806,1776140916579,1776140916579,151773,0.0007829729729729729729729729730,-0.03095859319081081081081081081,-0.007633986486486486486486486487,0.02332460670432432432432432432,-0.009207762162162162162162162163,-39.53979800000000000000000000,London,07:00,-9083421,9083421,False,London,07:00,-9235194,9235194,False,London,07:00,-9083421,9083421,False,693,False,False,False,21,False,False,False
matched_lot,btcusdt_microprice_20260414_02_5h_5sessions_hs2.00_rq5000,2026-04-14 02:00,2026-04-14 04:00,btcusdt_microprice_20260414_02_5h_5sessions_hs2.00_rq5000:2026-04-14 04:00:fill-000004:fill-000007:25,fill-000004,fill-000007,sell,buy,1776140765143,1776140916579,1776140916579,151436,0.0002170270270270270270270270270,-0.007630816546486486486486486486,-0.001165435135135135135135135135,0.006465381411351351351351351351,-0.001189308108108108108108108108,-35.16067400000000000000000000,London,07:00,-9083421,9083421,False,London,07:00,-9234857,9234857,False,London,07:00,-9083421,9083421,False,715,False,False,False,22,False,False,False
matched_lot,btcusdt_microprice_20260414_02_5h_5sessions_hs2.00_rq5000,2026-04-14 02:00,2026-04-14 04:00,btcusdt_microprice_20260414_02_5h_5sessions_hs2.00_rq5000:2026-04-14 04:00:fill-000004:fill-000011:26,fill-000004,fill-000011,sell,buy,1776140765143,1776142092539,1776142092539,1327396,0.0000629729729729729729729729730,0.000594354284324324324324324325,0.002469800000000000000000000001,0.001875445715675675675675675676,0.002336927027027027027027027028,9.438244000000000000000000007,London,07:00,-7907461,7907461,False,London,07:00,-9234857,9234857,False,London,07:00,-7907461,7907461,False,942,False,False,False,35,False,False,False
matched_lot,btcusdt_microprice_20260414_02_5h_5sessions_hs2.00_rq5000,2026-04-14 02:00,2026-04-14 04:00,btcusdt_microprice_20260414_02_5h_5sessions_hs2.00_rq5000:2026-04-14 04:00:fill-000005:fill-000011:27,fill-000005,fill-000011,sell,buy,1776140852383,1776142092539,1776142092539,1240156,0.0001670270270270270270270270270,0.002015635060540540540540540540,0.006990081081081081081081081080,0.004974446020540540540540540540,0.006320302702702702702702702702,12.06771800000000000000000000,London,07:00,-7907461,7907461,False,London,07:00,-9147617,9147617,False,London,07:00,-7907461,7907461,False,958,False,False,False,36,False,False,False
matched_lot,btcusdt_microprice_20260414_02_5h_5sessions_hs2.00_rq5000,2026-04-14 02:00,2026-04-14 04:00,btcusdt_microprice_20260414_02_5h_5sessions_hs2.00_rq5000:2026-04-14 04:00:fill-000005:fill-000012:28,fill-000005,fill-000012,sell,buy,1776140852383,1776142544633,1776142544633,1692250,0.0001129729729729729729729729730,0.006152078132972972972972972974,0.009515713513513513513513513516,0.003363635380540540540540540542,0.009062691891891891891891891894,54.45619400000000000000000000,London,07:00,-7455367,7455367,False,London,07:00,-9147617,9147617,False,London,07:00,-7455367,7455367,False,1114,False,False,False,44,False,False,False
matched_lot,btcusdt_microprice_20260414_02_5h_5sessions_hs2.00_rq5000,2026-04-14 02:00,2026-04-14 04:00,btcusdt_microprice_20260414_02_5h_5sessions_hs2.00_rq5000:2026-04-14 04:00:fill-000008:fill-000012:29,fill-000008,fill-000012,sell,buy,1776141607615,1776142544633,1776142544633,937018,0.0008070270270270270270270270270,0.00460485263675675675675675676,0.02862524864864864864864864865,0.02402039601189189189189189189,0.02179780000000000000000000000,5.705946000000000000000000004,London,07:00,-7455367,7455367,False,London,07:00,-8392385,8392385,False,London,07:00,-7455367,7455367,False,925,False,False,False,31,False,False,False
matched_lot,btcusdt_microprice_20260414_02_5h_5sessions_hs2.00_rq5000,2026-04-14 02:00,2026-04-14 04:00,btcusdt_microprice_20260414_02_5h_5sessions_hs2.00_rq5000:2026-04-14 04:00:fill-000008:fill-000013:30,fill-000008,fill-000013,sell,buy,1776141607615,1776142597677,1776142597677,990062,0.0001929729729729729729729729730,0.001178297990270270270270270271,0.006921940540540540540540540542,0.005743642550270270270270270271,0.005289389189189189189189189190,6.106026000000000000000000003,London,07:00,-7402323,7402323,False,London,07:00,-8392385,8392385,False,London,07:00,-7402323,7402323,False,928,False,False,False,32,False,False,False
matched_lot,btcusdt_microprice_20260414_02_5h_5sessions_hs2.00_rq5000,2026-04-14 02:00,2026-04-14 04:00,btcusdt_microprice_20260414_02_5h_5sessions_hs2.00_rq5000:2026-04-14 04:00:fill-000009:fill-000013:31,fill-000009,fill-000013,sell,buy,1776141948931,1776142597677,1776142597677,648746,0.00080000,-0.04940032000000000000,-0.0256000000000000,0.02380032000000000000,-0.0288080000000000,-61.750400000000,London,07:00,-7402323,7402323,False,London,07:00,-8051069,8051069,False,London,07:00,-7402323,7402323,False,590,False,False,False,17,False,False,False
matched_lot,btcusdt_microprice_20260414_02_5h_5sessions_hs2.00_rq5000,2026-04-14 02:00,2026-04-14 04:00,btcusdt_microprice_20260414_02_5h_5sessions_hs2.00_rq5000:2026-04-14 04:00:fill-000010:fill-000013:32,fill-000010,fill-000013,sell,buy,1776142031960,1776142597677,1776142597677,565717,0.0000070270270270270270270270270,-0.0002091018378378378378378378370,0.000000000000000000000000000000000000000,0.0002091018378378378378378378370,-0.00002817837837837837837837837828,-29.75680000000000000000000000,London,07:00,-7402323,7402323,False,London,07:00,-7968040,7968040,False,London,07:00,-7402323,7402323,False,743,False,False,False,24,False,False,False
matched_lot,btcusdt_microprice_20260414_02_5h_5sessions_hs2.00_rq5000,2026-04-14 02:00,2026-04-14 05:00,btcusdt_microprice_20260414_02_5h_5sessions_hs2.00_rq5000:2026-04-14 05:00:fill-000001:fill-000002:33,fill-000001,fill-000002,buy,sell,1776142988195,1776143132315,1776143132315,144120,0.001,-0.052629380000000,-0.02290000000,0.029729380000000,-0.02691000000,-52.629380000000,London,07:00,-6867685,6867685,False,London,07:00,-7011805,7011805,False,London,07:00,-6867685,6867685,False,617,False,False,False,18,False,False,False
matched_lot,btcusdt_microprice_20260414_02_5h_5sessions_hs2.00_rq5000,2026-04-14 02:00,2026-04-14 05:00,btcusdt_microprice_20260414_02_5h_5sessions_hs2.00_rq5000:2026-04-14 05:00:fill-000003:fill-000006:34,fill-000003,fill-000006,buy,sell,1776143713786,1776144023695,1776144023695,309909,0.00044000,0.00738201552000000000,0.0204688000000000,0.01308678448000000000,0.0188320000000000,16.777308000000,London,07:00,-5976305,5976305,False,London,07:00,-6286214,6286214,False,London,07:00,-5976305,5976305,False,985,False,False,False,37,False,False,False
matched_lot,btcusdt_microprice_20260414_02_5h_5sessions_hs2.00_rq5000,2026-04-14 02:00,2026-04-14 05:00,btcusdt_microprice_20260414_02_5h_5sessions_hs2.00_rq5000:2026-04-14 05:00:fill-000004:fill-000006:35,fill-000004,fill-000006,buy,sell,1776143878775,1776144023695,1776144023695,144920,0.00056000,-0.01048868352000000000,0.0061712000000000,0.01665988352000000000,0.0039256000000000,-18.729792000000,London,07:00,-5976305,5976305,False,London,07:00,-6121225,6121225,False,London,07:00,-5976305,5976305,False,819,False,False,False,27,False,False,False
matched_lot,btcusdt_microprice_20260414_02_5h_5sessions_hs2.00_rq5000,2026-04-14 02:00,2026-04-14 05:00,btcusdt_microprice_20260414_02_5h_5sessions_hs2.00_rq5000:2026-04-14 05:00:fill-000004:fill-000007:36,fill-000004,fill-000007,buy,sell,1776143878775,1776144091187,1776144091187,212412,0.00002000,0.00010570808000000000,0.0007008000000000,0.00059509192000000000,0.0006206000000000,5.285404000000,London,07:00,-5908813,5908813,False,London,07:00,-6121225,6121225,False,London,07:00,-5908813,5908813,False,921,False,False,False,30,False,False,False
matched_lot,btcusdt_microprice_20260414_02_5h_5sessions_hs2.00_rq5000,2026-04-14 02:00,2026-04-14 05:00,btcusdt_microprice_20260414_02_5h_5sessions_hs2.00_rq5000:2026-04-14 05:00:fill-000005:fill-000007:37,fill-000005,fill-000007,buy,sell,1776143972665,1776144091187,1776144091187,118522,0.00005000,0.00097641260000000000,0.0024640000000000,0.00148758740000000000,0.0022635000000000,19.528252000000,London,07:00,-5908813,5908813,False,London,07:00,-6027335,6027335,False,London,07:00,-5908813,5908813,False,997,False,False,False,39,False,False,False
matched_lot,btcusdt_microprice_20260414_02_5h_5sessions_hs2.00_rq5000,2026-04-14 02:00,2026-04-14 05:00,btcusdt_microprice_20260414_02_5h_5sessions_hs2.00_rq5000:2026-04-14 05:00:fill-000005:fill-000008:38,fill-000005,fill-000008,buy,sell,1776143972665,1776144151187,1776144151187,178522,0.00002000,-0.00041867308000000000,0.0001762000000000,0.00059487308000000000,0.0000278000000000,-20.933654000000,London,07:00,-5848813,5848813,False,London,07:00,-6027335,6027335,False,London,07:00,-5848813,5848813,False,808,False,False,False,26,False,False,False
matched_lot,btcusdt_microprice_20260414_02_5h_5sessions_hs2.00_rq5000,2026-04-14 02:00,2026-04-14 05:00,btcusdt_microprice_20260414_02_5h_5sessions_hs2.00_rq5000:2026-04-14 05:00:fill-000008:fill-000009:39,fill-000008,fill-000009,sell,buy,1776144151187,1776144450353,1776144450353,299166,0.000050000,0.000361598900000000000,0.00184850000000000,0.001486901100000000000,0.00147750000000000,7.231978000000,London,07:00,-5549647,5549647,False,London,07:00,-5848813,5848813,False,London,07:00,-5549647,5549647,False,932,False,False,False,33,False,False,False
matched_lot,btcusdt_microprice_20260414_02_5h_5sessions_hs2.00_rq5000,2026-04-14 02:00,2026-04-14 05:00,btcusdt_microprice_20260414_02_5h_5sessions_hs2.00_rq5000:2026-04-14 05:00:fill-000009:fill-000011:40,fill-000009,fill-000011,buy,sell,1776144450353,1776144979662,1776144979662,529309,0.00058000,-0.01553890528000000000,0.0017052000000000,0.01724410528000000000,-0.0006206000000000,-26.791216000000,London,07:00,-5020338,5020338,False,London,07:00,-5549647,5549647,False,London,07:00,-5020338,5020338,False,768,False,False,False,25,False,False,False
matched_lot,btcusdt_microprice_20260414_02_5h_5sessions_hs2.00_rq5000,2026-04-14 02:00,2026-04-14 06:00,btcusdt_microprice_20260414_02_5h_5sessions_hs2.00_rq5000:2026-04-14 06:00:fill-000001:fill-000003:41,fill-000001,fill-000003,sell,buy,1776146817759,1776148024103,1776148024103,1206344,0.00014000,-0.02144895928000000000,-0.0172844000000000,0.00416455928000000000,-0.0176106000000000,-153.206852000000,London,07:00,-1975897,1975897,False,London,07:00,-3182241,3182241,False,London,07:00,-1975897,1975897,False,265,False,False,False,6,False,False,False
matched_lot,btcusdt_microprice_20260414_02_5h_5sessions_hs2.00_rq5000,2026-04-14 02:00,2026-04-14 06:00,btcusdt_microprice_20260414_02_5h_5sessions_hs2.00_rq5000:2026-04-14 06:00:fill-000001:fill-000004:42,fill-000001,fill-000004,sell,buy,1776146817759,1776148844017,1776148844017,2026258,0.00010000,-0.01450452200000000000,-0.0115300000000000,0.00297452200000000000,-0.0117310000000000,-145.045220000000,London,07:00,-1155983,1155983,True,London,07:00,-3182241,3182241,False,London,07:00,-1155983,1155983,True,283,False,False,False,8,False,False,False
matched_lot,btcusdt_microprice_20260414_02_5h_5sessions_hs2.00_rq5000,2026-04-14 02:00,2026-04-14 06:00,btcusdt_microprice_20260414_02_5h_5sessions_hs2.00_rq5000:2026-04-14 06:00:fill-000002:fill-000004:43,fill-000002,fill-000004,sell,buy,1776147520017,1776148844017,1776148844017,1324000,0.00000159609120521172638436482080,-0.0001102267289902280130293159577,-0.00006272638436482084690553745744,0.00004750034462540716612377850024,-0.00006591856677524429967426709904,-69.06042000000000000000000002,London,07:00,-1155983,1155983,True,London,07:00,-2479983,2479983,False,London,07:00,-1155983,1155983,True,543,False,False,False,15,False,False,False
matched_lot,btcusdt_microprice_20260414_02_5h_5sessions_hs2.00_rq5000,2026-04-14 02:00,2026-04-14 06:00,btcusdt_microprice_20260414_02_5h_5sessions_hs2.00_rq5000:2026-04-14 06:00:fill-000004:fill-000005:44,fill-000004,fill-000005,buy,sell,1776148844017,1776149205339,1776149205339,361322,0.000092307692307692307692307692,-0.004473649846153846153846153830,-0.001726153846153846153846153840,0.002747495999999999999999999990,-0.001911692307692307692307692300,-48.46453999999999999999999999,London,07:00,-794661,794661,True,London,07:00,-1155983,1155983,True,London,07:00,-794661,794661,True,647,False,False,False,19,False,False,False
matched_lot,btcusdt_microprice_20260414_02_5h_5sessions_hs2.00_rq5000,2026-04-14 02:00,2026-04-14 06:00,btcusdt_microprice_20260414_02_5h_5sessions_hs2.00_rq5000:2026-04-14 06:00:fill-000004:fill-000006:45,fill-000004,fill-000006,buy,sell,1776148844017,1776149392815,1776149392815,548798,0.0008060962164870959659233274872,-0.01323686566612377850162866451,0.01076138449010273114507642195,0.02399825015622650964670508646,0.009141131094963668253570533698,-16.42095000000000000000000001,London,07:00,-607185,607185,True,London,07:00,-1155983,1155983,True,London,07:00,-607185,607185,True,824,False,False,False,28,False,False,False
matched_lot,btcusdt_microprice_20260414_12_5h_5sessions_hs2.00_rq5000,2026-04-14 12:00,2026-04-14 12:00,btcusdt_microprice_20260414_12_5h_5sessions_hs2.00_rq5000:2026-04-14 12:00:fill-000001:fill-000003:1,fill-000001,fill-000003,buy,sell,1776168058815,1776169552580,1776169552580,1493765,0.00051000,-0.05085883302000000000,-0.0356949000000000,0.01516393302000000000,-0.0358071000000000,-99.723202000000,US cash open,13:30,-3847420,3847420,False,US cash open,13:30,-5341185,5341185,False,US cash open,13:30,-3847420,3847420,False,414,False,False,False,50,False,False,False
matched_lot,btcusdt_microprice_20260414_12_5h_5sessions_hs2.00_rq5000,2026-04-14 12:00,2026-04-14 12:00,btcusdt_microprice_20260414_12_5h_5sessions_hs2.00_rq5000:2026-04-14 12:00:fill-000001:fill-000008:2,fill-000001,fill-000008,buy,sell,1776168058815,1776169958811,1776169958811,1899996,0.00028000,-0.00660476096000000000,0.0017248000000000,0.00832956096000000000,0.0011620000000000,-23.588432000000,US cash open,13:30,-3441189,3441189,False,US cash open,13:30,-5341185,5341185,False,US cash open,13:30,-3441189,3441189,False,794,False,False,False,61,False,False,False
matched_lot,btcusdt_microprice_20260414_12_5h_5sessions_hs2.00_rq5000,2026-04-14 12:00,2026-04-14 13:00,btcusdt_microprice_20260414_12_5h_5sessions_hs2.00_rq5000:2026-04-14 13:00:fill-000001:fill-000004:3,fill-000001,fill-000004,sell,buy,1776171677570,1776171962461,1776171962461,284891,0.00042788771929824561403508772,-0.04639865694298947368421052640,-0.03364053249122807017543859655,0.01275812445176140350877192985,-0.03450486568421052631578947375,-108.4365240000000000000000000,US cash open,13:30,-1437539,1437539,True,US cash open,13:30,-1722430,1722430,True,US cash open,13:30,-1437539,1437539,True,386,False,False,False,47,False,False,False
matched_lot,btcusdt_microprice_20260414_12_5h_5sessions_hs2.00_rq5000,2026-04-14 12:00,2026-04-14 13:00,btcusdt_microprice_20260414_12_5h_5sessions_hs2.00_rq5000:2026-04-14 13:00:fill-000001:fill-000005:4,fill-000001,fill-000005,sell,buy,1776171677570,1776172042865,1776172042865,365295,0.00000000000000000000000000000011,-0.00000000000000000000000000001270147230000000000000000000,-0.0000000000000000000000000000094215000000,0.000000000000000000000000000003279972300000000000000000000,-0.0000000000000000000000000000098626000000,-115.467930000000000000000000,US cash open,13:30,-1357135,1357135,True,US cash open,13:30,-1722430,1722430,True,US cash open,13:30,-1357135,1357135,True,367,False,False,False,46,False,False,False
matched_lot,btcusdt_microprice_20260414_12_5h_5sessions_hs2.00_rq5000,2026-04-14 12:00,2026-04-14 13:00,btcusdt_microprice_20260414_12_5h_5sessions_hs2.00_rq5000:2026-04-14 13:00:fill-000001:fill-000006:5,fill-000001,fill-000006,sell,buy,1776171677570,1776172321372,1776172321372,643802,0.0002021122807017543859649122799,-0.01410921578105263157894736836,-0.008084491228070175438596491196,0.006024724552982456140350877169,-0.008490736912280701754385964878,-69.80879999999999999999999997,US cash open,13:30,-1078628,1078628,True,US cash open,13:30,-1722430,1722430,True,US cash open,13:30,-1078628,1078628,True,538,False,False,False,56,False,False,False
matched_lot,btcusdt_microprice_20260414_12_5h_5sessions_hs2.00_rq5000,2026-04-14 12:00,2026-04-14 13:00,btcusdt_microprice_20260414_12_5h_5sessions_hs2.00_rq5000:2026-04-14 13:00:fill-000002:fill-000006:6,fill-000002,fill-000006,sell,buy,1776171723448,1776172321372,1776172321372,597924,0.0007978877192982456140350877201,-0.05091321536842105263157894742,-0.02712818245614035087719298248,0.02378503291228070175438596494,-0.02873193677192982456140350880,-63.81000000000000000000000000,US cash open,13:30,-1078628,1078628,True,US cash open,13:30,-1676552,1676552,True,US cash open,13:30,-1078628,1078628,True,578,False,False,False,57,False,False,False
matched_lot,btcusdt_microprice_20260414_12_5h_5sessions_hs2.00_rq5000,2026-04-14 12:00,2026-04-14 13:00,btcusdt_microprice_20260414_12_5h_5sessions_hs2.00_rq5000:2026-04-14 13:00:fill-000002:fill-000007:7,fill-000002,fill-000007,sell,buy,1776171723448,1776172388796,1776172388796,665348,0.0002021122807017543859649122799,-0.01895934419928421052631578940,-0.01293316484210526315789473679,0.006026179357178947368421052608,-0.01374363508771929824561403503,-93.80599800000000000000000001,US cash open,13:30,-1011204,1011204,True,US cash open,13:30,-1676552,1676552,True,US cash open,13:30,-1011204,1011204,True,435,False,False,False,53,False,False,False
matched_lot,btcusdt_microprice_20260414_12_5h_5sessions_hs2.00_rq5000,2026-04-14 12:00,2026-04-14 13:00,btcusdt_microprice_20260414_12_5h_5sessions_hs2.00_rq5000:2026-04-14 13:00:fill-000003:fill-000007:8,fill-000003,fill-000007,sell,buy,1776171838265,1776172388796,1776172388796,550531,0.00007000,-0.00162960742000000000,0.0004585000000000,0.00208810742000000000,0.0001778000000000,-23.280106000000,US cash open,13:30,-1011204,1011204,True,US cash open,13:30,-1561735,1561735,True,US cash open,13:30,-1011204,1011204,True,795,False,False,False,62,False,False,False
matched_lot,btcusdt_microprice_20260414_12_5h_5sessions_hs2.00_rq5000,2026-04-14 12:00,2026-04-14 13:00,btcusdt_microprice_20260414_12_5h_5sessions_hs2.00_rq5000:2026-04-14 13:00:fill-000007:fill-000010:9,fill-000007,fill-000010,buy,sell,1776172388796,1776172749548,1776172749548,360752,0.0000078877192982456140350877201,0.0004115401768421052631578947786,0.0006469507368421052631578948026,0.0002354105600000000000000000240,0.0006215522807017543859649123439,52.17479999999999999999999999,US cash open,13:30,-650452,650452,True,US cash open,13:30,-1011204,1011204,True,US cash open,13:30,-650452,650452,True,1108,False,False,False,70,False,False,False
matched_lot,btcusdt_microprice_20260414_12_5h_5sessions_hs2.00_rq5000,2026-04-14 12:00,2026-04-14 13:00,btcusdt_microprice_20260414_12_5h_5sessions_hs2.00_rq5000:2026-04-14 13:00:fill-000008:fill-000010:10,fill-000008,fill-000010,buy,sell,1776172540315,1776172749548,1776172749548,209233,0.0002290248334342822531798909752,0.008364369388491823137492428827,0.01520037819503331314354936402,0.006836008806541490006056935193,0.01468278207147183525136281042,36.52166999999999999999999998,US cash open,13:30,-650452,650452,True,US cash open,13:30,-859685,859685,True,US cash open,13:30,-650452,650452,True,1065,False,False,False,68,False,False,False
matched_lot,btcusdt_microprice_20260414_12_5h_5sessions_hs2.00_rq5000,2026-04-14 12:00,2026-04-14 13:00,btcusdt_microprice_20260414_12_5h_5sessions_hs2.00_rq5000:2026-04-14 13:00:fill-000009:fill-000010:11,fill-000009,fill-000010,buy,sell,1776172595915,1776172749548,1776172749548,153633,0.00008000,0.00401315184000000000,0.0064008000000000,0.00238764816000000000,0.0061432000000000,50.164398000000,US cash open,13:30,-650452,650452,True,US cash open,13:30,-804085,804085,True,US cash open,13:30,-650452,650452,True,1098,False,False,False,69,False,False,False
matched_lot,btcusdt_microprice_20260414_12_5h_5sessions_hs2.00_rq5000,2026-04-14 12:00,2026-04-14 13:00,btcusdt_microprice_20260414_12_5h_5sessions_hs2.00_rq5000:2026-04-14 13:00:fill-000010:fill-000012:12,fill-000010,fill-000012,sell,buy,1776172749548,1776173704582,1776173704582,955034,0.0001030874472674721327850213047,-0.01194358793547260033791322634,-0.008863458716057253976856131778,0.003080129219415346361057094558,-0.009195400296258514244423900379,-115.8588000000000000000000000,US cash open,13:30,304582,304582,True,US cash open,13:30,-650452,650452,True,US cash open,13:30,304582,304582,True,365,False,False,False,45,False,False,False
matched_lot,btcusdt_microprice_20260414_12_5h_5sessions_hs2.00_rq5000,2026-04-14 12:00,2026-04-14 13:00,btcusdt_microprice_20260414_12_5h_5sessions_hs2.00_rq5000:2026-04-14 13:00:fill-000011:fill-000012:13,fill-000011,fill-000012,sell,buy,1776173599476,1776173704582,1776173704582,105106,0.00009000,0.00554541282000000000,0.0082377000000000,0.00269228718000000000,0.0074682000000000,61.615698000000,US cash open,13:30,304582,304582,True,US cash open,13:30,199476,199476,True,US cash open,13:30,304582,304582,True,1131,False,False,False,71,False,False,False
matched_lot,btcusdt_microprice_20260414_12_5h_5sessions_hs2.00_rq5000,2026-04-14 12:00,2026-04-14 13:00,btcusdt_microprice_20260414_12_5h_5sessions_hs2.00_rq5000:2026-04-14 13:00:fill-000012:fill-000013:14,fill-000012,fill-000013,buy,sell,1776173704582,1776173713640,1776173713640,9058,0.0000869125527325278672149786953,-0.000511984291811669695134262069,0.002086770391107994091831638474,0.002598754682919663786965900543,0.001912076160115613078729531297,-5.890798000000000000000000008,US cash open,13:30,313640,313640,True,US cash open,13:30,304582,304582,True,US cash open,13:30,313640,313640,True,870,False,False,False,65,False,False,False
matched_lot,btcusdt_microprice_20260414_12_5h_5sessions_hs2.00_rq5000,2026-04-14 12:00,2026-04-14 13:00,btcusdt_microprice_20260414_12_5h_5sessions_hs2.00_rq5000:2026-04-14 13:00:fill-000013:fill-000016:15,fill-000013,fill-000016,sell,buy,1776173713640,1776173981302,1776173981302,267662,0.00042000,-0.06969177600000000000000000000,-0.0571200000000000,0.01257177600000000000000000000,-0.0579642000000000,-165.932800000000000000000,US cash open,13:30,581302,581302,True,US cash open,13:30,313640,313640,True,US cash open,13:30,581302,581302,True,231,False,False,False,35,False,False,False
matched_lot,btcusdt_microprice_20260414_12_5h_5sessions_hs2.00_rq5000,2026-04-14 12:00,2026-04-14 13:00,btcusdt_microprice_20260414_12_5h_5sessions_hs2.00_rq5000:2026-04-14 13:00:fill-000013:fill-000019:16,fill-000013,fill-000019,sell,buy,1776173713640,1776174253155,1776174253155,539515,0.000385000,-0.1840243012300000000000000000,-0.17247615000000000,0.01154815123000000000000000000,-0.17476690000000000,-477.9851980000000000000,US cash open,13:30,853155,853155,True,US cash open,13:30,313640,313640,True,US cash open,13:30,853155,853155,True,29,False,True,True,13,False,False,False
matched_lot,btcusdt_microprice_20260414_12_5h_5sessions_hs2.00_rq5000,2026-04-14 12:00,2026-04-14 13:00,btcusdt_microprice_20260414_12_5h_5sessions_hs2.00_rq5000:2026-04-14 13:00:fill-000013:fill-000021:17,fill-000013,fill-000021,sell,buy,1776173713640,1776174351136,1776174351136,637496,0.0001080874472674721327850213047,-0.05296258975118790313154175525,-0.04972022574303718108110980016,0.003242364008150722050431955090,-0.04976994596878021826219090996,-489.9976000000000000000000000,US cash open,13:30,951136,951136,True,US cash open,13:30,313640,313640,True,US cash open,13:30,951136,951136,True,25,False,True,True,12,False,False,False
matched_lot,btcusdt_microprice_20260414_12_5h_5sessions_hs2.00_rq5000,2026-04-14 12:00,2026-04-14 13:00,btcusdt_microprice_20260414_12_5h_5sessions_hs2.00_rq5000:2026-04-14 13:00:fill-000014:fill-000021:18,fill-000014,fill-000021,sell,buy,1776173848682,1776174351136,1776174351136,502454,0.0006919125527325278672149786953,-0.2325022680346269671756617471,-0.2117252411361535273677834808,0.02077702689847343980787826626,-0.2134204268903482206424601786,-336.0284000000000000000000001,US cash open,13:30,951136,951136,True,US cash open,13:30,448682,448682,True,US cash open,13:30,951136,951136,True,68,False,True,True,20,False,False,False
matched_lot,btcusdt_microprice_20260414_12_5h_5sessions_hs2.00_rq5000,2026-04-14 12:00,2026-04-14 13:00,btcusdt_microprice_20260414_12_5h_5sessions_hs2.00_rq5000:2026-04-14 13:00:fill-000014:fill-000023:19,fill-000014,fill-000023,sell,buy,1776173848682,1776174356378,1776174356378,507696,0.0000677996774832994709145177067,-0.02658015844068173125753915593,-0.02454348324895440847105540983,0.002036675191727322786483746102,-0.02471230444588782415363255891,-392.0396000000000000000000000,US cash open,13:30,956378,956378,True,US cash open,13:30,448682,448682,True,US cash open,13:30,956378,956378,True,53,False,True,True,18,False,False,False
matched_lot,btcusdt_microprice_20260414_12_5h_5sessions_hs2.00_rq5000,2026-04-14 12:00,2026-04-14 13:00,btcusdt_microprice_20260414_12_5h_5sessions_hs2.00_rq5000:2026-04-14 13:00:fill-000015:fill-000023:20,fill-000015,fill-000023,sell,buy,1776173907297,1776174356378,1776174356378,449081,0.0000022003225167005290854822933,-0.0009594083872149450575661127334,-0.0008933309417804148087058110798,0.00006607744543453024886030165364,-0.0008944311030387650732485522265,-436.0308000000000000000000000,US cash open,13:30,956378,956378,True,US cash open,13:30,507297,507297,True,US cash open,13:30,956378,956378,True,41,False,True,True,15,False,False,False
matched_lot,btcusdt_microprice_20260414_12_5h_5sessions_hs2.00_rq5000,2026-04-14 12:00,2026-04-14 13:00,btcusdt_microprice_20260414_12_5h_5sessions_hs2.00_rq5000:2026-04-14 13:00:fill-000015:fill-000024:21,fill-000015,fill-000024,sell,buy,1776173907297,1776174383231,1776174383231,475934,0.00040000,-0.1736121600000000000000000000,-0.1616000000000000,0.01201216000000000000000000000,-0.1623960000000000,-434.03040000000000000000,US cash open,13:30,983231,983231,True,US cash open,13:30,507297,507297,True,US cash open,13:30,983231,983231,True,45,False,True,True,16,False,False,False
matched_lot,btcusdt_microprice_20260414_12_5h_5sessions_hs2.00_rq5000,2026-04-14 12:00,2026-04-14 13:00,btcusdt_microprice_20260414_12_5h_5sessions_hs2.00_rq5000:2026-04-14 13:00:fill-000015:fill-000030:22,fill-000015,fill-000030,sell,buy,1776173907297,1776174962402,1776174962402,1055105,0.00016000,-0.08778293088000000000000000000,-0.0829744000000000,0.004808530879999999999999999999,-0.0832960000000000,-548.643318000000000000000,US cash open,13:30,1562402,1562402,True,US cash open,13:30,507297,507297,True,US cash open,13:30,1562402,1562402,True,18,False,True,True,9,False,False,True
matched_lot,btcusdt_microprice_20260414_12_5h_5sessions_hs2.00_rq5000,2026-04-14 12:00,2026-04-14 13:00,btcusdt_microprice_20260414_12_5h_5sessions_hs2.00_rq5000:2026-04-14 13:00:fill-000015:fill-000032:23,fill-000015,fill-000032,sell,buy,1776173907297,1776175099303,1776175099303,1192006,0.0004377996774832994709145177067,-0.2678703410786352267772953676,-0.2547074743630087991833572566,0.01316286671562642759393811096,-0.2547162303565584651727755470,-611.8559580000000000000000001,US cash open,13:30,1699303,1699303,True,US cash open,13:30,507297,507297,True,US cash open,13:30,1699303,1699303,True,8,True,True,True,4,False,True,True
matched_lot,btcusdt_microprice_20260414_12_5h_5sessions_hs2.00_rq5000,2026-04-14 12:00,2026-04-14 13:00,btcusdt_microprice_20260414_12_5h_5sessions_hs2.00_rq5000:2026-04-14 13:00:fill-000017:fill-000032:24,fill-000017,fill-000032,sell,buy,1776174009783,1776175099303,1776175099303,1089520,0.0002122003225167005290854822933,-0.1285630843266515900888266413,-0.1221828237018909976421298497,0.006380260624760592446696791618,-0.1226114683533747327108825239,-605.8571580000000000000000001,US cash open,13:30,1699303,1699303,True,US cash open,13:30,609783,609783,True,US cash open,13:30,1699303,1699303,True,9,True,True,True,5,False,True,True
matched_lot,btcusdt_microprice_20260414_12_5h_5sessions_hs2.00_rq5000,2026-04-14 12:00,2026-04-14 14:00,btcusdt_microprice_20260414_12_5h_5sessions_hs2.00_rq5000:2026-04-14 14:00:fill-000001:fill-000002:25,fill-000001,fill-000002,sell,buy,1776175234393,1776175240301,1776175240301,5908,0.00007000,-0.00062651778000000000,0.0014889000000000,0.00211541778000000000,0.0009639000000000,-8.950254000000,US cash open,13:30,1840301,1840301,False,US cash open,13:30,1834393,1834393,False,US cash open,13:30,1840301,1840301,False,855,False,False,False,64,False,False,False
matched_lot,btcusdt_microprice_20260414_12_5h_5sessions_hs2.00_rq5000,2026-04-14 12:00,2026-04-14 14:00,btcusdt_microprice_20260414_12_5h_5sessions_hs2.00_rq5000:2026-04-14 14:00:fill-000002:fill-000004:26,fill-000002,fill-000004,buy,sell,1776175240301,1776175262406,1776175262406,22105,0.00026000,-0.02553262400000000000,-0.0176800000000000,0.00785262400000000000,-0.0203684000000000,-98.202400000000,US cash open,13:30,1862406,1862406,False,US cash open,13:30,1840301,1840301,False,US cash open,13:30,1862406,1862406,False,419,False,False,False,51,False,False,False
matched_lot,btcusdt_microprice_20260414_12_5h_5sessions_hs2.00_rq5000,2026-04-14 12:00,2026-04-14 14:00,btcusdt_microprice_20260414_12_5h_5sessions_hs2.00_rq5000:2026-04-14 14:00:fill-000003:fill-000004:27,fill-000003,fill-000004,buy,sell,1776175240307,1776175262406,1776175262406,22099,0.00067000,-0.06579560800000000000,-0.0455600000000000,0.02023560800000000000,-0.0524878000000000,-98.202400000000,US cash open,13:30,1862406,1862406,False,US cash open,13:30,1840307,1840307,False,US cash open,13:30,1862406,1862406,False,420,False,False,False,52,False,False,False
matched_lot,btcusdt_microprice_20260414_12_5h_5sessions_hs2.00_rq5000,2026-04-14 12:00,2026-04-14 14:00,btcusdt_microprice_20260414_12_5h_5sessions_hs2.00_rq5000:2026-04-14 14:00:fill-000004:fill-000006:28,fill-000004,fill-000006,sell,buy,1776175262406,1776175268150,1776175268150,5744,0.00007000,-0.006317556700000000000000000000,-0.0042035000000000,0.002114056700000000000000000000,-0.0048524000000000,-90.2508100000000000000000,US cash open,13:30,1868150,1868150,False,US cash open,13:30,1862406,1862406,False,US cash open,13:30,1868150,1868150,False,442,False,False,False,54,False,False,False
matched_lot,btcusdt_microprice_20260414_12_5h_5sessions_hs2.00_rq5000,2026-04-14 12:00,2026-04-14 14:00,btcusdt_microprice_20260414_12_5h_5sessions_hs2.00_rq5000:2026-04-14 14:00:fill-000005:fill-000006:29,fill-000005,fill-000006,sell,buy,1776175267596,1776175268150,1776175268150,554,0.00056999999999999999999999997,-0.01607583653999999999999999915,0.001145699999999999999999999940,0.01722153653999999999999999909,-0.0005300999999999999999999999720,-28.20322199999999999999999999,US cash open,13:30,1868150,1868150,False,US cash open,13:30,1867596,1867596,False,US cash open,13:30,1868150,1868150,False,756,False,False,False,60,False,False,False
matched_lot,btcusdt_microprice_20260414_12_5h_5sessions_hs2.00_rq5000,2026-04-14 12:00,2026-04-14 14:00,btcusdt_microprice_20260414_12_5h_5sessions_hs2.00_rq5000:2026-04-14 14:00:fill-000005:fill-000008:30,fill-000005,fill-000008,sell,buy,1776175267596,1776175301204,1776175301204,33608,0.00007000,0.007012071360000000000000000000,0.0091252000000000,0.002113128640000000000000000000,0.0087318000000000,100.1724480000000000000000,US cash open,13:30,1901204,1901204,False,US cash open,13:30,1867596,1867596,False,US cash open,13:30,1901204,1901204,False,1199,False,False,False,73,False,False,False
matched_lot,btcusdt_microprice_20260414_12_5h_5sessions_hs2.00_rq5000,2026-04-14 12:00,2026-04-14 14:00,btcusdt_microprice_20260414_12_5h_5sessions_hs2.00_rq5000:2026-04-14 14:00:fill-000005:fill-000015:31,fill-000005,fill-000015,sell,buy,1776175267596,1776175688244,1776175688244,420648,0.00007000,-0.000850500840000000000000000000,0.0012642000000000,0.002114700840000000000000000000,0.0009835000000000,-12.1500120000000000000000,US cash open,13:30,2288244,2288244,False,US cash open,13:30,1867596,1867596,False,US cash open,13:30,2288244,2288244,False,844,False,False,False,63,False,False,False
matched_lot,btcusdt_microprice_20260414_12_5h_5sessions_hs2.00_rq5000,2026-04-14 12:00,2026-04-14 14:00,btcusdt_microprice_20260414_12_5h_5sessions_hs2.00_rq5000:2026-04-14 14:00:fill-000005:fill-000016:32,fill-000005,fill-000016,sell,buy,1776175267596,1776175812219,1776175812219,544623,0.00014000,-0.006817624800000000000000000000,-0.0025872000000000,0.004230424800000000000000000000,-0.0029120000000000,-48.6973200000000000000000,US cash open,13:30,2412219,2412219,False,US cash open,13:30,1867596,1867596,False,US cash open,13:30,2412219,2412219,False,646,False,False,False,58,False,False,False
matched_lot,btcusdt_microprice_20260414_12_5h_5sessions_hs2.00_rq5000,2026-04-14 12:00,2026-04-14 14:00,btcusdt_microprice_20260414_12_5h_5sessions_hs2.00_rq5000:2026-04-14 14:00:fill-000005:fill-000017:33,fill-000005,fill-000017,sell,buy,1776175267596,1776175820469,1776175820469,552873,0.00015000000000000000000000003,-0.005712779700000000000000001142,-0.001180500000000000000000000236,0.004532279700000000000000000906,-0.001482000000000000000000000296,-38.08519800000000000000000000,US cash open,13:30,2420469,2420469,False,US cash open,13:30,1867596,1867596,False,US cash open,13:30,2420469,2420469,False,696,False,False,False,59,False,False,False
matched_lot,btcusdt_microprice_20260414_12_5h_5sessions_hs2.00_rq5000,2026-04-14 12:00,2026-04-14 14:00,btcusdt_microprice_20260414_12_5h_5sessions_hs2.00_rq5000:2026-04-14 14:00:fill-000007:fill-000017:34,fill-000007,fill-000017,sell,buy,1776175275462,1776175820469,1776175820469,545007,0.00065000,-0.07807721220000000000,-0.0584480000000000,0.01962921220000000000,-0.0589875000000000,-120.118788000000,US cash open,13:30,2420469,2420469,False,US cash open,13:30,1875462,1875462,False,US cash open,13:30,2420469,2420469,False,359,False,False,False,44,False,False,False
matched_lot,btcusdt_microprice_20260414_12_5h_5sessions_hs2.00_rq5000,2026-04-14 12:00,2026-04-14 14:00,btcusdt_microprice_20260414_12_5h_5sessions_hs2.00_rq5000:2026-04-14 14:00:fill-000009:fill-000017:35,fill-000009,fill-000017,sell,buy,1776175348554,1776175820469,1776175820469,471915,0.000030000000000000000000000000,-0.004861512000000000000000000000,-0.003955800000000000000000000000,0.0009057120000000000000000000000,-0.004022700000000000000000000000,-162.0504,US cash open,13:30,2420469,2420469,False,US cash open,13:30,1948554,1948554,False,US cash open,13:30,2420469,2420469,False,242,False,False,False,37,False,False,False
matched_lot,btcusdt_microprice_20260414_12_5h_5sessions_hs2.00_rq5000,2026-04-14 12:00,2026-04-14 14:00,btcusdt_microprice_20260414_12_5h_5sessions_hs2.00_rq5000:2026-04-14 14:00:fill-000010:fill-000017:36,fill-000010,fill-000017,sell,buy,1776175348589,1776175820469,1776175820469,471880,0.000169999999999999999999999970,-0.02754856799999999999999999513,-0.02241619999999999999999999604,0.005132367999999999999999999094,-0.02279529999999999999999999597,-162.0504000000000000000000000,US cash open,13:30,2420469,2420469,False,US cash open,13:30,1948589,1948589,False,US cash open,13:30,2420469,2420469,False,243,False,False,False,38,False,False,False
matched_lot,btcusdt_microprice_20260414_12_5h_5sessions_hs2.00_rq5000,2026-04-14 12:00,2026-04-14 14:00,btcusdt_microprice_20260414_12_5h_5sessions_hs2.00_rq5000:2026-04-14 14:00:fill-000010:fill-000019:37,fill-000010,fill-000019,sell,buy,1776175348589,1776176013591,1776176013591,665002,0.00028000,-0.05379259536000000000000000000,-0.0453376000000000,0.008454995359999999999999999999,-0.0460404000000000,-192.116412000000000000000,US cash open,13:30,2613591,2613591,False,US cash open,13:30,1948589,1948589,False,US cash open,13:30,2613591,2613591,False,175,False,False,False,26,False,False,False
matched_lot,btcusdt_microprice_20260414_12_5h_5sessions_hs2.00_rq5000,2026-04-14 12:00,2026-04-14 14:00,btcusdt_microprice_20260414_12_5h_5sessions_hs2.00_rq5000:2026-04-14 14:00:fill-000010:fill-000020:38,fill-000010,fill-000020,sell,buy,1776175348589,1776176112309,1776176112309,763720,0.000520000000000000000000000030,-0.08222219928000000000000000474,-0.06652360000000000000000000384,0.01569859928000000000000000090,-0.06924320000000000000000000400,-158.1196140000000000000000000,US cash open,13:30,2712309,2712309,False,US cash open,13:30,1948589,1948589,False,US cash open,13:30,2712309,2712309,False,251,False,False,False,40,False,False,False
matched_lot,btcusdt_microprice_20260414_12_5h_5sessions_hs2.00_rq5000,2026-04-14 12:00,2026-04-14 14:00,btcusdt_microprice_20260414_12_5h_5sessions_hs2.00_rq5000:2026-04-14 14:00:fill-000011:fill-000020:39,fill-000011,fill-000020,sell,buy,1776175379043,1776176112309,1776176112309,733266,0.000479999999999999999999999970,-0.08073004799999999999999999496,-0.06623999999999999999999999586,0.01449004799999999999999999910,-0.06768479999999999999999999577,-168.1876000000000000000000000,US cash open,13:30,2712309,2712309,False,US cash open,13:30,1979043,1979043,False,US cash open,13:30,2712309,2712309,False,226,False,False,False,34,False,False,False
matched_lot,btcusdt_microprice_20260414_12_5h_5sessions_hs2.00_rq5000,2026-04-14 12:00,2026-04-14 14:00,btcusdt_microprice_20260414_12_5h_5sessions_hs2.00_rq5000:2026-04-14 14:00:fill-000011:fill-000022:40,fill-000011,fill-000022,sell,buy,1776175379043,1776176291812,1776176291812,912769,0.000520000000000000000000000030,-0.09265859200000000000000000534,-0.07696000000000000000000000444,0.01569859200000000000000000090,-0.07800520000000000000000000450,-178.1896000000000000000000000,US cash open,13:30,2891812,2891812,False,US cash open,13:30,1979043,1979043,False,US cash open,13:30,2891812,2891812,False,201,False,False,False,29,False,False,False
matched_lot,btcusdt_microprice_20260414_12_5h_5sessions_hs2.00_rq5000,2026-04-14 12:00,2026-04-14 14:00,btcusdt_microprice_20260414_12_5h_5sessions_hs2.00_rq5000:2026-04-14 14:00:fill-000012:fill-000022:41,fill-000012,fill-000022,sell,buy,1776175380001,1776176291812,1776176291812,911811,0.000479999999999999999999999970,-0.08457119999999999999999999472,-0.07007999999999999999999999562,0.01449119999999999999999999910,-0.07200479999999999999999999550,-176.1900000000000000000000000,US cash open,13:30,2891812,2891812,False,US cash open,13:30,1980001,1980001,False,US cash open,13:30,2891812,2891812,False,205,False,False,False,30,False,False,False
matched_lot,btcusdt_microprice_20260414_12_5h_5sessions_hs2.00_rq5000,2026-04-14 12:00,2026-04-14 14:00,btcusdt_microprice_20260414_12_5h_5sessions_hs2.00_rq5000:2026-04-14 14:00:fill-000012:fill-000025:42,fill-000012,fill-000025,sell,buy,1776175380001,1776176453028,1776176453028,1073027,0.00014000,-0.03390984828000000000000000000,-0.0296814000000000,0.004228448279999999999999999999,-0.0299712000000000,-242.213202000000000000000,US cash open,13:30,3053028,3053028,False,US cash open,13:30,1980001,1980001,False,US cash open,13:30,3053028,3053028,False,124,False,False,True,22,False,False,False
matched_lot,btcusdt_microprice_20260414_12_5h_5sessions_hs2.00_rq5000,2026-04-14 12:00,2026-04-14 14:00,btcusdt_microprice_20260414_12_5h_5sessions_hs2.00_rq5000:2026-04-14 14:00:fill-000012:fill-000028:43,fill-000012,fill-000028,sell,buy,1776175380001,1776176627861,1776176627861,1247860,0.000380000000000000000000000030,-0.1349477964000000000000000106,-0.1234620000000000000000000097,0.01148579640000000000000000091,-0.1274140000000000000000000101,-355.1257799999999999999999999,US cash open,13:30,3227861,3227861,False,US cash open,13:30,1980001,1980001,False,US cash open,13:30,3227861,3227861,False,61,False,True,True,19,False,False,False
matched_lot,btcusdt_microprice_20260414_12_5h_5sessions_hs2.00_rq5000,2026-04-14 12:00,2026-04-14 14:00,btcusdt_microprice_20260414_12_5h_5sessions_hs2.00_rq5000:2026-04-14 14:00:fill-000013:fill-000028:44,fill-000013,fill-000028,sell,buy,1776175504919,1776176627861,1776176627861,1122942,0.00049000,-0.16225398420000000000,-0.1474410000000000,0.01481298420000000000,-0.1520470000000000,-331.130580000000,US cash open,13:30,3227861,3227861,False,US cash open,13:30,2104919,2104919,False,US cash open,13:30,3227861,3227861,False,71,False,True,True,21,False,False,False
matched_lot,btcusdt_microprice_20260414_12_5h_5sessions_hs2.00_rq5000,2026-04-14 12:00,2026-04-14 14:00,btcusdt_microprice_20260414_12_5h_5sessions_hs2.00_rq5000:2026-04-14 14:00:fill-000014:fill-000028:45,fill-000014,fill-000028,sell,buy,1776175627274,1776176627861,1776176627861,1000587,0.000129999999999999999999999970,-0.02199118739999999999999999492,-0.01805699999999999999999999583,0.003934187399999999999999999092,-0.01934529999999999999999999553,-169.1629800000000000000000000,US cash open,13:30,3227861,3227861,False,US cash open,13:30,2227274,2227274,False,US cash open,13:30,3227861,3227861,False,223,False,False,False,33,False,False,False
matched_lot,btcusdt_microprice_20260414_12_5h_5sessions_hs2.00_rq5000,2026-04-14 12:00,2026-04-14 14:00,btcusdt_microprice_20260414_12_5h_5sessions_hs2.00_rq5000:2026-04-14 14:00:fill-000014:fill-000029:46,fill-000014,fill-000029,sell,buy,1776175627274,1776176660666,1776176660666,1033392,0.000030000000000000000000000030,-0.003727620000000000000000003728,-0.002820000000000000000000002820,0.0009076200000000000000000009082,-0.002909100000000000000000002909,-124.2540000000000000000000000,US cash open,13:30,3260666,3260666,False,US cash open,13:30,2227274,2227274,False,US cash open,13:30,3260666,3260666,False,347,False,False,False,43,False,False,False
matched_lot,btcusdt_microprice_20260414_12_5h_5sessions_hs2.00_rq5000,2026-04-14 12:00,2026-04-14 14:00,btcusdt_microprice_20260414_12_5h_5sessions_hs2.00_rq5000:2026-04-14 14:00:fill-000018:fill-000029:47,fill-000018,fill-000029,sell,buy,1776175858188,1776176660666,1776176660666,802478,0.00058000,-0.12745204084000000000,-0.1099158000000000,0.01753624084000000000,-0.1114296000000000,-219.744898000000,US cash open,13:30,3260666,3260666,False,US cash open,13:30,2458188,2458188,False,US cash open,13:30,3260666,3260666,False,149,False,False,True,25,False,False,False
matched_lot,btcusdt_microprice_20260414_12_5h_5sessions_hs2.00_rq5000,2026-04-14 12:00,2026-04-14 14:00,btcusdt_microprice_20260414_12_5h_5sessions_hs2.00_rq5000:2026-04-14 14:00:fill-000021:fill-000029:48,fill-000021,fill-000029,sell,buy,1776176194515,1776176660666,1776176660666,466151,0.000389999999999999999999999970,-0.06405593999999999999999999507,-0.05225999999999999999999999598,0.01179593999999999999999999909,-0.05282939999999999999999999594,-164.2460000000000000000000000,US cash open,13:30,3260666,3260666,False,US cash open,13:30,2794515,2794515,False,US cash open,13:30,3260666,3260666,False,237,False,False,False,36,False,False,False
matched_lot,btcusdt_microprice_20260414_12_5h_5sessions_hs2.00_rq5000,2026-04-14 12:00,2026-04-14 14:00,btcusdt_microprice_20260414_12_5h_5sessions_hs2.00_rq5000:2026-04-14 14:00:fill-000021:fill-000030:49,fill-000021,fill-000030,sell,buy,1776176194515,1776176784703,1776176784703,590188,0.0002799999999999999999999999973,-0.05102708743999999999999999951,-0.04255719999999999999999999959,0.008469887439999999999999999918,-0.04269999999999999999999999959,-182.2395980000000000000000000,US cash open,13:30,3384703,3384703,False,US cash open,13:30,2794515,2794515,False,US cash open,13:30,3384703,3384703,False,193,False,False,False,28,False,False,False
matched_lot,btcusdt_microprice_20260414_12_5h_5sessions_hs2.00_rq5000,2026-04-14 12:00,2026-04-14 14:00,btcusdt_microprice_20260414_12_5h_5sessions_hs2.00_rq5000:2026-04-14 14:00:fill-000021:fill-000033:50,fill-000021,fill-000033,sell,buy,1776176194515,1776176905540,1776176905540,711025,0.00007000,-0.01653822800000000000000000000,-0.0144200000000000,0.002118228000000000000000000000,-0.0145607000000000,-236.260400000000000000000,US cash open,13:30,3505540,3505540,False,US cash open,13:30,2794515,2794515,False,US cash open,13:30,3505540,3505540,False,128,False,False,True,23,False,False,False
matched_lot,btcusdt_microprice_20260414_12_5h_5sessions_hs2.00_rq5000,2026-04-14 12:00,2026-04-14 14:00,btcusdt_microprice_20260414_12_5h_5sessions_hs2.00_rq5000:2026-04-14 14:00:fill-000021:fill-000035:51,fill-000021,fill-000035,sell,buy,1776176194515,1776177234421,1776177234421,1039906,0.0002600000000000000000000000327,-0.04426427200000000000000000557,-0.03640000000000000000000000458,0.007864272000000000000000000989,-0.03640260000000000000000000458,-170.2472000000000000000000000,US cash open,13:30,3834421,3834421,False,US cash open,13:30,2794515,2794515,False,US cash open,13:30,3834421,3834421,False,218,False,False,False,31,False,False,False
matched_lot,btcusdt_microprice_20260414_12_5h_5sessions_hs2.00_rq5000,2026-04-14 12:00,2026-04-14 14:00,btcusdt_microprice_20260414_12_5h_5sessions_hs2.00_rq5000:2026-04-14 14:00:fill-000023:fill-000035:52,fill-000023,fill-000035,sell,buy,1776176375687,1776177234421,1776177234421,858734,0.0005175384615384615384615384615,-0.08810429961969230769230769231,-0.07245020923076923076923076923,0.01565409038892307692307692308,-0.07246056000000000000000000000,-170.2372020000000000000000000,US cash open,13:30,3834421,3834421,False,US cash open,13:30,2975687,2975687,False,US cash open,13:30,3834421,3834421,False,219,False,False,False,32,False,False,False
matched_lot,btcusdt_microprice_20260414_12_5h_5sessions_hs2.00_rq5000,2026-04-14 12:00,2026-04-14 14:00,btcusdt_microprice_20260414_12_5h_5sessions_hs2.00_rq5000:2026-04-14 14:00:fill-000024:fill-000035:53,fill-000024,fill-000035,sell,buy,1776176382215,1776177234421,1776177234421,852206,0.0002224615384615384615384615058,-0.03431255712184615384615384111,-0.02758300615384615384615384210,0.006729550967999999999999999013,-0.02803015384615384615384614973,-154.2404020000000000000000000,US cash open,13:30,3834421,3834421,False,US cash open,13:30,2982215,2982215,False,US cash open,13:30,3834421,3834421,False,263,False,False,False,41,False,False,False
matched_lot,btcusdt_microprice_20260414_12_5h_5sessions_hs2.00_rq5000,2026-04-14 12:00,2026-04-14 14:00,btcusdt_microprice_20260414_12_5h_5sessions_hs2.00_rq5000:2026-04-14 14:00:fill-000024:fill-000040:54,fill-000024,fill-000040,sell,buy,1776176382215,1776177398179,1776177398179,1015964,0.0002175384615384615384615384942,-0.03485653575384615384615385139,-0.02827564923076923076923077348,0.006580886523076923076923077910,-0.03001813230769230769230769682,-160.2316000000000000000000000,US cash open,13:30,3998179,3998179,False,US cash open,13:30,2982215,2982215,False,US cash open,13:30,3998179,3998179,False,248,False,False,False,39,False,False,False
matched_lot,btcusdt_microprice_20260414_12_5h_5sessions_hs2.00_rq5000,2026-04-14 12:00,2026-04-14 14:00,btcusdt_microprice_20260414_12_5h_5sessions_hs2.00_rq5000:2026-04-14 14:00:fill-000026:fill-000040:55,fill-000026,fill-000040,sell,buy,1776176464508,1776177398179,1776177398179,933671,0.0007824615384615384615384615058,-0.07853063808246153846153845827,-0.05485055384615384615384615156,0.02368008423630769230769230671,-0.06111807076923076923076922822,-100.3635760000000000000000000,US cash open,13:30,3998179,3998179,False,US cash open,13:30,3064508,3064508,False,US cash open,13:30,3998179,3998179,False,411,False,False,False,49,False,False,False
matched_lot,btcusdt_microprice_20260414_12_5h_5sessions_hs2.00_rq5000,2026-04-14 12:00,2026-04-14 14:00,btcusdt_microprice_20260414_12_5h_5sessions_hs2.00_rq5000:2026-04-14 14:00:fill-000026:fill-000043:56,fill-000026,fill-000043,sell,buy,1776176464508,1776177586011,1776177586011,1121503,0.00006999999999999999999999999735,0.01058447095999999999999999960,0.01269939999999999999999999952,0.002114929039999999999999999919,0.01241869999999999999999999954,151.2067280000000000000000000,US cash open,13:30,4186011,4186011,False,US cash open,13:30,3064508,3064508,False,US cash open,13:30,4186011,4186011,False,1270,False,False,False,76,False,False,False
matched_lot,btcusdt_microprice_20260414_12_5h_5sessions_hs2.00_rq5000,2026-04-14 12:00,2026-04-14 14:00,btcusdt_microprice_20260414_12_5h_5sessions_hs2.00_rq5000:2026-04-14 14:00:fill-000026:fill-000044:57,fill-000026,fill-000044,sell,buy,1776176464508,1776177599810,1776177599810,1135302,0.0001475384615384615384615384968,0.02503438841507692307692308291,0.02949146307692307692307693013,0.004457074661846153846153847218,0.02889983384615384615384616075,169.6804220000000000000000000,US cash open,13:30,4199810,4199810,False,US cash open,13:30,3064508,3064508,False,US cash open,13:30,4199810,4199810,False,1306,False,False,False,77,False,False,False
matched_lot,btcusdt_microprice_20260414_12_5h_5sessions_hs2.00_rq5000,2026-04-14 12:00,2026-04-14 14:00,btcusdt_microprice_20260414_12_5h_5sessions_hs2.00_rq5000:2026-04-14 14:00:fill-000027:fill-000044:58,fill-000027,fill-000044,sell,buy,1776176621883,1776177599810,1776177599810,977927,0.00031964200811075374073556146,0.08495164006600475457977905190,0.09461403440078310725772619216,0.009662394334778352677947140260,0.09349848379247657670255908266,265.7712000000000000000000000,US cash open,13:30,4199810,4199810,False,US cash open,13:30,3221883,3221883,False,US cash open,13:30,4199810,4199810,False,1375,False,False,False,86,False,False,False
matched_lot,btcusdt_microprice_20260414_12_5h_5sessions_hs2.00_rq5000,2026-04-14 12:00,2026-04-14 14:00,btcusdt_microprice_20260414_12_5h_5sessions_hs2.00_rq5000:2026-04-14 14:00:fill-000031:fill-000044:59,fill-000031,fill-000044,sell,buy,1776176791765,1776177599810,1776177599810,808045,0.0002328195303507847208029000432,0.05535908290431246840140700299,0.06239563413401030517517721158,0.007036551229697836773770208586,0.06146202781730365844475758240,237.7768000000000000000000000,US cash open,13:30,4199810,4199810,False,US cash open,13:30,3391765,3391765,False,US cash open,13:30,4199810,4199810,False,1349,False,False,False,84,False,False,False
matched_lot,btcusdt_microprice_20260414_12_5h_5sessions_hs2.00_rq5000,2026-04-14 12:00,2026-04-14 14:00,btcusdt_microprice_20260414_12_5h_5sessions_hs2.00_rq5000:2026-04-14 14:00:fill-000031:fill-000045:60,fill-000031,fill-000045,sell,buy,1776176791765,1776177635144,1776177635144,843379,0.0001671804696492152791970999568,0.06784357326053591213708681230,0.07289068476705786172993558116,0.005047111506521949592848768855,0.07255465202306293901874941025,405.8103999999999999999999999,US cash open,13:30,4235144,4235144,False,US cash open,13:30,3391765,3391765,False,US cash open,13:30,4235144,4235144,False,1458,False,False,False,99,False,False,False
matched_lot,btcusdt_microprice_20260414_12_5h_5sessions_hs2.00_rq5000,2026-04-14 12:00,2026-04-14 14:00,btcusdt_microprice_20260414_12_5h_5sessions_hs2.00_rq5000:2026-04-14 14:00:fill-000032:fill-000045:61,fill-000032,fill-000045,sell,buy,1776176822000,1776177635144,1776177635144,813144,0.00028000,0.14442075200000000000,0.1528800000000000,0.00845924800000000000,0.1523172000000000,515.788400000000,US cash open,13:30,4235144,4235144,False,US cash open,13:30,3422000,3422000,False,US cash open,13:30,4235144,4235144,False,1480,False,False,False,101,False,False,False
matched_lot,btcusdt_microprice_20260414_12_5h_5sessions_hs2.00_rq5000,2026-04-14 12:00,2026-04-14 14:00,btcusdt_microprice_20260414_12_5h_5sessions_hs2.00_rq5000:2026-04-14 14:00:fill-000034:fill-000045:62,fill-000034,fill-000045,sell,buy,1776177059171,1776177635144,1776177635144,575973,0.000160000000000000000000000000,0.1065213440000000000000000000,0.1113600000000000000000000000,0.004838656000000000000000000000,0.1110384000000000000000000000,665.7584,US cash open,13:30,4235144,4235144,False,US cash open,13:30,3659171,3659171,False,US cash open,13:30,4235144,4235144,False,1489,False,False,False,106,False,False,False
matched_lot,btcusdt_microprice_20260414_12_5h_5sessions_hs2.00_rq5000,2026-04-14 12:00,2026-04-14 14:00,btcusdt_microprice_20260414_12_5h_5sessions_hs2.00_rq5000:2026-04-14 14:00:fill-000036:fill-000045:63,fill-000036,fill-000045,sell,buy,1776177300048,1776177635144,1776177635144,335096,0.0003928195303507847208029000432,0.1397732024172283596699762146,0.1516283387154029022299194167,0.01185513629817454255994320214,0.1508387714593978249411055876,355.8204000000000000000000002,US cash open,13:30,4235144,4235144,False,US cash open,13:30,3900048,3900048,False,US cash open,13:30,4235144,4235144,False,1423,False,False,False,92,False,False,False
matched_lot,btcusdt_microprice_20260414_12_5h_5sessions_hs2.00_rq5000,2026-04-14 12:00,2026-04-14 14:00,btcusdt_microprice_20260414_12_5h_5sessions_hs2.00_rq5000:2026-04-14 14:00:fill-000036:fill-000048:64,fill-000036,fill-000048,sell,buy,1776177300048,1776177746265,1776177746265,446217,0.0003071804696492152791970999568,0.06997411364764906468164754524,0.07925256116949754203285178885,0.009278447521848477351204243615,0.07802076748620418876327141803,227.7948000000000000000000000,US cash open,13:30,4346265,4346265,False,US cash open,13:30,3900048,3900048,False,US cash open,13:30,4346265,4346265,False,1342,False,False,False,82,False,False,False
matched_lot,btcusdt_microprice_20260414_12_5h_5sessions_hs2.00_rq5000,2026-04-14 12:00,2026-04-14 14:00,btcusdt_microprice_20260414_12_5h_5sessions_hs2.00_rq5000:2026-04-14 14:00:fill-000037:fill-000048:65,fill-000037,fill-000048,sell,buy,1776177364615,1776177746265,1776177746265,381650,0.0006928195303507847208029000432,0.2284741449297118208319438801,0.2494150309262824994890440156,0.02094088599657067865710013554,0.2480224636702774222002301865,329.7744000000000000000000001,US cash open,13:30,4346265,4346265,False,US cash open,13:30,3964615,3964615,False,US cash open,13:30,4346265,4346265,False,1413,False,False,False,90,False,False,False
matched_lot,btcusdt_microprice_20260414_12_5h_5sessions_hs2.00_rq5000,2026-04-14 12:00,2026-04-14 14:00,btcusdt_microprice_20260414_12_5h_5sessions_hs2.00_rq5000:2026-04-14 14:00:fill-000037:fill-000052:66,fill-000037,fill-000052,sell,buy,1776177364615,1776178028027,1776178028027,663412,0.0003071804696492152791970999568,0.1224845844712780353473962900,0.1317650624560308940115960265,0.009280477984752858664199736451,0.1322411921839871776943515314,398.7381899999999999999999999,US cash open,13:30,4628027,4628027,False,US cash open,13:30,3964615,3964615,False,US cash open,13:30,4628027,4628027,False,1454,False,False,False,98,False,False,False
matched_lot,btcusdt_microprice_20260414_12_5h_5sessions_hs2.00_rq5000,2026-04-14 12:00,2026-04-14 14:00,btcusdt_microprice_20260414_12_5h_5sessions_hs2.00_rq5000:2026-04-14 14:00:fill-000038:fill-000052:67,fill-000038,fill-000052,sell,buy,1776177391695,1776178028027,1776178028027,636332,0.0000428195303507847208029000432,0.01501200588474451125716681743,0.01630524896227531383453630745,0.001293243077530802577369490021,0.01628598017361746071017500243,350.5878220000000000000000000,US cash open,13:30,4628027,4628027,False,US cash open,13:30,3991695,3991695,False,US cash open,13:30,4628027,4628027,False,1419,False,False,False,91,False,False,False
matched_lot,btcusdt_microprice_20260414_12_5h_5sessions_hs2.00_rq5000,2026-04-14 12:00,2026-04-14 15:00,btcusdt_microprice_20260414_12_5h_5sessions_hs2.00_rq5000:2026-04-14 15:00:fill-000001:fill-000008:68,fill-000001,fill-000008,sell,buy,1776178925415,1776179351335,1776179351335,425920,0.00085000,0.33108884990000000000,0.3565495000000000,0.02546065010000000000,0.3501915000000000,389.516294000000,US cash open,13:30,5951335,5951335,False,US cash open,13:30,5525415,5525415,False,US cash open,13:30,5951335,5951335,False,1446,False,False,False,95,False,False,False
matched_lot,btcusdt_microprice_20260414_12_5h_5sessions_hs2.00_rq5000,2026-04-14 12:00,2026-04-14 15:00,btcusdt_microprice_20260414_12_5h_5sessions_hs2.00_rq5000:2026-04-14 15:00:fill-000002:fill-000008:69,fill-000002,fill-000008,sell,buy,1776178926174,1776179351335,1776179351335,425161,0.00015000,0.05842744410000000000,0.0629205000000000,0.00449305590000000000,0.0626985000000000,389.516294000000,US cash open,13:30,5951335,5951335,False,US cash open,13:30,5526174,5526174,False,US cash open,13:30,5951335,5951335,False,1447,False,False,False,96,False,False,False
matched_lot,btcusdt_microprice_20260414_12_5h_5sessions_hs2.00_rq5000,2026-04-14 12:00,2026-04-14 15:00,btcusdt_microprice_20260414_12_5h_5sessions_hs2.00_rq5000:2026-04-14 15:00:fill-000003:fill-000011:70,fill-000003,fill-000011,sell,buy,1776178928627,1776179855946,1776179855946,927319,0.00028000,0.07357564200000000000,0.0819700000000000,0.00839435800000000000,0.0805728000000000,262.770150000000,US cash open,13:30,6455946,6455946,False,US cash open,13:30,5528627,5528627,False,US cash open,13:30,6455946,6455946,False,1371,False,False,False,85,False,False,False
matched_lot,btcusdt_microprice_20260414_12_5h_5sessions_hs2.00_rq5000,2026-04-14 12:00,2026-04-14 15:00,btcusdt_microprice_20260414_12_5h_5sessions_hs2.00_rq5000:2026-04-14 15:00:fill-000003:fill-000015:71,fill-000003,fill-000015,sell,buy,1776178928627,1776179992026,1776179992026,1063399,0.00008000,0.02175215808000000000,0.0241504000000000,0.00239824192000000000,0.0237512000000000,271.901976000000,US cash open,13:30,6592026,6592026,False,US cash open,13:30,5528627,5528627,False,US cash open,13:30,6592026,6592026,False,1380,False,False,False,87,False,False,False
matched_lot,btcusdt_microprice_20260414_12_5h_5sessions_hs2.00_rq5000,2026-04-14 12:00,2026-04-14 15:00,btcusdt_microprice_20260414_12_5h_5sessions_hs2.00_rq5000:2026-04-14 15:00:fill-000003:fill-000017:72,fill-000003,fill-000017,sell,buy,1776178928627,1776180125815,1776180125815,1197188,0.00004000,0.00687127824000000000,0.0080712000000000,0.00119992176000000000,0.0079412000000000,171.781956000000,US cash open,13:30,6725815,6725815,False,US cash open,13:30,5528627,5528627,False,US cash open,13:30,6725815,6725815,False,1312,False,False,False,79,False,False,False
matched_lot,btcusdt_microprice_20260414_12_5h_5sessions_hs2.00_rq5000,2026-04-14 12:00,2026-04-14 15:00,btcusdt_microprice_20260414_12_5h_5sessions_hs2.00_rq5000:2026-04-14 15:00:fill-000004:fill-000017:73,fill-000004,fill-000017,sell,buy,1776179003545,1776180125815,1776180125815,1122270,0.00003000,0.003847219980000000000000000000,0.0047469000000000,0.0008996800200000000000000000000,0.0047061000000000,128.2406660000000000000000,US cash open,13:30,6725815,6725815,False,US cash open,13:30,5603545,5603545,False,US cash open,13:30,6725815,6725815,False,1233,False,False,False,75,False,False,False
matched_lot,btcusdt_microprice_20260414_12_5h_5sessions_hs2.00_rq5000,2026-04-14 12:00,2026-04-14 15:00,btcusdt_microprice_20260414_12_5h_5sessions_hs2.00_rq5000:2026-04-14 15:00:fill-000004:fill-000020:74,fill-000004,fill-000020,sell,buy,1776179003545,1776180418082,1776180418082,1414537,0.0005306386641418488552246514082,0.04949461777096229987949733221,0.06541182812876570838354277909,0.01591721035780340850404544688,0.06376684826992597693234635973,93.27367400000000000000000000,US cash open,13:30,7018082,7018082,False,US cash open,13:30,5603545,5603545,False,US cash open,13:30,7018082,7018082,False,1191,False,False,False,72,False,False,False
matched_lot,btcusdt_microprice_20260414_12_5h_5sessions_hs2.00_rq5000,2026-04-14 12:00,2026-04-14 15:00,btcusdt_microprice_20260414_12_5h_5sessions_hs2.00_rq5000:2026-04-14 15:00:fill-000005:fill-000020:75,fill-000005,fill-000020,sell,buy,1776179011565,1776180418082,1776180418082,1406517,0.000070000000000000000000000003,0.008177327480000000000000000350,0.01027740000000000000000000044,0.002100072520000000000000000090,0.009996700000000000000000000424,116.8189640000000000000000000,US cash open,13:30,7018082,7018082,False,US cash open,13:30,5611565,5611565,False,US cash open,13:30,7018082,7018082,False,1218,False,False,False,74,False,False,False
matched_lot,btcusdt_microprice_20260414_12_5h_5sessions_hs2.00_rq5000,2026-04-14 12:00,2026-04-14 15:00,btcusdt_microprice_20260414_12_5h_5sessions_hs2.00_rq5000:2026-04-14 15:00:fill-000006:fill-000020:76,fill-000006,fill-000020,sell,buy,1776179160952,1776180418082,1776180418082,1257130,0.0000493613358581511447753485888,-0.005288387727774143570321913392,-0.003809707901532105353761404084,0.001478679826242038216560509308,-0.004007646858323291444310551926,-107.1362360000000000000000000,US cash open,13:30,7018082,7018082,False,US cash open,13:30,5760952,5760952,False,US cash open,13:30,7018082,7018082,False,391,False,False,False,48,False,False,False
matched_lot,btcusdt_microprice_20260414_12_5h_5sessions_hs2.00_rq5000,2026-04-14 12:00,2026-04-14 15:00,btcusdt_microprice_20260414_12_5h_5sessions_hs2.00_rq5000:2026-04-14 15:00:fill-000006:fill-000023:77,fill-000006,fill-000023,sell,buy,1776179160952,1776180827302,1776180827302,1666350,0.0005106386641418488552246514112,-0.1143726437390256498536753332,-0.09906390084351867791358237377,0.01530874289550697194009295945,-0.1000902845584437941125839231,-223.9796000000000000000000000,US cash open,13:30,7427302,7427302,False,US cash open,13:30,5760952,5760952,False,US cash open,13:30,7427302,7427302,False,145,False,False,True,24,False,False,False
matched_lot,btcusdt_microprice_20260414_12_5h_5sessions_hs2.00_rq5000,2026-04-14 12:00,2026-04-14 15:00,btcusdt_microprice_20260414_12_5h_5sessions_hs2.00_rq5000:2026-04-14 15:00:fill-000007:fill-000023:78,fill-000007,fill-000023,sell,buy,1776179298152,1776180827302,1776180827302,1529150,0.0004893613358581511447753485888,-0.09003641771733516956446892602,-0.07536164572215527629540368268,0.01467477199517989326906524334,-0.07536653933551385780685143616,-183.9876000000000000000000000,US cash open,13:30,7427302,7427302,False,US cash open,13:30,5898152,5898152,False,US cash open,13:30,7427302,7427302,False,190,False,False,False,27,False,False,False
matched_lot,btcusdt_microprice_20260414_12_5h_5sessions_hs2.00_rq5000,2026-04-14 12:00,2026-04-14 15:00,btcusdt_microprice_20260414_12_5h_5sessions_hs2.00_rq5000:2026-04-14 15:00:fill-000007:fill-000026:79,fill-000007,fill-000026,sell,buy,1776179298152,1776181588941,1776181588941,2290789,0.0001506386641418488552246514112,-0.06086278049509381993458426911,-0.05633886038905147185401962779,0.004523920106042348080564641320,-0.05634036677569289034257187431,-404.0316000000000000000000000,US cash open,13:30,8188941,8188941,False,US cash open,13:30,5898152,5898152,False,US cash open,13:30,8188941,8188941,False,52,False,True,True,17,False,False,False
matched_lot,btcusdt_microprice_20260414_12_5h_5sessions_hs2.00_rq5000,2026-04-14 12:00,2026-04-14 15:00,btcusdt_microprice_20260414_12_5h_5sessions_hs2.00_rq5000:2026-04-14 15:00:fill-000009:fill-000026:80,fill-000009,fill-000026,sell,buy,1776179405745,1776181588941,1776181588941,2183196,0.0008493613358581511447753485888,-0.5045151975871922878292304995,-0.4790397934239972456532966041,0.02547540416319504217593389544,-0.4807470097090721294542950547,-593.9936000000000000000000000,US cash open,13:30,8188941,8188941,False,US cash open,13:30,6005745,6005745,False,US cash open,13:30,8188941,8188941,False,11,True,True,True,7,False,False,True
matched_lot,btcusdt_microprice_20260414_12_5h_5sessions_hs2.00_rq5000,2026-04-14 12:00,2026-04-14 15:00,btcusdt_microprice_20260414_12_5h_5sessions_hs2.00_rq5000:2026-04-14 15:00:fill-000009:fill-000027:81,fill-000009,fill-000027,sell,buy,1776179405745,1776181597295,1776181597295,2191550,0.0001506386641418488552246514112,-0.09068224605988638319848511425,-0.08616380950249612669994836069,0.004518436557390256498536753556,-0.08676787054570494060939921285,-601.9851980000000000000000000,US cash open,13:30,8197295,8197295,False,US cash open,13:30,6005745,6005745,False,US cash open,13:30,8197295,8197295,False,10,True,True,True,6,False,False,True
matched_lot,btcusdt_microprice_20260414_12_5h_5sessions_hs2.00_rq5000,2026-04-14 12:00,2026-04-14 15:00,btcusdt_microprice_20260414_12_5h_5sessions_hs2.00_rq5000:2026-04-14 15:00:fill-000010:fill-000027:82,fill-000010,fill-000027,sell,buy,1776179602123,1776181597295,1776181597295,1995172,0.0007102801373252947147991920925,-0.4048537105017041803093457499,-0.3835441713542858930444157380,0.02130953914741828726493001188,-0.3849718344303097354211621141,-569.9915980000000000000000000,US cash open,13:30,8197295,8197295,False,US cash open,13:30,6202123,6202123,False,US cash open,13:30,8197295,8197295,False,14,True,True,True,8,False,False,True
matched_lot,btcusdt_microprice_20260414_12_5h_5sessions_hs2.00_rq5000,2026-04-14 12:00,2026-04-14 15:00,btcusdt_microprice_20260414_12_5h_5sessions_hs2.00_rq5000:2026-04-14 15:00:fill-000010:fill-000028:83,fill-000010,fill-000028,sell,buy,1776179602123,1776181620286,1776181620286,2018163,0.0001397198626747052852008079075,-0.07600710230353404621021277878,-0.07181600941479851659321526446,0.004191092888735529616997514315,-0.07209684633877467421646888835,-543.9964000000000000000000001,US cash open,13:30,8220286,8220286,False,US cash open,13:30,6202123,6202123,False,US cash open,13:30,8220286,8220286,False,19,False,True,True,10,False,False,True
matched_lot,btcusdt_microprice_20260414_12_5h_5sessions_hs2.00_rq5000,2026-04-14 12:00,2026-04-14 15:00,btcusdt_microprice_20260414_12_5h_5sessions_hs2.00_rq5000:2026-04-14 15:00:fill-000012:fill-000028:84,fill-000012,fill-000028,sell,buy,1776179866070,1776181620286,1776181620286,1754216,0.00056000,-0.26096672000000000000,-0.2441600000000000,0.01680672000000000000,-0.2464056000000000,-466.012000000000,US cash open,13:30,8220286,8220286,False,US cash open,13:30,6466070,6466070,False,US cash open,13:30,8220286,8220286,False,32,False,True,True,14,False,False,False
matched_lot,btcusdt_microprice_20260414_12_5h_5sessions_hs2.00_rq5000,2026-04-14 12:00,2026-04-14 15:00,btcusdt_microprice_20260414_12_5h_5sessions_hs2.00_rq5000:2026-04-14 15:00:fill-000013:fill-000028:85,fill-000013,fill-000028,sell,buy,1776179948282,1776181620286,1776181620286,1672004,0.0003002801373252947147991920925,-0.1518078515705644035221150911,-0.1427982193050439016227557996,0.009009632265520501899359291470,-0.1440023426557183334291005598,-505.5540900000000000000000001,US cash open,13:30,8220286,8220286,False,US cash open,13:30,6548282,6548282,False,US cash open,13:30,8220286,8220286,False,21,False,True,True,11,False,False,True
matched_lot,btcusdt_microprice_20260414_12_5h_5sessions_hs2.00_rq5000,2026-04-14 12:00,2026-04-14 15:00,btcusdt_microprice_20260414_12_5h_5sessions_hs2.00_rq5000:2026-04-14 15:00:fill-000013:fill-000030:86,fill-000013,fill-000030,sell,buy,1776179948282,1776182044965,1776182044965,2096683,0.0001200000000000000000000000023,-0.07458807456000000000000000143,-0.07098480000000000000000000136,0.003603274560000000000000000069,-0.07146600000000000000000000136,-621.5672880000000000000000000,US cash open,13:30,8644965,8644965,False,US cash open,13:30,6548282,6548282,False,US cash open,13:30,8644965,8644965,False,6,True,True,True,3,False,True,True
matched_lot,btcusdt_microprice_20260414_12_5h_5sessions_hs2.00_rq5000,2026-04-14 12:00,2026-04-14 15:00,btcusdt_microprice_20260414_12_5h_5sessions_hs2.00_rq5000:2026-04-14 15:00:fill-000013:fill-000034:87,fill-000013,fill-000034,sell,buy,1776179948282,1776182285547,1776182285547,2337265,0.0005797198626747052852008079052,-0.3730912905886882752992053626,-0.3556813245454386806821036822,0.01740996604324959461710168035,-0.3580060011947642488757589218,-643.5716880000000000000000001,US cash open,13:30,8885547,8885547,False,US cash open,13:30,6548282,6548282,False,US cash open,13:30,8885547,8885547,False,4,True,True,True,2,False,True,True
matched_lot,btcusdt_microprice_20260414_12_5h_5sessions_hs2.00_rq5000,2026-04-14 12:00,2026-04-14 15:00,btcusdt_microprice_20260414_12_5h_5sessions_hs2.00_rq5000:2026-04-14 15:00:fill-000014:fill-000034:88,fill-000014,fill-000034,sell,buy,1776179961722,1776182285547,1776182285547,2323825,0.0004202801373252947147991920948,-0.2706694856478957480459299420,-0.2580478015163577019395559543,0.01262168413153804610637398772,-0.2597331248670321337459007147,-644.0215980000000000000000000,US cash open,13:30,8885547,8885547,False,US cash open,13:30,6561722,6561722,False,US cash open,13:30,8885547,8885547,False,3,True,True,True,1,True,True,True
matched_lot,btcusdt_microprice_20260414_12_5h_5sessions_hs2.00_rq5000,2026-04-14 12:00,2026-04-14 16:00,btcusdt_microprice_20260414_12_5h_5sessions_hs2.00_rq5000:2026-04-14 16:00:fill-000001:fill-000002:89,fill-000001,fill-000002,sell,buy,1776182405640,1776182435941,1776182435941,30301,0.00007000,-0.00504305060000000000,-0.0029330000000000,0.00211005060000000000,-0.0030737000000000,-72.043580000000,US cash open,13:30,9035941,9035941,False,US cash open,13:30,9005640,9005640,False,US cash open,13:30,9035941,9035941,False,526,False,False,False,55,False,False,False
matched_lot,btcusdt_microprice_20260414_12_5h_5sessions_hs2.00_rq5000,2026-04-14 12:00,2026-04-14 16:00,btcusdt_microprice_20260414_12_5h_5sessions_hs2.00_rq5000:2026-04-14 16:00:fill-000001:fill-000008:90,fill-000001,fill-000008,sell,buy,1776182405640,1776183440215,1776183440215,1034575,0.00000000000000000000000000000001,-0.00000000000000000000000000000139016972000000,-0.0000000000000000000000000000010886000000,0.00000000000000000000000000000030156972000000,-0.0000000000000000000000000000011087000000,-139.016972000000,US cash open,13:30,10040215,10040215,False,US cash open,13:30,9005640,9005640,False,US cash open,13:30,10040215,10040215,False,299,False,False,False,42,False,False,False
matched_lot,btcusdt_microprice_20260414_12_5h_5sessions_hs2.00_rq5000,2026-04-14 12:00,2026-04-14 16:00,btcusdt_microprice_20260414_12_5h_5sessions_hs2.00_rq5000:2026-04-14 16:00:fill-000001:fill-000009:91,fill-000001,fill-000009,sell,buy,1776182405640,1776183540130,1776183540130,1134490,0.00019000,0.00217989280000000000,0.0079040000000000,0.00572410720000000000,0.0075221000000000,11.473120000000,US cash open,13:30,10140130,10140130,False,US cash open,13:30,9005640,9005640,False,US cash open,13:30,10140130,10140130,False,953,False,False,False,66,False,False,False
matched_lot,btcusdt_microprice_20260414_12_5h_5sessions_hs2.00_rq5000,2026-04-14 12:00,2026-04-14 16:00,btcusdt_microprice_20260414_12_5h_5sessions_hs2.00_rq5000:2026-04-14 16:00:fill-000001:fill-000014:92,fill-000001,fill-000014,sell,buy,1776182405640,1776184100292,1776184100292,1694652,0.00065000,0.01292512130000000000,0.0325065000000000,0.01958137870000000000,0.0324935000000000,19.884802000000,US cash open,13:30,10700292,10700292,False,US cash open,13:30,9005640,9005640,False,US cash open,13:30,10700292,10700292,False,999,False,False,False,67,False,False,False
matched_lot,btcusdt_microprice_20260414_12_5h_5sessions_hs2.00_rq5000,2026-04-14 12:00,2026-04-14 16:00,btcusdt_microprice_20260414_12_5h_5sessions_hs2.00_rq5000:2026-04-14 16:00:fill-000001:fill-000018:93,fill-000001,fill-000018,sell,buy,1776182405640,1776184541898,1776184541898,2136258,0.0000900000000000000000000000000,0.01529233218000000000000000000,0.01800090000000000000000000000,0.00270856782000000000000000,0.01782000000000000000000000000,169.914802,US cash open,13:30,11141898,11141898,False,US cash open,13:30,9005640,9005640,False,US cash open,13:30,11141898,11141898,False,1307,False,False,False,78,False,False,False
matched_lot,btcusdt_microprice_20260414_12_5h_5sessions_hs2.00_rq5000,2026-04-14 12:00,2026-04-14 16:00,btcusdt_microprice_20260414_12_5h_5sessions_hs2.00_rq5000:2026-04-14 16:00:fill-000003:fill-000018:94,fill-000003,fill-000018,sell,buy,1776182523801,1776184541898,1776184541898,2018097,0.00007000,0.01637314014000000000,0.0184807000000000,0.00210755986000000000,0.0182315000000000,233.902002000000,US cash open,13:30,11141898,11141898,False,US cash open,13:30,9123801,9123801,False,US cash open,13:30,11141898,11141898,False,1345,False,False,False,83,False,False,False
matched_lot,btcusdt_microprice_20260414_12_5h_5sessions_hs2.00_rq5000,2026-04-14 12:00,2026-04-14 16:00,btcusdt_microprice_20260414_12_5h_5sessions_hs2.00_rq5000:2026-04-14 16:00:fill-000004:fill-000018:95,fill-000004,fill-000018,sell,buy,1776182787015,1776184541898,1776184541898,1754883,0.00007000,0.02224986456000000000,0.0243586000000000,0.00210873544000000000,0.0241017000000000,317.855208000000,US cash open,13:30,11141898,11141898,False,US cash open,13:30,9387015,9387015,False,US cash open,13:30,11141898,11141898,False,1411,False,False,False,88,False,False,False
matched_lot,btcusdt_microprice_20260414_12_5h_5sessions_hs2.00_rq5000,2026-04-14 12:00,2026-04-14 16:00,btcusdt_microprice_20260414_12_5h_5sessions_hs2.00_rq5000:2026-04-14 16:00:fill-000005:fill-000018:96,fill-000005,fill-000018,sell,buy,1776183029163,1776184541898,1776184541898,1512735,0.0004200000000000000000000000000,0.1990228800000000000000000000,0.2116884000000000000000000000,0.01266552000000000000000000000,0.2108442000000000000000000000,473.864,US cash open,13:30,11141898,11141898,False,US cash open,13:30,9629163,9629163,False,US cash open,13:30,11141898,11141898,False,1474,False,False,False,100,False,False,False
matched_lot,btcusdt_microprice_20260414_12_5h_5sessions_hs2.00_rq5000,2026-04-14 12:00,2026-04-14 16:00,btcusdt_microprice_20260414_12_5h_5sessions_hs2.00_rq5000:2026-04-14 16:00:fill-000005:fill-000024:97,fill-000005,fill-000024,sell,buy,1776183029163,1776184927574,1776184927574,1898411,0.00007000,0.02747204054000000000,0.0295841000000000,0.00211205946000000000,0.0294434000000000,392.457722000000,US cash open,13:30,11527574,11527574,False,US cash open,13:30,9629163,9629163,False,US cash open,13:30,11527574,11527574,False,1450,False,False,False,97,False,False,False
matched_lot,btcusdt_microprice_20260414_12_5h_5sessions_hs2.00_rq5000,2026-04-14 12:00,2026-04-14 16:00,btcusdt_microprice_20260414_12_5h_5sessions_hs2.00_rq5000:2026-04-14 16:00:fill-000005:fill-000025:98,fill-000005,fill-000025,sell,buy,1776183029163,1776184977000,1776184977000,1947837,0.0005100000000000000000000000000,0.1942668611400000000000000000,0.2096559000000000000000000000,0.01538903886000000000000000000,0.2086308000000000000000000000,380.915414,US cash open,13:30,11577000,11577000,False,US cash open,13:30,9629163,9629163,False,US cash open,13:30,11577000,11577000,False,1439,False,False,False,94,False,False,False
matched_lot,btcusdt_microprice_20260414_12_5h_5sessions_hs2.00_rq5000,2026-04-14 12:00,2026-04-14 16:00,btcusdt_microprice_20260414_12_5h_5sessions_hs2.00_rq5000:2026-04-14 16:00:fill-000006:fill-000025:99,fill-000006,fill-000025,sell,buy,1776183123727,1776184977000,1776184977000,1853273,0.00007000,0.02303250544000000000,0.0251440000000000,0.00211149456000000000,0.0248633000000000,329.035792000000,US cash open,13:30,11577000,11577000,False,US cash open,13:30,9723727,9723727,False,US cash open,13:30,11577000,11577000,False,1412,False,False,False,89,False,False,False
matched_lot,btcusdt_microprice_20260414_12_5h_5sessions_hs2.00_rq5000,2026-04-14 12:00,2026-04-14 16:00,btcusdt_microprice_20260414_12_5h_5sessions_hs2.00_rq5000:2026-04-14 16:00:fill-000007:fill-000025:100,fill-000007,fill-000025,sell,buy,1776183256962,1776184977000,1776184977000,1720038,0.0004200000000000000000000000000,0.09195388272000000000000000000,0.1046136000000000000000000000,0.01265971728000000000000000000,0.1037274000000000000000000000,218.937816,US cash open,13:30,11577000,11577000,False,US cash open,13:30,9856962,9856962,False,US cash open,13:30,11577000,11577000,False,1338,False,False,False,81,False,False,False
matched_lot,btcusdt_microprice_20260414_12_5h_5sessions_hs2.00_rq5000,2026-04-14 12:00,2026-04-14 16:00,btcusdt_microprice_20260414_12_5h_5sessions_hs2.00_rq5000:2026-04-14 16:00:fill-000007:fill-000026:101,fill-000007,fill-000026,sell,buy,1776183256962,1776185061912,1776185061912,1804950,0.00007000,0.01375173240000000000,0.0158620000000000,0.00211026760000000000,0.0157143000000000,196.453320000000,US cash open,13:30,11661912,11661912,False,US cash open,13:30,9856962,9856962,False,US cash open,13:30,11661912,11661912,False,1323,False,False,False,80,False,False,False
matched_lot,btcusdt_microprice_20260414_12_5h_5sessions_hs2.00_rq5000,2026-04-14 12:00,2026-04-14 16:00,btcusdt_microprice_20260414_12_5h_5sessions_hs2.00_rq5000:2026-04-14 16:00:fill-000007:fill-000029:102,fill-000007,fill-000029,sell,buy,1776183256962,1776185534145,1776185534145,2277183,0.0002900000000000000000000000000,0.1498103268600000000000000000,0.1585343000000000000000000000,0.008723973140000000000000000000,0.1579224000000000000000000000,516.587334,US cash close,20:00,-11265855,11265855,False,US cash open,13:30,9856962,9856962,False,US cash close,20:00,-11265855,11265855,False,1481,False,False,False,102,False,False,False
matched_lot,btcusdt_microprice_20260414_12_5h_5sessions_hs2.00_rq5000,2026-04-14 12:00,2026-04-14 16:00,btcusdt_microprice_20260414_12_5h_5sessions_hs2.00_rq5000:2026-04-14 16:00:fill-000010:fill-000029:103,fill-000010,fill-000029,sell,buy,1776183618390,1776185534145,1776185534145,1915755,0.0007100000000000000000000000000,0.2688166031400000000000000000,0.2901557000000000000000000000,0.02133909686000000000000000000,0.2873086000000000000000000000,378.614934,US cash close,20:00,-11265855,11265855,False,US cash open,13:30,10218390,10218390,False,US cash close,20:00,-11265855,11265855,False,1438,False,False,False,93,False,False,False
matched_lot,btcusdt_microprice_20260414_12_5h_5sessions_hs2.00_rq5000,2026-04-14 12:00,2026-04-14 16:00,btcusdt_microprice_20260414_12_5h_5sessions_hs2.00_rq5000:2026-04-14 16:00:fill-000010:fill-000033:104,fill-000010,fill-000033,sell,buy,1776183618390,1776185817015,1776185817015,2198625,0.0002101694687269049217941138174,0.1097029142014699788865920481,0.1160135467372515168303508272,0.006310632535781537943758779126,0.1151707671676566280939564308,521.9736000000000000000000001,US cash close,20:00,-10982985,10982985,False,US cash open,13:30,10218390,10218390,False,US cash close,20:00,-10982985,10982985,False,1482,False,False,False,103,False,False,False
matched_lot,btcusdt_microprice_20260414_12_5h_5sessions_hs2.00_rq5000,2026-04-14 12:00,2026-04-14 16:00,btcusdt_microprice_20260414_12_5h_5sessions_hs2.00_rq5000:2026-04-14 16:00:fill-000010:fill-000034:105,fill-000010,fill-000034,sell,buy,1776183618390,1776185867377,1776185867377,2248987,0.0000798305312730950782058861826,0.04901530755743019325778846902,0.05141086213987323036459070159,0.002395554582443037106802232568,0.05109074170946811910098509799,613.9919999999999999999999999,US cash close,20:00,-10932623,10932623,False,US cash open,13:30,10218390,10218390,False,US cash close,20:00,-10932623,10932623,False,1487,False,False,False,105,False,False,False
matched_lot,btcusdt_microprice_20260414_12_5h_5sessions_hs2.00_rq5000,2026-04-14 12:00,2026-04-14 16:00,btcusdt_microprice_20260414_12_5h_5sessions_hs2.00_rq5000:2026-04-14 16:00:fill-000011:fill-000034:106,fill-000011,fill-000034,sell,buy,1776183961599,1776185867377,1776185867377,1905778,0.0009201694687269049217941138174,0.5171374498312455106201042712,0.5447403254863277137021153799,0.02760287565508220308201110865,0.5428907848541866348093092111,562.0023999999999999999999999,US cash close,20:00,-10932623,10932623,False,US cash open,13:30,10561599,10561599,False,US cash close,20:00,-10932623,10932623,False,1486,False,False,False,104,False,False,False
matched_lot,btcusdt_microprice_20260415_00_5h_5sessions_hs2.00_rq5000,2026-04-15 00:00,2026-04-15 00:00,btcusdt_microprice_20260415_00_5h_5sessions_hs2.00_rq5000:2026-04-15 00:00:fill-000001:fill-000003:1,fill-000001,fill-000003,buy,sell,1776211647915,1776212098592,1776212098592,450677,0.00007000,-0.009554552560000000000000000000,-0.0074662000000000,0.002088352560000000000000000000,-0.0077469000000000,-136.4936080000000000000000,Tokyo,00:00,898592,898592,True,Tokyo,00:00,447915,447915,True,Tokyo,00:00,898592,898592,True,309,False,False,False,10,False,False,False
matched_lot,btcusdt_microprice_20260415_00_5h_5sessions_hs2.00_rq5000,2026-04-15 00:00,2026-04-15 00:00,btcusdt_microprice_20260415_00_5h_5sessions_hs2.00_rq5000:2026-04-15 00:00:fill-000001:fill-000004:2,fill-000001,fill-000004,buy,sell,1776211647915,1776212128405,1776212128405,480490,0.00007000,-0.01302025928000000000000000000,-0.0109326000000000,0.002087659280000000000000000000,-0.0112133000000000,-186.003704000000000000000,Tokyo,00:00,928405,928405,True,Tokyo,00:00,447915,447915,True,Tokyo,00:00,928405,928405,True,186,False,False,False,7,False,False,False
matched_lot,btcusdt_microprice_20260415_00_5h_5sessions_hs2.00_rq5000,2026-04-15 00:00,2026-04-15 00:00,btcusdt_microprice_20260415_00_5h_5sessions_hs2.00_rq5000:2026-04-15 00:00:fill-000001:fill-000007:3,fill-000001,fill-000007,buy,sell,1776211647915,1776213074844,1776213074844,1426929,0.000214863860386200210067059869,-0.01658651668852710673022541811,-0.01017380378928657994667528480,0.006412712899240526783550133308,-0.01060568014866284236891007514,-77.19547000000000000000000002,Singapore/Hong Kong,01:00,-1725156,1725156,True,Tokyo,00:00,447915,447915,True,Singapore/Hong Kong,01:00,-1725156,1725156,True,500,False,False,False,16,False,False,False
matched_lot,btcusdt_microprice_20260415_00_5h_5sessions_hs2.00_rq5000,2026-04-15 00:00,2026-04-15 00:00,btcusdt_microprice_20260415_00_5h_5sessions_hs2.00_rq5000:2026-04-15 00:00:fill-000002:fill-000007:4,fill-000002,fill-000007,buy,sell,1776211752362,1776213074844,1776213074844,1322482,0.0002595384615384615384615384610,-0.02985549718953846153846153840,-0.02210748615384615384615384611,0.007748011035692307692307692292,-0.02211267692307692307692307688,-115.0330360000000000000000000,Singapore/Hong Kong,01:00,-1725156,1725156,True,Tokyo,00:00,552362,552362,True,Singapore/Hong Kong,01:00,-1725156,1725156,True,371,False,False,False,15,False,False,False
matched_lot,btcusdt_microprice_20260415_00_5h_5sessions_hs2.00_rq5000,2026-04-15 00:00,2026-04-15 00:00,btcusdt_microprice_20260415_00_5h_5sessions_hs2.00_rq5000:2026-04-15 00:00:fill-000005:fill-000007:5,fill-000005,fill-000007,buy,sell,1776212589451,1776213074844,1776213074844,485393,0.00044000,-0.02065774568000000000,-0.0075284000000000,0.01312934568000000000,-0.0084128000000000,-46.949422000000,Singapore/Hong Kong,01:00,-1725156,1725156,True,Tokyo,00:00,1389451,1389451,True,Singapore/Hong Kong,01:00,-1725156,1725156,True,657,False,False,False,27,False,False,False
matched_lot,btcusdt_microprice_20260415_00_5h_5sessions_hs2.00_rq5000,2026-04-15 00:00,2026-04-15 00:00,btcusdt_microprice_20260415_00_5h_5sessions_hs2.00_rq5000:2026-04-15 00:00:fill-000006:fill-000007:6,fill-000006,fill-000007,buy,sell,1776212921733,1776213074844,1776213074844,153111,0.0000855976780753382514714016700,0.001041929176604247332210489688,0.003595102479164206561798870140,0.002553173302559959229588380452,0.003423051146232776676341352784,12.17240000000000000000000000,Singapore/Hong Kong,01:00,-1725156,1725156,True,Tokyo,00:00,1721733,1721733,True,Singapore/Hong Kong,01:00,-1725156,1725156,True,959,False,False,False,34,False,False,False
matched_lot,btcusdt_microprice_20260415_00_5h_5sessions_hs2.00_rq5000,2026-04-15 00:00,2026-04-15 00:00,btcusdt_microprice_20260415_00_5h_5sessions_hs2.00_rq5000:2026-04-15 00:00:fill-000006:fill-000009:7,fill-000006,fill-000009,buy,sell,1776212921733,1776213544240,1776213544240,622507,0.0000544023219246617485285983300,-0.001700557393638672227021584681,-0.00007833934357151291788118159520,0.001622218050067159309140403086,-0.0001876880106400830324236642384,-31.25891200000000000000000000,Singapore/Hong Kong,01:00,-1255760,1255760,True,Tokyo,00:00,1721733,1721733,True,Singapore/Hong Kong,01:00,-1255760,1255760,True,734,False,False,False,28,False,False,False
matched_lot,btcusdt_microprice_20260415_00_5h_5sessions_hs2.00_rq5000,2026-04-15 00:00,2026-04-15 00:00,btcusdt_microprice_20260415_00_5h_5sessions_hs2.00_rq5000:2026-04-15 00:00:fill-000008:fill-000009:8,fill-000008,fill-000009,buy,sell,1776213373876,1776213544240,1776213544240,170364,0.00008000,-0.00074516192000000000,0.0016400000000000,0.00238516192000000000,0.0014792000000000,-9.314524000000,Singapore/Hong Kong,01:00,-1255760,1255760,True,Singapore/Hong Kong,01:00,-1426124,1426124,True,Singapore/Hong Kong,01:00,-1255760,1255760,True,853,False,False,False,32,False,False,False
matched_lot,btcusdt_microprice_20260415_00_5h_5sessions_hs2.00_rq5000,2026-04-15 00:00,2026-04-15 00:00,btcusdt_microprice_20260415_00_5h_5sessions_hs2.00_rq5000:2026-04-15 00:00:fill-000009:fill-000010:9,fill-000009,fill-000010,sell,buy,1776213544240,1776214049461,1776214049461,505221,0.0008655976780753382514714016700,0.01623089823418633818310638220,0.04203342324733842549145126510,0.02580252501315208730834488290,0.04029357191440699560599374774,18.75108800000000000000000000,Singapore/Hong Kong,01:00,-750539,750539,True,Singapore/Hong Kong,01:00,-1255760,1255760,True,Singapore/Hong Kong,01:00,-750539,750539,True,993,False,False,False,35,False,False,False
matched_lot,btcusdt_microprice_20260415_00_5h_5sessions_hs2.00_rq5000,2026-04-15 00:00,2026-04-15 00:00,btcusdt_microprice_20260415_00_5h_5sessions_hs2.00_rq5000:2026-04-15 00:00:fill-000010:fill-000011:10,fill-000010,fill-000011,buy,sell,1776214049461,1776214207861,1776214207861,158400,0.0001344023219246617485285983300,-0.01008288288874570077252472012,-0.006079017020652450885948502466,0.004003865868093249886576217655,-0.006617970331570344497548181770,-75.02015399999999999999999999,Singapore/Hong Kong,01:00,-592139,592139,True,Singapore/Hong Kong,01:00,-750539,750539,True,Singapore/Hong Kong,01:00,-592139,592139,True,516,False,False,False,17,False,False,False
matched_lot,btcusdt_microprice_20260415_00_5h_5sessions_hs2.00_rq5000,2026-04-15 00:00,2026-04-15 00:00,btcusdt_microprice_20260415_00_5h_5sessions_hs2.00_rq5000:2026-04-15 00:00:fill-000011:fill-000012:11,fill-000011,fill-000012,sell,buy,1776214207861,1776214781865,1776214781865,574004,0.0000755976780753382514714016700,-0.01268821706955076724196866407,-0.01043474750473893885059757251,0.002253469564811828391371091561,-0.01073789419382104523899789321,-167.8387140000000000000000000,Singapore/Hong Kong,01:00,-18135,18135,True,Singapore/Hong Kong,01:00,-592139,592139,True,Singapore/Hong Kong,01:00,-18135,18135,True,227,False,False,False,9,False,False,False
matched_lot,btcusdt_microprice_20260415_00_5h_5sessions_hs2.00_rq5000,2026-04-15 00:00,2026-04-15 01:00,btcusdt_microprice_20260415_00_5h_5sessions_hs2.00_rq5000:2026-04-15 01:00:fill-000001:fill-000002:12,fill-000001,fill-000002,sell,buy,1776214885814,1776214933228,1776214933228,47414,0.000070000000000000000000000000,-0.004327203860000000000000000000,-0.002239300000000000000000000000,0.002087903860000000000000000000,-0.002380000000000000000000000000,-61.817198,Singapore/Hong Kong,01:00,133228,133228,True,Singapore/Hong Kong,01:00,85814,85814,True,Singapore/Hong Kong,01:00,133228,133228,True,589,False,False,False,23,False,False,False
matched_lot,btcusdt_microprice_20260415_00_5h_5sessions_hs2.00_rq5000,2026-04-15 00:00,2026-04-15 01:00,btcusdt_microprice_20260415_00_5h_5sessions_hs2.00_rq5000:2026-04-15 01:00:fill-000001:fill-000007:13,fill-000001,fill-000007,sell,buy,1776214885814,1776215783889,1776215783889,898075,0.000930000000000000000000000000,-0.2190912079200000000000000000,-0.1913196000000000000000000000,0.02777160792000000000000000000,-0.1917009000000000000000000000,-235.581944,Singapore/Hong Kong,01:00,983889,983889,True,Singapore/Hong Kong,01:00,85814,85814,True,Singapore/Hong Kong,01:00,983889,983889,True,132,False,False,True,6,False,False,False
matched_lot,btcusdt_microprice_20260415_00_5h_5sessions_hs2.00_rq5000,2026-04-15 00:00,2026-04-15 01:00,btcusdt_microprice_20260415_00_5h_5sessions_hs2.00_rq5000:2026-04-15 01:00:fill-000003:fill-000007:14,fill-000003,fill-000007,sell,buy,1776215080250,1776215783889,1776215783889,703639,0.000070000000000000000000000000,-0.009492136080000000000000000000,-0.007400400000000000000000000000,0.002091736080000000000000000000,-0.007569100000000000000000000000,-135.601944,Singapore/Hong Kong,01:00,983889,983889,True,Singapore/Hong Kong,01:00,280250,280250,True,Singapore/Hong Kong,01:00,983889,983889,True,312,False,False,False,11,False,False,False
matched_lot,btcusdt_microprice_20260415_00_5h_5sessions_hs2.00_rq5000,2026-04-15 00:00,2026-04-15 01:00,btcusdt_microprice_20260415_00_5h_5sessions_hs2.00_rq5000:2026-04-15 01:00:fill-000003:fill-000009:15,fill-000003,fill-000009,sell,buy,1776215080250,1776216384565,1776216384565,1304315,0.00007000,0.00015019200000000000,0.0022400000000000,0.00208980800000000000,0.0019593000000000,2.145600000000,Singapore/Hong Kong,01:00,1584565,1584565,True,Singapore/Hong Kong,01:00,280250,280250,True,Singapore/Hong Kong,01:00,1584565,1584565,True,910,False,False,False,33,False,False,False
matched_lot,btcusdt_microprice_20260415_00_5h_5sessions_hs2.00_rq5000,2026-04-15 00:00,2026-04-15 01:00,btcusdt_microprice_20260415_00_5h_5sessions_hs2.00_rq5000:2026-04-15 01:00:fill-000003:fill-000010:16,fill-000003,fill-000010,sell,buy,1776215080250,1776216512991,1776216512991,1432741,0.000160000000000000000000000000,-0.01053727968000000000000000000,-0.005758400000000000000000000000,0.0047788796800000000000000,-0.006400000000000000000000000000,-65.857998,Singapore/Hong Kong,01:00,1712991,1712991,True,Singapore/Hong Kong,01:00,280250,280250,True,Singapore/Hong Kong,01:00,1712991,1712991,True,563,False,False,False,20,False,False,False
matched_lot,btcusdt_microprice_20260415_00_5h_5sessions_hs2.00_rq5000,2026-04-15 00:00,2026-04-15 01:00,btcusdt_microprice_20260415_00_5h_5sessions_hs2.00_rq5000:2026-04-15 01:00:fill-000004:fill-000010:17,fill-000004,fill-000010,sell,buy,1776215080252,1776216512991,1776216512991,1432739,0.00050000,-0.03292899900000000000,-0.0179950000000000,0.01493399900000000000,-0.0200000000000000,-65.857998000000,Singapore/Hong Kong,01:00,1712991,1712991,True,Singapore/Hong Kong,01:00,280252,280252,True,Singapore/Hong Kong,01:00,1712991,1712991,True,564,False,False,False,21,False,False,False
matched_lot,btcusdt_microprice_20260415_00_5h_5sessions_hs2.00_rq5000,2026-04-15 00:00,2026-04-15 01:00,btcusdt_microprice_20260415_00_5h_5sessions_hs2.00_rq5000:2026-04-15 01:00:fill-000005:fill-000010:18,fill-000005,fill-000010,sell,buy,1776215080253,1776216512991,1776216512991,1432738,0.000110000000000000000000000000,-0.007244379780000000000000000000,-0.003958900000000000000000000000,0.00328547978000000000000000,-0.004400000000000000000000000000,-65.857998,Singapore/Hong Kong,01:00,1712991,1712991,True,Singapore/Hong Kong,01:00,280253,280253,True,Singapore/Hong Kong,01:00,1712991,1712991,True,565,False,False,False,22,False,False,False
matched_lot,btcusdt_microprice_20260415_00_5h_5sessions_hs2.00_rq5000,2026-04-15 00:00,2026-04-15 01:00,btcusdt_microprice_20260415_00_5h_5sessions_hs2.00_rq5000:2026-04-15 01:00:fill-000005:fill-000011:19,fill-000005,fill-000011,sell,buy,1776215080253,1776216634267,1776216634267,1554014,0.000090000000000000000000000000,-0.006108156000000000000000000000,-0.003420000000000000000000000000,0.002688156000000000000000000000,-0.003780900000000000000000000000,-67.8684,Singapore/Hong Kong,01:00,1834267,1834267,False,Singapore/Hong Kong,01:00,280253,280253,True,Singapore/Hong Kong,01:00,1834267,1834267,False,554,False,False,False,19,False,False,False
matched_lot,btcusdt_microprice_20260415_00_5h_5sessions_hs2.00_rq5000,2026-04-15 00:00,2026-04-15 01:00,btcusdt_microprice_20260415_00_5h_5sessions_hs2.00_rq5000:2026-04-15 01:00:fill-000006:fill-000011:20,fill-000006,fill-000011,sell,buy,1776215316627,1776216634267,1776216634267,1317640,0.0002214767585355820649938296998,-0.006229332827437268613739201978,0.0003875843274372686137392019746,0.006616917154874537227478403953,-0.0002569130399012751953928424518,-28.12635000000000000000000000,Singapore/Hong Kong,01:00,1834267,1834267,False,Singapore/Hong Kong,01:00,516627,516627,True,Singapore/Hong Kong,01:00,1834267,1834267,False,758,False,False,False,30,False,False,False
matched_lot,btcusdt_microprice_20260415_00_5h_5sessions_hs2.00_rq5000,2026-04-15 00:00,2026-04-15 01:00,btcusdt_microprice_20260415_00_5h_5sessions_hs2.00_rq5000:2026-04-15 01:00:fill-000006:fill-000012:21,fill-000006,fill-000012,sell,buy,1776215316627,1776216926265,1776216926265,1609638,0.000296111804342400798602445719,0.007667652904177689044172697753,0.01651119421013226853007237329,0.008843541305954579485899675537,0.01564950885949588220613925624,25.89445200000000000000000000,Singapore/Hong Kong,01:00,2126265,2126265,False,Singapore/Hong Kong,01:00,516627,516627,True,Singapore/Hong Kong,01:00,2126265,2126265,False,1026,False,False,False,39,False,False,False
matched_lot,btcusdt_microprice_20260415_00_5h_5sessions_hs2.00_rq5000,2026-04-15 00:00,2026-04-15 01:00,btcusdt_microprice_20260415_00_5h_5sessions_hs2.00_rq5000:2026-04-15 01:00:fill-000006:fill-000013:22,fill-000006,fill-000013,sell,buy,1776215316627,1776217201737,1776217201737,1885110,0.0004824114371220171364037245812,0.04708277254526995487226847062,0.06148333766120108403465469787,0.01440056511593112916238622725,0.06007952037917601416771985933,97.59879000000000000000000000,Singapore/Hong Kong,01:00,2401737,2401737,False,Singapore/Hong Kong,01:00,516627,516627,True,Singapore/Hong Kong,01:00,2401737,2401737,False,1197,False,False,False,43,False,False,False
matched_lot,btcusdt_microprice_20260415_00_5h_5sessions_hs2.00_rq5000,2026-04-15 00:00,2026-04-15 01:00,btcusdt_microprice_20260415_00_5h_5sessions_hs2.00_rq5000:2026-04-15 01:00:fill-000008:fill-000013:23,fill-000008,fill-000013,sell,buy,1776216168369,1776217201737,1776217201737,1033368,0.00014000,0.00291538072000000000,0.0070924000000000,0.00417701928000000000,0.0065310000000000,20.824148000000,Singapore/Hong Kong,01:00,2401737,2401737,False,Singapore/Hong Kong,01:00,1368369,1368369,True,Singapore/Hong Kong,01:00,2401737,2401737,False,1002,False,False,False,36,False,False,False
matched_lot,btcusdt_microprice_20260415_00_5h_5sessions_hs2.00_rq5000,2026-04-15 00:00,2026-04-15 01:00,btcusdt_microprice_20260415_00_5h_5sessions_hs2.00_rq5000:2026-04-15 01:00:fill-000013:fill-000014:24,fill-000013,fill-000014,buy,sell,1776217201737,1776217231208,1776217231208,29471,0.00006999999999999999999999999999,0.001778926099999999999999999999,0.003867499999999999999999999999,0.002088573900000000000000000000,0.003586799999999999999999999999,25.41322999999999999999999999,Singapore/Hong Kong,01:00,2431208,2431208,False,Singapore/Hong Kong,01:00,2401737,2401737,False,Singapore/Hong Kong,01:00,2431208,2431208,False,1024,False,False,False,38,False,False,False
matched_lot,btcusdt_microprice_20260415_00_5h_5sessions_hs2.00_rq5000,2026-04-15 00:00,2026-04-15 01:00,btcusdt_microprice_20260415_00_5h_5sessions_hs2.00_rq5000:2026-04-15 01:00:fill-000013:fill-000015:25,fill-000013,fill-000015,buy,sell,1776217201737,1776217509461,1776217509461,307724,0.0001175885628779828635962754188,0.005627640457751033593309610237,0.009136631335619268501430600041,0.003508990877868234908120989804,0.008750940849379484708834816667,47.85874000000000000000000000,Singapore/Hong Kong,01:00,2709461,2709461,False,Singapore/Hong Kong,01:00,2401737,2401737,False,Singapore/Hong Kong,01:00,2709461,2709461,False,1091,False,False,False,40,False,False,False
matched_lot,btcusdt_microprice_20260415_00_5h_5sessions_hs2.00_rq5000,2026-04-15 00:00,2026-04-15 01:00,btcusdt_microprice_20260415_00_5h_5sessions_hs2.00_rq5000:2026-04-15 01:00:fill-000015:fill-000016:26,fill-000015,fill-000016,sell,buy,1776217509461,1776217914319,1776217914319,404858,0.0004100000000000000000000000000,-0.05256875188000000000000000000,-0.04031940000000000000000000000,0.01224935188000000000000000000,-0.04084420000000000000000000000,-128.216468,Singapore/Hong Kong,01:00,3114319,3114319,False,Singapore/Hong Kong,01:00,2709461,2709461,False,Singapore/Hong Kong,01:00,3114319,3114319,False,332,False,False,False,12,False,False,False
matched_lot,btcusdt_microprice_20260415_00_5h_5sessions_hs2.00_rq5000,2026-04-15 00:00,2026-04-15 01:00,btcusdt_microprice_20260415_00_5h_5sessions_hs2.00_rq5000:2026-04-15 01:00:fill-000015:fill-000017:27,fill-000015,fill-000017,sell,buy,1776217509461,1776217915128,1776217915128,405667,0.0004724114371220171364037245812,-0.06057092591058912226515978785,-0.04645694072657916519394227532,0.01411398518400995707121751253,-0.04706162736609534712853904278,-128.2164680000000000000000000,Singapore/Hong Kong,01:00,3115128,3115128,False,Singapore/Hong Kong,01:00,2709461,2709461,False,Singapore/Hong Kong,01:00,3115128,3115128,False,333,False,False,False,13,False,False,False
matched_lot,btcusdt_microprice_20260415_00_5h_5sessions_hs2.00_rq5000,2026-04-15 00:00,2026-04-15 01:00,btcusdt_microprice_20260415_00_5h_5sessions_hs2.00_rq5000:2026-04-15 01:00:fill-000017:fill-000019:28,fill-000017,fill-000019,buy,sell,1776217915128,1776218074463,1776218074463,159335,0.0001175885628779828635962754188,-0.02025435479849541377455762560,-0.01674225958256720011883769413,0.003512095215928213655719931475,-0.01697861259395194567466620772,-172.2476600000000000000000000,Singapore/Hong Kong,01:00,3274463,3274463,False,Singapore/Hong Kong,01:00,3115128,3115128,False,Singapore/Hong Kong,01:00,3274463,3274463,False,212,False,False,False,8,False,False,False
matched_lot,btcusdt_microprice_20260415_00_5h_5sessions_hs2.00_rq5000,2026-04-15 00:00,2026-04-15 01:00,btcusdt_microprice_20260415_00_5h_5sessions_hs2.00_rq5000:2026-04-15 01:00:fill-000018:fill-000019:29,fill-000018,fill-000019,buy,sell,1776217999082,1776218074463,1776218074463,75381,0.0001124114371220171364037245812,-0.01347781565961441603068755563,-0.01012152579846642296179136129,0.003356289861147993068896194336,-0.01057229566132571167877029687,-119.8971920000000000000000000,Singapore/Hong Kong,01:00,3274463,3274463,False,Singapore/Hong Kong,01:00,3199082,3199082,False,Singapore/Hong Kong,01:00,3274463,3274463,False,360,False,False,False,14,False,False,False
matched_lot,btcusdt_microprice_20260415_00_5h_5sessions_hs2.00_rq5000,2026-04-15 00:00,2026-04-15 02:00,btcusdt_microprice_20260415_00_5h_5sessions_hs2.00_rq5000:2026-04-15 02:00:fill-000001:fill-000006:30,fill-000001,fill-000006,buy,sell,1776218868198,1776220154943,1776220154943,1286745,0.0001399999999999999999999999992,-0.03665261571999999999999999979,-0.03248139999999999999999999981,0.004171215719999999999999999976,-0.03304279999999999999999999981,-261.8043980000000000000000000,Singapore/Hong Kong,01:00,5354943,5354943,False,Singapore/Hong Kong,01:00,4068198,4068198,False,Singapore/Hong Kong,01:00,5354943,5354943,False,108,False,False,True,5,False,False,False
matched_lot,btcusdt_microprice_20260415_00_5h_5sessions_hs2.00_rq5000,2026-04-15 00:00,2026-04-15 02:00,btcusdt_microprice_20260415_00_5h_5sessions_hs2.00_rq5000:2026-04-15 02:00:fill-000001:fill-000008:31,fill-000001,fill-000008,buy,sell,1776218868198,1776220330048,1776220330048,1461850,0.0002800592606507096516495976321,-0.1187652734189935830503497648,-0.1104301670671813227419528423,0.008335106351812260308396922450,-0.1115532047023906684450677289,-424.0719380000000000000000001,Singapore/Hong Kong,01:00,5530048,5530048,False,Singapore/Hong Kong,01:00,4068198,4068198,False,Singapore/Hong Kong,01:00,5530048,5530048,False,50,False,True,True,3,False,False,True
matched_lot,btcusdt_microprice_20260415_00_5h_5sessions_hs2.00_rq5000,2026-04-15 00:00,2026-04-15 02:00,btcusdt_microprice_20260415_00_5h_5sessions_hs2.00_rq5000:2026-04-15 02:00:fill-000001:fill-000010:32,fill-000001,fill-000010,buy,sell,1776218868198,1776220495797,1776220495797,1627599,0.0005799407393492903483504023687,-0.2492357960953424995393476023,-0.2319762957397161393401609475,0.01725950035562636019918665482,-0.2343018581045067936370460609,-429.7608000000000000000000000,Singapore/Hong Kong,01:00,5695797,5695797,False,Singapore/Hong Kong,01:00,4068198,4068198,False,Singapore/Hong Kong,01:00,5695797,5695797,False,47,False,True,True,1,True,True,True
matched_lot,btcusdt_microprice_20260415_00_5h_5sessions_hs2.00_rq5000,2026-04-15 00:00,2026-04-15 02:00,btcusdt_microprice_20260415_00_5h_5sessions_hs2.00_rq5000:2026-04-15 02:00:fill-000002:fill-000010:33,fill-000002,fill-000010,buy,sell,1776218874583,1776220495797,1776220495797,1621214,0.0002075176184794378507481671002,-0.08835270124380545933453962458,-0.08217697691785738889627417168,0.006175724325948070438265452902,-0.08300912256795993467777432176,-425.7600000000000000000000000,Singapore/Hong Kong,01:00,5695797,5695797,False,Singapore/Hong Kong,01:00,4074583,4074583,False,Singapore/Hong Kong,01:00,5695797,5695797,False,49,False,True,True,2,False,True,True
matched_lot,btcusdt_microprice_20260415_00_5h_5sessions_hs2.00_rq5000,2026-04-15 00:00,2026-04-15 02:00,btcusdt_microprice_20260415_00_5h_5sessions_hs2.00_rq5000:2026-04-15 02:00:fill-000002:fill-000011:34,fill-000002,fill-000011,buy,sell,1776218874583,1776220927881,1776220927881,2053298,0.00006969584109248913718187461204,-0.02571716291227808814400993172,-0.02364222321539416511483550590,0.002074939696883923029174425823,-0.02388546170080695220360024830,-368.9913560000000000000000000,Singapore/Hong Kong,01:00,6127881,6127881,False,Singapore/Hong Kong,01:00,4074583,4074583,False,Singapore/Hong Kong,01:00,6127881,6127881,False,57,False,True,True,4,False,False,True
matched_lot,btcusdt_microprice_20260415_00_5h_5sessions_hs2.00_rq5000,2026-04-15 00:00,2026-04-15 03:00,btcusdt_microprice_20260415_00_5h_5sessions_hs2.00_rq5000:2026-04-15 03:00:fill-000001:fill-000002:35,fill-000001,fill-000002,buy,sell,1776222283882,1776222405401,1776222405401,121519,0.00007000,-0.00188704110000000000,0.0001925000000000,0.00207954110000000000,-0.0002310000000000,-26.957730000000,Singapore/Hong Kong,01:00,7605401,7605401,False,Singapore/Hong Kong,01:00,7483882,7483882,False,Singapore/Hong Kong,01:00,7605401,7605401,False,765,False,False,False,31,False,False,False
matched_lot,btcusdt_microprice_20260415_00_5h_5sessions_hs2.00_rq5000,2026-04-15 00:00,2026-04-15 03:00,btcusdt_microprice_20260415_00_5h_5sessions_hs2.00_rq5000:2026-04-15 03:00:fill-000002:fill-000003:36,fill-000002,fill-000003,sell,buy,1776222405401,1776222654845,1776222654845,249444,0.00049000,0.01225130340000000000000000000,0.0268030000000000,0.01455169660000000000000000000,0.0258181000000000,25.002660000000000000000,Singapore/Hong Kong,01:00,7854845,7854845,False,Singapore/Hong Kong,01:00,7605401,7605401,False,Singapore/Hong Kong,01:00,7854845,7854845,False,1022,False,False,False,37,False,False,False
matched_lot,btcusdt_microprice_20260415_00_5h_5sessions_hs2.00_rq5000,2026-04-15 00:00,2026-04-15 03:00,btcusdt_microprice_20260415_00_5h_5sessions_hs2.00_rq5000:2026-04-15 03:00:fill-000003:fill-000006:37,fill-000003,fill-000006,buy,sell,1776222654845,1776223554468,1776223554468,899623,0.000292448377581120943952802360,0.01646379084365781710914454278,0.02515056047197640117994100296,0.008686769628318584070796460180,0.02456566371681415929203539824,56.29640000000000000000000000,Singapore/Hong Kong,01:00,8754468,8754468,False,Singapore/Hong Kong,01:00,7854845,7854845,False,Singapore/Hong Kong,01:00,8754468,8754468,False,1118,False,False,False,41,False,False,False
matched_lot,btcusdt_microprice_20260415_00_5h_5sessions_hs2.00_rq5000,2026-04-15 00:00,2026-04-15 03:00,btcusdt_microprice_20260415_00_5h_5sessions_hs2.00_rq5000:2026-04-15 03:00:fill-000004:fill-000006:38,fill-000004,fill-000006,buy,sell,1776222654845,1776223554468,1776223554468,899623,0.000217551622418879056047197640,0.01224737315634218289085545722,0.01870943952802359882005899704,0.006462066371681415929203539820,0.01827433628318584070796460176,56.29640000000000000000000000,Singapore/Hong Kong,01:00,8754468,8754468,False,Singapore/Hong Kong,01:00,7854845,7854845,False,Singapore/Hong Kong,01:00,8754468,8754468,False,1119,False,False,False,42,False,False,False
matched_lot,btcusdt_microprice_20260415_00_5h_5sessions_hs2.00_rq5000,2026-04-15 00:00,2026-04-15 03:00,btcusdt_microprice_20260415_00_5h_5sessions_hs2.00_rq5000:2026-04-15 03:00:fill-000005:fill-000006:39,fill-000005,fill-000006,buy,sell,1776223504143,1776223554468,1776223554468,50325,0.0000800000000000000000000000004,-0.002452078880000000000000000011,-0.00007440000000000000000000000037,0.002377678880000000000000000011,-0.0003944000000000000000000000020,-30.65098599999999999999999998,Singapore/Hong Kong,01:00,8754468,8754468,False,Singapore/Hong Kong,01:00,8704143,8704143,False,Singapore/Hong Kong,01:00,8754468,8754468,False,737,False,False,False,29,False,False,False
matched_lot,btcusdt_microprice_20260415_00_5h_5sessions_hs2.00_rq5000,2026-04-15 00:00,2026-04-15 03:00,btcusdt_microprice_20260415_00_5h_5sessions_hs2.00_rq5000:2026-04-15 03:00:fill-000006:fill-000008:40,fill-000006,fill-000008,sell,buy,1776223554468,1776223689820,1776223689820,135352,0.0003199999999999999999999999996,-0.02295334399999999999999999997,-0.01343999999999999999999999998,0.009513343999999999999999999987,-0.01407999999999999999999999998,-71.72920000000000000000000000,Singapore/Hong Kong,01:00,8889820,8889820,False,Singapore/Hong Kong,01:00,8754468,8754468,False,Singapore/Hong Kong,01:00,8889820,8889820,False,527,False,False,False,18,False,False,False
matched_lot,btcusdt_microprice_20260415_00_5h_5sessions_hs2.00_rq5000,2026-04-15 00:00,2026-04-15 03:00,btcusdt_microprice_20260415_00_5h_5sessions_hs2.00_rq5000:2026-04-15 03:00:fill-000007:fill-000008:41,fill-000007,fill-000008,sell,buy,1776223598481,1776223689820,1776223689820,91339,0.0006800000000000000000000000004,-0.03858469464000000000000000003,-0.01836680000000000000000000001,0.02021789464000000000000000002,-0.01973360000000000000000000001,-56.74219800000000000000000001,Singapore/Hong Kong,01:00,8889820,8889820,False,Singapore/Hong Kong,01:00,8798481,8798481,False,Singapore/Hong Kong,01:00,8889820,8889820,False,608,False,False,False,24,False,False,False
matched_lot,btcusdt_microprice_20260415_00_5h_5sessions_hs2.00_rq5000,2026-04-15 00:00,2026-04-15 03:00,btcusdt_microprice_20260415_00_5h_5sessions_hs2.00_rq5000:2026-04-15 03:00:fill-000007:fill-000009:42,fill-000007,fill-000009,sell,buy,1776223598481,1776223717603,1776223717603,119122,0.0003199999999999999999999999996,-0.01623711935999999999999999998,-0.006723199999999999999999999992,0.009513919359999999999999999984,-0.007702399999999999999999999991,-50.74099800000000000000000000,Singapore/Hong Kong,01:00,8917603,8917603,False,Singapore/Hong Kong,01:00,8798481,8798481,False,Singapore/Hong Kong,01:00,8917603,8917603,False,631,False,False,False,25,False,False,False
matched_lot,btcusdt_microprice_20260415_00_5h_5sessions_hs2.00_rq5000,2026-04-15 00:00,2026-04-15 04:00,btcusdt_microprice_20260415_00_5h_5sessions_hs2.00_rq5000:2026-04-15 04:00:fill-000001:fill-000003:43,fill-000001,fill-000003,buy,sell,1776226780928,1776227773968,1776227773968,993040,0.00007000,-0.00350692426000000000,-0.0014245000000000,0.00208242426000000000,-0.0017052000000000,-50.098918000000,London,07:00,-8626032,8626032,False,London,07:00,-9619072,9619072,False,London,07:00,-8626032,8626032,False,635,False,False,False,26,False,False,False
matched_lot,btcusdt_microprice_20260415_05_5h_5sessions_hs2.00_rq5000,2026-04-15 05:00,2026-04-15 05:00,btcusdt_microprice_20260415_05_5h_5sessions_hs2.00_rq5000:2026-04-15 05:00:fill-000001:fill-000006:1,fill-000001,fill-000006,buy,sell,1776229452310,1776229853850,1776229853850,401540,0.00008000,-0.01442159168000000000,-0.0120432000000000,0.00237839168000000000,-0.0122104000000000,-180.269896000000,London,07:00,-6546150,6546150,False,London,07:00,-6947690,6947690,False,London,07:00,-6546150,6546150,False,197,False,False,False,11,False,False,False
matched_lot,btcusdt_microprice_20260415_05_5h_5sessions_hs2.00_rq5000,2026-04-15 05:00,2026-04-15 05:00,btcusdt_microprice_20260415_05_5h_5sessions_hs2.00_rq5000:2026-04-15 05:00:fill-000002:fill-000006:2,fill-000002,fill-000006,buy,sell,1776229532968,1776229853850,1776229853850,320882,0.00015000,-0.01751658000000000000,-0.0130590000000000,0.00445758000000000000,-0.0136605000000000,-116.777200000000,London,07:00,-6546150,6546150,False,London,07:00,-6867032,6867032,False,London,07:00,-6546150,6546150,False,363,False,False,False,17,False,False,False
matched_lot,btcusdt_microprice_20260415_05_5h_5sessions_hs2.00_rq5000,2026-04-15 05:00,2026-04-15 05:00,btcusdt_microprice_20260415_05_5h_5sessions_hs2.00_rq5000:2026-04-15 05:00:fill-000002:fill-000008:3,fill-000002,fill-000008,buy,sell,1776229532968,1776230144286,1776230144286,611318,0.00013000,-0.01875142178000000000,-0.0148889000000000,0.00386252178000000000,-0.0154102000000000,-144.241706000000,London,07:00,-6255714,6255714,False,London,07:00,-6867032,6867032,False,London,07:00,-6255714,6255714,False,287,False,False,False,12,False,False,False
matched_lot,btcusdt_microprice_20260415_05_5h_5sessions_hs2.00_rq5000,2026-04-15 05:00,2026-04-15 05:00,btcusdt_microprice_20260415_05_5h_5sessions_hs2.00_rq5000:2026-04-15 05:00:fill-000003:fill-000008:4,fill-000003,fill-000008,buy,sell,1776229605982,1776230144286,1776230144286,538304,0.00057000,-0.03174558000000000000,-0.0148200000000000,0.01692558000000000000,-0.0159714000000000,-55.694000000000,London,07:00,-6255714,6255714,False,London,07:00,-6794018,6794018,False,London,07:00,-6255714,6255714,False,610,False,False,False,23,False,False,False
matched_lot,btcusdt_microprice_20260415_05_5h_5sessions_hs2.00_rq5000,2026-04-15 05:00,2026-04-15 05:00,btcusdt_microprice_20260415_05_5h_5sessions_hs2.00_rq5000:2026-04-15 05:00:fill-000004:fill-000008:5,fill-000004,fill-000008,buy,sell,1776229713364,1776230144286,1776230144286,430922,0.00007000,-0.00334196870000000000,-0.0012635000000000,0.00207846870000000000,-0.0015442000000000,-47.742410000000,London,07:00,-6255714,6255714,False,London,07:00,-6686636,6686636,False,London,07:00,-6255714,6255714,False,649,False,False,False,28,False,False,False
matched_lot,btcusdt_microprice_20260415_05_5h_5sessions_hs2.00_rq5000,2026-04-15 05:00,2026-04-15 05:00,btcusdt_microprice_20260415_05_5h_5sessions_hs2.00_rq5000:2026-04-15 05:00:fill-000005:fill-000008:6,fill-000005,fill-000008,buy,sell,1776229713368,1776230144286,1776230144286,430918,0.00023000,-0.01098075430000000000,-0.0041515000000000,0.00682925430000000000,-0.0050738000000000,-47.742410000000,London,07:00,-6255714,6255714,False,London,07:00,-6686632,6686632,False,London,07:00,-6255714,6255714,False,650,False,False,False,29,False,False,False
matched_lot,btcusdt_microprice_20260415_05_5h_5sessions_hs2.00_rq5000,2026-04-15 05:00,2026-04-15 05:00,btcusdt_microprice_20260415_05_5h_5sessions_hs2.00_rq5000:2026-04-15 05:00:fill-000005:fill-000009:7,fill-000005,fill-000009,buy,sell,1776229713368,1776230205405,1776230205405,492037,0.0002801178955564268161901569354,-0.01449095028718159616154451680,-0.006173798418063647028831058856,0.008317151869117949132713457945,-0.007297071179244918561753588168,-51.73161200000000000000000000,London,07:00,-6194595,6194595,False,London,07:00,-6686632,6686632,False,London,07:00,-6194595,6194595,False,623,False,False,False,25,False,False,False
matched_lot,btcusdt_microprice_20260415_05_5h_5sessions_hs2.00_rq5000,2026-04-15 05:00,2026-04-15 05:00,btcusdt_microprice_20260415_05_5h_5sessions_hs2.00_rq5000:2026-04-15 05:00:fill-000005:fill-000013:8,fill-000005,fill-000013,buy,sell,1776229713368,1776231539332,1776231539332,1825964,0.00007000,-0.02673618892000000000000000000,-0.0246624000000000,0.002073788920000000000000000000,-0.0249431000000000,-381.945556000000000000000,London,07:00,-4860668,4860668,False,London,07:00,-6686632,6686632,False,London,07:00,-4860668,4860668,False,55,False,True,True,1,True,True,True
matched_lot,btcusdt_microprice_20260415_05_5h_5sessions_hs2.00_rq5000,2026-04-15 05:00,2026-04-15 05:00,btcusdt_microprice_20260415_05_5h_5sessions_hs2.00_rq5000:2026-04-15 05:00:fill-000005:fill-000016:9,fill-000005,fill-000016,buy,sell,1776229713368,1776231984507,1776231984507,2271139,0.00007000,-0.02413690888000000000000000000,-0.0220626000000000,0.002074308880000000000000000000,-0.0222565000000000,-344.812984000000000000000,London,07:00,-4415493,4415493,False,London,07:00,-6686632,6686632,False,London,07:00,-4415493,4415493,False,64,False,True,True,2,False,True,True
matched_lot,btcusdt_microprice_20260415_05_5h_5sessions_hs2.00_rq5000,2026-04-15 05:00,2026-04-15 06:00,btcusdt_microprice_20260415_05_5h_5sessions_hs2.00_rq5000:2026-04-15 06:00:fill-000001:fill-000005:10,fill-000001,fill-000005,buy,sell,1776232970208,1776233402192,1776233402192,431984,0.000092307692307692307692307692,-0.008639113846153846153846153817,-0.005907692307692307692307692288,0.002731421538461538461538461529,-0.006277846153846153846153846132,-93.59040000000000000000000000,London,07:00,-2997808,2997808,False,London,07:00,-3429792,3429792,False,London,07:00,-2997808,2997808,False,438,False,False,False,19,False,False,False
matched_lot,btcusdt_microprice_20260415_05_5h_5sessions_hs2.00_rq5000,2026-04-15 05:00,2026-04-15 06:00,btcusdt_microprice_20260415_05_5h_5sessions_hs2.00_rq5000:2026-04-15 06:00:fill-000001:fill-000006:11,fill-000001,fill-000006,buy,sell,1776232970208,1776233407065,1776233407065,436857,0.000907692307692307692307692308,-0.07950622153846153846153846157,-0.05264615384615384615384615386,0.02686006769230769230769230771,-0.05553261538461538461538461540,-87.59160000000000000000000001,London,07:00,-2992935,2992935,False,London,07:00,-3429792,3429792,False,London,07:00,-2992935,2992935,False,458,False,False,False,21,False,False,False
matched_lot,btcusdt_microprice_20260415_05_5h_5sessions_hs2.00_rq5000,2026-04-15 05:00,2026-04-15 06:00,btcusdt_microprice_20260415_05_5h_5sessions_hs2.00_rq5000:2026-04-15 06:00:fill-000002:fill-000006:12,fill-000002,fill-000006,buy,sell,1776233173553,1776233407065,1776233407065,233512,0.000022307692307692307692307692,-0.001106104615384615384615384600,-0.0004461538461538461538461538400,0.0006599507692307692307692307601,-0.0005170923076923076923076923006,-49.58399999999999999999999999,London,07:00,-2992935,2992935,False,London,07:00,-3226447,3226447,False,London,07:00,-2992935,2992935,False,638,False,False,False,26,False,False,False
matched_lot,btcusdt_microprice_20260415_05_5h_5sessions_hs2.00_rq5000,2026-04-15 05:00,2026-04-15 06:00,btcusdt_microprice_20260415_05_5h_5sessions_hs2.00_rq5000:2026-04-15 06:00:fill-000002:fill-000007:13,fill-000002,fill-000007,buy,sell,1776233173553,1776233767674,1776233767674,594121,0.00010000,-0.003559679800000000000000000000,-0.0006010000000000,0.002958679800000000000000000000,-0.0010020000000000,-35.5967980000000000000000,London,07:00,-2632326,2632326,False,London,07:00,-3226447,3226447,False,London,07:00,-2632326,2632326,False,708,False,False,False,30,False,False,False
matched_lot,btcusdt_microprice_20260415_05_5h_5sessions_hs2.00_rq5000,2026-04-15 05:00,2026-04-15 06:00,btcusdt_microprice_20260415_05_5h_5sessions_hs2.00_rq5000:2026-04-15 06:00:fill-000002:fill-000010:14,fill-000002,fill-000010,buy,sell,1776233173553,1776235379147,1776235379147,2205594,0.00008000,-0.000239465600000000000000000000,0.0021280000000000,0.002367465600000000000000000000,0.0018072000000000,-2.9933200000000000000000,London,07:00,-1020853,1020853,True,London,07:00,-3226447,3226447,False,London,07:00,-1020853,1020853,True,885,False,False,False,32,False,False,False
matched_lot,btcusdt_microprice_20260415_05_5h_5sessions_hs2.00_rq5000,2026-04-15 05:00,2026-04-15 06:00,btcusdt_microprice_20260415_05_5h_5sessions_hs2.00_rq5000:2026-04-15 06:00:fill-000002:fill-000012:15,fill-000002,fill-000012,buy,sell,1776233173553,1776236327993,1776236327993,3154440,0.00036000,-0.04664088072000000000000000000,-0.0359964000000000,0.01064448072000000000000000000,-0.0374400000000000,-129.558002000000000000000,London,07:00,-72007,72007,True,London,07:00,-3226447,3226447,False,London,07:00,-72007,72007,True,329,False,False,False,15,False,False,False
matched_lot,btcusdt_microprice_20260415_05_5h_5sessions_hs2.00_rq5000,2026-04-15 05:00,2026-04-15 07:00,btcusdt_microprice_20260415_05_5h_5sessions_hs2.00_rq5000:2026-04-15 07:00:fill-000001:fill-000002:16,fill-000001,fill-000002,buy,sell,1776236704445,1776237118316,1776237118316,413871,0.00008000,0.00568412752000000000,0.0080504000000000,0.00236627248000000000,0.0077296000000000,71.051594000000,London,07:00,718316,718316,True,London,07:00,304445,304445,True,London,07:00,718316,718316,True,1151,False,False,False,33,False,False,False
matched_lot,btcusdt_microprice_20260415_05_5h_5sessions_hs2.00_rq5000,2026-04-15 05:00,2026-04-15 07:00,btcusdt_microprice_20260415_05_5h_5sessions_hs2.00_rq5000:2026-04-15 07:00:fill-000001:fill-000005:17,fill-000001,fill-000005,buy,sell,1776236704445,1776237368887,1776237368887,664442,0.0003500000000000000000000000000,-0.01723551970000000000000000000,-0.006891500000000000000000000000,0.0103440197000000000000000,-0.008295000000000000000000000000,-49.244342,London,07:00,968887,968887,True,London,07:00,304445,304445,True,London,07:00,968887,968887,True,641,False,False,False,27,False,False,False
matched_lot,btcusdt_microprice_20260415_05_5h_5sessions_hs2.00_rq5000,2026-04-15 05:00,2026-04-15 07:00,btcusdt_microprice_20260415_05_5h_5sessions_hs2.00_rq5000:2026-04-15 07:00:fill-000001:fill-000009:18,fill-000001,fill-000009,buy,sell,1776236704445,1776238100315,1776238100315,1395870,0.0005700000000000000000000000000,-0.1260953658000000000000000000,-0.1092690000000000000000000000,0.01682636580000000000000000000,-0.1104147000000000000000000000,-221.21994,London,07:00,1700315,1700315,True,London,07:00,304445,304445,True,London,07:00,1700315,1700315,True,147,False,False,True,9,False,False,False
matched_lot,btcusdt_microprice_20260415_05_5h_5sessions_hs2.00_rq5000,2026-04-15 05:00,2026-04-15 07:00,btcusdt_microprice_20260415_05_5h_5sessions_hs2.00_rq5000:2026-04-15 07:00:fill-000003:fill-000009:19,fill-000003,fill-000009,buy,sell,1776237130729,1776238100315,1776238100315,969586,0.0004300000000000000000000000000,-0.1309507380000000000000000000,-0.1182500000000000000000000000,0.01270073800000000000000000000,-0.1191143000000000000000000000,-304.5366,London,07:00,1700315,1700315,True,London,07:00,730729,730729,True,London,07:00,1700315,1700315,True,83,False,False,True,5,False,False,False
matched_lot,btcusdt_microprice_20260415_05_5h_5sessions_hs2.00_rq5000,2026-04-15 05:00,2026-04-15 07:00,btcusdt_microprice_20260415_05_5h_5sessions_hs2.00_rq5000:2026-04-15 07:00:fill-000003:fill-000010:20,fill-000003,fill-000010,buy,sell,1776237130729,1776238170641,1776238170641,1039912,0.0005700000000000000000000000000,-0.1759109968800000000000000000,-0.1590756000000000000000000000,0.01683539688000000000000000000,-0.1613613000000000000000000000,-308.615784,London,07:00,1770641,1770641,True,London,07:00,730729,730729,True,London,07:00,1770641,1770641,True,81,False,False,True,4,False,False,True
matched_lot,btcusdt_microprice_20260415_05_5h_5sessions_hs2.00_rq5000,2026-04-15 05:00,2026-04-15 07:00,btcusdt_microprice_20260415_05_5h_5sessions_hs2.00_rq5000:2026-04-15 07:00:fill-000004:fill-000010:21,fill-000004,fill-000010,buy,sell,1776237361757,1776238170641,1776238170641,808884,0.0004300000000000000000000000000,-0.09175199820000000000000000000,-0.07905980000000000000000000000,0.01269219820000000000000000000,-0.08078410000000000000000000000,-213.37674,London,07:00,1770641,1770641,True,London,07:00,961757,961757,True,London,07:00,1770641,1770641,True,157,False,False,False,10,False,False,False
matched_lot,btcusdt_microprice_20260415_05_5h_5sessions_hs2.00_rq5000,2026-04-15 05:00,2026-04-15 07:00,btcusdt_microprice_20260415_05_5h_5sessions_hs2.00_rq5000:2026-04-15 07:00:fill-000004:fill-000012:22,fill-000004,fill-000012,buy,sell,1776237361757,1776238455757,1776238455757,1094000,0.00007000,-0.01979759936000000000,-0.0177324000000000,0.00206519936000000000,-0.0180131000000000,-282.822848000000,London,07:00,2055757,2055757,False,London,07:00,961757,961757,True,London,07:00,2055757,2055757,False,98,False,False,True,6,False,False,False
matched_lot,btcusdt_microprice_20260415_05_5h_5sessions_hs2.00_rq5000,2026-04-15 05:00,2026-04-15 07:00,btcusdt_microprice_20260415_05_5h_5sessions_hs2.00_rq5000:2026-04-15 07:00:fill-000004:fill-000015:23,fill-000004,fill-000015,buy,sell,1776237361757,1776238870877,1776238870877,1509120,0.00044000,-0.11496194952000000000,-0.1019788000000000,0.01298314952000000000,-0.1037432000000000,-261.277158000000,London,07:00,2470877,2470877,False,London,07:00,961757,961757,True,London,07:00,2470877,2470877,False,109,False,False,True,8,False,False,False
matched_lot,btcusdt_microprice_20260415_05_5h_5sessions_hs2.00_rq5000,2026-04-15 05:00,2026-04-15 07:00,btcusdt_microprice_20260415_05_5h_5sessions_hs2.00_rq5000:2026-04-15 07:00:fill-000004:fill-000018:24,fill-000004,fill-000018,buy,sell,1776237361757,1776239030629,1776239030629,1668872,0.0000600000000000000000000000000,-0.01874921484000000000000000000,-0.01697940000000000000000000000,0.001769814840000000000000000,-0.01722000000000000000000000000,-312.486914,London,07:00,2630629,2630629,False,London,07:00,961757,961757,True,London,07:00,2630629,2630629,False,77,False,False,True,3,False,False,True
matched_lot,btcusdt_microprice_20260415_05_5h_5sessions_hs2.00_rq5000,2026-04-15 05:00,2026-04-15 07:00,btcusdt_microprice_20260415_05_5h_5sessions_hs2.00_rq5000:2026-04-15 07:00:fill-000006:fill-000018:25,fill-000006,fill-000018,buy,sell,1776237419871,1776239030629,1776239030629,1610758,0.0000100000000000000000000000000,-0.002746993580000000000000000000,-0.002452100000000000000000000000,0.0002948935800000000000000000000,-0.002472200000000000000000000000,-274.699358,London,07:00,2630629,2630629,False,London,07:00,1019871,1019871,True,London,07:00,2630629,2630629,False,100,False,False,True,7,False,False,False
matched_lot,btcusdt_microprice_20260415_05_5h_5sessions_hs2.00_rq5000,2026-04-15 05:00,2026-04-15 08:00,btcusdt_microprice_20260415_05_5h_5sessions_hs2.00_rq5000:2026-04-15 08:00:fill-000001:fill-000004:26,fill-000001,fill-000004,buy,sell,1776240050459,1776240630036,1776240630036,579577,0.00010000,-0.00292764500000000000,0.0000210000000000,0.00294864500000000000,-0.0003800000000000,-29.276450000000,London,07:00,4230036,4230036,False,London,07:00,3650459,3650459,False,London,07:00,4230036,4230036,False,746,False,False,False,31,False,False,False
matched_lot,btcusdt_microprice_20260415_05_5h_5sessions_hs2.00_rq5000,2026-04-15 05:00,2026-04-15 08:00,btcusdt_microprice_20260415_05_5h_5sessions_hs2.00_rq5000:2026-04-15 08:00:fill-000001:fill-000005:27,fill-000001,fill-000005,buy,sell,1776240050459,1776241302988,1776241302988,1252529,0.00021000,0.03413658696000000000,0.0403368000000000,0.00620021304000000000,0.0399126000000000,162.555176000000,London,07:00,4902988,4902988,False,London,07:00,3650459,3650459,False,London,07:00,4902988,4902988,False,1299,False,False,False,35,False,False,False
matched_lot,btcusdt_microprice_20260415_05_5h_5sessions_hs2.00_rq5000,2026-04-15 05:00,2026-04-15 08:00,btcusdt_microprice_20260415_05_5h_5sessions_hs2.00_rq5000:2026-04-15 08:00:fill-000002:fill-000005:28,fill-000002,fill-000005,buy,sell,1776240593285,1776241302988,1776241302988,709703,0.00044000,0.04998637072000000000,0.0629816000000000,0.01299522928000000000,0.0620928000000000,113.605388000000,London,07:00,4902988,4902988,False,London,07:00,4193285,4193285,False,London,07:00,4902988,4902988,False,1214,False,False,False,34,False,False,False
matched_lot,btcusdt_microprice_20260415_05_5h_5sessions_hs2.00_rq5000,2026-04-15 05:00,2026-04-15 08:00,btcusdt_microprice_20260415_05_5h_5sessions_hs2.00_rq5000:2026-04-15 08:00:fill-000002:fill-000012:29,fill-000002,fill-000012,buy,sell,1776240593285,1776243172235,1776243172235,2578950,0.000092307692307692307692307692,0.02468996381538461538461538453,0.02741907692307692307692307683,0.002729113107692307692307692299,0.02704892307692307692307692299,267.4746080000000000000000000,London,07:00,6772235,6772235,False,London,07:00,4193285,4193285,False,London,07:00,6772235,6772235,False,1376,False,False,False,36,False,False,False
matched_lot,btcusdt_microprice_20260415_05_5h_5sessions_hs2.00_rq5000,2026-04-15 05:00,2026-04-15 08:00,btcusdt_microprice_20260415_05_5h_5sessions_hs2.00_rq5000:2026-04-15 08:00:fill-000002:fill-000013:30,fill-000002,fill-000013,buy,sell,1776240593285,1776243412709,1776243412709,2819424,0.000070000,0.02418283042000000000000000000,0.02625350000000000,0.002070669580000000000000000000,0.02597280000000000,345.46900600000000000000,London,07:00,7012709,7012709,False,London,07:00,4193285,4193285,False,London,07:00,7012709,7012709,False,1415,False,False,False,37,False,False,False
matched_lot,btcusdt_microprice_20260415_05_5h_5sessions_hs2.00_rq5000,2026-04-15 05:00,2026-04-15 09:00,btcusdt_microprice_20260415_05_5h_5sessions_hs2.00_rq5000:2026-04-15 09:00:fill-000001:fill-000007:31,fill-000001,fill-000007,buy,sell,1776243809065,1776245421565,1776245421565,1612500,0.00014000,-0.01851559780000000000,-0.0143710000000000,0.00414459780000000000,-0.0149324000000000,-132.254270000000,London,07:00,9021565,9021565,False,London,07:00,7409065,7409065,False,London,07:00,9021565,9021565,False,324,False,False,False,13,False,False,False
matched_lot,btcusdt_microprice_20260415_05_5h_5sessions_hs2.00_rq5000,2026-04-15 05:00,2026-04-15 09:00,btcusdt_microprice_20260415_05_5h_5sessions_hs2.00_rq5000:2026-04-15 09:00:fill-000001:fill-000009:32,fill-000001,fill-000009,buy,sell,1776243809065,1776246257498,1776246257498,2448433,0.00007000,-0.00908983250000000000,-0.0070175000000000,0.00207233250000000000,-0.0072982000000000,-129.854750000000,London,07:00,9857498,9857498,False,London,07:00,7409065,7409065,False,London,07:00,9857498,9857498,False,328,False,False,False,14,False,False,False
matched_lot,btcusdt_microprice_20260415_05_5h_5sessions_hs2.00_rq5000,2026-04-15 05:00,2026-04-15 09:00,btcusdt_microprice_20260415_05_5h_5sessions_hs2.00_rq5000:2026-04-15 09:00:fill-000001:fill-000010:33,fill-000001,fill-000010,buy,sell,1776243809065,1776246417565,1776246417565,2608500,0.00007000,-0.008931664140000000000000000000,-0.0068593000000000,0.002072364140000000000000000000,-0.0072002000000000,-127.5952020000000000000000,London,07:00,10017565,10017565,False,London,07:00,7409065,7409065,False,London,07:00,10017565,10017565,False,334,False,False,False,16,False,False,False
matched_lot,btcusdt_microprice_20260415_05_5h_5sessions_hs2.00_rq5000,2026-04-15 05:00,2026-04-15 09:00,btcusdt_microprice_20260415_05_5h_5sessions_hs2.00_rq5000:2026-04-15 09:00:fill-000002:fill-000010:34,fill-000002,fill-000010,buy,sell,1776243917534,1776246417565,1776246417565,2500031,0.0000798354541465555068012286090,-0.007471672576520403685827117153,-0.005108670710838086880210618690,0.002363001865682316805616498463,-0.005384901382185168933742869677,-93.58840200000000000000000000,London,07:00,10017565,10017565,False,London,07:00,7517534,7517534,False,London,07:00,10017565,10017565,False,439,False,False,False,20,False,False,False
matched_lot,btcusdt_microprice_20260415_05_5h_5sessions_hs2.00_rq5000,2026-04-15 05:00,2026-04-15 09:00,btcusdt_microprice_20260415_05_5h_5sessions_hs2.00_rq5000:2026-04-15 09:00:fill-000002:fill-000011:35,fill-000002,fill-000011,buy,sell,1776243917534,1776246940940,1776246940940,3023406,0.00007000,-0.006039590480000000000000000000,-0.0039676000000000,0.002071990480000000000000000000,-0.0041496000000000,-86.2798640000000000000000,London,07:00,10540940,10540940,False,London,07:00,7517534,7517534,False,London,07:00,10540940,10540940,False,462,False,False,False,22,False,False,False
matched_lot,btcusdt_microprice_20260415_05_5h_5sessions_hs2.00_rq5000,2026-04-15 05:00,2026-04-15 09:00,btcusdt_microprice_20260415_05_5h_5sessions_hs2.00_rq5000:2026-04-15 09:00:fill-000002:fill-000012:36,fill-000002,fill-000012,buy,sell,1776243917534,1776247099239,1776247099239,3181705,0.0008501645458534444931987713910,-0.04727424973672663448881088198,-0.02210427819218955682316805617,0.02516997154453707766564282581,-0.02431470601140851250548486179,-55.60600000000000000000000001,London,07:00,10699239,10699239,False,London,07:00,7517534,7517534,False,London,07:00,10699239,10699239,False,611,False,False,False,24,False,False,False
matched_lot,btcusdt_microprice_20260415_05_5h_5sessions_hs2.00_rq5000,2026-04-15 05:00,2026-04-15 09:00,btcusdt_microprice_20260415_05_5h_5sessions_hs2.00_rq5000:2026-04-15 09:00:fill-000003:fill-000012:37,fill-000003,fill-000012,buy,sell,1776244838914,1776247099239,1776247099239,2260325,0.0001498354541465555068012286090,-0.01402663627029398859148749451,-0.009589469065379552435278630976,0.004437167204914436156208863537,-0.009967054409828872312417727071,-93.61359999999999999999999999,London,07:00,10699239,10699239,False,London,07:00,8438914,8438914,False,London,07:00,10699239,10699239,False,437,False,False,False,18,False,False,False
matched_lot,btcusdt_microprice_20260415_12_5h_5sessions_hs2.00_rq5000,2026-04-15 12:00,2026-04-15 12:00,btcusdt_microprice_20260415_12_5h_5sessions_hs2.00_rq5000:2026-04-15 12:00:fill-000001:fill-000008:1,fill-000001,fill-000008,buy,sell,1776254441866,1776254793766,1776254793766,351900,0.00007000,-0.00977798472000000000,-0.0077028000000000,0.00207518472000000000,-0.0079751000000000,-139.685496000000,US cash open,13:30,-5006234,5006234,False,US cash open,13:30,-5358134,5358134,False,US cash open,13:30,-5006234,5006234,False,298,False,False,False,23,False,False,False
matched_lot,btcusdt_microprice_20260415_12_5h_5sessions_hs2.00_rq5000,2026-04-15 12:00,2026-04-15 12:00,btcusdt_microprice_20260415_12_5h_5sessions_hs2.00_rq5000:2026-04-15 12:00:fill-000001:fill-000010:2,fill-000001,fill-000010,buy,sell,1776254441866,1776255024525,1776255024525,582659,0.00001000,-0.00025018434000000000,0.0000465000000000,0.00029668434000000000,0.0000064000000000,-25.018434000000,US cash open,13:30,-4775475,4775475,False,US cash open,13:30,-5358134,5358134,False,US cash open,13:30,-4775475,4775475,False,788,False,False,False,70,False,False,False
matched_lot,btcusdt_microprice_20260415_12_5h_5sessions_hs2.00_rq5000,2026-04-15 12:00,2026-04-15 12:00,btcusdt_microprice_20260415_12_5h_5sessions_hs2.00_rq5000:2026-04-15 12:00:fill-000002:fill-000010:3,fill-000002,fill-000010,buy,sell,1776254705818,1776255024525,1776255024525,318707,0.00034000,0.00331449612000000000,0.0133994000000000,0.01008490388000000000,0.0127160000000000,9.748518000000,US cash open,13:30,-4775475,4775475,False,US cash open,13:30,-5094182,5094182,False,US cash open,13:30,-4775475,4775475,False,944,False,False,False,74,False,False,False
matched_lot,btcusdt_microprice_20260415_12_5h_5sessions_hs2.00_rq5000,2026-04-15 12:00,2026-04-15 12:00,btcusdt_microprice_20260415_12_5h_5sessions_hs2.00_rq5000:2026-04-15 12:00:fill-000002:fill-000011:4,fill-000002,fill-000011,buy,sell,1776254705818,1776255848207,1776255848207,1142389,0.00008000,0.00594524816000000000,0.0083192000000000,0.00237395184000000000,0.0081584000000000,74.315602000000,US cash open,13:30,-3951793,3951793,False,US cash open,13:30,-5094182,5094182,False,US cash open,13:30,-3951793,3951793,False,1161,False,False,False,90,False,False,False
matched_lot,btcusdt_microprice_20260415_12_5h_5sessions_hs2.00_rq5000,2026-04-15 12:00,2026-04-15 12:00,btcusdt_microprice_20260415_12_5h_5sessions_hs2.00_rq5000:2026-04-15 12:00:fill-000002:fill-000012:5,fill-000002,fill-000012,buy,sell,1776254705818,1776255896165,1776255896165,1190347,0.00058000,0.03499047200000000000,0.0522000000000000,0.01720952800000000000,0.0510342000000000,60.328400000000,US cash open,13:30,-3903835,3903835,False,US cash open,13:30,-5094182,5094182,False,US cash open,13:30,-3903835,3903835,False,1125,False,False,False,86,False,False,False
matched_lot,btcusdt_microprice_20260415_12_5h_5sessions_hs2.00_rq5000,2026-04-15 12:00,2026-04-15 12:00,btcusdt_microprice_20260415_12_5h_5sessions_hs2.00_rq5000:2026-04-15 12:00:fill-000003:fill-000012:6,fill-000003,fill-000012,buy,sell,1776254742656,1776255896165,1776255896165,1153509,0.00021000,0.02270477076000000000,0.0289338000000000,0.00622902924000000000,0.0280917000000000,108.117956000000,US cash open,13:30,-3903835,3903835,False,US cash open,13:30,-5057344,5057344,False,US cash open,13:30,-3903835,3903835,False,1207,False,False,False,99,False,False,False
matched_lot,btcusdt_microprice_20260415_12_5h_5sessions_hs2.00_rq5000,2026-04-15 12:00,2026-04-15 12:00,btcusdt_microprice_20260415_12_5h_5sessions_hs2.00_rq5000:2026-04-15 12:00:fill-000004:fill-000012:7,fill-000004,fill-000012,buy,sell,1776254742658,1776255896165,1776255896165,1153507,0.00021000,0.02270477076000000000,0.0289338000000000,0.00622902924000000000,0.0280917000000000,108.117956000000,US cash open,13:30,-3903835,3903835,False,US cash open,13:30,-5057342,5057342,False,US cash open,13:30,-3903835,3903835,False,1208,False,False,False,100,False,False,False
matched_lot,btcusdt_microprice_20260415_12_5h_5sessions_hs2.00_rq5000,2026-04-15 12:00,2026-04-15 12:00,btcusdt_microprice_20260415_12_5h_5sessions_hs2.00_rq5000:2026-04-15 12:00:fill-000004:fill-000014:8,fill-000004,fill-000014,buy,sell,1776254742658,1776256203095,1776256203095,1460437,0.00051000,0.03780362556000000000,0.0529278000000000,0.01512417444000000000,0.0508827000000000,74.124756000000,US cash open,13:30,-3596905,3596905,False,US cash open,13:30,-5057342,5057342,False,US cash open,13:30,-3596905,3596905,False,1159,False,False,False,88,False,False,False
matched_lot,btcusdt_microprice_20260415_12_5h_5sessions_hs2.00_rq5000,2026-04-15 12:00,2026-04-15 12:00,btcusdt_microprice_20260415_12_5h_5sessions_hs2.00_rq5000:2026-04-15 12:00:fill-000005:fill-000014:9,fill-000005,fill-000014,buy,sell,1776254742659,1776256203095,1776256203095,1460436,0.00007000,0.00518873292000000000,0.0072646000000000,0.00207586708000000000,0.0069839000000000,74.124756000000,US cash open,13:30,-3596905,3596905,False,US cash open,13:30,-5057341,5057341,False,US cash open,13:30,-3596905,3596905,False,1160,False,False,False,89,False,False,False
matched_lot,btcusdt_microprice_20260415_12_5h_5sessions_hs2.00_rq5000,2026-04-15 12:00,2026-04-15 12:00,btcusdt_microprice_20260415_12_5h_5sessions_hs2.00_rq5000:2026-04-15 12:00:fill-000006:fill-000014:10,fill-000006,fill-000014,buy,sell,1776254742948,1776256203095,1776256203095,1460147,0.00003000,0.00235036800000000000,0.0032400000000000,0.00088963200000000000,0.0031491000000000,78.345600000000,US cash open,13:30,-3596905,3596905,False,US cash open,13:30,-5057052,5057052,False,US cash open,13:30,-3596905,3596905,False,1167,False,False,False,92,False,False,False
matched_lot,btcusdt_microprice_20260415_12_5h_5sessions_hs2.00_rq5000,2026-04-15 12:00,2026-04-15 12:00,btcusdt_microprice_20260415_12_5h_5sessions_hs2.00_rq5000:2026-04-15 12:00:fill-000007:fill-000014:11,fill-000007,fill-000014,buy,sell,1776254743013,1776256203095,1776256203095,1460082,0.00039000,0.03055478400000000000,0.0421200000000000,0.01156521600000000000,0.0409383000000000,78.345600000000,US cash open,13:30,-3596905,3596905,False,US cash open,13:30,-5056987,5056987,False,US cash open,13:30,-3596905,3596905,False,1168,False,False,False,93,False,False,False
matched_lot,btcusdt_microprice_20260415_12_5h_5sessions_hs2.00_rq5000,2026-04-15 12:00,2026-04-15 13:00,btcusdt_microprice_20260415_12_5h_5sessions_hs2.00_rq5000:2026-04-15 13:00:fill-000001:fill-000003:12,fill-000001,fill-000003,sell,buy,1776258008869,1776258477393,1776258477393,468524,0.0000700000000000000000000000007,-0.002360092420000000000000000023,-0.0002807000000000000000000000028,0.002079392420000000000000000020,-0.0005614000000000000000000000056,-33.71560599999999999999999999,US cash open,13:30,-1322607,1322607,True,US cash open,13:30,-1791131,1791131,True,US cash open,13:30,-1322607,1322607,True,718,False,False,False,67,False,False,False
matched_lot,btcusdt_microprice_20260415_12_5h_5sessions_hs2.00_rq5000,2026-04-15 12:00,2026-04-15 13:00,btcusdt_microprice_20260415_12_5h_5sessions_hs2.00_rq5000:2026-04-15 13:00:fill-000002:fill-000003:13,fill-000002,fill-000003,sell,buy,1776258421073,1776258477393,1776258477393,56320,0.0002399999999999999999999999993,-0.006174528959999999999999999983,0.0009551999999999999999999999972,0.007129728959999999999999999980,0.0001799999999999999999999999995,-25.72720400000000000000000000,US cash open,13:30,-1322607,1322607,True,US cash open,13:30,-1378927,1378927,True,US cash open,13:30,-1322607,1322607,True,783,False,False,False,69,False,False,False
matched_lot,btcusdt_microprice_20260415_12_5h_5sessions_hs2.00_rq5000,2026-04-15 12:00,2026-04-15 13:00,btcusdt_microprice_20260415_12_5h_5sessions_hs2.00_rq5000:2026-04-15 13:00:fill-000002:fill-000004:14,fill-000002,fill-000004,sell,buy,1776258421073,1776258611965,1776258611965,190892,0.00023000,-0.02107958878000000000000000000,-0.0142439000000000,0.006835688779999999999999999999,-0.0149868000000000,-91.650386000000000000000,US cash open,13:30,-1188035,1188035,True,US cash open,13:30,-1378927,1378927,True,US cash open,13:30,-1188035,1188035,True,441,False,False,False,34,False,False,False
matched_lot,btcusdt_microprice_20260415_12_5h_5sessions_hs2.00_rq5000,2026-04-15 12:00,2026-04-15 13:00,btcusdt_microprice_20260415_12_5h_5sessions_hs2.00_rq5000:2026-04-15 13:00:fill-000002:fill-000005:15,fill-000002,fill-000005,sell,buy,1776258421073,1776259163615,1776259163615,742542,0.00007000,-0.004336111220000000000000000000,-0.0022561000000000,0.002080011220000000000000000000,-0.0024822000000000,-61.9444460000000000000000,US cash open,13:30,-636385,636385,True,US cash open,13:30,-1378927,1378927,True,US cash open,13:30,-636385,636385,True,587,False,False,False,51,False,False,False
matched_lot,btcusdt_microprice_20260415_12_5h_5sessions_hs2.00_rq5000,2026-04-15 12:00,2026-04-15 13:00,btcusdt_microprice_20260415_12_5h_5sessions_hs2.00_rq5000:2026-04-15 13:00:fill-000002:fill-000006:16,fill-000002,fill-000006,sell,buy,1776258421073,1776259365065,1776259365065,943992,0.00016000,-0.007595448320000000000000000001,-0.0028416000000000,0.004753848320000000000000000001,-0.0033584000000000,-47.47155200000000000000000001,US cash open,13:30,-434935,434935,True,US cash open,13:30,-1378927,1378927,True,US cash open,13:30,-434935,434935,True,654,False,False,False,54,False,False,False
matched_lot,btcusdt_microprice_20260415_12_5h_5sessions_hs2.00_rq5000,2026-04-15 12:00,2026-04-15 13:00,btcusdt_microprice_20260415_12_5h_5sessions_hs2.00_rq5000:2026-04-15 13:00:fill-000002:fill-000009:17,fill-000002,fill-000009,sell,buy,1776258421073,1776259818315,1776259818315,1397242,0.0000700000000000000000000000007,-0.006168377600000000000000000061,-0.004088000000000000000000000041,0.002080377600000000000000000020,-0.004270000000000000000000000043,-88.11967999999999999999999999,US cash open,13:30,18315,18315,True,US cash open,13:30,-1378927,1378927,True,US cash open,13:30,18315,18315,True,453,False,False,False,37,False,False,False
matched_lot,btcusdt_microprice_20260415_12_5h_5sessions_hs2.00_rq5000,2026-04-15 12:00,2026-04-15 13:00,btcusdt_microprice_20260415_12_5h_5sessions_hs2.00_rq5000:2026-04-15 13:00:fill-000007:fill-000009:18,fill-000007,fill-000009,sell,buy,1776259680179,1776259818315,1776259818315,138136,0.0004199999999999999999999999993,0.01423208387999999999999999998,0.02672459999999999999999999996,0.01249251611999999999999999998,0.02438519999999999999999999996,33.88591400000000000000000001,US cash open,13:30,18315,18315,True,US cash open,13:30,-119821,119821,True,US cash open,13:30,18315,18315,True,1057,False,False,False,81,False,False,False
matched_lot,btcusdt_microprice_20260415_12_5h_5sessions_hs2.00_rq5000,2026-04-15 12:00,2026-04-15 13:00,btcusdt_microprice_20260415_12_5h_5sessions_hs2.00_rq5000:2026-04-15 13:00:fill-000007:fill-000010:19,fill-000007,fill-000010,sell,buy,1776259680179,1776260002865,1776260002865,322686,0.0000200000000000000000000000007,0.002802743200000000000000000098,0.003397200000000000000000000119,0.0005944568000000000000000000214,0.003272800000000000000000000115,140.1371600000000000000000000,US cash open,13:30,202865,202865,True,US cash open,13:30,-119821,119821,True,US cash open,13:30,202865,202865,True,1256,False,False,False,106,False,False,False
matched_lot,btcusdt_microprice_20260415_12_5h_5sessions_hs2.00_rq5000,2026-04-15 12:00,2026-04-15 13:00,btcusdt_microprice_20260415_12_5h_5sessions_hs2.00_rq5000:2026-04-15 13:00:fill-000008:fill-000010:20,fill-000008,fill-000010,sell,buy,1776259748468,1776260002865,1776260002865,254397,0.0000599999999999999999999999993,0.009006909839999999999999999891,0.01079039999999999999999999987,0.001783490159999999999999999979,0.01054859999999999999999999987,150.1151639999999999999999999,US cash open,13:30,202865,202865,True,US cash open,13:30,-51532,51532,True,US cash open,13:30,202865,202865,True,1267,False,False,False,107,False,False,False
matched_lot,btcusdt_microprice_20260415_12_5h_5sessions_hs2.00_rq5000,2026-04-15 12:00,2026-04-15 13:00,btcusdt_microprice_20260415_12_5h_5sessions_hs2.00_rq5000:2026-04-15 13:00:fill-000008:fill-000011:21,fill-000008,fill-000011,sell,buy,1776259748468,1776260040150,1776260040150,291682,0.0000200000000000000000000000007,0.001960094880000000000000000068,0.002554800000000000000000000089,0.0005947051200000000000000000208,0.002429800000000000000000000085,98.00474399999999999999999997,US cash open,13:30,240150,240150,True,US cash open,13:30,-51532,51532,True,US cash open,13:30,240150,240150,True,1198,False,False,False,98,False,False,False
matched_lot,btcusdt_microprice_20260415_12_5h_5sessions_hs2.00_rq5000,2026-04-15 12:00,2026-04-15 13:00,btcusdt_microprice_20260415_12_5h_5sessions_hs2.00_rq5000:2026-04-15 13:00:fill-000011:fill-000012:22,fill-000011,fill-000012,buy,sell,1776260040150,1776260153515,1776260153515,113365,0.0000899999999999999999999999993,-0.01349600885999999999999999990,-0.01082429999999999999999999992,0.002671708859999999999999999980,-0.01138679999999999999999999992,-149.9556540000000000000000001,US cash open,13:30,353515,353515,True,US cash open,13:30,240150,240150,True,US cash open,13:30,353515,353515,True,272,False,False,False,21,False,False,False
matched_lot,btcusdt_microprice_20260415_12_5h_5sessions_hs2.00_rq5000,2026-04-15 12:00,2026-04-15 13:00,btcusdt_microprice_20260415_12_5h_5sessions_hs2.00_rq5000:2026-04-15 13:00:fill-000012:fill-000013:23,fill-000012,fill-000013,sell,buy,1776260153515,1776260220437,1776260220437,66922,0.0009100000000000000000000000007,-0.05994064440000000000000000005,-0.03294200000000000000000000003,0.02699864440000000000000000002,-0.04360720000000000000000000004,-65.86884000000000000000000000,US cash open,13:30,420437,420437,True,US cash open,13:30,353515,353515,True,US cash open,13:30,420437,420437,True,562,False,False,False,50,False,False,False
matched_lot,btcusdt_microprice_20260415_12_5h_5sessions_hs2.00_rq5000,2026-04-15 12:00,2026-04-15 13:00,btcusdt_microprice_20260415_12_5h_5sessions_hs2.00_rq5000:2026-04-15 13:00:fill-000013:fill-000016:24,fill-000013,fill-000016,buy,sell,1776260220437,1776260341032,1776260341032,120595,0.0000899999999999999999999999993,-0.01239520193999999999999999990,-0.009726299999999999999999999924,0.002668901939999999999999999980,-0.01130129999999999999999999991,-137.7244660000000000000000000,US cash open,13:30,541032,541032,True,US cash open,13:30,420437,420437,True,US cash open,13:30,541032,541032,True,305,False,False,False,24,False,False,False
matched_lot,btcusdt_microprice_20260415_12_5h_5sessions_hs2.00_rq5000,2026-04-15 12:00,2026-04-15 13:00,btcusdt_microprice_20260415_12_5h_5sessions_hs2.00_rq5000:2026-04-15 13:00:fill-000014:fill-000016:25,fill-000014,fill-000016,buy,sell,1776260268236,1776260341032,1776260341032,72796,0.0001300000000000000000000000007,-0.01086327268000000000000000006,-0.007009600000000000000000000038,0.003853672680000000000000000020,-0.008023600000000000000000000043,-83.56363600000000000000000001,US cash open,13:30,541032,541032,True,US cash open,13:30,468236,468236,True,US cash open,13:30,541032,541032,True,474,False,False,False,39,False,False,False
matched_lot,btcusdt_microprice_20260415_12_5h_5sessions_hs2.00_rq5000,2026-04-15 12:00,2026-04-15 13:00,btcusdt_microprice_20260415_12_5h_5sessions_hs2.00_rq5000:2026-04-15 13:00:fill-000014:fill-000026:26,fill-000014,fill-000026,buy,sell,1776260268236,1776261051515,1776261051515,783279,0.0001899999999999999999999999993,-0.04401616189999999999999999984,-0.03838949999999999999999999986,0.005626661899999999999999999980,-0.03839329999999999999999999986,-231.6640100000000000000000000,US cash open,13:30,1251515,1251515,True,US cash open,13:30,468236,468236,True,US cash open,13:30,1251515,1251515,True,136,False,False,True,12,False,False,True
matched_lot,btcusdt_microprice_20260415_12_5h_5sessions_hs2.00_rq5000,2026-04-15 12:00,2026-04-15 13:00,btcusdt_microprice_20260415_12_5h_5sessions_hs2.00_rq5000:2026-04-15 13:00:fill-000015:fill-000026:27,fill-000015,fill-000026,buy,sell,1776260268265,1776261051515,1776261051515,783250,0.0005800000000000000000000000007,-0.1343651258000000000000000001,-0.1171890000000000000000000001,0.01717612580000000000000000002,-0.1172006000000000000000000001,-231.6640099999999999999999999,US cash open,13:30,1251515,1251515,True,US cash open,13:30,468265,468265,True,US cash open,13:30,1251515,1251515,True,137,False,False,True,13,False,False,True
matched_lot,btcusdt_microprice_20260415_12_5h_5sessions_hs2.00_rq5000,2026-04-15 12:00,2026-04-15 13:00,btcusdt_microprice_20260415_12_5h_5sessions_hs2.00_rq5000:2026-04-15 13:00:fill-000015:fill-000027:28,fill-000015,fill-000027,buy,sell,1776260268265,1776261079142,1776261079142,810877,0.0000100000000000000000000000024,-0.002636476120000000000000000633,-0.002340400000000000000000000562,0.0002960761200000000000000000711,-0.002360600000000000000000000567,-263.6476120000000000000000000,US cash open,13:30,1279142,1279142,True,US cash open,13:30,468265,468265,True,US cash open,13:30,1279142,1279142,True,105,False,False,True,4,False,True,True
matched_lot,btcusdt_microprice_20260415_12_5h_5sessions_hs2.00_rq5000,2026-04-15 12:00,2026-04-15 13:00,btcusdt_microprice_20260415_12_5h_5sessions_hs2.00_rq5000:2026-04-15 13:00:fill-000015:fill-000028:29,fill-000015,fill-000028,buy,sell,1776260268265,1776261079142,1776261079142,810877,0.0000899999999999999999999999969,-0.02372828507999999999999999918,-0.02106359999999999999999999927,0.002664685079999999999999999908,-0.02124539999999999999999999926,-263.6476120000000000000000000,US cash open,13:30,1279142,1279142,True,US cash open,13:30,468265,468265,True,US cash open,13:30,1279142,1279142,True,106,False,False,True,5,False,True,True
matched_lot,btcusdt_microprice_20260415_12_5h_5sessions_hs2.00_rq5000,2026-04-15 12:00,2026-04-15 13:00,btcusdt_microprice_20260415_12_5h_5sessions_hs2.00_rq5000:2026-04-15 13:00:fill-000017:fill-000028:30,fill-000017,fill-000028,buy,sell,1776260402259,1776261079142,1776261079142,676883,0.000002088061733999092147072174,-0.0005169923963685882886972309724,-0.0004551765773944620971402632103,0.00006181581897412619155696776211,-0.0004635497049477984566500226281,-247.5944020000000000000000000,US cash open,13:30,1279142,1279142,True,US cash open,13:30,602259,602259,True,US cash open,13:30,1279142,1279142,True,122,False,False,True,7,False,False,True
matched_lot,btcusdt_microprice_20260415_12_5h_5sessions_hs2.00_rq5000,2026-04-15 12:00,2026-04-15 13:00,btcusdt_microprice_20260415_12_5h_5sessions_hs2.00_rq5000:2026-04-15 13:00:fill-000018:fill-000028:31,fill-000018,fill-000028,buy,sell,1776260415949,1776261079142,1776261079142,663193,0.0000379119382660009078529278291,-0.008956397124212437585111212789,-0.007834122923286427598729006605,0.001122274200926009986382206184,-0.007994490422151611438946891322,-236.2421320000000000000000000,US cash open,13:30,1279142,1279142,True,US cash open,13:30,615949,615949,True,US cash open,13:30,1279142,1279142,True,129,False,False,True,9,False,False,True
matched_lot,btcusdt_microprice_20260415_12_5h_5sessions_hs2.00_rq5000,2026-04-15 12:00,2026-04-15 13:00,btcusdt_microprice_20260415_12_5h_5sessions_hs2.00_rq5000:2026-04-15 13:00:fill-000018:fill-000030:32,fill-000018,fill-000030,buy,sell,1776260415949,1776261227565,1776261227565,811616,0.0003999999999999999999999999965,-0.09369701279999999999999999918,-0.08185599999999999999999999928,0.01184101279999999999999999990,-0.08354799999999999999999999926,-234.2425320000000000000000000,US cash open,13:30,1427565,1427565,True,US cash open,13:30,615949,615949,True,US cash open,13:30,1427565,1427565,True,133,False,False,True,11,False,False,True
matched_lot,btcusdt_microprice_20260415_12_5h_5sessions_hs2.00_rq5000,2026-04-15 12:00,2026-04-15 13:00,btcusdt_microprice_20260415_12_5h_5sessions_hs2.00_rq5000:2026-04-15 13:00:fill-000018:fill-000031:33,fill-000018,fill-000031,buy,sell,1776260415949,1776261265765,1776261265765,849816,0.0001920880617339990921470721744,-0.04537929323578756241488878804,-0.03969307707671357240127099412,0.005686216159073990013617793921,-0.04050560957784838856105310942,-236.2421320000000000000000000,US cash open,13:30,1465765,1465765,True,US cash open,13:30,615949,615949,True,US cash open,13:30,1465765,1465765,True,130,False,False,True,10,False,False,True
matched_lot,btcusdt_microprice_20260415_12_5h_5sessions_hs2.00_rq5000,2026-04-15 12:00,2026-04-15 13:00,btcusdt_microprice_20260415_12_5h_5sessions_hs2.00_rq5000:2026-04-15 13:00:fill-000019:fill-000031:34,fill-000019,fill-000031,buy,sell,1776260576915,1776261265765,1776261265765,688850,0.0000879119382660009078529278257,-0.009983948016041761234679981844,-0.007383723694961416250567408081,0.002600224321080344984112573763,-0.007736250567408079891057648662,-113.5676020000000000000000000,US cash open,13:30,1465765,1465765,True,US cash open,13:30,776915,776915,True,US cash open,13:30,1465765,1465765,True,375,False,False,False,29,False,False,False
matched_lot,btcusdt_microprice_20260415_12_5h_5sessions_hs2.00_rq5000,2026-04-15 12:00,2026-04-15 13:00,btcusdt_microprice_20260415_12_5h_5sessions_hs2.00_rq5000:2026-04-15 13:00:fill-000019:fill-000033:35,fill-000019,fill-000033,buy,sell,1776260576915,1776261393975,1776261393975,817060,0.0001400653366001633415004083566,-0.01786740693046318982615797493,-0.01372500233345000583362501486,0.004142404597013183992532960066,-0.01439171333566678333916695864,-127.5648020000000000000000000,US cash open,13:30,1593975,1593975,True,US cash open,13:30,776915,776915,True,US cash open,13:30,1593975,1593975,True,335,False,False,False,27,False,False,False
matched_lot,btcusdt_microprice_20260415_12_5h_5sessions_hs2.00_rq5000,2026-04-15 12:00,2026-04-15 13:00,btcusdt_microprice_20260415_12_5h_5sessions_hs2.00_rq5000:2026-04-15 13:00:fill-000019:fill-000034:36,fill-000019,fill-000034,buy,sell,1776260576915,1776261475106,1776261475106,898191,0.0001720227251338357506466638177,-0.002339096207279845002993075928,0.002752363602141372010346621083,0.005091459809421217013339697011,0.002406597924622362151546826809,-13.59760000000000000000000000,US cash open,13:30,1675106,1675106,True,US cash open,13:30,776915,776915,True,US cash open,13:30,1675106,1675106,True,836,False,False,False,72,False,False,False
matched_lot,btcusdt_microprice_20260415_12_5h_5sessions_hs2.00_rq5000,2026-04-15 12:00,2026-04-15 13:00,btcusdt_microprice_20260415_12_5h_5sessions_hs2.00_rq5000:2026-04-15 13:00:fill-000020:fill-000034:37,fill-000020,fill-000034,buy,sell,1776260677228,1776261475106,1776261475106,797878,0.00077000,0.05730340000000000000,0.0800800000000000,0.02277660000000000000,0.0800723000000000,74.420000000000,US cash open,13:30,1675106,1675106,True,US cash open,13:30,877228,877228,True,US cash open,13:30,1675106,1675106,True,1163,False,False,False,91,False,False,False
matched_lot,btcusdt_microprice_20260415_12_5h_5sessions_hs2.00_rq5000,2026-04-15 12:00,2026-04-15 13:00,btcusdt_microprice_20260415_12_5h_5sessions_hs2.00_rq5000:2026-04-15 13:00:fill-000021:fill-000034:38,fill-000021,fill-000034,buy,sell,1776260760252,1776261475106,1776261475106,714854,0.0000579772748661642493533361823,0.000008415285492274008465138041,0.001724244154519724775768218062,0.001715828869027450767303080021,0.001675543243632146806311415669,0.1451480000000000000000000140,US cash open,13:30,1675106,1675106,True,US cash open,13:30,960252,960252,True,US cash open,13:30,1675106,1675106,True,899,False,False,False,73,False,False,False
matched_lot,btcusdt_microprice_20260415_12_5h_5sessions_hs2.00_rq5000,2026-04-15 12:00,2026-04-15 14:00,btcusdt_microprice_20260415_12_5h_5sessions_hs2.00_rq5000:2026-04-15 14:00:fill-000001:fill-000003:39,fill-000001,fill-000003,buy,sell,1776261869415,1776262208404,1776262208404,338989,0.00007000,-0.00475277166000000000,-0.0026817000000000,0.00207107166000000000,-0.0028224000000000,-67.896738000000,US cash open,13:30,2408404,2408404,False,US cash open,13:30,2069415,2069415,False,US cash open,13:30,2408404,2408404,False,553,False,False,False,49,False,False,False
matched_lot,btcusdt_microprice_20260415_12_5h_5sessions_hs2.00_rq5000,2026-04-15 12:00,2026-04-15 14:00,btcusdt_microprice_20260415_12_5h_5sessions_hs2.00_rq5000:2026-04-15 14:00:fill-000001:fill-000004:40,fill-000001,fill-000004,buy,sell,1776261869415,1776262228642,1776262228642,359227,0.00007000,-0.00114639308000000000,0.0009254000000000,0.00207179308000000000,0.0007847000000000,-16.377044000000,US cash open,13:30,2428642,2428642,False,US cash open,13:30,2069415,2069415,False,US cash open,13:30,2428642,2428642,False,825,False,False,False,71,False,False,False
matched_lot,btcusdt_microprice_20260415_12_5h_5sessions_hs2.00_rq5000,2026-04-15 12:00,2026-04-15 14:00,btcusdt_microprice_20260415_12_5h_5sessions_hs2.00_rq5000:2026-04-15 14:00:fill-000001:fill-000005:41,fill-000001,fill-000005,buy,sell,1776261869415,1776262634122,1776262634122,764707,0.00006999999999999999999999999960,0.02130441585999999999999999988,0.02338069999999999999999999987,0.002076284139999999999999999988,0.02323999999999999999999999987,304.3487980000000000000000000,US cash open,13:30,2834122,2834122,False,US cash open,13:30,2069415,2069415,False,US cash open,13:30,2834122,2834122,False,1404,False,False,False,127,False,False,False
matched_lot,btcusdt_microprice_20260415_12_5h_5sessions_hs2.00_rq5000,2026-04-15 12:00,2026-04-15 14:00,btcusdt_microprice_20260415_12_5h_5sessions_hs2.00_rq5000:2026-04-15 14:00:fill-000001:fill-000006:42,fill-000001,fill-000006,buy,sell,1776261869415,1776262646237,1776262646237,776822,0.0007900000000000000000000000004,0.2736010160000000000000000002,0.2970400000000000000000000002,0.02343898400000000000000000002,0.2970321000000000000000000002,346.3304000000000000000000001,US cash open,13:30,2846237,2846237,False,US cash open,13:30,2069415,2069415,False,US cash open,13:30,2846237,2846237,False,1416,False,False,False,128,False,False,False
matched_lot,btcusdt_microprice_20260415_12_5h_5sessions_hs2.00_rq5000,2026-04-15 12:00,2026-04-15 14:00,btcusdt_microprice_20260415_12_5h_5sessions_hs2.00_rq5000:2026-04-15 14:00:fill-000002:fill-000006:43,fill-000002,fill-000006,buy,sell,1776261963941,1776262646237,1776262646237,682296,0.0002099999999999999999999999996,0.07950743933999999999999999985,0.08573669999999999999999999984,0.006229260659999999999999999988,0.08573249999999999999999999984,378.6068540000000000000000000,US cash open,13:30,2846237,2846237,False,US cash open,13:30,2163941,2163941,False,US cash open,13:30,2846237,2846237,False,1437,False,False,False,129,False,False,False
matched_lot,btcusdt_microprice_20260415_12_5h_5sessions_hs2.00_rq5000,2026-04-15 12:00,2026-04-15 14:00,btcusdt_microprice_20260415_12_5h_5sessions_hs2.00_rq5000:2026-04-15 14:00:fill-000002:fill-000007:44,fill-000002,fill-000007,buy,sell,1776261963941,1776262723345,1776262723345,759404,0.00007000,0.01698508364000000000000000000,0.0190596000000000,0.002074516360000000000000000000,0.0189182000000000,242.644052000000000000000,US cash open,13:30,2923345,2923345,False,US cash open,13:30,2163941,2163941,False,US cash open,13:30,2923345,2923345,False,1354,False,False,False,115,False,False,False
matched_lot,btcusdt_microprice_20260415_12_5h_5sessions_hs2.00_rq5000,2026-04-15 12:00,2026-04-15 14:00,btcusdt_microprice_20260415_12_5h_5sessions_hs2.00_rq5000:2026-04-15 14:00:fill-000002:fill-000008:45,fill-000002,fill-000008,buy,sell,1776261963941,1776262749131,1776262749131,785190,0.0000200000000000000000000000004,0.005412769040000000000000000108,0.006005600000000000000000000120,0.0005928309600000000000000000120,0.005965200000000000000000000119,270.6384520000000000000000000,US cash open,13:30,2949131,2949131,False,US cash open,13:30,2163941,2163941,False,US cash open,13:30,2949131,2949131,False,1378,False,False,False,121,False,False,False
matched_lot,btcusdt_microprice_20260415_12_5h_5sessions_hs2.00_rq5000,2026-04-15 12:00,2026-04-15 14:00,btcusdt_microprice_20260415_12_5h_5sessions_hs2.00_rq5000:2026-04-15 14:00:fill-000008:fill-000009:46,fill-000008,fill-000009,sell,buy,1776262749131,1776262767415,1776262767415,18284,0.00004999999999999999999999999961,-0.002184720099999999999999999982,-0.0006994999999999999999999999945,0.001485220099999999999999999988,-0.0008599999999999999999999999932,-43.69440199999999999999999998,US cash open,13:30,2967415,2967415,False,US cash open,13:30,2949131,2949131,False,US cash open,13:30,2967415,2967415,False,675,False,False,False,56,False,False,False
matched_lot,btcusdt_microprice_20260415_12_5h_5sessions_hs2.00_rq5000,2026-04-15 12:00,2026-04-15 14:00,btcusdt_microprice_20260415_12_5h_5sessions_hs2.00_rq5000:2026-04-15 14:00:fill-000009:fill-000010:47,fill-000009,fill-000010,buy,sell,1776262767415,1776262901778,1776262901778,134363,0.00002000000000000000000000000039,-0.0007681092000000000000000000152,-0.0001740000000000000000000000034,0.0005941092000000000000000000118,-0.0002382000000000000000000000047,-38.40546000000000000000000001,US cash open,13:30,3101778,3101778,False,US cash open,13:30,2967415,2967415,False,US cash open,13:30,3101778,3101778,False,695,False,False,False,61,False,False,False
matched_lot,btcusdt_microprice_20260415_12_5h_5sessions_hs2.00_rq5000,2026-04-15 12:00,2026-04-15 14:00,btcusdt_microprice_20260415_12_5h_5sessions_hs2.00_rq5000:2026-04-15 14:00:fill-000010:fill-000012:48,fill-000010,fill-000012,sell,buy,1776262901778,1776263038965,1776263038965,137187,0.00004999999999999999999999999961,-0.005382465299999999999999999958,-0.003896499999999999999999999970,0.001485965299999999999999999988,-0.004096999999999999999999999968,-107.6493060000000000000000000,US cash open,13:30,3238965,3238965,False,US cash open,13:30,3101778,3101778,False,US cash open,13:30,3238965,3238965,False,388,False,False,False,31,False,False,False
matched_lot,btcusdt_microprice_20260415_12_5h_5sessions_hs2.00_rq5000,2026-04-15 12:00,2026-04-15 14:00,btcusdt_microprice_20260415_12_5h_5sessions_hs2.00_rq5000:2026-04-15 14:00:fill-000011:fill-000012:49,fill-000011,fill-000012,sell,buy,1776262901779,1776263038965,1776263038965,137186,0.0005899999999999999999999999988,-0.06351309053999999999999999987,-0.04597869999999999999999999991,0.01753439053999999999999999996,-0.04834459999999999999999999991,-107.6493060000000000000000000,US cash open,13:30,3238965,3238965,False,US cash open,13:30,3101779,3101779,False,US cash open,13:30,3238965,3238965,False,389,False,False,False,32,False,False,False
matched_lot,btcusdt_microprice_20260415_12_5h_5sessions_hs2.00_rq5000,2026-04-15 12:00,2026-04-15 14:00,btcusdt_microprice_20260415_12_5h_5sessions_hs2.00_rq5000:2026-04-15 14:00:fill-000011:fill-000016:50,fill-000011,fill-000016,sell,buy,1776262901779,1776263583058,1776263583058,681279,0.00020000,-0.03368629200000000000000000000,-0.0277400000000000,0.005946292000000000000000000001,-0.0285420000000000,-168.431460000000000000000,US cash open,13:30,3783058,3783058,False,US cash open,13:30,3101779,3101779,False,US cash open,13:30,3783058,3783058,False,224,False,False,False,18,False,False,False
matched_lot,btcusdt_microprice_20260415_12_5h_5sessions_hs2.00_rq5000,2026-04-15 12:00,2026-04-15 14:00,btcusdt_microprice_20260415_12_5h_5sessions_hs2.00_rq5000:2026-04-15 14:00:fill-000011:fill-000017:51,fill-000011,fill-000017,sell,buy,1776262901779,1776263583058,1776263583058,681279,0.0001400000000000000000000000012,-0.02358040440000000000000000020,-0.01941800000000000000000000017,0.004162404400000000000000000035,-0.01997940000000000000000000017,-168.4314600000000000000000000,US cash open,13:30,3783058,3783058,False,US cash open,13:30,3101779,3101779,False,US cash open,13:30,3783058,3783058,False,225,False,False,False,19,False,False,False
matched_lot,btcusdt_microprice_20260415_12_5h_5sessions_hs2.00_rq5000,2026-04-15 12:00,2026-04-15 14:00,btcusdt_microprice_20260415_12_5h_5sessions_hs2.00_rq5000:2026-04-15 14:00:fill-000013:fill-000017:52,fill-000013,fill-000017,sell,buy,1776263060846,1776263583058,1776263583058,522212,0.0001499999999999999999999999988,-0.008063159999999999999999999935,-0.003599999999999999999999999971,0.004463159999999999999999999964,-0.003904499999999999999999999969,-53.75440000000000000000000000,US cash open,13:30,3783058,3783058,False,US cash open,13:30,3260846,3260846,False,US cash open,13:30,3783058,3783058,False,615,False,False,False,52,False,False,False
matched_lot,btcusdt_microprice_20260415_12_5h_5sessions_hs2.00_rq5000,2026-04-15 12:00,2026-04-15 14:00,btcusdt_microprice_20260415_12_5h_5sessions_hs2.00_rq5000:2026-04-15 14:00:fill-000013:fill-000020:53,fill-000013,fill-000020,sell,buy,1776263060846,1776263692927,1776263692927,632081,0.00001000,0.0003426320000000000000000000000,0.0006400000000000,0.0002973680000000000000000000000,0.0006312000000000,34.26320000000000000000000,US cash open,13:30,3892927,3892927,False,US cash open,13:30,3260846,3260846,False,US cash open,13:30,3892927,3892927,False,1059,False,False,False,82,False,False,False
matched_lot,btcusdt_microprice_20260415_12_5h_5sessions_hs2.00_rq5000,2026-04-15 12:00,2026-04-15 14:00,btcusdt_microprice_20260415_12_5h_5sessions_hs2.00_rq5000:2026-04-15 14:00:fill-000013:fill-000021:54,fill-000013,fill-000021,sell,buy,1776263060846,1776263692930,1776263692930,632084,0.00075000,0.02569740000000000000000000000,0.0480000000000000,0.02230260000000000000000000000,0.0473400000000000,34.263200000000000000000,US cash open,13:30,3892930,3892930,False,US cash open,13:30,3260846,3260846,False,US cash open,13:30,3892930,3892930,False,1060,False,False,False,83,False,False,False
matched_lot,btcusdt_microprice_20260415_12_5h_5sessions_hs2.00_rq5000,2026-04-15 12:00,2026-04-15 14:00,btcusdt_microprice_20260415_12_5h_5sessions_hs2.00_rq5000:2026-04-15 14:00:fill-000013:fill-000023:55,fill-000013,fill-000023,sell,buy,1776263060846,1776264104249,1776264104249,1043403,0.0000900000000000000000000000012,0.02216840418000000000000000029,0.02484090000000000000000000033,0.002672495820000000000000000038,0.02479500000000000000000000033,246.3156019999999999999999999,US cash open,13:30,4304249,4304249,False,US cash open,13:30,3260846,3260846,False,US cash open,13:30,4304249,4304249,False,1359,False,False,False,116,False,False,False
matched_lot,btcusdt_microprice_20260415_12_5h_5sessions_hs2.00_rq5000,2026-04-15 12:00,2026-04-15 14:00,btcusdt_microprice_20260415_12_5h_5sessions_hs2.00_rq5000:2026-04-15 14:00:fill-000014:fill-000023:56,fill-000014,fill-000023,sell,buy,1776263390554,1776264104249,1776264104249,713695,0.000000000000000000000000000003,0.0000000000000000000000000008642617380000000000000000000,0.00000000000000000000000000095337000000,0.00000000000000000000000000008910826199999999999999999999,0.00000000000000000000000000094590000000,288.0872460000000000000000000,US cash open,13:30,4304249,4304249,False,US cash open,13:30,3590554,3590554,False,US cash open,13:30,4304249,4304249,False,1393,False,False,False,125,False,False,False
matched_lot,btcusdt_microprice_20260415_12_5h_5sessions_hs2.00_rq5000,2026-04-15 12:00,2026-04-15 14:00,btcusdt_microprice_20260415_12_5h_5sessions_hs2.00_rq5000:2026-04-15 14:00:fill-000015:fill-000023:57,fill-000015,fill-000023,sell,buy,1776263435676,1776264104249,1776264104249,668573,0.00007009718365727885759619198715,0.01789537680574771915906386351,0.01997699637048790162633875442,0.002081619564740182467274890912,0.01945337040856802856009520028,255.2938060000000000000000001,US cash open,13:30,4304249,4304249,False,US cash open,13:30,3635676,3635676,False,US cash open,13:30,4304249,4304249,False,1366,False,False,False,118,False,False,False
matched_lot,btcusdt_microprice_20260415_12_5h_5sessions_hs2.00_rq5000,2026-04-15 12:00,2026-04-15 14:00,btcusdt_microprice_20260415_12_5h_5sessions_hs2.00_rq5000:2026-04-15 14:00:fill-000018:fill-000023:58,fill-000018,fill-000023,sell,buy,1776263661091,1776264104249,1776264104249,443158,0.0001199028163427211424038080092,0.02234120424218564061880206202,0.02590020735819119397064656807,0.003559003116005553351844506045,0.02560164934549781832606108613,186.3276020000000000000000000,US cash open,13:30,4304249,4304249,False,US cash open,13:30,3861091,3861091,False,US cash open,13:30,4304249,4304249,False,1317,False,False,False,108,False,False,False
matched_lot,btcusdt_microprice_20260415_12_5h_5sessions_hs2.00_rq5000,2026-04-15 12:00,2026-04-15 14:00,btcusdt_microprice_20260415_12_5h_5sessions_hs2.00_rq5000:2026-04-15 14:00:fill-000018:fill-000025:59,fill-000018,fill-000025,sell,buy,1776263661091,1776264132127,1776264132127,471036,0.0003700971836572788575961919908,0.09634828805474018246727489180,0.1073281832606108687028956773,0.01097989520587068623562078550,0.1058440935541451804839349475,260.3323999999999999999999999,US cash open,13:30,4332127,4332127,False,US cash open,13:30,3861091,3861091,False,US cash open,13:30,4332127,4332127,False,1369,False,False,False,119,False,False,False
matched_lot,btcusdt_microprice_20260415_12_5h_5sessions_hs2.00_rq5000,2026-04-15 12:00,2026-04-15 14:00,btcusdt_microprice_20260415_12_5h_5sessions_hs2.00_rq5000:2026-04-15 14:00:fill-000019:fill-000025:60,fill-000019,fill-000025,sell,buy,1776263661091,1776264132127,1776264132127,471036,0.00014000,0.03644653600000000000,0.0406000000000000,0.00415346400000000000,0.0400386000000000,260.332400000000,US cash open,13:30,4332127,4332127,False,US cash open,13:30,3861091,3861091,False,US cash open,13:30,4332127,4332127,False,1370,False,False,False,120,False,False,False
matched_lot,btcusdt_microprice_20260415_12_5h_5sessions_hs2.00_rq5000,2026-04-15 12:00,2026-04-15 14:00,btcusdt_microprice_20260415_12_5h_5sessions_hs2.00_rq5000:2026-04-15 14:00:fill-000022:fill-000025:61,fill-000022,fill-000025,sell,buy,1776263965921,1776264132127,1776264132127,166206,0.00028000,0.00402124912000000000,0.0123144000000000,0.00829315088000000000,0.0115948000000000,14.361604000000,US cash open,13:30,4332127,4332127,False,US cash open,13:30,4165921,4165921,False,US cash open,13:30,4332127,4332127,False,973,False,False,False,75,False,False,False
matched_lot,btcusdt_microprice_20260415_12_5h_5sessions_hs2.00_rq5000,2026-04-15 12:00,2026-04-15 14:00,btcusdt_microprice_20260415_12_5h_5sessions_hs2.00_rq5000:2026-04-15 14:00:fill-000024:fill-000025:62,fill-000024,fill-000025,sell,buy,1776264116056,1776264132127,1776264132127,16071,0.00007004292973541265113019099131,0.001008029687494305239179954411,0.003082589337655510776239705528,0.002074559650161205537059751117,0.002801717189416506045207639652,14.39159800000000000000000001,US cash open,13:30,4332127,4332127,False,US cash open,13:30,4316056,4316056,False,US cash open,13:30,4332127,4332127,False,974,False,False,False,76,False,False,False
matched_lot,btcusdt_microprice_20260415_12_5h_5sessions_hs2.00_rq5000,2026-04-15 12:00,2026-04-15 14:00,btcusdt_microprice_20260415_12_5h_5sessions_hs2.00_rq5000:2026-04-15 14:00:fill-000025:fill-000026:63,fill-000025,fill-000026,buy,sell,1776264132127,1776264300031,1776264300031,167904,0.00000000000000000000000000000001,-0.0000000000000000000000000000008883775200000000000000000000,-0.0000000000000000000000000000005924000000,0.0000000000000000000000000000002959775200000000000000000000,-0.0000000000000000000000000000006325000000,-88.83775200000000000000000000,US cash open,13:30,4500031,4500031,False,US cash open,13:30,4332127,4332127,False,US cash open,13:30,4500031,4500031,False,450,False,False,False,36,False,False,False
matched_lot,btcusdt_microprice_20260415_12_5h_5sessions_hs2.00_rq5000,2026-04-15 12:00,2026-04-15 14:00,btcusdt_microprice_20260415_12_5h_5sessions_hs2.00_rq5000:2026-04-15 14:00:fill-000025:fill-000030:64,fill-000025,fill-000030,buy,sell,1776264132127,1776264638515,1776264638515,506388,0.00007000,0.009403632280000000000000000000,0.0114786000000000,0.002074967720000000000000000000,0.0113106000000000,134.3376040000000000000000,US cash open,13:30,4838515,4838515,False,US cash open,13:30,4332127,4332127,False,US cash open,13:30,4838515,4838515,False,1245,False,False,False,103,False,False,False
matched_lot,btcusdt_microprice_20260415_12_5h_5sessions_hs2.00_rq5000,2026-04-15 12:00,2026-04-15 14:00,btcusdt_microprice_20260415_12_5h_5sessions_hs2.00_rq5000:2026-04-15 14:00:fill-000025:fill-000032:65,fill-000025,fill-000032,buy,sell,1776264132127,1776264769415,1776264769415,637288,0.0000698598866073084912736170179,0.002821389184757630437355823784,0.004890890661377667474065927423,0.002069501476620037036710103639,0.004749773690430904321693221047,40.38639799999999999999999999,US cash open,13:30,4969415,4969415,False,US cash open,13:30,4332127,4332127,False,US cash open,13:30,4969415,4969415,False,1072,False,False,False,84,False,False,False
matched_lot,btcusdt_microprice_20260415_12_5h_5sessions_hs2.00_rq5000,2026-04-15 12:00,2026-04-15 14:00,btcusdt_microprice_20260415_12_5h_5sessions_hs2.00_rq5000:2026-04-15 14:00:fill-000027:fill-000032:66,fill-000027,fill-000032,buy,sell,1776264514131,1776264769415,1776264769415,255284,0.0006503533458594928802624721871,0.03797413056402909755953999049,0.05723759796909396839190017719,0.01926346740506487083236018670,0.05592388421045779277376998338,58.38999800000000000000000002,US cash open,13:30,4969415,4969415,False,US cash open,13:30,4714131,4714131,False,US cash open,13:30,4969415,4969415,False,1120,False,False,False,85,False,False,False
matched_lot,btcusdt_microprice_20260415_12_5h_5sessions_hs2.00_rq5000,2026-04-15 12:00,2026-04-15 14:00,btcusdt_microprice_20260415_12_5h_5sessions_hs2.00_rq5000:2026-04-15 14:00:fill-000027:fill-000033:67,fill-000027,fill-000033,buy,sell,1776264514131,1776264787906,1776264787906,273775,0.00007999993785541966283652139886,0.007688190347753326798442307255,0.01005839218656191420843583548,0.002370201838808587409993528225,0.009737592435761681360461384670,96.10245400000000000000000001,US cash open,13:30,4987906,4987906,False,US cash open,13:30,4714131,4714131,False,US cash open,13:30,4987906,4987906,False,1194,False,False,False,97,False,False,False
matched_lot,btcusdt_microprice_20260415_12_5h_5sessions_hs2.00_rq5000,2026-04-15 12:00,2026-04-15 14:00,btcusdt_microprice_20260415_12_5h_5sessions_hs2.00_rq5000:2026-04-15 14:00:fill-000027:fill-000034:68,fill-000027,fill-000034,buy,sell,1776264514131,1776264931265,1776264931265,417134,0.0001496467162850874569010064140,0.02010725110430251912901234662,0.02454206147075434293176505190,0.004434810366451823802752705281,0.02408713545324767706278599240,134.3648000000000000000000000,US cash open,13:30,5131265,5131265,False,US cash open,13:30,4714131,4714131,False,US cash open,13:30,5131265,5131265,False,1246,False,False,False,104,False,False,False
matched_lot,btcusdt_microprice_20260415_12_5h_5sessions_hs2.00_rq5000,2026-04-15 12:00,2026-04-15 14:00,btcusdt_microprice_20260415_12_5h_5sessions_hs2.00_rq5000:2026-04-15 14:00:fill-000028:fill-000034:69,fill-000028,fill-000034,buy,sell,1776264514134,1776264931265,1776264931265,417131,0.00012000,0.01612377600000000000,0.0196800000000000,0.00355622400000000000,0.0193152000000000,134.364800000000,US cash open,13:30,5131265,5131265,False,US cash open,13:30,4714134,4714134,False,US cash open,13:30,5131265,5131265,False,1247,False,False,False,105,False,False,False
matched_lot,btcusdt_microprice_20260415_12_5h_5sessions_hs2.00_rq5000,2026-04-15 12:00,2026-04-15 14:00,btcusdt_microprice_20260415_12_5h_5sessions_hs2.00_rq5000:2026-04-15 14:00:fill-000029:fill-000034:70,fill-000029,fill-000034,buy,sell,1776264592991,1776264931265,1776264931265,338274,0.000000000000000000000000000001,0.000000000000000000000000000022342400000000,0.00000000000000000000000000005200000000,0.000000000000000000000000000029657600000000,0.00000000000000000000000000004896000000,22.342400000000,US cash open,13:30,5131265,5131265,False,US cash open,13:30,4792991,4792991,False,US cash open,13:30,5131265,5131265,False,1010,False,False,False,78,False,False,False
matched_lot,btcusdt_microprice_20260415_12_5h_5sessions_hs2.00_rq5000,2026-04-15 12:00,2026-04-15 14:00,btcusdt_microprice_20260415_12_5h_5sessions_hs2.00_rq5000:2026-04-15 14:00:fill-000031:fill-000034:71,fill-000031,fill-000034,buy,sell,1776264722768,1776264931265,1776264931265,208497,0.0007303532837149125430989935850,0.01939324748797673176574300662,0.04105315807761523404759442941,0.02165991058963850228185142279,0.03883288409512189991657348891,26.55324200000000000000000000,US cash open,13:30,5131265,5131265,False,US cash open,13:30,4922768,4922768,False,US cash open,13:30,5131265,5131265,False,1030,False,False,False,80,False,False,False
matched_lot,btcusdt_microprice_20260415_12_5h_5sessions_hs2.00_rq5000,2026-04-15 12:00,2026-04-15 15:00,btcusdt_microprice_20260415_12_5h_5sessions_hs2.00_rq5000:2026-04-15 15:00:fill-000001:fill-000002:72,fill-000001,fill-000002,sell,buy,1776265310216,1776265470971,1776265470971,160755,0.00007000,-0.002790392920000000000000000000,-0.0007140000000000,0.002076392920000000000000000000,-0.0009947000000000,-39.8627560000000000000000,US cash open,13:30,5670971,5670971,False,US cash open,13:30,5510216,5510216,False,US cash open,13:30,5670971,5670971,False,690,False,False,False,60,False,False,False
matched_lot,btcusdt_microprice_20260415_12_5h_5sessions_hs2.00_rq5000,2026-04-15 12:00,2026-04-15 15:00,btcusdt_microprice_20260415_12_5h_5sessions_hs2.00_rq5000:2026-04-15 15:00:fill-000002:fill-000004:73,fill-000002,fill-000004,buy,sell,1776265470971,1776265618680,1776265618680,147709,0.000014358639810940203568604613,-0.001574264009786431169137120306,-0.001148547598477106883452682994,0.0004257164113093242856844373125,-0.001206269330517086501798473538,-109.6387980000000000000000000,US cash open,13:30,5818680,5818680,False,US cash open,13:30,5670971,5670971,False,US cash open,13:30,5818680,5818680,False,385,False,False,False,30,False,False,False
matched_lot,btcusdt_microprice_20260415_12_5h_5sessions_hs2.00_rq5000,2026-04-15 12:00,2026-04-15 15:00,btcusdt_microprice_20260415_12_5h_5sessions_hs2.00_rq5000:2026-04-15 15:00:fill-000002:fill-000005:74,fill-000002,fill-000005,buy,sell,1776265470971,1776265621569,1776265621569,150598,0.0000556413601890597964313953884,-0.005877930922545480892974443409,-0.004228186960766653930821735565,0.001649743961778826962152707844,-0.004340026094746664121648840296,-105.6395980000000000000000000,US cash open,13:30,5821569,5821569,False,US cash open,13:30,5670971,5670971,False,US cash open,13:30,5821569,5821569,False,395,False,False,False,33,False,False,False
matched_lot,btcusdt_microprice_20260415_12_5h_5sessions_hs2.00_rq5000,2026-04-15 12:00,2026-04-15 15:00,btcusdt_microprice_20260415_12_5h_5sessions_hs2.00_rq5000:2026-04-15 15:00:fill-000003:fill-000005:75,fill-000003,fill-000005,buy,sell,1776265576750,1776265621569,1776265621569,44819,0.00023000,0.00468868846000000000,0.0115023000000000,0.00681361154000000000,0.0110400000000000,20.385602000000,US cash open,13:30,5821569,5821569,False,US cash open,13:30,5776750,5776750,False,US cash open,13:30,5821569,5821569,False,1001,False,False,False,77,False,False,False
matched_lot,btcusdt_microprice_20260415_12_5h_5sessions_hs2.00_rq5000,2026-04-15 12:00,2026-04-15 15:00,btcusdt_microprice_20260415_12_5h_5sessions_hs2.00_rq5000:2026-04-15 15:00:fill-000005:fill-000006:76,fill-000005,fill-000006,sell,buy,1776265621569,1776265628041,1776265628041,6472,0.00040000,-0.01265392000000000000000000000,-0.0008000000000000,0.01185392000000000000000000000,-0.0016000000000000,-31.634800000000000000000,US cash open,13:30,5828041,5828041,False,US cash open,13:30,5821569,5821569,False,US cash open,13:30,5828041,5828041,False,731,False,False,False,68,False,False,False
matched_lot,btcusdt_microprice_20260415_12_5h_5sessions_hs2.00_rq5000,2026-04-15 12:00,2026-04-15 15:00,btcusdt_microprice_20260415_12_5h_5sessions_hs2.00_rq5000:2026-04-15 15:00:fill-000005:fill-000011:77,fill-000005,fill-000011,sell,buy,1776265621569,1776266005790,1776266005790,384221,0.0003143586398109402035686046116,-0.01371773083715795985116391316,-0.004401020957353162849960464562,0.009316709879804797001203448595,-0.005032881823373152659133359831,-43.63720000000000000000000001,US cash open,13:30,6205790,6205790,False,US cash open,13:30,5821569,5821569,False,US cash open,13:30,6205790,6205790,False,677,False,False,False,58,False,False,False
matched_lot,btcusdt_microprice_20260415_12_5h_5sessions_hs2.00_rq5000,2026-04-15 12:00,2026-04-15 15:00,btcusdt_microprice_20260415_12_5h_5sessions_hs2.00_rq5000:2026-04-15 15:00:fill-000007:fill-000011:78,fill-000007,fill-000011,sell,buy,1776265695019,1776266005790,1776266005790,310771,0.0000356413601890597964313953884,-0.004762370035374018751325906682,-0.003706701459662218828865120394,0.001055668575711799922460786288,-0.003778340593642229019692225125,-133.6192000000000000000000000,US cash open,13:30,6205790,6205790,False,US cash open,13:30,5895019,5895019,False,US cash open,13:30,6205790,6205790,False,320,False,False,False,26,False,False,False
matched_lot,btcusdt_microprice_20260415_12_5h_5sessions_hs2.00_rq5000,2026-04-15 12:00,2026-04-15 15:00,btcusdt_microprice_20260415_12_5h_5sessions_hs2.00_rq5000:2026-04-15 15:00:fill-000007:fill-000023:79,fill-000007,fill-000023,sell,buy,1776265695019,1776267292339,1776267292339,1597320,0.0009643586398109402035686046116,0.2762548048817130232272396064,0.3047373301802571043276790573,0.02848252529854408110043945093,0.3027989693142371145185061621,286.4648000000000000000000001,US cash open,13:30,7492339,7492339,False,US cash open,13:30,5895019,5895019,False,US cash open,13:30,7492339,7492339,False,1391,False,False,False,124,False,False,False
matched_lot,btcusdt_microprice_20260415_12_5h_5sessions_hs2.00_rq5000,2026-04-15 12:00,2026-04-15 15:00,btcusdt_microprice_20260415_12_5h_5sessions_hs2.00_rq5000:2026-04-15 15:00:fill-000008:fill-000023:80,fill-000008,fill-000023,sell,buy,1776265715305,1776267292339,1776267292339,1577034,0.0000356413601890597964313953884,0.01042415685210827889943776941,0.01147687439447914504887362902,0.001052717542370866149435859613,0.01133395254012101526518373352,292.4735980000000000000000001,US cash open,13:30,7492339,7492339,False,US cash open,13:30,5915305,5915305,False,US cash open,13:30,7492339,7492339,False,1396,False,False,False,126,False,False,False
matched_lot,btcusdt_microprice_20260415_12_5h_5sessions_hs2.00_rq5000,2026-04-15 12:00,2026-04-15 15:00,btcusdt_microprice_20260415_12_5h_5sessions_hs2.00_rq5000:2026-04-15 15:00:fill-000008:fill-000024:81,fill-000008,fill-000024,sell,buy,1776265715305,1776267454165,1776267454165,1738860,0.0006143586398109402035686046116,0.1543731883876043315901744084,0.1725241932317082279661355470,0.01815100484410389637596113855,0.1700606150860663577498254426,251.2753599999999999999999999,US cash open,13:30,7654165,7654165,False,US cash open,13:30,5915305,5915305,False,US cash open,13:30,7654165,7654165,False,1360,False,False,False,117,False,False,False
matched_lot,btcusdt_microprice_20260415_12_5h_5sessions_hs2.00_rq5000,2026-04-15 12:00,2026-04-15 15:00,btcusdt_microprice_20260415_12_5h_5sessions_hs2.00_rq5000:2026-04-15 15:00:fill-000009:fill-000024:82,fill-000009,fill-000024,sell,buy,1776265822441,1776267454165,1776267454165,1631724,0.00007000,0.01660947120000000000,0.0186774000000000,0.00206792880000000000,0.0183967000000000,237.278160000000,US cash open,13:30,7654165,7654165,False,US cash open,13:30,6022441,6022441,False,US cash open,13:30,7654165,7654165,False,1348,False,False,False,114,False,False,False
matched_lot,btcusdt_microprice_20260415_12_5h_5sessions_hs2.00_rq5000,2026-04-15 12:00,2026-04-15 15:00,btcusdt_microprice_20260415_12_5h_5sessions_hs2.00_rq5000:2026-04-15 15:00:fill-000010:fill-000024:83,fill-000010,fill-000024,sell,buy,1776265841279,1776267454165,1776267454165,1612886,0.0003156413601890597964313953884,0.07300133177405522872038340933,0.08232557956451057610523654520,0.009324247790455347384853135867,0.08105985771015244632154664970,231.2793600000000000000000000,US cash open,13:30,7654165,7654165,False,US cash open,13:30,6041279,6041279,False,US cash open,13:30,7654165,7654165,False,1343,False,False,False,112,False,False,False
matched_lot,btcusdt_microprice_20260415_12_5h_5sessions_hs2.00_rq5000,2026-04-15 12:00,2026-04-15 15:00,btcusdt_microprice_20260415_12_5h_5sessions_hs2.00_rq5000:2026-04-15 15:00:fill-000010:fill-000025:84,fill-000010,fill-000025,sell,buy,1776265841279,1776267690295,1776267690295,1849016,0.00032000,0.03918323136000000000000000000,0.0486432000000000,0.009459968639999999999999999999,0.0473600000000000,122.447598000000000000000,US cash open,13:30,7890295,7890295,False,US cash open,13:30,6041279,6041279,False,US cash open,13:30,7890295,7890295,False,1226,False,False,False,101,False,False,False
matched_lot,btcusdt_microprice_20260415_12_5h_5sessions_hs2.00_rq5000,2026-04-15 12:00,2026-04-15 15:00,btcusdt_microprice_20260415_12_5h_5sessions_hs2.00_rq5000:2026-04-15 15:00:fill-000010:fill-000026:85,fill-000010,fill-000026,sell,buy,1776265841279,1776267690312,1776267690312,1849033,0.0003643586398109402035686046116,0.04461484025539680204860666290,0.05538615683766102034446358701,0.01077131658226421829585692411,0.05392507869201915012815348251,122.4475980000000000000000000,US cash open,13:30,7890312,7890312,False,US cash open,13:30,6041279,6041279,False,US cash open,13:30,7890312,7890312,False,1227,False,False,False,102,False,False,False
matched_lot,btcusdt_microprice_20260415_12_5h_5sessions_hs2.00_rq5000,2026-04-15 12:00,2026-04-15 15:00,btcusdt_microprice_20260415_12_5h_5sessions_hs2.00_rq5000:2026-04-15 15:00:fill-000012:fill-000026:86,fill-000012,fill-000026,sell,buy,1776266245929,1776267690312,1776267690312,1444383,0.00015000,0.04225136190000000000,0.0466905000000000,0.00443913810000000000,0.0460890000000000,281.675746000000,US cash open,13:30,7890312,7890312,False,US cash open,13:30,6445929,6445929,False,US cash open,13:30,7890312,7890312,False,1386,False,False,False,122,False,False,False
matched_lot,btcusdt_microprice_20260415_12_5h_5sessions_hs2.00_rq5000,2026-04-15 12:00,2026-04-15 15:00,btcusdt_microprice_20260415_12_5h_5sessions_hs2.00_rq5000:2026-04-15 15:00:fill-000013:fill-000026:87,fill-000013,fill-000026,sell,buy,1776266245931,1776267690312,1776267690312,1444381,0.0001656413601890597964313953884,0.04665715369970811919842143385,0.05155918618604864283520044255,0.004902032486340523636779008697,0.05089496433169051305151054705,281.6757460000000000000000000,US cash open,13:30,7890312,7890312,False,US cash open,13:30,6445931,6445931,False,US cash open,13:30,7890312,7890312,False,1387,False,False,False,123,False,False,False
matched_lot,btcusdt_microprice_20260415_12_5h_5sessions_hs2.00_rq5000,2026-04-15 12:00,2026-04-15 15:00,btcusdt_microprice_20260415_12_5h_5sessions_hs2.00_rq5000:2026-04-15 15:00:fill-000013:fill-000028:88,fill-000013,fill-000028,sell,buy,1776266245931,1776267841908,1776267841908,1595977,0.0003843586398109402035686046116,0.08212289181564651817214491954,0.09350292630680742332213444386,0.01138003449116090514998952432,0.09196164816116555310582433936,213.6621460000000000000000000,US cash open,13:30,8041908,8041908,False,US cash open,13:30,6445931,6445931,False,US cash open,13:30,8041908,8041908,False,1333,False,False,False,110,False,False,False
matched_lot,btcusdt_microprice_20260415_12_5h_5sessions_hs2.00_rq5000,2026-04-15 12:00,2026-04-15 15:00,btcusdt_microprice_20260415_12_5h_5sessions_hs2.00_rq5000:2026-04-15 15:00:fill-000014:fill-000028:89,fill-000014,fill-000028,sell,buy,1776266271315,1776267841908,1776267841908,1570593,0.0006156413601890597964313953884,0.1442989471319933475659619023,0.1625293190899117862578883825,0.01823037195791843869192648024,0.1612918799559317760670612777,234.3880000000000000000000000,US cash open,13:30,8041908,8041908,False,US cash open,13:30,6471315,6471315,False,US cash open,13:30,8041908,8041908,False,1346,False,False,False,113,False,False,False
matched_lot,btcusdt_microprice_20260415_12_5h_5sessions_hs2.00_rq5000,2026-04-15 12:00,2026-04-15 15:00,btcusdt_microprice_20260415_12_5h_5sessions_hs2.00_rq5000:2026-04-15 15:00:fill-000014:fill-000029:90,fill-000014,fill-000029,sell,buy,1776266271315,1776267934936,1776267934936,1663621,0.0001305405405405405405405405412,0.02836836352378378378378378393,0.03223437567567567567567567584,0.003866012151891891891891891911,0.03223176486486486486486486503,217.3145860000000000000000000,US cash open,13:30,8134936,8134936,False,US cash open,13:30,6471315,6471315,False,US cash open,13:30,8134936,8134936,False,1335,False,False,False,111,False,False,False
matched_lot,btcusdt_microprice_20260415_12_5h_5sessions_hs2.00_rq5000,2026-04-15 12:00,2026-04-15 15:00,btcusdt_microprice_20260415_12_5h_5sessions_hs2.00_rq5000:2026-04-15 15:00:fill-000014:fill-000030:91,fill-000014,fill-000030,sell,buy,1776266271315,1776268023438,1776268023438,1752123,0.0002538180992703996630280640704,0.05238358849086333141492313020,0.05990107142781432047462312061,0.007517482936950989059699990412,0.05989853324682161647799283997,206.3824000000000000000000000,US cash open,13:30,8223438,8223438,False,US cash open,13:30,6471315,6471315,False,US cash open,13:30,8223438,8223438,False,1330,False,False,False,109,False,False,False
matched_lot,btcusdt_microprice_20260415_12_5h_5sessions_hs2.00_rq5000,2026-04-15 12:00,2026-04-15 15:00,btcusdt_microprice_20260415_12_5h_5sessions_hs2.00_rq5000:2026-04-15 15:00:fill-000015:fill-000030:92,fill-000015,fill-000030,sell,buy,1776266904811,1776268023438,1776268023438,1118627,0.00031000,0.02263281480000000000,0.0318060000000000,0.00917318520000000000,0.0311829000000000,73.009080000000,US cash open,13:30,8223438,8223438,False,US cash open,13:30,7104811,7104811,False,US cash open,13:30,8223438,8223438,False,1154,False,False,False,87,False,False,False
matched_lot,btcusdt_microprice_20260415_12_5h_5sessions_hs2.00_rq5000,2026-04-15 12:00,2026-04-15 15:00,btcusdt_microprice_20260415_12_5h_5sessions_hs2.00_rq5000:2026-04-15 15:00:fill-000016:fill-000030:93,fill-000016,fill-000030,sell,buy,1776267198437,1776268023438,1776268023438,825001,0.00028000,-0.06243207936000000000,-0.0541632000000000,0.00826887936000000000,-0.0547260000000000,-222.971712000000,US cash open,13:30,8223438,8223438,False,US cash open,13:30,7398437,7398437,False,US cash open,13:30,8223438,8223438,False,146,False,False,True,14,False,False,False
matched_lot,btcusdt_microprice_20260415_12_5h_5sessions_hs2.00_rq5000,2026-04-15 12:00,2026-04-15 15:00,btcusdt_microprice_20260415_12_5h_5sessions_hs2.00_rq5000:2026-04-15 15:00:fill-000017:fill-000030:94,fill-000017,fill-000030,sell,buy,1776267251692,1776268023438,1776268023438,771746,0.00002000,-0.00543024004000000000,-0.0048398000000000,0.00059044004000000000,-0.0048402000000000,-271.512002000000,US cash open,13:30,8223438,8223438,False,US cash open,13:30,7451692,7451692,False,US cash open,13:30,8223438,8223438,False,101,False,False,True,2,False,True,True
matched_lot,btcusdt_microprice_20260415_12_5h_5sessions_hs2.00_rq5000,2026-04-15 12:00,2026-04-15 15:00,btcusdt_microprice_20260415_12_5h_5sessions_hs2.00_rq5000:2026-04-15 15:00:fill-000018:fill-000030:95,fill-000018,fill-000030,sell,buy,1776267251731,1776268023438,1776268023438,771707,0.0001361819007296003369719359296,-0.03697502050325904815112494206,-0.03295465815755598554383877560,0.004020362345703062607286166457,-0.03295601997656328154720849496,-271.5120020000000000000000000,US cash open,13:30,8223438,8223438,False,US cash open,13:30,7451731,7451731,False,US cash open,13:30,8223438,8223438,False,102,False,False,True,3,False,True,True
matched_lot,btcusdt_microprice_20260415_12_5h_5sessions_hs2.00_rq5000,2026-04-15 12:00,2026-04-15 15:00,btcusdt_microprice_20260415_12_5h_5sessions_hs2.00_rq5000:2026-04-15 15:00:fill-000018:fill-000031:96,fill-000018,fill-000031,sell,buy,1776267251731,1776268287915,1776268287915,1036184,0.0002819351828187122381680177803,-0.08679917948558384474227824770,-0.07847383878576036437168606897,0.008325340699823480370592178734,-0.07904052850322597597040378471,-307.8692720000000000000000000,US cash open,13:30,8487915,8487915,False,US cash open,13:30,7451731,7451731,False,US cash open,13:30,8487915,8487915,False,82,False,False,True,1,True,True,True
matched_lot,btcusdt_microprice_20260415_12_5h_5sessions_hs2.00_rq5000,2026-04-15 12:00,2026-04-15 15:00,btcusdt_microprice_20260415_12_5h_5sessions_hs2.00_rq5000:2026-04-15 15:00:fill-000018:fill-000032:97,fill-000018,fill-000032,sell,buy,1776267251731,1776268416115,1776268416115,1164384,0.00044000,-0.1148751630400000000000000000,-0.1018864000000000,0.01298876304000000000000000000,-0.1018952000000000,-261.07991600000000000000,US cash open,13:30,8616115,8616115,False,US cash open,13:30,7451731,7451731,False,US cash open,13:30,8616115,8616115,False,110,False,False,True,6,False,True,True
matched_lot,btcusdt_microprice_20260415_12_5h_5sessions_hs2.00_rq5000,2026-04-15 12:00,2026-04-15 16:00,btcusdt_microprice_20260415_12_5h_5sessions_hs2.00_rq5000:2026-04-15 16:00:fill-000001:fill-000009:98,fill-000001,fill-000009,sell,buy,1776268879936,1776269298865,1776269298865,418929,0.0006300000000000000000000000049,-0.1170804965400000000000000009,-0.09846270000000000000000000077,0.01861779654000000000000000014,-0.1009890000000000000000000008,-185.8420580000000000000000000,US cash open,13:30,9498865,9498865,False,US cash open,13:30,9079936,9079936,False,US cash open,13:30,9498865,9498865,False,187,False,False,False,17,False,False,False
matched_lot,btcusdt_microprice_20260415_12_5h_5sessions_hs2.00_rq5000,2026-04-15 12:00,2026-04-15 16:00,btcusdt_microprice_20260415_12_5h_5sessions_hs2.00_rq5000:2026-04-15 16:00:fill-000001:fill-000011:99,fill-000001,fill-000011,sell,buy,1776268879936,1776269408790,1776269408790,528854,0.0003699999999999999999999999951,-0.07161483199999999999999999906,-0.06067999999999999999999999920,0.01093483199999999999999999986,-0.06179369999999999999999999919,-193.5536000000000000000000000,US cash open,13:30,9608790,9608790,False,US cash open,13:30,9079936,9079936,False,US cash open,13:30,9608790,9608790,False,171,False,False,False,16,False,False,False
matched_lot,btcusdt_microprice_20260415_12_5h_5sessions_hs2.00_rq5000,2026-04-15 12:00,2026-04-15 16:00,btcusdt_microprice_20260415_12_5h_5sessions_hs2.00_rq5000:2026-04-15 16:00:fill-000002:fill-000011:100,fill-000002,fill-000011,sell,buy,1776269080346,1776269408790,1776269408790,328444,0.00035000,-0.02504880070000000000,-0.0146965000000000,0.01035230070000000000,-0.0157500000000000,-71.568002000000,US cash open,13:30,9608790,9608790,False,US cash open,13:30,9280346,9280346,False,US cash open,13:30,9608790,9608790,False,528,False,False,False,47,False,False,False
matched_lot,btcusdt_microprice_20260415_12_5h_5sessions_hs2.00_rq5000,2026-04-15 12:00,2026-04-15 16:00,btcusdt_microprice_20260415_12_5h_5sessions_hs2.00_rq5000:2026-04-15 16:00:fill-000003:fill-000011:101,fill-000003,fill-000011,sell,buy,1776269296352,1776269408790,1776269408790,112438,0.00007000,-0.00246996820000000000,-0.0003990000000000,0.00207096820000000000,-0.0004697000000000,-35.285260000000,US cash open,13:30,9608790,9608790,False,US cash open,13:30,9496352,9496352,False,US cash open,13:30,9608790,9608790,False,711,False,False,False,64,False,False,False
matched_lot,btcusdt_microprice_20260415_12_5h_5sessions_hs2.00_rq5000,2026-04-15 12:00,2026-04-15 16:00,btcusdt_microprice_20260415_12_5h_5sessions_hs2.00_rq5000:2026-04-15 16:00:fill-000004:fill-000011:102,fill-000004,fill-000011,sell,buy,1776269296648,1776269408790,1776269408790,112142,0.00016000,-0.00564564160000000000,-0.0009120000000000,0.00473364160000000000,-0.0010736000000000,-35.285260000000,US cash open,13:30,9608790,9608790,False,US cash open,13:30,9496648,9496648,False,US cash open,13:30,9608790,9608790,False,712,False,False,False,65,False,False,False
matched_lot,btcusdt_microprice_20260415_12_5h_5sessions_hs2.00_rq5000,2026-04-15 12:00,2026-04-15 16:00,btcusdt_microprice_20260415_12_5h_5sessions_hs2.00_rq5000:2026-04-15 16:00:fill-000005:fill-000011:103,fill-000005,fill-000011,sell,buy,1776269296902,1776269408790,1776269408790,111888,0.0000500000000000000000000000049,-0.001764263000000000000000000173,-0.0002850000000000000000000000279,0.001479263000000000000000000145,-0.0003355000000000000000000000328,-35.28526000000000000000000000,US cash open,13:30,9608790,9608790,False,US cash open,13:30,9496902,9496902,False,US cash open,13:30,9608790,9608790,False,713,False,False,False,66,False,False,False
matched_lot,btcusdt_microprice_20260415_12_5h_5sessions_hs2.00_rq5000,2026-04-15 12:00,2026-04-15 16:00,btcusdt_microprice_20260415_12_5h_5sessions_hs2.00_rq5000:2026-04-15 16:00:fill-000005:fill-000013:104,fill-000005,fill-000013,sell,buy,1776269296902,1776269488028,1776269488028,191126,0.0001499999999999999999999999951,-0.01129398899999999999999999963,-0.006854999999999999999999999776,0.004438988999999999999999999856,-0.007156499999999999999999999766,-75.29325999999999999999999999,US cash open,13:30,9688028,9688028,False,US cash open,13:30,9496902,9496902,False,US cash open,13:30,9688028,9688028,False,514,False,False,False,46,False,False,False
matched_lot,btcusdt_microprice_20260415_12_5h_5sessions_hs2.00_rq5000,2026-04-15 12:00,2026-04-15 16:00,btcusdt_microprice_20260415_12_5h_5sessions_hs2.00_rq5000:2026-04-15 16:00:fill-000006:fill-000013:105,fill-000006,fill-000013,sell,buy,1776269297399,1776269488028,1776269488028,190629,0.00032000,-0.02409384320000000000000000000,-0.0146240000000000,0.009469843200000000000000000001,-0.0152672000000000,-75.293260000000000000000,US cash open,13:30,9688028,9688028,False,US cash open,13:30,9497399,9497399,False,US cash open,13:30,9688028,9688028,False,510,False,False,False,42,False,False,False
matched_lot,btcusdt_microprice_20260415_12_5h_5sessions_hs2.00_rq5000,2026-04-15 12:00,2026-04-15 16:00,btcusdt_microprice_20260415_12_5h_5sessions_hs2.00_rq5000:2026-04-15 16:00:fill-000007:fill-000013:106,fill-000007,fill-000013,sell,buy,1776269297437,1776269488028,1776269488028,190591,0.0000819789842381786339754816161,-0.006172464974781085814360770946,-0.003746439579684763572679509856,0.002426025395096322241681261090,-0.003911217338003502626970227904,-75.29326000000000000000000000,US cash open,13:30,9688028,9688028,False,US cash open,13:30,9497437,9497437,False,US cash open,13:30,9688028,9688028,False,511,False,False,False,43,False,False,False
matched_lot,btcusdt_microprice_20260415_12_5h_5sessions_hs2.00_rq5000,2026-04-15 12:00,2026-04-15 16:00,btcusdt_microprice_20260415_12_5h_5sessions_hs2.00_rq5000:2026-04-15 16:00:fill-000007:fill-000014:107,fill-000007,fill-000014,sell,buy,1776269297437,1776269488030,1776269488030,190593,0.0000580210157618213660245183839,-0.004368591425218914185639229054,-0.002651560420315236427320490144,0.001717031004903677758318738910,-0.002768182661996497373029772096,-75.29326000000000000000000000,US cash open,13:30,9688030,9688030,False,US cash open,13:30,9497437,9497437,False,US cash open,13:30,9688030,9688030,False,512,False,False,False,44,False,False,False
matched_lot,btcusdt_microprice_20260415_12_5h_5sessions_hs2.00_rq5000,2026-04-15 12:00,2026-04-15 16:00,btcusdt_microprice_20260415_12_5h_5sessions_hs2.00_rq5000:2026-04-15 16:00:fill-000008:fill-000014:108,fill-000008,fill-000014,sell,buy,1776269297498,1776269488030,1776269488030,190532,0.00011000,-0.008282258600000000000000000000,-0.0050270000000000,0.003255258600000000000000000000,-0.0052481000000000,-75.2932600000000000000000,US cash open,13:30,9688030,9688030,False,US cash open,13:30,9497498,9497498,False,US cash open,13:30,9688030,9688030,False,513,False,False,False,45,False,False,False
matched_lot,btcusdt_microprice_20260415_12_5h_5sessions_hs2.00_rq5000,2026-04-15 12:00,2026-04-15 16:00,btcusdt_microprice_20260415_12_5h_5sessions_hs2.00_rq5000:2026-04-15 16:00:fill-000010:fill-000014:109,fill-000010,fill-000014,sell,buy,1776269342758,1776269488030,1776269488030,145272,0.00007000000000000000000000000024,-0.005290824140000000000000000018,-0.003219300000000000000000000011,0.002071524140000000000000000007,-0.003500000000000000000000000012,-75.58320200000000000000000000,US cash open,13:30,9688030,9688030,False,US cash open,13:30,9542758,9542758,False,US cash open,13:30,9688030,9688030,False,509,False,False,False,41,False,False,False
matched_lot,btcusdt_microprice_20260415_12_5h_5sessions_hs2.00_rq5000,2026-04-15 12:00,2026-04-15 16:00,btcusdt_microprice_20260415_12_5h_5sessions_hs2.00_rq5000:2026-04-15 16:00:fill-000012:fill-000014:110,fill-000012,fill-000014,sell,buy,1776269430936,1776269488030,1776269488030,57094,0.0002100000000000000000000000047,-0.01636167456000000000000000037,-0.01014720000000000000000000023,0.006214474560000000000000000139,-0.01098930000000000000000000025,-77.91273600000000000000000002,US cash open,13:30,9688030,9688030,False,US cash open,13:30,9630936,9630936,False,US cash open,13:30,9688030,9688030,False,494,False,False,False,40,False,False,False
matched_lot,btcusdt_microprice_20260415_12_5h_5sessions_hs2.00_rq5000,2026-04-15 12:00,2026-04-15 16:00,btcusdt_microprice_20260415_12_5h_5sessions_hs2.00_rq5000:2026-04-15 16:00:fill-000012:fill-000015:111,fill-000012,fill-000015,sell,buy,1776269430936,1776269526701,1776269526701,95765,0.00028000,-0.01133867112000000000000000000,-0.0030548000000000,0.008283871119999999999999999999,-0.0041776000000000,-40.495254000000000000000,US cash open,13:30,9726701,9726701,False,US cash open,13:30,9630936,9630936,False,US cash open,13:30,9726701,9726701,False,684,False,False,False,59,False,False,False
matched_lot,btcusdt_microprice_20260415_12_5h_5sessions_hs2.00_rq5000,2026-04-15 12:00,2026-04-15 16:00,btcusdt_microprice_20260415_12_5h_5sessions_hs2.00_rq5000:2026-04-15 16:00:fill-000012:fill-000016:112,fill-000012,fill-000016,sell,buy,1776269430936,1776269526808,1776269526808,95872,0.00025000,-0.009476184000000000000000000001,-0.0020800000000000,0.007396184000000000000000000001,-0.0030825000000000,-37.90473600000000000000000000,US cash open,13:30,9726808,9726808,False,US cash open,13:30,9630936,9630936,False,US cash open,13:30,9726808,9726808,False,697,False,False,False,62,False,False,False
matched_lot,btcusdt_microprice_20260415_12_5h_5sessions_hs2.00_rq5000,2026-04-15 12:00,2026-04-15 16:00,btcusdt_microprice_20260415_12_5h_5sessions_hs2.00_rq5000:2026-04-15 16:00:fill-000012:fill-000017:113,fill-000012,fill-000017,sell,buy,1776269430936,1776269526965,1776269526965,96029,0.0002599999999999999999999999953,-0.009855231359999999999999999822,-0.002163199999999999999999999961,0.007692031359999999999999999861,-0.002685799999999999999999999952,-37.90473600000000000000000000,US cash open,13:30,9726965,9726965,False,US cash open,13:30,9630936,9630936,False,US cash open,13:30,9726965,9726965,False,698,False,False,False,63,False,False,False
matched_lot,btcusdt_microprice_20260415_12_5h_5sessions_hs2.00_rq5000,2026-04-15 12:00,2026-04-15 16:00,btcusdt_microprice_20260415_12_5h_5sessions_hs2.00_rq5000:2026-04-15 16:00:fill-000017:fill-000018:114,fill-000017,fill-000018,buy,sell,1776269526965,1776269725385,1776269725385,198420,0.00018000,0.01539910224000000000000000000,0.0207288000000000,0.005329697759999999999999999999,0.0216990000000000,85.550568000000000000000,US cash open,13:30,9925385,9925385,False,US cash open,13:30,9726965,9726965,False,US cash open,13:30,9925385,9925385,False,1180,False,False,False,94,False,False,False
matched_lot,btcusdt_microprice_20260415_12_5h_5sessions_hs2.00_rq5000,2026-04-15 12:00,2026-04-15 16:00,btcusdt_microprice_20260415_12_5h_5sessions_hs2.00_rq5000:2026-04-15 16:00:fill-000017:fill-000019:115,fill-000017,fill-000019,buy,sell,1776269526965,1776269725451,1776269725451,198486,0.00016000,0.01368809088000000000000000000,0.0184256000000000,0.004737509120000000000000000000,0.0184240000000000,85.550568000000000000000,US cash open,13:30,9925451,9925451,False,US cash open,13:30,9726965,9726965,False,US cash open,13:30,9925451,9925451,False,1181,False,False,False,95,False,False,False
matched_lot,btcusdt_microprice_20260415_12_5h_5sessions_hs2.00_rq5000,2026-04-15 12:00,2026-04-15 16:00,btcusdt_microprice_20260415_12_5h_5sessions_hs2.00_rq5000:2026-04-15 16:00:fill-000017:fill-000020:116,fill-000017,fill-000020,buy,sell,1776269526965,1776269725609,1776269725609,198644,0.00008000,0.006844045440000000000000000000,0.0092128000000000,0.002368754560000000000000000000,0.0092120000000000,85.5505680000000000000000,US cash open,13:30,9925609,9925609,False,US cash open,13:30,9726965,9726965,False,US cash open,13:30,9925609,9925609,False,1182,False,False,False,96,False,False,False
matched_lot,btcusdt_microprice_20260415_12_5h_5sessions_hs2.00_rq5000,2026-04-15 12:00,2026-04-15 16:00,btcusdt_microprice_20260415_12_5h_5sessions_hs2.00_rq5000:2026-04-15 16:00:fill-000017:fill-000021:117,fill-000017,fill-000021,buy,sell,1776269526965,1776269913864,1776269913864,386899,0.0000700000000000000000000000047,0.001568923860000000000000000105,0.003640700000000000000000000244,0.002071776140000000000000000139,0.003629500000000000000000000243,22.41319800000000000000000000,US cash open,13:30,10113864,10113864,False,US cash open,13:30,9726965,9726965,False,US cash open,13:30,10113864,10113864,False,1012,False,False,False,79,False,False,False
matched_lot,btcusdt_microprice_20260415_12_5h_5sessions_hs2.00_rq5000,2026-04-15 12:00,2026-04-15 16:00,btcusdt_microprice_20260415_12_5h_5sessions_hs2.00_rq5000:2026-04-15 16:00:fill-000021:fill-000022:118,fill-000021,fill-000022,sell,buy,1776269913864,1776270102815,1776270102815,188951,0.0000699999999999999999999999967,-0.009484186319999999999999999553,-0.007410199999999999999999999651,0.002073986319999999999999999902,-0.007561399999999999999999999643,-135.4883760000000000000000000,US cash open,13:30,10302815,10302815,False,US cash open,13:30,10113864,10113864,False,US cash open,13:30,10302815,10302815,False,313,False,False,False,25,False,False,False
matched_lot,btcusdt_microprice_20260415_12_5h_5sessions_hs2.00_rq5000,2026-04-15 12:00,2026-04-15 16:00,btcusdt_microprice_20260415_12_5h_5sessions_hs2.00_rq5000:2026-04-15 16:00:fill-000022:fill-000023:119,fill-000022,fill-000023,buy,sell,1776270102815,1776270196265,1776270196265,93450,0.0000000000000000000000000000033,-0.0000000000000000000000000001700000742000000,-0.000000000000000000000000000072171000000,0.0000000000000000000000000000978290742000000,-0.000000000000000000000000000078804000000,-51.515174000000,US cash open,13:30,10396265,10396265,False,US cash open,13:30,10302815,10302815,False,US cash open,13:30,10396265,10396265,False,625,False,False,False,53,False,False,False
matched_lot,btcusdt_microprice_20260415_12_5h_5sessions_hs2.00_rq5000,2026-04-15 12:00,2026-04-15 16:00,btcusdt_microprice_20260415_12_5h_5sessions_hs2.00_rq5000:2026-04-15 16:00:fill-000023:fill-000024:120,fill-000023,fill-000024,sell,buy,1776270196265,1776270288865,1776270288865,92600,0.0009999999999999999999999999967,-0.04364359999999999999999999985,-0.01399999999999999999999999995,0.02964359999999999999999999990,-0.01600999999999999999999999994,-43.64359999999999999999999999,US cash open,13:30,10488865,10488865,False,US cash open,13:30,10396265,10396265,False,US cash open,13:30,10488865,10488865,False,676,False,False,False,57,False,False,False
matched_lot,btcusdt_microprice_20260415_12_5h_5sessions_hs2.00_rq5000,2026-04-15 12:00,2026-04-15 16:00,btcusdt_microprice_20260415_12_5h_5sessions_hs2.00_rq5000:2026-04-15 16:00:fill-000024:fill-000026:121,fill-000024,fill-000026,buy,sell,1776270288865,1776270897965,1776270897965,609100,0.0000000000000000000000000000033,-0.0000000000000000000000000004079710800000000,-0.000000000000000000000000000310200000000,0.0000000000000000000000000000977710800000000,-0.000000000000000000000000000320001000000,-123.627600000000,US cash open,13:30,11097965,11097965,False,US cash open,13:30,10488865,10488865,False,US cash open,13:30,11097965,11097965,False,349,False,False,False,28,False,False,False
matched_lot,btcusdt_microprice_20260415_12_5h_5sessions_hs2.00_rq5000,2026-04-15 12:00,2026-04-15 16:00,btcusdt_microprice_20260415_12_5h_5sessions_hs2.00_rq5000:2026-04-15 16:00:fill-000025:fill-000026:122,fill-000025,fill-000026,buy,sell,1776270630786,1776270897965,1776270897965,267179,0.00065000,-0.05824701870000000000,-0.0389935000000000,0.01925351870000000000,-0.0396305000000000,-89.610798000000,US cash open,13:30,11097965,11097965,False,US cash open,13:30,10830786,10830786,False,US cash open,13:30,11097965,11097965,False,449,False,False,False,35,False,False,False
matched_lot,btcusdt_microprice_20260415_12_5h_5sessions_hs2.00_rq5000,2026-04-15 12:00,2026-04-15 16:00,btcusdt_microprice_20260415_12_5h_5sessions_hs2.00_rq5000:2026-04-15 16:00:fill-000026:fill-000027:123,fill-000026,fill-000027,sell,buy,1776270897965,1776271060858,1776271060858,162893,0.0003499999999999999999999999967,-0.05237147999999999999999999950,-0.04199999999999999999999999960,0.01037147999999999999999999990,-0.04233949999999999999999999960,-149.6328000000000000000000000,US cash open,13:30,11260858,11260858,False,US cash open,13:30,11097965,11097965,False,US cash open,13:30,11260858,11260858,False,274,False,False,False,22,False,False,False
matched_lot,btcusdt_microprice_20260415_12_5h_5sessions_hs2.00_rq5000,2026-04-15 12:00,2026-04-15 16:00,btcusdt_microprice_20260415_12_5h_5sessions_hs2.00_rq5000:2026-04-15 16:00:fill-000027:fill-000029:124,fill-000027,fill-000029,buy,sell,1776271060858,1776271283416,1776271283416,222558,0.0006500000000000000000000000033,-0.1596488400000000000000000008,-0.1404000000000000000000000007,0.01924884000000000000000000010,-0.1417065000000000000000000007,-245.6136000000000000000000000,US cash open,13:30,11483416,11483416,False,US cash open,13:30,11260858,11260858,False,US cash open,13:30,11483416,11483416,False,123,False,False,True,8,False,False,True
matched_lot,btcusdt_microprice_20260415_12_5h_5sessions_hs2.00_rq5000,2026-04-15 12:00,2026-04-15 16:00,btcusdt_microprice_20260415_12_5h_5sessions_hs2.00_rq5000:2026-04-15 16:00:fill-000028:fill-000029:125,fill-000028,fill-000029,buy,sell,1776271145703,1776271283416,1776271283416,137713,0.0003499999999999999999999999967,-0.05795915999999999999999999945,-0.04759999999999999999999999955,0.01035915999999999999999999990,-0.04900349999999999999999999953,-165.5976000000000000000000000,US cash open,13:30,11483416,11483416,False,US cash open,13:30,11345703,11345703,False,US cash open,13:30,11483416,11483416,False,233,False,False,False,20,False,False,False
matched_lot,btcusdt_microprice_20260415_12_5h_5sessions_hs2.00_rq5000,2026-04-15 12:00,2026-04-15 16:00,btcusdt_microprice_20260415_12_5h_5sessions_hs2.00_rq5000:2026-04-15 16:00:fill-000028:fill-000030:126,fill-000028,fill-000030,buy,sell,1776271145703,1776271329032,1776271329032,183329,0.0003500000000000000000000000033,-0.07265622000000000000000000069,-0.06230000000000000000000000059,0.01035622000000000000000000010,-0.06370350000000000000000000061,-207.5892000000000000000000000,US cash open,13:30,11529032,11529032,False,US cash open,13:30,11345703,11345703,False,US cash open,13:30,11529032,11529032,False,159,False,False,False,15,False,False,False
matched_lot,btcusdt_microprice_20260415_12_5h_5sessions_hs2.00_rq5000,2026-04-15 12:00,2026-04-15 16:00,btcusdt_microprice_20260415_12_5h_5sessions_hs2.00_rq5000:2026-04-15 16:00:fill-000030:fill-000031:127,fill-000030,fill-000031,sell,buy,1776271329032,1776271358965,1776271358965,29933,0.0006499999999999999999999999967,-0.05561711999999999999999999972,-0.03639999999999999999999999982,0.01921711999999999999999999990,-0.03900649999999999999999999980,-85.56480000000000000000000000,US cash open,13:30,11558965,11558965,False,US cash open,13:30,11529032,11529032,False,US cash open,13:30,11558965,11558965,False,466,False,False,False,38,False,False,False
matched_lot,btcusdt_microprice_20260415_12_5h_5sessions_hs2.00_rq5000,2026-04-15 12:00,2026-04-15 16:00,btcusdt_microprice_20260415_12_5h_5sessions_hs2.00_rq5000:2026-04-15 16:00:fill-000031:fill-000033:128,fill-000031,fill-000033,buy,sell,1776271358965,1776271741494,1776271741494,382529,0.00007000,-0.003138306360000000000000000000,-0.0010682000000000,0.002070106360000000000000000000,-0.0013489000000000,-44.8329480000000000000000,US cash close,20:00,-11458506,11458506,False,US cash open,13:30,11558965,11558965,False,US cash close,20:00,-11458506,11458506,False,669,False,False,False,55,False,False,False
matched_lot,btcusdt_microprice_20260415_12_5h_5sessions_hs2.00_rq5000,2026-04-15 12:00,2026-04-15 16:00,btcusdt_microprice_20260415_12_5h_5sessions_hs2.00_rq5000:2026-04-15 16:00:fill-000031:fill-000034:129,fill-000031,fill-000034,buy,sell,1776271358965,1776272240181,1776272240181,881216,0.0000800000000000000000000000000,-0.005566239840000000000000000000,-0.003200800000000000000000000000,0.002365439840000000000000000000,-0.003521600000000000000000000000,-69.577998,US cash close,20:00,-10959819,10959819,False,US cash open,13:30,11558965,11558965,False,US cash close,20:00,-10959819,10959819,False,539,False,False,False,48,False,False,False
matched_lot,btcusdt_microprice_20260416_12_5h_5sessions_hs2.00_rq5000,2026-04-16 12:00,2026-04-16 12:00,btcusdt_microprice_20260416_12_5h_5sessions_hs2.00_rq5000:2026-04-16 12:00:fill-000001:fill-000003:1,fill-000001,fill-000003,sell,buy,1776340857816,1776341111091,1776341111091,253275,0.00007000,-0.00916068986000000000,-0.0070693000000000,0.00209138986000000000,-0.0072100000000000,-130.866998000000,US cash open,13:30,-5088909,5088909,False,US cash open,13:30,-5342184,5342184,False,US cash open,13:30,-5088909,5088909,False,326,False,False,False,20,False,False,False
matched_lot,btcusdt_microprice_20260416_12_5h_5sessions_hs2.00_rq5000,2026-04-16 12:00,2026-04-16 12:00,btcusdt_microprice_20260416_12_5h_5sessions_hs2.00_rq5000:2026-04-16 12:00:fill-000001:fill-000004:2,fill-000001,fill-000004,sell,buy,1776340857816,1776341162688,1776341162688,304872,0.00015107215104517869184086311,-0.01360840442459878624409979723,-0.009096054214430209035738367853,0.004512350210168577208361429376,-0.009399709238031018206338502705,-90.07884200000000000000000000,US cash open,13:30,-5037312,5037312,False,US cash open,13:30,-5342184,5342184,False,US cash open,13:30,-5037312,5037312,False,445,False,False,False,26,False,False,False
matched_lot,btcusdt_microprice_20260416_12_5h_5sessions_hs2.00_rq5000,2026-04-16 12:00,2026-04-16 12:00,btcusdt_microprice_20260416_12_5h_5sessions_hs2.00_rq5000:2026-04-16 12:00:fill-000001:fill-000005:3,fill-000001,fill-000005,sell,buy,1776340857816,1776341636401,1776341636401,778585,0.00024000,-0.03233946576000000000000000000,-0.0251688000000000,0.007170665760000000000000000000,-0.0256512000000000,-134.747774000000000000000,US cash open,13:30,-4563599,4563599,False,US cash open,13:30,-5342184,5342184,False,US cash open,13:30,-4563599,4563599,False,316,False,False,False,18,False,False,False
matched_lot,btcusdt_microprice_20260416_12_5h_5sessions_hs2.00_rq5000,2026-04-16 12:00,2026-04-16 12:00,btcusdt_microprice_20260416_12_5h_5sessions_hs2.00_rq5000:2026-04-16 12:00:fill-000001:fill-000006:4,fill-000001,fill-000006,sell,buy,1776340857816,1776341895766,1776341895766,1037950,0.00007000,-0.01165038770000000000000000000,-0.0095585000000000,0.002091887700000000000000000000,-0.0096992000000000,-166.434110000000000000000,US cash open,13:30,-4304234,4304234,False,US cash open,13:30,-5342184,5342184,False,US cash open,13:30,-4304234,4304234,False,229,False,False,False,13,False,False,False
matched_lot,btcusdt_microprice_20260416_12_5h_5sessions_hs2.00_rq5000,2026-04-16 12:00,2026-04-16 12:00,btcusdt_microprice_20260416_12_5h_5sessions_hs2.00_rq5000:2026-04-16 12:00:fill-000001:fill-000007:5,fill-000001,fill-000007,sell,buy,1776340857816,1776342043269,1776342043269,1185453,0.00046892784895482130815913689,-0.06996434643215104517869184165,-0.05595247093728927848954821371,0.01401187549486176668914362794,-0.05689501591368846931894807885,-149.2006640000000000000000000,US cash open,13:30,-4156731,4156731,False,US cash open,13:30,-5342184,5342184,False,US cash open,13:30,-4156731,4156731,False,277,False,False,False,17,False,False,False
matched_lot,btcusdt_microprice_20260416_12_5h_5sessions_hs2.00_rq5000,2026-04-16 12:00,2026-04-16 12:00,btcusdt_microprice_20260416_12_5h_5sessions_hs2.00_rq5000:2026-04-16 12:00:fill-000002:fill-000007:6,fill-000002,fill-000007,sell,buy,1776340933304,1776342043269,1776342043269,1109965,0.00007000,-0.00829197698000000000,-0.0061999000000000,0.00209207698000000000,-0.0064806000000000,-118.456814000000,US cash open,13:30,-4156731,4156731,False,US cash open,13:30,-5266696,5266696,False,US cash open,13:30,-4156731,4156731,False,362,False,False,False,23,False,False,False
matched_lot,btcusdt_microprice_20260416_12_5h_5sessions_hs2.00_rq5000,2026-04-16 12:00,2026-04-16 12:00,btcusdt_microprice_20260416_12_5h_5sessions_hs2.00_rq5000:2026-04-16 12:00:fill-000007:fill-000012:7,fill-000007,fill-000012,buy,sell,1776342043269,1776344253281,1776344253281,2210012,0.00046107215104517869184086311,-0.09020939894298044504383007314,-0.07643654120026972353337828638,0.01377285774271072151045178676,-0.07828544052596089008766014746,-195.6513720000000000000000000,US cash open,13:30,-1946719,1946719,False,US cash open,13:30,-4156731,4156731,False,US cash open,13:30,-1946719,1946719,False,167,False,False,False,11,False,False,True
matched_lot,btcusdt_microprice_20260416_12_5h_5sessions_hs2.00_rq5000,2026-04-16 12:00,2026-04-16 12:00,btcusdt_microprice_20260416_12_5h_5sessions_hs2.00_rq5000:2026-04-16 12:00:fill-000008:fill-000012:8,fill-000008,fill-000012,buy,sell,1776343111115,1776344253281,1776344253281,1142166,0.00011892784895482130815913689,-0.01508571387807147673634524679,-0.01153481207012811867835468696,0.003550901807943358057990559834,-0.01201171274443695212407282588,-126.8476140000000000000000000,US cash open,13:30,-1946719,1946719,False,US cash open,13:30,-3088885,3088885,False,US cash open,13:30,-1946719,1946719,False,336,False,False,False,21,False,False,False
matched_lot,btcusdt_microprice_20260416_12_5h_5sessions_hs2.00_rq5000,2026-04-16 12:00,2026-04-16 13:00,btcusdt_microprice_20260416_12_5h_5sessions_hs2.00_rq5000:2026-04-16 13:00:fill-000001:fill-000002:9,fill-000001,fill-000002,buy,sell,1776344428020,1776344600669,1776344600669,172649,0.00007000,0.00047236672000000000,0.0025620000000000,0.00208963328000000000,0.0022813000000000,6.748096000000,US cash open,13:30,-1599331,1599331,True,US cash open,13:30,-1771980,1771980,True,US cash open,13:30,-1599331,1599331,True,930,False,False,False,60,False,False,False
matched_lot,btcusdt_microprice_20260416_12_5h_5sessions_hs2.00_rq5000,2026-04-16 12:00,2026-04-16 13:00,btcusdt_microprice_20260416_12_5h_5sessions_hs2.00_rq5000:2026-04-16 13:00:fill-000001:fill-000003:10,fill-000001,fill-000003,buy,sell,1776344428020,1776344841401,1776344841401,413381,0.00001000,0.00060677308000000000,0.0009054000000000,0.00029862692000000000,0.0008653000000000,60.677308000000,US cash open,13:30,-1358599,1358599,True,US cash open,13:30,-1771980,1771980,True,US cash open,13:30,-1358599,1358599,True,1126,False,False,False,76,False,False,False
matched_lot,btcusdt_microprice_20260416_12_5h_5sessions_hs2.00_rq5000,2026-04-16 12:00,2026-04-16 13:00,btcusdt_microprice_20260416_12_5h_5sessions_hs2.00_rq5000:2026-04-16 13:00:fill-000003:fill-000005:11,fill-000003,fill-000005,sell,buy,1776344841401,1776344944115,1776344944115,102714,0.00007000,-0.00470037764000000000,-0.0026082000000000,0.00209217764000000000,-0.0028007000000000,-67.148252000000,US cash open,13:30,-1255885,1255885,True,US cash open,13:30,-1358599,1358599,True,US cash open,13:30,-1255885,1255885,True,556,False,False,False,36,False,False,False
matched_lot,btcusdt_microprice_20260416_12_5h_5sessions_hs2.00_rq5000,2026-04-16 12:00,2026-04-16 13:00,btcusdt_microprice_20260416_12_5h_5sessions_hs2.00_rq5000:2026-04-16 13:00:fill-000003:fill-000010:12,fill-000003,fill-000010,sell,buy,1776344841401,1776346168915,1776346168915,1327514,0.00007000,-0.02127479186000000000,-0.0191793000000000,0.00209549186000000000,-0.0193550000000000,-303.925598000000,US cash open,13:30,-31085,31085,True,US cash open,13:30,-1358599,1358599,True,US cash open,13:30,-31085,31085,True,84,False,False,True,2,False,True,True
matched_lot,btcusdt_microprice_20260416_12_5h_5sessions_hs2.00_rq5000,2026-04-16 12:00,2026-04-16 13:00,btcusdt_microprice_20260416_12_5h_5sessions_hs2.00_rq5000:2026-04-16 13:00:fill-000003:fill-000011:13,fill-000003,fill-000011,sell,buy,1776344841401,1776346618671,1776346618671,1777270,0.00085000,-0.01876735400000000000,0.0066300000000000,0.02539735400000000000,0.0035955000000000,-22.079240000000,US cash open,13:30,418671,418671,True,US cash open,13:30,-1358599,1358599,True,US cash open,13:30,418671,418671,True,799,False,False,False,48,False,False,False
matched_lot,btcusdt_microprice_20260416_12_5h_5sessions_hs2.00_rq5000,2026-04-16 12:00,2026-04-16 13:00,btcusdt_microprice_20260416_12_5h_5sessions_hs2.00_rq5000:2026-04-16 13:00:fill-000004:fill-000011:14,fill-000004,fill-000011,sell,buy,1776344841465,1776346618671,1776346618671,1777206,0.00015000,-0.00301194600000000000,0.0014700000000000,0.00448194600000000000,0.0009345000000000,-20.079640000000,US cash open,13:30,418671,418671,True,US cash open,13:30,-1358535,1358535,True,US cash open,13:30,418671,418671,True,812,False,False,False,49,False,False,False
matched_lot,btcusdt_microprice_20260416_12_5h_5sessions_hs2.00_rq5000,2026-04-16 12:00,2026-04-16 13:00,btcusdt_microprice_20260416_12_5h_5sessions_hs2.00_rq5000:2026-04-16 13:00:fill-000004:fill-000013:15,fill-000004,fill-000013,sell,buy,1776344841465,1776346787844,1776346787844,1946379,0.00065000,0.03519438130000000000,0.0546065000000000,0.01941211870000000000,0.0530595000000000,54.145202000000,US cash open,13:30,587844,587844,True,US cash open,13:30,-1358535,1358535,True,US cash open,13:30,587844,587844,True,1112,False,False,False,74,False,False,False
matched_lot,btcusdt_microprice_20260416_12_5h_5sessions_hs2.00_rq5000,2026-04-16 12:00,2026-04-16 13:00,btcusdt_microprice_20260416_12_5h_5sessions_hs2.00_rq5000:2026-04-16 13:00:fill-000004:fill-000014:16,fill-000004,fill-000014,sell,buy,1776344841465,1776346896678,1776346896678,2055213,0.00020000,0.00421371760000000000,0.0101880000000000,0.00597428240000000000,0.0093860000000000,21.068588000000,US cash open,13:30,696678,696678,True,US cash open,13:30,-1358535,1358535,True,US cash open,13:30,696678,696678,True,1003,False,False,False,66,False,False,False
matched_lot,btcusdt_microprice_20260416_12_5h_5sessions_hs2.00_rq5000,2026-04-16 12:00,2026-04-16 13:00,btcusdt_microprice_20260416_12_5h_5sessions_hs2.00_rq5000:2026-04-16 13:00:fill-000006:fill-000014:17,fill-000006,fill-000014,sell,buy,1776345187617,1776346896678,1776346896678,1709061,0.00001000,0.00089694860000000000,0.0011958000000000,0.00029885140000000000,0.0011557000000000,89.694860000000,US cash open,13:30,696678,696678,True,US cash open,13:30,-1012383,1012383,True,US cash open,13:30,696678,696678,True,1187,False,False,False,79,False,False,False
matched_lot,btcusdt_microprice_20260416_12_5h_5sessions_hs2.00_rq5000,2026-04-16 12:00,2026-04-16 13:00,btcusdt_microprice_20260416_12_5h_5sessions_hs2.00_rq5000:2026-04-16 13:00:fill-000006:fill-000017:18,fill-000006,fill-000017,sell,buy,1776345187617,1776347121591,1776347121591,1933974,0.00030000,0.05363180160000000000,0.0625920000000000,0.00896019840000000000,0.0613890000000000,178.772672000000,US cash open,13:30,921591,921591,True,US cash open,13:30,-1012383,1012383,True,US cash open,13:30,921591,921591,True,1315,False,False,False,89,False,False,False
matched_lot,btcusdt_microprice_20260416_12_5h_5sessions_hs2.00_rq5000,2026-04-16 12:00,2026-04-16 13:00,btcusdt_microprice_20260416_12_5h_5sessions_hs2.00_rq5000:2026-04-16 13:00:fill-000007:fill-000017:19,fill-000007,fill-000017,sell,buy,1776345510955,1776347121591,1776347121591,1610636,0.00028000,0.07647186400000000000,0.0848400000000000,0.00836813600000000000,0.0837172000000000,273.113800000000,US cash open,13:30,921591,921591,True,US cash open,13:30,-689045,689045,True,US cash open,13:30,921591,921591,True,1381,False,False,False,96,False,False,False
matched_lot,btcusdt_microprice_20260416_12_5h_5sessions_hs2.00_rq5000,2026-04-16 12:00,2026-04-16 13:00,btcusdt_microprice_20260416_12_5h_5sessions_hs2.00_rq5000:2026-04-16 13:00:fill-000008:fill-000017:20,fill-000008,fill-000017,sell,buy,1776346060452,1776347121591,1776347121591,1061139,0.00042000,0.15040065600000000000,0.1629600000000000,0.01255934400000000000,0.1612758000000000,358.096800000000,US cash open,13:30,921591,921591,True,US cash open,13:30,-139548,139548,True,US cash open,13:30,921591,921591,True,1427,False,False,False,103,False,False,False
matched_lot,btcusdt_microprice_20260416_12_5h_5sessions_hs2.00_rq5000,2026-04-16 12:00,2026-04-16 13:00,btcusdt_microprice_20260416_12_5h_5sessions_hs2.00_rq5000:2026-04-16 13:00:fill-000008:fill-000018:21,fill-000008,fill-000018,sell,buy,1776346060452,1776347127240,1776347127240,1066788,0.00011000,0.04055688120000000000,0.0438460000000000,0.00328911880000000000,0.0434049000000000,368.698920000000,US cash open,13:30,927240,927240,True,US cash open,13:30,-139548,139548,True,US cash open,13:30,927240,927240,True,1432,False,False,False,105,False,False,False
matched_lot,btcusdt_microprice_20260416_12_5h_5sessions_hs2.00_rq5000,2026-04-16 12:00,2026-04-16 13:00,btcusdt_microprice_20260416_12_5h_5sessions_hs2.00_rq5000:2026-04-16 13:00:fill-000009:fill-000018:22,fill-000009,fill-000018,sell,buy,1776346060454,1776347127240,1776347127240,1066786,0.00040000,0.14747956800000000000,0.1594400000000000,0.01196043200000000000,0.1578360000000000,368.698920000000,US cash open,13:30,927240,927240,True,US cash open,13:30,-139546,139546,True,US cash open,13:30,927240,927240,True,1433,False,False,False,106,False,False,False
matched_lot,btcusdt_microprice_20260416_12_5h_5sessions_hs2.00_rq5000,2026-04-16 12:00,2026-04-16 13:00,btcusdt_microprice_20260416_12_5h_5sessions_hs2.00_rq5000:2026-04-16 13:00:fill-000009:fill-000019:23,fill-000009,fill-000019,sell,buy,1776346060454,1776347429146,1776347429146,1368692,0.00007000,0.03724921200000000000,0.0393400000000000,0.00209078800000000000,0.0391993000000000,532.131600000000,US cash open,13:30,1229146,1229146,True,US cash open,13:30,-139546,139546,True,US cash open,13:30,1229146,1229146,True,1483,False,False,False,114,False,False,False
matched_lot,btcusdt_microprice_20260416_12_5h_5sessions_hs2.00_rq5000,2026-04-16 12:00,2026-04-16 13:00,btcusdt_microprice_20260416_12_5h_5sessions_hs2.00_rq5000:2026-04-16 13:00:fill-000012:fill-000019:24,fill-000012,fill-000019,sell,buy,1776346675417,1776347429146,1776347429146,753729,0.00007000,0.01709324400000000000,0.0191800000000000,0.00208675600000000000,0.0191779000000000,244.189200000000,US cash open,13:30,1229146,1229146,True,US cash open,13:30,475417,475417,True,US cash open,13:30,1229146,1229146,True,1355,False,False,False,92,False,False,False
matched_lot,btcusdt_microprice_20260416_12_5h_5sessions_hs2.00_rq5000,2026-04-16 12:00,2026-04-16 13:00,btcusdt_microprice_20260416_12_5h_5sessions_hs2.00_rq5000:2026-04-16 13:00:fill-000015:fill-000019:25,fill-000015,fill-000019,sell,buy,1776347015356,1776347429146,1776347429146,413790,0.00014000,0.01537705064000000000,0.0195468000000000,0.00416974936000000000,0.0192654000000000,109.836076000000,US cash open,13:30,1229146,1229146,True,US cash open,13:30,815356,815356,True,US cash open,13:30,1229146,1229146,True,1210,False,False,False,80,False,False,False
matched_lot,btcusdt_microprice_20260416_12_5h_5sessions_hs2.00_rq5000,2026-04-16 12:00,2026-04-16 13:00,btcusdt_microprice_20260416_12_5h_5sessions_hs2.00_rq5000:2026-04-16 13:00:fill-000016:fill-000019:26,fill-000016,fill-000019,sell,buy,1776347109133,1776347429146,1776347429146,320013,0.0002800000000000000000000000035,0.04431738808000000000000000056,0.05265960000000000000000000066,0.008342211920000000000000000103,0.05208000000000000000000000065,158.2763860000000000000000000,US cash open,13:30,1229146,1229146,True,US cash open,13:30,909133,909133,True,US cash open,13:30,1229146,1229146,True,1288,False,False,False,88,False,False,False
matched_lot,btcusdt_microprice_20260416_12_5h_5sessions_hs2.00_rq5000,2026-04-16 12:00,2026-04-16 13:00,btcusdt_microprice_20260416_12_5h_5sessions_hs2.00_rq5000:2026-04-16 13:00:fill-000019:fill-000020:27,fill-000019,fill-000020,buy,sell,1776347429146,1776347573270,1776347573270,144124,0.0004399999999999999999999999965,-0.2204099682399999999999999983,-0.2073587999999999999999999984,0.01305116823999999999999999990,-0.2082431999999999999999999984,-500.9317460000000000000000001,US cash open,13:30,1373270,1373270,True,US cash open,13:30,1229146,1229146,True,US cash open,13:30,1373270,1373270,True,22,False,True,True,1,True,True,True
matched_lot,btcusdt_microprice_20260416_12_5h_5sessions_hs2.00_rq5000,2026-04-16 12:00,2026-04-16 13:00,btcusdt_microprice_20260416_12_5h_5sessions_hs2.00_rq5000:2026-04-16 13:00:fill-000020:fill-000021:28,fill-000020,fill-000021,sell,buy,1776347573270,1776347740428,1776347740428,167158,0.0005600000000000000000000000035,0.1978138702400000000000000012,0.2143288000000000000000000013,0.01651492976000000000000000010,0.2078048000000000000000000013,353.2390539999999999999999999,US cash open,13:30,1540428,1540428,True,US cash open,13:30,1373270,1373270,True,US cash open,13:30,1540428,1540428,True,1422,False,False,False,102,False,False,False
matched_lot,btcusdt_microprice_20260416_12_5h_5sessions_hs2.00_rq5000,2026-04-16 12:00,2026-04-16 13:00,btcusdt_microprice_20260416_12_5h_5sessions_hs2.00_rq5000:2026-04-16 13:00:fill-000021:fill-000023:29,fill-000021,fill-000023,buy,sell,1776347740428,1776347928312,1776347928312,187884,0.0001186956521739130434782608696,0.01678610839043478260869565218,0.02028152608695652173913043479,0.003495417696521739130434782610,0.01889872173913043478260869566,141.4214260000000000000000000,US cash open,13:30,1728312,1728312,True,US cash open,13:30,1540428,1540428,True,US cash open,13:30,1728312,1728312,True,1257,False,False,False,86,False,False,False
matched_lot,btcusdt_microprice_20260416_12_5h_5sessions_hs2.00_rq5000,2026-04-16 12:00,2026-04-16 13:00,btcusdt_microprice_20260416_12_5h_5sessions_hs2.00_rq5000:2026-04-16 13:00:fill-000021:fill-000025:30,fill-000021,fill-000025,buy,sell,1776347740428,1776347938138,1776347938138,197710,0.0003213043478260869565217391269,0.04130817153130434782608695606,0.05076929999999999999999999944,0.009461128468695652173913043375,0.04514326086956521739130434733,128.5639980000000000000000000,US cash open,13:30,1738138,1738138,True,US cash open,13:30,1540428,1540428,True,US cash open,13:30,1738138,1738138,True,1234,False,False,False,82,False,False,False
matched_lot,btcusdt_microprice_20260416_12_5h_5sessions_hs2.00_rq5000,2026-04-16 12:00,2026-04-16 13:00,btcusdt_microprice_20260416_12_5h_5sessions_hs2.00_rq5000:2026-04-16 13:00:fill-000022:fill-000025:31,fill-000022,fill-000025,buy,sell,1776347803228,1776347938138,1776347938138,134910,0.00049000,0.01341314436000000000,0.0278516000000000,0.01443845564000000000,0.0239904000000000,27.373764000000,US cash open,13:30,1738138,1738138,True,US cash open,13:30,1603228,1603228,True,US cash open,13:30,1738138,1738138,True,1032,False,False,False,69,False,False,False
matched_lot,btcusdt_microprice_20260416_12_5h_5sessions_hs2.00_rq5000,2026-04-16 12:00,2026-04-16 13:00,btcusdt_microprice_20260416_12_5h_5sessions_hs2.00_rq5000:2026-04-16 13:00:fill-000024:fill-000025:32,fill-000024,fill-000025,buy,sell,1776347935665,1776347938138,1776347938138,2473,0.00007000,-0.00178267614000000000,0.0002807000000000,0.00206337614000000000,-0.0004102000000000,-25.466802000000,US cash open,13:30,1738138,1738138,True,US cash open,13:30,1735665,1735665,True,US cash open,13:30,1738138,1738138,True,784,False,False,False,47,False,False,False
matched_lot,btcusdt_microprice_20260416_12_5h_5sessions_hs2.00_rq5000,2026-04-16 12:00,2026-04-16 14:00,btcusdt_microprice_20260416_12_5h_5sessions_hs2.00_rq5000:2026-04-16 14:00:fill-000001:fill-000002:33,fill-000001,fill-000002,sell,buy,1776348090183,1776348145747,1776348145747,55564,0.00008000,-0.01303859984000000000,-0.0106808000000000,0.00235779984000000000,-0.0106816000000000,-162.982498000000,US cash open,13:30,1945747,1945747,False,US cash open,13:30,1890183,1890183,False,US cash open,13:30,1945747,1945747,False,240,False,False,False,14,False,False,False
matched_lot,btcusdt_microprice_20260416_12_5h_5sessions_hs2.00_rq5000,2026-04-16 12:00,2026-04-16 14:00,btcusdt_microprice_20260416_12_5h_5sessions_hs2.00_rq5000:2026-04-16 14:00:fill-000002:fill-000003:34,fill-000002,fill-000003,buy,sell,1776348145747,1776348342557,1776348342557,196810,0.0002800000000000000000000000005,-0.04401422368000000000000000008,-0.03576160000000000000000000006,0.008252623680000000000000000015,-0.03632440000000000000000000006,-157.1936560000000000000000000,US cash open,13:30,2142557,2142557,False,US cash open,13:30,1945747,1945747,False,US cash open,13:30,2142557,2142557,False,253,False,False,False,15,False,False,False
matched_lot,btcusdt_microprice_20260416_12_5h_5sessions_hs2.00_rq5000,2026-04-16 12:00,2026-04-16 14:00,btcusdt_microprice_20260416_12_5h_5sessions_hs2.00_rq5000:2026-04-16 14:00:fill-000002:fill-000004:35,fill-000002,fill-000004,buy,sell,1776348145747,1776348399565,1776348399565,253818,0.00028000,0.000701231440000000000000000000,0.0089628000000000,0.008261568560000000000000000000,0.0084000000000000,2.5043980000000000000000,US cash open,13:30,2199565,2199565,False,US cash open,13:30,1945747,1945747,False,US cash open,13:30,2199565,2199565,False,912,False,False,False,59,False,False,False
matched_lot,btcusdt_microprice_20260416_12_5h_5sessions_hs2.00_rq5000,2026-04-16 12:00,2026-04-16 14:00,btcusdt_microprice_20260416_12_5h_5sessions_hs2.00_rq5000:2026-04-16 14:00:fill-000002:fill-000007:36,fill-000002,fill-000007,buy,sell,1776348145747,1776348877398,1776348877398,731651,0.0003599999999999999999999999995,0.02321711927999999999999999997,0.03384359999999999999999999995,0.01062648071999999999999999998,0.03311999999999999999999999995,64.49199800000000000000000001,US cash open,13:30,2677398,2677398,False,US cash open,13:30,1945747,1945747,False,US cash open,13:30,2677398,2677398,False,1138,False,False,False,77,False,False,False
matched_lot,btcusdt_microprice_20260416_12_5h_5sessions_hs2.00_rq5000,2026-04-16 12:00,2026-04-16 14:00,btcusdt_microprice_20260416_12_5h_5sessions_hs2.00_rq5000:2026-04-16 14:00:fill-000005:fill-000007:37,fill-000005,fill-000007,buy,sell,1776348422865,1776348877398,1776348877398,454533,0.00007000,0.001635464180000000000000000000,0.0037023000000000,0.002066835820000000000000000000,0.0034216000000000,23.3637740000000000000000,US cash open,13:30,2677398,2677398,False,US cash open,13:30,2222865,2222865,False,US cash open,13:30,2677398,2677398,False,1014,False,False,False,67,False,False,False
matched_lot,btcusdt_microprice_20260416_12_5h_5sessions_hs2.00_rq5000,2026-04-16 12:00,2026-04-16 14:00,btcusdt_microprice_20260416_12_5h_5sessions_hs2.00_rq5000:2026-04-16 14:00:fill-000006:fill-000007:38,fill-000006,fill-000007,buy,sell,1776348529818,1776348877398,1776348877398,347580,0.0000866217228464419475655430784,-0.006023224347026217228464419979,-0.003464002696629213483146067705,0.002559221650397003745318352274,-0.003638112359550561797752809292,-69.53480200000000000000000000,US cash open,13:30,2677398,2677398,False,US cash open,13:30,2329818,2329818,False,US cash open,13:30,2677398,2677398,False,540,False,False,False,34,False,False,False
matched_lot,btcusdt_microprice_20260416_12_5h_5sessions_hs2.00_rq5000,2026-04-16 12:00,2026-04-16 14:00,btcusdt_microprice_20260416_12_5h_5sessions_hs2.00_rq5000:2026-04-16 14:00:fill-000006:fill-000008:39,fill-000006,fill-000008,buy,sell,1776348529818,1776348903268,1776348903268,373450,0.0002800000000000000000000000010,-0.02226918456000000000000000008,-0.01399720000000000000000000005,0.008271984560000000000000000029,-0.01496320000000000000000000005,-79.53280200000000000000000000,US cash open,13:30,2703268,2703268,False,US cash open,13:30,2329818,2329818,False,US cash open,13:30,2703268,2703268,False,487,False,False,False,29,False,False,False
matched_lot,btcusdt_microprice_20260416_12_5h_5sessions_hs2.00_rq5000,2026-04-16 12:00,2026-04-16 14:00,btcusdt_microprice_20260416_12_5h_5sessions_hs2.00_rq5000:2026-04-16 14:00:fill-000006:fill-000015:40,fill-000006,fill-000015,buy,sell,1776348529818,1776349125472,1776349125472,595654,0.00028000,-0.08122819040000000000000000000,-0.0729680000000000,0.008260190399999999999999999998,-0.0735308000000000,-290.100680000000000000000,US cash open,13:30,2925472,2925472,False,US cash open,13:30,2329818,2329818,False,US cash open,13:30,2925472,2925472,False,93,False,False,True,4,False,True,True
matched_lot,btcusdt_microprice_20260416_12_5h_5sessions_hs2.00_rq5000,2026-04-16 12:00,2026-04-16 14:00,btcusdt_microprice_20260416_12_5h_5sessions_hs2.00_rq5000:2026-04-16 14:00:fill-000006:fill-000019:41,fill-000006,fill-000019,buy,sell,1776348529818,1776349291065,1776349291065,761247,0.0000533782771535580524344569206,-0.01596965232107865168539325597,-0.01439505378277153558052434235,0.001574598538307116104868913616,-0.01450234411985018726591760076,-299.1788640000000000000000001,US cash open,13:30,3091065,3091065,False,US cash open,13:30,2329818,2329818,False,US cash open,13:30,3091065,3091065,False,85,False,False,True,3,False,True,True
matched_lot,btcusdt_microprice_20260416_12_5h_5sessions_hs2.00_rq5000,2026-04-16 12:00,2026-04-16 14:00,btcusdt_microprice_20260416_12_5h_5sessions_hs2.00_rq5000:2026-04-16 14:00:fill-000009:fill-000019:42,fill-000009,fill-000019,buy,sell,1776348914308,1776349291065,1776349291065,376757,0.00021000,-0.06030495702000000000,-0.0541107000000000,0.00619425702000000000,-0.0549528000000000,-287.166462000000,US cash open,13:30,3091065,3091065,False,US cash open,13:30,2714308,2714308,False,US cash open,13:30,3091065,3091065,False,95,False,False,True,6,False,True,True
matched_lot,btcusdt_microprice_20260416_12_5h_5sessions_hs2.00_rq5000,2026-04-16 12:00,2026-04-16 14:00,btcusdt_microprice_20260416_12_5h_5sessions_hs2.00_rq5000:2026-04-16 14:00:fill-000010:fill-000019:43,fill-000010,fill-000019,buy,sell,1776348947386,1776349291065,1776349291065,343679,0.0000466217228464419475655430794,-0.01226951638004494382022472126,-0.01089456419475655430711610679,0.001374952185288389513108614475,-0.01108105108614232209737827910,-263.1716639999999999999999998,US cash open,13:30,3091065,3091065,False,US cash open,13:30,2747386,2747386,False,US cash open,13:30,3091065,3091065,False,107,False,False,True,7,False,False,True
matched_lot,btcusdt_microprice_20260416_12_5h_5sessions_hs2.00_rq5000,2026-04-16 12:00,2026-04-16 14:00,btcusdt_microprice_20260416_12_5h_5sessions_hs2.00_rq5000:2026-04-16 14:00:fill-000010:fill-000021:44,fill-000010,fill-000021,buy,sell,1776348947386,1776349314565,1776349314565,367179,0.00044000,-0.1264897928800000000000000000,-0.1135156000000000,0.01297419288000000000000000000,-0.1144000000000000,-287.47680200000000000000,US cash open,13:30,3114565,3114565,False,US cash open,13:30,2747386,2747386,False,US cash open,13:30,3114565,3114565,False,94,False,False,True,5,False,True,True
matched_lot,btcusdt_microprice_20260416_12_5h_5sessions_hs2.00_rq5000,2026-04-16 12:00,2026-04-16 14:00,btcusdt_microprice_20260416_12_5h_5sessions_hs2.00_rq5000:2026-04-16 14:00:fill-000010:fill-000023:45,fill-000010,fill-000023,buy,sell,1776348947386,1776349826351,1776349826351,878965,0.00028000,-0.02786683200000000000000000000,-0.0196000000000000,0.008266831999999999999999999999,-0.0201936000000000,-99.524400000000000000000,US cash open,13:30,3626351,3626351,False,US cash open,13:30,2747386,2747386,False,US cash open,13:30,3626351,3626351,False,415,False,False,False,25,False,False,False
matched_lot,btcusdt_microprice_20260416_12_5h_5sessions_hs2.00_rq5000,2026-04-16 12:00,2026-04-16 14:00,btcusdt_microprice_20260416_12_5h_5sessions_hs2.00_rq5000:2026-04-16 14:00:fill-000010:fill-000024:46,fill-000010,fill-000024,buy,sell,1776348947386,1776349842665,1776349842665,895279,0.0002333782771535580524344569206,-0.01326124030675655430711610440,-0.006368893183520599250936329363,0.006892347123235955056179775038,-0.006837983520599250936329587774,-56.82294200000000000000000000,US cash open,13:30,3642665,3642665,False,US cash open,13:30,2747386,2747386,False,US cash open,13:30,3642665,3642665,False,607,False,False,False,39,False,False,False
matched_lot,btcusdt_microprice_20260416_12_5h_5sessions_hs2.00_rq5000,2026-04-16 12:00,2026-04-16 14:00,btcusdt_microprice_20260416_12_5h_5sessions_hs2.00_rq5000:2026-04-16 14:00:fill-000011:fill-000024:47,fill-000011,fill-000024,buy,sell,1776348969894,1776349842665,1776349842665,872771,0.0002766217228464419475655430794,-0.01295168964133333333333333372,-0.004782789588014981273408239843,0.008168900053318352059925093877,-0.005341565468164794007490636863,-46.82094200000000000000000000,US cash open,13:30,3642665,3642665,False,US cash open,13:30,2769894,2769894,False,US cash open,13:30,3642665,3642665,False,658,False,False,False,40,False,False,False
matched_lot,btcusdt_microprice_20260416_12_5h_5sessions_hs2.00_rq5000,2026-04-16 12:00,2026-04-16 14:00,btcusdt_microprice_20260416_12_5h_5sessions_hs2.00_rq5000:2026-04-16 14:00:fill-000011:fill-000026:48,fill-000011,fill-000026,buy,sell,1776348969894,1776349990137,1776349990137,1020243,0.0000733782771535580524344569206,-0.000992632128779026217228464307,0.001174786217228464419475655299,0.002167418346007490636704119606,0.0008805393258426966292134830472,-13.52760199999999999999999999,US cash open,13:30,3790137,3790137,False,US cash open,13:30,2769894,2769894,False,US cash open,13:30,3790137,3790137,False,840,False,False,False,55,False,False,False
matched_lot,btcusdt_microprice_20260416_12_5h_5sessions_hs2.00_rq5000,2026-04-16 12:00,2026-04-16 14:00,btcusdt_microprice_20260416_12_5h_5sessions_hs2.00_rq5000:2026-04-16 14:00:fill-000012:fill-000026:49,fill-000012,fill-000026,buy,sell,1776348969903,1776349990137,1776349990137,1020234,0.00013000,-0.00175858826000000000,0.0020813000000000,0.00383988826000000000,0.0015600000000000,-13.527602000000,US cash open,13:30,3790137,3790137,False,US cash open,13:30,2769903,2769903,False,US cash open,13:30,3790137,3790137,False,837,False,False,False,52,False,False,False
matched_lot,btcusdt_microprice_20260416_12_5h_5sessions_hs2.00_rq5000,2026-04-16 12:00,2026-04-16 14:00,btcusdt_microprice_20260416_12_5h_5sessions_hs2.00_rq5000:2026-04-16 14:00:fill-000013:fill-000026:50,fill-000013,fill-000026,buy,sell,1776348969903,1776349990137,1776349990137,1020234,0.00013000,-0.00175858826000000000,0.0020813000000000,0.00383988826000000000,0.0015600000000000,-13.527602000000,US cash open,13:30,3790137,3790137,False,US cash open,13:30,2769903,2769903,False,US cash open,13:30,3790137,3790137,False,838,False,False,False,53,False,False,False
matched_lot,btcusdt_microprice_20260416_12_5h_5sessions_hs2.00_rq5000,2026-04-16 12:00,2026-04-16 14:00,btcusdt_microprice_20260416_12_5h_5sessions_hs2.00_rq5000:2026-04-16 14:00:fill-000014:fill-000026:51,fill-000014,fill-000026,buy,sell,1776348969931,1776349990137,1776349990137,1020206,0.0001066217228464419475655430794,-0.001442336231220973782771535692,0.001707013782771535580524344701,0.003149350013992509363295880393,0.001492704119850187265917603112,-13.52760200000000000000000000,US cash open,13:30,3790137,3790137,False,US cash open,13:30,2769931,2769931,False,US cash open,13:30,3790137,3790137,False,839,False,False,False,54,False,False,False
matched_lot,btcusdt_microprice_20260416_12_5h_5sessions_hs2.00_rq5000,2026-04-16 12:00,2026-04-16 14:00,btcusdt_microprice_20260416_12_5h_5sessions_hs2.00_rq5000:2026-04-16 14:00:fill-000014:fill-000028:52,fill-000014,fill-000028,buy,sell,1776348969931,1776350160333,1776350160333,1190402,0.00007000,0.001812615840000000000000000000,0.0038808000000000,0.002068184160000000000000000000,0.0037401000000000,25.8945120000000000000000,US cash open,13:30,3960333,3960333,False,US cash open,13:30,2769931,2769931,False,US cash open,13:30,3960333,3960333,False,1027,False,False,False,68,False,False,False
matched_lot,btcusdt_microprice_20260416_12_5h_5sessions_hs2.00_rq5000,2026-04-16 12:00,2026-04-16 14:00,btcusdt_microprice_20260416_12_5h_5sessions_hs2.00_rq5000:2026-04-16 14:00:fill-000014:fill-000032:53,fill-000014,fill-000032,buy,sell,1776348969931,1776350528965,1776350528965,1559034,0.0002133782771535580524344569206,-0.003313167611775280898876404367,0.002989429662921348314606741458,0.006302597274696629213483145825,0.002560539325842696629213483047,-15.52720200000000000000000000,US cash open,13:30,4328965,4328965,False,US cash open,13:30,2769931,2769931,False,US cash open,13:30,4328965,4328965,False,828,False,False,False,51,False,False,False
matched_lot,btcusdt_microprice_20260416_12_5h_5sessions_hs2.00_rq5000,2026-04-16 12:00,2026-04-16 14:00,btcusdt_microprice_20260416_12_5h_5sessions_hs2.00_rq5000:2026-04-16 14:00:fill-000016:fill-000032:54,fill-000016,fill-000032,buy,sell,1776349131731,1776350528965,1776350528965,1397234,0.0001166217228464419475655430284,0.02105278665168539325842695857,0.02449289423220973782771534682,0.003440107580524344569288388251,0.02416868584269662921348313720,180.5220000000000000000000000,US cash open,13:30,4328965,4328965,False,US cash open,13:30,2931731,2931731,False,US cash open,13:30,4328965,4328965,False,1316,False,False,False,90,False,False,False
matched_lot,btcusdt_microprice_20260416_12_5h_5sessions_hs2.00_rq5000,2026-04-16 12:00,2026-04-16 14:00,btcusdt_microprice_20260416_12_5h_5sessions_hs2.00_rq5000:2026-04-16 14:00:fill-000016:fill-000034:55,fill-000016,fill-000034,buy,sell,1776349131731,1776350966708,1776350966708,1834977,0.00051000,0.1882788736200000000000000000,0.2033421000000000,0.01506322638000000000000000000,0.2019243000000000,369.17426200000000000000,US cash open,13:30,4766708,4766708,False,US cash open,13:30,2931731,2931731,False,US cash open,13:30,4766708,4766708,False,1434,False,False,False,107,False,False,False
matched_lot,btcusdt_microprice_20260416_12_5h_5sessions_hs2.00_rq5000,2026-04-16 12:00,2026-04-16 14:00,btcusdt_microprice_20260416_12_5h_5sessions_hs2.00_rq5000:2026-04-16 14:00:fill-000016:fill-000035:56,fill-000016,fill-000035,buy,sell,1776349131731,1776351005765,1776351005765,1874034,0.0000115038926213135466100304116,0.004437407429517264581756310194,0.004777221488852876500747329025,0.0003398140593356119189910188308,0.004745240667365624841171444481,385.7309499999999999999999999,US cash open,13:30,4805765,4805765,False,US cash open,13:30,2931731,2931731,False,US cash open,13:30,4805765,4805765,False,1442,False,False,False,108,False,False,False
matched_lot,btcusdt_microprice_20260416_12_5h_5sessions_hs2.00_rq5000,2026-04-16 12:00,2026-04-16 14:00,btcusdt_microprice_20260416_12_5h_5sessions_hs2.00_rq5000:2026-04-16 14:00:fill-000017:fill-000035:57,fill-000017,fill-000035,buy,sell,1776349169577,1776351005765,1776351005765,1836188,0.0004784961073786864533899695884,0.1741087411782031899299647337,0.1882451536038490376281479358,0.01413641242564584769818320212,0.1837616450777107455598839208,363.8665780000000000000000001,US cash open,13:30,4805765,4805765,False,US cash open,13:30,2969577,2969577,False,US cash open,13:30,4805765,4805765,False,1428,False,False,False,104,False,False,False
matched_lot,btcusdt_microprice_20260416_12_5h_5sessions_hs2.00_rq5000,2026-04-16 12:00,2026-04-16 14:00,btcusdt_microprice_20260416_12_5h_5sessions_hs2.00_rq5000:2026-04-16 14:00:fill-000017:fill-000036:58,fill-000017,fill-000036,buy,sell,1776349169577,1776351033597,1776351033597,1864020,0.0001015038926213135466100304116,0.03944457812398741695373879230,0.04244385269960225951498421661,0.002999274575614842561245424312,0.04149276122574055158324823165,388.6016300000000000000000000,US cash open,13:30,4833597,4833597,False,US cash open,13:30,2969577,2969577,False,US cash open,13:30,4833597,4833597,False,1445,False,False,False,109,False,False,False
matched_lot,btcusdt_microprice_20260416_12_5h_5sessions_hs2.00_rq5000,2026-04-16 12:00,2026-04-16 14:00,btcusdt_microprice_20260416_12_5h_5sessions_hs2.00_rq5000:2026-04-16 14:00:fill-000018:fill-000036:59,fill-000018,fill-000036,buy,sell,1776349217481,1776351033597,1776351033597,1816116,0.00077000,0.39306652000000000000,0.4158000000000000,0.02273348000000000000,0.4138596000000000,510.476000000000,US cash open,13:30,4833597,4833597,False,US cash open,13:30,3017481,3017481,False,US cash open,13:30,4833597,4833597,False,1478,False,False,False,113,False,False,False
matched_lot,btcusdt_microprice_20260416_12_5h_5sessions_hs2.00_rq5000,2026-04-16 12:00,2026-04-16 14:00,btcusdt_microprice_20260416_12_5h_5sessions_hs2.00_rq5000:2026-04-16 14:00:fill-000020:fill-000036:60,fill-000020,fill-000036,buy,sell,1776349301565,1776351033597,1776351033597,1732032,0.00008000,0.03684848224000000000,0.0392112000000000,0.00236271776000000000,0.0388904000000000,460.606028000000,US cash open,13:30,4833597,4833597,False,US cash open,13:30,3101565,3101565,False,US cash open,13:30,4833597,4833597,False,1471,False,False,False,110,False,False,False
matched_lot,btcusdt_microprice_20260416_12_5h_5sessions_hs2.00_rq5000,2026-04-16 12:00,2026-04-16 14:00,btcusdt_microprice_20260416_12_5h_5sessions_hs2.00_rq5000:2026-04-16 14:00:fill-000022:fill-000036:61,fill-000022,fill-000036,buy,sell,1776349638257,1776351033597,1776351033597,1395340,0.0000484961073786864533899695884,0.02271885503303553397211091715,0.02415106147458585378820485502,0.001432206441550319816093937872,0.02395659208399732111011107698,468.4676000000000000000000000,US cash open,13:30,4833597,4833597,False,US cash open,13:30,3438257,3438257,False,US cash open,13:30,4833597,4833597,False,1473,False,False,False,111,False,False,False
matched_lot,btcusdt_microprice_20260416_12_5h_5sessions_hs2.00_rq5000,2026-04-16 12:00,2026-04-16 14:00,btcusdt_microprice_20260416_12_5h_5sessions_hs2.00_rq5000:2026-04-16 14:00:fill-000022:fill-000037:62,fill-000022,fill-000037,buy,sell,1776349638257,1776351078180,1776351078180,1439923,0.00042000,0.2104498527600000000000000000,0.2228562000000000,0.01240634724000000000000000000,0.2218692000000000,501.07107800000000000000,US cash open,13:30,4878180,4878180,False,US cash open,13:30,3438257,3438257,False,US cash open,13:30,4878180,4878180,False,1476,False,False,False,112,False,False,False
matched_lot,btcusdt_microprice_20260416_12_5h_5sessions_hs2.00_rq5000,2026-04-16 12:00,2026-04-16 14:00,btcusdt_microprice_20260416_12_5h_5sessions_hs2.00_rq5000:2026-04-16 14:00:fill-000022:fill-000039:63,fill-000022,fill-000039,buy,sell,1776349638257,1776351487415,1776351487415,1849158,0.00007000,0.01883332444000000000000000000,0.0208978000000000,0.002064475560000000000000000000,0.0206171000000000,269.047492000000000000000,US cash open,13:30,5287415,5287415,False,US cash open,13:30,3438257,3438257,False,US cash open,13:30,5287415,5287415,False,1377,False,False,False,94,False,False,False
matched_lot,btcusdt_microprice_20260416_12_5h_5sessions_hs2.00_rq5000,2026-04-16 12:00,2026-04-16 15:00,btcusdt_microprice_20260416_12_5h_5sessions_hs2.00_rq5000:2026-04-16 15:00:fill-000001:fill-000004:64,fill-000001,fill-000004,buy,sell,1776351602947,1776352199840,1776352199840,596893,0.00014000,0.03791642568000000000,0.0420672000000000,0.00415077432000000000,0.0412174000000000,270.831612000000,US cash open,13:30,5999840,5999840,False,US cash open,13:30,5402947,5402947,False,US cash open,13:30,5999840,5999840,False,1379,False,False,False,95,False,False,False
matched_lot,btcusdt_microprice_20260416_12_5h_5sessions_hs2.00_rq5000,2026-04-16 12:00,2026-04-16 15:00,btcusdt_microprice_20260416_12_5h_5sessions_hs2.00_rq5000:2026-04-16 15:00:fill-000002:fill-000004:65,fill-000002,fill-000004,buy,sell,1776351745530,1776352199840,1776352199840,454310,0.00030000,0.08507224800000000000000000000,0.0939660000000000,0.008893751999999999999999999999,0.0925530000000000,283.574160000000000000000,US cash open,13:30,5999840,5999840,False,US cash open,13:30,5545530,5545530,False,US cash open,13:30,5999840,5999840,False,1389,False,False,False,99,False,False,False
matched_lot,btcusdt_microprice_20260416_12_5h_5sessions_hs2.00_rq5000,2026-04-16 12:00,2026-04-16 15:00,btcusdt_microprice_20260416_12_5h_5sessions_hs2.00_rq5000:2026-04-16 15:00:fill-000002:fill-000005:66,fill-000002,fill-000005,buy,sell,1776351745530,1776352380215,1776352380215,634685,0.0001898715512156759944950521,0.04829762686247460515105839167,0.05392541926076413919653974692,0.005627792398289534045481355254,0.05316403434038927845861458800,254.3700020000000000000000000,US cash open,13:30,6180215,6180215,False,US cash open,13:30,5545530,5545530,False,US cash open,13:30,6180215,6180215,False,1364,False,False,False,93,False,False,False
matched_lot,btcusdt_microprice_20260416_12_5h_5sessions_hs2.00_rq5000,2026-04-16 12:00,2026-04-16 15:00,btcusdt_microprice_20260416_12_5h_5sessions_hs2.00_rq5000:2026-04-16 15:00:fill-000003:fill-000005:67,fill-000003,fill-000005,buy,sell,1776352030919,1776352380215,1776352380215,349296,0.0000209798093017788976059343692,0.002734407641309212975248977197,0.003356769488284623616949499072,0.0006223618469754106417005218753,0.003294459454658340291059873996,130.3352000000000000000000000,US cash open,13:30,6180215,6180215,False,US cash open,13:30,5830919,5830919,False,US cash open,13:30,6180215,6180215,False,1239,False,False,False,83,False,False,False
matched_lot,btcusdt_microprice_20260416_12_5h_5sessions_hs2.00_rq5000,2026-04-16 12:00,2026-04-16 15:00,btcusdt_microprice_20260416_12_5h_5sessions_hs2.00_rq5000:2026-04-16 15:00:fill-000003:fill-000009:68,fill-000003,fill-000009,buy,sell,1776352030919,1776352741399,1776352741399,710480,0.00007000,0.01066315600000000000000000000,0.0127400000000000,0.002076843999999999999999999999,0.0123928000000000,152.330800000000000000000,US cash open,13:30,6541399,6541399,False,US cash open,13:30,5830919,5830919,False,US cash open,13:30,6541399,6541399,False,1272,False,False,False,87,False,False,False
matched_lot,btcusdt_microprice_20260416_12_5h_5sessions_hs2.00_rq5000,2026-04-16 12:00,2026-04-16 15:00,btcusdt_microprice_20260416_12_5h_5sessions_hs2.00_rq5000:2026-04-16 15:00:fill-000003:fill-000010:69,fill-000003,fill-000010,buy,sell,1776352030919,1776352754415,1776352754415,723496,0.0000501966612864563965117126898,0.006844013486047288353080161955,0.008333147740164626384909423634,0.001489134254117338031829261679,0.008184063656143850887269636945,136.3439980000000000000000000,US cash open,13:30,6554415,6554415,False,US cash open,13:30,5830919,5830919,False,US cash open,13:30,6554415,6554415,False,1252,False,False,False,85,False,False,False
matched_lot,btcusdt_microprice_20260416_12_5h_5sessions_hs2.00_rq5000,2026-04-16 12:00,2026-04-16 15:00,btcusdt_microprice_20260416_12_5h_5sessions_hs2.00_rq5000:2026-04-16 15:00:fill-000006:fill-000010:70,fill-000006,fill-000010,buy,sell,1776352412400,1776352754415,1776352754415,342015,0.0000898033387135436034882873136,-0.006329102052109671991654073806,-0.003661282119351172714217473775,0.002667819932758499277436600031,-0.003931590168878938960717218589,-70.47735799999999999999999998,US cash open,13:30,6554415,6554415,False,US cash open,13:30,6212400,6212400,False,US cash open,13:30,6554415,6554415,False,534,False,False,False,32,False,False,False
matched_lot,btcusdt_microprice_20260416_12_5h_5sessions_hs2.00_rq5000,2026-04-16 12:00,2026-04-16 15:00,btcusdt_microprice_20260416_12_5h_5sessions_hs2.00_rq5000:2026-04-16 15:00:fill-000006:fill-000013:71,fill-000006,fill-000013,buy,sell,1776352412400,1776353094499,1776353094499,682099,0.0004398710609463335753520252262,0.01912992382067053956402182217,0.03220735908249054438727528706,0.01307743526182000482325346489,0.03088334718904208032546569113,43.48984400000000000000000000,US cash open,13:30,6894499,6894499,False,US cash open,13:30,6212400,6212400,False,US cash open,13:30,6894499,6894499,False,1077,False,False,False,72,False,False,False
matched_lot,btcusdt_microprice_20260416_12_5h_5sessions_hs2.00_rq5000,2026-04-16 12:00,2026-04-16 15:00,btcusdt_microprice_20260416_12_5h_5sessions_hs2.00_rq5000:2026-04-16 15:00:fill-000006:fill-000014:72,fill-000006,fill-000014,buy,sell,1776352412400,1776353094500,1776353094500,682100,0.0001203256003401228211596874602,0.005232941587998288433074706733,0.008810240456903792965312315836,0.003577298868905504532237609103,0.008448060399880023273621656580,43.48984400000000000000000000,US cash open,13:30,6894500,6894500,False,US cash open,13:30,6212400,6212400,False,US cash open,13:30,6894500,6894500,False,1078,False,False,False,73,False,False,False
matched_lot,btcusdt_microprice_20260416_12_5h_5sessions_hs2.00_rq5000,2026-04-16 12:00,2026-04-16 15:00,btcusdt_microprice_20260416_12_5h_5sessions_hs2.00_rq5000:2026-04-16 15:00:fill-000007:fill-000014:73,fill-000007,fill-000014,buy,sell,1776352485539,1776353094500,1776353094500,608961,0.00031000,-0.001853814880000000000000000000,0.0073656000000000,0.009219414880000000000000000000,0.0061225000000000,-5.9800480000000000000000,US cash open,13:30,6894500,6894500,False,US cash open,13:30,6285539,6285539,False,US cash open,13:30,6894500,6894500,False,868,False,False,False,57,False,False,False
matched_lot,btcusdt_microprice_20260416_12_5h_5sessions_hs2.00_rq5000,2026-04-16 12:00,2026-04-16 15:00,btcusdt_microprice_20260416_12_5h_5sessions_hs2.00_rq5000:2026-04-16 15:00:fill-000008:fill-000014:74,fill-000008,fill-000014,buy,sell,1776352684322,1776353094500,1776353094500,410178,0.0001298033387135436034882873136,0.01145888297762517306362181809,0.01531679396819814521161790300,0.003857910990572972147996084906,0.01500137185512423425514136483,88.27879999999999999999999992,US cash open,13:30,6894500,6894500,False,US cash open,13:30,6484322,6484322,False,US cash open,13:30,6894500,6894500,False,1185,False,False,False,78,False,False,False
matched_lot,btcusdt_microprice_20260416_12_5h_5sessions_hs2.00_rq5000,2026-04-16 12:00,2026-04-16 15:00,btcusdt_microprice_20260416_12_5h_5sessions_hs2.00_rq5000:2026-04-16 15:00:fill-000008:fill-000016:75,fill-000008,fill-000016,buy,sell,1776352684322,1776353301618,1776353301618,617296,0.0000101966612864563965117126864,0.0005536338221515993495285543121,0.0008566215146752018709489827845,0.0003029876925236025214204284724,0.0007501683708445970913667023385,54.29559799999999999999999998,US cash open,13:30,7101618,7101618,False,US cash open,13:30,6484322,6484322,False,US cash open,13:30,7101618,7101618,False,1113,False,False,False,75,False,False,False
matched_lot,btcusdt_microprice_20260416_12_5h_5sessions_hs2.00_rq5000,2026-04-16 12:00,2026-04-16 15:00,btcusdt_microprice_20260416_12_5h_5sessions_hs2.00_rq5000:2026-04-16 15:00:fill-000011:fill-000016:76,fill-000011,fill-000016,buy,sell,1776352940068,1776353301618,1776353301618,361550,0.0000453490402565794367789009136,-0.001801409086618236796214510329,-0.0004530369121632285734212201269,0.001348372174455008222793290202,-0.0009981323760473134035036091084,-39.72320200000000000000000000,US cash open,13:30,7101618,7101618,False,US cash open,13:30,6740068,6740068,False,US cash open,13:30,7101618,7101618,False,691,False,False,False,42,False,False,False
matched_lot,btcusdt_microprice_20260416_12_5h_5sessions_hs2.00_rq5000,2026-04-16 12:00,2026-04-16 15:00,btcusdt_microprice_20260416_12_5h_5sessions_hs2.00_rq5000:2026-04-16 15:00:fill-000011:fill-000023:77,fill-000011,fill-000023,buy,sell,1776352940068,1776353996616,1776353996616,1056548,0.00028000,0.07901947144000000000000000000,0.0873628000000000,0.008343328560000000000000000000,0.0867440000000000,282.212398000000000000000,US cash open,13:30,7796616,7796616,False,US cash open,13:30,6740068,6740068,False,US cash open,13:30,7796616,7796616,False,1388,False,False,False,98,False,False,False
matched_lot,btcusdt_microprice_20260416_12_5h_5sessions_hs2.00_rq5000,2026-04-16 12:00,2026-04-16 15:00,btcusdt_microprice_20260416_12_5h_5sessions_hs2.00_rq5000:2026-04-16 15:00:fill-000011:fill-000024:78,fill-000011,fill-000024,buy,sell,1776352940068,1776354103892,1776354103892,1163824,0.0001200000000000000000000000055,0.01610903976000000000000000074,0.01968120000000000000000000090,0.003572160240000000000000000165,0.01915320000000000000000000088,134.2419980000000000000000000,US cash open,13:30,7903892,7903892,False,US cash open,13:30,6740068,6740068,False,US cash open,13:30,7903892,7903892,False,1244,False,False,False,84,False,False,False
matched_lot,btcusdt_microprice_20260416_12_5h_5sessions_hs2.00_rq5000,2026-04-16 12:00,2026-04-16 15:00,btcusdt_microprice_20260416_12_5h_5sessions_hs2.00_rq5000:2026-04-16 15:00:fill-000011:fill-000025:79,fill-000011,fill-000025,buy,sell,1776352940068,1776354166215,1776354166215,1226147,0.0000001619651774868403293291964,0.00002012320118774463490349601886,0.00002494425698474827911998953756,0.000004821055797003644216493518701,0.00002408098258874342016466492075,124.2439980000000000000000000,US cash open,13:30,7966215,7966215,False,US cash open,13:30,6740068,6740068,False,US cash open,13:30,7966215,7966215,False,1230,False,False,False,81,False,False,False
matched_lot,btcusdt_microprice_20260416_12_5h_5sessions_hs2.00_rq5000,2026-04-16 12:00,2026-04-16 15:00,btcusdt_microprice_20260416_12_5h_5sessions_hs2.00_rq5000:2026-04-16 15:00:fill-000011:fill-000027:80,fill-000011,fill-000027,buy,sell,1776352940068,1776354487621,1776354487621,1547553,0.0005544889945659337228917698845,0.1553693688465594137686980186,0.1718915883154394540964486642,0.01652221946888004032775064560,0.1707770654363619273134362068,280.2028000000000000000000000,US cash open,13:30,8287621,8287621,False,US cash open,13:30,6740068,6740068,False,US cash open,13:30,8287621,8287621,False,1384,False,False,False,97,False,False,False
matched_lot,btcusdt_microprice_20260416_12_5h_5sessions_hs2.00_rq5000,2026-04-16 12:00,2026-04-16 15:00,btcusdt_microprice_20260416_12_5h_5sessions_hs2.00_rq5000:2026-04-16 15:00:fill-000012:fill-000027:81,fill-000012,fill-000027,buy,sell,1776353020693,1776354487621,1776354487621,1466928,0.0001400000000000000000000000000,0.03978850400000000000000000000,0.04396000000000000000000000000,0.004171496000000000000000000000,0.04367860000000000000000000000,284.2036,US cash open,13:30,8287621,8287621,False,US cash open,13:30,6820693,6820693,False,US cash open,13:30,8287621,8287621,False,1390,False,False,False,100,False,False,False
matched_lot,btcusdt_microprice_20260416_12_5h_5sessions_hs2.00_rq5000,2026-04-16 12:00,2026-04-16 15:00,btcusdt_microprice_20260416_12_5h_5sessions_hs2.00_rq5000:2026-04-16 15:00:fill-000015:fill-000027:82,fill-000015,fill-000027,buy,sell,1776353301021,1776354487621,1776354487621,1186600,0.0003055110054340662771082301155,0.08866076022979211713493849902,0.09776352173890120867463363696,0.009102761509109091539695137937,0.09776046662884686801186255466,290.2048000000000000000000000,US cash open,13:30,8287621,8287621,False,US cash open,13:30,7101021,7101021,False,US cash open,13:30,8287621,8287621,False,1394,False,False,False,101,False,False,False
matched_lot,btcusdt_microprice_20260416_12_5h_5sessions_hs2.00_rq5000,2026-04-16 12:00,2026-04-16 16:00,btcusdt_microprice_20260416_12_5h_5sessions_hs2.00_rq5000:2026-04-16 16:00:fill-000001:fill-000003:83,fill-000001,fill-000003,buy,sell,1776355210528,1776355443853,1776355443853,233325,0.00014000,0.00439652360000000000,0.0085820000000000,0.00418547640000000000,0.0082292000000000,31.403740000000,US cash open,13:30,9243853,9243853,False,US cash open,13:30,9010528,9010528,False,US cash open,13:30,9243853,9243853,False,1043,False,False,False,70,False,False,False
matched_lot,btcusdt_microprice_20260416_12_5h_5sessions_hs2.00_rq5000,2026-04-16 12:00,2026-04-16 16:00,btcusdt_microprice_20260416_12_5h_5sessions_hs2.00_rq5000:2026-04-16 16:00:fill-000002:fill-000003:84,fill-000002,fill-000003,buy,sell,1776355331949,1776355443853,1776355443853,111904,0.00002000,-0.00056976472000000000,0.0000284000000000,0.00059816472000000000,-0.0000410000000000,-28.488236000000,US cash open,13:30,9243853,9243853,False,US cash open,13:30,9131949,9131949,False,US cash open,13:30,9243853,9243853,False,752,False,False,False,44,False,False,False
matched_lot,btcusdt_microprice_20260416_12_5h_5sessions_hs2.00_rq5000,2026-04-16 12:00,2026-04-16 16:00,btcusdt_microprice_20260416_12_5h_5sessions_hs2.00_rq5000:2026-04-16 16:00:fill-000002:fill-000005:85,fill-000002,fill-000005,buy,sell,1776355331949,1776355556187,1776355556187,224238,0.00005000,-0.00228923880000000000,-0.0007940000000000,0.00149523880000000000,-0.0009945000000000,-45.784776000000,US cash open,13:30,9356187,9356187,False,US cash open,13:30,9131949,9131949,False,US cash open,13:30,9356187,9356187,False,663,False,False,False,41,False,False,False
matched_lot,btcusdt_microprice_20260416_12_5h_5sessions_hs2.00_rq5000,2026-04-16 12:00,2026-04-16 16:00,btcusdt_microprice_20260416_12_5h_5sessions_hs2.00_rq5000:2026-04-16 16:00:fill-000004:fill-000005:86,fill-000004,fill-000005,buy,sell,1776355512736,1776355556187,1776355556187,43451,0.00006996561162186820127728261632,-0.000377583416239736121833111095,0.001714157484735770931293424100,0.002091740900975507053126535195,0.001537844143448663064074671907,-5.396699999999999999999999993,US cash open,13:30,9356187,9356187,False,US cash open,13:30,9312736,9312736,False,US cash open,13:30,9356187,9356187,False,871,False,False,False,58,False,False,False
matched_lot,btcusdt_microprice_20260416_12_5h_5sessions_hs2.00_rq5000,2026-04-16 12:00,2026-04-16 16:00,btcusdt_microprice_20260416_12_5h_5sessions_hs2.00_rq5000:2026-04-16 16:00:fill-000005:fill-000006:87,fill-000005,fill-000006,sell,buy,1776355556187,1776355575235,1776355575235,19048,0.00007000,-0.001813056000000000000000000000,0.0002800000000000,0.002093056000000000000000000000,-0.0000007000000000,-25.9008000000000000000000,US cash open,13:30,9375235,9375235,False,US cash open,13:30,9356187,9356187,False,US cash open,13:30,9375235,9375235,False,782,False,False,False,46,False,False,False
matched_lot,btcusdt_microprice_20260416_12_5h_5sessions_hs2.00_rq5000,2026-04-16 12:00,2026-04-16 16:00,btcusdt_microprice_20260416_12_5h_5sessions_hs2.00_rq5000:2026-04-16 16:00:fill-000005:fill-000007:88,fill-000005,fill-000007,sell,buy,1776355556187,1776355773167,1776355773167,216980,0.0008100343883781317987227173837,-0.05176800170622499824549091165,-0.02754116920485648115657239105,0.02422683250136851708891852060,-0.02916933832549652607200505299,-63.90840000000000000000000001,US cash open,13:30,9573167,9573167,False,US cash open,13:30,9356187,9356187,False,US cash open,13:30,9573167,9573167,False,577,False,False,False,37,False,False,False
matched_lot,btcusdt_microprice_20260416_12_5h_5sessions_hs2.00_rq5000,2026-04-16 12:00,2026-04-16 16:00,btcusdt_microprice_20260416_12_5h_5sessions_hs2.00_rq5000:2026-04-16 16:00:fill-000007:fill-000008:89,fill-000007,fill-000008,buy,sell,1776355773167,1776355836215,1776355836215,63048,0.0001899656116218682012772826163,-0.004923148790792336304302056285,0.0007598624464874728051091304652,0.005683011237279809109411186750,0.0007579627903712541230963576390,-25.91600000000000000000000001,US cash open,13:30,9636215,9636215,False,US cash open,13:30,9573167,9573167,False,US cash open,13:30,9636215,9636215,False,781,False,False,False,45,False,False,False
matched_lot,btcusdt_microprice_20260416_12_5h_5sessions_hs2.00_rq5000,2026-04-16 12:00,2026-04-16 16:00,btcusdt_microprice_20260416_12_5h_5sessions_hs2.00_rq5000:2026-04-16 16:00:fill-000008:fill-000009:90,fill-000008,fill-000009,sell,buy,1776355836215,1776355910714,1776355910714,74499,0.00006999999999999999999999999975,-0.005174091859999999999999999981,-0.003079299999999999999999999989,0.002094791859999999999999999992,-0.003219999999999999999999999988,-73.91559799999999999999999999,US cash open,13:30,9710714,9710714,False,US cash open,13:30,9636215,9636215,False,US cash open,13:30,9710714,9710714,False,519,False,False,False,31,False,False,False
matched_lot,btcusdt_microprice_20260416_12_5h_5sessions_hs2.00_rq5000,2026-04-16 12:00,2026-04-16 16:00,btcusdt_microprice_20260416_12_5h_5sessions_hs2.00_rq5000:2026-04-16 16:00:fill-000008:fill-000010:91,fill-000008,fill-000010,sell,buy,1776355836215,1776355946117,1776355946117,109902,0.00020000,0.002818400000000000000000000002,0.0088000000000000,0.005981599999999999999999999998,0.0086800000000000,14.09200000000000000000000001,US cash open,13:30,9746117,9746117,False,US cash open,13:30,9636215,9636215,False,US cash open,13:30,9746117,9746117,False,972,False,False,False,64,False,False,False
matched_lot,btcusdt_microprice_20260416_12_5h_5sessions_hs2.00_rq5000,2026-04-16 12:00,2026-04-16 16:00,btcusdt_microprice_20260416_12_5h_5sessions_hs2.00_rq5000:2026-04-16 16:00:fill-000008:fill-000011:92,fill-000008,fill-000011,sell,buy,1776355836215,1776355946117,1776355946117,109902,0.00043000,0.00605956000000000000000000000,0.0189200000000000,0.01286044000000000000000000000,0.0186620000000000,14.092000000000000000000,US cash open,13:30,9746117,9746117,False,US cash open,13:30,9636215,9636215,False,US cash open,13:30,9746117,9746117,False,971,False,False,False,63,False,False,False
matched_lot,btcusdt_microprice_20260416_12_5h_5sessions_hs2.00_rq5000,2026-04-16 12:00,2026-04-16 16:00,btcusdt_microprice_20260416_12_5h_5sessions_hs2.00_rq5000:2026-04-16 16:00:fill-000008:fill-000013:93,fill-000008,fill-000013,sell,buy,1776355836215,1776356193230,1776356193230,357015,0.0001100343883781317987227173840,0.002210942972559477858095304941,0.005501719418906589936135869200,0.003290776446347112078040564259,0.005500619075022808618148642026,20.09320000000000000000000001,US cash open,13:30,9993230,9993230,False,US cash open,13:30,9636215,9636215,False,US cash open,13:30,9993230,9993230,False,1000,False,False,False,65,False,False,False
matched_lot,btcusdt_microprice_20260416_12_5h_5sessions_hs2.00_rq5000,2026-04-16 12:00,2026-04-16 16:00,btcusdt_microprice_20260416_12_5h_5sessions_hs2.00_rq5000:2026-04-16 16:00:fill-000012:fill-000013:94,fill-000012,fill-000013,sell,buy,1776355985276,1776356193230,1776356193230,207954,0.0008899656116218682012772826160,-0.06219862863751842234542774930,-0.03559862446487472805109130464,0.02660000417264369429433644466,-0.03738745534423468313565864269,-69.88880000000000000000000001,US cash open,13:30,9993230,9993230,False,US cash open,13:30,9785276,9785276,False,US cash open,13:30,9993230,9993230,False,537,False,False,False,33,False,False,False
matched_lot,btcusdt_microprice_20260416_12_5h_5sessions_hs2.00_rq5000,2026-04-16 12:00,2026-04-16 16:00,btcusdt_microprice_20260416_12_5h_5sessions_hs2.00_rq5000:2026-04-16 16:00:fill-000012:fill-000015:95,fill-000012,fill-000015,sell,buy,1776355985276,1776356368644,1776356368644,383368,0.0001100343883781317987227173840,-0.01693490856396940136149905262,-0.01364426415888834304161695562,0.003290644405081058319882096996,-0.01386653362341216927503684473,-153.9056000000000000000000000,US cash open,13:30,10168644,10168644,False,US cash open,13:30,9785276,9785276,False,US cash open,13:30,10168644,10168644,False,264,False,False,False,16,False,False,False
matched_lot,btcusdt_microprice_20260416_12_5h_5sessions_hs2.00_rq5000,2026-04-16 12:00,2026-04-16 16:00,btcusdt_microprice_20260416_12_5h_5sessions_hs2.00_rq5000:2026-04-16 16:00:fill-000014:fill-000015:96,fill-000014,fill-000015,sell,buy,1776356342382,1776356368644,1776356368644,26262,0.00007000,-0.000421762740000000000000000000,0.0016737000000000,0.002095462740000000000000000000,0.0015323000000000,-6.0251820000000000000000,US cash open,13:30,10168644,10168644,False,US cash open,13:30,10142382,10142382,False,US cash open,13:30,10168644,10168644,False,867,False,False,False,56,False,False,False
matched_lot,btcusdt_microprice_20260416_12_5h_5sessions_hs2.00_rq5000,2026-04-16 12:00,2026-04-16 16:00,btcusdt_microprice_20260416_12_5h_5sessions_hs2.00_rq5000:2026-04-16 16:00:fill-000015:fill-000017:97,fill-000015,fill-000017,buy,sell,1776356368644,1776356625423,1776356625423,256779,0.00050000,-0.1069517990000000000000000000,-0.0920050000000000,0.01494679900000000000000000000,-0.0925750000000000,-213.90359800000000000000,US cash open,13:30,10425423,10425423,False,US cash open,13:30,10168644,10168644,False,US cash open,13:30,10425423,10425423,False,155,False,False,False,10,False,False,True
matched_lot,btcusdt_microprice_20260416_12_5h_5sessions_hs2.00_rq5000,2026-04-16 12:00,2026-04-16 16:00,btcusdt_microprice_20260416_12_5h_5sessions_hs2.00_rq5000:2026-04-16 16:00:fill-000015:fill-000019:98,fill-000015,fill-000019,buy,sell,1776356368644,1776357066794,1776357066794,698150,0.0000561818278380844174934988320,-0.01403907470387869798354744653,-0.01236000212437857184856974304,0.001679072579500126134977703493,-0.01245607304998169620248362604,-249.8864000000000000000000000,US cash open,13:30,10866794,10866794,False,US cash open,13:30,10168644,10168644,False,US cash open,13:30,10866794,10866794,False,117,False,False,True,8,False,False,True
matched_lot,btcusdt_microprice_20260416_12_5h_5sessions_hs2.00_rq5000,2026-04-16 12:00,2026-04-16 16:00,btcusdt_microprice_20260416_12_5h_5sessions_hs2.00_rq5000:2026-04-16 16:00:fill-000016:fill-000019:99,fill-000016,fill-000019,buy,sell,1776356368647,1776357066794,1776357066794,698147,0.000263783783783783783783783784,-0.06591598010810810810810810816,-0.05803243243243243243243243248,0.007883547675675675675675675683,-0.05848350270270270270270270275,-249.8864000000000000000000000,US cash open,13:30,10866794,10866794,False,US cash open,13:30,10168647,10168647,False,US cash open,13:30,10866794,10866794,False,118,False,False,True,9,False,False,True
matched_lot,btcusdt_microprice_20260416_12_5h_5sessions_hs2.00_rq5000,2026-04-16 12:00,2026-04-16 16:00,btcusdt_microprice_20260416_12_5h_5sessions_hs2.00_rq5000:2026-04-16 16:00:fill-000018:fill-000019:100,fill-000018,fill-000019,buy,sell,1776356714213,1776357066794,1776357066794,352581,0.0006800343883781317987227173840,-0.05566271878503754649449084149,-0.03536178819566285353358130397,0.02030093058937469296090953752,-0.03787791543266194118885535829,-81.85280000000000000000000000,US cash open,13:30,10866794,10866794,False,US cash open,13:30,10514213,10514213,False,US cash open,13:30,10866794,10866794,False,481,False,False,False,27,False,False,False
matched_lot,btcusdt_microprice_20260416_12_5h_5sessions_hs2.00_rq5000,2026-04-16 12:00,2026-04-16 16:00,btcusdt_microprice_20260416_12_5h_5sessions_hs2.00_rq5000:2026-04-16 16:00:fill-000018:fill-000020:101,fill-000018,fill-000020,buy,sell,1776356714213,1776357107179,1776357107179,392966,0.0003199656116218682012772826160,-0.03898294693875921117271387462,-0.02943363661309565583549722785,0.009549310325663555337216646773,-0.03007996714857182960207733874,-121.8348020000000000000000000,US cash open,13:30,10907179,10907179,False,US cash open,13:30,10514213,10514213,False,US cash open,13:30,10907179,10907179,False,354,False,False,False,22,False,False,False
matched_lot,btcusdt_microprice_20260416_12_5h_5sessions_hs2.00_rq5000,2026-04-16 12:00,2026-04-16 16:00,btcusdt_microprice_20260416_12_5h_5sessions_hs2.00_rq5000:2026-04-16 16:00:fill-000020:fill-000022:102,fill-000020,fill-000022,sell,buy,1776357107179,1776357303480,1776357303480,196301,0.0000500343883781317987227173840,0.01131951974778019510141062538,0.01280930376868552179100287748,0.001489784020905326689592252098,0.01270823430416169555758298837,226.2347980000000000000000000,US cash open,13:30,11103480,11103480,False,US cash open,13:30,10907179,10907179,False,US cash open,13:30,11103480,11103480,False,1341,False,False,False,91,False,False,False
matched_lot,btcusdt_microprice_20260416_12_5h_5sessions_hs2.00_rq5000,2026-04-16 12:00,2026-04-16 16:00,btcusdt_microprice_20260416_12_5h_5sessions_hs2.00_rq5000:2026-04-16 16:00:fill-000021:fill-000022:103,fill-000021,fill-000022,sell,buy,1776357300931,1776357303480,1776357303480,2549,0.0000199656116218682012772826160,-0.0003760758143883781317987227114,0.0002174255105621447119096076882,0.0005935013249505228437083303996,0.0001076146466418696048845533002,-18.83617800000000000000000001,US cash open,13:30,11103480,11103480,False,US cash open,13:30,11100931,11100931,False,US cash open,13:30,11103480,11103480,False,816,False,False,False,50,False,False,False
matched_lot,btcusdt_microprice_20260416_12_5h_5sessions_hs2.00_rq5000,2026-04-16 12:00,2026-04-16 16:00,btcusdt_microprice_20260416_12_5h_5sessions_hs2.00_rq5000:2026-04-16 16:00:fill-000021:fill-000023:104,fill-000021,fill-000023,sell,buy,1776357300931,1776357463665,1776357463665,162734,0.0000439534883720930232558139535,-0.004520747172558139534883720931,-0.003213439534883720930232558140,0.001307307637674418604651162791,-0.003455183720930232558139534885,-102.8529780000000000000000000,US cash open,13:30,11263665,11263665,False,US cash open,13:30,11100931,11100931,False,US cash open,13:30,11263665,11263665,False,404,False,False,False,24,False,False,False
matched_lot,btcusdt_microprice_20260416_12_5h_5sessions_hs2.00_rq5000,2026-04-16 12:00,2026-04-16 16:00,btcusdt_microprice_20260416_12_5h_5sessions_hs2.00_rq5000:2026-04-16 16:00:fill-000021:fill-000024:105,fill-000021,fill-000024,sell,buy,1776357300931,1776357773885,1776357773885,472954,0.0000060809000060387754669034305,-0.0004916321184484264093604284193,-0.0003107947993086418141134343329,0.0001808373191397845952469940864,-0.0003442397493418550791814032006,-80.84857800000000000000000001,US cash open,13:30,11573885,11573885,False,US cash open,13:30,11100931,11100931,False,US cash open,13:30,11573885,11573885,False,483,False,False,False,28,False,False,False
matched_lot,btcusdt_microprice_20260416_12_5h_5sessions_hs2.00_rq5000,2026-04-16 12:00,2026-04-16 16:00,btcusdt_microprice_20260416_12_5h_5sessions_hs2.00_rq5000:2026-04-16 16:00:fill-000024:fill-000025:106,fill-000024,fill-000025,buy,sell,1776357773885,1776357841465,1776357841465,67580,0.0005600127536080998425319816100,-0.03317118055321872437891229857,-0.01651477610390286435626813768,0.01665640444931586002264416089,-0.01876042724587134472482138394,-59.23290200000000000000000000,US cash open,13:30,11641465,11641465,False,US cash open,13:30,11573885,11573885,False,US cash open,13:30,11641465,11641465,False,599,False,False,False,38,False,False,False
matched_lot,btcusdt_microprice_20260416_12_5h_5sessions_hs2.00_rq5000,2026-04-16 12:00,2026-04-16 16:00,btcusdt_microprice_20260416_12_5h_5sessions_hs2.00_rq5000:2026-04-16 16:00:fill-000024:fill-000026:107,fill-000024,fill-000026,buy,sell,1776357773885,1776357849065,1776357849065,75180,0.00007000,-0.004852461880000000000000000000,-0.0027706000000000,0.002081861880000000000000000000,-0.0030513000000000,-69.3208840000000000000000,US cash open,13:30,11649065,11649065,False,US cash open,13:30,11573885,11573885,False,US cash open,13:30,11649065,11649065,False,541,False,False,False,35,False,False,False
matched_lot,btcusdt_microprice_20260416_12_5h_5sessions_hs2.00_rq5000,2026-04-16 12:00,2026-04-16 16:00,btcusdt_microprice_20260416_12_5h_5sessions_hs2.00_rq5000:2026-04-16 16:00:fill-000024:fill-000027:108,fill-000024,fill-000027,buy,sell,1776357773885,1776357902483,1776357902483,128598,0.0003639063463858613820011149595,-0.02726377758933098767623738050,-0.01644128872971321723881037387,0.01082248885961777043742700663,-0.01790055317872052138063484485,-74.91976399999999999999999999,US cash close,20:00,-11697517,11697517,False,US cash open,13:30,11573885,11573885,False,US cash close,20:00,-11697517,11697517,False,517,False,False,False,30,False,False,False
matched_lot,btcusdt_microprice_20260416_12_5h_5sessions_hs2.00_rq5000,2026-04-16 12:00,2026-04-16 16:00,btcusdt_microprice_20260416_12_5h_5sessions_hs2.00_rq5000:2026-04-16 16:00:fill-000027:fill-000029:109,fill-000027,fill-000029,sell,buy,1776357902483,1776357965461,1776357965461,62978,0.0000760936536141386179988850405,0.000540008961609626225481135538,0.002801768326072583914718947191,0.002261759364462957689237811653,0.002496632775079888056543418179,7.096635999999999999999999996,US cash close,20:00,-11634539,11634539,False,US cash close,20:00,-11697517,11697517,False,US cash close,20:00,-11634539,11634539,False,931,False,False,False,61,False,False,False
matched_lot,btcusdt_microprice_20260416_12_5h_5sessions_hs2.00_rq5000,2026-04-16 12:00,2026-04-16 16:00,btcusdt_microprice_20260416_12_5h_5sessions_hs2.00_rq5000:2026-04-16 16:00:fill-000028:fill-000029:110,fill-000028,fill-000029,sell,buy,1776357919874,1776357965461,1776357965461,45587,0.00007000,0.00295887200000000000,0.0050400000000000,0.00208112800000000000,0.0047593000000000,42.269600000000,US cash close,20:00,-11634539,11634539,False,US cash close,20:00,-11680126,11680126,False,US cash close,20:00,-11634539,11634539,False,1076,False,False,False,71,False,False,False
matched_lot,btcusdt_microprice_20260416_12_5h_5sessions_hs2.00_rq5000,2026-04-16 12:00,2026-04-16 16:00,btcusdt_microprice_20260416_12_5h_5sessions_hs2.00_rq5000:2026-04-16 16:00:fill-000029:fill-000030:111,fill-000029,fill-000030,buy,sell,1776357965461,1776357976159,1776357976159,10698,0.00040000,-0.01428592000000000000000000000,-0.0024000000000000,0.01188592000000000000000000000,-0.0040040000000000,-35.714800000000000000000,US cash close,20:00,-11623841,11623841,False,US cash close,20:00,-11634539,11634539,False,US cash close,20:00,-11623841,11623841,False,707,False,False,False,43,False,False,False
matched_lot,btcusdt_microprice_20260416_12_5h_5sessions_hs2.00_rq5000,2026-04-16 12:00,2026-04-16 16:00,btcusdt_microprice_20260416_12_5h_5sessions_hs2.00_rq5000:2026-04-16 16:00:fill-000029:fill-000032:112,fill-000029,fill-000032,buy,sell,1776357965461,1776358116040,1776358116040,150579,0.0000534691279439847231063018,0.000443066474856779121578613023,0.002032361553150859325270531418,0.001589295078294080203691918395,0.0009303628262253341820496513200,8.286398000000000000000000002,US cash close,20:00,-11483960,11483960,False,US cash close,20:00,-11634539,11634539,False,US cash close,20:00,-11483960,11483960,False,940,False,False,False,62,False,False,False
matched_lot,btcusdt_microprice_20260416_12_5h_5sessions_hs2.00_rq5000,2026-04-16 12:00,2026-04-16 16:00,btcusdt_microprice_20260416_12_5h_5sessions_hs2.00_rq5000:2026-04-16 16:00:fill-000029:fill-000034:113,fill-000029,fill-000034,buy,sell,1776357965461,1776358457282,1776358457282,491821,0.00006993697749196141479099678457,-0.01293868604493376205787781351,-0.01086261134405144694533762058,0.002076074700882315112540192926,-0.01114305862379421221864951768,-185.0049360000000000000000001,US cash close,20:00,-11142718,11142718,False,US cash close,20:00,-11634539,11634539,False,US cash close,20:00,-11142718,11142718,False,189,False,False,False,12,False,False,False
matched_lot,btcusdt_microprice_20260416_12_5h_5sessions_hs2.00_rq5000,2026-04-16 12:00,2026-04-16 16:00,btcusdt_microprice_20260416_12_5h_5sessions_hs2.00_rq5000:2026-04-16 16:00:fill-000029:fill-000036:114,fill-000029,fill-000036,buy,sell,1776357965461,1776358775608,1776358775608,810147,0.00007000,-0.009341167500000000000000000000,-0.0072625000000000,0.002078667500000000000000000000,-0.0075432000000000,-133.4452500000000000000000,US cash close,20:00,-10824392,10824392,False,US cash close,20:00,-11634539,11634539,False,US cash close,20:00,-10824392,10824392,False,321,False,False,False,19,False,False,False
matched_lot,btcusdt_microprice_20260416_17_5h_5sessions_hs2.00_rq5000,2026-04-16 17:00,2026-04-16 17:00,btcusdt_microprice_20260416_17_5h_5sessions_hs2.00_rq5000:2026-04-16 17:00:fill-000001:fill-000003:1,fill-000001,fill-000003,sell,buy,1776358870599,1776359119794,1776359119794,249195,0.00030000,-0.00830100000000000000,0.0006000000000000,0.00890100000000000000,-0.0003270000000000,-27.670000000000,US cash close,20:00,-10480206,10480206,False,US cash close,20:00,-10729401,10729401,False,US cash close,20:00,-10480206,10480206,False,762,False,False,False,42,False,False,False
matched_lot,btcusdt_microprice_20260416_17_5h_5sessions_hs2.00_rq5000,2026-04-16 17:00,2026-04-16 17:00,btcusdt_microprice_20260416_17_5h_5sessions_hs2.00_rq5000:2026-04-16 17:00:fill-000002:fill-000003:2,fill-000002,fill-000003,sell,buy,1776359100379,1776359119794,1776359119794,19415,0.0001247555555555555555555555556,-0.005945351005066666666666666668,-0.002244352444444444444444444445,0.003700998560622222222222222223,-0.002495111111111111111111111112,-47.65600199999999999999999999,US cash close,20:00,-10480206,10480206,False,US cash close,20:00,-10499621,10499621,False,US cash close,20:00,-10480206,10480206,False,652,False,False,False,35,False,False,False
matched_lot,btcusdt_microprice_20260416_17_5h_5sessions_hs2.00_rq5000,2026-04-16 17:00,2026-04-16 17:00,btcusdt_microprice_20260416_17_5h_5sessions_hs2.00_rq5000:2026-04-16 17:00:fill-000003:fill-000007:3,fill-000003,fill-000007,buy,sell,1776359119794,1776359342575,1776359342575,222781,0.0003452444444444444444444444444,-0.06951678349368888888888888888,-0.05928537599999999999999999999,0.01023140749368888888888888889,-0.05997931733333333333333333332,-201.3552560000000000000000000,US cash close,20:00,-10257425,10257425,False,US cash close,20:00,-10480206,10480206,False,US cash close,20:00,-10257425,10257425,False,163,False,False,False,5,False,True,True
matched_lot,btcusdt_microprice_20260416_17_5h_5sessions_hs2.00_rq5000,2026-04-16 17:00,2026-04-16 17:00,btcusdt_microprice_20260416_17_5h_5sessions_hs2.00_rq5000:2026-04-16 17:00:fill-000004:fill-000007:4,fill-000004,fill-000007,buy,sell,1776359129782,1776359342575,1776359342575,212793,0.00007000,-0.01325399978000000000,-0.0111797000000000,0.00207429978000000000,-0.0114604000000000,-189.342854000000,US cash close,20:00,-10257425,10257425,False,US cash close,20:00,-10470218,10470218,False,US cash close,20:00,-10257425,10257425,False,179,False,False,False,7,False,False,True
matched_lot,btcusdt_microprice_20260416_17_5h_5sessions_hs2.00_rq5000,2026-04-16 17:00,2026-04-16 17:00,btcusdt_microprice_20260416_17_5h_5sessions_hs2.00_rq5000:2026-04-16 17:00:fill-000005:fill-000007:5,fill-000005,fill-000007,buy,sell,1776359282202,1776359342575,1776359342575,60373,0.0000747555555555555555555555556,-0.002790060932977777777777777779,-0.0005771128888888888888888888892,0.002212948044088888888888888890,-0.0008686595555555555555555555561,-37.32245599999999999999999999,US cash close,20:00,-10257425,10257425,False,US cash close,20:00,-10317798,10317798,False,US cash close,20:00,-10257425,10257425,False,702,False,False,False,39,False,False,False
matched_lot,btcusdt_microprice_20260416_17_5h_5sessions_hs2.00_rq5000,2026-04-16 17:00,2026-04-16 17:00,btcusdt_microprice_20260416_17_5h_5sessions_hs2.00_rq5000:2026-04-16 17:00:fill-000005:fill-000008:6,fill-000005,fill-000008,buy,sell,1776359282202,1776359366822,1776359366822,84620,0.0007252444444444444444444444444,0.00899128907395555555555555555,0.03046751911111111111111111111,0.02147623003715555555555555556,0.02908955466666666666666666667,12.39759799999999999999999999,US cash close,20:00,-10233178,10233178,False,US cash close,20:00,-10317798,10317798,False,US cash close,20:00,-10233178,10233178,False,961,False,False,False,54,False,False,False
matched_lot,btcusdt_microprice_20260416_17_5h_5sessions_hs2.00_rq5000,2026-04-16 17:00,2026-04-16 17:00,btcusdt_microprice_20260416_17_5h_5sessions_hs2.00_rq5000:2026-04-16 17:00:fill-000006:fill-000008:7,fill-000006,fill-000008,buy,sell,1776359307860,1776359366822,1776359366822,58962,0.00007000,0.00002836400000000000,0.0021014000000000,0.00207303600000000000,0.0019607000000000,0.405200000000,US cash close,20:00,-10233178,10233178,False,US cash close,20:00,-10292140,10292140,False,US cash close,20:00,-10233178,10233178,False,902,False,False,False,47,False,False,False
matched_lot,btcusdt_microprice_20260416_17_5h_5sessions_hs2.00_rq5000,2026-04-16 17:00,2026-04-16 17:00,btcusdt_microprice_20260416_17_5h_5sessions_hs2.00_rq5000:2026-04-16 17:00:fill-000008:fill-000010:8,fill-000008,fill-000010,sell,buy,1776359366822,1776359434953,1776359434953,68131,0.0002047555555555555555555555556,-0.01589320853395555555555555556,-0.009826219111111111111111111113,0.006066989422844444444444444447,-0.009914264000000000000000000002,-77.62040200000000000000000000,US cash close,20:00,-10165047,10165047,False,US cash close,20:00,-10233178,10233178,False,US cash close,20:00,-10165047,10165047,False,498,False,False,False,21,False,False,False
matched_lot,btcusdt_microprice_20260416_17_5h_5sessions_hs2.00_rq5000,2026-04-16 17:00,2026-04-16 17:00,btcusdt_microprice_20260416_17_5h_5sessions_hs2.00_rq5000:2026-04-16 17:00:fill-000009:fill-000010:9,fill-000009,fill-000010,sell,buy,1776359398480,1776359434953,1776359434953,36473,0.000075000000,-0.00432258000000000000000,-0.00210000000000000000,0.00222258000000000000000,-0.00228225000000000000,-57.63440000000,US cash close,20:00,-10165047,10165047,False,US cash close,20:00,-10201520,10201520,False,US cash close,20:00,-10165047,10165047,False,606,False,False,False,33,False,False,False
matched_lot,btcusdt_microprice_20260416_17_5h_5sessions_hs2.00_rq5000,2026-04-16 17:00,2026-04-16 17:00,btcusdt_microprice_20260416_17_5h_5sessions_hs2.00_rq5000:2026-04-16 17:00:fill-000010:fill-000016:10,fill-000010,fill-000016,buy,sell,1776359434953,1776359735353,1776359735353,300400,0.00007000,-0.01194562544000000000000000000,-0.0098728000000000,0.002072825440000000000000000000,-0.0100429000000000,-170.651792000000000000000,US cash close,20:00,-9864647,9864647,False,US cash close,20:00,-10165047,10165047,False,US cash close,20:00,-9864647,9864647,False,216,False,False,False,12,False,False,True
matched_lot,btcusdt_microprice_20260416_17_5h_5sessions_hs2.00_rq5000,2026-04-16 17:00,2026-04-16 17:00,btcusdt_microprice_20260416_17_5h_5sessions_hs2.00_rq5000:2026-04-16 17:00:fill-000010:fill-000019:11,fill-000010,fill-000019,buy,sell,1776359434953,1776359969830,1776359969830,534877,0.00049000,-0.01942262000000000000000000000,-0.0049000000000000,0.01452262000000000000000000000,-0.0060907000000000,-39.638000000000000000000,US cash close,20:00,-9630170,9630170,False,US cash close,20:00,-10165047,10165047,False,US cash close,20:00,-9630170,9630170,False,692,False,False,False,38,False,False,False
matched_lot,btcusdt_microprice_20260416_17_5h_5sessions_hs2.00_rq5000,2026-04-16 17:00,2026-04-16 17:00,btcusdt_microprice_20260416_17_5h_5sessions_hs2.00_rq5000:2026-04-16 17:00:fill-000010:fill-000020:12,fill-000010,fill-000020,buy,sell,1776359434953,1776360512892,1776360512892,1077939,0.0000002444444444444444444444444,0.000005463235555555555555555554570,0.00001271111111111111111111110880,0.000007247875555555555555555554230,0.00001211711111111111111111110891,22.34960000000000000000000003,US cash close,20:00,-9087108,9087108,False,US cash close,20:00,-10165047,10165047,False,US cash close,20:00,-9087108,9087108,False,1011,False,False,False,58,False,False,False
matched_lot,btcusdt_microprice_20260416_17_5h_5sessions_hs2.00_rq5000,2026-04-16 17:00,2026-04-16 17:00,btcusdt_microprice_20260416_17_5h_5sessions_hs2.00_rq5000:2026-04-16 17:00:fill-000011:fill-000020:13,fill-000011,fill-000020,buy,sell,1776359484136,1776360512892,1776360512892,1028756,0.00007000,0.00046455206000000000,0.0025403000000000,0.00207574794000000000,0.0023534000000000,6.636458000000,US cash close,20:00,-9087108,9087108,False,US cash close,20:00,-10115864,10115864,False,US cash close,20:00,-9087108,9087108,False,929,False,False,False,50,False,False,False
matched_lot,btcusdt_microprice_20260416_17_5h_5sessions_hs2.00_rq5000,2026-04-16 17:00,2026-04-16 17:00,btcusdt_microprice_20260416_17_5h_5sessions_hs2.00_rq5000:2026-04-16 17:00:fill-000012:fill-000020:14,fill-000012,fill-000020,buy,sell,1776359501439,1776360512892,1776360512892,1011453,0.00007000,0.00111708254000000000,0.0031927000000000,0.00207561746000000000,0.0029120000000000,15.958322000000,US cash close,20:00,-9087108,9087108,False,US cash close,20:00,-10098561,10098561,False,US cash close,20:00,-9087108,9087108,False,983,False,False,False,56,False,False,False
matched_lot,btcusdt_microprice_20260416_17_5h_5sessions_hs2.00_rq5000,2026-04-16 17:00,2026-04-16 17:00,btcusdt_microprice_20260416_17_5h_5sessions_hs2.00_rq5000:2026-04-16 17:00:fill-000013:fill-000020:15,fill-000013,fill-000020,buy,sell,1776359588186,1776360512892,1776360512892,924706,0.0008597555555555555555555555556,-0.02550103758222222222222222222,0.000000000000000000000000000000000000000,0.02550103758222222222222222222,-0.003447619777777777777777777778,-29.66080000000000000000000000,US cash close,20:00,-9087108,9087108,False,US cash close,20:00,-10011814,10011814,False,US cash close,20:00,-9087108,9087108,False,744,False,False,False,41,False,False,False
matched_lot,btcusdt_microprice_20260416_17_5h_5sessions_hs2.00_rq5000,2026-04-16 17:00,2026-04-16 17:00,btcusdt_microprice_20260416_17_5h_5sessions_hs2.00_rq5000:2026-04-16 17:00:fill-000013:fill-000022:16,fill-000013,fill-000022,buy,sell,1776359588186,1776360607905,1776360607905,1019719,0.0001402444444444444444444444444,0.005656787435066666666666666662,0.009818513555555555555555555552,0.004161726120488888888888888890,0.009535219777777777777777777774,40.33519799999999999999999998,US cash close,20:00,-8992095,8992095,False,US cash close,20:00,-10011814,10011814,False,US cash close,20:00,-8992095,8992095,False,1071,False,False,False,62,False,False,False
matched_lot,btcusdt_microprice_20260416_17_5h_5sessions_hs2.00_rq5000,2026-04-16 17:00,2026-04-16 17:00,btcusdt_microprice_20260416_17_5h_5sessions_hs2.00_rq5000:2026-04-16 17:00:fill-000014:fill-000022:17,fill-000014,fill-000022,buy,sell,1776359641191,1776360607905,1776360607905,966714,0.00007000,0.00706071114000000000,0.0091371000000000,0.00207638886000000000,0.0089957000000000,100.867302000000,US cash close,20:00,-8992095,8992095,False,US cash close,20:00,-9958809,9958809,False,US cash close,20:00,-8992095,8992095,False,1200,False,False,False,76,False,False,False
matched_lot,btcusdt_microprice_20260416_17_5h_5sessions_hs2.00_rq5000,2026-04-16 17:00,2026-04-16 17:00,btcusdt_microprice_20260416_17_5h_5sessions_hs2.00_rq5000:2026-04-16 17:00:fill-000015:fill-000022:18,fill-000015,fill-000022,buy,sell,1776359690480,1776360607905,1776360607905,917425,0.00003733333333333333333333333333,0.007447142080000000000000000000,0.008553813333333333333333333333,0.001106671253333333333333333333,0.008478400000000000000000000000,199.4770200000000000000000000,US cash close,20:00,-8992095,8992095,False,US cash close,20:00,-9909520,9909520,False,US cash close,20:00,-8992095,8992095,False,1324,False,False,False,92,False,False,False
matched_lot,btcusdt_microprice_20260416_17_5h_5sessions_hs2.00_rq5000,2026-04-16 17:00,2026-04-16 17:00,btcusdt_microprice_20260416_17_5h_5sessions_hs2.00_rq5000:2026-04-16 17:00:fill-000017:fill-000022:19,fill-000017,fill-000022,buy,sell,1776359948245,1776360607905,1776360607905,659660,0.0003324222222222222222222222223,0.03003275148626666666666666668,0.03989399088888888888888888890,0.009861239402622222222222222225,0.03922249800000000000000000001,90.34519800000000000000000002,US cash close,20:00,-8992095,8992095,False,US cash close,20:00,-9651755,9651755,False,US cash close,20:00,-8992095,8992095,False,1190,False,False,False,75,False,False,False
matched_lot,btcusdt_microprice_20260416_17_5h_5sessions_hs2.00_rq5000,2026-04-16 17:00,2026-04-16 17:00,btcusdt_microprice_20260416_17_5h_5sessions_hs2.00_rq5000:2026-04-16 17:00:fill-000017:fill-000027:20,fill-000017,fill-000027,buy,sell,1776359948245,1776361248382,1776361248382,1300137,0.00058000,0.09299209484000000000000000000,0.1102058000000000,0.01721370516000000000000000000,0.1078800000000000,160.331198000000000000000,US cash close,20:00,-8351618,8351618,False,US cash close,20:00,-9651755,9651755,False,US cash close,20:00,-8351618,8351618,False,1294,False,False,False,86,False,False,False
matched_lot,btcusdt_microprice_20260416_17_5h_5sessions_hs2.00_rq5000,2026-04-16 17:00,2026-04-16 17:00,btcusdt_microprice_20260416_17_5h_5sessions_hs2.00_rq5000:2026-04-16 17:00:fill-000017:fill-000029:21,fill-000017,fill-000029,buy,sell,1776359948245,1776361508674,1776361508674,1560429,0.0000400396196513470681458003170,0.01018217137242472266244057054,0.01137125198098256735340729003,0.001189080608557844690966719494,0.01129077234548335974643423139,254.3024000000000000000000002,US cash close,20:00,-8091326,8091326,False,US cash close,20:00,-9651755,9651755,False,US cash close,20:00,-8091326,8091326,False,1363,False,False,False,101,False,False,False
matched_lot,btcusdt_microprice_20260416_17_5h_5sessions_hs2.00_rq5000,2026-04-16 17:00,2026-04-16 17:00,btcusdt_microprice_20260416_17_5h_5sessions_hs2.00_rq5000:2026-04-16 17:00:fill-000017:fill-000030:22,fill-000017,fill-000030,buy,sell,1776359948245,1776361509852,1776361509852,1561607,0.0000475381581264307096319774607,0.01208906770313083289311498500,0.01350083690790632153548159884,0.001411769204775488642366613836,0.01340528521007219580912132414,254.3024000000000000000000000,US cash close,20:00,-8090148,8090148,False,US cash close,20:00,-9651755,9651755,False,US cash close,20:00,-8090148,8090148,False,1362,False,False,False,100,False,False,False
matched_lot,btcusdt_microprice_20260416_17_5h_5sessions_hs2.00_rq5000,2026-04-16 17:00,2026-04-16 17:00,btcusdt_microprice_20260416_17_5h_5sessions_hs2.00_rq5000:2026-04-16 17:00:fill-000018:fill-000030:23,fill-000018,fill-000030,buy,sell,1776359949330,1776361509852,1776361509852,1560522,0.0009124222222222222222222222223,0.2338563703377777777777777778,0.2609527555555555555555555556,0.02709638521777777777777777778,0.2609436313333333333333333334,256.3028000000000000000000000,US cash close,20:00,-8090148,8090148,False,US cash close,20:00,-9650670,9650670,False,US cash close,20:00,-8090148,8090148,False,1367,False,False,False,103,False,False,False
matched_lot,btcusdt_microprice_20260416_17_5h_5sessions_hs2.00_rq5000,2026-04-16 17:00,2026-04-16 17:00,btcusdt_microprice_20260416_17_5h_5sessions_hs2.00_rq5000:2026-04-16 17:00:fill-000018:fill-000031:24,fill-000018,fill-000031,buy,sell,1776359949330,1776361565785,1776361565785,1616455,0.0000875777777777777777777777777,0.01772780713106666666666666664,0.02032767799999999999999999998,0.002599870868933333333333333335,0.02015164666666666666666666665,202.4235779999999999999999999,US cash close,20:00,-8034215,8034215,False,US cash close,20:00,-9650670,9650670,False,US cash close,20:00,-8034215,8034215,False,1327,False,False,False,94,False,False,False
matched_lot,btcusdt_microprice_20260416_17_5h_5sessions_hs2.00_rq5000,2026-04-16 17:00,2026-04-16 17:00,btcusdt_microprice_20260416_17_5h_5sessions_hs2.00_rq5000:2026-04-16 17:00:fill-000021:fill-000031:25,fill-000021,fill-000031,buy,sell,1776360533053,1776361565785,1776361565785,1032732,0.00016000,0.01777525056000000000000000000,0.0225280000000000,0.004752749440000000000000000000,0.0218864000000000,111.095316000000000000000,US cash close,20:00,-8034215,8034215,False,US cash close,20:00,-9066947,9066947,False,US cash close,20:00,-8034215,8034215,False,1212,False,False,False,77,False,False,False
matched_lot,btcusdt_microprice_20260416_17_5h_5sessions_hs2.00_rq5000,2026-04-16 17:00,2026-04-16 17:00,btcusdt_microprice_20260416_17_5h_5sessions_hs2.00_rq5000:2026-04-16 17:00:fill-000023:fill-000031:26,fill-000023,fill-000031,buy,sell,1776360840368,1776361565785,1776361565785,725417,0.0000324222222222222222222222222,0.0005964644893333333333333333326,0.001560157333333333333333333332,0.0009636928439999999999999999994,0.001430144222222222222222222220,18.39677999999999999999999999,US cash close,20:00,-8034215,8034215,False,US cash close,20:00,-8759632,8759632,False,US cash close,20:00,-8034215,8034215,False,992,False,False,False,57,False,False,False
matched_lot,btcusdt_microprice_20260416_17_5h_5sessions_hs2.00_rq5000,2026-04-16 17:00,2026-04-16 17:00,btcusdt_microprice_20260416_17_5h_5sessions_hs2.00_rq5000:2026-04-16 17:00:fill-000023:fill-000033:27,fill-000023,fill-000033,buy,sell,1776360840368,1776362341638,1776362341638,1501270,0.0000000000000000000000000000005,-0.00000000000000000000000000004838009200000000000000000000,-0.000000000000000000000000000033530000000,0.00000000000000000000000000001485009200000000000000000000,-0.000000000000000000000000000035535000000,-96.7601840000000000000000000,US cash close,20:00,-7258362,7258362,False,US cash close,20:00,-8759632,8759632,False,US cash close,20:00,-7258362,7258362,False,428,False,False,False,18,False,False,False
matched_lot,btcusdt_microprice_20260416_17_5h_5sessions_hs2.00_rq5000,2026-04-16 17:00,2026-04-16 17:00,btcusdt_microprice_20260416_17_5h_5sessions_hs2.00_rq5000:2026-04-16 17:00:fill-000023:fill-000034:28,fill-000023,fill-000034,buy,sell,1776360840368,1776362345982,1776362345982,1505614,0.00007000,-0.005158635860000000000000000000,-0.0030793000000000,0.002079335860000000000000000000,-0.0032487000000000,-73.6947980000000000000000,US cash close,20:00,-7254018,7254018,False,US cash close,20:00,-8759632,8759632,False,US cash close,20:00,-7254018,7254018,False,520,False,False,False,23,False,False,False
matched_lot,btcusdt_microprice_20260416_17_5h_5sessions_hs2.00_rq5000,2026-04-16 17:00,2026-04-16 18:00,btcusdt_microprice_20260416_17_5h_5sessions_hs2.00_rq5000:2026-04-16 18:00:fill-000001:fill-000004:29,fill-000001,fill-000004,sell,buy,1776362455512,1776362971140,1776362971140,515628,0.00015000,0.01211092560000000000,0.0165720000000000,0.00446107440000000000,0.0161985000000000,80.739504000000,US cash close,20:00,-6628860,6628860,False,US cash close,20:00,-7144488,7144488,False,US cash close,20:00,-6628860,6628860,False,1174,False,False,False,71,False,False,False
matched_lot,btcusdt_microprice_20260416_17_5h_5sessions_hs2.00_rq5000,2026-04-16 17:00,2026-04-16 18:00,btcusdt_microprice_20260416_17_5h_5sessions_hs2.00_rq5000:2026-04-16 18:00:fill-000002:fill-000004:30,fill-000002,fill-000004,sell,buy,1776362830400,1776362971140,1776362971140,140740,0.00085000,0.05122406000000000000,0.0765000000000000,0.02527594000000000000,0.0747915000000000,60.263600000000,US cash close,20:00,-6628860,6628860,False,US cash close,20:00,-6769600,6769600,False,US cash close,20:00,-6628860,6628860,False,1124,False,False,False,66,False,False,False
matched_lot,btcusdt_microprice_20260416_17_5h_5sessions_hs2.00_rq5000,2026-04-16 17:00,2026-04-16 18:00,btcusdt_microprice_20260416_17_5h_5sessions_hs2.00_rq5000:2026-04-16 18:00:fill-000002:fill-000006:31,fill-000002,fill-000006,sell,buy,1776362830400,1776363017273,1776363017273,186873,0.00015000,0.01144002000000000000,0.0159000000000000,0.00445998000000000000,0.0152985000000000,76.266800000000,US cash close,20:00,-6582727,6582727,False,US cash close,20:00,-6769600,6769600,False,US cash close,20:00,-6582727,6582727,False,1164,False,False,False,69,False,False,False
matched_lot,btcusdt_microprice_20260416_17_5h_5sessions_hs2.00_rq5000,2026-04-16 17:00,2026-04-16 18:00,btcusdt_microprice_20260416_17_5h_5sessions_hs2.00_rq5000:2026-04-16 18:00:fill-000003:fill-000006:32,fill-000003,fill-000006,sell,buy,1776362830563,1776363017273,1776363017273,186710,0.00085000,0.06992576000000000000,0.0952000000000000,0.02527424000000000000,0.0934915000000000,82.265600000000,US cash close,20:00,-6582727,6582727,False,US cash close,20:00,-6769437,6769437,False,US cash close,20:00,-6582727,6582727,False,1176,False,False,False,72,False,False,False
matched_lot,btcusdt_microprice_20260416_17_5h_5sessions_hs2.00_rq5000,2026-04-16 17:00,2026-04-16 18:00,btcusdt_microprice_20260416_17_5h_5sessions_hs2.00_rq5000:2026-04-16 18:00:fill-000003:fill-000007:33,fill-000003,fill-000007,sell,buy,1776362830563,1776363020607,1776363020607,190044,0.00006000,0.00505656012000000000,0.0068406000000000,0.00178403988000000000,0.0068394000000000,84.276002000000,US cash close,20:00,-6579393,6579393,False,US cash close,20:00,-6769437,6769437,False,US cash close,20:00,-6579393,6579393,False,1178,False,False,False,73,False,False,False
matched_lot,btcusdt_microprice_20260416_17_5h_5sessions_hs2.00_rq5000,2026-04-16 17:00,2026-04-16 18:00,btcusdt_microprice_20260416_17_5h_5sessions_hs2.00_rq5000:2026-04-16 18:00:fill-000005:fill-000007:34,fill-000005,fill-000007,sell,buy,1776362997465,1776363020607,1776363020607,23142,0.00028000,-0.01839152000000000000,-0.0100744000000000,0.00831712000000000000,-0.0106400000000000,-65.684000000000,US cash close,20:00,-6579393,6579393,False,US cash close,20:00,-6602535,6602535,False,US cash close,20:00,-6579393,6579393,False,567,False,False,False,29,False,False,False
matched_lot,btcusdt_microprice_20260416_17_5h_5sessions_hs2.00_rq5000,2026-04-16 17:00,2026-04-16 18:00,btcusdt_microprice_20260416_17_5h_5sessions_hs2.00_rq5000:2026-04-16 18:00:fill-000007:fill-000008:35,fill-000007,fill-000008,buy,sell,1776363020607,1776363088665,1776363088665,68058,0.00024000,-0.001846944000000000000000000001,0.0052848000000000,0.007131744000000000000000000001,0.0048000000000000,-7.695600000000000000000000004,US cash close,20:00,-6511335,6511335,False,US cash close,20:00,-6579393,6579393,False,US cash close,20:00,-6511335,6511335,False,860,False,False,False,44,False,False,False
matched_lot,btcusdt_microprice_20260416_17_5h_5sessions_hs2.00_rq5000,2026-04-16 17:00,2026-04-16 18:00,btcusdt_microprice_20260416_17_5h_5sessions_hs2.00_rq5000:2026-04-16 18:00:fill-000008:fill-000012:36,fill-000008,fill-000012,sell,buy,1776363088665,1776363686087,1776363686087,597422,0.0000399999999999999999999999998,-0.007524066959999999999999999962,-0.006333999999999999999999999968,0.001190066959999999999999999994,-0.006494399999999999999999999968,-188.1016740000000000000000000,US cash close,20:00,-5913913,5913913,False,US cash close,20:00,-6511335,6511335,False,US cash close,20:00,-5913913,5913913,False,182,False,False,False,8,False,False,True
matched_lot,btcusdt_microprice_20260416_17_5h_5sessions_hs2.00_rq5000,2026-04-16 17:00,2026-04-16 18:00,btcusdt_microprice_20260416_17_5h_5sessions_hs2.00_rq5000:2026-04-16 18:00:fill-000009:fill-000012:37,fill-000009,fill-000012,sell,buy,1776363245815,1776363686087,1776363686087,440272,0.0000300000000000000000000000002,-0.002995179900000000000000000020,-0.002102100000000000000000000014,0.0008930799000000000000000000059,-0.002162700000000000000000000014,-99.83933000000000000000000000,US cash close,20:00,-5913913,5913913,False,US cash close,20:00,-6354185,6354185,False,US cash close,20:00,-5913913,5913913,False,413,False,False,False,17,False,False,False
matched_lot,btcusdt_microprice_20260416_17_5h_5sessions_hs2.00_rq5000,2026-04-16 17:00,2026-04-16 18:00,btcusdt_microprice_20260416_17_5h_5sessions_hs2.00_rq5000:2026-04-16 18:00:fill-000009:fill-000013:38,fill-000009,fill-000013,sell,buy,1776363245815,1776363776008,1776363776008,530193,0.00007000,-0.003602876060000000000000000000,-0.0015197000000000,0.002083176060000000000000000000,-0.0016611000000000,-51.4696580000000000000000,US cash close,20:00,-5823992,5823992,False,US cash close,20:00,-6354185,6354185,False,US cash close,20:00,-5823992,5823992,False,626,False,False,False,34,False,False,False
matched_lot,btcusdt_microprice_20260416_17_5h_5sessions_hs2.00_rq5000,2026-04-16 17:00,2026-04-16 18:00,btcusdt_microprice_20260416_17_5h_5sessions_hs2.00_rq5000:2026-04-16 18:00:fill-000009:fill-000016:39,fill-000009,fill-000016,sell,buy,1776363245815,1776364412523,1776364412523,1166708,0.000460076901950013732491073881,-0.01447202076128536116451524307,-0.0007821307333150233452348255977,0.01368989002797033781928041747,-0.001711486075254051084866794837,-31.45565600000000000000000000,US cash close,20:00,-5187477,5187477,False,US cash close,20:00,-6354185,6354185,False,US cash close,20:00,-5187477,5187477,False,732,False,False,False,40,False,False,False
matched_lot,btcusdt_microprice_20260416_17_5h_5sessions_hs2.00_rq5000,2026-04-16 17:00,2026-04-16 18:00,btcusdt_microprice_20260416_17_5h_5sessions_hs2.00_rq5000:2026-04-16 18:00:fill-000009:fill-000018:40,fill-000009,fill-000018,sell,buy,1776363245815,1776364812707,1776364812707,1566892,0.0000899230980499862675089261188,-0.01632065184998077451249656680,-0.01364223320516341664377918148,0.002678418644817357868717385323,-0.01382387786322438890414721224,-181.4956579999999999999999999,US cash close,20:00,-4787293,4787293,False,US cash close,20:00,-6354185,6354185,False,US cash close,20:00,-4787293,4787293,False,196,False,False,False,9,False,False,True
matched_lot,btcusdt_microprice_20260416_17_5h_5sessions_hs2.00_rq5000,2026-04-16 17:00,2026-04-16 18:00,btcusdt_microprice_20260416_17_5h_5sessions_hs2.00_rq5000:2026-04-16 18:00:fill-000010:fill-000018:41,fill-000010,fill-000018,sell,buy,1776363487509,1776364812707,1776364812707,1325198,0.0002600769019500137324910738812,-0.04941564023472672342762977212,-0.04166952123043120021971985725,0.007746119004295523207909914869,-0.04397640335072782202691568257,-190.0039560000000000000000000,US cash close,20:00,-4787293,4787293,False,US cash close,20:00,-6112491,6112491,False,US cash close,20:00,-4787293,4787293,False,177,False,False,False,6,False,True,True
matched_lot,btcusdt_microprice_20260416_17_5h_5sessions_hs2.00_rq5000,2026-04-16 17:00,2026-04-16 18:00,btcusdt_microprice_20260416_17_5h_5sessions_hs2.00_rq5000:2026-04-16 18:00:fill-000010:fill-000021:42,fill-000010,fill-000021,sell,buy,1776363487509,1776365603210,1776365603210,2115701,0.0002299230980499862675089261188,-0.1512612356964570173029387528,-0.1443917055753913759956056026,0.006869530121065641307333150222,-0.1464311234550947541884097773,-657.8775119999999999999999999,US cash close,20:00,-3996790,3996790,False,US cash close,20:00,-6112491,6112491,False,US cash close,20:00,-3996790,3996790,False,2,True,True,True,1,True,True,True
matched_lot,btcusdt_microprice_20260416_17_5h_5sessions_hs2.00_rq5000,2026-04-16 17:00,2026-04-16 18:00,btcusdt_microprice_20260416_17_5h_5sessions_hs2.00_rq5000:2026-04-16 18:00:fill-000011:fill-000021:43,fill-000011,fill-000021,sell,buy,1776363491849,1776365603210,1776365603210,2111361,0.0000500769019500137324910738812,-0.03184700150993683054106014857,-0.03035060873386432298819005792,0.001496392776072507552870090646,-0.03055141711068387805547926418,-635.9618960000000000000000001,US cash close,20:00,-3996790,3996790,False,US cash close,20:00,-6108151,6108151,False,US cash close,20:00,-3996790,3996790,False,5,True,True,True,2,False,True,True
matched_lot,btcusdt_microprice_20260416_17_5h_5sessions_hs2.00_rq5000,2026-04-16 17:00,2026-04-16 19:00,btcusdt_microprice_20260416_17_5h_5sessions_hs2.00_rq5000:2026-04-16 19:00:fill-000001:fill-000010:44,fill-000001,fill-000010,buy,sell,1776366010315,1776366478214,1776366478214,467899,0.00007000,-0.01217904800000000000,-0.0100800000000000,0.00209904800000000000,-0.0102207000000000,-173.986400000000,US cash close,20:00,-3121786,3121786,False,US cash close,20:00,-3589685,3589685,False,US cash close,20:00,-3121786,3121786,False,208,False,False,False,10,False,False,True
matched_lot,btcusdt_microprice_20260416_17_5h_5sessions_hs2.00_rq5000,2026-04-16 17:00,2026-04-16 19:00,btcusdt_microprice_20260416_17_5h_5sessions_hs2.00_rq5000:2026-04-16 19:00:fill-000001:fill-000015:45,fill-000001,fill-000015,buy,sell,1776366010315,1776366906451,1776366906451,896136,0.00031000,-0.06970542944000000000,-0.0604128000000000,0.00929262944000000000,-0.0610359000000000,-224.856224000000,US cash close,20:00,-2693549,2693549,False,US cash close,20:00,-3589685,3589685,False,US cash close,20:00,-2693549,2693549,False,143,False,False,True,4,False,True,True
matched_lot,btcusdt_microprice_20260416_17_5h_5sessions_hs2.00_rq5000,2026-04-16 17:00,2026-04-16 19:00,btcusdt_microprice_20260416_17_5h_5sessions_hs2.00_rq5000:2026-04-16 19:00:fill-000001:fill-000017:46,fill-000001,fill-000017,buy,sell,1776366010315,1776366981313,1776366981313,970998,0.000150000000000000000000000000,-0.03509616000000000000000000000,-0.03060000000000000000000000000,0.0044961600000000000000000,-0.03090150000000000000000000000,-233.9744,US cash close,20:00,-2618687,2618687,False,US cash close,20:00,-3589685,3589685,False,US cash close,20:00,-2618687,2618687,False,134,False,False,True,3,False,True,True
matched_lot,btcusdt_microprice_20260416_17_5h_5sessions_hs2.00_rq5000,2026-04-16 17:00,2026-04-16 19:00,btcusdt_microprice_20260416_17_5h_5sessions_hs2.00_rq5000:2026-04-16 19:00:fill-000001:fill-000018:47,fill-000001,fill-000018,buy,sell,1776366010315,1776367192963,1776367192963,1182648,0.00007000,-0.01063025782000000000,-0.0085309000000000,0.00209935782000000000,-0.0086716000000000,-151.860826000000,US cash close,20:00,-2407037,2407037,False,US cash close,20:00,-3589685,3589685,False,US cash close,20:00,-2407037,2407037,False,270,False,False,False,13,False,False,False
matched_lot,btcusdt_microprice_20260416_17_5h_5sessions_hs2.00_rq5000,2026-04-16 17:00,2026-04-16 19:00,btcusdt_microprice_20260416_17_5h_5sessions_hs2.00_rq5000:2026-04-16 19:00:fill-000001:fill-000019:48,fill-000001,fill-000019,buy,sell,1776366010315,1776367289565,1776367289565,1279250,0.00024000,-0.04115205696000000000,-0.0339552000000000,0.00719685696000000000,-0.0344376000000000,-171.466904000000,US cash close,20:00,-2310435,2310435,False,US cash close,20:00,-3589685,3589685,False,US cash close,20:00,-2310435,2310435,False,215,False,False,False,11,False,False,True
matched_lot,btcusdt_microprice_20260416_17_5h_5sessions_hs2.00_rq5000,2026-04-16 17:00,2026-04-16 19:00,btcusdt_microprice_20260416_17_5h_5sessions_hs2.00_rq5000:2026-04-16 19:00:fill-000001:fill-000020:49,fill-000001,fill-000020,buy,sell,1776366010315,1776367393322,1776367393322,1383007,0.000160000000000000000000000000,-0.02239891200000000000000000000,-0.01760000000000000000000000000,0.0047989120000000000000000,-0.01760160000000000000000000000,-139.9932,US cash close,20:00,-2206678,2206678,False,US cash close,20:00,-3589685,3589685,False,US cash close,20:00,-2206678,2206678,False,296,False,False,False,14,False,False,False
matched_lot,btcusdt_microprice_20260416_17_5h_5sessions_hs2.00_rq5000,2026-04-16 17:00,2026-04-16 19:00,btcusdt_microprice_20260416_17_5h_5sessions_hs2.00_rq5000:2026-04-16 19:00:fill-000002:fill-000020:50,fill-000002,fill-000020,buy,sell,1776366095015,1776367393322,1776367393322,1298307,0.000680000000000000000000000000,-0.07479129600000000000000000000,-0.05440000000000000000000000000,0.0203912960000000000000000,-0.05441360000000000000000000000,-109.9872,US cash close,20:00,-2206678,2206678,False,US cash close,20:00,-3504985,3504985,False,US cash close,20:00,-2206678,2206678,False,384,False,False,False,15,False,False,False
matched_lot,btcusdt_microprice_20260416_17_5h_5sessions_hs2.00_rq5000,2026-04-16 17:00,2026-04-16 19:00,btcusdt_microprice_20260416_17_5h_5sessions_hs2.00_rq5000:2026-04-16 19:00:fill-000002:fill-000021:51,fill-000002,fill-000021,buy,sell,1776366095015,1776367486207,1776367486207,1391192,0.000013750000000000000000000000,-0.001044917500000000000000000000,-0.0006325000000000000000000000000,0.000412417500000000000000000,-0.0006602750000000000000000000000,-75.994,US cash close,20:00,-2113793,2113793,False,US cash close,20:00,-3504985,3504985,False,US cash close,20:00,-2113793,2113793,False,507,False,False,False,22,False,False,False
matched_lot,btcusdt_microprice_20260416_17_5h_5sessions_hs2.00_rq5000,2026-04-16 17:00,2026-04-16 19:00,btcusdt_microprice_20260416_17_5h_5sessions_hs2.00_rq5000:2026-04-16 19:00:fill-000003:fill-000021:52,fill-000003,fill-000021,buy,sell,1776366100951,1776367486207,1776367486207,1385256,0.000056250000000000000000000000,-0.003824572500000000000000000000,-0.002137500000000000000000000000,0.001687072500000000000000000000,-0.002250562500000000000000000000,-67.9924,US cash close,20:00,-2113793,2113793,False,US cash close,20:00,-3499049,3499049,False,US cash close,20:00,-2113793,2113793,False,550,False,False,False,25,False,False,False
matched_lot,btcusdt_microprice_20260416_17_5h_5sessions_hs2.00_rq5000,2026-04-16 17:00,2026-04-16 19:00,btcusdt_microprice_20260416_17_5h_5sessions_hs2.00_rq5000:2026-04-16 19:00:fill-000003:fill-000025:53,fill-000003,fill-000025,buy,sell,1776366100951,1776367623696,1776367623696,1522745,0.000943750000000000000000000000,-0.1019102775000000000000000000,-0.07361250000000000000000000000,0.02829777750000000000000000000,-0.07550943750000000000000000000,-107.9844,US cash close,20:00,-1976304,1976304,False,US cash close,20:00,-3499049,3499049,False,US cash close,20:00,-1976304,1976304,False,387,False,False,False,16,False,False,False
matched_lot,btcusdt_microprice_20260416_17_5h_5sessions_hs2.00_rq5000,2026-04-16 17:00,2026-04-16 19:00,btcusdt_microprice_20260416_17_5h_5sessions_hs2.00_rq5000:2026-04-16 19:00:fill-000004:fill-000025:54,fill-000004,fill-000025,buy,sell,1776366195891,1776367623696,1776367623696,1427805,0.000056250000000000000000000000,-0.005061420000000000000000000000,-0.003375000000000000000000000000,0.001686420000000000000000000000,-0.003572437500000000000000000000,-89.9808,US cash close,20:00,-1976304,1976304,False,US cash close,20:00,-3404109,3404109,False,US cash close,20:00,-1976304,1976304,False,447,False,False,False,19,False,False,False
matched_lot,btcusdt_microprice_20260416_17_5h_5sessions_hs2.00_rq5000,2026-04-16 17:00,2026-04-16 19:00,btcusdt_microprice_20260416_17_5h_5sessions_hs2.00_rq5000:2026-04-16 19:00:fill-000004:fill-000027:55,fill-000004,fill-000027,buy,sell,1776366195891,1776367660818,1776367660818,1464927,0.000063750000000000000000000000,-0.004334056500000000000000000000,-0.002422500000000000000000000000,0.00191155650000000000000000,-0.002518762500000000000000000000,-67.9852,US cash close,20:00,-1939182,1939182,False,US cash close,20:00,-3404109,3404109,False,US cash close,20:00,-1939182,1939182,False,551,False,False,False,26,False,False,False
matched_lot,btcusdt_microprice_20260416_17_5h_5sessions_hs2.00_rq5000,2026-04-16 17:00,2026-04-16 19:00,btcusdt_microprice_20260416_17_5h_5sessions_hs2.00_rq5000:2026-04-16 19:00:fill-000005:fill-000027:56,fill-000005,fill-000027,buy,sell,1776366195895,1776367660818,1776367660818,1464923,0.000776250000000000000000000000,-0.05277351150000000000000000000,-0.02949750000000000000000000000,0.0232760115000000000000000,-0.03066963750000000000000000000,-67.9852,US cash close,20:00,-1939182,1939182,False,US cash close,20:00,-3404105,3404105,False,US cash close,20:00,-1939182,1939182,False,552,False,False,False,27,False,False,False
matched_lot,btcusdt_microprice_20260416_17_5h_5sessions_hs2.00_rq5000,2026-04-16 17:00,2026-04-16 19:00,btcusdt_microprice_20260416_17_5h_5sessions_hs2.00_rq5000:2026-04-16 19:00:fill-000005:fill-000030:57,fill-000005,fill-000030,buy,sell,1776366195895,1776367818235,1776367818235,1622340,0.000103750000000000000000000000,-0.004148008207500000000000000000,-0.001036462500000000000000000000,0.003111545707500000000000000000,-0.001400625000000000000000000000,-39.980802,US cash close,20:00,-1781765,1781765,True,US cash close,20:00,-3404105,3404105,False,US cash close,20:00,-1781765,1781765,True,688,False,False,False,37,False,False,False
matched_lot,btcusdt_microprice_20260416_17_5h_5sessions_hs2.00_rq5000,2026-04-16 17:00,2026-04-16 19:00,btcusdt_microprice_20260416_17_5h_5sessions_hs2.00_rq5000:2026-04-16 19:00:fill-000006:fill-000030:58,fill-000006,fill-000030,buy,sell,1776366298738,1776367818235,1776367818235,1519497,0.0005263209784891721590497573707,0.00212001984871242847830810459,0.01790017647841674512928224818,0.01578015662970431665097414359,0.01684227131165350908959223586,4.027998000000000000000000001,US cash close,20:00,-1781765,1781765,True,US cash close,20:00,-3301262,3301262,False,US cash close,20:00,-1781765,1781765,True,917,False,False,False,48,False,False,False
matched_lot,btcusdt_microprice_20260416_17_5h_5sessions_hs2.00_rq5000,2026-04-16 17:00,2026-04-16 19:00,btcusdt_microprice_20260416_17_5h_5sessions_hs2.00_rq5000:2026-04-16 19:00:fill-000006:fill-000031:59,fill-000006,fill-000031,buy,sell,1776366298738,1776367856512,1776367856512,1557774,0.00044000,0.01028901544000000000000000000,0.0234828000000000,0.01319378456000000000000000000,0.0225984000000000,23.384126000000000000000,US cash close,20:00,-1743488,1743488,True,US cash close,20:00,-3301262,3301262,False,US cash close,20:00,-1743488,1743488,True,1015,False,False,False,59,False,False,False
matched_lot,btcusdt_microprice_20260416_17_5h_5sessions_hs2.00_rq5000,2026-04-16 17:00,2026-04-16 19:00,btcusdt_microprice_20260416_17_5h_5sessions_hs2.00_rq5000:2026-04-16 19:00:fill-000006:fill-000032:60,fill-000006,fill-000032,buy,sell,1776366298738,1776367923548,1776367923548,1624810,0.0000336790215108278409502426293,0.006858667595452487868472513689,0.007869776956435141594843195189,0.001011109360982653726370681500,0.007802082123198377634533207504,203.6480660000000000000000000,US cash close,20:00,-1676452,1676452,True,US cash close,20:00,-3301262,3301262,False,US cash close,20:00,-1676452,1676452,True,1328,False,False,False,95,False,False,False
matched_lot,btcusdt_microprice_20260416_17_5h_5sessions_hs2.00_rq5000,2026-04-16 17:00,2026-04-16 19:00,btcusdt_microprice_20260416_17_5h_5sessions_hs2.00_rq5000:2026-04-16 19:00:fill-000007:fill-000032:61,fill-000007,fill-000032,buy,sell,1776366345456,1776367923548,1776367923548,1578092,0.0001463209784891721590497573707,0.02833594536012566089664662877,0.03272907646845802853624972868,0.004393131108332367639603099914,0.03243350809190990077496921879,193.6560680000000000000000000,US cash close,20:00,-1676452,1676452,True,US cash close,20:00,-3254544,3254544,False,US cash close,20:00,-1676452,1676452,True,1321,False,False,False,91,False,False,False
matched_lot,btcusdt_microprice_20260416_17_5h_5sessions_hs2.00_rq5000,2026-04-16 17:00,2026-04-16 19:00,btcusdt_microprice_20260416_17_5h_5sessions_hs2.00_rq5000:2026-04-16 19:00:fill-000007:fill-000033:62,fill-000007,fill-000033,buy,sell,1776366345456,1776368099910,1776368099910,1754454,0.00007000,0.001820672280000000000000000000,0.0039200000000000,0.002099327720000000000000000000,0.0037786000000000,26.0096040000000000000000,US cash close,20:00,-1500090,1500090,True,US cash close,20:00,-3254544,3254544,False,US cash close,20:00,-1500090,1500090,True,1028,False,False,False,60,False,False,False
matched_lot,btcusdt_microprice_20260416_17_5h_5sessions_hs2.00_rq5000,2026-04-16 17:00,2026-04-16 19:00,btcusdt_microprice_20260416_17_5h_5sessions_hs2.00_rq5000:2026-04-16 19:00:fill-000007:fill-000035:63,fill-000007,fill-000035,buy,sell,1776366345456,1776368122805,1776368122805,1777349,0.00014000,0.000666939560000000000000000000,0.0048650000000000,0.004198060440000000000000000000,0.0045822000000000,4.7638540000000000000000,US cash close,20:00,-1477195,1477195,True,US cash close,20:00,-3254544,3254544,False,US cash close,20:00,-1477195,1477195,True,919,False,False,False,49,False,False,False
matched_lot,btcusdt_microprice_20260416_17_5h_5sessions_hs2.00_rq5000,2026-04-16 17:00,2026-04-16 19:00,btcusdt_microprice_20260416_17_5h_5sessions_hs2.00_rq5000:2026-04-16 19:00:fill-000007:fill-000036:64,fill-000007,fill-000036,buy,sell,1776366345456,1776368154185,1776368154185,1808729,0.0002236790215108278409502426293,0.02013263340067882233649598018,0.02684371937151444919243861794,0.006711085970835626855942637755,0.02639188774806257695371912783,90.00680199999999999999999997,US cash close,20:00,-1445815,1445815,True,US cash close,20:00,-3254544,3254544,False,US cash close,20:00,-1445815,1445815,True,1188,False,False,False,74,False,False,False
matched_lot,btcusdt_microprice_20260416_17_5h_5sessions_hs2.00_rq5000,2026-04-16 17:00,2026-04-16 19:00,btcusdt_microprice_20260416_17_5h_5sessions_hs2.00_rq5000:2026-04-16 19:00:fill-000008:fill-000036:65,fill-000008,fill-000036,buy,sell,1776366415676,1776368154185,1776368154185,1738509,0.0007763209784891721590497573707,0.1211138358540957485333526474,0.1443957019989860215832548710,0.02328186614489027304990222355,0.1412826548752444412254653440,156.0100000000000000000000000,US cash close,20:00,-1445815,1445815,True,US cash close,20:00,-3184324,3184324,False,US cash close,20:00,-1445815,1445815,True,1279,False,False,False,83,False,False,False
matched_lot,btcusdt_microprice_20260416_17_5h_5sessions_hs2.00_rq5000,2026-04-16 17:00,2026-04-16 19:00,btcusdt_microprice_20260416_17_5h_5sessions_hs2.00_rq5000:2026-04-16 19:00:fill-000008:fill-000038:66,fill-000008,fill-000038,buy,sell,1776366415676,1776368171845,1776368171845,1756169,0.0002236790215108278409502426293,0.03556483066016676323603968982,0.04227309827533135366118635451,0.006708267615164590425146664694,0.04137614539907293401897588157,158.9994020000000000000000000,US cash close,20:00,-1428155,1428155,True,US cash close,20:00,-3184324,3184324,False,US cash close,20:00,-1428155,1428155,True,1290,False,False,False,84,False,False,False
matched_lot,btcusdt_microprice_20260416_17_5h_5sessions_hs2.00_rq5000,2026-04-16 17:00,2026-04-16 19:00,btcusdt_microprice_20260416_17_5h_5sessions_hs2.00_rq5000:2026-04-16 19:00:fill-000009:fill-000038:67,fill-000009,fill-000038,buy,sell,1776366432365,1776368171845,1776368171845,1739480,0.0007763209784891721590497573707,0.1311993337666819366987759834,0.1544801115095603679293112192,0.02328077774287843123053523579,0.1500783715615267617874990949,169.0014020000000000000000000,US cash close,20:00,-1428155,1428155,True,US cash close,20:00,-3167635,3167635,False,US cash close,20:00,-1428155,1428155,True,1305,False,False,False,88,False,False,False
matched_lot,btcusdt_microprice_20260416_17_5h_5sessions_hs2.00_rq5000,2026-04-16 17:00,2026-04-16 19:00,btcusdt_microprice_20260416_17_5h_5sessions_hs2.00_rq5000:2026-04-16 19:00:fill-000009:fill-000039:68,fill-000009,fill-000039,buy,sell,1776366432365,1776368458020,1776368458020,2025655,0.000125373134328358208955223881,0.03435103522388059701492537324,0.03811343283582089552238805982,0.003762397611940298507462686580,0.03740256716417910447761194042,273.9904000000000000000000000,US cash close,20:00,-1141980,1141980,True,US cash close,20:00,-3167635,3167635,False,US cash close,20:00,-1141980,1141980,True,1382,False,False,False,104,False,False,False
matched_lot,btcusdt_microprice_20260416_17_5h_5sessions_hs2.00_rq5000,2026-04-16 17:00,2026-04-16 19:00,btcusdt_microprice_20260416_17_5h_5sessions_hs2.00_rq5000:2026-04-16 19:00:fill-000009:fill-000040:69,fill-000009,fill-000040,buy,sell,1776366432365,1776368480727,1776368480727,2048362,0.0000983058871824696319950187483,0.03469948120587734536558894467,0.03765115479088586905409218060,0.002951673585008523688503235927,0.03717043900256359255363653892,352.9746000000000000000000000,US cash close,20:00,-1119273,1119273,True,US cash close,20:00,-3167635,3167635,False,US cash close,20:00,-1119273,1119273,True,1421,False,False,False,111,False,False,False
matched_lot,btcusdt_microprice_20260416_17_5h_5sessions_hs2.00_rq5000,2026-04-16 17:00,2026-04-16 19:00,btcusdt_microprice_20260416_17_5h_5sessions_hs2.00_rq5000:2026-04-16 19:00:fill-000011:fill-000040:70,fill-000011,fill-000040,buy,sell,1776366552130,1776368480727,1776368480727,1928597,0.0009016941128175303680049812517,0.3218826166006830301307253843,0.3489556216603842524179277444,0.02707300505970122228720236009,0.3478465379016186900652816175,356.9754000000000000000000000,US cash close,20:00,-1119273,1119273,True,US cash close,20:00,-3047870,3047870,False,US cash close,20:00,-1119273,1119273,True,1424,False,False,False,112,False,False,False
matched_lot,btcusdt_microprice_20260416_17_5h_5sessions_hs2.00_rq5000,2026-04-16 17:00,2026-04-16 19:00,btcusdt_microprice_20260416_17_5h_5sessions_hs2.00_rq5000:2026-04-16 19:00:fill-000011:fill-000041:71,fill-000011,fill-000041,buy,sell,1776366552130,1776368552159,1776368552159,2000029,0.0000983058871824696319950187483,0.04021939294773949835093382155,0.04317201341505336358693243350,0.002952620467313865235998611946,0.04317103035618153889061248332,409.1249679999999999999999999,US cash close,20:00,-1047841,1047841,True,US cash close,20:00,-3047870,3047870,False,US cash close,20:00,-1047841,1047841,True,1459,False,False,False,115,False,False,False
matched_lot,btcusdt_microprice_20260416_17_5h_5sessions_hs2.00_rq5000,2026-04-16 17:00,2026-04-16 19:00,btcusdt_microprice_20260416_17_5h_5sessions_hs2.00_rq5000:2026-04-16 19:00:fill-000012:fill-000041:72,fill-000012,fill-000041,buy,sell,1776366574684,1776368552159,1776368552159,1977475,0.00051000,0.20355781470000000000,0.2188767000000000,0.01531888530000000000,0.2178516000000000,399.132970000000,US cash close,20:00,-1047841,1047841,True,US cash close,20:00,-3025316,3025316,False,US cash close,20:00,-1047841,1047841,True,1455,False,False,False,113,False,False,False
matched_lot,btcusdt_microprice_20260416_17_5h_5sessions_hs2.00_rq5000,2026-04-16 17:00,2026-04-16 19:00,btcusdt_microprice_20260416_17_5h_5sessions_hs2.00_rq5000:2026-04-16 19:00:fill-000013:fill-000041:73,fill-000013,fill-000041,buy,sell,1776366592415,1776368552159,1776368552159,1959744,0.00014000,0.05951374268000000000,0.0637182000000000,0.00420445732000000000,0.0634368000000000,425.098162000000,US cash close,20:00,-1047841,1047841,True,US cash close,20:00,-3007585,3007585,False,US cash close,20:00,-1047841,1047841,True,1468,False,False,False,119,False,False,False
matched_lot,btcusdt_microprice_20260416_17_5h_5sessions_hs2.00_rq5000,2026-04-16 17:00,2026-04-16 19:00,btcusdt_microprice_20260416_17_5h_5sessions_hs2.00_rq5000:2026-04-16 19:00:fill-000014:fill-000041:74,fill-000014,fill-000041,buy,sell,1776366620741,1776368552159,1776368552159,1931418,0.00008000,0.03277880720000000000,0.0351816000000000,0.00240279280000000000,0.0350208000000000,409.735090000000,US cash close,20:00,-1047841,1047841,True,US cash close,20:00,-2979259,2979259,False,US cash close,20:00,-1047841,1047841,True,1460,False,False,False,116,False,False,False
matched_lot,btcusdt_microprice_20260416_17_5h_5sessions_hs2.00_rq5000,2026-04-16 17:00,2026-04-16 19:00,btcusdt_microprice_20260416_17_5h_5sessions_hs2.00_rq5000:2026-04-16 19:00:fill-000016:fill-000041:75,fill-000016,fill-000041,buy,sell,1776366939233,1776368552159,1776368552159,1612926,0.00014000,0.05598083624000000000,0.0601860000000000,0.00420516376000000000,0.0599046000000000,399.863116000000,US cash close,20:00,-1047841,1047841,True,US cash close,20:00,-2660767,2660767,False,US cash close,20:00,-1047841,1047841,True,1456,False,False,False,114,False,False,False
matched_lot,btcusdt_microprice_20260416_17_5h_5sessions_hs2.00_rq5000,2026-04-16 17:00,2026-04-16 19:00,btcusdt_microprice_20260416_17_5h_5sessions_hs2.00_rq5000:2026-04-16 19:00:fill-000022:fill-000041:76,fill-000022,fill-000041,buy,sell,1776367508769,1776368552159,1776368552159,1043390,0.0000316941128175303680049812517,0.008909195082328485767007650705,0.009861940144302749308429966279,0.0009527450619742635414223155743,0.009821054738768135133703540465,281.0993680000000000000000000,US cash close,20:00,-1047841,1047841,True,US cash close,20:00,-2091231,2091231,False,US cash close,20:00,-1047841,1047841,True,1385,False,False,False,106,False,False,False
matched_lot,btcusdt_microprice_20260416_17_5h_5sessions_hs2.00_rq5000,2026-04-16 17:00,2026-04-16 19:00,btcusdt_microprice_20260416_17_5h_5sessions_hs2.00_rq5000:2026-04-16 19:00:fill-000022:fill-000042:77,fill-000022,fill-000042,buy,sell,1776367508769,1776369022854,1776369022854,1514085,0.0009683058871824696319950187483,0.2129804291752036875087155657,0.2420764717956174079987546871,0.02909604262041372049003912136,0.2398203190784822537562062934,219.9516000000000000000000000,US cash close,20:00,-577146,577146,True,US cash close,20:00,-2091231,2091231,False,US cash close,20:00,-577146,577146,True,1340,False,False,False,96,False,False,False
matched_lot,btcusdt_microprice_20260416_17_5h_5sessions_hs2.00_rq5000,2026-04-16 17:00,2026-04-16 19:00,btcusdt_microprice_20260416_17_5h_5sessions_hs2.00_rq5000:2026-04-16 19:00:fill-000023:fill-000042:78,fill-000023,fill-000042,buy,sell,1776367545810,1776369022854,1776369022854,1477044,0.0000316941128175303680049812517,0.007565237288531671691517065608,0.008517475878583111097658661582,0.0009522385900514394061415959738,0.008420808834489643475243468764,238.6953480000000000000000000,US cash close,20:00,-577146,577146,True,US cash close,20:00,-2054190,2054190,False,US cash close,20:00,-577146,577146,True,1350,False,False,False,97,False,False,False
matched_lot,btcusdt_microprice_20260416_17_5h_5sessions_hs2.00_rq5000,2026-04-16 17:00,2026-04-16 19:00,btcusdt_microprice_20260416_17_5h_5sessions_hs2.00_rq5000:2026-04-16 19:00:fill-000023:fill-000044:79,fill-000023,fill-000044,buy,sell,1776367545810,1776369131072,1776369131072,1585262,0.0000383058871824696319950187483,0.009288204365767353570382317030,0.01043912037496662411128250929,0.001150916009199270540900192260,0.01028551376736492088698248411,242.4745920000000000000000001,US cash close,20:00,-468928,468928,True,US cash close,20:00,-2054190,2054190,False,US cash close,20:00,-468928,468928,True,1353,False,False,False,98,False,False,False
matched_lot,btcusdt_microprice_20260416_17_5h_5sessions_hs2.00_rq5000,2026-04-16 17:00,2026-04-16 19:00,btcusdt_microprice_20260416_17_5h_5sessions_hs2.00_rq5000:2026-04-16 19:00:fill-000024:fill-000044:80,fill-000024,fill-000044,buy,sell,1776367546449,1776369131072,1776369131072,1584623,0.00007000,0.01786309938000000000,0.0199661000000000,0.00210300062000000000,0.0196854000000000,255.187134000000,US cash close,20:00,-468928,468928,True,US cash close,20:00,-2053551,2053551,False,US cash close,20:00,-468928,468928,True,1365,False,False,False,102,False,False,False
matched_lot,btcusdt_microprice_20260416_17_5h_5sessions_hs2.00_rq5000,2026-04-16 17:00,2026-04-16 19:00,btcusdt_microprice_20260416_17_5h_5sessions_hs2.00_rq5000:2026-04-16 19:00:fill-000026:fill-000044:81,fill-000026,fill-000044,buy,sell,1776367646911,1776369131072,1776369131072,1484161,0.0005216941128175303680049812517,0.1459397774623425441777856576,0.1616104022686145574005830922,0.01567062480627201322279743462,0.1595184088762162606248831174,279.7420440000000000000000001,US cash close,20:00,-468928,468928,True,US cash close,20:00,-1953089,1953089,False,US cash close,20:00,-468928,468928,True,1383,False,False,False,105,False,False,False
matched_lot,btcusdt_microprice_20260416_17_5h_5sessions_hs2.00_rq5000,2026-04-16 17:00,2026-04-16 19:00,btcusdt_microprice_20260416_17_5h_5sessions_hs2.00_rq5000:2026-04-16 19:00:fill-000026:fill-000046:82,fill-000026,fill-000046,buy,sell,1776367646911,1776369426462,1776369426462,1779551,0.0004783058871824696319950187483,0.2008569044280832024421962030,0.2152376492321113343977584367,0.01438074480402813195556223369,0.2133196426245096311734584115,419.9339999999999999999999999,US cash close,20:00,-173538,173538,True,US cash close,20:00,-1953089,1953089,False,US cash close,20:00,-173538,173538,True,1466,False,False,False,118,False,False,False
matched_lot,btcusdt_microprice_20260416_17_5h_5sessions_hs2.00_rq5000,2026-04-16 17:00,2026-04-16 19:00,btcusdt_microprice_20260416_17_5h_5sessions_hs2.00_rq5000:2026-04-16 19:00:fill-000028:fill-000046:83,fill-000028,fill-000046,buy,sell,1776367670478,1776369426462,1776369426462,1755984,0.0004206988831527724671152151317,0.1749868405363880351493422848,0.1876359088749680480580571009,0.01264906833858001290871481609,0.1859489063535254304649250883,415.9432020000000000000000000,US cash close,20:00,-173538,173538,True,US cash close,20:00,-1929522,1929522,False,US cash close,20:00,-173538,173538,True,1463,False,False,False,117,False,False,False
matched_lot,btcusdt_microprice_20260416_17_5h_5sessions_hs2.00_rq5000,2026-04-16 17:00,2026-04-16 19:00,btcusdt_microprice_20260416_17_5h_5sessions_hs2.00_rq5000:2026-04-16 19:00:fill-000029:fill-000046:84,fill-000029,fill-000046,buy,sell,1776367778859,1776369426462,1776369426462,1647603,0.0001009952296647579008897661200,0.02980157480808490523841992718,0.03284061883008932663232524924,0.003039044022004421393905322065,0.03243562795913364744975728710,295.0790340000000000000000000,US cash close,20:00,-173538,173538,True,US cash close,20:00,-1821141,1821141,False,US cash close,20:00,-173538,173538,True,1398,False,False,False,108,False,False,False
matched_lot,btcusdt_microprice_20260416_17_5h_5sessions_hs2.00_rq5000,2026-04-16 17:00,2026-04-16 20:00,btcusdt_microprice_20260416_17_5h_5sessions_hs2.00_rq5000:2026-04-16 20:00:fill-000001:fill-000005:85,fill-000001,fill-000005,sell,buy,1776369687718,1776370700393,1776370700393,1012675,0.0001900000000000000000000000001,0.01061324762000000000000000001,0.01634190000000000000000000001,0.005728652380000000000000000004,0.01613100000000000000000000001,55.85919800000000000000000002,US cash close,20:00,1100393,1100393,True,US cash close,20:00,87718,87718,True,US cash close,20:00,1100393,1100393,True,1115,False,False,False,65,False,False,False
matched_lot,btcusdt_microprice_20260416_17_5h_5sessions_hs2.00_rq5000,2026-04-16 17:00,2026-04-16 20:00,btcusdt_microprice_20260416_17_5h_5sessions_hs2.00_rq5000:2026-04-16 20:00:fill-000002:fill-000005:86,fill-000002,fill-000005,sell,buy,1776369710465,1776370700393,1776370700393,989928,0.000070000000000000000000000000,0.000690787860000000000000000000,0.002800700000000000000000000000,0.002109912140000000000000000000,0.002660000000000000000000000000,9.868398,US cash close,20:00,1100393,1100393,True,US cash close,20:00,110465,110465,True,US cash close,20:00,1100393,1100393,True,947,False,False,False,51,False,False,False
matched_lot,btcusdt_microprice_20260416_17_5h_5sessions_hs2.00_rq5000,2026-04-16 17:00,2026-04-16 20:00,btcusdt_microprice_20260416_17_5h_5sessions_hs2.00_rq5000:2026-04-16 20:00:fill-000003:fill-000005:87,fill-000003,fill-000005,sell,buy,1776370274828,1776370700393,1776370700393,425565,0.0007399999999999999999999999999,-0.04745383200000000000000000000,-0.02516000000000000000000000000,0.02229383200000000000000000000,-0.02664740000000000000000000000,-64.12680000000000000000000001,US cash close,20:00,1100393,1100393,True,US cash close,20:00,674828,674828,True,US cash close,20:00,1100393,1100393,True,575,False,False,False,31,False,False,False
matched_lot,btcusdt_microprice_20260416_17_5h_5sessions_hs2.00_rq5000,2026-04-16 17:00,2026-04-16 20:00,btcusdt_microprice_20260416_17_5h_5sessions_hs2.00_rq5000:2026-04-16 20:00:fill-000003:fill-000012:88,fill-000003,fill-000012,sell,buy,1776370274828,1776371468566,1776371468566,1193738,0.0002600000000000000000000000001,0.04262148852000000000000000002,0.05044260000000000000000000002,0.007821111480000000000000000000,0.04908020000000000000000000002,163.9288020000000000000000000,US cash close,20:00,1868566,1868566,False,US cash close,20:00,674828,674828,True,US cash close,20:00,1868566,1868566,False,1302,False,False,False,87,False,False,False
matched_lot,btcusdt_microprice_20260416_17_5h_5sessions_hs2.00_rq5000,2026-04-16 17:00,2026-04-16 20:00,btcusdt_microprice_20260416_17_5h_5sessions_hs2.00_rq5000:2026-04-16 20:00:fill-000004:fill-000012:89,fill-000004,fill-000012,sell,buy,1776370291442,1776371468566,1776371468566,1177124,0.0002999999999999999999999999999,0.07377372059999999999999999997,0.08280299999999999999999999997,0.009029279399999999999999999996,0.08183099999999999999999999997,245.9124020000000000000000000,US cash close,20:00,1868566,1868566,False,US cash close,20:00,691442,691442,True,US cash close,20:00,1868566,1868566,False,1358,False,False,False,99,False,False,False
matched_lot,btcusdt_microprice_20260416_17_5h_5sessions_hs2.00_rq5000,2026-04-16 17:00,2026-04-16 20:00,btcusdt_microprice_20260416_17_5h_5sessions_hs2.00_rq5000:2026-04-16 20:00:fill-000004:fill-000014:90,fill-000004,fill-000014,sell,buy,1776370291442,1776371824683,1776371824683,1533241,0.00007000,0.02155473614000000000000000000,0.0236607000000000,0.002105963860000000000000000000,0.0234731000000000,307.924802000000000000000,US cash close,20:00,2224683,2224683,False,US cash close,20:00,691442,691442,True,US cash close,20:00,2224683,2224683,False,1407,False,False,False,110,False,False,False
matched_lot,btcusdt_microprice_20260416_17_5h_5sessions_hs2.00_rq5000,2026-04-16 17:00,2026-04-16 20:00,btcusdt_microprice_20260416_17_5h_5sessions_hs2.00_rq5000:2026-04-16 20:00:fill-000004:fill-000015:91,fill-000004,fill-000015,sell,buy,1776370291442,1776371983170,1776371983170,1691728,0.0006300000000000000000000000001,0.1914658200000000000000000000,0.2104200000000000000000000000,0.01895418000000000000000000000,0.2091537000000000000000000000,303.9140000000000000000000000,US cash close,20:00,2383170,2383170,False,US cash close,20:00,691442,691442,True,US cash close,20:00,2383170,2383170,False,1403,False,False,False,109,False,False,False
matched_lot,btcusdt_microprice_20260416_17_5h_5sessions_hs2.00_rq5000,2026-04-16 17:00,2026-04-16 20:00,btcusdt_microprice_20260416_17_5h_5sessions_hs2.00_rq5000:2026-04-16 20:00:fill-000006:fill-000015:92,fill-000006,fill-000015,sell,buy,1776370906169,1776371983170,1776371983170,1077001,0.00028000,0.01455003200000000000,0.0229600000000000,0.00840996800000000000,0.0218372000000000,51.964400000000,US cash close,20:00,2383170,2383170,False,US cash close,20:00,1306169,1306169,True,US cash close,20:00,2383170,2383170,False,1107,False,False,False,64,False,False,False
matched_lot,btcusdt_microprice_20260416_17_5h_5sessions_hs2.00_rq5000,2026-04-16 17:00,2026-04-16 20:00,btcusdt_microprice_20260416_17_5h_5sessions_hs2.00_rq5000:2026-04-16 20:00:fill-000007:fill-000015:93,fill-000007,fill-000015,sell,buy,1776370984930,1776371983170,1776371983170,998240,0.0000899999999999999999999999999,0.01160990909999999999999999998,0.01431449999999999999999999998,0.002704590899999999999999999997,0.01395359999999999999999999998,128.9989899999999999999999999,US cash close,20:00,2383170,2383170,False,US cash close,20:00,1384930,1384930,True,US cash close,20:00,2383170,2383170,False,1236,False,False,False,79,False,False,False
matched_lot,btcusdt_microprice_20260416_17_5h_5sessions_hs2.00_rq5000,2026-04-16 17:00,2026-04-16 20:00,btcusdt_microprice_20260416_17_5h_5sessions_hs2.00_rq5000:2026-04-16 20:00:fill-000007:fill-000018:94,fill-000007,fill-000018,sell,buy,1776370984930,1776372472918,1776372472918,1487988,0.0000500000000000000000000000001,0.002214102500000000000000000004,0.003717500000000000000000000007,0.001503397500000000000000000003,0.003517000000000000000000000007,44.28204999999999999999999999,US cash close,20:00,2872918,2872918,False,US cash close,20:00,1384930,1384930,True,US cash close,20:00,2872918,2872918,False,1081,False,False,False,63,False,False,False
matched_lot,btcusdt_microprice_20260416_17_5h_5sessions_hs2.00_rq5000,2026-04-16 17:00,2026-04-16 20:00,btcusdt_microprice_20260416_17_5h_5sessions_hs2.00_rq5000:2026-04-16 20:00:fill-000008:fill-000018:95,fill-000008,fill-000018,sell,buy,1776371237338,1776372472918,1776372472918,1235580,0.00014000,-0.00195388200000000000,0.0022540000000000,0.00420788200000000000,0.0016926000000000,-13.956300000000,US cash close,20:00,2872918,2872918,False,US cash close,20:00,1637338,1637338,True,US cash close,20:00,2872918,2872918,False,835,False,False,False,43,False,False,False
matched_lot,btcusdt_microprice_20260416_17_5h_5sessions_hs2.00_rq5000,2026-04-16 17:00,2026-04-16 20:00,btcusdt_microprice_20260416_17_5h_5sessions_hs2.00_rq5000:2026-04-16 20:00:fill-000009:fill-000018:96,fill-000009,fill-000018,sell,buy,1776371255900,1776372472918,1776372472918,1217018,0.0001099999999999999999999999999,0.000033093280000000000000000001,0.003339599999999999999999999997,0.003306506719999999999999999996,0.002520099999999999999999999998,0.3008480000000000000000000094,US cash close,20:00,2872918,2872918,False,US cash close,20:00,1655900,1655900,True,US cash close,20:00,2872918,2872918,False,901,False,False,False,46,False,False,False
matched_lot,btcusdt_microprice_20260416_17_5h_5sessions_hs2.00_rq5000,2026-04-16 17:00,2026-04-16 20:00,btcusdt_microprice_20260416_17_5h_5sessions_hs2.00_rq5000:2026-04-16 20:00:fill-000009:fill-000022:97,fill-000009,fill-000022,sell,buy,1776371255900,1776372823220,1776372823220,1567320,0.00016000,-0.01042275808000000000000000000,-0.0056112000000000,0.004811558080000000000000000000,-0.0068032000000000,-65.142238000000000000000,US cash close,20:00,3223220,3223220,False,US cash close,20:00,1655900,1655900,True,US cash close,20:00,3223220,3223220,False,569,False,False,False,30,False,False,False
matched_lot,btcusdt_microprice_20260416_17_5h_5sessions_hs2.00_rq5000,2026-04-16 17:00,2026-04-16 20:00,btcusdt_microprice_20260416_17_5h_5sessions_hs2.00_rq5000:2026-04-16 20:00:fill-000009:fill-000023:98,fill-000009,fill-000023,sell,buy,1776371255900,1776372857069,1776372857069,1601169,0.0007300000000000000000000000001,-0.04307803876000000000000000000,-0.02112620000000000000000000000,0.02195183876000000000000000000,-0.02656470000000000000000000000,-59.01101199999999999999999999,US cash close,20:00,3257069,3257069,False,US cash close,20:00,1655900,1655900,True,US cash close,20:00,3257069,3257069,False,600,False,False,False,32,False,False,False
matched_lot,btcusdt_microprice_20260416_17_5h_5sessions_hs2.00_rq5000,2026-04-16 17:00,2026-04-16 20:00,btcusdt_microprice_20260416_17_5h_5sessions_hs2.00_rq5000:2026-04-16 20:00:fill-000010:fill-000023:99,fill-000010,fill-000023,sell,buy,1776371367765,1776372857069,1776372857069,1489304,0.0002699999999999999999999999999,-0.01975810806000000000000000000,-0.01163970000000000000000000000,0.008118408059999999999999999995,-0.01272240000000000000000000000,-73.17817800000000000000000003,US cash close,20:00,3257069,3257069,False,US cash close,20:00,1767765,1767765,True,US cash close,20:00,3257069,3257069,False,521,False,False,False,24,False,False,False
matched_lot,btcusdt_microprice_20260416_17_5h_5sessions_hs2.00_rq5000,2026-04-16 17:00,2026-04-16 21:00,btcusdt_microprice_20260416_17_5h_5sessions_hs2.00_rq5000:2026-04-16 21:00:fill-000001:fill-000005:100,fill-000001,fill-000005,sell,buy,1776373206108,1776374007749,1776374007749,801641,0.001,0.067921200000000,0.09800000000,0.030078800000000,0.09594000000,67.921200000000,US cash close,20:00,4407749,4407749,False,US cash close,20:00,3606108,3606108,False,US cash close,20:00,4407749,4407749,False,1144,False,False,False,67,False,False,False
matched_lot,btcusdt_microprice_20260416_17_5h_5sessions_hs2.00_rq5000,2026-04-16 17:00,2026-04-16 21:00,btcusdt_microprice_20260416_17_5h_5sessions_hs2.00_rq5000:2026-04-16 21:00:fill-000002:fill-000009:101,fill-000002,fill-000009,sell,buy,1776373496603,1776374173215,1776374173215,676612,0.0001399999392885936524861754552,0.004663864177500885581177283376,0.008871796152718179758048938596,0.004207931975217294176871655220,0.008588996275355220580026864176,33.31332999999999999999999999,US cash close,20:00,4573215,4573215,False,US cash close,20:00,3896603,3896603,False,US cash close,20:00,4573215,4573215,False,1054,False,False,False,61,False,False,False
matched_lot,btcusdt_microprice_20260416_17_5h_5sessions_hs2.00_rq5000,2026-04-16 17:00,2026-04-16 21:00,btcusdt_microprice_20260416_17_5h_5sessions_hs2.00_rq5000:2026-04-16 21:00:fill-000003:fill-000009:102,fill-000003,fill-000009,sell,buy,1776373690153,1776374173215,1776374173215,483062,0.0004395826423911016772392204157,0.03250502728730377652599295596,0.04572099063509848544965131544,0.01321596334779470892365835948,0.04531217877767476088981884045,73.94520200000000000000000000,US cash close,20:00,4573215,4573215,False,US cash close,20:00,4090153,4090153,False,US cash close,20:00,4573215,4573215,False,1158,False,False,False,68,False,False,False
matched_lot,btcusdt_microprice_20260416_17_5h_5sessions_hs2.00_rq5000,2026-04-16 17:00,2026-04-16 21:00,btcusdt_microprice_20260416_17_5h_5sessions_hs2.00_rq5000:2026-04-16 21:00:fill-000003:fill-000010:103,fill-000003,fill-000010,sell,buy,1776373690153,1776374387781,1776374387781,697628,0.0005604173576088983227607795843,0.04499953666355689112440790058,0.06184765958571801889987963492,0.01684812292216112777547173434,0.06021124090150003579741815853,80.29647199999999999999999998,US cash close,20:00,4787781,4787781,False,US cash close,20:00,4090153,4090153,False,US cash close,20:00,4787781,4787781,False,1173,False,False,False,70,False,False,False
matched_lot,btcusdt_microprice_20260416_17_5h_5sessions_hs2.00_rq5000,2026-04-16 17:00,2026-04-16 21:00,btcusdt_microprice_20260416_17_5h_5sessions_hs2.00_rq5000:2026-04-16 21:00:fill-000004:fill-000010:104,fill-000004,fill-000010,sell,buy,1776373819137,1776374387781,1776374387781,568644,0.0004395826423911016772392204157,0.05287672437094804715174300227,0.06609564610992604818968918170,0.01321892173897800103794617943,0.06521208499871993381843834867,120.2884720000000000000000000,US cash close,20:00,4787781,4787781,False,US cash close,20:00,4219137,4219137,False,US cash close,20:00,4787781,4787781,False,1224,False,False,False,78,False,False,False
matched_lot,btcusdt_microprice_20260416_17_5h_5sessions_hs2.00_rq5000,2026-04-16 17:00,2026-04-16 21:00,btcusdt_microprice_20260416_17_5h_5sessions_hs2.00_rq5000:2026-04-16 21:00:fill-000004:fill-000011:105,fill-000004,fill-000011,sell,buy,1776373819137,1776374407951,1776374407951,588814,0.00007000,0.01195029892000000000000000000,0.0140546000000000,0.002104301080000000000000000000,0.0139139000000000,170.718556000000000000000,US cash close,20:00,4807951,4807951,False,US cash close,20:00,4219137,4219137,False,US cash close,20:00,4807951,4807951,False,1310,False,False,False,90,False,False,False
matched_lot,btcusdt_microprice_20260416_17_5h_5sessions_hs2.00_rq5000,2026-04-16 17:00,2026-04-16 21:00,btcusdt_microprice_20260416_17_5h_5sessions_hs2.00_rq5000:2026-04-16 21:00:fill-000004:fill-000012:106,fill-000004,fill-000012,sell,buy,1776373819137,1776374661448,1776374661448,842311,0.0004904173576088983227607795843,0.1431836248960952592285409376,0.1579143891500652599289710261,0.01473076425397000070043008853,0.1569286502612713743002218591,291.9628000000000000000000000,US cash close,20:00,5061448,5061448,False,US cash close,20:00,4219137,4219137,False,US cash close,20:00,5061448,5061448,False,1395,False,False,False,107,False,False,False
matched_lot,btcusdt_microprice_20260416_17_5h_5sessions_hs2.00_rq5000,2026-04-16 17:00,2026-04-16 21:00,btcusdt_microprice_20260416_17_5h_5sessions_hs2.00_rq5000:2026-04-16 21:00:fill-000006:fill-000012:107,fill-000006,fill-000012,sell,buy,1776374168883,1776374661448,1776374661448,492565,0.0000047353652066295071096620013,0.0007102631097806077267867351694,0.0008523657371933112797391602340,0.0001421026274127035529524250646,0.0008428476531279859704487396114,149.9912000000000000000000000,US cash close,20:00,5061448,5061448,False,US cash close,20:00,4568883,4568883,False,US cash close,20:00,5061448,5061448,False,1264,False,False,False,80,False,False,False
matched_lot,btcusdt_microprice_20260416_17_5h_5sessions_hs2.00_rq5000,2026-04-16 17:00,2026-04-16 21:00,btcusdt_microprice_20260416_17_5h_5sessions_hs2.00_rq5000:2026-04-16 21:00:fill-000007:fill-000012:108,fill-000007,fill-000012,sell,buy,1776374168948,1776374661448,1776374661448,492500,0.0000600000000000000000000000000,0.00899947200000000000000000000,0.01080000000000000000000000000,0.00180052800000000000000000,0.01067940000000000000000000000,149.9912,US cash close,20:00,5061448,5061448,False,US cash close,20:00,4568948,4568948,False,US cash close,20:00,5061448,5061448,False,1265,False,False,False,81,False,False,False
matched_lot,btcusdt_microprice_20260416_17_5h_5sessions_hs2.00_rq5000,2026-04-16 17:00,2026-04-16 21:00,btcusdt_microprice_20260416_17_5h_5sessions_hs2.00_rq5000:2026-04-16 21:00:fill-000008:fill-000012:109,fill-000008,fill-000012,sell,buy,1776374169198,1776374661448,1776374661448,492250,0.0000048472771844721701295584144,0.0007270489216316021643366220459,0.0008725098932049906233205145920,0.0001454609715733884589838925461,0.0008627668660642015613601021790,149.9912000000000000000000000,US cash close,20:00,5061448,5061448,False,US cash close,20:00,4569198,4569198,False,US cash close,20:00,5061448,5061448,False,1266,False,False,False,82,False,False,False
matched_lot,btcusdt_microprice_20260416_17_5h_5sessions_hs2.00_rq5000,2026-04-16 17:00,2026-04-16 21:00,btcusdt_microprice_20260416_17_5h_5sessions_hs2.00_rq5000:2026-04-16 21:00:fill-000008:fill-000014:110,fill-000008,fill-000014,sell,buy,1776374169198,1776374827697,1776374827697,658499,0.00077000,0.1308963040000000000000000000,0.1540000000000000,0.02310369600000000000000000001,0.1524523000000000,169.99520000000000000000,US cash close,20:00,5227697,5227697,False,US cash close,20:00,4569198,4569198,False,US cash close,20:00,5227697,5227697,False,1308,False,False,False,89,False,False,False
matched_lot,btcusdt_microprice_20260416_17_5h_5sessions_hs2.00_rq5000,2026-04-16 17:00,2026-04-16 21:00,btcusdt_microprice_20260416_17_5h_5sessions_hs2.00_rq5000:2026-04-16 21:00:fill-000008:fill-000017:111,fill-000008,fill-000017,sell,buy,1776374169198,1776375001339,1776375001339,832141,0.00012000,0.01920038424000000000000000000,0.0228012000000000,0.003600815760000000000000000002,0.0225600000000000,160.003202000000000000000,US cash close,20:00,5401339,5401339,False,US cash close,20:00,4569198,4569198,False,US cash close,20:00,5401339,5401339,False,1292,False,False,False,85,False,False,False
matched_lot,btcusdt_microprice_20260416_17_5h_5sessions_hs2.00_rq5000,2026-04-16 17:00,2026-04-16 21:00,btcusdt_microprice_20260416_17_5h_5sessions_hs2.00_rq5000:2026-04-16 21:00:fill-000008:fill-000018:112,fill-000008,fill-000018,sell,buy,1776374169198,1776375014665,1776375014665,845467,0.0000404173576088983227607795843,0.008083520022608795230143229795,0.009295992250046614234979304389,0.001212472227437819004836074594,0.009295588076470525251751696593,200.0012000000000000000000000,US cash close,20:00,5414665,5414665,False,US cash close,20:00,4569198,4569198,False,US cash close,20:00,5414665,5414665,False,1325,False,False,False,93,False,False,False
matched_lot,btcusdt_microprice_20260416_17_5h_5sessions_hs2.00_rq5000,2026-04-16 17:00,2026-04-16 21:00,btcusdt_microprice_20260416_17_5h_5sessions_hs2.00_rq5000:2026-04-16 21:00:fill-000013:fill-000018:113,fill-000013,fill-000018,sell,buy,1776374803623,1776375014665,1776375014665,211042,0.0000502788844621513944223107573,-0.000097963479043824701195219124,0.001408311553784860557768924312,0.001506275032828685258964143436,0.001367082868525896414342629491,-1.948401999999999999999999997,US cash close,20:00,5414665,5414665,False,US cash close,20:00,5203623,5203623,False,US cash close,20:00,5414665,5414665,False,889,False,False,False,45,False,False,False
matched_lot,btcusdt_microprice_20260416_17_5h_5sessions_hs2.00_rq5000,2026-04-16 17:00,2026-04-16 21:00,btcusdt_microprice_20260416_17_5h_5sessions_hs2.00_rq5000:2026-04-16 21:00:fill-000015:fill-000018:114,fill-000015,fill-000018,sell,buy,1776374940814,1776375014665,1776375014665,73851,0.0003822280562624244627539680404,0.00460156712373207562220247045,0.01605357836302182743566665770,0.01145201123928975181346418725,0.01604975608245920319103911802,12.03880000000000000000000001,US cash close,20:00,5414665,5414665,False,US cash close,20:00,5340814,5340814,False,US cash close,20:00,5414665,5414665,False,956,False,False,False,52,False,False,False
matched_lot,btcusdt_microprice_20260416_17_5h_5sessions_hs2.00_rq5000,2026-04-16 17:00,2026-04-16 21:00,btcusdt_microprice_20260416_17_5h_5sessions_hs2.00_rq5000:2026-04-16 21:00:fill-000016:fill-000018:115,fill-000016,fill-000018,sell,buy,1776374941934,1776375014665,1776375014665,72731,0.0004370757016665258200629416180,0.00526186695722297104257374156,0.01835717946999408444264354796,0.01309531251277111340006980640,0.01835280871297741918444291854,12.03880000000000000000000002,US cash close,20:00,5414665,5414665,False,US cash close,20:00,5341934,5341934,False,US cash close,20:00,5414665,5414665,False,957,False,False,False,53,False,False,False
matched_lot,btcusdt_microprice_20260416_17_5h_5sessions_hs2.00_rq5000,2026-04-16 17:00,2026-04-16 21:00,btcusdt_microprice_20260416_17_5h_5sessions_hs2.00_rq5000:2026-04-16 21:00:fill-000016:fill-000019:116,fill-000016,fill-000019,sell,buy,1776374941934,1776375089832,1776375089832,147898,0.0000500000000000000000000000115,0.000702460100000000000000000161,0.002200500000000000000000000506,0.001498039900000000000000000345,0.002100000000000000000000000483,14.04920199999999999999999999,US cash close,20:00,5489832,5489832,False,US cash close,20:00,5341934,5341934,False,US cash close,20:00,5489832,5489832,False,969,False,False,False,55,False,False,False
matched_lot,btcusdt_microprice_20260416_17_5h_5sessions_hs2.00_rq5000,2026-04-16 17:00,2026-04-16 21:00,btcusdt_microprice_20260416_17_5h_5sessions_hs2.00_rq5000:2026-04-16 21:00:fill-000016:fill-000022:117,fill-000016,fill-000022,sell,buy,1776374941934,1776375849736,1776375849736,907802,0.00008000,-0.005299748320000000000000000000,-0.0029016000000000,0.002398148320000000000000000000,-0.0029424000000000,-66.2468540000000000000000,US cash close,20:00,6249736,6249736,False,US cash close,20:00,5341934,5341934,False,US cash close,20:00,6249736,6249736,False,559,False,False,False,28,False,False,False
matched_lot,btcusdt_microprice_20260416_17_5h_5sessions_hs2.00_rq5000,2026-04-16 17:00,2026-04-16 21:00,btcusdt_microprice_20260416_17_5h_5sessions_hs2.00_rq5000:2026-04-16 21:00:fill-000016:fill-000025:118,fill-000016,fill-000025,sell,buy,1776374941934,1776376672218,1776376672218,1730284,0.0000506962420710497171830903301,-0.002228728371031831944590455962,-0.0007092404265739855433914337181,0.001519487944457846401199022244,-0.0008111398731367954749294452817,-43.96239800000000000000000000,US cash close,20:00,7072218,7072218,False,US cash close,20:00,5341934,5341934,False,US cash close,20:00,7072218,7072218,False,673,False,False,False,36,False,False,False
matched_lot,btcusdt_microprice_20260416_17_5h_5sessions_hs2.00_rq5000,2026-04-16 17:00,2026-04-16 21:00,btcusdt_microprice_20260416_17_5h_5sessions_hs2.00_rq5000:2026-04-16 21:00:fill-000020:fill-000025:119,fill-000020,fill-000025,sell,buy,1776375092108,1776376672218,1776376672218,1580110,0.0002293037579289502828169096699,-0.01925105895606274776582339556,-0.01238010989058402576928495308,0.006870949065478721996538442480,-0.01548946884810059160428224821,-83.95439800000000000000000001,US cash close,20:00,7072218,7072218,False,US cash close,20:00,5492108,5492108,False,US cash close,20:00,7072218,7072218,False,472,False,False,False,20,False,False,False
matched_lot,btcusdt_microprice_20260417_05_5h_5sessions_hs2.00_rq5000,2026-04-17 05:00,2026-04-17 05:00,btcusdt_microprice_20260417_05_5h_5sessions_hs2.00_rq5000:2026-04-17 05:00:fill-000001:fill-000002:1,fill-000001,fill-000002,sell,buy,1776402010475,1776402189163,1776402189163,178688,0.00031000,-0.00463275222000000000,0.0046407000000000,0.00927345222000000000,0.0037386000000000,-14.944362000000,London,07:00,-7010837,7010837,False,London,07:00,-7189525,7189525,False,London,07:00,-7010837,7010837,False,830,False,False,False,37,False,False,False
matched_lot,btcusdt_microprice_20260417_05_5h_5sessions_hs2.00_rq5000,2026-04-17 05:00,2026-04-17 05:00,btcusdt_microprice_20260417_05_5h_5sessions_hs2.00_rq5000:2026-04-17 05:00:fill-000002:fill-000003:2,fill-000002,fill-000003,buy,sell,1776402189163,1776402232915,1776402232915,43752,0.00007000,-0.00318347778000000000,-0.0010899000000000,0.00209357778000000000,-0.0012936000000000,-45.478254000000,London,07:00,-6967085,6967085,False,London,07:00,-7010837,7010837,False,London,07:00,-6967085,6967085,False,666,False,False,False,24,False,False,False
matched_lot,btcusdt_microprice_20260417_05_5h_5sessions_hs2.00_rq5000,2026-04-17 05:00,2026-04-17 05:00,btcusdt_microprice_20260417_05_5h_5sessions_hs2.00_rq5000:2026-04-17 05:00:fill-000002:fill-000004:3,fill-000002,fill-000004,buy,sell,1776402189163,1776402608850,1776402608850,419687,0.00008000,-0.01558147120000000000,-0.0131912000000000,0.00239027120000000000,-0.0134376000000000,-194.768390000000,London,07:00,-6591150,6591150,False,London,07:00,-7010837,7010837,False,London,07:00,-6591150,6591150,False,170,False,False,False,1,True,True,True
matched_lot,btcusdt_microprice_20260417_05_5h_5sessions_hs2.00_rq5000,2026-04-17 05:00,2026-04-17 05:00,btcusdt_microprice_20260417_05_5h_5sessions_hs2.00_rq5000:2026-04-17 05:00:fill-000002:fill-000006:4,fill-000002,fill-000006,buy,sell,1776402189163,1776402993928,1776402993928,804765,0.00024000,-0.04382179824000000000,-0.0366504000000000,0.00717139824000000000,-0.0373488000000000,-182.590826000000,London,07:00,-6206072,6206072,False,London,07:00,-7010837,7010837,False,London,07:00,-6206072,6206072,False,192,False,False,False,2,False,True,True
matched_lot,btcusdt_microprice_20260417_05_5h_5sessions_hs2.00_rq5000,2026-04-17 05:00,2026-04-17 05:00,btcusdt_microprice_20260417_05_5h_5sessions_hs2.00_rq5000:2026-04-17 05:00:fill-000002:fill-000007:5,fill-000002,fill-000007,buy,sell,1776402189163,1776403931474,1776403931474,1742311,0.0001398850746268656716417910448,-0.02214320384922089552238805970,-0.01796264243283582089552238806,0.004180561416385074626865671642,-0.01836970800000000000000000000,-158.2956860000000000000000000,London,07:00,-5268526,5268526,False,London,07:00,-7010837,7010837,False,London,07:00,-5268526,5268526,False,250,False,False,False,4,False,True,True
matched_lot,btcusdt_microprice_20260417_05_5h_5sessions_hs2.00_rq5000,2026-04-17 05:00,2026-04-17 05:00,btcusdt_microprice_20260417_05_5h_5sessions_hs2.00_rq5000:2026-04-17 05:00:fill-000002:fill-000008:6,fill-000002,fill-000008,buy,sell,1776402189163,1776404125130,1776404125130,1935967,0.0001601149253731343283582089552,-0.01958411829383283582089552239,-0.01479782140298507462686567164,0.004786296890847761194029850746,-0.01526375583582089552238805970,-122.3128840000000000000000000,London,07:00,-5074870,5074870,False,London,07:00,-7010837,7010837,False,London,07:00,-5074870,5074870,False,352,False,False,False,9,False,False,False
matched_lot,btcusdt_microprice_20260417_05_5h_5sessions_hs2.00_rq5000,2026-04-17 05:00,2026-04-17 05:00,btcusdt_microprice_20260417_05_5h_5sessions_hs2.00_rq5000:2026-04-17 05:00:fill-000005:fill-000008:7,fill-000005,fill-000008,buy,sell,1776402808965,1776404125130,1776404125130,1316165,0.0002799999999999999999999999999,0.02020368055999999999999999999,0.02856279999999999999999999999,0.008359119439999999999999999997,0.02743999999999999999999999999,72.15600199999999999999999999,London,07:00,-5074870,5074870,False,London,07:00,-6391035,6391035,False,London,07:00,-5074870,5074870,False,1153,False,False,False,57,False,False,False
matched_lot,btcusdt_microprice_20260417_05_5h_5sessions_hs2.00_rq5000,2026-04-17 05:00,2026-04-17 05:00,btcusdt_microprice_20260417_05_5h_5sessions_hs2.00_rq5000:2026-04-17 05:00:fill-000008:fill-000009:8,fill-000008,fill-000009,sell,buy,1776404125130,1776404160515,1776404160515,35385,0.00007000,-0.002091908140000000000000000000,-0.0000007000000000,0.002091208140000000000000000000,-0.0002814000000000,-29.8844020000000000000000,London,07:00,-5039485,5039485,False,London,07:00,-5074870,5074870,False,London,07:00,-5039485,5039485,False,740,False,False,False,32,False,False,False
matched_lot,btcusdt_microprice_20260417_05_5h_5sessions_hs2.00_rq5000,2026-04-17 05:00,2026-04-17 06:00,btcusdt_microprice_20260417_05_5h_5sessions_hs2.00_rq5000:2026-04-17 06:00:fill-000001:fill-000002:9,fill-000001,fill-000002,sell,buy,1776405656206,1776406055557,1776406055557,399351,0.001,-0.179869598000000,-0.14999000000,0.029879598000000,-0.15305000000,-179.869598000000,London,07:00,-3144443,3144443,False,London,07:00,-3543794,3543794,False,London,07:00,-3144443,3144443,False,198,False,False,False,3,False,True,True
matched_lot,btcusdt_microprice_20260417_05_5h_5sessions_hs2.00_rq5000,2026-04-17 05:00,2026-04-17 06:00,btcusdt_microprice_20260417_05_5h_5sessions_hs2.00_rq5000:2026-04-17 06:00:fill-000003:fill-000006:10,fill-000003,fill-000006,buy,sell,1776406055676,1776407236464,1776407236464,1180788,0.00007000,-0.00140425362000000000,0.0006895000000000,0.00209375362000000000,0.0004088000000000,-20.060766000000,London,07:00,-1963536,1963536,False,London,07:00,-3144324,3144324,False,London,07:00,-1963536,1963536,False,813,False,False,False,35,False,False,False
matched_lot,btcusdt_microprice_20260417_05_5h_5sessions_hs2.00_rq5000,2026-04-17 05:00,2026-04-17 06:00,btcusdt_microprice_20260417_05_5h_5sessions_hs2.00_rq5000:2026-04-17 06:00:fill-000004:fill-000006:11,fill-000004,fill-000006,buy,sell,1776406797706,1776407236464,1776407236464,438758,0.00040000,-0.01362942720000000000,-0.0016640000000000,0.01196542720000000000,-0.0051920000000000,-34.073568000000,London,07:00,-1963536,1963536,False,London,07:00,-2402294,2402294,False,London,07:00,-1963536,1963536,False,717,False,False,False,29,False,False,False
matched_lot,btcusdt_microprice_20260417_05_5h_5sessions_hs2.00_rq5000,2026-04-17 05:00,2026-04-17 06:00,btcusdt_microprice_20260417_05_5h_5sessions_hs2.00_rq5000:2026-04-17 06:00:fill-000005:fill-000006:12,fill-000005,fill-000006,buy,sell,1776407057120,1776407236464,1776407236464,179344,0.0002499056981870476459909942,-0.008647655310806987764339770233,-0.001172057724497253459697762798,0.007475597586309734304642007435,-0.003356233526652049885659052106,-34.60367400000000000000000000,London,07:00,-1963536,1963536,False,London,07:00,-2142880,2142880,False,London,07:00,-1963536,1963536,False,716,False,False,False,28,False,False,False
matched_lot,btcusdt_microprice_20260417_05_5h_5sessions_hs2.00_rq5000,2026-04-17 05:00,2026-04-17 06:00,btcusdt_microprice_20260417_05_5h_5sessions_hs2.00_rq5000:2026-04-17 06:00:fill-000006:fill-000007:13,fill-000006,fill-000007,sell,buy,1776407236464,1776407477021,1776407477021,240557,0.00007000,-0.002522377200000000000000000000,-0.0004284000000000,0.002093977200000000000000000000,-0.0007091000000000,-36.0339600000000000000000,London,07:00,-1722979,1722979,True,London,07:00,-1963536,1963536,False,London,07:00,-1722979,1722979,True,706,False,False,False,27,False,False,False
matched_lot,btcusdt_microprice_20260417_05_5h_5sessions_hs2.00_rq5000,2026-04-17 05:00,2026-04-17 06:00,btcusdt_microprice_20260417_05_5h_5sessions_hs2.00_rq5000:2026-04-17 06:00:fill-000006:fill-000009:14,fill-000006,fill-000009,sell,buy,1776407236464,1776407737120,1776407737120,500656,0.0002100943018129523540090058,-0.01346065073622887050003536170,-0.007174720406912322889407548070,0.006285930329316547610627813628,-0.008017198557182261828983661328,-64.06956600000000000000000001,London,07:00,-1462880,1462880,True,London,07:00,-1963536,1963536,False,London,07:00,-1462880,1462880,True,576,False,False,False,21,False,False,False
matched_lot,btcusdt_microprice_20260417_05_5h_5sessions_hs2.00_rq5000,2026-04-17 05:00,2026-04-17 06:00,btcusdt_microprice_20260417_05_5h_5sessions_hs2.00_rq5000:2026-04-17 06:00:fill-000008:fill-000009:15,fill-000008,fill-000009,sell,buy,1776407562059,1776407737120,1776407737120,175061,0.0000699056981870476459909942,-0.004183185780660584199731241217,-0.002091578489756465568050546464,0.002091607290904118631680694753,-0.002371900339486526628474433206,-59.84041199999999999999999999,London,07:00,-1462880,1462880,True,London,07:00,-1637941,1637941,True,London,07:00,-1462880,1462880,True,597,False,False,False,22,False,False,False
matched_lot,btcusdt_microprice_20260417_05_5h_5sessions_hs2.00_rq5000,2026-04-17 05:00,2026-04-17 06:00,btcusdt_microprice_20260417_05_5h_5sessions_hs2.00_rq5000:2026-04-17 06:00:fill-000008:fill-000010:16,fill-000008,fill-000010,sell,buy,1776407562059,1776407768391,1776407768391,206332,0.0000000943018129523540090058,-0.000003946230426479949077020037680,-0.000001125020628521583327439194000,0.000002821209797958365749580843680,-0.000001503170898460522903552452000,-41.84681400000000000000000168,London,07:00,-1431609,1431609,True,London,07:00,-1637941,1637941,True,London,07:00,-1431609,1431609,True,681,False,False,False,25,False,False,False
matched_lot,btcusdt_microprice_20260417_05_5h_5sessions_hs2.00_rq5000,2026-04-17 05:00,2026-04-17 06:00,btcusdt_microprice_20260417_05_5h_5sessions_hs2.00_rq5000:2026-04-17 06:00:fill-000010:fill-000011:17,fill-000010,fill-000011,buy,sell,1776407768391,1776408069183,1776408069183,300792,0.00084000,-0.02177280000000000000000000000,0.0033600000000000,0.02513280000000000000000000000,-0.0000084000000000,-25.920000000000000000000,London,07:00,-1130817,1130817,True,London,07:00,-1431609,1431609,True,London,07:00,-1130817,1130817,True,780,False,False,False,34,False,False,False
matched_lot,btcusdt_microprice_20260417_05_5h_5sessions_hs2.00_rq5000,2026-04-17 05:00,2026-04-17 06:00,btcusdt_microprice_20260417_05_5h_5sessions_hs2.00_rq5000:2026-04-17 06:00:fill-000010:fill-000012:18,fill-000010,fill-000012,buy,sell,1776407768391,1776408649495,1776408649495,881104,0.0001599056981870476459909942,0.009924131403163825824551478442,0.01471132423320838343117146640,0.004787192830044557606619987958,0.01407010238347832237074757966,62.06240000000000000000000002,London,07:00,-550505,550505,True,London,07:00,-1431609,1431609,True,London,07:00,-550505,550505,True,1133,False,False,False,56,False,False,False
matched_lot,btcusdt_microprice_20260417_05_5h_5sessions_hs2.00_rq5000,2026-04-17 05:00,2026-04-17 07:00,btcusdt_microprice_20260417_05_5h_5sessions_hs2.00_rq5000:2026-04-17 07:00:fill-000001:fill-000004:19,fill-000001,fill-000004,buy,sell,1776409364697,1776409944656,1776409944656,579959,0.0000768229577480258202295230233,0.001036672038739184825923252534,0.003341798662039123179984251514,0.002305126623299938354060998980,0.003340262202884162663579661054,13.49430000000000000000000001,London,07:00,744656,744656,True,London,07:00,164697,164697,True,London,07:00,744656,744656,True,964,False,False,False,41,False,False,False
matched_lot,btcusdt_microprice_20260417_05_5h_5sessions_hs2.00_rq5000,2026-04-17 05:00,2026-04-17 07:00,btcusdt_microprice_20260417_05_5h_5sessions_hs2.00_rq5000:2026-04-17 07:00:fill-000001:fill-000005:20,fill-000001,fill-000005,buy,sell,1776409364697,1776409945671,1776409945671,580974,0.0009231770422519741797704769767,0.01245762796126081517407674748,0.04015820133796087682001574849,0.02770057337670006164593900101,0.04013973779711583733642033896,13.49430000000000000000000001,London,07:00,745671,745671,True,London,07:00,164697,164697,True,London,07:00,745671,745671,True,965,False,False,False,42,False,False,False
matched_lot,btcusdt_microprice_20260417_05_5h_5sessions_hs2.00_rq5000,2026-04-17 05:00,2026-04-17 07:00,btcusdt_microprice_20260417_05_5h_5sessions_hs2.00_rq5000:2026-04-17 07:00:fill-000002:fill-000006:21,fill-000002,fill-000006,buy,sell,1776409631583,1776409955991,1776409955991,324408,0.00040000,-0.01600688000000000000,-0.0040000000000000,0.01200688000000000000,-0.0056040000000000,-40.017200000000,London,07:00,755991,755991,True,London,07:00,431583,431583,True,London,07:00,755991,755991,True,687,False,False,False,26,False,False,False
matched_lot,btcusdt_microprice_20260417_05_5h_5sessions_hs2.00_rq5000,2026-04-17 05:00,2026-04-17 07:00,btcusdt_microprice_20260417_05_5h_5sessions_hs2.00_rq5000:2026-04-17 07:00:fill-000003:fill-000006:22,fill-000003,fill-000006,buy,sell,1776409810501,1776409955991,1776409955991,145490,0.00060000,-0.04081368000000000000,-0.0228000000000000,0.01801368000000000000,-0.0252000000000000,-68.022800000000,London,07:00,755991,755991,True,London,07:00,610501,610501,True,London,07:00,755991,755991,True,549,False,False,False,20,False,False,False
matched_lot,btcusdt_microprice_20260417_05_5h_5sessions_hs2.00_rq5000,2026-04-17 05:00,2026-04-17 07:00,btcusdt_microprice_20260417_05_5h_5sessions_hs2.00_rq5000:2026-04-17 07:00:fill-000003:fill-000011:23,fill-000003,fill-000011,buy,sell,1776409810501,1776411952715,1776411952715,2142214,0.00038000,-0.03419559428000000000,-0.0227886000000000,0.01140699428000000000,-0.0243086000000000,-89.988406000000,London,07:00,2752715,2752715,False,London,07:00,610501,610501,True,London,07:00,2752715,2752715,False,446,False,False,False,11,False,False,False
matched_lot,btcusdt_microprice_20260417_05_5h_5sessions_hs2.00_rq5000,2026-04-17 05:00,2026-04-17 07:00,btcusdt_microprice_20260417_05_5h_5sessions_hs2.00_rq5000:2026-04-17 07:00:fill-000007:fill-000011:24,fill-000007,fill-000011,buy,sell,1776410640113,1776411952715,1776411952715,1312602,0.00014000,0.00210316288000000000,0.0063028000000000,0.00419963712000000000,0.0057414000000000,15.022592000000,London,07:00,2752715,2752715,False,London,07:00,1440113,1440113,True,London,07:00,2752715,2752715,False,979,False,False,False,44,False,False,False
matched_lot,btcusdt_microprice_20260417_05_5h_5sessions_hs2.00_rq5000,2026-04-17 05:00,2026-04-17 07:00,btcusdt_microprice_20260417_05_5h_5sessions_hs2.00_rq5000:2026-04-17 07:00:fill-000008:fill-000011:25,fill-000008,fill-000011,buy,sell,1776410658912,1776411952715,1776411952715,1293803,0.00048000,0.00865593312000000000,0.0230544000000000,0.01439846688000000000,0.0220896000000000,18.033194000000,London,07:00,2752715,2752715,False,London,07:00,1458912,1458912,True,London,07:00,2752715,2752715,False,990,False,False,False,45,False,False,False
matched_lot,btcusdt_microprice_20260417_05_5h_5sessions_hs2.00_rq5000,2026-04-17 05:00,2026-04-17 07:00,btcusdt_microprice_20260417_05_5h_5sessions_hs2.00_rq5000:2026-04-17 07:00:fill-000008:fill-000014:26,fill-000008,fill-000014,buy,sell,1776410658912,1776412682183,1776412682183,2023271,0.00052000,0.02079937600000000000,0.0364000000000000,0.01560062400000000000,0.0353548000000000,39.998800000000,London,07:00,3482183,3482183,False,London,07:00,1458912,1458912,True,London,07:00,3482183,3482183,False,1070,False,False,False,49,False,False,False
matched_lot,btcusdt_microprice_20260417_05_5h_5sessions_hs2.00_rq5000,2026-04-17 05:00,2026-04-17 07:00,btcusdt_microprice_20260417_05_5h_5sessions_hs2.00_rq5000:2026-04-17 07:00:fill-000009:fill-000014:27,fill-000009,fill-000014,buy,sell,1776410722190,1776412682183,1776412682183,1959993,0.00004000,0.00240011200000000000,0.0036000000000000,0.00119988800000000000,0.0034396000000000,60.002800000000,London,07:00,3482183,3482183,False,London,07:00,1522190,1522190,True,London,07:00,3482183,3482183,False,1123,False,False,False,55,False,False,False
matched_lot,btcusdt_microprice_20260417_05_5h_5sessions_hs2.00_rq5000,2026-04-17 05:00,2026-04-17 08:00,btcusdt_microprice_20260417_05_5h_5sessions_hs2.00_rq5000:2026-04-17 08:00:fill-000001:fill-000002:28,fill-000001,fill-000002,sell,buy,1776413364034,1776413429199,1776413429199,65165,0.00007000,0.00363661200000000000,0.0057400000000000,0.00210338800000000000,0.0055993000000000,51.951600000000,London,07:00,4229199,4229199,False,London,07:00,4164034,4164034,False,London,07:00,4229199,4229199,False,1105,False,False,False,53,False,False,False
matched_lot,btcusdt_microprice_20260417_05_5h_5sessions_hs2.00_rq5000,2026-04-17 05:00,2026-04-17 08:00,btcusdt_microprice_20260417_05_5h_5sessions_hs2.00_rq5000:2026-04-17 08:00:fill-000001:fill-000004:29,fill-000001,fill-000004,sell,buy,1776413364034,1776413684470,1776413684470,320436,0.00063000,0.03272950800000000000,0.0516600000000000,0.01893049200000000000,0.0516537000000000,51.951600000000,London,07:00,4484470,4484470,False,London,07:00,4164034,4164034,False,London,07:00,4484470,4484470,False,1106,False,False,False,54,False,False,False
matched_lot,btcusdt_microprice_20260417_05_5h_5sessions_hs2.00_rq5000,2026-04-17 05:00,2026-04-17 08:00,btcusdt_microprice_20260417_05_5h_5sessions_hs2.00_rq5000:2026-04-17 08:00:fill-000003:fill-000004:30,fill-000003,fill-000004,sell,buy,1776413541208,1776413684470,1776413684470,143262,0.00037000,-0.00297346800000000000,0.0081400000000000,0.01111346800000000000,0.0073963000000000,-8.036400000000,London,07:00,4484470,4484470,False,London,07:00,4341208,4341208,False,London,07:00,4484470,4484470,False,858,False,False,False,38,False,False,False
matched_lot,btcusdt_microprice_20260417_05_5h_5sessions_hs2.00_rq5000,2026-04-17 05:00,2026-04-17 08:00,btcusdt_microprice_20260417_05_5h_5sessions_hs2.00_rq5000:2026-04-17 08:00:fill-000003:fill-000005:31,fill-000003,fill-000005,sell,buy,1776413541208,1776413710617,1776413710617,169409,0.00040000,0.00398688000000000000,0.0160000000000000,0.01201312000000000000,0.0144000000000000,9.967200000000,London,07:00,4510617,4510617,False,London,07:00,4341208,4341208,False,London,07:00,4510617,4510617,False,948,False,False,False,40,False,False,False
matched_lot,btcusdt_microprice_20260417_05_5h_5sessions_hs2.00_rq5000,2026-04-17 05:00,2026-04-17 08:00,btcusdt_microprice_20260417_05_5h_5sessions_hs2.00_rq5000:2026-04-17 08:00:fill-000005:fill-000009:32,fill-000005,fill-000009,buy,sell,1776413710617,1776414235643,1776414235643,525026,0.00009000,-0.00728141598000000000,-0.0045801000000000,0.00270131598000000000,-0.0049401000000000,-80.904622000000,London,07:00,5035643,5035643,False,London,07:00,4510617,4510617,False,London,07:00,5035643,5035643,False,482,False,False,False,13,False,False,False
matched_lot,btcusdt_microprice_20260417_05_5h_5sessions_hs2.00_rq5000,2026-04-17 05:00,2026-04-17 08:00,btcusdt_microprice_20260417_05_5h_5sessions_hs2.00_rq5000:2026-04-17 08:00:fill-000006:fill-000009:33,fill-000006,fill-000009,buy,sell,1776413943754,1776414235643,1776414235643,291889,0.00006000,-0.00425295708000000000,-0.0024522000000000,0.00180075708000000000,-0.0026928000000000,-70.882618000000,London,07:00,5035643,5035643,False,London,07:00,4743754,4743754,False,London,07:00,5035643,5035643,False,530,False,False,False,18,False,False,False
matched_lot,btcusdt_microprice_20260417_05_5h_5sessions_hs2.00_rq5000,2026-04-17 05:00,2026-04-17 08:00,btcusdt_microprice_20260417_05_5h_5sessions_hs2.00_rq5000:2026-04-17 08:00:fill-000006:fill-000010:34,fill-000006,fill-000010,buy,sell,1776413943754,1776414346258,1776414346258,402504,0.00001000,0.00035846032000000000,0.0006588000000000,0.00030033968000000000,0.0006187000000000,35.846032000000,London,07:00,5146258,5146258,False,London,07:00,4743754,4743754,False,London,07:00,5146258,5146258,False,1064,False,False,False,48,False,False,False
matched_lot,btcusdt_microprice_20260417_05_5h_5sessions_hs2.00_rq5000,2026-04-17 05:00,2026-04-17 08:00,btcusdt_microprice_20260417_05_5h_5sessions_hs2.00_rq5000:2026-04-17 08:00:fill-000007:fill-000010:35,fill-000007,fill-000010,buy,sell,1776414057692,1776414346258,1776414346258,288566,0.0000100000000000000000000000,0.0003113509000000000000000000001,0.0006117000000000000000000000000,0.0003003490999999999999999999999,0.0005716000000000000000000000000,31.13509000000000000000000001,London,07:00,5146258,5146258,False,London,07:00,4857692,4857692,False,London,07:00,5146258,5146258,False,1041,False,False,False,46,False,False,False
matched_lot,btcusdt_microprice_20260417_05_5h_5sessions_hs2.00_rq5000,2026-04-17 05:00,2026-04-17 08:00,btcusdt_microprice_20260417_05_5h_5sessions_hs2.00_rq5000:2026-04-17 08:00:fill-000007:fill-000011:36,fill-000007,fill-000011,buy,sell,1776414057692,1776414346258,1776414346258,288566,0.00005999999999999999999999999943,0.001868105399999999999999999983,0.003670199999999999999999999965,0.001802094599999999999999999982,0.003429599999999999999999999967,31.13509000000000000000000001,London,07:00,5146258,5146258,False,London,07:00,4857692,4857692,False,London,07:00,5146258,5146258,False,1042,False,False,False,47,False,False,False
matched_lot,btcusdt_microprice_20260417_05_5h_5sessions_hs2.00_rq5000,2026-04-17 05:00,2026-04-17 08:00,btcusdt_microprice_20260417_05_5h_5sessions_hs2.00_rq5000:2026-04-17 08:00:fill-000008:fill-000011:37,fill-000008,fill-000011,buy,sell,1776414189538,1776414346258,1776414346258,156720,0.0005200000000000000000000000006,0.03839348656000000000000000004,0.05400720000000000000000000006,0.01561371344000000000000000002,0.05192200000000000000000000006,73.83362799999999999999999999,London,07:00,5146258,5146258,False,London,07:00,4989538,4989538,False,London,07:00,5146258,5146258,False,1157,False,False,False,58,False,False,False
matched_lot,btcusdt_microprice_20260417_05_5h_5sessions_hs2.00_rq5000,2026-04-17 05:00,2026-04-17 08:00,btcusdt_microprice_20260417_05_5h_5sessions_hs2.00_rq5000:2026-04-17 08:00:fill-000008:fill-000012:38,fill-000008,fill-000012,buy,sell,1776414189538,1776414395166,1776414395166,205628,0.00007000,0.005202647100000000000000000000,0.0073045000000000,0.002101852900000000000000000000,0.0070238000000000,74.3235300000000000000000,London,07:00,5195166,5195166,False,London,07:00,4989538,4989538,False,London,07:00,5195166,5195166,False,1162,False,False,False,59,False,False,False
matched_lot,btcusdt_microprice_20260417_05_5h_5sessions_hs2.00_rq5000,2026-04-17 05:00,2026-04-17 08:00,btcusdt_microprice_20260417_05_5h_5sessions_hs2.00_rq5000:2026-04-17 08:00:fill-000008:fill-000013:39,fill-000008,fill-000013,buy,sell,1776414189538,1776414733779,1776414733779,544241,0.00021000,0.03317092800000000000000000000,0.0394800000000000,0.006309072000000000000000000000,0.0386379000000000,157.956800000000000000000,London,07:00,5533779,5533779,False,London,07:00,4989538,4989538,False,London,07:00,5533779,5533779,False,1287,False,False,False,65,False,False,False
matched_lot,btcusdt_microprice_20260417_05_5h_5sessions_hs2.00_rq5000,2026-04-17 05:00,2026-04-17 08:00,btcusdt_microprice_20260417_05_5h_5sessions_hs2.00_rq5000:2026-04-17 08:00:fill-000008:fill-000017:40,fill-000008,fill-000017,buy,sell,1776414189538,1776415359033,1776415359033,1169495,0.00007000,0.02435431600000000000000000000,0.0264600000000000,0.002105684000000000000000000000,0.0261793000000000,347.918800000000000000000,London,07:00,6159033,6159033,False,London,07:00,4989538,4989538,False,London,07:00,6159033,6159033,False,1417,False,False,False,69,False,False,False
matched_lot,btcusdt_microprice_20260417_05_5h_5sessions_hs2.00_rq5000,2026-04-17 05:00,2026-04-17 08:00,btcusdt_microprice_20260417_05_5h_5sessions_hs2.00_rq5000:2026-04-17 08:00:fill-000008:fill-000019:41,fill-000008,fill-000019,buy,sell,1776414189538,1776415691022,1776415691022,1501484,0.0001299999999999999999999999994,0.05573394267999999999999999974,0.05964659999999999999999999972,0.003912657319999999999999999982,0.05938529999999999999999999972,428.7226360000000000000000000,London,07:00,6491022,6491022,False,London,07:00,4989538,4989538,False,London,07:00,6491022,6491022,False,1469,False,False,False,72,False,False,False
matched_lot,btcusdt_microprice_20260417_05_5h_5sessions_hs2.00_rq5000,2026-04-17 05:00,2026-04-17 08:00,btcusdt_microprice_20260417_05_5h_5sessions_hs2.00_rq5000:2026-04-17 08:00:fill-000014:fill-000019:42,fill-000014,fill-000019,buy,sell,1776414976784,1776415691022,1776415691022,714238,0.00014000,0.02112419120000000000,0.0253456000000000,0.00422140880000000000,0.0250642000000000,150.887080000000,London,07:00,6491022,6491022,False,London,07:00,5776784,5776784,False,London,07:00,6491022,6491022,False,1269,False,False,False,63,False,False,False
matched_lot,btcusdt_microprice_20260417_05_5h_5sessions_hs2.00_rq5000,2026-04-17 05:00,2026-04-17 08:00,btcusdt_microprice_20260417_05_5h_5sessions_hs2.00_rq5000:2026-04-17 08:00:fill-000015:fill-000019:43,fill-000015,fill-000019,buy,sell,1776415007018,1776415691022,1776415691022,684004,0.0007300000000000000000000000006,0.1143678122800000000000000001,0.1363786000000000000000000001,0.02201078772000000000000000002,0.1359406000000000000000000001,156.6682360000000000000000000,London,07:00,6491022,6491022,False,London,07:00,5807018,5807018,False,London,07:00,6491022,6491022,False,1283,False,False,False,64,False,False,False
matched_lot,btcusdt_microprice_20260417_05_5h_5sessions_hs2.00_rq5000,2026-04-17 05:00,2026-04-17 08:00,btcusdt_microprice_20260417_05_5h_5sessions_hs2.00_rq5000:2026-04-17 08:00:fill-000015:fill-000022:44,fill-000015,fill-000022,buy,sell,1776415007018,1776415986938,1776415986938,979920,0.0002699999999999999999999999994,0.08016574913999999999999999982,0.08831429999999999999999999980,0.008148550859999999999999999982,0.08761229999999999999999999980,296.9101820000000000000000000,London,07:00,6786938,6786938,False,London,07:00,5807018,5807018,False,London,07:00,6786938,6786938,False,1400,False,False,False,67,False,False,False
matched_lot,btcusdt_microprice_20260417_05_5h_5sessions_hs2.00_rq5000,2026-04-17 05:00,2026-04-17 08:00,btcusdt_microprice_20260417_05_5h_5sessions_hs2.00_rq5000:2026-04-17 08:00:fill-000016:fill-000022:45,fill-000016,fill-000022,buy,sell,1776415226987,1776415986938,1776415986938,759951,0.0007300000000000000000000000006,0.2255061848600000000000000002,0.2475357000000000000000000002,0.02202951514000000000000000002,0.2446084000000000000000000002,308.9125820000000000000000000,London,07:00,6786938,6786938,False,London,07:00,6026987,6026987,False,London,07:00,6786938,6786938,False,1408,False,False,False,68,False,False,False
matched_lot,btcusdt_microprice_20260417_05_5h_5sessions_hs2.00_rq5000,2026-04-17 05:00,2026-04-17 09:00,btcusdt_microprice_20260417_05_5h_5sessions_hs2.00_rq5000:2026-04-17 09:00:fill-000001:fill-000003:46,fill-000001,fill-000003,buy,sell,1776416413682,1776417093215,1776417093215,679533,0.000092307692307692307692307692,-0.007301368430769230769230769207,-0.004503692307692307692307692293,0.002797676123076923076923076914,-0.004690153846153846153846153830,-79.09815800000000000000000001,London,07:00,7893215,7893215,False,London,07:00,7213682,7213682,False,London,07:00,7893215,7893215,False,488,False,False,False,14,False,False,False
matched_lot,btcusdt_microprice_20260417_05_5h_5sessions_hs2.00_rq5000,2026-04-17 05:00,2026-04-17 09:00,btcusdt_microprice_20260417_05_5h_5sessions_hs2.00_rq5000:2026-04-17 09:00:fill-000001:fill-000004:47,fill-000001,fill-000004,buy,sell,1776416413682,1776417094380,1776417094380,680698,0.000907692307692307692307692308,-0.06635172495384615384615384617,-0.03884015384615384615384615386,0.02751157110769230769230769231,-0.03886738461538461538461538462,-73.09935799999999999999999999,London,07:00,7894380,7894380,False,London,07:00,7213682,7213682,False,London,07:00,7894380,7894380,False,522,False,False,False,17,False,False,False
matched_lot,btcusdt_microprice_20260417_05_5h_5sessions_hs2.00_rq5000,2026-04-17 05:00,2026-04-17 09:00,btcusdt_microprice_20260417_05_5h_5sessions_hs2.00_rq5000:2026-04-17 09:00:fill-000002:fill-000004:48,fill-000002,fill-000004,buy,sell,1776416423435,1776417094380,1776417094380,670945,0.00007999399521963187881602619585,-0.003771250349625522193058380070,-0.001347098879498600839261881138,0.002424151470126921353796498932,-0.001507886809890060915682093792,-47.14416800000000000000000001,London,07:00,7894380,7894380,False,London,07:00,7223435,7223435,False,London,07:00,7894380,7894380,False,655,False,False,False,23,False,False,False
matched_lot,btcusdt_microprice_20260417_05_5h_5sessions_hs2.00_rq5000,2026-04-17 05:00,2026-04-17 09:00,btcusdt_microprice_20260417_05_5h_5sessions_hs2.00_rq5000:2026-04-17 09:00:fill-000004:fill-000008:49,fill-000004,fill-000008,sell,buy,1776417094380,1776417422915,1776417422915,328535,0.00001231369708806042887628149615,-0.001555466216163793375651878593,-0.001182114920453801172123023630,0.0003733512957099922035288549633,-0.001269049621895507799989570992,-126.3199999999999999999999999,London,07:00,8222915,8222915,False,London,07:00,7894380,7894380,False,London,07:00,8222915,8222915,False,340,False,False,False,6,False,False,True
matched_lot,btcusdt_microprice_20260417_05_5h_5sessions_hs2.00_rq5000,2026-04-17 05:00,2026-04-17 09:00,btcusdt_microprice_20260417_05_5h_5sessions_hs2.00_rq5000:2026-04-17 09:00:fill-000005:fill-000008:50,fill-000005,fill-000008,sell,buy,1776417095000,1776417422915,1776417422915,327915,0.00008000,-0.00994563200000000000,-0.0075200000000000,0.00242563200000000000,-0.0081048000000000,-124.320400000000,London,07:00,8222915,8222915,False,London,07:00,7895000,7895000,False,London,07:00,8222915,8222915,False,346,False,False,False,7,False,False,True
matched_lot,btcusdt_microprice_20260417_05_5h_5sessions_hs2.00_rq5000,2026-04-17 05:00,2026-04-17 09:00,btcusdt_microprice_20260417_05_5h_5sessions_hs2.00_rq5000:2026-04-17 09:00:fill-000006:fill-000008:51,fill-000006,fill-000008,sell,buy,1776417406425,1776417422915,1776417422915,16490,0.0002800000000000000000000000,0.01390334344000000000000000000,0.02240280000000000000000000000,0.008499456560000000000000000000,0.01986880000000000000000000000,49.654798,London,07:00,8222915,8222915,False,London,07:00,8206425,8206425,False,London,07:00,8222915,8222915,False,1096,False,False,False,52,False,False,False
matched_lot,btcusdt_microprice_20260417_05_5h_5sessions_hs2.00_rq5000,2026-04-17 05:00,2026-04-17 09:00,btcusdt_microprice_20260417_05_5h_5sessions_hs2.00_rq5000:2026-04-17 09:00:fill-000007:fill-000008:52,fill-000007,fill-000008,sell,buy,1776417421363,1776417422915,1776417422915,1552,0.0002808308605341246290801186942,-0.007394277119525222551928783379,0.001126131750741839762611275964,0.008520408870267062314540059343,-0.001415387537091988130563798219,-26.33000200000000000000000000,London,07:00,8222915,8222915,False,London,07:00,8221363,8221363,False,London,07:00,8222915,8222915,False,773,False,False,False,33,False,False,False
matched_lot,btcusdt_microprice_20260417_05_5h_5sessions_hs2.00_rq5000,2026-04-17 05:00,2026-04-17 09:00,btcusdt_microprice_20260417_05_5h_5sessions_hs2.00_rq5000:2026-04-17 09:00:fill-000008:fill-000011:53,fill-000008,fill-000011,buy,sell,1776417422915,1776417709772,1776417709772,286857,0.0003468554423778149420435998096,-0.02370118734638389949374644475,-0.01318050681035696779765679276,0.01052068053602693169608965199,-0.01631954856387619302315137104,-68.33160000000000000000000000,London,07:00,8509772,8509772,False,London,07:00,8222915,8222915,False,London,07:00,8509772,8509772,False,547,False,False,False,19,False,False,False
matched_lot,btcusdt_microprice_20260417_05_5h_5sessions_hs2.00_rq5000,2026-04-17 05:00,2026-04-17 09:00,btcusdt_microprice_20260417_05_5h_5sessions_hs2.00_rq5000:2026-04-17 09:00:fill-000009:fill-000011:54,fill-000009,fill-000011,buy,sell,1776417433339,1776417709772,1776417709772,276433,0.00014000,0.00062761440000000000,0.0048720000000000,0.00424438560000000000,0.0043974000000000,4.482960000000,London,07:00,8509772,8509772,False,London,07:00,8233339,8233339,False,London,07:00,8509772,8509772,False,918,False,False,False,39,False,False,False
matched_lot,btcusdt_microprice_20260417_05_5h_5sessions_hs2.00_rq5000,2026-04-17 05:00,2026-04-17 09:00,btcusdt_microprice_20260417_05_5h_5sessions_hs2.00_rq5000:2026-04-17 09:00:fill-000010:fill-000011:55,fill-000010,fill-000011,buy,sell,1776417567922,1776417709772,1776417709772,141850,0.0005131445576221850579564001904,-0.01556059556533513969746987937,0.000000000000000000000000000000000000000,0.01556059556533513969746987937,-0.002057709676064962082405164764,-30.32399999999999999999999999,London,07:00,8509772,8509772,False,London,07:00,8367922,8367922,False,London,07:00,8509772,8509772,False,739,False,False,False,31,False,False,False
matched_lot,btcusdt_microprice_20260417_05_5h_5sessions_hs2.00_rq5000,2026-04-17 05:00,2026-04-17 09:00,btcusdt_microprice_20260417_05_5h_5sessions_hs2.00_rq5000:2026-04-17 09:00:fill-000010:fill-000012:56,fill-000010,fill-000012,buy,sell,1776417567922,1776417886197,1776417886197,318275,0.00023000,-0.003525210000000000000000000000,0.0034500000000000,0.006975210000000000000000000000,0.0025277000000000,-15.3270000000000000000000,London,07:00,8686197,8686197,False,London,07:00,8367922,8367922,False,London,07:00,8686197,8686197,False,829,False,False,False,36,False,False,False
matched_lot,btcusdt_microprice_20260417_05_5h_5sessions_hs2.00_rq5000,2026-04-17 05:00,2026-04-17 09:00,btcusdt_microprice_20260417_05_5h_5sessions_hs2.00_rq5000:2026-04-17 09:00:fill-000010:fill-000013:57,fill-000010,fill-000013,buy,sell,1776417567922,1776418132452,1776418132452,564530,0.0002568554423778149420435998096,0.1185587186396901141926238955,0.1263728776498849514854511063,0.007814159010194837292827210846,0.1254096697409681454527876070,461.5776000000000000000000001,London,07:00,8932452,8932452,False,London,07:00,8367922,8367922,False,London,07:00,8932452,8932452,False,1472,False,False,False,73,False,False,False
matched_lot,btcusdt_microprice_20260417_05_5h_5sessions_hs2.00_rq5000,2026-04-17 05:00,2026-04-17 09:00,btcusdt_microprice_20260417_05_5h_5sessions_hs2.00_rq5000:2026-04-17 09:00:fill-000013:fill-000015:58,fill-000013,fill-000015,sell,buy,1776418132452,1776418283115,1776418283115,150663,0.0002799999999999999999999999962,0.1068400485599999999999999985,0.1153627999999999999999999984,0.008522751439999999999999999885,0.1143127999999999999999999984,381.5716019999999999999999998,London,07:00,9083115,9083115,False,London,07:00,8932452,8932452,False,London,07:00,9083115,9083115,False,1440,False,False,False,70,False,False,False
matched_lot,btcusdt_microprice_20260417_05_5h_5sessions_hs2.00_rq5000,2026-04-17 05:00,2026-04-17 09:00,btcusdt_microprice_20260417_05_5h_5sessions_hs2.00_rq5000:2026-04-17 09:00:fill-000013:fill-000016:59,fill-000013,fill-000016,sell,buy,1776418132452,1776418321012,1776418321012,188560,0.00007000,0.02703557724000000000000000000,0.0291662000000000,0.002130622760000000000000000000,0.0290423000000000,386.222532000000000000000,London,07:00,9121012,9121012,False,London,07:00,8932452,8932452,False,London,07:00,9121012,9121012,False,1444,False,False,False,71,False,False,False
matched_lot,btcusdt_microprice_20260417_05_5h_5sessions_hs2.00_rq5000,2026-04-17 05:00,2026-04-17 09:00,btcusdt_microprice_20260417_05_5h_5sessions_hs2.00_rq5000:2026-04-17 09:00:fill-000013:fill-000018:60,fill-000013,fill-000018,sell,buy,1776418132452,1776418404298,1776418404298,271846,0.0000322761722761877716606064352,0.01765941409368969180069657703,0.01864078053638948564486664059,0.0009813664426997938441700635597,0.01851974489035378150113936646,547.1347080000000000000000001,London,07:00,9204298,9204298,False,London,07:00,8932452,8932452,False,London,07:00,9204298,9204298,False,1485,False,False,False,74,False,False,False
matched_lot,btcusdt_microprice_20260417_05_5h_5sessions_hs2.00_rq5000,2026-04-17 05:00,2026-04-17 09:00,btcusdt_microprice_20260417_05_5h_5sessions_hs2.00_rq5000:2026-04-17 09:00:fill-000014:fill-000018:61,fill-000014,fill-000018,sell,buy,1776418268232,1776418404298,1776418404298,136066,0.0000377238277238122283393935648,0.004415602026152392395799444590,0.005559360491658208090376429645,0.001143758465505815694576985055,0.005482781121378869266847460709,117.0507420000000000000000000,London,07:00,9204298,9204298,False,London,07:00,9068232,9068232,False,London,07:00,9204298,9204298,False,1219,False,False,False,61,False,False,False
matched_lot,btcusdt_microprice_20260417_05_5h_5sessions_hs2.00_rq5000,2026-04-17 05:00,2026-04-17 09:00,btcusdt_microprice_20260417_05_5h_5sessions_hs2.00_rq5000:2026-04-17 09:00:fill-000014:fill-000019:62,fill-000014,fill-000019,sell,buy,1776418268232,1776418424615,1776418424615,156383,0.0003122761722761877716606064352,0.04169637486894789796597059343,0.05116332806573060450887375834,0.009466953196782706542903164907,0.05115083701883955699800733408,133.5240360000000000000000000,London,07:00,9224615,9224615,False,London,07:00,9068232,9068232,False,London,07:00,9224615,9224615,False,1241,False,False,False,62,False,False,False
matched_lot,btcusdt_microprice_20260417_05_5h_5sessions_hs2.00_rq5000,2026-04-17 05:00,2026-04-17 09:00,btcusdt_microprice_20260417_05_5h_5sessions_hs2.00_rq5000:2026-04-17 09:00:fill-000017:fill-000019:63,fill-000017,fill-000019,sell,buy,1776418374118,1776418424615,1776418424615,50497,0.0006877238277238122283393935648,0.00941356925567416357200744584,0.03024609394329326180236652898,0.02083252468761909823035908314,0.03023233946673878555779974111,13.68800800000000000000000001,London,07:00,9224615,9224615,False,London,07:00,9174118,9174118,False,London,07:00,9224615,9224615,False,967,False,False,False,43,False,False,False
matched_lot,btcusdt_microprice_20260417_05_5h_5sessions_hs2.00_rq5000,2026-04-17 05:00,2026-04-17 09:00,btcusdt_microprice_20260417_05_5h_5sessions_hs2.00_rq5000:2026-04-17 09:00:fill-000017:fill-000020:64,fill-000017,fill-000020,sell,buy,1776418374118,1776418442755,1776418442755,68637,0.0002922761722761877716606064352,0.01414176681267004241765877269,0.02299336647296769199653990826,0.008851599660297649578881135570,0.02240589136669255457550208933,48.38494599999999999999999998,London,07:00,9242755,9242755,False,London,07:00,9174118,9174118,False,London,07:00,9242755,9242755,False,1093,False,False,False,51,False,False,False
matched_lot,btcusdt_microprice_20260417_05_5h_5sessions_hs2.00_rq5000,2026-04-17 05:00,2026-04-17 09:00,btcusdt_microprice_20260417_05_5h_5sessions_hs2.00_rq5000:2026-04-17 09:00:fill-000020:fill-000022:65,fill-000020,fill-000022,buy,sell,1776418442755,1776418572826,1776418572826,130071,0.00007000000000000000000000000123,-0.008647846340000000000000000153,-0.006530300000000000000000000115,0.002117546340000000000000000038,-0.006811000000000000000000000120,-123.5406620000000000000000000,London,07:00,9372826,9372826,False,London,07:00,9242755,9242755,False,London,07:00,9372826,9372826,False,350,False,False,False,8,False,False,False
matched_lot,btcusdt_microprice_20260417_05_5h_5sessions_hs2.00_rq5000,2026-04-17 05:00,2026-04-17 09:00,btcusdt_microprice_20260417_05_5h_5sessions_hs2.00_rq5000:2026-04-17 09:00:fill-000020:fill-000024:66,fill-000020,fill-000024,buy,sell,1776418442755,1776418662863,1776418662863,220108,0.0002677238277238122283393935636,-0.02076462259692299509629139728,-0.01266333705133631840045331556,0.008101285545586676695838081718,-0.01373690960050880543609428376,-77.55986000000000000000000001,London,07:00,9462863,9462863,False,London,07:00,9242755,9242755,False,London,07:00,9462863,9462863,False,499,False,False,False,15,False,False,False
matched_lot,btcusdt_microprice_20260417_05_5h_5sessions_hs2.00_rq5000,2026-04-17 05:00,2026-04-17 09:00,btcusdt_microprice_20260417_05_5h_5sessions_hs2.00_rq5000:2026-04-17 09:00:fill-000021:fill-000024:67,fill-000021,fill-000024,buy,sell,1776418484862,1776418662863,1776418662863,178001,0.00007000,-0.00986457710000000000,-0.0077455000000000,0.00211907710000000000,-0.0080262000000000,-140.922530000000,London,07:00,9462863,9462863,False,London,07:00,9284862,9284862,False,London,07:00,9462863,9462863,False,293,False,False,False,5,False,False,True
matched_lot,btcusdt_microprice_20260417_05_5h_5sessions_hs2.00_rq5000,2026-04-17 05:00,2026-04-17 09:00,btcusdt_microprice_20260417_05_5h_5sessions_hs2.00_rq5000:2026-04-17 09:00:fill-000023:fill-000024:68,fill-000023,fill-000024,buy,sell,1776418593776,1776418662863,1776418662863,69087,0.0006622761722761877716606064364,0.03163375382400656415092319856,0.05165754143754264618952730204,0.02002378761353608203860410348,0.04900181398671513322516827024,47.76520000000000000000000001,London,07:00,9462863,9462863,False,London,07:00,9393776,9393776,False,London,07:00,9462863,9462863,False,1090,False,False,False,50,False,False,False
matched_lot,btcusdt_microprice_20260417_05_5h_5sessions_hs2.00_rq5000,2026-04-17 05:00,2026-04-17 09:00,btcusdt_microprice_20260417_05_5h_5sessions_hs2.00_rq5000:2026-04-17 09:00:fill-000023:fill-000026:69,fill-000023,fill-000026,buy,sell,1776418593776,1776419291717,1776419291717,697941,0.0003377238277238122283393935636,0.05867276126590555387702730048,0.06889228361738045645895289304,0.01021952235147490258192559256,0.06821008148537835575770731804,173.7300020000000000000000000,London,07:00,10091717,10091717,False,London,07:00,9393776,9393776,False,London,07:00,10091717,10091717,False,1313,False,False,False,66,False,False,False
matched_lot,btcusdt_microprice_20260417_05_5h_5sessions_hs2.00_rq5000,2026-04-17 05:00,2026-04-17 09:00,btcusdt_microprice_20260417_05_5h_5sessions_hs2.00_rq5000:2026-04-17 09:00:fill-000025:fill-000026:70,fill-000025,fill-000026,buy,sell,1776418690274,1776419291717,1776419291717,601443,0.00007000,0.00630442904000000000,0.0084238000000000,0.00211937096000000000,0.0082824000000000,90.063272000000,London,07:00,10091717,10091717,False,London,07:00,9490274,9490274,False,London,07:00,10091717,10091717,False,1189,False,False,False,60,False,False,False
matched_lot,btcusdt_microprice_20260417_05_5h_5sessions_hs2.00_rq5000,2026-04-17 05:00,2026-04-17 09:00,btcusdt_microprice_20260417_05_5h_5sessions_hs2.00_rq5000:2026-04-17 09:00:fill-000026:fill-000028:71,fill-000026,fill-000028,sell,buy,1776419291717,1776419436320,1776419436320,144603,0.0005922761722761877716606064364,-0.04519066839101609332057764113,-0.02723878116298187561867129001,0.01795188722803421770190635112,-0.02725062668642739937410450214,-76.29999399999999999999999999,London,07:00,10236320,10236320,False,London,07:00,10091717,10091717,False,London,07:00,10236320,10236320,False,504,False,False,False,16,False,False,False
matched_lot,btcusdt_microprice_20260417_05_5h_5sessions_hs2.00_rq5000,2026-04-17 05:00,2026-04-17 09:00,btcusdt_microprice_20260417_05_5h_5sessions_hs2.00_rq5000:2026-04-17 09:00:fill-000027:fill-000028:72,fill-000027,fill-000028,sell,buy,1776419353869,1776419436320,1776419436320,82451,0.00006999999999999999999999999981,-0.005899487859999999999999999984,-0.003777899999999999999999999990,0.002121587859999999999999999994,-0.003918599999999999999999999990,-84.27839800000000000000000000,London,07:00,10236320,10236320,False,London,07:00,10153869,10153869,False,London,07:00,10236320,10236320,False,469,False,False,False,12,False,False,False
matched_lot,btcusdt_microprice_20260417_05_5h_5sessions_hs2.00_rq5000,2026-04-17 05:00,2026-04-17 09:00,btcusdt_microprice_20260417_05_5h_5sessions_hs2.00_rq5000:2026-04-17 09:00:fill-000028:fill-000029:73,fill-000028,fill-000029,buy,sell,1776419436320,1776419487043,1776419487043,50723,0.0003377238277238122283393935638,-0.01090807301599055550543949149,-0.0006686931788931482121119992563,0.01023937983709740729332749223,-0.001347518072618010791074180320,-32.29879600000000000000000003,London,07:00,10287043,10287043,False,London,07:00,10236320,10236320,False,London,07:00,10287043,10287043,False,728,False,False,False,30,False,False,False
matched_lot,btcusdt_microprice_20260417_05_5h_5sessions_hs2.00_rq5000,2026-04-17 05:00,2026-04-17 09:00,btcusdt_microprice_20260417_05_5h_5sessions_hs2.00_rq5000:2026-04-17 09:00:fill-000029:fill-000030:74,fill-000029,fill-000030,sell,buy,1776419487043,1776419682416,1776419682416,195373,0.0003622761722761877716606064362,-0.04389938322460518229339994873,-0.03290916748956889717764948866,0.01099021573503628511575046007,-0.03364096535756679647640391366,-121.1765680000000000000000000,London,07:00,10482416,10482416,False,London,07:00,10287043,10287043,False,London,07:00,10482416,10482416,False,358,False,False,False,10,False,False,False
matched_lot,btcusdt_microprice_20260417_12_5h_5sessions_hs2.00_rq5000,2026-04-17 12:00,2026-04-17 12:00,btcusdt_microprice_20260417_12_5h_5sessions_hs2.00_rq5000:2026-04-17 12:00:fill-000001:fill-000002:1,fill-000001,fill-000002,buy,sell,1776427261594,1776427361365,1776427361365,99771,0.00007002190139900773253475170898,-0.005337013167067447369597282388,-0.003220307245340365619273231096,0.002116705921727081750324051292,-0.003501095069950386626737585448,-76.21919800000000000000000001,US cash open,13:30,-5238635,5238635,False,US cash open,13:30,-5338406,5338406,False,US cash open,13:30,-5238635,5238635,False,505,False,False,False,28,False,False,False
matched_lot,btcusdt_microprice_20260417_12_5h_5sessions_hs2.00_rq5000,2026-04-17 12:00,2026-04-17 12:00,btcusdt_microprice_20260417_12_5h_5sessions_hs2.00_rq5000:2026-04-17 12:00:fill-000002:fill-000003:2,fill-000002,fill-000003,sell,buy,1776427361365,1776427372265,1776427372265,10900,0.000070000000000000000000000000,-0.003515680000000000000000000000,-0.001400000000000000000000000000,0.002115680000000000000000000000,-0.001680700000000000000000000000,-50.224,US cash open,13:30,-5227735,5227735,False,US cash open,13:30,-5238635,5238635,False,US cash open,13:30,-5227735,5227735,False,634,False,False,False,31,False,False,False
matched_lot,btcusdt_microprice_20260417_12_5h_5sessions_hs2.00_rq5000,2026-04-17 12:00,2026-04-17 12:00,btcusdt_microprice_20260417_12_5h_5sessions_hs2.00_rq5000:2026-04-17 12:00:fill-000002:fill-000008:3,fill-000002,fill-000008,sell,buy,1776427361365,1776428800227,1776428800227,1438862,0.00007000,-0.01373772400000000000000000000,-0.0116200000000000,0.002117724000000000000000000000,-0.0117621000000000,-196.253200000000000000000,US cash open,13:30,-3799773,3799773,False,US cash open,13:30,-5238635,5238635,False,US cash open,13:30,-3799773,3799773,False,166,False,False,False,7,False,False,True
matched_lot,btcusdt_microprice_20260417_12_5h_5sessions_hs2.00_rq5000,2026-04-17 12:00,2026-04-17 12:00,btcusdt_microprice_20260417_12_5h_5sessions_hs2.00_rq5000:2026-04-17 12:00:fill-000002:fill-000012:4,fill-000002,fill-000012,sell,buy,1776427361365,1776429159565,1776429159565,1798200,0.0001899746790520131457619773562,-0.06426493838920149016939491922,-0.05851220114802004889468902571,0.005752737241181441274705893510,-0.05927399961101862160919455491,-338.2816000000000000000000000,US cash open,13:30,-3440435,3440435,False,US cash open,13:30,-5238635,5238635,False,US cash open,13:30,-3440435,3440435,False,67,False,True,True,3,False,True,True
matched_lot,btcusdt_microprice_20260417_12_5h_5sessions_hs2.00_rq5000,2026-04-17 12:00,2026-04-17 12:00,btcusdt_microprice_20260417_12_5h_5sessions_hs2.00_rq5000:2026-04-17 12:00:fill-000004:fill-000012:5,fill-000004,fill-000012,sell,buy,1776428500798,1776429159565,1776429159565,658767,0.00014000,-0.02328424000000000000,-0.0190400000000000,0.00424424000000000000,-0.0196014000000000,-166.316000000000,US cash open,13:30,-3440435,3440435,False,US cash open,13:30,-4099202,4099202,False,US cash open,13:30,-3440435,3440435,False,230,False,False,False,10,False,False,True
matched_lot,btcusdt_microprice_20260417_12_5h_5sessions_hs2.00_rq5000,2026-04-17 12:00,2026-04-17 12:00,btcusdt_microprice_20260417_12_5h_5sessions_hs2.00_rq5000:2026-04-17 12:00:fill-000005:fill-000012:6,fill-000005,fill-000012,sell,buy,1776428754920,1776429159565,1776429159565,404645,0.0006700253209479868542380226438,0.05508565202360894046259139724,0.07543145063232436005011658924,0.02034579860871541958752519200,0.07384349062167763120557247558,82.21428400000000000000000001,US cash open,13:30,-3440435,3440435,False,US cash open,13:30,-3845080,3845080,False,US cash open,13:30,-3440435,3440435,False,1175,False,False,False,66,False,False,False
matched_lot,btcusdt_microprice_20260417_12_5h_5sessions_hs2.00_rq5000,2026-04-17 12:00,2026-04-17 12:00,btcusdt_microprice_20260417_12_5h_5sessions_hs2.00_rq5000:2026-04-17 12:00:fill-000005:fill-000013:7,fill-000005,fill-000013,sell,buy,1776428754920,1776429275733,1776429275733,520813,0.0000299746790520131457619773562,0.002894569448116327456821314700,0.003804686012072028591567785822,0.0009101165639557011347464711224,0.003733646022718757436111899488,96.56715399999999999999999998,US cash open,13:30,-3324267,3324267,False,US cash open,13:30,-3845080,3845080,False,US cash open,13:30,-3324267,3324267,False,1195,False,False,False,67,False,False,False
matched_lot,btcusdt_microprice_20260417_12_5h_5sessions_hs2.00_rq5000,2026-04-17 12:00,2026-04-17 12:00,btcusdt_microprice_20260417_12_5h_5sessions_hs2.00_rq5000:2026-04-17 12:00:fill-000006:fill-000013:8,fill-000006,fill-000013,sell,buy,1776428754922,1776429275733,1776429275733,520811,0.00030000,0.02897014620000000000,0.0380790000000000,0.00910885380000000000,0.0373680000000000,96.567154000000,US cash open,13:30,-3324267,3324267,False,US cash open,13:30,-3845078,3845078,False,US cash open,13:30,-3324267,3324267,False,1196,False,False,False,68,False,False,False
matched_lot,btcusdt_microprice_20260417_12_5h_5sessions_hs2.00_rq5000,2026-04-17 12:00,2026-04-17 12:00,btcusdt_microprice_20260417_12_5h_5sessions_hs2.00_rq5000:2026-04-17 12:00:fill-000007:fill-000013:9,fill-000007,fill-000013,sell,buy,1776428755083,1776429275733,1776429275733,520650,0.00007000,0.00734898290000000000,0.0094745000000000,0.00212551710000000000,0.0091938000000000,104.985470000000,US cash open,13:30,-3324267,3324267,False,US cash open,13:30,-3844917,3844917,False,US cash open,13:30,-3324267,3324267,False,1204,False,False,False,69,False,False,False
matched_lot,btcusdt_microprice_20260417_12_5h_5sessions_hs2.00_rq5000,2026-04-17 12:00,2026-04-17 12:00,btcusdt_microprice_20260417_12_5h_5sessions_hs2.00_rq5000:2026-04-17 12:00:fill-000009:fill-000013:10,fill-000009,fill-000013,sell,buy,1776429045940,1776429275733,1776429275733,229793,0.00007000,0.00154014490000000000,0.0036645000000000,0.00212435510000000000,0.0033838000000000,22.002070000000,US cash open,13:30,-3324267,3324267,False,US cash open,13:30,-3554060,3554060,False,US cash open,13:30,-3324267,3324267,False,1008,False,False,False,53,False,False,False
matched_lot,btcusdt_microprice_20260417_12_5h_5sessions_hs2.00_rq5000,2026-04-17 12:00,2026-04-17 12:00,btcusdt_microprice_20260417_12_5h_5sessions_hs2.00_rq5000:2026-04-17 12:00:fill-000010:fill-000013:11,fill-000010,fill-000013,sell,buy,1776429053013,1776429275733,1776429275733,222720,0.0000000000000000000000000000019,-0.0000000000000000000000000000075671908000000,0.000000000000000000000000000050084000000,0.0000000000000000000000000000576511908000000,0.000000000000000000000000000045144000000,-3.982732000000,US cash open,13:30,-3324267,3324267,False,US cash open,13:30,-3546987,3546987,False,US cash open,13:30,-3324267,3324267,False,882,False,False,False,43,False,False,False
matched_lot,btcusdt_microprice_20260417_12_5h_5sessions_hs2.00_rq5000,2026-04-17 12:00,2026-04-17 12:00,btcusdt_microprice_20260417_12_5h_5sessions_hs2.00_rq5000:2026-04-17 12:00:fill-000011:fill-000013:12,fill-000011,fill-000013,sell,buy,1776429061362,1776429275733,1776429275733,214371,0.00006998513935644315045643405210,0.001160574343659357656264216177,0.003284402589997877050920450065,0.002123828246338519394656233888,0.003004462032572104449094713856,16.58315400000000000000000000,US cash open,13:30,-3324267,3324267,False,US cash open,13:30,-3538638,3538638,False,US cash open,13:30,-3324267,3324267,False,984,False,False,False,51,False,False,False
matched_lot,btcusdt_microprice_20260417_12_5h_5sessions_hs2.00_rq5000,2026-04-17 12:00,2026-04-17 12:00,btcusdt_microprice_20260417_12_5h_5sessions_hs2.00_rq5000:2026-04-17 12:00:fill-000013:fill-000014:13,fill-000013,fill-000014,buy,sell,1776429275733,1776429544415,1776429544415,268682,0.00007000,-0.01329758696000000000000000000,-0.0111762000000000,0.002121386960000000000000000000,-0.0114569000000000,-189.965528000000000000000,US cash open,13:30,-3055585,3055585,False,US cash open,13:30,-3324267,3324267,False,US cash open,13:30,-3055585,3055585,False,178,False,False,False,9,False,False,True
matched_lot,btcusdt_microprice_20260417_12_5h_5sessions_hs2.00_rq5000,2026-04-17 12:00,2026-04-17 12:00,btcusdt_microprice_20260417_12_5h_5sessions_hs2.00_rq5000:2026-04-17 12:00:fill-000013:fill-000017:14,fill-000013,fill-000017,buy,sell,1776429275733,1776429846849,1776429846849,571116,0.0003900401815915437037815885898,-0.05376156130808402792651607848,-0.04193712032472277903059640518,0.01182444098336124889591967330,-0.04272110108972178187519739824,-137.8359560000000000000000000,US cash open,13:30,-2753151,2753151,False,US cash open,13:30,-3324267,3324267,False,US cash open,13:30,-2753151,2753151,False,304,False,False,False,16,False,False,False
matched_lot,btcusdt_microprice_20260417_12_5h_5sessions_hs2.00_rq5000,2026-04-17 12:00,2026-04-17 12:00,btcusdt_microprice_20260417_12_5h_5sessions_hs2.00_rq5000:2026-04-17 12:00:fill-000015:fill-000017:15,fill-000015,fill-000017,buy,sell,1776429720962,1776429846849,1776429846849,125887,0.00008387115686182769587766889248,0.000658654956159540577401808283,0.003198845922710108320774291559,0.002540190966550567743372483276,0.003030264897417834652060177086,7.853176000000000000000000008,US cash open,13:30,-2753151,2753151,False,US cash open,13:30,-2879038,2879038,False,US cash open,13:30,-2753151,2753151,False,937,False,False,False,47,False,False,False
matched_lot,btcusdt_microprice_20260417_12_5h_5sessions_hs2.00_rq5000,2026-04-17 12:00,2026-04-17 12:00,btcusdt_microprice_20260417_12_5h_5sessions_hs2.00_rq5000:2026-04-17 12:00:fill-000016:fill-000017:16,fill-000016,fill-000017,buy,sell,1776429788665,1776429846849,1776429846849,58184,0.0005260886615466286003407425177,-0.00113573388085206203475920381,0.01479887404930666252758508702,0.01593460793015872456234429083,0.01374143583959793904090019456,-2.158826000000000000000000007,US cash open,13:30,-2753151,2753151,False,US cash open,13:30,-2811335,2811335,False,US cash open,13:30,-2753151,2753151,False,888,False,False,False,44,False,False,False
matched_lot,btcusdt_microprice_20260417_12_5h_5sessions_hs2.00_rq5000,2026-04-17 12:00,2026-04-17 12:00,btcusdt_microprice_20260417_12_5h_5sessions_hs2.00_rq5000:2026-04-17 12:00:fill-000016:fill-000018:17,fill-000016,fill-000018,buy,sell,1776429788665,1776430013607,1776430013607,224942,0.000300000000000000000000000000,0.04610400000000000000000000000,0.05520000000000000000000000000,0.009096000000000000000000000000,0.05399700000000000000000000000,153.68,US cash open,13:30,-2586393,2586393,False,US cash open,13:30,-2811335,2811335,False,US cash open,13:30,-2586393,2586393,False,1275,False,False,False,81,False,False,False
matched_lot,btcusdt_microprice_20260417_12_5h_5sessions_hs2.00_rq5000,2026-04-17 12:00,2026-04-17 12:00,btcusdt_microprice_20260417_12_5h_5sessions_hs2.00_rq5000:2026-04-17 12:00:fill-000016:fill-000020:18,fill-000016,fill-000020,buy,sell,1776429788665,1776430298244,1776430298244,509579,0.00016000,0.04218687968000000000000000000,0.0470416000000000,0.004854720320000000000000000000,0.0464000000000000,263.667998000000000000000,US cash open,13:30,-2301756,2301756,False,US cash open,13:30,-2811335,2811335,False,US cash open,13:30,-2301756,2301756,False,1372,False,False,False,100,False,False,False
matched_lot,btcusdt_microprice_20260417_12_5h_5sessions_hs2.00_rq5000,2026-04-17 12:00,2026-04-17 13:00,btcusdt_microprice_20260417_12_5h_5sessions_hs2.00_rq5000:2026-04-17 13:00:fill-000001:fill-000002:19,fill-000001,fill-000002,buy,sell,1776430825579,1776430834939,1776430834939,9360,0.00028000,-0.01368850336000000000,-0.0051632000000000,0.00852530336000000000,-0.0066136000000000,-48.887512000000,US cash open,13:30,-1765061,1765061,True,US cash open,13:30,-1774421,1774421,True,US cash open,13:30,-1765061,1765061,True,643,False,False,False,33,False,False,False
matched_lot,btcusdt_microprice_20260417_12_5h_5sessions_hs2.00_rq5000,2026-04-17 12:00,2026-04-17 13:00,btcusdt_microprice_20260417_12_5h_5sessions_hs2.00_rq5000:2026-04-17 13:00:fill-000001:fill-000005:20,fill-000001,fill-000005,buy,sell,1776430825579,1776431131912,1776431131912,306333,0.00021000,-0.00210531006000000000,0.0042903000000000,0.00639561006000000000,0.0033579000000000,-10.025286000000,US cash open,13:30,-1468088,1468088,True,US cash open,13:30,-1774421,1774421,True,US cash open,13:30,-1468088,1468088,True,851,False,False,False,42,False,False,False
matched_lot,btcusdt_microprice_20260417_12_5h_5sessions_hs2.00_rq5000,2026-04-17 12:00,2026-04-17 13:00,btcusdt_microprice_20260417_12_5h_5sessions_hs2.00_rq5000:2026-04-17 13:00:fill-000001:fill-000006:21,fill-000001,fill-000006,buy,sell,1776430825579,1776431184739,1776431184739,359160,0.00040000,0.00381632000000000000,0.0160000000000000,0.01218368000000000000,0.0151960000000000,9.540800000000,US cash open,13:30,-1415261,1415261,True,US cash open,13:30,-1774421,1774421,True,US cash open,13:30,-1415261,1415261,True,943,False,False,False,48,False,False,False
matched_lot,btcusdt_microprice_20260417_12_5h_5sessions_hs2.00_rq5000,2026-04-17 12:00,2026-04-17 13:00,btcusdt_microprice_20260417_12_5h_5sessions_hs2.00_rq5000:2026-04-17 13:00:fill-000001:fill-000010:22,fill-000001,fill-000010,buy,sell,1776430825579,1776431243337,1776431243337,417758,0.00011000,0.01744390846000000000000000000,0.0207977000000000,0.003353791540000000000000000000,0.0207944000000000,158.580986000000000000000,US cash open,13:30,-1356663,1356663,True,US cash open,13:30,-1774421,1774421,True,US cash open,13:30,-1356663,1356663,True,1289,False,False,False,85,False,False,False
matched_lot,btcusdt_microprice_20260417_12_5h_5sessions_hs2.00_rq5000,2026-04-17 12:00,2026-04-17 13:00,btcusdt_microprice_20260417_12_5h_5sessions_hs2.00_rq5000:2026-04-17 13:00:fill-000003:fill-000010:23,fill-000003,fill-000010,buy,sell,1776430849842,1776431243337,1776431243337,393495,0.0000309716596994369804776616461,0.005049058005092493302369816685,0.005993325868438050092232305137,0.0009442678633455567898624884516,0.005479815750621384955912675045,163.0218740000000000000000000,US cash open,13:30,-1356663,1356663,True,US cash open,13:30,-1750158,1750158,True,US cash open,13:30,-1356663,1356663,True,1301,False,False,False,88,False,False,False
matched_lot,btcusdt_microprice_20260417_12_5h_5sessions_hs2.00_rq5000,2026-04-17 12:00,2026-04-17 13:00,btcusdt_microprice_20260417_12_5h_5sessions_hs2.00_rq5000:2026-04-17 13:00:fill-000003:fill-000011:24,fill-000003,fill-000011,buy,sell,1776430849842,1776431260220,1776431260220,410378,0.0000290283403005630195223383539,0.003946904647751978036417362354,0.004831767243028714599493219007,0.0008848625952767365630758566535,0.004341768858755210829956147593,135.9672860000000000000000000,US cash open,13:30,-1339780,1339780,True,US cash open,13:30,-1750158,1750158,True,US cash open,13:30,-1339780,1339780,True,1250,False,False,False,76,False,False,False
matched_lot,btcusdt_microprice_20260417_12_5h_5sessions_hs2.00_rq5000,2026-04-17 12:00,2026-04-17 13:00,btcusdt_microprice_20260417_12_5h_5sessions_hs2.00_rq5000:2026-04-17 13:00:fill-000004:fill-000011:25,fill-000004,fill-000011,buy,sell,1776430849842,1776431260220,1776431260220,410378,0.0002509716596994369804776616461,0.03412393543224802196358263764,0.04177423275697128540050678099,0.007650297324723263436924143346,0.03753783114124478917004385241,135.9672860000000000000000000,US cash open,13:30,-1339780,1339780,True,US cash open,13:30,-1750158,1750158,True,US cash open,13:30,-1339780,1339780,True,1251,False,False,False,77,False,False,False
matched_lot,btcusdt_microprice_20260417_12_5h_5sessions_hs2.00_rq5000,2026-04-17 12:00,2026-04-17 13:00,btcusdt_microprice_20260417_12_5h_5sessions_hs2.00_rq5000:2026-04-17 13:00:fill-000004:fill-000013:26,fill-000004,fill-000013,buy,sell,1776430849842,1776431262249,1776431262249,412407,0.0006890283403005630195223383539,0.09230753233848697222258049459,0.1133107105624275885604485423,0.02100317822394061633786804771,0.1006532599511062458918231867,133.9676860000000000000000000,US cash open,13:30,-1337751,1337751,True,US cash open,13:30,-1750158,1750158,True,US cash open,13:30,-1337751,1337751,True,1242,False,False,False,74,False,False,False
matched_lot,btcusdt_microprice_20260417_12_5h_5sessions_hs2.00_rq5000,2026-04-17 12:00,2026-04-17 13:00,btcusdt_microprice_20260417_12_5h_5sessions_hs2.00_rq5000:2026-04-17 13:00:fill-000007:fill-000013:27,fill-000007,fill-000013,buy,sell,1776431210949,1776431262249,1776431262249,51300,0.0003109716596994369804776616461,-0.02690414912116368897667152700,-0.01741130322657147653694427557,0.009492845894592212439727251429,-0.01859921496662332580236894306,-86.51640200000000000000000002,US cash open,13:30,-1337751,1337751,True,US cash open,13:30,-1389051,1389051,True,US cash open,13:30,-1337751,1337751,True,461,False,False,False,24,False,False,False
matched_lot,btcusdt_microprice_20260417_12_5h_5sessions_hs2.00_rq5000,2026-04-17 12:00,2026-04-17 13:00,btcusdt_microprice_20260417_12_5h_5sessions_hs2.00_rq5000:2026-04-17 13:00:fill-000007:fill-000014:28,fill-000007,fill-000014,buy,sell,1776431210949,1776431369661,1776431369661,158712,0.00030000000000000000000000000,0.08801928000000000000000000000,0.09720000000000000000000000000,0.009180719999999999999999999999,0.09599700000000000000000000000,293.3976,US cash open,13:30,-1230339,1230339,True,US cash open,13:30,-1389051,1389051,True,US cash open,13:30,-1230339,1230339,True,1397,False,False,False,102,False,False,False
matched_lot,btcusdt_microprice_20260417_12_5h_5sessions_hs2.00_rq5000,2026-04-17 12:00,2026-04-17 13:00,btcusdt_microprice_20260417_12_5h_5sessions_hs2.00_rq5000:2026-04-17 13:00:fill-000007:fill-000015:29,fill-000007,fill-000015,buy,sell,1776431210949,1776431567638,1776431567638,356689,0.0002990283403005630195223383539,0.1188269249779487708961243436,0.1279841296486409723555608155,0.009157204670692201459436471879,0.1273830826846368406863209154,397.3768000000000000000000000,US cash open,13:30,-1032362,1032362,True,US cash open,13:30,-1389051,1389051,True,US cash open,13:30,-1032362,1032362,True,1453,False,False,False,111,False,False,False
matched_lot,btcusdt_microprice_20260417_12_5h_5sessions_hs2.00_rq5000,2026-04-17 12:00,2026-04-17 13:00,btcusdt_microprice_20260417_12_5h_5sessions_hs2.00_rq5000:2026-04-17 13:00:fill-000008:fill-000015:30,fill-000008,fill-000015,buy,sell,1776431239274,1776431567638,1776431567638,328364,0.0007009716596994369804776616461,0.2908894436530034619784537828,0.3123529715620691185008460295,0.02146352790906565652239224675,0.3119253788496524619427546559,414.9803200000000000000000001,US cash open,13:30,-1032362,1032362,True,US cash open,13:30,-1360726,1360726,True,US cash open,13:30,-1032362,1032362,True,1462,False,False,False,113,False,False,False
matched_lot,btcusdt_microprice_20260417_12_5h_5sessions_hs2.00_rq5000,2026-04-17 12:00,2026-04-17 13:00,btcusdt_microprice_20260417_12_5h_5sessions_hs2.00_rq5000:2026-04-17 13:00:fill-000008:fill-000017:31,fill-000008,fill-000017,buy,sell,1776431239274,1776431569834,1776431569834,330560,0.00013962566844919786096256685,0.05891908877647058823529411979,0.06319457754010695187165775631,0.004275488763636363636363636521,0.06283015454545454545454545684,421.9789200000000000000000000,US cash open,13:30,-1030166,1030166,True,US cash open,13:30,-1360726,1360726,True,US cash open,13:30,-1030166,1030166,True,1467,False,False,False,115,False,False,False
matched_lot,btcusdt_microprice_20260417_12_5h_5sessions_hs2.00_rq5000,2026-04-17 12:00,2026-04-17 13:00,btcusdt_microprice_20260417_12_5h_5sessions_hs2.00_rq5000:2026-04-17 13:00:fill-000008:fill-000019:32,fill-000008,fill-000019,buy,sell,1776431239274,1776431625165,1776431625165,385891,0.0001594026718513651585597715039,0.06455526386056455708070412232,0.06943580385845466306863646710,0.004880539997890105987932344781,0.06901976288492260000479546347,404.9823200000000000000000000,US cash open,13:30,-974835,974835,True,US cash open,13:30,-1360726,1360726,True,US cash open,13:30,-974835,974835,True,1457,False,False,False,112,False,False,False
matched_lot,btcusdt_microprice_20260417_12_5h_5sessions_hs2.00_rq5000,2026-04-17 12:00,2026-04-17 13:00,btcusdt_microprice_20260417_12_5h_5sessions_hs2.00_rq5000:2026-04-17 13:00:fill-000009:fill-000019:33,fill-000009,fill-000019,buy,sell,1776431239719,1776431625165,1776431625165,385446,0.0005005973281486348414402284961,0.2084059694209050604793643701,0.2237319638694693696848813218,0.01532599444856430920551695166,0.2227207572666091273051720603,416.3145860000000000000000000,US cash open,13:30,-974835,974835,True,US cash open,13:30,-1360281,1360281,True,US cash open,13:30,-974835,974835,True,1464,False,False,False,114,False,False,False
matched_lot,btcusdt_microprice_20260417_12_5h_5sessions_hs2.00_rq5000,2026-04-17 12:00,2026-04-17 13:00,btcusdt_microprice_20260417_12_5h_5sessions_hs2.00_rq5000:2026-04-17 13:00:fill-000009:fill-000021:34,fill-000009,fill-000021,buy,sell,1776431239719,1776431690701,1776431690701,450982,0.0004994026718513651585597715039,0.2518472622149904894471048703,0.2671454712534507642683785706,0.01529820903846027482127370032,0.2661366778563110066480878321,504.2969860000000000000000001,US cash open,13:30,-909299,909299,True,US cash open,13:30,-1360281,1360281,True,US cash open,13:30,-909299,909299,True,1477,False,False,False,116,False,False,False
matched_lot,btcusdt_microprice_20260417_12_5h_5sessions_hs2.00_rq5000,2026-04-17 12:00,2026-04-17 13:00,btcusdt_microprice_20260417_12_5h_5sessions_hs2.00_rq5000:2026-04-17 13:00:fill-000012:fill-000021:35,fill-000012,fill-000021,buy,sell,1776431262064,1776431690701,1776431690701,428637,0.0005005973281486348414402284961,0.2670049985871561815565307056,0.2823368930758300505722888718,0.01533189448867386901575816620,0.2813306924462512945409940126,533.3728000000000000000000000,US cash open,13:30,-909299,909299,True,US cash open,13:30,-1337936,1337936,True,US cash open,13:30,-909299,909299,True,1484,False,False,False,117,False,False,False
matched_lot,btcusdt_microprice_20260417_12_5h_5sessions_hs2.00_rq5000,2026-04-17 12:00,2026-04-17 13:00,btcusdt_microprice_20260417_12_5h_5sessions_hs2.00_rq5000:2026-04-17 13:00:fill-000012:fill-000022:36,fill-000012,fill-000022,buy,sell,1776431262064,1776431722482,1776431722482,460418,0.0004994026718513651585597715039,0.3161033524559296789909193061,0.3314086070672844328718499677,0.01530525461135475388093066157,0.3304048076968631889031448269,632.9628779999999999999999999,US cash open,13:30,-877518,877518,True,US cash open,13:30,-1337936,1337936,True,US cash open,13:30,-877518,877518,True,1488,False,False,False,118,False,False,False
matched_lot,btcusdt_microprice_20260417_12_5h_5sessions_hs2.00_rq5000,2026-04-17 12:00,2026-04-17 13:00,btcusdt_microprice_20260417_12_5h_5sessions_hs2.00_rq5000:2026-04-17 13:00:fill-000016:fill-000022:37,fill-000016,fill-000022,buy,sell,1776431568112,1776431722482,1776431722482,154370,0.00035000,0.05035627800000000000,0.0611170000000000,0.01076072200000000000,0.0597135000000000,143.875080000000,US cash open,13:30,-877518,877518,True,US cash open,13:30,-1031888,1031888,True,US cash open,13:30,-877518,877518,True,1259,False,False,False,80,False,False,False
matched_lot,btcusdt_microprice_20260417_12_5h_5sessions_hs2.00_rq5000,2026-04-17 12:00,2026-04-17 13:00,btcusdt_microprice_20260417_12_5h_5sessions_hs2.00_rq5000:2026-04-17 13:00:fill-000018:fill-000022:38,fill-000018,fill-000022,buy,sell,1776431620315,1776431722482,1776431722482,102167,0.00007000,0.01126149360000000000,0.0134134000000000,0.00215190640000000000,0.0131327000000000,160.878480000000,US cash open,13:30,-877518,877518,True,US cash open,13:30,-979685,979685,True,US cash open,13:30,-877518,877518,True,1296,False,False,False,86,False,False,False
matched_lot,btcusdt_microprice_20260417_12_5h_5sessions_hs2.00_rq5000,2026-04-17 12:00,2026-04-17 13:00,btcusdt_microprice_20260417_12_5h_5sessions_hs2.00_rq5000:2026-04-17 13:00:fill-000020:fill-000022:39,fill-000020,fill-000022,buy,sell,1776431640207,1776431722482,1776431722482,82275,0.0000805973281486348414402284961,0.01239563243550459422161267419,0.01487343093654907363937976667,0.002477798501044479417767092481,0.01455023565067304792520445041,153.7970640000000000000000000,US cash open,13:30,-877518,877518,True,US cash open,13:30,-959793,959793,True,US cash open,13:30,-877518,877518,True,1276,False,False,False,82,False,False,False
matched_lot,btcusdt_microprice_20260417_12_5h_5sessions_hs2.00_rq5000,2026-04-17 12:00,2026-04-17 13:00,btcusdt_microprice_20260417_12_5h_5sessions_hs2.00_rq5000:2026-04-17 13:00:fill-000020:fill-000023:40,fill-000020,fill-000023,buy,sell,1776431640207,1776431737610,1776431737610,97403,0.00028000,0.02973784352000000000000000000,0.0383432000000000,0.008605356480000000000000000001,0.0372204000000000,106.206584000000000000000,US cash open,13:30,-862390,862390,True,US cash open,13:30,-959793,959793,True,US cash open,13:30,-862390,862390,True,1205,False,False,False,70,False,False,False
matched_lot,btcusdt_microprice_20260417_12_5h_5sessions_hs2.00_rq5000,2026-04-17 12:00,2026-04-17 13:00,btcusdt_microprice_20260417_12_5h_5sessions_hs2.00_rq5000:2026-04-17 13:00:fill-000020:fill-000026:41,fill-000020,fill-000026,buy,sell,1776431640207,1776431827915,1776431827915,187708,0.0000700000,-0.006842683120000000000000000000,-0.004694200000000000,0.002148483120000000000000000000,-0.004974900000000000,-97.75261600000000000000,US cash open,13:30,-772085,772085,True,US cash open,13:30,-959793,959793,True,US cash open,13:30,-772085,772085,True,425,False,False,False,22,False,False,False
matched_lot,btcusdt_microprice_20260417_12_5h_5sessions_hs2.00_rq5000,2026-04-17 12:00,2026-04-17 13:00,btcusdt_microprice_20260417_12_5h_5sessions_hs2.00_rq5000:2026-04-17 13:00:fill-000020:fill-000027:42,fill-000020,fill-000027,buy,sell,1776431640207,1776431828041,1776431828041,187834,0.0003100000,-0.03030331096000000000000000000,-0.020788600000000000,0.009514710960000000000000000001,-0.021411700000000000,-97.7526160000000000000,US cash open,13:30,-771959,771959,True,US cash open,13:30,-959793,959793,True,US cash open,13:30,-771959,771959,True,426,False,False,False,23,False,False,False
matched_lot,btcusdt_microprice_20260417_12_5h_5sessions_hs2.00_rq5000,2026-04-17 12:00,2026-04-17 13:00,btcusdt_microprice_20260417_12_5h_5sessions_hs2.00_rq5000:2026-04-17 13:00:fill-000020:fill-000028:43,fill-000020,fill-000028,buy,sell,1776431640207,1776431828253,1776431828253,188046,0.0002594026718513651585597715039,-0.02535728977086050742047245687,-0.01739554317435254753301827705,0.007961746596507959887454179820,-0.01791694254477379150172341778,-97.75261600000000000000000001,US cash open,13:30,-771747,771747,True,US cash open,13:30,-959793,959793,True,US cash open,13:30,-771747,771747,True,424,False,False,False,21,False,False,False
matched_lot,btcusdt_microprice_20260417_12_5h_5sessions_hs2.00_rq5000,2026-04-17 12:00,2026-04-17 13:00,btcusdt_microprice_20260417_12_5h_5sessions_hs2.00_rq5000:2026-04-17 13:00:fill-000024:fill-000028:44,fill-000024,fill-000028,buy,sell,1776431742756,1776431828253,1776431828253,85497,0.00014000,-0.02165716028000000000,-0.0173586000000000,0.00429856028000000000,-0.0174692000000000,-154.694002000000,US cash open,13:30,-771747,771747,True,US cash open,13:30,-857244,857244,True,US cash open,13:30,-771747,771747,True,261,False,False,False,14,False,False,False
matched_lot,btcusdt_microprice_20260417_12_5h_5sessions_hs2.00_rq5000,2026-04-17 12:00,2026-04-17 13:00,btcusdt_microprice_20260417_12_5h_5sessions_hs2.00_rq5000:2026-04-17 13:00:fill-000025:fill-000028:45,fill-000025,fill-000028,buy,sell,1776431788983,1776431828253,1776431828253,39270,0.00010000,-0.01213573360000000000,-0.0090660000000000,0.00306973360000000000,-0.0100280000000000,-121.357336000000,US cash open,13:30,-771747,771747,True,US cash open,13:30,-811017,811017,True,US cash open,13:30,-771747,771747,True,357,False,False,False,18,False,False,False
matched_lot,btcusdt_microprice_20260417_12_5h_5sessions_hs2.00_rq5000,2026-04-17 12:00,2026-04-17 13:00,btcusdt_microprice_20260417_12_5h_5sessions_hs2.00_rq5000:2026-04-17 13:00:fill-000028:fill-000029:46,fill-000028,fill-000029,sell,buy,1776431828253,1776431828815,1776431828815,562,0.0001205973281486348414402284961,-0.003457380922422238839551305590,0.0002424006295787560312948592772,0.003699781552000994870846164867,0.0000000000000000000000000000000,-28.66880200000000000000000000,US cash open,13:30,-771185,771185,True,US cash open,13:30,-771747,771747,True,US cash open,13:30,-771185,771185,True,750,False,False,False,35,False,False,False
matched_lot,btcusdt_microprice_20260417_12_5h_5sessions_hs2.00_rq5000,2026-04-17 12:00,2026-04-17 13:00,btcusdt_microprice_20260417_12_5h_5sessions_hs2.00_rq5000:2026-04-17 13:00:fill-000029:fill-000030:47,fill-000029,fill-000030,buy,sell,1776431828815,1776431908453,1776431908453,79638,0.0005094026718513651585597715039,0.03225170846358576830813278415,0.04788894518074683855620411908,0.01563723671716107024807133493,0.04584624046662286427037943536,63.31279799999999999999999999,US cash open,13:30,-691547,691547,True,US cash open,13:30,-771185,771185,True,US cash open,13:30,-691547,691547,True,1136,False,False,False,64,False,False,False
matched_lot,btcusdt_microprice_20260417_12_5h_5sessions_hs2.00_rq5000,2026-04-17 12:00,2026-04-17 13:00,btcusdt_microprice_20260417_12_5h_5sessions_hs2.00_rq5000:2026-04-17 13:00:fill-000030:fill-000042:48,fill-000030,fill-000042,sell,buy,1776431908453,1776432647178,1776432647178,738725,0.0004905973281486348414402284961,0.1180319506715664837965926878,0.1330745252603172007406619796,0.01504257458875071694406929185,0.1272266051087854734306944560,240.5882460000000000000000002,US cash open,13:30,47178,47178,True,US cash open,13:30,-691547,691547,True,US cash open,13:30,47178,47178,True,1351,False,False,False,97,False,False,False
matched_lot,btcusdt_microprice_20260417_12_5h_5sessions_hs2.00_rq5000,2026-04-17 12:00,2026-04-17 13:00,btcusdt_microprice_20260417_12_5h_5sessions_hs2.00_rq5000:2026-04-17 13:00:fill-000031:fill-000042:49,fill-000031,fill-000042,sell,buy,1776431924118,1776432647178,1776432647178,723060,0.0002094026718513651585597715039,0.06335809698217402915729172376,0.06978134636774892543845825596,0.006423249385574896281166532197,0.06770407186298338306554532264,302.5658480000000000000000000,US cash open,13:30,47178,47178,True,US cash open,13:30,-675882,675882,True,US cash open,13:30,47178,47178,True,1401,False,False,False,103,False,False,False
matched_lot,btcusdt_microprice_20260417_12_5h_5sessions_hs2.00_rq5000,2026-04-17 12:00,2026-04-17 13:00,btcusdt_microprice_20260417_12_5h_5sessions_hs2.00_rq5000:2026-04-17 13:00:fill-000031:fill-000043:50,fill-000031,fill-000043,sell,buy,1776431924118,1776432649691,1776432649691,725573,0.0002805973281486348414402284961,0.08489916853782597084270827624,0.09350625363225107456154174404,0.008607085094425103718833467803,0.09319479059800608988754309041,302.5658480000000000000000000,US cash open,13:30,49691,49691,True,US cash open,13:30,-675882,675882,True,US cash open,13:30,49691,49691,True,1402,False,False,False,104,False,False,False
matched_lot,btcusdt_microprice_20260417_12_5h_5sessions_hs2.00_rq5000,2026-04-17 12:00,2026-04-17 13:00,btcusdt_microprice_20260417_12_5h_5sessions_hs2.00_rq5000:2026-04-17 13:00:fill-000032:fill-000043:51,fill-000032,fill-000043,sell,buy,1776431941765,1776432649691,1776432649691,707926,0.0000194026718513651585597715039,0.004900840284237454829744026880,0.005495806801899181162055278480,0.0005949665176617263323112516005,0.005474075809425652184468334395,252.5858460000000000000000000,US cash open,13:30,49691,49691,True,US cash open,13:30,-658235,658235,True,US cash open,13:30,49691,49691,True,1361,False,False,False,99,False,False,False
matched_lot,btcusdt_microprice_20260417_12_5h_5sessions_hs2.00_rq5000,2026-04-17 12:00,2026-04-17 13:00,btcusdt_microprice_20260417_12_5h_5sessions_hs2.00_rq5000:2026-04-17 13:00:fill-000032:fill-000044:52,fill-000032,fill-000044,sell,buy,1776431941765,1776432680504,1776432680504,738739,0.0001205973281486348414402284961,0.03469137232359480358434264824,0.03838854149627344272725353488,0.003697169172678639142910886637,0.03719342197432047144858087048,287.6628600000000000000000000,US cash open,13:30,80504,80504,True,US cash open,13:30,-658235,658235,True,US cash open,13:30,80504,80504,True,1392,False,False,False,101,False,False,False
matched_lot,btcusdt_microprice_20260417_12_5h_5sessions_hs2.00_rq5000,2026-04-17 12:00,2026-04-17 13:00,btcusdt_microprice_20260417_12_5h_5sessions_hs2.00_rq5000:2026-04-17 13:00:fill-000033:fill-000044:53,fill-000033,fill-000044,sell,buy,1776431954406,1776432680504,1776432680504,726098,0.00084000,0.25842504408000000000,0.2841804000000000,0.02575535592000000000,0.2741844000000000,307.648862000000,US cash open,13:30,80504,80504,True,US cash open,13:30,-645594,645594,True,US cash open,13:30,80504,80504,True,1406,False,False,False,106,False,False,False
matched_lot,btcusdt_microprice_20260417_12_5h_5sessions_hs2.00_rq5000,2026-04-17 12:00,2026-04-17 13:00,btcusdt_microprice_20260417_12_5h_5sessions_hs2.00_rq5000:2026-04-17 13:00:fill-000034:fill-000044:54,fill-000034,fill-000044,sell,buy,1776432107533,1776432680504,1776432680504,572971,0.0000394026718513651585597715039,0.009679710093178241274623570077,0.01088735225925070696165046424,0.001207642166072465687026894163,0.01025533340275480981835172932,245.6612619999999999999999999,US cash open,13:30,80504,80504,True,US cash open,13:30,-492467,492467,True,US cash open,13:30,80504,80504,True,1356,False,False,False,98,False,False,False
matched_lot,btcusdt_microprice_20260417_12_5h_5sessions_hs2.00_rq5000,2026-04-17 12:00,2026-04-17 13:00,btcusdt_microprice_20260417_12_5h_5sessions_hs2.00_rq5000:2026-04-17 13:00:fill-000034:fill-000046:55,fill-000034,fill-000046,sell,buy,1776432107533,1776432850444,1776432850444,742911,0.0000719981779532341330094139071,0.02198631413974491345277862095,0.02419210777406620103249316692,0.002205793634321287579714545969,0.02346852608563619799574855715,305.3732019999999999999999999,US cash open,13:30,250444,250444,True,US cash open,13:30,-492467,492467,True,US cash open,13:30,250444,250444,True,1405,False,False,False,105,False,False,False
matched_lot,btcusdt_microprice_20260417_12_5h_5sessions_hs2.00_rq5000,2026-04-17 12:00,2026-04-17 13:00,btcusdt_microprice_20260417_12_5h_5sessions_hs2.00_rq5000:2026-04-17 13:00:fill-000034:fill-000047:56,fill-000034,fill-000047,sell,buy,1776432107533,1776433056415,1776433056415,948882,0.0005601499031113594683451320304,0.07805128861983663454192963381,0.09523108502796222321335589649,0.01717979640812558867142626268,0.09066586331760464354634307044,139.3400020000000000000000000,US cash open,13:30,456415,456415,True,US cash open,13:30,-492467,492467,True,US cash open,13:30,456415,456415,True,1255,False,False,False,79,False,False,False
matched_lot,btcusdt_microprice_20260417_12_5h_5sessions_hs2.00_rq5000,2026-04-17 12:00,2026-04-17 13:00,btcusdt_microprice_20260417_12_5h_5sessions_hs2.00_rq5000:2026-04-17 13:00:fill-000034:fill-000048:57,fill-000034,fill-000048,sell,buy,1776432107533,1776433136531,1776433136531,1028998,0.00007000,0.01521489214000000000000000000,0.0173607000000000,0.002145807860000000000000000000,0.0167902000000000,217.355602000000000000000,US cash open,13:30,536531,536531,True,US cash open,13:30,-492467,492467,True,US cash open,13:30,536531,536531,True,1336,False,False,False,94,False,False,False
matched_lot,btcusdt_microprice_20260417_12_5h_5sessions_hs2.00_rq5000,2026-04-17 12:00,2026-04-17 13:00,btcusdt_microprice_20260417_12_5h_5sessions_hs2.00_rq5000:2026-04-17 13:00:fill-000034:fill-000053:58,fill-000034,fill-000053,sell,buy,1776432107533,1776433610562,1776433610562,1503029,0.00007000,-0.01097034386000000000000000000,-0.0088193000000000,0.002151043860000000000000000000,-0.0093905000000000,-156.719198000000000000000,US cash open,13:30,1010562,1010562,True,US cash open,13:30,-492467,492467,True,US cash open,13:30,1010562,1010562,True,255,False,False,False,13,False,False,False
matched_lot,btcusdt_microprice_20260417_12_5h_5sessions_hs2.00_rq5000,2026-04-17 12:00,2026-04-17 13:00,btcusdt_microprice_20260417_12_5h_5sessions_hs2.00_rq5000:2026-04-17 13:00:fill-000034:fill-000054:59,fill-000034,fill-000054,sell,buy,1776432107533,1776433730339,1776433730339,1622806,0.0000455921042268983829428254158,-0.003777963729262525170478950669,-0.002377628235432750670468345434,0.001400335493829774500010605235,-0.002749203884881972491452372573,-82.86442999999999999999999998,US cash open,13:30,1130339,1130339,True,US cash open,13:30,-492467,492467,True,US cash open,13:30,1130339,1130339,True,478,False,False,False,26,False,False,False
matched_lot,btcusdt_microprice_20260417_12_5h_5sessions_hs2.00_rq5000,2026-04-17 12:00,2026-04-17 13:00,btcusdt_microprice_20260417_12_5h_5sessions_hs2.00_rq5000:2026-04-17 13:00:fill-000035:fill-000054:60,fill-000035,fill-000054,sell,buy,1776432114166,1776433730339,1776433730339,1616173,0.0002344078957731016170571745850,-0.01473685638685853489484578640,-0.007536213849105216988388162908,0.007200642537753317906457623488,-0.008476189511155354472787432994,-62.86843000000000000000000002,US cash open,13:30,1130339,1130339,True,US cash open,13:30,-485834,485834,True,US cash open,13:30,1130339,1130339,True,581,False,False,False,30,False,False,False
matched_lot,btcusdt_microprice_20260417_12_5h_5sessions_hs2.00_rq5000,2026-04-17 12:00,2026-04-17 13:00,btcusdt_microprice_20260417_12_5h_5sessions_hs2.00_rq5000:2026-04-17 13:00:fill-000035:fill-000056:61,fill-000035,fill-000056,sell,buy,1776432114166,1776434380794,1776434380794,2266628,0.00007000,-0.04066384126000000000000000000,-0.0385063000000000,0.002157541260000000000000000000,-0.0387870000000000,-580.912018000000000000000,US cash open,13:30,1780794,1780794,True,US cash open,13:30,-485834,485834,True,US cash open,13:30,1780794,1780794,True,12,True,True,True,1,True,True,True
matched_lot,btcusdt_microprice_20260417_12_5h_5sessions_hs2.00_rq5000,2026-04-17 12:00,2026-04-17 14:00,btcusdt_microprice_20260417_12_5h_5sessions_hs2.00_rq5000:2026-04-17 14:00:fill-000001:fill-000002:62,fill-000001,fill-000002,sell,buy,1776434525265,1776434636617,1776434636617,111352,0.00014000,0.00033306868000000000,0.0046634000000000,0.00433033132000000000,0.0043134000000000,2.379062000000,US cash open,13:30,2036617,2036617,False,US cash open,13:30,1925265,1925265,False,US cash open,13:30,2036617,2036617,False,911,False,False,False,46,False,False,False
matched_lot,btcusdt_microprice_20260417_12_5h_5sessions_hs2.00_rq5000,2026-04-17 12:00,2026-04-17 14:00,btcusdt_microprice_20260417_12_5h_5sessions_hs2.00_rq5000:2026-04-17 14:00:fill-000001:fill-000004:63,fill-000001,fill-000004,sell,buy,1776434525265,1776434775870,1776434775870,250605,0.00026000,0.009122256520000000000000000001,0.0171626000000000,0.008040343479999999999999999999,0.0150696000000000,35.08560200000000000000000000,US cash open,13:30,2175870,2175870,False,US cash open,13:30,1925265,1925265,False,US cash open,13:30,2175870,2175870,False,1062,False,False,False,58,False,False,False
matched_lot,btcusdt_microprice_20260417_12_5h_5sessions_hs2.00_rq5000,2026-04-17 12:00,2026-04-17 14:00,btcusdt_microprice_20260417_12_5h_5sessions_hs2.00_rq5000:2026-04-17 14:00:fill-000003:fill-000004:64,fill-000003,fill-000004,sell,buy,1776434657281,1776434775870,1776434775870,118589,0.0000549999999999999999999999983,0.001518390389999999999999999952,0.003219149999999999999999999900,0.001700759609999999999999999948,0.002360599999999999999999999927,27.60709799999999999999999998,US cash open,13:30,2175870,2175870,False,US cash open,13:30,2057281,2057281,False,US cash open,13:30,2175870,2175870,False,1034,False,False,False,56,False,False,False
matched_lot,btcusdt_microprice_20260417_12_5h_5sessions_hs2.00_rq5000,2026-04-17 12:00,2026-04-17 14:00,btcusdt_microprice_20260417_12_5h_5sessions_hs2.00_rq5000:2026-04-17 14:00:fill-000003:fill-000008:65,fill-000003,fill-000008,sell,buy,1776434657281,1776435019563,1776435019563,362282,0.0005050000000000000000000000129,0.07893798117000000000000000202,0.09454105000000000000000000242,0.01560306883000000000000000040,0.09047075000000000000000000232,156.3128340000000000000000000,US cash open,13:30,2419563,2419563,False,US cash open,13:30,2057281,2057281,False,US cash open,13:30,2419563,2419563,False,1280,False,False,False,83,False,False,False
matched_lot,btcusdt_microprice_20260417_12_5h_5sessions_hs2.00_rq5000,2026-04-17 12:00,2026-04-17 14:00,btcusdt_microprice_20260417_12_5h_5sessions_hs2.00_rq5000:2026-04-17 14:00:fill-000005:fill-000008:66,fill-000005,fill-000008,sell,buy,1776434800610,1776435019563,1776435019563,218953,0.00007000,0.00169604792000000000,0.0038570000000000,0.00216095208000000000,0.0038535000000000,24.229256000000,US cash open,13:30,2419563,2419563,False,US cash open,13:30,2200610,2200610,False,US cash open,13:30,2419563,2419563,False,1020,False,False,False,54,False,False,False
matched_lot,btcusdt_microprice_20260417_12_5h_5sessions_hs2.00_rq5000,2026-04-17 12:00,2026-04-17 14:00,btcusdt_microprice_20260417_12_5h_5sessions_hs2.00_rq5000:2026-04-17 14:00:fill-000006:fill-000008:67,fill-000006,fill-000008,sell,buy,1776434800644,1776435019563,1776435019563,218919,0.0004249999999999999999999999871,0.01029743379999999999999999969,0.02341749999999999999999999929,0.01312006619999999999999999960,0.02341324999999999999999999929,24.22925600000000000000000001,US cash open,13:30,2419563,2419563,False,US cash open,13:30,2200644,2200644,False,US cash open,13:30,2419563,2419563,False,1021,False,False,False,55,False,False,False
matched_lot,btcusdt_microprice_20260417_12_5h_5sessions_hs2.00_rq5000,2026-04-17 12:00,2026-04-17 14:00,btcusdt_microprice_20260417_12_5h_5sessions_hs2.00_rq5000:2026-04-17 14:00:fill-000006:fill-000009:68,fill-000006,fill-000009,sell,buy,1776434800644,1776435170158,1776435170158,369514,0.0003450000000000000000000000129,0.04449816969000000000000000166,0.05514135000000000000000000206,0.01064318031000000000000000040,0.05513790000000000000000000206,128.9802020000000000000000000,US cash open,13:30,2570158,2570158,False,US cash open,13:30,2200644,2200644,False,US cash open,13:30,2570158,2570158,False,1235,False,False,False,73,False,False,False
matched_lot,btcusdt_microprice_20260417_12_5h_5sessions_hs2.00_rq5000,2026-04-17 12:00,2026-04-17 14:00,btcusdt_microprice_20260417_12_5h_5sessions_hs2.00_rq5000:2026-04-17 14:00:fill-000007:fill-000009:69,fill-000007,fill-000009,sell,buy,1776434807956,1776435170158,1776435170158,362202,0.00049000,0.07965610716000000000,0.0947758000000000,0.01511969284000000000,0.0937909000000000,162.563484000000,US cash open,13:30,2570158,2570158,False,US cash open,13:30,2207956,2207956,False,US cash open,13:30,2570158,2570158,False,1300,False,False,False,87,False,False,False
matched_lot,btcusdt_microprice_20260417_12_5h_5sessions_hs2.00_rq5000,2026-04-17 12:00,2026-04-17 14:00,btcusdt_microprice_20260417_12_5h_5sessions_hs2.00_rq5000:2026-04-17 14:00:fill-000009:fill-000012:70,fill-000009,fill-000012,buy,sell,1776435170158,1776435309935,1776435309935,139777,0.0001399999999999999999999999886,0.002044431479999999999999999834,0.006360199999999999999999999482,0.004315768519999999999999999648,0.006200599999999999999999999495,14.60308200000000000000000000,US cash open,13:30,2709935,2709935,False,US cash open,13:30,2570158,2570158,False,US cash open,13:30,2709935,2709935,False,976,False,False,False,49,False,False,False
matched_lot,btcusdt_microprice_20260417_12_5h_5sessions_hs2.00_rq5000,2026-04-17 12:00,2026-04-17 14:00,btcusdt_microprice_20260417_12_5h_5sessions_hs2.00_rq5000:2026-04-17 14:00:fill-000009:fill-000014:71,fill-000009,fill-000014,buy,sell,1776435170158,1776435425750,1776435425750,255592,0.0000249999999999999999999999985,0.003482953349999999999999999791,0.004254249999999999999999999745,0.0007712966499999999999999999539,0.004203999999999999999999999748,139.3181340000000000000000000,US cash open,13:30,2825750,2825750,False,US cash open,13:30,2570158,2570158,False,US cash open,13:30,2825750,2825750,False,1254,False,False,False,78,False,False,False
matched_lot,btcusdt_microprice_20260417_12_5h_5sessions_hs2.00_rq5000,2026-04-17 12:00,2026-04-17 14:00,btcusdt_microprice_20260417_12_5h_5sessions_hs2.00_rq5000:2026-04-17 14:00:fill-000010:fill-000014:72,fill-000010,fill-000014,buy,sell,1776435188072,1776435425750,1776435425750,237678,0.0000450000000000000000000000015,0.006115835340000000000000000204,0.007504200000000000000000000250,0.001388364660000000000000000046,0.007323750000000000000000000244,135.9074520000000000000000000,US cash open,13:30,2825750,2825750,False,US cash open,13:30,2588072,2588072,False,US cash open,13:30,2825750,2825750,False,1249,False,False,False,75,False,False,False
matched_lot,btcusdt_microprice_20260417_12_5h_5sessions_hs2.00_rq5000,2026-04-17 12:00,2026-04-17 14:00,btcusdt_microprice_20260417_12_5h_5sessions_hs2.00_rq5000:2026-04-17 14:00:fill-000010:fill-000016:73,fill-000010,fill-000016,buy,sell,1776435188072,1776435611715,1776435611715,423643,0.0000249999999999999999999999985,0.005470521649999999999999999671,0.006242249999999999999999999625,0.0007717283499999999999999999537,0.006075749999999999999999999635,218.8208660000000000000000000,US cash open,13:30,3011715,3011715,False,US cash open,13:30,2588072,2588072,False,US cash open,13:30,3011715,3011715,False,1337,False,False,False,95,False,False,False
matched_lot,btcusdt_microprice_20260417_12_5h_5sessions_hs2.00_rq5000,2026-04-17 12:00,2026-04-17 14:00,btcusdt_microprice_20260417_12_5h_5sessions_hs2.00_rq5000:2026-04-17 14:00:fill-000011:fill-000016:74,fill-000011,fill-000016,buy,sell,1776435309137,1776435611715,1776435611715,302578,0.00007000,0.01244688662000000000,0.0146083000000000,0.00216141338000000000,0.0141421000000000,177.812666000000,US cash open,13:30,3011715,3011715,False,US cash open,13:30,2709137,2709137,False,US cash open,13:30,3011715,3011715,False,1314,False,False,False,91,False,False,False
matched_lot,btcusdt_microprice_20260417_12_5h_5sessions_hs2.00_rq5000,2026-04-17 12:00,2026-04-17 14:00,btcusdt_microprice_20260417_12_5h_5sessions_hs2.00_rq5000:2026-04-17 14:00:fill-000013:fill-000016:75,fill-000013,fill-000016,buy,sell,1776435355165,1776435611715,1776435611715,256550,0.0000450000000000000000000000015,0.002697709410000000000000000090,0.004088250000000000000000000136,0.001390540590000000000000000046,0.003858750000000000000000000128,59.94909800000000000000000000,US cash open,13:30,3011715,3011715,False,US cash open,13:30,2755165,2755165,False,US cash open,13:30,3011715,3011715,False,1122,False,False,False,62,False,False,False
matched_lot,btcusdt_microprice_20260417_12_5h_5sessions_hs2.00_rq5000,2026-04-17 12:00,2026-04-17 14:00,btcusdt_microprice_20260417_12_5h_5sessions_hs2.00_rq5000:2026-04-17 14:00:fill-000013:fill-000017:76,fill-000013,fill-000017,buy,sell,1776435355165,1776435966815,1776435966815,611650,0.0000249999999999999999999999985,0.009230180849999999999999999446,0.01000424999999999999999999940,0.0007740691499999999999999999536,0.009892499999999999999999999407,369.2072340000000000000000000,US cash open,13:30,3366815,3366815,False,US cash open,13:30,2755165,2755165,False,US cash open,13:30,3366815,3366815,False,1435,False,False,False,108,False,False,False
matched_lot,btcusdt_microprice_20260417_12_5h_5sessions_hs2.00_rq5000,2026-04-17 12:00,2026-04-17 14:00,btcusdt_microprice_20260417_12_5h_5sessions_hs2.00_rq5000:2026-04-17 14:00:fill-000015:fill-000017:77,fill-000015,fill-000017,buy,sell,1776435471007,1776435966815,1776435966815,495808,0.0001150000000000000000000000015,0.04298448702000000000000000056,0.04654510000000000000000000061,0.003560612980000000000000000047,0.04607820000000000000000000060,373.7781480000000000000000000,US cash open,13:30,3366815,3366815,False,US cash open,13:30,2871007,2871007,False,US cash open,13:30,3366815,3366815,False,1436,False,False,False,109,False,False,False
matched_lot,btcusdt_microprice_20260417_12_5h_5sessions_hs2.00_rq5000,2026-04-17 12:00,2026-04-17 14:00,btcusdt_microprice_20260417_12_5h_5sessions_hs2.00_rq5000:2026-04-17 14:00:fill-000015:fill-000019:78,fill-000015,fill-000019,buy,sell,1776435471007,1776436368915,1776436368915,897908,0.0000249999999999999999999999985,0.009169738649999999999999999449,0.009943749999999999999999999403,0.0007740113499999999999999999537,0.009892749999999999999999999406,366.7895460000000000000000000,US cash open,13:30,3768915,3768915,False,US cash open,13:30,2871007,2871007,False,US cash open,13:30,3768915,3768915,False,1429,False,False,False,107,False,False,False
matched_lot,btcusdt_microprice_20260417_12_5h_5sessions_hs2.00_rq5000,2026-04-17 12:00,2026-04-17 14:00,btcusdt_microprice_20260417_12_5h_5sessions_hs2.00_rq5000:2026-04-17 14:00:fill-000018:fill-000019:79,fill-000018,fill-000019,buy,sell,1776436076222,1776436368915,1776436368915,292693,0.0000450000000000000000000000015,-0.007373095200000000000000000246,-0.005975100000000000000000000199,0.001397995200000000000000000047,-0.006066450000000000000000000202,-163.8465600000000000000000000,US cash open,13:30,3768915,3768915,False,US cash open,13:30,3476222,3476222,False,US cash open,13:30,3768915,3768915,False,238,False,False,False,11,False,False,True
matched_lot,btcusdt_microprice_20260417_12_5h_5sessions_hs2.00_rq5000,2026-04-17 12:00,2026-04-17 14:00,btcusdt_microprice_20260417_12_5h_5sessions_hs2.00_rq5000:2026-04-17 14:00:fill-000018:fill-000020:80,fill-000018,fill-000020,buy,sell,1776436076222,1776436619865,1776436619865,543643,0.0000249999999999999999999999985,0.0003774410999999999999999999776,0.001154999999999999999999999931,0.0007775588999999999999999999534,0.001123749999999999999999999933,15.09764400000000000000000001,US cash open,13:30,4019865,4019865,False,US cash open,13:30,3476222,3476222,False,US cash open,13:30,4019865,4019865,False,980,False,False,False,50,False,False,False
matched_lot,btcusdt_microprice_20260417_12_5h_5sessions_hs2.00_rq5000,2026-04-17 12:00,2026-04-17 14:00,btcusdt_microprice_20260417_12_5h_5sessions_hs2.00_rq5000:2026-04-17 14:00:fill-000020:fill-000022:81,fill-000020,fill-000022,sell,buy,1776436619865,1776436724023,1776436724023,104158,0.0001850000000000000000000000015,-0.02037356826000000000000000017,-0.01461500000000000000000000012,0.005758568260000000000000000046,-0.01484255000000000000000000012,-110.1273960000000000000000000,US cash open,13:30,4124023,4124023,False,US cash open,13:30,4019865,4019865,False,US cash open,13:30,4124023,4124023,False,383,False,False,False,19,False,False,False
matched_lot,btcusdt_microprice_20260417_12_5h_5sessions_hs2.00_rq5000,2026-04-17 12:00,2026-04-17 14:00,btcusdt_microprice_20260417_12_5h_5sessions_hs2.00_rq5000:2026-04-17 14:00:fill-000021:fill-000022:82,fill-000021,fill-000022,sell,buy,1776436632736,1776436724023,1776436724023,91287,0.00021000,-0.01619813916000000000,-0.0096600000000000,0.00653813916000000000,-0.0098700000000000,-77.133996000000,US cash open,13:30,4124023,4124023,False,US cash open,13:30,4032736,4032736,False,US cash open,13:30,4124023,4124023,False,501,False,False,False,27,False,False,False
matched_lot,btcusdt_microprice_20260417_12_5h_5sessions_hs2.00_rq5000,2026-04-17 12:00,2026-04-17 14:00,btcusdt_microprice_20260417_12_5h_5sessions_hs2.00_rq5000:2026-04-17 14:00:fill-000022:fill-000023:83,fill-000022,fill-000023,buy,sell,1776436724023,1776436866896,1776436866896,142873,0.0003986559139784946236559139785,0.00751737563602150537634408602,0.01993678225806451612903225806,0.01241940662204301075268817204,0.01910359139784946236559139784,18.85680200000000000000000000,US cash open,13:30,4266896,4266896,False,US cash open,13:30,4124023,4124023,False,US cash open,13:30,4266896,4266896,False,995,False,False,False,52,False,False,False
matched_lot,btcusdt_microprice_20260417_12_5h_5sessions_hs2.00_rq5000,2026-04-17 12:00,2026-04-17 14:00,btcusdt_microprice_20260417_12_5h_5sessions_hs2.00_rq5000:2026-04-17 14:00:fill-000022:fill-000024:84,fill-000022,fill-000024,buy,sell,1776436724023,1776436903598,1776436903598,179575,0.00014000,0.007119056280000000000000000000,0.0114814000000000,0.004362343720000000000000000000,0.0113890000000000,50.8504020000000000000000,US cash open,13:30,4303598,4303598,False,US cash open,13:30,4124023,4124023,False,US cash open,13:30,4303598,4303598,False,1101,False,False,False,59,False,False,False
matched_lot,btcusdt_microprice_20260417_12_5h_5sessions_hs2.00_rq5000,2026-04-17 12:00,2026-04-17 14:00,btcusdt_microprice_20260417_12_5h_5sessions_hs2.00_rq5000:2026-04-17 14:00:fill-000022:fill-000025:85,fill-000022,fill-000025,buy,sell,1776436724023,1776437069594,1776437069594,345571,0.0000663440860215053763440860200,-0.001402195394193548387096774162,0.0006641043010752688172043010602,0.002066299695268817204301075222,0.0005844913978494623655913978362,-21.13519800000000000000000000,US cash open,13:30,4469594,4469594,False,US cash open,13:30,4124023,4124023,False,US cash open,13:30,4469594,4469594,False,805,False,False,False,37,False,False,False
matched_lot,btcusdt_microprice_20260417_12_5h_5sessions_hs2.00_rq5000,2026-04-17 12:00,2026-04-17 14:00,btcusdt_microprice_20260417_12_5h_5sessions_hs2.00_rq5000:2026-04-17 14:00:fill-000025:fill-000028:86,fill-000025,fill-000028,sell,buy,1776437069594,1776437241815,1776437241815,172221,0.00042000,-0.00065573928000000000000000000,0.0124236000000000,0.01307933928000000000000000000,0.0114954000000000,-1.561284000000000000000,US cash open,13:30,4641815,4641815,False,US cash open,13:30,4469594,4469594,False,US cash open,13:30,4641815,4641815,False,891,False,False,False,45,False,False,False
matched_lot,btcusdt_microprice_20260417_12_5h_5sessions_hs2.00_rq5000,2026-04-17 12:00,2026-04-17 14:00,btcusdt_microprice_20260417_12_5h_5sessions_hs2.00_rq5000:2026-04-17 14:00:fill-000025:fill-000029:87,fill-000025,fill-000029,sell,buy,1776437069594,1776437418615,1776437418615,349021,0.00007000,-0.005113890600000000000000000000,-0.0029330000000000,0.002180890600000000000000000000,-0.0031570000000000,-73.0555800000000000000000,US cash open,13:30,4818615,4818615,False,US cash open,13:30,4469594,4469594,False,US cash open,13:30,4818615,4818615,False,523,False,False,False,29,False,False,False
matched_lot,btcusdt_microprice_20260417_12_5h_5sessions_hs2.00_rq5000,2026-04-17 12:00,2026-04-17 15:00,btcusdt_microprice_20260417_12_5h_5sessions_hs2.00_rq5000:2026-04-17 15:00:fill-000001:fill-000002:88,fill-000001,fill-000002,sell,buy,1776438106900,1776438502293,1776438502293,395393,0.00021000,0.01071319284000000000,0.0172452000000000,0.00653200716000000000,0.0168084000000000,51.015204000000,US cash open,13:30,5902293,5902293,False,US cash open,13:30,5506900,5506900,False,US cash open,13:30,5902293,5902293,False,1102,False,False,False,60,False,False,False
matched_lot,btcusdt_microprice_20260417_12_5h_5sessions_hs2.00_rq5000,2026-04-17 12:00,2026-04-17 15:00,btcusdt_microprice_20260417_12_5h_5sessions_hs2.00_rq5000:2026-04-17 15:00:fill-000001:fill-000006:89,fill-000001,fill-000006,sell,buy,1776438106900,1776438947677,1776438947677,840777,0.00007000,-0.00884031750000000000,-0.0066605000000000,0.00217981750000000000,-0.0069412000000000,-126.290250000000,US cash open,13:30,6347677,6347677,False,US cash open,13:30,5506900,5506900,False,US cash open,13:30,6347677,6347677,False,341,False,False,False,17,False,False,False
matched_lot,btcusdt_microprice_20260417_12_5h_5sessions_hs2.00_rq5000,2026-04-17 12:00,2026-04-17 15:00,btcusdt_microprice_20260417_12_5h_5sessions_hs2.00_rq5000:2026-04-17 15:00:fill-000001:fill-000007:90,fill-000001,fill-000007,sell,buy,1776438106900,1776438992777,1776438992777,885877,0.00007109969788519637462235649561,-0.01010208738329909365558912389,-0.007887800483383685800604229623,0.002214286899915407854984894264,-0.008172910271903323262839879171,-142.0834080000000000000000000,US cash open,13:30,6392777,6392777,False,US cash open,13:30,5506900,5506900,False,US cash open,13:30,6392777,6392777,False,290,False,False,False,15,False,False,False
matched_lot,btcusdt_microprice_20260417_12_5h_5sessions_hs2.00_rq5000,2026-04-17 12:00,2026-04-17 15:00,btcusdt_microprice_20260417_12_5h_5sessions_hs2.00_rq5000:2026-04-17 15:00:fill-000001:fill-000012:91,fill-000001,fill-000012,sell,buy,1776438106900,1776439685199,1776439685199,1578299,0.00019000,0.01341383280000000000000000000,0.0193230000000000,0.005909167200000000000000000000,0.0185611000000000,70.599120000000000000000,US cash open,13:30,7085199,7085199,False,US cash open,13:30,5506900,5506900,False,US cash open,13:30,7085199,7085199,False,1150,False,False,False,65,False,False,False
matched_lot,btcusdt_microprice_20260417_12_5h_5sessions_hs2.00_rq5000,2026-04-17 12:00,2026-04-17 15:00,btcusdt_microprice_20260417_12_5h_5sessions_hs2.00_rq5000:2026-04-17 15:00:fill-000001:fill-000013:92,fill-000001,fill-000013,sell,buy,1776438106900,1776439852171,1776439852171,1745271,0.00007000,0.003662082480000000000000000000,0.0058394000000000,0.002177317520000000000000000000,0.0055587000000000,52.3154640000000000000000,US cash open,13:30,7252171,7252171,False,US cash open,13:30,5506900,5506900,False,US cash open,13:30,7252171,7252171,False,1110,False,False,False,61,False,False,False
matched_lot,btcusdt_microprice_20260417_12_5h_5sessions_hs2.00_rq5000,2026-04-17 12:00,2026-04-17 15:00,btcusdt_microprice_20260417_12_5h_5sessions_hs2.00_rq5000:2026-04-17 15:00:fill-000001:fill-000014:93,fill-000001,fill-000014,sell,buy,1776438106900,1776440260118,1776440260118,2153218,0.00014000,-0.003649829400000000000000000000,0.0007070000000000,0.004356829400000000000000000000,0.0001456000000000,-26.0702100000000000000000,US cash open,13:30,7660118,7660118,False,US cash open,13:30,5506900,5506900,False,US cash open,13:30,7660118,7660118,False,778,False,False,False,36,False,False,False
matched_lot,btcusdt_microprice_20260417_12_5h_5sessions_hs2.00_rq5000,2026-04-17 12:00,2026-04-17 15:00,btcusdt_microprice_20260417_12_5h_5sessions_hs2.00_rq5000:2026-04-17 15:00:fill-000001:fill-000016:94,fill-000001,fill-000016,sell,buy,1776438106900,1776440524515,1776440524515,2417615,0.0002489003021148036253776435044,0.02946448772254984894259818729,0.03720312815709969788519637460,0.007738640434549848942598187306,0.03620005993957703927492447127,118.3786740000000000000000000,US cash open,13:30,7924515,7924515,False,US cash open,13:30,5506900,5506900,False,US cash open,13:30,7924515,7924515,False,1222,False,False,False,71,False,False,False
matched_lot,btcusdt_microprice_20260417_12_5h_5sessions_hs2.00_rq5000,2026-04-17 12:00,2026-04-17 15:00,btcusdt_microprice_20260417_12_5h_5sessions_hs2.00_rq5000:2026-04-17 15:00:fill-000003:fill-000016:95,fill-000003,fill-000016,sell,buy,1776438510154,1776440524515,1776440524515,2014361,0.00021000,0.00627823854000000000,0.0128037000000000,0.00652546146000000000,0.0095592000000000,29.896374000000,US cash open,13:30,7924515,7924515,False,US cash open,13:30,5910154,5910154,False,US cash open,13:30,7924515,7924515,False,1040,False,False,False,57,False,False,False
matched_lot,btcusdt_microprice_20260417_12_5h_5sessions_hs2.00_rq5000,2026-04-17 12:00,2026-04-17 15:00,btcusdt_microprice_20260417_12_5h_5sessions_hs2.00_rq5000:2026-04-17 15:00:fill-000004:fill-000016:96,fill-000004,fill-000016,sell,buy,1776438797580,1776440524515,1776440524515,1726935,0.00007000,0.01194677498000000000,0.0141239000000000,0.00217712502000000000,0.0138418000000000,170.668214000000,US cash open,13:30,7924515,7924515,False,US cash open,13:30,6197580,6197580,False,US cash open,13:30,7924515,7924515,False,1309,False,False,False,89,False,False,False
matched_lot,btcusdt_microprice_20260417_12_5h_5sessions_hs2.00_rq5000,2026-04-17 12:00,2026-04-17 15:00,btcusdt_microprice_20260417_12_5h_5sessions_hs2.00_rq5000:2026-04-17 15:00:fill-000005:fill-000016:97,fill-000005,fill-000016,sell,buy,1776438836728,1776440524515,1776440524515,1687787,0.00007000,0.01199366560000000000,0.0141708000000000,0.00217713440000000000,0.0140273000000000,171.338080000000,US cash open,13:30,7924515,7924515,False,US cash open,13:30,6236728,6236728,False,US cash open,13:30,7924515,7924515,False,1311,False,False,False,90,False,False,False
matched_lot,btcusdt_microprice_20260417_12_5h_5sessions_hs2.00_rq5000,2026-04-17 12:00,2026-04-17 15:00,btcusdt_microprice_20260417_12_5h_5sessions_hs2.00_rq5000:2026-04-17 15:00:fill-000008:fill-000016:98,fill-000008,fill-000016,sell,buy,1776439194564,1776440524515,1776440524515,1329951,0.00021000,0.03308777556000000000,0.0396186000000000,0.00653082444000000000,0.0387723000000000,157.560836000000,US cash open,13:30,7924515,7924515,False,US cash open,13:30,6594564,6594564,False,US cash open,13:30,7924515,7924515,False,1284,False,False,False,84,False,False,False
matched_lot,btcusdt_microprice_20260417_12_5h_5sessions_hs2.00_rq5000,2026-04-17 12:00,2026-04-17 15:00,btcusdt_microprice_20260417_12_5h_5sessions_hs2.00_rq5000:2026-04-17 15:00:fill-000009:fill-000016:99,fill-000009,fill-000016,sell,buy,1776439215698,1776440524515,1776440524515,1308817,0.0001313029767018749684136048921,0.02774564303632324253297619649,0.03183046761206852984282609794,0.004084824575745287309849901451,0.03156392256936372365694648001,211.3100840000000000000000000,US cash open,13:30,7924515,7924515,False,US cash open,13:30,6615698,6615698,False,US cash open,13:30,7924515,7924515,False,1331,False,False,False,92,False,False,False
matched_lot,btcusdt_microprice_20260417_12_5h_5sessions_hs2.00_rq5000,2026-04-17 12:00,2026-04-17 15:00,btcusdt_microprice_20260417_12_5h_5sessions_hs2.00_rq5000:2026-04-17 15:00:fill-000010:fill-000016:100,fill-000010,fill-000016,sell,buy,1776439215807,1776440524515,1776440524515,1308708,0.0000597967211833214062087516035,0.01263565017617222574496942287,0.01449592114926077529312556372,0.001860270973088549548156140850,0.01437453380525863283852179796,211.3100840000000000000000000,US cash open,13:30,7924515,7924515,False,US cash open,13:30,6615807,6615807,False,US cash open,13:30,7924515,7924515,False,1332,False,False,False,93,False,False,False
matched_lot,btcusdt_microprice_20260417_12_5h_5sessions_hs2.00_rq5000,2026-04-17 12:00,2026-04-17 15:00,btcusdt_microprice_20260417_12_5h_5sessions_hs2.00_rq5000:2026-04-17 15:00:fill-000010:fill-000018:101,fill-000010,fill-000018,sell,buy,1776439215807,1776440615660,1776440615660,1399853,0.00063000,0.2427357706200000000000000000,0.2623131000000000,0.01957732938000000000000000000,0.2610468000000000,385.29487400000000000000,US cash open,13:30,8015660,8015660,False,US cash open,13:30,6615807,6615807,False,US cash open,13:30,8015660,8015660,False,1441,False,False,False,110,False,False,False
matched_lot,btcusdt_microprice_20260417_12_5h_5sessions_hs2.00_rq5000,2026-04-17 12:00,2026-04-17 15:00,btcusdt_microprice_20260417_12_5h_5sessions_hs2.00_rq5000:2026-04-17 15:00:fill-000010:fill-000020:102,fill-000010,fill-000020,sell,buy,1776439215807,1776440772868,1776440772868,1557061,0.0001789003021148036253776435044,0.04238241221036858006042296069,0.04794706996978851963746223561,0.005564657759419939577039274922,0.04758748036253776435045317216,236.9052020000000000000000000,US cash open,13:30,8172868,8172868,False,US cash open,13:30,6615807,6615807,False,US cash open,13:30,8172868,8172868,False,1347,False,False,False,96,False,False,False
matched_lot,btcusdt_microprice_20260417_12_5h_5sessions_hs2.00_rq5000,2026-04-17 12:00,2026-04-17 15:00,btcusdt_microprice_20260417_12_5h_5sessions_hs2.00_rq5000:2026-04-17 15:00:fill-000011:fill-000020:103,fill-000011,fill-000020,sell,buy,1776439563079,1776440772868,1776440772868,1209789,0.00014000,0.01769142396000000000,0.0220430000000000,0.00435157604000000000,0.0217588000000000,126.367314000000,US cash open,13:30,8172868,8172868,False,US cash open,13:30,6963079,6963079,False,US cash open,13:30,8172868,8172868,False,1232,False,False,False,72,False,False,False
matched_lot,btcusdt_microprice_20260417_12_5h_5sessions_hs2.00_rq5000,2026-04-17 12:00,2026-04-17 15:00,btcusdt_microprice_20260417_12_5h_5sessions_hs2.00_rq5000:2026-04-17 15:00:fill-000015:fill-000020:104,fill-000015,fill-000020,sell,buy,1776440292507,1776440772868,1776440772868,480361,0.00021000,0.01281848022000000000,0.0193431000000000,0.00652461978000000000,0.0185010000000000,61.040382000000,US cash open,13:30,8172868,8172868,False,US cash open,13:30,7692507,7692507,False,US cash open,13:30,8172868,8172868,False,1127,False,False,False,63,False,False,False
matched_lot,btcusdt_microprice_20260417_12_5h_5sessions_hs2.00_rq5000,2026-04-17 12:00,2026-04-17 15:00,btcusdt_microprice_20260417_12_5h_5sessions_hs2.00_rq5000:2026-04-17 15:00:fill-000017:fill-000020:105,fill-000017,fill-000020,sell,buy,1776440585565,1776440772868,1776440772868,187303,0.0004710996978851963746223564956,-0.08994198497807854984894259822,-0.07532884169184290030211480365,0.01461314328623564954682779457,-0.07702951160120845921450151060,-190.9192160000000000000000000,US cash open,13:30,8172868,8172868,False,US cash open,13:30,7985565,7985565,False,US cash open,13:30,8172868,8172868,False,176,False,False,False,8,False,False,True
matched_lot,btcusdt_microprice_20260417_12_5h_5sessions_hs2.00_rq5000,2026-04-17 12:00,2026-04-17 15:00,btcusdt_microprice_20260417_12_5h_5sessions_hs2.00_rq5000:2026-04-17 15:00:fill-000017:fill-000023:106,fill-000017,fill-000023,sell,buy,1776440585565,1776441043044,1776441043044,457479,0.0005289003021148036253776435044,-0.05205474854235649546827794561,-0.03565845836858006042296072507,0.01639629017377643504531722054,-0.03650998785498489425981873111,-98.42072000000000000000000001,US cash open,13:30,8443044,8443044,False,US cash open,13:30,7985565,7985565,False,US cash open,13:30,8443044,8443044,False,418,False,False,False,20,False,False,False
matched_lot,btcusdt_microprice_20260417_12_5h_5sessions_hs2.00_rq5000,2026-04-17 12:00,2026-04-17 15:00,btcusdt_microprice_20260417_12_5h_5sessions_hs2.00_rq5000:2026-04-17 15:00:fill-000019:fill-000023:107,fill-000019,fill-000023,sell,buy,1776440621517,1776441043044,1776441043044,421527,0.00007000,-0.00588025228000000000,-0.0037100000000000,0.00217025228000000000,-0.0037121000000000,-84.003604000000,US cash open,13:30,8443044,8443044,False,US cash open,13:30,8021517,8021517,False,US cash open,13:30,8443044,8443044,False,470,False,False,False,25,False,False,False
matched_lot,btcusdt_microprice_20260417_12_5h_5sessions_hs2.00_rq5000,2026-04-17 12:00,2026-04-17 15:00,btcusdt_microprice_20260417_12_5h_5sessions_hs2.00_rq5000:2026-04-17 15:00:fill-000021:fill-000023:108,fill-000021,fill-000023,sell,buy,1776440831079,1776441043044,1776441043044,211965,0.00007000,-0.00270988648000000000,-0.0005390000000000,0.00217088648000000000,-0.0006797000000000,-38.712664000000,US cash open,13:30,8443044,8443044,False,US cash open,13:30,8231079,8231079,False,US cash open,13:30,8443044,8443044,False,694,False,False,False,34,False,False,False
matched_lot,btcusdt_microprice_20260417_12_5h_5sessions_hs2.00_rq5000,2026-04-17 12:00,2026-04-17 15:00,btcusdt_microprice_20260417_12_5h_5sessions_hs2.00_rq5000:2026-04-17 15:00:fill-000022:fill-000023:109,fill-000022,fill-000023,sell,buy,1776440870025,1776441043044,1776441043044,173019,0.0003310996978851963746223564956,-0.004810051523226586102719033238,0.005459834018126888217522658612,0.01026988554135347432024169185,0.004794323625377643504531722056,-14.52750200000000000000000001,US cash open,13:30,8443044,8443044,False,US cash open,13:30,8270025,8270025,False,US cash open,13:30,8443044,8443044,False,833,False,False,False,41,False,False,False
matched_lot,btcusdt_microprice_20260417_12_5h_5sessions_hs2.00_rq5000,2026-04-17 12:00,2026-04-17 15:00,btcusdt_microprice_20260417_12_5h_5sessions_hs2.00_rq5000:2026-04-17 15:00:fill-000022:fill-000027:110,fill-000022,fill-000027,sell,buy,1776440870025,1776441461551,1776441461551,591526,0.0000189003021148036253776435044,-0.006144102651359516616314199354,-0.005556688821752265861027190294,0.0005874138296072507552870090597,-0.005631534018126888217522658571,-325.0796000000000000000000001,US cash open,13:30,8861551,8861551,False,US cash open,13:30,8270025,8270025,False,US cash open,13:30,8861551,8861551,False,74,False,True,True,4,False,True,True
matched_lot,btcusdt_microprice_20260417_12_5h_5sessions_hs2.00_rq5000,2026-04-17 12:00,2026-04-17 15:00,btcusdt_microprice_20260417_12_5h_5sessions_hs2.00_rq5000:2026-04-17 15:00:fill-000024:fill-000027:111,fill-000024,fill-000027,sell,buy,1776441043176,1776441461551,1776441461551,418375,0.0008910996978851963746223564956,-0.3025788763492930513595166164,-0.2748864348036253776435045318,0.02769244154566767371601208459,-0.2784151896072507552870090635,-339.5567040000000000000000000,US cash open,13:30,8861551,8861551,False,US cash open,13:30,8443176,8443176,False,US cash open,13:30,8861551,8861551,False,66,False,True,True,2,False,True,True
matched_lot,btcusdt_microprice_20260417_12_5h_5sessions_hs2.00_rq5000,2026-04-17 12:00,2026-04-17 15:00,btcusdt_microprice_20260417_12_5h_5sessions_hs2.00_rq5000:2026-04-17 15:00:fill-000024:fill-000028:112,fill-000024,fill-000028,sell,buy,1776441043176,1776441488336,1776441488336,445160,0.0001089003021148036253776435044,-0.03392800934980060422960725072,-0.03054435673716012084592145011,0.003383652612640483383685800605,-0.03098104694864048338368580057,-311.5511040000000000000000001,US cash open,13:30,8888336,8888336,False,US cash open,13:30,8443176,8443176,False,US cash open,13:30,8888336,8888336,False,78,False,False,True,6,False,True,True
matched_lot,btcusdt_microprice_20260417_12_5h_5sessions_hs2.00_rq5000,2026-04-17 12:00,2026-04-17 15:00,btcusdt_microprice_20260417_12_5h_5sessions_hs2.00_rq5000:2026-04-17 15:00:fill-000025:fill-000028:113,fill-000025,fill-000028,sell,buy,1776441430241,1776441488336,1776441488336,58095,0.00042000,-0.00887426400000000000,0.0042000000000000,0.01307426400000000000,0.0031458000000000,-21.129200000000,US cash open,13:30,8888336,8888336,False,US cash open,13:30,8830241,8830241,False,US cash open,13:30,8888336,8888336,False,806,False,False,False,38,False,False,False
matched_lot,btcusdt_microprice_20260417_12_5h_5sessions_hs2.00_rq5000,2026-04-17 12:00,2026-04-17 15:00,btcusdt_microprice_20260417_12_5h_5sessions_hs2.00_rq5000:2026-04-17 15:00:fill-000026:fill-000028:114,fill-000026,fill-000028,sell,buy,1776441430244,1776441488336,1776441488336,58092,0.0004710996978851963746223564956,-0.009953959736555891238670694864,0.004710996978851963746223564956,0.01466495671540785498489425982,0.003528536737160120845921450152,-21.12919999999999999999999999,US cash open,13:30,8888336,8888336,False,US cash open,13:30,8830244,8830244,False,US cash open,13:30,8888336,8888336,False,807,False,False,False,39,False,False,False
matched_lot,btcusdt_microprice_20260417_12_5h_5sessions_hs2.00_rq5000,2026-04-17 12:00,2026-04-17 16:00,btcusdt_microprice_20260417_12_5h_5sessions_hs2.00_rq5000:2026-04-17 16:00:fill-000001:fill-000004:115,fill-000001,fill-000004,sell,buy,1776441793764,1776442154073,1776442154073,360309,0.001,-0.049155600000000,-0.01800000000,0.031155600000000,-0.02085000000,-49.155600000000,US cash open,13:30,9554073,9554073,False,US cash open,13:30,9193764,9193764,False,US cash open,13:30,9554073,9554073,False,642,False,False,False,32,False,False,False
matched_lot,btcusdt_microprice_20260417_12_5h_5sessions_hs2.00_rq5000,2026-04-17 12:00,2026-04-17 16:00,btcusdt_microprice_20260417_12_5h_5sessions_hs2.00_rq5000:2026-04-17 16:00:fill-000002:fill-000006:116,fill-000002,fill-000006,sell,buy,1776441793863,1776443179754,1776443179754,1385891,0.00007000,-0.02204383580000000000,-0.0198590000000000,0.00218483580000000000,-0.0201397000000000,-314.911940000000,US cash open,13:30,10579754,10579754,False,US cash open,13:30,9193863,9193863,False,US cash open,13:30,10579754,10579754,False,76,False,False,True,5,False,True,True
matched_lot,btcusdt_microprice_20260417_12_5h_5sessions_hs2.00_rq5000,2026-04-17 12:00,2026-04-17 16:00,btcusdt_microprice_20260417_12_5h_5sessions_hs2.00_rq5000:2026-04-17 16:00:fill-000002:fill-000011:117,fill-000002,fill-000011,sell,buy,1776441793863,1776444369292,1776444369292,2575429,0.00007000,-0.01145491844000000000,-0.0092722000000000,0.00218271844000000000,-0.0095529000000000,-163.641692000000,US cash close,20:00,-11630708,11630708,False,US cash open,13:30,9193863,9193863,False,US cash close,20:00,-11630708,11630708,False,239,False,False,False,12,False,False,True
matched_lot,btcusdt_microprice_20260417_12_5h_5sessions_hs2.00_rq5000,2026-04-17 12:00,2026-04-17 16:00,btcusdt_microprice_20260417_12_5h_5sessions_hs2.00_rq5000:2026-04-17 16:00:fill-000002:fill-000013:118,fill-000002,fill-000013,sell,buy,1776441793863,1776444867414,1776444867414,3073551,0.0003968732803260480516663707476,-0.006807329253464506601402257614,0.005556225924564672723329190466,0.01236355517802917932473144808,0.003964764070457220036147043768,-17.15240000000000000000000001,US cash close,20:00,-11132586,11132586,False,US cash open,13:30,9193863,9193863,False,US cash close,20:00,-11132586,11132586,False,821,False,False,False,40,False,False,False
matched_lot,btcusdt_microprice_20260418_13_5h_5sessions_hs2.00_rq5000,2026-04-18 13:00,2026-04-18 13:00,btcusdt_microprice_20260418_13_5h_5sessions_hs2.00_rq5000:2026-04-18 13:00:fill-000001:fill-000002:1,fill-000001,fill-000002,sell,buy,1776517806086,1776519395857,1776519395857,1589771,0.00007000,0.009554958420000000000000000000,0.0116851000000000,0.002130141580000000000000000000,0.0114044000000000,136.4994060000000000000000,US cash open,13:30,395857,395857,True,US cash open,13:30,-1193914,1193914,True,US cash open,13:30,395857,395857,True,1253,False,False,False,36,False,False,False
matched_lot,btcusdt_microprice_20260418_13_5h_5sessions_hs2.00_rq5000,2026-04-18 13:00,2026-04-18 14:00,btcusdt_microprice_20260418_13_5h_5sessions_hs2.00_rq5000:2026-04-18 14:00:fill-000001:fill-000003:2,fill-000001,fill-000003,sell,buy,1776521318034,1776522133184,1776522133184,815150,0.00007000,0.001648780000000000000000000000,0.0037800000000000,0.002131220000000000000000000000,0.0034993000000000,23.5540000000000000000000,US cash open,13:30,3133184,3133184,False,US cash open,13:30,2318034,2318034,False,US cash open,13:30,3133184,3133184,False,1017,False,False,False,30,False,False,False
matched_lot,btcusdt_microprice_20260418_13_5h_5sessions_hs2.00_rq5000,2026-04-18 13:00,2026-04-18 14:00,btcusdt_microprice_20260418_13_5h_5sessions_hs2.00_rq5000:2026-04-18 14:00:fill-000002:fill-000003:3,fill-000002,fill-000003,sell,buy,1776521669364,1776522133184,1776522133184,463820,0.0000000000000000000000000000010,0.00000000000000000000000000003355200000000000000000000000,0.000000000000000000000000000064000000000,0.00000000000000000000000000003044800000000000000000000000,0.000000000000000000000000000059990000000,33.5520000000000000000000000,US cash open,13:30,3133184,3133184,False,US cash open,13:30,2669364,2669364,False,US cash open,13:30,3133184,3133184,False,1055,False,False,False,32,False,False,False
matched_lot,btcusdt_microprice_20260418_13_5h_5sessions_hs2.00_rq5000,2026-04-18 13:00,2026-04-18 14:00,btcusdt_microprice_20260418_13_5h_5sessions_hs2.00_rq5000:2026-04-18 14:00:fill-000003:fill-000004:4,fill-000003,fill-000004,buy,sell,1776522133184,1776522650061,1776522650061,516877,0.0000491489361702127659574468075,0.002524703982127659574468085055,0.004021365957446808510638297790,0.001496661975319148936170212735,0.003824278723404255319148936092,51.36843600000000000000000001,US cash open,13:30,3650061,3650061,False,US cash open,13:30,3133184,3133184,False,US cash open,13:30,3650061,3650061,False,1103,False,False,False,33,False,False,False
matched_lot,btcusdt_microprice_20260418_13_5h_5sessions_hs2.00_rq5000,2026-04-18 13:00,2026-04-18 14:00,btcusdt_microprice_20260418_13_5h_5sessions_hs2.00_rq5000:2026-04-18 14:00:fill-000004:fill-000005:5,fill-000004,fill-000005,sell,buy,1776522650061,1776522676003,1776522676003,25942,0.0000208510638297872340425531925,-0.0006805445693617021276595745010,-0.00004524680851063829787234042772,0.0006352977608510638297872340733,-0.0001288595744680851063829787296,-32.63836200000000000000000000,US cash open,13:30,3676003,3676003,False,US cash open,13:30,3650061,3650061,False,US cash open,13:30,3676003,3676003,False,724,False,False,False,19,False,False,False
matched_lot,btcusdt_microprice_20260418_13_5h_5sessions_hs2.00_rq5000,2026-04-18 13:00,2026-04-18 14:00,btcusdt_microprice_20260418_13_5h_5sessions_hs2.00_rq5000:2026-04-18 14:00:fill-000005:fill-000006:6,fill-000005,fill-000006,buy,sell,1776522676003,1776522692515,1776522692515,16512,0.0000491489361702127659574468075,-0.001654754050212765957446808477,-0.0001572765957446808510638297840,0.001497477454468085106382978693,-0.0003543638297872340425531914820,-33.66815600000000000000000001,US cash open,13:30,3692515,3692515,False,US cash open,13:30,3676003,3676003,False,US cash open,13:30,3692515,3692515,False,719,False,False,False,18,False,False,False
matched_lot,btcusdt_microprice_20260418_13_5h_5sessions_hs2.00_rq5000,2026-04-18 13:00,2026-04-18 14:00,btcusdt_microprice_20260418_13_5h_5sessions_hs2.00_rq5000:2026-04-18 14:00:fill-000006:fill-000007:7,fill-000006,fill-000007,sell,buy,1776522692515,1776523041903,1776523041903,349388,0.0000208510638297872340425531925,-0.001670742491063829787234042634,-0.001035255319148936170212766008,0.0006354871719148936170212766265,-0.001092595744680851063829787287,-80.12744599999999999999999999,US cash open,13:30,4041903,4041903,False,US cash open,13:30,3692515,3692515,False,US cash open,13:30,4041903,4041903,False,485,False,False,False,8,False,False,False
matched_lot,btcusdt_microprice_20260418_13_5h_5sessions_hs2.00_rq5000,2026-04-18 13:00,2026-04-18 14:00,btcusdt_microprice_20260418_13_5h_5sessions_hs2.00_rq5000:2026-04-18 14:00:fill-000007:fill-000009:8,fill-000007,fill-000009,buy,sell,1776523041903,1776523177426,1776523177426,135523,0.0004991489361702127659574468075,-0.00246204613787234042553191489,0.01275824680851063829787234040,0.01522029294638297872340425529,0.01138558723404255319148936168,-4.932488000000000000000000003,US cash open,13:30,4177426,4177426,False,US cash open,13:30,4041903,4041903,False,US cash open,13:30,4177426,4177426,False,873,False,False,False,25,False,False,False
matched_lot,btcusdt_microprice_20260418_13_5h_5sessions_hs2.00_rq5000,2026-04-18 13:00,2026-04-18 14:00,btcusdt_microprice_20260418_13_5h_5sessions_hs2.00_rq5000:2026-04-18 14:00:fill-000008:fill-000009:9,fill-000008,fill-000009,buy,sell,1776523041928,1776523177426,1776523177426,135498,0.00048000,-0.00236759424000000000,0.0122688000000000,0.01463639424000000000,0.0113040000000000,-4.932488000000,US cash open,13:30,4177426,4177426,False,US cash open,13:30,4041928,4041928,False,US cash open,13:30,4177426,4177426,False,874,False,False,False,26,False,False,False
matched_lot,btcusdt_microprice_20260418_13_5h_5sessions_hs2.00_rq5000,2026-04-18 13:00,2026-04-18 14:00,btcusdt_microprice_20260418_13_5h_5sessions_hs2.00_rq5000:2026-04-18 14:00:fill-000009:fill-000011:10,fill-000009,fill-000011,sell,buy,1776523177426,1776524008119,1776524008119,830693,0.0000208510638297872340425531925,-0.0005941969361702127659574468373,0.00004170212765957446808510638500,0.0006358990638297872340425532223,-0.0000002085106382978723404255319225,-28.49720000000000000000000000,US cash open,13:30,5008119,5008119,False,US cash open,13:30,4177426,4177426,False,US cash open,13:30,5008119,5008119,False,751,False,False,False,20,False,False,False
matched_lot,btcusdt_microprice_20260418_13_5h_5sessions_hs2.00_rq5000,2026-04-18 13:00,2026-04-18 14:00,btcusdt_microprice_20260418_13_5h_5sessions_hs2.00_rq5000:2026-04-18 14:00:fill-000010:fill-000011:11,fill-000010,fill-000011,sell,buy,1776523498551,1776524008119,1776524008119,509568,0.0003500000000000000000000000,-0.02956660070000000000000000000,-0.01889650000000000000000000000,0.01067010070000000000000000000,-0.01960000000000000000000000000,-84.476002,US cash open,13:30,5008119,5008119,False,US cash open,13:30,4498551,4498551,False,US cash open,13:30,5008119,5008119,False,467,False,False,False,7,False,False,False
matched_lot,btcusdt_microprice_20260418_13_5h_5sessions_hs2.00_rq5000,2026-04-18 13:00,2026-04-18 15:00,btcusdt_microprice_20260418_13_5h_5sessions_hs2.00_rq5000:2026-04-18 15:00:fill-000001:fill-000002:12,fill-000001,fill-000002,buy,sell,1776524982798,1776525061658,1776525061658,78860,0.00014000,-0.01919734180000000000,-0.0149310000000000,0.00426634180000000000,-0.0154924000000000,-137.123870000000,US cash open,13:30,6061658,6061658,False,US cash open,13:30,5982798,5982798,False,US cash open,13:30,6061658,6061658,False,307,False,False,False,2,False,True,True
matched_lot,btcusdt_microprice_20260418_13_5h_5sessions_hs2.00_rq5000,2026-04-18 13:00,2026-04-18 15:00,btcusdt_microprice_20260418_13_5h_5sessions_hs2.00_rq5000:2026-04-18 15:00:fill-000002:fill-000005:13,fill-000002,fill-000005,sell,buy,1776525061658,1776525304450,1776525304450,242792,0.00063000,-0.07252526610000000000,-0.0533295000000000,0.01919576610000000000,-0.0558558000000000,-115.119470000000,US cash open,13:30,6304450,6304450,False,US cash open,13:30,6061658,6061658,False,US cash open,13:30,6304450,6304450,False,369,False,False,False,4,False,False,True
matched_lot,btcusdt_microprice_20260418_13_5h_5sessions_hs2.00_rq5000,2026-04-18 13:00,2026-04-18 15:00,btcusdt_microprice_20260418_13_5h_5sessions_hs2.00_rq5000:2026-04-18 15:00:fill-000003:fill-000005:14,fill-000003,fill-000005,sell,buy,1776525061665,1776525304450,1776525304450,242785,0.00023000,-0.02647747810000000000,-0.0194695000000000,0.00700797810000000000,-0.0203918000000000,-115.119470000000,US cash open,13:30,6304450,6304450,False,US cash open,13:30,6061665,6061665,False,US cash open,13:30,6304450,6304450,False,370,False,False,False,5,False,False,False
matched_lot,btcusdt_microprice_20260418_13_5h_5sessions_hs2.00_rq5000,2026-04-18 13:00,2026-04-18 15:00,btcusdt_microprice_20260418_13_5h_5sessions_hs2.00_rq5000:2026-04-18 15:00:fill-000004:fill-000005:15,fill-000004,fill-000005,sell,buy,1776525127119,1776525304450,1776525304450,177331,0.00014000,-0.00965281884000000000,-0.0053858000000000,0.00426701884000000000,-0.0059472000000000,-68.948706000000,US cash open,13:30,6304450,6304450,False,US cash open,13:30,6127119,6127119,False,US cash open,13:30,6304450,6304450,False,544,False,False,False,11,False,False,False
matched_lot,btcusdt_microprice_20260418_13_5h_5sessions_hs2.00_rq5000,2026-04-18 13:00,2026-04-18 15:00,btcusdt_microprice_20260418_13_5h_5sessions_hs2.00_rq5000:2026-04-18 15:00:fill-000004:fill-000006:16,fill-000004,fill-000006,sell,buy,1776525127119,1776525642946,1776525642946,515827,0.000140000,-0.001531194840000000000,0.00273420000000000,0.004265394840000000000,0.00217280000000000,-10.937106000000,US cash open,13:30,6642946,6642946,False,US cash open,13:30,6127119,6127119,False,US cash open,13:30,6642946,6642946,False,847,False,False,False,22,False,False,False
matched_lot,btcusdt_microprice_20260418_13_5h_5sessions_hs2.00_rq5000,2026-04-18 13:00,2026-04-18 15:00,btcusdt_microprice_20260418_13_5h_5sessions_hs2.00_rq5000:2026-04-18 15:00:fill-000006:fill-000010:17,fill-000006,fill-000010,buy,sell,1776525642946,1776527396190,1776527396190,1753244,0.00007000,-0.00480169004000000000,-0.0026698000000000,0.00213189004000000000,-0.0029505000000000,-68.595572000000,US cash open,13:30,8396190,8396190,False,US cash open,13:30,6642946,6642946,False,US cash open,13:30,8396190,8396190,False,545,False,False,False,12,False,False,False
matched_lot,btcusdt_microprice_20260418_13_5h_5sessions_hs2.00_rq5000,2026-04-18 13:00,2026-04-18 16:00,btcusdt_microprice_20260418_13_5h_5sessions_hs2.00_rq5000:2026-04-18 16:00:fill-000001:fill-000002:18,fill-000001,fill-000002,sell,buy,1776528312229,1776528350542,1776528350542,38313,0.0004239235770370553246944228873,-0.02149922401228632153002155012,-0.008601409378081852538049840383,0.01289781463420446899197170974,-0.01030134292200044439007447616,-50.71485800000000000000000000,US cash open,13:30,9350542,9350542,False,US cash open,13:30,9312229,9312229,False,US cash open,13:30,9350542,9350542,False,632,False,False,False,13,False,False,False
matched_lot,btcusdt_microprice_20260418_13_5h_5sessions_hs2.00_rq5000,2026-04-18 13:00,2026-04-18 16:00,btcusdt_microprice_20260418_13_5h_5sessions_hs2.00_rq5000:2026-04-18 16:00:fill-000001:fill-000003:19,fill-000001,fill-000003,sell,buy,1776528312229,1776528529980,1776528529980,217751,0.0005760764229629446753055771127,-0.05398035059959283008704108092,-0.03644835528086550960658386392,0.01753199531872732048045721700,-0.03875842173694691775455922814,-93.70345399999999999999999999,US cash open,13:30,9529980,9529980,False,US cash open,13:30,9312229,9312229,False,US cash open,13:30,9529980,9529980,False,436,False,False,False,6,False,False,False
matched_lot,btcusdt_microprice_20260418_13_5h_5sessions_hs2.00_rq5000,2026-04-18 13:00,2026-04-18 16:00,btcusdt_microprice_20260418_13_5h_5sessions_hs2.00_rq5000:2026-04-18 16:00:fill-000003:fill-000004:20,fill-000003,fill-000004,buy,sell,1776528529980,1776528629505,1776528629505,99525,0.0004239235770370553246944228873,0.00520380858568750893176638521,0.01811425444679337402419268997,0.01291044586110586509242630476,0.01652030179713404600334165991,12.27534600000000000000000000,US cash open,13:30,9629505,9629505,False,US cash open,13:30,9529980,9529980,False,US cash open,13:30,9629505,9629505,False,960,False,False,False,29,False,False,False
matched_lot,btcusdt_microprice_20260418_13_5h_5sessions_hs2.00_rq5000,2026-04-18 13:00,2026-04-18 16:00,btcusdt_microprice_20260418_13_5h_5sessions_hs2.00_rq5000:2026-04-18 16:00:fill-000004:fill-000006:21,fill-000004,fill-000006,sell,buy,1776528629505,1776529221338,1776529221338,591833,0.00007000000000000000000000000055,0.01369074000000000000000000010,0.01582000000000000000000000012,0.002129260000000000000000000016,0.01555680000000000000000000012,195.5819999999999999999999999,US cash open,13:30,10221338,10221338,False,US cash open,13:30,9629505,9629505,False,US cash open,13:30,10221338,10221338,False,1322,False,False,False,37,False,False,False
matched_lot,btcusdt_microprice_20260418_13_5h_5sessions_hs2.00_rq5000,2026-04-18 13:00,2026-04-18 16:00,btcusdt_microprice_20260418_13_5h_5sessions_hs2.00_rq5000:2026-04-18 16:00:fill-000004:fill-000007:22,fill-000004,fill-000007,sell,buy,1776528629505,1776529482804,1776529482804,853299,0.0005060764229629446753055771122,0.04329989874870954641914517772,0.05870486506370158233544694502,0.01540496631499203591630176730,0.05680201771336091035629797508,85.56000000000000000000000000,US cash open,13:30,10482804,10482804,False,US cash open,13:30,9629505,9629505,False,US cash open,13:30,10482804,10482804,False,1183,False,False,False,35,False,False,False
matched_lot,btcusdt_microprice_20260418_13_5h_5sessions_hs2.00_rq5000,2026-04-18 13:00,2026-04-18 16:00,btcusdt_microprice_20260418_13_5h_5sessions_hs2.00_rq5000:2026-04-18 16:00:fill-000005:fill-000007:23,fill-000005,fill-000007,sell,buy,1776529051475,1776529482804,1776529482804,431329,0.00007000,-0.00884923172000000000,-0.0067214000000000,0.00212783172000000000,-0.0070007000000000,-126.417596000000,US cash open,13:30,10482804,10482804,False,US cash open,13:30,10051475,10051475,False,US cash open,13:30,10482804,10482804,False,339,False,False,False,3,False,False,True
matched_lot,btcusdt_microprice_20260418_13_5h_5sessions_hs2.00_rq5000,2026-04-18 13:00,2026-04-18 16:00,btcusdt_microprice_20260418_13_5h_5sessions_hs2.00_rq5000:2026-04-18 16:00:fill-000007:fill-000008:24,fill-000007,fill-000008,buy,sell,1776529482804,1776529576771,1776529576771,93967,0.0004039235770370553246944228878,0.00225227786555862049049610202,0.01454124877333399168899922396,0.01228897090777537119850312194,0.01292151522941539983697458818,5.575999999999999999999999994,US cash open,13:30,10576771,10576771,False,US cash open,13:30,10482804,10482804,False,US cash open,13:30,10576771,10576771,False,923,False,False,False,28,False,False,False
matched_lot,btcusdt_microprice_20260418_13_5h_5sessions_hs2.00_rq5000,2026-04-18 13:00,2026-04-18 16:00,btcusdt_microprice_20260418_13_5h_5sessions_hs2.00_rq5000:2026-04-18 16:00:fill-000008:fill-000010:25,fill-000008,fill-000010,sell,buy,1776529576771,1776530439135,1776530439135,862364,0.0005960764229629446753055771122,-0.00620944612113674134570390728,0.01192748922348852295286459802,0.01813693534462526429856850530,0.01072341484910337470874733225,-10.41719800000000000000000000,US cash open,13:30,11439135,11439135,False,US cash open,13:30,10576771,10576771,False,US cash open,13:30,11439135,11439135,False,849,False,False,False,23,False,False,False
matched_lot,btcusdt_microprice_20260418_13_5h_5sessions_hs2.00_rq5000,2026-04-18 13:00,2026-04-18 16:00,btcusdt_microprice_20260418_13_5h_5sessions_hs2.00_rq5000:2026-04-18 16:00:fill-000009:fill-000010:26,fill-000009,fill-000010,sell,buy,1776530293223,1776530439135,1776530439135,145912,0.00007000,-0.00156063754000000000,0.0005691000000000,0.00212973754000000000,0.0004277000000000,-22.294822000000,US cash open,13:30,11439135,11439135,False,US cash open,13:30,11293223,11293223,False,US cash open,13:30,11439135,11439135,False,797,False,False,False,21,False,False,False
matched_lot,btcusdt_microprice_20260418_13_5h_5sessions_hs2.00_rq5000,2026-04-18 13:00,2026-04-18 16:00,btcusdt_microprice_20260418_13_5h_5sessions_hs2.00_rq5000:2026-04-18 16:00:fill-000010:fill-000011:27,fill-000010,fill-000011,buy,sell,1776530439135,1776530509638,1776530509638,70503,0.0002799999999999999999999999976,-0.01266446551999999999999999989,-0.004146799999999999999999999964,0.008517665519999999999999999929,-0.004712399999999999999999999959,-45.23023399999999999999999999,US cash open,13:30,11509638,11509638,False,US cash open,13:30,11439135,11439135,False,US cash open,13:30,11509638,11509638,False,667,False,False,False,16,False,False,False
matched_lot,btcusdt_microprice_20260418_13_5h_5sessions_hs2.00_rq5000,2026-04-18 13:00,2026-04-18 16:00,btcusdt_microprice_20260418_13_5h_5sessions_hs2.00_rq5000:2026-04-18 16:00:fill-000010:fill-000013:28,fill-000010,fill-000013,buy,sell,1776530439135,1776531309050,1776531309050,869915,0.0000539235770370553246944228902,-0.009187779350326924835013533642,-0.007548761549417374903972260399,0.001639017800909549931041273243,-0.007549840020958116010466148856,-170.3851980000000000000000000,US cash close,20:00,-11090950,11090950,False,US cash open,13:30,11439135,11439135,False,US cash close,20:00,-11090950,11090950,False,217,False,False,False,1,True,True,True
matched_lot,btcusdt_microprice_20260418_13_5h_5sessions_hs2.00_rq5000,2026-04-18 13:00,2026-04-18 16:00,btcusdt_microprice_20260418_13_5h_5sessions_hs2.00_rq5000:2026-04-18 16:00:fill-000012:fill-000013:29,fill-000012,fill-000013,buy,sell,1776531041587,1776531309050,1776531309050,267463,0.00007000,-0.00046217136000000000,0.0016632000000000,0.00212537136000000000,0.0015225000000000,-6.602448000000,US cash close,20:00,-11090950,11090950,False,US cash close,20:00,-11358413,11358413,False,US cash close,20:00,-11090950,11090950,False,864,False,False,False,24,False,False,False
matched_lot,btcusdt_microprice_20260418_13_5h_5sessions_hs2.00_rq5000,2026-04-18 13:00,2026-04-18 16:00,btcusdt_microprice_20260418_13_5h_5sessions_hs2.00_rq5000:2026-04-18 16:00:fill-000013:fill-000014:30,fill-000013,fill-000014,sell,buy,1776531309050,1776531377454,1776531377454,68404,0.00063000,-0.02879116758000000000000000000,-0.0096579000000000,0.01913326758000000000000000000,-0.0109242000000000,-45.700266000000000000000,US cash close,20:00,-11022546,11022546,False,US cash close,20:00,-11090950,11090950,False,US cash close,20:00,-11022546,11022546,False,664,False,False,False,15,False,False,False
matched_lot,btcusdt_microprice_20260418_13_5h_5sessions_hs2.00_rq5000,2026-04-18 13:00,2026-04-18 17:00,btcusdt_microprice_20260418_13_5h_5sessions_hs2.00_rq5000:2026-04-18 17:00:fill-000001:fill-000002:31,fill-000001,fill-000002,sell,buy,1776531856146,1776531883700,1776531883700,27554,0.00007000,-0.00328979154000000000,-0.0011641000000000,0.00212569154000000000,-0.0013062000000000,-46.997022000000,US cash close,20:00,-10516300,10516300,False,US cash close,20:00,-10543854,10543854,False,US cash close,20:00,-10516300,10516300,False,656,False,False,False,14,False,False,False
matched_lot,btcusdt_microprice_20260418_13_5h_5sessions_hs2.00_rq5000,2026-04-18 13:00,2026-04-18 17:00,btcusdt_microprice_20260418_13_5h_5sessions_hs2.00_rq5000:2026-04-18 17:00:fill-000001:fill-000003:32,fill-000001,fill-000003,sell,buy,1776531856146,1776531937581,1776531937581,81435,0.00021000,0.00606441150000000000,0.0124383000000000,0.00637388850000000000,0.0115983000000000,28.878150000000,US cash close,20:00,-10462419,10462419,False,US cash close,20:00,-10543854,10543854,False,US cash close,20:00,-10462419,10462419,False,1037,False,False,False,31,False,False,False
matched_lot,btcusdt_microprice_20260418_13_5h_5sessions_hs2.00_rq5000,2026-04-18 13:00,2026-04-18 17:00,btcusdt_microprice_20260418_13_5h_5sessions_hs2.00_rq5000:2026-04-18 17:00:fill-000001:fill-000005:33,fill-000001,fill-000005,sell,buy,1776531856146,1776532969452,1776532969452,1113306,0.00007000,0.00474011412000000000,0.0068642000000000,0.00212408588000000000,0.0065835000000000,67.715916000000,US cash close,20:00,-9430548,9430548,False,US cash close,20:00,-10543854,10543854,False,US cash close,20:00,-9430548,9430548,False,1143,False,False,False,34,False,False,False
matched_lot,btcusdt_microprice_20260418_13_5h_5sessions_hs2.00_rq5000,2026-04-18 13:00,2026-04-18 17:00,btcusdt_microprice_20260418_13_5h_5sessions_hs2.00_rq5000:2026-04-18 17:00:fill-000001:fill-000006:34,fill-000001,fill-000006,sell,buy,1776531856146,1776533512402,1776533512402,1656256,0.00021000,0.00060752034000000000,0.0069825000000000,0.00637497966000000000,0.0061404000000000,2.892954000000,US cash close,20:00,-8887598,8887598,False,US cash close,20:00,-10543854,10543854,False,US cash close,20:00,-8887598,8887598,False,913,False,False,False,27,False,False,False
matched_lot,btcusdt_microprice_20260418_13_5h_5sessions_hs2.00_rq5000,2026-04-18 13:00,2026-04-18 17:00,btcusdt_microprice_20260418_13_5h_5sessions_hs2.00_rq5000:2026-04-18 17:00:fill-000004:fill-000006:35,fill-000004,fill-000006,sell,buy,1776532400606,1776533512402,1776533512402,1111796,0.00007000,-0.00493866478000000000,-0.0028147000000000,0.00212396478000000000,-0.0029561000000000,-70.552354000000,US cash close,20:00,-8887598,8887598,False,US cash close,20:00,-9999394,9999394,False,US cash close,20:00,-8887598,8887598,False,533,False,False,False,10,False,False,False
matched_lot,btcusdt_microprice_20260418_13_5h_5sessions_hs2.00_rq5000,2026-04-18 13:00,2026-04-18 17:00,btcusdt_microprice_20260418_13_5h_5sessions_hs2.00_rq5000:2026-04-18 17:00:fill-000004:fill-000007:36,fill-000004,fill-000007,sell,buy,1776532400606,1776534368074,1776534368074,1967468,0.00021000,-0.01649422992000000000,-0.0101220000000000,0.00637222992000000000,-0.0105462000000000,-78.543952000000,US cash close,20:00,-8031926,8031926,False,US cash close,20:00,-9999394,9999394,False,US cash close,20:00,-8031926,8031926,False,489,False,False,False,9,False,False,False
matched_lot,btcusdt_microprice_20260418_13_5h_5sessions_hs2.00_rq5000,2026-04-18 13:00,2026-04-18 17:00,btcusdt_microprice_20260418_13_5h_5sessions_hs2.00_rq5000:2026-04-18 17:00:fill-000004:fill-000008:37,fill-000004,fill-000008,sell,buy,1776532400606,1776535179892,1776535179892,2779286,0.00072000,-0.02920057632000000000,-0.0073584000000000,0.02184217632000000000,-0.0088128000000000,-40.556356000000,US cash close,20:00,-7220108,7220108,False,US cash close,20:00,-9999394,9999394,False,US cash close,20:00,-7220108,7220108,False,683,False,False,False,17,False,False,False
matched_lot,btcusdt_microprice_20260418_19_5h_5sessions_hs2.00_rq5000,2026-04-18 19:00,2026-04-18 19:00,btcusdt_microprice_20260418_19_5h_5sessions_hs2.00_rq5000:2026-04-18 19:00:fill-000001:fill-000005:1,fill-000001,fill-000005,sell,buy,1776540829873,1776541388789,1776541388789,558916,0.00028000,-0.00454216000000000000,0.0039256000000000,0.00846776000000000000,0.0028028000000000,-16.222000000000,US cash close,20:00,-1011211,1011211,True,US cash close,20:00,-1570127,1570127,True,US cash close,20:00,-1011211,1011211,True,826,False,False,False,12,False,False,False
matched_lot,btcusdt_microprice_20260418_19_5h_5sessions_hs2.00_rq5000,2026-04-18 19:00,2026-04-18 19:00,btcusdt_microprice_20260418_19_5h_5sessions_hs2.00_rq5000:2026-04-18 19:00:fill-000002:fill-000005:2,fill-000002,fill-000005,sell,buy,1776541081570,1776541388789,1776541388789,307219,0.00072000,-0.01888559856000000000,0.0028872000000000,0.02177279856000000000,0.0000000000000000,-26.229998000000,US cash close,20:00,-1011211,1011211,True,US cash close,20:00,-1318430,1318430,True,US cash close,20:00,-1011211,1011211,True,776,False,False,False,10,False,False,False
matched_lot,btcusdt_microprice_20260418_19_5h_5sessions_hs2.00_rq5000,2026-04-18 19:00,2026-04-18 19:00,btcusdt_microprice_20260418_19_5h_5sessions_hs2.00_rq5000:2026-04-18 19:00:fill-000002:fill-000006:3,fill-000002,fill-000006,sell,buy,1776541081570,1776542074807,1776542074807,993237,0.00023000,-0.00603520000000000000,0.0009200000000000,0.00695520000000000000,-0.0000023000000000,-26.240000000000,US cash close,20:00,-325193,325193,True,US cash close,20:00,-1318430,1318430,True,US cash close,20:00,-325193,325193,True,775,False,False,False,9,False,False,False
matched_lot,btcusdt_microprice_20260418_19_5h_5sessions_hs2.00_rq5000,2026-04-18 19:00,2026-04-18 19:00,btcusdt_microprice_20260418_19_5h_5sessions_hs2.00_rq5000:2026-04-18 19:00:fill-000002:fill-000007:4,fill-000002,fill-000007,sell,buy,1776541081570,1776542131937,1776542131937,1050367,0.00005000,-0.00176008960000000000,-0.0002480000000000,0.00151208960000000000,-0.0004485000000000,-35.201792000000,US cash close,20:00,-268063,268063,True,US cash close,20:00,-1318430,1318430,True,US cash close,20:00,-268063,268063,True,714,False,False,False,5,False,False,False
matched_lot,btcusdt_microprice_20260418_19_5h_5sessions_hs2.00_rq5000,2026-04-18 19:00,2026-04-18 19:00,btcusdt_microprice_20260418_19_5h_5sessions_hs2.00_rq5000:2026-04-18 19:00:fill-000003:fill-000007:5,fill-000003,fill-000007,sell,buy,1776541333014,1776542131937,1776542131937,798923,0.00020000,-0.01023971840000000000,-0.0041920000000000,0.00604771840000000000,-0.0047480000000000,-51.198592000000,US cash close,20:00,-268063,268063,True,US cash close,20:00,-1066986,1066986,True,US cash close,20:00,-268063,268063,True,628,False,False,False,3,False,False,False
matched_lot,btcusdt_microprice_20260418_19_5h_5sessions_hs2.00_rq5000,2026-04-18 19:00,2026-04-18 19:00,btcusdt_microprice_20260418_19_5h_5sessions_hs2.00_rq5000:2026-04-18 19:00:fill-000004:fill-000007:6,fill-000004,fill-000007,sell,buy,1776541333016,1776542131937,1776542131937,798921,0.00060000,-0.03071915520000000000,-0.0125760000000000,0.01814315520000000000,-0.0142440000000000,-51.198592000000,US cash close,20:00,-268063,268063,True,US cash close,20:00,-1066984,1066984,True,US cash close,20:00,-268063,268063,True,629,False,False,False,4,False,False,False
matched_lot,btcusdt_microprice_20260418_19_5h_5sessions_hs2.00_rq5000,2026-04-18 19:00,2026-04-18 19:00,btcusdt_microprice_20260418_19_5h_5sessions_hs2.00_rq5000:2026-04-18 19:00:fill-000007:fill-000009:7,fill-000007,fill-000009,buy,sell,1776542131937,1776542280817,1776542280817,148880,0.00006000,0.00087889416000000000,0.0026940000000000,0.00181510584000000000,0.0024534000000000,14.648236000000,US cash close,20:00,-119183,119183,True,US cash close,20:00,-268063,268063,True,US cash close,20:00,-119183,119183,True,977,False,False,False,14,False,False,False
matched_lot,btcusdt_microprice_20260418_19_5h_5sessions_hs2.00_rq5000,2026-04-18 19:00,2026-04-18 19:00,btcusdt_microprice_20260418_19_5h_5sessions_hs2.00_rq5000:2026-04-18 19:00:fill-000007:fill-000010:8,fill-000007,fill-000010,buy,sell,1776542131937,1776542280818,1776542280818,148881,0.00007000,0.00102537652000000000,0.0031430000000000,0.00211762348000000000,0.0028623000000000,14.648236000000,US cash close,20:00,-119182,119182,True,US cash close,20:00,-268063,268063,True,US cash close,20:00,-119182,119182,True,978,False,False,False,15,False,False,False
matched_lot,btcusdt_microprice_20260418_19_5h_5sessions_hs2.00_rq5000,2026-04-18 19:00,2026-04-18 19:00,btcusdt_microprice_20260418_19_5h_5sessions_hs2.00_rq5000:2026-04-18 19:00:fill-000008:fill-000010:9,fill-000008,fill-000010,buy,sell,1776542246415,1776542280818,1776542280818,34403,0.00006000,-0.00194407032000000000,-0.0001284000000000,0.00181567032000000000,-0.0003690000000000,-32.401172000000,US cash close,20:00,-119182,119182,True,US cash close,20:00,-153585,153585,True,US cash close,20:00,-119182,119182,True,726,False,False,False,6,False,False,False
matched_lot,btcusdt_microprice_20260418_19_5h_5sessions_hs2.00_rq5000,2026-04-18 19:00,2026-04-18 19:00,btcusdt_microprice_20260418_19_5h_5sessions_hs2.00_rq5000:2026-04-18 19:00:fill-000008:fill-000011:10,fill-000008,fill-000011,buy,sell,1776542246415,1776542280819,1776542280819,34404,0.00011000,-0.00356412892000000000,-0.0002354000000000,0.00332872892000000000,-0.0006765000000000,-32.401172000000,US cash close,20:00,-119181,119181,True,US cash close,20:00,-153585,153585,True,US cash close,20:00,-119181,119181,True,727,False,False,False,7,False,False,False
matched_lot,btcusdt_microprice_20260418_19_5h_5sessions_hs2.00_rq5000,2026-04-18 19:00,2026-04-18 20:00,btcusdt_microprice_20260418_19_5h_5sessions_hs2.00_rq5000:2026-04-18 20:00:fill-000001:fill-000004:11,fill-000001,fill-000004,buy,sell,1776543727256,1776544521265,1776544521265,794009,0.0004460732984293193717277486911,0.00611584335078534031413612565,0.01962722513089005235602094241,0.01351138178010471204188481676,0.01783847120418848167539267015,13.71039999999999999999999999,US cash close,20:00,2121265,2121265,False,US cash close,20:00,1327256,1327256,True,US cash close,20:00,2121265,2121265,False,968,False,False,False,13,False,False,False
matched_lot,btcusdt_microprice_20260418_19_5h_5sessions_hs2.00_rq5000,2026-04-18 19:00,2026-04-18 20:00,btcusdt_microprice_20260418_19_5h_5sessions_hs2.00_rq5000:2026-04-18 20:00:fill-000001:fill-000005:12,fill-000001,fill-000005,buy,sell,1776543727256,1776544540332,1776544540332,813076,0.0002539267015706806282722513089,0.005007230905759162303664921468,0.01269887434554973821989528796,0.007691643439790575916230366492,0.01218594240837696335078534032,19.71919800000000000000000001,US cash close,20:00,2140332,2140332,False,US cash close,20:00,1327256,1327256,True,US cash close,20:00,2140332,2140332,False,998,False,False,False,19,False,False,False
matched_lot,btcusdt_microprice_20260418_19_5h_5sessions_hs2.00_rq5000,2026-04-18 19:00,2026-04-18 20:00,btcusdt_microprice_20260418_19_5h_5sessions_hs2.00_rq5000:2026-04-18 20:00:fill-000002:fill-000005:13,fill-000002,fill-000005,buy,sell,1776543976123,1776544540332,1776544540332,564209,0.00007000,0.00128232426000000000,0.0034027000000000,0.00212037574000000000,0.0032844000000000,18.318918000000,US cash close,20:00,2140332,2140332,False,US cash close,20:00,1576123,1576123,True,US cash close,20:00,2140332,2140332,False,991,False,False,False,18,False,False,False
matched_lot,btcusdt_microprice_20260418_19_5h_5sessions_hs2.00_rq5000,2026-04-18 19:00,2026-04-18 20:00,btcusdt_microprice_20260418_19_5h_5sessions_hs2.00_rq5000:2026-04-18 20:00:fill-000003:fill-000005:14,fill-000003,fill-000005,buy,sell,1776544263279,1776544540332,1776544540332,277053,0.00007000,-0.00183960000000000000,0.0002814000000000,0.00212100000000000000,0.0001400000000000,-26.280000000000,US cash close,20:00,2140332,2140332,False,US cash close,20:00,1863279,1863279,False,US cash close,20:00,2140332,2140332,False,774,False,False,False,8,False,False,False
matched_lot,btcusdt_microprice_20260418_19_5h_5sessions_hs2.00_rq5000,2026-04-18 19:00,2026-04-18 20:00,btcusdt_microprice_20260418_19_5h_5sessions_hs2.00_rq5000:2026-04-18 20:00:fill-000005:fill-000006:15,fill-000005,fill-000006,sell,buy,1776544540332,1776544609483,1776544609483,69151,0.0006060732984293193717277486911,-0.01229650114931937172774869110,0.006066793717277486910994764398,0.01836329486659685863874345550,0.004842525654450261780104712042,-20.28880200000000000000000000,US cash close,20:00,2209483,2209483,False,US cash close,20:00,2140332,2140332,False,US cash close,20:00,2209483,2209483,False,810,False,False,False,11,False,False,False
matched_lot,btcusdt_microprice_20260418_19_5h_5sessions_hs2.00_rq5000,2026-04-18 19:00,2026-04-18 20:00,btcusdt_microprice_20260418_19_5h_5sessions_hs2.00_rq5000:2026-04-18 20:00:fill-000006:fill-000008:16,fill-000006,fill-000008,buy,sell,1776544609483,1776545592952,1776545592952,983469,0.00028000,0.008999398799999999999999999999,0.0174860000000000,0.008486601200000000000000000001,0.0163632000000000,32.14071000000000000000000000,US cash close,20:00,3192952,3192952,False,US cash close,20:00,2209483,2209483,False,US cash close,20:00,3192952,3192952,False,1049,False,False,False,20,False,False,False
matched_lot,btcusdt_microprice_20260418_19_5h_5sessions_hs2.00_rq5000,2026-04-18 19:00,2026-04-18 20:00,btcusdt_microprice_20260418_19_5h_5sessions_hs2.00_rq5000:2026-04-18 20:00:fill-000006:fill-000010:17,fill-000006,fill-000010,buy,sell,1776544609483,1776545693792,1776545693792,1084309,0.0000266751816514840002591207609,0.0004709132002040911588464163381,0.001279341712005172652427431693,0.0008084285118010814935810153549,0.001172374233582721811388357441,17.65360800000000000000000002,US cash close,20:00,3293792,3293792,False,US cash close,20:00,2209483,2209483,False,US cash close,20:00,3293792,3293792,False,988,False,False,False,17,False,False,False
matched_lot,btcusdt_microprice_20260418_19_5h_5sessions_hs2.00_rq5000,2026-04-18 19:00,2026-04-18 20:00,btcusdt_microprice_20260418_19_5h_5sessions_hs2.00_rq5000:2026-04-18 20:00:fill-000007:fill-000010:18,fill-000007,fill-000010,buy,sell,1776544609487,1776545693792,1776545693792,1084305,0.0000433248183485159997408792391,0.000764839359795908841153583662,0.002077858287994827347572568307,0.001313018928198918506418984645,0.001904125766417278188611642559,17.65360799999999999999999999,US cash close,20:00,3293792,3293792,False,US cash close,20:00,2209487,2209487,False,US cash close,20:00,3293792,3293792,False,987,False,False,False,16,False,False,False
matched_lot,btcusdt_microprice_20260418_19_5h_5sessions_hs2.00_rq5000,2026-04-18 19:00,2026-04-18 21:00,btcusdt_microprice_20260418_19_5h_5sessions_hs2.00_rq5000:2026-04-18 21:00:fill-000001:fill-000002:19,fill-000001,fill-000002,buy,sell,1776546255815,1776548524195,1776548524195,2268380,0.000489999999999999999999999996,-0.08332334849999999999999999932,-0.06847749999999999999999999944,0.01484584849999999999999999988,-0.06899199999999999999999999944,-170.0476500000000000000000000,US cash close,20:00,6124195,6124195,False,US cash close,20:00,3855815,3855815,False,US cash close,20:00,6124195,6124195,False,220,False,False,False,1,True,True,True
matched_lot,btcusdt_microprice_20260418_19_5h_5sessions_hs2.00_rq5000,2026-04-18 19:00,2026-04-18 21:00,btcusdt_microprice_20260418_19_5h_5sessions_hs2.00_rq5000:2026-04-18 21:00:fill-000002:fill-000004:20,fill-000002,fill-000004,sell,buy,1776548524195,1776549347139,1776549347139,822944,0.00007000,-0.01092243936000000000000000000,-0.0088018000000000,0.002120639360000000000000000000,-0.0089670000000000,-156.034848000000000000000,US cash close,20:00,6947139,6947139,False,US cash close,20:00,6124195,6124195,False,US cash close,20:00,6947139,6947139,False,258,False,False,False,2,False,False,True
matched_lot,btcusdt_microprice_20260418_19_5h_5sessions_hs2.00_rq5000,2026-04-18 19:00,2026-04-18 23:00,btcusdt_microprice_20260418_19_5h_5sessions_hs2.00_rq5000:2026-04-18 23:00:fill-000001:fill-000006:21,fill-000001,fill-000006,sell,buy,1776553620586,1776555335810,1776555335810,1715224,0.00007000,0.00483063462000000000,0.0069531000000000,0.00212246538000000000,0.0068124000000000,69.009066000000,Tokyo,00:00,-1464190,1464190,True,Tokyo,00:00,-3179414,3179414,False,Tokyo,00:00,-1464190,1464190,True,1147,False,False,False,21,False,False,False
matched_lot,btcusdt_microprice_20260418_19_5h_5sessions_hs2.00_rq5000,2026-04-18 19:00,2026-04-18 23:00,btcusdt_microprice_20260418_19_5h_5sessions_hs2.00_rq5000:2026-04-18 23:00:fill-000001:fill-000007:22,fill-000001,fill-000007,sell,buy,1776553620586,1776555515146,1776555515146,1894560,0.00007000,0.00620921028000000000,0.0083314000000000,0.00212218972000000000,0.0081907000000000,88.703004000000,Tokyo,00:00,-1284854,1284854,True,Tokyo,00:00,-3179414,3179414,False,Tokyo,00:00,-1284854,1284854,True,1186,False,False,False,23,False,False,False
matched_lot,btcusdt_microprice_20260418_19_5h_5sessions_hs2.00_rq5000,2026-04-18 19:00,2026-04-18 23:00,btcusdt_microprice_20260418_19_5h_5sessions_hs2.00_rq5000:2026-04-18 23:00:fill-000001:fill-000008:23,fill-000001,fill-000008,sell,buy,1776553620586,1776555557586,1776555557586,1937000,0.00028000,0.02978263008000000000,0.0382704000000000,0.00848776992000000000,0.0377076000000000,106.366536000000,Tokyo,00:00,-1242414,1242414,True,Tokyo,00:00,-3179414,3179414,False,Tokyo,00:00,-1242414,1242414,True,1206,False,False,False,24,False,False,False
matched_lot,btcusdt_microprice_20260418_19_5h_5sessions_hs2.00_rq5000,2026-04-18 19:00,2026-04-18 23:00,btcusdt_microprice_20260418_19_5h_5sessions_hs2.00_rq5000:2026-04-18 23:00:fill-000001:fill-000009:24,fill-000001,fill-000009,sell,buy,1776553620586,1776556235680,1776556235680,2615094,0.000125373134328358208955223881,0.009237492537313432835820895548,0.01303880597014925373134328362,0.003801313432835820895522388072,0.01278680597014925373134328362,73.67999999999999999999999997,Tokyo,00:00,-564320,564320,True,Tokyo,00:00,-3179414,3179414,False,Tokyo,00:00,-564320,564320,True,1156,False,False,False,22,False,False,False
matched_lot,btcusdt_microprice_20260419_13_5h_5sessions_hs2.00_rq5000,2026-04-19 13:00,2026-04-19 13:00,btcusdt_microprice_20260419_13_5h_5sessions_hs2.00_rq5000:2026-04-19 13:00:fill-000001:fill-000002:1,fill-000001,fill-000002,sell,buy,1776603829111,1776604220460,1776604220460,391349,0.00035000,-0.03724531020000000000,-0.0266490000000000,0.01059631020000000000,-0.0280525000000000,-106.415172000000,US cash open,13:30,-1179540,1179540,True,US cash open,13:30,-1570889,1570889,True,US cash open,13:30,-1179540,1179540,True,393,False,False,False,30,False,False,False
matched_lot,btcusdt_microprice_20260419_13_5h_5sessions_hs2.00_rq5000,2026-04-19 13:00,2026-04-19 13:00,btcusdt_microprice_20260419_13_5h_5sessions_hs2.00_rq5000:2026-04-19 13:00:fill-000001:fill-000003:2,fill-000001,fill-000003,sell,buy,1776603829111,1776604297615,1776604297615,468504,0.00009992298806314978821717366192,-0.009434006289564882556796303428,-0.006409060454370427416249518676,0.003024945835194455140546784752,-0.006809751636503658067000385060,-94.41277200000000000000000001,US cash open,13:30,-1102385,1102385,True,US cash open,13:30,-1570889,1570889,True,US cash open,13:30,-1102385,1102385,True,433,False,False,False,32,False,False,False
matched_lot,btcusdt_microprice_20260419_13_5h_5sessions_hs2.00_rq5000,2026-04-19 13:00,2026-04-19 13:00,btcusdt_microprice_20260419_13_5h_5sessions_hs2.00_rq5000:2026-04-19 13:00:fill-000001:fill-000009:3,fill-000001,fill-000009,sell,buy,1776603829111,1776604898800,1776604898800,1069689,0.0005500770119368502117828263381,-0.3127229464692337312283403928,-0.2960184432036965729688101656,0.01670450326553715825953022718,-0.2972836203311513284559106662,-568.5075720000000000000000001,US cash open,13:30,-501200,501200,True,US cash open,13:30,-1570889,1570889,True,US cash open,13:30,-501200,501200,True,15,True,True,True,2,False,True,True
matched_lot,btcusdt_microprice_20260419_13_5h_5sessions_hs2.00_rq5000,2026-04-19 13:00,2026-04-19 13:00,btcusdt_microprice_20260419_13_5h_5sessions_hs2.00_rq5000:2026-04-19 13:00:fill-000004:fill-000009:4,fill-000004,fill-000009,sell,buy,1776604492116,1776604898800,1776604898800,406684,0.0004499229880631497882171736619,-0.2147013773242587601078167116,-0.2010300902964959568733153639,0.01367128702776280323450134771,-0.2020649131690412013862148633,-477.1958380000000000000000000,US cash open,13:30,-501200,501200,True,US cash open,13:30,-907884,907884,True,US cash open,13:30,-501200,501200,True,30,False,True,True,6,False,False,True
matched_lot,btcusdt_microprice_20260419_13_5h_5sessions_hs2.00_rq5000,2026-04-19 13:00,2026-04-19 14:00,btcusdt_microprice_20260419_13_5h_5sessions_hs2.00_rq5000:2026-04-19 14:00:fill-000001:fill-000004:5,fill-000001,fill-000004,sell,buy,1776607414166,1776607553413,1776607553413,139247,0.00026000,0.01194992604000000000,0.0198302000000000,0.00788027396000000000,0.0199498000000000,45.961254000000,US cash open,13:30,2153413,2153413,False,US cash open,13:30,2014166,2014166,False,US cash open,13:30,2153413,2153413,False,1084,False,False,False,56,False,False,False
matched_lot,btcusdt_microprice_20260419_13_5h_5sessions_hs2.00_rq5000,2026-04-19 13:00,2026-04-19 14:00,btcusdt_microprice_20260419_13_5h_5sessions_hs2.00_rq5000:2026-04-19 14:00:fill-000001:fill-000008:6,fill-000001,fill-000008,sell,buy,1776607414166,1776608945615,1776608945615,1531449,0.0000091586761521806371790906265,-0.001724996336770801113516857145,-0.001446979245283018867924528081,0.0002780170914877822455923290636,-0.001483705536653263223012681493,-188.3455980000000000000000001,US cash open,13:30,3545615,3545615,False,US cash open,13:30,2014166,2014166,False,US cash open,13:30,3545615,3545615,False,180,False,False,False,24,False,False,False
matched_lot,btcusdt_microprice_20260419_13_5h_5sessions_hs2.00_rq5000,2026-04-19 13:00,2026-04-19 15:00,btcusdt_microprice_20260419_13_5h_5sessions_hs2.00_rq5000:2026-04-19 15:00:fill-000001:fill-000002:7,fill-000001,fill-000002,buy,sell,1776610829754,1776611074138,1776611074138,244384,0.00007000,-0.00453490240000000000,-0.0024066000000000,0.00212830240000000000,-0.0026873000000000,-64.784320000000,US cash open,13:30,5674138,5674138,False,US cash open,13:30,5429754,5429754,False,US cash open,13:30,5674138,5674138,False,570,False,False,False,36,False,False,False
matched_lot,btcusdt_microprice_20260419_13_5h_5sessions_hs2.00_rq5000,2026-04-19 13:00,2026-04-19 15:00,btcusdt_microprice_20260419_13_5h_5sessions_hs2.00_rq5000:2026-04-19 15:00:fill-000003:fill-000004:8,fill-000003,fill-000004,buy,sell,1776611100867,1776611529138,1776611529138,428271,0.00007007414412190253060028773626,-0.004466208650605483325803782206,-0.002336271965024230370213593127,0.002129936685581252955590189079,-0.002843608768466804691759676338,-63.73547200000000000000000000,US cash open,13:30,6129138,6129138,False,US cash open,13:30,5700867,5700867,False,US cash open,13:30,6129138,6129138,False,579,False,False,False,37,False,False,False
matched_lot,btcusdt_microprice_20260419_13_5h_5sessions_hs2.00_rq5000,2026-04-19 13:00,2026-04-19 15:00,btcusdt_microprice_20260419_13_5h_5sessions_hs2.00_rq5000:2026-04-19 15:00:fill-000004:fill-000007:9,fill-000004,fill-000007,sell,buy,1776611529138,1776611717679,1776611717679,188541,0.0004199258558780974693997122637,-0.02871721839027363653755142155,-0.01595298326480892286249506890,0.01276423512546471367505635265,-0.01813239845681624872867957554,-68.38640200000000000000000000,US cash open,13:30,6317679,6317679,False,US cash open,13:30,6129138,6129138,False,US cash open,13:30,6317679,6317679,False,546,False,False,False,35,False,False,False
matched_lot,btcusdt_microprice_20260419_13_5h_5sessions_hs2.00_rq5000,2026-04-19 13:00,2026-04-19 15:00,btcusdt_microprice_20260419_13_5h_5sessions_hs2.00_rq5000:2026-04-19 15:00:fill-000005:fill-000007:10,fill-000005,fill-000007,sell,buy,1776611538042,1776611717679,1776611717679,179637,0.00007000,-0.00419566644000000000,-0.0020678000000000,0.00212786644000000000,-0.0025697000000000,-59.938092000000,US cash open,13:30,6317679,6317679,False,US cash open,13:30,6138042,6138042,False,US cash open,13:30,6317679,6317679,False,596,False,False,False,38,False,False,False
matched_lot,btcusdt_microprice_20260419_13_5h_5sessions_hs2.00_rq5000,2026-04-19 13:00,2026-04-19 15:00,btcusdt_microprice_20260419_13_5h_5sessions_hs2.00_rq5000:2026-04-19 15:00:fill-000006:fill-000007:11,fill-000006,fill-000007,sell,buy,1776611607765,1776611717679,1776611717679,109914,0.00007000,-0.00090142542000000000,0.0012271000000000,0.00212852542000000000,0.0007805000000000,-12.877506000000,US cash open,13:30,6317679,6317679,False,US cash open,13:30,6207765,6207765,False,US cash open,13:30,6317679,6317679,False,841,False,False,False,44,False,False,False
matched_lot,btcusdt_microprice_20260419_13_5h_5sessions_hs2.00_rq5000,2026-04-19 13:00,2026-04-19 15:00,btcusdt_microprice_20260419_13_5h_5sessions_hs2.00_rq5000:2026-04-19 15:00:fill-000007:fill-000008:12,fill-000007,fill-000008,buy,sell,1776611717679,1776611753520,1776611753520,35841,0.0004400741441219025306002877363,-0.005460263950606917838676130117,0.007921334594194245550805179253,0.01338159854480116338948130937,0.004761602239398985381095113307,-12.40760000000000000000000000,US cash open,13:30,6353520,6353520,False,US cash open,13:30,6317679,6317679,False,US cash open,13:30,6353520,6353520,False,843,False,False,False,46,False,False,False
matched_lot,btcusdt_microprice_20260419_13_5h_5sessions_hs2.00_rq5000,2026-04-19 13:00,2026-04-19 15:00,btcusdt_microprice_20260419_13_5h_5sessions_hs2.00_rq5000:2026-04-19 15:00:fill-000008:fill-000011:13,fill-000008,fill-000011,sell,buy,1776611753520,1776611947313,1776611947313,193793,0.0005599258558780974693997122637,-0.07303180129320730665076775021,-0.05599258558780974693997122637,0.01703921570539755971079652384,-0.05823788826988091779226407255,-130.4312000000000000000000000,US cash open,13:30,6547313,6547313,False,US cash open,13:30,6353520,6353520,False,US cash open,13:30,6547313,6547313,False,327,False,False,False,28,False,False,False
matched_lot,btcusdt_microprice_20260419_13_5h_5sessions_hs2.00_rq5000,2026-04-19 13:00,2026-04-19 15:00,btcusdt_microprice_20260419_13_5h_5sessions_hs2.00_rq5000:2026-04-19 15:00:fill-000009:fill-000011:14,fill-000009,fill-000011,sell,buy,1776611895018,1776611947313,1776611947313,52295,0.0004200741441219025306002877363,-0.01783164332900181614094549406,-0.005040889729462830367203452836,0.01279075359953898577374204122,-0.005885238759147854453710031186,-42.44880000000000000000000000,US cash open,13:30,6547313,6547313,False,US cash open,13:30,6495018,6495018,False,US cash open,13:30,6547313,6547313,False,680,False,False,False,41,False,False,False
matched_lot,btcusdt_microprice_20260419_13_5h_5sessions_hs2.00_rq5000,2026-04-19 13:00,2026-04-19 15:00,btcusdt_microprice_20260419_13_5h_5sessions_hs2.00_rq5000:2026-04-19 15:00:fill-000009:fill-000012:15,fill-000009,fill-000012,sell,buy,1776611895018,1776611959539,1776611959539,64521,0.0005799258558780974693997122637,-0.00721590143951999119224673975,0.01043866540580575444919482075,0.01765456684532574564144156050,0.01043286614724697347450082363,-12.44279999999999999999999999,US cash open,13:30,6559539,6559539,False,US cash open,13:30,6495018,6495018,False,US cash open,13:30,6559539,6559539,False,842,False,False,False,45,False,False,False
matched_lot,btcusdt_microprice_20260419_13_5h_5sessions_hs2.00_rq5000,2026-04-19 13:00,2026-04-19 15:00,btcusdt_microprice_20260419_13_5h_5sessions_hs2.00_rq5000:2026-04-19 15:00:fill-000010:fill-000012:16,fill-000010,fill-000012,sell,buy,1776611895631,1776611959539,1776611959539,63908,0.00007000,-0.00073102400000000000,0.0014000000000000,0.00213102400000000000,0.0012593000000000,-10.443200000000,US cash open,13:30,6559539,6559539,False,US cash open,13:30,6495631,6495631,False,US cash open,13:30,6559539,6559539,False,848,False,False,False,47,False,False,False
matched_lot,btcusdt_microprice_20260419_13_5h_5sessions_hs2.00_rq5000,2026-04-19 13:00,2026-04-19 15:00,btcusdt_microprice_20260419_13_5h_5sessions_hs2.00_rq5000:2026-04-19 15:00:fill-000012:fill-000013:17,fill-000012,fill-000013,buy,sell,1776611959539,1776612725004,1776612725004,765465,0.0003500741441219025306002877363,-0.08345683578071567072903515564,-0.07281542197735572636485984915,0.01064141380335994436417530649,-0.07351907100704075045136642750,-238.3976000000000000000000000,US cash open,13:30,7325004,7325004,False,US cash open,13:30,6559539,6559539,False,US cash open,13:30,7325004,7325004,False,127,False,False,True,20,False,False,False
matched_lot,btcusdt_microprice_20260419_13_5h_5sessions_hs2.00_rq5000,2026-04-19 13:00,2026-04-19 15:00,btcusdt_microprice_20260419_13_5h_5sessions_hs2.00_rq5000:2026-04-19 15:00:fill-000013:fill-000014:18,fill-000013,fill-000014,sell,buy,1776612725004,1776612772298,1776612772298,47294,0.00049000,-0.02843545166000000000000000000,-0.0135583000000000,0.01487715166000000000000000000,-0.0155232000000000,-58.031534000000000000000,US cash open,13:30,7372298,7372298,False,US cash open,13:30,7325004,7325004,False,US cash open,13:30,7372298,7372298,False,601,False,False,False,39,False,False,False
matched_lot,btcusdt_microprice_20260419_13_5h_5sessions_hs2.00_rq5000,2026-04-19 13:00,2026-04-19 15:00,btcusdt_microprice_20260419_13_5h_5sessions_hs2.00_rq5000:2026-04-19 15:00:fill-000013:fill-000015:19,fill-000013,fill-000015,sell,buy,1776612725004,1776612923203,1776612923203,198199,0.0001599258558780974693997122637,0.02010031350106156781719165461,0.02495003277554198620104911026,0.004849719274480418383857455654,0.02431032935202959632345026120,125.6852020000000000000000000,US cash open,13:30,7523203,7523203,False,US cash open,13:30,7325004,7325004,False,US cash open,13:30,7523203,7523203,False,1231,False,False,False,58,False,False,False
matched_lot,btcusdt_microprice_20260419_13_5h_5sessions_hs2.00_rq5000,2026-04-19 13:00,2026-04-19 15:00,btcusdt_microprice_20260419_13_5h_5sessions_hs2.00_rq5000:2026-04-19 15:00:fill-000015:fill-000016:20,fill-000015,fill-000016,buy,sell,1776612923203,1776612977098,1776612977098,53895,0.0004000741441219025306002877363,-0.1369138528902221420612621282,-0.1248191322245923705219837708,0.01209472066562977153927835741,-0.1264194288010799806443849217,-342.2211979999999999999999998,US cash open,13:30,7577098,7577098,False,US cash open,13:30,7523203,7523203,False,US cash open,13:30,7577098,7577098,False,65,False,True,True,16,False,False,False
matched_lot,btcusdt_microprice_20260419_13_5h_5sessions_hs2.00_rq5000,2026-04-19 13:00,2026-04-19 15:00,btcusdt_microprice_20260419_13_5h_5sessions_hs2.00_rq5000:2026-04-19 15:00:fill-000016:fill-000018:21,fill-000016,fill-000018,sell,buy,1776612977098,1776613030505,1776613030505,53407,0.00028000,-0.04921501592000000000000000000,-0.0407596000000000,0.008455415920000000000000000001,-0.0435400000000000,-175.767914000000000000000,US cash open,13:30,7630505,7630505,False,US cash open,13:30,7577098,7577098,False,US cash open,13:30,7630505,7630505,False,207,False,False,False,26,False,False,False
matched_lot,btcusdt_microprice_20260419_13_5h_5sessions_hs2.00_rq5000,2026-04-19 13:00,2026-04-19 15:00,btcusdt_microprice_20260419_13_5h_5sessions_hs2.00_rq5000:2026-04-19 15:00:fill-000016:fill-000019:22,fill-000016,fill-000019,sell,buy,1776612977098,1776613121315,1776613121315,144217,0.0000199258558780974693997122637,-0.003833958677417734684255631100,-0.003232173081986190511327326295,0.0006017855954315441729283048048,-0.003312075764057361363620172473,-192.4112419999999999999999999,US cash open,13:30,7721315,7721315,False,US cash open,13:30,7577098,7577098,False,US cash open,13:30,7721315,7721315,False,173,False,False,False,23,False,False,False
matched_lot,btcusdt_microprice_20260419_13_5h_5sessions_hs2.00_rq5000,2026-04-19 13:00,2026-04-19 15:00,btcusdt_microprice_20260419_13_5h_5sessions_hs2.00_rq5000:2026-04-19 15:00:fill-000017:fill-000019:23,fill-000017,fill-000019,sell,buy,1776612979215,1776613121315,1776613121315,142100,0.0001200741441219025306002877363,-0.02310361520258226531574436890,-0.01947722691801380948867267371,0.003626388284568455827071695193,-0.02039699486198758287307087777,-192.4112420000000000000000000,US cash open,13:30,7721315,7721315,False,US cash open,13:30,7579215,7579215,False,US cash open,13:30,7721315,7721315,False,172,False,False,False,22,False,False,False
matched_lot,btcusdt_microprice_20260419_13_5h_5sessions_hs2.00_rq5000,2026-04-19 13:00,2026-04-19 15:00,btcusdt_microprice_20260419_13_5h_5sessions_hs2.00_rq5000:2026-04-19 15:00:fill-000017:fill-000020:24,fill-000017,fill-000020,sell,buy,1776612979215,1776613414151,1776613414151,434936,0.00007000,-0.02341217522000000000000000000,-0.0212961000000000,0.002116075220000000000000000000,-0.0217637000000000,-334.459646000000000000000,US cash open,13:30,8014151,8014151,False,US cash open,13:30,7579215,7579215,False,US cash open,13:30,8014151,8014151,False,70,False,True,True,17,False,False,False
matched_lot,btcusdt_microprice_20260419_13_5h_5sessions_hs2.00_rq5000,2026-04-19 13:00,2026-04-19 15:00,btcusdt_microprice_20260419_13_5h_5sessions_hs2.00_rq5000:2026-04-19 15:00:fill-000017:fill-000023:25,fill-000017,fill-000023,sell,buy,1776612979215,1776613909215,1776613909215,930000,0.00007000,-0.02314542188000000000000000000,-0.0210294000000000,0.002116021880000000000000000001,-0.0215656000000000,-330.648884000000000000000,US cash open,13:30,8509215,8509215,False,US cash open,13:30,7579215,7579215,False,US cash open,13:30,8509215,8509215,False,72,False,True,True,18,False,False,False
matched_lot,btcusdt_microprice_20260419_13_5h_5sessions_hs2.00_rq5000,2026-04-19 13:00,2026-04-19 15:00,btcusdt_microprice_20260419_13_5h_5sessions_hs2.00_rq5000:2026-04-19 15:00:fill-000017:fill-000025:26,fill-000017,fill-000025,sell,buy,1776612979215,1776614220858,1776614220858,1241643,0.0000399258558780974693997122637,-0.01822511689283632288305290944,-0.01701719829236270340754536103,0.001207918600473619475507548413,-0.01732303034838893002314715697,-456.4740439999999999999999998,US cash open,13:30,8820858,8820858,False,US cash open,13:30,7579215,7579215,False,US cash open,13:30,8820858,8820858,False,35,False,True,True,8,False,False,False
matched_lot,btcusdt_microprice_20260419_13_5h_5sessions_hs2.00_rq5000,2026-04-19 13:00,2026-04-19 15:00,btcusdt_microprice_20260419_13_5h_5sessions_hs2.00_rq5000:2026-04-19 15:00:fill-000021:fill-000025:27,fill-000021,fill-000025,sell,buy,1776613822804,1776614220858,1776614220858,398054,0.0001700741441219025306002877363,-0.004517176751140072576454988689,0.0006428802647807915656690876432,0.005160057015920864142124076332,-0.0000391170531480375820380661794,-26.56004400000000000000000000,US cash open,13:30,8820858,8820858,False,US cash open,13:30,8422804,8422804,False,US cash open,13:30,8820858,8820858,False,772,False,False,False,42,False,False,False
matched_lot,btcusdt_microprice_20260419_13_5h_5sessions_hs2.00_rq5000,2026-04-19 13:00,2026-04-19 16:00,btcusdt_microprice_20260419_13_5h_5sessions_hs2.00_rq5000:2026-04-19 16:00:fill-000001:fill-000003:28,fill-000001,fill-000003,buy,sell,1776614820832,1776615320615,1776615320615,499783,0.00007000,-0.00854684978000000000,-0.0064267000000000,0.00212014978000000000,-0.0067074000000000,-122.097854000000,US cash open,13:30,9920615,9920615,False,US cash open,13:30,9420832,9420832,False,US cash open,13:30,9920615,9920615,False,353,False,False,False,29,False,False,False
matched_lot,btcusdt_microprice_20260419_13_5h_5sessions_hs2.00_rq5000,2026-04-19 13:00,2026-04-19 16:00,btcusdt_microprice_20260419_13_5h_5sessions_hs2.00_rq5000:2026-04-19 16:00:fill-000002:fill-000004:29,fill-000002,fill-000004,buy,sell,1776614969941,1776615365838,1776615365838,395897,0.000066141732283464566929133858,0.003023365039370078740157480303,0.005026771653543307086614173208,0.002003406614173228346456692905,0.004761543307086614173228346438,45.71040000000000000000000000,US cash open,13:30,9965838,9965838,False,US cash open,13:30,9569941,9569941,False,US cash open,13:30,9965838,9965838,False,1083,False,False,False,55,False,False,False
matched_lot,btcusdt_microprice_20260419_13_5h_5sessions_hs2.00_rq5000,2026-04-19 13:00,2026-04-19 16:00,btcusdt_microprice_20260419_13_5h_5sessions_hs2.00_rq5000:2026-04-19 16:00:fill-000002:fill-000006:30,fill-000002,fill-000006,buy,sell,1776614969941,1776617401129,1776617401129,2431188,0.00007000,-0.007259679700000000000000000000,-0.0051415000000000,0.002118179700000000000000000000,-0.0054222000000000,-103.7097100000000000000000,US cash close,20:00,-11398871,11398871,False,US cash open,13:30,9569941,9569941,False,US cash close,20:00,-11398871,11398871,False,402,False,False,False,31,False,False,False
matched_lot,btcusdt_microprice_20260419_13_5h_5sessions_hs2.00_rq5000,2026-04-19 13:00,2026-04-19 17:00,btcusdt_microprice_20260419_13_5h_5sessions_hs2.00_rq5000:2026-04-19 17:00:fill-000001:fill-000003:31,fill-000001,fill-000003,sell,buy,1776618023065,1776618237165,1776618237165,214100,0.00040000,-0.03125344000000000000,-0.0192000000000000,0.01205344000000000000,-0.0208040000000000,-78.133600000000,US cash close,20:00,-10562835,10562835,False,US cash close,20:00,-10776935,10776935,False,US cash close,20:00,-10562835,10562835,False,492,False,False,False,34,False,False,False
matched_lot,btcusdt_microprice_20260419_13_5h_5sessions_hs2.00_rq5000,2026-04-19 13:00,2026-04-19 17:00,btcusdt_microprice_20260419_13_5h_5sessions_hs2.00_rq5000:2026-04-19 17:00:fill-000002:fill-000004:32,fill-000002,fill-000004,sell,buy,1776618230248,1776618270401,1776618270401,40153,0.00014000,0.00390124000000000000,0.0081200000000000,0.00421876000000000000,0.0075586000000000,27.866000000000,US cash close,20:00,-10529599,10529599,False,US cash close,20:00,-10569752,10569752,False,US cash close,20:00,-10529599,10529599,False,1035,False,False,False,52,False,False,False
matched_lot,btcusdt_microprice_20260419_13_5h_5sessions_hs2.00_rq5000,2026-04-19 13:00,2026-04-19 17:00,btcusdt_microprice_20260419_13_5h_5sessions_hs2.00_rq5000:2026-04-19 17:00:fill-000004:fill-000010:33,fill-000004,fill-000010,buy,sell,1776618270401,1776618407888,1776618407888,137487,0.00028000,-0.07505534512000000000,-0.0666344000000000,0.00842094512000000000,-0.0677572000000000,-268.054804000000,US cash close,20:00,-10392112,10392112,False,US cash close,20:00,-10529599,10529599,False,US cash close,20:00,-10392112,10392112,False,103,False,False,True,19,False,False,False
matched_lot,btcusdt_microprice_20260419_13_5h_5sessions_hs2.00_rq5000,2026-04-19 13:00,2026-04-19 17:00,btcusdt_microprice_20260419_13_5h_5sessions_hs2.00_rq5000:2026-04-19 17:00:fill-000004:fill-000011:34,fill-000004,fill-000011,buy,sell,1776618270401,1776618426215,1776618426215,155814,0.0002800000000000000000000000000,-0.05770161656000000000000000000,-0.04927720000000000000000000000,0.0084244165600000000000000,-0.04998840000000000000000000000,-206.077202,US cash close,20:00,-10373785,10373785,False,US cash close,20:00,-10529599,10529599,False,US cash close,20:00,-10373785,10373785,False,161,False,False,False,21,False,False,False
matched_lot,btcusdt_microprice_20260419_13_5h_5sessions_hs2.00_rq5000,2026-04-19 13:00,2026-04-19 17:00,btcusdt_microprice_20260419_13_5h_5sessions_hs2.00_rq5000:2026-04-19 17:00:fill-000004:fill-000013:35,fill-000004,fill-000013,buy,sell,1776618270401,1776618668015,1776618668015,397614,0.00014000,-0.02549148028000000000,-0.0212786000000000,0.00421288028000000000,-0.0215614000000000,-182.082002000000,US cash close,20:00,-10131985,10131985,False,US cash close,20:00,-10529599,10529599,False,US cash close,20:00,-10131985,10131985,False,194,False,False,False,25,False,False,False
matched_lot,btcusdt_microprice_20260419_13_5h_5sessions_hs2.00_rq5000,2026-04-19 13:00,2026-04-19 17:00,btcusdt_microprice_20260419_13_5h_5sessions_hs2.00_rq5000:2026-04-19 17:00:fill-000004:fill-000016:36,fill-000004,fill-000016,buy,sell,1776618270401,1776619549768,1776619549768,1279367,0.0001600000000000000000000000000,-0.02277439232000000000000000000,-0.01795840000000000000000000000,0.004815992320000000000000000000,-0.01828000000000000000000000000,-142.339952,US cash close,20:00,-9250232,9250232,False,US cash close,20:00,-10529599,10529599,False,US cash close,20:00,-9250232,9250232,False,289,False,False,False,27,False,False,False
matched_lot,btcusdt_microprice_20260419_13_5h_5sessions_hs2.00_rq5000,2026-04-19 13:00,2026-04-19 17:00,btcusdt_microprice_20260419_13_5h_5sessions_hs2.00_rq5000:2026-04-19 17:00:fill-000005:fill-000016:37,fill-000005,fill-000016,buy,sell,1776618301019,1776619549768,1776619549768,1248749,0.0008400000000000000000000000000,0.00477930432000000000000000000,0.03003840000000000000000000000,0.02525909568000000000000000000,0.02833320000000000000000000000,5.689648,US cash close,20:00,-9250232,9250232,False,US cash close,20:00,-10498981,10498981,False,US cash close,20:00,-9250232,9250232,False,924,False,False,False,51,False,False,False
matched_lot,btcusdt_microprice_20260419_13_5h_5sessions_hs2.00_rq5000,2026-04-19 13:00,2026-04-19 17:00,btcusdt_microprice_20260419_13_5h_5sessions_hs2.00_rq5000:2026-04-19 17:00:fill-000005:fill-000017:38,fill-000005,fill-000017,buy,sell,1776618301019,1776619859756,1776619859756,1558737,0.00007000,0.00907863894000000000,0.0111853000000000,0.00210666106000000000,0.0109032000000000,129.694842000000,US cash close,20:00,-8940244,8940244,False,US cash close,20:00,-10498981,10498981,False,US cash close,20:00,-8940244,8940244,False,1238,False,False,False,59,False,False,False
matched_lot,btcusdt_microprice_20260419_13_5h_5sessions_hs2.00_rq5000,2026-04-19 13:00,2026-04-19 17:00,btcusdt_microprice_20260419_13_5h_5sessions_hs2.00_rq5000:2026-04-19 17:00:fill-000005:fill-000018:39,fill-000005,fill-000018,buy,sell,1776618301019,1776620115515,1776620115515,1814496,0.00007000,-0.00630918288000000000,-0.0042056000000000,0.00210358288000000000,-0.0044877000000000,-90.131184000000,US cash close,20:00,-8684485,8684485,False,US cash close,20:00,-10498981,10498981,False,US cash close,20:00,-8684485,8684485,False,443,False,False,False,33,False,False,False
matched_lot,btcusdt_microprice_20260419_13_5h_5sessions_hs2.00_rq5000,2026-04-19 13:00,2026-04-19 17:00,btcusdt_microprice_20260419_13_5h_5sessions_hs2.00_rq5000:2026-04-19 17:00:fill-000005:fill-000020:40,fill-000005,fill-000020,buy,sell,1776618301019,1776620429201,1776620429201,2128182,0.0000200000000000000000000000000,-0.0003759090800000000000000000000,0.0002254000000000000000000000000,0.000601309080000000000000000,0.0001448000000000000000000000000,-18.795454,US cash close,20:00,-8370799,8370799,False,US cash close,20:00,-10498981,10498981,False,US cash close,20:00,-8370799,8370799,False,817,False,False,False,43,False,False,False
matched_lot,btcusdt_microprice_20260419_13_5h_5sessions_hs2.00_rq5000,2026-04-19 13:00,2026-04-19 17:00,btcusdt_microprice_20260419_13_5h_5sessions_hs2.00_rq5000:2026-04-19 17:00:fill-000006:fill-000020:41,fill-000006,fill-000020,buy,sell,1776618312818,1776620429201,1776620429201,2116383,0.0000500000000000000000000000000,-0.000139612700000000000000000000,0.001363500000000000000000000000,0.001503112700000000000000000,0.001262500000000000000000000000,-2.792254,US cash close,20:00,-8370799,8370799,False,US cash close,20:00,-10487182,10487182,False,US cash close,20:00,-8370799,8370799,False,887,False,False,False,48,False,False,False
matched_lot,btcusdt_microprice_20260419_13_5h_5sessions_hs2.00_rq5000,2026-04-19 13:00,2026-04-19 17:00,btcusdt_microprice_20260419_13_5h_5sessions_hs2.00_rq5000:2026-04-19 17:00:fill-000006:fill-000021:42,fill-000006,fill-000021,buy,sell,1776618312818,1776620721156,1776620721156,2408338,0.0001600000000000000000000000000,-0.000010048000000000000000000000,0.004800000000000000000000000000,0.004810048000000000000000000000,0.004476800000000000000000000000,-0.0628,US cash close,20:00,-8078844,8078844,False,US cash close,20:00,-10487182,10487182,False,US cash close,20:00,-8078844,8078844,False,897,False,False,False,49,False,False,False
matched_lot,btcusdt_microprice_20260419_13_5h_5sessions_hs2.00_rq5000,2026-04-19 13:00,2026-04-19 17:00,btcusdt_microprice_20260419_13_5h_5sessions_hs2.00_rq5000:2026-04-19 17:00:fill-000007:fill-000021:43,fill-000007,fill-000021,buy,sell,1776618312818,1776620721156,1776620721156,2408338,0.00021000,-0.00001318800000000000,0.0063000000000000,0.00631318800000000000,0.0058758000000000,-0.062800000000,US cash close,20:00,-8078844,8078844,False,US cash close,20:00,-10487182,10487182,False,US cash close,20:00,-8078844,8078844,False,898,False,False,False,50,False,False,False
matched_lot,btcusdt_microprice_20260419_13_5h_5sessions_hs2.00_rq5000,2026-04-19 13:00,2026-04-19 17:00,btcusdt_microprice_20260419_13_5h_5sessions_hs2.00_rq5000:2026-04-19 17:00:fill-000008:fill-000021:44,fill-000008,fill-000021,buy,sell,1776618318380,1776620721156,1776620721156,2402776,0.00035000,0.01763205010000000000,0.0281505000000000,0.01051844990000000000,0.0271180000000000,50.377286000000,US cash close,20:00,-8078844,8078844,False,US cash close,20:00,-10481620,10481620,False,US cash close,20:00,-8078844,8078844,False,1099,False,False,False,57,False,False,False
matched_lot,btcusdt_microprice_20260419_13_5h_5sessions_hs2.00_rq5000,2026-04-19 13:00,2026-04-19 17:00,btcusdt_microprice_20260419_13_5h_5sessions_hs2.00_rq5000:2026-04-19 17:00:fill-000009:fill-000021:45,fill-000009,fill-000021,buy,sell,1776618379264,1776620721156,1776620721156,2341892,0.0002800000000000000000000000000,0.007823984000000000000000000000,0.01624000000000000000000000000,0.008416016000000000000000000000,0.01567720000000000000000000000,27.9428,US cash close,20:00,-8078844,8078844,False,US cash close,20:00,-10420736,10420736,False,US cash close,20:00,-8078844,8078844,False,1036,False,False,False,53,False,False,False
matched_lot,btcusdt_microprice_20260419_13_5h_5sessions_hs2.00_rq5000,2026-04-19 13:00,2026-04-19 17:00,btcusdt_microprice_20260419_13_5h_5sessions_hs2.00_rq5000:2026-04-19 17:00:fill-000009:fill-000022:46,fill-000009,fill-000022,buy,sell,1776618379264,1776620734637,1776620734637,2355373,0.00021000,0.00880740000000000000,0.0151200000000000,0.00631260000000000000,0.0146979000000000,41.940000000000,US cash close,20:00,-8065363,8065363,False,US cash close,20:00,-10420736,10420736,False,US cash close,20:00,-8065363,8065363,False,1074,False,False,False,54,False,False,False
matched_lot,btcusdt_microprice_20260419_13_5h_5sessions_hs2.00_rq5000,2026-04-19 13:00,2026-04-19 17:00,btcusdt_microprice_20260419_13_5h_5sessions_hs2.00_rq5000:2026-04-19 17:00:fill-000009:fill-000025:47,fill-000009,fill-000025,buy,sell,1776618379264,1776620941067,1776620941067,2561803,0.00007000,-0.00364218414000000000,-0.0015393000000000,0.00210288414000000000,-0.0016800000000000,-52.031202000000,US cash close,20:00,-7858933,7858933,False,US cash close,20:00,-10420736,10420736,False,US cash close,20:00,-7858933,7858933,False,621,False,False,False,40,False,False,False
matched_lot,btcusdt_microprice_20260419_13_5h_5sessions_hs2.00_rq5000,2026-04-19 13:00,2026-04-19 17:00,btcusdt_microprice_20260419_13_5h_5sessions_hs2.00_rq5000:2026-04-19 17:00:fill-000009:fill-000029:48,fill-000009,fill-000029,buy,sell,1776618379264,1776621200666,1776621200666,2821402,0.0004400000000000000000000000000,-0.1997427520000000000000000000,-0.1865600000000000000000000000,0.01318275200000000000000000000,-0.1870616000000000000000000000,-453.9608,US cash close,20:00,-7599334,7599334,False,US cash close,20:00,-10420736,10420736,False,US cash close,20:00,-7599334,7599334,False,36,False,True,True,9,False,False,False
matched_lot,btcusdt_microprice_20260419_13_5h_5sessions_hs2.00_rq5000,2026-04-19 13:00,2026-04-19 17:00,btcusdt_microprice_20260419_13_5h_5sessions_hs2.00_rq5000:2026-04-19 17:00:fill-000012:fill-000029:49,fill-000012,fill-000029,buy,sell,1776618529465,1776621200666,1776621200666,2671201,0.00040000,-0.22639328000000000000,-0.2144000000000000,0.01199328000000000000,-0.2156560000000000,-565.983200000000,US cash close,20:00,-7599334,7599334,False,US cash close,20:00,-10270535,10270535,False,US cash close,20:00,-7599334,7599334,False,16,False,True,True,3,False,True,True
matched_lot,btcusdt_microprice_20260419_13_5h_5sessions_hs2.00_rq5000,2026-04-19 13:00,2026-04-19 17:00,btcusdt_microprice_20260419_13_5h_5sessions_hs2.00_rq5000:2026-04-19 17:00:fill-000014:fill-000029:50,fill-000014,fill-000029,buy,sell,1776618861636,1776621200666,1776621200666,2339030,0.0001600000000000000000000000000,-0.09292258496000000000000000000,-0.08812480000000000000000000000,0.004797784960000000000000000000,-0.08862720000000000000000000000,-580.766156,US cash close,20:00,-7599334,7599334,False,US cash close,20:00,-9938364,9938364,False,US cash close,20:00,-7599334,7599334,False,13,True,True,True,1,True,True,True
matched_lot,btcusdt_microprice_20260419_13_5h_5sessions_hs2.00_rq5000,2026-04-19 13:00,2026-04-19 17:00,btcusdt_microprice_20260419_13_5h_5sessions_hs2.00_rq5000:2026-04-19 17:00:fill-000014:fill-000030:51,fill-000014,fill-000030,buy,sell,1776618861636,1776621272911,1776621272911,2411275,0.0002600000000000000000000000000,-0.1373129383600000000000000000,-0.1295138000000000000000000000,0.007799138360000000000000000000,-0.1305564000000000000000000000,-528.126686,US cash close,20:00,-7527089,7527089,False,US cash close,20:00,-9938364,9938364,False,US cash close,20:00,-7527089,7527089,False,20,False,True,True,5,False,False,True
matched_lot,btcusdt_microprice_20260419_13_5h_5sessions_hs2.00_rq5000,2026-04-19 13:00,2026-04-19 17:00,btcusdt_microprice_20260419_13_5h_5sessions_hs2.00_rq5000:2026-04-19 17:00:fill-000015:fill-000030:52,fill-000015,fill-000030,buy,sell,1776619486885,1776621272911,1776621272911,1786026,0.00014000,-0.07813017436000000000,-0.0739298000000000,0.00420037436000000000,-0.0744912000000000,-558.072674000000,US cash close,20:00,-7527089,7527089,False,US cash close,20:00,-9313115,9313115,False,US cash close,20:00,-7527089,7527089,False,17,False,True,True,4,False,False,True
matched_lot,btcusdt_microprice_20260419_13_5h_5sessions_hs2.00_rq5000,2026-04-19 13:00,2026-04-19 17:00,btcusdt_microprice_20260419_13_5h_5sessions_hs2.00_rq5000:2026-04-19 17:00:fill-000019:fill-000030:53,fill-000019,fill-000030,buy,sell,1776620338804,1776621272911,1776621272911,934107,0.0006000000000000000000000000000,-0.2816009580000000000000000000,-0.2636100000000000000000000000,0.01799095800000000000000000000,-0.2654160000000000000000000000,-469.33493,US cash close,20:00,-7527089,7527089,False,US cash close,20:00,-8461196,8461196,False,US cash close,20:00,-7527089,7527089,False,31,False,True,True,7,False,False,False
matched_lot,btcusdt_microprice_20260419_13_5h_5sessions_hs2.00_rq5000,2026-04-19 13:00,2026-04-19 17:00,btcusdt_microprice_20260419_13_5h_5sessions_hs2.00_rq5000:2026-04-19 17:00:fill-000019:fill-000031:54,fill-000019,fill-000031,buy,sell,1776620338804,1776621477015,1776621477015,1138211,0.00007000,-0.02702011200000000000,-0.0249200000000000,0.00210011200000000000,-0.0251307000000000,-386.001600000000,US cash close,20:00,-7322985,7322985,False,US cash close,20:00,-8461196,8461196,False,US cash close,20:00,-7322985,7322985,False,54,False,True,True,13,False,False,False
matched_lot,btcusdt_microprice_20260419_13_5h_5sessions_hs2.00_rq5000,2026-04-19 13:00,2026-04-19 17:00,btcusdt_microprice_20260419_13_5h_5sessions_hs2.00_rq5000:2026-04-19 17:00:fill-000019:fill-000033:55,fill-000019,fill-000033,buy,sell,1776620338804,1776621522276,1776621522276,1183472,0.00021000,-0.09239806800000000000,-0.0861000000000000,0.00629806800000000000,-0.0863121000000000,-439.990800000000,US cash close,20:00,-7277724,7277724,False,US cash close,20:00,-8461196,8461196,False,US cash close,20:00,-7277724,7277724,False,38,False,True,True,10,False,False,False
matched_lot,btcusdt_microprice_20260419_13_5h_5sessions_hs2.00_rq5000,2026-04-19 13:00,2026-04-19 17:00,btcusdt_microprice_20260419_13_5h_5sessions_hs2.00_rq5000:2026-04-19 17:00:fill-000019:fill-000034:56,fill-000019,fill-000034,buy,sell,1776620338804,1776621522382,1776621522382,1183578,0.0001200000000000000000000000000,-0.05279889600000000000000000000,-0.04920000000000000000000000000,0.0035988960000000000000000,-0.04932120000000000000000000000,-439.9908,US cash close,20:00,-7277618,7277618,False,US cash close,20:00,-8461196,8461196,False,US cash close,20:00,-7277618,7277618,False,39,False,True,True,11,False,False,False
matched_lot,btcusdt_microprice_20260419_13_5h_5sessions_hs2.00_rq5000,2026-04-19 13:00,2026-04-19 17:00,btcusdt_microprice_20260419_13_5h_5sessions_hs2.00_rq5000:2026-04-19 17:00:fill-000023:fill-000034:57,fill-000023,fill-000034,buy,sell,1776620808926,1776621522382,1776621522382,713456,0.00007000,-0.03079935600000000000,-0.0287000000000000,0.00209935600000000000,-0.0288407000000000,-439.990800000000,US cash close,20:00,-7277618,7277618,False,US cash close,20:00,-7991074,7991074,False,US cash close,20:00,-7277618,7277618,False,40,False,True,True,12,False,False,False
matched_lot,btcusdt_microprice_20260419_13_5h_5sessions_hs2.00_rq5000,2026-04-19 13:00,2026-04-19 17:00,btcusdt_microprice_20260419_13_5h_5sessions_hs2.00_rq5000:2026-04-19 17:00:fill-000024:fill-000034:58,fill-000024,fill-000034,buy,sell,1776620923565,1776621522382,1776621522382,598817,0.0004500000000000000000000000000,-0.1601883000000000000000000000,-0.1467000000000000000000000000,0.01348830000000000000000000000,-0.1476045000000000000000000000,-355.974,US cash close,20:00,-7277618,7277618,False,US cash close,20:00,-7876435,7876435,False,US cash close,20:00,-7277618,7277618,False,59,False,True,True,14,False,False,False
matched_lot,btcusdt_microprice_20260419_13_5h_5sessions_hs2.00_rq5000,2026-04-19 13:00,2026-04-19 17:00,btcusdt_microprice_20260419_13_5h_5sessions_hs2.00_rq5000:2026-04-19 17:00:fill-000024:fill-000035:59,fill-000024,fill-000035,buy,sell,1776620923565,1776621522502,1776621522502,598937,0.00015000,-0.05339610000000000000,-0.0489000000000000,0.00449610000000000000,-0.0492015000000000,-355.974000000000,US cash close,20:00,-7277498,7277498,False,US cash close,20:00,-7876435,7876435,False,US cash close,20:00,-7277498,7277498,False,60,False,True,True,15,False,False,False
matched_lot,btcusdt_microprice_20260420_03_5h_5sessions_hs2.00_rq5000,2026-04-20 03:00,2026-04-20 03:00,btcusdt_microprice_20260420_03_5h_5sessions_hs2.00_rq5000:2026-04-20 03:00:fill-000001:fill-000002:1,fill-000001,fill-000002,sell,buy,1776654023264,1776654419922,1776654419922,396658,0.00006999999999999999999999999757,0.000017583859999999999999999999,0.002100699999999999999999999927,0.002083116139999999999999999928,0.001959999999999999999999999932,0.2511979999999999999999999944,Singapore/Hong Kong,01:00,7619922,7619922,False,Singapore/Hong Kong,01:00,7223264,7223264,False,Singapore/Hong Kong,01:00,7619922,7619922,False,900,False,False,False,38,False,False,False
matched_lot,btcusdt_microprice_20260420_03_5h_5sessions_hs2.00_rq5000,2026-04-20 03:00,2026-04-20 03:00,btcusdt_microprice_20260420_03_5h_5sessions_hs2.00_rq5000:2026-04-20 03:00:fill-000002:fill-000003:2,fill-000002,fill-000003,buy,sell,1776654419922,1776654569145,1776654569145,149223,0.00007000,-0.001383535860000000000000000000,0.0006993000000000,0.002082835860000000000000000000,0.0006615000000000,-19.7647980000000000000000,Singapore/Hong Kong,01:00,7769145,7769145,False,Singapore/Hong Kong,01:00,7619922,7619922,False,Singapore/Hong Kong,01:00,7769145,7769145,False,815,False,False,False,37,False,False,False
matched_lot,btcusdt_microprice_20260420_03_5h_5sessions_hs2.00_rq5000,2026-04-20 03:00,2026-04-20 03:00,btcusdt_microprice_20260420_03_5h_5sessions_hs2.00_rq5000:2026-04-20 03:00:fill-000002:fill-000004:3,fill-000002,fill-000004,buy,sell,1776654419922,1776654659983,1776654659983,240061,0.0008600000000000000000000000024,0.00880571200000000000000000001,0.03440000000000000000000000010,0.02559428800000000000000000009,0.03267140000000000000000000010,10.23919999999999999999999998,Singapore/Hong Kong,01:00,7859983,7859983,False,Singapore/Hong Kong,01:00,7619922,7619922,False,Singapore/Hong Kong,01:00,7859983,7859983,False,949,False,False,False,40,False,False,False
matched_lot,btcusdt_microprice_20260420_03_5h_5sessions_hs2.00_rq5000,2026-04-20 03:00,2026-04-20 03:00,btcusdt_microprice_20260420_03_5h_5sessions_hs2.00_rq5000:2026-04-20 03:00:fill-000004:fill-000009:4,fill-000004,fill-000009,sell,buy,1776654659983,1776657058201,1776657058201,2398218,0.0001399999999999999999999999976,-0.02881255999999999999999999951,-0.02463999999999999999999999958,0.004172559999999999999999999928,-0.02520139999999999999999999958,-205.8040000000000000000000000,Singapore/Hong Kong,01:00,10258201,10258201,False,Singapore/Hong Kong,01:00,7859983,7859983,False,Singapore/Hong Kong,01:00,10258201,10258201,False,162,False,False,False,9,False,False,False
matched_lot,btcusdt_microprice_20260420_03_5h_5sessions_hs2.00_rq5000,2026-04-20 03:00,2026-04-20 03:00,btcusdt_microprice_20260420_03_5h_5sessions_hs2.00_rq5000:2026-04-20 03:00:fill-000005:fill-000009:5,fill-000005,fill-000009,sell,buy,1776656195558,1776657058201,1776657058201,862643,0.00042000,-0.05832430380000000000,-0.0458010000000000,0.01252330380000000000,-0.0474852000000000,-138.867390000000,Singapore/Hong Kong,01:00,10258201,10258201,False,Singapore/Hong Kong,01:00,9395558,9395558,False,Singapore/Hong Kong,01:00,10258201,10258201,False,300,False,False,False,16,False,False,False
matched_lot,btcusdt_microprice_20260420_03_5h_5sessions_hs2.00_rq5000,2026-04-20 03:00,2026-04-20 03:00,btcusdt_microprice_20260420_03_5h_5sessions_hs2.00_rq5000:2026-04-20 03:00:fill-000006:fill-000009:6,fill-000006,fill-000009,sell,buy,1776656201340,1776657058201,1776657058201,856861,0.00028000,-0.03802624056000000000,-0.0296772000000000,0.00834904056000000000,-0.0308000000000000,-135.808002000000,Singapore/Hong Kong,01:00,10258201,10258201,False,Singapore/Hong Kong,01:00,9401340,9401340,False,Singapore/Hong Kong,01:00,10258201,10258201,False,311,False,False,False,18,False,False,False
matched_lot,btcusdt_microprice_20260420_03_5h_5sessions_hs2.00_rq5000,2026-04-20 03:00,2026-04-20 03:00,btcusdt_microprice_20260420_03_5h_5sessions_hs2.00_rq5000:2026-04-20 03:00:fill-000007:fill-000009:7,fill-000007,fill-000009,sell,buy,1776656560895,1776657058201,1776657058201,497306,0.0001600000000000000000000000024,-0.01053312000000000000000000016,-0.005760000000000000000000000086,0.004773120000000000000000000072,-0.006081600000000000000000000091,-65.83200000000000000000000001,Singapore/Hong Kong,01:00,10258201,10258201,False,Singapore/Hong Kong,01:00,9760895,9760895,False,Singapore/Hong Kong,01:00,10258201,10258201,False,566,False,False,False,24,False,False,False
matched_lot,btcusdt_microprice_20260420_03_5h_5sessions_hs2.00_rq5000,2026-04-20 03:00,2026-04-20 03:00,btcusdt_microprice_20260420_03_5h_5sessions_hs2.00_rq5000:2026-04-20 03:00:fill-000007:fill-000010:8,fill-000007,fill-000010,sell,buy,1776656560895,1776657155312,1776657155312,594417,0.0007980995931941681266146034386,-0.01741708704219496986073581375,0.006384796745553345012916827509,0.02380188378774831487365264126,0.004780616563233067078421474598,-21.82319999999999999999999999,Singapore/Hong Kong,01:00,10355312,10355312,False,Singapore/Hong Kong,01:00,9760895,9760895,False,Singapore/Hong Kong,01:00,10355312,10355312,False,802,False,False,False,36,False,False,False
matched_lot,btcusdt_microprice_20260420_03_5h_5sessions_hs2.00_rq5000,2026-04-20 03:00,2026-04-20 03:00,btcusdt_microprice_20260420_03_5h_5sessions_hs2.00_rq5000:2026-04-20 03:00:fill-000007:fill-000011:9,fill-000007,fill-000011,sell,buy,1776656560895,1776657368765,1776657368765,807870,0.0000419004068058318733853965590,-0.003679961804490898833031445582,-0.002429804590670190337619146456,0.001250157213820708495412299126,-0.002514024408349912403123793540,-87.82639800000000000000000008,Singapore/Hong Kong,01:00,10568765,10568765,False,Singapore/Hong Kong,01:00,9760895,9760895,False,Singapore/Hong Kong,01:00,10568765,10568765,False,456,False,False,False,22,False,False,False
matched_lot,btcusdt_microprice_20260420_03_5h_5sessions_hs2.00_rq5000,2026-04-20 03:00,2026-04-20 03:00,btcusdt_microprice_20260420_03_5h_5sessions_hs2.00_rq5000:2026-04-20 03:00:fill-000008:fill-000011:10,fill-000008,fill-000011,sell,buy,1776656849466,1776657368765,1776657368765,519299,0.0000280995931941681266146034410,-0.002161099867340321287525611140,-0.001322647851649493719749383968,0.0008384520156908275677762271718,-0.001435327220358107907473943766,-76.90858200000000000000000001,Singapore/Hong Kong,01:00,10568765,10568765,False,Singapore/Hong Kong,01:00,10049466,10049466,False,Singapore/Hong Kong,01:00,10568765,10568765,False,502,False,False,False,23,False,False,False
matched_lot,btcusdt_microprice_20260420_03_5h_5sessions_hs2.00_rq5000,2026-04-20 03:00,2026-04-20 04:00,btcusdt_microprice_20260420_03_5h_5sessions_hs2.00_rq5000:2026-04-20 04:00:fill-000001:fill-000002:11,fill-000001,fill-000002,buy,sell,1776657646665,1776658005765,1776658005765,359100,0.000177792662741284331291750173,-0.01894845713762920460183059762,-0.01364380893876615958332890828,0.005304648198863045018501689341,-0.01435675751635870975180882648,-106.5761480000000000000000000,London,07:00,-10394235,10394235,False,London,07:00,-10753335,10753335,False,London,07:00,-10394235,10394235,False,392,False,False,False,20,False,False,False
matched_lot,btcusdt_microprice_20260420_03_5h_5sessions_hs2.00_rq5000,2026-04-20 03:00,2026-04-20 04:00,btcusdt_microprice_20260420_03_5h_5sessions_hs2.00_rq5000:2026-04-20 04:00:fill-000002:fill-000003:12,fill-000002,fill-000003,sell,buy,1776658005765,1776659517413,1776659517413,1511648,0.000822207337258715668708249827,0.02222473133987064747568381910,0.04673426504978539860937692017,0.02450953370991475113369310107,0.04343721362737794877785683837,27.03056799999999999999999999,London,07:00,-8882587,8882587,False,London,07:00,-10394235,10394235,False,London,07:00,-8882587,8882587,False,1031,False,False,False,43,False,False,False
matched_lot,btcusdt_microprice_20260420_03_5h_5sessions_hs2.00_rq5000,2026-04-20 03:00,2026-04-20 04:00,btcusdt_microprice_20260420_03_5h_5sessions_hs2.00_rq5000:2026-04-20 04:00:fill-000003:fill-000006:13,fill-000003,fill-000006,buy,sell,1776659517413,1776660339566,1776660339566,822153,0.000177792662741284331291750173,-0.004631288002312445666933179991,0.0006667224852798162423440631488,0.005298010487592261909277243140,-0.0000462260923127339261358550450,-26.04881400000000000000000000,London,07:00,-8060434,8060434,False,London,07:00,-8882587,8882587,False,London,07:00,-8060434,8060434,False,779,False,False,False,33,False,False,False
matched_lot,btcusdt_microprice_20260420_03_5h_5sessions_hs2.00_rq5000,2026-04-20 03:00,2026-04-20 04:00,btcusdt_microprice_20260420_03_5h_5sessions_hs2.00_rq5000:2026-04-20 04:00:fill-000004:fill-000006:14,fill-000004,fill-000006,buy,sell,1776659709229,1776660339566,1776660339566,630337,0.000062207337258715668708249827,-0.002046010644174539430066041711,-0.0001922206721294314163084919654,0.001853789972045108013757549746,-0.0004416720945368812478285737716,-32.89018199999999999999999999,London,07:00,-8060434,8060434,False,London,07:00,-8690771,8690771,False,London,07:00,-8060434,8060434,False,722,False,False,False,31,False,False,False
matched_lot,btcusdt_microprice_20260420_03_5h_5sessions_hs2.00_rq5000,2026-04-20 03:00,2026-04-20 04:00,btcusdt_microprice_20260420_03_5h_5sessions_hs2.00_rq5000:2026-04-20 04:00:fill-000004:fill-000007:15,fill-000004,fill-000007,buy,sell,1776659709229,1776660731872,1776660731872,1022643,0.000937792662741284331291750173,0.05253705056145743852872502953,0.08050012216971184699808383485,0.02796307160825440846935880532,0.07673957359211929682960391665,56.02203200000000000000000000,London,07:00,-7668128,7668128,False,London,07:00,-8690771,8690771,False,London,07:00,-7668128,7668128,False,1117,False,False,False,45,False,False,False
matched_lot,btcusdt_microprice_20260420_03_5h_5sessions_hs2.00_rq5000,2026-04-20 03:00,2026-04-20 04:00,btcusdt_microprice_20260420_03_5h_5sessions_hs2.00_rq5000:2026-04-20 04:00:fill-000005:fill-000007:16,fill-000005,fill-000007,buy,sell,1776660184329,1776660731872,1776660731872,547543,0.000062207337258715668708249827,0.007217545964325344507676039175,0.009071695992438505967724072271,0.001854150028113161460048033096,0.008888806420897881901721817780,116.0240300000000000000000000,London,07:00,-7668128,7668128,False,London,07:00,-8215671,8215671,False,London,07:00,-7668128,7668128,False,1216,False,False,False,50,False,False,False
matched_lot,btcusdt_microprice_20260420_03_5h_5sessions_hs2.00_rq5000,2026-04-20 03:00,2026-04-20 05:00,btcusdt_microprice_20260420_03_5h_5sessions_hs2.00_rq5000:2026-04-20 05:00:fill-000001:fill-000003:17,fill-000001,fill-000003,buy,sell,1776661536022,1776662379262,1776662379262,843240,0.00007000,-0.01804065214000000000000000000,-0.0159593000000000,0.002081352140000000000000000000,-0.0162400000000000,-257.723602000000000000000,London,07:00,-6020738,6020738,False,London,07:00,-6863978,6863978,False,London,07:00,-6020738,6020738,False,111,False,False,True,5,False,False,True
matched_lot,btcusdt_microprice_20260420_03_5h_5sessions_hs2.00_rq5000,2026-04-20 03:00,2026-04-20 05:00,btcusdt_microprice_20260420_03_5h_5sessions_hs2.00_rq5000:2026-04-20 05:00:fill-000001:fill-000004:18,fill-000001,fill-000004,buy,sell,1776661536022,1776662719751,1776662719751,1183729,0.000022307692307692307692307692,-0.007265838506153846153846153746,-0.006602853846153846153846153755,0.0006629846599999999999999999910,-0.006677807692307692307692307600,-325.7100020000000000000000000,London,07:00,-5680249,5680249,False,London,07:00,-6863978,6863978,False,London,07:00,-5680249,5680249,False,73,False,True,True,1,True,True,True
matched_lot,btcusdt_microprice_20260420_03_5h_5sessions_hs2.00_rq5000,2026-04-20 03:00,2026-04-20 05:00,btcusdt_microprice_20260420_03_5h_5sessions_hs2.00_rq5000:2026-04-20 05:00:fill-000002:fill-000004:19,fill-000002,fill-000004,buy,sell,1776661580015,1776662719751,1776662719751,1139736,0.00008000,-0.02273053504000000000,-0.0203536000000000,0.00237693504000000000,-0.0205352000000000,-284.131688000000,London,07:00,-5680249,5680249,False,London,07:00,-6819985,6819985,False,London,07:00,-5680249,5680249,False,97,False,False,True,4,False,False,True
matched_lot,btcusdt_microprice_20260420_03_5h_5sessions_hs2.00_rq5000,2026-04-20 03:00,2026-04-20 05:00,btcusdt_microprice_20260420_03_5h_5sessions_hs2.00_rq5000:2026-04-20 05:00:fill-000004:fill-000006:20,fill-000004,fill-000006,sell,buy,1776662719751,1776663088289,1776663088289,368538,0.00006935185185185185185185185185,0.000232730805740740740740740742,0.002289304629629629629629629630,0.002056573823888888888888888888,0.002056282407407407407407407408,3.355798000000000000000000018,London,07:00,-5311711,5311711,False,London,07:00,-5680249,5680249,False,London,07:00,-5311711,5311711,False,915,False,False,False,39,False,False,False
matched_lot,btcusdt_microprice_20260420_03_5h_5sessions_hs2.00_rq5000,2026-04-20 03:00,2026-04-20 05:00,btcusdt_microprice_20260420_03_5h_5sessions_hs2.00_rq5000:2026-04-20 05:00:fill-000004:fill-000007:21,fill-000004,fill-000007,sell,buy,1776662719751,1776663199520,1776663199520,479769,0.0001083404558404558404558404562,-0.005162899635484330484330484347,-0.001949044800569800569800569807,0.003213854834914529914529914540,-0.002142974216524216524216524223,-47.65440199999999999999999999,London,07:00,-5200480,5200480,False,London,07:00,-5680249,5680249,False,London,07:00,-5200480,5200480,False,653,False,False,False,29,False,False,False
matched_lot,btcusdt_microprice_20260420_03_5h_5sessions_hs2.00_rq5000,2026-04-20 03:00,2026-04-20 05:00,btcusdt_microprice_20260420_03_5h_5sessions_hs2.00_rq5000:2026-04-20 05:00:fill-000005:fill-000007:22,fill-000005,fill-000007,sell,buy,1776662815133,1776663199520,1776663199520,384387,0.0005916595441595441595441595438,-0.03056726202564102564102564100,-0.01301650997150997150997150996,0.01755075205413105413105413104,-0.01446015925925925925925925924,-51.66359999999999999999999999,London,07:00,-5200480,5200480,False,London,07:00,-5584867,5584867,False,London,07:00,-5200480,5200480,False,624,False,False,False,27,False,False,False
matched_lot,btcusdt_microprice_20260420_03_5h_5sessions_hs2.00_rq5000,2026-04-20 03:00,2026-04-20 05:00,btcusdt_microprice_20260420_03_5h_5sessions_hs2.00_rq5000:2026-04-20 05:00:fill-000005:fill-000008:23,fill-000005,fill-000008,sell,buy,1776662815133,1776663461014,1776663461014,645881,0.0004083404558404558404558404562,-0.03661637868376068376068376071,-0.02450042735042735042735042737,0.01211595133333333333333333334,-0.02532119166666666666666666668,-89.67119999999999999999999999,London,07:00,-4938986,4938986,False,London,07:00,-5584867,5584867,False,London,07:00,-4938986,4938986,False,448,False,False,False,21,False,False,False
matched_lot,btcusdt_microprice_20260420_03_5h_5sessions_hs2.00_rq5000,2026-04-20 03:00,2026-04-20 05:00,btcusdt_microprice_20260420_03_5h_5sessions_hs2.00_rq5000:2026-04-20 05:00:fill-000008:fill-000012:24,fill-000008,fill-000012,buy,sell,1776663461014,1776664073830,1776664073830,612816,0.0005916595441595441595441595438,-0.03412550252421652421652421651,-0.01656646723646723646723646723,0.01755903528774928774928774928,-0.01775570292022792022792022792,-57.67760000000000000000000001,London,07:00,-4326170,4326170,False,London,07:00,-4938986,4938986,False,London,07:00,-4326170,4326170,False,605,False,False,False,25,False,False,False
matched_lot,btcusdt_microprice_20260420_03_5h_5sessions_hs2.00_rq5000,2026-04-20 03:00,2026-04-20 05:00,btcusdt_microprice_20260420_03_5h_5sessions_hs2.00_rq5000:2026-04-20 05:00:fill-000009:fill-000012:25,fill-000009,fill-000012,buy,sell,1776663524264,1776664073830,1776664073830,549566,0.0004083404558404558404558404562,-0.009665745262108262108262108273,0.002450042735042735042735042737,0.01211578799715099715099715101,0.001629278418803418803418803420,-23.67080000000000000000000001,London,07:00,-4326170,4326170,False,London,07:00,-4875736,4875736,False,London,07:00,-4326170,4326170,False,793,False,False,False,34,False,False,False
matched_lot,btcusdt_microprice_20260420_03_5h_5sessions_hs2.00_rq5000,2026-04-20 03:00,2026-04-20 05:00,btcusdt_microprice_20260420_03_5h_5sessions_hs2.00_rq5000:2026-04-20 05:00:fill-000009:fill-000014:26,fill-000009,fill-000014,buy,sell,1776663524264,1776664749138,1776664749138,1224874,0.000080000,0.004984960000000000000000000000,0.00736000000000000,0.002375040000000000000000000000,0.00719920000000000,62.312000000000000000000,London,07:00,-3650862,3650862,False,London,07:00,-4875736,4875736,False,London,07:00,-3650862,3650862,False,1135,False,False,False,47,False,False,False
matched_lot,btcusdt_microprice_20260420_03_5h_5sessions_hs2.00_rq5000,2026-04-20 03:00,2026-04-20 06:00,btcusdt_microprice_20260420_03_5h_5sessions_hs2.00_rq5000:2026-04-20 06:00:fill-000001:fill-000003:27,fill-000001,fill-000003,sell,buy,1776664816798,1776664836445,1776664836445,19647,0.0002800302768166089965397923846,-0.007758406277309688581314878811,0.0005628608564013840830449826930,0.008321267133711072664359861504,0.0000000000000000000000000000000,-27.70559800000000000000000000,London,07:00,-3563555,3563555,False,London,07:00,-3583202,3583202,False,London,07:00,-3563555,3563555,False,761,False,False,False,32,False,False,False
matched_lot,btcusdt_microprice_20260420_03_5h_5sessions_hs2.00_rq5000,2026-04-20 03:00,2026-04-20 06:00,btcusdt_microprice_20260420_03_5h_5sessions_hs2.00_rq5000:2026-04-20 06:00:fill-000001:fill-000004:28,fill-000001,fill-000004,sell,buy,1776664816798,1776665509261,1776665509261,692463,0.00007000,-0.003340372000000000000000000000,-0.0012600000000000,0.002080372000000000000000000000,-0.0014007000000000,-47.7196000000000000000000,London,07:00,-2890739,2890739,False,London,07:00,-3583202,3583202,False,London,07:00,-2890739,2890739,False,651,False,False,False,28,False,False,False
matched_lot,btcusdt_microprice_20260420_03_5h_5sessions_hs2.00_rq5000,2026-04-20 03:00,2026-04-20 06:00,btcusdt_microprice_20260420_03_5h_5sessions_hs2.00_rq5000:2026-04-20 06:00:fill-000001:fill-000006:29,fill-000001,fill-000006,sell,buy,1776664816798,1776666726628,1776666726628,1909830,0.0001107691349216452680444653311,-0.02064817890869192346659363974,-0.01735309267682494769184593877,0.003295086231866975774747700966,-0.01756244634182685724844997825,-186.4073320000000000000000000,London,07:00,-1673372,1673372,True,London,07:00,-3583202,3583202,False,London,07:00,-1673372,1673372,True,184,False,False,False,11,False,False,False
matched_lot,btcusdt_microprice_20260420_03_5h_5sessions_hs2.00_rq5000,2026-04-20 03:00,2026-04-20 06:00,btcusdt_microprice_20260420_03_5h_5sessions_hs2.00_rq5000:2026-04-20 06:00:fill-000002:fill-000006:30,fill-000002,fill-000006,sell,buy,1776664816917,1776666726628,1776666726628,1909711,0.0005392005882617457354157422843,-0.1005109430707025402012264300,-0.08447116415708508691023018626,0.01603977891361745329099624376,-0.08549025326889978635016593918,-186.4073320000000000000000000,London,07:00,-1673372,1673372,True,London,07:00,-3583083,3583083,False,London,07:00,-1673372,1673372,True,185,False,False,False,12,False,False,False
matched_lot,btcusdt_microprice_20260420_03_5h_5sessions_hs2.00_rq5000,2026-04-20 03:00,2026-04-20 06:00,btcusdt_microprice_20260420_03_5h_5sessions_hs2.00_rq5000:2026-04-20 06:00:fill-000005:fill-000006:31,fill-000005,fill-000006,sell,buy,1776666334711,1776666726628,1776666726628,391917,0.00007000,-0.00968918524000000000,-0.0076062000000000,0.00208298524000000000,-0.0078785000000000,-138.416932000000,London,07:00,-1673372,1673372,True,London,07:00,-2065289,2065289,False,London,07:00,-1673372,1673372,True,301,False,False,False,17,False,False,False
matched_lot,btcusdt_microprice_20260420_03_5h_5sessions_hs2.00_rq5000,2026-04-20 03:00,2026-04-20 06:00,btcusdt_microprice_20260420_03_5h_5sessions_hs2.00_rq5000:2026-04-20 06:00:fill-000006:fill-000007:32,fill-000006,fill-000007,buy,sell,1776666726628,1776666848446,1776666848446,121818,0.00006999999999999999999999999881,0.000949386619999999999999999984,0.003034499999999999999999999948,0.002085113379999999999999999964,0.002762199999999999999999999952,13.56266600000000000000000000,London,07:00,-1551554,1551554,True,London,07:00,-1673372,1673372,True,London,07:00,-1551554,1551554,True,966,False,False,False,41,False,False,False
matched_lot,btcusdt_microprice_20260420_03_5h_5sessions_hs2.00_rq5000,2026-04-20 03:00,2026-04-20 06:00,btcusdt_microprice_20260420_03_5h_5sessions_hs2.00_rq5000:2026-04-20 06:00:fill-000006:fill-000009:33,fill-000006,fill-000009,buy,sell,1776666726628,1776667228841,1776667228841,502213,0.00009003027681660899653979238579,0.01972577319744809688581314840,0.02241123680795847750865051859,0.002685463610510380622837370190,0.02206101903114186851211072621,219.1015499999999999999999999,London,07:00,-1171159,1171159,True,London,07:00,-1673372,1673372,True,London,07:00,-1171159,1171159,True,1339,False,False,False,56,False,False,False
matched_lot,btcusdt_microprice_20260420_03_5h_5sessions_hs2.00_rq5000,2026-04-20 03:00,2026-04-20 06:00,btcusdt_microprice_20260420_03_5h_5sessions_hs2.00_rq5000:2026-04-20 06:00:fill-000008:fill-000009:34,fill-000008,fill-000009,buy,sell,1776667218730,1776667228841,1776667228841,10111,0.0001399697231833910034602076142,0.002481842913166089965397923906,0.006662558823529411764705882436,0.004180715910363321799307958530,0.006011699610726643598615917030,17.73128400000000000000000000,London,07:00,-1171159,1171159,True,London,07:00,-1181270,1181270,True,London,07:00,-1171159,1171159,True,989,False,False,False,42,False,False,False
matched_lot,btcusdt_microprice_20260420_03_5h_5sessions_hs2.00_rq5000,2026-04-20 03:00,2026-04-20 06:00,btcusdt_microprice_20260420_03_5h_5sessions_hs2.00_rq5000:2026-04-20 06:00:fill-000008:fill-000010:35,fill-000008,fill-000010,buy,sell,1776667218730,1776667268860,1776667268860,50130,0.0003100000000000000000000000044,0.04670605452000000000000000066,0.05597360000000000000000000079,0.009267545480000000000000000131,0.05396480000000000000000000076,150.6646920000000000000000000,London,07:00,-1131140,1131140,True,London,07:00,-1181270,1181270,True,London,07:00,-1131140,1131140,True,1268,False,False,False,53,False,False,False
matched_lot,btcusdt_microprice_20260420_03_5h_5sessions_hs2.00_rq5000,2026-04-20 03:00,2026-04-20 06:00,btcusdt_microprice_20260420_03_5h_5sessions_hs2.00_rq5000:2026-04-20 06:00:fill-000008:fill-000011:36,fill-000008,fill-000011,buy,sell,1776667218730,1776667326959,1776667326959,108229,0.0005500302768166089965397923814,0.06716991851701557093425605462,0.08361010237889273356401383990,0.01644018386187716262975778528,0.08105246159169550173010380532,122.1204020000000000000000000,London,07:00,-1073041,1073041,True,London,07:00,-1181270,1181270,True,London,07:00,-1073041,1073041,True,1225,False,False,False,51,False,False,False
matched_lot,btcusdt_microprice_20260420_03_5h_5sessions_hs2.00_rq5000,2026-04-20 03:00,2026-04-20 06:00,btcusdt_microprice_20260420_03_5h_5sessions_hs2.00_rq5000:2026-04-20 06:00:fill-000011:fill-000012:37,fill-000011,fill-000012,sell,buy,1776667326959,1776667936125,1776667936125,609166,0.0000099697231833910034602076186,0.0006192035753027681660899657795,0.0009173142301038062283737029874,0.0002981106548010380622837372079,0.0008843144463667820069204157698,62.10840200000000000000000000,London,07:00,-463875,463875,True,London,07:00,-1073041,1073041,True,London,07:00,-463875,463875,True,1134,False,False,False,46,False,False,False
matched_lot,btcusdt_microprice_20260420_03_5h_5sessions_hs2.00_rq5000,2026-04-20 03:00,2026-04-20 06:00,btcusdt_microprice_20260420_03_5h_5sessions_hs2.00_rq5000:2026-04-20 06:00:fill-000012:fill-000013:38,fill-000012,fill-000013,buy,sell,1776667936125,1776668136162,1776668136162,200037,0.0000600302768166089965397923814,-0.002272842328719723183391003228,-0.0004790416089965397923875432036,0.001793800719723183391003460024,-0.0006777418252595155709342559860,-37.86160000000000000000000001,London,07:00,-263838,263838,True,London,07:00,-463875,463875,True,London,07:00,-263838,263838,True,699,False,False,False,30,False,False,False
matched_lot,btcusdt_microprice_20260420_03_5h_5sessions_hs2.00_rq5000,2026-04-20 03:00,2026-04-20 06:00,btcusdt_microprice_20260420_03_5h_5sessions_hs2.00_rq5000:2026-04-20 06:00:fill-000013:fill-000017:39,fill-000013,fill-000017,sell,buy,1776668136162,1776668268209,1776668268209,132047,0.0000799697231773528044986345231,-0.01134389668022478190074527683,-0.008952610509704646463622134861,0.002391286170520135437123141971,-0.009273289099645831209661659299,-141.8523940000000000000000000,London,07:00,-131791,131791,True,London,07:00,-263838,263838,True,London,07:00,-131791,131791,True,291,False,False,False,15,False,False,False
matched_lot,btcusdt_microprice_20260420_03_5h_5sessions_hs2.00_rq5000,2026-04-20 03:00,2026-04-20 06:00,btcusdt_microprice_20260420_03_5h_5sessions_hs2.00_rq5000:2026-04-20 06:00:fill-000014:fill-000017:40,fill-000014,fill-000017,sell,buy,1776668191940,1776668268209,1776668268209,76269,0.0002700302597110596295012738027,-0.03128505619731850386454900271,-0.02320910082216557515563448334,0.008075955375152928708914519374,-0.02429192216360692426993459128,-115.8575940000000000000000000,London,07:00,-131791,131791,True,London,07:00,-208060,208060,True,London,07:00,-131791,131791,True,366,False,False,False,19,False,False,False
matched_lot,btcusdt_microprice_20260420_03_5h_5sessions_hs2.00_rq5000,2026-04-20 03:00,2026-04-20 07:00,btcusdt_microprice_20260420_03_5h_5sessions_hs2.00_rq5000:2026-04-20 07:00:fill-000001:fill-000004:41,fill-000001,fill-000004,buy,sell,1776668618699,1776669143015,1776669143015,524316,0.00007000,-0.00388836518000000000,-0.0017941000000000,0.00209426518000000000,-0.0020748000000000,-55.548074000000,London,07:00,743015,743015,True,London,07:00,218699,218699,True,London,07:00,743015,743015,True,612,False,False,False,26,False,False,False
matched_lot,btcusdt_microprice_20260420_03_5h_5sessions_hs2.00_rq5000,2026-04-20 03:00,2026-04-20 07:00,btcusdt_microprice_20260420_03_5h_5sessions_hs2.00_rq5000:2026-04-20 07:00:fill-000001:fill-000006:42,fill-000001,fill-000006,buy,sell,1776668618699,1776669620365,1776669620365,1001666,0.000408782756666952523436723801,0.04219462400110044618325752124,0.05443759970533806754606850858,0.01224297570423762136281098734,0.05279838085110358792708724614,103.2201660000000000000000000,London,07:00,1220365,1220365,True,London,07:00,218699,218699,True,London,07:00,1220365,1220365,True,1202,False,False,False,48,False,False,False
matched_lot,btcusdt_microprice_20260420_03_5h_5sessions_hs2.00_rq5000,2026-04-20 03:00,2026-04-20 07:00,btcusdt_microprice_20260420_03_5h_5sessions_hs2.00_rq5000:2026-04-20 07:00:fill-000001:fill-000007:43,fill-000001,fill-000007,buy,sell,1776668618699,1776669620375,1776669620375,1001676,0.000140000000000000000000000000,0.01445082324000000000000000000,0.01864380000000000000000000000,0.004192976760000000000000000000,0.01808240000000000000000000000,103.220166,London,07:00,1220375,1220375,True,London,07:00,218699,218699,True,London,07:00,1220375,1220375,True,1203,False,False,False,49,False,False,False
matched_lot,btcusdt_microprice_20260420_03_5h_5sessions_hs2.00_rq5000,2026-04-20 03:00,2026-04-20 07:00,btcusdt_microprice_20260420_03_5h_5sessions_hs2.00_rq5000:2026-04-20 07:00:fill-000001:fill-000008:44,fill-000001,fill-000008,buy,sell,1776668618699,1776669812180,1776669812180,1193481,0.00007000,0.03591757204000000000000000000,0.0380198000000000,0.002102227960000000000000000000,0.0375452000000000,513.108172000000000000000,London,07:00,1412180,1412180,True,London,07:00,218699,218699,True,London,07:00,1412180,1412180,True,1479,False,False,False,61,False,False,False
matched_lot,btcusdt_microprice_20260420_03_5h_5sessions_hs2.00_rq5000,2026-04-20 03:00,2026-04-20 07:00,btcusdt_microprice_20260420_03_5h_5sessions_hs2.00_rq5000:2026-04-20 07:00:fill-000001:fill-000010:45,fill-000001,fill-000010,buy,sell,1776668618699,1776670211976,1776670211976,1593277,0.00008000,0.03152575872000000000000000000,0.0339264000000000,0.002400641280000000000000000000,0.0332864000000000,394.071984000000000000000,London,07:00,1811976,1811976,False,London,07:00,218699,218699,True,London,07:00,1811976,1811976,False,1452,False,False,False,60,False,False,False
matched_lot,btcusdt_microprice_20260420_03_5h_5sessions_hs2.00_rq5000,2026-04-20 03:00,2026-04-20 07:00,btcusdt_microprice_20260420_03_5h_5sessions_hs2.00_rq5000:2026-04-20 07:00:fill-000001:fill-000013:46,fill-000001,fill-000013,buy,sell,1776668618699,1776670467058,1776670467058,1848359,0.000231217243333047476563276199,0.06104551415030452866728305551,0.06797786953991595810960320251,0.006932355389611429442320146997,0.06705068839415043772858446495,264.0180000000000000000000000,London,07:00,2067058,2067058,False,London,07:00,218699,218699,True,London,07:00,2067058,2067058,False,1373,False,False,False,57,False,False,False
matched_lot,btcusdt_microprice_20260420_03_5h_5sessions_hs2.00_rq5000,2026-04-20 03:00,2026-04-20 07:00,btcusdt_microprice_20260420_03_5h_5sessions_hs2.00_rq5000:2026-04-20 07:00:fill-000002:fill-000013:47,fill-000002,fill-000013,buy,sell,1776668849166,1776670467058,1776670467058,1617892,0.00048000,0.17185766400000000000,0.1862400000000000,0.01438233600000000000,0.1843152000000000,358.036800000000,London,07:00,2067058,2067058,False,London,07:00,449166,449166,True,London,07:00,2067058,2067058,False,1426,False,False,False,59,False,False,False
matched_lot,btcusdt_microprice_20260420_03_5h_5sessions_hs2.00_rq5000,2026-04-20 03:00,2026-04-20 07:00,btcusdt_microprice_20260420_03_5h_5sessions_hs2.00_rq5000:2026-04-20 07:00:fill-000003:fill-000013:48,fill-000003,fill-000013,buy,sell,1776669067703,1776670467058,1776670467058,1399355,0.000288782756666952523436723801,0.08522678581078416325629483113,0.09388327419242626536927890771,0.008656488381642102112984076579,0.09272814316575845527553201251,295.1242200000000000000000000,London,07:00,2067058,2067058,False,London,07:00,667703,667703,True,London,07:00,2067058,2067058,False,1399,False,False,False,58,False,False,False
matched_lot,btcusdt_microprice_20260420_03_5h_5sessions_hs2.00_rq5000,2026-04-20 03:00,2026-04-20 07:00,btcusdt_microprice_20260420_03_5h_5sessions_hs2.00_rq5000:2026-04-20 07:00:fill-000003:fill-000015:49,fill-000003,fill-000015,buy,sell,1776669067703,1776670624690,1776670624690,1556987,0.000341217243333047476563276199,0.04202725629910117141668611898,0.05224377212672289913660321883,0.01021651582762172771991709985,0.05087890315339070923035011403,123.1686180000000000000000000,London,07:00,2224690,2224690,False,London,07:00,667703,667703,True,London,07:00,2224690,2224690,False,1228,False,False,False,52,False,False,False
matched_lot,btcusdt_microprice_20260420_03_5h_5sessions_hs2.00_rq5000,2026-04-20 03:00,2026-04-20 07:00,btcusdt_microprice_20260420_03_5h_5sessions_hs2.00_rq5000:2026-04-20 07:00:fill-000005:fill-000015:50,fill-000005,fill-000015,buy,sell,1776669363980,1776670624690,1776670624690,1260710,0.000658782756666952523436723801,0.1001839911329072914962206631,0.1199050495409520287907180990,0.01972105840804473729449743589,0.1172633306867175491717368366,152.0743980000000000000000000,London,07:00,2224690,2224690,False,London,07:00,963980,963980,True,London,07:00,2224690,2224690,False,1271,False,False,False,54,False,False,False
matched_lot,btcusdt_microprice_20260420_03_5h_5sessions_hs2.00_rq5000,2026-04-20 03:00,2026-04-20 07:00,btcusdt_microprice_20260420_03_5h_5sessions_hs2.00_rq5000:2026-04-20 07:00:fill-000005:fill-000017:51,fill-000005,fill-000017,buy,sell,1776669363980,1776670802038,1776670802038,1438058,0.000341217243333047476563276199,0.05461618737616891163165236559,0.06483127623327902054702247781,0.01021508885711010891537011222,0.06346299508751350016600374025,160.0628000000000000000000000,London,07:00,2402038,2402038,False,London,07:00,963980,963980,True,London,07:00,2402038,2402038,False,1293,False,False,False,55,False,False,False
matched_lot,btcusdt_microprice_20260420_03_5h_5sessions_hs2.00_rq5000,2026-04-20 03:00,2026-04-20 07:00,btcusdt_microprice_20260420_03_5h_5sessions_hs2.00_rq5000:2026-04-20 07:00:fill-000009:fill-000017:52,fill-000009,fill-000017,buy,sell,1776670122548,1776670802038,1776670802038,679490,0.000658782756666952523436723801,-0.1673439958485392800033965799,-0.1475673374933973652498261314,0.01977665835514191475357044851,-0.1488914908342979398219339462,-254.0200000000000000000000000,London,07:00,2402038,2402038,False,London,07:00,1722548,1722548,True,London,07:00,2402038,2402038,False,115,False,False,True,6,False,False,True
matched_lot,btcusdt_microprice_20260420_03_5h_5sessions_hs2.00_rq5000,2026-04-20 03:00,2026-04-20 07:00,btcusdt_microprice_20260420_03_5h_5sessions_hs2.00_rq5000:2026-04-20 07:00:fill-000009:fill-000019:53,fill-000009,fill-000019,buy,sell,1776670122548,1776670991266,1776670991266,868718,0.000341217243333047476563276199,-0.08053532215354186438938007628,-0.07029075212660778017203489699,0.01024457002693408421734517929,-0.07097659878570720559992708215,-236.0236000000000000000000000,London,07:00,2591266,2591266,False,London,07:00,1722548,1722548,True,London,07:00,2591266,2591266,False,131,False,False,True,7,False,False,False
matched_lot,btcusdt_microprice_20260420_03_5h_5sessions_hs2.00_rq5000,2026-04-20 03:00,2026-04-20 07:00,btcusdt_microprice_20260420_03_5h_5sessions_hs2.00_rq5000:2026-04-20 07:00:fill-000011:fill-000019:54,fill-000011,fill-000019,buy,sell,1776670261412,1776670991266,1776670991266,729854,0.00028000,-0.05917762648000000000,-0.0507724000000000,0.00840522648000000000,-0.0518952000000000,-211.348666000000,London,07:00,2591266,2591266,False,London,07:00,1861412,1861412,False,London,07:00,2591266,2591266,False,158,False,False,False,8,False,False,False
matched_lot,btcusdt_microprice_20260420_03_5h_5sessions_hs2.00_rq5000,2026-04-20 03:00,2026-04-20 07:00,btcusdt_microprice_20260420_03_5h_5sessions_hs2.00_rq5000:2026-04-20 07:00:fill-000012:fill-000019:55,fill-000012,fill-000019,buy,sell,1776670347665,1776670991266,1776670991266,643601,0.00007000,-0.01296984178000000000,-0.0108689000000000,0.00210094178000000000,-0.0111496000000000,-185.283454000000,London,07:00,2591266,2591266,False,London,07:00,1947665,1947665,False,London,07:00,2591266,2591266,False,188,False,False,False,13,False,False,False
matched_lot,btcusdt_microprice_20260420_03_5h_5sessions_hs2.00_rq5000,2026-04-20 03:00,2026-04-20 07:00,btcusdt_microprice_20260420_03_5h_5sessions_hs2.00_rq5000:2026-04-20 07:00:fill-000014:fill-000019:56,fill-000014,fill-000019,buy,sell,1776670478515,1776670991266,1776670991266,512751,0.00006999999999999999999999999857,-0.01283471475999999999999999974,-0.01073379999999999999999999978,0.002100914759999999999999999958,-0.01101449999999999999999999978,-183.3530680000000000000000000,London,07:00,2591266,2591266,False,London,07:00,2078515,2078515,False,London,07:00,2591266,2591266,False,191,False,False,False,14,False,False,False
matched_lot,btcusdt_microprice_20260420_03_5h_5sessions_hs2.00_rq5000,2026-04-20 03:00,2026-04-20 07:00,btcusdt_microprice_20260420_03_5h_5sessions_hs2.00_rq5000:2026-04-20 07:00:fill-000016:fill-000019:57,fill-000016,fill-000019,buy,sell,1776670696873,1776670991266,1776670991266,294393,0.0002387827566669525234367238024,-0.005246247712612767168018524447,0.001912649880902289712728157657,0.007158897593515056880746682104,0.001373000850834977009761161863,-21.97079800000000000000000001,London,07:00,2591266,2591266,False,London,07:00,2296873,2296873,False,London,07:00,2591266,2591266,False,800,False,False,False,35,False,False,False
matched_lot,btcusdt_microprice_20260420_03_5h_5sessions_hs2.00_rq5000,2026-04-20 03:00,2026-04-20 07:00,btcusdt_microprice_20260420_03_5h_5sessions_hs2.00_rq5000:2026-04-20 07:00:fill-000016:fill-000021:58,fill-000016,fill-000021,buy,sell,1776670696873,1776671718245,1776671718245,1021372,0.0000413237882341129255739306861,-0.01222837003643818401590942176,-0.01099171443239169707340982320,0.001236655604046486942499598563,-0.01108510619380079228520690655,-295.9159980000000000000000000,London,07:00,3318245,3318245,False,London,07:00,2296873,2296873,False,London,07:00,3318245,3318245,False,88,False,False,True,3,False,True,True
matched_lot,btcusdt_microprice_20260420_03_5h_5sessions_hs2.00_rq5000,2026-04-20 03:00,2026-04-20 07:00,btcusdt_microprice_20260420_03_5h_5sessions_hs2.00_rq5000:2026-04-20 07:00:fill-000018:fill-000021:59,fill-000018,fill-000021,buy,sell,1776670812822,1776671718245,1776671718245,905423,0.0003586762117658870744260693139,-0.1061416166430318983866089878,-0.09540787232972596179733443750,0.01073374431330593658927455029,-0.09663813173608295446261585524,-295.9260000000000000000000000,London,07:00,3318245,3318245,False,London,07:00,2412822,2412822,False,London,07:00,3318245,3318245,False,87,False,False,True,2,False,True,True
matched_lot,btcusdt_microprice_20260420_03_5h_5sessions_hs2.00_rq5000,2026-04-20 03:00,2026-04-20 07:00,btcusdt_microprice_20260420_03_5h_5sessions_hs2.00_rq5000:2026-04-20 07:00:fill-000018:fill-000022:60,fill-000018,fill-000022,buy,sell,1776670812822,1776671861913,1776671861913,1049091,0.0006413237882341129255739306861,-0.1206635059262050557111966582,-0.1014574232986366648257958345,0.01920608262756839088540082366,-0.1023809295536937874386222947,-188.1475600000000000000000000,London,07:00,3461913,3461913,False,London,07:00,2412822,2412822,False,London,07:00,3461913,3461913,False,181,False,False,False,10,False,False,False
matched_lot,btcusdt_microprice_20260420_03_5h_5sessions_hs2.00_rq5000,2026-04-20 03:00,2026-04-20 07:00,btcusdt_microprice_20260420_03_5h_5sessions_hs2.00_rq5000:2026-04-20 07:00:fill-000020:fill-000022:61,fill-000020,fill-000022,buy,sell,1776671701984,1776671861913,1776671861913,159929,0.0003586762117658870744260693139,0.01814908087707200382563250398,0.02887343504715390949129857977,0.01072435417008190566566607579,0.02886626152291859174981005838,50.60018000000000000000000001,London,07:00,3461913,3461913,False,London,07:00,3301984,3301984,False,London,07:00,3461913,3461913,False,1100,False,False,False,44,False,False,False
matched_lot,btcusdt_microprice_20260420_13_5h_5sessions_hs2.00_rq5000,2026-04-20 13:00,2026-04-20 13:00,btcusdt_microprice_20260420_13_5h_5sessions_hs2.00_rq5000:2026-04-20 13:00:fill-000001:fill-000004:1,fill-000001,fill-000004,buy,sell,1776690131650,1776690806225,1776690806225,674575,0.00019000,-0.00823092350000000000,-0.0025137000000000,0.00571722350000000000,-0.0028975000000000,-43.320650000000,US cash open,13:30,-993775,993775,True,US cash open,13:30,-1668350,1668350,True,US cash open,13:30,-993775,993775,True,678,False,False,False,45,False,False,False
matched_lot,btcusdt_microprice_20260420_13_5h_5sessions_hs2.00_rq5000,2026-04-20 13:00,2026-04-20 13:00,btcusdt_microprice_20260420_13_5h_5sessions_hs2.00_rq5000:2026-04-20 13:00:fill-000002:fill-000004:2,fill-000002,fill-000004,buy,sell,1776690563502,1776690806225,1776690806225,242723,0.00016000,-0.01793510432000000000,-0.0131184000000000,0.00481670432000000000,-0.0133904000000000,-112.094402000000,US cash open,13:30,-993775,993775,True,US cash open,13:30,-1236498,1236498,True,US cash open,13:30,-993775,993775,True,378,False,False,False,27,False,False,False
matched_lot,btcusdt_microprice_20260420_13_5h_5sessions_hs2.00_rq5000,2026-04-20 13:00,2026-04-20 13:00,btcusdt_microprice_20260420_13_5h_5sessions_hs2.00_rq5000:2026-04-20 13:00:fill-000002:fill-000008:3,fill-000002,fill-000008,buy,sell,1776690563502,1776691991760,1776691991760,1428258,0.00015000,-0.03745153200000000000,-0.0329400000000000,0.00451153200000000000,-0.0331935000000000,-249.676880000000,US cash open,13:30,191760,191760,True,US cash open,13:30,-1236498,1236498,True,US cash open,13:30,191760,191760,True,119,False,False,True,5,False,False,True
matched_lot,btcusdt_microprice_20260420_13_5h_5sessions_hs2.00_rq5000,2026-04-20 13:00,2026-04-20 13:00,btcusdt_microprice_20260420_13_5h_5sessions_hs2.00_rq5000:2026-04-20 13:00:fill-000002:fill-000009:4,fill-000002,fill-000009,buy,sell,1776690563502,1776691991946,1776691991946,1428444,0.00069000,-0.17227704720000000000,-0.1515240000000000,0.02075304720000000000,-0.1526901000000000,-249.676880000000,US cash open,13:30,191946,191946,True,US cash open,13:30,-1236498,1236498,True,US cash open,13:30,191946,191946,True,120,False,False,True,6,False,False,True
matched_lot,btcusdt_microprice_20260420_13_5h_5sessions_hs2.00_rq5000,2026-04-20 13:00,2026-04-20 13:00,btcusdt_microprice_20260420_13_5h_5sessions_hs2.00_rq5000:2026-04-20 13:00:fill-000003:fill-000009:5,fill-000003,fill-000009,buy,sell,1776690777869,1776691991946,1776691991946,1214077,0.00014000,-0.02507718808000000000,-0.0208684000000000,0.00420878808000000000,-0.0211498000000000,-179.122772000000,US cash open,13:30,191946,191946,True,US cash open,13:30,-1022131,1022131,True,US cash open,13:30,191946,191946,True,200,False,False,False,13,False,False,False
matched_lot,btcusdt_microprice_20260420_13_5h_5sessions_hs2.00_rq5000,2026-04-20 13:00,2026-04-20 13:00,btcusdt_microprice_20260420_13_5h_5sessions_hs2.00_rq5000:2026-04-20 13:00:fill-000005:fill-000009:6,fill-000005,fill-000009,buy,sell,1776691082785,1776691991946,1776691991946,909161,0.00002000,-0.00142942492000000000,-0.0008286000000000,0.00060082492000000000,-0.0008568000000000,-71.471246000000,US cash open,13:30,191946,191946,True,US cash open,13:30,-717215,717215,True,US cash open,13:30,191946,191946,True,529,False,False,False,37,False,False,False
matched_lot,btcusdt_microprice_20260420_13_5h_5sessions_hs2.00_rq5000,2026-04-20 13:00,2026-04-20 13:00,btcusdt_microprice_20260420_13_5h_5sessions_hs2.00_rq5000:2026-04-20 13:00:fill-000005:fill-000010:7,fill-000005,fill-000010,buy,sell,1776691082785,1776692042372,1776692042372,959587,0.00019000,0.01293915846000000000,0.0186523000000000,0.00571314154000000000,0.0180044000000000,68.100834000000,US cash open,13:30,242372,242372,True,US cash open,13:30,-717215,717215,True,US cash open,13:30,242372,242372,True,1146,False,False,False,68,False,False,False
matched_lot,btcusdt_microprice_20260420_13_5h_5sessions_hs2.00_rq5000,2026-04-20 13:00,2026-04-20 13:00,btcusdt_microprice_20260420_13_5h_5sessions_hs2.00_rq5000:2026-04-20 13:00:fill-000006:fill-000010:8,fill-000006,fill-000010,buy,sell,1776691815203,1776692042372,1776692042372,227169,0.00012000,0.00383083200000000000,0.0074400000000000,0.00360916800000000000,0.0071988000000000,31.923600000000,US cash open,13:30,242372,242372,True,US cash open,13:30,15203,15203,True,US cash open,13:30,242372,242372,True,1045,False,False,False,58,False,False,False
matched_lot,btcusdt_microprice_20260420_13_5h_5sessions_hs2.00_rq5000,2026-04-20 13:00,2026-04-20 13:00,btcusdt_microprice_20260420_13_5h_5sessions_hs2.00_rq5000:2026-04-20 13:00:fill-000007:fill-000010:9,fill-000007,fill-000010,buy,sell,1776691817255,1776692042372,1776692042372,225117,0.00004000,0.00127694400000000000,0.0024800000000000,0.00120305600000000000,0.0023996000000000,31.923600000000,US cash open,13:30,242372,242372,True,US cash open,13:30,17255,17255,True,US cash open,13:30,242372,242372,True,1046,False,False,False,59,False,False,False
matched_lot,btcusdt_microprice_20260420_13_5h_5sessions_hs2.00_rq5000,2026-04-20 13:00,2026-04-20 13:00,btcusdt_microprice_20260420_13_5h_5sessions_hs2.00_rq5000:2026-04-20 13:00:fill-000007:fill-000011:10,fill-000007,fill-000011,buy,sell,1776691817255,1776692042373,1776692042373,225118,0.00042000,0.01340791200000000000,0.0260400000000000,0.01263208800000000000,0.0251958000000000,31.923600000000,US cash open,13:30,242373,242373,True,US cash open,13:30,17255,17255,True,US cash open,13:30,242373,242373,True,1047,False,False,False,60,False,False,False
matched_lot,btcusdt_microprice_20260420_13_5h_5sessions_hs2.00_rq5000,2026-04-20 13:00,2026-04-20 13:00,btcusdt_microprice_20260420_13_5h_5sessions_hs2.00_rq5000:2026-04-20 13:00:fill-000007:fill-000012:11,fill-000007,fill-000012,buy,sell,1776691817255,1776692042374,1776692042374,225119,0.00007000,0.00223465200000000000,0.0043400000000000,0.00210534800000000000,0.0041993000000000,31.923600000000,US cash open,13:30,242374,242374,True,US cash open,13:30,17255,17255,True,US cash open,13:30,242374,242374,True,1048,False,False,False,61,False,False,False
matched_lot,btcusdt_microprice_20260420_13_5h_5sessions_hs2.00_rq5000,2026-04-20 13:00,2026-04-20 13:00,btcusdt_microprice_20260420_13_5h_5sessions_hs2.00_rq5000:2026-04-20 13:00:fill-000007:fill-000014:12,fill-000007,fill-000014,buy,sell,1776691817255,1776692311600,1776692311600,494345,0.00021000,0.01174294800000000000,0.0180600000000000,0.00631705200000000000,0.0176379000000000,55.918800000000,US cash open,13:30,511600,511600,True,US cash open,13:30,17255,17255,True,US cash open,13:30,511600,511600,True,1116,False,False,False,66,False,False,False
matched_lot,btcusdt_microprice_20260420_13_5h_5sessions_hs2.00_rq5000,2026-04-20 13:00,2026-04-20 13:00,btcusdt_microprice_20260420_13_5h_5sessions_hs2.00_rq5000:2026-04-20 13:00:fill-000007:fill-000015:13,fill-000007,fill-000015,buy,sell,1776691817255,1776692416736,1776692416736,599481,0.00003000,0.00005788800000000000,0.0009600000000000,0.00090211200000000000,0.0009570000000000,1.929600000000,US cash open,13:30,616736,616736,True,US cash open,13:30,17255,17255,True,US cash open,13:30,616736,616736,True,907,False,False,False,54,False,False,False
matched_lot,btcusdt_microprice_20260420_13_5h_5sessions_hs2.00_rq5000,2026-04-20 13:00,2026-04-20 13:00,btcusdt_microprice_20260420_13_5h_5sessions_hs2.00_rq5000:2026-04-20 13:00:fill-000013:fill-000015:14,fill-000013,fill-000015,buy,sell,1776692294415,1776692416736,1776692416736,122321,0.00028000,-0.03760333920000000000,-0.0291760000000000,0.00842733920000000000,-0.0297640000000000,-134.297640000000,US cash open,13:30,616736,616736,True,US cash open,13:30,494415,494415,True,US cash open,13:30,616736,616736,True,319,False,False,False,23,False,False,False
matched_lot,btcusdt_microprice_20260420_13_5h_5sessions_hs2.00_rq5000,2026-04-20 13:00,2026-04-20 13:00,btcusdt_microprice_20260420_13_5h_5sessions_hs2.00_rq5000:2026-04-20 13:00:fill-000015:fill-000016:15,fill-000015,fill-000016,sell,buy,1776692416736,1776692445060,1776692445060,28324,0.00069000,0.00133142400000000000,0.0220800000000000,0.02074857600000000000,0.0206310000000000,1.929600000000,US cash open,13:30,645060,645060,True,US cash open,13:30,616736,616736,True,US cash open,13:30,645060,645060,True,908,False,False,False,55,False,False,False
matched_lot,btcusdt_microprice_20260420_13_5h_5sessions_hs2.00_rq5000,2026-04-20 13:00,2026-04-20 13:00,btcusdt_microprice_20260420_13_5h_5sessions_hs2.00_rq5000:2026-04-20 13:00:fill-000016:fill-000023:16,fill-000016,fill-000023,buy,sell,1776692445060,1776693340369,1776693340369,895309,0.00031000,-0.04713227600000000000,-0.0378200000000000,0.00931227600000000000,-0.0384431000000000,-152.039600000000,US cash open,13:30,1540369,1540369,True,US cash open,13:30,645060,645060,True,US cash open,13:30,1540369,1540369,True,267,False,False,False,20,False,False,False
matched_lot,btcusdt_microprice_20260420_13_5h_5sessions_hs2.00_rq5000,2026-04-20 13:00,2026-04-20 13:00,btcusdt_microprice_20260420_13_5h_5sessions_hs2.00_rq5000:2026-04-20 13:00:fill-000017:fill-000023:17,fill-000017,fill-000023,buy,sell,1776692585338,1776693340369,1776693340369,755031,0.00069000,-0.11871008400000000000,-0.0979800000000000,0.02073008400000000000,-0.0993669000000000,-172.043600000000,US cash open,13:30,1540369,1540369,True,US cash open,13:30,785338,785338,True,US cash open,13:30,1540369,1540369,True,214,False,False,False,17,False,False,False
matched_lot,btcusdt_microprice_20260420_13_5h_5sessions_hs2.00_rq5000,2026-04-20 13:00,2026-04-20 14:00,btcusdt_microprice_20260420_13_5h_5sessions_hs2.00_rq5000:2026-04-20 14:00:fill-000001:fill-000002:18,fill-000001,fill-000002,buy,sell,1776693668977,1776693686236,1776693686236,17259,0.00021000,-0.01092890442000000000,-0.0046179000000000,0.00631100442000000000,-0.0050421000000000,-52.042402000000,US cash open,13:30,1886236,1886236,False,US cash open,13:30,1868977,1868977,False,US cash open,13:30,1886236,1886236,False,620,False,False,False,40,False,False,False
matched_lot,btcusdt_microprice_20260420_13_5h_5sessions_hs2.00_rq5000,2026-04-20 13:00,2026-04-20 14:00,btcusdt_microprice_20260420_13_5h_5sessions_hs2.00_rq5000:2026-04-20 14:00:fill-000001:fill-000006:19,fill-000001,fill-000006,buy,sell,1776693668977,1776693974615,1776693974615,305638,0.00007004995242626070409134157324,0.003324409206960038058991436432,0.005430972811607992388201712173,0.002106563604647954329210275741,0.005096134039010466222645099453,47.45769400000000000000000000,US cash open,13:30,2174615,2174615,False,US cash open,13:30,1868977,1868977,False,US cash open,13:30,2174615,2174615,False,1088,False,False,False,64,False,False,False
matched_lot,btcusdt_microprice_20260420_13_5h_5sessions_hs2.00_rq5000,2026-04-20 13:00,2026-04-20 14:00,btcusdt_microprice_20260420_13_5h_5sessions_hs2.00_rq5000:2026-04-20 14:00:fill-000001:fill-000007:20,fill-000001,fill-000007,buy,sell,1776693668977,1776693984483,1776693984483,315506,0.0002799500475737392959086584268,0.01957500316650808753568030491,0.02799500475737392959086584268,0.008420001590865842055185537773,0.02687240506660323501427212238,69.92320000000000000000000000,US cash open,13:30,2184483,2184483,False,US cash open,13:30,1868977,1868977,False,US cash open,13:30,2184483,2184483,False,1148,False,False,False,69,False,False,False
matched_lot,btcusdt_microprice_20260420_13_5h_5sessions_hs2.00_rq5000,2026-04-20 13:00,2026-04-20 14:00,btcusdt_microprice_20260420_13_5h_5sessions_hs2.00_rq5000:2026-04-20 14:00:fill-000003:fill-000007:21,fill-000003,fill-000007,buy,sell,1776693726252,1776693984483,1776693984483,258231,0.0007200499524262607040913415732,0.03534655659635109419600380559,0.05700635473358705994291151235,0.02165979813723596574690770676,0.05506221986203615604186489011,49.08903400000000000000000000,US cash open,13:30,2184483,2184483,False,US cash open,13:30,1926252,1926252,False,US cash open,13:30,2184483,2184483,False,1095,False,False,False,65,False,False,False
matched_lot,btcusdt_microprice_20260420_13_5h_5sessions_hs2.00_rq5000,2026-04-20 13:00,2026-04-20 14:00,btcusdt_microprice_20260420_13_5h_5sessions_hs2.00_rq5000:2026-04-20 14:00:fill-000003:fill-000010:22,fill-000003,fill-000010,buy,sell,1776693726252,1776694123557,1776694123557,397305,0.0002799500475737392959086584268,-0.03104057180662702188392007681,-0.02262836234538534728829686064,0.008412209461241674595623216170,-0.02338422747383444338725023840,-110.8789660000000000000000000,US cash open,13:30,2323557,2323557,False,US cash open,13:30,1926252,1926252,False,US cash open,13:30,2323557,2323557,False,381,False,False,False,28,False,False,False
matched_lot,btcusdt_microprice_20260420_13_5h_5sessions_hs2.00_rq5000,2026-04-20 13:00,2026-04-20 14:00,btcusdt_microprice_20260420_13_5h_5sessions_hs2.00_rq5000:2026-04-20 14:00:fill-000004:fill-000010:23,fill-000004,fill-000010,buy,sell,1776693735195,1776694123557,1776694123557,388362,0.0001200499524262607040913415732,-0.008408394707897240723120836860,-0.004801998097050428163653662928,0.003606396610846812559467173932,-0.005283398406279733587059942636,-70.04080000000000000000000000,US cash open,13:30,2323557,2323557,False,US cash open,13:30,1935195,1935195,False,US cash open,13:30,2323557,2323557,False,536,False,False,False,38,False,False,False
matched_lot,btcusdt_microprice_20260420_13_5h_5sessions_hs2.00_rq5000,2026-04-20 13:00,2026-04-20 14:00,btcusdt_microprice_20260420_13_5h_5sessions_hs2.00_rq5000:2026-04-20 14:00:fill-000004:fill-000012:24,fill-000004,fill-000012,buy,sell,1776693735195,1776694343426,1776694343426,608231,0.0008799500475737392959086584268,-0.08626607890390104662226451060,-0.05983660323501427212178877302,0.02642947566888677450047573758,-0.06167569883444338725023786914,-98.03520000000000000000000000,US cash open,13:30,2543426,2543426,False,US cash open,13:30,1935195,1935195,False,US cash open,13:30,2543426,2543426,False,422,False,False,False,30,False,False,False
matched_lot,btcusdt_microprice_20260420_13_5h_5sessions_hs2.00_rq5000,2026-04-20 13:00,2026-04-20 14:00,btcusdt_microprice_20260420_13_5h_5sessions_hs2.00_rq5000:2026-04-20 14:00:fill-000005:fill-000012:25,fill-000005,fill-000012,buy,sell,1776693971770,1776694343426,1776694343426,371656,0.0000300499524262607040913415732,-0.005861381450523311132254994024,-0.004958242150333016175071359578,0.0009031393001902949571836344459,-0.005021046550903901046622263466,-195.0546000000000000000000000,US cash open,13:30,2543426,2543426,False,US cash open,13:30,2171770,2171770,False,US cash open,13:30,2543426,2543426,False,168,False,False,False,11,False,False,False
matched_lot,btcusdt_microprice_20260420_13_5h_5sessions_hs2.00_rq5000,2026-04-20 13:00,2026-04-20 14:00,btcusdt_microprice_20260420_13_5h_5sessions_hs2.00_rq5000:2026-04-20 14:00:fill-000005:fill-000013:26,fill-000005,fill-000013,buy,sell,1776693971770,1776694343448,1776694343448,371678,0.00009000,-0.01755491400000000000000000000,-0.0148500000000000,0.002704914000000000000000000000,-0.0150381000000000,-195.054600000000000000000,US cash open,13:30,2543448,2543448,False,US cash open,13:30,2171770,2171770,False,US cash open,13:30,2543448,2543448,False,169,False,False,False,12,False,False,False
matched_lot,btcusdt_microprice_20260420_13_5h_5sessions_hs2.00_rq5000,2026-04-20 13:00,2026-04-20 14:00,btcusdt_microprice_20260420_13_5h_5sessions_hs2.00_rq5000:2026-04-20 14:00:fill-000005:fill-000014:27,fill-000005,fill-000014,buy,sell,1776693971770,1776694366744,1776694366744,394974,0.00014000,-0.02478674828000000000000000000,-0.0205786000000000,0.004208148280000000000000000000,-0.0208614000000000,-177.048202000000000000000,US cash open,13:30,2566744,2566744,False,US cash open,13:30,2171770,2171770,False,US cash open,13:30,2566744,2566744,False,202,False,False,False,14,False,False,False
matched_lot,btcusdt_microprice_20260420_13_5h_5sessions_hs2.00_rq5000,2026-04-20 13:00,2026-04-20 14:00,btcusdt_microprice_20260420_13_5h_5sessions_hs2.00_rq5000:2026-04-20 14:00:fill-000005:fill-000015:28,fill-000005,fill-000015,buy,sell,1776693971770,1776694366747,1776694366747,394977,0.0007399500475737392959086584268,-0.1310068254927450047573739307,-0.1087652574928639391056137022,0.02224156799988106565176022854,-0.1102599565889628924833491922,-177.0482020000000000000000000,US cash open,13:30,2566747,2566747,False,US cash open,13:30,2171770,2171770,False,US cash open,13:30,2566747,2566747,False,203,False,False,False,15,False,False,False
matched_lot,btcusdt_microprice_20260420_13_5h_5sessions_hs2.00_rq5000,2026-04-20 13:00,2026-04-20 14:00,btcusdt_microprice_20260420_13_5h_5sessions_hs2.00_rq5000:2026-04-20 14:00:fill-000008:fill-000015:29,fill-000008,fill-000015,buy,sell,1776694046814,1776694366747,1776694366747,319933,0.0001000499524262607040913415732,-0.02241595172121788772597526026,-0.01940768977164605137963843837,0.003008261949571836346336821886,-0.01940969077069457659372026520,-224.0476000000000000000000000,US cash open,13:30,2566747,2566747,False,US cash open,13:30,2246814,2246814,False,US cash open,13:30,2566747,2566747,False,144,False,False,True,8,False,False,True
matched_lot,btcusdt_microprice_20260420_13_5h_5sessions_hs2.00_rq5000,2026-04-20 13:00,2026-04-20 14:00,btcusdt_microprice_20260420_13_5h_5sessions_hs2.00_rq5000:2026-04-20 14:00:fill-000008:fill-000021:30,fill-000008,fill-000021,buy,sell,1776694046814,1776695011715,1776695011715,964901,0.00007000,0.01403202374000000000000000000,0.0161427000000000,0.002110676260000000000000000000,0.0160020000000000,200.457482000000000000000,US cash open,13:30,3211715,3211715,False,US cash open,13:30,2246814,2246814,False,US cash open,13:30,3211715,3211715,False,1326,False,False,False,75,False,False,False
matched_lot,btcusdt_microprice_20260420_13_5h_5sessions_hs2.00_rq5000,2026-04-20 13:00,2026-04-20 14:00,btcusdt_microprice_20260420_13_5h_5sessions_hs2.00_rq5000:2026-04-20 14:00:fill-000008:fill-000022:31,fill-000008,fill-000022,buy,sell,1776694046814,1776695153556,1776695153556,1106742,0.00021000,0.05052378534000000000000000000,0.0568575000000000,0.006333714659999999999999999999,0.0564354000000000,240.589454000000000000000,US cash open,13:30,3353556,3353556,False,US cash open,13:30,2246814,2246814,False,US cash open,13:30,3353556,3353556,False,1352,False,False,False,77,False,False,False
matched_lot,btcusdt_microprice_20260420_13_5h_5sessions_hs2.00_rq5000,2026-04-20 13:00,2026-04-20 14:00,btcusdt_microprice_20260420_13_5h_5sessions_hs2.00_rq5000:2026-04-20 14:00:fill-000008:fill-000023:32,fill-000008,fill-000023,buy,sell,1776694046814,1776695401379,1776695401379,1354565,0.0006199500475737392959086584268,0.1639672862288249286393910578,0.1826682815176022835394862055,0.01870099528877735490009514766,0.1826620820171265461465271189,264.4846740000000000000000000,US cash open,13:30,3601379,3601379,False,US cash open,13:30,2246814,2246814,False,US cash open,13:30,3601379,3601379,False,1374,False,False,False,79,False,False,False
matched_lot,btcusdt_microprice_20260420_13_5h_5sessions_hs2.00_rq5000,2026-04-20 13:00,2026-04-20 14:00,btcusdt_microprice_20260420_13_5h_5sessions_hs2.00_rq5000:2026-04-20 14:00:fill-000009:fill-000023:33,fill-000009,fill-000023,buy,sell,1776694114515,1776695401379,1776695401379,1286864,0.0003800499524262607040913415732,0.1636144962727307326355851543,0.1750662100856327307326355823,0.01145171381290199809705042798,0.1728087133682207421503330134,430.5078720000000000000000000,US cash open,13:30,3601379,3601379,False,US cash open,13:30,2314515,2314515,False,US cash open,13:30,3601379,3601379,False,1470,False,False,False,87,False,False,False
matched_lot,btcusdt_microprice_20260420_13_5h_5sessions_hs2.00_rq5000,2026-04-20 13:00,2026-04-20 14:00,btcusdt_microprice_20260420_13_5h_5sessions_hs2.00_rq5000:2026-04-20 14:00:fill-000009:fill-000024:34,fill-000009,fill-000024,buy,sell,1776694114515,1776695436715,1776695436715,1322200,0.0000000000000000000000000000001,0.00000000000000000000000000004805378640000000000000000000,0.000000000000000000000000000051068000000,0.000000000000000000000000000003014213599999999999999999997,0.000000000000000000000000000050274000000,480.5378640000000000000000000,US cash open,13:30,3636715,3636715,False,US cash open,13:30,2314515,2314515,False,US cash open,13:30,3636715,3636715,False,1475,False,False,False,88,False,False,False
matched_lot,btcusdt_microprice_20260420_13_5h_5sessions_hs2.00_rq5000,2026-04-20 13:00,2026-04-20 14:00,btcusdt_microprice_20260420_13_5h_5sessions_hs2.00_rq5000:2026-04-20 14:00:fill-000009:fill-000025:35,fill-000009,fill-000025,buy,sell,1776694114515,1776695933384,1776695933384,1818869,0.0000199500475737392959086584267,0.007778244208434823977164607535,0.008379219481446241674595625798,0.0006009752730114176974310182628,0.008220816103710751665080877890,389.8859980000000000000000000,US cash open,13:30,4133384,4133384,False,US cash open,13:30,2314515,2314515,False,US cash open,13:30,4133384,4133384,False,1448,False,False,False,82,False,False,False
matched_lot,btcusdt_microprice_20260420_13_5h_5sessions_hs2.00_rq5000,2026-04-20 13:00,2026-04-20 14:00,btcusdt_microprice_20260420_13_5h_5sessions_hs2.00_rq5000:2026-04-20 14:00:fill-000011:fill-000025:36,fill-000011,fill-000025,buy,sell,1776694293315,1776695933384,1776695933384,1640069,0.00007000,0.02743204786000000000,0.0295407000000000,0.00210865214000000000,0.0292600000000000,391.886398000000,US cash open,13:30,4133384,4133384,False,US cash open,13:30,2493315,2493315,False,US cash open,13:30,4133384,4133384,False,1449,False,False,False,83,False,False,False
matched_lot,btcusdt_microprice_20260420_13_5h_5sessions_hs2.00_rq5000,2026-04-20 13:00,2026-04-20 14:00,btcusdt_microprice_20260420_13_5h_5sessions_hs2.00_rq5000:2026-04-20 14:00:fill-000016:fill-000025:37,fill-000016,fill-000025,buy,sell,1776694414073,1776695933384,1776695933384,1519311,0.0003300499524262607040913415733,0.1273646924015223596574690747,0.1373073812083729781160799213,0.009942688806850618458610846626,0.1366406803044719314938154113,385.8952000000000000000000000,US cash open,13:30,4133384,4133384,False,US cash open,13:30,2614073,2614073,False,US cash open,13:30,4133384,4133384,False,1443,False,False,False,81,False,False,False
matched_lot,btcusdt_microprice_20260420_13_5h_5sessions_hs2.00_rq5000,2026-04-20 13:00,2026-04-20 14:00,btcusdt_microprice_20260420_13_5h_5sessions_hs2.00_rq5000:2026-04-20 14:00:fill-000016:fill-000026:38,fill-000016,fill-000026,buy,sell,1776694414073,1776696121152,1776696121152,1707079,0.00003261834319526627218934911242,0.002216703461538461538461538460,0.003197249999999999999999999999,0.0009805465384615384615384615386,0.003131360946745562130177514792,67.95879999999999999999999997,US cash open,13:30,4321152,4321152,False,US cash open,13:30,2614073,2614073,False,US cash open,13:30,4321152,4321152,False,1145,False,False,False,67,False,False,False
matched_lot,btcusdt_microprice_20260420_13_5h_5sessions_hs2.00_rq5000,2026-04-20 13:00,2026-04-20 14:00,btcusdt_microprice_20260420_13_5h_5sessions_hs2.00_rq5000:2026-04-20 14:00:fill-000016:fill-000027:39,fill-000016,fill-000027,buy,sell,1776694414073,1776696211056,1776696211056,1796983,0.00000000000000000000000000000001,0.000000000000000000000000000001166290640000000000000000000,0.0000000000000000000000000000014670000000,0.0000000000000000000000000000003007093600000000000000000001,0.0000000000000000000000000000014468000000,116.6290640000000000000000000,US cash open,13:30,4411056,4411056,False,US cash open,13:30,2614073,2614073,False,US cash open,13:30,4411056,4411056,False,1217,False,False,False,70,False,False,False
matched_lot,btcusdt_microprice_20260420_13_5h_5sessions_hs2.00_rq5000,2026-04-20 13:00,2026-04-20 14:00,btcusdt_microprice_20260420_13_5h_5sessions_hs2.00_rq5000:2026-04-20 14:00:fill-000016:fill-000029:40,fill-000016,fill-000029,buy,sell,1776694414073,1776696407345,1776696407345,1993272,0.00005733170437847302371930931427,0.009558860147250012667563718868,0.01128345273872727579819726614,0.001724592591477263130633547272,0.01116764269588276029028426132,166.7290420000000000000000000,US cash open,13:30,4607345,4607345,False,US cash open,13:30,2614073,2614073,False,US cash open,13:30,4607345,4607345,False,1304,False,False,False,74,False,False,False
matched_lot,btcusdt_microprice_20260420_13_5h_5sessions_hs2.00_rq5000,2026-04-20 13:00,2026-04-20 14:00,btcusdt_microprice_20260420_13_5h_5sessions_hs2.00_rq5000:2026-04-20 14:00:fill-000017:fill-000029:41,fill-000017,fill-000029,buy,sell,1776694576021,1776696407345,1776696407345,1831324,0.0004326682956215269762806906857,0.06694531248138217195232491924,0.07996142771381440048643444562,0.01301611523243222853410952638,0.07909176443961513126411025735,154.7266420000000000000000000,US cash open,13:30,4607345,4607345,False,US cash open,13:30,2776021,2776021,False,US cash open,13:30,4607345,4607345,False,1277,False,False,False,72,False,False,False
matched_lot,btcusdt_microprice_20260420_13_5h_5sessions_hs2.00_rq5000,2026-04-20 13:00,2026-04-20 14:00,btcusdt_microprice_20260420_13_5h_5sessions_hs2.00_rq5000:2026-04-20 14:00:fill-000017:fill-000030:42,fill-000017,fill-000030,buy,sell,1776694576021,1776696414771,1776696414771,1838750,0.0005673317043784730237193093143,0.08778132951861782804767508078,0.1048485722861855995135655544,0.01706724276756777146589047362,0.1048372256520980300530911683,154.7266420000000000000000000,US cash open,13:30,4614771,4614771,False,US cash open,13:30,2776021,2776021,False,US cash open,13:30,4614771,4614771,False,1278,False,False,False,73,False,False,False
matched_lot,btcusdt_microprice_20260420_13_5h_5sessions_hs2.00_rq5000,2026-04-20 13:00,2026-04-20 14:00,btcusdt_microprice_20260420_13_5h_5sessions_hs2.00_rq5000:2026-04-20 14:00:fill-000018:fill-000030:43,fill-000018,fill-000030,buy,sell,1776694813733,1776696414771,1776696414771,1601038,0.0004326682956215269762806906857,-0.04297441415590325359336557401,-0.02993631937405345148886098854,0.01303809478184980210450458547,-0.03081030933120893598094798372,-99.32415799999999999999999999,US cash open,13:30,4614771,4614771,False,US cash open,13:30,3013733,3013733,False,US cash open,13:30,4614771,4614771,False,416,False,False,False,29,False,False,False
matched_lot,btcusdt_microprice_20260420_13_5h_5sessions_hs2.00_rq5000,2026-04-20 13:00,2026-04-20 14:00,btcusdt_microprice_20260420_13_5h_5sessions_hs2.00_rq5000:2026-04-20 14:00:fill-000018:fill-000031:44,fill-000018,fill-000031,buy,sell,1776694813733,1776696490621,1776696490621,1676888,0.00007000,-0.01204697200000000000000000000,-0.0099386000000000,0.002108372000000000000000000000,-0.0102193000000000,-172.099600000000000000000,US cash open,13:30,4690621,4690621,False,US cash open,13:30,3013733,3013733,False,US cash open,13:30,4690621,4690621,False,213,False,False,False,16,False,False,False
matched_lot,btcusdt_microprice_20260420_13_5h_5sessions_hs2.00_rq5000,2026-04-20 13:00,2026-04-20 15:00,btcusdt_microprice_20260420_13_5h_5sessions_hs2.00_rq5000:2026-04-20 15:00:fill-000001:fill-000002:45,fill-000001,fill-000002,sell,buy,1776697295484,1776697402716,1776697402716,107232,0.00010000,0.00350825860000000000,0.0065070000000000,0.00299874140000000000,0.0062525000000000,35.082586000000,US cash open,13:30,5602716,5602716,False,US cash open,13:30,5495484,5495484,False,US cash open,13:30,5602716,5602716,False,1061,False,False,False,62,False,False,False
matched_lot,btcusdt_microprice_20260420_13_5h_5sessions_hs2.00_rq5000,2026-04-20 13:00,2026-04-20 15:00,btcusdt_microprice_20260420_13_5h_5sessions_hs2.00_rq5000:2026-04-20 15:00:fill-000002:fill-000003:46,fill-000002,fill-000003,buy,sell,1776697402716,1776697589665,1776697589665,186949,0.00053000,-0.08265307600000000000,-0.0667800000000000,0.01587307600000000000,-0.0670688500000000,-155.949200000000,US cash open,13:30,5789665,5789665,False,US cash open,13:30,5602716,5602716,False,US cash open,13:30,5789665,5789665,False,259,False,False,False,19,False,False,False
matched_lot,btcusdt_microprice_20260420_13_5h_5sessions_hs2.00_rq5000,2026-04-20 13:00,2026-04-20 15:00,btcusdt_microprice_20260420_13_5h_5sessions_hs2.00_rq5000:2026-04-20 15:00:fill-000003:fill-000005:47,fill-000003,fill-000005,sell,buy,1776697589665,1776697591815,1776697591815,2150,0.00038000,-0.01060716724000000000000000000,0.0007638000000000,0.01137096724000000000000000000,0.0000000000000000,-27.913598000000000000000,US cash open,13:30,5791815,5791815,False,US cash open,13:30,5789665,5789665,False,US cash open,13:30,5791815,5791815,False,759,False,False,False,47,False,False,False
matched_lot,btcusdt_microprice_20260420_13_5h_5sessions_hs2.00_rq5000,2026-04-20 13:00,2026-04-20 15:00,btcusdt_microprice_20260420_13_5h_5sessions_hs2.00_rq5000:2026-04-20 15:00:fill-000004:fill-000005:48,fill-000004,fill-000005,sell,buy,1776697590798,1776697591815,1776697591815,1017,0.00009000,-0.002512223820000000000000000000,0.0001809000000000,0.002693123820000000000000000000,0.0002952000000000,-27.9135980000000000000000,US cash open,13:30,5791815,5791815,False,US cash open,13:30,5790798,5790798,False,US cash open,13:30,5791815,5791815,False,760,False,False,False,48,False,False,False
matched_lot,btcusdt_microprice_20260420_13_5h_5sessions_hs2.00_rq5000,2026-04-20 13:00,2026-04-20 15:00,btcusdt_microprice_20260420_13_5h_5sessions_hs2.00_rq5000:2026-04-20 15:00:fill-000005:fill-000006:49,fill-000005,fill-000006,buy,sell,1776697591815,1776697642059,1776697642059,50244,0.0000900000000000000000000000007,-0.005697586620000000000000000043,-0.003005100000000000000000000023,0.002692486620000000000000000020,-0.003366000000000000000000000025,-63.30651799999999999999999999,US cash open,13:30,5842059,5842059,False,US cash open,13:30,5791815,5791815,False,US cash open,13:30,5842059,5842059,False,580,False,False,False,39,False,False,False
matched_lot,btcusdt_microprice_20260420_13_5h_5sessions_hs2.00_rq5000,2026-04-20 13:00,2026-04-20 15:00,btcusdt_microprice_20260420_13_5h_5sessions_hs2.00_rq5000:2026-04-20 15:00:fill-000006:fill-000008:50,fill-000006,fill-000008,sell,buy,1776697642059,1776697722098,1776697722098,80039,0.00007000,-0.005832436400000000000000000000,-0.0037380000000000,0.002094436400000000000000000000,-0.0039165000000000,-83.3205200000000000000000,US cash open,13:30,5922098,5922098,False,US cash open,13:30,5842059,5842059,False,US cash open,13:30,5922098,5922098,False,476,False,False,False,34,False,False,False
matched_lot,btcusdt_microprice_20260420_13_5h_5sessions_hs2.00_rq5000,2026-04-20 13:00,2026-04-20 15:00,btcusdt_microprice_20260420_13_5h_5sessions_hs2.00_rq5000:2026-04-20 15:00:fill-000006:fill-000009:51,fill-000006,fill-000009,sell,buy,1776697642059,1776697722100,1776697722100,80041,0.0001199999999999999999999999993,-0.009998462399999999999999999942,-0.006407999999999999999999999963,0.003590462399999999999999999979,-0.006713999999999999999999999962,-83.32052000000000000000000000,US cash open,13:30,5922100,5922100,False,US cash open,13:30,5842059,5842059,False,US cash open,13:30,5922100,5922100,False,477,False,False,False,35,False,False,False
matched_lot,btcusdt_microprice_20260420_13_5h_5sessions_hs2.00_rq5000,2026-04-20 13:00,2026-04-20 15:00,btcusdt_microprice_20260420_13_5h_5sessions_hs2.00_rq5000:2026-04-20 15:00:fill-000007:fill-000009:52,fill-000007,fill-000009,sell,buy,1776697701350,1776697722100,1776697722100,20750,0.00040000,-0.01757136000000000000,-0.0056000000000000,0.01197136000000000000,-0.0066200000000000,-43.928400000000,US cash open,13:30,5922100,5922100,False,US cash open,13:30,5901350,5901350,False,US cash open,13:30,5922100,5922100,False,674,False,False,False,44,False,False,False
matched_lot,btcusdt_microprice_20260420_13_5h_5sessions_hs2.00_rq5000,2026-04-20 13:00,2026-04-20 15:00,btcusdt_microprice_20260420_13_5h_5sessions_hs2.00_rq5000:2026-04-20 15:00:fill-000009:fill-000010:53,fill-000009,fill-000010,buy,sell,1776697722100,1776697783515,1776697783515,61415,0.00015000,-0.007790519700000000000000000000,-0.0033015000000000,0.004489019700000000000000000000,-0.0036840000000000,-51.9367980000000000000000,US cash open,13:30,5983515,5983515,False,US cash open,13:30,5922100,5922100,False,US cash open,13:30,5983515,5983515,False,622,False,False,False,41,False,False,False
matched_lot,btcusdt_microprice_20260420_13_5h_5sessions_hs2.00_rq5000,2026-04-20 13:00,2026-04-20 15:00,btcusdt_microprice_20260420_13_5h_5sessions_hs2.00_rq5000:2026-04-20 15:00:fill-000009:fill-000011:54,fill-000009,fill-000011,buy,sell,1776697722100,1776698075578,1776698075578,353478,0.0002600000000000000000000000007,0.03994434080000000000000000011,0.04773600000000000000000000013,0.007791659200000000000000000024,0.04759300000000000000000000013,153.6320800000000000000000000,US cash open,13:30,6275578,6275578,False,US cash open,13:30,5922100,5922100,False,US cash open,13:30,6275578,6275578,False,1274,False,False,False,71,False,False,False
matched_lot,btcusdt_microprice_20260420_13_5h_5sessions_hs2.00_rq5000,2026-04-20 13:00,2026-04-20 15:00,btcusdt_microprice_20260420_13_5h_5sessions_hs2.00_rq5000:2026-04-20 15:00:fill-000011:fill-000013:55,fill-000011,fill-000013,sell,buy,1776698075578,1776698210315,1776698210315,134737,0.0007399999999999999999999999993,-0.08462011443999999999999999992,-0.06240419999999999999999999994,0.02221591443999999999999999998,-0.06575639999999999999999999994,-114.3515060000000000000000000,US cash open,13:30,6410315,6410315,False,US cash open,13:30,6275578,6275578,False,US cash open,13:30,6410315,6410315,False,374,False,False,False,25,False,False,False
matched_lot,btcusdt_microprice_20260420_13_5h_5sessions_hs2.00_rq5000,2026-04-20 13:00,2026-04-20 15:00,btcusdt_microprice_20260420_13_5h_5sessions_hs2.00_rq5000:2026-04-20 15:00:fill-000012:fill-000013:56,fill-000012,fill-000013,sell,buy,1776698164688,1776698210315,1776698210315,45627,0.00021000,-0.01070247906000000000,-0.0043953000000000,0.00630717906000000000,-0.0069174000000000,-50.964186000000,US cash open,13:30,6410315,6410315,False,US cash open,13:30,6364688,6364688,False,US cash open,13:30,6410315,6410315,False,630,False,False,False,42,False,False,False
matched_lot,btcusdt_microprice_20260420_13_5h_5sessions_hs2.00_rq5000,2026-04-20 13:00,2026-04-20 15:00,btcusdt_microprice_20260420_13_5h_5sessions_hs2.00_rq5000:2026-04-20 15:00:fill-000013:fill-000016:57,fill-000013,fill-000016,buy,sell,1776698210315,1776698724995,1776698724995,514680,0.0000500000000000000000000000007,0.01789770070000000000000000025,0.01940350000000000000000000027,0.001505799300000000000000000021,0.01893400000000000000000000027,357.9540140000000000000000000,US cash open,13:30,6924995,6924995,False,US cash open,13:30,6410315,6410315,False,US cash open,13:30,6924995,6924995,False,1425,False,False,False,80,False,False,False
matched_lot,btcusdt_microprice_20260420_13_5h_5sessions_hs2.00_rq5000,2026-04-20 13:00,2026-04-20 15:00,btcusdt_microprice_20260420_13_5h_5sessions_hs2.00_rq5000:2026-04-20 15:00:fill-000014:fill-000016:58,fill-000014,fill-000016,buy,sell,1776698350986,1776698724995,1776698724995,374009,0.0000199999999999999999999999993,0.004917432039999999999999999828,0.005520199999999999999999999807,0.0006027679599999999999999999789,0.005382799999999999999999999811,245.8716020000000000000000000,US cash open,13:30,6924995,6924995,False,US cash open,13:30,6550986,6550986,False,US cash open,13:30,6924995,6924995,False,1357,False,False,False,78,False,False,False
matched_lot,btcusdt_microprice_20260420_13_5h_5sessions_hs2.00_rq5000,2026-04-20 13:00,2026-04-20 15:00,btcusdt_microprice_20260420_13_5h_5sessions_hs2.00_rq5000:2026-04-20 15:00:fill-000014:fill-000018:59,fill-000014,fill-000018,buy,sell,1776698350986,1776699615360,1776699615360,1264374,0.00091000,0.3583962218200000000000000000,0.3858491000000000,0.02745287818000000000000000000,0.3822000000000000,393.84200200000000000000,US cash open,13:30,7815360,7815360,False,US cash open,13:30,6550986,6550986,False,US cash open,13:30,7815360,7815360,False,1451,False,False,False,84,False,False,False
matched_lot,btcusdt_microprice_20260420_13_5h_5sessions_hs2.00_rq5000,2026-04-20 13:00,2026-04-20 15:00,btcusdt_microprice_20260420_13_5h_5sessions_hs2.00_rq5000:2026-04-20 15:00:fill-000014:fill-000019:60,fill-000014,fill-000019,buy,sell,1776698350986,1776699624544,1776699624544,1273558,0.0000700000000000000000000000007,0.02882868814000000000000000029,0.03094070000000000000000000031,0.002112011860000000000000000021,0.03080000000000000000000000031,411.8384020000000000000000000,US cash open,13:30,7824544,7824544,False,US cash open,13:30,6550986,6550986,False,US cash open,13:30,7824544,7824544,False,1461,False,False,False,85,False,False,False
matched_lot,btcusdt_microprice_20260420_13_5h_5sessions_hs2.00_rq5000,2026-04-20 13:00,2026-04-20 15:00,btcusdt_microprice_20260420_13_5h_5sessions_hs2.00_rq5000:2026-04-20 15:00:fill-000015:fill-000019:61,fill-000015,fill-000019,buy,sell,1776698373165,1776699624544,1776699624544,1251379,0.00040000,0.16793200000000000000,0.1800000000000000,0.01206800000000000000,0.1791960000000000,419.830000000000,US cash open,13:30,7824544,7824544,False,US cash open,13:30,6573165,6573165,False,US cash open,13:30,7824544,7824544,False,1465,False,False,False,86,False,False,False
matched_lot,btcusdt_microprice_20260420_13_5h_5sessions_hs2.00_rq5000,2026-04-20 13:00,2026-04-20 15:00,btcusdt_microprice_20260420_13_5h_5sessions_hs2.00_rq5000:2026-04-20 15:00:fill-000017:fill-000019:62,fill-000017,fill-000019,buy,sell,1776699154097,1776699624544,1776699624544,470447,0.0005299999999999999999999999993,0.01955881789999999999999999997,0.03558949999999999999999999995,0.01603068209999999999999999998,0.03452419999999999999999999995,36.90342999999999999999999999,US cash open,13:30,7824544,7824544,False,US cash open,13:30,7354097,7354097,False,US cash open,13:30,7824544,7824544,False,1066,False,False,False,63,False,False,False
matched_lot,btcusdt_microprice_20260420_13_5h_5sessions_hs2.00_rq5000,2026-04-20 13:00,2026-04-20 15:00,btcusdt_microprice_20260420_13_5h_5sessions_hs2.00_rq5000:2026-04-20 15:00:fill-000017:fill-000022:63,fill-000017,fill-000022,buy,sell,1776699154097,1776700352629,1776700352629,1198532,0.0000300000000000000000000000007,-0.0008122131600000000000000000195,0.00009480000000000000000000000221,0.0009070131600000000000000000217,-0.00002550000000000000000000000059,-27.07377200000000000000000002,US cash open,13:30,8552629,8552629,False,US cash open,13:30,7354097,7354097,False,US cash open,13:30,8552629,8552629,False,764,False,False,False,49,False,False,False
matched_lot,btcusdt_microprice_20260420_13_5h_5sessions_hs2.00_rq5000,2026-04-20 13:00,2026-04-20 15:00,btcusdt_microprice_20260420_13_5h_5sessions_hs2.00_rq5000:2026-04-20 15:00:fill-000020:fill-000022:64,fill-000020,fill-000022,buy,sell,1776700276182,1776700352629,1776700352629,76447,0.0003200000000000000000000000063,-0.007111296640000000000000000140,0.002563200000000000000000000050,0.009674496640000000000000000190,0.001280000000000000000000000024,-22.22280200000000000000000000,US cash open,13:30,8552629,8552629,False,US cash open,13:30,8476182,8476182,False,US cash open,13:30,8552629,8552629,False,798,False,False,False,50,False,False,False
matched_lot,btcusdt_microprice_20260420_13_5h_5sessions_hs2.00_rq5000,2026-04-20 13:00,2026-04-20 15:00,btcusdt_microprice_20260420_13_5h_5sessions_hs2.00_rq5000:2026-04-20 15:00:fill-000020:fill-000023:65,fill-000020,fill-000023,buy,sell,1776700276182,1776700396276,1776700396276,120094,0.0006799999999999999999999999937,-0.00424047999999999999999999995,0.01631999999999999999999999985,0.02056047999999999999999999980,0.01359319999999999999999999987,-6.235999999999999999999999984,US cash open,13:30,8596276,8596276,False,US cash open,13:30,8476182,8476182,False,US cash open,13:30,8596276,8596276,False,866,False,False,False,51,False,False,False
matched_lot,btcusdt_microprice_20260420_13_5h_5sessions_hs2.00_rq5000,2026-04-20 13:00,2026-04-20 15:00,btcusdt_microprice_20260420_13_5h_5sessions_hs2.00_rq5000:2026-04-20 15:00:fill-000021:fill-000023:66,fill-000021,fill-000023,buy,sell,1776700299565,1776700396276,1776700396276,96711,0.0003200000000000000000000000063,-0.000215964160000000000000000004,0.009459200000000000000000000186,0.009675164160000000000000000190,0.008816000000000000000000000173,-0.6748879999999999999999999992,US cash open,13:30,8596276,8596276,False,US cash open,13:30,8499565,8499565,False,US cash open,13:30,8596276,8596276,False,894,False,False,False,52,False,False,False
matched_lot,btcusdt_microprice_20260420_13_5h_5sessions_hs2.00_rq5000,2026-04-20 13:00,2026-04-20 15:00,btcusdt_microprice_20260420_13_5h_5sessions_hs2.00_rq5000:2026-04-20 15:00:fill-000021:fill-000024:67,fill-000021,fill-000024,buy,sell,1776700299565,1776700548457,1776700548457,248892,0.0006799999999999999999999999937,0.01313835615999999999999999989,0.03370079999999999999999999969,0.02056244383999999999999999980,0.03233399999999999999999999970,19.32111200000000000000000002,US cash open,13:30,8748457,8748457,False,US cash open,13:30,8499565,8499565,False,US cash open,13:30,8748457,8748457,False,996,False,False,False,57,False,False,False
matched_lot,btcusdt_microprice_20260420_13_5h_5sessions_hs2.00_rq5000,2026-04-20 13:00,2026-04-20 15:00,btcusdt_microprice_20260420_13_5h_5sessions_hs2.00_rq5000:2026-04-20 15:00:fill-000024:fill-000028:68,fill-000024,fill-000028,sell,buy,1776700548457,1776700783957,1776700783957,235500,0.0002300000000000000000000000063,-0.02608784936000000000000000071,-0.01912680000000000000000000052,0.006961049360000000000000000190,-0.02004910000000000000000000054,-113.4254320000000000000000000,US cash open,13:30,8983957,8983957,False,US cash open,13:30,8748457,8748457,False,US cash open,13:30,8983957,8983957,False,376,False,False,False,26,False,False,False
matched_lot,btcusdt_microprice_20260420_13_5h_5sessions_hs2.00_rq5000,2026-04-20 13:00,2026-04-20 15:00,btcusdt_microprice_20260420_13_5h_5sessions_hs2.00_rq5000:2026-04-20 15:00:fill-000025:fill-000028:69,fill-000025,fill-000028,sell,buy,1776700584609,1776700783957,1776700783957,199348,0.00007000,-0.00653026220000000000,-0.0044114000000000,0.00211886220000000000,-0.0046914000000000,-93.289460000000,US cash open,13:30,8983957,8983957,False,US cash open,13:30,8784609,8784609,False,US cash open,13:30,8983957,8983957,False,440,False,False,False,31,False,False,False
matched_lot,btcusdt_microprice_20260420_13_5h_5sessions_hs2.00_rq5000,2026-04-20 13:00,2026-04-20 15:00,btcusdt_microprice_20260420_13_5h_5sessions_hs2.00_rq5000:2026-04-20 15:00:fill-000026:fill-000028:70,fill-000026,fill-000028,sell,buy,1776700585711,1776700783957,1776700783957,198246,0.0000499999999999999999999999937,-0.004189068099999999999999999472,-0.002675499999999999999999999663,0.001513568099999999999999999809,-0.002875999999999999999999999637,-83.78136200000000000000000000,US cash open,13:30,8983957,8983957,False,US cash open,13:30,8785711,8785711,False,US cash open,13:30,8983957,8983957,False,473,False,False,False,33,False,False,False
matched_lot,btcusdt_microprice_20260420_13_5h_5sessions_hs2.00_rq5000,2026-04-20 13:00,2026-04-20 16:00,btcusdt_microprice_20260420_13_5h_5sessions_hs2.00_rq5000:2026-04-20 16:00:fill-000001:fill-000002:71,fill-000001,fill-000002,sell,buy,1776700889092,1776701000393,1776701000393,111301,0.00006999999999999999999999999887,-0.005755876139999999999999999907,-0.003639299999999999999999999941,0.002116576139999999999999999966,-0.003919999999999999999999999937,-82.22680200000000000000000000,US cash open,13:30,9200393,9200393,False,US cash open,13:30,9089092,9089092,False,US cash open,13:30,9200393,9200393,False,480,False,False,False,36,False,False,False
matched_lot,btcusdt_microprice_20260420_13_5h_5sessions_hs2.00_rq5000,2026-04-20 13:00,2026-04-20 16:00,btcusdt_microprice_20260420_13_5h_5sessions_hs2.00_rq5000:2026-04-20 16:00:fill-000002:fill-000007:72,fill-000002,fill-000007,buy,sell,1776701000393,1776701753744,1776701753744,753351,0.00007000000000000000000000000113,-0.02073288014000000000000000033,-0.01861930000000000000000000030,0.002113580140000000000000000034,-0.01890000000000000000000000030,-296.1840019999999999999999999,US cash open,13:30,9953744,9953744,False,US cash open,13:30,9200393,9200393,False,US cash open,13:30,9953744,9953744,False,86,False,False,True,4,False,True,True
matched_lot,btcusdt_microprice_20260420_13_5h_5sessions_hs2.00_rq5000,2026-04-20 13:00,2026-04-20 16:00,btcusdt_microprice_20260420_13_5h_5sessions_hs2.00_rq5000:2026-04-20 16:00:fill-000003:fill-000007:73,fill-000003,fill-000007,buy,sell,1776701176076,1776701753744,1776701753744,577668,0.00006999999999999999999999999797,-0.01620087391999999999999999953,-0.01408819999999999999999999959,0.002112673919999999999999999939,-0.01436889999999999999999999959,-231.4410560000000000000000000,US cash open,13:30,9953744,9953744,False,US cash open,13:30,9376076,9376076,False,US cash open,13:30,9953744,9953744,False,138,False,False,True,7,False,False,True
matched_lot,btcusdt_microprice_20260420_13_5h_5sessions_hs2.00_rq5000,2026-04-20 13:00,2026-04-20 16:00,btcusdt_microprice_20260420_13_5h_5sessions_hs2.00_rq5000:2026-04-20 16:00:fill-000003:fill-000009:74,fill-000003,fill-000009,buy,sell,1776701176076,1776702061855,1776702061855,885779,0.0001400000000000000000000000020,-0.01925417788000000000000000027,-0.01502620000000000000000000021,0.004227977880000000000000000060,-0.01558760000000000000000000021,-137.5298420000000000000000000,US cash open,13:30,10261855,10261855,False,US cash open,13:30,9376076,9376076,False,US cash open,13:30,10261855,10261855,False,306,False,False,False,21,False,False,False
matched_lot,btcusdt_microprice_20260420_13_5h_5sessions_hs2.00_rq5000,2026-04-20 13:00,2026-04-20 16:00,btcusdt_microprice_20260420_13_5h_5sessions_hs2.00_rq5000:2026-04-20 16:00:fill-000004:fill-000009:75,fill-000004,fill-000009,buy,sell,1776701438786,1776702061855,1776702061855,623069,0.0000699999999999999999999999980,-0.003516967159999999999999999900,-0.001404199999999999999999999960,0.002112767159999999999999999940,-0.001545599999999999999999999956,-50.24238800000000000000000001,US cash open,13:30,10261855,10261855,False,US cash open,13:30,9638786,9638786,False,US cash open,13:30,10261855,10261855,False,633,False,False,False,43,False,False,False
matched_lot,btcusdt_microprice_20260420_13_5h_5sessions_hs2.00_rq5000,2026-04-20 13:00,2026-04-20 16:00,btcusdt_microprice_20260420_13_5h_5sessions_hs2.00_rq5000:2026-04-20 16:00:fill-000004:fill-000010:76,fill-000004,fill-000010,buy,sell,1776701438786,1776703275587,1776703275587,1836801,0.00007000,-0.002292212160000000000000000000,-0.0001792000000000,0.002113012160000000000000000000,-0.0001974000000000,-32.7458880000000000000000,US cash open,13:30,11475587,11475587,False,US cash open,13:30,9638786,9638786,False,US cash open,13:30,11475587,11475587,False,723,False,False,False,46,False,False,False
matched_lot,btcusdt_microprice_20260420_13_5h_5sessions_hs2.00_rq5000,2026-04-20 13:00,2026-04-20 17:00,btcusdt_microprice_20260420_13_5h_5sessions_hs2.00_rq5000:2026-04-20 17:00:fill-000001:fill-000004:77,fill-000001,fill-000004,sell,buy,1776704574896,1776705027765,1776705027765,452869,0.00042000,-0.12980006424000000000,-0.1171212000000000,0.01267886424000000000,-0.1179696000000000,-309.047772000000,US cash close,20:00,-10172235,10172235,False,US cash close,20:00,-10625104,10625104,False,US cash close,20:00,-10172235,10172235,False,80,False,False,True,3,False,True,True
matched_lot,btcusdt_microprice_20260420_13_5h_5sessions_hs2.00_rq5000,2026-04-20 13:00,2026-04-20 17:00,btcusdt_microprice_20260420_13_5h_5sessions_hs2.00_rq5000:2026-04-20 17:00:fill-000001:fill-000007:78,fill-000001,fill-000007,sell,buy,1776704574896,1776705344715,1776705344715,769819,0.00058000,-0.19464978756000000000,-0.1771378000000000,0.01751198756000000000,-0.1783036000000000,-335.603082000000,US cash close,20:00,-9855285,9855285,False,US cash close,20:00,-10625104,10625104,False,US cash close,20:00,-9855285,9855285,False,69,False,True,True,1,True,True,True
matched_lot,btcusdt_microprice_20260420_13_5h_5sessions_hs2.00_rq5000,2026-04-20 13:00,2026-04-20 17:00,btcusdt_microprice_20260420_13_5h_5sessions_hs2.00_rq5000:2026-04-20 17:00:fill-000002:fill-000007:79,fill-000002,fill-000007,sell,buy,1776704749547,1776705344715,1776705344715,595168,0.00028000,-0.05981289552000000000,-0.0513520000000000,0.00846089552000000000,-0.0519148000000000,-213.617484000000,US cash close,20:00,-9855285,9855285,False,US cash close,20:00,-10450453,10450453,False,US cash close,20:00,-9855285,9855285,False,156,False,False,False,9,False,False,True
matched_lot,btcusdt_microprice_20260420_13_5h_5sessions_hs2.00_rq5000,2026-04-20 13:00,2026-04-20 17:00,btcusdt_microprice_20260420_13_5h_5sessions_hs2.00_rq5000:2026-04-20 17:00:fill-000003:fill-000007:80,fill-000003,fill-000007,sell,buy,1776704750999,1776705344715,1776705344715,593716,0.00014000,-0.02794823948000000000,-0.0237174000000000,0.00423083948000000000,-0.0239988000000000,-199.630282000000,US cash close,20:00,-9855285,9855285,False,US cash close,20:00,-10449001,10449001,False,US cash close,20:00,-9855285,9855285,False,164,False,False,False,10,False,False,False
matched_lot,btcusdt_microprice_20260420_13_5h_5sessions_hs2.00_rq5000,2026-04-20 13:00,2026-04-20 17:00,btcusdt_microprice_20260420_13_5h_5sessions_hs2.00_rq5000:2026-04-20 17:00:fill-000003:fill-000008:81,fill-000003,fill-000008,sell,buy,1776704750999,1776705772776,1776705772776,1021777,0.00086000,-0.27601230440000000000,-0.2500020000000000,0.02601030440000000000,-0.2517306000000000,-320.944540000000,US cash close,20:00,-9427224,9427224,False,US cash close,20:00,-10449001,10449001,False,US cash close,20:00,-9427224,9427224,False,75,False,False,True,2,False,True,True
matched_lot,btcusdt_microprice_20260420_13_5h_5sessions_hs2.00_rq5000,2026-04-20 13:00,2026-04-20 17:00,btcusdt_microprice_20260420_13_5h_5sessions_hs2.00_rq5000:2026-04-20 17:00:fill-000005:fill-000008:82,fill-000005,fill-000008,sell,buy,1776705079009,1776705772776,1776705772776,693767,0.0001399999642054041678956057605,-0.02310499601261281838288552468,-0.01886639517632026566561183228,0.004238600836292552717273692399,-0.01914779510437312804308199986,-165.0357280000000000000000000,US cash close,20:00,-9427224,9427224,False,US cash close,20:00,-10120991,10120991,False,US cash close,20:00,-9427224,9427224,False,234,False,False,False,18,False,False,False
matched_lot,btcusdt_microprice_20260420_13_5h_5sessions_hs2.00_rq5000,2026-04-20 13:00,2026-04-20 17:00,btcusdt_microprice_20260420_13_5h_5sessions_hs2.00_rq5000:2026-04-20 17:00:fill-000006:fill-000008:83,fill-000006,fill-000008,sell,buy,1776705156928,1776705772776,1776705772776,615848,0.0000000000357945958321043942395,-0.000000004831616828014198996093686730,-0.000000003747694183621330076875650000,0.000000001083922644392868919218036730,-0.000000003755211048746071999665945000,-134.98174,US cash close,20:00,-9427224,9427224,False,US cash close,20:00,-10043072,10043072,False,US cash close,20:00,-9427224,9427224,False,314,False,False,False,22,False,False,False
matched_lot,btcusdt_microprice_20260420_13_5h_5sessions_hs2.00_rq5000,2026-04-20 13:00,2026-04-20 17:00,btcusdt_microprice_20260420_13_5h_5sessions_hs2.00_rq5000:2026-04-20 17:00:fill-000006:fill-000009:84,fill-000006,fill-000009,sell,buy,1776705156928,1776706236715,1776706236715,1079787,0.00007000,-0.006022236640000000000000000000,-0.0039032000000000,0.002119036640000000000000000000,-0.0040579000000000,-86.0319520000000000000000,US cash close,20:00,-8963285,8963285,False,US cash close,20:00,-10043072,10043072,False,US cash close,20:00,-8963285,8963285,False,464,False,False,False,32,False,False,False
matched_lot,btcusdt_microprice_20260420_13_5h_5sessions_hs2.00_rq5000,2026-04-20 13:00,2026-04-20 17:00,btcusdt_microprice_20260420_13_5h_5sessions_hs2.00_rq5000:2026-04-20 17:00:fill-000006:fill-000010:85,fill-000006,fill-000010,sell,buy,1776705156928,1776706270465,1776706270465,1113537,0.0003299999642054041678956057605,0.000576047937516953515478569419,0.01055999885457293337265938434,0.009983950917055979857180814921,0.01004849891005455691242119541,1.745600000000000000000000011,US cash close,20:00,-8929535,8929535,False,US cash close,20:00,-10043072,10043072,False,US cash close,20:00,-8929535,8929535,False,906,False,False,False,53,False,False,False
matched_lot,btcusdt_microprice_20260420_13_5h_5sessions_hs2.00_rq5000,2026-04-20 13:00,2026-04-20 17:00,btcusdt_microprice_20260420_13_5h_5sessions_hs2.00_rq5000:2026-04-20 17:00:fill-000010:fill-000013:86,fill-000010,fill-000013,buy,sell,1776706270465,1776707598324,1776707598324,1327859,0.0003900000357945958321043942395,0.08451402175678198276618570313,0.09633000884126517052978537716,0.01181598708448318776359967403,0.09502350872135327449223565646,216.7026000000000000000000000,US cash close,20:00,-7601676,7601676,False,US cash close,20:00,-8929535,8929535,False,US cash close,20:00,-7601676,7601676,False,1334,False,False,False,76,False,False,False
matched_lot,btcusdt_microprice_20260420_13_5h_5sessions_hs2.00_rq5000,2026-04-20 13:00,2026-04-20 17:00,btcusdt_microprice_20260420_13_5h_5sessions_hs2.00_rq5000:2026-04-20 17:00:fill-000011:fill-000013:87,fill-000011,fill-000013,buy,sell,1776706862320,1776707598324,1776707598324,736004,0.00007000,0.00131691210000000000,0.0034405000000000,0.00212358790000000000,0.0031598000000000,18.813030000000,US cash close,20:00,-7601676,7601676,False,US cash close,20:00,-8337680,8337680,False,US cash close,20:00,-7601676,7601676,False,994,False,False,False,56,False,False,False
matched_lot,btcusdt_microprice_20260420_13_5h_5sessions_hs2.00_rq5000,2026-04-20 13:00,2026-04-20 17:00,btcusdt_microprice_20260420_13_5h_5sessions_hs2.00_rq5000:2026-04-20 17:00:fill-000012:fill-000013:88,fill-000012,fill-000013,buy,sell,1776707428939,1776707598324,1776707598324,169385,0.00007000,-0.00879450978000000000,-0.0066689000000000,0.00212560978000000000,-0.0069496000000000,-125.635854000000,US cash close,20:00,-7601676,7601676,False,US cash close,20:00,-7771061,7771061,False,US cash close,20:00,-7601676,7601676,False,342,False,False,False,24,False,False,False
matched_lot,btcusdt_microprice_20260506_18_5h_5sessions_hs2.00_rq5000,2026-05-06 18:00,2026-05-06 18:00,btcusdt_microprice_20260506_18_5h_5sessions_hs2.00_rq5000:2026-05-06 18:00:fill-000001:fill-000002:1,fill-000001,fill-000002,buy,sell,1778092477145,1778092490865,1778092490865,13720,0.00007000,-0.005497100000000000000000000000,-0.0032186000000000,0.002278500000000000000000000000,-0.0034993000000000,-78.5300000000000000000000,US cash close,20:00,-5109135,5109135,False,US cash close,20:00,-5122855,5122855,False,US cash close,20:00,-5109135,5109135,False,490,False,False,False,14,False,False,False
matched_lot,btcusdt_microprice_20260506_18_5h_5sessions_hs2.00_rq5000,2026-05-06 18:00,2026-05-06 18:00,btcusdt_microprice_20260506_18_5h_5sessions_hs2.00_rq5000:2026-05-06 18:00:fill-000001:fill-000004:2,fill-000001,fill-000004,buy,sell,1778092477145,1778092654565,1778092654565,177420,0.0002100388467535213128617108440,-0.02783417994069924156338363168,-0.02099968389841706085991385018,0.006834496042282180703469781495,-0.02184193967389868132448931066,-132.5192000000000000000000000,US cash close,20:00,-4945435,4945435,False,US cash close,20:00,-5122855,5122855,False,US cash close,20:00,-4945435,4945435,False,322,False,False,False,8,False,False,False
matched_lot,btcusdt_microprice_20260506_18_5h_5sessions_hs2.00_rq5000,2026-05-06 18:00,2026-05-06 18:00,btcusdt_microprice_20260506_18_5h_5sessions_hs2.00_rq5000:2026-05-06 18:00:fill-000003:fill-000004:3,fill-000003,fill-000004,buy,sell,1778092648801,1778092654565,1778092654565,5764,0.0002878627303118147218465790294,-0.008782347042262553609502353985,0.0005786040879267475909116238491,0.009360951130189301200413977834,0.0000000000000000000000000000001,-30.50880200000000000000000000,US cash close,20:00,-4945435,4945435,False,US cash close,20:00,-4951199,4951199,False,US cash close,20:00,-4945435,4945435,False,738,False,False,False,19,False,False,False
matched_lot,btcusdt_microprice_20260506_18_5h_5sessions_hs2.00_rq5000,2026-05-06 18:00,2026-05-06 18:00,btcusdt_microprice_20260506_18_5h_5sessions_hs2.00_rq5000:2026-05-06 18:00:fill-000003:fill-000006:4,fill-000003,fill-000006,buy,sell,1778092648801,1778093474253,1778093474253,825452,0.00014000,-0.002076471320000000000000000000,0.0024766000000000,0.004553071320000000000000000000,0.0021952000000000,-14.8319380000000000000000,US cash close,20:00,-4125747,4125747,False,US cash close,20:00,-4951199,4951199,False,US cash close,20:00,-4125747,4125747,False,831,False,False,False,22,False,False,False
matched_lot,btcusdt_microprice_20260506_18_5h_5sessions_hs2.00_rq5000,2026-05-06 18:00,2026-05-06 18:00,btcusdt_microprice_20260506_18_5h_5sessions_hs2.00_rq5000:2026-05-06 18:00:fill-000003:fill-000007:5,fill-000003,fill-000007,buy,sell,1778092648801,1778093503211,1778093503211,854410,0.000140000,-0.002311624279999999999999999999,0.00224140000000000,0.004553024279999999999999999999,0.00196000000000000,-16.51160199999999999999999999,US cash close,20:00,-4096789,4096789,False,US cash close,20:00,-4951199,4951199,False,US cash close,20:00,-4096789,4096789,False,823,False,False,False,21,False,False,False
matched_lot,btcusdt_microprice_20260506_18_5h_5sessions_hs2.00_rq5000,2026-05-06 18:00,2026-05-06 18:00,btcusdt_microprice_20260506_18_5h_5sessions_hs2.00_rq5000:2026-05-06 18:00:fill-000003:fill-000008:6,fill-000003,fill-000008,buy,sell,1778092648801,1778093581037,1778093581037,932236,0.0004321372696881852781534209706,0.02742878877228183187269464091,0.04148949926276266855550994739,0.01406071049048083668281530648,0.04148085651736890484994687898,63.47239800000000000000000001,US cash close,20:00,-4018963,4018963,False,US cash close,20:00,-4951199,4951199,False,US cash close,20:00,-4018963,4018963,False,1137,False,False,False,31,False,False,False
matched_lot,btcusdt_microprice_20260506_18_5h_5sessions_hs2.00_rq5000,2026-05-06 18:00,2026-05-06 18:00,btcusdt_microprice_20260506_18_5h_5sessions_hs2.00_rq5000:2026-05-06 18:00:fill-000005:fill-000008:7,fill-000005,fill-000008,buy,sell,1778092877323,1778093581037,1778093581037,703714,0.0001278627303118147218465790294,0.000946335849505578753924794861,0.005108116075956998137770832225,0.004161780226451419383846037364,0.004849833360727132399640742586,7.401186000000000000000000006,US cash close,20:00,-4018963,4018963,False,US cash close,20:00,-4722677,4722677,False,US cash close,20:00,-4018963,4018963,False,934,False,False,False,25,False,False,False
matched_lot,btcusdt_microprice_20260506_18_5h_5sessions_hs2.00_rq5000,2026-05-06 18:00,2026-05-06 19:00,btcusdt_microprice_20260506_18_5h_5sessions_hs2.00_rq5000:2026-05-06 19:00:fill-000001:fill-000004:8,fill-000001,fill-000004,buy,sell,1778094753437,1778094945546,1778094945546,192109,0.00006999999999999999999999999965,-0.005333268079999999999999999973,-0.003058999999999999999999999985,0.002274268079999999999999999988,-0.003222799999999999999999999984,-76.18954400000000000000000000,US cash close,20:00,-2654454,2654454,False,US cash close,20:00,-2846563,2846563,False,US cash close,20:00,-2654454,2654454,False,506,False,False,False,15,False,False,False
matched_lot,btcusdt_microprice_20260506_18_5h_5sessions_hs2.00_rq5000,2026-05-06 18:00,2026-05-06 19:00,btcusdt_microprice_20260506_18_5h_5sessions_hs2.00_rq5000:2026-05-06 19:00:fill-000001:fill-000005:9,fill-000001,fill-000005,buy,sell,1778094753437,1778095066593,1778095066593,313156,0.00007000,-0.002533128220000000000000000001,-0.0002583000000000,0.002274828220000000000000000001,-0.0004228000000000,-36.18754600000000000000000001,US cash close,20:00,-2533407,2533407,False,US cash close,20:00,-2846563,2846563,False,US cash close,20:00,-2533407,2533407,False,704,False,False,False,17,False,False,False
matched_lot,btcusdt_microprice_20260506_18_5h_5sessions_hs2.00_rq5000,2026-05-06 18:00,2026-05-06 19:00,btcusdt_microprice_20260506_18_5h_5sessions_hs2.00_rq5000:2026-05-06 19:00:fill-000001:fill-000006:10,fill-000001,fill-000006,buy,sell,1778094753437,1778095150763,1778095150763,397326,0.00063000,0.00238420854000000000000000000,0.0228627000000000,0.02047849146000000000000000000,0.0213822000000000,3.784458000000000000000,US cash close,20:00,-2449237,2449237,False,US cash close,20:00,-2846563,2846563,False,US cash close,20:00,-2449237,2449237,False,916,False,False,False,24,False,False,False
matched_lot,btcusdt_microprice_20260506_18_5h_5sessions_hs2.00_rq5000,2026-05-06 18:00,2026-05-06 19:00,btcusdt_microprice_20260506_18_5h_5sessions_hs2.00_rq5000:2026-05-06 19:00:fill-000001:fill-000007:11,fill-000001,fill-000007,buy,sell,1778094753437,1778095222391,1778095222391,468954,0.0002300000000000000000000000004,0.01006858534000000000000000001,0.01754670000000000000000000003,0.007478114660000000000000000017,0.01728220000000000000000000003,43.77645799999999999999999997,US cash close,20:00,-2377609,2377609,False,US cash close,20:00,-2846563,2846563,False,US cash close,20:00,-2377609,2377609,False,1079,False,False,False,28,False,False,False
matched_lot,btcusdt_microprice_20260506_18_5h_5sessions_hs2.00_rq5000,2026-05-06 18:00,2026-05-06 19:00,btcusdt_microprice_20260506_18_5h_5sessions_hs2.00_rq5000:2026-05-06 19:00:fill-000002:fill-000007:12,fill-000002,fill-000007,buy,sell,1778094766960,1778095222391,1778095222391,455431,0.0000499999999999999999999999996,0.003074499999999999999999999975,0.004699999999999999999999999962,0.001625499999999999999999999987,0.004559499999999999999999999963,61.48999999999999999999999999,US cash close,20:00,-2377609,2377609,False,US cash close,20:00,-2833040,2833040,False,US cash close,20:00,-2377609,2377609,False,1129,False,False,False,29,False,False,False
matched_lot,btcusdt_microprice_20260506_18_5h_5sessions_hs2.00_rq5000,2026-05-06 18:00,2026-05-06 19:00,btcusdt_microprice_20260506_18_5h_5sessions_hs2.00_rq5000:2026-05-06 19:00:fill-000002:fill-000008:13,fill-000002,fill-000008,buy,sell,1778094766960,1778095348023,1778095348023,581063,0.00014000,0.01560720000000000000000000000,0.0201600000000000,0.004552800000000000000000000000,0.0197358000000000,111.480000000000000000000,US cash close,20:00,-2251977,2251977,False,US cash close,20:00,-2833040,2833040,False,US cash close,20:00,-2251977,2251977,False,1213,False,False,False,33,False,False,False
matched_lot,btcusdt_microprice_20260506_18_5h_5sessions_hs2.00_rq5000,2026-05-06 18:00,2026-05-06 19:00,btcusdt_microprice_20260506_18_5h_5sessions_hs2.00_rq5000:2026-05-06 19:00:fill-000002:fill-000009:14,fill-000002,fill-000009,buy,sell,1778094766960,1778095958495,1778095958495,1191535,0.0008100000000000000000000000004,0.04980690000000000000000000002,0.07614000000000000000000000004,0.02633310000000000000000000002,0.07290000000000000000000000004,61.48999999999999999999999999,US cash close,20:00,-1641505,1641505,True,US cash close,20:00,-2833040,2833040,False,US cash close,20:00,-1641505,1641505,True,1130,False,False,False,30,False,False,False
matched_lot,btcusdt_microprice_20260506_18_5h_5sessions_hs2.00_rq5000,2026-05-06 18:00,2026-05-06 19:00,btcusdt_microprice_20260506_18_5h_5sessions_hs2.00_rq5000:2026-05-06 19:00:fill-000003:fill-000009:15,fill-000003,fill-000009,buy,sell,1778094937323,1778095958495,1778095958495,1021172,0.0000999999999999999999999999996,0.008503470799999999999999999964,0.01175399999999999999999999995,0.003250529199999999999999999986,0.01135399999999999999999999995,85.03470799999999999999999998,US cash close,20:00,-1641505,1641505,True,US cash close,20:00,-2662677,2662677,False,US cash close,20:00,-1641505,1641505,True,1179,False,False,False,32,False,False,False
matched_lot,btcusdt_microprice_20260506_18_5h_5sessions_hs2.00_rq5000,2026-05-06 18:00,2026-05-06 20:00,btcusdt_microprice_20260506_18_5h_5sessions_hs2.00_rq5000:2026-05-06 20:00:fill-000001:fill-000003:16,fill-000001,fill-000003,buy,sell,1778098043295,1778098693448,1778098693448,650153,0.00006999999999999999999999999878,0.001774696139999999999999999969,0.004060699999999999999999999929,0.002286003859999999999999999960,0.003779999999999999999999999933,25.35280200000000000000000000,US cash close,20:00,1093448,1093448,True,US cash close,20:00,443295,443295,True,US cash close,20:00,1093448,1093448,True,1023,False,False,False,27,False,False,False
matched_lot,btcusdt_microprice_20260506_18_5h_5sessions_hs2.00_rq5000,2026-05-06 18:00,2026-05-06 20:00,btcusdt_microprice_20260506_18_5h_5sessions_hs2.00_rq5000:2026-05-06 20:00:fill-000002:fill-000003:17,fill-000002,fill-000003,buy,sell,1778098490084,1778098693448,1778098693448,203364,0.00063000,-0.00442491336000000000,0.0161532000000000,0.02057811336000000000,0.0136269000000000,-7.023672000000,US cash close,20:00,1093448,1093448,True,US cash close,20:00,890084,890084,True,US cash close,20:00,1093448,1093448,True,862,False,False,False,23,False,False,False
matched_lot,btcusdt_microprice_20260506_18_5h_5sessions_hs2.00_rq5000,2026-05-06 18:00,2026-05-06 20:00,btcusdt_microprice_20260506_18_5h_5sessions_hs2.00_rq5000:2026-05-06 20:00:fill-000003:fill-000004:18,fill-000003,fill-000004,sell,buy,1778098693448,1778098695915,1778098695915,2467,0.0002922109780779828818064327347,-0.009835528726704869662756955804,-0.0002892888682972030529883684074,0.009546239858407666609768587397,-0.0009789067765612426540515496613,-33.65899800000000000000000000,US cash close,20:00,1095915,1095915,True,US cash close,20:00,1093448,1093448,True,US cash close,20:00,1095915,1095915,True,720,False,False,False,18,False,False,False
matched_lot,btcusdt_microprice_20260506_18_5h_5sessions_hs2.00_rq5000,2026-05-06 18:00,2026-05-06 20:00,btcusdt_microprice_20260506_18_5h_5sessions_hs2.00_rq5000:2026-05-06 20:00:fill-000003:fill-000005:19,fill-000003,fill-000005,sell,buy,1778098693448,1778099268529,1778099268529,575081,0.0000077890219220171181935672665,-0.0001453898831963715282011265976,0.0001090463069082396547099417310,0.0002544361901046111829110683286,0.00007781232900095101075373699234,-18.66600000000000000000000014,US cash close,20:00,1668529,1668529,True,US cash close,20:00,1093448,1093448,True,US cash close,20:00,1668529,1668529,True,820,False,False,False,20,False,False,False
matched_lot,btcusdt_microprice_20260506_18_5h_5sessions_hs2.00_rq5000,2026-05-06 18:00,2026-05-06 20:00,btcusdt_microprice_20260506_18_5h_5sessions_hs2.00_rq5000:2026-05-06 20:00:fill-000005:fill-000007:20,fill-000005,fill-000007,buy,sell,1778099268529,1778099608027,1778099608027,339498,0.00029000,-0.1090442096400000000000000000,-0.0995918000000000,0.009452409640000000000000000000,-0.1007663000000000,-376.01451600000000000000,US cash close,20:00,2008027,2008027,False,US cash close,20:00,1668529,1668529,True,US cash close,20:00,2008027,2008027,False,56,False,True,True,1,True,True,True
matched_lot,btcusdt_microprice_20260506_18_5h_5sessions_hs2.00_rq5000,2026-05-06 18:00,2026-05-06 20:00,btcusdt_microprice_20260506_18_5h_5sessions_hs2.00_rq5000:2026-05-06 20:00:fill-000005:fill-000008:21,fill-000005,fill-000008,buy,sell,1778099268529,1778099627766,1778099627766,359237,0.0004198386698493703185447362,-0.1499362679185348588361182018,-0.1362502435262161494773232390,0.01368602439231870935879496280,-0.1379295982056136307515021838,-357.1282940000000000000000000,US cash close,20:00,2027766,2027766,False,US cash close,20:00,1668529,1668529,True,US cash close,20:00,2027766,2027766,False,58,False,True,True,2,False,True,True
matched_lot,btcusdt_microprice_20260506_18_5h_5sessions_hs2.00_rq5000,2026-05-06 18:00,2026-05-06 20:00,btcusdt_microprice_20260506_18_5h_5sessions_hs2.00_rq5000:2026-05-06 20:00:fill-000005:fill-000010:22,fill-000005,fill-000010,buy,sell,1778099268529,1778100506748,1778100506748,1238219,0.0002823723082286125632616965335,-0.09787035498096040587152932319,-0.08866490478378434486417271152,0.009205450197176061007356611670,-0.08979721773978108124285211462,-346.6004000000000000000000000,US cash close,20:00,2906748,2906748,False,US cash close,20:00,1668529,1668529,True,US cash close,20:00,2906748,2906748,False,63,False,True,True,3,False,False,True
matched_lot,btcusdt_microprice_20260506_18_5h_5sessions_hs2.00_rq5000,2026-05-06 18:00,2026-05-06 20:00,btcusdt_microprice_20260506_18_5h_5sessions_hs2.00_rq5000:2026-05-06 20:00:fill-000006:fill-000010:23,fill-000006,fill-000010,buy,sell,1778099470436,1778100506748,1778100506748,1036312,0.0007176276917713874367383034665,-0.1051758015570912512833404514,-0.08180955686193816778816659518,0.02336624469515308349517385619,-0.08468724390594143140948719208,-146.5604000000000000000000000,US cash close,20:00,2906748,2906748,False,US cash close,20:00,1870436,1870436,False,US cash close,20:00,2906748,2906748,False,280,False,False,False,6,False,False,False
matched_lot,btcusdt_microprice_20260506_18_5h_5sessions_hs2.00_rq5000,2026-05-06 18:00,2026-05-06 20:00,btcusdt_microprice_20260506_18_5h_5sessions_hs2.00_rq5000:2026-05-06 20:00:fill-000006:fill-000011:24,fill-000006,fill-000011,buy,sell,1778099470436,1778100800140,1778100800140,1329704,0.00007000,-0.01102907400000000000000000000,-0.0087500000000000,0.002279074000000000000000000001,-0.0088921000000000,-157.558200000000000000000,US cash close,20:00,3200140,3200140,False,US cash close,20:00,1870436,1870436,False,US cash close,20:00,3200140,3200140,False,252,False,False,False,5,False,False,False
matched_lot,btcusdt_microprice_20260506_18_5h_5sessions_hs2.00_rq5000,2026-05-06 18:00,2026-05-06 20:00,btcusdt_microprice_20260506_18_5h_5sessions_hs2.00_rq5000:2026-05-06 20:00:fill-000006:fill-000012:25,fill-000006,fill-000012,buy,sell,1778099470436,1778100844715,1778100844715,1374279,0.0002123723082286125632616965335,-0.02985139144030694767216528347,-0.02293620928869015683226322562,0.006915182151616790839902057849,-0.02336307762822966808441923565,-140.5616000000000000000000000,US cash close,20:00,3244715,3244715,False,US cash close,20:00,1870436,1870436,False,US cash close,20:00,3244715,3244715,False,295,False,False,False,7,False,False,False
matched_lot,btcusdt_microprice_20260506_18_5h_5sessions_hs2.00_rq5000,2026-05-06 18:00,2026-05-06 20:00,btcusdt_microprice_20260506_18_5h_5sessions_hs2.00_rq5000:2026-05-06 20:00:fill-000009:fill-000012:26,fill-000009,fill-000012,buy,sell,1778100169499,1778100844715,1778100844715,675216,0.0007876276917713874367383034665,-0.04767951332274061777264036985,-0.02204569909268113435430511403,0.02563381423005948341833525582,-0.02362883075314162310214910400,-60.53559800000000000000000000,US cash close,20:00,3244715,3244715,False,US cash close,20:00,2569499,2569499,False,US cash close,20:00,3244715,3244715,False,593,False,False,False,16,False,False,False
matched_lot,btcusdt_microprice_20260506_18_5h_5sessions_hs2.00_rq5000,2026-05-06 18:00,2026-05-06 21:00,btcusdt_microprice_20260506_18_5h_5sessions_hs2.00_rq5000:2026-05-06 21:00:fill-000001:fill-000002:27,fill-000001,fill-000002,sell,buy,1778102033695,1778102572715,1778102572715,539020,0.00007000,-0.00583608060000000000,-0.0035574000000000,0.00227868060000000000,-0.0037240000000000,-83.372580000000,US cash close,20:00,4972715,4972715,False,US cash close,20:00,4433695,4433695,False,US cash close,20:00,4972715,4972715,False,475,False,False,False,13,False,False,False
matched_lot,btcusdt_microprice_20260506_18_5h_5sessions_hs2.00_rq5000,2026-05-06 18:00,2026-05-06 21:00,btcusdt_microprice_20260506_18_5h_5sessions_hs2.00_rq5000:2026-05-06 21:00:fill-000002:fill-000003:28,fill-000002,fill-000003,buy,sell,1778102572715,1778103097561,1778103097561,524846,0.00007000,0.00087977596000000000,0.0031598000000000,0.00228002404000000000,0.0029932000000000,12.568228000000,US cash close,20:00,5497561,5497561,False,US cash close,20:00,4972715,4972715,False,US cash close,20:00,5497561,5497561,False,962,False,False,False,26,False,False,False
matched_lot,btcusdt_microprice_20260506_18_5h_5sessions_hs2.00_rq5000,2026-05-06 18:00,2026-05-06 21:00,btcusdt_microprice_20260506_18_5h_5sessions_hs2.00_rq5000:2026-05-06 21:00:fill-000002:fill-000004:29,fill-000002,fill-000004,buy,sell,1778102572715,1778103797191,1778103797191,1224476,0.00014000,0.02246421016000000000,0.0270284000000000,0.00456418984000000000,0.0266952000000000,160.458644000000,US cash close,20:00,6197191,6197191,False,US cash close,20:00,4972715,4972715,False,US cash close,20:00,6197191,6197191,False,1295,False,False,False,35,False,False,False
matched_lot,btcusdt_microprice_20260506_18_5h_5sessions_hs2.00_rq5000,2026-05-06 18:00,2026-05-06 21:00,btcusdt_microprice_20260506_18_5h_5sessions_hs2.00_rq5000:2026-05-06 21:00:fill-000002:fill-000005:30,fill-000002,fill-000005,buy,sell,1778102572715,1778103878568,1778103878568,1305853,0.00072000,0.08629687152000000000,0.1097640000000000,0.02346712848000000000,0.1088928000000000,119.856766000000,US cash close,20:00,6278568,6278568,False,US cash close,20:00,4972715,4972715,False,US cash close,20:00,6278568,6278568,False,1223,False,False,False,34,False,False,False
matched_lot,btcusdt_microprice_20260506_18_5h_5sessions_hs2.00_rq5000,2026-05-06 18:00,2026-05-06 21:00,btcusdt_microprice_20260506_18_5h_5sessions_hs2.00_rq5000:2026-05-06 21:00:fill-000005:fill-000008:31,fill-000005,fill-000008,sell,buy,1778103878568,1778104479367,1778104479367,600799,0.0001396067415730337078651685393,-0.01218971517415730337078651685,-0.007633696629213483146067415729,0.004556018544943820224719101122,-0.008030179775280898876404494380,-87.31465999999999999999999999,US cash close,20:00,6879367,6879367,False,US cash close,20:00,6278568,6278568,False,US cash close,20:00,6879367,6879367,False,459,False,False,False,11,False,False,False
matched_lot,btcusdt_microprice_20260506_18_5h_5sessions_hs2.00_rq5000,2026-05-06 18:00,2026-05-06 22:00,btcusdt_microprice_20260506_18_5h_5sessions_hs2.00_rq5000:2026-05-06 22:00:fill-000001:fill-000004:32,fill-000001,fill-000004,buy,sell,1778105198069,1778106935390,1778106935390,1737321,0.00056000,-0.09397256288000000000000000000,-0.0757456000000000,0.01822696288000000000000000000,-0.0768712000000000,-167.808148000000000000000,Tokyo,00:00,-5064610,5064610,False,Tokyo,00:00,-6801931,6801931,False,Tokyo,00:00,-5064610,5064610,False,228,False,False,False,4,False,False,True
matched_lot,btcusdt_microprice_20260506_18_5h_5sessions_hs2.00_rq5000,2026-05-06 18:00,2026-05-06 22:00,btcusdt_microprice_20260506_18_5h_5sessions_hs2.00_rq5000:2026-05-06 22:00:fill-000001:fill-000006:33,fill-000001,fill-000006,buy,sell,1778105198069,1778108006844,1778108006844,2808775,0.0000284805945499587118084227911,-0.002807104360033030553261767138,-0.001879719240297274979355904213,0.0009273851197357555739058629245,-0.001936965235342691990090834023,-98.56200000000000000000000006,Tokyo,00:00,-3993156,3993156,False,Tokyo,00:00,-6801931,6801931,False,Tokyo,00:00,-3993156,3993156,False,417,False,False,False,9,False,False,False
matched_lot,btcusdt_microprice_20260506_18_5h_5sessions_hs2.00_rq5000,2026-05-06 18:00,2026-05-06 22:00,btcusdt_microprice_20260506_18_5h_5sessions_hs2.00_rq5000:2026-05-06 22:00:fill-000002:fill-000006:34,fill-000002,fill-000006,buy,sell,1778105211764,1778108006844,1778108006844,2795080,0.0001115194054500412881915772089,-0.01076737680421139554087530966,-0.007136126754748142031379025598,0.003631250049463253509496284062,-0.007361395953757225433526011560,-96.55159800000000000000000000,Tokyo,00:00,-3993156,3993156,False,Tokyo,00:00,-6788236,6788236,False,Tokyo,00:00,-3993156,3993156,False,429,False,False,False,10,False,False,False
matched_lot,btcusdt_microprice_20260506_18_5h_5sessions_hs2.00_rq5000,2026-05-06 18:00,2026-05-06 22:00,btcusdt_microprice_20260506_18_5h_5sessions_hs2.00_rq5000:2026-05-06 22:00:fill-000002:fill-000007:35,fill-000002,fill-000007,buy,sell,1778105211764,1778108026190,1778108026190,2814426,0.00007000,-0.006090245560000000000000000000,-0.0038108000000000,0.002279445560000000000000000000,-0.0039522000000000,-87.0035080000000000000000,Tokyo,00:00,-3973810,3973810,False,Tokyo,00:00,-6788236,6788236,False,Tokyo,00:00,-3973810,3973810,False,460,False,False,False,12,False,False,False
matched_lot,btcusdt_microprice_20260507_16_5h_5sessions_hs2.00_rq5000,2026-05-07 16:00,2026-05-07 16:00,btcusdt_microprice_20260507_16_5h_5sessions_hs2.00_rq5000:2026-05-07 16:00:fill-000001:fill-000002:1,fill-000001,fill-000002,buy,sell,1778169605390,1778169676690,1778169676690,71300,0.001,-0.011944000000000,0.02000000000,0.031944000000000,0.01799000000,-11.944000000000,US cash open,13:30,9076690,9076690,False,US cash open,13:30,9005390,9005390,False,US cash open,13:30,9076690,9076690,False,845,False,False,False,57,False,False,False
matched_lot,btcusdt_microprice_20260507_16_5h_5sessions_hs2.00_rq5000,2026-05-07 16:00,2026-05-07 16:00,btcusdt_microprice_20260507_16_5h_5sessions_hs2.00_rq5000:2026-05-07 16:00:fill-000003:fill-000012:2,fill-000003,fill-000012,sell,buy,1778169727081,1778170161073,1778170161073,433992,0.0003500000000000000000000000000,0.02054019870000000000000000000,0.03171350000000000000000000000,0.0111733013000000000000000,0.03031000000000000000000000000,58.686282,US cash open,13:30,9561073,9561073,False,US cash open,13:30,9127081,9127081,False,US cash open,13:30,9561073,9561073,False,1121,False,False,False,82,False,False,False
matched_lot,btcusdt_microprice_20260507_16_5h_5sessions_hs2.00_rq5000,2026-05-07 16:00,2026-05-07 16:00,btcusdt_microprice_20260507_16_5h_5sessions_hs2.00_rq5000:2026-05-07 16:00:fill-000004:fill-000012:3,fill-000004,fill-000012,sell,buy,1778169740391,1778170161073,1778170161073,420682,0.0001800000000000000000000000000,0.01693425636000000000000000000,0.02268180000000000000000000000,0.005747543640000000000000000000,0.02232000000000000000000000000,94.079202,US cash open,13:30,9561073,9561073,False,US cash open,13:30,9140391,9140391,False,US cash open,13:30,9561073,9561073,False,1192,False,False,False,87,False,False,False
matched_lot,btcusdt_microprice_20260507_16_5h_5sessions_hs2.00_rq5000,2026-05-07 16:00,2026-05-07 16:00,btcusdt_microprice_20260507_16_5h_5sessions_hs2.00_rq5000:2026-05-07 16:00:fill-000004:fill-000014:4,fill-000004,fill-000014,sell,buy,1778169740391,1778170213472,1778170213472,473081,0.00012000,0.00399684600000000000,0.0078300000000000,0.00383315400000000000,0.0075888000000000,33.307050000000,US cash open,13:30,9613472,9613472,False,US cash open,13:30,9140391,9140391,False,US cash open,13:30,9613472,9613472,False,1050,False,False,False,74,False,False,False
matched_lot,btcusdt_microprice_20260507_16_5h_5sessions_hs2.00_rq5000,2026-05-07 16:00,2026-05-07 16:00,btcusdt_microprice_20260507_16_5h_5sessions_hs2.00_rq5000:2026-05-07 16:00:fill-000004:fill-000015:5,fill-000004,fill-000015,sell,buy,1778169740391,1778170213472,1778170213472,473081,0.00012000,0.00399684600000000000,0.0078300000000000,0.00383315400000000000,0.0075888000000000,33.307050000000,US cash open,13:30,9613472,9613472,False,US cash open,13:30,9140391,9140391,False,US cash open,13:30,9613472,9613472,False,1051,False,False,False,75,False,False,False
matched_lot,btcusdt_microprice_20260507_16_5h_5sessions_hs2.00_rq5000,2026-05-07 16:00,2026-05-07 16:00,btcusdt_microprice_20260507_16_5h_5sessions_hs2.00_rq5000:2026-05-07 16:00:fill-000004:fill-000016:6,fill-000004,fill-000016,sell,buy,1778169740391,1778170213494,1778170213494,473103,0.00017000,0.00566219850000000000,0.0110925000000000,0.00543030150000000000,0.0107508000000000,33.307050000000,US cash open,13:30,9613494,9613494,False,US cash open,13:30,9140391,9140391,False,US cash open,13:30,9613494,9613494,False,1052,False,False,False,76,False,False,False
matched_lot,btcusdt_microprice_20260507_16_5h_5sessions_hs2.00_rq5000,2026-05-07 16:00,2026-05-07 16:00,btcusdt_microprice_20260507_16_5h_5sessions_hs2.00_rq5000:2026-05-07 16:00:fill-000004:fill-000017:7,fill-000004,fill-000017,sell,buy,1778169740391,1778170213511,1778170213511,473120,0.0004100000000000000000000000000,0.01365589050000000000000000000,0.02675250000000000000000000000,0.0130966095000000000000000,0.02592840000000000000000000000,33.30705,US cash open,13:30,9613511,9613511,False,US cash open,13:30,9140391,9140391,False,US cash open,13:30,9613511,9613511,False,1053,False,False,False,77,False,False,False
matched_lot,btcusdt_microprice_20260507_16_5h_5sessions_hs2.00_rq5000,2026-05-07 16:00,2026-05-07 16:00,btcusdt_microprice_20260507_16_5h_5sessions_hs2.00_rq5000:2026-05-07 16:00:fill-000005:fill-000017:8,fill-000005,fill-000017,sell,buy,1778169758882,1778170213511,1778170213511,454629,0.0001800000000000000000000000000,0.006355197000000000000000000000,0.01210500000000000000000000000,0.005749803000000000000000000000,0.01138320000000000000000000000,35.30665,US cash open,13:30,9613511,9613511,False,US cash open,13:30,9158882,9158882,False,US cash open,13:30,9613511,9613511,False,1063,False,False,False,78,False,False,False
matched_lot,btcusdt_microprice_20260507_16_5h_5sessions_hs2.00_rq5000,2026-05-07 16:00,2026-05-07 16:00,btcusdt_microprice_20260507_16_5h_5sessions_hs2.00_rq5000:2026-05-07 16:00:fill-000005:fill-000019:9,fill-000005,fill-000019,sell,buy,1778169758882,1778170596025,1778170596025,837143,0.0001836363636363636363636363636,0.02462130254545454545454545454,0.03048363636363636363636363636,0.005862333818181818181818181817,0.02974725454545454545454545454,134.0764000000000000000000000,US cash open,13:30,9996025,9996025,False,US cash open,13:30,9158882,9158882,False,US cash open,13:30,9996025,9996025,False,1243,False,False,False,90,False,False,False
matched_lot,btcusdt_microprice_20260507_16_5h_5sessions_hs2.00_rq5000,2026-05-07 16:00,2026-05-07 16:00,btcusdt_microprice_20260507_16_5h_5sessions_hs2.00_rq5000:2026-05-07 16:00:fill-000006:fill-000019:10,fill-000006,fill-000019,sell,buy,1778169790150,1778170596025,1778170596025,805875,0.0007467007150153217568947906027,0.1168899531400612870275791624,0.1407306837589376915219611849,0.02384073061887640449438202248,0.1377364138917262512768130745,156.5419060000000000000000000,US cash open,13:30,9996025,9996025,False,US cash open,13:30,9190150,9190150,False,US cash open,13:30,9996025,9996025,False,1281,False,False,False,94,False,False,False
matched_lot,btcusdt_microprice_20260507_16_5h_5sessions_hs2.00_rq5000,2026-05-07 16:00,2026-05-07 16:00,btcusdt_microprice_20260507_16_5h_5sessions_hs2.00_rq5000:2026-05-07 16:00:fill-000006:fill-000020:11,fill-000006,fill-000020,sell,buy,1778169790150,1778170621009,1778170621009,830859,0.0002532992849846782431052093973,0.03661175352183861082737487232,0.04469972482124616956077630234,0.008087971299407558733401430023,0.04413486741573033707865168539,144.5395060000000000000000000,US cash open,13:30,10021009,10021009,False,US cash open,13:30,9190150,9190150,False,US cash open,13:30,10021009,10021009,False,1260,False,False,False,92,False,False,False
matched_lot,btcusdt_microprice_20260507_16_5h_5sessions_hs2.00_rq5000,2026-05-07 16:00,2026-05-07 16:00,btcusdt_microprice_20260507_16_5h_5sessions_hs2.00_rq5000:2026-05-07 16:00:fill-000007:fill-000020:12,fill-000007,fill-000020,sell,buy,1778169802373,1778170621009,1778170621009,818636,0.000040000000000000000000000000,0.006482640000000000000000000000,0.007760000000000000000000000000,0.00127736000000000000000000,0.007670800000000000000000000000,162.066,US cash open,13:30,10021009,10021009,False,US cash open,13:30,9202373,9202373,False,US cash open,13:30,10021009,10021009,False,1298,False,False,False,97,False,False,False
matched_lot,btcusdt_microprice_20260507_16_5h_5sessions_hs2.00_rq5000,2026-05-07 16:00,2026-05-07 16:00,btcusdt_microprice_20260507_16_5h_5sessions_hs2.00_rq5000:2026-05-07 16:00:fill-000008:fill-000020:13,fill-000008,fill-000020,sell,buy,1778169802373,1778170621009,1778170621009,818636,0.0001067007150153217568947906027,0.01729255807967313585291113381,0.02069993871297242083758937692,0.003407380633299284984678243107,0.02046199611848825331971399387,162.0659999999999999999999999,US cash open,13:30,10021009,10021009,False,US cash open,13:30,9202373,9202373,False,US cash open,13:30,10021009,10021009,False,1297,False,False,False,96,False,False,False
matched_lot,btcusdt_microprice_20260507_16_5h_5sessions_hs2.00_rq5000,2026-05-07 16:00,2026-05-07 16:00,btcusdt_microprice_20260507_16_5h_5sessions_hs2.00_rq5000:2026-05-07 16:00:fill-000008:fill-000021:14,fill-000008,fill-000021,sell,buy,1778169802373,1778170681571,1778170681571,879198,0.0001332992849846782431052093973,0.01360505848927477017364657813,0.01786343718079673135852911133,0.004258378691521961184882533196,0.01732890704800817160367722165,102.0640020000000000000000000,US cash open,13:30,10081571,10081571,False,US cash open,13:30,9202373,9202373,False,US cash open,13:30,10081571,10081571,False,1201,False,False,False,89,False,False,False
matched_lot,btcusdt_microprice_20260507_16_5h_5sessions_hs2.00_rq5000,2026-05-07 16:00,2026-05-07 16:00,btcusdt_microprice_20260507_16_5h_5sessions_hs2.00_rq5000:2026-05-07 16:00:fill-000009:fill-000021:15,fill-000009,fill-000021,sell,buy,1778170138269,1778170681571,1778170681571,543302,0.00007000,-0.00545299986000000000,-0.0032193000000000,0.00223369986000000000,-0.0035000000000000,-77.899998000000,US cash open,13:30,10081571,10081571,False,US cash open,13:30,9538269,9538269,False,US cash open,13:30,10081571,10081571,False,495,False,False,False,33,False,False,False
matched_lot,btcusdt_microprice_20260507_16_5h_5sessions_hs2.00_rq5000,2026-05-07 16:00,2026-05-07 16:00,btcusdt_microprice_20260507_16_5h_5sessions_hs2.00_rq5000:2026-05-07 16:00:fill-000010:fill-000021:16,fill-000010,fill-000021,sell,buy,1778170138270,1778170681571,1778170681571,543301,0.0007967007150153217568947906027,-0.06206298410629213483146067416,-0.03664026588355464759959141982,0.02542271822273748723186925434,-0.03983503575076608784473953014,-77.89999800000000000000000000,US cash open,13:30,10081571,10081571,False,US cash open,13:30,9538270,9538270,False,US cash open,13:30,10081571,10081571,False,496,False,False,False,34,False,False,False
matched_lot,btcusdt_microprice_20260507_16_5h_5sessions_hs2.00_rq5000,2026-05-07 16:00,2026-05-07 16:00,btcusdt_microprice_20260507_16_5h_5sessions_hs2.00_rq5000:2026-05-07 16:00:fill-000010:fill-000022:17,fill-000010,fill-000022,sell,buy,1778170138270,1778170689460,1778170689460,551190,0.0000700000000000000000000000001,-0.004613532000000000000000000006,-0.002380000000000000000000000003,0.002233532000000000000000000003,-0.002660700000000000000000000003,-65.90759999999999999999999999,US cash open,13:30,10089460,10089460,False,US cash open,13:30,9538270,9538270,False,US cash open,13:30,10089460,10089460,False,561,False,False,False,36,False,False,False
matched_lot,btcusdt_microprice_20260507_16_5h_5sessions_hs2.00_rq5000,2026-05-07 16:00,2026-05-07 16:00,btcusdt_microprice_20260507_16_5h_5sessions_hs2.00_rq5000:2026-05-07 16:00:fill-000010:fill-000023:18,fill-000010,fill-000023,sell,buy,1778170138270,1778170878829,1778170878829,740559,0.0000632992849846782431052093972,-0.006979788708784473953013278840,-0.004959498978549540347293156271,0.002020289730234933605720122569,-0.005213329111338100102145045953,-110.2664700000000000000000000,US cash open,13:30,10278829,10278829,False,US cash open,13:30,9538270,9538270,False,US cash open,13:30,10278829,10278829,False,382,False,False,False,24,False,False,False
matched_lot,btcusdt_microprice_20260507_16_5h_5sessions_hs2.00_rq5000,2026-05-07 16:00,2026-05-07 16:00,btcusdt_microprice_20260507_16_5h_5sessions_hs2.00_rq5000:2026-05-07 16:00:fill-000011:fill-000023:19,fill-000011,fill-000023,sell,buy,1778170160905,1778170878829,1778170878829,717924,0.0000067007150153217568947906028,-0.0006450729430030643513789581344,-0.0004311910112359550561797752902,0.0002138819317671092951991828442,-0.0004505560776302349336057201323,-96.26927000000000000000000000,US cash open,13:30,10278829,10278829,False,US cash open,13:30,9560905,9560905,False,US cash open,13:30,10278829,10278829,False,430,False,False,False,26,False,False,False
matched_lot,btcusdt_microprice_20260507_16_5h_5sessions_hs2.00_rq5000,2026-05-07 16:00,2026-05-07 16:00,btcusdt_microprice_20260507_16_5h_5sessions_hs2.00_rq5000:2026-05-07 16:00:fill-000011:fill-000025:20,fill-000011,fill-000025,sell,buy,1778170160905,1778170931516,1778170931516,770611,0.00091000,-0.1242216575600000000000000000,-0.0951678000000000,0.02905385756000000000000000000,-0.0959777000000000,-136.50731600000000000000,US cash open,13:30,10331516,10331516,False,US cash open,13:30,9560905,9560905,False,US cash open,13:30,10331516,10331516,False,308,False,False,False,17,False,False,False
matched_lot,btcusdt_microprice_20260507_16_5h_5sessions_hs2.00_rq5000,2026-05-07 16:00,2026-05-07 16:00,btcusdt_microprice_20260507_16_5h_5sessions_hs2.00_rq5000:2026-05-07 16:00:fill-000011:fill-000026:21,fill-000011,fill-000026,sell,buy,1778170160905,1778171012981,1778171012981,852076,0.00007000,-0.01044819062000000000000000000,-0.0082131000000000,0.002235090620000000000000000004,-0.0084147000000000,-149.259866000000000000000,US cash open,13:30,10412981,10412981,False,US cash open,13:30,9560905,9560905,False,US cash open,13:30,10412981,10412981,False,276,False,False,False,11,False,False,False
matched_lot,btcusdt_microprice_20260507_16_5h_5sessions_hs2.00_rq5000,2026-05-07 16:00,2026-05-07 16:00,btcusdt_microprice_20260507_16_5h_5sessions_hs2.00_rq5000:2026-05-07 16:00:fill-000011:fill-000027:22,fill-000011,fill-000027,sell,buy,1778170160905,1778171137965,1778171137965,977060,0.0000132992849846782431052093972,-0.002383841801062308478038815093,-0.001959117671092951991828396302,0.0004247241299693564862104187907,-0.001997552604698672114402451460,-179.2458620000000000000000001,US cash open,13:30,10537965,10537965,False,US cash open,13:30,9560905,9560905,False,US cash open,13:30,10537965,10537965,False,199,False,False,False,8,False,False,True
matched_lot,btcusdt_microprice_20260507_16_5h_5sessions_hs2.00_rq5000,2026-05-07 16:00,2026-05-07 16:00,btcusdt_microprice_20260507_16_5h_5sessions_hs2.00_rq5000:2026-05-07 16:00:fill-000013:fill-000027:23,fill-000013,fill-000027,sell,buy,1778170194582,1778171137965,1778171137965,943383,0.00007000,-0.00903111370000000000,-0.0067949000000000,0.00223621370000000000,-0.0070756000000000,-129.015910000000,US cash open,13:30,10537965,10537965,False,US cash open,13:30,9594582,9594582,False,US cash open,13:30,10537965,10537965,False,331,False,False,False,19,False,False,False
matched_lot,btcusdt_microprice_20260507_16_5h_5sessions_hs2.00_rq5000,2026-05-07 16:00,2026-05-07 16:00,btcusdt_microprice_20260507_16_5h_5sessions_hs2.00_rq5000:2026-05-07 16:00:fill-000018:fill-000027:24,fill-000018,fill-000027,sell,buy,1778170386500,1778171137965,1778171137965,751465,0.0001267007150153217568947906028,-0.01840361613327885597548518899,-0.01435645801838610827374872320,0.004047158114892747701736465786,-0.01461112645556690500510725231,-145.2526620000000000000000000,US cash open,13:30,10537965,10537965,False,US cash open,13:30,9786500,9786500,False,US cash open,13:30,10537965,10537965,False,282,False,False,False,14,False,False,False
matched_lot,btcusdt_microprice_20260507_16_5h_5sessions_hs2.00_rq5000,2026-05-07 16:00,2026-05-07 16:00,btcusdt_microprice_20260507_16_5h_5sessions_hs2.00_rq5000:2026-05-07 16:00:fill-000018:fill-000031:25,fill-000018,fill-000031,sell,buy,1778170386500,1778171897185,1778171897185,1510685,0.00007000,-0.002625078120000000000000000000,-0.0003906000000000,0.002234478120000000000000000000,-0.0005313000000000,-37.5011160000000000000000,US cash open,13:30,11297185,11297185,False,US cash open,13:30,9786500,9786500,False,US cash open,13:30,11297185,11297185,False,701,False,False,False,45,False,False,False
matched_lot,btcusdt_microprice_20260507_16_5h_5sessions_hs2.00_rq5000,2026-05-07 16:00,2026-05-07 16:00,btcusdt_microprice_20260507_16_5h_5sessions_hs2.00_rq5000:2026-05-07 16:00:fill-000018:fill-000032:26,fill-000018,fill-000032,sell,buy,1778170386500,1778172552094,1778172552094,2165594,0.00014000,-0.02099210400000000000000000000,-0.0165200000000000,0.004472104000000000000000000000,-0.0168014000000000,-149.943600000000000000000,US cash close,20:00,-11447906,11447906,False,US cash open,13:30,9786500,9786500,False,US cash close,20:00,-11447906,11447906,False,273,False,False,False,10,False,False,True
matched_lot,btcusdt_microprice_20260507_16_5h_5sessions_hs2.00_rq5000,2026-05-07 16:00,2026-05-07 16:00,btcusdt_microprice_20260507_16_5h_5sessions_hs2.00_rq5000:2026-05-07 16:00:fill-000018:fill-000033:27,fill-000018,fill-000033,sell,buy,1778170386500,1778172830190,1778172830190,2443690,0.00007000,-0.006612375420000000000000000000,-0.0043771000000000,0.002235275420000000000000000000,-0.0045178000000000,-94.4625060000000000000000,US cash close,20:00,-11169810,11169810,False,US cash open,13:30,9786500,9786500,False,US cash close,20:00,-11169810,11169810,False,432,False,False,False,27,False,False,False
matched_lot,btcusdt_microprice_20260507_16_5h_5sessions_hs2.00_rq5000,2026-05-07 16:00,2026-05-07 16:00,btcusdt_microprice_20260507_16_5h_5sessions_hs2.00_rq5000:2026-05-07 16:00:fill-000018:fill-000034:28,fill-000018,fill-000034,sell,buy,1778170386500,1778173074341,1778173074341,2687841,0.00007000,0.000984843720000000000000000000,0.0032186000000000,0.002233756280000000000000000000,0.0030779000000000,14.0691960000000000000000,US cash close,20:00,-10925659,10925659,False,US cash open,13:30,9786500,9786500,False,US cash close,20:00,-10925659,10925659,False,970,False,False,False,71,False,False,False
matched_lot,btcusdt_microprice_20260507_16_5h_5sessions_hs2.00_rq5000,2026-05-07 16:00,2026-05-07 17:00,btcusdt_microprice_20260507_16_5h_5sessions_hs2.00_rq5000:2026-05-07 17:00:fill-000001:fill-000002:29,fill-000001,fill-000002,buy,sell,1778173222270,1778173515997,1778173515997,293727,0.0000700000000000000000000000000,0.002664844000000000000000000000,0.004900000000000000000000000000,0.002235156000000000000000000000,0.004685800000000000000000000000,38.0692,US cash close,20:00,-10484003,10484003,False,US cash close,20:00,-10777730,10777730,False,US cash close,20:00,-10484003,10484003,False,1069,False,False,False,79,False,False,False
matched_lot,btcusdt_microprice_20260507_16_5h_5sessions_hs2.00_rq5000,2026-05-07 16:00,2026-05-07 17:00,btcusdt_microprice_20260507_16_5h_5sessions_hs2.00_rq5000:2026-05-07 17:00:fill-000002:fill-000004:30,fill-000002,fill-000004,sell,buy,1778173515997,1778173646925,1778173646925,130928,0.0009300000000000000000000000000,-0.07807833600000000000000000000,-0.04836000000000000000000000000,0.02971833600000000000000000000,-0.05208930000000000000000000000,-83.9552,US cash close,20:00,-10353075,10353075,False,US cash close,20:00,-10484003,10484003,False,US cash close,20:00,-10353075,10353075,False,471,False,False,False,31,False,False,False
matched_lot,btcusdt_microprice_20260507_16_5h_5sessions_hs2.00_rq5000,2026-05-07 16:00,2026-05-07 17:00,btcusdt_microprice_20260507_16_5h_5sessions_hs2.00_rq5000:2026-05-07 17:00:fill-000003:fill-000004:31,fill-000003,fill-000004,sell,buy,1778173606822,1778173646925,1778173646925,40103,0.0000700000000000000000000000000,-0.003777284000000000000000000000,-0.001540000000000000000000000000,0.002237284000000000000000000000,-0.001680700000000000000000000000,-53.9612,US cash close,20:00,-10353075,10353075,False,US cash close,20:00,-10393178,10393178,False,US cash close,20:00,-10353075,10353075,False,614,False,False,False,40,False,False,False
matched_lot,btcusdt_microprice_20260507_16_5h_5sessions_hs2.00_rq5000,2026-05-07 16:00,2026-05-07 17:00,btcusdt_microprice_20260507_16_5h_5sessions_hs2.00_rq5000:2026-05-07 17:00:fill-000003:fill-000006:32,fill-000003,fill-000006,sell,buy,1778173606822,1778173756615,1778173756615,149793,0.00048000,-0.02782176000000000000,-0.0124800000000000,0.01534176000000000000,-0.0134448000000000,-57.962000000000,US cash close,20:00,-10243385,10243385,False,US cash close,20:00,-10393178,10393178,False,US cash close,20:00,-10243385,10243385,False,602,False,False,False,38,False,False,False
matched_lot,btcusdt_microprice_20260507_16_5h_5sessions_hs2.00_rq5000,2026-05-07 16:00,2026-05-07 17:00,btcusdt_microprice_20260507_16_5h_5sessions_hs2.00_rq5000:2026-05-07 17:00:fill-000003:fill-000007:33,fill-000003,fill-000007,sell,buy,1778173606822,1778174129915,1778174129915,523093,0.0004500000000000000000000000000,0.00272286000000000000000000000,0.01710000000000000000000000000,0.01437714000000000000000000000,0.01619550000000000000000000000,6.0508,US cash close,20:00,-9870085,9870085,False,US cash close,20:00,-10393178,10393178,False,US cash close,20:00,-9870085,9870085,False,927,False,False,False,66,False,False,False
matched_lot,btcusdt_microprice_20260507_16_5h_5sessions_hs2.00_rq5000,2026-05-07 16:00,2026-05-07 17:00,btcusdt_microprice_20260507_16_5h_5sessions_hs2.00_rq5000:2026-05-07 17:00:fill-000005:fill-000007:34,fill-000005,fill-000007,sell,buy,1778173737559,1778174129915,1778174129915,392356,0.0005500000000000000000000000000,0.02532354000000000000000000000,0.04290000000000000000000000000,0.01757646000000000000000000000,0.04179450000000000000000000000,46.0428,US cash close,20:00,-9870085,9870085,False,US cash close,20:00,-10262441,10262441,False,US cash close,20:00,-9870085,9870085,False,1085,False,False,False,80,False,False,False
matched_lot,btcusdt_microprice_20260507_16_5h_5sessions_hs2.00_rq5000,2026-05-07 16:00,2026-05-07 17:00,btcusdt_microprice_20260507_16_5h_5sessions_hs2.00_rq5000:2026-05-07 17:00:fill-000005:fill-000009:35,fill-000005,fill-000009,sell,buy,1778173737559,1778174317116,1778174317116,579557,0.0004500000000000000000000000000,0.06392790000000000000000000000,0.07830000000000000000000000000,0.01437210000000000000000000000,0.07789050000000000000000000000,142.062,US cash close,20:00,-9682884,9682884,False,US cash close,20:00,-10262441,10262441,False,US cash close,20:00,-9682884,9682884,False,1258,False,False,False,91,False,False,False
matched_lot,btcusdt_microprice_20260507_16_5h_5sessions_hs2.00_rq5000,2026-05-07 16:00,2026-05-07 17:00,btcusdt_microprice_20260507_16_5h_5sessions_hs2.00_rq5000:2026-05-07 17:00:fill-000008:fill-000009:36,fill-000008,fill-000009,sell,buy,1778174292542,1778174317116,1778174317116,24574,0.0004730769230769230769230769230,-0.00373636248461538461538461538,0.01135857692307692307692307692,0.01509493940769230769230769230,0.01073884615384615384615384615,-7.898001999999999999999999992,US cash close,20:00,-9682884,9682884,False,US cash close,20:00,-9707458,9707458,False,US cash close,20:00,-9682884,9682884,False,859,False,False,False,61,False,False,False
matched_lot,btcusdt_microprice_20260507_16_5h_5sessions_hs2.00_rq5000,2026-05-07 16:00,2026-05-07 17:00,btcusdt_microprice_20260507_16_5h_5sessions_hs2.00_rq5000:2026-05-07 17:00:fill-000008:fill-000012:37,fill-000008,fill-000012,sell,buy,1778174292542,1778174798398,1778174798398,505856,0.0000869230769230769230769230770,0.008268348903076923076923076931,0.01104010000000000000000000001,0.002771751096923076923076923079,0.01083061538461538461538461539,95.12259800000000000000000001,US cash close,20:00,-9201602,9201602,False,US cash close,20:00,-9707458,9707458,False,US cash close,20:00,-9201602,9201602,False,1193,False,False,False,88,False,False,False
matched_lot,btcusdt_microprice_20260507_16_5h_5sessions_hs2.00_rq5000,2026-05-07 16:00,2026-05-07 17:00,btcusdt_microprice_20260507_16_5h_5sessions_hs2.00_rq5000:2026-05-07 17:00:fill-000010:fill-000012:38,fill-000010,fill-000012,sell,buy,1778174520029,1778174798398,1778174798398,278369,0.0002030769230769230769230769230,0.01551636483692307692307692307,0.02199119999999999999999999999,0.006474835163076923076923076920,0.02117686153846153846153846153,76.40634199999999999999999999,US cash close,20:00,-9201602,9201602,False,US cash close,20:00,-9479971,9479971,False,US cash close,20:00,-9201602,9201602,False,1165,False,False,False,86,False,False,False
matched_lot,btcusdt_microprice_20260507_16_5h_5sessions_hs2.00_rq5000,2026-05-07 16:00,2026-05-07 17:00,btcusdt_microprice_20260507_16_5h_5sessions_hs2.00_rq5000:2026-05-07 17:00:fill-000010:fill-000014:39,fill-000010,fill-000014,sell,buy,1778174520029,1778174820724,1778174820724,300695,0.0000769230769230769230769230770,0.01204864492307692307692307693,0.01450000000000000000000000001,0.002451355076923076923076923080,0.01434538461538461538461538462,156.6323839999999999999999999,US cash close,20:00,-9179276,9179276,False,US cash close,20:00,-9479971,9479971,False,US cash close,20:00,-9179276,9179276,False,1282,False,False,False,95,False,False,False
matched_lot,btcusdt_microprice_20260507_16_5h_5sessions_hs2.00_rq5000,2026-05-07 16:00,2026-05-07 17:00,btcusdt_microprice_20260507_16_5h_5sessions_hs2.00_rq5000:2026-05-07 17:00:fill-000011:fill-000014:40,fill-000011,fill-000014,sell,buy,1778174646426,1778174820724,1778174820724,174298,0.00021000,0.04908896076000000000000000000,0.0557844000000000,0.006695439240000000000000000001,0.0553623000000000,233.756956000000000000000,US cash close,20:00,-9179276,9179276,False,US cash close,20:00,-9353574,9353574,False,US cash close,20:00,-9179276,9179276,False,1344,False,False,False,98,False,False,False
matched_lot,btcusdt_microprice_20260507_16_5h_5sessions_hs2.00_rq5000,2026-05-07 16:00,2026-05-07 17:00,btcusdt_microprice_20260507_16_5h_5sessions_hs2.00_rq5000:2026-05-07 17:00:fill-000013:fill-000014:41,fill-000013,fill-000014,sell,buy,1778174819803,1778174820724,1778174820724,921,0.0003430769230769230769230769160,-0.01023066294461538461538461518,0.0006895846153846153846153846012,0.01092024755999999999999999978,0.0006827230769230769230769230629,-29.82031800000000000000000002,US cash close,20:00,-9179276,9179276,False,US cash close,20:00,-9180197,9180197,False,US cash close,20:00,-9179276,9179276,False,741,False,False,False,48,False,False,False
matched_lot,btcusdt_microprice_20260507_16_5h_5sessions_hs2.00_rq5000,2026-05-07 16:00,2026-05-07 17:00,btcusdt_microprice_20260507_16_5h_5sessions_hs2.00_rq5000:2026-05-07 17:00:fill-000013:fill-000015:42,fill-000013,fill-000015,sell,buy,1778174819803,1778174840585,1778174840585,20782,0.000139999999999999999999999999,-0.003502710119999999999999999974,0.0009533999999999999999999999932,0.004456110119999999999999999967,0.0006705999999999999999999999952,-25.01935799999999999999999999,US cash close,20:00,-9159415,9159415,False,US cash close,20:00,-9180197,9180197,False,US cash close,20:00,-9159415,9159415,False,787,False,False,False,52,False,False,False
matched_lot,btcusdt_microprice_20260507_16_5h_5sessions_hs2.00_rq5000,2026-05-07 16:00,2026-05-07 17:00,btcusdt_microprice_20260507_16_5h_5sessions_hs2.00_rq5000:2026-05-07 17:00:fill-000013:fill-000016:43,fill-000013,fill-000016,sell,buy,1778174819803,1778174844659,1778174844659,24856,0.0005169230769230769230769230850,-0.01293308352000000000000000020,0.003520246153846153846153846209,0.01645332967384615384615384641,0.003509907692307692307692307748,-25.01935800000000000000000000,US cash close,20:00,-9155341,9155341,False,US cash close,20:00,-9180197,9180197,False,US cash close,20:00,-9155341,9155341,False,786,False,False,False,51,False,False,False
matched_lot,btcusdt_microprice_20260507_16_5h_5sessions_hs2.00_rq5000,2026-05-07 16:00,2026-05-07 17:00,btcusdt_microprice_20260507_16_5h_5sessions_hs2.00_rq5000:2026-05-07 17:00:fill-000016:fill-000017:44,fill-000016,fill-000017,buy,sell,1778174844659,1778174845076,1778174845076,417,0.0003430769230769230769230769160,-0.01023000423692307692307692287,0.0006895846153846153846153846012,0.01091958885230769230769230747,0.0000000000000000000000000000000,-29.81839800000000000000000001,US cash close,20:00,-9154924,9154924,False,US cash close,20:00,-9155341,9155341,False,US cash close,20:00,-9154924,9154924,False,742,False,False,False,49,False,False,False
matched_lot,btcusdt_microprice_20260507_16_5h_5sessions_hs2.00_rq5000,2026-05-07 16:00,2026-05-07 17:00,btcusdt_microprice_20260507_16_5h_5sessions_hs2.00_rq5000:2026-05-07 17:00:fill-000017:fill-000019:45,fill-000017,fill-000019,sell,buy,1778174845076,1778174893171,1778174893171,48095,0.00040000,-0.03513600000000000000000000000,-0.0224000000000000,0.01273600000000000000000000000,-0.0240040000000000,-87.840000000000000000000,US cash close,20:00,-9106829,9106829,False,US cash close,20:00,-9154924,9154924,False,US cash close,20:00,-9106829,9106829,False,455,False,False,False,30,False,False,False
matched_lot,btcusdt_microprice_20260507_16_5h_5sessions_hs2.00_rq5000,2026-05-07 16:00,2026-05-07 17:00,btcusdt_microprice_20260507_16_5h_5sessions_hs2.00_rq5000:2026-05-07 17:00:fill-000017:fill-000020:46,fill-000017,fill-000020,sell,buy,1778174845076,1778174921138,1778174921138,76062,0.0002569230769230769230769230840,-0.04672372246153846153846153975,-0.03853846153846153846153846260,0.008185260923076923076923077148,-0.03956872307692307692307692416,-181.8588000000000000000000000,US cash close,20:00,-9078862,9078862,False,US cash close,20:00,-9154924,9154924,False,US cash close,20:00,-9078862,9078862,False,195,False,False,False,7,False,False,True
matched_lot,btcusdt_microprice_20260507_16_5h_5sessions_hs2.00_rq5000,2026-05-07 16:00,2026-05-07 17:00,btcusdt_microprice_20260507_16_5h_5sessions_hs2.00_rq5000:2026-05-07 17:00:fill-000018:fill-000020:47,fill-000018,fill-000020,sell,buy,1778174884499,1778174921138,1778174921138,36639,0.00007000,-0.00923011614000000000,-0.0069993000000000,0.00223081614000000000,-0.0072800000000000,-131.858802000000,US cash close,20:00,-9078862,9078862,False,US cash close,20:00,-9115501,9115501,False,US cash close,20:00,-9078862,9078862,False,325,False,False,False,18,False,False,False
matched_lot,btcusdt_microprice_20260507_16_5h_5sessions_hs2.00_rq5000,2026-05-07 16:00,2026-05-07 17:00,btcusdt_microprice_20260507_16_5h_5sessions_hs2.00_rq5000:2026-05-07 17:00:fill-000020:fill-000022:48,fill-000020,fill-000022,buy,sell,1778174921138,1778175118060,1778175118060,196922,0.0000730769230769230769230769160,-0.000430715384615384615384615343,0.001899999999999999999999999816,0.002330715384615384615384615159,0.001606961538461538461538461382,-5.894000000000000000000000001,US cash close,20:00,-8881940,8881940,False,US cash close,20:00,-9078862,9078862,False,US cash close,20:00,-8881940,8881940,False,869,False,False,False,62,False,False,False
matched_lot,btcusdt_microprice_20260507_16_5h_5sessions_hs2.00_rq5000,2026-05-07 16:00,2026-05-07 17:00,btcusdt_microprice_20260507_16_5h_5sessions_hs2.00_rq5000:2026-05-07 17:00:fill-000021:fill-000022:49,fill-000021,fill-000022,buy,sell,1778175082558,1778175118060,1778175118060,35502,0.0000215384615384615384615384613,-0.0004716319999999999999999999948,0.0002153846153846153846153846130,0.0006870166153846153846153846078,0.0001290153846153846153846153832,-21.89720000000000000000000000,US cash close,20:00,-8881940,8881940,False,US cash close,20:00,-8917442,8917442,False,US cash close,20:00,-8881940,8881940,False,801,False,False,False,54,False,False,False
matched_lot,btcusdt_microprice_20260507_16_5h_5sessions_hs2.00_rq5000,2026-05-07 16:00,2026-05-07 17:00,btcusdt_microprice_20260507_16_5h_5sessions_hs2.00_rq5000:2026-05-07 17:00:fill-000022:fill-000023:50,fill-000022,fill-000023,sell,buy,1778175118060,1778175172896,1778175172896,54836,0.0000453846153846153846153846227,-0.004566279584615384615384616121,-0.003117923076923076923076923579,0.001448356507692307692307692542,-0.003299915384615384615384615917,-100.6129400000000000000000000,US cash close,20:00,-8827104,8827104,False,US cash close,20:00,-8881940,8881940,False,US cash close,20:00,-8827104,8827104,False,409,False,False,False,25,False,False,False
matched_lot,btcusdt_microprice_20260507_16_5h_5sessions_hs2.00_rq5000,2026-05-07 16:00,2026-05-07 17:00,btcusdt_microprice_20260507_16_5h_5sessions_hs2.00_rq5000:2026-05-07 17:00:fill-000023:fill-000024:51,fill-000023,fill-000024,buy,sell,1778175172896,1778175696062,1778175696062,523166,0.0009546153846153846153846153773,0.05857010235384615384615384570,0.08906561538461538461538461470,0.03049551303076923076923076900,0.08523760769230769230769230704,61.35465999999999999999999999,US cash close,20:00,-8303938,8303938,False,US cash close,20:00,-8827104,8827104,False,US cash close,20:00,-8303938,8303938,False,1128,False,False,False,83,False,False,False
matched_lot,btcusdt_microprice_20260507_16_5h_5sessions_hs2.00_rq5000,2026-05-07 16:00,2026-05-07 17:00,btcusdt_microprice_20260507_16_5h_5sessions_hs2.00_rq5000:2026-05-07 17:00:fill-000024:fill-000025:52,fill-000024,fill-000025,sell,buy,1778175696062,1778175749741,1778175749741,53679,0.0000453846153846153846153846227,-0.0009059495384615384615384616846,0.0005446153846153846153846154724,0.001450564923076923076923077157,0.0003626230769230769230769231354,-19.96160000000000000000000000,US cash close,20:00,-8250259,8250259,False,US cash close,20:00,-8303938,8303938,False,US cash close,20:00,-8250259,8250259,False,814,False,False,False,55,False,False,False
matched_lot,btcusdt_microprice_20260507_16_5h_5sessions_hs2.00_rq5000,2026-05-07 16:00,2026-05-07 17:00,btcusdt_microprice_20260507_16_5h_5sessions_hs2.00_rq5000:2026-05-07 17:00:fill-000025:fill-000026:53,fill-000025,fill-000026,buy,sell,1778175749741,1778175813301,1778175813301,63560,0.00007000000000000000000000000064,-0.001687753900000000000000000015,0.0005495000000000000000000000050,0.002237253900000000000000000020,0.0002688000000000000000000000024,-24.11076999999999999999999999,US cash close,20:00,-8186699,8186699,False,US cash close,20:00,-8250259,8250259,False,US cash close,20:00,-8186699,8186699,False,792,False,False,False,53,False,False,False
matched_lot,btcusdt_microprice_20260507_16_5h_5sessions_hs2.00_rq5000,2026-05-07 16:00,2026-05-07 17:00,btcusdt_microprice_20260507_16_5h_5sessions_hs2.00_rq5000:2026-05-07 17:00:fill-000025:fill-000028:54,fill-000025,fill-000028,buy,sell,1778175749741,1778175902319,1778175902319,152578,0.00008000,-0.003835680160000000000000000000,-0.0012792000000000,0.002556480160000000000000000000,-0.0016000000000000,-47.9460020000000000000000,US cash close,20:00,-8097681,8097681,False,US cash close,20:00,-8250259,8250259,False,US cash close,20:00,-8097681,8097681,False,648,False,False,False,43,False,False,False
matched_lot,btcusdt_microprice_20260507_16_5h_5sessions_hs2.00_rq5000,2026-05-07 16:00,2026-05-07 17:00,btcusdt_microprice_20260507_16_5h_5sessions_hs2.00_rq5000:2026-05-07 17:00:fill-000025:fill-000030:55,fill-000025,fill-000030,buy,sell,1778175749741,1778176206557,1778176206557,456816,0.0005382517482517482517482517403,-0.03119384181818181818181818136,-0.01399454545454545454545454525,0.01719929636363636363636363611,-0.01615293496503496503496503473,-57.95400000000000000000000000,US cash close,20:00,-7793443,7793443,False,US cash close,20:00,-8250259,8250259,False,US cash close,20:00,-7793443,7793443,False,603,False,False,False,39,False,False,False
matched_lot,btcusdt_microprice_20260507_16_5h_5sessions_hs2.00_rq5000,2026-05-07 16:00,2026-05-07 17:00,btcusdt_microprice_20260507_16_5h_5sessions_hs2.00_rq5000:2026-05-07 17:00:fill-000027:fill-000030:56,fill-000027,fill-000030,buy,sell,1778175876121,1778176206557,1778176206557,330436,0.00007000,-0.002797228140000000000000000000,-0.0005607000000000,0.002236528140000000000000000000,-0.0008414000000000,-39.9604020000000000000000,US cash close,20:00,-7793443,7793443,False,US cash close,20:00,-8123879,8123879,False,US cash close,20:00,-7793443,7793443,False,689,False,False,False,44,False,False,False
matched_lot,btcusdt_microprice_20260507_16_5h_5sessions_hs2.00_rq5000,2026-05-07 16:00,2026-05-07 17:00,btcusdt_microprice_20260507_16_5h_5sessions_hs2.00_rq5000:2026-05-07 17:00:fill-000029:fill-000030:57,fill-000029,fill-000030,buy,sell,1778175927890,1778176206557,1778176206557,278667,0.0003220853303999371415101752260,-0.02510590668984363950656085549,-0.01481270434509310913805295864,0.01029320234475053036850789685,-0.01610426651999685707550876130,-77.94799799999999999999999998,US cash close,20:00,-7793443,7793443,False,US cash close,20:00,-8072110,8072110,False,US cash close,20:00,-7793443,7793443,False,493,False,False,False,32,False,False,False
matched_lot,btcusdt_microprice_20260507_16_5h_5sessions_hs2.00_rq5000,2026-05-07 16:00,2026-05-07 17:00,btcusdt_microprice_20260507_16_5h_5sessions_hs2.00_rq5000:2026-05-07 17:00:fill-000029:fill-000031:58,fill-000029,fill-000031,buy,sell,1778175927890,1778176243511,1778176243511,315621,0.0000281960847059634742383316436,-0.001859543008400004099480718750,-0.0009583849191556984893608925660,0.0009011580892443056101198261844,-0.001015059049414685072579939169,-65.95039799999999999999999995,US cash close,20:00,-7756489,7756489,False,US cash close,20:00,-8072110,8072110,False,US cash close,20:00,-7756489,7756489,False,560,False,False,False,35,False,False,False
matched_lot,btcusdt_microprice_20260507_16_5h_5sessions_hs2.00_rq5000,2026-05-07 16:00,2026-05-07 17:00,btcusdt_microprice_20260507_16_5h_5sessions_hs2.00_rq5000:2026-05-07 17:00:fill-000031:fill-000036:59,fill-000031,fill-000036,sell,buy,1778176243511,1778176638443,1778176638443,394932,0.0002177484778496311142684702682,-0.04703158083013296422329260062,-0.04006571992433212502539852935,0.006965860905800839197894071266,-0.04093453635095215317132972572,-215.9904000000000000000000000,US cash close,20:00,-7361557,7361557,False,US cash close,20:00,-7756489,7756489,False,US cash close,20:00,-7361557,7361557,False,152,False,False,False,5,False,True,True
matched_lot,btcusdt_microprice_20260507_16_5h_5sessions_hs2.00_rq5000,2026-05-07 16:00,2026-05-07 17:00,btcusdt_microprice_20260507_16_5h_5sessions_hs2.00_rq5000:2026-05-07 17:00:fill-000032:fill-000036:60,fill-000032,fill-000036,sell,buy,1778176244016,1778176638443,1778176638443,394427,0.0005717493889045533294466593675,-0.1234923792092500354485157354,-0.1052018875584378126181853236,0.01829049165081222283033041183,-0.1074831676201669804026774945,-215.9903999999999999999999999,US cash close,20:00,-7361557,7361557,False,US cash close,20:00,-7755984,7755984,False,US cash close,20:00,-7361557,7361557,False,153,False,False,False,6,False,False,True
matched_lot,btcusdt_microprice_20260507_16_5h_5sessions_hs2.00_rq5000,2026-05-07 16:00,2026-05-07 17:00,btcusdt_microprice_20260507_16_5h_5sessions_hs2.00_rq5000:2026-05-07 17:00:fill-000032:fill-000037:61,fill-000032,fill-000037,sell,buy,1778176244016,1778176651247,1778176651247,407231,0.00014000,-0.03051871200000000000000000000,-0.0260400000000000,0.004478712000000000000000000002,-0.0263214000000000,-217.990800000000000000000,US cash close,20:00,-7348753,7348753,False,US cash close,20:00,-7755984,7755984,False,US cash close,20:00,-7348753,7348753,False,151,False,False,False,4,False,True,True
matched_lot,btcusdt_microprice_20260507_16_5h_5sessions_hs2.00_rq5000,2026-05-07 16:00,2026-05-07 17:00,btcusdt_microprice_20260507_16_5h_5sessions_hs2.00_rq5000:2026-05-07 17:00:fill-000032:fill-000038:62,fill-000032,fill-000038,sell,buy,1778176244016,1778176704398,1778176704398,460382,0.0000423060485398520820465387207,-0.01023745445493313290557673616,-0.008883847132883538708952665960,0.001353607322049594196624070199,-0.008968882290448641393866208789,-241.9855980000000000000000000,US cash close,20:00,-7295602,7295602,False,US cash close,20:00,-7755984,7755984,False,US cash close,20:00,-7295602,7295602,False,125,False,False,True,1,True,True,True
matched_lot,btcusdt_microprice_20260507_16_5h_5sessions_hs2.00_rq5000,2026-05-07 16:00,2026-05-07 17:00,btcusdt_microprice_20260507_16_5h_5sessions_hs2.00_rq5000:2026-05-07 17:00:fill-000033:fill-000038:63,fill-000033,fill-000038,sell,buy,1778176315181,1778176704398,1778176704398,389217,0.0000976939514601479179534612793,-0.02264229676758093991528318645,-0.01951632068319374956956295977,0.003125976084387190345720226676,-0.01976250944087332232280568220,-231.7676420000000000000000001,US cash close,20:00,-7295602,7295602,False,US cash close,20:00,-7684819,7684819,False,US cash close,20:00,-7295602,7295602,False,135,False,False,True,2,False,True,True
matched_lot,btcusdt_microprice_20260507_16_5h_5sessions_hs2.00_rq5000,2026-05-07 16:00,2026-05-07 17:00,btcusdt_microprice_20260507_16_5h_5sessions_hs2.00_rq5000:2026-05-07 17:00:fill-000033:fill-000039:64,fill-000033,fill-000039,sell,buy,1778176315181,1778176777111,1778176777111,461930,0.00007000,-0.01580435108000000000000000000,-0.0135646000000000,0.002239751080000000000000000000,-0.0137410000000000,-225.776444000000000000000,US cash close,20:00,-7222889,7222889,False,US cash close,20:00,-7684819,7684819,False,US cash close,20:00,-7222889,7222889,False,142,False,False,True,3,False,True,True
matched_lot,btcusdt_microprice_20260507_16_5h_5sessions_hs2.00_rq5000,2026-05-07 16:00,2026-05-07 18:00,btcusdt_microprice_20260507_16_5h_5sessions_hs2.00_rq5000:2026-05-07 18:00:fill-000001:fill-000007:65,fill-000001,fill-000007,sell,buy,1778176876915,1778178832025,1778178832025,1955110,0.00007000,-0.006164760000000000000000000000,-0.0039200000000000,0.002244760000000000000000000000,-0.0042007000000000,-88.0680000000000000000000,US cash close,20:00,-5167975,5167975,False,US cash close,20:00,-7123085,7123085,False,US cash close,20:00,-5167975,5167975,False,454,False,False,False,29,False,False,False
matched_lot,btcusdt_microprice_20260507_16_5h_5sessions_hs2.00_rq5000,2026-05-07 16:00,2026-05-07 18:00,btcusdt_microprice_20260507_16_5h_5sessions_hs2.00_rq5000:2026-05-07 18:00:fill-000001:fill-000008:66,fill-000001,fill-000008,sell,buy,1778176876915,1778179482035,1778179482035,2605120,0.0000000000000000000000000000075,-0.0000000000000000000000000000224444550000000,0.000000000000000000000000000217725000000,0.0000000000000000000000000002401694550000000,0.000000000000000000000000000187650000000,-2.992594000000,US cash close,20:00,-4517965,4517965,False,US cash close,20:00,-7123085,7123085,False,US cash close,20:00,-4517965,4517965,False,886,False,False,False,64,False,False,False
matched_lot,btcusdt_microprice_20260507_16_5h_5sessions_hs2.00_rq5000,2026-05-07 16:00,2026-05-07 18:00,btcusdt_microprice_20260507_16_5h_5sessions_hs2.00_rq5000:2026-05-07 18:00:fill-000002:fill-000008:67,fill-000002,fill-000008,sell,buy,1778176901583,1778179482035,1778179482035,2580452,0.0000699999999999999999999999925,-0.000630685719999999999999999933,0.001612799999999999999999999827,0.002243485719999999999999999760,0.001332099999999999999999999857,-9.009796000000000000000000008,US cash close,20:00,-4517965,4517965,False,US cash close,20:00,-7098417,7098417,False,US cash close,20:00,-4517965,4517965,False,854,False,False,False,60,False,False,False
matched_lot,btcusdt_microprice_20260507_16_5h_5sessions_hs2.00_rq5000,2026-05-07 16:00,2026-05-07 18:00,btcusdt_microprice_20260507_16_5h_5sessions_hs2.00_rq5000:2026-05-07 18:00:fill-000002:fill-000009:68,fill-000002,fill-000009,sell,buy,1778176901583,1778179525219,1778179525219,2623636,0.00000010544437271357865289434805,0.000001682385633742199268345290286,0.000005061329890251775338928706400,0.000003378944256509576070583416114,0.000004638497955670324940822370720,15.95519599999999999999999863,US cash close,20:00,-4474781,4474781,False,US cash close,20:00,-7098417,7098417,False,US cash close,20:00,-4474781,4474781,False,982,False,False,False,73,False,False,False
matched_lot,btcusdt_microprice_20260507_16_5h_5sessions_hs2.00_rq5000,2026-05-07 16:00,2026-05-07 18:00,btcusdt_microprice_20260507_16_5h_5sessions_hs2.00_rq5000:2026-05-07 18:00:fill-000003:fill-000009:69,fill-000003,fill-000009,sell,buy,1778177551215,1778179525219,1778179525219,1974004,0.00007000,-0.00070417200000000000,0.0015386000000000,0.00224277200000000000,0.0012579000000000,-10.059600000000,US cash close,20:00,-4474781,4474781,False,US cash close,20:00,-6448785,6448785,False,US cash close,20:00,-4474781,4474781,False,850,False,False,False,58,False,False,False
matched_lot,btcusdt_microprice_20260507_16_5h_5sessions_hs2.00_rq5000,2026-05-07 16:00,2026-05-07 18:00,btcusdt_microprice_20260507_16_5h_5sessions_hs2.00_rq5000:2026-05-07 18:00:fill-000004:fill-000009:70,fill-000004,fill-000009,sell,buy,1778177840267,1778179525219,1778179525219,1684952,0.00007000,0.00452308234000000000,0.0067669000000000,0.00224381766000000000,0.0064862000000000,64.615462000000,US cash close,20:00,-4474781,4474781,False,US cash close,20:00,-6159733,6159733,False,US cash close,20:00,-4474781,4474781,False,1139,False,False,False,84,False,False,False
matched_lot,btcusdt_microprice_20260507_16_5h_5sessions_hs2.00_rq5000,2026-05-07 16:00,2026-05-07 18:00,btcusdt_microprice_20260507_16_5h_5sessions_hs2.00_rq5000:2026-05-07 18:00:fill-000005:fill-000009:71,fill-000005,fill-000009,sell,buy,1778178002405,1778179525219,1778179525219,1522814,0.0000698945556272864213471056520,0.003630882096148052506993759021,0.005871142672692059393156874768,0.002240260576544006886163115747,0.005590865504626640843554981104,51.94799599999999999999999999,US cash close,20:00,-4474781,4474781,False,US cash close,20:00,-5997595,5997595,False,US cash close,20:00,-4474781,4474781,False,1104,False,False,False,81,False,False,False
matched_lot,btcusdt_microprice_20260507_16_5h_5sessions_hs2.00_rq5000,2026-05-07 16:00,2026-05-07 19:00,btcusdt_microprice_20260507_16_5h_5sessions_hs2.00_rq5000:2026-05-07 19:00:fill-000001:fill-000002:72,fill-000001,fill-000002,buy,sell,1778180736566,1778180943460,1778180943460,206894,0.00007000,0.00069045340000000000,0.0029330000000000,0.00224254660000000000,0.0026523000000000,9.863620000000,US cash close,20:00,-3056540,3056540,False,US cash close,20:00,-3263434,3263434,False,US cash close,20:00,-3056540,3056540,False,946,False,False,False,68,False,False,False
matched_lot,btcusdt_microprice_20260507_16_5h_5sessions_hs2.00_rq5000,2026-05-07 16:00,2026-05-07 19:00,btcusdt_microprice_20260507_16_5h_5sessions_hs2.00_rq5000:2026-05-07 19:00:fill-000001:fill-000003:73,fill-000001,fill-000003,buy,sell,1778180736566,1778181017004,1778181017004,280438,0.00007000,-0.00070156814000000000,0.0015407000000000,0.00224226814000000000,0.0012600000000000,-10.022402000000,US cash close,20:00,-2982996,2982996,False,US cash close,20:00,-3263434,3263434,False,US cash close,20:00,-2982996,2982996,False,852,False,False,False,59,False,False,False
matched_lot,btcusdt_microprice_20260507_16_5h_5sessions_hs2.00_rq5000,2026-05-07 16:00,2026-05-07 19:00,btcusdt_microprice_20260507_16_5h_5sessions_hs2.00_rq5000:2026-05-07 19:00:fill-000003:fill-000006:74,fill-000003,fill-000006,sell,buy,1778181017004,1778181830065,1778181830065,813061,0.00015000,0.009898919700000000000000000000,0.0147015000000000,0.004802580300000000000000000000,0.0141000000000000,65.9927980000000000000000,US cash close,20:00,-2169935,2169935,False,US cash close,20:00,-2982996,2982996,False,US cash close,20:00,-2169935,2169935,False,1142,False,False,False,85,False,False,False
matched_lot,btcusdt_microprice_20260507_16_5h_5sessions_hs2.00_rq5000,2026-05-07 16:00,2026-05-07 19:00,btcusdt_microprice_20260507_16_5h_5sessions_hs2.00_rq5000:2026-05-07 19:00:fill-000004:fill-000006:75,fill-000004,fill-000006,sell,buy,1778181189802,1778181830065,1778181830065,640263,0.000126756756756756756756756757,0.01850227816216216216216216220,0.02256270270270270270270270275,0.004060424540540540540540540548,0.02205567567567567567567567572,145.9668000000000000000000000,US cash close,20:00,-2169935,2169935,False,US cash close,20:00,-2810198,2810198,False,US cash close,20:00,-2169935,2169935,False,1263,False,False,False,93,False,False,False
matched_lot,btcusdt_microprice_20260507_16_5h_5sessions_hs2.00_rq5000,2026-05-07 16:00,2026-05-07 19:00,btcusdt_microprice_20260507_16_5h_5sessions_hs2.00_rq5000:2026-05-07 19:00:fill-000005:fill-000006:76,fill-000005,fill-000006,sell,buy,1778181617931,1778181830065,1778181830065,212134,0.0006535803218949286365016702093,-0.00261641274460977831764348619,0.01830024901305800182204676586,0.02091666175766778013969025205,0.01673165624051017309444275736,-4.003200000000000000000000012,US cash close,20:00,-2169935,2169935,False,US cash close,20:00,-2382069,2382069,False,US cash close,20:00,-2169935,2169935,False,880,False,False,False,63,False,False,False
matched_lot,btcusdt_microprice_20260507_16_5h_5sessions_hs2.00_rq5000,2026-05-07 16:00,2026-05-07 19:00,btcusdt_microprice_20260507_16_5h_5sessions_hs2.00_rq5000:2026-05-07 19:00:fill-000005:fill-000007:77,fill-000005,fill-000007,sell,buy,1778181617931,1778182138565,1778182138565,520634,0.00009000,0.001080000000000000000000000001,0.0039600000000000,0.002879999999999999999999999999,0.0037440000000000,12.00000000000000000000000001,US cash close,20:00,-1861435,1861435,False,US cash close,20:00,-2382069,2382069,False,US cash close,20:00,-1861435,1861435,False,955,False,False,False,70,False,False,False
matched_lot,btcusdt_microprice_20260507_16_5h_5sessions_hs2.00_rq5000,2026-05-07 16:00,2026-05-07 19:00,btcusdt_microprice_20260507_16_5h_5sessions_hs2.00_rq5000:2026-05-07 19:00:fill-000005:fill-000008:78,fill-000005,fill-000008,sell,buy,1778181617931,1778182192304,1778182192304,574373,0.00007000000000000000000000000000,0.000685969200000000000000000000,0.002926000000000000000000000000,0.002240030800000000000000000000,0.002758000000000000000000000000,9.79956,US cash close,20:00,-1807696,1807696,False,US cash close,20:00,-2382069,2382069,False,US cash close,20:00,-1807696,1807696,False,945,False,False,False,67,False,False,False
matched_lot,btcusdt_microprice_20260507_16_5h_5sessions_hs2.00_rq5000,2026-05-07 16:00,2026-05-07 19:00,btcusdt_microprice_20260507_16_5h_5sessions_hs2.00_rq5000:2026-05-07 19:00:fill-000005:fill-000013:79,fill-000005,fill-000013,sell,buy,1778181617931,1778182882533,1778182882533,1264602,0.0001864196781050713634983297907,-0.02996408120716671727907682967,-0.02399221257212268448223504406,0.005971868635044032796841785612,-0.02443961979957485575463103556,-160.7345400000000000000000000,US cash close,20:00,-1117467,1117467,True,US cash close,20:00,-2382069,2382069,False,US cash close,20:00,-1117467,1117467,True,247,False,False,False,9,False,False,True
matched_lot,btcusdt_microprice_20260507_16_5h_5sessions_hs2.00_rq5000,2026-05-07 16:00,2026-05-07 19:00,btcusdt_microprice_20260507_16_5h_5sessions_hs2.00_rq5000:2026-05-07 19:00:fill-000009:fill-000013:80,fill-000009,fill-000013,sell,buy,1778182279326,1778182882533,1778182882533,603207,0.0008135803218949286365016702093,-0.1177557770995444883085332523,-0.09169050227755845733373823259,0.02606527482198603097479501973,-0.09332579872456726389310658971,-144.7377400000000000000000000,US cash close,20:00,-1117467,1117467,True,US cash close,20:00,-1720674,1720674,True,US cash close,20:00,-1117467,1117467,True,284,False,False,False,15,False,False,False
matched_lot,btcusdt_microprice_20260507_16_5h_5sessions_hs2.00_rq5000,2026-05-07 16:00,2026-05-07 19:00,btcusdt_microprice_20260507_16_5h_5sessions_hs2.00_rq5000:2026-05-07 19:00:fill-000009:fill-000014:81,fill-000009,fill-000014,sell,buy,1778182279326,1778183033740,1778183033740,754414,0.0001864196781050713634983297907,-0.02774830101444275736410567875,-0.02177568259945338597023990285,0.005972618414989371393865775898,-0.02177754679623443668387488615,-148.8485620000000000000000000,US cash close,20:00,-966260,966260,True,US cash close,20:00,-1720674,1720674,True,US cash close,20:00,-966260,966260,True,278,False,False,False,12,False,False,False
matched_lot,btcusdt_microprice_20260507_16_5h_5sessions_hs2.00_rq5000,2026-05-07 16:00,2026-05-07 19:00,btcusdt_microprice_20260507_16_5h_5sessions_hs2.00_rq5000:2026-05-07 19:00:fill-000010:fill-000014:82,fill-000010,fill-000014,sell,buy,1778182582763,1778183033740,1778183033740,450977,0.000070000,-0.008739035480000000000,-0.00649600000000000,0.002243035480000000000,-0.00663670000000000,-124.843364000000,US cash close,20:00,-966260,966260,True,US cash close,20:00,-1417237,1417237,True,US cash close,20:00,-966260,966260,True,344,False,False,False,21,False,False,False
matched_lot,btcusdt_microprice_20260507_16_5h_5sessions_hs2.00_rq5000,2026-05-07 16:00,2026-05-07 19:00,btcusdt_microprice_20260507_16_5h_5sessions_hs2.00_rq5000:2026-05-07 19:00:fill-000011:fill-000014:83,fill-000011,fill-000014,sell,buy,1778182693717,1778183033740,1778183033740,340023,0.0003565145830812053733510831417,-0.01742235500720803582234055427,-0.005993010141595062326031707612,0.01142934486561297349630884666,-0.006709604453588285126467384727,-48.86856199999999999999999998,US cash close,20:00,-966260,966260,True,US cash close,20:00,-1306283,1306283,True,US cash close,20:00,-966260,966260,True,645,False,False,False,42,False,False,False
matched_lot,btcusdt_microprice_20260507_16_5h_5sessions_hs2.00_rq5000,2026-05-07 16:00,2026-05-07 19:00,btcusdt_microprice_20260507_16_5h_5sessions_hs2.00_rq5000:2026-05-07 19:00:fill-000012:fill-000014:84,fill-000012,fill-000014,sell,buy,1778182693820,1778183033740,1778183033740,339920,0.0003870657388137232631505870676,-0.01891534605529424173611677945,-0.006506575069458688053561368606,0.01240877098583555368255541084,-0.006510445726846825286192874476,-48.86856200000000000000000000,US cash close,20:00,-966260,966260,True,US cash close,20:00,-1306180,1306180,True,US cash close,20:00,-966260,966260,True,644,False,False,False,41,False,False,False
matched_lot,btcusdt_microprice_20260507_16_5h_5sessions_hs2.00_rq5000,2026-05-07 16:00,2026-05-07 19:00,btcusdt_microprice_20260507_16_5h_5sessions_hs2.00_rq5000:2026-05-07 19:00:fill-000012:fill-000015:85,fill-000012,fill-000015,sell,buy,1778182693820,1778183082090,1778183082090,388270,0.0002564196781050713634983297907,-0.008219584065593683571211661105,0.000000000000000000000000000000000000000,0.008219584065593683571211661105,-0.0005154035529911934406316428794,-32.05519999999999999999999999,US cash close,20:00,-917910,917910,True,US cash close,20:00,-1306180,1306180,True,US cash close,20:00,-917910,917910,True,730,False,False,False,47,False,False,False
matched_lot,btcusdt_microprice_20260507_16_5h_5sessions_hs2.00_rq5000,2026-05-07 16:00,2026-05-07 19:00,btcusdt_microprice_20260507_16_5h_5sessions_hs2.00_rq5000:2026-05-07 19:00:fill-000015:fill-000016:86,fill-000015,fill-000016,buy,sell,1778183082090,1778183357321,1778183357321,275231,0.0007435803218949286365016702093,-0.04465170089766170665047069541,-0.02082024901305800182204676586,0.02383145188460370482842392955,-0.02380200610385666565441846340,-60.04960000000000000000000001,US cash close,20:00,-642679,642679,True,US cash close,20:00,-917910,917910,True,US cash close,20:00,-642679,642679,True,595,False,False,False,37,False,False,False
matched_lot,btcusdt_microprice_20260507_16_5h_5sessions_hs2.00_rq5000,2026-05-07 16:00,2026-05-07 19:00,btcusdt_microprice_20260507_16_5h_5sessions_hs2.00_rq5000:2026-05-07 19:00:fill-000016:fill-000017:87,fill-000016,fill-000017,sell,buy,1778183357321,1778183456920,1778183456920,99599,0.0000964196781050713634983297907,-0.01119247375585788035226237476,-0.008101181354388095961129669015,0.003091292401469784391132705747,-0.008487824263589432128757971475,-116.0808040000000000000000000,US cash close,20:00,-543080,543080,True,US cash close,20:00,-642679,642679,True,US cash close,20:00,-543080,543080,True,364,False,False,False,23,False,False,False
matched_lot,btcusdt_microprice_20260507_16_5h_5sessions_hs2.00_rq5000,2026-05-07 16:00,2026-05-07 19:00,btcusdt_microprice_20260507_16_5h_5sessions_hs2.00_rq5000:2026-05-07 19:00:fill-000017:fill-000020:88,fill-000017,fill-000020,buy,sell,1778183456920,1778183706823,1778183706823,249903,0.0009035803218949286365016702093,-0.1301835192073975098694199817,-0.1012190676586699058609170968,0.02896445154872760400850288490,-0.1030352641056787124202854540,-144.0752039999999999999999999,US cash close,20:00,-293177,293177,True,US cash close,20:00,-543080,543080,True,US cash close,20:00,-293177,293177,True,288,False,False,False,16,False,False,False
matched_lot,btcusdt_microprice_20260507_16_5h_5sessions_hs2.00_rq5000,2026-05-07 16:00,2026-05-07 19:00,btcusdt_microprice_20260507_16_5h_5sessions_hs2.00_rq5000:2026-05-07 19:00:fill-000018:fill-000020:89,fill-000018,fill-000020,buy,sell,1778183473433,1778183706823,1778183706823,233390,0.0000964196781050713634983297907,-0.01427551186152444579410871549,-0.01118468266018827816580625572,0.003090829201336167628302459771,-0.01137848621317947160643789860,-148.0560000000000000000000000,US cash close,20:00,-293177,293177,True,US cash close,20:00,-526567,526567,True,US cash close,20:00,-293177,293177,True,279,False,False,False,13,False,False,False
matched_lot,btcusdt_microprice_20260507_16_5h_5sessions_hs2.00_rq5000,2026-05-07 16:00,2026-05-07 19:00,btcusdt_microprice_20260507_16_5h_5sessions_hs2.00_rq5000:2026-05-07 19:00:fill-000018:fill-000022:90,fill-000018,fill-000022,buy,sell,1778183473433,1778183962071,1778183962071,488638,0.0004635803218949286365016702093,-0.05870794362158518068630428178,-0.04384542684482235044032796840,0.01486251677676283024597631338,-0.04477722329183115699969632552,-126.6402840000000000000000000,US cash close,20:00,-37929,37929,True,US cash close,20:00,-526567,526567,True,US cash close,20:00,-37929,37929,True,337,False,False,False,20,False,False,False
matched_lot,btcusdt_microprice_20260507_16_5h_5sessions_hs2.00_rq5000,2026-05-07 16:00,2026-05-07 19:00,btcusdt_microprice_20260507_16_5h_5sessions_hs2.00_rq5000:2026-05-07 19:00:fill-000019:fill-000022:91,fill-000019,fill-000022,buy,sell,1778183680160,1778183962071,1778183962071,281911,0.00014000,0.00019394424000000000,0.0046788000000000,0.00448485576000000000,0.0043974000000000,1.385316000000,US cash close,20:00,-37929,37929,True,US cash close,20:00,-319840,319840,True,US cash close,20:00,-37929,37929,True,904,False,False,False,65,False,False,False
matched_lot,btcusdt_microprice_20260507_16_5h_5sessions_hs2.00_rq5000,2026-05-07 16:00,2026-05-07 19:00,btcusdt_microprice_20260507_16_5h_5sessions_hs2.00_rq5000:2026-05-07 19:00:fill-000021:fill-000022:92,fill-000021,fill-000022,buy,sell,1778183913165,1778183962071,1778183962071,48906,0.0003964196781050713634983297907,-0.01055280441434558153659277255,0.002148594655329486790160947466,0.01270139906967506832675372002,0.001351791102338293349529304587,-26.62028399999999999999999999,US cash close,20:00,-37929,37929,True,US cash close,20:00,-86835,86835,True,US cash close,20:00,-37929,37929,True,770,False,False,False,50,False,False,False
matched_lot,btcusdt_microprice_20260507_16_5h_5sessions_hs2.00_rq5000,2026-05-07 16:00,2026-05-07 19:00,btcusdt_microprice_20260507_16_5h_5sessions_hs2.00_rq5000:2026-05-07 19:00:fill-000021:fill-000023:93,fill-000021,fill-000023,buy,sell,1778183913165,1778183999689,1778183999689,86524,0.0006035803218949286365016702093,0.00721399200728818706346796234,0.02655753416337686000607348921,0.01934354215608867294260552687,0.02413717707257819617370179167,11.95200000000000000000000000,US cash close,20:00,-311,311,True,US cash close,20:00,-86835,86835,True,US cash close,20:00,-311,311,True,954,False,False,False,69,False,False,False
matched_lot,btcusdt_microprice_20260507_16_5h_5sessions_hs2.00_rq5000,2026-05-07 16:00,2026-05-07 20:00,btcusdt_microprice_20260507_16_5h_5sessions_hs2.00_rq5000:2026-05-07 20:00:fill-000001:fill-000002:94,fill-000001,fill-000002,buy,sell,1778184153165,1778184158598,1778184158598,5433,0.00014000,-0.00239817256000000000,0.0020972000000000,0.00449537256000000000,0.0015358000000000,-17.129804000000,US cash close,20:00,158598,158598,True,US cash close,20:00,153165,153165,True,US cash close,20:00,158598,158598,True,822,False,False,False,56,False,False,False
matched_lot,btcusdt_microprice_20260507_16_5h_5sessions_hs2.00_rq5000,2026-05-07 16:00,2026-05-07 20:00,btcusdt_microprice_20260507_16_5h_5sessions_hs2.00_rq5000:2026-05-07 20:00:fill-000002:fill-000003:95,fill-000002,fill-000003,sell,buy,1778184158598,1778184168363,1778184168363,9765,0.00049000,-0.04416095600000000000,-0.0284200000000000,0.01574095600000000000,-0.0294049000000000,-90.124400000000,US cash close,20:00,168363,168363,True,US cash close,20:00,158598,158598,True,US cash close,20:00,168363,168363,True,444,False,False,False,28,False,False,False
matched_lot,btcusdt_microprice_20260507_16_5h_5sessions_hs2.00_rq5000,2026-05-07 16:00,2026-05-07 20:00,btcusdt_microprice_20260507_16_5h_5sessions_hs2.00_rq5000:2026-05-07 20:00:fill-000003:fill-000004:96,fill-000003,fill-000004,buy,sell,1778184168363,1778184192224,1778184192224,23861,0.00051000,-0.06326938212000000000,-0.0468894000000000,0.01637998212000000000,-0.0479451000000000,-124.057612000000,US cash close,20:00,192224,192224,True,US cash close,20:00,168363,168363,True,US cash close,20:00,192224,192224,True,348,False,False,False,22,False,False,False
matched_lot,btcusdt_microprice_20260507_16_5h_5sessions_hs2.00_rq5000,2026-05-07 16:00,2026-05-07 20:00,btcusdt_microprice_20260507_16_5h_5sessions_hs2.00_rq5000:2026-05-07 20:00:fill-000004:fill-000006:97,fill-000004,fill-000006,sell,buy,1778184192224,1778184317975,1778184317975,125751,0.00033000,-0.01189320396000000000,-0.0013002000000000,0.01059300396000000000,-0.0026433000000000,-36.040012000000,US cash close,20:00,317975,317975,True,US cash close,20:00,192224,192224,True,US cash close,20:00,317975,317975,True,705,False,False,False,46,False,False,False
matched_lot,btcusdt_microprice_20260507_16_5h_5sessions_hs2.00_rq5000,2026-05-07 16:00,2026-05-07 20:00,btcusdt_microprice_20260507_16_5h_5sessions_hs2.00_rq5000:2026-05-07 20:00:fill-000005:fill-000006:98,fill-000005,fill-000006,sell,buy,1778184264090,1778184317975,1778184317975,53885,0.00014000000000000000000000000,0.002224544000000000000000000000,0.006720000000000000000000000000,0.004495456000000000000000000000,0.005917800000000000000000000000,15.8896,US cash close,20:00,317975,317975,True,US cash close,20:00,264090,264090,True,US cash close,20:00,317975,317975,True,981,False,False,False,72,False,False,False
matched_lot,btcusdt_microprice_20260508_07_5h_5sessions_hs2.00_rq5000,2026-05-08 07:00,2026-05-08 07:00,btcusdt_microprice_20260508_07_5h_5sessions_hs2.00_rq5000:2026-05-08 07:00:fill-000001:fill-000002:1,fill-000001,fill-000002,sell,buy,1778223795875,1778224225895,1778224225895,430020,0.0000700000000000000000000000000,0.001785934080000000000000000000,0.004009600000000000000000000000,0.002223665920000000000000000000,0.003728900000000000000000000000,25.513344,London,07:00,625895,625895,True,London,07:00,195875,195875,True,London,07:00,625895,625895,True,1025,False,False,False,29,False,False,False
matched_lot,btcusdt_microprice_20260508_07_5h_5sessions_hs2.00_rq5000,2026-05-08 07:00,2026-05-08 07:00,btcusdt_microprice_20260508_07_5h_5sessions_hs2.00_rq5000:2026-05-08 07:00:fill-000001:fill-000003:2,fill-000001,fill-000003,sell,buy,1778223795875,1778224562455,1778224562455,766580,0.0002100908543086265238956102550,0.01665055947555277430120984576,0.02332218573680063041765169441,0.006671626261247856116441848654,0.02289990311964029110462151780,79.25409000000000000000000003,London,07:00,962455,962455,True,London,07:00,195875,195875,True,London,07:00,962455,962455,True,1171,False,False,False,31,False,False,False
matched_lot,btcusdt_microprice_20260508_07_5h_5sessions_hs2.00_rq5000,2026-05-08 07:00,2026-05-08 07:00,btcusdt_microprice_20260508_07_5h_5sessions_hs2.00_rq5000:2026-05-08 07:00:fill-000003:fill-000005:3,fill-000003,fill-000005,buy,sell,1778224562455,1778225381260,1778225381260,818805,0.0007899091456913734761043897450,-0.02791774787744217308672878129,-0.002851572015945858248736846979,0.02506617586149631483799193431,-0.003088544759653270291568163903,-35.34298599999999999999999999,London,07:00,1781260,1781260,True,London,07:00,962455,962455,True,London,07:00,1781260,1781260,True,710,False,False,False,19,False,False,False
matched_lot,btcusdt_microprice_20260508_07_5h_5sessions_hs2.00_rq5000,2026-05-08 07:00,2026-05-08 07:00,btcusdt_microprice_20260508_07_5h_5sessions_hs2.00_rq5000:2026-05-08 07:00:fill-000004:fill-000005:4,fill-000004,fill-000005,buy,sell,1778224630802,1778225381260,1778225381260,750458,0.00008000,-0.00360999536000000000,-0.0010712000000000,0.00253879536000000000,-0.0012552000000000,-45.124942000000,London,07:00,1781260,1781260,True,London,07:00,1030802,1030802,True,London,07:00,1781260,1781260,True,668,False,False,False,18,False,False,False
matched_lot,btcusdt_microprice_20260508_07_5h_5sessions_hs2.00_rq5000,2026-05-08 07:00,2026-05-08 07:00,btcusdt_microprice_20260508_07_5h_5sessions_hs2.00_rq5000:2026-05-08 07:00:fill-000005:fill-000007:5,fill-000005,fill-000007,sell,buy,1778225381260,1778225769593,1778225769593,388333,0.00007000,-0.01511713714000000000000000000,-0.0128933000000000,0.002223837140000000000000000000,-0.0129430000000000,-215.959102000000000000000,London,07:00,2169593,2169593,False,London,07:00,1781260,1781260,True,London,07:00,2169593,2169593,False,154,False,False,False,3,False,False,True
matched_lot,btcusdt_microprice_20260508_07_5h_5sessions_hs2.00_rq5000,2026-05-08 07:00,2026-05-08 08:00,btcusdt_microprice_20260508_07_5h_5sessions_hs2.00_rq5000:2026-05-08 08:00:fill-000001:fill-000002:6,fill-000001,fill-000002,sell,buy,1778227350779,1778227670316,1778227670316,319537,0.000140000000000000000000000000,-0.01018060008000000000000000000,-0.005717600000000000000000000000,0.0044630000800000000000000,-0.005999000000000000000000000000,-72.718572,London,07:00,4070316,4070316,False,London,07:00,3750779,3750779,False,London,07:00,4070316,4070316,False,525,False,False,False,13,False,False,False
matched_lot,btcusdt_microprice_20260508_07_5h_5sessions_hs2.00_rq5000,2026-05-08 07:00,2026-05-08 08:00,btcusdt_microprice_20260508_07_5h_5sessions_hs2.00_rq5000:2026-05-08 08:00:fill-000002:fill-000003:7,fill-000002,fill-000003,buy,sell,1778227670316,1778228192800,1778228192800,522484,0.00007000000000000000000000000001,0.000349711740000000000000000000,0.002582300000000000000000000000,0.002232588260000000000000000000,0.002441600000000000000000000000,4.995881999999999999999999999,London,07:00,4592800,4592800,False,London,07:00,4070316,4070316,False,London,07:00,4592800,4592800,False,920,False,False,False,28,False,False,False
matched_lot,btcusdt_microprice_20260508_07_5h_5sessions_hs2.00_rq5000,2026-05-08 07:00,2026-05-08 08:00,btcusdt_microprice_20260508_07_5h_5sessions_hs2.00_rq5000:2026-05-08 08:00:fill-000002:fill-000005:8,fill-000002,fill-000005,buy,sell,1778227670316,1778230071140,1778230071140,2400824,0.0005700000000000000000000000000,0.1175429091000000000000000000,0.1357455000000000000000000000,0.01820259090000000000000000000,0.1345998000000000000000000000,206.21563,London,07:00,6471140,6471140,False,London,07:00,4070316,4070316,False,London,07:00,6471140,6471140,False,1329,False,False,False,35,False,False,False
matched_lot,btcusdt_microprice_20260508_07_5h_5sessions_hs2.00_rq5000,2026-05-08 07:00,2026-05-08 08:00,btcusdt_microprice_20260508_07_5h_5sessions_hs2.00_rq5000:2026-05-08 08:00:fill-000004:fill-000005:9,fill-000004,fill-000005,buy,sell,1778229231666,1778230071140,1778230071140,839474,0.00028000,0.04638690616000000000,0.0553308000000000,0.00894389384000000000,0.0542080000000000,165.667522000000,London,07:00,6471140,6471140,False,London,07:00,5631666,5631666,False,London,07:00,6471140,6471140,False,1303,False,False,False,34,False,False,False
matched_lot,btcusdt_microprice_20260508_07_5h_5sessions_hs2.00_rq5000,2026-05-08 07:00,2026-05-08 08:00,btcusdt_microprice_20260508_07_5h_5sessions_hs2.00_rq5000:2026-05-08 08:00:fill-000005:fill-000007:10,fill-000005,fill-000007,sell,buy,1778230071140,1778230263057,1778230263057,191917,0.00007000,-0.00204060038000000000,0.0001981000000000,0.00223870038000000000,-0.0000826000000000,-29.151434000000,London,07:00,6663057,6663057,False,London,07:00,6471140,6471140,False,London,07:00,6663057,6663057,False,749,False,False,False,20,False,False,False
matched_lot,btcusdt_microprice_20260508_07_5h_5sessions_hs2.00_rq5000,2026-05-08 07:00,2026-05-08 08:00,btcusdt_microprice_20260508_07_5h_5sessions_hs2.00_rq5000:2026-05-08 08:00:fill-000005:fill-000008:11,fill-000005,fill-000008,sell,buy,1778230071140,1778230429740,1778230429740,358600,0.0000800000000000000000000000000,-0.001727193760000000000000000000,0.0008312000000000000000000000000,0.00255839376,0.0005104000000000000000000000000,-21.589922,London,07:00,6829740,6829740,False,London,07:00,6471140,6471140,False,London,07:00,6829740,6829740,False,804,False,False,False,25,False,False,False
matched_lot,btcusdt_microprice_20260508_07_5h_5sessions_hs2.00_rq5000,2026-05-08 07:00,2026-05-08 08:00,btcusdt_microprice_20260508_07_5h_5sessions_hs2.00_rq5000:2026-05-08 08:00:fill-000006:fill-000008:12,fill-000006,fill-000008,sell,buy,1778230175087,1778230429740,1778230429740,254653,0.00014000,-0.00394640428000000000,0.0005306000000000,0.00447700428000000000,-0.0000308000000000,-28.188602000000,London,07:00,6829740,6829740,False,London,07:00,6575087,6575087,False,London,07:00,6829740,6829740,False,757,False,False,False,22,False,False,False
matched_lot,btcusdt_microprice_20260508_07_5h_5sessions_hs2.00_rq5000,2026-05-08 07:00,2026-05-08 09:00,btcusdt_microprice_20260508_07_5h_5sessions_hs2.00_rq5000:2026-05-08 09:00:fill-000001:fill-000005:13,fill-000001,fill-000005,buy,sell,1778230852938,1778232428409,1778232428409,1575471,0.00014000,0.01528914212000000000,0.0197666000000000,0.00447745788000000000,0.0192052000000000,109.208158000000,London,07:00,8828409,8828409,False,London,07:00,7252938,7252938,False,London,07:00,8828409,8828409,False,1209,False,False,False,32,False,False,False
matched_lot,btcusdt_microprice_20260508_07_5h_5sessions_hs2.00_rq5000,2026-05-08 07:00,2026-05-08 09:00,btcusdt_microprice_20260508_07_5h_5sessions_hs2.00_rq5000:2026-05-08 09:00:fill-000002:fill-000005:14,fill-000002,fill-000005,buy,sell,1778230874786,1778232428409,1778232428409,1553623,0.00015000,0.01728290400000000000000000000,0.0220800000000000,0.004797096000000000000000000000,0.0214785000000000,115.219360000000000000000,London,07:00,8828409,8828409,False,London,07:00,7274786,7274786,False,London,07:00,8828409,8828409,False,1215,False,False,False,33,False,False,False
matched_lot,btcusdt_microprice_20260508_07_5h_5sessions_hs2.00_rq5000,2026-05-08 07:00,2026-05-08 09:00,btcusdt_microprice_20260508_07_5h_5sessions_hs2.00_rq5000:2026-05-08 09:00:fill-000002:fill-000009:15,fill-000002,fill-000009,buy,sell,1778230874786,1778233254334,1778233254334,2379548,0.00014000,-0.008416179240000000000000000000,-0.0039438000000000,0.004472379240000000000000000000,-0.0045052000000000,-60.1155660000000000000000,London,07:00,9654334,9654334,False,London,07:00,7274786,7274786,False,London,07:00,9654334,9654334,False,594,False,False,False,16,False,False,False
matched_lot,btcusdt_microprice_20260508_07_5h_5sessions_hs2.00_rq5000,2026-05-08 07:00,2026-05-08 09:00,btcusdt_microprice_20260508_07_5h_5sessions_hs2.00_rq5000:2026-05-08 09:00:fill-000002:fill-000012:16,fill-000002,fill-000012,buy,sell,1778230874786,1778233753190,1778233753190,2878404,0.000115371577574967405475880052,-0.01176065557757496740547588004,-0.008076010430247718383311603640,0.003684645147327249022164276397,-0.008538650456323337679269882648,-101.9372000000000000000000000,London,07:00,10153190,10153190,False,London,07:00,7274786,7274786,False,London,07:00,10153190,10153190,False,406,False,False,False,10,False,False,False
matched_lot,btcusdt_microprice_20260508_07_5h_5sessions_hs2.00_rq5000,2026-05-08 07:00,2026-05-08 09:00,btcusdt_microprice_20260508_07_5h_5sessions_hs2.00_rq5000:2026-05-08 09:00:fill-000003:fill-000012:17,fill-000003,fill-000012,buy,sell,1778230874787,1778233753190,1778233753190,2878403,0.000584628422425032594524119948,-0.05959538442242503259452411996,-0.04092398956975228161668839636,0.01867139485267275097783572360,-0.04326834954367666232073011736,-101.9372000000000000000000000,London,07:00,10153190,10153190,False,London,07:00,7274787,7274787,False,London,07:00,10153190,10153190,False,407,False,False,False,11,False,False,False
matched_lot,btcusdt_microprice_20260508_07_5h_5sessions_hs2.00_rq5000,2026-05-08 07:00,2026-05-08 09:00,btcusdt_microprice_20260508_07_5h_5sessions_hs2.00_rq5000:2026-05-08 09:00:fill-000003:fill-000013:18,fill-000003,fill-000013,buy,sell,1778230874787,1778234018168,1778234018168,3143381,0.000010000000000000000000000000,-0.0005794600000000000000000000010,-0.0002600000000000000000000000000,0.000319460000000000000000000001,-0.0003001000000000000000000000000,-57.9460000000000000000000001,London,07:00,10418168,10418168,False,London,07:00,7274787,7274787,False,London,07:00,10418168,10418168,False,604,False,False,False,17,False,False,False
matched_lot,btcusdt_microprice_20260508_07_5h_5sessions_hs2.00_rq5000,2026-05-08 07:00,2026-05-08 09:00,btcusdt_microprice_20260508_07_5h_5sessions_hs2.00_rq5000:2026-05-08 09:00:fill-000004:fill-000013:19,fill-000004,fill-000013,buy,sell,1778231664915,1778234018168,1778234018168,2353253,0.00007000,-0.01116194086000000000,-0.0089243000000000,0.00223764086000000000,-0.0092050000000000,-159.456298000000,London,07:00,10418168,10418168,False,London,07:00,8064915,8064915,False,London,07:00,10418168,10418168,False,249,False,False,False,5,False,False,False
matched_lot,btcusdt_microprice_20260508_07_5h_5sessions_hs2.00_rq5000,2026-05-08 07:00,2026-05-08 09:00,btcusdt_microprice_20260508_07_5h_5sessions_hs2.00_rq5000:2026-05-08 09:00:fill-000006:fill-000013:20,fill-000006,fill-000013,buy,sell,1778232574317,1778234018168,1778234018168,1443851,0.000690000000000000000000000000,-0.1172989001400000000000000000,-0.09524070000000000000000000000,0.02205820014000000000000000000,-0.09800760000000000000000000000,-169.998406,London,07:00,10418168,10418168,False,London,07:00,8974317,8974317,False,London,07:00,10418168,10418168,False,222,False,False,False,4,False,False,True
matched_lot,btcusdt_microprice_20260508_07_5h_5sessions_hs2.00_rq5000,2026-05-08 07:00,2026-05-08 10:00,btcusdt_microprice_20260508_07_5h_5sessions_hs2.00_rq5000:2026-05-08 10:00:fill-000001:fill-000002:21,fill-000001,fill-000002,buy,sell,1778234473857,1778234668210,1778234668210,194353,0.00007000,0.00327423628000000000,0.0055132000000000,0.00223896372000000000,0.0053165000000000,46.774804000000,London,07:00,11068210,11068210,False,London,07:00,10873857,10873857,False,London,07:00,11068210,11068210,False,1086,False,False,False,30,False,False,False
matched_lot,btcusdt_microprice_20260508_07_5h_5sessions_hs2.00_rq5000,2026-05-08 07:00,2026-05-08 10:00,btcusdt_microprice_20260508_07_5h_5sessions_hs2.00_rq5000:2026-05-08 10:00:fill-000002:fill-000003:22,fill-000002,fill-000003,sell,buy,1778234668210,1778234724873,1778234724873,56663,0.00014000,-0.003868210360000000000000000000,0.0006118000000000,0.004480010360000000000000000000,0.0002184000000000,-27.6300740000000000000000,London,07:00,11124873,11124873,False,London,07:00,11068210,11068210,False,London,07:00,11124873,11124873,False,763,False,False,False,23,False,False,False
matched_lot,btcusdt_microprice_20260508_07_5h_5sessions_hs2.00_rq5000,2026-05-08 07:00,2026-05-08 10:00,btcusdt_microprice_20260508_07_5h_5sessions_hs2.00_rq5000:2026-05-08 10:00:fill-000003:fill-000005:23,fill-000003,fill-000005,buy,sell,1778234724873,1778235127915,1778235127915,403042,0.0003988875794772318805816568808,-0.09093041261762977949739450255,-0.07818196557753744859400474864,0.01274844704009233090338975391,-0.07941851707391686742380788497,-227.9600000000000000000000000,London,07:00,11527915,11527915,False,London,07:00,11124873,11124873,False,London,07:00,11527915,11527915,False,140,False,False,True,1,True,True,True
matched_lot,btcusdt_microprice_20260508_07_5h_5sessions_hs2.00_rq5000,2026-05-08 07:00,2026-05-08 10:00,btcusdt_microprice_20260508_07_5h_5sessions_hs2.00_rq5000:2026-05-08 10:00:fill-000003:fill-000006:24,fill-000003,fill-000006,buy,sell,1778234724873,1778235156240,1778235156240,431367,0.00007000,-0.01535042138000000000000000000,-0.0131131000000000,0.002237321380000000000000000000,-0.0133938000000000,-219.291734000000000000000,London,07:00,11556240,11556240,False,London,07:00,11124873,11124873,False,London,07:00,11556240,11556240,False,150,False,False,False,2,False,True,True
matched_lot,btcusdt_microprice_20260508_07_5h_5sessions_hs2.00_rq5000,2026-05-08 07:00,2026-05-08 10:00,btcusdt_microprice_20260508_07_5h_5sessions_hs2.00_rq5000:2026-05-08 10:00:fill-000003:fill-000008:25,fill-000003,fill-000008,buy,sell,1778234724873,1778235986415,1778235986415,1261542,0.0000577790871894347860850097858,-0.008360440703043652076576247732,-0.006512858707993089087502303055,0.001847581995050562989073944677,-0.006661062066633989313810353156,-144.6966560000000000000000000,US cash open,13:30,-11013585,11013585,False,London,07:00,11124873,11124873,False,US cash open,13:30,-11013585,11013585,False,285,False,False,False,6,False,False,False
matched_lot,btcusdt_microprice_20260508_07_5h_5sessions_hs2.00_rq5000,2026-05-08 07:00,2026-05-08 10:00,btcusdt_microprice_20260508_07_5h_5sessions_hs2.00_rq5000:2026-05-08 10:00:fill-000004:fill-000008:26,fill-000004,fill-000008,buy,sell,1778234950590,1778235986415,1778235986415,1035825,0.0000122209128105652139149902142,-0.0001059486658910314571665954023,0.0002845028502299581799409721866,0.0003904515161209896371075675889,0.0002531562088708584062490222871,-8.669455999999999999999999989,US cash open,13:30,-11013585,11013585,False,London,07:00,11350590,11350590,False,US cash open,13:30,-11013585,11013585,False,856,False,False,False,26,False,False,False
matched_lot,btcusdt_microprice_20260508_07_5h_5sessions_hs2.00_rq5000,2026-05-08 07:00,2026-05-08 10:00,btcusdt_microprice_20260508_07_5h_5sessions_hs2.00_rq5000:2026-05-08 10:00:fill-000004:fill-000010:27,fill-000004,fill-000010,buy,sell,1778234950590,1778237097465,1778237097465,2146875,0.00014000,0.03611960800000000000000000000,0.0406000000000000,0.004480391999999999999999999999,0.0400386000000000,257.997200000000000000000,US cash open,13:30,-9902535,9902535,False,London,07:00,11350590,11350590,False,US cash open,13:30,-9902535,9902535,False,1368,False,False,False,36,False,False,False
matched_lot,btcusdt_microprice_20260508_07_5h_5sessions_hs2.00_rq5000,2026-05-08 07:00,2026-05-08 10:00,btcusdt_microprice_20260508_07_5h_5sessions_hs2.00_rq5000:2026-05-08 10:00:fill-000004:fill-000012:28,fill-000004,fill-000012,buy,sell,1778234950590,1778237541011,1778237541011,2590421,0.00007000,0.02213368906000000000000000000,0.0243747000000000,0.002241010939999999999999999999,0.0242193000000000,316.195558000000000000000,US cash open,13:30,-9458989,9458989,False,London,07:00,11350590,11350590,False,US cash open,13:30,-9458989,9458989,False,1410,False,False,False,38,False,False,False
matched_lot,btcusdt_microprice_20260508_07_5h_5sessions_hs2.00_rq5000,2026-05-08 07:00,2026-05-08 10:00,btcusdt_microprice_20260508_07_5h_5sessions_hs2.00_rq5000:2026-05-08 10:00:fill-000004:fill-000013:29,fill-000004,fill-000013,buy,sell,1778234950590,1778237700140,1778237700140,2749550,0.00007000,0.02202171146000000000000000000,0.0242627000000000,0.002240988539999999999999999999,0.0240660000000000,314.595878000000000000000,US cash open,13:30,-9299860,9299860,False,London,07:00,11350590,11350590,False,US cash open,13:30,-9299860,9299860,False,1409,False,False,False,37,False,False,False
matched_lot,btcusdt_microprice_20260508_07_5h_5sessions_hs2.00_rq5000,2026-05-08 07:00,2026-05-08 10:00,btcusdt_microprice_20260508_07_5h_5sessions_hs2.00_rq5000:2026-05-08 10:00:fill-000004:fill-000014:30,fill-000004,fill-000014,buy,sell,1778234950590,1778237819916,1778237819916,2869326,0.0006345343054057535716637574138,0.2144670100561885257794122215,0.2347840383431828790513068807,0.02031702828699435327189465920,0.2335086243893173143722627283,337.9911980000000000000000000,US cash open,13:30,-9180084,9180084,False,London,07:00,11350590,11350590,False,US cash open,13:30,-9180084,9180084,False,1414,False,False,False,39,False,False,False
matched_lot,btcusdt_microprice_20260508_07_5h_5sessions_hs2.00_rq5000,2026-05-08 07:00,2026-05-08 10:00,btcusdt_microprice_20260508_07_5h_5sessions_hs2.00_rq5000:2026-05-08 10:00:fill-000007:fill-000014:31,fill-000007,fill-000014,buy,sell,1778235723251,1778237819916,1778237819916,2096665,0.0003654656945942464283362425862,0.1344903515758064325492450736,0.1461899324946445137987803969,0.01169958091883808124953532334,0.1454553464485100784778245493,367.9971980000000000000000001,US cash open,13:30,-9180084,9180084,False,US cash open,13:30,-11276749,11276749,False,US cash open,13:30,-9180084,9180084,False,1430,False,False,False,40,False,False,False
matched_lot,btcusdt_microprice_20260508_07_5h_5sessions_hs2.00_rq5000,2026-05-08 07:00,2026-05-08 11:00,btcusdt_microprice_20260508_07_5h_5sessions_hs2.00_rq5000:2026-05-08 11:00:fill-000001:fill-000003:32,fill-000001,fill-000003,buy,sell,1778238056090,1778238160715,1778238160715,104625,0.00007000,-0.00712162682000000000,-0.0048741000000000,0.00224752682000000000,-0.0051548000000000,-101.737526000000,US cash open,13:30,-8839285,8839285,False,US cash open,13:30,-8943910,8943910,False,US cash open,13:30,-8839285,8839285,False,408,False,False,False,12,False,False,False
matched_lot,btcusdt_microprice_20260508_07_5h_5sessions_hs2.00_rq5000,2026-05-08 07:00,2026-05-08 11:00,btcusdt_microprice_20260508_07_5h_5sessions_hs2.00_rq5000:2026-05-08 11:00:fill-000002:fill-000003:33,fill-000002,fill-000003,buy,sell,1778238116997,1778238160715,1778238160715,43718,0.000070000000000000000000000000,-0.007287560000000000000000000000,-0.005040000000000000000000000000,0.002247560000000000000000000000,-0.005320700000000000000000000000,-104.108,US cash open,13:30,-8839285,8839285,False,US cash open,13:30,-8883003,8883003,False,US cash open,13:30,-8839285,8839285,False,401,False,False,False,9,False,False,False
matched_lot,btcusdt_microprice_20260508_07_5h_5sessions_hs2.00_rq5000,2026-05-08 07:00,2026-05-08 11:00,btcusdt_microprice_20260508_07_5h_5sessions_hs2.00_rq5000:2026-05-08 11:00:fill-000002:fill-000004:34,fill-000002,fill-000004,buy,sell,1778238116997,1778238524999,1778238524999,408002,0.000930000000000000000000000000,-0.1343384349000000000000000000,-0.1044855000000000000000000000,0.02985293490000000000000000000,-0.1082148000000000000000000000,-144.44993,US cash open,13:30,-8475001,8475001,False,US cash open,13:30,-8883003,8883003,False,US cash open,13:30,-8475001,8475001,False,286,False,False,False,7,False,False,False
matched_lot,btcusdt_microprice_20260508_07_5h_5sessions_hs2.00_rq5000,2026-05-08 07:00,2026-05-08 11:00,btcusdt_microprice_20260508_07_5h_5sessions_hs2.00_rq5000:2026-05-08 11:00:fill-000004:fill-000006:35,fill-000004,fill-000006,sell,buy,1778238524999,1778239324665,1778239324665,799666,0.000070000000000000000000000000,-0.007310935100000000000000000000,-0.005064500000000000000000000000,0.00224643510000000000000000,-0.005252800000000000000000000000,-104.44193,US cash open,13:30,-7675335,7675335,False,US cash open,13:30,-8475001,8475001,False,US cash open,13:30,-7675335,7675335,False,399,False,False,False,8,False,False,False
matched_lot,btcusdt_microprice_20260508_07_5h_5sessions_hs2.00_rq5000,2026-05-08 07:00,2026-05-08 11:00,btcusdt_microprice_20260508_07_5h_5sessions_hs2.00_rq5000:2026-05-08 11:00:fill-000005:fill-000006:36,fill-000005,fill-000006,sell,buy,1778238909215,1778239324665,1778239324665,415450,0.0002899998958855175846598558593,-0.01975455974780516591089131461,-0.01044579624979634339944800805,0.009308763498008822511443306559,-0.01122589596972838570218302031,-68.11919600000000000000000000,US cash open,13:30,-7675335,7675335,False,US cash open,13:30,-8090785,8090785,False,US cash open,13:30,-7675335,7675335,False,548,False,False,False,14,False,False,False
matched_lot,btcusdt_microprice_20260508_07_5h_5sessions_hs2.00_rq5000,2026-05-08 07:00,2026-05-08 11:00,btcusdt_microprice_20260508_07_5h_5sessions_hs2.00_rq5000:2026-05-08 11:00:fill-000006:fill-000008:37,fill-000006,fill-000008,buy,sell,1778239324665,1778239478190,1778239478190,153525,0.00014000,-0.008694056000000000000000000000,-0.0042000000000000,0.004494056000000000000000000000,-0.0045766000000000,-62.1004000000000000000000,US cash open,13:30,-7521810,7521810,False,US cash open,13:30,-7675335,7675335,False,US cash open,13:30,-7521810,7521810,False,586,False,False,False,15,False,False,False
matched_lot,btcusdt_microprice_20260508_07_5h_5sessions_hs2.00_rq5000,2026-05-08 07:00,2026-05-08 11:00,btcusdt_microprice_20260508_07_5h_5sessions_hs2.00_rq5000:2026-05-08 11:00:fill-000006:fill-000011:38,fill-000006,fill-000011,buy,sell,1778239324665,1778241085640,1778241085640,1760975,0.0000600001041144824153401441407,-0.001566458718179261106734347168,0.0003600006246868944920408648442,0.001926459342866155598775212012,0.0002349004076081986560566643108,-26.10760000000000000000000000,US cash open,13:30,-5914360,5914360,False,US cash open,13:30,-7675335,7675335,False,US cash open,13:30,-5914360,5914360,False,777,False,False,False,24,False,False,False
matched_lot,btcusdt_microprice_20260508_07_5h_5sessions_hs2.00_rq5000,2026-05-08 07:00,2026-05-08 11:00,btcusdt_microprice_20260508_07_5h_5sessions_hs2.00_rq5000:2026-05-08 11:00:fill-000007:fill-000011:39,fill-000007,fill-000011,buy,sell,1778239405132,1778241085640,1778241085640,1680508,0.00042000,-0.00004300800000000000,0.0134400000000000,0.01348300800000000000,0.0120099000000000,-0.102400000000,US cash open,13:30,-5914360,5914360,False,US cash open,13:30,-7594868,7594868,False,US cash open,13:30,-5914360,5914360,False,895,False,False,False,27,False,False,False
matched_lot,btcusdt_microprice_20260508_07_5h_5sessions_hs2.00_rq5000,2026-05-08 07:00,2026-05-08 11:00,btcusdt_microprice_20260508_07_5h_5sessions_hs2.00_rq5000:2026-05-08 11:00:fill-000009:fill-000011:40,fill-000009,fill-000011,buy,sell,1778239893566,1778241085640,1778241085640,1192074,0.0000199998958855175846598558593,-0.0005681582423095366760722648424,0.00007399961477641506324146667941,0.0006421578570859517393137315218,0.00000589996928622768747465747849,-28.40806000000000000000000000,US cash open,13:30,-5914360,5914360,False,US cash open,13:30,-7106434,7106434,False,US cash open,13:30,-5914360,5914360,False,753,False,False,False,21,False,False,False
matched_lot,btcusdt_microprice_20260509_07_5h_5sessions_hs2.00_rq5000,2026-05-09 07:00,2026-05-09 07:00,btcusdt_microprice_20260509_07_5h_5sessions_hs2.00_rq5000:2026-05-09 07:00:fill-000001:fill-000002:1,fill-000001,fill-000002,sell,buy,1778310780786,1778311158688,1778311158688,377902,0.00007000,-0.007532850500000000000000000000,-0.0052871000000000,0.002245750500000000000000000000,-0.0055678000000000,-107.6121500000000000000000,London,07:00,1158688,1158688,True,London,07:00,780786,780786,True,London,07:00,1158688,1158688,True,390,False,False,False,1,True,True,True
matched_lot,btcusdt_microprice_20260509_07_5h_5sessions_hs2.00_rq5000,2026-05-09 07:00,2026-05-09 07:00,btcusdt_microprice_20260509_07_5h_5sessions_hs2.00_rq5000:2026-05-09 07:00:fill-000001:fill-000003:2,fill-000001,fill-000003,sell,buy,1778310780786,1778311158828,1778311158828,378042,0.0000699999999993034269160599445,-0.007364116759926719349685602150,-0.005118399999949066576102303142,0.002245716759977652773583299008,-0.005314399999947116171467270987,-105.2016680000000000000000000,London,07:00,1158828,1158828,True,London,07:00,780786,780786,True,London,07:00,1158828,1158828,True,398,False,False,False,2,False,False,False
matched_lot,btcusdt_microprice_20260509_07_5h_5sessions_hs2.00_rq5000,2026-05-09 07:00,2026-05-09 07:00,btcusdt_microprice_20260509_07_5h_5sessions_hs2.00_rq5000:2026-05-09 07:00:fill-000003:fill-000004:3,fill-000003,fill-000004,buy,sell,1778311158828,1778311500390,1778311500390,341562,0.0000000000000006965730839400555,-0.00000000000000475853175068156237970300000,0.000000000000017602401831165202485000000,0.00000000000002236093358184676486470300000,0.000000000000015651997196133047085000000,-6.8313460000,London,07:00,1500390,1500390,True,London,07:00,1158828,1158828,True,London,07:00,1500390,1500390,True,863,False,False,False,7,False,False,False
matched_lot,btcusdt_microprice_20260509_07_5h_5sessions_hs2.00_rq5000,2026-05-09 07:00,2026-05-09 07:00,btcusdt_microprice_20260509_07_5h_5sessions_hs2.00_rq5000:2026-05-09 07:00:fill-000004:fill-000006:4,fill-000004,fill-000006,sell,buy,1778311500390,1778311637356,1778311637356,136966,0.00014000,-0.009895775960000000000000000000,-0.0053998000000000,0.004495975960000000000000000000,-0.0059612000000000,-70.6841140000000000000000,London,07:00,1637356,1637356,True,London,07:00,1500390,1500390,True,London,07:00,1637356,1637356,True,532,False,False,False,3,False,False,False
matched_lot,btcusdt_microprice_20260509_07_5h_5sessions_hs2.00_rq5000,2026-05-09 07:00,2026-05-09 08:00,btcusdt_microprice_20260509_07_5h_5sessions_hs2.00_rq5000:2026-05-09 08:00:fill-000001:fill-000002:5,fill-000001,fill-000002,sell,buy,1778315546928,1778316346154,1778316346154,799226,0.00007000,-0.00281542898000000000,-0.0005635000000000,0.00225192898000000000,-0.0008442000000000,-40.220414000000,London,07:00,6346154,6346154,False,London,07:00,5546928,5546928,False,London,07:00,6346154,6346154,False,686,False,False,False,4,False,False,False
matched_lot,btcusdt_microprice_20260509_07_5h_5sessions_hs2.00_rq5000,2026-05-09 07:00,2026-05-09 08:00,btcusdt_microprice_20260509_07_5h_5sessions_hs2.00_rq5000:2026-05-09 08:00:fill-000001:fill-000003:6,fill-000001,fill-000003,sell,buy,1778315546928,1778316963491,1778316963491,1416563,0.00014000,-0.00527938768000000000,-0.0007756000000000,0.00450378768000000000,-0.0013370000000000,-37.709912000000,London,07:00,6963491,6963491,False,London,07:00,5546928,5546928,False,London,07:00,6963491,6963491,False,700,False,False,False,5,False,False,False
matched_lot,btcusdt_microprice_20260509_07_5h_5sessions_hs2.00_rq5000,2026-05-09 07:00,2026-05-09 08:00,btcusdt_microprice_20260509_07_5h_5sessions_hs2.00_rq5000:2026-05-09 08:00:fill-000001:fill-000004:7,fill-000001,fill-000004,sell,buy,1778315546928,1778316973101,1778316973101,1426173,0.00007000,-0.00188074208000000000,0.0003710000000000,0.00225174208000000000,0.0000987000000000,-26.867744000000,London,07:00,6973101,6973101,False,London,07:00,5546928,5546928,False,London,07:00,6973101,6973101,False,767,False,False,False,6,False,False,False
matched_lot,btcusdt_microprice_20260509_07_5h_5sessions_hs2.00_rq5000,2026-05-09 07:00,2026-05-09 10:00,btcusdt_microprice_20260509_07_5h_5sessions_hs2.00_rq5000:2026-05-09 10:00:fill-000001:fill-000002:8,fill-000001,fill-000002,sell,buy,1778321803640,1778322253759,1778322253759,450119,0.00007000,0.00051960286000000000,0.0027657000000000,0.00224609714000000000,0.0024850000000000,7.422898000000,US cash open,13:30,-11146241,11146241,False,US cash open,13:30,-11596360,11596360,False,US cash open,13:30,-11146241,11146241,False,935,False,False,False,9,False,False,False
matched_lot,btcusdt_microprice_20260509_07_5h_5sessions_hs2.00_rq5000,2026-05-09 07:00,2026-05-09 11:00,btcusdt_microprice_20260509_07_5h_5sessions_hs2.00_rq5000:2026-05-09 11:00:fill-000001:fill-000003:9,fill-000001,fill-000003,buy,sell,1778324476463,1778325009698,1778325009698,533235,0.00014000,-0.00001394372000000000,0.0044814000000000,0.00449534372000000000,0.0039200000000000,-0.099598000000,US cash open,13:30,-8390302,8390302,False,US cash open,13:30,-8923537,8923537,False,US cash open,13:30,-8390302,8390302,False,896,False,False,False,8,False,False,False
matched_lot,btcusdt_microprice_20260509_07_5h_5sessions_hs2.00_rq5000,2026-05-09 07:00,2026-05-09 11:00,btcusdt_microprice_20260509_07_5h_5sessions_hs2.00_rq5000:2026-05-09 11:00:fill-000001:fill-000004:10,fill-000001,fill-000004,buy,sell,1778324476463,1778327778759,1778327778759,3302296,0.00006999999999999999999999999950,0.003788368919999999999999999973,0.006036799999999999999999999957,0.002248431079999999999999999984,0.005756099999999999999999999959,54.11955600000000000000000000,US cash open,13:30,-5621241,5621241,False,US cash open,13:30,-8923537,8923537,False,US cash open,13:30,-5621241,5621241,False,1111,False,False,False,10,False,False,False
matched_lot,btcusdt_microprice_20260509_13_5h_5sessions_hs2.00_rq5000,2026-05-09 13:00,2026-05-09 14:00,btcusdt_microprice_20260509_13_5h_5sessions_hs2.00_rq5000:2026-05-09 14:00:fill-000001:fill-000003:1,fill-000001,fill-000003,sell,buy,1778336263561,1778337463036,1778337463036,1199475,0.000105000,0.008419187490000000000000000000,0.01179255000000000,0.003373362510000000000000000000,0.01137150000000000,80.182738000000000000000,US cash open,13:30,4063036,4063036,False,US cash open,13:30,2863561,2863561,False,US cash open,13:30,4063036,4063036,False,1172,False,False,False,17,False,False,False
matched_lot,btcusdt_microprice_20260509_13_5h_5sessions_hs2.00_rq5000,2026-05-09 13:00,2026-05-09 14:00,btcusdt_microprice_20260509_13_5h_5sessions_hs2.00_rq5000:2026-05-09 14:00:fill-000002:fill-000003:2,fill-000002,fill-000003,sell,buy,1778336666117,1778337463036,1778337463036,796919,0.00007012119713084343309423695304,0.000377791973781845164481820432,0.002629544892406628741033885739,0.002251752918624783576552065307,0.002391132822161761068513480099,5.387700000000000000000000002,US cash open,13:30,4063036,4063036,False,US cash open,13:30,3266117,3266117,False,US cash open,13:30,4063036,4063036,False,922,False,False,False,14,False,False,False
matched_lot,btcusdt_microprice_20260509_13_5h_5sessions_hs2.00_rq5000,2026-05-09 13:00,2026-05-09 14:00,btcusdt_microprice_20260509_13_5h_5sessions_hs2.00_rq5000:2026-05-09 14:00:fill-000003:fill-000004:3,fill-000003,fill-000004,buy,sell,1778337463036,1778337593490,1778337593490,130454,0.0003673445562938141011523383895,-0.009880041145638529641965311251,0.001913865138290771467003683009,0.01179390628392930110896899426,0.0004408134675525769213828060671,-26.89584199999999999999999999,US cash open,13:30,4193490,4193490,False,US cash open,13:30,4063036,4063036,False,US cash open,13:30,4193490,4193490,False,766,False,False,False,12,False,False,False
matched_lot,btcusdt_microprice_20260509_13_5h_5sessions_hs2.00_rq5000,2026-05-09 13:00,2026-05-09 15:00,btcusdt_microprice_20260509_13_5h_5sessions_hs2.00_rq5000:2026-05-09 15:00:fill-000001:fill-000003:4,fill-000001,fill-000003,sell,buy,1778338921690,1778339379121,1778339379121,457431,0.00009000,0.00198791622000000000,0.0048789000000000,0.00289098378000000000,0.0045180000000000,22.087958000000,US cash open,13:30,5979121,5979121,False,US cash open,13:30,5521690,5521690,False,US cash open,13:30,5979121,5979121,False,1009,False,False,False,15,False,False,False
matched_lot,btcusdt_microprice_20260509_13_5h_5sessions_hs2.00_rq5000,2026-05-09 13:00,2026-05-09 15:00,btcusdt_microprice_20260509_13_5h_5sessions_hs2.00_rq5000:2026-05-09 15:00:fill-000001:fill-000004:5,fill-000001,fill-000004,sell,buy,1778338921690,1778339913492,1778339913492,991802,0.00012000,-0.00916220712000000000,-0.0053052000000000,0.00385700712000000000,-0.0057864000000000,-76.351726000000,US cash open,13:30,6513492,6513492,False,US cash open,13:30,5521690,5521690,False,US cash open,13:30,6513492,6513492,False,503,False,False,False,7,False,False,False
matched_lot,btcusdt_microprice_20260509_13_5h_5sessions_hs2.00_rq5000,2026-05-09 13:00,2026-05-09 15:00,btcusdt_microprice_20260509_13_5h_5sessions_hs2.00_rq5000:2026-05-09 15:00:fill-000002:fill-000004:6,fill-000002,fill-000004,sell,buy,1778339313243,1778339913492,1778339913492,600249,0.00009000,-0.00999313092000000000,-0.0071010000000000,0.00289213092000000000,-0.0074619000000000,-111.034788000000,US cash open,13:30,6513492,6513492,False,US cash open,13:30,5913243,5913243,False,US cash open,13:30,6513492,6513492,False,379,False,False,False,5,False,False,False
matched_lot,btcusdt_microprice_20260509_13_5h_5sessions_hs2.00_rq5000,2026-05-09 13:00,2026-05-09 15:00,btcusdt_microprice_20260509_13_5h_5sessions_hs2.00_rq5000:2026-05-09 15:00:fill-000002:fill-000006:7,fill-000002,fill-000006,sell,buy,1778339313243,1778341486086,1778341486086,2172843,0.00005000,-0.01106084100000000000,-0.0094530000000000,0.00160784100000000000,-0.0096535000000000,-221.216820000000,US cash open,13:30,8086086,8086086,False,US cash open,13:30,5913243,5913243,False,US cash open,13:30,8086086,8086086,False,148,False,False,True,1,True,True,True
matched_lot,btcusdt_microprice_20260509_13_5h_5sessions_hs2.00_rq5000,2026-05-09 13:00,2026-05-09 15:00,btcusdt_microprice_20260509_13_5h_5sessions_hs2.00_rq5000:2026-05-09 15:00:fill-000005:fill-000006:8,fill-000005,fill-000006,sell,buy,1778339923040,1778341486086,1778341486086,1563046,0.000070000,-0.011603053980000000000,-0.00935130000000000,0.002251753980000000000,-0.00955850000000000,-165.757914000000,US cash open,13:30,8086086,8086086,False,US cash open,13:30,6523040,6523040,False,US cash open,13:30,8086086,8086086,False,232,False,False,False,2,False,False,True
matched_lot,btcusdt_microprice_20260509_13_5h_5sessions_hs2.00_rq5000,2026-05-09 13:00,2026-05-09 16:00,btcusdt_microprice_20260509_13_5h_5sessions_hs2.00_rq5000:2026-05-09 16:00:fill-000001:fill-000006:9,fill-000001,fill-000006,buy,sell,1778342458759,1778343717415,1778343717415,1258656,0.00007000,0.008210166580000000000000000000,0.0104671000000000,0.002256933420000000000000000000,0.0103586000000000,117.2880940000000000000000,US cash open,13:30,10317415,10317415,False,US cash open,13:30,9058759,9058759,False,US cash open,13:30,10317415,10317415,False,1220,False,False,False,18,False,False,False
matched_lot,btcusdt_microprice_20260509_13_5h_5sessions_hs2.00_rq5000,2026-05-09 13:00,2026-05-09 16:00,btcusdt_microprice_20260509_13_5h_5sessions_hs2.00_rq5000:2026-05-09 16:00:fill-000001:fill-000008:10,fill-000001,fill-000008,buy,sell,1778342458759,1778343882741,1778343882741,1423982,0.000169152534953230528818373927,0.02668381238887211592109848698,0.03213898164111380047549104613,0.005455169252241684554392559145,0.03213729011576426817020286239,157.7500000000000000000000000,US cash open,13:30,10482741,10482741,False,US cash open,13:30,9058759,9058759,False,US cash open,13:30,10482741,10482741,False,1285,False,False,False,19,False,False,False
matched_lot,btcusdt_microprice_20260509_13_5h_5sessions_hs2.00_rq5000,2026-05-09 13:00,2026-05-09 16:00,btcusdt_microprice_20260509_13_5h_5sessions_hs2.00_rq5000:2026-05-09 16:00:fill-000002:fill-000008:11,fill-000002,fill-000008,buy,sell,1778342459165,1778343882741,1778343882741,1423576,0.000760847465046769471181626073,0.1200236876111278840789015130,0.1445610183588861995245089539,0.02453733074775831544560744085,0.1445534098842357318297971377,157.7500000000000000000000000,US cash open,13:30,10482741,10482741,False,US cash open,13:30,9059165,9059165,False,US cash open,13:30,10482741,10482741,False,1286,False,False,False,20,False,False,False
matched_lot,btcusdt_microprice_20260509_13_5h_5sessions_hs2.00_rq5000,2026-05-09 13:00,2026-05-09 16:00,btcusdt_microprice_20260509_13_5h_5sessions_hs2.00_rq5000:2026-05-09 16:00:fill-000003:fill-000008:12,fill-000003,fill-000008,buy,sell,1778342463024,1778343882741,1778343882741,1419717,0.000070000000000000000000000000,0.01118252800000000000000000000,0.01344000000000000000000000000,0.002257472000000000000000000000,0.01329930000000000000000000000,159.7504,US cash open,13:30,10482741,10482741,False,US cash open,13:30,9063024,9063024,False,US cash open,13:30,10482741,10482741,False,1291,False,False,False,21,False,False,False
matched_lot,btcusdt_microprice_20260509_13_5h_5sessions_hs2.00_rq5000,2026-05-09 13:00,2026-05-09 16:00,btcusdt_microprice_20260509_13_5h_5sessions_hs2.00_rq5000:2026-05-09 16:00:fill-000003:fill-000011:13,fill-000003,fill-000011,buy,sell,1778342463024,1778344367488,1778344367488,1904464,0.00007000,0.00548846704000000000,0.0077448000000000,0.00225633296000000000,0.0074641000000000,78.406672000000,US cash open,13:30,10967488,10967488,False,US cash open,13:30,9063024,9063024,False,US cash open,13:30,10967488,10967488,False,1169,False,False,False,16,False,False,False
matched_lot,btcusdt_microprice_20260509_13_5h_5sessions_hs2.00_rq5000,2026-05-09 13:00,2026-05-09 17:00,btcusdt_microprice_20260509_13_5h_5sessions_hs2.00_rq5000:2026-05-09 17:00:fill-000001:fill-000002:14,fill-000001,fill-000002,sell,buy,1778346597251,1778346632541,1778346632541,35290,0.0000455056179775280898876404496,-0.001426403083146067415730337083,0.00004368539325842696629213483162,0.001470088476404494382022471915,-0.0001387921348314606741573033713,-31.34564799999999999999999998,US cash close,20:00,-10167459,10167459,False,US cash close,20:00,-10202749,10202749,False,US cash close,20:00,-10167459,10167459,False,733,False,False,False,11,False,False,False
matched_lot,btcusdt_microprice_20260509_13_5h_5sessions_hs2.00_rq5000,2026-05-09 13:00,2026-05-09 17:00,btcusdt_microprice_20260509_13_5h_5sessions_hs2.00_rq5000:2026-05-09 17:00:fill-000001:fill-000003:15,fill-000001,fill-000003,sell,buy,1778346597251,1778346686882,1778346686882,89631,0.0000244943820224719101123595504,-0.001515510329887640449438202237,-0.0007240539325842696629213483098,0.0007914563973033707865168539275,-0.0008222764044943820224719101070,-61.87175199999999999999999999,US cash close,20:00,-10113118,10113118,False,US cash close,20:00,-10202749,10202749,False,US cash close,20:00,-10113118,10113118,False,588,False,False,False,8,False,False,False
matched_lot,btcusdt_microprice_20260509_13_5h_5sessions_hs2.00_rq5000,2026-05-09 13:00,2026-05-09 17:00,btcusdt_microprice_20260509_13_5h_5sessions_hs2.00_rq5000:2026-05-09 17:00:fill-000003:fill-000005:16,fill-000003,fill-000005,buy,sell,1778346686882,1778347510437,1778347510437,823555,0.00003000,-0.001484226960000000000000000000,-0.0005148000000000,0.0009694269599999999999999999999,-0.0006351000000000,-49.4742320000000000000000,US cash close,20:00,-9289563,9289563,False,US cash close,20:00,-10113118,10113118,False,US cash close,20:00,-9289563,9289563,False,639,False,False,False,9,False,False,False
matched_lot,btcusdt_microprice_20260509_13_5h_5sessions_hs2.00_rq5000,2026-05-09 13:00,2026-05-09 17:00,btcusdt_microprice_20260509_13_5h_5sessions_hs2.00_rq5000:2026-05-09 17:00:fill-000003:fill-000006:17,fill-000003,fill-000006,buy,sell,1778346686882,1778347510437,1778347510437,823555,0.0000155056179775280898876404496,-0.0007671285411235955056179775361,-0.0002660764044943820224719101151,0.0005010521366292134831460674210,-0.0003282539325842696629213483180,-49.47423200000000000000000000,US cash close,20:00,-9289563,9289563,False,US cash close,20:00,-10113118,10113118,False,US cash close,20:00,-9289563,9289563,False,640,False,False,False,10,False,False,False
matched_lot,btcusdt_microprice_20260509_13_5h_5sessions_hs2.00_rq5000,2026-05-09 13:00,2026-05-09 17:00,btcusdt_microprice_20260509_13_5h_5sessions_hs2.00_rq5000:2026-05-09 17:00:fill-000004:fill-000006:18,fill-000004,fill-000006,buy,sell,1778347128881,1778347510437,1778347510437,381556,0.00007000,-0.00023205014000000000,0.0020293000000000,0.00226135014000000000,0.0017486000000000,-3.315002000000,US cash close,20:00,-9289563,9289563,False,US cash close,20:00,-9671119,9671119,False,US cash close,20:00,-9289563,9289563,False,884,False,False,False,13,False,False,False
matched_lot,btcusdt_microprice_20260509_13_5h_5sessions_hs2.00_rq5000,2026-05-09 13:00,2026-05-09 17:00,btcusdt_microprice_20260509_13_5h_5sessions_hs2.00_rq5000:2026-05-09 17:00:fill-000006:fill-000007:19,fill-000006,fill-000007,sell,buy,1778347510437,1778347951649,1778347951649,441212,0.0001644943820224719101123595504,-0.02031983309662921348314606740,-0.01500188764044943820224719100,0.005317945456179775280898876399,-0.01566151011235955056179775280,-123.5290400000000000000000000,US cash close,20:00,-8848351,8848351,False,US cash close,20:00,-9289563,9289563,False,US cash close,20:00,-8848351,8848351,False,351,False,False,False,4,False,False,False
matched_lot,btcusdt_microprice_20260509_13_5h_5sessions_hs2.00_rq5000,2026-05-09 13:00,2026-05-09 17:00,btcusdt_microprice_20260509_13_5h_5sessions_hs2.00_rq5000:2026-05-09 17:00:fill-000007:fill-000009:20,fill-000007,fill-000009,buy,sell,1778347951649,1778349467532,1778349467532,1515883,0.0000655056179775280898876404496,-0.01057401249213483146067415733,-0.008456775280898876404494382043,0.002117237211235955056179775286,-0.008719452808988764044943820245,-161.4214600000000000000000000,US cash close,20:00,-7332468,7332468,False,US cash close,20:00,-8848351,8848351,False,US cash close,20:00,-7332468,7332468,False,245,False,False,False,3,False,False,False
matched_lot,btcusdt_microprice_20260509_13_5h_5sessions_hs2.00_rq5000,2026-05-09 13:00,2026-05-09 17:00,btcusdt_microprice_20260509_13_5h_5sessions_hs2.00_rq5000:2026-05-09 17:00:fill-000008:fill-000009:21,fill-000008,fill-000009,buy,sell,1778349298175,1778349467532,1778349467532,169357,0.0009144943820224719101123595504,-0.07863405778247191011235955056,-0.04909005842696629213483146067,0.02954399935550561797752808989,-0.05092819213483146067415730337,-85.98637600000000000000000001,US cash close,20:00,-7332468,7332468,False,US cash close,20:00,-7501825,7501825,False,US cash close,20:00,-7332468,7332468,False,465,False,False,False,6,False,False,False
