session,order_id,side,price,queued_time_ms,initial_queue_ahead,total_trade_queue_drained,total_cancel_queue_drained,first_fill_time_ms,first_queue_ahead_before_trade,first_queue_ahead_before_fill,filled_quantity,final_status
2026-04-20 03:00,ord-000001,buy,74408.00,1776654000224,0.00120000,0,0,,,,0,cancelled
2026-04-20 03:00,ord-000002,sell,74412.01,1776654000224,0.18298000,0.00007000000000000000000000000243,0.1829100000000000000000000000,1776654023264,0.00007000000000000000000000000243,0.00000000000000000000000000000000,0.00006999999999999999999999999757,cancelled
2026-04-20 03:00,ord-000003,buy,74414.80,1776654023324,0,0,0,,,,0,cancelled
2026-04-20 03:00,ord-000004,sell,74418.81,1776654023324,0,0,0,,,,0,cancelled
2026-04-20 03:00,ord-000005,buy,74428.43,1776654028324,0,0,0,,,,0,cancelled
2026-04-20 03:00,ord-000006,sell,74432.44,1776654028324,0,0,0,,,,0,cancelled
2026-04-20 03:00,ord-000007,buy,74426.80,1776654040524,0.00007000,0.00007000,0,,,,0,cancelled
2026-04-20 03:00,ord-000008,sell,74430.81,1776654040524,0,0,0,,,,0,cancelled
2026-04-20 03:00,ord-000009,buy,74405.03,1776654045524,0,0,0,,,,0,cancelled
2026-04-20 03:00,ord-000010,sell,74409.04,1776654045524,0,0,0,,,,0,cancelled
2026-04-20 03:00,ord-000011,buy,74408.80,1776654055824,0,0,0,,,,0,cancelled
2026-04-20 03:00,ord-000012,sell,74412.81,1776654055824,0,0,0,,,,0,cancelled
2026-04-20 03:00,ord-000013,buy,74412.33,1776654060824,0,0,0,,,,0,cancelled
2026-04-20 03:00,ord-000014,sell,74416.34,1776654060824,0,0,0,,,,0,cancelled
2026-04-20 03:00,ord-000015,buy,74403.33,1776654067624,0,0,0,,,,0,cancelled
2026-04-20 03:00,ord-000016,sell,74407.34,1776654067624,0,0,0,,,,0,cancelled
2026-04-20 03:00,ord-000017,buy,74398.00,1776654072624,0.00120000,0.00120000,0,,,,0,cancelled
2026-04-20 03:00,ord-000018,sell,74402.01,1776654072624,0,0,0,,,,0,cancelled
2026-04-20 03:00,ord-000019,buy,74394.24,1776654077624,0,0,0,,,,0,cancelled
2026-04-20 03:00,ord-000020,sell,74398.25,1776654077624,0,0,0,,,,0,cancelled
2026-04-20 03:00,ord-000021,buy,74407.44,1776654082624,0,0,0,,,,0,cancelled
2026-04-20 03:00,ord-000022,sell,74411.45,1776654082624,0,0,0,,,,0,cancelled
2026-04-20 03:00,ord-000023,buy,74403.70,1776654091824,0,0,0,,,,0,cancelled
2026-04-20 03:00,ord-000024,sell,74407.71,1776654091824,0,0,0,,,,0,cancelled
2026-04-20 03:00,ord-000025,buy,74385.63,1776654096824,0,0,0,,,,0,cancelled
2026-04-20 03:00,ord-000026,sell,74389.64,1776654096824,0,0,0,,,,0,cancelled
2026-04-20 03:00,ord-000027,buy,74377.56,1776654101824,0,0,0,,,,0,cancelled
2026-04-20 03:00,ord-000028,sell,74381.57,1776654101824,0,0,0,,,,0,cancelled
2026-04-20 03:00,ord-000029,buy,74375.84,1776654117424,0,0,0,,,,0,cancelled
2026-04-20 03:00,ord-000030,sell,74379.85,1776654117424,0,0,0,,,,0,cancelled
2026-04-20 03:00,ord-000031,buy,74372.79,1776654122424,0,0,0,,,,0,cancelled
2026-04-20 03:00,ord-000032,sell,74376.80,1776654122424,0,0,0,,,,0,cancelled
2026-04-20 03:00,ord-000033,buy,74365.15,1776654127424,0,0,0,,,,0,cancelled
2026-04-20 03:00,ord-000034,sell,74369.16,1776654127424,0,0,0,,,,0,cancelled
2026-04-20 03:00,ord-000035,buy,74361.11,1776654132424,0,0,0,,,,0,cancelled
2026-04-20 03:00,ord-000036,sell,74365.12,1776654132424,0.00007000,0,0.00007000,,,,0,cancelled
2026-04-20 03:00,ord-000037,buy,74358.00,1776654137424,0.00806000,0,0,,,,0,cancelled
2026-04-20 03:00,ord-000038,sell,74362.01,1776654137424,0.36280000,0,0.0284300000000000000000000000,,,,0,cancelled
2026-04-20 03:00,ord-000039,buy,74357.04,1776654142424,0,0,0,,,,0,cancelled
2026-04-20 03:00,ord-000040,sell,74361.05,1776654142424,0,0,0,,,,0,cancelled
2026-04-20 03:00,ord-000041,buy,74358.00,1776654151124,0.00806000,0,0,,,,0,cancelled
2026-04-20 03:00,ord-000042,sell,74362.01,1776654151124,0.00007000,0,0,,,,0,cancelled
2026-04-20 03:00,ord-000043,buy,74358.64,1776654162724,0,0,0,,,,0,cancelled
2026-04-20 03:00,ord-000044,sell,74362.65,1776654162724,0,0,0,,,,0,cancelled
2026-04-20 03:00,ord-000045,buy,74365.99,1776654167724,0,0,0,,,,0,cancelled
2026-04-20 03:00,ord-000046,sell,74370.00,1776654167724,0.00080000,0.00080000,0,,,,0,cancelled
2026-04-20 03:00,ord-000047,buy,74390.82,1776654172724,0,0,0,,,,0,cancelled
2026-04-20 03:00,ord-000048,sell,74394.83,1776654172724,0,0,0,,,,0,cancelled
2026-04-20 03:00,ord-000049,buy,74409.33,1776654177724,0,0,0,,,,0,cancelled
2026-04-20 03:00,ord-000050,sell,74413.34,1776654177724,0,0,0,,,,0,cancelled
2026-04-20 03:00,ord-000051,buy,74405.74,1776654186124,0,0,0,,,,0,cancelled
2026-04-20 03:00,ord-000052,sell,74409.75,1776654186124,0,0,0,,,,0,cancelled
2026-04-20 03:00,ord-000053,buy,74416.24,1776654218424,0,0,0,,,,0,cancelled
2026-04-20 03:00,ord-000054,sell,74420.25,1776654218424,0,0,0,,,,0,cancelled
2026-04-20 03:00,ord-000055,buy,74405.74,1776654223424,0,0,0,,,,0,cancelled
2026-04-20 03:00,ord-000056,sell,74409.75,1776654223424,0,0,0,,,,0,cancelled
2026-04-20 03:00,ord-000057,buy,74405.67,1776654237924,0,0,0,,,,0,cancelled
2026-04-20 03:00,ord-000058,sell,74409.68,1776654237924,0,0,0,,,,0,cancelled
2026-04-20 03:00,ord-000059,buy,74401.88,1776654242924,0.00008000,0.00008000,0,,,,0,cancelled
2026-04-20 03:00,ord-000060,sell,74405.89,1776654242924,0,0,0,,,,0,cancelled
2026-04-20 03:00,ord-000061,buy,74396.00,1776654247924,0.00080000,0.00080000,0,,,,0,cancelled
2026-04-20 03:00,ord-000062,sell,74400.01,1776654247924,0,0,0,,,,0,cancelled
2026-04-20 03:00,ord-000063,buy,74381.63,1776654268224,0,0,0,,,,0,cancelled
2026-04-20 03:00,ord-000064,sell,74385.64,1776654268224,0,0,0,,,,0,cancelled
2026-04-20 03:00,ord-000065,buy,74374.19,1776654273224,0,0,0,,,,0,cancelled
2026-04-20 03:00,ord-000066,sell,74378.20,1776654273224,0,0,0,,,,0,cancelled
2026-04-20 03:00,ord-000067,buy,74374.18,1776654335324,0,0,0,,,,0,cancelled
2026-04-20 03:00,ord-000068,sell,74378.19,1776654335324,0.00770000,0,0.007700000000000000000000000000,,,,0,cancelled
2026-04-20 03:00,ord-000069,buy,74376.43,1776654362824,0,0,0,,,,0,cancelled
2026-04-20 03:00,ord-000070,sell,74380.44,1776654362824,0,0,0,,,,0,cancelled
2026-04-20 03:00,ord-000071,buy,74376.44,1776654370124,0,0,0,,,,0,cancelled
2026-04-20 03:00,ord-000072,sell,74380.45,1776654370124,0,0,0,,,,0,cancelled
2026-04-20 03:00,ord-000073,buy,74377.98,1776654375824,0,0,0,,,,0,cancelled
2026-04-20 03:00,ord-000074,sell,74381.99,1776654375824,0,0,0,,,,0,cancelled
2026-04-20 03:00,ord-000075,buy,74381.61,1776654381424,0,0,0,,,,0,cancelled
2026-04-20 03:00,ord-000076,sell,74385.62,1776654381424,0,0,0,,,,0,cancelled
2026-04-20 03:00,ord-000077,buy,74385.99,1776654400324,0,0,0,,,,0,cancelled
2026-04-20 03:00,ord-000078,sell,74390.00,1776654400324,0.00080000,0,0,,,,0,cancelled
2026-04-20 03:00,ord-000079,buy,74383.08,1776654413824,0,0,0,,,,0,cancelled
2026-04-20 03:00,ord-000080,sell,74387.09,1776654413824,0,0,0,,,,0,cancelled
2026-04-20 03:00,ord-000081,buy,74382.00,1776654418824,0.00040000,0.00040000,0,1776654419922,0.00006000,0.00000000,0.001,filled
2026-04-20 03:00,ord-000082,sell,74386.01,1776654418824,0,0,0,,,,0,cancelled
2026-04-20 03:00,ord-000083,buy,74380.00,1776654420024,0.00080000,0.00080000,0,,,,0,cancelled
2026-04-20 03:00,ord-000084,sell,74384.01,1776654420024,0.11483000,0,0.01528000000000000000000000000,,,,0,cancelled
2026-04-20 03:00,ord-000085,buy,74376.46,1776654428224,0,0,0,,,,0,cancelled
2026-04-20 03:00,ord-000086,sell,74380.47,1776654428224,0,0,0,,,,0,cancelled
2026-04-20 03:00,ord-000087,buy,74362.66,1776654433224,0,0,0,,,,0,cancelled
2026-04-20 03:00,ord-000088,sell,74366.67,1776654433224,0,0,0,,,,0,cancelled
2026-04-20 03:00,ord-000089,buy,74364.83,1776654444324,0,0,0,,,,0,cancelled
2026-04-20 03:00,ord-000090,sell,74368.84,1776654444324,0,0,0,,,,0,cancelled
2026-04-20 03:00,ord-000091,buy,74379.19,1776654449924,0,0,0,,,,0,cancelled
2026-04-20 03:00,ord-000092,sell,74383.20,1776654449924,0,0,0,,,,0,cancelled
2026-04-20 03:00,ord-000093,buy,74398.91,1776654454924,0,0,0,,,,0,cancelled
2026-04-20 03:00,ord-000094,sell,74402.92,1776654454924,0,0,0,,,,0,cancelled
2026-04-20 03:00,ord-000095,buy,74387.32,1776654460024,0,0,0,,,,0,cancelled
2026-04-20 03:00,ord-000096,sell,74391.33,1776654460024,0,0,0,,,,0,cancelled
2026-04-20 03:00,ord-000097,buy,74383.66,1776654473924,0,0,0,,,,0,cancelled
2026-04-20 03:00,ord-000098,sell,74387.67,1776654473924,0,0,0,,,,0,cancelled
2026-04-20 03:00,ord-000099,buy,74369.40,1776654478924,0,0,0,,,,0,cancelled
2026-04-20 03:00,ord-000100,sell,74373.41,1776654478924,0,0,0,,,,0,cancelled
2026-04-20 03:00,ord-000101,buy,74373.09,1776654484224,0,0,0,,,,0,cancelled
2026-04-20 03:00,ord-000102,sell,74377.10,1776654484224,0,0,0,,,,0,cancelled
2026-04-20 03:00,ord-000103,buy,74380.24,1776654540924,0,0,0,,,,0,cancelled
2026-04-20 03:00,ord-000104,sell,74384.25,1776654540924,0,0,0,,,,0,cancelled
2026-04-20 03:00,ord-000105,buy,74387.97,1776654545924,0,0,0,,,,0,cancelled
2026-04-20 03:00,ord-000106,sell,74391.98,1776654545924,0,0,0,,,,0,cancelled
2026-04-20 03:00,ord-000107,buy,74387.98,1776654566024,0,0,0,,,,0,cancelled
2026-04-20 03:00,ord-000108,sell,74391.99,1776654566024,0,0,0,1776654569145,0,0,0.00007000,cancelled
2026-04-20 03:00,ord-000109,buy,74397.43,1776654571024,0,0,0,,,,0,cancelled
2026-04-20 03:00,ord-000110,sell,74401.44,1776654571024,0,0,0,,,,0,cancelled
2026-04-20 03:00,ord-000111,buy,74409.30,1776654576024,0,0,0,,,,0,cancelled
2026-04-20 03:00,ord-000112,sell,74413.31,1776654576024,0,0,0,,,,0,cancelled
2026-04-20 03:00,ord-000113,buy,74400.50,1776654596124,0,0,0,,,,0,cancelled
2026-04-20 03:00,ord-000114,sell,74404.51,1776654596124,0,0,0,,,,0,cancelled
2026-04-20 03:00,ord-000115,buy,74399.87,1776654601124,0,0,0,,,,0,cancelled
2026-04-20 03:00,ord-000116,sell,74403.88,1776654601124,0,0,0,,,,0,cancelled
2026-04-20 03:00,ord-000117,buy,74399.52,1776654606124,0,0,0,,,,0,cancelled
2026-04-20 03:00,ord-000118,sell,74403.53,1776654606124,0,0,0,,,,0,cancelled
2026-04-20 03:00,ord-000119,buy,74405.99,1776654621324,0.30939000,0,0.1751400000000000000000000000,,,,0,cancelled
2026-04-20 03:00,ord-000120,sell,74410.00,1776654621324,0.00080000,0.00080000,0,,,,0,cancelled
2026-04-20 03:00,ord-000121,buy,74412.32,1776654626324,0,0,0,,,,0,cancelled
2026-04-20 03:00,ord-000122,sell,74416.33,1776654626324,0,0,0,,,,0,cancelled
2026-04-20 03:00,ord-000123,buy,74417.84,1776654631325,0,0,0,,,,0,cancelled
2026-04-20 03:00,ord-000124,sell,74421.85,1776654631325,0.00007000,0,0,,,,0,cancelled
2026-04-20 03:00,ord-000125,buy,74417.99,1776654647424,0,0,0,,,,0,cancelled
2026-04-20 03:00,ord-000126,sell,74422.00,1776654647424,0.00120000,0.00120000,0,1776654659983,0.00120000,0.00000000,0.001,filled
2026-04-20 03:00,ord-000127,buy,74420.80,1776654660024,0,0,0,,,,0,cancelled
2026-04-20 03:00,ord-000128,sell,74424.81,1776654660024,0,0,0,,,,0,cancelled
2026-04-20 03:00,ord-000129,buy,74429.70,1776654665024,0,0,0,,,,0,cancelled
2026-04-20 03:00,ord-000130,sell,74433.71,1776654665024,0,0,0,,,,0,cancelled
2026-04-20 03:00,ord-000131,buy,74429.47,1776654675224,0,0,0,,,,0,cancelled
2026-04-20 03:00,ord-000132,sell,74433.48,1776654675224,0.00300000,0,0,,,,0,cancelled
2026-04-20 03:00,ord-000133,buy,74417.86,1776654680224,0,0,0,,,,0,cancelled
2026-04-20 03:00,ord-000134,sell,74421.87,1776654680224,0.00007000,0,0.00007000,,,,0,cancelled
2026-04-20 03:00,ord-000135,buy,74408.54,1776654685224,0,0,0,,,,0,cancelled
2026-04-20 03:00,ord-000136,sell,74412.55,1776654685224,0,0,0,,,,0,cancelled
2026-04-20 03:00,ord-000137,buy,74410.07,1776654695524,0,0,0,,,,0,cancelled
2026-04-20 03:00,ord-000138,sell,74414.08,1776654695524,0,0,0,,,,0,cancelled
2026-04-20 03:00,ord-000139,buy,74417.37,1776654700524,0,0,0,,,,0,cancelled
2026-04-20 03:00,ord-000140,sell,74421.38,1776654700524,0,0,0,,,,0,cancelled
2026-04-20 03:00,ord-000141,buy,74417.36,1776654712625,0,0,0,,,,0,cancelled
2026-04-20 03:00,ord-000142,sell,74421.37,1776654712625,0,0,0,,,,0,cancelled
2026-04-20 03:00,ord-000143,buy,74425.83,1776654732724,0,0,0,,,,0,cancelled
2026-04-20 03:00,ord-000144,sell,74429.84,1776654732724,0,0,0,,,,0,cancelled
2026-04-20 03:00,ord-000145,buy,74438.18,1776654737724,0,0,0,,,,0,cancelled
2026-04-20 03:00,ord-000146,sell,74442.19,1776654737724,0,0,0,,,,0,cancelled
2026-04-20 03:00,ord-000147,buy,74442.10,1776654751941,0,0,0,,,,0,cancelled
2026-04-20 03:00,ord-000148,sell,74446.11,1776654751941,0,0,0,,,,0,cancelled
2026-04-20 03:00,ord-000149,buy,74442.64,1776654764924,0,0,0,,,,0,cancelled
2026-04-20 03:00,ord-000150,sell,74446.65,1776654764924,0,0,0,,,,0,cancelled
2026-04-20 03:00,ord-000151,buy,74451.24,1776654769924,0,0,0,,,,0,cancelled
2026-04-20 03:00,ord-000152,sell,74455.25,1776654769924,0,0,0,,,,0,cancelled
2026-04-20 03:00,ord-000153,buy,74460.97,1776654774924,0,0,0,,,,0,cancelled
2026-04-20 03:00,ord-000154,sell,74464.98,1776654774924,0,0,0,,,,0,cancelled
2026-04-20 03:00,ord-000155,buy,74473.44,1776654779924,0,0,0,,,,0,cancelled
2026-04-20 03:00,ord-000156,sell,74477.45,1776654779924,0,0,0,,,,0,cancelled
2026-04-20 03:00,ord-000157,buy,74468.25,1776654792624,0,0,0,,,,0,cancelled
2026-04-20 03:00,ord-000158,sell,74472.26,1776654792624,0,0,0,,,,0,cancelled
2026-04-20 03:00,ord-000159,buy,74455.52,1776654797624,0.00470000,0,0.00470000,,,,0,cancelled
2026-04-20 03:00,ord-000160,sell,74459.53,1776654797624,0,0,0,,,,0,cancelled
2026-04-20 03:00,ord-000161,buy,74459.59,1776654809024,0,0,0,,,,0,cancelled
2026-04-20 03:00,ord-000162,sell,74463.60,1776654809024,0,0,0,,,,0,cancelled
2026-04-20 03:00,ord-000163,buy,74456.40,1776654824724,0,0,0,,,,0,cancelled
2026-04-20 03:00,ord-000164,sell,74460.41,1776654824724,0,0,0,,,,0,cancelled
2026-04-20 03:00,ord-000165,buy,74464.91,1776654829724,0,0,0,,,,0,cancelled
2026-04-20 03:00,ord-000166,sell,74468.92,1776654829724,0,0,0,,,,0,cancelled
2026-04-20 03:00,ord-000167,buy,74467.99,1776654855224,0.13425000,0,0,,,,0,cancelled
2026-04-20 03:00,ord-000168,sell,74472.00,1776654855224,0.04080000,0.00080000,0.03988085106382978723404255319,,,,0,cancelled
2026-04-20 03:00,ord-000169,buy,74478.96,1776654860225,0,0,0,,,,0,cancelled
2026-04-20 03:00,ord-000170,sell,74482.97,1776654860225,0,0,0,,,,0,cancelled
2026-04-20 03:00,ord-000171,buy,74489.65,1776654891324,0,0,0,,,,0,cancelled
2026-04-20 03:00,ord-000172,sell,74493.66,1776654891324,0,0,0,,,,0,cancelled
2026-04-20 03:00,ord-000173,buy,74493.51,1776654896324,0,0,0,,,,0,cancelled
2026-04-20 03:00,ord-000174,sell,74497.52,1776654896324,0,0,0,,,,0,cancelled
2026-04-20 03:00,ord-000175,buy,74494.46,1776654908524,0,0,0,,,,0,cancelled
2026-04-20 03:00,ord-000176,sell,74498.47,1776654908524,0,0,0,,,,0,cancelled
2026-04-20 03:00,ord-000177,buy,74511.99,1776654913524,0,0,0,,,,0,cancelled
2026-04-20 03:00,ord-000178,sell,74516.00,1776654913524,0.00910000,0,0,,,,0,cancelled
2026-04-20 03:00,ord-000179,buy,74503.62,1776654934724,0,0,0,,,,0,cancelled
2026-04-20 03:00,ord-000180,sell,74507.63,1776654934724,0,0,0,,,,0,cancelled
2026-04-20 03:00,ord-000181,buy,74486.01,1776654939724,0,0,0,,,,0,cancelled
2026-04-20 03:00,ord-000182,sell,74490.02,1776654939724,0,0,0,,,,0,cancelled
2026-04-20 03:00,ord-000183,buy,74468.54,1776654945328,0,0,0,,,,0,cancelled
2026-04-20 03:00,ord-000184,sell,74472.55,1776654945328,0,0,0,,,,0,cancelled
2026-04-20 03:00,ord-000185,buy,74464.00,1776654954124,0.00080000,0,0,,,,0,cancelled
2026-04-20 03:00,ord-000186,sell,74468.01,1776654954124,0,0,0,,,,0,cancelled
2026-04-20 03:00,ord-000187,buy,74468.54,1776654963324,0,0,0,,,,0,cancelled
2026-04-20 03:00,ord-000188,sell,74472.55,1776654963324,0,0,0,,,,0,cancelled
2026-04-20 03:00,ord-000189,buy,74468.53,1776654968324,0,0,0,,,,0,cancelled
2026-04-20 03:00,ord-000190,sell,74472.54,1776654968324,0,0,0,,,,0,cancelled
2026-04-20 03:00,ord-000191,buy,74464.00,1776654981424,0.00080000,0.00080000,0,,,,0,cancelled
2026-04-20 03:00,ord-000192,sell,74468.01,1776654981424,0.00028000,0,0.000140000,,,,0,cancelled
2026-04-20 03:00,ord-000193,buy,74458.71,1776654986425,0,0,0,,,,0,cancelled
2026-04-20 03:00,ord-000194,sell,74462.72,1776654986425,0,0,0,,,,0,cancelled
2026-04-20 03:00,ord-000195,buy,74441.71,1776654991524,0,0,0,,,,0,cancelled
2026-04-20 03:00,ord-000196,sell,74445.72,1776654991524,0,0,0,,,,0,cancelled
2026-04-20 03:00,ord-000197,buy,74422.69,1776654996524,0,0,0,,,,0,cancelled
2026-04-20 03:00,ord-000198,sell,74426.70,1776654996524,0,0,0,,,,0,cancelled
2026-04-20 03:00,ord-000199,buy,74424.79,1776655005124,0,0,0,,,,0,cancelled
2026-04-20 03:00,ord-000200,sell,74428.80,1776655005124,0,0,0,,,,0,cancelled
2026-04-20 03:00,ord-000201,buy,74435.25,1776655010124,0,0,0,,,,0,cancelled
2026-04-20 03:00,ord-000202,sell,74439.26,1776655010124,0,0,0,,,,0,cancelled
2026-04-20 03:00,ord-000203,buy,74426.70,1776655015124,0,0,0,,,,0,cancelled
2026-04-20 03:00,ord-000204,sell,74430.71,1776655015124,0,0,0,,,,0,cancelled
2026-04-20 03:00,ord-000205,buy,74429.79,1776655044024,0,0,0,,,,0,cancelled
2026-04-20 03:00,ord-000206,sell,74433.80,1776655044024,0,0,0,,,,0,cancelled
2026-04-20 03:00,ord-000207,buy,74429.70,1776655061824,0,0,0,,,,0,cancelled
2026-04-20 03:00,ord-000208,sell,74433.71,1776655061824,0,0,0,,,,0,cancelled
2026-04-20 03:00,ord-000209,buy,74414.16,1776655066825,0,0,0,,,,0,cancelled
2026-04-20 03:00,ord-000210,sell,74418.17,1776655066825,0,0,0,,,,0,cancelled
2026-04-20 03:00,ord-000211,buy,74409.43,1776655071924,0,0,0,,,,0,cancelled
2026-04-20 03:00,ord-000212,sell,74413.44,1776655071924,0,0,0,,,,0,cancelled
2026-04-20 03:00,ord-000213,buy,74392.55,1776655076924,0,0,0,,,,0,cancelled
2026-04-20 03:00,ord-000214,sell,74396.56,1776655076924,0,0,0,,,,0,cancelled
2026-04-20 03:00,ord-000215,buy,74403.42,1776655091824,0,0,0,,,,0,cancelled
2026-04-20 03:00,ord-000216,sell,74407.43,1776655091824,0,0,0,,,,0,cancelled
2026-04-20 03:00,ord-000217,buy,74403.43,1776655096824,0,0,0,,,,0,cancelled
2026-04-20 03:00,ord-000218,sell,74407.44,1776655096824,0,0,0,,,,0,cancelled
2026-04-20 03:00,ord-000219,buy,74404.29,1776655124624,0,0,0,,,,0,cancelled
2026-04-20 03:00,ord-000220,sell,74408.30,1776655124624,0,0,0,,,,0,cancelled
2026-04-20 03:00,ord-000221,buy,74406.05,1776655138625,0,0,0,,,,0,cancelled
2026-04-20 03:00,ord-000222,sell,74410.06,1776655138625,0,0,0,,,,0,cancelled
2026-04-20 03:00,ord-000223,buy,74408.24,1776655166624,0,0,0,,,,0,cancelled
2026-04-20 03:00,ord-000224,sell,74412.25,1776655166624,0,0,0,,,,0,cancelled
2026-04-20 03:00,ord-000225,buy,74408.95,1776655171924,0,0,0,,,,0,cancelled
2026-04-20 03:00,ord-000226,sell,74412.96,1776655171924,0,0,0,,,,0,cancelled
2026-04-20 03:00,ord-000227,buy,74416.55,1776655176924,0,0,0,,,,0,cancelled
2026-04-20 03:00,ord-000228,sell,74420.56,1776655176924,0,0,0,,,,0,cancelled
2026-04-20 03:00,ord-000229,buy,74423.15,1776655181924,0,0,0,,,,0,cancelled
2026-04-20 03:00,ord-000230,sell,74427.16,1776655181924,0,0,0,,,,0,cancelled
2026-04-20 03:00,ord-000231,buy,74419.56,1776655215824,0,0,0,,,,0,cancelled
2026-04-20 03:00,ord-000232,sell,74423.57,1776655215824,0,0,0,,,,0,cancelled
2026-04-20 03:00,ord-000233,buy,74406.53,1776655220824,0,0,0,,,,0,cancelled
2026-04-20 03:00,ord-000234,sell,74410.54,1776655220824,0,0,0,,,,0,cancelled
2026-04-20 03:00,ord-000235,buy,74403.45,1776655225824,0,0,0,,,,0,cancelled
2026-04-20 03:00,ord-000236,sell,74407.46,1776655225824,0,0,0,,,,0,cancelled
2026-04-20 03:00,ord-000237,buy,74470.00,1776655230824,0.00040000,0,0,,,,0,cancelled
2026-04-20 03:00,ord-000238,sell,74474.01,1776655230824,0.14018000,0,0.1401100000000000000000000000,,,,0,cancelled
2026-04-20 03:00,ord-000239,buy,74467.57,1776655235824,0,0,0,,,,0,cancelled
2026-04-20 03:00,ord-000240,sell,74471.58,1776655235824,0,0,0,,,,0,cancelled
2026-04-20 03:00,ord-000241,buy,74493.61,1776655240824,0,0,0,,,,0,cancelled
2026-04-20 03:00,ord-000242,sell,74497.62,1776655240824,0,0,0,,,,0,cancelled
2026-04-20 03:00,ord-000243,buy,74497.99,1776655245824,0,0,0,,,,0,cancelled
2026-04-20 03:00,ord-000244,sell,74502.00,1776655245824,0.00120000,0.00120000,0,,,,0,cancelled
2026-04-20 03:00,ord-000245,buy,74525.94,1776655252474,0,0,0,,,,0,cancelled
2026-04-20 03:00,ord-000246,sell,74529.95,1776655252474,0,0,0,,,,0,cancelled
2026-04-20 03:00,ord-000247,buy,74531.66,1776655258524,0,0,0,,,,0,cancelled
2026-04-20 03:00,ord-000248,sell,74535.67,1776655258524,0,0,0,,,,0,cancelled
2026-04-20 03:00,ord-000249,buy,74560.49,1776655266163,0,0,0,,,,0,cancelled
2026-04-20 03:00,ord-000250,sell,74564.50,1776655266163,0,0,0,,,,0,cancelled
2026-04-20 03:00,ord-000251,buy,74555.73,1776655271224,0,0,0,,,,0,cancelled
2026-04-20 03:00,ord-000252,sell,74559.74,1776655271224,0,0,0,,,,0,cancelled
2026-04-20 03:00,ord-000253,buy,74583.78,1776655276224,0,0,0,,,,0,cancelled
2026-04-20 03:00,ord-000254,sell,74587.79,1776655276224,0,0,0,,,,0,cancelled
2026-04-20 03:00,ord-000255,buy,74576.43,1776655281224,0,0,0,,,,0,cancelled
2026-04-20 03:00,ord-000256,sell,74580.44,1776655281224,0,0,0,,,,0,cancelled
2026-04-20 03:00,ord-000257,buy,74575.36,1776655286624,0,0,0,,,,0,cancelled
2026-04-20 03:00,ord-000258,sell,74579.37,1776655286624,0,0,0,,,,0,cancelled
2026-04-20 03:00,ord-000259,buy,74563.92,1776655291624,0,0,0,,,,0,cancelled
2026-04-20 03:00,ord-000260,sell,74567.93,1776655291624,0,0,0,,,,0,cancelled
2026-04-20 03:00,ord-000261,buy,74523.14,1776655296624,0,0,0,,,,0,cancelled
2026-04-20 03:00,ord-000262,sell,74527.15,1776655296624,0,0,0,,,,0,cancelled
2026-04-20 03:00,ord-000263,buy,74515.44,1776655301624,0,0,0,,,,0,cancelled
2026-04-20 03:00,ord-000264,sell,74519.45,1776655301624,0,0,0,,,,0,cancelled
2026-04-20 03:00,ord-000265,buy,74507.19,1776655306624,0,0,0,,,,0,cancelled
2026-04-20 03:00,ord-000266,sell,74511.20,1776655306624,0,0,0,,,,0,cancelled
2026-04-20 03:00,ord-000267,buy,74501.00,1776655319124,0,0,0,,,,0,cancelled
2026-04-20 03:00,ord-000268,sell,74505.01,1776655319124,0,0,0,,,,0,cancelled
2026-04-20 03:00,ord-000269,buy,74490.70,1776655324124,0.04041000,0,0.04041000000000000000000000000,,,,0,cancelled
2026-04-20 03:00,ord-000270,sell,74494.71,1776655324124,0,0,0,,,,0,cancelled
2026-04-20 03:00,ord-000271,buy,74492.72,1776655335524,1.53093000,0,1.530930000000000000000000000,,,,0,cancelled
2026-04-20 03:00,ord-000272,sell,74496.73,1776655335524,0,0,0,,,,0,cancelled
2026-04-20 03:00,ord-000273,buy,74498.13,1776655340524,0,0,0,,,,0,cancelled
2026-04-20 03:00,ord-000274,sell,74502.14,1776655340524,0,0,0,,,,0,cancelled
2026-04-20 03:00,ord-000275,buy,74494.00,1776655364024,0.00040000,0.00040000,0,,,,0,cancelled
2026-04-20 03:00,ord-000276,sell,74498.01,1776655364024,0.00007000,0,0,,,,0,cancelled
2026-04-20 03:00,ord-000277,buy,74490.70,1776655375924,0,0,0,,,,0,cancelled
2026-04-20 03:00,ord-000278,sell,74494.71,1776655375924,0,0,0,,,,0,cancelled
2026-04-20 03:00,ord-000279,buy,74482.84,1776655400124,0,0,0,,,,0,cancelled
2026-04-20 03:00,ord-000280,sell,74486.85,1776655400124,0,0,0,,,,0,cancelled
2026-04-20 03:00,ord-000281,buy,74476.00,1776655408224,0.00120000,0.00120000,0,,,,0,cancelled
2026-04-20 03:00,ord-000282,sell,74480.01,1776655408224,0.04844000,0,0.04844000,,,,0,cancelled
2026-04-20 03:00,ord-000283,buy,74467.51,1776655413224,0,0,0,,,,0,cancelled
2026-04-20 03:00,ord-000284,sell,74471.52,1776655413224,0,0,0,,,,0,cancelled
2026-04-20 03:00,ord-000285,buy,74482.65,1776655418224,0,0,0,,,,0,cancelled
2026-04-20 03:00,ord-000286,sell,74486.66,1776655418224,0,0,0,,,,0,cancelled
2026-04-20 03:00,ord-000287,buy,74482.84,1776655428424,0,0,0,,,,0,cancelled
2026-04-20 03:00,ord-000288,sell,74486.85,1776655428424,0,0,0,,,,0,cancelled
2026-04-20 03:00,ord-000289,buy,74483.37,1776655460324,0,0,0,,,,0,cancelled
2026-04-20 03:00,ord-000290,sell,74487.38,1776655460324,0,0,0,,,,0,cancelled
2026-04-20 03:00,ord-000291,buy,74486.85,1776655474524,0,0,0,,,,0,cancelled
2026-04-20 03:00,ord-000292,sell,74490.86,1776655474524,0,0,0,,,,0,cancelled
2026-04-20 03:00,ord-000293,buy,74499.59,1776655479524,0.01354000,0,0,,,,0,cancelled
2026-04-20 03:00,ord-000294,sell,74503.60,1776655479524,0,0,0,,,,0,cancelled
2026-04-20 03:00,ord-000295,buy,74505.61,1776655488324,0,0,0,,,,0,cancelled
2026-04-20 03:00,ord-000296,sell,74509.62,1776655488324,0,0,0,,,,0,cancelled
2026-04-20 03:00,ord-000297,buy,74507.19,1776655516224,0,0,0,,,,0,cancelled
2026-04-20 03:00,ord-000298,sell,74511.20,1776655516224,0,0,0,,,,0,cancelled
2026-04-20 03:00,ord-000299,buy,74518.62,1776655521224,0,0,0,,,,0,cancelled
2026-04-20 03:00,ord-000300,sell,74522.63,1776655521224,0,0,0,,,,0,cancelled
2026-04-20 03:00,ord-000301,buy,74512.13,1776655529324,0,0,0,,,,0,cancelled
2026-04-20 03:00,ord-000302,sell,74516.14,1776655529324,0,0,0,,,,0,cancelled
2026-04-20 03:00,ord-000303,buy,74509.99,1776655534324,0,0,0,,,,0,cancelled
2026-04-20 03:00,ord-000304,sell,74514.00,1776655534324,0.00040000,0.00040000,0,,,,0,cancelled
2026-04-20 03:00,ord-000305,buy,74518.28,1776655540624,0,0,0,,,,0,cancelled
2026-04-20 03:00,ord-000306,sell,74522.29,1776655540624,0,0,0,,,,0,cancelled
2026-04-20 03:00,ord-000307,buy,74524.97,1776655550524,0,0,0,,,,0,cancelled
2026-04-20 03:00,ord-000308,sell,74528.98,1776655550524,0,0,0,,,,0,cancelled
2026-04-20 03:00,ord-000309,buy,74518.29,1776655580424,0,0,0,,,,0,cancelled
2026-04-20 03:00,ord-000310,sell,74522.30,1776655580424,0,0,0,,,,0,cancelled
2026-04-20 03:00,ord-000311,buy,74510.74,1776655585424,0,0,0,,,,0,cancelled
2026-04-20 03:00,ord-000312,sell,74514.75,1776655585424,0,0,0,,,,0,cancelled
2026-04-20 03:00,ord-000313,buy,74506.00,1776655648024,0.00080000,0.00080000,0,,,,0,cancelled
2026-04-20 03:00,ord-000314,sell,74510.01,1776655648024,0,0,0,,,,0,cancelled
2026-04-20 03:00,ord-000315,buy,74504.38,1776655653024,0,0,0,,,,0,cancelled
2026-04-20 03:00,ord-000316,sell,74508.39,1776655653024,0,0,0,,,,0,cancelled
2026-04-20 03:00,ord-000317,buy,74526.73,1776655658024,0,0,0,,,,0,cancelled
2026-04-20 03:00,ord-000318,sell,74530.74,1776655658024,0,0,0,,,,0,cancelled
2026-04-20 03:00,ord-000319,buy,74527.99,1776655665424,0,0,0,,,,0,cancelled
2026-04-20 03:00,ord-000320,sell,74532.00,1776655665424,0.00120000,0,0,,,,0,cancelled
2026-04-20 03:00,ord-000321,buy,74528.31,1776655673024,0.01485000,0,0.01485000000000000000000000000,,,,0,cancelled
2026-04-20 03:00,ord-000322,sell,74532.32,1776655673024,0,0,0,,,,0,cancelled
2026-04-20 03:00,ord-000323,buy,74521.43,1776655681824,0,0,0,,,,0,cancelled
2026-04-20 03:00,ord-000324,sell,74525.44,1776655681824,0,0,0,,,,0,cancelled
2026-04-20 03:00,ord-000325,buy,74526.23,1776655686824,0,0,0,,,,0,cancelled
2026-04-20 03:00,ord-000326,sell,74530.24,1776655686824,0,0,0,,,,0,cancelled
2026-04-20 03:00,ord-000327,buy,74528.52,1776655694824,0,0,0,,,,0,cancelled
2026-04-20 03:00,ord-000328,sell,74532.53,1776655694824,0,0,0,,,,0,cancelled
2026-04-20 03:00,ord-000329,buy,74533.94,1776655699824,0,0,0,,,,0,cancelled
2026-04-20 03:00,ord-000330,sell,74537.95,1776655699824,0,0,0,,,,0,cancelled
2026-04-20 03:00,ord-000331,buy,74529.98,1776655753524,0,0,0,,,,0,cancelled
2026-04-20 03:00,ord-000332,sell,74533.99,1776655753524,0,0,0,,,,0,cancelled
2026-04-20 03:00,ord-000333,buy,74518.68,1776655760324,0,0,0,,,,0,cancelled
2026-04-20 03:00,ord-000334,sell,74522.69,1776655760324,0,0,0,,,,0,cancelled
2026-04-20 03:00,ord-000335,buy,74511.22,1776655765324,0,0,0,,,,0,cancelled
2026-04-20 03:00,ord-000336,sell,74515.23,1776655765324,0,0,0,,,,0,cancelled
2026-04-20 03:00,ord-000337,buy,74503.20,1776655770324,0,0,0,,,,0,cancelled
2026-04-20 03:00,ord-000338,sell,74507.21,1776655770324,0,0,0,,,,0,cancelled
2026-04-20 03:00,ord-000339,buy,74498.35,1776655846024,0,0,0,,,,0,cancelled
2026-04-20 03:00,ord-000340,sell,74502.36,1776655846024,0,0,0,,,,0,cancelled
2026-04-20 03:00,ord-000341,buy,74505.10,1776655853725,0,0,0,,,,0,cancelled
2026-04-20 03:00,ord-000342,sell,74509.11,1776655853725,0,0,0,,,,0,cancelled
2026-04-20 03:00,ord-000343,buy,74511.68,1776655858824,0,0,0,,,,0,cancelled
2026-04-20 03:00,ord-000344,sell,74515.69,1776655858824,0,0,0,,,,0,cancelled
2026-04-20 03:00,ord-000345,buy,74498.97,1776655863824,0,0,0,,,,0,cancelled
2026-04-20 03:00,ord-000346,sell,74502.98,1776655863824,0,0,0,,,,0,cancelled
2026-04-20 03:00,ord-000347,buy,74492.41,1776655868824,0,0,0,,,,0,cancelled
2026-04-20 03:00,ord-000348,sell,74496.42,1776655868824,0,0,0,,,,0,cancelled
2026-04-20 03:00,ord-000349,buy,74488.27,1776655894624,0,0,0,,,,0,cancelled
2026-04-20 03:00,ord-000350,sell,74492.28,1776655894624,0,0,0,,,,0,cancelled
2026-04-20 03:00,ord-000351,buy,74478.72,1776655903924,0,0,0,,,,0,cancelled
2026-04-20 03:00,ord-000352,sell,74482.73,1776655903924,0,0,0,,,,0,cancelled
2026-04-20 03:00,ord-000353,buy,74481.99,1776655930624,0,0,0,,,,0,cancelled
2026-04-20 03:00,ord-000354,sell,74486.00,1776655930624,0.00040000,0,0,,,,0,cancelled
2026-04-20 03:00,ord-000355,buy,74478.72,1776655939824,0,0,0,,,,0,cancelled
2026-04-20 03:00,ord-000356,sell,74482.73,1776655939824,0,0,0,,,,0,cancelled
2026-04-20 03:00,ord-000357,buy,74463.22,1776655944824,0,0,0,,,,0,cancelled
2026-04-20 03:00,ord-000358,sell,74467.23,1776655944824,0,0,0,,,,0,cancelled
2026-04-20 03:00,ord-000359,buy,74455.52,1776655949825,0,0,0,,,,0,cancelled
2026-04-20 03:00,ord-000360,sell,74459.53,1776655949825,0,0,0,,,,0,cancelled
2026-04-20 03:00,ord-000361,buy,74455.74,1776655957624,0,0,0,,,,0,cancelled
2026-04-20 03:00,ord-000362,sell,74459.75,1776655957624,0,0,0,,,,0,cancelled
2026-04-20 03:00,ord-000363,buy,74461.28,1776655968624,0,0,0,,,,0,cancelled
2026-04-20 03:00,ord-000364,sell,74465.29,1776655968624,0,0,0,,,,0,cancelled
2026-04-20 03:00,ord-000365,buy,74474.95,1776655973624,0,0,0,,,,0,cancelled
2026-04-20 03:00,ord-000366,sell,74478.96,1776655973624,0,0,0,,,,0,cancelled
2026-04-20 03:00,ord-000367,buy,74478.13,1776656000524,0,0,0,,,,0,cancelled
2026-04-20 03:00,ord-000368,sell,74482.14,1776656000524,0,0,0,,,,0,cancelled
2026-04-20 03:00,ord-000369,buy,74481.98,1776656005524,0,0,0,,,,0,cancelled
2026-04-20 03:00,ord-000370,sell,74485.99,1776656005524,0,0,0,,,,0,cancelled
2026-04-20 03:00,ord-000371,buy,74492.39,1776656023624,0,0,0,,,,0,cancelled
2026-04-20 03:00,ord-000372,sell,74496.40,1776656023624,0,0,0,,,,0,cancelled
2026-04-20 03:00,ord-000373,buy,74510.92,1776656028624,0,0,0,,,,0,cancelled
2026-04-20 03:00,ord-000374,sell,74514.93,1776656028624,0,0,0,,,,0,cancelled
2026-04-20 03:00,ord-000375,buy,74510.91,1776656049124,0,0,0,,,,0,cancelled
2026-04-20 03:00,ord-000376,sell,74514.92,1776656049124,0,0,0,,,,0,cancelled
2026-04-20 03:00,ord-000377,buy,74508.41,1776656054124,0,0,0,,,,0,cancelled
2026-04-20 03:00,ord-000378,sell,74512.42,1776656054124,0,0,0,,,,0,cancelled
2026-04-20 03:00,ord-000379,buy,74518.36,1776656070024,0,0,0,,,,0,cancelled
2026-04-20 03:00,ord-000380,sell,74522.37,1776656070024,0,0,0,,,,0,cancelled
2026-04-20 03:00,ord-000381,buy,74524.39,1776656075024,0,0,0,,,,0,cancelled
2026-04-20 03:00,ord-000382,sell,74528.40,1776656075024,0,0,0,,,,0,cancelled
2026-04-20 03:00,ord-000383,buy,74524.38,1776656089924,0,0,0,,,,0,cancelled
2026-04-20 03:00,ord-000384,sell,74528.39,1776656089924,0.00023000,0,0,,,,0,cancelled
2026-04-20 03:00,ord-000385,buy,74520.77,1776656094924,0,0,0,,,,0,cancelled
2026-04-20 03:00,ord-000386,sell,74524.78,1776656094924,0,0,0,,,,0,cancelled
2026-04-20 03:00,ord-000387,buy,74516.90,1776656100624,0,0,0,,,,0,cancelled
2026-04-20 03:00,ord-000388,sell,74520.91,1776656100624,0,0,0,,,,0,cancelled
2026-04-20 03:00,ord-000389,buy,74513.41,1776656117724,0,0,0,,,,0,cancelled
2026-04-20 03:00,ord-000390,sell,74517.42,1776656117724,0,0,0,,,,0,cancelled
2026-04-20 03:00,ord-000391,buy,74509.98,1776656122724,0,0,0,,,,0,cancelled
2026-04-20 03:00,ord-000392,sell,74513.99,1776656122724,0,0,0,,,,0,cancelled
2026-04-20 03:00,ord-000393,buy,74505.86,1776656134524,0.00008000,0,0,,,,0,cancelled
2026-04-20 03:00,ord-000394,sell,74509.87,1776656134524,0,0,0,,,,0,cancelled
2026-04-20 03:00,ord-000395,buy,74504.60,1776656139524,0,0,0,,,,0,cancelled
2026-04-20 03:00,ord-000396,sell,74508.61,1776656139524,0,0,0,,,,0,cancelled
2026-04-20 03:00,ord-000397,buy,74494.00,1776656144524,0.00080000,0,0,,,,0,cancelled
2026-04-20 03:00,ord-000398,sell,74498.01,1776656144524,0,0,0,,,,0,cancelled
2026-04-20 03:00,ord-000399,buy,74493.99,1776656149524,0,0,0,,,,0,cancelled
2026-04-20 03:00,ord-000400,sell,74498.00,1776656149524,0.00040000,0,0,,,,0,cancelled
2026-04-20 03:00,ord-000401,buy,74490.43,1776656181324,0,0,0,,,,0,cancelled
2026-04-20 03:00,ord-000402,sell,74494.44,1776656181324,0,0,0,,,,0,cancelled
2026-04-20 03:00,ord-000403,buy,74483.26,1776656186324,0.00470000,0,0,,,,0,cancelled
2026-04-20 03:00,ord-000404,sell,74487.27,1776656186324,0,0,0,,,,0,cancelled
2026-04-20 03:00,ord-000405,buy,74484.94,1776656195525,0,0,0,,,,0,cancelled
2026-04-20 03:00,ord-000406,sell,74488.95,1776656195525,0,0,0,1776656195558,0,0,0.00042000,cancelled
2026-04-20 03:00,ord-000407,buy,74488.00,1776656200624,0.00040000,0,0,,,,0,cancelled
2026-04-20 03:00,ord-000408,sell,74492.01,1776656200624,0.00014000,0.00014000,0,1776656201340,0.00014000,0.00000000,0.00028000,cancelled
2026-04-20 03:00,ord-000409,buy,74490.43,1776656205624,0,0,0,,,,0,cancelled
2026-04-20 03:00,ord-000410,sell,74494.44,1776656205624,0,0,0,,,,0,cancelled
2026-04-20 03:00,ord-000411,buy,74493.99,1776656213724,0,0,0,,,,0,cancelled
2026-04-20 03:00,ord-000412,sell,74498.00,1776656213724,0.00338000,0.00338000,0,,,,0,cancelled
2026-04-20 03:00,ord-000413,buy,74502.99,1776656230824,0,0,0,,,,0,cancelled
2026-04-20 03:00,ord-000414,sell,74507.00,1776656230824,0,0,0,,,,0,cancelled
2026-04-20 03:00,ord-000415,buy,74498.97,1776656278324,0,0,0,,,,0,cancelled
2026-04-20 03:00,ord-000416,sell,74502.98,1776656278324,0,0,0,,,,0,cancelled
2026-04-20 03:00,ord-000417,buy,74498.08,1776656283324,0,0,0,,,,0,cancelled
2026-04-20 03:00,ord-000418,sell,74502.09,1776656283324,0,0,0,,,,0,cancelled
2026-04-20 03:00,ord-000419,buy,74502.99,1776656290824,0,0,0,,,,0,cancelled
2026-04-20 03:00,ord-000420,sell,74507.00,1776656290824,0,0,0,,,,0,cancelled
2026-04-20 03:00,ord-000421,buy,74501.78,1776656312824,0,0,0,,,,0,cancelled
2026-04-20 03:00,ord-000422,sell,74505.79,1776656312824,0,0,0,,,,0,cancelled
2026-04-20 03:00,ord-000423,buy,74498.08,1776656320824,0,0,0,,,,0,cancelled
2026-04-20 03:00,ord-000424,sell,74502.09,1776656320824,0,0,0,,,,0,cancelled
2026-04-20 03:00,ord-000425,buy,74498.00,1776656325824,0.00040000,0,0,,,,0,cancelled
2026-04-20 03:00,ord-000426,sell,74502.01,1776656325824,0,0,0,,,,0,cancelled
2026-04-20 03:00,ord-000427,buy,74500.79,1776656342824,0,0,0,,,,0,cancelled
2026-04-20 03:00,ord-000428,sell,74504.80,1776656342824,0,0,0,,,,0,cancelled
2026-04-20 03:00,ord-000429,buy,74524.38,1776656347824,0,0,0,,,,0,cancelled
2026-04-20 03:00,ord-000430,sell,74528.39,1776656347824,0.00023000,0,0,,,,0,cancelled
2026-04-20 03:00,ord-000431,buy,74520.07,1776656358324,0,0,0,,,,0,cancelled
2026-04-20 03:00,ord-000432,sell,74524.08,1776656358324,0,0,0,,,,0,cancelled
2026-04-20 03:00,ord-000433,buy,74524.38,1776656368125,0,0,0,,,,0,cancelled
2026-04-20 03:00,ord-000434,sell,74528.39,1776656368125,0.00023000,0,0,,,,0,cancelled
2026-04-20 03:00,ord-000435,buy,74525.74,1776656385524,0,0,0,,,,0,cancelled
2026-04-20 03:00,ord-000436,sell,74529.75,1776656385524,0,0,0,,,,0,cancelled
2026-04-20 03:00,ord-000437,buy,74524.38,1776656400424,0,0,0,,,,0,cancelled
2026-04-20 03:00,ord-000438,sell,74528.39,1776656400424,0.00023000,0,0,,,,0,cancelled
2026-04-20 03:00,ord-000439,buy,74516.65,1776656440724,0,0,0,,,,0,cancelled
2026-04-20 03:00,ord-000440,sell,74520.66,1776656440724,0,0,0,,,,0,cancelled
2026-04-20 03:00,ord-000441,buy,74519.79,1776656463924,0,0,0,,,,0,cancelled
2026-04-20 03:00,ord-000442,sell,74523.80,1776656463924,0,0,0,,,,0,cancelled
2026-04-20 03:00,ord-000443,buy,74523.59,1776656468924,0,0,0,,,,0,cancelled
2026-04-20 03:00,ord-000444,sell,74527.60,1776656468924,0,0,0,,,,0,cancelled
2026-04-20 03:00,ord-000445,buy,74535.41,1776656473924,0,0,0,,,,0,cancelled
2026-04-20 03:00,ord-000446,sell,74539.42,1776656473924,0,0,0,,,,0,cancelled
2026-04-20 03:00,ord-000447,buy,74544.99,1776656520724,0,0,0,,,,0,cancelled
2026-04-20 03:00,ord-000448,sell,74549.00,1776656520724,0,0,0,,,,0,cancelled
2026-04-20 03:00,ord-000449,buy,74545.76,1776656541024,0.00007000,0,0,,,,0,cancelled
2026-04-20 03:00,ord-000450,sell,74549.77,1776656541024,0,0,0,,,,0,cancelled
2026-04-20 03:00,ord-000451,buy,74546.39,1776656546024,0,0,0,,,,0,cancelled
2026-04-20 03:00,ord-000452,sell,74550.40,1776656546024,0,0,0,,,,0,cancelled
2026-04-20 03:00,ord-000453,buy,74557.89,1776656551024,0,0,0,,,,0,cancelled
2026-04-20 03:00,ord-000454,sell,74561.90,1776656551024,0,0,0,,,,0,cancelled
2026-04-20 03:00,ord-000455,buy,74557.99,1776656559224,0,0,0,,,,0,cancelled
2026-04-20 03:00,ord-000456,sell,74562.00,1776656559224,0.00120000,0.00120000,0,1776656560895,0.00120000,0.00000000,0.001,filled
2026-04-20 03:00,ord-000457,buy,74559.99,1776656560924,0.23829000,0,0.2382201225306326581645411353,,,,0,cancelled
2026-04-20 03:00,ord-000458,sell,74564.00,1776656560924,0.00120000,0.00120000,0,,,,0,cancelled
2026-04-20 03:00,ord-000459,buy,74562.39,1776656565924,0,0,0,,,,0,cancelled
2026-04-20 03:00,ord-000460,sell,74566.40,1776656565924,0,0,0,,,,0,cancelled
2026-04-20 03:00,ord-000461,buy,74556.63,1776656570924,0,0,0,,,,0,cancelled
2026-04-20 03:00,ord-000462,sell,74560.64,1776656570924,0.00300000,0,0.00300000,,,,0,cancelled
2026-04-20 03:00,ord-000463,buy,74558.98,1776656598924,0,0,0,,,,0,cancelled
2026-04-20 03:00,ord-000464,sell,74562.99,1776656598924,0,0,0,,,,0,cancelled
2026-04-20 03:00,ord-000465,buy,74566.65,1776656603924,0,0,0,,,,0,cancelled
2026-04-20 03:00,ord-000466,sell,74570.66,1776656603924,0,0,0,,,,0,cancelled
2026-04-20 03:00,ord-000467,buy,74568.14,1776656632624,0,0,0,,,,0,cancelled
2026-04-20 03:00,ord-000468,sell,74572.15,1776656632624,0,0,0,,,,0,cancelled
2026-04-20 03:00,ord-000469,buy,74573.64,1776656637624,0,0,0,,,,0,cancelled
2026-04-20 03:00,ord-000470,sell,74577.65,1776656637624,0,0,0,,,,0,cancelled
2026-04-20 03:00,ord-000471,buy,74567.11,1776656700227,0,0,0,,,,0,cancelled
2026-04-20 03:00,ord-000472,sell,74571.12,1776656700227,0,0,0,,,,0,cancelled
2026-04-20 03:00,ord-000473,buy,74556.63,1776656705324,0,0,0,,,,0,cancelled
2026-04-20 03:00,ord-000474,sell,74560.64,1776656705324,0.00300000,0,0.00300000,,,,0,cancelled
2026-04-20 03:00,ord-000475,buy,74557.79,1776656713924,0,0,0,,,,0,cancelled
2026-04-20 03:00,ord-000476,sell,74561.80,1776656713924,0,0,0,,,,0,cancelled
2026-04-20 03:00,ord-000477,buy,74592.86,1776656718924,0,0,0,,,,0,cancelled
2026-04-20 03:00,ord-000478,sell,74596.87,1776656718924,0,0,0,,,,0,cancelled
2026-04-20 03:00,ord-000479,buy,74590.52,1776656728424,0,0,0,,,,0,cancelled
2026-04-20 03:00,ord-000480,sell,74594.53,1776656728424,0,0,0,,,,0,cancelled
2026-04-20 03:00,ord-000481,buy,74586.80,1776656733424,0,0,0,,,,0,cancelled
2026-04-20 03:00,ord-000482,sell,74590.81,1776656733424,0,0,0,,,,0,cancelled
2026-04-20 03:00,ord-000483,buy,74582.19,1776656738424,0,0,0,,,,0,cancelled
2026-04-20 03:00,ord-000484,sell,74586.20,1776656738424,0,0,0,,,,0,cancelled
2026-04-20 03:00,ord-000485,buy,74589.76,1776656756324,0,0,0,,,,0,cancelled
2026-04-20 03:00,ord-000486,sell,74593.77,1776656756324,0,0,0,,,,0,cancelled
2026-04-20 03:00,ord-000487,buy,74594.68,1776656761324,0,0,0,,,,0,cancelled
2026-04-20 03:00,ord-000488,sell,74598.69,1776656761324,0,0,0,,,,0,cancelled
2026-04-20 03:00,ord-000489,buy,74587.90,1776656766324,0,0,0,,,,0,cancelled
2026-04-20 03:00,ord-000490,sell,74591.91,1776656766324,0,0,0,,,,0,cancelled
2026-04-20 03:00,ord-000491,buy,74589.74,1776656777224,0,0,0,,,,0,cancelled
2026-04-20 03:00,ord-000492,sell,74593.75,1776656777224,0,0,0,,,,0,cancelled
2026-04-20 03:00,ord-000493,buy,74595.02,1776656789624,0,0,0,,,,0,cancelled
2026-04-20 03:00,ord-000494,sell,74599.03,1776656789624,0,0,0,,,,0,cancelled
2026-04-20 03:00,ord-000495,buy,74581.26,1776656794624,0,0,0,,,,0,cancelled
2026-04-20 03:00,ord-000496,sell,74585.27,1776656794624,0,0,0,,,,0,cancelled
2026-04-20 03:00,ord-000497,buy,74573.80,1776656799624,0,0,0,,,,0,cancelled
2026-04-20 03:00,ord-000498,sell,74577.81,1776656799624,0,0,0,,,,0,cancelled
2026-04-20 03:00,ord-000499,buy,74579.34,1776656804624,0,0,0,,,,0,cancelled
2026-04-20 03:00,ord-000500,sell,74583.35,1776656804624,0,0,0,,,,0,cancelled
2026-04-20 03:00,ord-000501,buy,74574.72,1776656809624,0,0,0,,,,0,cancelled
2026-04-20 03:00,ord-000502,sell,74578.73,1776656809624,0,0,0,,,,0,cancelled
2026-04-20 03:00,ord-000503,buy,74576.79,1776656814624,0,0,0,,,,0,cancelled
2026-04-20 03:00,ord-000504,sell,74580.80,1776656814624,0,0,0,,,,0,cancelled
2026-04-20 03:00,ord-000505,buy,74592.84,1776656819624,0,0,0,,,,0,cancelled
2026-04-20 03:00,ord-000506,sell,74596.85,1776656819624,0,0,0,,,,0,cancelled
2026-04-20 03:00,ord-000507,buy,74585.40,1776656824624,0,0,0,,,,0,cancelled
2026-04-20 03:00,ord-000508,sell,74589.41,1776656824624,0,0,0,,,,0,cancelled
2026-04-20 03:00,ord-000509,buy,74592.75,1776656833524,0,0,0,,,,0,cancelled
2026-04-20 03:00,ord-000510,sell,74596.76,1776656833524,0,0,0,,,,0,cancelled
2026-04-20 03:00,ord-000511,buy,74591.03,1776656839124,0,0,0,,,,0,cancelled
2026-04-20 03:00,ord-000512,sell,74595.04,1776656839124,0,0,0,,,,0,cancelled
2026-04-20 03:00,ord-000513,buy,74568.91,1776656844124,0,0,0,,,,0,cancelled
2026-04-20 03:00,ord-000514,sell,74572.92,1776656844124,0,0,0,1776656849466,0,0,0.001,filled
2026-04-20 03:00,ord-000515,buy,74572.99,1776656849524,0,0,0,,,,0,cancelled
2026-04-20 03:00,ord-000516,sell,74577.00,1776656849524,0,0,0,,,,0,cancelled
2026-04-20 03:00,ord-000517,buy,74560.59,1776656854524,0,0,0,,,,0,cancelled
2026-04-20 03:00,ord-000518,sell,74564.60,1776656854524,0,0,0,,,,0,cancelled
2026-04-20 03:00,ord-000519,buy,74558.00,1776656859524,0.00134000,0,0,,,,0,cancelled
2026-04-20 03:00,ord-000520,sell,74562.01,1776656859524,0,0,0,,,,0,cancelled
2026-04-20 03:00,ord-000521,buy,74561.57,1776656865024,0,0,0,,,,0,cancelled
2026-04-20 03:00,ord-000522,sell,74565.58,1776656865024,0,0,0,,,,0,cancelled
2026-04-20 03:00,ord-000523,buy,74566.35,1776656870024,0.00007000,0,0.00007000,,,,0,cancelled
2026-04-20 03:00,ord-000524,sell,74570.36,1776656870024,0,0,0,,,,0,cancelled
2026-04-20 03:00,ord-000525,buy,74560.85,1776656875025,0,0,0,,,,0,cancelled
2026-04-20 03:00,ord-000526,sell,74564.86,1776656875025,0,0,0,,,,0,cancelled
2026-04-20 03:00,ord-000527,buy,74567.82,1776656882224,0,0,0,,,,0,cancelled
2026-04-20 03:00,ord-000528,sell,74571.83,1776656882224,0,0,0,,,,0,cancelled
2026-04-20 03:00,ord-000529,buy,74568.89,1776656887224,0,0,0,,,,0,cancelled
2026-04-20 03:00,ord-000530,sell,74572.90,1776656887224,0,0,0,,,,0,cancelled
2026-04-20 03:00,ord-000531,buy,74588.91,1776656892224,0,0,0,,,,0,cancelled
2026-04-20 03:00,ord-000532,sell,74592.92,1776656892224,0,0,0,,,,0,cancelled
2026-04-20 03:00,ord-000533,buy,74580.59,1776656897224,0,0,0,,,,0,cancelled
2026-04-20 03:00,ord-000534,sell,74584.60,1776656897224,0,0,0,,,,0,cancelled
2026-04-20 03:00,ord-000535,buy,74588.61,1776656905524,0,0,0,,,,0,cancelled
2026-04-20 03:00,ord-000536,sell,74592.62,1776656905524,0,0,0,,,,0,cancelled
2026-04-20 03:00,ord-000537,buy,74592.73,1776656926824,0,0,0,,,,0,cancelled
2026-04-20 03:00,ord-000538,sell,74596.74,1776656926824,0,0,0,,,,0,cancelled
2026-04-20 03:00,ord-000539,buy,74597.99,1776656934224,0.00028000,0,0.00028000,,,,0,cancelled
2026-04-20 03:00,ord-000540,sell,74602.00,1776656934224,0.00120000,0,0,,,,0,cancelled
2026-04-20 03:00,ord-000541,buy,74593.64,1776656945324,0,0,0,,,,0,cancelled
2026-04-20 03:00,ord-000542,sell,74597.65,1776656945324,0,0,0,,,,0,cancelled
2026-04-20 03:00,ord-000543,buy,74580.11,1776656950324,0,0,0,,,,0,cancelled
2026-04-20 03:00,ord-000544,sell,74584.12,1776656950324,0,0,0,,,,0,cancelled
2026-04-20 03:00,ord-000545,buy,74578.88,1776656955324,0,0,0,,,,0,cancelled
2026-04-20 03:00,ord-000546,sell,74582.89,1776656955324,0,0,0,,,,0,cancelled
2026-04-20 03:00,ord-000547,buy,74572.32,1776656960324,0,0,0,,,,0,cancelled
2026-04-20 03:00,ord-000548,sell,74576.33,1776656960324,0,0,0,,,,0,cancelled
2026-04-20 03:00,ord-000549,buy,74586.79,1776656965324,0,0,0,,,,0,cancelled
2026-04-20 03:00,ord-000550,sell,74590.80,1776656965324,0,0,0,,,,0,cancelled
2026-04-20 03:00,ord-000551,buy,74583.58,1776656973724,0,0,0,,,,0,cancelled
2026-04-20 03:00,ord-000552,sell,74587.59,1776656973724,0,0,0,,,,0,cancelled
2026-04-20 03:00,ord-000553,buy,74576.00,1776656978724,0.00120000,0.00120000,0,,,,0,cancelled
2026-04-20 03:00,ord-000554,sell,74580.01,1776656978724,0,0,0,,,,0,cancelled
2026-04-20 03:00,ord-000555,buy,74568.91,1776656983724,0,0,0,,,,0,cancelled
2026-04-20 03:00,ord-000556,sell,74572.92,1776656983724,0,0,0,,,,0,cancelled
2026-04-20 03:00,ord-000557,buy,74576.00,1776656988724,0,0,0,,,,0,cancelled
2026-04-20 03:00,ord-000558,sell,74580.01,1776656988724,0,0,0,,,,0,cancelled
2026-04-20 03:00,ord-000559,buy,74593.12,1776656993724,0,0,0,,,,0,cancelled
2026-04-20 03:00,ord-000560,sell,74597.13,1776656993724,0,0,0,,,,0,cancelled
2026-04-20 03:00,ord-000561,buy,74597.99,1776657009724,0,0,0,,,,0,cancelled
2026-04-20 03:00,ord-000562,sell,74602.00,1776657009724,0.00120000,0.00120000,0,,,,0,cancelled
2026-04-20 03:00,ord-000563,buy,74607.97,1776657018224,0,0,0,,,,0,cancelled
2026-04-20 03:00,ord-000564,sell,74611.98,1776657018224,0,0,0,,,,0,cancelled
2026-04-20 03:00,ord-000565,buy,74600.88,1776657034524,0,0,0,,,,0,cancelled
2026-04-20 03:00,ord-000566,sell,74604.89,1776657034524,0,0,0,,,,0,cancelled
2026-04-20 03:00,ord-000567,buy,74598.00,1776657039524,0.00120000,0.000008058649057026134646594661115,0.001191941350942973865353405339,1776657058201,0.000008058649057026134646594661115,0.000000000000000000000000000000000,0.001,filled
2026-04-20 03:00,ord-000568,sell,74602.01,1776657039524,0,0,0,,,,0,cancelled
2026-04-20 03:00,ord-000569,buy,74593.06,1776657058224,0,0,0,,,,0,cancelled
2026-04-20 03:00,ord-000570,sell,74597.07,1776657058224,0,0,0,,,,0,cancelled
2026-04-20 03:00,ord-000571,buy,74579.66,1776657063224,0,0,0,,,,0,cancelled
2026-04-20 03:00,ord-000572,sell,74583.67,1776657063224,0,0,0,,,,0,cancelled
2026-04-20 03:00,ord-000573,buy,74581.16,1776657068224,0,0,0,,,,0,cancelled
2026-04-20 03:00,ord-000574,sell,74585.17,1776657068224,0,0,0,,,,0,cancelled
2026-04-20 03:00,ord-000575,buy,74557.82,1776657073224,0,0,0,,,,0,cancelled
2026-04-20 03:00,ord-000576,sell,74561.83,1776657073224,0,0,0,,,,0,cancelled
2026-04-20 03:00,ord-000577,buy,74550.36,1776657078224,0,0,0,,,,0,cancelled
2026-04-20 03:00,ord-000578,sell,74554.37,1776657078224,0,0,0,,,,0,cancelled
2026-04-20 03:00,ord-000579,buy,74559.02,1776657083224,0,0,0,,,,0,cancelled
2026-04-20 03:00,ord-000580,sell,74563.03,1776657083224,0,0,0,,,,0,cancelled
2026-04-20 03:00,ord-000581,buy,74554.00,1776657099724,0.00080000,0.000001900406805831873385396561440,0.0007980995931941681266146034386,1776657155312,0.000001900406805831873385396561440,0.000000000000000000000000000000000,0.0007980995931941681266146034386,cancelled
2026-04-20 03:00,ord-000582,sell,74558.01,1776657099724,0,0,0,,,,0,cancelled
2026-04-20 03:00,ord-000583,buy,74547.72,1776657155324,0,0,0,,,,0,cancelled
2026-04-20 03:00,ord-000584,sell,74551.73,1776657155324,0,0,0,,,,0,cancelled
2026-04-20 03:00,ord-000585,buy,74547.47,1776657160324,0,0,0,,,,0,cancelled
2026-04-20 03:00,ord-000586,sell,74551.48,1776657160324,0,0,0,,,,0,cancelled
2026-04-20 03:00,ord-000587,buy,74556.21,1776657165824,0,0,0,,,,0,cancelled
2026-04-20 03:00,ord-000588,sell,74560.22,1776657165824,0,0,0,,,,0,cancelled
2026-04-20 03:00,ord-000589,buy,74561.47,1776657170824,0,0,0,,,,0,cancelled
2026-04-20 03:00,ord-000590,sell,74565.48,1776657170824,0,0,0,,,,0,cancelled
2026-04-20 03:00,ord-000591,buy,74561.57,1776657182524,0,0,0,,,,0,cancelled
2026-04-20 03:00,ord-000592,sell,74565.58,1776657182524,0,0,0,,,,0,cancelled
2026-04-20 03:00,ord-000593,buy,74571.44,1776657187524,0,0,0,,,,0,cancelled
2026-04-20 03:00,ord-000594,sell,74575.45,1776657187524,0,0,0,,,,0,cancelled
2026-04-20 03:00,ord-000595,buy,74575.57,1776657195524,0,0,0,,,,0,cancelled
2026-04-20 03:00,ord-000596,sell,74579.58,1776657195524,0,0,0,,,,0,cancelled
2026-04-20 03:00,ord-000597,buy,74582.09,1776657200524,0,0,0,,,,0,cancelled
2026-04-20 03:00,ord-000598,sell,74586.10,1776657200524,0,0,0,,,,0,cancelled
2026-04-20 03:00,ord-000599,buy,74577.99,1776657231724,0,0,0,,,,0,cancelled
2026-04-20 03:00,ord-000600,sell,74582.00,1776657231724,0,0,0,,,,0,cancelled
2026-04-20 03:00,ord-000601,buy,74574.67,1776657236724,0,0,0,,,,0,cancelled
2026-04-20 03:00,ord-000602,sell,74578.68,1776657236724,0,0,0,,,,0,cancelled
2026-04-20 03:00,ord-000603,buy,74574.68,1776657253224,0,0,0,,,,0,cancelled
2026-04-20 03:00,ord-000604,sell,74578.69,1776657253224,0,0,0,,,,0,cancelled
2026-04-20 03:00,ord-000605,buy,74583.55,1776657258224,0.01351000,0,0,,,,0,cancelled
2026-04-20 03:00,ord-000606,sell,74587.56,1776657258224,0,0,0,,,,0,cancelled
2026-04-20 03:00,ord-000607,buy,74590.20,1776657264124,0.00007000,0,0,,,,0,cancelled
2026-04-20 03:00,ord-000608,sell,74594.21,1776657264124,0,0,0,,,,0,cancelled
2026-04-20 03:00,ord-000609,buy,74615.08,1776657269124,0,0,0,,,,0,cancelled
2026-04-20 03:00,ord-000610,sell,74619.09,1776657269124,0,0,0,,,,0,cancelled
2026-04-20 03:00,ord-000611,buy,74626.77,1776657282424,0,0,0,,,,0,cancelled
2026-04-20 03:00,ord-000612,sell,74630.78,1776657282424,0.00009000,0.00009000,0,,,,0,cancelled
2026-04-20 03:00,ord-000613,buy,74634.28,1776657287424,0,0,0,,,,0,cancelled
2026-04-20 03:00,ord-000614,sell,74638.29,1776657287424,0,0,0,,,,0,cancelled
2026-04-20 03:00,ord-000615,buy,74630.29,1776657302824,0,0,0,,,,0,cancelled
2026-04-20 03:00,ord-000616,sell,74634.30,1776657302824,0,0,0,,,,0,cancelled
2026-04-20 03:00,ord-000617,buy,74625.39,1776657316824,0,0,0,,,,0,cancelled
2026-04-20 03:00,ord-000618,sell,74629.40,1776657316824,0,0,0,,,,0,cancelled
2026-04-20 03:00,ord-000619,buy,74605.44,1776657321824,0,0,0,,,,0,cancelled
2026-04-20 03:00,ord-000620,sell,74609.45,1776657321824,0,0,0,,,,0,cancelled
2026-04-20 03:00,ord-000621,buy,74617.99,1776657326824,0.39543000,0,0.3954300000000000000000000000,,,,0,cancelled
2026-04-20 03:00,ord-000622,sell,74622.00,1776657326824,0.00120000,0.00120000,0,,,,0,cancelled
2026-04-20 03:00,ord-000623,buy,74624.24,1776657331824,0,0,0,,,,0,cancelled
2026-04-20 03:00,ord-000624,sell,74628.25,1776657331824,0,0,0,,,,0,cancelled
2026-04-20 03:00,ord-000625,buy,74619.99,1776657364524,0.00007000,0.00007000,0,1776657368765,0.00007000,0.00000000,0.00007000,cancelled
2026-04-20 03:00,ord-000626,sell,74624.00,1776657364524,0,0,0,,,,0,cancelled
2026-04-20 03:00,ord-000627,buy,74607.52,1776657369524,0,0,0,,,,0,cancelled
2026-04-20 03:00,ord-000628,sell,74611.53,1776657369524,0,0,0,,,,0,cancelled
2026-04-20 03:00,ord-000629,buy,74607.25,1776657377524,0,0,0,,,,0,cancelled
2026-04-20 03:00,ord-000630,sell,74611.26,1776657377524,0,0,0,,,,0,cancelled
2026-04-20 03:00,ord-000631,buy,74604.99,1776657382525,0.00014000,0,0.00014000,,,,0,cancelled
2026-04-20 03:00,ord-000632,sell,74609.00,1776657382525,0,0,0,,,,0,cancelled
2026-04-20 03:00,ord-000633,buy,74625.39,1776657387624,0,0,0,,,,0,cancelled
2026-04-20 03:00,ord-000634,sell,74629.40,1776657387624,0,0,0,,,,0,cancelled
2026-04-20 03:00,ord-000635,buy,74620.90,1776657393324,0,0,0,,,,0,cancelled
2026-04-20 03:00,ord-000636,sell,74624.91,1776657393324,0,0,0,,,,0,cancelled
2026-04-20 03:00,ord-000637,buy,74620.89,1776657424424,0,0,0,,,,0,cancelled
2026-04-20 03:00,ord-000638,sell,74624.90,1776657424424,0,0,0,,,,0,cancelled
2026-04-20 03:00,ord-000639,buy,74617.79,1776657438424,0,0,0,,,,0,cancelled
2026-04-20 03:00,ord-000640,sell,74621.80,1776657438424,0,0,0,,,,0,cancelled
2026-04-20 03:00,ord-000641,buy,74619.17,1776657447824,0,0,0,,,,0,cancelled
2026-04-20 03:00,ord-000642,sell,74623.18,1776657447824,0,0,0,,,,0,cancelled
2026-04-20 03:00,ord-000643,buy,74638.64,1776657452824,0,0,0,,,,0,cancelled
2026-04-20 03:00,ord-000644,sell,74642.65,1776657452824,0,0,0,,,,0,cancelled
2026-04-20 03:00,ord-000645,buy,74634.01,1776657499024,0,0,0,,,,0,cancelled
2026-04-20 03:00,ord-000646,sell,74638.02,1776657499024,0,0,0,,,,0,cancelled
2026-04-20 03:00,ord-000647,buy,74631.55,1776657507024,0,0,0,,,,0,cancelled
2026-04-20 03:00,ord-000648,sell,74635.56,1776657507024,0,0,0,,,,0,cancelled
2026-04-20 03:00,ord-000649,buy,74637.57,1776657521624,0,0,0,,,,0,cancelled
2026-04-20 03:00,ord-000650,sell,74641.58,1776657521624,0,0,0,,,,0,cancelled
2026-04-20 03:00,ord-000651,buy,74632.00,1776657543224,0.00141000,0,0.001409999997424691594000071467,,,,0,expired
2026-04-20 03:00,ord-000652,sell,74636.01,1776657543224,0,0,0,,,,0,expired
2026-04-20 04:00,ord-000001,buy,74632.00,1776657600224,0.18922000,0,0.1892199334524374493190286176,,,,0,cancelled
2026-04-20 04:00,ord-000002,sell,74636.01,1776657600224,0,0,0,,,,0,cancelled
2026-04-20 04:00,ord-000003,buy,74635.42,1776657605224,0,0,0,,,,0,cancelled
2026-04-20 04:00,ord-000004,sell,74639.43,1776657605224,0,0,0,,,,0,cancelled
2026-04-20 04:00,ord-000005,buy,74628.74,1776657624724,0.04019000,0.002472207337258715668708249827,0.03771779266274128433129175018,1776657646665,0.002472207337258715668708249827,0.000000000000000000000000000000,0.000177792662741284331291750173,cancelled
2026-04-20 04:00,ord-000006,sell,74632.75,1776657624724,0,0,0,,,,0,cancelled
2026-04-20 04:00,ord-000007,buy,74624.71,1776657646724,0,0,0,,,,0,cancelled
2026-04-20 04:00,ord-000008,sell,74628.72,1776657646724,0,0,0,,,,0,cancelled
2026-04-20 04:00,ord-000009,buy,74620.16,1776657651724,0,0,0,,,,0,cancelled
2026-04-20 04:00,ord-000010,sell,74624.17,1776657651724,0,0,0,,,,0,cancelled
2026-04-20 04:00,ord-000011,buy,74613.77,1776657656724,0,0,0,,,,0,cancelled
2026-04-20 04:00,ord-000012,sell,74617.78,1776657656724,0,0,0,,,,0,cancelled
2026-04-20 04:00,ord-000013,buy,74613.76,1776657661724,0,0,0,,,,0,cancelled
2026-04-20 04:00,ord-000014,sell,74617.77,1776657661724,0,0,0,,,,0,cancelled
2026-04-20 04:00,ord-000015,buy,74598.00,1776657666724,0.00120000,0,0,,,,0,cancelled
2026-04-20 04:00,ord-000016,sell,74602.01,1776657666724,0,0,0,,,,0,cancelled
2026-04-20 04:00,ord-000017,buy,74600.50,1776657687724,0,0,0,,,,0,cancelled
2026-04-20 04:00,ord-000018,sell,74604.51,1776657687724,0,0,0,,,,0,cancelled
2026-04-20 04:00,ord-000019,buy,74588.73,1776657692724,0,0,0,,,,0,cancelled
2026-04-20 04:00,ord-000020,sell,74592.74,1776657692724,0,0,0,,,,0,cancelled
2026-04-20 04:00,ord-000021,buy,74597.94,1776657697724,0,0,0,,,,0,cancelled
2026-04-20 04:00,ord-000022,sell,74601.95,1776657697724,0,0,0,,,,0,cancelled
2026-04-20 04:00,ord-000023,buy,74592.98,1776657705124,0,0,0,,,,0,cancelled
2026-04-20 04:00,ord-000024,sell,74596.99,1776657705124,0,0,0,,,,0,cancelled
2026-04-20 04:00,ord-000025,buy,74605.46,1776657716624,0,0,0,,,,0,cancelled
2026-04-20 04:00,ord-000026,sell,74609.47,1776657716624,0,0,0,,,,0,cancelled
2026-04-20 04:00,ord-000027,buy,74614.89,1776657721624,0,0,0,,,,0,cancelled
2026-04-20 04:00,ord-000028,sell,74618.90,1776657721624,0,0,0,,,,0,cancelled
2026-04-20 04:00,ord-000029,buy,74630.92,1776657726624,0,0,0,,,,0,cancelled
2026-04-20 04:00,ord-000030,sell,74634.93,1776657726624,0,0,0,,,,0,cancelled
2026-04-20 04:00,ord-000031,buy,74624.00,1776657732224,0.00120000,0.00120000,0,,,,0,cancelled
2026-04-20 04:00,ord-000032,sell,74628.01,1776657732224,0,0,0,,,,0,cancelled
2026-04-20 04:00,ord-000033,buy,74620.03,1776657755724,0,0,0,,,,0,cancelled
2026-04-20 04:00,ord-000034,sell,74624.04,1776657755724,0,0,0,,,,0,cancelled
2026-04-20 04:00,ord-000035,buy,74604.81,1776657760724,0,0,0,,,,0,cancelled
2026-04-20 04:00,ord-000036,sell,74608.82,1776657760724,0,0,0,,,,0,cancelled
2026-04-20 04:00,ord-000037,buy,74600.73,1776657767524,0,0,0,,,,0,cancelled
2026-04-20 04:00,ord-000038,sell,74604.74,1776657767524,0,0,0,,,,0,cancelled
2026-04-20 04:00,ord-000039,buy,74592.93,1776657772525,0,0,0,,,,0,cancelled
2026-04-20 04:00,ord-000040,sell,74596.94,1776657772525,0,0,0,,,,0,cancelled
2026-04-20 04:00,ord-000041,buy,74588.01,1776657785024,0,0,0,,,,0,cancelled
2026-04-20 04:00,ord-000042,sell,74592.02,1776657785024,0,0,0,,,,0,cancelled
2026-04-20 04:00,ord-000043,buy,74602.56,1776657811737,0,0,0,,,,0,cancelled
2026-04-20 04:00,ord-000044,sell,74606.57,1776657811737,0,0,0,,,,0,cancelled
2026-04-20 04:00,ord-000045,buy,74607.99,1776657827424,0,0,0,,,,0,cancelled
2026-04-20 04:00,ord-000046,sell,74612.00,1776657827424,0.00120000,0.00120000,0,,,,0,cancelled
2026-04-20 04:00,ord-000047,buy,74622.39,1776657832424,0,0,0,,,,0,cancelled
2026-04-20 04:00,ord-000048,sell,74626.40,1776657832424,0,0,0,,,,0,cancelled
2026-04-20 04:00,ord-000049,buy,74619.50,1776657840924,0,0,0,,,,0,cancelled
2026-04-20 04:00,ord-000050,sell,74623.51,1776657840924,0,0,0,,,,0,cancelled
2026-04-20 04:00,ord-000051,buy,74600.91,1776657845924,0,0,0,,,,0,cancelled
2026-04-20 04:00,ord-000052,sell,74604.92,1776657845924,0,0,0,,,,0,cancelled
2026-04-20 04:00,ord-000053,buy,74592.88,1776657859124,0,0,0,,,,0,cancelled
2026-04-20 04:00,ord-000054,sell,74596.89,1776657859124,0,0,0,,,,0,cancelled
2026-04-20 04:00,ord-000055,buy,74582.92,1776657864124,0,0,0,,,,0,cancelled
2026-04-20 04:00,ord-000056,sell,74586.93,1776657864124,0,0,0,,,,0,cancelled
2026-04-20 04:00,ord-000057,buy,74581.72,1776657885924,0,0,0,,,,0,cancelled
2026-04-20 04:00,ord-000058,sell,74585.73,1776657885924,0,0,0,,,,0,cancelled
2026-04-20 04:00,ord-000059,buy,74568.91,1776657890924,0,0,0,,,,0,cancelled
2026-04-20 04:00,ord-000060,sell,74572.92,1776657890924,0,0,0,,,,0,cancelled
2026-04-20 04:00,ord-000061,buy,74554.62,1776657895924,0,0,0,,,,0,cancelled
2026-04-20 04:00,ord-000062,sell,74558.63,1776657895924,0,0,0,,,,0,cancelled
2026-04-20 04:00,ord-000063,buy,74551.54,1776657902724,0,0,0,,,,0,cancelled
2026-04-20 04:00,ord-000064,sell,74555.55,1776657902724,0,0,0,,,,0,cancelled
2026-04-20 04:00,ord-000065,buy,74542.30,1776657907724,0,0,0,,,,0,cancelled
2026-04-20 04:00,ord-000066,sell,74546.31,1776657907724,0,0,0,,,,0,cancelled
2026-04-20 04:00,ord-000067,buy,74536.91,1776657912724,0,0,0,,,,0,cancelled
2026-04-20 04:00,ord-000068,sell,74540.92,1776657912724,0,0,0,,,,0,cancelled
2026-04-20 04:00,ord-000069,buy,74529.69,1776657917724,0,0,0,,,,0,cancelled
2026-04-20 04:00,ord-000070,sell,74533.70,1776657917724,0,0,0,,,,0,cancelled
2026-04-20 04:00,ord-000071,buy,74514.11,1776657922724,0,0,0,,,,0,cancelled
2026-04-20 04:00,ord-000072,sell,74518.12,1776657922724,0,0,0,,,,0,cancelled
2026-04-20 04:00,ord-000073,buy,74525.75,1776657927725,0.18832000,0,0.1883200000000000000000000000,,,,0,cancelled
2026-04-20 04:00,ord-000074,sell,74529.76,1776657927725,0,0,0,,,,0,cancelled
2026-04-20 04:00,ord-000075,buy,74528.89,1776657935324,0,0,0,,,,0,cancelled
2026-04-20 04:00,ord-000076,sell,74532.90,1776657935324,0,0,0,,,,0,cancelled
2026-04-20 04:00,ord-000077,buy,74528.88,1776657952124,0,0,0,,,,0,cancelled
2026-04-20 04:00,ord-000078,sell,74532.89,1776657952124,0,0,0,,,,0,cancelled
2026-04-20 04:00,ord-000079,buy,74523.14,1776657957124,0,0,0,,,,0,cancelled
2026-04-20 04:00,ord-000080,sell,74527.15,1776657957124,0,0,0,,,,0,cancelled
2026-04-20 04:00,ord-000081,buy,74528.89,1776657966224,0,0,0,,,,0,cancelled
2026-04-20 04:00,ord-000082,sell,74532.90,1776657966224,0,0,0,,,,0,cancelled
2026-04-20 04:00,ord-000083,buy,74537.94,1776657971224,0,0,0,,,,0,cancelled
2026-04-20 04:00,ord-000084,sell,74541.95,1776657971224,0,0,0,,,,0,cancelled
2026-04-20 04:00,ord-000085,buy,74526.67,1776657976224,0,0,0,,,,0,cancelled
2026-04-20 04:00,ord-000086,sell,74530.68,1776657976224,0,0,0,,,,0,cancelled
2026-04-20 04:00,ord-000087,buy,74537.93,1776657981224,0,0,0,,,,0,cancelled
2026-04-20 04:00,ord-000088,sell,74541.94,1776657981224,0.00300000,0,0.00300000,,,,0,cancelled
2026-04-20 04:00,ord-000089,buy,74541.99,1776657995824,0,0,0,,,,0,cancelled
2026-04-20 04:00,ord-000090,sell,74546.00,1776657995824,0.00120000,0.00120000,0,,,,0,cancelled
2026-04-20 04:00,ord-000091,buy,74547.99,1776658000824,0,0,0,,,,0,cancelled
2026-04-20 04:00,ord-000092,sell,74552.00,1776658000824,0.00127000,0.000008656612279948475740661227951,0.001261343387720051524259338772,1776658005765,0.000008656612279948475740661227951,0.000000000000000000000000000000000,0.001,filled
2026-04-20 04:00,ord-000093,buy,74553.97,1776658005824,0,0,0,,,,0,cancelled
2026-04-20 04:00,ord-000094,sell,74557.98,1776658005824,0,0,0,,,,0,cancelled
2026-04-20 04:00,ord-000095,buy,74548.22,1776658010824,0,0,0,,,,0,cancelled
2026-04-20 04:00,ord-000096,sell,74552.23,1776658010824,0,0,0,,,,0,cancelled
2026-04-20 04:00,ord-000097,buy,74547.51,1776658020224,0,0,0,,,,0,cancelled
2026-04-20 04:00,ord-000098,sell,74551.52,1776658020224,0,0,0,,,,0,cancelled
2026-04-20 04:00,ord-000099,buy,74539.60,1776658025224,0,0,0,,,,0,cancelled
2026-04-20 04:00,ord-000100,sell,74543.61,1776658025224,0,0,0,,,,0,cancelled
2026-04-20 04:00,ord-000101,buy,74538.88,1776658038524,0,0,0,,,,0,cancelled
2026-04-20 04:00,ord-000102,sell,74542.89,1776658038524,0,0,0,,,,0,cancelled
2026-04-20 04:00,ord-000103,buy,74538.00,1776658048724,0.00120000,0.00120000,0,,,,0,cancelled
2026-04-20 04:00,ord-000104,sell,74542.01,1776658048724,0,0,0,,,,0,cancelled
2026-04-20 04:00,ord-000105,buy,74533.99,1776658067524,0,0,0,,,,0,cancelled
2026-04-20 04:00,ord-000106,sell,74538.00,1776658067524,0.05000000,0,0.05000000000000000000000000000,,,,0,cancelled
2026-04-20 04:00,ord-000107,buy,74533.31,1776658072524,0,0,0,,,,0,cancelled
2026-04-20 04:00,ord-000108,sell,74537.32,1776658072524,0,0,0,,,,0,cancelled
2026-04-20 04:00,ord-000109,buy,74538.00,1776658079524,0,0,0,,,,0,cancelled
2026-04-20 04:00,ord-000110,sell,74542.01,1776658079524,0,0,0,,,,0,cancelled
2026-04-20 04:00,ord-000111,buy,74567.09,1776658084524,0,0,0,,,,0,cancelled
2026-04-20 04:00,ord-000112,sell,74571.10,1776658084524,0,0,0,,,,0,cancelled
2026-04-20 04:00,ord-000113,buy,74559.63,1776658097524,0,0,0,,,,0,cancelled
2026-04-20 04:00,ord-000114,sell,74563.64,1776658097524,0,0,0,,,,0,cancelled
2026-04-20 04:00,ord-000115,buy,74558.80,1776658102524,0,0,0,,,,0,cancelled
2026-04-20 04:00,ord-000116,sell,74562.81,1776658102524,0,0,0,,,,0,cancelled
2026-04-20 04:00,ord-000117,buy,74551.33,1776658108224,0,0,0,,,,0,cancelled
2026-04-20 04:00,ord-000118,sell,74555.34,1776658108224,0,0,0,,,,0,cancelled
2026-04-20 04:00,ord-000119,buy,74558.79,1776658122124,0,0,0,,,,0,cancelled
2026-04-20 04:00,ord-000120,sell,74562.80,1776658122124,0,0,0,,,,0,cancelled
2026-04-20 04:00,ord-000121,buy,74555.44,1776658140726,0,0,0,,,,0,cancelled
2026-04-20 04:00,ord-000122,sell,74559.45,1776658140726,0,0,0,,,,0,cancelled
2026-04-20 04:00,ord-000123,buy,74558.79,1776658152424,0,0,0,,,,0,cancelled
2026-04-20 04:00,ord-000124,sell,74562.80,1776658152424,0,0,0,,,,0,cancelled
2026-04-20 04:00,ord-000125,buy,74561.00,1776658174024,0,0,0,,,,0,cancelled
2026-04-20 04:00,ord-000126,sell,74565.01,1776658174024,0,0,0,,,,0,cancelled
2026-04-20 04:00,ord-000127,buy,74558.79,1776658181624,0,0,0,,,,0,cancelled
2026-04-20 04:00,ord-000128,sell,74562.80,1776658181624,0,0,0,,,,0,cancelled
2026-04-20 04:00,ord-000129,buy,74555.00,1776658186624,0,0,0,,,,0,cancelled
2026-04-20 04:00,ord-000130,sell,74559.01,1776658186624,0,0,0,,,,0,cancelled
2026-04-20 04:00,ord-000131,buy,74541.04,1776658191624,0,0,0,,,,0,cancelled
2026-04-20 04:00,ord-000132,sell,74545.05,1776658191624,0,0,0,,,,0,cancelled
2026-04-20 04:00,ord-000133,buy,74530.82,1776658196624,0,0,0,,,,0,cancelled
2026-04-20 04:00,ord-000134,sell,74534.83,1776658196624,0,0,0,,,,0,cancelled
2026-04-20 04:00,ord-000135,buy,74538.17,1776658201624,0,0,0,,,,0,cancelled
2026-04-20 04:00,ord-000136,sell,74542.18,1776658201624,0,0,0,,,,0,cancelled
2026-04-20 04:00,ord-000137,buy,74538.62,1776658206624,0,0,0,,,,0,cancelled
2026-04-20 04:00,ord-000138,sell,74542.63,1776658206624,0,0,0,,,,0,cancelled
2026-04-20 04:00,ord-000139,buy,74541.57,1776658211624,0,0,0,,,,0,cancelled
2026-04-20 04:00,ord-000140,sell,74545.58,1776658211624,0,0,0,,,,0,cancelled
2026-04-20 04:00,ord-000141,buy,74538.61,1776658227824,0,0,0,,,,0,cancelled
2026-04-20 04:00,ord-000142,sell,74542.62,1776658227824,0,0,0,,,,0,cancelled
2026-04-20 04:00,ord-000143,buy,74536.93,1776658254824,0,0,0,,,,0,cancelled
2026-04-20 04:00,ord-000144,sell,74540.94,1776658254824,0,0,0,,,,0,cancelled
2026-04-20 04:00,ord-000145,buy,74528.17,1776658260324,0,0,0,,,,0,cancelled
2026-04-20 04:00,ord-000146,sell,74532.18,1776658260324,0,0,0,,,,0,cancelled
2026-04-20 04:00,ord-000147,buy,74524.70,1776658275924,0,0,0,,,,0,cancelled
2026-04-20 04:00,ord-000148,sell,74528.71,1776658275924,0,0,0,,,,0,cancelled
2026-04-20 04:00,ord-000149,buy,74520.00,1776658280925,0.00120000,0,0,,,,0,cancelled
2026-04-20 04:00,ord-000150,sell,74524.01,1776658280925,0,0,0,,,,0,cancelled
2026-04-20 04:00,ord-000151,buy,74519.95,1776658286024,0,0,0,,,,0,cancelled
2026-04-20 04:00,ord-000152,sell,74523.96,1776658286024,0,0,0,,,,0,cancelled
2026-04-20 04:00,ord-000153,buy,74516.00,1776658291024,0.00120000,0,0,,,,0,cancelled
2026-04-20 04:00,ord-000154,sell,74520.01,1776658291024,0,0,0,,,,0,cancelled
2026-04-20 04:00,ord-000155,buy,74520.00,1776658296024,0,0,0,,,,0,cancelled
2026-04-20 04:00,ord-000156,sell,74524.01,1776658296024,0,0,0,,,,0,cancelled
2026-04-20 04:00,ord-000157,buy,74519.23,1776658314024,0,0,0,,,,0,cancelled
2026-04-20 04:00,ord-000158,sell,74523.24,1776658314024,0.00300000,0,0,,,,0,cancelled
2026-04-20 04:00,ord-000159,buy,74512.99,1776658319024,0,0,0,,,,0,cancelled
2026-04-20 04:00,ord-000160,sell,74517.00,1776658319024,0,0,0,,,,0,cancelled
2026-04-20 04:00,ord-000161,buy,74510.97,1776658324024,0,0,0,,,,0,cancelled
2026-04-20 04:00,ord-000162,sell,74514.98,1776658324024,0.00016000,0,0.00016000,,,,0,cancelled
2026-04-20 04:00,ord-000163,buy,74517.48,1776658329024,0,0,0,,,,0,cancelled
2026-04-20 04:00,ord-000164,sell,74521.49,1776658329024,0,0,0,,,,0,cancelled
2026-04-20 04:00,ord-000165,buy,74520.00,1776658340724,0,0,0,,,,0,cancelled
2026-04-20 04:00,ord-000166,sell,74524.01,1776658340724,0,0,0,,,,0,cancelled
2026-04-20 04:00,ord-000167,buy,74521.39,1776658370424,0.04858000,0,0.04858000000000000000000000000,,,,0,cancelled
2026-04-20 04:00,ord-000168,sell,74525.40,1776658370424,0,0,0,,,,0,cancelled
2026-04-20 04:00,ord-000169,buy,74536.83,1776658375424,0,0,0,,,,0,cancelled
2026-04-20 04:00,ord-000170,sell,74540.84,1776658375424,0,0,0,,,,0,cancelled
2026-04-20 04:00,ord-000171,buy,74543.37,1776658382024,0,0,0,,,,0,cancelled
2026-04-20 04:00,ord-000172,sell,74547.38,1776658382024,0,0,0,,,,0,cancelled
2026-04-20 04:00,ord-000173,buy,74535.34,1776658409232,0,0,0,,,,0,cancelled
2026-04-20 04:00,ord-000174,sell,74539.35,1776658409232,0,0,0,,,,0,cancelled
2026-04-20 04:00,ord-000175,buy,74533.62,1776658414324,0,0,0,,,,0,cancelled
2026-04-20 04:00,ord-000176,sell,74537.63,1776658414324,0,0,0,,,,0,cancelled
2026-04-20 04:00,ord-000177,buy,74533.61,1776658423924,0,0,0,,,,0,cancelled
2026-04-20 04:00,ord-000178,sell,74537.62,1776658423924,0,0,0,,,,0,cancelled
2026-04-20 04:00,ord-000179,buy,74532.56,1776658439624,0,0,0,,,,0,cancelled
2026-04-20 04:00,ord-000180,sell,74536.57,1776658439624,0,0,0,,,,0,cancelled
2026-04-20 04:00,ord-000181,buy,74522.77,1776658444624,0,0,0,,,,0,cancelled
2026-04-20 04:00,ord-000182,sell,74526.78,1776658444624,0,0,0,,,,0,cancelled
2026-04-20 04:00,ord-000183,buy,74522.00,1776658449724,0.00905000,0.00905000,0,,,,0,cancelled
2026-04-20 04:00,ord-000184,sell,74526.01,1776658449724,0.00021000,0,0.0002100000000000000000000000000,,,,0,cancelled
2026-04-20 04:00,ord-000185,buy,74513.13,1776658454724,0,0,0,,,,0,cancelled
2026-04-20 04:00,ord-000186,sell,74517.14,1776658454724,0,0,0,,,,0,cancelled
2026-04-20 04:00,ord-000187,buy,74511.54,1776658486024,0,0,0,,,,0,cancelled
2026-04-20 04:00,ord-000188,sell,74515.55,1776658486024,0,0,0,,,,0,cancelled
2026-04-20 04:00,ord-000189,buy,74504.78,1776658491024,0,0,0,,,,0,cancelled
2026-04-20 04:00,ord-000190,sell,74508.79,1776658491024,0,0,0,,,,0,cancelled
2026-04-20 04:00,ord-000191,buy,74492.11,1776658535929,0,0,0,,,,0,cancelled
2026-04-20 04:00,ord-000192,sell,74496.12,1776658535929,0,0,0,,,,0,cancelled
2026-04-20 04:00,ord-000193,buy,74487.57,1776658547924,0,0,0,,,,0,cancelled
2026-04-20 04:00,ord-000194,sell,74491.58,1776658547924,0,0,0,,,,0,cancelled
2026-04-20 04:00,ord-000195,buy,74489.99,1776658558024,0,0,0,,,,0,cancelled
2026-04-20 04:00,ord-000196,sell,74494.00,1776658558024,0.00134000,0.00120000,0.000140000000000000000000000000,,,,0,cancelled
2026-04-20 04:00,ord-000197,buy,74505.63,1776658563024,0,0,0,,,,0,cancelled
2026-04-20 04:00,ord-000198,sell,74509.64,1776658563024,0,0,0,,,,0,cancelled
2026-04-20 04:00,ord-000199,buy,74513.08,1776658568024,0,0,0,,,,0,cancelled
2026-04-20 04:00,ord-000200,sell,74517.09,1776658568024,0,0,0,,,,0,cancelled
2026-04-20 04:00,ord-000201,buy,74519.87,1776658573024,0,0,0,,,,0,cancelled
2026-04-20 04:00,ord-000202,sell,74523.88,1776658573024,0,0,0,,,,0,cancelled
2026-04-20 04:00,ord-000203,buy,74517.55,1776658583924,0,0,0,,,,0,cancelled
2026-04-20 04:00,ord-000204,sell,74521.56,1776658583924,0,0,0,,,,0,cancelled
2026-04-20 04:00,ord-000205,buy,74504.06,1776658588924,0,0,0,,,,0,cancelled
2026-04-20 04:00,ord-000206,sell,74508.07,1776658588924,0,0,0,,,,0,cancelled
2026-04-20 04:00,ord-000207,buy,74503.46,1776658593924,0,0,0,,,,0,cancelled
2026-04-20 04:00,ord-000208,sell,74507.47,1776658593924,0,0,0,,,,0,cancelled
2026-04-20 04:00,ord-000209,buy,74498.36,1776658598924,0,0,0,,,,0,cancelled
2026-04-20 04:00,ord-000210,sell,74502.37,1776658598924,0,0,0,,,,0,cancelled
2026-04-20 04:00,ord-000211,buy,74497.38,1776658614124,0,0,0,,,,0,cancelled
2026-04-20 04:00,ord-000212,sell,74501.39,1776658614124,0,0,0,,,,0,cancelled
2026-04-20 04:00,ord-000213,buy,74492.84,1776658619124,0,0,0,,,,0,cancelled
2026-04-20 04:00,ord-000214,sell,74496.85,1776658619124,0,0,0,,,,0,cancelled
2026-04-20 04:00,ord-000215,buy,74487.44,1776658642724,0,0,0,,,,0,cancelled
2026-04-20 04:00,ord-000216,sell,74491.45,1776658642724,0.00300000,0,0.00300000,,,,0,cancelled
2026-04-20 04:00,ord-000217,buy,74487.11,1776658652924,0,0,0,,,,0,cancelled
2026-04-20 04:00,ord-000218,sell,74491.12,1776658652924,0.29421000,0,0.0002099333967649857278782112,,,,0,cancelled
2026-04-20 04:00,ord-000219,buy,74482.74,1776658665125,0,0,0,,,,0,cancelled
2026-04-20 04:00,ord-000220,sell,74486.75,1776658665125,0,0,0,,,,0,cancelled
2026-04-20 04:00,ord-000221,buy,74481.81,1776658688224,0,0,0,,,,0,cancelled
2026-04-20 04:00,ord-000222,sell,74485.82,1776658688224,0,0,0,,,,0,cancelled
2026-04-20 04:00,ord-000223,buy,74481.99,1776658716524,0,0,0,,,,0,cancelled
2026-04-20 04:00,ord-000224,sell,74486.00,1776658716524,0,0,0,,,,0,cancelled
2026-04-20 04:00,ord-000225,buy,74490.56,1776658722724,0,0,0,,,,0,cancelled
2026-04-20 04:00,ord-000226,sell,74494.57,1776658722724,0,0,0,,,,0,cancelled
2026-04-20 04:00,ord-000227,buy,74501.99,1776658727724,0,0,0,,,,0,cancelled
2026-04-20 04:00,ord-000228,sell,74506.00,1776658727724,0.00120000,0.00120000,0,,,,0,cancelled
2026-04-20 04:00,ord-000229,buy,74503.52,1776658737225,0,0,0,,,,0,cancelled
2026-04-20 04:00,ord-000230,sell,74507.53,1776658737225,0,0,0,,,,0,cancelled
2026-04-20 04:00,ord-000231,buy,74509.55,1776658742324,0,0,0,,,,0,cancelled
2026-04-20 04:00,ord-000232,sell,74513.56,1776658742324,0,0,0,,,,0,cancelled
2026-04-20 04:00,ord-000233,buy,74509.53,1776658747324,0,0,0,,,,0,cancelled
2026-04-20 04:00,ord-000234,sell,74513.54,1776658747324,0,0,0,,,,0,cancelled
2026-04-20 04:00,ord-000235,buy,74504.13,1776658752324,0,0,0,,,,0,cancelled
2026-04-20 04:00,ord-000236,sell,74508.14,1776658752324,0,0,0,,,,0,cancelled
2026-04-20 04:00,ord-000237,buy,74498.14,1776658757324,0,0,0,,,,0,cancelled
2026-04-20 04:00,ord-000238,sell,74502.15,1776658757324,0,0,0,,,,0,cancelled
2026-04-20 04:00,ord-000239,buy,74481.50,1776658762324,0,0,0,,,,0,cancelled
2026-04-20 04:00,ord-000240,sell,74485.51,1776658762324,0,0,0,,,,0,cancelled
2026-04-20 04:00,ord-000241,buy,74478.27,1776658768724,0,0,0,,,,0,cancelled
2026-04-20 04:00,ord-000242,sell,74482.28,1776658768724,0,0,0,,,,0,cancelled
2026-04-20 04:00,ord-000243,buy,74472.60,1776658777733,0,0,0,,,,0,cancelled
2026-04-20 04:00,ord-000244,sell,74476.61,1776658777733,5.87039000,0,5.870320000000000000000000000,,,,0,cancelled
2026-04-20 04:00,ord-000245,buy,74469.95,1776658785624,0,0,0,,,,0,cancelled
2026-04-20 04:00,ord-000246,sell,74473.96,1776658785624,0,0,0,,,,0,cancelled
2026-04-20 04:00,ord-000247,buy,74467.14,1776658790624,0,0,0,,,,0,cancelled
2026-04-20 04:00,ord-000248,sell,74471.15,1776658790624,0,0,0,,,,0,cancelled
2026-04-20 04:00,ord-000249,buy,74465.81,1776658795924,0,0,0,,,,0,cancelled
2026-04-20 04:00,ord-000250,sell,74469.82,1776658795924,0,0,0,,,,0,cancelled
2026-04-20 04:00,ord-000251,buy,74464.56,1776658800924,0,0,0,,,,0,cancelled
2026-04-20 04:00,ord-000252,sell,74468.57,1776658800924,0,0,0,,,,0,cancelled
2026-04-20 04:00,ord-000253,buy,74464.00,1776658827624,0.00120000,0.00120000,0,,,,0,cancelled
2026-04-20 04:00,ord-000254,sell,74468.01,1776658827624,0.00014000,0,0.00014000,,,,0,cancelled
2026-04-20 04:00,ord-000255,buy,74455.52,1776658832624,0,0,0,,,,0,cancelled
2026-04-20 04:00,ord-000256,sell,74459.53,1776658832624,0,0,0,,,,0,cancelled
2026-04-20 04:00,ord-000257,buy,74448.61,1776658862428,0,0,0,,,,0,cancelled
2026-04-20 04:00,ord-000258,sell,74452.62,1776658862428,0,0,0,,,,0,cancelled
2026-04-20 04:00,ord-000259,buy,74436.44,1776658867524,0,0,0,,,,0,cancelled
2026-04-20 04:00,ord-000260,sell,74440.45,1776658867524,0,0,0,,,,0,cancelled
2026-04-20 04:00,ord-000261,buy,74436.37,1776658877324,0,0,0,,,,0,cancelled
2026-04-20 04:00,ord-000262,sell,74440.38,1776658877324,0,0,0,,,,0,cancelled
2026-04-20 04:00,ord-000263,buy,74433.19,1776658882324,0,0,0,,,,0,cancelled
2026-04-20 04:00,ord-000264,sell,74437.20,1776658882324,0,0,0,,,,0,cancelled
2026-04-20 04:00,ord-000265,buy,74439.97,1776658894324,0,0,0,,,,0,cancelled
2026-04-20 04:00,ord-000266,sell,74443.98,1776658894324,0,0,0,,,,0,cancelled
2026-04-20 04:00,ord-000267,buy,74447.59,1776658899324,0,0,0,,,,0,cancelled
2026-04-20 04:00,ord-000268,sell,74451.60,1776658899324,0,0,0,,,,0,cancelled
2026-04-20 04:00,ord-000269,buy,74451.44,1776658905124,0,0,0,,,,0,cancelled
2026-04-20 04:00,ord-000270,sell,74455.45,1776658905124,0,0,0,,,,0,cancelled
2026-04-20 04:00,ord-000271,buy,74454.72,1776658910124,0,0,0,,,,0,cancelled
2026-04-20 04:00,ord-000272,sell,74458.73,1776658910124,0,0,0,,,,0,cancelled
2026-04-20 04:00,ord-000273,buy,74462.49,1776658925324,0,0,0,,,,0,cancelled
2026-04-20 04:00,ord-000274,sell,74466.50,1776658925324,0,0,0,,,,0,cancelled
2026-04-20 04:00,ord-000275,buy,74462.48,1776658947424,0,0,0,,,,0,cancelled
2026-04-20 04:00,ord-000276,sell,74466.49,1776658947424,0,0,0,,,,0,cancelled
2026-04-20 04:00,ord-000277,buy,74455.79,1776658952424,0,0,0,,,,0,cancelled
2026-04-20 04:00,ord-000278,sell,74459.80,1776658952424,0,0,0,,,,0,cancelled
2026-04-20 04:00,ord-000279,buy,74455.52,1776658963824,0,0,0,,,,0,cancelled
2026-04-20 04:00,ord-000280,sell,74459.53,1776658963824,0,0,0,,,,0,cancelled
2026-04-20 04:00,ord-000281,buy,74455.51,1776658969824,0,0,0,,,,0,cancelled
2026-04-20 04:00,ord-000282,sell,74459.52,1776658969824,0,0,0,,,,0,cancelled
2026-04-20 04:00,ord-000283,buy,74455.20,1776659023724,0,0,0,,,,0,cancelled
2026-04-20 04:00,ord-000284,sell,74459.21,1776659023724,0,0,0,,,,0,cancelled
2026-04-20 04:00,ord-000285,buy,74453.21,1776659028824,0,0,0,,,,0,cancelled
2026-04-20 04:00,ord-000286,sell,74457.22,1776659028824,0,0,0,,,,0,cancelled
2026-04-20 04:00,ord-000287,buy,74455.51,1776659035824,0,0,0,,,,0,cancelled
2026-04-20 04:00,ord-000288,sell,74459.52,1776659035824,0,0,0,,,,0,cancelled
2026-04-20 04:00,ord-000289,buy,74463.61,1776659040824,0,0,0,,,,0,cancelled
2026-04-20 04:00,ord-000290,sell,74467.62,1776659040824,0,0,0,,,,0,cancelled
2026-04-20 04:00,ord-000291,buy,74468.41,1776659064225,0,0,0,,,,0,cancelled
2026-04-20 04:00,ord-000292,sell,74472.42,1776659064225,0,0,0,,,,0,cancelled
2026-04-20 04:00,ord-000293,buy,74475.14,1776659069324,0,0,0,,,,0,cancelled
2026-04-20 04:00,ord-000294,sell,74479.15,1776659069324,0,0,0,,,,0,cancelled
2026-04-20 04:00,ord-000295,buy,74477.84,1776659091824,0,0,0,,,,0,cancelled
2026-04-20 04:00,ord-000296,sell,74481.85,1776659091824,0,0,0,,,,0,cancelled
2026-04-20 04:00,ord-000297,buy,74478.15,1776659096824,0,0,0,,,,0,cancelled
2026-04-20 04:00,ord-000298,sell,74482.16,1776659096824,0,0,0,,,,0,cancelled
2026-04-20 04:00,ord-000299,buy,74455.52,1776659101824,0,0,0,,,,0,cancelled
2026-04-20 04:00,ord-000300,sell,74459.53,1776659101824,0,0,0,,,,0,cancelled
2026-04-20 04:00,ord-000301,buy,74462.11,1776659106824,0,0,0,,,,0,cancelled
2026-04-20 04:00,ord-000302,sell,74466.12,1776659106824,0,0,0,,,,0,cancelled
2026-04-20 04:00,ord-000303,buy,74477.00,1776659111824,0,0,0,,,,0,cancelled
2026-04-20 04:00,ord-000304,sell,74481.01,1776659111824,0,0,0,,,,0,cancelled
2026-04-20 04:00,ord-000305,buy,74467.01,1776659116824,0,0,0,,,,0,cancelled
2026-04-20 04:00,ord-000306,sell,74471.02,1776659116824,0,0,0,,,,0,cancelled
2026-04-20 04:00,ord-000307,buy,74475.16,1776659124524,0,0,0,,,,0,cancelled
2026-04-20 04:00,ord-000308,sell,74479.17,1776659124524,0,0,0,,,,0,cancelled
2026-04-20 04:00,ord-000309,buy,74477.99,1776659129524,0,0,0,,,,0,cancelled
2026-04-20 04:00,ord-000310,sell,74482.00,1776659129524,0.00120000,0.00120000,0,,,,0,cancelled
2026-04-20 04:00,ord-000311,buy,74487.33,1776659140624,0,0,0,,,,0,cancelled
2026-04-20 04:00,ord-000312,sell,74491.34,1776659140624,0,0,0,,,,0,cancelled
2026-04-20 04:00,ord-000313,buy,74491.49,1776659145624,0,0,0,,,,0,cancelled
2026-04-20 04:00,ord-000314,sell,74495.50,1776659145624,0,0,0,,,,0,cancelled
2026-04-20 04:00,ord-000315,buy,74493.23,1776659201224,0,0,0,,,,0,cancelled
2026-04-20 04:00,ord-000316,sell,74497.24,1776659201224,0,0,0,,,,0,cancelled
2026-04-20 04:00,ord-000317,buy,74501.89,1776659206224,0,0,0,,,,0,cancelled
2026-04-20 04:00,ord-000318,sell,74505.90,1776659206224,0,0,0,,,,0,cancelled
2026-04-20 04:00,ord-000319,buy,74494.17,1776659236628,0,0,0,,,,0,cancelled
2026-04-20 04:00,ord-000320,sell,74498.18,1776659236628,0,0,0,,,,0,cancelled
2026-04-20 04:00,ord-000321,buy,74492.30,1776659241724,0,0,0,,,,0,cancelled
2026-04-20 04:00,ord-000322,sell,74496.31,1776659241724,0,0,0,,,,0,cancelled
2026-04-20 04:00,ord-000323,buy,74490.45,1776659263124,0,0,0,,,,0,cancelled
2026-04-20 04:00,ord-000324,sell,74494.46,1776659263124,0,0,0,,,,0,cancelled
2026-04-20 04:00,ord-000325,buy,74494.17,1776659303624,0,0,0,,,,0,cancelled
2026-04-20 04:00,ord-000326,sell,74498.18,1776659303624,0,0,0,,,,0,cancelled
2026-04-20 04:00,ord-000327,buy,74497.99,1776659313024,0,0,0,,,,0,cancelled
2026-04-20 04:00,ord-000328,sell,74502.00,1776659313024,0.00120000,0,0,,,,0,cancelled
2026-04-20 04:00,ord-000329,buy,74490.67,1776659405024,0,0,0,,,,0,cancelled
2026-04-20 04:00,ord-000330,sell,74494.68,1776659405024,0,0,0,,,,0,cancelled
2026-04-20 04:00,ord-000331,buy,74479.42,1776659410024,0,0,0,,,,0,cancelled
2026-04-20 04:00,ord-000332,sell,74483.43,1776659410024,0,0,0,,,,0,cancelled
2026-04-20 04:00,ord-000333,buy,74489.66,1776659489124,0,0,0,,,,0,cancelled
2026-04-20 04:00,ord-000334,sell,74493.67,1776659489124,0,0,0,,,,0,cancelled
2026-04-20 04:00,ord-000335,buy,74497.99,1776659494124,0,0,0,,,,0,cancelled
2026-04-20 04:00,ord-000336,sell,74502.00,1776659494124,0.00120000,0,0,,,,0,cancelled
2026-04-20 04:00,ord-000337,buy,74495.16,1776659516424,0.01020000,0.01020000,0,1776659517413,0.00065000,0.00000000,0.001,filled
2026-04-20 04:00,ord-000338,sell,74499.17,1776659516424,0,0,0,,,,0,cancelled
2026-04-20 04:00,ord-000339,buy,74492.41,1776659517424,0,0,0,,,,0,cancelled
2026-04-20 04:00,ord-000340,sell,74496.42,1776659517424,0,0,0,,,,0,cancelled
2026-04-20 04:00,ord-000341,buy,74484.50,1776659522424,0,0,0,,,,0,cancelled
2026-04-20 04:00,ord-000342,sell,74488.51,1776659522424,0,0,0,,,,0,cancelled
2026-04-20 04:00,ord-000343,buy,74478.94,1776659527424,0,0,0,,,,0,cancelled
2026-04-20 04:00,ord-000344,sell,74482.95,1776659527424,0,0,0,,,,0,cancelled
2026-04-20 04:00,ord-000345,buy,74470.30,1776659532524,0,0,0,,,,0,cancelled
2026-04-20 04:00,ord-000346,sell,74474.31,1776659532524,0,0,0,,,,0,cancelled
2026-04-20 04:00,ord-000347,buy,74466.43,1776659537524,0,0,0,,,,0,cancelled
2026-04-20 04:00,ord-000348,sell,74470.44,1776659537524,0,0,0,,,,0,cancelled
2026-04-20 04:00,ord-000349,buy,74476.87,1776659586724,0,0,0,,,,0,cancelled
2026-04-20 04:00,ord-000350,sell,74480.88,1776659586724,0,0,0,,,,0,cancelled
2026-04-20 04:00,ord-000351,buy,74472.00,1776659634624,0.00080000,0.00080000,0,,,,0,cancelled
2026-04-20 04:00,ord-000352,sell,74476.01,1776659634624,0,0,0,,,,0,cancelled
2026-04-20 04:00,ord-000353,buy,74469.76,1776659639624,0,0,0,,,,0,cancelled
2026-04-20 04:00,ord-000354,sell,74473.77,1776659639624,0,0,0,,,,0,cancelled
2026-04-20 04:00,ord-000355,buy,74511.08,1776659698127,0,0,0,,,,0,cancelled
2026-04-20 04:00,ord-000356,sell,74515.09,1776659698127,0,0,0,,,,0,cancelled
2026-04-20 04:00,ord-000357,buy,74510.19,1776659703224,0,0,0,,,,0,cancelled
2026-04-20 04:00,ord-000358,sell,74514.20,1776659703224,0.00007000,0,0,,,,0,cancelled
2026-04-20 04:00,ord-000359,buy,74502.00,1776659709224,0.00120000,0.00120000,0,1776659709229,0.00120000,0.00000000,0.001,filled
2026-04-20 04:00,ord-000360,sell,74506.01,1776659709224,0,0,0,,,,0,cancelled
2026-04-20 04:00,ord-000361,buy,74497.46,1776659709324,0,0,0,,,,0,cancelled
2026-04-20 04:00,ord-000362,sell,74501.47,1776659709324,0,0,0,,,,0,cancelled
2026-04-20 04:00,ord-000363,buy,74468.18,1776659714324,0,0,0,,,,0,cancelled
2026-04-20 04:00,ord-000364,sell,74472.19,1776659714324,0,0,0,,,,0,cancelled
2026-04-20 04:00,ord-000365,buy,74472.60,1776659719324,0,0,0,,,,0,cancelled
2026-04-20 04:00,ord-000366,sell,74476.61,1776659719324,0,0,0,,,,0,cancelled
2026-04-20 04:00,ord-000367,buy,74475.63,1776659724324,0,0,0,,,,0,cancelled
2026-04-20 04:00,ord-000368,sell,74479.64,1776659724324,0,0,0,,,,0,cancelled
2026-04-20 04:00,ord-000369,buy,74478.96,1776659757424,0,0,0,,,,0,cancelled
2026-04-20 04:00,ord-000370,sell,74482.97,1776659757424,0,0,0,,,,0,cancelled
2026-04-20 04:00,ord-000371,buy,74476.56,1776659779124,0,0,0,,,,0,cancelled
2026-04-20 04:00,ord-000372,sell,74480.57,1776659779124,0,0,0,,,,0,cancelled
2026-04-20 04:00,ord-000373,buy,74471.75,1776659784124,0,0,0,,,,0,cancelled
2026-04-20 04:00,ord-000374,sell,74475.76,1776659784124,0,0,0,,,,0,cancelled
2026-04-20 04:00,ord-000375,buy,74475.79,1776659799324,0,0,0,,,,0,cancelled
2026-04-20 04:00,ord-000376,sell,74479.80,1776659799324,0,0,0,,,,0,cancelled
2026-04-20 04:00,ord-000377,buy,74477.99,1776659821624,0,0,0,,,,0,cancelled
2026-04-20 04:00,ord-000378,sell,74482.00,1776659821624,0.00120000,0,0,,,,0,cancelled
2026-04-20 04:00,ord-000379,buy,74478.95,1776659846524,0,0,0,,,,0,cancelled
2026-04-20 04:00,ord-000380,sell,74482.96,1776659846524,0,0,0,,,,0,cancelled
2026-04-20 04:00,ord-000381,buy,74478.60,1776659884824,0,0,0,,,,0,cancelled
2026-04-20 04:00,ord-000382,sell,74482.61,1776659884824,0,0,0,,,,0,cancelled
2026-04-20 04:00,ord-000383,buy,74467.62,1776659893424,0,0,0,,,,0,cancelled
2026-04-20 04:00,ord-000384,sell,74471.63,1776659893424,0,0,0,,,,0,cancelled
2026-04-20 04:00,ord-000385,buy,74477.99,1776659906424,0,0,0,,,,0,cancelled
2026-04-20 04:00,ord-000386,sell,74482.00,1776659906424,0.00120000,0,0,,,,0,cancelled
2026-04-20 04:00,ord-000387,buy,74477.98,1776660003124,0,0,0,,,,0,cancelled
2026-04-20 04:00,ord-000388,sell,74481.99,1776660003124,0,0,0,,,,0,cancelled
2026-04-20 04:00,ord-000389,buy,74474.28,1776660014224,0,0,0,,,,0,cancelled
2026-04-20 04:00,ord-000390,sell,74478.29,1776660014224,0,0,0,,,,0,cancelled
2026-04-20 04:00,ord-000391,buy,74472.00,1776660019225,0.00120000,0.00120000,0,,,,0,cancelled
2026-04-20 04:00,ord-000392,sell,74476.01,1776660019225,0,0,0,,,,0,cancelled
2026-04-20 04:00,ord-000393,buy,74462.02,1776660093524,0,0,0,,,,0,cancelled
2026-04-20 04:00,ord-000394,sell,74466.03,1776660093524,0,0,0,,,,0,cancelled
2026-04-20 04:00,ord-000395,buy,74461.63,1776660098524,0,0,0,,,,0,cancelled
2026-04-20 04:00,ord-000396,sell,74465.64,1776660098524,0,0,0,,,,0,cancelled
2026-04-20 04:00,ord-000397,buy,74458.75,1776660110324,0,0,0,,,,0,cancelled
2026-04-20 04:00,ord-000398,sell,74462.76,1776660110324,0,0,0,,,,0,cancelled
2026-04-20 04:00,ord-000399,buy,74455.52,1776660115324,0,0,0,,,,0,cancelled
2026-04-20 04:00,ord-000400,sell,74459.53,1776660115324,0,0,0,,,,0,cancelled
2026-04-20 04:00,ord-000401,buy,74447.85,1776660120324,0,0,0,,,,0,cancelled
2026-04-20 04:00,ord-000402,sell,74451.86,1776660120324,0,0,0,,,,0,cancelled
2026-04-20 04:00,ord-000403,buy,74444.66,1776660125324,0,0,0,,,,0,cancelled
2026-04-20 04:00,ord-000404,sell,74448.67,1776660125324,0,0,0,,,,0,cancelled
2026-04-20 04:00,ord-000405,buy,74442.01,1776660184224,0,0,0,1776660184329,0,0,0.00007000,cancelled
2026-04-20 04:00,ord-000406,sell,74446.02,1776660184224,0,0,0,,,,0,cancelled
2026-04-20 04:00,ord-000407,buy,74435.31,1776660189224,0,0,0,,,,0,cancelled
2026-04-20 04:00,ord-000408,sell,74439.32,1776660189224,0,0,0,,,,0,cancelled
2026-04-20 04:00,ord-000409,buy,74444.66,1776660208724,0,0,0,,,,0,cancelled
2026-04-20 04:00,ord-000410,sell,74448.67,1776660208724,0,0,0,,,,0,cancelled
2026-04-20 04:00,ord-000411,buy,74451.30,1776660275124,0,0,0,,,,0,cancelled
2026-04-20 04:00,ord-000412,sell,74455.31,1776660275124,0,0,0,,,,0,cancelled
2026-04-20 04:00,ord-000413,buy,74458.09,1776660280124,0,0,0,,,,0,cancelled
2026-04-20 04:00,ord-000414,sell,74462.10,1776660280124,0,0,0,,,,0,cancelled
2026-04-20 04:00,ord-000415,buy,74463.42,1776660285124,0,0,0,,,,0,cancelled
2026-04-20 04:00,ord-000416,sell,74467.43,1776660285124,0,0,0,,,,0,cancelled
2026-04-20 04:00,ord-000417,buy,74469.53,1776660308324,0,0,0,,,,0,cancelled
2026-04-20 04:00,ord-000418,sell,74473.54,1776660308324,0,0,0,,,,0,cancelled
2026-04-20 04:00,ord-000419,buy,74475.62,1776660313424,0,0,0,,,,0,cancelled
2026-04-20 04:00,ord-000420,sell,74479.63,1776660313424,0,0,0,,,,0,cancelled
2026-04-20 04:00,ord-000421,buy,74476.87,1776660318424,0,0,0,,,,0,cancelled
2026-04-20 04:00,ord-000422,sell,74480.88,1776660318424,0,0,0,,,,0,cancelled
2026-04-20 04:00,ord-000423,buy,74477.99,1776660328124,0.00014000,0,0.00014000,,,,0,cancelled
2026-04-20 04:00,ord-000424,sell,74482.00,1776660328124,0.00120000,0.00120000,0,,,,0,cancelled
2026-04-20 04:00,ord-000425,buy,74494.90,1776660333124,0,0,0,,,,0,cancelled
2026-04-20 04:00,ord-000426,sell,74498.91,1776660333124,0,0,0,1776660339566,0,0,0.00024000,cancelled
2026-04-20 04:00,ord-000427,buy,74505.41,1776660339624,0,0,0,,,,0,cancelled
2026-04-20 04:00,ord-000428,sell,74509.42,1776660339624,0,0,0,,,,0,cancelled
2026-04-20 04:00,ord-000429,buy,74515.82,1776660344624,0,0,0,,,,0,cancelled
2026-04-20 04:00,ord-000430,sell,74519.83,1776660344624,0,0,0,,,,0,cancelled
2026-04-20 04:00,ord-000431,buy,74519.56,1776660349624,0,0,0,,,,0,cancelled
2026-04-20 04:00,ord-000432,sell,74523.57,1776660349624,0,0,0,,,,0,cancelled
2026-04-20 04:00,ord-000433,buy,74528.16,1776660361924,0,0,0,,,,0,cancelled
2026-04-20 04:00,ord-000434,sell,74532.17,1776660361924,0,0,0,,,,0,cancelled
2026-04-20 04:00,ord-000435,buy,74538.79,1776660386224,0,0,0,,,,0,cancelled
2026-04-20 04:00,ord-000436,sell,74542.80,1776660386224,0,0,0,,,,0,cancelled
2026-04-20 04:00,ord-000437,buy,74547.98,1776660401024,0,0,0,,,,0,cancelled
2026-04-20 04:00,ord-000438,sell,74551.99,1776660401024,0,0,0,,,,0,cancelled
2026-04-20 04:00,ord-000439,buy,74552.83,1776660406024,0.00135000,0,0.00135000,,,,0,cancelled
2026-04-20 04:00,ord-000440,sell,74556.84,1776660406024,0,0,0,,,,0,cancelled
2026-04-20 04:00,ord-000441,buy,74561.48,1776660414024,0,0,0,,,,0,cancelled
2026-04-20 04:00,ord-000442,sell,74565.49,1776660414024,0,0,0,,,,0,cancelled
2026-04-20 04:00,ord-000443,buy,74564.24,1776660422824,0,0,0,,,,0,cancelled
2026-04-20 04:00,ord-000444,sell,74568.25,1776660422824,0,0,0,,,,0,cancelled
2026-04-20 04:00,ord-000445,buy,74568.91,1776660427824,0,0,0,,,,0,cancelled
2026-04-20 04:00,ord-000446,sell,74572.92,1776660427824,0,0,0,,,,0,cancelled
2026-04-20 04:00,ord-000447,buy,74562.36,1776660474424,0,0,0,,,,0,cancelled
2026-04-20 04:00,ord-000448,sell,74566.37,1776660474424,0,0,0,,,,0,cancelled
2026-04-20 04:00,ord-000449,buy,74560.85,1776660479424,0,0,0,,,,0,cancelled
2026-04-20 04:00,ord-000450,sell,74564.86,1776660479424,0,0,0,,,,0,cancelled
2026-04-20 04:00,ord-000451,buy,74568.03,1776660504924,0,0,0,,,,0,cancelled
2026-04-20 04:00,ord-000452,sell,74572.04,1776660504924,0,0,0,,,,0,cancelled
2026-04-20 04:00,ord-000453,buy,74562.88,1776660509925,0,0,0,,,,0,cancelled
2026-04-20 04:00,ord-000454,sell,74566.89,1776660509925,0,0,0,,,,0,cancelled
2026-04-20 04:00,ord-000455,buy,74558.17,1776660516324,0,0,0,,,,0,cancelled
2026-04-20 04:00,ord-000456,sell,74562.18,1776660516324,0,0,0,,,,0,cancelled
2026-04-20 04:00,ord-000457,buy,74548.33,1776660521324,0,0,0,,,,0,cancelled
2026-04-20 04:00,ord-000458,sell,74552.34,1776660521324,0,0,0,,,,0,cancelled
2026-04-20 04:00,ord-000459,buy,74540.77,1776660526324,0,0,0,,,,0,cancelled
2026-04-20 04:00,ord-000460,sell,74544.78,1776660526324,0,0,0,,,,0,cancelled
2026-04-20 04:00,ord-000461,buy,74537.30,1776660555124,0,0,0,,,,0,cancelled
2026-04-20 04:00,ord-000462,sell,74541.31,1776660555124,0,0,0,,,,0,cancelled
2026-04-20 04:00,ord-000463,buy,74531.58,1776660560124,0.00007000,0,0.00007000,,,,0,cancelled
2026-04-20 04:00,ord-000464,sell,74535.59,1776660560124,0,0,0,,,,0,cancelled
2026-04-20 04:00,ord-000465,buy,74546.50,1776660565124,0,0,0,,,,0,cancelled
2026-04-20 04:00,ord-000466,sell,74550.51,1776660565124,0,0,0,,,,0,cancelled
2026-04-20 04:00,ord-000467,buy,74553.95,1776660579624,0,0,0,,,,0,cancelled
2026-04-20 04:00,ord-000468,sell,74557.96,1776660579624,0,0,0,,,,0,cancelled
2026-04-20 04:00,ord-000469,buy,74561.42,1776660584624,0,0,0,,,,0,cancelled
2026-04-20 04:00,ord-000470,sell,74565.43,1776660584624,0,0,0,,,,0,cancelled
2026-04-20 04:00,ord-000471,buy,74562.88,1776660589924,0,0,0,,,,0,cancelled
2026-04-20 04:00,ord-000472,sell,74566.89,1776660589924,0,0,0,,,,0,cancelled
2026-04-20 04:00,ord-000473,buy,74568.43,1776660595824,0,0,0,,,,0,cancelled
2026-04-20 04:00,ord-000474,sell,74572.44,1776660595824,0,0,0,,,,0,cancelled
2026-04-20 04:00,ord-000475,buy,74560.35,1776660600824,0,0,0,,,,0,cancelled
2026-04-20 04:00,ord-000476,sell,74564.36,1776660600824,0,0,0,,,,0,cancelled
2026-04-20 04:00,ord-000477,buy,74563.78,1776660605824,0,0,0,,,,0,cancelled
2026-04-20 04:00,ord-000478,sell,74567.79,1776660605824,0,0,0,,,,0,cancelled
2026-04-20 04:00,ord-000479,buy,74559.26,1776660611224,0,0,0,,,,0,cancelled
2026-04-20 04:00,ord-000480,sell,74563.27,1776660611224,0,0,0,,,,0,cancelled
2026-04-20 04:00,ord-000481,buy,74563.77,1776660632624,0,0,0,,,,0,cancelled
2026-04-20 04:00,ord-000482,sell,74567.78,1776660632624,0,0,0,,,,0,cancelled
2026-04-20 04:00,ord-000483,buy,74568.91,1776660637624,0,0,0,,,,0,cancelled
2026-04-20 04:00,ord-000484,sell,74572.92,1776660637624,0,0,0,,,,0,cancelled
2026-04-20 04:00,ord-000485,buy,74576.31,1776660642624,0,0,0,,,,0,cancelled
2026-04-20 04:00,ord-000486,sell,74580.32,1776660642624,0,0,0,,,,0,cancelled
2026-04-20 04:00,ord-000487,buy,74577.99,1776660647624,0,0,0,,,,0,cancelled
2026-04-20 04:00,ord-000488,sell,74582.00,1776660647624,0.00120000,0.00120000,0,,,,0,cancelled
2026-04-20 04:00,ord-000489,buy,74586.04,1776660652624,0,0,0,,,,0,cancelled
2026-04-20 04:00,ord-000490,sell,74590.05,1776660652624,0,0,0,,,,0,cancelled
2026-04-20 04:00,ord-000491,buy,74583.48,1776660662424,0,0,0,,,,0,cancelled
2026-04-20 04:00,ord-000492,sell,74587.49,1776660662424,0,0,0,,,,0,cancelled
2026-04-20 04:00,ord-000493,buy,74577.53,1776660667424,0,0,0,,,,0,cancelled
2026-04-20 04:00,ord-000494,sell,74581.54,1776660667424,0,0,0,,,,0,cancelled
2026-04-20 04:00,ord-000495,buy,74568.91,1776660672424,0,0,0,,,,0,cancelled
2026-04-20 04:00,ord-000496,sell,74572.92,1776660672424,0,0,0,,,,0,cancelled
2026-04-20 04:00,ord-000497,buy,74562.89,1776660677424,0,0,0,,,,0,cancelled
2026-04-20 04:00,ord-000498,sell,74566.90,1776660677424,0,0,0,,,,0,cancelled
2026-04-20 04:00,ord-000499,buy,74554.95,1776660682424,0,0,0,,,,0,cancelled
2026-04-20 04:00,ord-000500,sell,74558.96,1776660682424,0,0,0,,,,0,cancelled
2026-04-20 04:00,ord-000501,buy,74559.61,1776660687424,0,0,0,,,,0,cancelled
2026-04-20 04:00,ord-000502,sell,74563.62,1776660687424,0,0,0,,,,0,cancelled
2026-04-20 04:00,ord-000503,buy,74567.07,1776660703824,0,0,0,,,,0,cancelled
2026-04-20 04:00,ord-000504,sell,74571.08,1776660703824,0,0,0,,,,0,cancelled
2026-04-20 04:00,ord-000505,buy,74569.99,1776660718824,0.00300000,0,0,,,,0,cancelled
2026-04-20 04:00,ord-000506,sell,74574.00,1776660718824,0.00120000,0.00120000,0,,,,0,cancelled
2026-04-20 04:00,ord-000507,buy,74583.83,1776660723824,0.00007000,0,0.00007000,,,,0,cancelled
2026-04-20 04:00,ord-000508,sell,74587.84,1776660723824,0,0,0,1776660731872,0,0,0.001,filled
2026-04-20 04:00,ord-000509,buy,74587.99,1776660731924,0,0,0,,,,0,cancelled
2026-04-20 04:00,ord-000510,sell,74592.00,1776660731924,0,0,0,,,,0,cancelled
2026-04-20 04:00,ord-000511,buy,74586.00,1776660762124,0.00120000,0.00120000,0,,,,0,cancelled
2026-04-20 04:00,ord-000512,sell,74590.01,1776660762124,0,0,0,,,,0,cancelled
2026-04-20 04:00,ord-000513,buy,74582.22,1776660767124,0,0,0,,,,0,cancelled
2026-04-20 04:00,ord-000514,sell,74586.23,1776660767124,0,0,0,,,,0,cancelled
2026-04-20 04:00,ord-000515,buy,74568.91,1776660772124,0,0,0,,,,0,cancelled
2026-04-20 04:00,ord-000516,sell,74572.92,1776660772124,0,0,0,,,,0,cancelled
2026-04-20 04:00,ord-000517,buy,74587.25,1776660823731,0,0,0,,,,0,cancelled
2026-04-20 04:00,ord-000518,sell,74591.26,1776660823731,0,0,0,,,,0,cancelled
2026-04-20 04:00,ord-000519,buy,74596.62,1776660828824,0,0,0,,,,0,cancelled
2026-04-20 04:00,ord-000520,sell,74600.63,1776660828824,0.00020000,0.00020000,0,,,,0,cancelled
2026-04-20 04:00,ord-000521,buy,74608.16,1776660844130,0,0,0,,,,0,cancelled
2026-04-20 04:00,ord-000522,sell,74612.17,1776660844130,0,0,0,,,,0,cancelled
2026-04-20 04:00,ord-000523,buy,74603.90,1776660866424,0,0,0,,,,0,cancelled
2026-04-20 04:00,ord-000524,sell,74607.91,1776660866424,0,0,0,,,,0,cancelled
2026-04-20 04:00,ord-000525,buy,74595.60,1776660871424,0,0,0,,,,0,cancelled
2026-04-20 04:00,ord-000526,sell,74599.61,1776660871424,0,0,0,,,,0,cancelled
2026-04-20 04:00,ord-000527,buy,74586.00,1776660876424,0.00120000,0.00120000,0,,,,0,cancelled
2026-04-20 04:00,ord-000528,sell,74590.01,1776660876424,0,0,0,,,,0,cancelled
2026-04-20 04:00,ord-000529,buy,74580.96,1776660881424,0,0,0,,,,0,cancelled
2026-04-20 04:00,ord-000530,sell,74584.97,1776660881424,0,0,0,,,,0,cancelled
2026-04-20 04:00,ord-000531,buy,74577.60,1776660886424,0,0,0,,,,0,cancelled
2026-04-20 04:00,ord-000532,sell,74581.61,1776660886424,0,0,0,,,,0,cancelled
2026-04-20 04:00,ord-000533,buy,74574.46,1776660903224,0,0,0,,,,0,cancelled
2026-04-20 04:00,ord-000534,sell,74578.47,1776660903224,0,0,0,,,,0,cancelled
2026-04-20 04:00,ord-000535,buy,74568.91,1776660908224,0,0,0,,,,0,cancelled
2026-04-20 04:00,ord-000536,sell,74572.92,1776660908224,0,0,0,,,,0,cancelled
2026-04-20 04:00,ord-000537,buy,74560.70,1776660913224,0,0,0,,,,0,cancelled
2026-04-20 04:00,ord-000538,sell,74564.71,1776660913224,0,0,0,,,,0,cancelled
2026-04-20 04:00,ord-000539,buy,74555.55,1776660929524,0,0,0,,,,0,cancelled
2026-04-20 04:00,ord-000540,sell,74559.56,1776660929524,0,0,0,,,,0,cancelled
2026-04-20 04:00,ord-000541,buy,74544.53,1776660934524,0,0,0,,,,0,cancelled
2026-04-20 04:00,ord-000542,sell,74548.54,1776660934524,0,0,0,,,,0,cancelled
2026-04-20 04:00,ord-000543,buy,74550.35,1776661057524,0,0,0,,,,0,cancelled
2026-04-20 04:00,ord-000544,sell,74554.36,1776661057524,0,0,0,,,,0,cancelled
2026-04-20 04:00,ord-000545,buy,74562.84,1776661062524,0,0,0,,,,0,cancelled
2026-04-20 04:00,ord-000546,sell,74566.85,1776661062524,0,0,0,,,,0,cancelled
2026-04-20 04:00,ord-000547,buy,74562.00,1776661088424,0.00080000,0,0,,,,0,cancelled
2026-04-20 04:00,ord-000548,sell,74566.01,1776661088424,0,0,0,,,,0,cancelled
2026-04-20 04:00,ord-000549,buy,74569.56,1776661181924,0,0,0,,,,0,cancelled
2026-04-20 04:00,ord-000550,sell,74573.57,1776661181924,0,0,0,,,,0,cancelled
2026-04-20 04:00,ord-000551,buy,74568.91,1776661188624,0,0,0,,,,0,cancelled
2026-04-20 04:00,ord-000552,sell,74572.92,1776661188624,0,0,0,,,,0,cancelled
2026-04-20 04:00,ord-000553,buy,74565.63,1776661194624,0,0,0,,,,0,expired
2026-04-20 04:00,ord-000554,sell,74569.64,1776661194624,0,0,0,,,,0,expired
2026-04-20 05:00,ord-000001,buy,74563.52,1776661200224,0,0,0,,,,0,cancelled
2026-04-20 05:00,ord-000002,sell,74567.53,1776661200224,0,0,0,,,,0,cancelled
2026-04-20 05:00,ord-000003,buy,74548.11,1776661205224,0,0,0,,,,0,cancelled
2026-04-20 05:00,ord-000004,sell,74552.12,1776661205224,0,0,0,,,,0,cancelled
2026-04-20 05:00,ord-000005,buy,74554.33,1776661210224,0,0,0,,,,0,cancelled
2026-04-20 05:00,ord-000006,sell,74558.34,1776661210224,0,0,0,,,,0,cancelled
2026-04-20 05:00,ord-000007,buy,74551.53,1776661215224,0,0,0,,,,0,cancelled
2026-04-20 05:00,ord-000008,sell,74555.54,1776661215224,0,0,0,,,,0,cancelled
2026-04-20 05:00,ord-000009,buy,74539.55,1776661238224,0,0,0,,,,0,cancelled
2026-04-20 05:00,ord-000010,sell,74543.56,1776661238224,0,0,0,,,,0,cancelled
2026-04-20 05:00,ord-000011,buy,74529.83,1776661243224,0,0,0,,,,0,cancelled
2026-04-20 05:00,ord-000012,sell,74533.84,1776661243224,0,0,0,,,,0,cancelled
2026-04-20 05:00,ord-000013,buy,74523.12,1776661248224,0,0,0,,,,0,cancelled
2026-04-20 05:00,ord-000014,sell,74527.13,1776661248224,0,0,0,,,,0,cancelled
2026-04-20 05:00,ord-000015,buy,74521.35,1776661266524,0,0,0,,,,0,cancelled
2026-04-20 05:00,ord-000016,sell,74525.36,1776661266524,0.00157000,0,0.00157000,,,,0,cancelled
2026-04-20 05:00,ord-000017,buy,74517.69,1776661282324,0,0,0,,,,0,cancelled
2026-04-20 05:00,ord-000018,sell,74521.70,1776661282324,0,0,0,,,,0,cancelled
2026-04-20 05:00,ord-000019,buy,74509.90,1776661287324,0,0,0,,,,0,cancelled
2026-04-20 05:00,ord-000020,sell,74513.91,1776661287324,0,0,0,,,,0,cancelled
2026-04-20 05:00,ord-000021,buy,74511.98,1776661292324,0,0,0,,,,0,cancelled
2026-04-20 05:00,ord-000022,sell,74515.99,1776661292324,0.00150000,0,0.00150000,,,,0,cancelled
2026-04-20 05:00,ord-000023,buy,74507.28,1776661300824,0,0,0,,,,0,cancelled
2026-04-20 05:00,ord-000024,sell,74511.29,1776661300824,0,0,0,,,,0,cancelled
2026-04-20 05:00,ord-000025,buy,74498.99,1776661305824,0,0,0,,,,0,cancelled
2026-04-20 05:00,ord-000026,sell,74503.00,1776661305824,0,0,0,,,,0,cancelled
2026-04-20 05:00,ord-000027,buy,74497.00,1776661320524,0,0,0,,,,0,cancelled
2026-04-20 05:00,ord-000028,sell,74501.01,1776661320524,0,0,0,,,,0,cancelled
2026-04-20 05:00,ord-000029,buy,74495.28,1776661325524,0,0,0,,,,0,cancelled
2026-04-20 05:00,ord-000030,sell,74499.29,1776661325524,0,0,0,,,,0,cancelled
2026-04-20 05:00,ord-000031,buy,74489.42,1776661369824,0,0,0,,,,0,cancelled
2026-04-20 05:00,ord-000032,sell,74493.43,1776661369824,0,0,0,,,,0,cancelled
2026-04-20 05:00,ord-000033,buy,74488.31,1776661374824,0,0,0,,,,0,cancelled
2026-04-20 05:00,ord-000034,sell,74492.32,1776661374824,0,0,0,,,,0,cancelled
2026-04-20 05:00,ord-000035,buy,74487.64,1776661379824,0,0,0,,,,0,cancelled
2026-04-20 05:00,ord-000036,sell,74491.65,1776661379824,0,0,0,,,,0,cancelled
2026-04-20 05:00,ord-000037,buy,74473.25,1776661384824,0,0,0,,,,0,cancelled
2026-04-20 05:00,ord-000038,sell,74477.26,1776661384824,0,0,0,,,,0,cancelled
2026-04-20 05:00,ord-000039,buy,74471.60,1776661393424,0,0,0,,,,0,cancelled
2026-04-20 05:00,ord-000040,sell,74475.61,1776661393424,0,0,0,,,,0,cancelled
2026-04-20 05:00,ord-000041,buy,74455.52,1776661398424,0,0,0,,,,0,cancelled
2026-04-20 05:00,ord-000042,sell,74459.53,1776661398424,0,0,0,,,,0,cancelled
2026-04-20 05:00,ord-000043,buy,74449.00,1776661421725,0,0,0,,,,0,cancelled
2026-04-20 05:00,ord-000044,sell,74453.01,1776661421725,0,0,0,,,,0,cancelled
2026-04-20 05:00,ord-000045,buy,74442.53,1776661436624,0,0,0,,,,0,cancelled
2026-04-20 05:00,ord-000046,sell,74446.54,1776661436624,0,0,0,,,,0,cancelled
2026-04-20 05:00,ord-000047,buy,74441.80,1776661441624,0,0,0,,,,0,cancelled
2026-04-20 05:00,ord-000048,sell,74445.81,1776661441624,0,0,0,,,,0,cancelled
2026-04-20 05:00,ord-000049,buy,74447.84,1776661447124,0,0,0,,,,0,cancelled
2026-04-20 05:00,ord-000050,sell,74451.85,1776661447124,0,0,0,,,,0,cancelled
2026-04-20 05:00,ord-000051,buy,74455.99,1776661452124,0,0,0,,,,0,cancelled
2026-04-20 05:00,ord-000052,sell,74460.00,1776661452124,0.00120000,0,0,,,,0,cancelled
2026-04-20 05:00,ord-000053,buy,74453.66,1776661460824,0,0,0,,,,0,cancelled
2026-04-20 05:00,ord-000054,sell,74457.67,1776661460824,0,0,0,,,,0,cancelled
2026-04-20 05:00,ord-000055,buy,74451.40,1776661515024,0,0,0,,,,0,cancelled
2026-04-20 05:00,ord-000056,sell,74455.41,1776661515024,0,0,0,,,,0,cancelled
2026-04-20 05:00,ord-000057,buy,74448.00,1776661520024,0.00120000,0.001107692307692307692307692308,0.000092307692307692307692307692,1776661536022,0.001107692307692307692307692308,0.000000000000000000000000000000,0.000092307692307692307692307692,cancelled
2026-04-20 05:00,ord-000058,sell,74452.01,1776661520024,0.00014000,0,0.00005833333333333333333333333334,,,,0,cancelled
2026-04-20 05:00,ord-000059,buy,74441.80,1776661536124,0,0,0,,,,0,cancelled
2026-04-20 05:00,ord-000060,sell,74445.81,1776661536124,0,0,0,,,,0,cancelled
2026-04-20 05:00,ord-000061,buy,74435.59,1776661541124,0,0,0,,,,0,cancelled
2026-04-20 05:00,ord-000062,sell,74439.60,1776661541124,0,0,0,,,,0,cancelled
2026-04-20 05:00,ord-000063,buy,74435.56,1776661549624,0,0,0,,,,0,cancelled
2026-04-20 05:00,ord-000064,sell,74439.57,1776661549624,0,0,0,,,,0,cancelled
2026-04-20 05:00,ord-000065,buy,74432.81,1776661554624,0,0,0,,,,0,cancelled
2026-04-20 05:00,ord-000066,sell,74436.82,1776661554624,0,0,0,,,,0,cancelled
2026-04-20 05:00,ord-000067,buy,74427.00,1776661568456,0,0,0,,,,0,cancelled
2026-04-20 05:00,ord-000068,sell,74431.01,1776661568456,0,0,0,,,,0,cancelled
2026-04-20 05:00,ord-000069,buy,74414.00,1776661573524,0.00120000,0.00120000,0,,,,0,cancelled
2026-04-20 05:00,ord-000070,sell,74418.01,1776661573524,0.00007000,0,0,,,,0,cancelled
2026-04-20 05:00,ord-000071,buy,74406.43,1776661578524,0.00008000,0,0.00008000,1776661580015,0,0,0.00008000,cancelled
2026-04-20 05:00,ord-000072,sell,74410.44,1776661578524,0,0,0,,,,0,cancelled
2026-04-20 05:00,ord-000073,buy,74401.96,1776661583524,0,0,0,,,,0,cancelled
2026-04-20 05:00,ord-000074,sell,74405.97,1776661583524,0,0,0,,,,0,cancelled
2026-04-20 05:00,ord-000075,buy,74396.00,1776661588524,0.00120000,0.00120000,0,,,,0,cancelled
2026-04-20 05:00,ord-000076,sell,74400.01,1776661588524,0.00007000,0,0,,,,0,cancelled
2026-04-20 05:00,ord-000077,buy,74387.50,1776661596829,0,0,0,,,,0,cancelled
2026-04-20 05:00,ord-000078,sell,74391.51,1776661596829,0,0,0,,,,0,cancelled
2026-04-20 05:00,ord-000079,buy,74359.45,1776661601924,0,0,0,,,,0,cancelled
2026-04-20 05:00,ord-000080,sell,74363.46,1776661601924,0,0,0,,,,0,cancelled
2026-04-20 05:00,ord-000081,buy,74353.84,1776661606924,0,0,0,,,,0,cancelled
2026-04-20 05:00,ord-000082,sell,74357.85,1776661606924,0,0,0,,,,0,cancelled
2026-04-20 05:00,ord-000083,buy,74348.00,1776661611924,0.00120000,0,0,,,,0,cancelled
2026-04-20 05:00,ord-000084,sell,74352.01,1776661611924,0,0,0,,,,0,cancelled
2026-04-20 05:00,ord-000085,buy,74351.44,1776661616924,0,0,0,,,,0,cancelled
2026-04-20 05:00,ord-000086,sell,74355.45,1776661616924,0,0,0,,,,0,cancelled
2026-04-20 05:00,ord-000087,buy,74357.95,1776661627224,0,0,0,,,,0,cancelled
2026-04-20 05:00,ord-000088,sell,74361.96,1776661627224,0.00333000,0.00333000,0,,,,0,cancelled
2026-04-20 05:00,ord-000089,buy,74367.77,1776661632224,0,0,0,,,,0,cancelled
2026-04-20 05:00,ord-000090,sell,74371.78,1776661632224,0,0,0,,,,0,cancelled
2026-04-20 05:00,ord-000091,buy,74373.99,1776661637224,0,0,0,,,,0,cancelled
2026-04-20 05:00,ord-000092,sell,74378.00,1776661637224,0.00120000,0,0,,,,0,cancelled
2026-04-20 05:00,ord-000093,buy,74373.10,1776661642224,0,0,0,,,,0,cancelled
2026-04-20 05:00,ord-000094,sell,74377.11,1776661642224,0,0,0,,,,0,cancelled
2026-04-20 05:00,ord-000095,buy,74360.79,1776661647224,0,0,0,,,,0,cancelled
2026-04-20 05:00,ord-000096,sell,74364.80,1776661647224,0,0,0,,,,0,cancelled
2026-04-20 05:00,ord-000097,buy,74359.02,1776661652224,0,0,0,,,,0,cancelled
2026-04-20 05:00,ord-000098,sell,74363.03,1776661652224,0,0,0,,,,0,cancelled
2026-04-20 05:00,ord-000099,buy,74338.77,1776661657224,0,0,0,,,,0,cancelled
2026-04-20 05:00,ord-000100,sell,74342.78,1776661657224,0,0,0,,,,0,cancelled
2026-04-20 05:00,ord-000101,buy,74327.79,1776661662224,0,0,0,,,,0,cancelled
2026-04-20 05:00,ord-000102,sell,74331.80,1776661662224,0.00007000,0,0,,,,0,cancelled
2026-04-20 05:00,ord-000103,buy,74323.16,1776661667224,0,0,0,,,,0,cancelled
2026-04-20 05:00,ord-000104,sell,74327.17,1776661667224,0,0,0,,,,0,cancelled
2026-04-20 05:00,ord-000105,buy,74317.53,1776661672224,0,0,0,,,,0,cancelled
2026-04-20 05:00,ord-000106,sell,74321.54,1776661672224,0,0,0,,,,0,cancelled
2026-04-20 05:00,ord-000107,buy,74323.16,1776661677224,0,0,0,,,,0,cancelled
2026-04-20 05:00,ord-000108,sell,74327.17,1776661677224,0,0,0,,,,0,cancelled
2026-04-20 05:00,ord-000109,buy,74346.76,1776661682224,0,0,0,,,,0,cancelled
2026-04-20 05:00,ord-000110,sell,74350.77,1776661682224,0,0,0,,,,0,cancelled
2026-04-20 05:00,ord-000111,buy,74346.75,1776661688024,0,0,0,,,,0,cancelled
2026-04-20 05:00,ord-000112,sell,74350.76,1776661688024,0,0,0,,,,0,cancelled
2026-04-20 05:00,ord-000113,buy,74344.90,1776661693024,0,0,0,,,,0,cancelled
2026-04-20 05:00,ord-000114,sell,74348.91,1776661693024,0,0,0,,,,0,cancelled
2026-04-20 05:00,ord-000115,buy,74342.13,1776661698024,0,0,0,,,,0,cancelled
2026-04-20 05:00,ord-000116,sell,74346.14,1776661698024,0,0,0,,,,0,cancelled
2026-04-20 05:00,ord-000117,buy,74346.76,1776661708924,0,0,0,,,,0,cancelled
2026-04-20 05:00,ord-000118,sell,74350.77,1776661708924,0,0,0,,,,0,cancelled
2026-04-20 05:00,ord-000119,buy,74342.13,1776661713924,0,0,0,,,,0,cancelled
2026-04-20 05:00,ord-000120,sell,74346.14,1776661713924,0,0,0,,,,0,cancelled
2026-04-20 05:00,ord-000121,buy,74333.17,1776661718924,0,0,0,,,,0,cancelled
2026-04-20 05:00,ord-000122,sell,74337.18,1776661718924,0,0,0,,,,0,cancelled
2026-04-20 05:00,ord-000123,buy,74326.54,1776661733824,0,0,0,,,,0,cancelled
2026-04-20 05:00,ord-000124,sell,74330.55,1776661733824,0,0,0,,,,0,cancelled
2026-04-20 05:00,ord-000125,buy,74318.62,1776661743024,0,0,0,,,,0,cancelled
2026-04-20 05:00,ord-000126,sell,74322.63,1776661743024,0,0,0,,,,0,cancelled
2026-04-20 05:00,ord-000127,buy,74319.74,1776661751524,0,0,0,,,,0,cancelled
2026-04-20 05:00,ord-000128,sell,74323.75,1776661751524,0,0,0,,,,0,cancelled
2026-04-20 05:00,ord-000129,buy,74326.54,1776661756524,0,0,0,,,,0,cancelled
2026-04-20 05:00,ord-000130,sell,74330.55,1776661756524,0,0,0,,,,0,cancelled
2026-04-20 05:00,ord-000131,buy,74330.99,1776661795324,0,0,0,,,,0,cancelled
2026-04-20 05:00,ord-000132,sell,74335.00,1776661795324,0,0,0,,,,0,cancelled
2026-04-20 05:00,ord-000133,buy,74349.47,1776661800324,0,0,0,,,,0,cancelled
2026-04-20 05:00,ord-000134,sell,74353.48,1776661800324,0,0,0,,,,0,cancelled
2026-04-20 05:00,ord-000135,buy,74284.20,1776661805329,0,0,0,,,,0,cancelled
2026-04-20 05:00,ord-000136,sell,74288.21,1776661805329,0,0,0,,,,0,cancelled
2026-04-20 05:00,ord-000137,buy,74263.91,1776661810424,0,0,0,,,,0,cancelled
2026-04-20 05:00,ord-000138,sell,74267.92,1776661810424,0,0,0,,,,0,cancelled
2026-04-20 05:00,ord-000139,buy,74279.33,1776661815424,0,0,0,,,,0,cancelled
2026-04-20 05:00,ord-000140,sell,74283.34,1776661815424,0,0,0,,,,0,cancelled
2026-04-20 05:00,ord-000141,buy,74285.47,1776661820425,0,0,0,,,,0,cancelled
2026-04-20 05:00,ord-000142,sell,74289.48,1776661820425,0,0,0,,,,0,cancelled
2026-04-20 05:00,ord-000143,buy,74294.26,1776661825426,0,0,0,,,,0,cancelled
2026-04-20 05:00,ord-000144,sell,74298.27,1776661825426,0,0,0,,,,0,cancelled
2026-04-20 05:00,ord-000145,buy,74286.00,1776661830524,0.00120000,0.00120000,0,,,,0,cancelled
2026-04-20 05:00,ord-000146,sell,74290.01,1776661830524,0.27403000,0,0.2738900000000000000000000000,,,,0,cancelled
2026-04-20 05:00,ord-000147,buy,74282.93,1776661835524,0,0,0,,,,0,cancelled
2026-04-20 05:00,ord-000148,sell,74286.94,1776661835524,0,0,0,,,,0,cancelled
2026-04-20 05:00,ord-000149,buy,74274.89,1776661852024,0,0,0,,,,0,cancelled
2026-04-20 05:00,ord-000150,sell,74278.90,1776661852024,0,0,0,,,,0,cancelled
2026-04-20 05:00,ord-000151,buy,74277.97,1776661858024,0,0,0,,,,0,cancelled
2026-04-20 05:00,ord-000152,sell,74281.98,1776661858024,0.00357000,0,0,,,,0,cancelled
2026-04-20 05:00,ord-000153,buy,74274.89,1776661864824,0,0,0,,,,0,cancelled
2026-04-20 05:00,ord-000154,sell,74278.90,1776661864824,0,0,0,,,,0,cancelled
2026-04-20 05:00,ord-000155,buy,74273.04,1776661880924,0,0,0,,,,0,cancelled
2026-04-20 05:00,ord-000156,sell,74277.05,1776661880924,0,0,0,,,,0,cancelled
2026-04-20 05:00,ord-000157,buy,74269.86,1776661885924,0,0,0,,,,0,cancelled
2026-04-20 05:00,ord-000158,sell,74273.87,1776661885924,0,0,0,,,,0,cancelled
2026-04-20 05:00,ord-000159,buy,74264.18,1776661906524,0,0,0,,,,0,cancelled
2026-04-20 05:00,ord-000160,sell,74268.19,1776661906524,0,0,0,,,,0,cancelled
2026-04-20 05:00,ord-000161,buy,74277.91,1776661911524,0,0,0,,,,0,cancelled
2026-04-20 05:00,ord-000162,sell,74281.92,1776661911524,0,0,0,,,,0,cancelled
2026-04-20 05:00,ord-000163,buy,74271.16,1776661921624,0,0,0,,,,0,cancelled
2026-04-20 05:00,ord-000164,sell,74275.17,1776661921624,0,0,0,,,,0,cancelled
2026-04-20 05:00,ord-000165,buy,74270.67,1776661926624,0,0,0,,,,0,cancelled
2026-04-20 05:00,ord-000166,sell,74274.68,1776661926624,0,0,0,,,,0,cancelled
2026-04-20 05:00,ord-000167,buy,74266.37,1776661938424,0.00065000,0.00065000,0,,,,0,cancelled
2026-04-20 05:00,ord-000168,sell,74270.38,1776661938424,0,0,0,,,,0,cancelled
2026-04-20 05:00,ord-000169,buy,74258.75,1776661943424,0,0,0,,,,0,cancelled
2026-04-20 05:00,ord-000170,sell,74262.76,1776661943424,0,0,0,,,,0,cancelled
2026-04-20 05:00,ord-000171,buy,74261.20,1776661948424,0,0,0,,,,0,cancelled
2026-04-20 05:00,ord-000172,sell,74265.21,1776661948424,0,0,0,,,,0,cancelled
2026-04-20 05:00,ord-000173,buy,74274.49,1776661960624,0,0,0,,,,0,cancelled
2026-04-20 05:00,ord-000174,sell,74278.50,1776661960624,0,0,0,,,,0,cancelled
2026-04-20 05:00,ord-000175,buy,74278.18,1776661975224,0,0,0,,,,0,cancelled
2026-04-20 05:00,ord-000176,sell,74282.19,1776661975224,0,0,0,,,,0,cancelled
2026-04-20 05:00,ord-000177,buy,74294.24,1776661980224,0,0,0,,,,0,cancelled
2026-04-20 05:00,ord-000178,sell,74298.25,1776661980224,0,0,0,,,,0,cancelled
2026-04-20 05:00,ord-000179,buy,74302.44,1776661985224,0,0,0,,,,0,cancelled
2026-04-20 05:00,ord-000180,sell,74306.45,1776661985224,0,0,0,,,,0,cancelled
2026-04-20 05:00,ord-000181,buy,74299.40,1776661992224,0,0,0,,,,0,cancelled
2026-04-20 05:00,ord-000182,sell,74303.41,1776661992224,0,0,0,,,,0,cancelled
2026-04-20 05:00,ord-000183,buy,74302.43,1776662004225,0,0,0,,,,0,cancelled
2026-04-20 05:00,ord-000184,sell,74306.44,1776662004225,0,0,0,,,,0,cancelled
2026-04-20 05:00,ord-000185,buy,74302.44,1776662009225,0,0,0,,,,0,cancelled
2026-04-20 05:00,ord-000186,sell,74306.45,1776662009225,0,0,0,,,,0,cancelled
2026-04-20 05:00,ord-000187,buy,74307.49,1776662044124,0,0,0,,,,0,cancelled
2026-04-20 05:00,ord-000188,sell,74311.50,1776662044124,0,0,0,,,,0,cancelled
2026-04-20 05:00,ord-000189,buy,74311.27,1776662049124,0,0,0,,,,0,cancelled
2026-04-20 05:00,ord-000190,sell,74315.28,1776662049124,0,0,0,,,,0,cancelled
2026-04-20 05:00,ord-000191,buy,74310.07,1776662063224,0,0,0,,,,0,cancelled
2026-04-20 05:00,ord-000192,sell,74314.08,1776662063224,0,0,0,,,,0,cancelled
2026-04-20 05:00,ord-000193,buy,74309.09,1776662068224,0,0,0,,,,0,cancelled
2026-04-20 05:00,ord-000194,sell,74313.10,1776662068224,0,0,0,,,,0,cancelled
2026-04-20 05:00,ord-000195,buy,74302.49,1776662078824,0,0,0,,,,0,cancelled
2026-04-20 05:00,ord-000196,sell,74306.50,1776662078824,0,0,0,,,,0,cancelled
2026-04-20 05:00,ord-000197,buy,74287.25,1776662083824,0,0,0,,,,0,cancelled
2026-04-20 05:00,ord-000198,sell,74291.26,1776662083824,0,0,0,,,,0,cancelled
2026-04-20 05:00,ord-000199,buy,74344.99,1776662096370,0,0,0,,,,0,cancelled
2026-04-20 05:00,ord-000200,sell,74349.00,1776662096370,0,0,0,,,,0,cancelled
2026-04-20 05:00,ord-000201,buy,74342.13,1776662101424,0,0,0,,,,0,cancelled
2026-04-20 05:00,ord-000202,sell,74346.14,1776662101424,0,0,0,,,,0,cancelled
2026-04-20 05:00,ord-000203,buy,74331.26,1776662106424,0,0,0,,,,0,cancelled
2026-04-20 05:00,ord-000204,sell,74335.27,1776662106424,0,0,0,,,,0,cancelled
2026-04-20 05:00,ord-000205,buy,74320.23,1776662113424,0,0,0,,,,0,cancelled
2026-04-20 05:00,ord-000206,sell,74324.24,1776662113424,0,0,0,,,,0,cancelled
2026-04-20 05:00,ord-000207,buy,74318.40,1776662130724,0,0,0,,,,0,cancelled
2026-04-20 05:00,ord-000208,sell,74322.41,1776662130724,0,0,0,,,,0,cancelled
2026-04-20 05:00,ord-000209,buy,74302.47,1776662135724,0,0,0,,,,0,cancelled
2026-04-20 05:00,ord-000210,sell,74306.48,1776662135724,0,0,0,,,,0,cancelled
2026-04-20 05:00,ord-000211,buy,74294.08,1776662140724,0,0,0,,,,0,cancelled
2026-04-20 05:00,ord-000212,sell,74298.09,1776662140724,0,0,0,,,,0,cancelled
2026-04-20 05:00,ord-000213,buy,74287.27,1776662146724,0,0,0,,,,0,cancelled
2026-04-20 05:00,ord-000214,sell,74291.28,1776662146724,0,0,0,,,,0,cancelled
2026-04-20 05:00,ord-000215,buy,74286.99,1776662158627,0,0,0,,,,0,cancelled
2026-04-20 05:00,ord-000216,sell,74291.00,1776662158627,0,0,0,,,,0,cancelled
2026-04-20 05:00,ord-000217,buy,74271.73,1776662163724,0,0,0,,,,0,cancelled
2026-04-20 05:00,ord-000218,sell,74275.74,1776662163724,0,0,0,,,,0,cancelled
2026-04-20 05:00,ord-000219,buy,74265.21,1776662173624,0,0,0,,,,0,cancelled
2026-04-20 05:00,ord-000220,sell,74269.22,1776662173624,0,0,0,,,,0,cancelled
2026-04-20 05:00,ord-000221,buy,74262.61,1776662178624,0,0,0,,,,0,cancelled
2026-04-20 05:00,ord-000222,sell,74266.62,1776662178624,0,0,0,,,,0,cancelled
2026-04-20 05:00,ord-000223,buy,74266.39,1776662183624,0,0,0,,,,0,cancelled
2026-04-20 05:00,ord-000224,sell,74270.40,1776662183624,0,0,0,,,,0,cancelled
2026-04-20 05:00,ord-000225,buy,74267.78,1776662194624,0,0,0,,,,0,cancelled
2026-04-20 05:00,ord-000226,sell,74271.79,1776662194624,0,0,0,,,,0,cancelled
2026-04-20 05:00,ord-000227,buy,74262.63,1776662209624,0,0,0,,,,0,cancelled
2026-04-20 05:00,ord-000228,sell,74266.64,1776662209624,0,0,0,,,,0,cancelled
2026-04-20 05:00,ord-000229,buy,74266.39,1776662216224,0,0,0,,,,0,cancelled
2026-04-20 05:00,ord-000230,sell,74270.40,1776662216224,0,0,0,,,,0,cancelled
2026-04-20 05:00,ord-000231,buy,74267.78,1776662224824,0,0,0,,,,0,cancelled
2026-04-20 05:00,ord-000232,sell,74271.79,1776662224824,0,0,0,,,,0,cancelled
2026-04-20 05:00,ord-000233,buy,74278.91,1776662255024,0,0,0,,,,0,cancelled
2026-04-20 05:00,ord-000234,sell,74282.92,1776662255024,0,0,0,,,,0,cancelled
2026-04-20 05:00,ord-000235,buy,74283.47,1776662260024,0,0,0,,,,0,cancelled
2026-04-20 05:00,ord-000236,sell,74287.48,1776662260024,0,0,0,,,,0,cancelled
2026-04-20 05:00,ord-000237,buy,74277.05,1776662265024,0.00007000,0,0.00007000,,,,0,cancelled
2026-04-20 05:00,ord-000238,sell,74281.06,1776662265024,0,0,0,,,,0,cancelled
2026-04-20 05:00,ord-000239,buy,74274.00,1776662275924,0.00120000,0.00120000,0,,,,0,cancelled
2026-04-20 05:00,ord-000240,sell,74278.01,1776662275924,2.25289000,0,0.397160000000000000000000000,,,,0,cancelled
2026-04-20 05:00,ord-000241,buy,74267.79,1776662280924,0,0,0,,,,0,cancelled
2026-04-20 05:00,ord-000242,sell,74271.80,1776662280924,0,0,0,,,,0,cancelled
2026-04-20 05:00,ord-000243,buy,74258.00,1776662285924,0.00120000,0.00120000,0,,,,0,cancelled
2026-04-20 05:00,ord-000244,sell,74262.01,1776662285924,0,0,0,,,,0,cancelled
2026-04-20 05:00,ord-000245,buy,74255.14,1776662290924,0,0,0,,,,0,cancelled
2026-04-20 05:00,ord-000246,sell,74259.15,1776662290924,0,0,0,,,,0,cancelled
2026-04-20 05:00,ord-000247,buy,74255.58,1776662295924,0,0,0,,,,0,cancelled
2026-04-20 05:00,ord-000248,sell,74259.59,1776662295924,0,0,0,,,,0,cancelled
2026-04-20 05:00,ord-000249,buy,74256.96,1776662313325,0,0,0,,,,0,cancelled
2026-04-20 05:00,ord-000250,sell,74260.97,1776662313325,0,0,0,,,,0,cancelled
2026-04-20 05:00,ord-000251,buy,74267.66,1776662318424,0,0,0,,,,0,cancelled
2026-04-20 05:00,ord-000252,sell,74271.67,1776662318424,0,0,0,,,,0,cancelled
2026-04-20 05:00,ord-000253,buy,74267.65,1776662323425,0,0,0,,,,0,cancelled
2026-04-20 05:00,ord-000254,sell,74271.66,1776662323425,0.00300000,0,0.00300000,,,,0,cancelled
2026-04-20 05:00,ord-000255,buy,74262.22,1776662335324,0,0,0,,,,0,cancelled
2026-04-20 05:00,ord-000256,sell,74266.23,1776662335324,0,0,0,,,,0,cancelled
2026-04-20 05:00,ord-000257,buy,74262.20,1776662340324,0,0,0,,,,0,cancelled
2026-04-20 05:00,ord-000258,sell,74266.21,1776662340324,0,0,0,,,,0,cancelled
2026-04-20 05:00,ord-000259,buy,74258.56,1776662345324,0,0,0,,,,0,cancelled
2026-04-20 05:00,ord-000260,sell,74262.57,1776662345324,0,0,0,,,,0,cancelled
2026-04-20 05:00,ord-000261,buy,74255.01,1776662350324,0,0,0,,,,0,cancelled
2026-04-20 05:00,ord-000262,sell,74259.02,1776662350324,0,0,0,,,,0,cancelled
2026-04-20 05:00,ord-000263,buy,74254.00,1776662367724,0.00130000,0.00120000,0.000100000000000000000000000000,,,,0,cancelled
2026-04-20 05:00,ord-000264,sell,74258.01,1776662367724,0,0,0,,,,0,cancelled
2026-04-20 05:00,ord-000265,buy,74233.98,1776662372724,0,0,0,,,,0,cancelled
2026-04-20 05:00,ord-000266,sell,74237.99,1776662372724,0,0,0,,,,0,cancelled
2026-04-20 05:00,ord-000267,buy,74216.00,1776662377724,0.00120000,0,0,,,,0,cancelled
2026-04-20 05:00,ord-000268,sell,74220.01,1776662377724,0.00007000,0.00007000,0,1776662379262,0.00007000,0.00000000,0.00007000,cancelled
2026-04-20 05:00,ord-000269,buy,74222.81,1776662382724,0,0,0,,,,0,cancelled
2026-04-20 05:00,ord-000270,sell,74226.82,1776662382724,0,0,0,,,,0,cancelled
2026-04-20 05:00,ord-000271,buy,74219.15,1776662387724,0,0,0,,,,0,cancelled
2026-04-20 05:00,ord-000272,sell,74223.16,1776662387724,0,0,0,,,,0,cancelled
2026-04-20 05:00,ord-000273,buy,74211.72,1776662401824,0,0,0,,,,0,cancelled
2026-04-20 05:00,ord-000274,sell,74215.73,1776662401824,0,0,0,,,,0,cancelled
2026-04-20 05:00,ord-000275,buy,74216.00,1776662406824,0,0,0,,,,0,cancelled
2026-04-20 05:00,ord-000276,sell,74220.01,1776662406824,0,0,0,,,,0,cancelled
2026-04-20 05:00,ord-000277,buy,74215.24,1776662428124,0,0,0,,,,0,cancelled
2026-04-20 05:00,ord-000278,sell,74219.25,1776662428124,0,0,0,,,,0,cancelled
2026-04-20 05:00,ord-000279,buy,74213.15,1776662433124,0,0,0,,,,0,cancelled
2026-04-20 05:00,ord-000280,sell,74217.16,1776662433124,0,0,0,,,,0,cancelled
2026-04-20 05:00,ord-000281,buy,74198.00,1776662438124,0.00120000,0.00120000,0,,,,0,cancelled
2026-04-20 05:00,ord-000282,sell,74202.01,1776662438124,0,0,0,,,,0,cancelled
2026-04-20 05:00,ord-000283,buy,74191.09,1776662458924,0,0,0,,,,0,cancelled
2026-04-20 05:00,ord-000284,sell,74195.10,1776662458924,0.04021000,0,0.04021000000000000000000000000,,,,0,cancelled
2026-04-20 05:00,ord-000285,buy,74197.99,1776662469724,0,0,0,,,,0,cancelled
2026-04-20 05:00,ord-000286,sell,74202.00,1776662469724,0.00120000,0,0,,,,0,cancelled
2026-04-20 05:00,ord-000287,buy,74179.64,1776662474724,0,0,0,,,,0,cancelled
2026-04-20 05:00,ord-000288,sell,74183.65,1776662474724,0,0,0,,,,0,cancelled
2026-04-20 05:00,ord-000289,buy,74183.94,1776662479724,0,0,0,,,,0,cancelled
2026-04-20 05:00,ord-000290,sell,74187.95,1776662479724,0,0,0,,,,0,cancelled
2026-04-20 05:00,ord-000291,buy,74191.09,1776662484724,0,0,0,,,,0,cancelled
2026-04-20 05:00,ord-000292,sell,74195.10,1776662484724,0,0,0,,,,0,cancelled
2026-04-20 05:00,ord-000293,buy,74199.39,1776662489724,0,0,0,,,,0,cancelled
2026-04-20 05:00,ord-000294,sell,74203.40,1776662489724,0,0,0,,,,0,cancelled
2026-04-20 05:00,ord-000295,buy,74198.92,1776662498324,0,0,0,,,,0,cancelled
2026-04-20 05:00,ord-000296,sell,74202.93,1776662498324,0,0,0,,,,0,cancelled
2026-04-20 05:00,ord-000297,buy,74198.78,1776662503324,0,0,0,,,,0,cancelled
2026-04-20 05:00,ord-000298,sell,74202.79,1776662503324,0,0,0,,,,0,cancelled
2026-04-20 05:00,ord-000299,buy,74199.39,1776662512124,0,0,0,,,,0,cancelled
2026-04-20 05:00,ord-000300,sell,74203.40,1776662512124,0,0,0,,,,0,cancelled
2026-04-20 05:00,ord-000301,buy,74206.58,1776662522524,0,0,0,,,,0,cancelled
2026-04-20 05:00,ord-000302,sell,74210.59,1776662522524,0,0,0,,,,0,cancelled
2026-04-20 05:00,ord-000303,buy,74214.77,1776662527524,0,0,0,,,,0,cancelled
2026-04-20 05:00,ord-000304,sell,74218.78,1776662527524,0,0,0,,,,0,cancelled
2026-04-20 05:00,ord-000305,buy,74214.58,1776662599924,0,0,0,,,,0,cancelled
2026-04-20 05:00,ord-000306,sell,74218.59,1776662599924,0,0,0,,,,0,cancelled
2026-04-20 05:00,ord-000307,buy,74209.37,1776662604924,0,0,0,,,,0,cancelled
2026-04-20 05:00,ord-000308,sell,74213.38,1776662604924,0,0,0,,,,0,cancelled
2026-04-20 05:00,ord-000309,buy,74202.00,1776662609924,0.00120000,0.00120000,0,,,,0,cancelled
2026-04-20 05:00,ord-000310,sell,74206.01,1776662609924,0,0,0,,,,0,cancelled
2026-04-20 05:00,ord-000311,buy,74192.46,1776662614924,0,0,0,,,,0,cancelled
2026-04-20 05:00,ord-000312,sell,74196.47,1776662614924,0,0,0,,,,0,cancelled
2026-04-20 05:00,ord-000313,buy,74183.00,1776662619924,0,0,0,,,,0,cancelled
2026-04-20 05:00,ord-000314,sell,74187.01,1776662619924,0,0,0,,,,0,cancelled
2026-04-20 05:00,ord-000315,buy,74176.67,1776662628124,0,0,0,,,,0,cancelled
2026-04-20 05:00,ord-000316,sell,74180.68,1776662628124,0,0,0,,,,0,cancelled
2026-04-20 05:00,ord-000317,buy,74172.94,1776662641724,0.00016000,0,0.00016000,,,,0,cancelled
2026-04-20 05:00,ord-000318,sell,74176.95,1776662641724,0,0,0,,,,0,cancelled
2026-04-20 05:00,ord-000319,buy,74168.16,1776662686924,0,0,0,,,,0,cancelled
2026-04-20 05:00,ord-000320,sell,74172.17,1776662686924,0,0,0,,,,0,cancelled
2026-04-20 05:00,ord-000321,buy,74148.00,1776662691924,0.00120000,0,0,,,,0,cancelled
2026-04-20 05:00,ord-000322,sell,74152.01,1776662691924,0,0,0,,,,0,cancelled
2026-04-20 05:00,ord-000323,buy,74146.66,1776662700424,0,0,0,,,,0,cancelled
2026-04-20 05:00,ord-000324,sell,74150.67,1776662700424,0,0,0,,,,0,cancelled
2026-04-20 05:00,ord-000325,buy,74132.99,1776662705424,0.00007000,0,0.00007000,,,,0,cancelled
2026-04-20 05:00,ord-000326,sell,74137.00,1776662705424,0,0,0,,,,0,cancelled
2026-04-20 05:00,ord-000327,buy,74140.79,1776662710424,0,0,0,,,,0,cancelled
2026-04-20 05:00,ord-000328,sell,74144.80,1776662710424,0,0,0,,,,0,cancelled
2026-04-20 05:00,ord-000329,buy,74148.00,1776662715424,0,0,0,,,,0,cancelled
2026-04-20 05:00,ord-000330,sell,74152.01,1776662715424,0,0,0,1776662719751,0,0,0.00028000,cancelled
2026-04-20 05:00,ord-000331,buy,74162.99,1776662720424,0,0,0,,,,0,cancelled
2026-04-20 05:00,ord-000332,sell,74167.00,1776662720424,0,0,0,,,,0,cancelled
2026-04-20 05:00,ord-000333,buy,74180.36,1776662731124,0,0,0,,,,0,cancelled
2026-04-20 05:00,ord-000334,sell,74184.37,1776662731124,0.00200000,0,0.00200000,,,,0,cancelled
2026-04-20 05:00,ord-000335,buy,74180.69,1776662748524,0,0,0,,,,0,cancelled
2026-04-20 05:00,ord-000336,sell,74184.70,1776662748524,0,0,0,,,,0,cancelled
2026-04-20 05:00,ord-000337,buy,74191.42,1776662753525,0,0,0,,,,0,cancelled
2026-04-20 05:00,ord-000338,sell,74195.43,1776662753525,0,0,0,,,,0,cancelled
2026-04-20 05:00,ord-000339,buy,74189.20,1776662782024,0,0,0,,,,0,cancelled
2026-04-20 05:00,ord-000340,sell,74193.21,1776662782024,0,0,0,,,,0,cancelled
2026-04-20 05:00,ord-000341,buy,74171.12,1776662787024,0,0,0,,,,0,cancelled
2026-04-20 05:00,ord-000342,sell,74175.13,1776662787024,0,0,0,,,,0,cancelled
2026-04-20 05:00,ord-000343,buy,74156.02,1776662792024,0.00014000,0.00014000,0,,,,0,cancelled
2026-04-20 05:00,ord-000344,sell,74160.03,1776662792024,0,0,0,,,,0,cancelled
2026-04-20 05:00,ord-000345,buy,74149.22,1776662800024,0,0,0,,,,0,cancelled
2026-04-20 05:00,ord-000346,sell,74153.23,1776662800024,0,0,0,,,,0,cancelled
2026-04-20 05:00,ord-000347,buy,74140.57,1776662805024,0,0,0,,,,0,cancelled
2026-04-20 05:00,ord-000348,sell,74144.58,1776662805024,0,0,0,,,,0,cancelled
2026-04-20 05:00,ord-000349,buy,74143.99,1776662815124,0,0,0,,,,0,cancelled
2026-04-20 05:00,ord-000350,sell,74148.00,1776662815124,0.00080000,0.00080000,0,1776662815133,0.00000000,0.00000000,0.001,filled
2026-04-20 05:00,ord-000351,buy,74145.99,1776662815224,0.23410000,0,0.2270269095027865723994471234,,,,0,cancelled
2026-04-20 05:00,ord-000352,sell,74150.00,1776662815224,0.00420000,0.00120000,0.003000000000000000000000000000,,,,0,cancelled
2026-04-20 05:00,ord-000353,buy,74151.80,1776662820724,0,0,0,,,,0,cancelled
2026-04-20 05:00,ord-000354,sell,74155.81,1776662820724,0,0,0,,,,0,cancelled
2026-04-20 05:00,ord-000355,buy,74139.97,1776662825724,0,0,0,,,,0,cancelled
2026-04-20 05:00,ord-000356,sell,74143.98,1776662825724,0,0,0,,,,0,cancelled
2026-04-20 05:00,ord-000357,buy,74134.93,1776662880624,0,0,0,,,,0,cancelled
2026-04-20 05:00,ord-000358,sell,74138.94,1776662880624,0,0,0,,,,0,cancelled
2026-04-20 05:00,ord-000359,buy,74139.97,1776662889724,0,0,0,,,,0,cancelled
2026-04-20 05:00,ord-000360,sell,74143.98,1776662889724,0,0,0,,,,0,cancelled
2026-04-20 05:00,ord-000361,buy,74155.78,1776662894725,0,0,0,,,,0,cancelled
2026-04-20 05:00,ord-000362,sell,74159.79,1776662894725,0,0,0,,,,0,cancelled
2026-04-20 05:00,ord-000363,buy,74155.99,1776662913724,0,0,0,,,,0,cancelled
2026-04-20 05:00,ord-000364,sell,74160.00,1776662913724,0.00255000,0,0,,,,0,cancelled
2026-04-20 05:00,ord-000365,buy,74167.92,1776662918724,0,0,0,,,,0,cancelled
2026-04-20 05:00,ord-000366,sell,74171.93,1776662918724,0,0,0,,,,0,cancelled
2026-04-20 05:00,ord-000367,buy,74162.21,1776662932024,0,0,0,,,,0,cancelled
2026-04-20 05:00,ord-000368,sell,74166.22,1776662932024,0,0,0,,,,0,cancelled
2026-04-20 05:00,ord-000369,buy,74164.65,1776662937028,0,0,0,,,,0,cancelled
2026-04-20 05:00,ord-000370,sell,74168.66,1776662937028,0,0,0,,,,0,cancelled
2026-04-20 05:00,ord-000371,buy,74164.64,1776662962924,0,0,0,,,,0,cancelled
2026-04-20 05:00,ord-000372,sell,74168.65,1776662962924,0,0,0,,,,0,cancelled
2026-04-20 05:00,ord-000373,buy,74142.55,1776662967924,0,0,0,,,,0,cancelled
2026-04-20 05:00,ord-000374,sell,74146.56,1776662967924,0,0,0,,,,0,cancelled
2026-04-20 05:00,ord-000375,buy,74137.55,1776662997024,0,0,0,,,,0,cancelled
2026-04-20 05:00,ord-000376,sell,74141.56,1776662997024,0,0,0,,,,0,cancelled
2026-04-20 05:00,ord-000377,buy,74129.20,1776663002024,0,0,0,,,,0,cancelled
2026-04-20 05:00,ord-000378,sell,74133.21,1776663002024,0,0,0,,,,0,cancelled
2026-04-20 05:00,ord-000379,buy,74128.95,1776663007024,0,0,0,,,,0,cancelled
2026-04-20 05:00,ord-000380,sell,74132.96,1776663007024,0,0,0,,,,0,cancelled
2026-04-20 05:00,ord-000381,buy,74123.00,1776663012024,0.00133000,0.00133000,0,,,,0,cancelled
2026-04-20 05:00,ord-000382,sell,74127.01,1776663012024,0.00007000,0,0.00007000,,,,0,cancelled
2026-04-20 05:00,ord-000383,buy,74115.34,1776663017024,0,0,0,,,,0,cancelled
2026-04-20 05:00,ord-000384,sell,74119.35,1776663017024,0,0,0,,,,0,cancelled
2026-04-20 05:00,ord-000385,buy,74113.73,1776663024024,0,0,0,,,,0,cancelled
2026-04-20 05:00,ord-000386,sell,74117.74,1776663024024,0,0,0,,,,0,cancelled
2026-04-20 05:00,ord-000387,buy,74108.00,1776663029024,0.00120000,0,0,,,,0,cancelled
2026-04-20 05:00,ord-000388,sell,74112.01,1776663029024,0,0,0,,,,0,cancelled
2026-04-20 05:00,ord-000389,buy,74119.00,1776663034024,0.00007000,0,0.00002869985297206469229153539173,,,,0,cancelled
2026-04-20 05:00,ord-000390,sell,74123.01,1776663034024,0,0,0,,,,0,cancelled
2026-04-20 05:00,ord-000391,buy,74117.24,1776663044224,0,0,0,,,,0,cancelled
2026-04-20 05:00,ord-000392,sell,74121.25,1776663044224,0,0,0,,,,0,cancelled
2026-04-20 05:00,ord-000393,buy,74112.83,1776663049224,0,0,0,,,,0,cancelled
2026-04-20 05:00,ord-000394,sell,74116.84,1776663049224,0,0,0,,,,0,cancelled
2026-04-20 05:00,ord-000395,buy,74119.00,1776663054224,0.00007000,0.0000006481481481481481481481481486,0.00006935185185185185185185185185,1776663088289,0.0000006481481481481481481481481486,0.0000000000000000000000000000000000,0.00006935185185185185185185185185,cancelled
2026-04-20 05:00,ord-000396,sell,74123.01,1776663054224,0,0,0,,,,0,cancelled
2026-04-20 05:00,ord-000397,buy,74115.34,1776663088324,0,0,0,,,,0,cancelled
2026-04-20 05:00,ord-000398,sell,74119.35,1776663088324,0,0,0,,,,0,cancelled
2026-04-20 05:00,ord-000399,buy,74107.71,1776663093324,0,0,0,,,,0,cancelled
2026-04-20 05:00,ord-000400,sell,74111.72,1776663093324,0,0,0,,,,0,cancelled
2026-04-20 05:00,ord-000401,buy,74114.19,1776663102724,0,0,0,,,,0,cancelled
2026-04-20 05:00,ord-000402,sell,74118.20,1776663102724,0,0,0,,,,0,cancelled
2026-04-20 05:00,ord-000403,buy,74134.25,1776663107724,0,0,0,,,,0,cancelled
2026-04-20 05:00,ord-000404,sell,74138.26,1776663107724,0,0,0,,,,0,cancelled
2026-04-20 05:00,ord-000405,buy,74152.00,1776663112724,0.00016000,0,0.00016000,,,,0,cancelled
2026-04-20 05:00,ord-000406,sell,74156.01,1776663112724,0,0,0,,,,0,cancelled
2026-04-20 05:00,ord-000407,buy,74148.45,1776663117724,0,0,0,,,,0,cancelled
2026-04-20 05:00,ord-000408,sell,74152.46,1776663117724,0,0,0,,,,0,cancelled
2026-04-20 05:00,ord-000409,buy,74159.42,1776663122724,0,0,0,,,,0,cancelled
2026-04-20 05:00,ord-000410,sell,74163.43,1776663122724,0,0,0,,,,0,cancelled
2026-04-20 05:00,ord-000411,buy,74164.65,1776663127724,0,0,0,,,,0,cancelled
2026-04-20 05:00,ord-000412,sell,74168.66,1776663127724,0,0,0,,,,0,cancelled
2026-04-20 05:00,ord-000413,buy,74174.15,1776663137425,0,0,0,,,,0,cancelled
2026-04-20 05:00,ord-000414,sell,74178.16,1776663137425,0,0,0,,,,0,cancelled
2026-04-20 05:00,ord-000415,buy,74182.28,1776663142524,0,0,0,,,,0,cancelled
2026-04-20 05:00,ord-000416,sell,74186.29,1776663142524,0,0,0,,,,0,cancelled
2026-04-20 05:00,ord-000417,buy,74175.38,1776663147525,0,0,0,,,,0,cancelled
2026-04-20 05:00,ord-000418,sell,74179.39,1776663147525,0,0,0,,,,0,cancelled
2026-04-20 05:00,ord-000419,buy,74170.28,1776663155524,0,0,0,,,,0,cancelled
2026-04-20 05:00,ord-000420,sell,74174.29,1776663155524,0,0,0,,,,0,cancelled
2026-04-20 05:00,ord-000421,buy,74155.35,1776663160524,0,0,0,,,,0,cancelled
2026-04-20 05:00,ord-000422,sell,74159.36,1776663160524,0,0,0,,,,0,cancelled
2026-04-20 05:00,ord-000423,buy,74171.36,1776663165524,0,0,0,,,,0,cancelled
2026-04-20 05:00,ord-000424,sell,74175.37,1776663165524,0,0,0,,,,0,cancelled
2026-04-20 05:00,ord-000425,buy,74170.93,1776663180124,0,0,0,,,,0,cancelled
2026-04-20 05:00,ord-000426,sell,74174.94,1776663180124,0.00300000,0,0,,,,0,cancelled
2026-04-20 05:00,ord-000427,buy,74168.22,1776663185126,0,0,0,,,,0,cancelled
2026-04-20 05:00,ord-000428,sell,74172.23,1776663185126,0,0,0,,,,0,cancelled
2026-04-20 05:00,ord-000429,buy,74173.03,1776663190224,0,0,0,,,,0,cancelled
2026-04-20 05:00,ord-000430,sell,74177.04,1776663190224,0,0,0,,,,0,cancelled
2026-04-20 05:00,ord-000431,buy,74170.00,1776663197424,0.00040000,0.00040000,0,1776663199520,0.00040000,0.00000000,0.00070000,cancelled
2026-04-20 05:00,ord-000432,sell,74174.01,1776663197424,0,0,0,,,,0,cancelled
2026-04-20 05:00,ord-000433,buy,74165.61,1776663202424,0,0,0,,,,0,cancelled
2026-04-20 05:00,ord-000434,sell,74169.62,1776663202424,0,0,0,,,,0,cancelled
2026-04-20 05:00,ord-000435,buy,74173.03,1776663209724,0,0,0,,,,0,cancelled
2026-04-20 05:00,ord-000436,sell,74177.04,1776663209724,0,0,0,,,,0,cancelled
2026-04-20 05:00,ord-000437,buy,74175.64,1776663229625,0,0,0,,,,0,cancelled
2026-04-20 05:00,ord-000438,sell,74179.65,1776663229625,0,0,0,,,,0,cancelled
2026-04-20 05:00,ord-000439,buy,74177.85,1776663234724,0,0,0,,,,0,cancelled
2026-04-20 05:00,ord-000440,sell,74181.86,1776663234724,0,0,0,,,,0,cancelled
2026-04-20 05:00,ord-000441,buy,74170.01,1776663240729,0,0,0,,,,0,cancelled
2026-04-20 05:00,ord-000442,sell,74174.02,1776663240729,0,0,0,,,,0,cancelled
2026-04-20 05:00,ord-000443,buy,74163.01,1776663245824,0,0,0,,,,0,cancelled
2026-04-20 05:00,ord-000444,sell,74167.02,1776663245824,0,0,0,,,,0,cancelled
2026-04-20 05:00,ord-000445,buy,74141.48,1776663250824,0,0,0,,,,0,cancelled
2026-04-20 05:00,ord-000446,sell,74145.49,1776663250824,0,0,0,,,,0,cancelled
2026-04-20 05:00,ord-000447,buy,74139.58,1776663255824,0,0,0,,,,0,cancelled
2026-04-20 05:00,ord-000448,sell,74143.59,1776663255824,0,0,0,,,,0,cancelled
2026-04-20 05:00,ord-000449,buy,74153.96,1776663260824,0,0,0,,,,0,cancelled
2026-04-20 05:00,ord-000450,sell,74157.97,1776663260824,0,0,0,,,,0,cancelled
2026-04-20 05:00,ord-000451,buy,74162.41,1776663265824,0,0,0,,,,0,cancelled
2026-04-20 05:00,ord-000452,sell,74166.42,1776663265824,0,0,0,,,,0,cancelled
2026-04-20 05:00,ord-000453,buy,74166.99,1776663313024,0,0,0,,,,0,cancelled
2026-04-20 05:00,ord-000454,sell,74171.00,1776663313024,0,0,0,,,,0,cancelled
2026-04-20 05:00,ord-000455,buy,74166.52,1776663322324,0,0,0,,,,0,cancelled
2026-04-20 05:00,ord-000456,sell,74170.53,1776663322324,0,0,0,,,,0,cancelled
2026-04-20 05:00,ord-000457,buy,74163.45,1776663327324,0,0,0,,,,0,cancelled
2026-04-20 05:00,ord-000458,sell,74167.46,1776663327324,0,0,0,,,,0,cancelled
2026-04-20 05:00,ord-000459,buy,74166.99,1776663332324,0,0,0,,,,0,cancelled
2026-04-20 05:00,ord-000460,sell,74171.00,1776663332324,0,0,0,,,,0,cancelled
2026-04-20 05:00,ord-000461,buy,74168.85,1776663359924,0,0,0,,,,0,cancelled
2026-04-20 05:00,ord-000462,sell,74172.86,1776663359924,0,0,0,,,,0,cancelled
2026-04-20 05:00,ord-000463,buy,74177.21,1776663364924,0,0,0,,,,0,cancelled
2026-04-20 05:00,ord-000464,sell,74181.22,1776663364924,0,0,0,,,,0,cancelled
2026-04-20 05:00,ord-000465,buy,74174.41,1776663369924,0,0,0,,,,0,cancelled
2026-04-20 05:00,ord-000466,sell,74178.42,1776663369924,0,0,0,,,,0,cancelled
2026-04-20 05:00,ord-000467,buy,74177.21,1776663379224,0,0,0,,,,0,cancelled
2026-04-20 05:00,ord-000468,sell,74181.22,1776663379224,0,0,0,,,,0,cancelled
2026-04-20 05:00,ord-000469,buy,74177.20,1776663389024,0,0,0,,,,0,cancelled
2026-04-20 05:00,ord-000470,sell,74181.21,1776663389024,0,0,0,,,,0,cancelled
2026-04-20 05:00,ord-000471,buy,74184.87,1776663406340,0,0,0,,,,0,cancelled
2026-04-20 05:00,ord-000472,sell,74188.88,1776663406340,0,0,0,,,,0,cancelled
2026-04-20 05:00,ord-000473,buy,74194.64,1776663411424,0,0,0,,,,0,cancelled
2026-04-20 05:00,ord-000474,sell,74198.65,1776663411424,0,0,0,,,,0,cancelled
2026-04-20 05:00,ord-000475,buy,74219.40,1776663416424,0,0,0,,,,0,cancelled
2026-04-20 05:00,ord-000476,sell,74223.41,1776663416424,0,0,0,,,,0,cancelled
2026-04-20 05:00,ord-000477,buy,74210.00,1776663450124,0.00120000,0,0,,,,0,cancelled
2026-04-20 05:00,ord-000478,sell,74214.01,1776663450124,0.20643000,0.00063000,0.2051779322598510489118144433,,,,0,cancelled
2026-04-20 05:00,ord-000479,buy,74216.85,1776663455124,0,0,0,,,,0,cancelled
2026-04-20 05:00,ord-000480,sell,74220.86,1776663455124,0,0,0,,,,0,cancelled
2026-04-20 05:00,ord-000481,buy,74208.00,1776663460124,0.04650000,0.004756502947737412364563416189,0.04174349705226258763543658381,1776663461014,0.000336502947737412364563416189,0.000000000000000000000000000000,0.001,filled
2026-04-20 05:00,ord-000482,sell,74212.01,1776663460124,0,0,0,,,,0,cancelled
2026-04-20 05:00,ord-000483,buy,74204.00,1776663461124,0.00343000,0,0,,,,0,cancelled
2026-04-20 05:00,ord-000484,sell,74208.01,1776663461124,2.63474000,0,2.594600000000000000000000000,,,,0,cancelled
2026-04-20 05:00,ord-000485,buy,74201.48,1776663466124,0,0,0,,,,0,cancelled
2026-04-20 05:00,ord-000486,sell,74205.49,1776663466124,0,0,0,,,,0,cancelled
2026-04-20 05:00,ord-000487,buy,74198.56,1776663479724,0.00010000,0,0.00010000,,,,0,cancelled
2026-04-20 05:00,ord-000488,sell,74202.57,1776663479724,0,0,0,,,,0,cancelled
2026-04-20 05:00,ord-000489,buy,74194.33,1776663484724,0,0,0,,,,0,cancelled
2026-04-20 05:00,ord-000490,sell,74198.34,1776663484724,0,0,0,,,,0,cancelled
2026-04-20 05:00,ord-000491,buy,74187.94,1776663489724,0,0,0,,,,0,cancelled
2026-04-20 05:00,ord-000492,sell,74191.95,1776663489724,0.00007000,0,0.00007000,,,,0,cancelled
2026-04-20 05:00,ord-000493,buy,74186.40,1776663504524,0,0,0,,,,0,cancelled
2026-04-20 05:00,ord-000494,sell,74190.41,1776663504524,0,0,0,,,,0,cancelled
2026-04-20 05:00,ord-000495,buy,74185.48,1776663509524,0,0,0,,,,0,cancelled
2026-04-20 05:00,ord-000496,sell,74189.49,1776663509524,0.00761000,0,0.007610000000000000000000000000,,,,0,cancelled
2026-04-20 05:00,ord-000497,buy,74174.65,1776663514525,0,0,0,,,,0,cancelled
2026-04-20 05:00,ord-000498,sell,74178.66,1776663514525,0.00300000,0,0.00300000,,,,0,cancelled
2026-04-20 05:00,ord-000499,buy,74174.00,1776663522224,0.00120000,0.0004443262734538826185528413163,0.0007556737265461173814471586837,1776663524264,0.000004326273453882618552841316275,0.000000000000000000000000000000000,0.001,filled
2026-04-20 05:00,ord-000500,sell,74178.01,1776663522224,0,0,0,,,,0,cancelled
2026-04-20 05:00,ord-000501,buy,74169.57,1776663524324,0,0,0,1776663529122,0,0,0.00007000,cancelled
2026-04-20 05:00,ord-000502,sell,74173.58,1776663524324,0,0,0,,,,0,cancelled
2026-04-20 05:00,ord-000503,buy,74166.42,1776663529324,0,0,0,,,,0,cancelled
2026-04-20 05:00,ord-000504,sell,74170.43,1776663529324,0,0,0,,,,0,cancelled
2026-04-20 05:00,ord-000505,buy,74166.41,1776663534324,0,0,0,,,,0,cancelled
2026-04-20 05:00,ord-000506,sell,74170.42,1776663534324,0,0,0,,,,0,cancelled
2026-04-20 05:00,ord-000507,buy,74166.39,1776663539324,0,0,0,,,,0,cancelled
2026-04-20 05:00,ord-000508,sell,74170.40,1776663539324,0,0,0,,,,0,cancelled
2026-04-20 05:00,ord-000509,buy,74166.38,1776663544324,0,0,0,,,,0,cancelled
2026-04-20 05:00,ord-000510,sell,74170.39,1776663544324,0,0,0,,,,0,cancelled
2026-04-20 05:00,ord-000511,buy,74166.11,1776663579824,0,0,0,,,,0,cancelled
2026-04-20 05:00,ord-000512,sell,74170.12,1776663579824,0,0,0,,,,0,cancelled
2026-04-20 05:00,ord-000513,buy,74148.00,1776663584824,0.00120000,0,0,,,,0,cancelled
2026-04-20 05:00,ord-000514,sell,74152.01,1776663584824,0,0,0,,,,0,cancelled
2026-04-20 05:00,ord-000515,buy,74151.19,1776663590328,0,0,0,,,,0,cancelled
2026-04-20 05:00,ord-000516,sell,74155.20,1776663590328,0,0,0,,,,0,cancelled
2026-04-20 05:00,ord-000517,buy,74161.42,1776663595425,0.00014000,0,0.00014000,,,,0,cancelled
2026-04-20 05:00,ord-000518,sell,74165.43,1776663595425,0,0,0,,,,0,cancelled
2026-04-20 05:00,ord-000519,buy,74154.94,1776663600524,0,0,0,,,,0,cancelled
2026-04-20 05:00,ord-000520,sell,74158.95,1776663600524,0,0,0,,,,0,cancelled
2026-04-20 05:00,ord-000521,buy,74150.72,1776663611124,0,0,0,,,,0,cancelled
2026-04-20 05:00,ord-000522,sell,74154.73,1776663611124,0,0,0,,,,0,cancelled
2026-04-20 05:00,ord-000523,buy,74148.00,1776663616124,0.00120000,0,0,,,,0,cancelled
2026-04-20 05:00,ord-000524,sell,74152.01,1776663616124,0.47778000,0,0.4777800000000000000000000000,,,,0,cancelled
2026-04-20 05:00,ord-000525,buy,74161.77,1776663634124,0,0,0,,,,0,cancelled
2026-04-20 05:00,ord-000526,sell,74165.78,1776663634124,0,0,0,,,,0,cancelled
2026-04-20 05:00,ord-000527,buy,74168.36,1776663639124,0,0,0,,,,0,cancelled
2026-04-20 05:00,ord-000528,sell,74172.37,1776663639124,0,0,0,,,,0,cancelled
2026-04-20 05:00,ord-000529,buy,74183.64,1776663665924,0,0,0,,,,0,cancelled
2026-04-20 05:00,ord-000530,sell,74187.65,1776663665924,0,0,0,,,,0,cancelled
2026-04-20 05:00,ord-000531,buy,74183.63,1776663676724,0,0,0,,,,0,cancelled
2026-04-20 05:00,ord-000532,sell,74187.64,1776663676724,0,0,0,,,,0,cancelled
2026-04-20 05:00,ord-000533,buy,74183.87,1776663681724,0,0,0,,,,0,cancelled
2026-04-20 05:00,ord-000534,sell,74187.88,1776663681724,0,0,0,,,,0,cancelled
2026-04-20 05:00,ord-000535,buy,74182.23,1776663694424,0,0,0,,,,0,cancelled
2026-04-20 05:00,ord-000536,sell,74186.24,1776663694424,0,0,0,,,,0,cancelled
2026-04-20 05:00,ord-000537,buy,74179.79,1776663699424,0,0,0,,,,0,cancelled
2026-04-20 05:00,ord-000538,sell,74183.80,1776663699424,0,0,0,,,,0,cancelled
2026-04-20 05:00,ord-000539,buy,74182.99,1776663726324,0.43967000,0,0.4396000111429481056988220312,,,,0,cancelled
2026-04-20 05:00,ord-000540,sell,74187.00,1776663726324,0,0,0,,,,0,cancelled
2026-04-20 05:00,ord-000541,buy,74183.71,1776663731324,0,0,0,,,,0,cancelled
2026-04-20 05:00,ord-000542,sell,74187.72,1776663731324,0,0,0,,,,0,cancelled
2026-04-20 05:00,ord-000543,buy,74187.83,1776663745524,0,0,0,,,,0,cancelled
2026-04-20 05:00,ord-000544,sell,74191.84,1776663745524,0,0,0,,,,0,cancelled
2026-04-20 05:00,ord-000545,buy,74195.91,1776663750524,0,0,0,,,,0,cancelled
2026-04-20 05:00,ord-000546,sell,74199.92,1776663750524,0,0,0,,,,0,cancelled
2026-04-20 05:00,ord-000547,buy,74197.99,1776663761732,0.80817000,0,0.80817000,,,,0,cancelled
2026-04-20 05:00,ord-000548,sell,74202.00,1776663761732,0.00120000,0.00120000,0,,,,0,cancelled
2026-04-20 05:00,ord-000549,buy,74209.75,1776663766824,0,0,0,,,,0,cancelled
2026-04-20 05:00,ord-000550,sell,74213.76,1776663766824,0,0,0,,,,0,cancelled
2026-04-20 05:00,ord-000551,buy,74204.00,1776663785924,0.00040000,0,0,,,,0,cancelled
2026-04-20 05:00,ord-000552,sell,74208.01,1776663785924,0,0,0,,,,0,cancelled
2026-04-20 05:00,ord-000553,buy,74202.53,1776663790924,0,0,0,,,,0,cancelled
2026-04-20 05:00,ord-000554,sell,74206.54,1776663790924,0,0,0,,,,0,cancelled
2026-04-20 05:00,ord-000555,buy,74206.20,1776663800724,0,0,0,,,,0,cancelled
2026-04-20 05:00,ord-000556,sell,74210.21,1776663800724,0,0,0,,,,0,cancelled
2026-04-20 05:00,ord-000557,buy,74204.61,1776663829324,0,0,0,,,,0,cancelled
2026-04-20 05:00,ord-000558,sell,74208.62,1776663829324,0,0,0,,,,0,cancelled
2026-04-20 05:00,ord-000559,buy,74198.00,1776663834324,0.00120000,0,0,,,,0,cancelled
2026-04-20 05:00,ord-000560,sell,74202.01,1776663834324,0,0,0,,,,0,cancelled
2026-04-20 05:00,ord-000561,buy,74196.02,1776663859324,0.00014000,0.00006936073059360730593607305936,0.00007063926940639269406392694064,1776663868513,0.00006936073059360730593607305936,0.00000000000000000000000000000000,0.001,filled
2026-04-20 05:00,ord-000562,sell,74200.03,1776663859324,0,0,0,,,,0,cancelled
2026-04-20 05:00,ord-000563,buy,74193.80,1776663868525,0,0,0,,,,0,cancelled
2026-04-20 05:00,ord-000564,sell,74197.81,1776663868525,0,0,0,,,,0,cancelled
2026-04-20 05:00,ord-000565,buy,74177.88,1776663873624,0,0,0,,,,0,cancelled
2026-04-20 05:00,ord-000566,sell,74181.89,1776663873624,0,0,0,,,,0,cancelled
2026-04-20 05:00,ord-000567,buy,74175.00,1776663879924,0,0,0,,,,0,cancelled
2026-04-20 05:00,ord-000568,sell,74179.01,1776663879924,0,0,0,,,,0,cancelled
2026-04-20 05:00,ord-000569,buy,74162.00,1776663884924,0.00120000,0.00120000,0,,,,0,cancelled
2026-04-20 05:00,ord-000570,sell,74166.01,1776663884924,0,0,0,,,,0,cancelled
2026-04-20 05:00,ord-000571,buy,74128.00,1776663894010,0.00120000,0.00120000,0,,,,0,cancelled
2026-04-20 05:00,ord-000572,sell,74132.01,1776663894010,0.30000000,0,0.3000000000000000000000000000,,,,0,cancelled
2026-04-20 05:00,ord-000573,buy,74117.85,1776663899024,0,0,0,,,,0,cancelled
2026-04-20 05:00,ord-000574,sell,74121.86,1776663899024,0,0,0,,,,0,cancelled
2026-04-20 05:00,ord-000575,buy,74097.89,1776663904024,0,0,0,,,,0,cancelled
2026-04-20 05:00,ord-000576,sell,74101.90,1776663904024,0,0,0,,,,0,cancelled
2026-04-20 05:00,ord-000577,buy,74112.70,1776663909024,0,0,0,,,,0,cancelled
2026-04-20 05:00,ord-000578,sell,74116.71,1776663909024,0,0,0,,,,0,cancelled
2026-04-20 05:00,ord-000579,buy,74117.85,1776663914024,0,0,0,,,,0,cancelled
2026-04-20 05:00,ord-000580,sell,74121.86,1776663914024,0,0,0,,,,0,cancelled
2026-04-20 05:00,ord-000581,buy,74117.86,1776663928424,0,0,0,,,,0,cancelled
2026-04-20 05:00,ord-000582,sell,74121.87,1776663928424,0,0,0,,,,0,cancelled
2026-04-20 05:00,ord-000583,buy,74139.99,1776663933424,0,0,0,,,,0,cancelled
2026-04-20 05:00,ord-000584,sell,74144.00,1776663933424,0.00120000,0.00120000,0,,,,0,cancelled
2026-04-20 05:00,ord-000585,buy,74152.25,1776663938425,0,0,0,,,,0,cancelled
2026-04-20 05:00,ord-000586,sell,74156.26,1776663938425,0,0,0,,,,0,cancelled
2026-04-20 05:00,ord-000587,buy,74157.42,1776663944124,0,0,0,,,,0,cancelled
2026-04-20 05:00,ord-000588,sell,74161.43,1776663944124,0,0,0,,,,0,cancelled
2026-04-20 05:00,ord-000589,buy,74161.89,1776663949124,0,0,0,,,,0,cancelled
2026-04-20 05:00,ord-000590,sell,74165.90,1776663949124,0,0,0,,,,0,cancelled
2026-04-20 05:00,ord-000591,buy,74176.73,1776663961924,0,0,0,,,,0,cancelled
2026-04-20 05:00,ord-000592,sell,74180.74,1776663961924,0,0,0,,,,0,cancelled
2026-04-20 05:00,ord-000593,buy,74175.03,1776664003924,0,0,0,,,,0,cancelled
2026-04-20 05:00,ord-000594,sell,74179.04,1776664003924,0,0,0,,,,0,cancelled
2026-04-20 05:00,ord-000595,buy,74169.31,1776664008924,0,0,0,,,,0,cancelled
2026-04-20 05:00,ord-000596,sell,74173.32,1776664008924,0,0,0,,,,0,cancelled
2026-04-20 05:00,ord-000597,buy,74158.82,1776664013926,0,0,0,,,,0,cancelled
2026-04-20 05:00,ord-000598,sell,74162.83,1776664013926,0,0,0,,,,0,cancelled
2026-04-20 05:00,ord-000599,buy,74156.00,1776664019024,0.00120000,0,0,,,,0,cancelled
2026-04-20 05:00,ord-000600,sell,74160.01,1776664019024,0,0,0,,,,0,cancelled
2026-04-20 05:00,ord-000601,buy,74169.31,1776664024024,0.00016000,0,0.00016000,,,,0,cancelled
2026-04-20 05:00,ord-000602,sell,74173.32,1776664024024,0,0,0,,,,0,cancelled
2026-04-20 05:00,ord-000603,buy,74175.99,1776664029024,0,0,0,,,,0,cancelled
2026-04-20 05:00,ord-000604,sell,74180.00,1776664029024,0.00120000,0.00120000,0,1776664073830,0.00120000,0.00000000,0.001,filled
2026-04-20 05:00,ord-000605,buy,74180.67,1776664073924,0,0,0,,,,0,cancelled
2026-04-20 05:00,ord-000606,sell,74184.68,1776664073924,0,0,0,,,,0,cancelled
2026-04-20 05:00,ord-000607,buy,74190.30,1776664078924,0,0,0,,,,0,cancelled
2026-04-20 05:00,ord-000608,sell,74194.31,1776664078924,0,0,0,,,,0,cancelled
2026-04-20 05:00,ord-000609,buy,74197.83,1776664083924,0,0,0,,,,0,cancelled
2026-04-20 05:00,ord-000610,sell,74201.84,1776664083924,0,0,0,,,,0,cancelled
2026-04-20 05:00,ord-000611,buy,74204.62,1776664109024,0,0,0,,,,0,cancelled
2026-04-20 05:00,ord-000612,sell,74208.63,1776664109024,0,0,0,,,,0,cancelled
2026-04-20 05:00,ord-000613,buy,74210.43,1776664118124,0,0,0,,,,0,cancelled
2026-04-20 05:00,ord-000614,sell,74214.44,1776664118124,0,0,0,,,,0,cancelled
2026-04-20 05:00,ord-000615,buy,74216.62,1776664142924,0,0,0,,,,0,cancelled
2026-04-20 05:00,ord-000616,sell,74220.63,1776664142924,0,0,0,,,,0,cancelled
2026-04-20 05:00,ord-000617,buy,74197.83,1776664147924,0,0,0,,,,0,cancelled
2026-04-20 05:00,ord-000618,sell,74201.84,1776664147924,0,0,0,,,,0,cancelled
2026-04-20 05:00,ord-000619,buy,74185.40,1776664152924,0,0,0,,,,0,cancelled
2026-04-20 05:00,ord-000620,sell,74189.41,1776664152924,0,0,0,,,,0,cancelled
2026-04-20 05:00,ord-000621,buy,74193.87,1776664157924,0,0,0,,,,0,cancelled
2026-04-20 05:00,ord-000622,sell,74197.88,1776664157924,0,0,0,,,,0,cancelled
2026-04-20 05:00,ord-000623,buy,74199.82,1776664162924,0,0,0,,,,0,cancelled
2026-04-20 05:00,ord-000624,sell,74203.83,1776664162924,0,0,0,,,,0,cancelled
2026-04-20 05:00,ord-000625,buy,74207.17,1776664167924,0,0,0,,,,0,cancelled
2026-04-20 05:00,ord-000626,sell,74211.18,1776664167924,0,0,0,,,,0,cancelled
2026-04-20 05:00,ord-000627,buy,74206.38,1776664182024,0,0,0,,,,0,cancelled
2026-04-20 05:00,ord-000628,sell,74210.39,1776664182024,0,0,0,,,,0,cancelled
2026-04-20 05:00,ord-000629,buy,74215.99,1776664240424,0,0,0,,,,0,cancelled
2026-04-20 05:00,ord-000630,sell,74220.00,1776664240424,0.00120000,0,0,,,,0,cancelled
2026-04-20 05:00,ord-000631,buy,74217.56,1776664245424,0,0,0,,,,0,cancelled
2026-04-20 05:00,ord-000632,sell,74221.57,1776664245424,0,0,0,,,,0,cancelled
2026-04-20 05:00,ord-000633,buy,74228.74,1776664250424,0,0,0,,,,0,cancelled
2026-04-20 05:00,ord-000634,sell,74232.75,1776664250424,0,0,0,,,,0,cancelled
2026-04-20 05:00,ord-000635,buy,74238.78,1776664255424,0,0,0,,,,0,cancelled
2026-04-20 05:00,ord-000636,sell,74242.79,1776664255424,0,0,0,,,,0,cancelled
2026-04-20 05:00,ord-000637,buy,74235.78,1776664273324,0,0,0,,,,0,cancelled
2026-04-20 05:00,ord-000638,sell,74239.79,1776664273324,0,0,0,,,,0,cancelled
2026-04-20 05:00,ord-000639,buy,74220.25,1776664278324,0,0,0,1776664278715,0,0,0.00024000,cancelled
2026-04-20 05:00,ord-000640,sell,74224.26,1776664278324,0,0,0,,,,0,cancelled
2026-04-20 05:00,ord-000641,buy,74218.24,1776664283324,0,0,0,,,,0,cancelled
2026-04-20 05:00,ord-000642,sell,74222.25,1776664283324,0.29421000,0,0.2942100000000000000000000000,,,,0,cancelled
2026-04-20 05:00,ord-000643,buy,74224.29,1776664292024,0,0,0,,,,0,cancelled
2026-04-20 05:00,ord-000644,sell,74228.30,1776664292024,0,0,0,,,,0,cancelled
2026-04-20 05:00,ord-000645,buy,74223.55,1776664297024,0,0,0,,,,0,cancelled
2026-04-20 05:00,ord-000646,sell,74227.56,1776664297024,0,0,0,,,,0,cancelled
2026-04-20 05:00,ord-000647,buy,74223.59,1776664302024,0,0,0,,,,0,cancelled
2026-04-20 05:00,ord-000648,sell,74227.60,1776664302024,0,0,0,,,,0,cancelled
2026-04-20 05:00,ord-000649,buy,74218.24,1776664352824,0,0,0,,,,0,cancelled
2026-04-20 05:00,ord-000650,sell,74222.25,1776664352824,0,0,0,,,,0,cancelled
2026-04-20 05:00,ord-000651,buy,74225.67,1776664394324,0,0,0,,,,0,cancelled
2026-04-20 05:00,ord-000652,sell,74229.68,1776664394324,0,0,0,,,,0,cancelled
2026-04-20 05:00,ord-000653,buy,74233.22,1776664399324,0,0,0,,,,0,cancelled
2026-04-20 05:00,ord-000654,sell,74237.23,1776664399324,0,0,0,,,,0,cancelled
2026-04-20 05:00,ord-000655,buy,74245.01,1776664441832,0,0,0,,,,0,cancelled
2026-04-20 05:00,ord-000656,sell,74249.02,1776664441832,0,0,0,,,,0,cancelled
2026-04-20 05:00,ord-000657,buy,74247.99,1776664446924,0,0,0,,,,0,cancelled
2026-04-20 05:00,ord-000658,sell,74252.00,1776664446924,0.00127000,0.00127000,0,,,,0,cancelled
2026-04-20 05:00,ord-000659,buy,74268.97,1776664451924,0,0,0,,,,0,cancelled
2026-04-20 05:00,ord-000660,sell,74272.98,1776664451924,0,0,0,,,,0,cancelled
2026-04-20 05:00,ord-000661,buy,74275.83,1776664456924,0,0,0,,,,0,cancelled
2026-04-20 05:00,ord-000662,sell,74279.84,1776664456924,0,0,0,,,,0,cancelled
2026-04-20 05:00,ord-000663,buy,74287.11,1776664465326,0,0,0,,,,0,cancelled
2026-04-20 05:00,ord-000664,sell,74291.12,1776664465326,0,0,0,,,,0,cancelled
2026-04-20 05:00,ord-000665,buy,74295.20,1776664497424,0,0,0,,,,0,cancelled
2026-04-20 05:00,ord-000666,sell,74299.21,1776664497424,0,0,0,,,,0,cancelled
2026-04-20 05:00,ord-000667,buy,74292.18,1776664506124,0,0,0,,,,0,cancelled
2026-04-20 05:00,ord-000668,sell,74296.19,1776664506124,0,0,0,,,,0,cancelled
2026-04-20 05:00,ord-000669,buy,74295.20,1776664528524,0,0,0,,,,0,cancelled
2026-04-20 05:00,ord-000670,sell,74299.21,1776664528524,0,0,0,,,,0,cancelled
2026-04-20 05:00,ord-000671,buy,74293.12,1776664567624,0,0,0,,,,0,cancelled
2026-04-20 05:00,ord-000672,sell,74297.13,1776664567624,0,0,0,,,,0,cancelled
2026-04-20 05:00,ord-000673,buy,74293.11,1776664572624,0,0,0,,,,0,cancelled
2026-04-20 05:00,ord-000674,sell,74297.12,1776664572624,0,0,0,,,,0,cancelled
2026-04-20 05:00,ord-000675,buy,74290.61,1776664577624,0,0,0,,,,0,cancelled
2026-04-20 05:00,ord-000676,sell,74294.62,1776664577624,0,0,0,,,,0,cancelled
2026-04-20 05:00,ord-000677,buy,74289.47,1776664582624,0,0,0,,,,0,cancelled
2026-04-20 05:00,ord-000678,sell,74293.48,1776664582624,0,0,0,,,,0,cancelled
2026-04-20 05:00,ord-000679,buy,74284.91,1776664599125,0,0,0,,,,0,cancelled
2026-04-20 05:00,ord-000680,sell,74288.92,1776664599125,0,0,0,,,,0,cancelled
2026-04-20 05:00,ord-000681,buy,74279.57,1776664627524,0,0,0,,,,0,cancelled
2026-04-20 05:00,ord-000682,sell,74283.58,1776664627524,0,0,0,,,,0,cancelled
2026-04-20 05:00,ord-000683,buy,74264.12,1776664632524,0.00008000,0.00008000,0,,,,0,cancelled
2026-04-20 05:00,ord-000684,sell,74268.13,1776664632524,0,0,0,,,,0,cancelled
2026-04-20 05:00,ord-000685,buy,74257.91,1776664637524,0,0,0,,,,0,cancelled
2026-04-20 05:00,ord-000686,sell,74261.92,1776664637524,0,0,0,,,,0,cancelled
2026-04-20 05:00,ord-000687,buy,74261.99,1776664734224,0,0,0,,,,0,cancelled
2026-04-20 05:00,ord-000688,sell,74266.00,1776664734224,0.00040000,0.000320000,0.000080000,1776664749138,0.000320000,0.000000000,0.000080000,cancelled
2026-04-20 05:00,ord-000689,buy,74265.19,1776664749224,0,0,0,,,,0,cancelled
2026-04-20 05:00,ord-000690,sell,74269.20,1776664749224,0,0,0,,,,0,cancelled
2026-04-20 05:00,ord-000691,buy,74272.19,1776664767224,0,0,0,,,,0,cancelled
2026-04-20 05:00,ord-000692,sell,74276.20,1776664767224,0,0,0,,,,0,cancelled
2026-04-20 05:00,ord-000693,buy,74266.50,1776664778224,0,0,0,,,,0,cancelled
2026-04-20 05:00,ord-000694,sell,74270.51,1776664778224,0,0,0,,,,0,cancelled
2026-04-20 05:00,ord-000695,buy,74262.15,1776664796224,0,0,0,,,,0,expired
2026-04-20 05:00,ord-000696,sell,74266.16,1776664796224,0,0,0,,,,0,expired
2026-04-20 06:00,ord-000001,buy,74262.15,1776664800224,0,0,0,,,,0,cancelled
2026-04-20 06:00,ord-000002,sell,74266.16,1776664800224,0,0,0,,,,0,cancelled
2026-04-20 06:00,ord-000003,buy,74284.91,1776664805224,0,0,0,,,,0,cancelled
2026-04-20 06:00,ord-000004,sell,74288.92,1776664805224,0,0,0,,,,0,cancelled
2026-04-20 06:00,ord-000005,buy,74285.99,1776664815724,0,0,0,,,,0,cancelled
2026-04-20 06:00,ord-000006,sell,74290.00,1776664815724,0.00127000,0.00002920058826174573541574228434,0.001240799411738254264584257716,1776664816798,0.00002920058826174573541574228434,0.00000000000000000000000000000000,0.001000000000000000000000000000,filled
2026-04-20 06:00,ord-000007,buy,74287.99,1776664817024,0.29416000,0.00006996972318339100346020761535,0.2940900302768166089965397924,1776664836445,0.00006996972318339100346020761535,0.00000000000000000000000000000000,0.0002800302768166089965397923846,cancelled
2026-04-20 06:00,ord-000008,sell,74292.00,1776664817024,0.00120000,0,0,,,,0,cancelled
2026-04-20 06:00,ord-000009,buy,74268.73,1776664836528,0,0,0,,,,0,cancelled
2026-04-20 06:00,ord-000010,sell,74272.74,1776664836528,0,0,0,,,,0,cancelled
2026-04-20 06:00,ord-000011,buy,74261.91,1776664851724,0,0,0,,,,0,cancelled
2026-04-20 06:00,ord-000012,sell,74265.92,1776664851724,0,0,0,,,,0,cancelled
2026-04-20 06:00,ord-000013,buy,74268.71,1776664864024,0,0,0,,,,0,cancelled
2026-04-20 06:00,ord-000014,sell,74272.72,1776664864024,0,0,0,,,,0,cancelled
2026-04-20 06:00,ord-000015,buy,74269.11,1776664869024,0,0,0,,,,0,cancelled
2026-04-20 06:00,ord-000016,sell,74273.12,1776664869024,0,0,0,,,,0,cancelled
2026-04-20 06:00,ord-000017,buy,74272.19,1776664874024,0,0,0,,,,0,cancelled
2026-04-20 06:00,ord-000018,sell,74276.20,1776664874024,0,0,0,,,,0,cancelled
2026-04-20 06:00,ord-000019,buy,74268.72,1776664885924,0,0,0,,,,0,cancelled
2026-04-20 06:00,ord-000020,sell,74272.73,1776664885924,0,0,0,,,,0,cancelled
2026-04-20 06:00,ord-000021,buy,74265.28,1776664890924,0,0,0,,,,0,cancelled
2026-04-20 06:00,ord-000022,sell,74269.29,1776664890924,0,0,0,,,,0,cancelled
2026-04-20 06:00,ord-000023,buy,74281.54,1776664895924,0,0,0,,,,0,cancelled
2026-04-20 06:00,ord-000024,sell,74285.55,1776664895924,0,0,0,,,,0,cancelled
2026-04-20 06:00,ord-000025,buy,74290.71,1776664900924,0,0,0,,,,0,cancelled
2026-04-20 06:00,ord-000026,sell,74294.72,1776664900924,0,0,0,,,,0,cancelled
2026-04-20 06:00,ord-000027,buy,74291.81,1776664905924,0,0,0,,,,0,cancelled
2026-04-20 06:00,ord-000028,sell,74295.82,1776664905924,0,0,0,,,,0,cancelled
2026-04-20 06:00,ord-000029,buy,74295.20,1776664910924,0,0,0,,,,0,cancelled
2026-04-20 06:00,ord-000030,sell,74299.21,1776664910924,0,0,0,,,,0,cancelled
2026-04-20 06:00,ord-000031,buy,74293.69,1776664920424,0,0,0,,,,0,cancelled
2026-04-20 06:00,ord-000032,sell,74297.70,1776664920424,0.00300000,0,0,,,,0,cancelled
2026-04-20 06:00,ord-000033,buy,74275.81,1776664925424,0,0,0,,,,0,cancelled
2026-04-20 06:00,ord-000034,sell,74279.82,1776664925424,0,0,0,,,,0,cancelled
2026-04-20 06:00,ord-000035,buy,74288.68,1776664930424,0,0,0,,,,0,cancelled
2026-04-20 06:00,ord-000036,sell,74292.69,1776664930424,0,0,0,,,,0,cancelled
2026-04-20 06:00,ord-000037,buy,74295.19,1776664935424,0,0,0,,,,0,cancelled
2026-04-20 06:00,ord-000038,sell,74299.20,1776664935424,0,0,0,,,,0,cancelled
2026-04-20 06:00,ord-000039,buy,74295.20,1776664942324,0,0,0,,,,0,cancelled
2026-04-20 06:00,ord-000040,sell,74299.21,1776664942324,0,0,0,,,,0,cancelled
2026-04-20 06:00,ord-000041,buy,74299.23,1776664950524,0,0,0,,,,0,cancelled
2026-04-20 06:00,ord-000042,sell,74303.24,1776664950524,0,0,0,,,,0,cancelled
2026-04-20 06:00,ord-000043,buy,74311.99,1776664955524,0,0,0,,,,0,cancelled
2026-04-20 06:00,ord-000044,sell,74316.00,1776664955524,0.00120000,0.00120000,0,,,,0,cancelled
2026-04-20 06:00,ord-000045,buy,74314.60,1776664960524,0,0,0,,,,0,cancelled
2026-04-20 06:00,ord-000046,sell,74318.61,1776664960524,0,0,0,,,,0,cancelled
2026-04-20 06:00,ord-000047,buy,74300.98,1776664965524,0,0,0,,,,0,cancelled
2026-04-20 06:00,ord-000048,sell,74304.99,1776664965524,0,0,0,,,,0,cancelled
2026-04-20 06:00,ord-000049,buy,74305.65,1776664978224,0,0,0,,,,0,cancelled
2026-04-20 06:00,ord-000050,sell,74309.66,1776664978224,0,0,0,,,,0,cancelled
2026-04-20 06:00,ord-000051,buy,74306.17,1776664987624,0,0,0,,,,0,cancelled
2026-04-20 06:00,ord-000052,sell,74310.18,1776664987624,0,0,0,,,,0,cancelled
2026-04-20 06:00,ord-000053,buy,74309.36,1776664992624,0,0,0,,,,0,cancelled
2026-04-20 06:00,ord-000054,sell,74313.37,1776664992624,0,0,0,,,,0,cancelled
2026-04-20 06:00,ord-000055,buy,74320.42,1776664997624,0,0,0,,,,0,cancelled
2026-04-20 06:00,ord-000056,sell,74324.43,1776664997624,0,0,0,,,,0,cancelled
2026-04-20 06:00,ord-000057,buy,74323.54,1776665002624,0,0,0,,,,0,cancelled
2026-04-20 06:00,ord-000058,sell,74327.55,1776665002624,0,0,0,,,,0,cancelled
2026-04-20 06:00,ord-000059,buy,74324.76,1776665013224,0,0,0,,,,0,cancelled
2026-04-20 06:00,ord-000060,sell,74328.77,1776665013224,0,0,0,,,,0,cancelled
2026-04-20 06:00,ord-000061,buy,74331.43,1776665018224,0,0,0,,,,0,cancelled
2026-04-20 06:00,ord-000062,sell,74335.44,1776665018224,0,0,0,,,,0,cancelled
2026-04-20 06:00,ord-000063,buy,74346.67,1776665023224,0,0,0,,,,0,cancelled
2026-04-20 06:00,ord-000064,sell,74350.68,1776665023224,0,0,0,,,,0,cancelled
2026-04-20 06:00,ord-000065,buy,74382.28,1776665028224,0,0,0,,,,0,cancelled
2026-04-20 06:00,ord-000066,sell,74386.29,1776665028224,0,0,0,,,,0,cancelled
2026-04-20 06:00,ord-000067,buy,74413.68,1776665033224,0,0,0,,,,0,cancelled
2026-04-20 06:00,ord-000068,sell,74417.69,1776665033224,0,0,0,,,,0,cancelled
2026-04-20 06:00,ord-000069,buy,74418.58,1776665041424,0,0,0,,,,0,cancelled
2026-04-20 06:00,ord-000070,sell,74422.59,1776665041424,0,0,0,,,,0,cancelled
2026-04-20 06:00,ord-000071,buy,74430.15,1776665046424,0,0,0,,,,0,cancelled
2026-04-20 06:00,ord-000072,sell,74434.16,1776665046424,0,0,0,,,,0,cancelled
2026-04-20 06:00,ord-000073,buy,74390.10,1776665069572,0,0,0,,,,0,cancelled
2026-04-20 06:00,ord-000074,sell,74394.11,1776665069572,0,0,0,,,,0,cancelled
2026-04-20 06:00,ord-000075,buy,74386.00,1776665079524,0.00120000,0.00120000,0,,,,0,cancelled
2026-04-20 06:00,ord-000076,sell,74390.01,1776665079524,0,0,0,,,,0,cancelled
2026-04-20 06:00,ord-000077,buy,74381.22,1776665084524,0,0,0,,,,0,cancelled
2026-04-20 06:00,ord-000078,sell,74385.23,1776665084524,0,0,0,,,,0,cancelled
2026-04-20 06:00,ord-000079,buy,74380.43,1776665089524,0,0,0,,,,0,cancelled
2026-04-20 06:00,ord-000080,sell,74384.44,1776665089524,0,0,0,,,,0,cancelled
2026-04-20 06:00,ord-000081,buy,74375.40,1776665101824,0,0,0,,,,0,cancelled
2026-04-20 06:00,ord-000082,sell,74379.41,1776665101824,0,0,0,,,,0,cancelled
2026-04-20 06:00,ord-000083,buy,74381.22,1776665106824,0,0,0,,,,0,cancelled
2026-04-20 06:00,ord-000084,sell,74385.23,1776665106824,0,0,0,,,,0,cancelled
2026-04-20 06:00,ord-000085,buy,74387.75,1776665114024,0,0,0,,,,0,cancelled
2026-04-20 06:00,ord-000086,sell,74391.76,1776665114024,0,0,0,,,,0,cancelled
2026-04-20 06:00,ord-000087,buy,74387.74,1776665123424,0,0,0,,,,0,cancelled
2026-04-20 06:00,ord-000088,sell,74391.75,1776665123424,0,0,0,,,,0,cancelled
2026-04-20 06:00,ord-000089,buy,74377.17,1776665128424,0,0,0,,,,0,cancelled
2026-04-20 06:00,ord-000090,sell,74381.18,1776665128424,0,0,0,,,,0,cancelled
2026-04-20 06:00,ord-000091,buy,74390.09,1776665133424,0,0,0,,,,0,cancelled
2026-04-20 06:00,ord-000092,sell,74394.10,1776665133424,0,0,0,,,,0,cancelled
2026-04-20 06:00,ord-000093,buy,74399.94,1776665138424,0,0,0,,,,0,cancelled
2026-04-20 06:00,ord-000094,sell,74403.95,1776665138424,0,0,0,,,,0,cancelled
2026-04-20 06:00,ord-000095,buy,74398.31,1776665150224,0,0,0,,,,0,cancelled
2026-04-20 06:00,ord-000096,sell,74402.32,1776665150224,0,0,0,,,,0,cancelled
2026-04-20 06:00,ord-000097,buy,74396.02,1776665155224,0,0,0,,,,0,cancelled
2026-04-20 06:00,ord-000098,sell,74400.03,1776665155224,0,0,0,,,,0,cancelled
2026-04-20 06:00,ord-000099,buy,74391.92,1776665160224,0,0,0,,,,0,cancelled
2026-04-20 06:00,ord-000100,sell,74395.93,1776665160224,0,0,0,,,,0,cancelled
2026-04-20 06:00,ord-000101,buy,74390.25,1776665168224,0,0,0,,,,0,cancelled
2026-04-20 06:00,ord-000102,sell,74394.26,1776665168224,0,0,0,,,,0,cancelled
2026-04-20 06:00,ord-000103,buy,74374.00,1776665173224,0.00466000,0,0,,,,0,cancelled
2026-04-20 06:00,ord-000104,sell,74378.01,1776665173224,0,0,0,,,,0,cancelled
2026-04-20 06:00,ord-000105,buy,74373.39,1776665179324,0,0,0,,,,0,cancelled
2026-04-20 06:00,ord-000106,sell,74377.40,1776665179324,0.00007000,0,0,,,,0,cancelled
2026-04-20 06:00,ord-000107,buy,74372.30,1776665191824,0,0,0,,,,0,cancelled
2026-04-20 06:00,ord-000108,sell,74376.31,1776665191824,0,0,0,,,,0,cancelled
2026-04-20 06:00,ord-000109,buy,74362.66,1776665196824,0,0,0,,,,0,cancelled
2026-04-20 06:00,ord-000110,sell,74366.67,1776665196824,0,0,0,,,,0,cancelled
2026-04-20 06:00,ord-000111,buy,74363.89,1776665201824,0,0,0,,,,0,cancelled
2026-04-20 06:00,ord-000112,sell,74367.90,1776665201824,0,0,0,,,,0,cancelled
2026-04-20 06:00,ord-000113,buy,74362.73,1776665215324,0,0,0,,,,0,cancelled
2026-04-20 06:00,ord-000114,sell,74366.74,1776665215324,0,0,0,,,,0,cancelled
2026-04-20 06:00,ord-000115,buy,74354.03,1776665220324,0,0,0,,,,0,cancelled
2026-04-20 06:00,ord-000116,sell,74358.04,1776665220324,0,0,0,,,,0,cancelled
2026-04-20 06:00,ord-000117,buy,74369.06,1776665225324,0,0,0,,,,0,cancelled
2026-04-20 06:00,ord-000118,sell,74373.07,1776665225324,0,0,0,,,,0,cancelled
2026-04-20 06:00,ord-000119,buy,74368.91,1776665270024,0,0,0,,,,0,cancelled
2026-04-20 06:00,ord-000120,sell,74372.92,1776665270024,0,0,0,,,,0,cancelled
2026-04-20 06:00,ord-000121,buy,74364.64,1776665275025,0,0,0,,,,0,cancelled
2026-04-20 06:00,ord-000122,sell,74368.65,1776665275025,0,0,0,,,,0,cancelled
2026-04-20 06:00,ord-000123,buy,74362.00,1776665287825,0.00080000,0.00080000,0,,,,0,cancelled
2026-04-20 06:00,ord-000124,sell,74366.01,1776665287825,0,0,0,,,,0,cancelled
2026-04-20 06:00,ord-000125,buy,74357.58,1776665292924,0,0,0,,,,0,cancelled
2026-04-20 06:00,ord-000126,sell,74361.59,1776665292924,0,0,0,,,,0,cancelled
2026-04-20 06:00,ord-000127,buy,74359.79,1776665311124,0,0,0,,,,0,cancelled
2026-04-20 06:00,ord-000128,sell,74363.80,1776665311124,0,0,0,,,,0,cancelled
2026-04-20 06:00,ord-000129,buy,74359.55,1776665331824,0,0,0,,,,0,cancelled
2026-04-20 06:00,ord-000130,sell,74363.56,1776665331824,0,0,0,,,,0,cancelled
2026-04-20 06:00,ord-000131,buy,74358.08,1776665341524,0,0,0,,,,0,cancelled
2026-04-20 06:00,ord-000132,sell,74362.09,1776665341524,0,0,0,,,,0,cancelled
2026-04-20 06:00,ord-000133,buy,74348.67,1776665346524,0,0,0,,,,0,cancelled
2026-04-20 06:00,ord-000134,sell,74352.68,1776665346524,0,0,0,,,,0,cancelled
2026-04-20 06:00,ord-000135,buy,74357.15,1776665354524,0,0,0,,,,0,cancelled
2026-04-20 06:00,ord-000136,sell,74361.16,1776665354524,0,0,0,,,,0,cancelled
2026-04-20 06:00,ord-000137,buy,74358.08,1776665359524,0,0,0,,,,0,cancelled
2026-04-20 06:00,ord-000138,sell,74362.09,1776665359524,0,0,0,,,,0,cancelled
2026-04-20 06:00,ord-000139,buy,74359.79,1776665370624,0,0,0,,,,0,cancelled
2026-04-20 06:00,ord-000140,sell,74363.80,1776665370624,0,0,0,,,,0,cancelled
2026-04-20 06:00,ord-000141,buy,74364.63,1776665394224,0,0,0,,,,0,cancelled
2026-04-20 06:00,ord-000142,sell,74368.64,1776665394224,0,0,0,,,,0,cancelled
2026-04-20 06:00,ord-000143,buy,74359.81,1776665401624,0,0,0,,,,0,cancelled
2026-04-20 06:00,ord-000144,sell,74363.82,1776665401624,0,0,0,,,,0,cancelled
2026-04-20 06:00,ord-000145,buy,74355.43,1776665406624,0,0,0,,,,0,cancelled
2026-04-20 06:00,ord-000146,sell,74359.44,1776665406624,0,0,0,,,,0,cancelled
2026-04-20 06:00,ord-000147,buy,74354.10,1776665418824,0,0,0,,,,0,cancelled
2026-04-20 06:00,ord-000148,sell,74358.11,1776665418824,0,0,0,,,,0,cancelled
2026-04-20 06:00,ord-000149,buy,74353.06,1776665423824,0,0,0,,,,0,cancelled
2026-04-20 06:00,ord-000150,sell,74357.07,1776665423824,0,0,0,,,,0,cancelled
2026-04-20 06:00,ord-000151,buy,74348.31,1776665428824,0,0,0,,,,0,cancelled
2026-04-20 06:00,ord-000152,sell,74352.32,1776665428824,0,0,0,,,,0,cancelled
2026-04-20 06:00,ord-000153,buy,74342.13,1776665462324,0,0,0,,,,0,cancelled
2026-04-20 06:00,ord-000154,sell,74346.14,1776665462324,0,0,0,,,,0,cancelled
2026-04-20 06:00,ord-000155,buy,74322.62,1776665467325,0,0,0,,,,0,cancelled
2026-04-20 06:00,ord-000156,sell,74326.63,1776665467325,0,0,0,,,,0,cancelled
2026-04-20 06:00,ord-000157,buy,74321.99,1776665472524,0,0,0,,,,0,cancelled
2026-04-20 06:00,ord-000158,sell,74326.00,1776665472524,0,0,0,,,,0,cancelled
2026-04-20 06:00,ord-000159,buy,74312.00,1776665477524,0.00120000,0.00120000,0,,,,0,cancelled
2026-04-20 06:00,ord-000160,sell,74316.01,1776665477524,0,0,0,,,,0,cancelled
2026-04-20 06:00,ord-000161,buy,74308.01,1776665493324,0,0,0,,,,0,cancelled
2026-04-20 06:00,ord-000162,sell,74312.02,1776665493324,0,0,0,,,,0,cancelled
2026-04-20 06:00,ord-000163,buy,74308.00,1776665507424,0.00127000,0.00127000,0,1776665509261,0.00127000,0.00000000,0.00007000,cancelled
2026-04-20 06:00,ord-000164,sell,74312.01,1776665507424,0,0,0,,,,0,cancelled
2026-04-20 06:00,ord-000165,buy,74288.37,1776665512424,0,0,0,,,,0,cancelled
2026-04-20 06:00,ord-000166,sell,74292.38,1776665512424,0,0,0,,,,0,cancelled
2026-04-20 06:00,ord-000167,buy,74280.23,1776665517424,0,0,0,,,,0,cancelled
2026-04-20 06:00,ord-000168,sell,74284.24,1776665517424,0,0,0,,,,0,cancelled
2026-04-20 06:00,ord-000169,buy,74288.36,1776665522424,0,0,0,,,,0,cancelled
2026-04-20 06:00,ord-000170,sell,74292.37,1776665522424,0,0,0,,,,0,cancelled
2026-04-20 06:00,ord-000171,buy,74295.79,1776665532924,0,0,0,,,,0,cancelled
2026-04-20 06:00,ord-000172,sell,74299.80,1776665532924,0,0,0,,,,0,cancelled
2026-04-20 06:00,ord-000173,buy,74300.86,1776665537924,0,0,0,,,,0,cancelled
2026-04-20 06:00,ord-000174,sell,74304.87,1776665537924,0,0,0,,,,0,cancelled
2026-04-20 06:00,ord-000175,buy,74315.61,1776665590529,0,0,0,,,,0,cancelled
2026-04-20 06:00,ord-000176,sell,74319.62,1776665590529,0,0,0,,,,0,cancelled
2026-04-20 06:00,ord-000177,buy,74314.41,1776665623224,0,0,0,,,,0,cancelled
2026-04-20 06:00,ord-000178,sell,74318.42,1776665623224,0,0,0,,,,0,cancelled
2026-04-20 06:00,ord-000179,buy,74308.18,1776665652727,0,0,0,,,,0,cancelled
2026-04-20 06:00,ord-000180,sell,74312.19,1776665652727,0,0,0,,,,0,cancelled
2026-04-20 06:00,ord-000181,buy,74300.24,1776665657824,0,0,0,,,,0,cancelled
2026-04-20 06:00,ord-000182,sell,74304.25,1776665657824,0.06471000,0,0.06471000000000000000000000000,,,,0,cancelled
2026-04-20 06:00,ord-000183,buy,74292.19,1776665662824,0,0,0,,,,0,cancelled
2026-04-20 06:00,ord-000184,sell,74296.20,1776665662824,0,0,0,,,,0,cancelled
2026-04-20 06:00,ord-000185,buy,74288.57,1776665667824,0,0,0,,,,0,cancelled
2026-04-20 06:00,ord-000186,sell,74292.58,1776665667824,0,0,0,,,,0,cancelled
2026-04-20 06:00,ord-000187,buy,74286.94,1776665672826,0,0,0,,,,0,cancelled
2026-04-20 06:00,ord-000188,sell,74290.95,1776665672826,0,0,0,,,,0,cancelled
2026-04-20 06:00,ord-000189,buy,74292.70,1776665693924,0,0,0,,,,0,cancelled
2026-04-20 06:00,ord-000190,sell,74296.71,1776665693924,0,0,0,,,,0,cancelled
2026-04-20 06:00,ord-000191,buy,74295.53,1776665698924,0,0,0,,,,0,cancelled
2026-04-20 06:00,ord-000192,sell,74299.54,1776665698924,0,0,0,,,,0,cancelled
2026-04-20 06:00,ord-000193,buy,74293.47,1776665713124,0,0,0,,,,0,cancelled
2026-04-20 06:00,ord-000194,sell,74297.48,1776665713124,0,0,0,,,,0,cancelled
2026-04-20 06:00,ord-000195,buy,74274.43,1776665718125,0,0,0,,,,0,cancelled
2026-04-20 06:00,ord-000196,sell,74278.44,1776665718125,0,0,0,,,,0,cancelled
2026-04-20 06:00,ord-000197,buy,74266.16,1776665723125,0,0,0,,,,0,cancelled
2026-04-20 06:00,ord-000198,sell,74270.17,1776665723125,0,0,0,,,,0,cancelled
2026-04-20 06:00,ord-000199,buy,74260.07,1776665728224,0,0,0,,,,0,cancelled
2026-04-20 06:00,ord-000200,sell,74264.08,1776665728224,0,0,0,,,,0,cancelled
2026-04-20 06:00,ord-000201,buy,74257.28,1776665733724,0,0,0,,,,0,cancelled
2026-04-20 06:00,ord-000202,sell,74261.29,1776665733724,0,0,0,,,,0,cancelled
2026-04-20 06:00,ord-000203,buy,74248.00,1776665738724,0.00120000,0,0,,,,0,cancelled
2026-04-20 06:00,ord-000204,sell,74252.01,1776665738724,0,0,0,,,,0,cancelled
2026-04-20 06:00,ord-000205,buy,74265.06,1776665743724,0,0,0,,,,0,cancelled
2026-04-20 06:00,ord-000206,sell,74269.07,1776665743724,0,0,0,,,,0,cancelled
2026-04-20 06:00,ord-000207,buy,74267.50,1776665748725,0,0,0,,,,0,cancelled
2026-04-20 06:00,ord-000208,sell,74271.51,1776665748725,0,0,0,,,,0,cancelled
2026-04-20 06:00,ord-000209,buy,74276.30,1776665753824,0,0,0,,,,0,cancelled
2026-04-20 06:00,ord-000210,sell,74280.31,1776665753824,0,0,0,,,,0,cancelled
2026-04-20 06:00,ord-000211,buy,74276.29,1776665766424,0,0,0,,,,0,cancelled
2026-04-20 06:00,ord-000212,sell,74280.30,1776665766424,0,0,0,,,,0,cancelled
2026-04-20 06:00,ord-000213,buy,74269.86,1776665771424,0,0,0,,,,0,cancelled
2026-04-20 06:00,ord-000214,sell,74273.87,1776665771424,0,0,0,,,,0,cancelled
2026-04-20 06:00,ord-000215,buy,74267.03,1776665790324,0,0,0,,,,0,cancelled
2026-04-20 06:00,ord-000216,sell,74271.04,1776665790324,0,0,0,,,,0,cancelled
2026-04-20 06:00,ord-000217,buy,74269.86,1776665795324,0,0,0,,,,0,cancelled
2026-04-20 06:00,ord-000218,sell,74273.87,1776665795324,0,0,0,,,,0,cancelled
2026-04-20 06:00,ord-000219,buy,74275.04,1776665800624,0,0,0,,,,0,cancelled
2026-04-20 06:00,ord-000220,sell,74279.05,1776665800624,0,0,0,,,,0,cancelled
2026-04-20 06:00,ord-000221,buy,74293.80,1776665805624,0.00007000,0.00007000,0,,,,0,cancelled
2026-04-20 06:00,ord-000222,sell,74297.81,1776665805624,0,0,0,,,,0,cancelled
2026-04-20 06:00,ord-000223,buy,74289.47,1776665826624,0.00007000,0,0,,,,0,cancelled
2026-04-20 06:00,ord-000224,sell,74293.48,1776665826624,0,0,0,,,,0,cancelled
2026-04-20 06:00,ord-000225,buy,74293.75,1776665836924,0,0,0,,,,0,cancelled
2026-04-20 06:00,ord-000226,sell,74297.76,1776665836924,0,0,0,,,,0,cancelled
2026-04-20 06:00,ord-000227,buy,74300.24,1776665841924,0,0,0,,,,0,cancelled
2026-04-20 06:00,ord-000228,sell,74304.25,1776665841924,0,0,0,,,,0,cancelled
2026-04-20 06:00,ord-000229,buy,74301.99,1776665847124,0,0,0,,,,0,cancelled
2026-04-20 06:00,ord-000230,sell,74306.00,1776665847124,0.00120000,0.00120000,0,,,,0,cancelled
2026-04-20 06:00,ord-000231,buy,74321.10,1776665855742,0,0,0,,,,0,cancelled
2026-04-20 06:00,ord-000232,sell,74325.11,1776665855742,0,0,0,,,,0,cancelled
2026-04-20 06:00,ord-000233,buy,74324.76,1776665869924,0,0,0,,,,0,cancelled
2026-04-20 06:00,ord-000234,sell,74328.77,1776665869924,0,0,0,,,,0,cancelled
2026-04-20 06:00,ord-000235,buy,74325.88,1776665874924,0,0,0,,,,0,cancelled
2026-04-20 06:00,ord-000236,sell,74329.89,1776665874924,0,0,0,,,,0,cancelled
2026-04-20 06:00,ord-000237,buy,74327.38,1776665879924,0,0,0,,,,0,cancelled
2026-04-20 06:00,ord-000238,sell,74331.39,1776665879924,0,0,0,,,,0,cancelled
2026-04-20 06:00,ord-000239,buy,74333.77,1776665884924,0,0,0,,,,0,cancelled
2026-04-20 06:00,ord-000240,sell,74337.78,1776665884924,0,0,0,,,,0,cancelled
2026-04-20 06:00,ord-000241,buy,74337.34,1776665889924,0,0,0,,,,0,cancelled
2026-04-20 06:00,ord-000242,sell,74341.35,1776665889924,0.21142000,0,0.2114200000000000000000000000,,,,0,cancelled
2026-04-20 06:00,ord-000243,buy,74333.28,1776665894924,0.00014000,0,0.000140000,,,,0,cancelled
2026-04-20 06:00,ord-000244,sell,74337.29,1776665894924,0,0,0,,,,0,cancelled
2026-04-20 06:00,ord-000245,buy,74337.97,1776665910324,0,0,0,,,,0,cancelled
2026-04-20 06:00,ord-000246,sell,74341.98,1776665910324,0,0,0,,,,0,cancelled
2026-04-20 06:00,ord-000247,buy,74342.66,1776665920024,0,0,0,,,,0,cancelled
2026-04-20 06:00,ord-000248,sell,74346.67,1776665920024,0,0,0,,,,0,cancelled
2026-04-20 06:00,ord-000249,buy,74365.11,1776665925024,0,0,0,,,,0,cancelled
2026-04-20 06:00,ord-000250,sell,74369.12,1776665925024,0,0,0,,,,0,cancelled
2026-04-20 06:00,ord-000251,buy,74367.41,1776665931224,0,0,0,,,,0,cancelled
2026-04-20 06:00,ord-000252,sell,74371.42,1776665931224,0,0,0,,,,0,cancelled
2026-04-20 06:00,ord-000253,buy,74368.87,1776665936224,0,0,0,,,,0,cancelled
2026-04-20 06:00,ord-000254,sell,74372.88,1776665936224,0,0,0,,,,0,cancelled
2026-04-20 06:00,ord-000255,buy,74362.59,1776665948324,0,0,0,,,,0,cancelled
2026-04-20 06:00,ord-000256,sell,74366.60,1776665948324,0,0,0,,,,0,cancelled
2026-04-20 06:00,ord-000257,buy,74356.53,1776665953324,0,0,0,,,,0,cancelled
2026-04-20 06:00,ord-000258,sell,74360.54,1776665953324,0,0,0,,,,0,cancelled
2026-04-20 06:00,ord-000259,buy,74351.44,1776665961524,0,0,0,,,,0,cancelled
2026-04-20 06:00,ord-000260,sell,74355.45,1776665961524,0,0,0,,,,0,cancelled
2026-04-20 06:00,ord-000261,buy,74370.25,1776665968332,0,0,0,,,,0,cancelled
2026-04-20 06:00,ord-000262,sell,74374.26,1776665968332,0,0,0,,,,0,cancelled
2026-04-20 06:00,ord-000263,buy,74371.59,1776665979324,0,0,0,,,,0,cancelled
2026-04-20 06:00,ord-000264,sell,74375.60,1776665979324,0,0,0,,,,0,cancelled
2026-04-20 06:00,ord-000265,buy,74388.23,1776665984325,0,0,0,,,,0,cancelled
2026-04-20 06:00,ord-000266,sell,74392.24,1776665984325,0,0,0,,,,0,cancelled
2026-04-20 06:00,ord-000267,buy,74391.11,1776665989424,0,0,0,,,,0,cancelled
2026-04-20 06:00,ord-000268,sell,74395.12,1776665989424,0,0,0,,,,0,cancelled
2026-04-20 06:00,ord-000269,buy,74398.90,1776665994424,0,0,0,,,,0,cancelled
2026-04-20 06:00,ord-000270,sell,74402.91,1776665994424,0,0,0,,,,0,cancelled
2026-04-20 06:00,ord-000271,buy,74398.91,1776666007624,0,0,0,,,,0,cancelled
2026-04-20 06:00,ord-000272,sell,74402.92,1776666007624,0,0,0,,,,0,cancelled
2026-04-20 06:00,ord-000273,buy,74399.31,1776666012624,0,0,0,,,,0,cancelled
2026-04-20 06:00,ord-000274,sell,74403.32,1776666012624,0,0,0,,,,0,cancelled
2026-04-20 06:00,ord-000275,buy,74398.16,1776666059424,0,0,0,,,,0,cancelled
2026-04-20 06:00,ord-000276,sell,74402.17,1776666059424,0,0,0,,,,0,cancelled
2026-04-20 06:00,ord-000277,buy,74394.40,1776666064424,0,0,0,,,,0,cancelled
2026-04-20 06:00,ord-000278,sell,74398.41,1776666064424,0,0,0,,,,0,cancelled
2026-04-20 06:00,ord-000279,buy,74371.96,1776666069424,0,0,0,,,,0,cancelled
2026-04-20 06:00,ord-000280,sell,74375.97,1776666069424,0,0,0,,,,0,cancelled
2026-04-20 06:00,ord-000281,buy,74357.82,1776666074424,0,0,0,,,,0,cancelled
2026-04-20 06:00,ord-000282,sell,74361.83,1776666074424,0,0,0,,,,0,cancelled
2026-04-20 06:00,ord-000283,buy,74352.28,1776666103724,0,0,0,,,,0,cancelled
2026-04-20 06:00,ord-000284,sell,74356.29,1776666103724,0,0,0,,,,0,cancelled
2026-04-20 06:00,ord-000285,buy,74350.88,1776666109424,0,0,0,,,,0,cancelled
2026-04-20 06:00,ord-000286,sell,74354.89,1776666109424,0,0,0,,,,0,cancelled
2026-04-20 06:00,ord-000287,buy,74347.09,1776666114425,0,0,0,,,,0,cancelled
2026-04-20 06:00,ord-000288,sell,74351.10,1776666114425,0,0,0,,,,0,cancelled
2026-04-20 06:00,ord-000289,buy,74348.79,1776666119524,0,0,0,,,,0,cancelled
2026-04-20 06:00,ord-000290,sell,74352.80,1776666119524,0,0,0,,,,0,cancelled
2026-04-20 06:00,ord-000291,buy,74348.78,1776666124524,0,0,0,,,,0,cancelled
2026-04-20 06:00,ord-000292,sell,74352.79,1776666124524,0,0,0,,,,0,cancelled
2026-04-20 06:00,ord-000293,buy,74348.00,1776666135424,0.00120000,0.00120000,0,,,,0,cancelled
2026-04-20 06:00,ord-000294,sell,74352.01,1776666135424,0,0,0,,,,0,cancelled
2026-04-20 06:00,ord-000295,buy,74333.28,1776666140424,0,0,0,,,,0,cancelled
2026-04-20 06:00,ord-000296,sell,74337.29,1776666140424,0,0,0,,,,0,cancelled
2026-04-20 06:00,ord-000297,buy,74339.99,1776666181124,0,0,0,,,,0,cancelled
2026-04-20 06:00,ord-000298,sell,74344.00,1776666181124,0.00080000,0,0,,,,0,cancelled
2026-04-20 06:00,ord-000299,buy,74333.28,1776666186124,0,0,0,,,,0,cancelled
2026-04-20 06:00,ord-000300,sell,74337.29,1776666186124,0,0,0,,,,0,cancelled
2026-04-20 06:00,ord-000301,buy,74345.48,1776666191124,0,0,0,,,,0,cancelled
2026-04-20 06:00,ord-000302,sell,74349.49,1776666191124,0,0,0,,,,0,cancelled
2026-04-20 06:00,ord-000303,buy,74351.68,1776666196124,0,0,0,,,,0,cancelled
2026-04-20 06:00,ord-000304,sell,74355.69,1776666196124,0,0,0,,,,0,cancelled
2026-04-20 06:00,ord-000305,buy,74353.99,1776666201124,0,0,0,,,,0,cancelled
2026-04-20 06:00,ord-000306,sell,74358.00,1776666201124,0.00120000,0,0.001199999601257652142952066229,,,,0,cancelled
2026-04-20 06:00,ord-000307,buy,74349.33,1776666214024,0,0,0,,,,0,cancelled
2026-04-20 06:00,ord-000308,sell,74353.34,1776666214024,0,0,0,,,,0,cancelled
2026-04-20 06:00,ord-000309,buy,74342.13,1776666219024,0,0,0,,,,0,cancelled
2026-04-20 06:00,ord-000310,sell,74346.14,1776666219024,0,0,0,,,,0,cancelled
2026-04-20 06:00,ord-000311,buy,74338.05,1776666224024,0,0,0,,,,0,cancelled
2026-04-20 06:00,ord-000312,sell,74342.06,1776666224024,0,0,0,,,,0,cancelled
2026-04-20 06:00,ord-000313,buy,74338.43,1776666249624,0,0,0,,,,0,cancelled
2026-04-20 06:00,ord-000314,sell,74342.44,1776666249624,0,0,0,,,,0,cancelled
2026-04-20 06:00,ord-000315,buy,74345.48,1776666254624,0,0,0,,,,0,cancelled
2026-04-20 06:00,ord-000316,sell,74349.49,1776666254624,0,0,0,,,,0,cancelled
2026-04-20 06:00,ord-000317,buy,74346.25,1776666259624,0,0,0,,,,0,cancelled
2026-04-20 06:00,ord-000318,sell,74350.26,1776666259624,0,0,0,,,,0,cancelled
2026-04-20 06:00,ord-000319,buy,74347.23,1776666271724,0,0,0,,,,0,cancelled
2026-04-20 06:00,ord-000320,sell,74351.24,1776666271724,0,0,0,,,,0,cancelled
2026-04-20 06:00,ord-000321,buy,74348.79,1776666286524,0,0,0,,,,0,cancelled
2026-04-20 06:00,ord-000322,sell,74352.80,1776666286524,0,0,0,,,,0,cancelled
2026-04-20 06:00,ord-000323,buy,74351.20,1776666291524,0,0,0,,,,0,cancelled
2026-04-20 06:00,ord-000324,sell,74355.21,1776666291524,0,0,0,,,,0,cancelled
2026-04-20 06:00,ord-000325,buy,74347.24,1776666303725,0,0,0,,,,0,cancelled
2026-04-20 06:00,ord-000326,sell,74351.25,1776666303725,0,0,0,,,,0,cancelled
2026-04-20 06:00,ord-000327,buy,74316.00,1776666308824,0.00120000,0,0,,,,0,cancelled
2026-04-20 06:00,ord-000328,sell,74320.01,1776666308824,0,0,0,,,,0,cancelled
2026-04-20 06:00,ord-000329,buy,74329.34,1776666313824,0,0,0,,,,0,cancelled
2026-04-20 06:00,ord-000330,sell,74333.35,1776666313824,0,0,0,,,,0,cancelled
2026-04-20 06:00,ord-000331,buy,74333.99,1776666318824,0.00007000,0,0.00007000,,,,0,cancelled
2026-04-20 06:00,ord-000332,sell,74338.00,1776666318824,0.00127000,0.00127000,0,1776666334711,0.00127000,0.00000000,0.00007000,cancelled
2026-04-20 06:00,ord-000333,buy,74339.32,1776666334726,0,0,0,,,,0,cancelled
2026-04-20 06:00,ord-000334,sell,74343.33,1776666334726,0,0,0,,,,0,cancelled
2026-04-20 06:00,ord-000335,buy,74347.06,1776666339824,0,0,0,,,,0,cancelled
2026-04-20 06:00,ord-000336,sell,74351.07,1776666339824,0,0,0,,,,0,cancelled
2026-04-20 06:00,ord-000337,buy,74348.54,1776666344824,0,0,0,,,,0,cancelled
2026-04-20 06:00,ord-000338,sell,74352.55,1776666344824,0,0,0,,,,0,cancelled
2026-04-20 06:00,ord-000339,buy,74359.70,1776666349824,0,0,0,,,,0,cancelled
2026-04-20 06:00,ord-000340,sell,74363.71,1776666349824,0,0,0,,,,0,cancelled
2026-04-20 06:00,ord-000341,buy,74356.34,1776666369724,0,0,0,,,,0,cancelled
2026-04-20 06:00,ord-000342,sell,74360.35,1776666369724,0,0,0,,,,0,cancelled
2026-04-20 06:00,ord-000343,buy,74352.36,1776666382924,0,0,0,,,,0,cancelled
2026-04-20 06:00,ord-000344,sell,74356.37,1776666382924,0,0,0,,,,0,cancelled
2026-04-20 06:00,ord-000345,buy,74356.34,1776666387924,0,0,0,,,,0,cancelled
2026-04-20 06:00,ord-000346,sell,74360.35,1776666387924,0,0,0,,,,0,cancelled
2026-04-20 06:00,ord-000347,buy,74359.70,1776666428124,0,0,0,,,,0,cancelled
2026-04-20 06:00,ord-000348,sell,74363.71,1776666428124,0,0,0,,,,0,cancelled
2026-04-20 06:00,ord-000349,buy,74361.39,1776666460624,0,0,0,,,,0,cancelled
2026-04-20 06:00,ord-000350,sell,74365.40,1776666460624,0,0,0,,,,0,cancelled
2026-04-20 06:00,ord-000351,buy,74380.39,1776666465624,0,0,0,,,,0,cancelled
2026-04-20 06:00,ord-000352,sell,74384.40,1776666465624,0,0,0,,,,0,cancelled
2026-04-20 06:00,ord-000353,buy,74379.20,1776666473024,0,0,0,,,,0,cancelled
2026-04-20 06:00,ord-000354,sell,74383.21,1776666473024,0,0,0,,,,0,cancelled
2026-04-20 06:00,ord-000355,buy,74376.54,1776666478025,0,0,0,,,,0,cancelled
2026-04-20 06:00,ord-000356,sell,74380.55,1776666478025,0,0,0,,,,0,cancelled
2026-04-20 06:00,ord-000357,buy,74380.39,1776666483124,0,0,0,,,,0,cancelled
2026-04-20 06:00,ord-000358,sell,74384.40,1776666483124,0,0,0,,,,0,cancelled
2026-04-20 06:00,ord-000359,buy,74375.15,1776666564524,0,0,0,,,,0,cancelled
2026-04-20 06:00,ord-000360,sell,74379.16,1776666564524,0.34407000,0,0.0001399430580169082827343773,,,,0,cancelled
2026-04-20 06:00,ord-000361,buy,74373.01,1776666569524,0,0,0,,,,0,cancelled
2026-04-20 06:00,ord-000362,sell,74377.02,1776666569524,0,0,0,,,,0,cancelled
2026-04-20 06:00,ord-000363,buy,74342.13,1776666594908,0,0,0,,,,0,cancelled
2026-04-20 06:00,ord-000364,sell,74346.14,1776666594908,0,0,0,,,,0,cancelled
2026-04-20 06:00,ord-000365,buy,74342.78,1776666600224,0,0,0,,,,0,cancelled
2026-04-20 06:00,ord-000366,sell,74346.79,1776666600224,0,0,0,,,,0,cancelled
2026-04-20 06:00,ord-000367,buy,74372.54,1776666605224,0,0,0,,,,0,cancelled
2026-04-20 06:00,ord-000368,sell,74376.55,1776666605224,0,0,0,,,,0,cancelled
2026-04-20 06:00,ord-000369,buy,74405.04,1776666610224,0,0,0,,,,0,cancelled
2026-04-20 06:00,ord-000370,sell,74409.05,1776666610224,0,0,0,,,,0,cancelled
2026-04-20 06:00,ord-000371,buy,74421.23,1776666620549,0,0,0,,,,0,cancelled
2026-04-20 06:00,ord-000372,sell,74425.24,1776666620549,0,0,0,,,,0,cancelled
2026-04-20 06:00,ord-000373,buy,74428.10,1776666625624,0,0,0,,,,0,cancelled
2026-04-20 06:00,ord-000374,sell,74432.11,1776666625624,0,0,0,,,,0,cancelled
2026-04-20 06:00,ord-000375,buy,74424.40,1776666653624,0,0,0,,,,0,cancelled
2026-04-20 06:00,ord-000376,sell,74428.41,1776666653624,0,0,0,,,,0,cancelled
2026-04-20 06:00,ord-000377,buy,74414.16,1776666658625,0,0,0,,,,0,cancelled
2026-04-20 06:00,ord-000378,sell,74418.17,1776666658625,0,0,0,,,,0,cancelled
2026-04-20 06:00,ord-000379,buy,74427.87,1776666663724,0.00300000,0,0,,,,0,cancelled
2026-04-20 06:00,ord-000380,sell,74431.88,1776666663724,0,0,0,,,,0,cancelled
2026-04-20 06:00,ord-000381,buy,74439.59,1776666669424,0,0,0,,,,0,cancelled
2026-04-20 06:00,ord-000382,sell,74443.60,1776666669424,0.00008000,0,0,,,,0,cancelled
2026-04-20 06:00,ord-000383,buy,74432.14,1776666674424,0,0,0,,,,0,cancelled
2026-04-20 06:00,ord-000384,sell,74436.15,1776666674424,0.00726000,0,0.007260000000000000000000000000,,,,0,cancelled
2026-04-20 06:00,ord-000385,buy,74436.18,1776666680724,0,0,0,,,,0,cancelled
2026-04-20 06:00,ord-000386,sell,74440.19,1776666680724,0,0,0,,,,0,cancelled
2026-04-20 06:00,ord-000387,buy,74453.66,1776666685724,0,0,0,,,,0,cancelled
2026-04-20 06:00,ord-000388,sell,74457.67,1776666685724,0,0,0,,,,0,cancelled
2026-04-20 06:00,ord-000389,buy,74437.03,1776666690724,0,0,0,,,,0,cancelled
2026-04-20 06:00,ord-000390,sell,74441.04,1776666690724,0,0,0,,,,0,cancelled
2026-04-20 06:00,ord-000391,buy,74444.48,1776666695724,0,0,0,,,,0,cancelled
2026-04-20 06:00,ord-000392,sell,74448.49,1776666695724,0,0,0,,,,0,cancelled
2026-04-20 06:00,ord-000393,buy,74440.07,1776666704824,0,0,0,,,,0,cancelled
2026-04-20 06:00,ord-000394,sell,74444.08,1776666704824,0,0,0,,,,0,cancelled
2026-04-20 06:00,ord-000395,buy,74437.34,1776666709824,0,0,0,,,,0,cancelled
2026-04-20 06:00,ord-000396,sell,74441.35,1776666709824,0,0,0,,,,0,cancelled
2026-04-20 06:00,ord-000397,buy,74446.66,1776666722629,0,0,0,1776666726628,0,0,0.00088000,cancelled
2026-04-20 06:00,ord-000398,sell,74450.67,1776666722629,0,0,0,,,,0,cancelled
2026-04-20 06:00,ord-000399,buy,74444.22,1776666727724,0,0,0,,,,0,cancelled
2026-04-20 06:00,ord-000400,sell,74448.23,1776666727724,0,0,0,,,,0,cancelled
2026-04-20 06:00,ord-000401,buy,74446.78,1776666737324,0,0,0,,,,0,cancelled
2026-04-20 06:00,ord-000402,sell,74450.79,1776666737324,0,0,0,,,,0,cancelled
2026-04-20 06:00,ord-000403,buy,74453.66,1776666755124,0,0,0,,,,0,cancelled
2026-04-20 06:00,ord-000404,sell,74457.67,1776666755124,0,0,0,,,,0,cancelled
2026-04-20 06:00,ord-000405,buy,74443.49,1776666760124,0,0,0,,,,0,cancelled
2026-04-20 06:00,ord-000406,sell,74447.50,1776666760124,0,0,0,,,,0,cancelled
2026-04-20 06:00,ord-000407,buy,74432.57,1776666765124,0,0,0,,,,0,cancelled
2026-04-20 06:00,ord-000408,sell,74436.58,1776666765124,0,0,0,,,,0,cancelled
2026-04-20 06:00,ord-000409,buy,74446.78,1776666770124,0,0,0,,,,0,cancelled
2026-04-20 06:00,ord-000410,sell,74450.79,1776666770124,0,0,0,,,,0,cancelled
2026-04-20 06:00,ord-000411,buy,74453.66,1776666775124,0,0,0,,,,0,cancelled
2026-04-20 06:00,ord-000412,sell,74457.67,1776666775124,0.00007000,0,0,,,,0,cancelled
2026-04-20 06:00,ord-000413,buy,74455.51,1776666794524,0,0,0,,,,0,cancelled
2026-04-20 06:00,ord-000414,sell,74459.52,1776666794524,0,0,0,,,,0,cancelled
2026-04-20 06:00,ord-000415,buy,74482.32,1776666799524,0.00014000,0,0.000140000,,,,0,cancelled
2026-04-20 06:00,ord-000416,sell,74486.33,1776666799524,0,0,0,,,,0,cancelled
2026-04-20 06:00,ord-000417,buy,74513.28,1776666804524,0,0,0,,,,0,cancelled
2026-04-20 06:00,ord-000418,sell,74517.29,1776666804524,0,0,0,,,,0,cancelled
2026-04-20 06:00,ord-000419,buy,74502.24,1776666809524,0,0,0,,,,0,cancelled
2026-04-20 06:00,ord-000420,sell,74506.25,1776666809524,0,0,0,,,,0,cancelled
2026-04-20 06:00,ord-000421,buy,74494.73,1776666814524,0,0,0,,,,0,cancelled
2026-04-20 06:00,ord-000422,sell,74498.74,1776666814524,0,0,0,,,,0,cancelled
2026-04-20 06:00,ord-000423,buy,74494.47,1776666833424,0,0,0,,,,0,cancelled
2026-04-20 06:00,ord-000424,sell,74498.48,1776666833424,0,0,0,,,,0,cancelled
2026-04-20 06:00,ord-000425,buy,74486.00,1776666838424,0.00120000,0,0,,,,0,cancelled
2026-04-20 06:00,ord-000426,sell,74490.01,1776666838424,0.35303000,0.00007000000000000000000000000119,0.3529600000000000000000000000,1776666848446,0.00001000000000000000000000000119,0.00000000000000000000000000000000,0.00006999999999999999999999999881,cancelled
2026-04-20 06:00,ord-000427,buy,74500.93,1776666848524,0,0,0,,,,0,cancelled
2026-04-20 06:00,ord-000428,sell,74504.94,1776666848524,0,0,0,,,,0,cancelled
2026-04-20 06:00,ord-000429,buy,74507.59,1776666853824,0,0,0,,,,0,cancelled
2026-04-20 06:00,ord-000430,sell,74511.60,1776666853824,0,0,0,,,,0,cancelled
2026-04-20 06:00,ord-000431,buy,74509.35,1776666860224,0,0,0,,,,0,cancelled
2026-04-20 06:00,ord-000432,sell,74513.36,1776666860224,0,0,0,,,,0,cancelled
2026-04-20 06:00,ord-000433,buy,74511.00,1776666865224,0,0,0,,,,0,cancelled
2026-04-20 06:00,ord-000434,sell,74515.01,1776666865224,0,0,0,,,,0,cancelled
2026-04-20 06:00,ord-000435,buy,74503.18,1776666870224,0,0,0,,,,0,cancelled
2026-04-20 06:00,ord-000436,sell,74507.19,1776666870224,0,0,0,,,,0,cancelled
2026-04-20 06:00,ord-000437,buy,74511.00,1776666889124,0,0,0,,,,0,cancelled
2026-04-20 06:00,ord-000438,sell,74515.01,1776666889124,0,0,0,,,,0,cancelled
2026-04-20 06:00,ord-000439,buy,74518.75,1776666901724,0,0,0,,,,0,cancelled
2026-04-20 06:00,ord-000440,sell,74522.76,1776666901724,0,0,0,,,,0,cancelled
2026-04-20 06:00,ord-000441,buy,74516.94,1776666906724,0,0,0,,,,0,cancelled
2026-04-20 06:00,ord-000442,sell,74520.95,1776666906724,0,0,0,,,,0,cancelled
2026-04-20 06:00,ord-000443,buy,74514.00,1776666919624,0.00120000,0.00120000,0,,,,0,cancelled
2026-04-20 06:00,ord-000444,sell,74518.01,1776666919624,4.09727000,0,4.017090000000000000000000000,,,,0,cancelled
2026-04-20 06:00,ord-000445,buy,74505.77,1776666924624,0.00007000,0,0.00007000,,,,0,cancelled
2026-04-20 06:00,ord-000446,sell,74509.78,1776666924624,0,0,0,,,,0,cancelled
2026-04-20 06:00,ord-000447,buy,74520.98,1776666934924,0,0,0,,,,0,cancelled
2026-04-20 06:00,ord-000448,sell,74524.99,1776666934924,0,0,0,,,,0,cancelled
2026-04-20 06:00,ord-000449,buy,74528.22,1776666948524,0,0,0,,,,0,cancelled
2026-04-20 06:00,ord-000450,sell,74532.23,1776666948524,0,0,0,,,,0,cancelled
2026-04-20 06:00,ord-000451,buy,74546.19,1776666953524,0,0,0,,,,0,cancelled
2026-04-20 06:00,ord-000452,sell,74550.20,1776666953524,0,0,0,,,,0,cancelled
2026-04-20 06:00,ord-000453,buy,74547.99,1776666962524,0,0,0,,,,0,cancelled
2026-04-20 06:00,ord-000454,sell,74552.00,1776666962524,0.00120000,0,0,,,,0,cancelled
2026-04-20 06:00,ord-000455,buy,74547.78,1776666972524,0,0,0,,,,0,cancelled
2026-04-20 06:00,ord-000456,sell,74551.79,1776666972524,0,0,0,,,,0,cancelled
2026-04-20 06:00,ord-000457,buy,74544.33,1776666977524,0,0,0,,,,0,cancelled
2026-04-20 06:00,ord-000458,sell,74548.34,1776666977524,0,0,0,,,,0,cancelled
2026-04-20 06:00,ord-000459,buy,74543.04,1776666984624,0.00008000,0,0,,,,0,cancelled
2026-04-20 06:00,ord-000460,sell,74547.05,1776666984624,0,0,0,,,,0,cancelled
2026-04-20 06:00,ord-000461,buy,74541.25,1776666989624,0,0,0,,,,0,cancelled
2026-04-20 06:00,ord-000462,sell,74545.26,1776666989624,0,0,0,,,,0,cancelled
2026-04-20 06:00,ord-000463,buy,74541.24,1776666997024,0,0,0,,,,0,cancelled
2026-04-20 06:00,ord-000464,sell,74545.25,1776666997024,0,0,0,,,,0,cancelled
2026-04-20 06:00,ord-000465,buy,74541.20,1776667033024,0,0,0,,,,0,cancelled
2026-04-20 06:00,ord-000466,sell,74545.21,1776667033024,0,0,0,,,,0,cancelled
2026-04-20 06:00,ord-000467,buy,74536.27,1776667038024,0,0,0,,,,0,cancelled
2026-04-20 06:00,ord-000468,sell,74540.28,1776667038024,0,0,0,,,,0,cancelled
2026-04-20 06:00,ord-000469,buy,74531.20,1776667051924,0,0,0,,,,0,cancelled
2026-04-20 06:00,ord-000470,sell,74535.21,1776667051924,0,0,0,,,,0,cancelled
2026-04-20 06:00,ord-000471,buy,74524.81,1776667056924,0,0,0,,,,0,cancelled
2026-04-20 06:00,ord-000472,sell,74528.82,1776667056924,0,0,0,,,,0,cancelled
2026-04-20 06:00,ord-000473,buy,74520.17,1776667081934,0,0,0,,,,0,cancelled
2026-04-20 06:00,ord-000474,sell,74524.18,1776667081934,0.36364000,0,0.3636400000000000000000000000,,,,0,cancelled
2026-04-20 06:00,ord-000475,buy,74516.00,1776667087024,0.00120000,0.00120000,0,,,,0,cancelled
2026-04-20 06:00,ord-000476,sell,74520.01,1776667087024,0,0,0,,,,0,cancelled
2026-04-20 06:00,ord-000477,buy,74510.67,1776667096324,0,0,0,,,,0,cancelled
2026-04-20 06:00,ord-000478,sell,74514.68,1776667096324,0,0,0,,,,0,cancelled
2026-04-20 06:00,ord-000479,buy,74513.32,1776667107424,0,0,0,,,,0,cancelled
2026-04-20 06:00,ord-000480,sell,74517.33,1776667107424,0,0,0,,,,0,cancelled
2026-04-20 06:00,ord-000481,buy,74509.00,1776667113924,0,0,0,,,,0,cancelled
2026-04-20 06:00,ord-000482,sell,74513.01,1776667113924,0,0,0,,,,0,cancelled
2026-04-20 06:00,ord-000483,buy,74519.99,1776667118924,0,0,0,,,,0,cancelled
2026-04-20 06:00,ord-000484,sell,74524.00,1776667118924,0.00120000,0,0,,,,0,cancelled
2026-04-20 06:00,ord-000485,buy,74519.13,1776667126724,0,0,0,,,,0,cancelled
2026-04-20 06:00,ord-000486,sell,74523.14,1776667126724,0,0,0,,,,0,cancelled
2026-04-20 06:00,ord-000487,buy,74503.40,1776667131724,0,0,0,,,,0,cancelled
2026-04-20 06:00,ord-000488,sell,74507.41,1776667131724,0,0,0,,,,0,cancelled
2026-04-20 06:00,ord-000489,buy,74508.00,1776667139424,0,0,0,,,,0,cancelled
2026-04-20 06:00,ord-000490,sell,74512.01,1776667139424,0,0,0,,,,0,cancelled
2026-04-20 06:00,ord-000491,buy,74518.19,1776667144424,0,0,0,,,,0,cancelled
2026-04-20 06:00,ord-000492,sell,74522.20,1776667144424,0,0,0,,,,0,cancelled
2026-04-20 06:00,ord-000493,buy,74516.00,1776667157624,0.00040000,0.00040000,0,,,,0,cancelled
2026-04-20 06:00,ord-000494,sell,74520.01,1776667157624,0,0,0,,,,0,cancelled
2026-04-20 06:00,ord-000495,buy,74512.87,1776667162624,0,0,0,,,,0,cancelled
2026-04-20 06:00,ord-000496,sell,74516.88,1776667162624,0,0,0,,,,0,cancelled
2026-04-20 06:00,ord-000497,buy,74516.37,1776667167624,0,0,0,,,,0,cancelled
2026-04-20 06:00,ord-000498,sell,74520.38,1776667167624,0,0,0,,,,0,cancelled
2026-04-20 06:00,ord-000499,buy,74518.17,1776667172624,0,0,0,,,,0,cancelled
2026-04-20 06:00,ord-000500,sell,74522.18,1776667172624,0,0,0,,,,0,cancelled
2026-04-20 06:00,ord-000501,buy,74536.90,1776667177624,0,0,0,,,,0,cancelled
2026-04-20 06:00,ord-000502,sell,74540.91,1776667177624,0,0,0,,,,0,cancelled
2026-04-20 06:00,ord-000503,buy,74541.24,1776667183124,0,0,0,,,,0,cancelled
2026-04-20 06:00,ord-000504,sell,74545.25,1776667183124,0,0,0,,,,0,cancelled
2026-04-20 06:00,ord-000505,buy,74545.12,1776667192624,0,0,0,,,,0,cancelled
2026-04-20 06:00,ord-000506,sell,74549.13,1776667192624,0,0,0,,,,0,cancelled
2026-04-20 06:00,ord-000507,buy,74568.92,1776667197624,0,0,0,,,,0,cancelled
2026-04-20 06:00,ord-000508,sell,74572.93,1776667197624,0,0,0,,,,0,cancelled
2026-04-20 06:00,ord-000509,buy,74575.39,1776667202624,0,0,0,,,,0,cancelled
2026-04-20 06:00,ord-000510,sell,74579.40,1776667202624,0,0,0,,,,0,cancelled
2026-04-20 06:00,ord-000511,buy,74620.20,1776667207624,0,0,0,,,,0,cancelled
2026-04-20 06:00,ord-000512,sell,74624.21,1776667207624,0,0,0,,,,0,cancelled
2026-04-20 06:00,ord-000513,buy,74645.66,1776667212624,0,0,0,,,,0,cancelled
2026-04-20 06:00,ord-000514,sell,74649.67,1776667212624,0,0,0,,,,0,cancelled
2026-04-20 06:00,ord-000515,buy,74647.99,1776667217624,0,0,0,1776667218730,0,0,0.001,filled
2026-04-20 06:00,ord-000516,sell,74652.00,1776667217624,0.00120000,0,0,,,,0,cancelled
2026-04-20 06:00,ord-000517,buy,74645.99,1776667218824,0,0,0,,,,0,cancelled
2026-04-20 06:00,ord-000518,sell,74650.00,1776667218824,0.00250000,0.00250000,0,,,,0,cancelled
2026-04-20 06:00,ord-000519,buy,74678.40,1776667223824,0,0,0,,,,0,cancelled
2026-04-20 06:00,ord-000520,sell,74682.41,1776667223824,0,0,0,,,,0,cancelled
2026-04-20 06:00,ord-000521,buy,74691.58,1776667228824,0,0,0,,,,0,cancelled
2026-04-20 06:00,ord-000522,sell,74695.59,1776667228824,0,0,0,1776667228841,0,0,0.00023000,cancelled
2026-04-20 06:00,ord-000523,buy,74725.98,1776667233824,0,0,0,,,,0,cancelled
2026-04-20 06:00,ord-000524,sell,74729.99,1776667233824,0,0,0,,,,0,cancelled
2026-04-20 06:00,ord-000525,buy,74718.50,1776667238824,0,0,0,,,,0,cancelled
2026-04-20 06:00,ord-000526,sell,74722.51,1776667238824,0,0,0,,,,0,cancelled
2026-04-20 06:00,ord-000527,buy,74707.79,1776667243824,0,0,0,,,,0,cancelled
2026-04-20 06:00,ord-000528,sell,74711.80,1776667243824,0.00007000,0,0,,,,0,cancelled
2026-04-20 06:00,ord-000529,buy,74707.78,1776667248824,0,0,0,,,,0,cancelled
2026-04-20 06:00,ord-000530,sell,74711.79,1776667248824,0,0,0,,,,0,cancelled
2026-04-20 06:00,ord-000531,buy,74707.67,1776667255624,0,0,0,,,,0,cancelled
2026-04-20 06:00,ord-000532,sell,74711.68,1776667255624,0.00007000,0,0.00007000,,,,0,cancelled
2026-04-20 06:00,ord-000533,buy,74786.00,1776667260717,0,0,0,,,,0,cancelled
2026-04-20 06:00,ord-000534,sell,74790.01,1776667260717,0,0,0,,,,0,cancelled
2026-04-20 06:00,ord-000535,buy,74824.54,1776667265724,0,0,0,,,,0,cancelled
2026-04-20 06:00,ord-000536,sell,74828.55,1776667265724,0.14134000,0.00006999999999999999999999999562,0.1412700000000000000000000000,1776667268860,0.00006999999999999999999999999562,0.00000000000000000000000000000000,0.0003100000000000000000000000044,cancelled
2026-04-20 06:00,ord-000537,buy,74870.52,1776667270724,0,0,0,,,,0,cancelled
2026-04-20 06:00,ord-000538,sell,74874.53,1776667270724,0,0,0,,,,0,cancelled
2026-04-20 06:00,ord-000539,buy,74884.38,1776667275724,0,0,0,,,,0,cancelled
2026-04-20 06:00,ord-000540,sell,74888.39,1776667275724,0,0,0,,,,0,cancelled
2026-04-20 06:00,ord-000541,buy,74834.60,1776667280724,0,0,0,,,,0,cancelled
2026-04-20 06:00,ord-000542,sell,74838.61,1776667280724,0,0,0,,,,0,cancelled
2026-04-20 06:00,ord-000543,buy,74809.89,1776667285724,0,0,0,,,,0,cancelled
2026-04-20 06:00,ord-000544,sell,74813.90,1776667285724,0,0,0,,,,0,cancelled
2026-04-20 06:00,ord-000545,buy,74826.36,1776667290724,0,0,0,,,,0,cancelled
2026-04-20 06:00,ord-000546,sell,74830.37,1776667290724,0,0,0,,,,0,cancelled
2026-04-20 06:00,ord-000547,buy,74812.39,1776667295724,0,0,0,,,,0,cancelled
2026-04-20 06:00,ord-000548,sell,74816.40,1776667295724,0,0,0,,,,0,cancelled
2026-04-20 06:00,ord-000549,buy,74804.44,1776667300724,0,0,0,,,,0,cancelled
2026-04-20 06:00,ord-000550,sell,74808.45,1776667300724,0,0,0,,,,0,cancelled
2026-04-20 06:00,ord-000551,buy,74794.59,1776667305724,0,0,0,,,,0,cancelled
2026-04-20 06:00,ord-000552,sell,74798.60,1776667305724,0,0,0,,,,0,cancelled
2026-04-20 06:00,ord-000553,buy,74793.75,1776667310724,0,0,0,,,,0,cancelled
2026-04-20 06:00,ord-000554,sell,74797.76,1776667310724,0,0,0,,,,0,cancelled
2026-04-20 06:00,ord-000555,buy,74784.26,1776667315724,0,0,0,,,,0,cancelled
2026-04-20 06:00,ord-000556,sell,74788.27,1776667315724,0,0,0,,,,0,cancelled
2026-04-20 06:00,ord-000557,buy,74787.49,1776667320724,0,0,0,,,,0,cancelled
2026-04-20 06:00,ord-000558,sell,74791.50,1776667320724,0,0,0,,,,0,cancelled
2026-04-20 06:00,ord-000559,buy,74795.99,1776667326524,0,0,0,,,,0,cancelled
2026-04-20 06:00,ord-000560,sell,74800.00,1776667326524,0.12684000,0.12684000,0,1776667326959,0.12684000,0.00000000,0.00056000,cancelled
2026-04-20 06:00,ord-000561,buy,74827.99,1776667331524,0,0,0,,,,0,cancelled
2026-04-20 06:00,ord-000562,sell,74832.00,1776667331524,0.00120000,0.00120000,0,,,,0,cancelled
2026-04-20 06:00,ord-000563,buy,74839.46,1776667336524,0,0,0,,,,0,cancelled
2026-04-20 06:00,ord-000564,sell,74843.47,1776667336524,0,0,0,,,,0,cancelled
2026-04-20 06:00,ord-000565,buy,74831.80,1776667341524,0,0,0,,,,0,cancelled
2026-04-20 06:00,ord-000566,sell,74835.81,1776667341524,0,0,0,,,,0,cancelled
2026-04-20 06:00,ord-000567,buy,74794.59,1776667346524,0,0,0,,,,0,cancelled
2026-04-20 06:00,ord-000568,sell,74798.60,1776667346524,0,0,0,,,,0,cancelled
2026-04-20 06:00,ord-000569,buy,74789.06,1776667351524,0,0,0,,,,0,cancelled
2026-04-20 06:00,ord-000570,sell,74793.07,1776667351524,0,0,0,,,,0,cancelled
2026-04-20 06:00,ord-000571,buy,74793.29,1776667357424,0,0,0,,,,0,cancelled
2026-04-20 06:00,ord-000572,sell,74797.30,1776667357424,0,0,0,,,,0,cancelled
2026-04-20 06:00,ord-000573,buy,74789.06,1776667362424,0.06028000,0,0.06028000000000000000000000000,,,,0,cancelled
2026-04-20 06:00,ord-000574,sell,74793.07,1776667362424,0,0,0,,,,0,cancelled
2026-04-20 06:00,ord-000575,buy,74789.31,1776667367424,0,0,0,,,,0,cancelled
2026-04-20 06:00,ord-000576,sell,74793.32,1776667367424,0,0,0,,,,0,cancelled
2026-04-20 06:00,ord-000577,buy,74784.46,1776667372424,0,0,0,,,,0,cancelled
2026-04-20 06:00,ord-000578,sell,74788.47,1776667372424,0,0,0,,,,0,cancelled
2026-04-20 06:00,ord-000579,buy,74774.83,1776667377424,0,0,0,,,,0,cancelled
2026-04-20 06:00,ord-000580,sell,74778.84,1776667377424,0,0,0,,,,0,cancelled
2026-04-20 06:00,ord-000581,buy,74789.25,1776667382424,0,0,0,,,,0,cancelled
2026-04-20 06:00,ord-000582,sell,74793.26,1776667382424,0,0,0,,,,0,cancelled
2026-04-20 06:00,ord-000583,buy,74795.99,1776667387424,0,0,0,,,,0,cancelled
2026-04-20 06:00,ord-000584,sell,74800.00,1776667387424,0.00420000,0,0,,,,0,cancelled
2026-04-20 06:00,ord-000585,buy,74789.47,1776667392424,0,0,0,,,,0,cancelled
2026-04-20 06:00,ord-000586,sell,74793.48,1776667392424,0,0,0,,,,0,cancelled
2026-04-20 06:00,ord-000587,buy,74762.03,1776667397424,0,0,0,,,,0,cancelled
2026-04-20 06:00,ord-000588,sell,74766.04,1776667397424,0,0,0,,,,0,cancelled
2026-04-20 06:00,ord-000589,buy,74740.20,1776667402424,0,0,0,,,,0,cancelled
2026-04-20 06:00,ord-000590,sell,74744.21,1776667402424,0,0,0,,,,0,cancelled
2026-04-20 06:00,ord-000591,buy,74762.03,1776667414929,0,0,0,,,,0,cancelled
2026-04-20 06:00,ord-000592,sell,74766.04,1776667414929,0,0,0,,,,0,cancelled
2026-04-20 06:00,ord-000593,buy,74757.26,1776667420024,0,0,0,,,,0,cancelled
2026-04-20 06:00,ord-000594,sell,74761.27,1776667420024,0,0,0,,,,0,cancelled
2026-04-20 06:00,ord-000595,buy,74740.27,1776667425024,0,0,0,,,,0,cancelled
2026-04-20 06:00,ord-000596,sell,74744.28,1776667425024,0,0,0,,,,0,cancelled
2026-04-20 06:00,ord-000597,buy,74727.28,1776667430024,0,0,0,,,,0,cancelled
2026-04-20 06:00,ord-000598,sell,74731.29,1776667430024,0,0,0,,,,0,cancelled
2026-04-20 06:00,ord-000599,buy,74735.99,1776667435024,0,0,0,,,,0,cancelled
2026-04-20 06:00,ord-000600,sell,74740.00,1776667435024,0.00120000,0.00120000,0,,,,0,cancelled
2026-04-20 06:00,ord-000601,buy,74741.72,1776667444324,0,0,0,,,,0,cancelled
2026-04-20 06:00,ord-000602,sell,74745.73,1776667444324,0,0,0,,,,0,cancelled
2026-04-20 06:00,ord-000603,buy,74738.53,1776667449324,0.06034000,0,0.06034000000000000000000000000,,,,0,cancelled
2026-04-20 06:00,ord-000604,sell,74742.54,1776667449324,0,0,0,,,,0,cancelled
2026-04-20 06:00,ord-000605,buy,74737.92,1776667454324,0,0,0,,,,0,cancelled
2026-04-20 06:00,ord-000606,sell,74741.93,1776667454324,0,0,0,,,,0,cancelled
2026-04-20 06:00,ord-000607,buy,74738.53,1776667460924,0,0,0,,,,0,cancelled
2026-04-20 06:00,ord-000608,sell,74742.54,1776667460924,0,0,0,,,,0,cancelled
2026-04-20 06:00,ord-000609,buy,74749.69,1776667465924,0,0,0,,,,0,cancelled
2026-04-20 06:00,ord-000610,sell,74753.70,1776667465924,0,0,0,,,,0,cancelled
2026-04-20 06:00,ord-000611,buy,74757.25,1776667480724,0,0,0,,,,0,cancelled
2026-04-20 06:00,ord-000612,sell,74761.26,1776667480724,0,0,0,,,,0,cancelled
2026-04-20 06:00,ord-000613,buy,74779.29,1776667485724,0,0,0,,,,0,cancelled
2026-04-20 06:00,ord-000614,sell,74783.30,1776667485724,0,0,0,,,,0,cancelled
2026-04-20 06:00,ord-000615,buy,74775.92,1776667500224,0,0,0,,,,0,cancelled
2026-04-20 06:00,ord-000616,sell,74779.93,1776667500224,0,0,0,,,,0,cancelled
2026-04-20 06:00,ord-000617,buy,74768.68,1776667505224,0,0,0,,,,0,cancelled
2026-04-20 06:00,ord-000618,sell,74772.69,1776667505224,0,0,0,,,,0,cancelled
2026-04-20 06:00,ord-000619,buy,74779.29,1776667510224,0.04011000,0.04011000,0,,,,0,cancelled
2026-04-20 06:00,ord-000620,sell,74783.30,1776667510224,0,0,0,,,,0,cancelled
2026-04-20 06:00,ord-000621,buy,74773.73,1776667518524,0,0,0,,,,0,cancelled
2026-04-20 06:00,ord-000622,sell,74777.74,1776667518524,0,0,0,,,,0,cancelled
2026-04-20 06:00,ord-000623,buy,74779.28,1776667523525,0,0,0,,,,0,cancelled
2026-04-20 06:00,ord-000624,sell,74783.29,1776667523525,0,0,0,,,,0,cancelled
2026-04-20 06:00,ord-000625,buy,74760.96,1776667528624,0,0,0,,,,0,cancelled
2026-04-20 06:00,ord-000626,sell,74764.97,1776667528624,0,0,0,,,,0,cancelled
2026-04-20 06:00,ord-000627,buy,74758.37,1776667550324,0,0,0,,,,0,cancelled
2026-04-20 06:00,ord-000628,sell,74762.38,1776667550324,0.21154000,0,0.1713700000000000000000000000,,,,0,cancelled
2026-04-20 06:00,ord-000629,buy,74750.91,1776667557624,0,0,0,,,,0,cancelled
2026-04-20 06:00,ord-000630,sell,74754.92,1776667557624,0,0,0,,,,0,cancelled
2026-04-20 06:00,ord-000631,buy,74750.16,1776667569024,0,0,0,,,,0,cancelled
2026-04-20 06:00,ord-000632,sell,74754.17,1776667569024,0,0,0,,,,0,cancelled
2026-04-20 06:00,ord-000633,buy,74750.91,1776667574024,0,0,0,,,,0,cancelled
2026-04-20 06:00,ord-000634,sell,74754.92,1776667574024,0,0,0,,,,0,cancelled
2026-04-20 06:00,ord-000635,buy,74747.49,1776667582424,0,0,0,,,,0,cancelled
2026-04-20 06:00,ord-000636,sell,74751.50,1776667582424,0,0,0,,,,0,cancelled
2026-04-20 06:00,ord-000637,buy,74740.49,1776667587424,0,0,0,,,,0,cancelled
2026-04-20 06:00,ord-000638,sell,74744.50,1776667587424,0,0,0,,,,0,cancelled
2026-04-20 06:00,ord-000639,buy,74733.39,1776667592424,0,0,0,,,,0,cancelled
2026-04-20 06:00,ord-000640,sell,74737.40,1776667592424,0,0,0,,,,0,cancelled
2026-04-20 06:00,ord-000641,buy,74727.28,1776667597424,0,0,0,,,,0,cancelled
2026-04-20 06:00,ord-000642,sell,74731.29,1776667597424,0,0,0,,,,0,cancelled
2026-04-20 06:00,ord-000643,buy,74735.19,1776667606724,0,0,0,,,,0,cancelled
2026-04-20 06:00,ord-000644,sell,74739.20,1776667606724,0,0,0,,,,0,cancelled
2026-04-20 06:00,ord-000645,buy,74734.39,1776667622424,0,0,0,,,,0,cancelled
2026-04-20 06:00,ord-000646,sell,74738.40,1776667622424,0.00007000,0,0,,,,0,cancelled
2026-04-20 06:00,ord-000647,buy,74730.42,1776667627424,0,0,0,,,,0,cancelled
2026-04-20 06:00,ord-000648,sell,74734.43,1776667627424,0,0,0,,,,0,cancelled
2026-04-20 06:00,ord-000649,buy,74727.28,1776667632424,0,0,0,,,,0,cancelled
2026-04-20 06:00,ord-000650,sell,74731.29,1776667632424,0,0,0,,,,0,cancelled
2026-04-20 06:00,ord-000651,buy,74724.88,1776667637424,0,0,0,,,,0,cancelled
2026-04-20 06:00,ord-000652,sell,74728.89,1776667637424,0,0,0,,,,0,cancelled
2026-04-20 06:00,ord-000653,buy,74734.39,1776667642425,0,0,0,,,,0,cancelled
2026-04-20 06:00,ord-000654,sell,74738.40,1776667642425,0.00007000,0.00007000,0,,,,0,cancelled
2026-04-20 06:00,ord-000655,buy,74758.58,1776667647524,0,0,0,,,,0,cancelled
2026-04-20 06:00,ord-000656,sell,74762.59,1776667647524,0.00016000,0,0.00016000,,,,0,cancelled
2026-04-20 06:00,ord-000657,buy,74763.94,1776667658124,0,0,0,,,,0,cancelled
2026-04-20 06:00,ord-000658,sell,74767.95,1776667658124,0,0,0,,,,0,cancelled
2026-04-20 06:00,ord-000659,buy,74772.13,1776667663124,0,0,0,,,,0,cancelled
2026-04-20 06:00,ord-000660,sell,74776.14,1776667663124,0,0,0,,,,0,cancelled
2026-04-20 06:00,ord-000661,buy,74789.79,1776667668124,0,0,0,,,,0,cancelled
2026-04-20 06:00,ord-000662,sell,74793.80,1776667668124,0,0,0,,,,0,cancelled
2026-04-20 06:00,ord-000663,buy,74794.57,1776667673124,0,0,0,,,,0,cancelled
2026-04-20 06:00,ord-000664,sell,74798.58,1776667673124,0,0,0,,,,0,cancelled
2026-04-20 06:00,ord-000665,buy,74807.42,1776667689224,0,0,0,,,,0,cancelled
2026-04-20 06:00,ord-000666,sell,74811.43,1776667689224,0,0,0,,,,0,cancelled
2026-04-20 06:00,ord-000667,buy,74816.20,1776667694224,0,0,0,,,,0,cancelled
2026-04-20 06:00,ord-000668,sell,74820.21,1776667694224,0,0,0,,,,0,cancelled
2026-04-20 06:00,ord-000669,buy,74789.79,1776667699224,0,0,0,,,,0,cancelled
2026-04-20 06:00,ord-000670,sell,74793.80,1776667699224,0,0,0,,,,0,cancelled
2026-04-20 06:00,ord-000671,buy,74797.19,1776667708024,0,0,0,,,,0,cancelled
2026-04-20 06:00,ord-000672,sell,74801.20,1776667708024,0,0,0,,,,0,cancelled
2026-04-20 06:00,ord-000673,buy,74815.15,1776667713024,0,0,0,,,,0,cancelled
2026-04-20 06:00,ord-000674,sell,74819.16,1776667713024,0,0,0,,,,0,cancelled
2026-04-20 06:00,ord-000675,buy,74814.56,1776667727824,0,0,0,,,,0,cancelled
2026-04-20 06:00,ord-000676,sell,74818.57,1776667727824,0,0,0,,,,0,cancelled
2026-04-20 06:00,ord-000677,buy,74809.05,1776667732824,0,0,0,,,,0,cancelled
2026-04-20 06:00,ord-000678,sell,74813.06,1776667732824,0,0,0,,,,0,cancelled
2026-04-20 06:00,ord-000679,buy,74802.76,1776667737824,0,0,0,,,,0,cancelled
2026-04-20 06:00,ord-000680,sell,74806.77,1776667737824,0,0,0,,,,0,cancelled
2026-04-20 06:00,ord-000681,buy,74799.40,1776667742824,0,0,0,,,,0,cancelled
2026-04-20 06:00,ord-000682,sell,74803.41,1776667742824,0,0,0,,,,0,cancelled
2026-04-20 06:00,ord-000683,buy,74778.00,1776667747824,0.00120000,0.00120000,0,,,,0,cancelled
2026-04-20 06:00,ord-000684,sell,74782.01,1776667747824,0,0,0,,,,0,cancelled
2026-04-20 06:00,ord-000685,buy,74764.34,1776667752824,0,0,0,,,,0,cancelled
2026-04-20 06:00,ord-000686,sell,74768.35,1776667752824,0,0,0,,,,0,cancelled
2026-04-20 06:00,ord-000687,buy,74762.42,1776667761124,0,0,0,,,,0,cancelled
2026-04-20 06:00,ord-000688,sell,74766.43,1776667761124,0,0,0,,,,0,cancelled
2026-04-20 06:00,ord-000689,buy,74762.46,1776667766124,0,0,0,,,,0,cancelled
2026-04-20 06:00,ord-000690,sell,74766.47,1776667766124,0,0,0,,,,0,cancelled
2026-04-20 06:00,ord-000691,buy,74770.17,1776667771124,0,0,0,,,,0,cancelled
2026-04-20 06:00,ord-000692,sell,74774.18,1776667771124,0,0,0,,,,0,cancelled
2026-04-20 06:00,ord-000693,buy,74764.12,1776667781624,0,0,0,,,,0,cancelled
2026-04-20 06:00,ord-000694,sell,74768.13,1776667781624,0,0,0,,,,0,cancelled
2026-04-20 06:00,ord-000695,buy,74758.28,1776667786625,0,0,0,,,,0,cancelled
2026-04-20 06:00,ord-000696,sell,74762.29,1776667786625,0,0,0,,,,0,cancelled
2026-04-20 06:00,ord-000697,buy,74757.81,1776667801724,0,0,0,,,,0,cancelled
2026-04-20 06:00,ord-000698,sell,74761.82,1776667801724,0,0,0,,,,0,cancelled
2026-04-20 06:00,ord-000699,buy,74742.51,1776667806724,0,0,0,,,,0,cancelled
2026-04-20 06:00,ord-000700,sell,74746.52,1776667806724,0,0,0,,,,0,cancelled
2026-04-20 06:00,ord-000701,buy,74741.98,1776667811724,0,0,0,,,,0,cancelled
2026-04-20 06:00,ord-000702,sell,74745.99,1776667811724,0,0,0,,,,0,cancelled
2026-04-20 06:00,ord-000703,buy,74741.97,1776667822124,0,0,0,,,,0,cancelled
2026-04-20 06:00,ord-000704,sell,74745.98,1776667822124,0,0,0,,,,0,cancelled
2026-04-20 06:00,ord-000705,buy,74719.42,1776667827124,0,0,0,,,,0,cancelled
2026-04-20 06:00,ord-000706,sell,74723.43,1776667827124,0,0,0,,,,0,cancelled
2026-04-20 06:00,ord-000707,buy,74717.59,1776667836824,0,0,0,,,,0,cancelled
2026-04-20 06:00,ord-000708,sell,74721.60,1776667836824,0,0,0,,,,0,cancelled
2026-04-20 06:00,ord-000709,buy,74711.71,1776667841824,0,0,0,,,,0,cancelled
2026-04-20 06:00,ord-000710,sell,74715.72,1776667841824,0,0,0,,,,0,cancelled
2026-04-20 06:00,ord-000711,buy,74708.38,1776667850724,0,0,0,,,,0,cancelled
2026-04-20 06:00,ord-000712,sell,74712.39,1776667850724,0,0,0,,,,0,cancelled
2026-04-20 06:00,ord-000713,buy,74706.92,1776667857424,0,0,0,,,,0,cancelled
2026-04-20 06:00,ord-000714,sell,74710.93,1776667857424,0,0,0,,,,0,cancelled
2026-04-20 06:00,ord-000715,buy,74704.87,1776667862424,0,0,0,,,,0,cancelled
2026-04-20 06:00,ord-000716,sell,74708.88,1776667862424,0.00016000,0,0.00016000,,,,0,cancelled
2026-04-20 06:00,ord-000717,buy,74711.69,1776667867424,0,0,0,,,,0,cancelled
2026-04-20 06:00,ord-000718,sell,74715.70,1776667867424,0,0,0,,,,0,cancelled
2026-04-20 06:00,ord-000719,buy,74709.10,1776667879924,0,0,0,,,,0,cancelled
2026-04-20 06:00,ord-000720,sell,74713.11,1776667879924,0,0,0,,,,0,cancelled
2026-04-20 06:00,ord-000721,buy,74707.11,1776667897424,0,0,0,,,,0,cancelled
2026-04-20 06:00,ord-000722,sell,74711.12,1776667897424,0,0,0,,,,0,cancelled
2026-04-20 06:00,ord-000723,buy,74705.76,1776667904724,0,0,0,,,,0,cancelled
2026-04-20 06:00,ord-000724,sell,74709.77,1776667904724,0,0,0,,,,0,cancelled
2026-04-20 06:00,ord-000725,buy,74700.34,1776667909724,0.00008000,0,0,,,,0,cancelled
2026-04-20 06:00,ord-000726,sell,74704.35,1776667909724,0,0,0,,,,0,cancelled
2026-04-20 06:00,ord-000727,buy,74700.00,1776667918524,0.02417000,0.02417000,0,,,,0,cancelled
2026-04-20 06:00,ord-000728,sell,74704.01,1776667918524,0,0,0,,,,0,cancelled
2026-04-20 06:00,ord-000729,buy,74690.28,1776667923524,0,0,0,,,,0,cancelled
2026-04-20 06:00,ord-000730,sell,74694.29,1776667923524,0,0,0,,,,0,cancelled
2026-04-20 06:00,ord-000731,buy,74700.34,1776667928524,0,0,0,,,,0,cancelled
2026-04-20 06:00,ord-000732,sell,74704.35,1776667928524,0,0,0,,,,0,cancelled
2026-04-20 06:00,ord-000733,buy,74707.99,1776667933524,0.00007000,0.00007000,0,1776667936125,0.00007000,0.00000000,0.00007000,cancelled
2026-04-20 06:00,ord-000734,sell,74712.00,1776667933524,0.00120000,0,0,,,,0,cancelled
2026-04-20 06:00,ord-000735,buy,74702.48,1776667938524,0,0,0,,,,0,cancelled
2026-04-20 06:00,ord-000736,sell,74706.49,1776667938524,0,0,0,,,,0,cancelled
2026-04-20 06:00,ord-000737,buy,74707.99,1776667943524,0,0,0,,,,0,cancelled
2026-04-20 06:00,ord-000738,sell,74712.00,1776667943524,0.00120000,0,0,,,,0,cancelled
2026-04-20 06:00,ord-000739,buy,74702.62,1776667963824,0,0,0,,,,0,cancelled
2026-04-20 06:00,ord-000740,sell,74706.63,1776667963824,0,0,0,,,,0,cancelled
2026-04-20 06:00,ord-000741,buy,74690.32,1776667968824,0,0,0,,,,0,cancelled
2026-04-20 06:00,ord-000742,sell,74694.33,1776667968824,0,0,0,,,,0,cancelled
2026-04-20 06:00,ord-000743,buy,74697.77,1776667979824,0,0,0,,,,0,cancelled
2026-04-20 06:00,ord-000744,sell,74701.78,1776667979824,0,0,0,,,,0,cancelled
2026-04-20 06:00,ord-000745,buy,74704.85,1776667984824,0,0,0,,,,0,cancelled
2026-04-20 06:00,ord-000746,sell,74708.86,1776667984824,0,0,0,,,,0,cancelled
2026-04-20 06:00,ord-000747,buy,74712.58,1776667990524,0,0,0,,,,0,cancelled
2026-04-20 06:00,ord-000748,sell,74716.59,1776667990524,0,0,0,,,,0,cancelled
2026-04-20 06:00,ord-000749,buy,74709.42,1776667997424,0,0,0,,,,0,cancelled
2026-04-20 06:00,ord-000750,sell,74713.43,1776667997424,0,0,0,,,,0,cancelled
2026-04-20 06:00,ord-000751,buy,74711.99,1776668017324,0,0,0,,,,0,cancelled
2026-04-20 06:00,ord-000752,sell,74716.00,1776668017324,0.00120000,0.00120000,0,,,,0,cancelled
2026-04-20 06:00,ord-000753,buy,74725.06,1776668022324,0,0,0,,,,0,cancelled
2026-04-20 06:00,ord-000754,sell,74729.07,1776668022324,0,0,0,,,,0,cancelled
2026-04-20 06:00,ord-000755,buy,74714.39,1776668027324,0,0,0,,,,0,cancelled
2026-04-20 06:00,ord-000756,sell,74718.40,1776668027324,0,0,0,,,,0,cancelled
2026-04-20 06:00,ord-000757,buy,74716.02,1776668032324,0,0,0,,,,0,cancelled
2026-04-20 06:00,ord-000758,sell,74720.03,1776668032324,0,0,0,,,,0,cancelled
2026-04-20 06:00,ord-000759,buy,74716.03,1776668045124,0,0,0,,,,0,cancelled
2026-04-20 06:00,ord-000760,sell,74720.04,1776668045124,0,0,0,,,,0,cancelled
2026-04-20 06:00,ord-000761,buy,74733.28,1776668050124,0,0,0,,,,0,cancelled
2026-04-20 06:00,ord-000762,sell,74737.29,1776668050124,0,0,0,,,,0,cancelled
2026-04-20 06:00,ord-000763,buy,74743.86,1776668055124,0,0,0,,,,0,cancelled
2026-04-20 06:00,ord-000764,sell,74747.87,1776668055124,0,0,0,,,,0,cancelled
2026-04-20 06:00,ord-000765,buy,74741.72,1776668060124,0,0,0,,,,0,cancelled
2026-04-20 06:00,ord-000766,sell,74745.73,1776668060124,0,0,0,,,,0,cancelled
2026-04-20 06:00,ord-000767,buy,74739.65,1776668065424,0,0,0,,,,0,cancelled
2026-04-20 06:00,ord-000768,sell,74743.66,1776668065424,0,0,0,,,,0,cancelled
2026-04-20 06:00,ord-000769,buy,74716.54,1776668070424,0,0,0,,,,0,cancelled
2026-04-20 06:00,ord-000770,sell,74720.55,1776668070424,0,0,0,,,,0,cancelled
2026-04-20 06:00,ord-000771,buy,74709.42,1776668075424,0,0,0,,,,0,cancelled
2026-04-20 06:00,ord-000772,sell,74713.43,1776668075424,0,0,0,,,,0,cancelled
2026-04-20 06:00,ord-000773,buy,74706.96,1776668084024,0,0,0,,,,0,cancelled
2026-04-20 06:00,ord-000774,sell,74710.97,1776668084024,0,0,0,,,,0,cancelled
2026-04-20 06:00,ord-000775,buy,74705.47,1776668089024,0,0,0,,,,0,cancelled
2026-04-20 06:00,ord-000776,sell,74709.48,1776668089024,0,0,0,,,,0,cancelled
2026-04-20 06:00,ord-000777,buy,74705.23,1776668094024,0,0,0,,,,0,cancelled
2026-04-20 06:00,ord-000778,sell,74709.24,1776668094024,0,0,0,,,,0,cancelled
2026-04-20 06:00,ord-000779,buy,74699.91,1776668103624,0,0,0,,,,0,cancelled
2026-04-20 06:00,ord-000780,sell,74703.92,1776668103624,0,0,0,,,,0,cancelled
2026-04-20 06:00,ord-000781,buy,74696.00,1776668108624,0.00120000,0,0,,,,0,cancelled
2026-04-20 06:00,ord-000782,sell,74700.01,1776668108624,0.00007000,0.000000000000006038198961573095525841686326,0.00006999999999396180103842690447,1776668136162,0.000000000000006038198961573095525841686326,0.000000000000000000000000000000000000000000,0.0001399999999939618010384269045,cancelled
2026-04-20 06:00,ord-000783,buy,74705.23,1776668136224,0,0,0,,,,0,cancelled
2026-04-20 06:00,ord-000784,sell,74709.24,1776668136224,0,0,0,,,,0,cancelled
2026-04-20 06:00,ord-000785,buy,74698.13,1776668141224,0,0,0,,,,0,cancelled
2026-04-20 06:00,ord-000786,sell,74702.14,1776668141224,0,0,0,,,,0,cancelled
2026-04-20 06:00,ord-000787,buy,74696.00,1776668146224,0.00120000,0,0,,,,0,cancelled
2026-04-20 06:00,ord-000788,sell,74700.01,1776668146224,0,0,0,,,,0,cancelled
2026-04-20 06:00,ord-000789,buy,74703.47,1776668151524,0,0,0,,,,0,cancelled
2026-04-20 06:00,ord-000790,sell,74707.48,1776668151524,0,0,0,,,,0,cancelled
2026-04-20 06:00,ord-000791,buy,74703.46,1776668156524,0,0,0,,,,0,cancelled
2026-04-20 06:00,ord-000792,sell,74707.47,1776668156524,0,0,0,,,,0,cancelled
2026-04-20 06:00,ord-000793,buy,74698.26,1776668161524,0,0,0,,,,0,cancelled
2026-04-20 06:00,ord-000794,sell,74702.27,1776668161524,0,0,0,,,,0,cancelled
2026-04-20 06:00,ord-000795,buy,74696.00,1776668166524,0.00120000,0.00120000,0,,,,0,cancelled
2026-04-20 06:00,ord-000796,sell,74700.01,1776668166524,1.97763000,0,0.134390000000000000000000000,,,,0,cancelled
2026-04-20 06:00,ord-000797,buy,74678.08,1776668171524,0,0,0,,,,0,cancelled
2026-04-20 06:00,ord-000798,sell,74682.09,1776668171524,0,0,0,,,,0,cancelled
2026-04-20 06:00,ord-000799,buy,74667.00,1776668176524,0,0,0,,,,0,cancelled
2026-04-20 06:00,ord-000800,sell,74671.01,1776668176524,0,0,0,,,,0,cancelled
2026-04-20 06:00,ord-000801,buy,74655.38,1776668181524,0,0,0,,,,0,cancelled
2026-04-20 06:00,ord-000802,sell,74659.39,1776668181524,0,0,0,,,,0,cancelled
2026-04-20 06:00,ord-000803,buy,74778.37,1776668186561,0,0,0,,,,0,cancelled
2026-04-20 06:00,ord-000804,sell,74782.38,1776668186561,0,0,0,,,,0,cancelled
2026-04-20 06:00,ord-000805,buy,74722.00,1776668191624,0.00120000,0,0.001199999386436082593429961340,,,,0,cancelled
2026-04-20 06:00,ord-000806,sell,74726.01,1776668191624,0.00007000,0.00007000,0,1776668191940,0.00007000,0.00000000,0.00098000,cancelled
2026-04-20 06:00,ord-000807,buy,74749.97,1776668196624,0,0,0,,,,0,cancelled
2026-04-20 06:00,ord-000808,sell,74753.98,1776668196624,0.14893000,0,0.1489300000000000000000000000,,,,0,cancelled
2026-04-20 06:00,ord-000809,buy,74753.15,1776668201624,0,0,0,,,,0,cancelled
2026-04-20 06:00,ord-000810,sell,74757.16,1776668201624,0,0,0,,,,0,cancelled
2026-04-20 06:00,ord-000811,buy,74738.19,1776668206624,0.14730000,0,0.1473000000000000000000000000,,,,0,cancelled
2026-04-20 06:00,ord-000812,sell,74742.20,1776668206624,0.00007000,0.0000000000000000000000000000000001215493364934696323763641442,0.00007000000000000000000000000002,1776668214860,0.0000000000000000000000000000000001215493364934696323763641442,0.0000000000000000000000000000000000000000000000000000000000000,0.00007000000000000000000000000000,cancelled
2026-04-20 06:00,ord-000813,buy,74742.50,1776668214924,0,0,0,,,,0,cancelled
2026-04-20 06:00,ord-000814,sell,74746.51,1776668214924,0,0,0,,,,0,cancelled
2026-04-20 06:00,ord-000815,buy,74748.24,1776668219924,0,0,0,,,,0,cancelled
2026-04-20 06:00,ord-000816,sell,74752.25,1776668219924,0,0,0,,,,0,cancelled
2026-04-20 06:00,ord-000817,buy,74727.29,1776668224924,0,0,0,,,,0,cancelled
2026-04-20 06:00,ord-000818,sell,74731.30,1776668224924,0,0,0,,,,0,cancelled
2026-04-20 06:00,ord-000819,buy,74745.21,1776668229924,0,0,0,,,,0,cancelled
2026-04-20 06:00,ord-000820,sell,74749.22,1776668229924,0,0,0,,,,0,cancelled
2026-04-20 06:00,ord-000821,buy,74737.99,1776668234924,0,0,0,,,,0,cancelled
2026-04-20 06:00,ord-000822,sell,74742.00,1776668234924,0,0,0,,,,0,cancelled
2026-04-20 06:00,ord-000823,buy,74741.79,1776668239924,0,0,0,,,,0,cancelled
2026-04-20 06:00,ord-000824,sell,74745.80,1776668239924,0,0,0,,,,0,cancelled
2026-04-20 06:00,ord-000825,buy,74757.02,1776668244924,0,0,0,,,,0,cancelled
2026-04-20 06:00,ord-000826,sell,74761.03,1776668244924,0,0,0,,,,0,cancelled
2026-04-20 06:00,ord-000827,buy,74791.94,1776668249924,0,0,0,,,,0,cancelled
2026-04-20 06:00,ord-000828,sell,74795.95,1776668249924,0,0,0,,,,0,cancelled
2026-04-20 06:00,ord-000829,buy,74777.35,1776668254924,0,0,0,,,,0,cancelled
2026-04-20 06:00,ord-000830,sell,74781.36,1776668254924,0,0,0,,,,0,cancelled
2026-04-20 06:00,ord-000831,buy,74791.33,1776668259924,0.00007000,0,0.00007000,,,,0,cancelled
2026-04-20 06:00,ord-000832,sell,74795.34,1776668259924,0,0,0,1776668261257,0,0,0.00049000,cancelled
2026-04-20 06:00,ord-000833,buy,74811.96,1776668264924,0.00007000,0.00000000001711158756600009167420790510,0.00006999998288841243399990832580,1776668268209,0.00000000001711158756600009167420790510,0.00000000000000000000000000000000000000,0.0003499999828884124339999083258,cancelled
2026-04-20 06:00,ord-000834,sell,74815.97,1776668264924,0,0,0,,,,0,cancelled
2026-04-20 06:00,ord-000835,buy,74808.60,1776668269924,0,0,0,,,,0,cancelled
2026-04-20 06:00,ord-000836,sell,74812.61,1776668269924,0,0,0,,,,0,cancelled
2026-04-20 06:00,ord-000837,buy,74806.65,1776668274924,0,0,0,,,,0,cancelled
2026-04-20 06:00,ord-000838,sell,74810.66,1776668274924,0,0,0,,,,0,cancelled
2026-04-20 06:00,ord-000839,buy,74800.38,1776668279924,0,0,0,,,,0,cancelled
2026-04-20 06:00,ord-000840,sell,74804.39,1776668279924,0,0,0,,,,0,cancelled
2026-04-20 06:00,ord-000841,buy,74764.23,1776668284924,0,0,0,,,,0,cancelled
2026-04-20 06:00,ord-000842,sell,74768.24,1776668284924,0,0,0,,,,0,cancelled
2026-04-20 06:00,ord-000843,buy,74759.02,1776668292824,0,0,0,,,,0,cancelled
2026-04-20 06:00,ord-000844,sell,74763.03,1776668292824,0,0,0,,,,0,cancelled
2026-04-20 06:00,ord-000845,buy,74771.99,1776668297824,0.19828000,0,0.1982800000000000000000000000,,,,0,cancelled
2026-04-20 06:00,ord-000846,sell,74776.00,1776668297824,0.00120000,0.00120000,0,1776668298559,0.00091000,0.00000000,0.00098000,cancelled
2026-04-20 06:00,ord-000847,buy,74783.69,1776668302824,0,0,0,,,,0,cancelled
2026-04-20 06:00,ord-000848,sell,74787.70,1776668302824,0,0,0,,,,0,cancelled
2026-04-20 06:00,ord-000849,buy,74779.03,1776668311124,0,0,0,,,,0,cancelled
2026-04-20 06:00,ord-000850,sell,74783.04,1776668311124,0,0,0,,,,0,cancelled
2026-04-20 06:00,ord-000851,buy,74766.23,1776668316124,0,0,0,,,,0,cancelled
2026-04-20 06:00,ord-000852,sell,74770.24,1776668316124,0,0,0,,,,0,cancelled
2026-04-20 06:00,ord-000853,buy,74773.08,1776668321924,0,0,0,,,,0,cancelled
2026-04-20 06:00,ord-000854,sell,74777.09,1776668321924,0,0,0,,,,0,cancelled
2026-04-20 06:00,ord-000855,buy,74771.00,1776668334924,0,0,0,,,,0,cancelled
2026-04-20 06:00,ord-000856,sell,74775.01,1776668334924,0,0,0,,,,0,cancelled
2026-04-20 06:00,ord-000857,buy,74768.06,1776668339924,0,0,0,,,,0,cancelled
2026-04-20 06:00,ord-000858,sell,74772.07,1776668339924,0,0,0,,,,0,cancelled
2026-04-20 06:00,ord-000859,buy,74766.29,1776668345124,0,0,0,,,,0,cancelled
2026-04-20 06:00,ord-000860,sell,74770.30,1776668345124,0,0,0,,,,0,cancelled
2026-04-20 06:00,ord-000861,buy,74766.80,1776668350124,0,0,0,,,,0,cancelled
2026-04-20 06:00,ord-000862,sell,74770.81,1776668350124,0,0,0,,,,0,cancelled
2026-04-20 06:00,ord-000863,buy,74787.99,1776668365227,1.40700000,0,1.407000000000000000000000000,,,,0,cancelled
2026-04-20 06:00,ord-000864,sell,74792.00,1776668365227,0.00120000,0,0.00120000,,,,0,cancelled
2026-04-20 06:00,ord-000865,buy,74783.78,1776668370324,0,0,0,,,,0,cancelled
2026-04-20 06:00,ord-000866,sell,74787.79,1776668370324,0,0,0,,,,0,cancelled
2026-04-20 06:00,ord-000867,buy,74778.45,1776668375324,0,0,0,,,,0,cancelled
2026-04-20 06:00,ord-000868,sell,74782.46,1776668375324,0,0,0,,,,0,cancelled
2026-04-20 06:00,ord-000869,buy,74801.53,1776668380324,0,0,0,,,,0,cancelled
2026-04-20 06:00,ord-000870,sell,74805.54,1776668380324,0,0,0,,,,0,cancelled
2026-04-20 06:00,ord-000871,buy,74788.56,1776668385324,0.00308000,0.00008000,0.003000000000000000000000000000,,,,0,cancelled
2026-04-20 06:00,ord-000872,sell,74792.57,1776668385324,0,0,0,,,,0,cancelled
2026-04-20 06:00,ord-000873,buy,74784.58,1776668390324,0,0,0,,,,0,expired
2026-04-20 06:00,ord-000874,sell,74788.59,1776668390324,0.14514000,0,0.1451400000000000000000000000,,,,0,expired
2026-04-20 07:00,ord-000001,buy,74812.39,1776668400239,0,0,0,,,,0,cancelled
2026-04-20 07:00,ord-000002,sell,74816.40,1776668400239,0,0,0,,,,0,cancelled
2026-04-20 07:00,ord-000003,buy,74799.50,1776668405324,0,0,0,,,,0,cancelled
2026-04-20 07:00,ord-000004,sell,74803.51,1776668405324,0,0,0,,,,0,cancelled
2026-04-20 07:00,ord-000005,buy,74811.04,1776668410524,0,0,0,,,,0,cancelled
2026-04-20 07:00,ord-000006,sell,74815.05,1776668410524,0,0,0,,,,0,cancelled
2026-04-20 07:00,ord-000007,buy,74825.08,1776668415524,0,0,0,,,,0,cancelled
2026-04-20 07:00,ord-000008,sell,74829.09,1776668415524,0,0,0,,,,0,cancelled
2026-04-20 07:00,ord-000009,buy,74832.63,1776668420524,0,0,0,,,,0,cancelled
2026-04-20 07:00,ord-000010,sell,74836.64,1776668420524,0,0,0,,,,0,cancelled
2026-04-20 07:00,ord-000011,buy,74817.03,1776668425524,0,0,0,,,,0,cancelled
2026-04-20 07:00,ord-000012,sell,74821.04,1776668425524,0,0,0,,,,0,cancelled
2026-04-20 07:00,ord-000013,buy,74821.14,1776668432424,0,0,0,,,,0,cancelled
2026-04-20 07:00,ord-000014,sell,74825.15,1776668432424,0,0,0,,,,0,cancelled
2026-04-20 07:00,ord-000015,buy,74817.03,1776668437424,0,0,0,,,,0,cancelled
2026-04-20 07:00,ord-000016,sell,74821.04,1776668437424,0,0,0,,,,0,cancelled
2026-04-20 07:00,ord-000017,buy,74808.60,1776668442424,0,0,0,,,,0,cancelled
2026-04-20 07:00,ord-000018,sell,74812.61,1776668442424,0,0,0,,,,0,cancelled
2026-04-20 07:00,ord-000019,buy,74836.07,1776668447424,0,0,0,,,,0,cancelled
2026-04-20 07:00,ord-000020,sell,74840.08,1776668447424,0,0,0,,,,0,cancelled
2026-04-20 07:00,ord-000021,buy,74848.87,1776668452424,0,0,0,,,,0,cancelled
2026-04-20 07:00,ord-000022,sell,74852.88,1776668452424,0,0,0,,,,0,cancelled
2026-04-20 07:00,ord-000023,buy,74847.24,1776668457424,0.00020000,0,0.0001997599923330884181022449328,,,,0,cancelled
2026-04-20 07:00,ord-000024,sell,74851.25,1776668457424,0,0,0,,,,0,cancelled
2026-04-20 07:00,ord-000025,buy,74848.75,1776668462424,0,0,0,,,,0,cancelled
2026-04-20 07:00,ord-000026,sell,74852.76,1776668462424,0,0,0,,,,0,cancelled
2026-04-20 07:00,ord-000027,buy,74832.14,1776668467424,0,0,0,,,,0,cancelled
2026-04-20 07:00,ord-000028,sell,74836.15,1776668467424,0.00016000,0,0.00016000,,,,0,cancelled
2026-04-20 07:00,ord-000029,buy,74818.27,1776668472424,0,0,0,,,,0,cancelled
2026-04-20 07:00,ord-000030,sell,74822.28,1776668472424,0,0,0,,,,0,cancelled
2026-04-20 07:00,ord-000031,buy,74798.30,1776668477424,0,0,0,,,,0,cancelled
2026-04-20 07:00,ord-000032,sell,74802.31,1776668477424,0,0,0,,,,0,cancelled
2026-04-20 07:00,ord-000033,buy,74791.18,1776668482424,0,0,0,,,,0,cancelled
2026-04-20 07:00,ord-000034,sell,74795.19,1776668482424,0,0,0,,,,0,cancelled
2026-04-20 07:00,ord-000035,buy,74801.50,1776668487624,0,0,0,,,,0,cancelled
2026-04-20 07:00,ord-000036,sell,74805.51,1776668487624,0,0,0,,,,0,cancelled
2026-04-20 07:00,ord-000037,buy,74791.18,1776668492624,0,0,0,,,,0,cancelled
2026-04-20 07:00,ord-000038,sell,74795.19,1776668492624,0,0,0,,,,0,cancelled
2026-04-20 07:00,ord-000039,buy,74797.19,1776668501724,0,0,0,,,,0,cancelled
2026-04-20 07:00,ord-000040,sell,74801.20,1776668501724,0,0,0,,,,0,cancelled
2026-04-20 07:00,ord-000041,buy,74806.30,1776668506724,0,0,0,,,,0,cancelled
2026-04-20 07:00,ord-000042,sell,74810.31,1776668506724,0,0,0,,,,0,cancelled
2026-04-20 07:00,ord-000043,buy,74817.01,1776668511724,0,0,0,,,,0,cancelled
2026-04-20 07:00,ord-000044,sell,74821.02,1776668511724,0,0,0,,,,0,cancelled
2026-04-20 07:00,ord-000045,buy,74817.81,1776668517524,0,0,0,,,,0,cancelled
2026-04-20 07:00,ord-000046,sell,74821.82,1776668517524,0,0,0,,,,0,cancelled
2026-04-20 07:00,ord-000047,buy,74827.93,1776668522524,0,0,0,,,,0,cancelled
2026-04-20 07:00,ord-000048,sell,74831.94,1776668522524,0,0,0,,,,0,cancelled
2026-04-20 07:00,ord-000049,buy,74806.63,1776668527524,0,0,0,,,,0,cancelled
2026-04-20 07:00,ord-000050,sell,74810.64,1776668527524,0,0,0,,,,0,cancelled
2026-04-20 07:00,ord-000051,buy,74811.67,1776668533124,0,0,0,,,,0,cancelled
2026-04-20 07:00,ord-000052,sell,74815.68,1776668533124,0,0,0,,,,0,cancelled
2026-04-20 07:00,ord-000053,buy,74817.76,1776668538124,0,0,0,,,,0,cancelled
2026-04-20 07:00,ord-000054,sell,74821.77,1776668538124,0,0,0,,,,0,cancelled
2026-04-20 07:00,ord-000055,buy,74815.66,1776668543124,0,0,0,,,,0,cancelled
2026-04-20 07:00,ord-000056,sell,74819.67,1776668543124,0,0,0,,,,0,cancelled
2026-04-20 07:00,ord-000057,buy,74827.95,1776668548124,0.13953000,0,0.1395300000000000000000000000,,,,0,cancelled
2026-04-20 07:00,ord-000058,sell,74831.96,1776668548124,0,0,0,,,,0,cancelled
2026-04-20 07:00,ord-000059,buy,74832.73,1776668553124,0,0,0,,,,0,cancelled
2026-04-20 07:00,ord-000060,sell,74836.74,1776668553124,0,0,0,,,,0,cancelled
2026-04-20 07:00,ord-000061,buy,74819.49,1776668558124,0,0,0,,,,0,cancelled
2026-04-20 07:00,ord-000062,sell,74823.50,1776668558124,0,0,0,,,,0,cancelled
2026-04-20 07:00,ord-000063,buy,74818.00,1776668563124,0.03483000,0,0.03363000000000000000000000000,,,,0,cancelled
2026-04-20 07:00,ord-000064,sell,74822.01,1776668563124,0,0,0,,,,0,cancelled
2026-04-20 07:00,ord-000065,buy,74825.49,1776668568124,0,0,0,,,,0,cancelled
2026-04-20 07:00,ord-000066,sell,74829.50,1776668568124,0,0,0,,,,0,cancelled
2026-04-20 07:00,ord-000067,buy,74830.82,1776668575825,0,0,0,,,,0,cancelled
2026-04-20 07:00,ord-000068,sell,74834.83,1776668575825,0,0,0,,,,0,cancelled
2026-04-20 07:00,ord-000069,buy,74833.29,1776668580924,0,0,0,,,,0,cancelled
2026-04-20 07:00,ord-000070,sell,74837.30,1776668580924,0,0,0,,,,0,cancelled
2026-04-20 07:00,ord-000071,buy,74838.74,1776668586024,0,0,0,,,,0,cancelled
2026-04-20 07:00,ord-000072,sell,74842.75,1776668586024,0,0,0,,,,0,cancelled
2026-04-20 07:00,ord-000073,buy,74848.75,1776668591024,0,0,0,,,,0,cancelled
2026-04-20 07:00,ord-000074,sell,74852.76,1776668591024,0,0,0,,,,0,cancelled
2026-04-20 07:00,ord-000075,buy,74855.88,1776668596024,0,0,0,,,,0,cancelled
2026-04-20 07:00,ord-000076,sell,74859.89,1776668596024,0,0,0,,,,0,cancelled
2026-04-20 07:00,ord-000077,buy,74849.19,1776668601024,0,0,0,,,,0,cancelled
2026-04-20 07:00,ord-000078,sell,74853.20,1776668601024,0,0,0,,,,0,cancelled
2026-04-20 07:00,ord-000079,buy,74844.38,1776668606024,0,0,0,,,,0,cancelled
2026-04-20 07:00,ord-000080,sell,74848.39,1776668606024,0,0,0,,,,0,cancelled
2026-04-20 07:00,ord-000081,buy,74848.76,1776668611124,0,0,0,,,,0,cancelled
2026-04-20 07:00,ord-000082,sell,74852.77,1776668611124,0,0,0,,,,0,cancelled
2026-04-20 07:00,ord-000083,buy,74808.00,1776668616124,0.00120000,0.00001039561074213110020213687558,0.001189604389257868899797863125,1776668618699,0.00001039561074213110020213687558,0.00000000000000000000000000000000,0.001,filled
2026-04-20 07:00,ord-000084,sell,74812.01,1776668616124,0,0,0,,,,0,cancelled
2026-04-20 07:00,ord-000085,buy,74804.01,1776668618724,0,0,0,,,,0,cancelled
2026-04-20 07:00,ord-000086,sell,74808.02,1776668618724,0,0,0,,,,0,cancelled
2026-04-20 07:00,ord-000087,buy,74794.05,1776668623724,0,0,0,,,,0,cancelled
2026-04-20 07:00,ord-000088,sell,74798.06,1776668623724,0,0,0,,,,0,cancelled
2026-04-20 07:00,ord-000089,buy,74787.89,1776668628724,0,0,0,,,,0,cancelled
2026-04-20 07:00,ord-000090,sell,74791.90,1776668628724,0,0,0,,,,0,cancelled
2026-04-20 07:00,ord-000091,buy,74784.82,1776668633724,0,0,0,,,,0,cancelled
2026-04-20 07:00,ord-000092,sell,74788.83,1776668633724,0,0,0,,,,0,cancelled
2026-04-20 07:00,ord-000093,buy,74762.85,1776668638724,0,0,0,,,,0,cancelled
2026-04-20 07:00,ord-000094,sell,74766.86,1776668638724,0,0,0,,,,0,cancelled
2026-04-20 07:00,ord-000095,buy,74762.11,1776668644824,0,0,0,,,,0,cancelled
2026-04-20 07:00,ord-000096,sell,74766.12,1776668644824,0,0,0,,,,0,cancelled
2026-04-20 07:00,ord-000097,buy,74760.86,1776668652324,0,0,0,,,,0,cancelled
2026-04-20 07:00,ord-000098,sell,74764.87,1776668652324,0,0,0,,,,0,cancelled
2026-04-20 07:00,ord-000099,buy,74759.20,1776668657324,0,0,0,,,,0,cancelled
2026-04-20 07:00,ord-000100,sell,74763.21,1776668657324,0,0,0,,,,0,cancelled
2026-04-20 07:00,ord-000101,buy,74748.01,1776668662324,0,0,0,,,,0,cancelled
2026-04-20 07:00,ord-000102,sell,74752.02,1776668662324,0,0,0,,,,0,cancelled
2026-04-20 07:00,ord-000103,buy,74748.00,1776668667324,0.00145000,0,0,,,,0,cancelled
2026-04-20 07:00,ord-000104,sell,74752.01,1776668667324,0,0,0,,,,0,cancelled
2026-04-20 07:00,ord-000105,buy,74748.01,1776668676724,0,0,0,,,,0,cancelled
2026-04-20 07:00,ord-000106,sell,74752.02,1776668676724,0,0,0,,,,0,cancelled
2026-04-20 07:00,ord-000107,buy,74761.22,1776668681724,0,0,0,,,,0,cancelled
2026-04-20 07:00,ord-000108,sell,74765.23,1776668681724,0,0,0,,,,0,cancelled
2026-04-20 07:00,ord-000109,buy,74772.13,1776668688933,0,0,0,,,,0,cancelled
2026-04-20 07:00,ord-000110,sell,74776.14,1776668688933,0,0,0,,,,0,cancelled
2026-04-20 07:00,ord-000111,buy,74765.60,1776668694024,0,0,0,,,,0,cancelled
2026-04-20 07:00,ord-000112,sell,74769.61,1776668694024,0,0,0,,,,0,cancelled
2026-04-20 07:00,ord-000113,buy,74765.46,1776668710024,0,0,0,,,,0,cancelled
2026-04-20 07:00,ord-000114,sell,74769.47,1776668710024,0,0,0,,,,0,cancelled
2026-04-20 07:00,ord-000115,buy,74761.21,1776668715024,0,0,0,,,,0,cancelled
2026-04-20 07:00,ord-000116,sell,74765.22,1776668715024,0,0,0,,,,0,cancelled
2026-04-20 07:00,ord-000117,buy,74754.01,1776668720024,0,0,0,,,,0,cancelled
2026-04-20 07:00,ord-000118,sell,74758.02,1776668720024,0,0,0,,,,0,cancelled
2026-04-20 07:00,ord-000119,buy,74757.80,1776668725024,0,0,0,,,,0,cancelled
2026-04-20 07:00,ord-000120,sell,74761.81,1776668725024,0,0,0,,,,0,cancelled
2026-04-20 07:00,ord-000121,buy,74757.79,1776668731024,0,0,0,,,,0,cancelled
2026-04-20 07:00,ord-000122,sell,74761.80,1776668731024,0,0,0,,,,0,cancelled
2026-04-20 07:00,ord-000123,buy,74753.33,1776668736024,0,0,0,,,,0,cancelled
2026-04-20 07:00,ord-000124,sell,74757.34,1776668736024,0,0,0,,,,0,cancelled
2026-04-20 07:00,ord-000125,buy,74748.00,1776668741024,0.00154000,0.00154000,0,,,,0,cancelled
2026-04-20 07:00,ord-000126,sell,74752.01,1776668741024,0,0,0,,,,0,cancelled
2026-04-20 07:00,ord-000127,buy,74736.40,1776668746024,0.00087000,0,0,,,,0,cancelled
2026-04-20 07:00,ord-000128,sell,74740.41,1776668746024,0,0,0,,,,0,cancelled
2026-04-20 07:00,ord-000129,buy,74749.92,1776668751024,0,0,0,,,,0,cancelled
2026-04-20 07:00,ord-000130,sell,74753.93,1776668751024,0,0,0,,,,0,cancelled
2026-04-20 07:00,ord-000131,buy,74748.00,1776668756024,0,0,0,,,,0,cancelled
2026-04-20 07:00,ord-000132,sell,74752.01,1776668756024,0,0,0,,,,0,cancelled
2026-04-20 07:00,ord-000133,buy,74738.37,1776668761024,0,0,0,,,,0,cancelled
2026-04-20 07:00,ord-000134,sell,74742.38,1776668761024,0,0,0,,,,0,cancelled
2026-04-20 07:00,ord-000135,buy,74736.40,1776668766024,0.00087000,0.00087000,0,,,,0,cancelled
2026-04-20 07:00,ord-000136,sell,74740.41,1776668766024,0,0,0,,,,0,cancelled
2026-04-20 07:00,ord-000137,buy,74733.25,1776668771024,0,0,0,,,,0,cancelled
2026-04-20 07:00,ord-000138,sell,74737.26,1776668771024,0,0,0,,,,0,cancelled
2026-04-20 07:00,ord-000139,buy,74742.39,1776668776025,0,0,0,,,,0,cancelled
2026-04-20 07:00,ord-000140,sell,74746.40,1776668776025,0,0,0,,,,0,cancelled
2026-04-20 07:00,ord-000141,buy,74740.19,1776668781124,0,0,0,,,,0,cancelled
2026-04-20 07:00,ord-000142,sell,74744.20,1776668781124,0,0,0,,,,0,cancelled
2026-04-20 07:00,ord-000143,buy,74734.34,1776668791428,0,0,0,,,,0,cancelled
2026-04-20 07:00,ord-000144,sell,74738.35,1776668791428,0,0,0,,,,0,cancelled
2026-04-20 07:00,ord-000145,buy,74734.33,1776668820324,0,0,0,,,,0,cancelled
2026-04-20 07:00,ord-000146,sell,74738.34,1776668820324,0,0,0,,,,0,cancelled
2026-04-20 07:00,ord-000147,buy,74717.59,1776668825324,0,0,0,,,,0,cancelled
2026-04-20 07:00,ord-000148,sell,74721.60,1776668825324,0,0,0,,,,0,cancelled
2026-04-20 07:00,ord-000149,buy,74714.00,1776668848424,0.00120000,0.00120000,0,1776668849166,0.00120000,0.00000000,0.00048000,cancelled
2026-04-20 07:00,ord-000150,sell,74718.01,1776668848424,0,0,0,,,,0,cancelled
2026-04-20 07:00,ord-000151,buy,74704.14,1776668853424,0,0,0,,,,0,cancelled
2026-04-20 07:00,ord-000152,sell,74708.15,1776668853424,0,0,0,,,,0,cancelled
2026-04-20 07:00,ord-000153,buy,74705.45,1776668858424,0,0,0,,,,0,cancelled
2026-04-20 07:00,ord-000154,sell,74709.46,1776668858424,0,0,0,,,,0,cancelled
2026-04-20 07:00,ord-000155,buy,74700.17,1776668871124,0,0,0,,,,0,cancelled
2026-04-20 07:00,ord-000156,sell,74704.18,1776668871124,0,0,0,,,,0,cancelled
2026-04-20 07:00,ord-000157,buy,74694.84,1776668882224,0,0,0,,,,0,cancelled
2026-04-20 07:00,ord-000158,sell,74698.85,1776668882224,0,0,0,,,,0,cancelled
2026-04-20 07:00,ord-000159,buy,74694.16,1776668892424,0,0,0,,,,0,cancelled
2026-04-20 07:00,ord-000160,sell,74698.17,1776668892424,0,0,0,,,,0,cancelled
2026-04-20 07:00,ord-000161,buy,74687.07,1776668897424,0,0,0,,,,0,cancelled
2026-04-20 07:00,ord-000162,sell,74691.08,1776668897424,0,0,0,,,,0,cancelled
2026-04-20 07:00,ord-000163,buy,74692.73,1776668910224,0,0,0,,,,0,cancelled
2026-04-20 07:00,ord-000164,sell,74696.74,1776668910224,0,0,0,,,,0,cancelled
2026-04-20 07:00,ord-000165,buy,74699.86,1776668915224,0,0,0,,,,0,cancelled
2026-04-20 07:00,ord-000166,sell,74703.87,1776668915224,0,0,0,,,,0,cancelled
2026-04-20 07:00,ord-000167,buy,74743.32,1776668920224,0,0,0,,,,0,cancelled
2026-04-20 07:00,ord-000168,sell,74747.33,1776668920224,0,0,0,,,,0,cancelled
2026-04-20 07:00,ord-000169,buy,74774.81,1776668925224,0,0,0,,,,0,cancelled
2026-04-20 07:00,ord-000170,sell,74778.82,1776668925224,0,0,0,,,,0,cancelled
2026-04-20 07:00,ord-000171,buy,74760.51,1776668930224,0,0,0,,,,0,cancelled
2026-04-20 07:00,ord-000172,sell,74764.52,1776668930224,0,0,0,,,,0,cancelled
2026-04-20 07:00,ord-000173,buy,74755.01,1776668935224,0,0,0,,,,0,cancelled
2026-04-20 07:00,ord-000174,sell,74759.02,1776668935224,0,0,0,,,,0,cancelled
2026-04-20 07:00,ord-000175,buy,74762.99,1776668941124,0,0,0,,,,0,cancelled
2026-04-20 07:00,ord-000176,sell,74767.00,1776668941124,0,0,0,,,,0,cancelled
2026-04-20 07:00,ord-000177,buy,74769.55,1776668949224,0,0,0,,,,0,cancelled
2026-04-20 07:00,ord-000178,sell,74773.56,1776668949224,0,0,0,,,,0,cancelled
2026-04-20 07:00,ord-000179,buy,74763.00,1776668976624,0,0,0,,,,0,cancelled
2026-04-20 07:00,ord-000180,sell,74767.01,1776668976624,0,0,0,,,,0,cancelled
2026-04-20 07:00,ord-000181,buy,74760.00,1776668981625,0.00120000,0.00120000,0,,,,0,cancelled
2026-04-20 07:00,ord-000182,sell,74764.01,1776668981625,0.13554000,0,0.1355400000000000000000000000,,,,0,cancelled
2026-04-20 07:00,ord-000183,buy,74755.40,1776668988224,0,0,0,,,,0,cancelled
2026-04-20 07:00,ord-000184,sell,74759.41,1776668988224,0,0,0,,,,0,cancelled
2026-04-20 07:00,ord-000185,buy,74749.72,1776669001424,0,0,0,,,,0,cancelled
2026-04-20 07:00,ord-000186,sell,74753.73,1776669001424,0,0,0,,,,0,cancelled
2026-04-20 07:00,ord-000187,buy,74745.48,1776669006424,0,0,0,,,,0,cancelled
2026-04-20 07:00,ord-000188,sell,74749.49,1776669006424,0,0,0,,,,0,cancelled
2026-04-20 07:00,ord-000189,buy,74748.46,1776669011424,0,0,0,,,,0,cancelled
2026-04-20 07:00,ord-000190,sell,74752.47,1776669011424,0,0,0,,,,0,cancelled
2026-04-20 07:00,ord-000191,buy,74764.19,1776669033140,0,0,0,,,,0,cancelled
2026-04-20 07:00,ord-000192,sell,74768.20,1776669033140,0,0,0,,,,0,cancelled
2026-04-20 07:00,ord-000193,buy,74776.89,1776669038224,0,0,0,,,,0,cancelled
2026-04-20 07:00,ord-000194,sell,74780.90,1776669038224,0,0,0,,,,0,cancelled
2026-04-20 07:00,ord-000195,buy,74781.23,1776669043324,0,0,0,,,,0,cancelled
2026-04-20 07:00,ord-000196,sell,74785.24,1776669043324,0,0,0,,,,0,cancelled
2026-04-20 07:00,ord-000197,buy,74776.90,1776669067224,0,0,0,1776669067703,0,0,0.00063000,cancelled
2026-04-20 07:00,ord-000198,sell,74780.91,1776669067224,0,0,0,,,,0,cancelled
2026-04-20 07:00,ord-000199,buy,74776.89,1776669072224,0,0,0,,,,0,cancelled
2026-04-20 07:00,ord-000200,sell,74780.90,1776669072224,0,0,0,,,,0,cancelled
2026-04-20 07:00,ord-000201,buy,74762.55,1776669084424,0,0,0,,,,0,cancelled
2026-04-20 07:00,ord-000202,sell,74766.56,1776669084424,0,0,0,,,,0,cancelled
2026-04-20 07:00,ord-000203,buy,74757.78,1776669089424,0,0,0,,,,0,cancelled
2026-04-20 07:00,ord-000204,sell,74761.79,1776669089424,0,0,0,,,,0,cancelled
2026-04-20 07:00,ord-000205,buy,74768.08,1776669097024,0,0,0,,,,0,cancelled
2026-04-20 07:00,ord-000206,sell,74772.09,1776669097024,0,0,0,,,,0,cancelled
2026-04-20 07:00,ord-000207,buy,74773.94,1776669102024,0,0,0,,,,0,cancelled
2026-04-20 07:00,ord-000208,sell,74777.95,1776669102024,0,0,0,,,,0,cancelled
2026-04-20 07:00,ord-000209,buy,74768.09,1776669107024,0,0,0,,,,0,cancelled
2026-04-20 07:00,ord-000210,sell,74772.10,1776669107024,0,0,0,,,,0,cancelled
2026-04-20 07:00,ord-000211,buy,74778.36,1776669137524,0,0,0,,,,0,cancelled
2026-04-20 07:00,ord-000212,sell,74782.37,1776669137524,0,0,0,1776669143015,0,0,0.00007000,cancelled
2026-04-20 07:00,ord-000213,buy,74785.79,1776669143124,0,0,0,,,,0,cancelled
2026-04-20 07:00,ord-000214,sell,74789.80,1776669143124,0,0,0,,,,0,cancelled
2026-04-20 07:00,ord-000215,buy,74789.84,1776669161124,0,0,0,,,,0,cancelled
2026-04-20 07:00,ord-000216,sell,74793.85,1776669161124,0,0,0,,,,0,cancelled
2026-04-20 07:00,ord-000217,buy,74799.37,1776669166124,0,0,0,,,,0,cancelled
2026-04-20 07:00,ord-000218,sell,74803.38,1776669166124,0,0,0,,,,0,cancelled
2026-04-20 07:00,ord-000219,buy,74809.47,1776669171124,0,0,0,,,,0,cancelled
2026-04-20 07:00,ord-000220,sell,74813.48,1776669171124,0,0,0,,,,0,cancelled
2026-04-20 07:00,ord-000221,buy,74825.79,1776669180624,0,0,0,,,,0,cancelled
2026-04-20 07:00,ord-000222,sell,74829.80,1776669180624,0,0,0,,,,0,cancelled
2026-04-20 07:00,ord-000223,buy,74827.99,1776669185624,0,0,0,,,,0,cancelled
2026-04-20 07:00,ord-000224,sell,74832.00,1776669185624,0.00120000,0.00120000,0,,,,0,cancelled
2026-04-20 07:00,ord-000225,buy,74835.83,1776669190624,0,0,0,,,,0,cancelled
2026-04-20 07:00,ord-000226,sell,74839.84,1776669190624,0,0,0,,,,0,cancelled
2026-04-20 07:00,ord-000227,buy,74830.78,1776669214429,0,0,0,,,,0,cancelled
2026-04-20 07:00,ord-000228,sell,74834.79,1776669214429,0,0,0,,,,0,cancelled
2026-04-20 07:00,ord-000229,buy,74825.80,1776669219524,0.00007000,0.00007000,0,,,,0,cancelled
2026-04-20 07:00,ord-000230,sell,74829.81,1776669219524,0,0,0,,,,0,cancelled
2026-04-20 07:00,ord-000231,buy,74818.92,1776669227126,0,0,0,,,,0,cancelled
2026-04-20 07:00,ord-000232,sell,74822.93,1776669227126,0,0,0,,,,0,cancelled
2026-04-20 07:00,ord-000233,buy,74810.82,1776669232224,0,0,0,,,,0,cancelled
2026-04-20 07:00,ord-000234,sell,74814.83,1776669232224,0,0,0,,,,0,cancelled
2026-04-20 07:00,ord-000235,buy,74806.06,1776669245124,0,0,0,,,,0,cancelled
2026-04-20 07:00,ord-000236,sell,74810.07,1776669245124,0,0,0,,,,0,cancelled
2026-04-20 07:00,ord-000237,buy,74805.74,1776669250124,0,0,0,,,,0,cancelled
2026-04-20 07:00,ord-000238,sell,74809.75,1776669250124,0,0,0,,,,0,cancelled
2026-04-20 07:00,ord-000239,buy,74799.22,1776669258743,0,0,0,,,,0,cancelled
2026-04-20 07:00,ord-000240,sell,74803.23,1776669258743,0,0,0,,,,0,cancelled
2026-04-20 07:00,ord-000241,buy,74795.60,1776669263824,0,0,0,,,,0,cancelled
2026-04-20 07:00,ord-000242,sell,74799.61,1776669263824,0,0,0,,,,0,cancelled
2026-04-20 07:00,ord-000243,buy,74787.82,1776669268824,0,0,0,,,,0,cancelled
2026-04-20 07:00,ord-000244,sell,74791.83,1776669268824,0,0,0,,,,0,cancelled
2026-04-20 07:00,ord-000245,buy,74784.51,1776669279924,0,0,0,,,,0,cancelled
2026-04-20 07:00,ord-000246,sell,74788.52,1776669279924,0,0,0,,,,0,cancelled
2026-04-20 07:00,ord-000247,buy,74794.81,1776669285724,0,0,0,,,,0,cancelled
2026-04-20 07:00,ord-000248,sell,74798.82,1776669285724,0,0,0,,,,0,cancelled
2026-04-20 07:00,ord-000249,buy,74799.99,1776669290724,0,0,0,,,,0,cancelled
2026-04-20 07:00,ord-000250,sell,74804.00,1776669290724,0.00127000,0,0,,,,0,cancelled
2026-04-20 07:00,ord-000251,buy,74797.20,1776669300624,0,0,0,,,,0,cancelled
2026-04-20 07:00,ord-000252,sell,74801.21,1776669300624,0,0,0,,,,0,cancelled
2026-04-20 07:00,ord-000253,buy,74785.79,1776669305624,0,0,0,,,,0,cancelled
2026-04-20 07:00,ord-000254,sell,74789.80,1776669305624,0,0,0,,,,0,cancelled
2026-04-20 07:00,ord-000255,buy,74776.71,1776669314429,0,0,0,,,,0,cancelled
2026-04-20 07:00,ord-000256,sell,74780.72,1776669314429,0,0,0,,,,0,cancelled
2026-04-20 07:00,ord-000257,buy,74774.91,1776669319524,0.00007000,0,0.00007000,,,,0,cancelled
2026-04-20 07:00,ord-000258,sell,74778.92,1776669319524,0,0,0,,,,0,cancelled
2026-04-20 07:00,ord-000259,buy,74770.61,1776669330124,0,0,0,,,,0,cancelled
2026-04-20 07:00,ord-000260,sell,74774.62,1776669330124,0,0,0,,,,0,cancelled
2026-04-20 07:00,ord-000261,buy,74764.70,1776669335124,0,0,0,,,,0,cancelled
2026-04-20 07:00,ord-000262,sell,74768.71,1776669335124,0,0,0,,,,0,cancelled
2026-04-20 07:00,ord-000263,buy,74759.99,1776669340124,0,0,0,,,,0,cancelled
2026-04-20 07:00,ord-000264,sell,74764.00,1776669340124,0,0,0,,,,0,cancelled
2026-04-20 07:00,ord-000265,buy,74756.00,1776669345124,0.00120000,0.00120000,0,,,,0,cancelled
2026-04-20 07:00,ord-000266,sell,74760.01,1776669345124,0,0,0,,,,0,cancelled
2026-04-20 07:00,ord-000267,buy,74751.80,1776669350124,0.00007000,0,0.00007000,,,,0,cancelled
2026-04-20 07:00,ord-000268,sell,74755.81,1776669350124,0,0,0,,,,0,cancelled
2026-04-20 07:00,ord-000269,buy,74748.00,1776669355124,0.00127000,0.00001403742384682332463011314189,0.001255962576153176675369886858,1776669363980,0.00001403742384682332463011314189,0.00000000000000000000000000000000,0.001,filled
2026-04-20 07:00,ord-000270,sell,74752.01,1776669355124,0,0,0,,,,0,cancelled
2026-04-20 07:00,ord-000271,buy,74745.80,1776669364024,0,0,0,,,,0,cancelled
2026-04-20 07:00,ord-000272,sell,74749.81,1776669364024,2.04289000,0,0.198126422323705476669456640,,,,0,cancelled
2026-04-20 07:00,ord-000273,buy,74725.98,1776669369024,0,0,0,,,,0,cancelled
2026-04-20 07:00,ord-000274,sell,74729.99,1776669369024,0,0,0,,,,0,cancelled
2026-04-20 07:00,ord-000275,buy,74724.37,1776669374024,0,0,0,,,,0,cancelled
2026-04-20 07:00,ord-000276,sell,74728.38,1776669374024,0,0,0,,,,0,cancelled
2026-04-20 07:00,ord-000277,buy,74722.20,1776669385224,0,0,0,,,,0,cancelled
2026-04-20 07:00,ord-000278,sell,74726.21,1776669385224,0,0,0,,,,0,cancelled
2026-04-20 07:00,ord-000279,buy,74720.85,1776669390224,0,0,0,,,,0,cancelled
2026-04-20 07:00,ord-000280,sell,74724.86,1776669390224,0,0,0,,,,0,cancelled
2026-04-20 07:00,ord-000281,buy,74724.36,1776669395224,0.04007000,0,0.00007000000000000000000000000,,,,0,cancelled
2026-04-20 07:00,ord-000282,sell,74728.37,1776669395224,0,0,0,,,,0,cancelled
2026-04-20 07:00,ord-000283,buy,74732.78,1776669412625,0,0,0,,,,0,cancelled
2026-04-20 07:00,ord-000284,sell,74736.79,1776669412625,0,0,0,,,,0,cancelled
2026-04-20 07:00,ord-000285,buy,74751.23,1776669417724,0,0,0,,,,0,cancelled
2026-04-20 07:00,ord-000286,sell,74755.24,1776669417724,0,0,0,,,,0,cancelled
2026-04-20 07:00,ord-000287,buy,74760.76,1776669441724,0,0,0,,,,0,cancelled
2026-04-20 07:00,ord-000288,sell,74764.77,1776669441724,0,0,0,,,,0,cancelled
2026-04-20 07:00,ord-000289,buy,74780.53,1776669446724,0,0,0,,,,0,cancelled
2026-04-20 07:00,ord-000290,sell,74784.54,1776669446724,0,0,0,,,,0,cancelled
2026-04-20 07:00,ord-000291,buy,74788.95,1776669453325,0,0,0,,,,0,cancelled
2026-04-20 07:00,ord-000292,sell,74792.96,1776669453325,0.00010000,0,0.00010000,,,,0,cancelled
2026-04-20 07:00,ord-000293,buy,74797.99,1776669458424,0,0,0,,,,0,cancelled
2026-04-20 07:00,ord-000294,sell,74802.00,1776669458424,0.00120000,0,0.001188704996470311396972311554,,,,0,cancelled
2026-04-20 07:00,ord-000295,buy,74795.37,1776669463424,0,0,0,,,,0,cancelled
2026-04-20 07:00,ord-000296,sell,74799.38,1776669463424,0,0,0,,,,0,cancelled
2026-04-20 07:00,ord-000297,buy,74797.99,1776669472524,0,0,0,,,,0,cancelled
2026-04-20 07:00,ord-000298,sell,74802.00,1776669472524,0.00120000,0.00120000,0,,,,0,cancelled
2026-04-20 07:00,ord-000299,buy,74802.70,1776669477524,0,0,0,,,,0,cancelled
2026-04-20 07:00,ord-000300,sell,74806.71,1776669477524,0,0,0,,,,0,cancelled
2026-04-20 07:00,ord-000301,buy,74814.71,1776669482524,0,0,0,,,,0,cancelled
2026-04-20 07:00,ord-000302,sell,74818.72,1776669482524,0,0,0,,,,0,cancelled
2026-04-20 07:00,ord-000303,buy,74806.72,1776669487524,0,0,0,,,,0,cancelled
2026-04-20 07:00,ord-000304,sell,74810.73,1776669487524,0.00007000,0,0.00007000,,,,0,cancelled
2026-04-20 07:00,ord-000305,buy,74804.31,1776669494124,0,0,0,,,,0,cancelled
2026-04-20 07:00,ord-000306,sell,74808.32,1776669494124,0,0,0,,,,0,cancelled
2026-04-20 07:00,ord-000307,buy,74816.56,1776669514524,0,0,0,,,,0,cancelled
2026-04-20 07:00,ord-000308,sell,74820.57,1776669514524,0,0,0,,,,0,cancelled
2026-04-20 07:00,ord-000309,buy,74811.34,1776669519524,0,0,0,,,,0,cancelled
2026-04-20 07:00,ord-000310,sell,74815.35,1776669519524,0,0,0,,,,0,cancelled
2026-04-20 07:00,ord-000311,buy,74809.24,1776669547524,0,0,0,,,,0,cancelled
2026-04-20 07:00,ord-000312,sell,74813.25,1776669547524,0,0,0,,,,0,cancelled
2026-04-20 07:00,ord-000313,buy,74806.77,1776669552524,0,0,0,,,,0,cancelled
2026-04-20 07:00,ord-000314,sell,74810.78,1776669552524,0,0,0,,,,0,cancelled
2026-04-20 07:00,ord-000315,buy,74803.32,1776669559324,0,0,0,,,,0,cancelled
2026-04-20 07:00,ord-000316,sell,74807.33,1776669559324,0,0,0,,,,0,cancelled
2026-04-20 07:00,ord-000317,buy,74798.13,1776669564325,0,0,0,,,,0,cancelled
2026-04-20 07:00,ord-000318,sell,74802.14,1776669564325,0,0,0,,,,0,cancelled
2026-04-20 07:00,ord-000319,buy,74800.87,1776669578024,0,0,0,,,,0,cancelled
2026-04-20 07:00,ord-000320,sell,74804.88,1776669578024,0,0,0,,,,0,cancelled
2026-04-20 07:00,ord-000321,buy,74815.43,1776669583024,0,0,0,,,,0,cancelled
2026-04-20 07:00,ord-000322,sell,74819.44,1776669583024,0,0,0,,,,0,cancelled
2026-04-20 07:00,ord-000323,buy,74813.51,1776669588024,0,0,0,,,,0,cancelled
2026-04-20 07:00,ord-000324,sell,74817.52,1776669588024,0,0,0,,,,0,cancelled
2026-04-20 07:00,ord-000325,buy,74847.99,1776669593024,0.07070000,0,0.05158103473788861599134623483,,,,0,cancelled
2026-04-20 07:00,ord-000326,sell,74852.00,1776669593024,0.00120000,0.00120000,0,,,,0,cancelled
2026-04-20 07:00,ord-000327,buy,74908.20,1776669598024,0,0,0,,,,0,cancelled
2026-04-20 07:00,ord-000328,sell,74912.21,1776669598024,0,0,0,,,,0,cancelled
2026-04-20 07:00,ord-000329,buy,74903.93,1776669603024,0,0,0,,,,0,cancelled
2026-04-20 07:00,ord-000330,sell,74907.94,1776669603024,0,0,0,,,,0,cancelled
2026-04-20 07:00,ord-000331,buy,74907.38,1776669608924,0,0,0,,,,0,cancelled
2026-04-20 07:00,ord-000332,sell,74911.39,1776669608924,0,0,0,,,,0,cancelled
2026-04-20 07:00,ord-000333,buy,74920.16,1776669613924,0,0,0,,,,0,cancelled
2026-04-20 07:00,ord-000334,sell,74924.17,1776669613924,0,0,0,,,,0,cancelled
2026-04-20 07:00,ord-000335,buy,74937.16,1776669618924,0,0,0,,,,0,cancelled
2026-04-20 07:00,ord-000336,sell,74941.17,1776669618924,0.01025000,0.009841217243333047476563276199,0.000408782756666952523436723801,1776669620365,0.009841217243333047476563276199,0.000000000000000000000000000000,0.000548782756666952523436723801,cancelled
2026-04-20 07:00,ord-000337,buy,74947.99,1776669623924,0,0,0,,,,0,cancelled
2026-04-20 07:00,ord-000338,sell,74952.00,1776669623924,0.00224000,0.00224000,0,,,,0,cancelled
2026-04-20 07:00,ord-000339,buy,74967.23,1776669628924,0,0,0,,,,0,cancelled
2026-04-20 07:00,ord-000340,sell,74971.24,1776669628924,0,0,0,,,,0,cancelled
2026-04-20 07:00,ord-000341,buy,74985.00,1776669633924,0,0,0,,,,0,cancelled
2026-04-20 07:00,ord-000342,sell,74989.01,1776669633924,0,0,0,,,,0,cancelled
2026-04-20 07:00,ord-000343,buy,74996.99,1776669638924,0,0,0,,,,0,cancelled
2026-04-20 07:00,ord-000344,sell,75001.00,1776669638924,0.00577000,0.00577000,0,,,,0,cancelled
2026-04-20 07:00,ord-000345,buy,75004.96,1776669643924,0,0,0,,,,0,cancelled
2026-04-20 07:00,ord-000346,sell,75008.97,1776669643924,0,0,0,,,,0,cancelled
2026-04-20 07:00,ord-000347,buy,75014.15,1776669648924,0,0,0,,,,0,cancelled
2026-04-20 07:00,ord-000348,sell,75018.16,1776669648924,0,0,0,,,,0,cancelled
2026-04-20 07:00,ord-000349,buy,75017.41,1776669654124,0,0,0,,,,0,cancelled
2026-04-20 07:00,ord-000350,sell,75021.42,1776669654124,0.00334000,0.00334000,0,,,,0,cancelled
2026-04-20 07:00,ord-000351,buy,75026.26,1776669659124,0,0,0,,,,0,cancelled
2026-04-20 07:00,ord-000352,sell,75030.27,1776669659124,0,0,0,,,,0,cancelled
2026-04-20 07:00,ord-000353,buy,75056.62,1776669664124,0,0,0,,,,0,cancelled
2026-04-20 07:00,ord-000354,sell,75060.63,1776669664124,0,0,0,,,,0,cancelled
2026-04-20 07:00,ord-000355,buy,75091.54,1776669669124,0,0,0,,,,0,cancelled
2026-04-20 07:00,ord-000356,sell,75095.55,1776669669124,0,0,0,,,,0,cancelled
2026-04-20 07:00,ord-000357,buy,75103.13,1776669674124,0,0,0,,,,0,cancelled
2026-04-20 07:00,ord-000358,sell,75107.14,1776669674124,0,0,0,,,,0,cancelled
2026-04-20 07:00,ord-000359,buy,75147.99,1776669679124,0,0,0,,,,0,cancelled
2026-04-20 07:00,ord-000360,sell,75152.00,1776669679124,0.00128000,0.00128000,0,,,,0,cancelled
2026-04-20 07:00,ord-000361,buy,75228.10,1776669684124,0,0,0,,,,0,cancelled
2026-04-20 07:00,ord-000362,sell,75232.11,1776669684124,0,0,0,,,,0,cancelled
2026-04-20 07:00,ord-000363,buy,75300.30,1776669689124,0,0,0,,,,0,cancelled
2026-04-20 07:00,ord-000364,sell,75304.31,1776669689124,0,0,0,,,,0,cancelled
2026-04-20 07:00,ord-000365,buy,75317.74,1776669694124,0,0,0,,,,0,cancelled
2026-04-20 07:00,ord-000366,sell,75321.75,1776669694124,0,0,0,,,,0,cancelled
2026-04-20 07:00,ord-000367,buy,75361.30,1776669699124,0,0,0,,,,0,cancelled
2026-04-20 07:00,ord-000368,sell,75365.31,1776669699124,0,0,0,,,,0,cancelled
2026-04-20 07:00,ord-000369,buy,75337.06,1776669704124,0,0,0,,,,0,cancelled
2026-04-20 07:00,ord-000370,sell,75341.07,1776669704124,0,0,0,,,,0,cancelled
2026-04-20 07:00,ord-000371,buy,75229.59,1776669709124,0,0,0,,,,0,cancelled
2026-04-20 07:00,ord-000372,sell,75233.60,1776669709124,0,0,0,,,,0,cancelled
2026-04-20 07:00,ord-000373,buy,75283.99,1776669714124,0,0,0,,,,0,cancelled
2026-04-20 07:00,ord-000374,sell,75288.00,1776669714124,0.00120000,0,0,,,,0,cancelled
2026-04-20 07:00,ord-000375,buy,75258.53,1776669719124,0,0,0,,,,0,cancelled
2026-04-20 07:00,ord-000376,sell,75262.54,1776669719124,0,0,0,,,,0,cancelled
2026-04-20 07:00,ord-000377,buy,75263.56,1776669724124,0,0,0,,,,0,cancelled
2026-04-20 07:00,ord-000378,sell,75267.57,1776669724124,0,0,0,,,,0,cancelled
2026-04-20 07:00,ord-000379,buy,75280.24,1776669729124,0.00007000,0,0.00007000,,,,0,cancelled
2026-04-20 07:00,ord-000380,sell,75284.25,1776669729124,0,0,0,,,,0,cancelled
2026-04-20 07:00,ord-000381,buy,75303.83,1776669734124,0,0,0,,,,0,cancelled
2026-04-20 07:00,ord-000382,sell,75307.84,1776669734124,0,0,0,,,,0,cancelled
2026-04-20 07:00,ord-000383,buy,75240.19,1776669739124,0,0,0,,,,0,cancelled
2026-04-20 07:00,ord-000384,sell,75244.20,1776669739124,0,0,0,,,,0,cancelled
2026-04-20 07:00,ord-000385,buy,75246.18,1776669744124,0,0,0,,,,0,cancelled
2026-04-20 07:00,ord-000386,sell,75250.19,1776669744124,0,0,0,,,,0,cancelled
2026-04-20 07:00,ord-000387,buy,75264.00,1776669749124,0.00173000,0.00173000,0,,,,0,cancelled
2026-04-20 07:00,ord-000388,sell,75268.01,1776669749124,0,0,0,,,,0,cancelled
2026-04-20 07:00,ord-000389,buy,75222.91,1776669754124,0,0,0,,,,0,cancelled
2026-04-20 07:00,ord-000390,sell,75226.92,1776669754124,0,0,0,,,,0,cancelled
2026-04-20 07:00,ord-000391,buy,75214.13,1776669759124,0,0,0,,,,0,cancelled
2026-04-20 07:00,ord-000392,sell,75218.14,1776669759124,0,0,0,,,,0,cancelled
2026-04-20 07:00,ord-000393,buy,75224.89,1776669764124,0,0,0,,,,0,cancelled
2026-04-20 07:00,ord-000394,sell,75228.90,1776669764124,0,0,0,,,,0,cancelled
2026-04-20 07:00,ord-000395,buy,75266.43,1776669769124,0,0,0,,,,0,cancelled
2026-04-20 07:00,ord-000396,sell,75270.44,1776669769124,0,0,0,,,,0,cancelled
2026-04-20 07:00,ord-000397,buy,75279.80,1776669774124,0,0,0,,,,0,cancelled
2026-04-20 07:00,ord-000398,sell,75283.81,1776669774124,0,0,0,,,,0,cancelled
2026-04-20 07:00,ord-000399,buy,75248.52,1776669779124,0,0,0,,,,0,cancelled
2026-04-20 07:00,ord-000400,sell,75252.53,1776669779124,0,0,0,,,,0,cancelled
2026-04-20 07:00,ord-000401,buy,75246.21,1776669784124,0,0,0,,,,0,cancelled
2026-04-20 07:00,ord-000402,sell,75250.22,1776669784124,0,0,0,,,,0,cancelled
2026-04-20 07:00,ord-000403,buy,75297.99,1776669789124,0.13453000,0,0.1345300000000000000000000000,,,,0,cancelled
2026-04-20 07:00,ord-000404,sell,75302.00,1776669789124,0.00120000,0.00120000,0,,,,0,cancelled
2026-04-20 07:00,ord-000405,buy,75320.47,1776669794124,0,0,0,,,,0,cancelled
2026-04-20 07:00,ord-000406,sell,75324.48,1776669794124,0.00008000,0,0.00007996319723979298447383553767,,,,0,cancelled
2026-04-20 07:00,ord-000407,buy,75312.17,1776669799124,0,0,0,,,,0,cancelled
2026-04-20 07:00,ord-000408,sell,75316.18,1776669799124,0,0,0,,,,0,cancelled
2026-04-20 07:00,ord-000409,buy,75315.99,1776669804124,0,0,0,,,,0,cancelled
2026-04-20 07:00,ord-000410,sell,75320.00,1776669804124,0.00120000,0.00120000,0,,,,0,cancelled
2026-04-20 07:00,ord-000411,buy,75347.13,1776669809124,0,0,0,,,,0,cancelled
2026-04-20 07:00,ord-000412,sell,75351.14,1776669809124,0,0,0,1776669812180,0,0,0.00007000,cancelled
2026-04-20 07:00,ord-000413,buy,75391.46,1776669814124,0,0,0,,,,0,cancelled
2026-04-20 07:00,ord-000414,sell,75395.47,1776669814124,0,0,0,,,,0,cancelled
2026-04-20 07:00,ord-000415,buy,75468.47,1776669819124,0,0,0,,,,0,cancelled
2026-04-20 07:00,ord-000416,sell,75472.48,1776669819124,0,0,0,,,,0,cancelled
2026-04-20 07:00,ord-000417,buy,75482.50,1776669824126,0,0,0,,,,0,cancelled
2026-04-20 07:00,ord-000418,sell,75486.51,1776669824126,0,0,0,,,,0,cancelled
2026-04-20 07:00,ord-000419,buy,75546.04,1776669829224,0,0,0,,,,0,cancelled
2026-04-20 07:00,ord-000420,sell,75550.05,1776669829224,0,0,0,,,,0,cancelled
2026-04-20 07:00,ord-000421,buy,75512.24,1776669834224,0,0,0,,,,0,cancelled
2026-04-20 07:00,ord-000422,sell,75516.25,1776669834224,0,0,0,,,,0,cancelled
2026-04-20 07:00,ord-000423,buy,75473.60,1776669839224,0,0,0,,,,0,cancelled
2026-04-20 07:00,ord-000424,sell,75477.61,1776669839224,0,0,0,,,,0,cancelled
2026-04-20 07:00,ord-000425,buy,75469.62,1776669844224,0,0,0,,,,0,cancelled
2026-04-20 07:00,ord-000426,sell,75473.63,1776669844224,0,0,0,,,,0,cancelled
2026-04-20 07:00,ord-000427,buy,75467.92,1776669849224,0,0,0,,,,0,cancelled
2026-04-20 07:00,ord-000428,sell,75471.93,1776669849224,0,0,0,,,,0,cancelled
2026-04-20 07:00,ord-000429,buy,75442.66,1776669854224,0,0,0,,,,0,cancelled
2026-04-20 07:00,ord-000430,sell,75446.67,1776669854224,0,0,0,,,,0,cancelled
2026-04-20 07:00,ord-000431,buy,75538.84,1776669859224,0,0,0,,,,0,cancelled
2026-04-20 07:00,ord-000432,sell,75542.85,1776669859224,0,0,0,,,,0,cancelled
2026-04-20 07:00,ord-000433,buy,75504.04,1776669864224,0,0,0,,,,0,cancelled
2026-04-20 07:00,ord-000434,sell,75508.05,1776669864224,0,0,0,,,,0,cancelled
2026-04-20 07:00,ord-000435,buy,75542.60,1776669869224,0,0,0,,,,0,cancelled
2026-04-20 07:00,ord-000436,sell,75546.61,1776669869224,0,0,0,,,,0,cancelled
2026-04-20 07:00,ord-000437,buy,75561.18,1776669874270,0,0,0,,,,0,cancelled
2026-04-20 07:00,ord-000438,sell,75565.19,1776669874270,0,0,0,,,,0,cancelled
2026-04-20 07:00,ord-000439,buy,75527.42,1776669879324,0.00007000,0.00007000,0,,,,0,cancelled
2026-04-20 07:00,ord-000440,sell,75531.43,1776669879324,0,0,0,,,,0,cancelled
2026-04-20 07:00,ord-000441,buy,75470.90,1776669884324,0.00007000,0,0.00007000,,,,0,cancelled
2026-04-20 07:00,ord-000442,sell,75474.91,1776669884324,0,0,0,,,,0,cancelled
2026-04-20 07:00,ord-000443,buy,75422.42,1776669889324,0,0,0,,,,0,cancelled
2026-04-20 07:00,ord-000444,sell,75426.43,1776669889324,0,0,0,,,,0,cancelled
2026-04-20 07:00,ord-000445,buy,75393.27,1776669894324,0,0,0,,,,0,cancelled
2026-04-20 07:00,ord-000446,sell,75397.28,1776669894324,0,0,0,,,,0,cancelled
2026-04-20 07:00,ord-000447,buy,75378.21,1776669899324,0,0,0,,,,0,cancelled
2026-04-20 07:00,ord-000448,sell,75382.22,1776669899324,0,0,0,,,,0,cancelled
2026-04-20 07:00,ord-000449,buy,75359.43,1776669904324,0,0,0,,,,0,cancelled
2026-04-20 07:00,ord-000450,sell,75363.44,1776669904324,0,0,0,,,,0,cancelled
2026-04-20 07:00,ord-000451,buy,75392.80,1776669909324,0,0,0,,,,0,cancelled
2026-04-20 07:00,ord-000452,sell,75396.81,1776669909324,0,0,0,,,,0,cancelled
2026-04-20 07:00,ord-000453,buy,75404.51,1776669914324,0,0,0,,,,0,cancelled
2026-04-20 07:00,ord-000454,sell,75408.52,1776669914324,0,0,0,,,,0,cancelled
2026-04-20 07:00,ord-000455,buy,75335.39,1776669919324,0,0,0,,,,0,cancelled
2026-04-20 07:00,ord-000456,sell,75339.40,1776669919324,0,0,0,,,,0,cancelled
2026-04-20 07:00,ord-000457,buy,75356.60,1776669924324,0,0,0,,,,0,cancelled
2026-04-20 07:00,ord-000458,sell,75360.61,1776669924324,0,0,0,,,,0,cancelled
2026-04-20 07:00,ord-000459,buy,75336.49,1776669929324,0,0,0,,,,0,cancelled
2026-04-20 07:00,ord-000460,sell,75340.50,1776669929324,0,0,0,,,,0,cancelled
2026-04-20 07:00,ord-000461,buy,75333.05,1776669934324,0,0,0,,,,0,cancelled
2026-04-20 07:00,ord-000462,sell,75337.06,1776669934324,0,0,0,,,,0,cancelled
2026-04-20 07:00,ord-000463,buy,75348.62,1776669939324,0,0,0,,,,0,cancelled
2026-04-20 07:00,ord-000464,sell,75352.63,1776669939324,0,0,0,,,,0,cancelled
2026-04-20 07:00,ord-000465,buy,75306.40,1776669944324,0,0,0,,,,0,cancelled
2026-04-20 07:00,ord-000466,sell,75310.41,1776669944324,0,0,0,,,,0,cancelled
2026-04-20 07:00,ord-000467,buy,75283.73,1776669949324,0,0,0,,,,0,cancelled
2026-04-20 07:00,ord-000468,sell,75287.74,1776669949324,0,0,0,,,,0,cancelled
2026-04-20 07:00,ord-000469,buy,75282.29,1776669954324,0,0,0,,,,0,cancelled
2026-04-20 07:00,ord-000470,sell,75286.30,1776669954324,0,0,0,,,,0,cancelled
2026-04-20 07:00,ord-000471,buy,75263.81,1776669959325,0,0,0,,,,0,cancelled
2026-04-20 07:00,ord-000472,sell,75267.82,1776669959325,0,0,0,,,,0,cancelled
2026-04-20 07:00,ord-000473,buy,75194.08,1776669964424,0,0,0,,,,0,cancelled
2026-04-20 07:00,ord-000474,sell,75198.09,1776669964424,0,0,0,,,,0,cancelled
2026-04-20 07:00,ord-000475,buy,75226.21,1776669969424,0,0,0,,,,0,cancelled
2026-04-20 07:00,ord-000476,sell,75230.22,1776669969424,0,0,0,,,,0,cancelled
2026-04-20 07:00,ord-000477,buy,75238.63,1776669974424,0,0,0,,,,0,cancelled
2026-04-20 07:00,ord-000478,sell,75242.64,1776669974424,0,0,0,,,,0,cancelled
2026-04-20 07:00,ord-000479,buy,75239.77,1776669979424,0,0,0,,,,0,cancelled
2026-04-20 07:00,ord-000480,sell,75243.78,1776669979424,0,0,0,,,,0,cancelled
2026-04-20 07:00,ord-000481,buy,75200.70,1776669984425,0,0,0,,,,0,cancelled
2026-04-20 07:00,ord-000482,sell,75204.71,1776669984425,0,0,0,,,,0,cancelled
2026-04-20 07:00,ord-000483,buy,75191.01,1776669989524,0,0,0,,,,0,cancelled
2026-04-20 07:00,ord-000484,sell,75195.02,1776669989524,1.61198000,0,1.611980000000000000000000000,,,,0,cancelled
2026-04-20 07:00,ord-000485,buy,75195.07,1776669994524,0,0,0,,,,0,cancelled
2026-04-20 07:00,ord-000486,sell,75199.08,1776669994524,0,0,0,,,,0,cancelled
2026-04-20 07:00,ord-000487,buy,75188.60,1776669999524,0,0,0,,,,0,cancelled
2026-04-20 07:00,ord-000488,sell,75192.61,1776669999524,0,0,0,,,,0,cancelled
2026-04-20 07:00,ord-000489,buy,75189.28,1776670004524,0,0,0,,,,0,cancelled
2026-04-20 07:00,ord-000490,sell,75193.29,1776670004524,0,0,0,,,,0,cancelled
2026-04-20 07:00,ord-000491,buy,75189.14,1776670009524,0,0,0,,,,0,cancelled
2026-04-20 07:00,ord-000492,sell,75193.15,1776670009524,0,0,0,,,,0,cancelled
2026-04-20 07:00,ord-000493,buy,75171.53,1776670014524,0,0,0,,,,0,cancelled
2026-04-20 07:00,ord-000494,sell,75175.54,1776670014524,0,0,0,,,,0,cancelled
2026-04-20 07:00,ord-000495,buy,75165.79,1776670019524,0,0,0,,,,0,cancelled
2026-04-20 07:00,ord-000496,sell,75169.80,1776670019524,0,0,0,,,,0,cancelled
2026-04-20 07:00,ord-000497,buy,75179.53,1776670024524,0,0,0,,,,0,cancelled
2026-04-20 07:00,ord-000498,sell,75183.54,1776670024524,0,0,0,,,,0,cancelled
2026-04-20 07:00,ord-000499,buy,75172.01,1776670029524,0,0,0,,,,0,cancelled
2026-04-20 07:00,ord-000500,sell,75176.02,1776670029524,0,0,0,,,,0,cancelled
2026-04-20 07:00,ord-000501,buy,75191.36,1776670034531,0,0,0,,,,0,cancelled
2026-04-20 07:00,ord-000502,sell,75195.37,1776670034531,0,0,0,,,,0,cancelled
2026-04-20 07:00,ord-000503,buy,75204.82,1776670039624,0,0,0,,,,0,cancelled
2026-04-20 07:00,ord-000504,sell,75208.83,1776670039624,0,0,0,,,,0,cancelled
2026-04-20 07:00,ord-000505,buy,75224.40,1776670044624,0,0,0,,,,0,cancelled
2026-04-20 07:00,ord-000506,sell,75228.41,1776670044624,0,0,0,,,,0,cancelled
2026-04-20 07:00,ord-000507,buy,75193.65,1776670049624,0,0,0,,,,0,cancelled
2026-04-20 07:00,ord-000508,sell,75197.66,1776670049624,0,0,0,,,,0,cancelled
2026-04-20 07:00,ord-000509,buy,75177.02,1776670054624,0,0,0,,,,0,cancelled
2026-04-20 07:00,ord-000510,sell,75181.03,1776670054624,0,0,0,,,,0,cancelled
2026-04-20 07:00,ord-000511,buy,75236.44,1776670059628,0,0,0,,,,0,cancelled
2026-04-20 07:00,ord-000512,sell,75240.45,1776670059628,0,0,0,,,,0,cancelled
2026-04-20 07:00,ord-000513,buy,75246.42,1776670064724,0,0,0,,,,0,cancelled
2026-04-20 07:00,ord-000514,sell,75250.43,1776670064724,0,0,0,,,,0,cancelled
2026-04-20 07:00,ord-000515,buy,75258.91,1776670069724,0,0,0,,,,0,cancelled
2026-04-20 07:00,ord-000516,sell,75262.92,1776670069724,0,0,0,,,,0,cancelled
2026-04-20 07:00,ord-000517,buy,75244.84,1776670074724,0,0,0,,,,0,cancelled
2026-04-20 07:00,ord-000518,sell,75248.85,1776670074724,0,0,0,,,,0,cancelled
2026-04-20 07:00,ord-000519,buy,75227.71,1776670079724,0,0,0,,,,0,cancelled
2026-04-20 07:00,ord-000520,sell,75231.72,1776670079724,0,0,0,,,,0,cancelled
2026-04-20 07:00,ord-000521,buy,75215.05,1776670084724,0,0,0,,,,0,cancelled
2026-04-20 07:00,ord-000522,sell,75219.06,1776670084724,0,0,0,,,,0,cancelled
2026-04-20 07:00,ord-000523,buy,75212.55,1776670090924,0,0,0,,,,0,cancelled
2026-04-20 07:00,ord-000524,sell,75216.56,1776670090924,0,0,0,,,,0,cancelled
2026-04-20 07:00,ord-000525,buy,75198.30,1776670095924,0,0,0,,,,0,cancelled
2026-04-20 07:00,ord-000526,sell,75202.31,1776670095924,0,0,0,,,,0,cancelled
2026-04-20 07:00,ord-000527,buy,75189.42,1776670100924,0,0,0,,,,0,cancelled
2026-04-20 07:00,ord-000528,sell,75193.43,1776670100924,0,0,0,,,,0,cancelled
2026-04-20 07:00,ord-000529,buy,75193.42,1776670105924,0,0,0,,,,0,cancelled
2026-04-20 07:00,ord-000530,sell,75197.43,1776670105924,0,0,0,,,,0,cancelled
2026-04-20 07:00,ord-000531,buy,75198.63,1776670110924,0,0,0,,,,0,cancelled
2026-04-20 07:00,ord-000532,sell,75202.64,1776670110924,0,0,0,,,,0,cancelled
2026-04-20 07:00,ord-000533,buy,75195.54,1776670116624,0,0,0,,,,0,cancelled
2026-04-20 07:00,ord-000534,sell,75199.55,1776670116624,0,0,0,,,,0,cancelled
2026-04-20 07:00,ord-000535,buy,75162.00,1776670121624,0.09339000,0.09250326272954924874791318864,0.00088673727045075125208681136,1776670122548,0.09223326272954924874791318864,0.00000000000000000000000000000,0.001,filled
2026-04-20 07:00,ord-000536,sell,75166.01,1776670121624,0.19814000,0,0.1981400000000000000000000000,,,,0,cancelled
2026-04-20 07:00,ord-000537,buy,75156.78,1776670122624,0,0,0,,,,0,cancelled
2026-04-20 07:00,ord-000538,sell,75160.79,1776670122624,0,0,0,,,,0,cancelled
2026-04-20 07:00,ord-000539,buy,75156.70,1776670131424,0,0,0,,,,0,cancelled
2026-04-20 07:00,ord-000540,sell,75160.71,1776670131424,0,0,0,,,,0,cancelled
2026-04-20 07:00,ord-000541,buy,75167.68,1776670142024,0,0,0,,,,0,cancelled
2026-04-20 07:00,ord-000542,sell,75171.69,1776670142024,0,0,0,,,,0,cancelled
2026-04-20 07:00,ord-000543,buy,75164.91,1776670152424,0,0,0,,,,0,cancelled
2026-04-20 07:00,ord-000544,sell,75168.92,1776670152424,0,0,0,,,,0,cancelled
2026-04-20 07:00,ord-000545,buy,75148.00,1776670157424,0.00120000,0.00120000,0,,,,0,cancelled
2026-04-20 07:00,ord-000546,sell,75152.01,1776670157424,0.13163000,0,0.1316300000000000000000000000,,,,0,cancelled
2026-04-20 07:00,ord-000547,buy,75138.05,1776670162424,0,0,0,,,,0,cancelled
2026-04-20 07:00,ord-000548,sell,75142.06,1776670162424,0,0,0,,,,0,cancelled
2026-04-20 07:00,ord-000549,buy,75175.28,1776670167424,0,0,0,,,,0,cancelled
2026-04-20 07:00,ord-000550,sell,75179.29,1776670167424,0,0,0,,,,0,cancelled
2026-04-20 07:00,ord-000551,buy,75185.99,1776670172424,0.00007000,0,0.00006999998881981322582065895643,,,,0,cancelled
2026-04-20 07:00,ord-000552,sell,75190.00,1776670172424,0.00120000,0.00120000,0,,,,0,cancelled
2026-04-20 07:00,ord-000553,buy,75189.99,1776670177424,0,0,0,,,,0,cancelled
2026-04-20 07:00,ord-000554,sell,75194.00,1776670177424,0.00120000,0,0,,,,0,cancelled
2026-04-20 07:00,ord-000555,buy,75184.49,1776670182424,0,0,0,,,,0,cancelled
2026-04-20 07:00,ord-000556,sell,75188.50,1776670182424,0,0,0,,,,0,cancelled
2026-04-20 07:00,ord-000557,buy,75192.01,1776670189024,0,0,0,,,,0,cancelled
2026-04-20 07:00,ord-000558,sell,75196.02,1776670189024,0,0,0,,,,0,cancelled
2026-04-20 07:00,ord-000559,buy,75197.99,1776670194024,0,0,0,,,,0,cancelled
2026-04-20 07:00,ord-000560,sell,75202.00,1776670194024,0.00127000,0.00127000,0,,,,0,cancelled
2026-04-20 07:00,ord-000561,buy,75204.47,1776670199024,0,0,0,,,,0,cancelled
2026-04-20 07:00,ord-000562,sell,75208.48,1776670199024,0,0,0,,,,0,cancelled
2026-04-20 07:00,ord-000563,buy,75227.81,1776670204024,0,0,0,,,,0,cancelled
2026-04-20 07:00,ord-000564,sell,75231.82,1776670204024,0,0,0,,,,0,cancelled
2026-04-20 07:00,ord-000565,buy,75228.07,1776670209024,0,0,0,,,,0,cancelled
2026-04-20 07:00,ord-000566,sell,75232.08,1776670209024,0,0,0,1776670211976,0,0,0.00008000,cancelled
2026-04-20 07:00,ord-000567,buy,75244.76,1776670214024,0,0,0,,,,0,cancelled
2026-04-20 07:00,ord-000568,sell,75248.77,1776670214024,0,0,0,,,,0,cancelled
2026-04-20 07:00,ord-000569,buy,75235.76,1776670219824,0,0,0,,,,0,cancelled
2026-04-20 07:00,ord-000570,sell,75239.77,1776670219824,0,0,0,,,,0,cancelled
2026-04-20 07:00,ord-000571,buy,75228.31,1776670227024,0,0,0,,,,0,cancelled
2026-04-20 07:00,ord-000572,sell,75232.32,1776670227024,0,0,0,,,,0,cancelled
2026-04-20 07:00,ord-000573,buy,75159.59,1776670232024,0,0,0,,,,0,cancelled
2026-04-20 07:00,ord-000574,sell,75163.60,1776670232024,0,0,0,,,,0,cancelled
2026-04-20 07:00,ord-000575,buy,75155.04,1776670237024,0,0,0,,,,0,cancelled
2026-04-20 07:00,ord-000576,sell,75159.05,1776670237024,0,0,0,,,,0,cancelled
2026-04-20 07:00,ord-000577,buy,75137.31,1776670242024,0,0,0,,,,0,cancelled
2026-04-20 07:00,ord-000578,sell,75141.32,1776670242024,0,0,0,,,,0,cancelled
2026-04-20 07:00,ord-000579,buy,75137.99,1776670247024,0,0,0,,,,0,cancelled
2026-04-20 07:00,ord-000580,sell,75142.00,1776670247024,0.00120000,0,0.001168565815324165029469548133,,,,0,cancelled
2026-04-20 07:00,ord-000581,buy,75127.81,1776670252024,0,0,0,,,,0,cancelled
2026-04-20 07:00,ord-000582,sell,75131.82,1776670252024,0,0,0,,,,0,cancelled
2026-04-20 07:00,ord-000583,buy,75137.33,1776670257024,0.00007000,0.00007000,0,1776670261412,0.00007000,0.00000000,0.00028000,cancelled
2026-04-20 07:00,ord-000584,sell,75141.34,1776670257024,0,0,0,,,,0,cancelled
2026-04-20 07:00,ord-000585,buy,75111.06,1776670262024,0,0,0,,,,0,cancelled
2026-04-20 07:00,ord-000586,sell,75115.07,1776670262024,0,0,0,,,,0,cancelled
2026-04-20 07:00,ord-000587,buy,75088.96,1776670267024,0,0,0,,,,0,cancelled
2026-04-20 07:00,ord-000588,sell,75092.97,1776670267024,0,0,0,,,,0,cancelled
2026-04-20 07:00,ord-000589,buy,75081.29,1776670272024,0,0,0,,,,0,cancelled
2026-04-20 07:00,ord-000590,sell,75085.30,1776670272024,0,0,0,,,,0,cancelled
2026-04-20 07:00,ord-000591,buy,75058.00,1776670277024,0.00120000,0.00120000,0,,,,0,cancelled
2026-04-20 07:00,ord-000592,sell,75062.01,1776670277024,0,0,0,,,,0,cancelled
2026-04-20 07:00,ord-000593,buy,75033.29,1776670282024,0,0,0,,,,0,cancelled
2026-04-20 07:00,ord-000594,sell,75037.30,1776670282024,0,0,0,,,,0,cancelled
2026-04-20 07:00,ord-000595,buy,75008.00,1776670287024,0.00174000,0.00174000,0,,,,0,cancelled
2026-04-20 07:00,ord-000596,sell,75012.01,1776670287024,0,0,0,,,,0,cancelled
2026-04-20 07:00,ord-000597,buy,74997.00,1776670292024,0,0,0,,,,0,cancelled
2026-04-20 07:00,ord-000598,sell,75001.01,1776670292024,0,0,0,,,,0,cancelled
2026-04-20 07:00,ord-000599,buy,74990.09,1776670297024,0,0,0,,,,0,cancelled
2026-04-20 07:00,ord-000600,sell,74994.10,1776670297024,0,0,0,,,,0,cancelled
2026-04-20 07:00,ord-000601,buy,75021.04,1776670302024,0,0,0,,,,0,cancelled
2026-04-20 07:00,ord-000602,sell,75025.05,1776670302024,0,0,0,,,,0,cancelled
2026-04-20 07:00,ord-000603,buy,75064.75,1776670307024,0,0,0,,,,0,cancelled
2026-04-20 07:00,ord-000604,sell,75068.76,1776670307024,0,0,0,,,,0,cancelled
2026-04-20 07:00,ord-000605,buy,75060.76,1776670312024,0,0,0,,,,0,cancelled
2026-04-20 07:00,ord-000606,sell,75064.77,1776670312024,0,0,0,,,,0,cancelled
2026-04-20 07:00,ord-000607,buy,75035.52,1776670317024,0,0,0,,,,0,cancelled
2026-04-20 07:00,ord-000608,sell,75039.53,1776670317024,0,0,0,,,,0,cancelled
2026-04-20 07:00,ord-000609,buy,75035.51,1776670322024,0,0,0,,,,0,cancelled
2026-04-20 07:00,ord-000610,sell,75039.52,1776670322024,0,0,0,,,,0,cancelled
2026-04-20 07:00,ord-000611,buy,75110.00,1776670327024,0,0,0,,,,0,cancelled
2026-04-20 07:00,ord-000612,sell,75114.01,1776670327024,0,0,0,,,,0,cancelled
2026-04-20 07:00,ord-000613,buy,75114.81,1776670332024,0,0,0,,,,0,cancelled
2026-04-20 07:00,ord-000614,sell,75118.82,1776670332024,0,0,0,,,,0,cancelled
2026-04-20 07:00,ord-000615,buy,75074.84,1776670337024,0,0,0,,,,0,cancelled
2026-04-20 07:00,ord-000616,sell,75078.85,1776670337024,0,0,0,,,,0,cancelled
2026-04-20 07:00,ord-000617,buy,75098.36,1776670342024,0,0,0,,,,0,cancelled
2026-04-20 07:00,ord-000618,sell,75102.37,1776670342024,0,0,0,,,,0,cancelled
2026-04-20 07:00,ord-000619,buy,75111.27,1776670347024,0.00014000,0.00014000,0,1776670347665,0.00014000,0.00000000,0.00007000,cancelled
2026-04-20 07:00,ord-000620,sell,75115.28,1776670347024,0,0,0,,,,0,cancelled
2026-04-20 07:00,ord-000621,buy,75105.55,1776670352024,0,0,0,,,,0,cancelled
2026-04-20 07:00,ord-000622,sell,75109.56,1776670352024,0.00007000,0,0.00007000,,,,0,cancelled
2026-04-20 07:00,ord-000623,buy,75094.11,1776670357024,0,0,0,,,,0,cancelled
2026-04-20 07:00,ord-000624,sell,75098.12,1776670357024,0,0,0,,,,0,cancelled
2026-04-20 07:00,ord-000625,buy,75109.19,1776670362024,0,0,0,,,,0,cancelled
2026-04-20 07:00,ord-000626,sell,75113.20,1776670362024,0,0,0,,,,0,cancelled
2026-04-20 07:00,ord-000627,buy,75107.98,1776670367024,0.00014000,0,0.00014000,,,,0,cancelled
2026-04-20 07:00,ord-000628,sell,75111.99,1776670367024,0,0,0,,,,0,cancelled
2026-04-20 07:00,ord-000629,buy,75136.06,1776670372024,0,0,0,,,,0,cancelled
2026-04-20 07:00,ord-000630,sell,75140.07,1776670372024,0,0,0,,,,0,cancelled
2026-04-20 07:00,ord-000631,buy,75147.99,1776670378938,0,0,0,,,,0,cancelled
2026-04-20 07:00,ord-000632,sell,75152.00,1776670378938,0.00128000,0,0,,,,0,cancelled
2026-04-20 07:00,ord-000633,buy,75116.92,1776670384024,0.00008000,0.00008000,0,,,,0,cancelled
2026-04-20 07:00,ord-000634,sell,75120.93,1776670384024,0,0,0,,,,0,cancelled
2026-04-20 07:00,ord-000635,buy,75108.00,1776670389024,0.00243000,0.00243000,0,,,,0,cancelled
2026-04-20 07:00,ord-000636,sell,75112.01,1776670389024,0.00007000,0,0.00007000,,,,0,cancelled
2026-04-20 07:00,ord-000637,buy,75087.74,1776670394026,0,0,0,,,,0,cancelled
2026-04-20 07:00,ord-000638,sell,75091.75,1776670394026,0,0,0,,,,0,cancelled
2026-04-20 07:00,ord-000639,buy,75081.50,1776670399124,0,0,0,,,,0,cancelled
2026-04-20 07:00,ord-000640,sell,75085.51,1776670399124,0,0,0,,,,0,cancelled
2026-04-20 07:00,ord-000641,buy,75069.75,1776670404124,0,0,0,,,,0,cancelled
2026-04-20 07:00,ord-000642,sell,75073.76,1776670404124,0,0,0,,,,0,cancelled
2026-04-20 07:00,ord-000643,buy,75081.49,1776670409124,0,0,0,,,,0,cancelled
2026-04-20 07:00,ord-000644,sell,75085.50,1776670409124,0,0,0,,,,0,cancelled
2026-04-20 07:00,ord-000645,buy,75064.38,1776670414124,0,0,0,,,,0,cancelled
2026-04-20 07:00,ord-000646,sell,75068.39,1776670414124,0,0,0,,,,0,cancelled
2026-04-20 07:00,ord-000647,buy,75081.19,1776670419124,0,0,0,,,,0,cancelled
2026-04-20 07:00,ord-000648,sell,75085.20,1776670419124,0,0,0,,,,0,cancelled
2026-04-20 07:00,ord-000649,buy,75064.38,1776670424124,0,0,0,,,,0,cancelled
2026-04-20 07:00,ord-000650,sell,75068.39,1776670424124,0,0,0,,,,0,cancelled
2026-04-20 07:00,ord-000651,buy,75056.95,1776670429124,0,0,0,,,,0,cancelled
2026-04-20 07:00,ord-000652,sell,75060.96,1776670429124,0,0,0,,,,0,cancelled
2026-04-20 07:00,ord-000653,buy,75081.19,1776670434124,0,0,0,,,,0,cancelled
2026-04-20 07:00,ord-000654,sell,75085.20,1776670434124,0,0,0,,,,0,cancelled
2026-04-20 07:00,ord-000655,buy,75077.99,1776670447024,0,0,0,,,,0,cancelled
2026-04-20 07:00,ord-000656,sell,75082.00,1776670447024,0,0,0,,,,0,cancelled
2026-04-20 07:00,ord-000657,buy,75076.72,1776670452024,0,0,0,,,,0,cancelled
2026-04-20 07:00,ord-000658,sell,75080.73,1776670452024,0,0,0,,,,0,cancelled
2026-04-20 07:00,ord-000659,buy,75090.53,1776670457024,0,0,0,,,,0,cancelled
2026-04-20 07:00,ord-000660,sell,75094.54,1776670457024,0,0,0,,,,0,cancelled
2026-04-20 07:00,ord-000661,buy,75097.99,1776670462024,0,0,0,,,,0,cancelled
2026-04-20 07:00,ord-000662,sell,75102.00,1776670462024,0.00120000,0.00120000,0,1776670467058,0.00120000,0.00000000,0.001,filled
2026-04-20 07:00,ord-000663,buy,75100.47,1776670467124,0,0,0,,,,0,cancelled
2026-04-20 07:00,ord-000664,sell,75104.48,1776670467124,0,0,0,,,,0,cancelled
2026-04-20 07:00,ord-000665,buy,75103.99,1776670472124,0,0,0,,,,0,cancelled
2026-04-20 07:00,ord-000666,sell,75108.00,1776670472124,0.00120000,0.00120000,0,,,,0,cancelled
2026-04-20 07:00,ord-000667,buy,75109.34,1776670477125,0.38704000,0.00007000000000000000000000000143,0.3869700000000000000000000000,1776670478515,0.00007000000000000000000000000143,0.00000000000000000000000000000000,0.00006999999999999999999999999857,cancelled
2026-04-20 07:00,ord-000668,sell,75113.35,1776670477125,0,0,0,,,,0,cancelled
2026-04-20 07:00,ord-000669,buy,75102.00,1776670482224,0.00080000,0.00080000,0,,,,0,cancelled
2026-04-20 07:00,ord-000670,sell,75106.01,1776670482224,0,0,0,,,,0,cancelled
2026-04-20 07:00,ord-000671,buy,75118.21,1776670487224,0,0,0,,,,0,cancelled
2026-04-20 07:00,ord-000672,sell,75122.22,1776670487224,0,0,0,,,,0,cancelled
2026-04-20 07:00,ord-000673,buy,75112.72,1776670492224,0,0,0,,,,0,cancelled
2026-04-20 07:00,ord-000674,sell,75116.73,1776670492224,0,0,0,,,,0,cancelled
2026-04-20 07:00,ord-000675,buy,75067.73,1776670497224,0,0,0,,,,0,cancelled
2026-04-20 07:00,ord-000676,sell,75071.74,1776670497224,0,0,0,,,,0,cancelled
2026-04-20 07:00,ord-000677,buy,75067.00,1776670502924,0,0,0,,,,0,cancelled
2026-04-20 07:00,ord-000678,sell,75071.01,1776670502924,0,0,0,,,,0,cancelled
2026-04-20 07:00,ord-000679,buy,75038.00,1776670507924,0.00120000,0.00120000,0,,,,0,cancelled
2026-04-20 07:00,ord-000680,sell,75042.01,1776670507924,0.00014000,0,0.000140000,,,,0,cancelled
2026-04-20 07:00,ord-000681,buy,75041.85,1776670512924,0,0,0,,,,0,cancelled
2026-04-20 07:00,ord-000682,sell,75045.86,1776670512924,0,0,0,,,,0,cancelled
2026-04-20 07:00,ord-000683,buy,75043.31,1776670517924,0,0,0,,,,0,cancelled
2026-04-20 07:00,ord-000684,sell,75047.32,1776670517924,0,0,0,,,,0,cancelled
2026-04-20 07:00,ord-000685,buy,75055.60,1776670522924,0,0,0,,,,0,cancelled
2026-04-20 07:00,ord-000686,sell,75059.61,1776670522924,0,0,0,,,,0,cancelled
2026-04-20 07:00,ord-000687,buy,75040.00,1776670527924,0.00120000,0,0,,,,0,cancelled
2026-04-20 07:00,ord-000688,sell,75044.01,1776670527924,0,0,0,,,,0,cancelled
2026-04-20 07:00,ord-000689,buy,75038.12,1776670534024,0,0,0,,,,0,cancelled
2026-04-20 07:00,ord-000690,sell,75042.13,1776670534024,0,0,0,,,,0,cancelled
2026-04-20 07:00,ord-000691,buy,75005.02,1776670539024,0,0,0,,,,0,cancelled
2026-04-20 07:00,ord-000692,sell,75009.03,1776670539024,0,0,0,,,,0,cancelled
2026-04-20 07:00,ord-000693,buy,75012.98,1776670544024,0,0,0,,,,0,cancelled
2026-04-20 07:00,ord-000694,sell,75016.99,1776670544024,0,0,0,,,,0,cancelled
2026-04-20 07:00,ord-000695,buy,75038.10,1776670549024,0,0,0,,,,0,cancelled
2026-04-20 07:00,ord-000696,sell,75042.11,1776670549024,0,0,0,,,,0,cancelled
2026-04-20 07:00,ord-000697,buy,75037.45,1776670554024,0,0,0,,,,0,cancelled
2026-04-20 07:00,ord-000698,sell,75041.46,1776670554024,0,0,0,,,,0,cancelled
2026-04-20 07:00,ord-000699,buy,75020.00,1776670559024,0.00120000,0.00120000,0,,,,0,cancelled
2026-04-20 07:00,ord-000700,sell,75024.01,1776670559024,0,0,0,,,,0,cancelled
2026-04-20 07:00,ord-000701,buy,74992.15,1776670564025,0,0,0,,,,0,cancelled
2026-04-20 07:00,ord-000702,sell,74996.16,1776670564025,0,0,0,,,,0,cancelled
2026-04-20 07:00,ord-000703,buy,74965.98,1776670569124,0,0,0,,,,0,cancelled
2026-04-20 07:00,ord-000704,sell,74969.99,1776670569124,0,0,0,,,,0,cancelled
2026-04-20 07:00,ord-000705,buy,74957.12,1776670574124,0,0,0,,,,0,cancelled
2026-04-20 07:00,ord-000706,sell,74961.13,1776670574124,0,0,0,,,,0,cancelled
2026-04-20 07:00,ord-000707,buy,74930.40,1776670579124,0,0,0,,,,0,cancelled
2026-04-20 07:00,ord-000708,sell,74934.41,1776670579124,0,0,0,,,,0,cancelled
2026-04-20 07:00,ord-000709,buy,74946.94,1776670584124,0,0,0,,,,0,cancelled
2026-04-20 07:00,ord-000710,sell,74950.95,1776670584124,0,0,0,,,,0,cancelled
2026-04-20 07:00,ord-000711,buy,74960.60,1776670589124,0,0,0,,,,0,cancelled
2026-04-20 07:00,ord-000712,sell,74964.61,1776670589124,0,0,0,,,,0,cancelled
2026-04-20 07:00,ord-000713,buy,74977.73,1776670594124,0,0,0,,,,0,cancelled
2026-04-20 07:00,ord-000714,sell,74981.74,1776670594124,0,0,0,,,,0,cancelled
2026-04-20 07:00,ord-000715,buy,74972.03,1776670599124,0,0,0,,,,0,cancelled
2026-04-20 07:00,ord-000716,sell,74976.04,1776670599124,0,0,0,,,,0,cancelled
2026-04-20 07:00,ord-000717,buy,74983.17,1776670604124,0,0,0,,,,0,cancelled
2026-04-20 07:00,ord-000718,sell,74987.18,1776670604124,0,0,0,,,,0,cancelled
2026-04-20 07:00,ord-000719,buy,74985.66,1776670609124,0,0,0,,,,0,cancelled
2026-04-20 07:00,ord-000720,sell,74989.67,1776670609124,0,0,0,,,,0,cancelled
2026-04-20 07:00,ord-000721,buy,74933.67,1776670614124,0,0,0,,,,0,cancelled
2026-04-20 07:00,ord-000722,sell,74937.68,1776670614124,0,0,0,,,,0,cancelled
2026-04-20 07:00,ord-000723,buy,74940.22,1776670619124,0,0,0,,,,0,cancelled
2026-04-20 07:00,ord-000724,sell,74944.23,1776670619124,0,0,0,,,,0,cancelled
2026-04-20 07:00,ord-000725,buy,74926.00,1776670624124,0.00120000,0,0,,,,0,cancelled
2026-04-20 07:00,ord-000726,sell,74930.01,1776670624124,0.00007000,0.00007000,0,1776670624690,0.00007000,0.00000000,0.001,filled
2026-04-20 07:00,ord-000727,buy,74930.95,1776670624724,0,0,0,,,,0,cancelled
2026-04-20 07:00,ord-000728,sell,74934.96,1776670624724,0,0,0,,,,0,cancelled
2026-04-20 07:00,ord-000729,buy,74919.44,1776670629724,0,0,0,,,,0,cancelled
2026-04-20 07:00,ord-000730,sell,74923.45,1776670629724,0,0,0,,,,0,cancelled
2026-04-20 07:00,ord-000731,buy,74899.67,1776670634728,0,0,0,,,,0,cancelled
2026-04-20 07:00,ord-000732,sell,74903.68,1776670634728,0,0,0,,,,0,cancelled
2026-04-20 07:00,ord-000733,buy,74917.57,1776670639826,0,0,0,,,,0,cancelled
2026-04-20 07:00,ord-000734,sell,74921.58,1776670639826,0,0,0,,,,0,cancelled
2026-04-20 07:00,ord-000735,buy,74902.96,1776670644924,0,0,0,,,,0,cancelled
2026-04-20 07:00,ord-000736,sell,74906.97,1776670644924,0,0,0,,,,0,cancelled
2026-04-20 07:00,ord-000737,buy,74911.65,1776670649924,0,0,0,,,,0,cancelled
2026-04-20 07:00,ord-000738,sell,74915.66,1776670649924,0,0,0,,,,0,cancelled
2026-04-20 07:00,ord-000739,buy,74891.77,1776670654924,0,0,0,,,,0,cancelled
2026-04-20 07:00,ord-000740,sell,74895.78,1776670654924,0.90632000,0,0.5575459486056792195613202647,,,,0,cancelled
2026-04-20 07:00,ord-000741,buy,74859.70,1776670659924,0,0,0,,,,0,cancelled
2026-04-20 07:00,ord-000742,sell,74863.71,1776670659924,0,0,0,,,,0,cancelled
2026-04-20 07:00,ord-000743,buy,74856.88,1776670664924,0,0,0,,,,0,cancelled
2026-04-20 07:00,ord-000744,sell,74860.89,1776670664924,0,0,0,,,,0,cancelled
2026-04-20 07:00,ord-000745,buy,74887.30,1776670669924,0,0,0,,,,0,cancelled
2026-04-20 07:00,ord-000746,sell,74891.31,1776670669924,0,0,0,,,,0,cancelled
2026-04-20 07:00,ord-000747,buy,74901.99,1776670674924,0,0,0,,,,0,cancelled
2026-04-20 07:00,ord-000748,sell,74906.00,1776670674924,0.00127000,0.00120000,0.000070000000000000000000000000,,,,0,cancelled
2026-04-20 07:00,ord-000749,buy,74910.46,1776670679924,0,0,0,,,,0,cancelled
2026-04-20 07:00,ord-000750,sell,74914.47,1776670679924,0,0,0,,,,0,cancelled
2026-04-20 07:00,ord-000751,buy,74911.15,1776670684924,0,0,0,,,,0,cancelled
2026-04-20 07:00,ord-000752,sell,74915.16,1776670684924,0,0,0,,,,0,cancelled
2026-04-20 07:00,ord-000753,buy,74937.53,1776670689924,0,0,0,,,,0,cancelled
2026-04-20 07:00,ord-000754,sell,74941.54,1776670689924,0,0,0,,,,0,cancelled
2026-04-20 07:00,ord-000755,buy,74947.99,1776670694924,0.52235000,0.00006989345509893455098934551146,0.5222801065449010654490106545,1776670696873,0.00006989345509893455098934551146,0.00000000000000000000000000000000,0.0002801065449010654490106544885,cancelled
2026-04-20 07:00,ord-000756,sell,74952.00,1776670694924,0.00120000,0,0,,,,0,cancelled
2026-04-20 07:00,ord-000757,buy,74940.70,1776670699924,0,0,0,,,,0,cancelled
2026-04-20 07:00,ord-000758,sell,74944.71,1776670699924,0,0,0,,,,0,cancelled
2026-04-20 07:00,ord-000759,buy,74946.24,1776670704924,0,0,0,,,,0,cancelled
2026-04-20 07:00,ord-000760,sell,74950.25,1776670704924,0,0,0,,,,0,cancelled
2026-04-20 07:00,ord-000761,buy,74941.99,1776670710224,0,0,0,,,,0,cancelled
2026-04-20 07:00,ord-000762,sell,74946.00,1776670710224,0,0,0,,,,0,cancelled
2026-04-20 07:00,ord-000763,buy,74911.27,1776670715224,0,0,0,,,,0,cancelled
2026-04-20 07:00,ord-000764,sell,74915.28,1776670715224,0,0,0,,,,0,cancelled
2026-04-20 07:00,ord-000765,buy,74919.15,1776670720224,0,0,0,,,,0,cancelled
2026-04-20 07:00,ord-000766,sell,74923.16,1776670720224,0,0,0,,,,0,cancelled
2026-04-20 07:00,ord-000767,buy,74925.99,1776670725224,0,0,0,,,,0,cancelled
2026-04-20 07:00,ord-000768,sell,74930.00,1776670725224,0,0,0,,,,0,cancelled
2026-04-20 07:00,ord-000769,buy,74944.13,1776670734124,0,0,0,,,,0,cancelled
2026-04-20 07:00,ord-000770,sell,74948.14,1776670734124,0,0,0,,,,0,cancelled
2026-04-20 07:00,ord-000771,buy,74936.80,1776670739124,0,0,0,,,,0,cancelled
2026-04-20 07:00,ord-000772,sell,74940.81,1776670739124,0,0,0,,,,0,cancelled
2026-04-20 07:00,ord-000773,buy,74935.09,1776670744324,0,0,0,,,,0,cancelled
2026-04-20 07:00,ord-000774,sell,74939.10,1776670744324,0,0,0,,,,0,cancelled
2026-04-20 07:00,ord-000775,buy,74930.00,1776670749324,0.00120000,0,0,,,,0,cancelled
2026-04-20 07:00,ord-000776,sell,74934.01,1776670749324,0,0,0,,,,0,cancelled
2026-04-20 07:00,ord-000777,buy,74948.00,1776670755624,0,0,0,,,,0,cancelled
2026-04-20 07:00,ord-000778,sell,74952.01,1776670755624,0,0,0,,,,0,cancelled
2026-04-20 07:00,ord-000779,buy,74936.93,1776670773824,0,0,0,,,,0,cancelled
2026-04-20 07:00,ord-000780,sell,74940.94,1776670773824,0,0,0,,,,0,cancelled
2026-04-20 07:00,ord-000781,buy,74944.42,1776670779024,0,0,0,,,,0,cancelled
2026-04-20 07:00,ord-000782,sell,74948.43,1776670779024,0,0,0,,,,0,cancelled
2026-04-20 07:00,ord-000783,buy,74937.32,1776670784024,0,0,0,,,,0,cancelled
2026-04-20 07:00,ord-000784,sell,74941.33,1776670784024,0,0,0,,,,0,cancelled
2026-04-20 07:00,ord-000785,buy,74930.00,1776670789024,0.00120000,0.00120000,0,,,,0,cancelled
2026-04-20 07:00,ord-000786,sell,74934.01,1776670789024,0,0,0,,,,0,cancelled
2026-04-20 07:00,ord-000787,buy,74933.99,1776670794824,0.04007000,0,0.04006740397350993377483443709,,,,0,cancelled
2026-04-20 07:00,ord-000788,sell,74938.00,1776670794824,0.00080000,0.00080000,0,1776670802038,0.00080000,0.00000000,0.001,filled
2026-04-20 07:00,ord-000789,buy,74941.51,1776670802124,0,0,0,,,,0,cancelled
2026-04-20 07:00,ord-000790,sell,74945.52,1776670802124,0,0,0,,,,0,cancelled
2026-04-20 07:00,ord-000791,buy,74948.00,1776670807124,0,0,0,1776670812822,0,0,0.001,filled
2026-04-20 07:00,ord-000792,sell,74952.01,1776670807124,0,0,0,,,,0,cancelled
2026-04-20 07:00,ord-000793,buy,74947.42,1776670812824,0,0,0,,,,0,cancelled
2026-04-20 07:00,ord-000794,sell,74951.43,1776670812824,0,0,0,,,,0,cancelled
2026-04-20 07:00,ord-000795,buy,74940.50,1776670817824,0,0,0,,,,0,cancelled
2026-04-20 07:00,ord-000796,sell,74944.51,1776670817824,0,0,0,,,,0,cancelled
2026-04-20 07:00,ord-000797,buy,74939.28,1776670822824,0,0,0,,,,0,cancelled
2026-04-20 07:00,ord-000798,sell,74943.29,1776670822824,0,0,0,,,,0,cancelled
2026-04-20 07:00,ord-000799,buy,74942.49,1776670829424,0,0,0,,,,0,cancelled
2026-04-20 07:00,ord-000800,sell,74946.50,1776670829424,0,0,0,,,,0,cancelled
2026-04-20 07:00,ord-000801,buy,74947.27,1776670834424,0,0,0,,,,0,cancelled
2026-04-20 07:00,ord-000802,sell,74951.28,1776670834424,0,0,0,,,,0,cancelled
2026-04-20 07:00,ord-000803,buy,74947.99,1776670853924,0,0,0,,,,0,cancelled
2026-04-20 07:00,ord-000804,sell,74952.00,1776670853924,0.00120000,0,0,,,,0,cancelled
2026-04-20 07:00,ord-000805,buy,74945.18,1776670872524,0,0,0,,,,0,cancelled
2026-04-20 07:00,ord-000806,sell,74949.19,1776670872524,0,0,0,,,,0,cancelled
2026-04-20 07:00,ord-000807,buy,74941.51,1776670877524,0.00007000,0.00007000,0,,,,0,cancelled
2026-04-20 07:00,ord-000808,sell,74945.52,1776670877524,0,0,0,,,,0,cancelled
2026-04-20 07:00,ord-000809,buy,74936.38,1776670882524,0,0,0,,,,0,cancelled
2026-04-20 07:00,ord-000810,sell,74940.39,1776670882524,0,0,0,,,,0,cancelled
2026-04-20 07:00,ord-000811,buy,74926.49,1776670887524,0,0,0,,,,0,cancelled
2026-04-20 07:00,ord-000812,sell,74930.50,1776670887524,0,0,0,,,,0,cancelled
2026-04-20 07:00,ord-000813,buy,74921.38,1776670892524,0,0,0,,,,0,cancelled
2026-04-20 07:00,ord-000814,sell,74925.39,1776670892524,0,0,0,,,,0,cancelled
2026-04-20 07:00,ord-000815,buy,74926.80,1776670897524,0,0,0,,,,0,cancelled
2026-04-20 07:00,ord-000816,sell,74930.81,1776670897524,0,0,0,,,,0,cancelled
2026-04-20 07:00,ord-000817,buy,74931.79,1776670913724,0,0,0,,,,0,cancelled
2026-04-20 07:00,ord-000818,sell,74935.80,1776670913724,0,0,0,,,,0,cancelled
2026-04-20 07:00,ord-000819,buy,74937.09,1776670918724,0,0,0,,,,0,cancelled
2026-04-20 07:00,ord-000820,sell,74941.10,1776670918724,0,0,0,,,,0,cancelled
2026-04-20 07:00,ord-000821,buy,74934.40,1776670929947,0,0,0,,,,0,cancelled
2026-04-20 07:00,ord-000822,sell,74938.41,1776670929947,0,0,0,,,,0,cancelled
2026-04-20 07:00,ord-000823,buy,74926.80,1776670935024,0,0,0,,,,0,cancelled
2026-04-20 07:00,ord-000824,sell,74930.81,1776670935024,0,0,0,,,,0,cancelled
2026-04-20 07:00,ord-000825,buy,74930.69,1776670945024,0,0,0,,,,0,cancelled
2026-04-20 07:00,ord-000826,sell,74934.70,1776670945024,0,0,0,,,,0,cancelled
2026-04-20 07:00,ord-000827,buy,74941.99,1776670950024,0,0,0,,,,0,cancelled
2026-04-20 07:00,ord-000828,sell,74946.00,1776670950024,0.00120000,0.00120000,0,,,,0,cancelled
2026-04-20 07:00,ord-000829,buy,74945.08,1776670955024,0,0,0,,,,0,cancelled
2026-04-20 07:00,ord-000830,sell,74949.09,1776670955024,0,0,0,,,,0,cancelled
2026-04-20 07:00,ord-000831,buy,74941.77,1776670960024,0,0,0,,,,0,cancelled
2026-04-20 07:00,ord-000832,sell,74945.78,1776670960024,0,0,0,,,,0,cancelled
2026-04-20 07:00,ord-000833,buy,74941.78,1776670980424,0,0,0,,,,0,cancelled
2026-04-20 07:00,ord-000834,sell,74945.79,1776670980424,0,0,0,,,,0,cancelled
2026-04-20 07:00,ord-000835,buy,74947.99,1776670985425,0,0,0,,,,0,cancelled
2026-04-20 07:00,ord-000836,sell,74952.00,1776670985425,0.00120000,0.00120000,0,,,,0,cancelled
2026-04-20 07:00,ord-000837,buy,74951.99,1776670990524,0,0,0,,,,0,cancelled
2026-04-20 07:00,ord-000838,sell,74956.00,1776670990524,0.00120000,0.00120000,0,1776670991266,0.00056000,0.00000000,0.001,filled
2026-04-20 07:00,ord-000839,buy,74955.11,1776670991324,0,0,0,,,,0,cancelled
2026-04-20 07:00,ord-000840,sell,74959.12,1776670991324,0,0,0,,,,0,cancelled
2026-04-20 07:00,ord-000841,buy,74958.94,1776670996324,0,0,0,,,,0,cancelled
2026-04-20 07:00,ord-000842,sell,74962.95,1776670996324,0,0,0,,,,0,cancelled
2026-04-20 07:00,ord-000843,buy,74959.97,1776671002624,0,0,0,,,,0,cancelled
2026-04-20 07:00,ord-000844,sell,74963.98,1776671002624,0,0,0,,,,0,cancelled
2026-04-20 07:00,ord-000845,buy,74966.83,1776671007624,0,0,0,,,,0,cancelled
2026-04-20 07:00,ord-000846,sell,74970.84,1776671007624,0,0,0,,,,0,cancelled
2026-04-20 07:00,ord-000847,buy,74963.06,1776671014324,0,0,0,,,,0,cancelled
2026-04-20 07:00,ord-000848,sell,74967.07,1776671014324,0,0,0,,,,0,cancelled
2026-04-20 07:00,ord-000849,buy,74957.33,1776671038124,0,0,0,,,,0,cancelled
2026-04-20 07:00,ord-000850,sell,74961.34,1776671038124,0,0,0,,,,0,cancelled
2026-04-20 07:00,ord-000851,buy,74952.86,1776671047424,0,0,0,,,,0,cancelled
2026-04-20 07:00,ord-000852,sell,74956.87,1776671047424,0,0,0,,,,0,cancelled
2026-04-20 07:00,ord-000853,buy,74942.76,1776671061524,0,0,0,,,,0,cancelled
2026-04-20 07:00,ord-000854,sell,74946.77,1776671061524,0,0,0,,,,0,cancelled
2026-04-20 07:00,ord-000855,buy,74947.25,1776671072224,0,0,0,,,,0,cancelled
2026-04-20 07:00,ord-000856,sell,74951.26,1776671072224,0,0,0,,,,0,cancelled
2026-04-20 07:00,ord-000857,buy,74957.11,1776671077224,0.00007000,0,0.00007000,,,,0,cancelled
2026-04-20 07:00,ord-000858,sell,74961.12,1776671077224,0,0,0,,,,0,cancelled
2026-04-20 07:00,ord-000859,buy,74971.71,1776671082225,0,0,0,,,,0,cancelled
2026-04-20 07:00,ord-000860,sell,74975.72,1776671082225,0,0,0,,,,0,cancelled
2026-04-20 07:00,ord-000861,buy,74965.01,1776671095944,0,0,0,,,,0,cancelled
2026-04-20 07:00,ord-000862,sell,74969.02,1776671095944,0,0,0,,,,0,cancelled
2026-04-20 07:00,ord-000863,buy,74945.52,1776671101024,0,0,0,,,,0,cancelled
2026-04-20 07:00,ord-000864,sell,74949.53,1776671101024,0,0,0,,,,0,cancelled
2026-04-20 07:00,ord-000865,buy,74901.38,1776671106030,0,0,0,,,,0,cancelled
2026-04-20 07:00,ord-000866,sell,74905.39,1776671106030,0,0,0,,,,0,cancelled
2026-04-20 07:00,ord-000867,buy,74877.00,1776671111124,0,0,0,,,,0,cancelled
2026-04-20 07:00,ord-000868,sell,74881.01,1776671111124,0,0,0,,,,0,cancelled
2026-04-20 07:00,ord-000869,buy,74877.70,1776671120624,0,0,0,,,,0,cancelled
2026-04-20 07:00,ord-000870,sell,74881.71,1776671120624,0,0,0,,,,0,cancelled
2026-04-20 07:00,ord-000871,buy,74900.53,1776671125624,0.00020000,0,0.00020000,,,,0,cancelled
2026-04-20 07:00,ord-000872,sell,74904.54,1776671125624,0,0,0,,,,0,cancelled
2026-04-20 07:00,ord-000873,buy,74893.39,1776671130624,0,0,0,,,,0,cancelled
2026-04-20 07:00,ord-000874,sell,74897.40,1776671130624,0,0,0,,,,0,cancelled
2026-04-20 07:00,ord-000875,buy,74889.23,1776671135624,0,0,0,,,,0,cancelled
2026-04-20 07:00,ord-000876,sell,74893.24,1776671135624,0,0,0,,,,0,cancelled
2026-04-20 07:00,ord-000877,buy,74913.10,1776671140624,0,0,0,,,,0,cancelled
2026-04-20 07:00,ord-000878,sell,74917.11,1776671140624,0,0,0,,,,0,cancelled
2026-04-20 07:00,ord-000879,buy,74916.56,1776671145624,0,0,0,,,,0,cancelled
2026-04-20 07:00,ord-000880,sell,74920.57,1776671145624,0,0,0,,,,0,cancelled
2026-04-20 07:00,ord-000881,buy,74925.01,1776671150624,0,0,0,,,,0,cancelled
2026-04-20 07:00,ord-000882,sell,74929.02,1776671150624,0,0,0,,,,0,cancelled
2026-04-20 07:00,ord-000883,buy,74948.78,1776671155624,0,0,0,,,,0,cancelled
2026-04-20 07:00,ord-000884,sell,74952.79,1776671155624,0,0,0,,,,0,cancelled
2026-04-20 07:00,ord-000885,buy,74955.52,1776671161024,0,0,0,,,,0,cancelled
2026-04-20 07:00,ord-000886,sell,74959.53,1776671161024,0,0,0,,,,0,cancelled
2026-04-20 07:00,ord-000887,buy,74961.56,1776671166024,0,0,0,,,,0,cancelled
2026-04-20 07:00,ord-000888,sell,74965.57,1776671166024,0,0,0,,,,0,cancelled
2026-04-20 07:00,ord-000889,buy,74970.52,1776671174824,0,0,0,,,,0,cancelled
2026-04-20 07:00,ord-000890,sell,74974.53,1776671174824,0,0,0,,,,0,cancelled
2026-04-20 07:00,ord-000891,buy,74966.63,1776671180224,0,0,0,,,,0,cancelled
2026-04-20 07:00,ord-000892,sell,74970.64,1776671180224,0.00300000,0,0.00300000,,,,0,cancelled
2026-04-20 07:00,ord-000893,buy,74964.75,1776671191724,0,0,0,,,,0,cancelled
2026-04-20 07:00,ord-000894,sell,74968.76,1776671191724,0.00300000,0,0.00300000,,,,0,cancelled
2026-04-20 07:00,ord-000895,buy,74960.83,1776671196724,0,0,0,,,,0,cancelled
2026-04-20 07:00,ord-000896,sell,74964.84,1776671196724,0,0,0,,,,0,cancelled
2026-04-20 07:00,ord-000897,buy,74976.68,1776671201724,0,0,0,,,,0,cancelled
2026-04-20 07:00,ord-000898,sell,74980.69,1776671201724,0,0,0,,,,0,cancelled
2026-04-20 07:00,ord-000899,buy,74979.59,1776671224028,0,0,0,,,,0,cancelled
2026-04-20 07:00,ord-000900,sell,74983.60,1776671224028,0,0,0,,,,0,cancelled
2026-04-20 07:00,ord-000901,buy,74979.68,1776671229124,0,0,0,,,,0,cancelled
2026-04-20 07:00,ord-000902,sell,74983.69,1776671229124,0,0,0,,,,0,cancelled
2026-04-20 07:00,ord-000903,buy,74984.54,1776671234124,0,0,0,,,,0,cancelled
2026-04-20 07:00,ord-000904,sell,74988.55,1776671234124,0,0,0,,,,0,cancelled
2026-04-20 07:00,ord-000905,buy,74978.00,1776671239124,0.00120000,0,0,,,,0,cancelled
2026-04-20 07:00,ord-000906,sell,74982.01,1776671239124,0,0,0,,,,0,cancelled
2026-04-20 07:00,ord-000907,buy,74982.57,1776671247324,0,0,0,,,,0,cancelled
2026-04-20 07:00,ord-000908,sell,74986.58,1776671247324,0,0,0,,,,0,cancelled
2026-04-20 07:00,ord-000909,buy,74993.74,1776671252324,0,0,0,,,,0,cancelled
2026-04-20 07:00,ord-000910,sell,74997.75,1776671252324,0,0,0,,,,0,cancelled
2026-04-20 07:00,ord-000911,buy,75000.70,1776671257324,0,0,0,,,,0,cancelled
2026-04-20 07:00,ord-000912,sell,75004.71,1776671257324,0,0,0,,,,0,cancelled
2026-04-20 07:00,ord-000913,buy,74996.77,1776671262324,0,0,0,,,,0,cancelled
2026-04-20 07:00,ord-000914,sell,75000.78,1776671262324,0,0,0,,,,0,cancelled
2026-04-20 07:00,ord-000915,buy,74989.27,1776671267324,0,0,0,,,,0,cancelled
2026-04-20 07:00,ord-000916,sell,74993.28,1776671267324,0,0,0,,,,0,cancelled
2026-04-20 07:00,ord-000917,buy,74995.95,1776671272324,0,0,0,,,,0,cancelled
2026-04-20 07:00,ord-000918,sell,74999.96,1776671272324,0,0,0,,,,0,cancelled
2026-04-20 07:00,ord-000919,buy,74990.50,1776671283024,0,0,0,,,,0,cancelled
2026-04-20 07:00,ord-000920,sell,74994.51,1776671283024,0,0,0,,,,0,cancelled
2026-04-20 07:00,ord-000921,buy,75005.19,1776671288024,0,0,0,,,,0,cancelled
2026-04-20 07:00,ord-000922,sell,75009.20,1776671288024,0,0,0,,,,0,cancelled
2026-04-20 07:00,ord-000923,buy,75014.43,1776671293024,0,0,0,,,,0,cancelled
2026-04-20 07:00,ord-000924,sell,75018.44,1776671293024,0,0,0,,,,0,cancelled
2026-04-20 07:00,ord-000925,buy,75013.80,1776671299324,0,0,0,,,,0,cancelled
2026-04-20 07:00,ord-000926,sell,75017.81,1776671299324,0,0,0,,,,0,cancelled
2026-04-20 07:00,ord-000927,buy,74996.44,1776671304324,0,0,0,,,,0,cancelled
2026-04-20 07:00,ord-000928,sell,75000.45,1776671304324,0,0,0,,,,0,cancelled
2026-04-20 07:00,ord-000929,buy,74996.45,1776671315424,0,0,0,,,,0,cancelled
2026-04-20 07:00,ord-000930,sell,75000.46,1776671315424,0,0,0,,,,0,cancelled
2026-04-20 07:00,ord-000931,buy,75003.91,1776671320424,0,0,0,,,,0,cancelled
2026-04-20 07:00,ord-000932,sell,75007.92,1776671320424,0.01325000,0,0,,,,0,cancelled
2026-04-20 07:00,ord-000933,buy,74997.26,1776671327524,0,0,0,,,,0,cancelled
2026-04-20 07:00,ord-000934,sell,75001.27,1776671327524,0,0,0,,,,0,cancelled
2026-04-20 07:00,ord-000935,buy,74997.27,1776671338924,0,0,0,,,,0,cancelled
2026-04-20 07:00,ord-000936,sell,75001.28,1776671338924,0,0,0,,,,0,cancelled
2026-04-20 07:00,ord-000937,buy,74976.68,1776671344832,0,0,0,,,,0,cancelled
2026-04-20 07:00,ord-000938,sell,74980.69,1776671344832,0,0,0,,,,0,cancelled
2026-04-20 07:00,ord-000939,buy,74951.01,1776671349924,0,0,0,,,,0,cancelled
2026-04-20 07:00,ord-000940,sell,74955.02,1776671349924,0,0,0,,,,0,cancelled
2026-04-20 07:00,ord-000941,buy,74944.00,1776671354924,0.00120000,0.00120000,0,,,,0,cancelled
2026-04-20 07:00,ord-000942,sell,74948.01,1776671354924,0,0,0,,,,0,cancelled
2026-04-20 07:00,ord-000943,buy,74915.67,1776671359924,0,0,0,,,,0,cancelled
2026-04-20 07:00,ord-000944,sell,74919.68,1776671359924,0,0,0,,,,0,cancelled
2026-04-20 07:00,ord-000945,buy,74915.20,1776671366724,0,0,0,,,,0,cancelled
2026-04-20 07:00,ord-000946,sell,74919.21,1776671366724,0,0,0,,,,0,cancelled
2026-04-20 07:00,ord-000947,buy,74901.36,1776671371724,0,0,0,,,,0,cancelled
2026-04-20 07:00,ord-000948,sell,74905.37,1776671371724,0,0,0,,,,0,cancelled
2026-04-20 07:00,ord-000949,buy,74854.62,1776671376724,0,0,0,,,,0,cancelled
2026-04-20 07:00,ord-000950,sell,74858.63,1776671376724,0,0,0,,,,0,cancelled
2026-04-20 07:00,ord-000951,buy,74854.61,1776671388824,0,0,0,,,,0,cancelled
2026-04-20 07:00,ord-000952,sell,74858.62,1776671388824,0,0,0,,,,0,cancelled
2026-04-20 07:00,ord-000953,buy,74853.59,1776671404024,0,0,0,,,,0,cancelled
2026-04-20 07:00,ord-000954,sell,74857.60,1776671404024,0,0,0,,,,0,cancelled
2026-04-20 07:00,ord-000955,buy,74747.50,1776671409024,0,0,0,,,,0,cancelled
2026-04-20 07:00,ord-000956,sell,74751.51,1776671409024,0.00408000,0.00408000,0,,,,0,cancelled
2026-04-20 07:00,ord-000957,buy,74765.94,1776671414024,0,0,0,,,,0,cancelled
2026-04-20 07:00,ord-000958,sell,74769.95,1776671414024,0,0,0,,,,0,cancelled
2026-04-20 07:00,ord-000959,buy,74746.07,1776671419024,0.00016000,0,0.00016000,,,,0,cancelled
2026-04-20 07:00,ord-000960,sell,74750.08,1776671419024,0,0,0,,,,0,cancelled
2026-04-20 07:00,ord-000961,buy,74705.91,1776671424024,0,0,0,,,,0,cancelled
2026-04-20 07:00,ord-000962,sell,74709.92,1776671424024,0,0,0,,,,0,cancelled
2026-04-20 07:00,ord-000963,buy,74697.00,1776671429024,0,0,0,,,,0,cancelled
2026-04-20 07:00,ord-000964,sell,74701.01,1776671429024,0,0,0,,,,0,cancelled
2026-04-20 07:00,ord-000965,buy,74706.01,1776671434024,0,0,0,,,,0,cancelled
2026-04-20 07:00,ord-000966,sell,74710.02,1776671434024,0,0,0,,,,0,cancelled
2026-04-20 07:00,ord-000967,buy,74742.82,1776671439024,0,0,0,,,,0,cancelled
2026-04-20 07:00,ord-000968,sell,74746.83,1776671439024,0,0,0,,,,0,cancelled
2026-04-20 07:00,ord-000969,buy,74772.13,1776671444024,0,0,0,,,,0,cancelled
2026-04-20 07:00,ord-000970,sell,74776.14,1776671444024,0,0,0,,,,0,cancelled
2026-04-20 07:00,ord-000971,buy,74762.81,1776671449024,0,0,0,,,,0,cancelled
2026-04-20 07:00,ord-000972,sell,74766.82,1776671449024,0,0,0,,,,0,cancelled
2026-04-20 07:00,ord-000973,buy,74760.47,1776671454624,0,0,0,,,,0,cancelled
2026-04-20 07:00,ord-000974,sell,74764.48,1776671454624,0,0,0,,,,0,cancelled
2026-04-20 07:00,ord-000975,buy,74766.80,1776671460724,0,0,0,,,,0,cancelled
2026-04-20 07:00,ord-000976,sell,74770.81,1776671460724,0,0,0,,,,0,cancelled
2026-04-20 07:00,ord-000977,buy,74785.80,1776671465724,0,0,0,,,,0,cancelled
2026-04-20 07:00,ord-000978,sell,74789.81,1776671465724,0,0,0,,,,0,cancelled
2026-04-20 07:00,ord-000979,buy,74835.19,1776671470724,0,0,0,,,,0,cancelled
2026-04-20 07:00,ord-000980,sell,74839.20,1776671470724,0,0,0,,,,0,cancelled
2026-04-20 07:00,ord-000981,buy,74825.48,1776671475724,0,0,0,,,,0,cancelled
2026-04-20 07:00,ord-000982,sell,74829.49,1776671475724,0,0,0,,,,0,cancelled
2026-04-20 07:00,ord-000983,buy,74816.72,1776671480724,0,0,0,,,,0,cancelled
2026-04-20 07:00,ord-000984,sell,74820.73,1776671480724,0,0,0,,,,0,cancelled
2026-04-20 07:00,ord-000985,buy,74816.77,1776671485724,0,0,0,,,,0,cancelled
2026-04-20 07:00,ord-000986,sell,74820.78,1776671485724,0,0,0,,,,0,cancelled
2026-04-20 07:00,ord-000987,buy,74829.51,1776671490724,0,0,0,,,,0,cancelled
2026-04-20 07:00,ord-000988,sell,74833.52,1776671490724,0,0,0,,,,0,cancelled
2026-04-20 07:00,ord-000989,buy,74826.48,1776671495725,0,0,0,,,,0,cancelled
2026-04-20 07:00,ord-000990,sell,74830.49,1776671495725,0,0,0,,,,0,cancelled
2026-04-20 07:00,ord-000991,buy,74823.09,1776671503224,0,0,0,,,,0,cancelled
2026-04-20 07:00,ord-000992,sell,74827.10,1776671503224,0,0,0,,,,0,cancelled
2026-04-20 07:00,ord-000993,buy,74822.02,1776671508224,0,0,0,,,,0,cancelled
2026-04-20 07:00,ord-000994,sell,74826.03,1776671508224,0,0,0,,,,0,cancelled
2026-04-20 07:00,ord-000995,buy,74819.89,1776671513224,0.00007000,0,0.00007000,,,,0,cancelled
2026-04-20 07:00,ord-000996,sell,74823.90,1776671513224,0,0,0,,,,0,cancelled
2026-04-20 07:00,ord-000997,buy,74835.20,1776671518224,0,0,0,,,,0,cancelled
2026-04-20 07:00,ord-000998,sell,74839.21,1776671518224,0,0,0,,,,0,cancelled
2026-04-20 07:00,ord-000999,buy,74841.18,1776671523224,0,0,0,,,,0,cancelled
2026-04-20 07:00,ord-001000,sell,74845.19,1776671523224,0,0,0,,,,0,cancelled
2026-04-20 07:00,ord-001001,buy,74835.28,1776671528225,0.00300000,0,0,,,,0,cancelled
2026-04-20 07:00,ord-001002,sell,74839.29,1776671528225,0,0,0,,,,0,cancelled
2026-04-20 07:00,ord-001003,buy,74842.82,1776671533324,0,0,0,,,,0,cancelled
2026-04-20 07:00,ord-001004,sell,74846.83,1776671533324,0,0,0,,,,0,cancelled
2026-04-20 07:00,ord-001005,buy,74836.32,1776671538424,0,0,0,,,,0,cancelled
2026-04-20 07:00,ord-001006,sell,74840.33,1776671538424,0,0,0,,,,0,cancelled
2026-04-20 07:00,ord-001007,buy,74832.49,1776671546324,0,0,0,,,,0,cancelled
2026-04-20 07:00,ord-001008,sell,74836.50,1776671546324,0,0,0,,,,0,cancelled
2026-04-20 07:00,ord-001009,buy,74821.34,1776671551324,0,0,0,,,,0,cancelled
2026-04-20 07:00,ord-001010,sell,74825.35,1776671551324,0,0,0,,,,0,cancelled
2026-04-20 07:00,ord-001011,buy,74805.04,1776671556324,0,0,0,,,,0,cancelled
2026-04-20 07:00,ord-001012,sell,74809.05,1776671556324,0,0,0,,,,0,cancelled
2026-04-20 07:00,ord-001013,buy,74801.89,1776671561324,0,0,0,,,,0,cancelled
2026-04-20 07:00,ord-001014,sell,74805.90,1776671561324,0,0,0,,,,0,cancelled
2026-04-20 07:00,ord-001015,buy,74788.64,1776671569532,0,0,0,,,,0,cancelled
2026-04-20 07:00,ord-001016,sell,74792.65,1776671569532,0,0,0,,,,0,cancelled
2026-04-20 07:00,ord-001017,buy,74781.16,1776671574624,0,0,0,,,,0,cancelled
2026-04-20 07:00,ord-001018,sell,74785.17,1776671574624,0,0,0,,,,0,cancelled
2026-04-20 07:00,ord-001019,buy,74790.10,1776671579624,0,0,0,,,,0,cancelled
2026-04-20 07:00,ord-001020,sell,74794.11,1776671579624,0,0,0,,,,0,cancelled
2026-04-20 07:00,ord-001021,buy,74785.80,1776671585724,0,0,0,,,,0,cancelled
2026-04-20 07:00,ord-001022,sell,74789.81,1776671585724,0,0,0,,,,0,cancelled
2026-04-20 07:00,ord-001023,buy,74762.35,1776671590724,0,0,0,,,,0,cancelled
2026-04-20 07:00,ord-001024,sell,74766.36,1776671590724,0,0,0,,,,0,cancelled
2026-04-20 07:00,ord-001025,buy,74775.52,1776671595725,0,0,0,,,,0,cancelled
2026-04-20 07:00,ord-001026,sell,74779.53,1776671595725,0,0,0,,,,0,cancelled
2026-04-20 07:00,ord-001027,buy,74763.87,1776671600824,0,0,0,,,,0,cancelled
2026-04-20 07:00,ord-001028,sell,74767.88,1776671600824,0,0,0,,,,0,cancelled
2026-04-20 07:00,ord-001029,buy,74763.86,1776671605824,0,0,0,,,,0,cancelled
2026-04-20 07:00,ord-001030,sell,74767.87,1776671605824,0,0,0,,,,0,cancelled
2026-04-20 07:00,ord-001031,buy,74764.87,1776671621532,0,0,0,,,,0,cancelled
2026-04-20 07:00,ord-001032,sell,74768.88,1776671621532,0,0,0,,,,0,cancelled
2026-04-20 07:00,ord-001033,buy,74770.11,1776671626624,0,0,0,,,,0,cancelled
2026-04-20 07:00,ord-001034,sell,74774.12,1776671626624,0,0,0,,,,0,cancelled
2026-04-20 07:00,ord-001035,buy,74788.96,1776671631624,0,0,0,,,,0,cancelled
2026-04-20 07:00,ord-001036,sell,74792.97,1776671631624,0,0,0,,,,0,cancelled
2026-04-20 07:00,ord-001037,buy,74763.86,1776671636624,0,0,0,,,,0,cancelled
2026-04-20 07:00,ord-001038,sell,74767.87,1776671636624,0,0,0,,,,0,cancelled
2026-04-20 07:00,ord-001039,buy,74761.77,1776671641624,0,0,0,,,,0,cancelled
2026-04-20 07:00,ord-001040,sell,74765.78,1776671641624,0,0,0,,,,0,cancelled
2026-04-20 07:00,ord-001041,buy,74742.73,1776671646624,0,0,0,,,,0,cancelled
2026-04-20 07:00,ord-001042,sell,74746.74,1776671646624,0,0,0,,,,0,cancelled
2026-04-20 07:00,ord-001043,buy,74718.93,1776671651624,0,0,0,,,,0,cancelled
2026-04-20 07:00,ord-001044,sell,74722.94,1776671651624,0,0,0,,,,0,cancelled
2026-04-20 07:00,ord-001045,buy,74733.36,1776671656624,0,0,0,,,,0,cancelled
2026-04-20 07:00,ord-001046,sell,74737.37,1776671656624,0,0,0,,,,0,cancelled
2026-04-20 07:00,ord-001047,buy,74731.61,1776671685424,0,0,0,,,,0,cancelled
2026-04-20 07:00,ord-001048,sell,74735.62,1776671685424,0,0,0,,,,0,cancelled
2026-04-20 07:00,ord-001049,buy,74717.66,1776671690424,0,0,0,,,,0,cancelled
2026-04-20 07:00,ord-001050,sell,74721.67,1776671690424,0,0,0,,,,0,cancelled
2026-04-20 07:00,ord-001051,buy,74707.29,1776671695424,0,0,0,,,,0,cancelled
2026-04-20 07:00,ord-001052,sell,74711.30,1776671695424,0.00007000,0,0.00007000,,,,0,cancelled
2026-04-20 07:00,ord-001053,buy,74709.30,1776671700824,0.73398000,0.1455644190064794816414686825,0.5884155809935205183585313175,1776671701984,0.0974044190064794816414686825,0.0000000000000000000000000000,0.001,filled
2026-04-20 07:00,ord-001054,sell,74713.31,1776671700824,0,0,0,,,,0,cancelled
2026-04-20 07:00,ord-001055,buy,74703.95,1776671702024,0,0,0,,,,0,cancelled
2026-04-20 07:00,ord-001056,sell,74707.96,1776671702024,0,0,0,,,,0,cancelled
2026-04-20 07:00,ord-001057,buy,74682.29,1776671707024,0,0,0,,,,0,cancelled
2026-04-20 07:00,ord-001058,sell,74686.30,1776671707024,0,0,0,,,,0,cancelled
2026-04-20 07:00,ord-001059,buy,74670.61,1776671712024,0,0,0,,,,0,cancelled
2026-04-20 07:00,ord-001060,sell,74674.62,1776671712024,0,0,0,,,,0,cancelled
2026-04-20 07:00,ord-001061,buy,74677.99,1776671717024,0,0,0,,,,0,cancelled
2026-04-20 07:00,ord-001062,sell,74682.00,1776671717024,0.00080000,0.00080000,0,1776671718245,0.00080000,0.00000000,0.00040000,cancelled
2026-04-20 07:00,ord-001063,buy,74709.50,1776671722024,0,0,0,,,,0,cancelled
2026-04-20 07:00,ord-001064,sell,74713.51,1776671722024,0,0,0,,,,0,cancelled
2026-04-20 07:00,ord-001065,buy,74712.85,1776671727024,0,0,0,,,,0,cancelled
2026-04-20 07:00,ord-001066,sell,74716.86,1776671727024,0,0,0,,,,0,cancelled
2026-04-20 07:00,ord-001067,buy,74720.45,1776671732024,0,0,0,,,,0,cancelled
2026-04-20 07:00,ord-001068,sell,74724.46,1776671732024,0,0,0,,,,0,cancelled
2026-04-20 07:00,ord-001069,buy,74742.01,1776671737024,0,0,0,,,,0,cancelled
2026-04-20 07:00,ord-001070,sell,74746.02,1776671737024,0,0,0,,,,0,cancelled
2026-04-20 07:00,ord-001071,buy,74743.10,1776671742024,0,0,0,,,,0,cancelled
2026-04-20 07:00,ord-001072,sell,74747.11,1776671742024,0,0,0,,,,0,cancelled
2026-04-20 07:00,ord-001073,buy,74732.11,1776671749224,0,0,0,,,,0,cancelled
2026-04-20 07:00,ord-001074,sell,74736.12,1776671749224,0,0,0,,,,0,cancelled
2026-04-20 07:00,ord-001075,buy,74738.38,1776671754224,0,0,0,,,,0,cancelled
2026-04-20 07:00,ord-001076,sell,74742.39,1776671754224,0,0,0,,,,0,cancelled
2026-04-20 07:00,ord-001077,buy,74731.45,1776671759724,0,0,0,,,,0,cancelled
2026-04-20 07:00,ord-001078,sell,74735.46,1776671759724,0,0,0,,,,0,cancelled
2026-04-20 07:00,ord-001079,buy,74750.48,1776671764724,0,0,0,,,,0,cancelled
2026-04-20 07:00,ord-001080,sell,74754.49,1776671764724,0,0,0,,,,0,cancelled
2026-04-20 07:00,ord-001081,buy,74756.08,1776671769724,0,0,0,,,,0,cancelled
2026-04-20 07:00,ord-001082,sell,74760.09,1776671769724,0,0,0,,,,0,cancelled
2026-04-20 07:00,ord-001083,buy,74762.62,1776671774724,0,0,0,,,,0,cancelled
2026-04-20 07:00,ord-001084,sell,74766.63,1776671774724,0,0,0,,,,0,cancelled
2026-04-20 07:00,ord-001085,buy,74762.63,1776671779725,0,0,0,,,,0,cancelled
2026-04-20 07:00,ord-001086,sell,74766.64,1776671779725,0,0,0,,,,0,cancelled
2026-04-20 07:00,ord-001087,buy,74769.60,1776671794324,0,0,0,,,,0,cancelled
2026-04-20 07:00,ord-001088,sell,74773.61,1776671794324,0,0,0,,,,0,cancelled
2026-04-20 07:00,ord-001089,buy,74763.80,1776671799324,0,0,0,,,,0,cancelled
2026-04-20 07:00,ord-001090,sell,74767.81,1776671799324,0,0,0,,,,0,cancelled
2026-04-20 07:00,ord-001091,buy,74769.60,1776671804324,0,0,0,,,,0,cancelled
2026-04-20 07:00,ord-001092,sell,74773.61,1776671804324,0,0,0,,,,0,cancelled
2026-04-20 07:00,ord-001093,buy,74773.35,1776671809324,0,0,0,,,,0,cancelled
2026-04-20 07:00,ord-001094,sell,74777.36,1776671809324,0,0,0,,,,0,cancelled
2026-04-20 07:00,ord-001095,buy,74781.05,1776671814324,0,0,0,,,,0,cancelled
2026-04-20 07:00,ord-001096,sell,74785.06,1776671814324,0,0,0,,,,0,cancelled
2026-04-20 07:00,ord-001097,buy,74779.10,1776671819324,0,0,0,,,,0,cancelled
2026-04-20 07:00,ord-001098,sell,74783.11,1776671819324,0,0,0,,,,0,cancelled
2026-04-20 07:00,ord-001099,buy,74785.79,1776671860324,0,0,0,,,,0,cancelled
2026-04-20 07:00,ord-001100,sell,74789.80,1776671860324,0,0,0,1776671861913,0,0,0.001,filled
2026-04-20 07:00,ord-001101,buy,74793.82,1776671861924,0,0,0,,,,0,cancelled
2026-04-20 07:00,ord-001102,sell,74797.83,1776671861924,0,0,0,,,,0,cancelled
2026-04-20 07:00,ord-001103,buy,74787.77,1776671870824,0,0,0,,,,0,cancelled
2026-04-20 07:00,ord-001104,sell,74791.78,1776671870824,0,0,0,,,,0,cancelled
2026-04-20 07:00,ord-001105,buy,74787.08,1776671875824,0,0,0,,,,0,cancelled
2026-04-20 07:00,ord-001106,sell,74791.09,1776671875824,0,0,0,,,,0,cancelled
2026-04-20 07:00,ord-001107,buy,74793.82,1776671881824,0,0,0,,,,0,cancelled
2026-04-20 07:00,ord-001108,sell,74797.83,1776671881824,0,0,0,,,,0,cancelled
2026-04-20 07:00,ord-001109,buy,74795.69,1776671886824,0,0,0,,,,0,cancelled
2026-04-20 07:00,ord-001110,sell,74799.70,1776671886824,0,0,0,,,,0,cancelled
2026-04-20 07:00,ord-001111,buy,74785.78,1776671891824,0,0,0,,,,0,cancelled
2026-04-20 07:00,ord-001112,sell,74789.79,1776671891824,0,0,0,,,,0,cancelled
2026-04-20 07:00,ord-001113,buy,74772.82,1776671896824,0,0,0,,,,0,cancelled
2026-04-20 07:00,ord-001114,sell,74776.83,1776671896824,0,0,0,,,,0,cancelled
2026-04-20 07:00,ord-001115,buy,74771.89,1776671905224,0,0,0,,,,0,cancelled
2026-04-20 07:00,ord-001116,sell,74775.90,1776671905224,0,0,0,,,,0,cancelled
2026-04-20 07:00,ord-001117,buy,74766.51,1776671910224,0,0,0,,,,0,cancelled
2026-04-20 07:00,ord-001118,sell,74770.52,1776671910224,0,0,0,,,,0,cancelled
2026-04-20 07:00,ord-001119,buy,74776.39,1776671927324,0,0,0,,,,0,cancelled
2026-04-20 07:00,ord-001120,sell,74780.40,1776671927324,0,0,0,,,,0,cancelled
2026-04-20 07:00,ord-001121,buy,74766.51,1776671932924,0,0,0,,,,0,cancelled
2026-04-20 07:00,ord-001122,sell,74770.52,1776671932924,0,0,0,,,,0,cancelled
2026-04-20 07:00,ord-001123,buy,74768.12,1776671940024,0,0,0,,,,0,cancelled
2026-04-20 07:00,ord-001124,sell,74772.13,1776671940024,0,0,0,,,,0,cancelled
2026-04-20 07:00,ord-001125,buy,74800.06,1776671945024,0,0,0,,,,0,cancelled
2026-04-20 07:00,ord-001126,sell,74804.07,1776671945024,0,0,0,,,,0,cancelled
2026-04-20 07:00,ord-001127,buy,74801.99,1776671950524,0,0,0,,,,0,cancelled
2026-04-20 07:00,ord-001128,sell,74806.00,1776671950524,0.00120000,0,0,,,,0,cancelled
2026-04-20 07:00,ord-001129,buy,74803.36,1776671955524,0,0,0,,,,0,cancelled
2026-04-20 07:00,ord-001130,sell,74807.37,1776671955524,0,0,0,,,,0,cancelled
2026-04-20 07:00,ord-001131,buy,74804.95,1776671964724,0,0,0,,,,0,cancelled
2026-04-20 07:00,ord-001132,sell,74808.96,1776671964724,0,0,0,,,,0,cancelled
2026-04-20 07:00,ord-001133,buy,74803.48,1776671969724,0,0,0,,,,0,cancelled
2026-04-20 07:00,ord-001134,sell,74807.49,1776671969724,0,0,0,,,,0,cancelled
2026-04-20 07:00,ord-001135,buy,74807.99,1776671974724,0,0,0,,,,0,cancelled
2026-04-20 07:00,ord-001136,sell,74812.00,1776671974724,0,0,0,,,,0,cancelled
2026-04-20 07:00,ord-001137,buy,74824.65,1776671979724,0,0,0,,,,0,cancelled
2026-04-20 07:00,ord-001138,sell,74828.66,1776671979724,0,0,0,,,,0,cancelled
2026-04-20 07:00,ord-001139,buy,74809.67,1776671984724,0,0,0,,,,0,cancelled
2026-04-20 07:00,ord-001140,sell,74813.68,1776671984724,0,0,0,,,,0,cancelled
2026-04-20 07:00,ord-001141,buy,74814.15,1776671991724,0,0,0,,,,0,cancelled
2026-04-20 07:00,ord-001142,sell,74818.16,1776671991724,0,0,0,,,,0,cancelled
2026-04-20 07:00,ord-001143,buy,74830.41,1776671996724,0,0,0,,,,0,expired
2026-04-20 07:00,ord-001144,sell,74834.42,1776671996724,0,0,0,,,,0,expired
